レースID(新),日付S,曜日,場所,開催,R,レース名,クラス名,芝・ダート,距離,コース区分,コーナー回数,馬場状態(暫定),天候(暫定),フルゲート頭数,発走時刻,性別限定,重量種別,年齢限定
2026081601010801,2026.8.16,日,札幌,1札8,1,,未勝利,ダート,1700,,4,良(暫定),晴(暫定),14,10:00,牝,馬齢,３歳
枠番,B,番,印,M2,M3,M4,馬名S,Ｃ,性別,年齢,間隔,月,日,場所,TD,距離,馬場状態,着順,人気,ﾚｰｽ名･1走前,上り3F,決手,前走間隔,月,日,場所,TD,距離,馬場状態,着順,人気,ﾚｰｽ名･2走前,上り3F,決手,前走間隔,月,日,場所,TD,距離,馬場状態,着順,人気,ﾚｰｽ名･3走前,上り3F,決手,前走間隔,月,日,場所,TD,距離,馬場状態,着順,人気,ﾚｰｽ名･4走前,上り3F,決手,前走間隔,月,日,場所,TD,距離,馬場状態,着順,人気,ﾚｰｽ名･5走前,上り3F,決手,前走間隔
1,B,1,,,,,テンレッドサン,,牝,3,7,6,28,函館,D,1700,稍,3,1,未勝利,37.9,先行,2,6,13,函館,D,1700,稍,3,1,未勝利・牝,38.3,差し,15,2,28,小倉,D,1700,不,2,6,未勝利・牝,37.2,先行,14,11,22,京都,D,1800,良,7,7,未勝利*,39.3,中団,2,11,9,東京,D,1600,稍,6,7,新馬,37.7,中団,初
2,,2,,,,,ルナティックブルー,,牝,3,3,7,25,札幌,T,1800,良,12,5,未勝利,36.8,中団,3,7,5,函館,T,2000,良,6,9,未勝利,35.9,逃げ,2,6,20,函館,T,1800,良,3,9,未勝利・牝,36.0,差し,4,5,23,京都,T,1800,良,5,12,未勝利・牝,35.5,後方,7,4,4,阪神,T,1400,良,12,18,未勝利,35.0,後方,10
3,B,3,,,,,ウォータースパウト,,牝,3,5,7,11,函館,D,1700,重,止,3,未勝利・牝,----,,連,7,4,函館,D,1700,良,3,4,未勝利・牝,38.5,先行,2,6,20,函館,D,1700,良,3,6,未勝利・牝,38.8,先行,7,5,3,東京,D,1600,稍,9,6,未勝利・牝,39.1,先行,2,4,19,中山,D,1800,良,7,5,未勝利・牝,38.9,中団,15
3,,4,,,,,アインプロージット,,牝,3,2,8,2,札幌,D,1700,良,14,10,未勝利・牝,41.1,後方,3,7,11,福島,D,1700,良,5,8,未勝利・牝,38.8,中団,15,3,28,中山,D,1200,重,12,10,未勝利・牝,38.2,後方,初,,,,,,,,,,,,,,,,,,,,,,,,
4,,5,,,,,ルージュリヴィエラ,,牝,3,4,7,19,函館,D,1700,不,2,4,未勝利,38.2,先行,2,7,4,函館,D,1700,良,2,8,未勝利・牝,38.3,先行,6,5,24,東京,D,1400,稍,8,8,未勝利・牝,37.6,中団,4,4,26,東京,D,1400,稍,6,4,未勝利・牝,37.8,先行,11,2,7,東京,D,1400,良,6,2,未勝利・牝,38.4,中団,10
4,,6,,,,,イセッセイ,,牝,3,5,7,11,福島,D,1700,良,13,13,未勝利・牝,39.1,後方,9,5,10,東京,D,1600,良,9,16,未勝利・牝,37.8,後方,4,4,15,笠松,D,1400,稍,4,7,鵜沼宿,----,先行,5,3,7,中山,D,1200,重,15,16,未勝利,38.7,後方,6,1,25,中山,D,1200,良,12,16,未勝利,39.4,後方,3
5,,7,,,,,フィエスタ,,牝,3,4,7,19,函館,T,2000,重,12,11,未勝利,39.8,後方,連,7,12,函館,T,2000,重,7,6,未勝利・牝,38.8,中団,7,5,24,京都,T,1600,良,12,7,未勝利,35.8,中団,22,12,20,阪神,T,1600,良,9,10,新馬・牝,33.6,中団,初,,,,,,,,,,,,
5,B,8,,,,,セントピュアベース,,牝,3,6,7,4,小倉,D,1700,不,10,7,未勝利・牝,39.7,中団,3,6,14,阪神,D,1800,良,5,8,未勝利・牝,39.2,ﾏｸﾘ,3,5,24,京都,D,1800,良,6,7,未勝利・牝,39.8,中団,3,5,3,京都,D,1800,稍,8,11,未勝利・牝,39.1,中団,4,4,7,川崎,D,1500,重,4,3,エイプ,----,先行,17
6,,9,,,,,アリディプラチノ,,牝,3,3,7,26,中京,T,1200,良,11,12,未勝利,34.2,後方,2,7,12,小倉,T,1200,良,8,13,未勝利・牝,35.5,中団,7,5,24,京都,D,1800,良,9,8,未勝利・牝,40.4,中団,3,5,2,新潟,D,1200,不,8,8,未勝利・若,39.3,中団,8,3,8,阪神,D,1200,良,9,5,未勝利,37.3,後方,11
6,,10,,,,,プルーフリーディン,,牝,3,3,7,26,札幌,D,1700,良,3,1,未勝利・牝,38.5,ﾏｸﾘ,4,6,27,函館,D,1700,重,2,5,未勝利・牝,37.3,先行,4,5,31,京都,D,1800,良,4,5,未勝利・牝,38.6,先行,4,5,3,京都,D,1800,稍,5,6,未勝利・牝,38.2,中団,3,4,11,阪神,D,1800,重,5,3,未勝利・牝,39.4,中団,10
7,,11,,,,,ハピネスドリーム,,牝,3,4,7,19,福島,D,1700,良,8,9,未勝利・牝,40.2,中団,12,4,25,東京,D,1600,稍,11,6,未勝利・牝,40.8,後方,初,,,,,,,,,,,,,,,,,,,,,,,,,,,,,,,,,,,,
7,,12,,,,,フローズンクイーン,,牝,3,3,7,25,札幌,T,1500,良,12,10,未勝利・牝,36.0,後方,初,,,,,,,,,,,,,,,,,,,,,,,,,,,,,,,,,,,,,,,,,,,,,,,,
8,,13,,,,,ストリートクイーン,,牝,3,2,8,2,札幌,D,1700,良,3,2,未勝利・牝,39.4,先行,4,7,4,函館,D,1700,良,2,7,未勝利,37.5,先行,2,6,20,函館,D,1700,良,6,5,未勝利・牝,38.3,中団,7,5,3,京都,D,1400,稍,7,4,未勝利・牝,37.3,中団,2,4,19,福島,D,1700,良,5,2,未勝利,39.7,逃げ,4
8,,14,,,,,マスカルポーネ,,牝,3,4,7,19,函館,D,1700,不,8,9,未勝利,39.1,中団,2,7,4,函館,D,1700,良,8,6,未勝利・牝,41.2,中団,4,6,7,東京,D,2100,良,11,8,未勝利,41.7,逃げ,4,5,10,新潟,D,1800,良,2,3,未勝利・牝,40.3,先行,3,4,19,福島,D,1700,良,4,8,未勝利・牝,39.2,差し,3
レースID(新),日付S,曜日,場所,開催,R,レース名,クラス名,芝・ダート,距離,コース区分,コーナー回数,馬場状態(暫定),天候(暫定),フルゲート頭数,発走時刻,性別限定,重量種別,年齢限定
2026081601010802,2026.8.16,日,札幌,1札8,2,,未勝利,芝,1200,A,2,良(暫定),晴(暫定),16,10:30,,馬齢,２歳
枠番,B,番,印,M2,M3,M4,馬名S,Ｃ,性別,年齢,間隔,月,日,場所,TD,距離,馬場状態,着順,人気,ﾚｰｽ名･1走前,上り3F,決手,前走間隔,月,日,場所,TD,距離,馬場状態,着順,人気,ﾚｰｽ名･2走前,上り3F,決手,前走間隔,月,日,場所,TD,距離,馬場状態,着順,人気,ﾚｰｽ名･3走前,上り3F,決手,前走間隔,月,日,場所,TD,距離,馬場状態,着順,人気,ﾚｰｽ名･4走前,上り3F,決手,前走間隔,月,日,場所,TD,距離,馬場状態,着順,人気,ﾚｰｽ名･5走前,上り3F,決手,前走間隔
1,,1,,,,,リアルクウカイ,,牡,2,3,7,26,札幌,D,1000,良,9,7,未勝利*,37.0,後方,3,7,4,函館,D,1000,良,2,5,新馬,37.1,逃げ,初,,,,,,,,,,,,,,,,,,,,,,,,,,,,,,,,,,,,
2,,2,,,,,ゴートゥービッツン,,牝,2,連,8,8,札幌,T,1500,稍,12,12,未勝利*,37.4,中団,3,7,19,函館,T,1200,重,6,8,未勝利*,36.6,先行,2,7,4,函館,T,1200,良,6,9,未勝利・牝*,35.1,中団,2,6,21,函館,T,1200,良,7,10,新馬,35.0,後方,初,,,,,,,,,,,,
3,,3,,,,,タイフーンナイン,,牝,2,4,7,19,函館,T,1200,重,2,2,未勝利*,36.4,逃げ,5,6,14,函館,T,1000,良,2,3,新馬,33.7,先行,初,,,,,,,,,,,,,,,,,,,,,,,,,,,,,,,,,,,,
4,,4,,,,,テイクケア,,牝,2,3,7,25,札幌,T,1200,良,7,7,未勝利*,35.3,後方,3,7,4,函館,T,1200,良,5,7,未勝利・牝*,34.9,中団,3,6,14,函館,T,1000,良,5,8,新馬,34.2,中団,初,,,,,,,,,,,,,,,,,,,,,,,,
5,,5,,,,,リアルジャパン,,牡,2,連,8,8,札幌,T,1500,稍,10,6,未勝利*,37.1,先行,3,7,19,函館,T,1200,重,3,6,未勝利*,35.8,追込,2,7,5,函館,T,1200,良,4,8,未勝利*,35.4,追込,2,6,21,函館,T,1200,良,8,6,新馬,35.5,先行,初,,,,,,,,,,,,
6,,6,,,,,キチロクタワー,,牡,2,4,7,19,函館,T,1200,重,4,3,未勝利*,36.6,先行,2,7,5,函館,T,1200,良,3,4,未勝利*,35.5,先行,2,6,21,函館,T,1200,良,3,9,新馬,34.7,追込,初,,,,,,,,,,,,,,,,,,,,,,,,
7,,7,,,,,スクレイプバイ,,牡,2,2,8,1,札幌,T,1500,稍,10,9,新馬,38.3,先行,初,,,,,,,,,,,,,,,,,,,,,,,,,,,,,,,,,,,,,,,,,,,,,,,,
8,,8,,,,,モミスケ,,牡,2,3,7,25,新潟,D,1200,稍,10,10,新馬,38.1,後方,初,,,,,,,,,,,,,,,,,,,,,,,,,,,,,,,,,,,,,,,,,,,,,,,,
レースID(新),日付S,曜日,場所,開催,R,レース名,クラス名,芝・ダート,距離,コース区分,コーナー回数,馬場状態(暫定),天候(暫定),フルゲート頭数,発走時刻,性別限定,重量種別,年齢限定
2026081601010803,2026.8.16,日,札幌,1札8,3,,1勝,芝,1800,A,4,良(暫定),晴(暫定),14,11:00,,定量,３上
枠番,B,番,印,M2,M3,M4,馬名S,Ｃ,性別,年齢,間隔,月,日,場所,TD,距離,馬場状態,着順,人気,ﾚｰｽ名･1走前,上り3F,決手,前走間隔,月,日,場所,TD,距離,馬場状態,着順,人気,ﾚｰｽ名･2走前,上り3F,決手,前走間隔,月,日,場所,TD,距離,馬場状態,着順,人気,ﾚｰｽ名･3走前,上り3F,決手,前走間隔,月,日,場所,TD,距離,馬場状態,着順,人気,ﾚｰｽ名･4走前,上り3F,決手,前走間隔,月,日,場所,TD,距離,馬場状態,着順,人気,ﾚｰｽ名･5走前,上り3F,決手,前走間隔
1,,1,,,,,ゴールドジェスター,,セ,4,2,8,1,札幌,T,1800,稍,4,7,１勝ｸﾗｽ,35.6,差し,14,4,26,福島,T,2000,良,9,9,飯盛山特･1勝,35.3,後方,10,2,15,小倉,T,2000,稍,8,9,１勝ｸﾗｽ,35.7,後方,連,2,7,小倉,T,2000,稍,3,12,戸畑特別･1勝,35.7,追込,2,1,24,小倉,T,2600,良,14,13,１勝ｸﾗｽ,35.7,後方,12
2,,2,,,,,ライフイズカラフル,,牡,3,2,8,1,札幌,T,1800,稍,1,3,未勝利,35.3,先行,6,6,20,阪神,T,1800,稍,7,9,未勝利,35.1,先行,8,4,25,京都,D,1400,稍,8,4,未勝利,39.7,先行,2,4,11,阪神,D,1400,重,5,5,未勝利,38.6,先行,8,2,15,小倉,D,1700,稍,3,7,未勝利,38.6,逃げ,3
3,,3,,,,,マイバラード,,牡,6,2,8,1,札幌,T,1800,稍,7,6,１勝ｸﾗｽ,35.9,中団,2,7,18,函館,T,1800,良,7,13,湯浜特別･1勝,35.5,後方,2,7,4,函館,T,1800,良,6,7,恵山特別･1勝,34.9,中団,2,6,21,函館,T,1800,良,3,9,１勝ｸﾗｽ,34.6,追込,16,3,1,小倉,T,2000,良,11,16,唐戸特別･1勝,36.1,先行,連
3,,4,,,,,トクシージェネラル,,牡,5,11,5,31,東京,T,1800,良,9,8,１勝ｸﾗｽ,34.8,中団,5,4,25,福島,D,1700,良,12,10,１勝ｸﾗｽ,39.7,後方,10,2,15,小倉,D,1700,稍,9,8,１勝ｸﾗｽ,40.9,逃げ,2,1,31,小倉,D,1700,良,15,10,１勝ｸﾗｽ,41.0,先行,15,10,18,新潟,D,1800,良,12,6,１勝ｸﾗｽ,41.3,逃げ,33
4,,5,,,,,ハヤブササキチャン,,牝,3,2,8,1,札幌,T,1500,稍,3,4,１勝ｸﾗｽ・牝,34.3,差し,10,5,24,京都,T,1600,良,1,1,未勝利,35.1,先行,4,4,25,京都,T,1800,良,2,1,未勝利・牝,34.7,先行,5,3,21,阪神,T,1600,良,3,1,未勝利,33.7,差し,10,1,10,京都,T,1600,良,2,4,未勝利・牝,35.4,差し,3
4,,6,,,,,ブランドブラン,,牡,3,17,4,18,福島,T,1800,良,1,2,未勝利・若,34.6,先行,9,2,15,小倉,T,1800,稍,2,2,未勝利,35.4,先行,8,12,21,阪神,D,1800,稍,8,4,未勝利*,39.3,中団,2,12,6,阪神,D,1800,良,4,2,未勝利*,38.2,差し,11,9,21,阪神,D,1800,良,3,1,新馬,37.2,先行,初
5,,7,,,,,レダアトミカ,,牝,3,8,6,21,函館,T,2000,良,12,3,遊楽部特･1勝,37.1,後方,10,4,12,阪神,T,2000,良,3,8,忘れな草(L),35.9,差し,12,1,17,中山,T,2000,良,1,1,未勝利,35.1,ﾏｸﾘ,12,10,26,東京,T,1800,稍,3,1,新馬,33.7,差し,初,,,,,,,,,,,,
5,,8,,,,,ブルースカイブルー,,牡,3,2,8,1,札幌,T,1800,稍,5,2,１勝ｸﾗｽ,36.0,先行,11,5,17,東京,T,1600,良,4,3,１勝ｸﾗｽ*,34.0,先行,3,4,26,東京,T,1600,良,5,4,１勝ｸﾗｽ*,32.5,後方,5,3,22,中京,T,1600,良,3,4,フローラ･1勝,33.7,ﾏｸﾘ,7,2,1,東京,T,1800,良,8,6,セントポ･1勝,32.8,後方,7
6,,9,,,,,クラシカルカイザー,,牡,4,11,6,3,園田,D,1870,重,2,2,Ｃ１　,----,先行,4,5,4,園田,D,1700,重,1,1,Ｃ２　,----,先行,15,1,15,園田,D,1700,良,1,1,Ｃ１　,----,先行,3,12,29,園田,D,1400,稍,2,1,能見篤,----,先行,4,12,3,園田,D,1400,良,1,1,Ｃ２二,----,先行,11
6,,10,,,,,クリスレジーナ,,牝,3,3,7,26,札幌,T,2000,良,3,1,厚岸特別･1勝,35.4,逃げ,2,7,11,函館,T,2000,稍,9,1,北斗特別･1勝,36.2,中団,3,6,21,函館,T,2000,良,2,5,遊楽部特･1勝,35.7,先行,7,5,2,京都,T,2200,良,3,3,矢車賞･1勝*,34.1,差し,6,3,21,中山,T,1800,良,10,7,フラワーG3,33.7,後方,9
7,B,11,,,,,テンレディーゴー,,牡,3,3,7,25,札幌,T,1800,良,1,10,未勝利,35.4,先行,3,7,5,函館,T,2000,良,7,11,未勝利,36.1,先行,連,6,28,函館,T,2000,良,10,16,未勝利,36.2,後方,9,4,25,東京,D,2100,稍,11,8,未勝利,38.9,後方,5,3,21,中山,D,1800,良,9,6,未勝利,41.1,中団,6
7,,12,,,,,カーフキック,,セ,4,6,7,4,函館,D,1700,良,6,3,１勝ｸﾗｽ,37.8,後方,12,4,12,福島,D,1700,良,10,4,１勝ｸﾗｽ,39.9,先行,16,12,20,中京,D,1800,稍,10,1,１勝ｸﾗｽ,38.6,中団,8,10,25,新潟,D,1800,良,3,4,１勝ｸﾗｽ,37.4,差し,10,8,16,新潟,D,1800,良,1,1,未勝利,39.0,先行,4
8,,13,,,,,コウギョク,,牝,3,4,7,18,函館,T,1800,良,6,8,湯浜特別･1勝,35.7,中団,12,4,26,東京,T,2000,良,12,11,フローラG2,34.3,中団,8,2,28,中山,T,2200,良,8,4,水仙賞･1勝*,37.5,後方,21,10,5,京都,T,1800,稍,1,2,新馬,34.7,逃げ,初,,,,,,,,,,,,
8,,14,,,,,ナムラヒナギク,,牝,3,3,7,25,札幌,T,1800,良,3,4,１勝ｸﾗｽ・牝,35.1,ﾏｸﾘ,2,7,11,函館,T,1800,稍,3,7,１勝ｸﾗｽ・牝,34.3,追込,2,6,28,函館,T,1800,良,8,5,臥牛山特･1勝,36.3,先行,2,6,14,函館,T,1800,良,3,4,八雲特別･1勝,34.5,差し,3,5,23,京都,T,1600,良,6,10,メルボル･1勝,34.8,先行,2
レースID(新),日付S,曜日,場所,開催,R,レース名,クラス名,芝・ダート,距離,コース区分,コーナー回数,馬場状態(暫定),天候(暫定),フルゲート頭数,発走時刻,性別限定,重量種別,年齢限定
2026081601010804,2026.8.16,日,札幌,1札8,4,,未勝利,ダート,1700,,4,良(暫定),晴(暫定),14,11:30,,馬齢,３歳
枠番,B,番,印,M2,M3,M4,馬名S,Ｃ,性別,年齢,間隔,月,日,場所,TD,距離,馬場状態,着順,人気,ﾚｰｽ名･1走前,上り3F,決手,前走間隔,月,日,場所,TD,距離,馬場状態,着順,人気,ﾚｰｽ名･2走前,上り3F,決手,前走間隔,月,日,場所,TD,距離,馬場状態,着順,人気,ﾚｰｽ名･3走前,上り3F,決手,前走間隔,月,日,場所,TD,距離,馬場状態,着順,人気,ﾚｰｽ名･4走前,上り3F,決手,前走間隔,月,日,場所,TD,距離,馬場状態,着順,人気,ﾚｰｽ名･5走前,上り3F,決手,前走間隔
1,,1,,,,,アロハ,,牝,3,3,7,25,札幌,T,1500,良,7,4,未勝利・牝,35.3,中団,4,6,27,小倉,T,1800,重,6,2,未勝利・牝,35.7,先行,6,5,17,京都,T,1600,良,11,3,未勝利・牝,35.3,先行,31,10,13,京都,T,1600,良,2,2,新馬,35.6,先行,初,,,,,,,,,,,,
2,,2,,,,,トランスマリーン,,牡,3,3,7,25,札幌,T,1800,良,9,9,未勝利,36.3,逃げ,24,2,7,京都,D,1800,良,10,3,未勝利,42.3,先行,4,1,11,京都,T,1800,良,11,12,未勝利,36.1,先行,11,10,26,京都,T,1600,稍,5,4,未勝利*,36.7,中団,3,10,5,京都,T,1600,稍,4,2,未勝利*,35.4,追込,3
3,B,3,,,,,ワンダージェム,,牝,3,5,7,12,函館,T,2000,重,10,10,未勝利・牝,39.8,後方,5,6,6,阪神,D,1800,良,10,10,未勝利・牝,39.6,中団,12,3,14,阪神,D,1800,良,6,11,未勝利・牝,39.5,中団,初,,,,,,,,,,,,,,,,,,,,,,,,
3,,4,,,,,メイショウタイザン,,牡,3,3,7,26,札幌,D,1700,良,6,4,未勝利,37.7,中団,4,6,28,函館,D,1700,稍,4,4,未勝利,38.2,先行,2,6,13,函館,D,1700,稍,4,4,未勝利,38.9,差し,4,5,16,新潟,D,1800,良,4,3,未勝利,38.9,先行,4,4,18,福島,D,1700,良,4,3,未勝利,37.9,逃げ,9
4,,5,,,,,テリオスリコ,,牝,3,2,8,2,札幌,D,1700,良,9,11,未勝利・牝,39.4,中団,4,7,4,函館,D,1700,良,4,11,未勝利・牝,38.8,差し,2,6,20,函館,D,1700,良,9,14,未勝利,38.8,中団,連,6,13,函館,D,1700,稍,8,14,未勝利・牝,38.9,中団,9,4,11,阪神,D,1400,重,11,15,未勝利,38.2,後方,7
4,,6,,,,,ディープマウンテン,,牝,3,2,8,1,札幌,T,1800,稍,7,12,未勝利,35.9,中団,2,7,18,函館,D,1700,良,12,13,未勝利,39.2,中団,2,7,4,函館,D,1700,良,外,--,未勝利,----,,9,5,3,東京,D,1600,稍,7,12,未勝利・牝,38.9,先行,3,4,11,中山,D,1800,重,6,10,未勝利,40.7,先行,3
5,,7,,,,,エースオブゴールド,,牡,3,2,8,2,札幌,D,1700,良,5,8,未勝利,38.4,中団,2,7,18,函館,D,2400,良,9,11,未勝利,42.5,後方,23,2,10,東京,T,2400,良,18,12,未勝利,38.1,先行,2,1,25,中山,T,2000,良,13,13,新馬,35.1,後方,初,,,,,,,,,,,,
5,,8,,,,,アルジェンタム,,セ,3,2,8,1,札幌,D,1700,稍,3,1,未勝利,38.0,先行,7,6,14,阪神,D,1800,良,16,1,未勝利,45.1,後方,3,5,23,京都,D,1800,稍,2,6,未勝利,38.2,ﾏｸﾘ,初,,,,,,,,,,,,,,,,,,,,,,,,
6,,9,,,,,メカニックバレエ,,牝,3,4,7,18,函館,T,1200,良,9,10,未勝利,36.1,先行,21,2,21,小倉,T,1200,良,12,6,未勝利・牝,35.5,中団,10,12,14,阪神,T,1400,稍,3,6,新馬,35.8,逃げ,初,,,,,,,,,,,,,,,,,,,,,,,,
6,B,10,,,,,フォーティンブラス,,牡,3,2,8,2,札幌,T,2000,良,7,7,未勝利,36.4,中団,13,5,2,新潟,T,2200,稍,12,7,未勝利,36.9,中団,2,4,18,福島,T,2600,良,5,3,未勝利,35.2,先行,10,2,7,京都,D,1900,良,5,3,未勝利,38.8,先行,2,1,24,京都,D,1800,良,3,8,新馬,37.1,差し,初
7,,11,,,,,ホウオウロレンシア,,牝,3,2,8,2,札幌,D,1700,良,4,3,未勝利,38.9,先行,3,7,12,函館,D,1700,不,12,2,未勝利,40.5,中団,3,6,20,東京,D,1600,不,6,2,未勝利・牝,37.2,中団,連,6,13,東京,D,1600,重,2,1,未勝利・牝,36.9,先行,3,5,23,東京,D,1600,重,3,7,未勝利・牝,37.3,差し,3
7,,12,,,,,ペガサスウィンド,,牝,3,4,7,18,函館,D,1700,良,4,4,未勝利,38.7,先行,2,7,4,函館,D,1700,良,9,2,未勝利・牝,41.4,中団,3,6,14,函館,D,1700,良,2,6,未勝利,39.2,逃げ,8,4,18,阪神,D,1800,良,5,4,未勝利・牝,38.4,中団,8,2,22,阪神,D,1800,良,3,1,未勝利・牝,38.8,先行,3
8,B,13,,,,,ブライトエンジェル,,牝,3,5,7,12,小倉,T,1200,良,12,4,未勝利・牝,35.7,中団,3,6,21,阪神,T,1600,稍,14,8,未勝利・牝,37.3,中団,17,2,21,小倉,T,1200,良,3,2,未勝利・牝,34.9,先行,3,2,1,小倉,T,1200,良,3,4,新馬,34.4,差し,初,,,,,,,,,,,,
8,,14,,,,,パーシヴァル,,セ,3,3,7,26,新潟,D,1800,不,11,3,未勝利,39.7,中団,31,12,21,中山,T,1600,重,6,1,未勝利*,36.4,中団,9,10,18,東京,T,1800,良,4,2,未勝利*,35.1,先行,3,9,28,中山,T,2000,良,3,6,新馬,34.3,差し,初,,,,,,,,,,,,
レースID(新),日付S,曜日,場所,開催,R,レース名,クラス名,芝・ダート,距離,コース区分,コーナー回数,馬場状態(暫定),天候(暫定),フルゲート頭数,発走時刻,性別限定,重量種別,年齢限定
2026081601010805,2026.8.16,日,札幌,1札8,5,,新馬,芝,1800,A,4,良(暫定),晴(暫定),14,12:20,,馬齢,２歳
枠番,B,番,印,M2,M3,M4,馬名S,Ｃ,性別,年齢,間隔,月,日,場所,TD,距離,馬場状態,着順,人気,ﾚｰｽ名･1走前,上り3F,決手,前走間隔,月,日,場所,TD,距離,馬場状態,着順,人気,ﾚｰｽ名･2走前,上り3F,決手,前走間隔,月,日,場所,TD,距離,馬場状態,着順,人気,ﾚｰｽ名･3走前,上り3F,決手,前走間隔,月,日,場所,TD,距離,馬場状態,着順,人気,ﾚｰｽ名･4走前,上り3F,決手,前走間隔,月,日,場所,TD,距離,馬場状態,着順,人気,ﾚｰｽ名･5走前,上り3F,決手,前走間隔
1,,1,,,,,ミライショウグン,,牡,2,初,,,,,,,,,,,,,,,,,,,,,,,,,,,,,,,,,,,,,,,,,,,,,,,,,,,,,,,,,,,,
2,,2,,,,,マサノブルスカイ,,牡,2,初,,,,,,,,,,,,,,,,,,,,,,,,,,,,,,,,,,,,,,,,,,,,,,,,,,,,,,,,,,,,
3,,3,,,,,アイアムツヨスギル,,牡,2,初,,,,,,,,,,,,,,,,,,,,,,,,,,,,,,,,,,,,,,,,,,,,,,,,,,,,,,,,,,,,
4,,4,,,,,グリームウッド,,牡,2,初,,,,,,,,,,,,,,,,,,,,,,,,,,,,,,,,,,,,,,,,,,,,,,,,,,,,,,,,,,,,
5,,5,,,,,リアンディール,,牝,2,初,,,,,,,,,,,,,,,,,,,,,,,,,,,,,,,,,,,,,,,,,,,,,,,,,,,,,,,,,,,,
5,,6,,,,,ネージュエトワール,,牝,2,初,,,,,,,,,,,,,,,,,,,,,,,,,,,,,,,,,,,,,,,,,,,,,,,,,,,,,,,,,,,,
6,,7,,,,,シャイニーヒーロー,,牡,2,初,,,,,,,,,,,,,,,,,,,,,,,,,,,,,,,,,,,,,,,,,,,,,,,,,,,,,,,,,,,,
6,,8,,,,,レッドマスキュラー,,牡,2,初,,,,,,,,,,,,,,,,,,,,,,,,,,,,,,,,,,,,,,,,,,,,,,,,,,,,,,,,,,,,
7,,9,,,,,ハヤブサカツオー,,牡,2,初,,,,,,,,,,,,,,,,,,,,,,,,,,,,,,,,,,,,,,,,,,,,,,,,,,,,,,,,,,,,
7,,10,,,,,レッドディーヴァ,,牝,2,初,,,,,,,,,,,,,,,,,,,,,,,,,,,,,,,,,,,,,,,,,,,,,,,,,,,,,,,,,,,,
8,,11,,,,,レジームチェンジ,,牡,2,初,,,,,,,,,,,,,,,,,,,,,,,,,,,,,,,,,,,,,,,,,,,,,,,,,,,,,,,,,,,,
8,,12,,,,,シティオブドリーム,,牝,2,初,,,,,,,,,,,,,,,,,,,,,,,,,,,,,,,,,,,,,,,,,,,,,,,,,,,,,,,,,,,,
レースID(新),日付S,曜日,場所,開催,R,レース名,クラス名,芝・ダート,距離,コース区分,コーナー回数,馬場状態(暫定),天候(暫定),フルゲート頭数,発走時刻,性別限定,重量種別,年齢限定
2026081601010806,2026.8.16,日,札幌,1札8,6,,1勝,ダート,1000,,2,良(暫定),晴(暫定),12,12:50,,定量,３上
枠番,B,番,印,M2,M3,M4,馬名S,Ｃ,性別,年齢,間隔,月,日,場所,TD,距離,馬場状態,着順,人気,ﾚｰｽ名･1走前,上り3F,決手,前走間隔,月,日,場所,TD,距離,馬場状態,着順,人気,ﾚｰｽ名･2走前,上り3F,決手,前走間隔,月,日,場所,TD,距離,馬場状態,着順,人気,ﾚｰｽ名･3走前,上り3F,決手,前走間隔,月,日,場所,TD,距離,馬場状態,着順,人気,ﾚｰｽ名･4走前,上り3F,決手,前走間隔,月,日,場所,TD,距離,馬場状態,着順,人気,ﾚｰｽ名･5走前,上り3F,決手,前走間隔
1,,1,,,,,ジュジュドール,,牝,3,6,7,4,函館,T,1200,良,10,9,１勝ｸﾗｽ・牝,35.4,先行,2,6,21,函館,T,1200,良,10,11,１勝ｸﾗｽ・牝,35.4,中団,19,2,8,小倉,T,1200,良,13,13,かささぎ･1勝,36.6,中団,2,1,24,小倉,T,1200,良,8,9,萌黄賞･1勝*,34.6,中団,18,9,20,中山,T,1200,良,13,13,カンナＳ,34.7,後方,3
2,,2,,,,,マカニ,,牝,4,18,4,11,福島,D,1150,良,15,9,１勝ｸﾗｽ,41.1,中団,9,2,8,小倉,D,1000,良,7,8,１勝ｸﾗｽ,36.8,中団,2,1,25,小倉,D,1000,良,5,6,１勝ｸﾗｽ,36.5,先行,25,8,2,札幌,D,1000,良,1,4,未勝利,35.7,逃げ,29,1,11,中山,D,1200,稍,14,3,未勝利,41.2,逃げ,23
3,,3,,,,,イングラム,,牡,3,4,7,19,函館,D,1000,不,5,1,１勝ｸﾗｽ,35.6,逃げ,3,6,28,函館,D,1000,稍,1,1,未勝利,35.6,逃げ,2,6,13,函館,D,1000,稍,2,2,未勝利,35.1,逃げ,8,4,19,福島,D,1150,良,8,9,未勝利,38.8,先行,9,2,14,京都,D,1400,稍,15,7,未勝利,41.6,逃げ,3
4,,4,,,,,ラテラルパーム,,牡,3,3,7,26,新潟,D,1200,重,4,5,１勝ｸﾗｽ,36.6,差し,11,5,9,京都,D,1200,良,14,6,１勝ｸﾗｽ*,37.9,中団,4,4,11,中山,D,1200,稍,3,11,１勝ｸﾗｽ*,36.7,先行,8,2,14,東京,T,1400,良,13,11,１勝ｸﾗｽ*,34.7,先行,9,12,13,中山,T,1200,良,11,10,黒松賞･1勝*,34.2,中団,7
5,B,5,,,,,タイセイアビリティ,,牡,4,26,2,15,小倉,D,1000,稍,6,9,１勝ｸﾗｽ,35.7,中団,8,12,20,阪神,D,1200,良,12,6,１勝ｸﾗｽ,37.7,中団,16,8,31,札幌,D,1000,稍,1,2,未勝利,34.9,先行,3,8,10,札幌,D,1000,稍,2,1,未勝利,35.9,差し,2,7,26,札幌,D,1000,良,2,4,未勝利,35.6,差し,3
5,B,6,,,,,スパークルジョイ,,牝,5,5,7,11,函館,D,1000,重,8,4,１勝ｸﾗｽ,35.3,後方,2,6,27,函館,D,1000,重,4,7,１勝ｸﾗｽ,35.6,逃げ,2,6,14,函館,D,1000,良,7,6,１勝ｸﾗｽ・牝,36.4,逃げ,12,3,21,阪神,D,1200,良,9,13,１勝ｸﾗｽ,37.7,逃げ,3,3,1,阪神,D,1200,良,8,8,１勝ｸﾗｽ・牝,37.8,逃げ,5
6,B,7,,,,,ナンナンプー,,牝,4,3,7,25,札幌,T,1200,良,5,12,１勝ｸﾗｽ,34.3,後方,2,7,12,函館,T,1200,重,4,7,１勝ｸﾗｽ,36.1,先行,2,6,27,函館,T,1200,稍,9,7,長万部特･1勝,36.5,先行,連,6,21,函館,T,1200,良,7,8,１勝ｸﾗｽ・牝,34.7,中団,8,4,26,福島,T,1200,良,11,8,１勝ｸﾗｽ,34.4,中団,連
6,,8,,,,,ビタミンドロップ,,牡,3,3,7,26,札幌,D,1000,良,4,1,１勝ｸﾗｽ,36.0,逃げ,2,7,12,函館,D,1000,不,1,2,未勝利,35.8,逃げ,2,6,28,函館,D,1000,稍,2,2,未勝利,36.0,先行,2,6,14,函館,D,1000,良,2,4,未勝利,35.6,先行,8,4,18,中山,D,1200,良,7,3,未勝利,37.8,先行,2
7,,9,,,,,パドゼフィール,,牝,3,2,8,1,札幌,D,1000,稍,6,7,１勝ｸﾗｽ・牝,35.6,先行,5,6,28,小倉,D,1000,稍,10,3,１勝ｸﾗｽ,39.2,先行,16,3,7,阪神,D,1200,稍,9,10,１勝ｸﾗｽ*,39.1,中団,4,2,7,小倉,D,1000,良,1,2,未勝利,36.3,逃げ,8,12,13,阪神,D,1400,良,6,9,未勝利・牝*,39.1,先行,8
7,B,10,,,,,ヨドノゴールド,,牡,8,連,8,8,札幌,D,1000,稍,2,10,１勝ｸﾗｽ,36.3,差し,3,7,19,小倉,D,1000,良,6,11,１勝ｸﾗｽ,36.1,中団,3,6,28,小倉,D,1000,稍,5,6,１勝ｸﾗｽ,35.8,先行,7,5,10,新潟,D,1200,良,9,5,１勝ｸﾗｽ・若,38.2,先行,2,4,26,福島,D,1150,良,11,1,１勝ｸﾗｽ,38.3,中団,13
8,B,11,,,,,エスカレイト,,牝,3,2,8,1,札幌,D,1000,稍,4,3,１勝ｸﾗｽ・牝,34.8,追込,11,5,16,東京,D,1400,良,13,12,１勝ｸﾗｽ*,37.5,中団,5,4,12,阪神,D,1400,稍,15,13,１勝ｸﾗｽ*,37.6,中団,5,3,7,阪神,D,1200,稍,8,8,１勝ｸﾗｽ*,37.6,後方,7,1,18,京都,D,1200,良,3,10,１勝ｸﾗｽ*,36.5,追込,5
8,,12,,,,,メイショウホダワラ,,牝,4,21,3,22,中京,D,1200,良,16,6,１勝ｸﾗｽ,40.1,先行,3,2,28,小倉,D,1000,不,10,2,１勝ｸﾗｽ,36.5,逃げ,34,7,6,函館,D,1000,稍,10,6,１勝ｸﾗｽ,36.5,先行,2,6,21,函館,D,1000,良,1,1,未勝利・牝,36.3,逃げ,3,6,1,京都,D,1200,良,3,5,未勝利・牝,37.7,逃げ,3
レースID(新),日付S,曜日,場所,開催,R,レース名,クラス名,芝・ダート,距離,コース区分,コーナー回数,馬場状態(暫定),天候(暫定),フルゲート頭数,発走時刻,性別限定,重量種別,年齢限定
2026081601010807,2026.8.16,日,札幌,1札8,7,,未勝利,芝,2000,A,4,良(暫定),晴(暫定),16,13:25,,馬齢,３歳
枠番,B,番,印,M2,M3,M4,馬名S,Ｃ,性別,年齢,間隔,月,日,場所,TD,距離,馬場状態,着順,人気,ﾚｰｽ名･1走前,上り3F,決手,前走間隔,月,日,場所,TD,距離,馬場状態,着順,人気,ﾚｰｽ名･2走前,上り3F,決手,前走間隔,月,日,場所,TD,距離,馬場状態,着順,人気,ﾚｰｽ名･3走前,上り3F,決手,前走間隔,月,日,場所,TD,距離,馬場状態,着順,人気,ﾚｰｽ名･4走前,上り3F,決手,前走間隔,月,日,場所,TD,距離,馬場状態,着順,人気,ﾚｰｽ名･5走前,上り3F,決手,前走間隔
1,B,1,,,,,ルクスユアン,,牡,3,5,7,12,小倉,T,2000,良,10,13,未勝利,37.8,後方,2,6,27,小倉,T,2000,稍,8,12,未勝利,36.8,後方,8,5,3,京都,T,2400,良,10,7,未勝利,35.3,中団,2,4,19,阪神,T,2200,良,4,8,未勝利,35.9,先行,3,3,29,阪神,T,2000,良,6,6,未勝利,36.3,中団,7
1,,2,,,,,クールフィデル,,牡,3,7,6,27,函館,T,1800,稍,11,5,未勝利,35.8,先行,3,6,7,東京,T,1600,良,7,4,未勝利,35.4,先行,26,12,7,中山,T,1800,良,2,5,未勝利*,35.0,先行,3,11,15,東京,T,2000,良,4,4,未勝利*,34.3,先行,8,9,20,中山,T,2000,良,3,2,未勝利*,34.9,先行,6
2,,3,,,,,キトゥンズラスター,,牝,3,8,6,20,函館,D,1700,良,13,10,未勝利・牝,41.8,後方,9,4,19,福島,T,2000,良,12,10,未勝利,37.5,後方,11,2,1,東京,T,1600,良,8,7,新馬,34.3,中団,初,,,,,,,,,,,,,,,,,,,,,,,,
2,,4,,,,,トーレス,,牡,3,4,7,19,函館,D,1700,不,9,14,未勝利,38.6,後方,3,6,27,函館,D,1700,不,8,12,未勝利,38.3,中団,2,6,13,函館,D,1700,稍,8,12,未勝利,38.7,後方,11,3,28,阪神,D,1800,稍,6,10,未勝利,39.9,中団,3,3,8,阪神,D,1800,良,11,12,未勝利,39.3,後方,初
3,B,5,,,,,デイズインザサン,,牝,3,2,8,2,札幌,T,2000,良,4,9,未勝利,36.4,先行,3,7,12,函館,T,2600,重,8,12,未勝利,37.6,中団,連,7,4,函館,T,1800,良,13,11,未勝利,34.9,後方,2,6,20,函館,T,2000,良,5,12,未勝利,34.9,中団,5,5,17,東京,T,1800,良,9,14,未勝利,34.4,中団,13
3,,6,,,,,ロッサコメータ,,牝,3,3,7,26,札幌,T,2000,良,4,3,未勝利,35.9,逃げ,4,6,28,函館,T,2000,良,4,3,未勝利,36.6,先行,2,6,14,函館,T,1800,良,9,7,未勝利,35.1,中団,4,5,16,京都,T,1800,良,4,5,未勝利,34.5,差し,3,4,25,京都,T,1800,良,6,6,未勝利・牝,35.2,中団,9
4,,7,,,,,マコトアディントン,,牡,3,4,7,19,函館,T,2000,重,3,4,未勝利,36.4,追込,2,7,5,函館,T,2000,良,5,4,未勝利,35.2,中団,2,6,20,函館,T,2000,良,4,3,未勝利,35.7,ﾏｸﾘ,6,5,9,新潟,T,2000,良,5,3,未勝利,35.6,後方,3,4,19,福島,T,2000,良,2,4,未勝利,35.4,差し,3
4,,8,,,,,アームアンフルール,,牡,3,8,6,20,函館,T,2000,良,12,13,未勝利,36.3,中団,4,5,24,東京,D,1600,稍,11,10,未勝利,39.7,先行,3,5,3,東京,T,1600,良,8,13,未勝利,34.3,中団,12,2,10,東京,T,1600,良,8,7,新馬,35.0,先行,初,,,,,,,,,,,,
5,,9,,,,,メイショウライガ,,牡,3,8,6,21,函館,D,1700,良,7,11,未勝利,41.0,中団,連,6,13,函館,D,1700,稍,5,10,未勝利,39.3,先行,7,4,25,京都,D,1400,稍,12,6,未勝利,40.4,逃げ,6,3,14,阪神,T,1400,良,17,4,未勝利,34.9,後方,3,2,22,阪神,D,1400,良,3,1,新馬,38.7,先行,初
5,,10,,,,,コスモマウイ,,牡,3,10,6,7,東京,T,1600,良,16,12,未勝利,35.2,後方,初,,,,,,,,,,,,,,,,,,,,,,,,,,,,,,,,,,,,,,,,,,,,,,,,
6,,11,,,,,ホウオウワイズ,,牝,3,5,7,12,函館,D,1000,不,11,6,未勝利,36.1,中団,4,6,14,阪神,D,1400,良,8,10,未勝利,39.1,逃げ,初,,,,,,,,,,,,,,,,,,,,,,,,,,,,,,,,,,,,
6,,12,,,,,ヒメヒオウギ,,牝,3,2,8,1,札幌,T,1800,稍,4,2,未勝利,35.7,先行,4,7,4,函館,T,1800,良,4,5,未勝利,34.4,差し,3,6,14,函館,T,2000,良,4,11,未勝利,35.6,差し,5,5,9,京都,T,2000,良,6,9,未勝利・牝,34.7,先行,3,4,19,阪神,T,2000,良,5,11,未勝利・牝,34.9,先行,4
7,,13,,,,,ヤクジョ,,牡,3,2,8,2,札幌,T,2000,良,3,8,未勝利,36.1,差し,2,7,19,函館,T,2000,重,7,13,未勝利,37.3,中団,2,7,5,函館,T,2000,良,11,7,未勝利,35.5,後方,2,6,20,函館,T,2000,良,14,5,未勝利,36.1,後方,17,2,22,小倉,T,2000,良,4,5,未勝利,35.8,追込,2
7,,14,,,,,ウイルソン,,牡,3,9,6,14,阪神,D,1400,良,9,2,未勝利,39.1,中団,4,5,16,京都,T,1800,良,3,1,未勝利,34.8,差し,4,4,18,阪神,T,1800,良,3,2,未勝利,34.2,先行,11,1,31,東京,T,1800,良,2,2,新馬,33.7,先行,初,,,,,,,,,,,,
8,,15,,,,,スチョウプリンセス,,牝,3,3,7,26,札幌,T,2000,良,6,8,未勝利,35.9,中団,5,6,20,函館,T,2000,良,6,15,未勝利,35.5,中団,5,5,16,東京,T,1400,良,14,14,未勝利,33.6,後方,9,3,15,阪神,T,1600,良,9,11,１勝ｸﾗｽ*,33.8,後方,6,2,1,小倉,T,1200,良,14,18,新馬,34.0,後方,初
8,,16,,,,,ミナヅキ,,牡,3,3,7,26,新潟,T,2000,不,2,2,未勝利,35.8,逃げ,2,7,12,福島,T,2000,稍,3,2,未勝利,36.8,先行,4,6,14,函館,T,2000,良,12,4,未勝利,36.9,後方,8,4,19,中山,T,2000,良,4,4,未勝利,35.5,先行,4,3,22,中山,T,2000,良,2,8,未勝利,35.7,ﾏｸﾘ,3
レースID(新),日付S,曜日,場所,開催,R,レース名,クラス名,芝・ダート,距離,コース区分,コーナー回数,馬場状態(暫定),天候(暫定),フルゲート頭数,発走時刻,性別限定,重量種別,年齢限定
2026081601010808,2026.8.16,日,札幌,1札8,8,,1勝,ダート,1700,,4,良(暫定),晴(暫定),14,14:00,,定量,３上
枠番,B,番,印,M2,M3,M4,馬名S,Ｃ,性別,年齢,間隔,月,日,場所,TD,距離,馬場状態,着順,人気,ﾚｰｽ名･1走前,上り3F,決手,前走間隔,月,日,場所,TD,距離,馬場状態,着順,人気,ﾚｰｽ名･2走前,上り3F,決手,前走間隔,月,日,場所,TD,距離,馬場状態,着順,人気,ﾚｰｽ名･3走前,上り3F,決手,前走間隔,月,日,場所,TD,距離,馬場状態,着順,人気,ﾚｰｽ名･4走前,上り3F,決手,前走間隔,月,日,場所,TD,距離,馬場状態,着順,人気,ﾚｰｽ名･5走前,上り3F,決手,前走間隔
1,,1,,,,,カフジクロミエ,,牝,3,2,8,2,札幌,D,1700,良,6,9,１勝ｸﾗｽ,37.9,先行,10,5,23,京都,D,1400,稍,8,13,１勝ｸﾗｽ*,37.6,中団,6,4,12,阪神,D,1400,稍,12,12,１勝ｸﾗｽ*,37.3,中団,3,3,21,阪神,D,1400,良,7,4,１勝ｸﾗｽ*,36.7,中団,6,2,7,京都,D,1400,良,2,8,１勝ｸﾗｽ*,37.7,追込,3
2,,2,,,,,タイセイジェイド,,牡,3,2,8,2,札幌,D,1700,良,5,3,１勝ｸﾗｽ,37.5,先行,4,7,5,小倉,D,1700,不,7,2,１勝ｸﾗｽ,38.9,中団,10,4,26,京都,D,1400,良,3,3,１勝ｸﾗｽ*,37.4,先行,3,4,5,阪神,D,1800,重,9,8,１勝ｸﾗｽ*,36.6,後方,5,3,1,中山,D,1800,稍,4,4,１勝ｸﾗｽ*,39.1,先行,2
3,B,3,,,,,タイセイルビー,,牝,3,3,7,26,札幌,D,1700,良,1,5,未勝利,37.1,ﾏｸﾘ,3,7,4,函館,T,1800,良,8,13,未勝利,34.8,中団,2,6,20,函館,D,1700,良,6,7,未勝利,38.5,中団,2,6,6,東京,D,1600,稍,5,3,未勝利・牝,38.2,中団,3,5,17,新潟,D,1800,良,4,1,未勝利・牝,39.3,追込,6
4,,4,,,,,グレイスフルマーチ,,牡,4,7,6,27,函館,D,1700,重,2,4,１勝ｸﾗｽ,36.9,差し,2,6,14,函館,D,1700,良,2,6,１勝ｸﾗｽ,38.0,差し,9,4,12,福島,D,1700,良,12,6,１勝ｸﾗｽ,39.7,中団,7,2,22,小倉,D,1700,良,12,4,１勝ｸﾗｽ,40.2,中団,2,2,7,小倉,D,1700,良,3,7,１勝ｸﾗｽ,37.1,差し,2
5,,5,,,,,ロードアルディート,,牡,4,9,6,13,函館,D,1700,稍,3,4,１勝ｸﾗｽ,38.1,追込,9,4,12,阪神,D,1800,稍,5,2,１勝ｸﾗｽ,37.2,中団,3,3,22,中京,D,1800,良,5,2,１勝ｸﾗｽ,36.1,後方,4,2,22,阪神,D,1800,良,2,1,１勝ｸﾗｽ,38.4,差し,3,2,1,京都,D,1800,良,4,4,１勝ｸﾗｽ,35.5,追込,9
6,,6,,,,,スパークルレイ,,牝,3,3,7,25,札幌,T,1500,良,11,13,未勝利・牝,35.8,中団,4,6,30,盛岡,T,1700,良,5,6,アメジ,----,中団,6,5,17,東京,T,1800,良,15,16,未勝利,35.1,中団,5,4,11,中山,T,1600,良,15,13,未勝利,35.8,後方,初,,,,,,,,,,,,
6,,7,,,,,タイキインドラ,,牡,4,2,8,1,札幌,D,1700,稍,2,8,１勝ｸﾗｽ,37.2,逃げ,20,3,15,中山,D,1800,良,10,3,１勝ｸﾗｽ,40.0,中団,13,12,14,中山,D,2500,稍,11,3,１勝ｸﾗｽ,44.5,逃げ,3,11,23,東京,D,2100,良,1,4,１勝ｸﾗｽ,37.0,逃げ,11,9,6,札幌,D,1700,良,2,3,未勝利,39.1,ﾏｸﾘ,連
7,B,8,,,,,ファミーユウルーズ,,牡,4,連,8,9,札幌,D,1700,良,11,14,１勝ｸﾗｽ,40.4,後方,27,2,4,川崎,D,1600,良,2,2,フェブ,----,先行,4,1,5,中山,D,2400,稍,8,5,１勝ｸﾗｽ,42.5,後方,9,11,1,東京,D,2100,重,11,15,１勝ｸﾗｽ,38.1,中団,2,10,18,東京,D,1600,良,8,9,１勝ｸﾗｽ,38.3,中団,18
7,,9,,,,,サマースプラッシュ,,牝,3,連,8,8,札幌,D,1700,良,8,12,未勝利・牝,39.8,中団,2,7,26,札幌,D,1700,良,6,7,未勝利・牝,38.6,後方,2,7,11,函館,D,1700,重,9,13,未勝利・牝,37.5,中団,3,6,20,東京,D,1600,不,8,12,未勝利・牝,37.5,中団,3,5,31,東京,D,1600,良,5,14,未勝利・牝,38.6,中団,6
8,B,10,,,,,ジェネラスキング,,牡,3,3,7,25,札幌,D,1700,良,3,3,１勝ｸﾗｽ,38.0,差し,4,6,27,福島,D,1700,稍,7,3,１勝ｸﾗｽ,38.6,中団,13,3,29,中山,D,1800,稍,1,1,未勝利,40.0,先行,2,3,14,中山,D,1800,良,4,2,未勝利,38.9,差し,8,1,18,中山,D,1800,良,2,4,未勝利,38.6,差し,3
8,,11,,,,,カフェブーケット,,牡,4,3,7,25,札幌,D,1700,良,6,11,１勝ｸﾗｽ,38.4,中団,7,6,7,東京,D,1400,良,8,12,１勝ｸﾗｽ,37.6,中団,5,5,2,東京,D,1400,重,13,7,１勝ｸﾗｽ,37.1,後方,23,11,24,東京,T,1600,良,14,13,１勝ｸﾗｽ,35.6,中団,3,11,2,東京,D,1400,重,8,6,１勝ｸﾗｽ,35.9,後方,11
レースID(新),日付S,曜日,場所,開催,R,レース名,クラス名,芝・ダート,距離,コース区分,コーナー回数,馬場状態(暫定),天候(暫定),フルゲート頭数,発走時刻,性別限定,重量種別,年齢限定
2026081601010809,2026.8.16,日,札幌,1札8,9,小樽特別,1勝,芝,1200,A,2,良(暫定),晴(暫定),16,14:35,,定量,３上
枠番,B,番,印,M2,M3,M4,馬名S,Ｃ,性別,年齢,間隔,月,日,場所,TD,距離,馬場状態,着順,人気,ﾚｰｽ名･1走前,上り3F,決手,前走間隔,月,日,場所,TD,距離,馬場状態,着順,人気,ﾚｰｽ名･2走前,上り3F,決手,前走間隔,月,日,場所,TD,距離,馬場状態,着順,人気,ﾚｰｽ名･3走前,上り3F,決手,前走間隔,月,日,場所,TD,距離,馬場状態,着順,人気,ﾚｰｽ名･4走前,上り3F,決手,前走間隔,月,日,場所,TD,距離,馬場状態,着順,人気,ﾚｰｽ名･5走前,上り3F,決手,前走間隔
1,,1,,,,,シュークリーム,,牝,5,3,7,25,札幌,T,1200,良,6,6,１勝ｸﾗｽ,34.8,先行,4,6,27,函館,T,1200,稍,4,3,長万部特･1勝,35.2,逃げ,2,6,14,函館,T,1200,良,2,9,１勝ｸﾗｽ,34.0,先行,6,5,2,新潟,T,1000,稍,10,4,１勝ｸﾗｽ,35.2,先行,10,2,22,小倉,D,1000,良,12,8,１勝ｸﾗｽ,36.7,中団,連
1,,2,,,,,ラスベガスサイン,,牝,3,27,2,8,小倉,T,1200,良,11,7,かささぎ･1勝,36.6,逃げ,8,12,13,中京,T,1400,良,6,6,つわぶき･1勝,34.8,先行,14,9,6,札幌,T,1200,良,1,2,未勝利*,35.0,逃げ,連,8,31,札幌,T,1200,稍,2,3,未勝利*,36.0,先行,2,8,16,札幌,T,1200,良,3,1,新馬,36.4,先行,初
2,,3,,,,,エコロハート,,牝,4,2,8,2,札幌,T,1200,良,2,7,１勝ｸﾗｽ,34.7,差し,2,7,18,函館,T,1200,良,5,9,１勝ｸﾗｽ・牝,34.8,後方,8,5,24,新潟,T,1200,稍,8,8,１勝ｸﾗｽ,35.2,先行,10,3,15,中京,T,1200,良,7,10,１勝ｸﾗｽ,33.9,中団,2,3,1,小倉,T,1200,良,5,9,１勝ｸﾗｽ,35.3,中団,5
2,,4,,,,,レッドカメリア,,牝,6,2,8,2,札幌,T,1200,良,4,11,１勝ｸﾗｽ,34.2,追込,3,7,12,福島,T,1200,稍,5,11,１勝ｸﾗｽ,34.1,後方,連,7,4,福島,T,1200,良,7,13,１勝ｸﾗｽ・牝,34.5,後方,12,4,11,福島,T,1200,良,14,10,１勝ｸﾗｽ・牝,35.0,中団,10,1,31,小倉,T,1200,良,8,10,１勝ｸﾗｽ,33.9,中団,12
3,,5,,,,,ハッピーラッキー,,牡,3,3,7,25,札幌,T,1200,良,3,5,１勝ｸﾗｽ,34.2,差し,2,7,12,函館,T,1200,重,6,1,１勝ｸﾗｽ,36.3,中団,4,6,13,東京,T,1400,良,5,3,１勝ｸﾗｽ,34.2,中団,7,4,25,福島,T,1200,良,5,2,雪うさぎ･1勝,34.3,中団,3,4,5,中山,T,1200,重,2,4,１勝ｸﾗｽ*,34.2,差し,3
3,,6,,,,,キタノクニカラ,,牝,4,連,8,9,札幌,T,1200,良,15,15,１勝ｸﾗｽ・牝,36.0,後方,11,5,24,新潟,T,1200,稍,9,13,１勝ｸﾗｽ,34.6,中団,3,5,3,新潟,T,1400,良,5,12,１勝ｸﾗｽ・牝,35.0,中団,10,2,21,小倉,T,1800,良,8,15,１勝ｸﾗｽ・牝,36.6,先行,2,2,8,小倉,T,1800,良,12,15,１勝ｸﾗｽ・若,36.7,中団,8
4,,7,,,,,ブライアーヒル,,牝,4,2,8,2,札幌,T,1200,良,10,10,１勝ｸﾗｽ,34.6,後方,5,6,27,函館,T,1200,稍,6,8,長万部特･1勝,34.1,後方,2,6,13,函館,T,1200,稍,7,7,１勝ｸﾗｽ,33.2,後方,13,3,15,中京,T,1200,良,17,16,１勝ｸﾗｽ,34.7,後方,3,2,22,小倉,T,1200,良,12,13,１勝ｸﾗｽ・牝,34.3,後方,3
4,,8,,,,,ユーティジャーニー,,牝,4,2,8,1,札幌,T,1500,稍,8,6,１勝ｸﾗｽ・牝,35.3,先行,16,4,12,中山,T,1600,良,8,6,１勝ｸﾗｽ,34.6,中団,2,3,29,中京,T,1600,良,11,6,１勝ｸﾗｽ,33.8,後方,3,3,7,中山,T,1600,稍,4,10,１勝ｸﾗｽ,35.8,差し,13,12,7,中京,T,1400,良,8,8,１勝ｸﾗｽ,33.9,中団,13
5,,9,,,,,フィオラーノ,,牡,3,6,7,4,小倉,T,1200,稍,11,3,小郡特別･1勝,37.5,逃げ,3,6,13,阪神,T,1200,良,8,3,１勝ｸﾗｽ,34.6,先行,5,5,9,新潟,T,1200,良,6,2,ゆきつば･1勝,35.6,中団,7,3,22,阪神,T,1200,良,3,7,１勝ｸﾗｽ*,34.4,先行,3,2,28,阪神,T,1200,良,7,8,マーガレ(L),34.1,後方,3
5,,10,,,,,トーアサジタリウス,,牡,3,5,7,14,門別,D,1200,重,2,4,星の降,----,逃げ,3,6,20,函館,T,1200,良,10,12,下北半島･1勝,35.3,先行,7,4,30,門別,D,1600,良,11,7,北斗盃,----,中団,3,4,15,門別,D,1700,良,5,4,エピフ,----,逃げ,22,11,11,盛岡,D,1600,良,2,6,南部駒,----,先行,2
6,,11,,,,,アルマロクザン,,牝,6,連,8,9,札幌,T,1200,良,10,13,１勝ｸﾗｽ・牝,35.5,中団,3,7,18,函館,T,1200,良,12,10,１勝ｸﾗｽ・牝,36.3,中団,2,7,4,福島,T,1200,良,8,10,１勝ｸﾗｽ・牝,35.1,先行,18,3,1,小倉,T,1200,良,14,8,１勝ｸﾗｽ,37.0,中団,2,2,14,小倉,T,1200,良,5,7,１勝ｸﾗｽ,35.3,中団,2
6,,12,,,,,ラヴノー,,牝,3,6,7,4,福島,T,1200,良,10,2,１勝ｸﾗｽ・牝,34.9,中団,13,4,5,中山,T,1200,重,12,5,１勝ｸﾗｽ*,35.7,中団,7,2,14,東京,T,1600,良,11,14,クイーンG3,34.8,中団,12,11,23,東京,T,1600,良,3,3,赤松賞･1勝*,34.0,先行,9,9,20,中山,T,1200,良,1,1,新馬,33.9,逃げ,初
7,B,13,,,,,ノアールビーナス,,牝,3,連,8,9,札幌,T,1200,良,7,6,１勝ｸﾗｽ・牝,35.2,中団,33,12,20,中京,T,1200,稍,4,8,クリスマ,34.5,差し,連,12,13,中京,T,1400,良,4,9,つわぶき･1勝,34.1,差し,11,9,28,阪神,T,1400,良,1,3,未勝利・牝*,34.9,差し,4,8,30,札幌,T,1500,稍,6,3,未勝利・牝*,36.2,中団,6
7,,14,,,,,ダブルチャレンジ,,牝,3,2,8,2,札幌,T,1200,良,5,5,１勝ｸﾗｽ,34.0,後方,3,7,12,函館,T,1200,重,3,3,１勝ｸﾗｽ,36.1,先行,3,6,21,函館,T,1200,良,5,7,１勝ｸﾗｽ・牝,35.4,逃げ,4,5,23,新潟,T,1000,稍,16,6,はやぶさ･1勝,35.4,逃げ,12,2,28,小倉,T,1200,稍,1,1,未勝利,36.3,逃げ,連
8,B,15,,,,,マイケルバローズ,,牡,3,7,6,28,函館,T,1200,良,8,3,１勝ｸﾗｽ,34.6,中団,2,6,13,阪神,T,1200,良,9,1,１勝ｸﾗｽ,35.1,先行,3,5,24,京都,T,1200,良,2,2,１勝ｸﾗｽ*,34.1,逃げ,15,2,7,京都,D,1400,良,8,4,１勝ｸﾗｽ*,39.2,先行,7,12,21,中京,D,1400,稍,14,4,寒椿賞･1勝*,38.7,中団,5
8,,16,,,,,リヴァイ,,牡,3,5,7,11,小倉,T,1200,良,1,2,未勝利,34.1,差し,7,5,23,京都,T,1200,良,7,2,未勝利,34.6,先行,11,3,8,阪神,D,1400,良,11,4,未勝利,39.0,中団,2,2,21,阪神,T,1600,良,7,3,未勝利,34.8,中団,11,12,7,中京,T,1400,良,6,3,新馬,33.5,後方,初
レースID(新),日付S,曜日,場所,開催,R,レース名,クラス名,芝・ダート,距離,コース区分,コーナー回数,馬場状態(暫定),天候(暫定),フルゲート頭数,発走時刻,性別限定,重量種別,年齢限定
2026081601010810,2026.8.16,日,札幌,1札8,10,大通公園特別,2勝,ダート,1000,,2,良(暫定),晴(暫定),12,15:10,,定量,３上
枠番,B,番,印,M2,M3,M4,馬名S,Ｃ,性別,年齢,間隔,月,日,場所,TD,距離,馬場状態,着順,人気,ﾚｰｽ名･1走前,上り3F,決手,前走間隔,月,日,場所,TD,距離,馬場状態,着順,人気,ﾚｰｽ名･2走前,上り3F,決手,前走間隔,月,日,場所,TD,距離,馬場状態,着順,人気,ﾚｰｽ名･3走前,上り3F,決手,前走間隔,月,日,場所,TD,距離,馬場状態,着順,人気,ﾚｰｽ名･4走前,上り3F,決手,前走間隔,月,日,場所,TD,距離,馬場状態,着順,人気,ﾚｰｽ名･5走前,上り3F,決手,前走間隔
1,,1,,,,,カッタッパ,,牡,3,5,7,15,門別,D,1200,稍,1,3,アルビ,----,先行,2,6,27,函館,D,1000,重,5,2,１勝ｸﾗｽ,35.2,先行,10,4,19,阪神,D,1200,良,12,1,１勝ｸﾗｽ*,36.9,後方,3,3,29,阪神,D,1200,良,3,1,１勝ｸﾗｽ*,36.9,逃げ,9,1,24,小倉,D,1000,良,1,1,未勝利,36.1,逃げ,12
2,,2,,,,,ビーマックス,,牡,4,2,8,2,札幌,D,1000,良,4,5,２勝ｸﾗｽ,35.5,差し,3,7,12,函館,D,1000,不,3,8,噴火湾特･2勝,34.6,差し,13,4,11,阪神,D,1200,重,13,9,２勝ｸﾗｽ,36.8,中団,6,3,1,中山,D,1200,良,6,5,２勝ｸﾗｽ,37.2,先行,5,1,24,京都,D,1200,良,7,11,２勝ｸﾗｽ,37.0,中団,7
3,,3,,,,,キャリーグレイス,,牝,4,6,7,5,函館,D,1000,良,1,2,１勝ｸﾗｽ,35.8,逃げ,3,6,14,函館,D,1000,良,11,2,１勝ｸﾗｽ・牝,36.0,後方,8,4,18,福島,D,1150,良,2,3,１勝ｸﾗｽ・牝,37.0,先行,7,2,28,小倉,D,1000,不,4,1,１勝ｸﾗｽ,35.4,先行,2,2,15,小倉,D,1000,稍,2,3,１勝ｸﾗｽ,35.0,先行,2
4,,4,,,,,オセアエクスプレス,,牡,5,7,6,27,福島,D,1150,稍,15,12,さくらん･2勝,36.7,中団,32,11,16,東京,D,1400,良,12,9,２勝ｸﾗｽ,37.3,先行,3,10,25,東京,D,1400,稍,3,5,２勝ｸﾗｽ,35.6,先行,4,9,27,中山,D,1200,良,4,9,２勝ｸﾗｽ,36.4,差し,4,8,31,札幌,T,1200,稍,14,14,ＨＢＣＨ･2勝,35.5,後方,11
5,,5,,,,,ストロングボンド,,セ,3,2,8,2,札幌,D,1000,良,11,11,２勝ｸﾗｽ,37.7,先行,3,7,12,函館,D,1000,不,8,12,噴火湾特･2勝,35.0,後方,32,11,27,園田,D,1400,稍,12,8,兵庫ジG2,----,後方,2,11,16,福島,T,1200,良,16,16,福島２歳,36.7,中団,6,10,3,船橋,D,1200,良,1,3,フュー,----,逃げ,14
5,,6,,,,,マメタンク,,牡,3,5,7,12,函館,D,1000,不,5,1,噴火湾特･2勝,34.6,中団,2,6,27,函館,D,1000,重,1,1,１勝ｸﾗｽ,34.0,先行,7,5,9,京都,D,1200,良,2,1,１勝ｸﾗｽ*,36.2,差し,9,3,7,阪神,D,1200,稍,3,2,１勝ｸﾗｽ*,37.7,先行,2,2,22,阪神,D,1400,良,7,3,１勝ｸﾗｽ*,38.8,中団,19
6,,7,,,,,タッカージーティー,,牝,4,7,6,27,福島,D,1150,稍,4,6,さくらん･2勝,36.1,先行,4,5,30,京都,D,1200,良,3,9,２勝ｸﾗｽ,37.0,逃げ,8,4,4,中山,D,1200,重,6,11,２勝ｸﾗｽ,36.5,中団,5,3,1,中山,D,1200,良,7,6,２勝ｸﾗｽ,35.6,後方,10,12,20,中山,D,1200,良,10,6,２勝ｸﾗｽ,36.9,中団,12
6,B,8,,,,,クインズシフォン,,牝,4,2,8,2,札幌,D,1000,良,3,10,２勝ｸﾗｽ,34.3,追込,8,6,7,東京,D,1400,良,13,10,八王子特･2勝,38.2,先行,8,4,11,中山,D,1200,稍,6,6,２勝ｸﾗｽ・牝,36.6,中団,9,2,8,小倉,D,1000,良,1,4,１勝ｸﾗｽ,35.9,差し,3,1,17,中山,D,1200,良,3,9,１勝ｸﾗｽ,37.1,差し,3
7,,9,,,,,ウーマンズパワー,,牝,3,2,8,1,札幌,D,1000,稍,1,1,１勝ｸﾗｽ・牝,35.1,逃げ,26,1,31,小倉,D,1000,良,1,1,未勝利,36.0,先行,8,12,6,阪神,D,1200,良,4,1,未勝利*,38.2,先行,3,11,16,福島,D,1150,良,2,2,未勝利*,37.4,逃げ,3,10,25,新潟,D,1200,良,2,3,未勝利*,38.1,先行,8
7,B,10,,,,,パールフロント,,牝,4,2,8,2,札幌,D,1000,良,2,1,２勝ｸﾗｽ,34.9,差し,4,7,4,小倉,D,1000,不,2,4,雲仙特別･2勝,33.5,追込,12,4,12,福島,D,1150,良,7,2,喜多方特･2勝,36.7,中団,8,2,14,小倉,D,1000,良,5,2,伊万里特･2勝,35.5,中団,2,1,31,小倉,D,1000,良,4,3,有田特別･2勝,35.9,差し,10
8,,11,,,,,フェデルミエール,,牝,4,6,7,5,福島,T,1200,良,14,14,郡山特Ｈ･2勝,35.5,後方,10,4,26,東京,T,1400,良,11,10,２勝ｸﾗｽ・牝,34.5,先行,5,3,24,高知,D,1400,稍,10,8,はりま,----,中団,9,1,17,中山,D,1200,良,14,16,２勝ｸﾗｽ,39.0,先行,5,12,13,中山,D,1200,良,9,7,２勝ｸﾗｽ,37.6,中団,3
8,B,12,,,,,キーガッツ,,牡,4,5,7,11,函館,T,1200,稍,11,5,ＨＴＢ杯･2勝,35.7,中団,12,4,19,福島,D,1150,良,1,2,１勝ｸﾗｽ,37.0,先行,15,1,4,京都,D,1200,良,5,8,１勝ｸﾗｽ,36.5,先行,2,12,21,中京,D,1200,稍,4,2,１勝ｸﾗｽ,37.0,先行,5,11,15,福島,D,1150,良,5,1,１勝ｸﾗｽ,38.1,先行,4
レースID(新),日付S,曜日,場所,開催,R,レース名,クラス名,芝・ダート,距離,コース区分,コーナー回数,馬場状態(暫定),天候(暫定),フルゲート頭数,発走時刻,性別限定,重量種別,年齢限定
2026081601010811,2026.8.16,日,札幌,1札8,11,札幌記念,Ｇ２,芝,2000,A,4,良(暫定),晴(暫定),16,15:45,,定量,３上
枠番,B,番,印,M2,M3,M4,馬名S,Ｃ,性別,年齢,間隔,月,日,場所,TD,距離,馬場状態,着順,人気,ﾚｰｽ名･1走前,上り3F,決手,前走間隔,月,日,場所,TD,距離,馬場状態,着順,人気,ﾚｰｽ名･2走前,上り3F,決手,前走間隔,月,日,場所,TD,距離,馬場状態,着順,人気,ﾚｰｽ名･3走前,上り3F,決手,前走間隔,月,日,場所,TD,距離,馬場状態,着順,人気,ﾚｰｽ名･4走前,上り3F,決手,前走間隔,月,日,場所,TD,距離,馬場状態,着順,人気,ﾚｰｽ名･5走前,上り3F,決手,前走間隔
1,,1,,,,,オニャンコポン,,セ,7,5,7,12,福島,T,2000,稍,3,15,七夕賞ＨG3,35.4,差し,2,6,28,函館,T,2000,良,12,15,函館記念ＨG3,35.0,後方,7,5,9,東京,T,1800,良,15,16,エプソムG3,33.8,中団,6,3,29,阪神,T,1600,良,11,7,六甲Ｓ(L),34.9,中団,4,3,1,中山,T,1800,良,11,10,中山記念G2,34.9,先行,7
1,,2,,,,,イガッチ,,牡,4,4,7,18,函館,D,1700,良,10,5,マリーンＨ,39.1,中団,3,6,28,函館,T,2000,良,6,1,函館記念ＨG3,35.2,中団,9,4,26,京都,T,1800,良,1,5,センテＨ･3勝,34.1,先行,13,1,25,小倉,T,1800,良,5,2,壇之浦Ｓ･3勝,34.0,先行,6,12,14,中山,T,1800,稍,1,3,霞ヶ浦特･2勝,35.8,先行,3
2,,3,,,,,ピンクジン,,牝,6,5,7,11,函館,T,1800,稍,5,9,五稜郭Ｓ･3勝,34.4,後方,12,4,19,中山,T,2200,良,14,15,サンシＨ･3勝,34.8,先行,7,3,1,小倉,T,2000,良,13,11,関門橋Ｓ･3勝,37.1,中団,7,1,10,中山,T,2200,良,5,17,迎春Ｓ･3勝,34.9,先行,2,12,28,阪神,T,2000,良,6,7,サンクフ･3勝,34.9,先行,2
2,,4,,,,,マジックサンズ,,牡,4,7,6,28,函館,T,2000,良,5,4,函館記念ＨG3,34.9,中団,7,5,9,東京,T,1800,良,4,6,エプソムG3,33.2,差し,10,3,1,中山,T,1800,良,6,6,中山記念G2,34.1,中団,3,2,10,東京,T,1600,良,12,7,東京新聞G3,33.0,後方,11,11,23,京都,T,1600,良,8,9,マイルチG1,32.8,後方,5
3,,5,,,,,エコロヴァルツ,,牡,5,19,4,5,阪神,T,2000,良,14,7,大阪杯G1,37.9,中団,5,3,1,中山,T,1800,良,3,2,中山記念G2,34.2,先行,14,11,22,福島,T,2000,良,2,1,福島記念ＨG3,33.8,差し,3,11,2,東京,T,2000,良,11,13,天皇賞秋G1,33.3,先行,11,8,17,中京,T,1600,良,4,2,中京記念G3,33.5,先行,10
3,,6,,,,,ローシャムパーク,,牡,7,12,5,24,香港,T,2400,良,6,--,ＣＣＣG1,----,不明,8,3,28,中山,T,2500,良,3,3,日経賞G2,35.5,差し,15,12,14,香港,T,2000,良,5,--,香港ＣG1,----,不明,5,11,9,東京,T,2500,良,12,5,アルゼンＨG2,34.6,中団,21,6,15,阪神,T,2200,稍,15,9,宝塚記念G1,37.8,中団,9
4,,7,,,,,ショウヘイ,,牡,4,19,4,5,阪神,T,2000,良,10,4,大阪杯G1,36.2,先行,10,1,25,中山,T,2200,良,1,3,アメリカG2,35.1,先行,13,10,26,京都,T,3000,稍,14,3,菊花賞G1,36.7,先行,5,9,21,阪神,T,2400,良,2,1,神戸新聞G2,32.9,先行,16,6,1,東京,T,2400,良,3,6,東京優駿G1,34.3,先行,3
4,,8,,,,,サクラファレル,,牡,4,14,5,9,東京,T,1800,良,5,1,エプソムG3,33.9,先行,11,2,22,東京,T,2000,良,1,1,ＪＣ２Ｈ･3勝,34.5,先行,23,9,15,中山,T,2200,良,5,6,セントラG2,35.2,先行,5,8,9,札幌,T,2000,稍,1,1,藻岩山特･2勝,34.7,逃げ,3,7,19,函館,T,1800,良,1,1,湯浜特別･1勝,34.1,逃げ,4
5,B,9,,,,,マイネルモーント,,牡,6,5,7,12,福島,T,2000,稍,2,6,七夕賞ＨG3,35.7,差し,9,5,9,東京,T,1800,良,12,14,エプソムG3,33.2,後方,4,4,12,福島,T,2000,良,4,4,福島民報(L),34.9,差し,6,3,1,中山,T,1800,良,4,9,中山記念G2,33.9,差し,4,1,31,東京,T,2000,良,8,10,白富士Ｓ(L),35.2,先行,4
5,,10,,,,,アドマイヤテラ,,牡,5,15,5,3,京都,T,3200,良,3,2,天皇賞春G1,34.7,差し,6,3,22,阪神,T,3000,良,1,1,阪神大賞G2,34.1,先行,12,12,28,中山,T,2500,良,11,9,有馬記念G1,36.1,先行,4,11,30,東京,T,2400,良,止,10,ＪＣG1,----,,8,10,5,京都,T,2400,稍,4,1,京都大賞G2,34.8,先行,18
6,,11,,,,,アラタ,,牡,9,7,6,28,函館,T,2000,良,10,12,函館記念ＨG3,34.7,後方,15,3,15,中京,T,2000,良,10,14,金鯱賞G2,34.3,中団,11,12,28,中山,T,2500,良,15,15,有馬記念G1,35.9,後方,5,11,22,福島,T,2000,良,4,9,福島記念ＨG3,34.3,先行,14,8,17,札幌,T,2000,稍,3,13,札幌記念G2,35.0,差し,15
6,,12,,,,,ゼンダンハヤブサ,,牡,4,4,7,19,小倉,T,2000,良,1,10,小倉記念ＨG3,34.7,差し,5,6,14,阪神,T,1600,良,5,11,花のみち･3勝,33.7,中団,4,5,17,京都,T,1600,良,5,7,錦ＳＨ･3勝,32.7,中団,4,4,19,阪神,T,1600,良,5,9,立雲峡Ｓ･3勝,33.7,後方,8,2,22,阪神,T,1600,良,1,6,天神橋Ｈ･2勝,32.9,追込,2
7,,13,,,,,グランディア,,セ,7,13,5,16,新潟,T,2000,良,1,7,新潟大賞ＨG3,33.7,差し,10,3,8,阪神,T,1800,良,3,2,大阪城Ｓ(L),34.4,差し,9,1,4,中山,T,2000,良,3,4,中山金杯ＨG3,34.0,差し,2,12,21,中山,T,1800,重,2,3,ディセン(L),34.9,差し,25,6,29,函館,T,2000,良,13,5,函館記念ＨG3,36.5,中団,11
7,,14,,,,,レディネス,,牡,4,5,7,12,函館,T,1800,重,10,4,巴賞,35.8,中団,23,1,31,東京,T,2000,良,4,3,白富士Ｓ(L),33.8,先行,8,12,7,阪神,T,1800,良,1,4,元町ＳＨ･3勝,33.1,先行,7,10,19,東京,T,1800,良,16,3,甲斐路Ｈ･3勝,35.1,中団,20,6,1,東京,T,2400,良,17,9,東京優駿G1,38.0,中団,4
8,,15,,,,,シェイクユアハート,,牡,6,9,6,14,阪神,T,2200,重,14,11,宝塚記念G1,36.9,中団,13,3,15,中京,T,2000,良,1,8,金鯱賞G2,33.5,差し,4,2,15,京都,T,2200,良,4,5,京都記念G2,33.7,差し,9,12,13,中京,T,2000,良,1,3,中日新聞ＨG3,33.2,差し,4,11,15,京都,T,2000,良,2,2,アンドロ(L),34.6,差し,11
8,,16,,,,,ホウオウビスケッツ,,牡,6,19,4,8,川崎,D,2100,稍,11,5,川崎記G1,----,中団,3,3,15,中京,T,2000,良,12,4,金鯱賞G2,36.1,逃げ,15,11,30,東京,T,2400,良,16,14,ＪＣG1,37.7,先行,4,11,2,東京,T,2000,良,13,7,天皇賞秋G1,33.5,先行,4,10,5,東京,T,1800,良,2,2,毎日王冠G2,33.8,逃げ,7
レースID(新),日付S,曜日,場所,開催,R,レース名,クラス名,芝・ダート,距離,コース区分,コーナー回数,馬場状態(暫定),天候(暫定),フルゲート頭数,発走時刻,性別限定,重量種別,年齢限定
2026081601010812,2026.8.16,日,札幌,1札8,12,阿寒湖特別,2勝,芝,2600,A,6,良(暫定),晴(暫定),14,16:30,,定量,３上
枠番,B,番,印,M2,M3,M4,馬名S,Ｃ,性別,年齢,間隔,月,日,場所,TD,距離,馬場状態,着順,人気,ﾚｰｽ名･1走前,上り3F,決手,前走間隔,月,日,場所,TD,距離,馬場状態,着順,人気,ﾚｰｽ名･2走前,上り3F,決手,前走間隔,月,日,場所,TD,距離,馬場状態,着順,人気,ﾚｰｽ名･3走前,上り3F,決手,前走間隔,月,日,場所,TD,距離,馬場状態,着順,人気,ﾚｰｽ名･4走前,上り3F,決手,前走間隔,月,日,場所,TD,距離,馬場状態,着順,人気,ﾚｰｽ名･5走前,上り3F,決手,前走間隔
1,,1,,,,,レイデラティエラ,,牡,4,2,8,2,札幌,T,2600,良,1,8,１勝ｸﾗｽ,36.4,逃げ,4,7,5,小倉,T,2000,重,7,8,１勝ｸﾗｽ,37.3,後方,7,5,17,京都,T,2000,良,6,4,１勝ｸﾗｽ,35.5,先行,2,5,3,京都,T,2000,良,3,4,１勝ｸﾗｽ,34.1,追込,15,1,18,京都,T,2400,良,11,9,１勝ｸﾗｽ,36.9,中団,4
2,,2,,,,,ダノンヒストリー,,牡,3,6,7,4,函館,T,2600,良,1,1,１勝ｸﾗｽ,35.7,先行,32,11,24,東京,T,1800,良,7,1,東京スポG2,33.5,後方,24,6,8,東京,T,1800,良,1,1,新馬,34.8,逃げ,初,,,,,,,,,,,,,,,,,,,,,,,,
3,,3,,,,,ゲンジ,,牡,4,7,6,28,福島,T,2600,良,1,3,１勝ｸﾗｽ,34.1,先行,3,6,6,東京,T,2400,良,4,7,稲城特別･1勝,33.6,差し,4,5,10,新潟,T,2400,良,2,6,荒川峡特･1勝,35.7,先行,2,4,26,福島,T,2000,良,7,3,飯盛山特･1勝,35.6,中団,2,4,12,福島,T,2600,良,5,1,燧ヶ岳特･1勝,35.9,先行,8
3,B,4,,,,,マイネルゼウス,,牡,4,4,7,18,函館,T,2600,良,1,6,１勝ｸﾗｽ,37.4,逃げ,4,6,20,函館,T,2600,良,4,2,駒ケ岳特･1勝,34.7,差し,8,4,26,福島,T,2000,良,4,5,飯盛山特･1勝,35.6,先行,8,3,1,小倉,T,2000,良,7,1,唐戸特別･1勝,35.8,先行,2,2,15,小倉,T,2000,稍,3,3,１勝ｸﾗｽ,36.1,逃げ,2
4,,5,,,,,パープルクラウド,,牡,6,13,5,17,京都,T,2400,良,8,9,白川特別･2勝,36.0,後方,12,2,21,小倉,T,2600,良,15,15,皿倉山特･2勝,37.4,中団,4,1,24,小倉,T,2600,良,5,9,海の中道･2勝,35.2,中団,10,11,16,福島,T,2600,良,11,16,三陸特別･2勝,35.6,中団,13,8,17,札幌,T,2600,稍,12,13,阿寒湖特･2勝,39.1,中団,6
4,,6,,,,,アスクデッドヒート,,牡,4,3,7,25,札幌,T,2600,良,4,4,ライラッ･2勝,35.5,差し,3,7,5,函館,T,2600,良,2,3,横津岳Ｈ･2勝,34.9,差し,5,5,31,東京,T,2400,良,5,5,青嵐賞･2勝,33.6,中団,2,5,17,京都,T,2400,良,5,3,白川特別･2勝,34.2,後方,3,4,26,福島,T,2600,良,1,2,１勝ｸﾗｽ,35.0,先行,8
5,,7,,,,,ブリヤディアマンテ,,牡,4,6,7,5,函館,T,2600,良,8,10,横津岳Ｈ･2勝,35.2,後方,21,2,7,京都,T,2000,良,8,6,２勝ｸﾗｽ,35.6,後方,2,1,24,小倉,T,2600,良,8,7,海の中道･2勝,36.3,後方,10,11,15,福島,T,2600,良,1,7,１勝ｸﾗｽ,36.3,差し,連,11,9,福島,T,2600,良,13,4,１勝ｸﾗｽ,35.4,後方,10
5,,8,,,,,レイデラルース,,牡,5,3,7,25,札幌,T,2600,良,5,7,ライラッ･2勝,36.3,先行,12,5,2,東京,T,2400,良,7,9,２勝ｸﾗｽ,35.8,先行,4,4,5,中山,T,2500,稍,4,8,安房特別･2勝,37.9,差し,11,1,18,中山,T,2200,良,9,7,２勝ｸﾗｽ,35.0,ﾏｸﾘ,59,12,1,中山,T,2500,良,3,4,２勝ｸﾗｽ,36.2,先行,10
6,,9,,,,,サラトガチップス,,牡,5,7,6,28,小倉,T,2600,良,2,2,帆柱山特･2勝,34.5,先行,16,3,7,中山,T,2500,稍,2,4,潮来特Ｈ･2勝,37.1,差し,6,1,24,小倉,T,2600,良,6,3,海の中道･2勝,35.7,先行,29,7,6,小倉,T,2600,良,2,3,九州スポ･2勝,37.0,先行,20,2,16,小倉,T,2600,良,1,2,１勝ｸﾗｽ,37.1,先行,3
6,,10,,,,,ドッビアーコ,,セ,5,3,7,25,札幌,T,2600,良,6,11,ライラッ･2勝,36.4,逃げ,4,6,27,函館,T,2000,稍,9,10,洞爺湖特･2勝,35.7,後方,15,3,15,阪神,D,1800,良,11,8,２勝ｸﾗｽ,42.8,逃げ,2,2,28,小倉,D,1700,重,12,12,早鞆特Ｈ･2勝,38.3,中団,9,12,28,阪神,D,1800,良,10,7,２勝ｸﾗｽ,38.4,中団,13
7,,11,,,,,ライフセービング,,牡,5,3,7,25,札幌,T,2600,良,3,10,ライラッ･2勝,35.3,差し,3,7,5,函館,T,2600,良,7,9,横津岳Ｈ･2勝,35.0,後方,15,3,21,阪神,T,2600,良,5,8,淡路特別･2勝,34.0,後方,2,3,7,阪神,T,2000,良,7,6,千里山Ｈ･2勝,35.0,中団,8,1,12,京都,T,2400,良,9,8,琵琶湖特･2勝,35.6,後方,3
7,,12,,,,,ジュンツバメガエシ,,牡,6,3,7,25,札幌,T,2600,良,2,2,ライラッ･2勝,35.3,差し,3,7,5,函館,T,2600,良,5,7,横津岳Ｈ･2勝,34.8,中団,32,11,24,東京,T,2400,良,3,2,南武特別･2勝,34.6,差し,3,11,1,東京,T,2400,良,2,3,本栖湖Ｈ･2勝,34.1,先行,9,8,31,中京,T,2200,良,2,3,美濃特別･2勝,33.1,先行,5
8,,13,,,,,ラーシャローム,,牡,4,6,7,5,函館,T,2600,良,4,4,横津岳Ｈ･2勝,35.3,先行,11,4,19,福島,T,2600,良,2,3,奥の細道･2勝,35.0,追込,6,3,7,中山,T,2500,稍,4,9,潮来特Ｈ･2勝,36.9,追込,10,12,28,中山,T,2500,良,9,9,グッドＨ･2勝,35.9,後方,9,10,26,京都,T,3000,稍,17,16,菊花賞G1,39.2,後方,10
8,,14,,,,,リアルファインド,,牡,5,6,7,5,函館,T,2600,良,6,8,横津岳Ｈ･2勝,35.2,先行,11,4,19,福島,T,2600,良,4,9,奥の細道･2勝,35.9,差し,9,2,15,小倉,T,2600,稍,1,12,１勝ｸﾗｽ,35.4,逃げ,14,11,9,福島,T,2600,良,5,15,１勝ｸﾗｽ,35.4,中団,24,5,25,東京,T,2400,稍,6,6,１勝ｸﾗｽ,34.7,先行,24
レースID(新),日付S,曜日,場所,開催,R,レース名,クラス名,芝・ダート,距離,コース区分,コーナー回数,馬場状態(暫定),天候(暫定),フルゲート頭数,発走時刻,性別限定,重量種別,年齢限定
2026081604020801,2026.8.16,日,新潟,2新8,1,,未勝利,芝,1600,A,2,良(暫定),晴(暫定),18,09:40,牝,馬齢,２歳
枠番,B,番,印,M2,M3,M4,馬名S,Ｃ,性別,年齢,間隔,月,日,場所,TD,距離,馬場状態,着順,人気,ﾚｰｽ名･1走前,上り3F,決手,前走間隔,月,日,場所,TD,距離,馬場状態,着順,人気,ﾚｰｽ名･2走前,上り3F,決手,前走間隔,月,日,場所,TD,距離,馬場状態,着順,人気,ﾚｰｽ名･3走前,上り3F,決手,前走間隔,月,日,場所,TD,距離,馬場状態,着順,人気,ﾚｰｽ名･4走前,上り3F,決手,前走間隔,月,日,場所,TD,距離,馬場状態,着順,人気,ﾚｰｽ名･5走前,上り3F,決手,前走間隔
1,,1,,,,,サトノスプレマシー,,牝,2,3,7,25,新潟,T,1600,良,5,3,新馬・牝,32.8,中団,初,,,,,,,,,,,,,,,,,,,,,,,,,,,,,,,,,,,,,,,,,,,,,,,,
2,,2,,,,,ユタライト,,牝,2,9,6,13,東京,T,1600,良,6,2,新馬・牝,35.4,先行,初,,,,,,,,,,,,,,,,,,,,,,,,,,,,,,,,,,,,,,,,,,,,,,,,
3,,3,,,,,ビーズスティンガー,,牝,2,2,8,1,新潟,T,1400,良,14,12,新馬,35.1,後方,初,,,,,,,,,,,,,,,,,,,,,,,,,,,,,,,,,,,,,,,,,,,,,,,,
4,,4,,,,,アテナブレイブ,,牝,2,3,7,26,新潟,T,1400,良,6,3,未勝利・牝*,35.6,先行,7,6,6,東京,T,1600,良,4,5,新馬,33.8,差し,初,,,,,,,,,,,,,,,,,,,,,,,,,,,,,,,,,,,,
4,,5,,,,,アルアンダルス,,牝,2,7,6,28,福島,T,1800,良,12,10,新馬,36.1,後方,初,,,,,,,,,,,,,,,,,,,,,,,,,,,,,,,,,,,,,,,,,,,,,,,,
5,,6,,,,,スケルツォテソーロ,,牝,2,9,6,14,函館,T,1000,良,6,7,新馬,34.4,後方,初,,,,,,,,,,,,,,,,,,,,,,,,,,,,,,,,,,,,,,,,,,,,,,,,
5,,7,,,,,クラオルグジェシダ,,牝,2,2,8,2,新潟,T,1600,良,5,9,新馬,34.9,先行,初,,,,,,,,,,,,,,,,,,,,,,,,,,,,,,,,,,,,,,,,,,,,,,,,
6,,8,,,,,インサイドエッジ,,牝,2,8,6,20,東京,T,1400,稍,2,8,新馬・牝,33.6,差し,初,,,,,,,,,,,,,,,,,,,,,,,,,,,,,,,,,,,,,,,,,,,,,,,,
6,,9,,,,,シュネーバレン,,牝,2,2,8,2,新潟,T,1600,良,5,6,未勝利*,34.2,先行,2,7,18,福島,T,1200,良,3,2,未勝利*,35.7,差し,2,7,5,福島,T,1200,良,2,2,新馬,36.2,先行,初,,,,,,,,,,,,,,,,,,,,,,,,
7,,10,,,,,スターリーデー,,牝,2,8,6,20,東京,T,1400,稍,6,5,新馬・牝,34.3,中団,初,,,,,,,,,,,,,,,,,,,,,,,,,,,,,,,,,,,,,,,,,,,,,,,,
7,,11,,,,,フランベリー,,牝,2,4,7,18,福島,T,1800,良,14,12,新馬・牝,38.8,後方,初,,,,,,,,,,,,,,,,,,,,,,,,,,,,,,,,,,,,,,,,,,,,,,,,
8,,12,,,,,レーゲンシャウアー,,牝,2,2,8,2,新潟,T,1600,良,12,13,新馬,35.5,中団,初,,,,,,,,,,,,,,,,,,,,,,,,,,,,,,,,,,,,,,,,,,,,,,,,
8,,13,,,,,トリプティーク,,牝,2,3,7,25,新潟,T,1800,良,9,9,未勝利*,35.5,先行,4,6,28,福島,T,1800,良,9,14,新馬,36.3,中団,初,,,,,,,,,,,,,,,,,,,,,,,,,,,,,,,,,,,,
レースID(新),日付S,曜日,場所,開催,R,レース名,クラス名,芝・ダート,距離,コース区分,コーナー回数,馬場状態(暫定),天候(暫定),フルゲート頭数,発走時刻,性別限定,重量種別,年齢限定
2026081604020802,2026.8.16,日,新潟,2新8,2,,未勝利,芝,2400,A,4,良(暫定),晴(暫定),18,10:10,,馬齢,３歳
枠番,B,番,印,M2,M3,M4,馬名S,Ｃ,性別,年齢,間隔,月,日,場所,TD,距離,馬場状態,着順,人気,ﾚｰｽ名･1走前,上り3F,決手,前走間隔,月,日,場所,TD,距離,馬場状態,着順,人気,ﾚｰｽ名･2走前,上り3F,決手,前走間隔,月,日,場所,TD,距離,馬場状態,着順,人気,ﾚｰｽ名･3走前,上り3F,決手,前走間隔,月,日,場所,TD,距離,馬場状態,着順,人気,ﾚｰｽ名･4走前,上り3F,決手,前走間隔,月,日,場所,TD,距離,馬場状態,着順,人気,ﾚｰｽ名･5走前,上り3F,決手,前走間隔
1,,1,,,,,アグアフレスカ,,牝,3,5,7,12,函館,T,2600,重,6,7,未勝利,37.5,先行,4,6,14,東京,D,2100,稍,13,3,未勝利,40.8,中団,7,4,26,東京,T,2400,良,6,5,未勝利,35.1,逃げ,9,2,21,東京,T,2400,良,6,7,未勝利,35.2,中団,6,1,11,中山,T,2200,良,8,10,未勝利,36.0,中団,4
1,B,2,,,,,ノブステップ,,牡,3,2,8,2,新潟,T,1400,良,11,14,未勝利,35.1,中団,20,3,15,中山,D,1200,良,10,6,未勝利,38.3,後方,13,12,13,阪神,T,1200,良,8,9,未勝利*,34.0,後方,2,11,29,東京,T,1800,良,9,7,未勝利*,34.7,中団,20,7,12,福島,T,1800,良,4,7,未勝利*,37.2,追込,3
2,,3,,,,,サヴマ,,牡,3,2,8,2,新潟,T,2200,良,3,10,未勝利,35.5,先行,2,7,18,福島,T,2000,良,12,6,未勝利,38.2,先行,27,1,10,中山,T,2000,良,4,6,新馬,35.3,ﾏｸﾘ,初,,,,,,,,,,,,,,,,,,,,,,,,
2,B,4,,,,,レイランディ,,牡,3,8,6,21,東京,D,2100,不,13,13,未勝利,38.1,後方,10,4,11,中山,D,1800,重,12,6,未勝利,41.7,後方,3,3,21,中山,T,2200,良,7,8,未勝利,36.4,後方,6,2,10,東京,T,2400,良,9,10,未勝利,36.3,先行,22,9,7,中山,T,2000,良,5,6,未勝利*,34.1,後方,3
3,B,5,,,,,ベルトラッキ,,牡,3,4,7,18,福島,T,2000,良,7,3,未勝利,36.6,中団,2,7,4,福島,T,2600,稍,5,2,未勝利,35.5,後方,6,5,23,新潟,T,2400,稍,5,1,未勝利,36.1,先行,5,4,18,福島,T,2600,良,2,1,未勝利,34.4,差し,6,3,7,中山,T,2200,稍,5,2,未勝利,36.5,中団,4
3,B,6,,,,,アイスアイスベイビ,,牡,3,6,7,4,福島,T,2600,稍,9,8,未勝利,37.1,先行,7,5,17,東京,D,2100,良,4,3,未勝利,38.6,差し,2,5,2,新潟,T,2200,稍,5,3,未勝利,36.9,先行,5,3,29,中山,T,2200,良,5,9,未勝利,36.3,中団,3,3,7,中山,T,2200,稍,7,6,未勝利,36.5,中団,4
4,,7,,,,,ラウターユーベル,,牡,3,7,6,27,函館,T,1800,稍,10,13,未勝利,35.1,後方,4,5,31,東京,T,1600,良,7,10,未勝利,34.0,後方,2,5,17,東京,T,1800,良,8,13,未勝利,33.4,後方,連,5,7,船橋,D,1600,良,5,5,ナイス,----,逃げ,13,2,7,京都,D,1900,良,8,8,未勝利,40.6,中団,2
4,,8,,,,,コンティ,,牝,3,8,6,21,函館,T,1800,良,9,5,未勝利,35.5,中団,20,1,31,東京,T,1800,良,9,1,新馬,33.7,中団,初,,,,,,,,,,,,,,,,,,,,,,,,,,,,,,,,,,,,
5,,9,,,,,ノアソノマ,,セ,3,4,7,18,福島,T,2000,良,15,16,未勝利,37.8,後方,5,6,14,東京,D,1300,稍,15,11,未勝利,38.5,後方,初,,,,,,,,,,,,,,,,,,,,,,,,,,,,,,,,,,,,
5,,10,,,,,フライングビーナス,,牝,3,5,7,11,福島,T,1800,良,10,10,未勝利,34.8,後方,6,5,30,東京,T,2000,良,11,5,未勝利,35.4,先行,7,4,11,福島,T,2000,良,7,6,未勝利,35.2,後方,初,,,,,,,,,,,,,,,,,,,,,,,,
6,B,11,,,,,シャリキモン,,牡,3,2,8,1,中京,T,2000,良,9,3,未勝利,35.7,中団,4,7,4,小倉,T,2600,重,4,3,未勝利,38.8,ﾏｸﾘ,6,5,24,京都,T,2000,良,4,4,未勝利,35.8,先行,2,5,10,京都,T,2000,良,3,10,未勝利,36.0,ﾏｸﾘ,4,4,11,阪神,T,2000,稍,6,7,未勝利,35.7,後方,7
6,,12,,,,,ゴールドエンバー,,牡,3,9,6,13,東京,T,2400,稍,8,6,未勝利,34.9,中団,2,5,30,東京,T,2400,良,2,11,未勝利,34.4,差し,4,5,2,新潟,T,2200,稍,8,13,未勝利,36.2,後方,11,2,15,東京,D,2100,良,9,11,未勝利,39.9,中団,2,2,1,東京,D,2100,良,6,5,未勝利,40.2,後方,3
7,B,13,,,,,ヨーゼフ,,牡,3,6,7,4,福島,T,2600,稍,8,15,未勝利,36.0,中団,6,5,23,新潟,T,2400,稍,13,13,未勝利,37.1,後方,初,,,,,,,,,,,,,,,,,,,,,,,,,,,,,,,,,,,,
7,,14,,,,,アルティマローネ,,牝,3,6,7,4,福島,T,2000,良,2,8,未勝利・牝,35.5,差し,11,4,18,福島,T,2000,良,8,6,未勝利・牝,35.3,後方,12,1,25,中山,T,2000,良,5,7,新馬,34.5,中団,初,,,,,,,,,,,,,,,,,,,,,,,,
8,,15,,,,,ゾネブルーム,,牡,3,9,6,13,東京,T,2400,稍,5,3,未勝利,35.0,先行,3,5,23,新潟,T,2400,稍,3,3,未勝利,35.3,差し,17,1,24,中山,T,2200,良,3,10,未勝利,35.6,差し,13,10,25,東京,D,1600,稍,8,7,新馬,36.8,後方,初,,,,,,,,,,,,
8,B,16,,,,,メジロピオラ,,牝,3,2,8,1,新潟,D,1800,稍,8,4,未勝利・牝,42.1,先行,連,7,25,新潟,D,1800,稍,2,4,未勝利・牝,40.0,差し,12,5,2,新潟,D,1800,不,13,7,未勝利・牝,45.1,中団,2,4,19,福島,D,1700,良,13,3,未勝利・牝,41.2,中団,3,3,28,中京,D,1800,稍,2,7,未勝利・牝,39.0,先行,3
8,B,17,,,,,コスモメイウェザー,,牡,3,3,7,26,新潟,D,1800,不,12,11,未勝利,40.7,中団,56,6,29,福島,T,1800,良,12,10,新馬,37.6,後方,初,,,,,,,,,,,,,,,,,,,,,,,,,,,,,,,,,,,,
レースID(新),日付S,曜日,場所,開催,R,レース名,クラス名,芝・ダート,距離,コース区分,コーナー回数,馬場状態(暫定),天候(暫定),フルゲート頭数,発走時刻,性別限定,重量種別,年齢限定
2026081604020803,2026.8.16,日,新潟,2新8,3,,未勝利,ダート,1200,,2,良(暫定),晴(暫定),15,10:40,,馬齢,２歳
枠番,B,番,印,M2,M3,M4,馬名S,Ｃ,性別,年齢,間隔,月,日,場所,TD,距離,馬場状態,着順,人気,ﾚｰｽ名･1走前,上り3F,決手,前走間隔,月,日,場所,TD,距離,馬場状態,着順,人気,ﾚｰｽ名･2走前,上り3F,決手,前走間隔,月,日,場所,TD,距離,馬場状態,着順,人気,ﾚｰｽ名･3走前,上り3F,決手,前走間隔,月,日,場所,TD,距離,馬場状態,着順,人気,ﾚｰｽ名･4走前,上り3F,決手,前走間隔,月,日,場所,TD,距離,馬場状態,着順,人気,ﾚｰｽ名･5走前,上り3F,決手,前走間隔
1,,1,,,,,サザンヴィターレ,,牝,2,連,8,8,新潟,D,1200,良,3,7,新馬,37.9,先行,初,,,,,,,,,,,,,,,,,,,,,,,,,,,,,,,,,,,,,,,,,,,,,,,,
2,,2,,,,,ラヴァブルロマン,,牝,2,7,6,27,福島,D,1150,稍,8,6,新馬,38.8,後方,初,,,,,,,,,,,,,,,,,,,,,,,,,,,,,,,,,,,,,,,,,,,,,,,,
2,,3,,,,,ラキアーヴェ,,牝,2,9,6,14,東京,D,1400,稍,9,5,新馬,42.4,逃げ,初,,,,,,,,,,,,,,,,,,,,,,,,,,,,,,,,,,,,,,,,,,,,,,,,
3,B,4,,,,,セイウンガジュマル,,牡,2,7,6,27,福島,D,1150,稍,5,4,新馬,39.0,先行,初,,,,,,,,,,,,,,,,,,,,,,,,,,,,,,,,,,,,,,,,,,,,,,,,
3,,5,,,,,パルセノスミハ,,牝,2,5,7,11,福島,T,1200,良,9,9,新馬,36.1,中団,初,,,,,,,,,,,,,,,,,,,,,,,,,,,,,,,,,,,,,,,,,,,,,,,,
4,,6,,,,,アレックスケー,,牡,2,3,7,25,新潟,D,1200,稍,3,5,新馬,38.2,差し,初,,,,,,,,,,,,,,,,,,,,,,,,,,,,,,,,,,,,,,,,,,,,,,,,
4,,7,,,,,キュータンチャン,,牡,2,9,6,14,東京,D,1400,稍,6,9,新馬,37.7,中団,初,,,,,,,,,,,,,,,,,,,,,,,,,,,,,,,,,,,,,,,,,,,,,,,,
5,,8,,,,,イリスロッソ,,牝,2,3,7,26,札幌,D,1000,良,2,9,未勝利*,36.0,差し,2,7,11,函館,T,1200,稍,8,5,新馬,36.1,先行,初,,,,,,,,,,,,,,,,,,,,,,,,,,,,,,,,,,,,
5,,9,,,,,ブラボーワン,,牡,2,9,6,13,東京,T,1400,良,8,6,新馬,36.0,後方,初,,,,,,,,,,,,,,,,,,,,,,,,,,,,,,,,,,,,,,,,,,,,,,,,
6,,10,,,,,マリノエスプレッソ,,牝,2,7,6,27,福島,D,1150,稍,4,8,新馬,38.5,差し,初,,,,,,,,,,,,,,,,,,,,,,,,,,,,,,,,,,,,,,,,,,,,,,,,
6,B,11,,,,,エリンヘラクレス,,牡,2,4,7,19,福島,T,1200,良,14,16,新馬,36.4,後方,初,,,,,,,,,,,,,,,,,,,,,,,,,,,,,,,,,,,,,,,,,,,,,,,,
7,,12,,,,,レオライジング,,牝,2,4,7,19,福島,D,1150,良,7,7,未勝利*,39.9,先行,3,6,27,福島,D,1150,稍,9,7,新馬,39.2,後方,初,,,,,,,,,,,,,,,,,,,,,,,,,,,,,,,,,,,,
7,,13,,,,,アイアムキレマスネ,,牡,2,4,7,19,福島,T,1200,良,13,10,新馬,36.3,中団,初,,,,,,,,,,,,,,,,,,,,,,,,,,,,,,,,,,,,,,,,,,,,,,,,
8,,14,,,,,リコルディオーロ,,牡,2,3,7,25,新潟,D,1200,稍,5,8,新馬,38.8,中団,初,,,,,,,,,,,,,,,,,,,,,,,,,,,,,,,,,,,,,,,,,,,,,,,,
8,,15,,,,,アップルザビート,,牡,2,5,7,11,福島,T,1200,良,11,8,新馬,35.8,中団,初,,,,,,,,,,,,,,,,,,,,,,,,,,,,,,,,,,,,,,,,,,,,,,,,
レースID(新),日付S,曜日,場所,開催,R,レース名,クラス名,芝・ダート,距離,コース区分,コーナー回数,馬場状態(暫定),天候(暫定),フルゲート頭数,発走時刻,性別限定,重量種別,年齢限定
2026081604020804,2026.8.16,日,新潟,2新8,4,,新馬,芝,1600,A,2,良(暫定),晴(暫定),18,11:10,,馬齢,２歳
枠番,B,番,印,M2,M3,M4,馬名S,Ｃ,性別,年齢,間隔,月,日,場所,TD,距離,馬場状態,着順,人気,ﾚｰｽ名･1走前,上り3F,決手,前走間隔,月,日,場所,TD,距離,馬場状態,着順,人気,ﾚｰｽ名･2走前,上り3F,決手,前走間隔,月,日,場所,TD,距離,馬場状態,着順,人気,ﾚｰｽ名･3走前,上り3F,決手,前走間隔,月,日,場所,TD,距離,馬場状態,着順,人気,ﾚｰｽ名･4走前,上り3F,決手,前走間隔,月,日,場所,TD,距離,馬場状態,着順,人気,ﾚｰｽ名･5走前,上り3F,決手,前走間隔
1,,1,,,,,アルティシモ,,牡,2,初,,,,,,,,,,,,,,,,,,,,,,,,,,,,,,,,,,,,,,,,,,,,,,,,,,,,,,,,,,,,
2,,2,,,,,ビップラージャ,,牡,2,初,,,,,,,,,,,,,,,,,,,,,,,,,,,,,,,,,,,,,,,,,,,,,,,,,,,,,,,,,,,,
3,,3,,,,,ラヴレイン,,牝,2,初,,,,,,,,,,,,,,,,,,,,,,,,,,,,,,,,,,,,,,,,,,,,,,,,,,,,,,,,,,,,
4,,4,,,,,ロインクロス,,牡,2,初,,,,,,,,,,,,,,,,,,,,,,,,,,,,,,,,,,,,,,,,,,,,,,,,,,,,,,,,,,,,
4,,5,,,,,ヨドノプレミアム,,牡,2,初,,,,,,,,,,,,,,,,,,,,,,,,,,,,,,,,,,,,,,,,,,,,,,,,,,,,,,,,,,,,
5,,6,,,,,リキマル,,牡,2,初,,,,,,,,,,,,,,,,,,,,,,,,,,,,,,,,,,,,,,,,,,,,,,,,,,,,,,,,,,,,
5,,7,,,,,ダノンアズール,,牡,2,初,,,,,,,,,,,,,,,,,,,,,,,,,,,,,,,,,,,,,,,,,,,,,,,,,,,,,,,,,,,,
6,,8,,,,,ノーブルミント,,牝,2,初,,,,,,,,,,,,,,,,,,,,,,,,,,,,,,,,,,,,,,,,,,,,,,,,,,,,,,,,,,,,
6,,9,,,,,トップレイアー,,牡,2,初,,,,,,,,,,,,,,,,,,,,,,,,,,,,,,,,,,,,,,,,,,,,,,,,,,,,,,,,,,,,
7,,10,,,,,パープルタウン,,牝,2,初,,,,,,,,,,,,,,,,,,,,,,,,,,,,,,,,,,,,,,,,,,,,,,,,,,,,,,,,,,,,
7,,11,,,,,マルスレジーナ,,牝,2,初,,,,,,,,,,,,,,,,,,,,,,,,,,,,,,,,,,,,,,,,,,,,,,,,,,,,,,,,,,,,
8,,12,,,,,リアスブルー,,牝,2,初,,,,,,,,,,,,,,,,,,,,,,,,,,,,,,,,,,,,,,,,,,,,,,,,,,,,,,,,,,,,
8,,13,,,,,コスモデュアリズム,,牡,2,初,,,,,,,,,,,,,,,,,,,,,,,,,,,,,,,,,,,,,,,,,,,,,,,,,,,,,,,,,,,,
レースID(新),日付S,曜日,場所,開催,R,レース名,クラス名,芝・ダート,距離,コース区分,コーナー回数,馬場状態(暫定),天候(暫定),フルゲート頭数,発走時刻,性別限定,重量種別,年齢限定
2026081604020805,2026.8.16,日,新潟,2新8,5,,1勝,芝,1800,A,2,良(暫定),晴(暫定),18,11:40,,定量,３上
枠番,B,番,印,M2,M3,M4,馬名S,Ｃ,性別,年齢,間隔,月,日,場所,TD,距離,馬場状態,着順,人気,ﾚｰｽ名･1走前,上り3F,決手,前走間隔,月,日,場所,TD,距離,馬場状態,着順,人気,ﾚｰｽ名･2走前,上り3F,決手,前走間隔,月,日,場所,TD,距離,馬場状態,着順,人気,ﾚｰｽ名･3走前,上り3F,決手,前走間隔,月,日,場所,TD,距離,馬場状態,着順,人気,ﾚｰｽ名･4走前,上り3F,決手,前走間隔,月,日,場所,TD,距離,馬場状態,着順,人気,ﾚｰｽ名･5走前,上り3F,決手,前走間隔
1,,1,,,,,ペプロス,,牝,4,5,7,12,福島,T,1800,稍,12,10,織姫賞･1勝,36.9,先行,8,5,17,東京,T,1800,良,6,8,１勝ｸﾗｽ,33.6,先行,3,4,25,福島,T,1800,良,6,6,１勝ｸﾗｽ・牝,36.0,中団,13,1,24,中山,T,1600,良,7,8,１勝ｸﾗｽ,34.6,中団,6,12,14,中京,T,2000,稍,14,8,１勝ｸﾗｽ・牝,36.2,先行,17
2,,2,,,,,ビルバンテ,,牡,3,10,6,7,東京,D,1400,良,13,9,１勝ｸﾗｽ,40.1,先行,10,3,29,中山,D,1200,稍,9,6,１勝ｸﾗｽ*,37.8,中団,8,1,31,東京,D,1600,良,14,10,１勝ｸﾗｽ*,39.1,先行,13,11,1,東京,D,1400,不,1,6,新馬,36.3,逃げ,初,,,,,,,,,,,,
3,,3,,,,,クモヒトツナイ,,牡,4,2,8,1,新潟,T,2200,良,9,10,燕特別･1勝,35.3,先行,4,7,5,福島,T,1800,良,6,8,１勝ｸﾗｽ,34.4,後方,3,6,14,東京,D,1600,稍,10,6,１勝ｸﾗｽ,36.3,中団,4,5,17,東京,T,1800,良,8,6,１勝ｸﾗｽ,33.4,中団,4,4,18,中山,T,2000,良,6,6,１勝ｸﾗｽ,34.8,中団,20
4,,4,,,,,モントゥリエ,,牝,3,15,5,3,東京,T,1600,良,1,6,未勝利,33.2,差し,12,2,10,東京,D,1600,稍,12,10,未勝利・牝,40.4,先行,12,11,15,東京,T,1600,良,13,11,新馬・牝,34.4,後方,初,,,,,,,,,,,,,,,,,,,,,,,,
5,,5,,,,,ショウナンダイン,,セ,3,8,6,20,東京,T,1800,稍,8,15,１勝ｸﾗｽ,34.9,後方,3,5,30,東京,D,1600,良,10,6,１勝ｸﾗｽ*,40.0,中団,3,5,9,東京,T,1800,良,8,11,１勝ｸﾗｽ*,34.4,中団,14,2,1,東京,T,1800,良,10,10,セントポ･1勝,33.5,中団,8,12,6,中京,T,1600,良,7,6,こうやま･1勝,33.5,後方,6
5,,6,,,,,ダノンファンスター,,牡,3,8,6,20,東京,T,1800,稍,2,1,１勝ｸﾗｽ,34.5,差し,14,3,15,中山,T,2000,良,1,2,未勝利,34.7,差し,初,,,,,,,,,,,,,,,,,,,,,,,,,,,,,,,,,,,,
6,,7,,,,,ケイツールピア,,牝,5,3,7,25,新潟,T,1800,良,11,10,１勝ｸﾗｽ,34.2,後方,32,12,14,中山,T,1800,稍,9,14,１勝ｸﾗｽ,34.6,後方,8,10,19,新潟,T,2000,稍,4,14,松浜特別･1勝,34.6,追込,4,9,20,中山,T,2000,良,8,16,１勝ｸﾗｽ,34.6,後方,3,8,31,新潟,T,2000,良,7,7,１勝ｸﾗｽ・牝,35.2,後方,3
6,,8,,,,,コーディアリー,,牡,3,10,6,7,東京,T,1600,良,1,6,未勝利,34.2,差し,3,5,16,新潟,T,1800,良,3,8,未勝利,34.3,差し,25,11,24,東京,T,2000,良,7,9,未勝利*,34.9,中団,2,11,9,東京,T,1800,良,7,11,未勝利*,35.8,先行,3,10,19,新潟,T,2000,稍,5,6,未勝利*,36.5,中団,13
7,,9,,,,,コスモキャバリエ,,牡,4,17,4,19,福島,T,1800,良,6,1,１勝ｸﾗｽ,35.4,先行,連,4,11,福島,T,1800,良,2,8,浄土平特･1勝,36.0,先行,3,3,21,中京,T,1600,良,5,9,１勝ｸﾗｽ,34.3,先行,26,9,20,中山,T,2000,良,9,15,１勝ｸﾗｽ,35.3,中団,3,8,31,新潟,T,2200,良,8,11,瓢湖特別･1勝,36.6,先行,4
7,B,10,,,,,キシダンチョウ,,牡,3,3,7,25,新潟,T,1800,良,3,3,１勝ｸﾗｽ,34.2,逃げ,13,4,25,京都,T,1800,良,3,3,あやめ賞･1勝,34.1,追込,6,3,15,阪神,T,2400,良,4,2,ゆきやな･1勝,35.9,ﾏｸﾘ,11,12,28,阪神,T,1600,良,1,1,新馬,34.2,差し,初,,,,,,,,,,,,
8,,11,,,,,カザンラク,,牡,4,12,5,23,東京,T,1600,良,6,1,１勝ｸﾗｽ,33.7,後方,13,2,22,東京,T,1800,良,2,5,１勝ｸﾗｽ,34.4,先行,20,10,5,東京,T,1800,良,3,4,１勝ｸﾗｽ,33.5,差し,9,8,2,新潟,T,1600,良,8,7,五頭連峰･1勝,33.2,後方,9,5,31,東京,T,1400,稍,8,1,１勝ｸﾗｽ*,35.0,中団,5
8,,12,,,,,デイジー,,牝,5,18,4,11,福島,T,1800,良,12,2,浄土平特･1勝,36.8,中団,13,1,11,中山,T,1600,良,3,2,１勝ｸﾗｽ,35.2,先行,7,11,22,福島,T,1800,良,2,4,高湯温泉･1勝,34.7,先行,2,11,9,福島,T,1800,良,3,4,二本松特･1勝,35.8,先行,2,10,26,新潟,T,1800,稍,3,6,１勝ｸﾗｽ・牝,34.5,差し,9
レースID(新),日付S,曜日,場所,開催,R,レース名,クラス名,芝・ダート,距離,コース区分,コーナー回数,馬場状態(暫定),天候(暫定),フルゲート頭数,発走時刻,性別限定,重量種別,年齢限定
2026081604020806,2026.8.16,日,新潟,2新8,6,稲妻Ｓ,3勝,芝,1000,A,0,良(暫定),晴(暫定),18,14:50,,定量,３上
枠番,B,番,印,M2,M3,M4,馬名S,Ｃ,性別,年齢,間隔,月,日,場所,TD,距離,馬場状態,着順,人気,ﾚｰｽ名･1走前,上り3F,決手,前走間隔,月,日,場所,TD,距離,馬場状態,着順,人気,ﾚｰｽ名･2走前,上り3F,決手,前走間隔,月,日,場所,TD,距離,馬場状態,着順,人気,ﾚｰｽ名･3走前,上り3F,決手,前走間隔,月,日,場所,TD,距離,馬場状態,着順,人気,ﾚｰｽ名･4走前,上り3F,決手,前走間隔,月,日,場所,TD,距離,馬場状態,着順,人気,ﾚｰｽ名･5走前,上り3F,決手,前走間隔
1,,1,,,,,トーアアイギス,,牝,5,14,5,9,新潟,T,1000,良,11,14,駿風Ｓ･3勝,34.9,逃げ,22,12,7,中山,D,1800,良,16,15,市川ＳＨ･3勝,45.8,逃げ,22,7,5,福島,D,1150,良,16,14,ＴＵＦ杯･3勝,36.0,後方,14,3,30,中山,T,1200,良,14,14,船橋ＳＨ･3勝,35.3,中団,10,1,18,中京,D,1400,良,14,15,遠江Ｓ･3勝,37.7,逃げ,6
2,B,2,,,,,リュウノタブーク,,牝,5,連,8,9,新潟,T,1000,良,12,17,驀進特別･2勝,32.2,後方,12,5,17,東京,T,1600,良,12,11,テレ玉杯･2勝,35.8,先行,3,4,26,東京,T,1400,良,8,11,２勝ｸﾗｽ・牝,33.5,中団,10,2,15,東京,T,1600,良,11,13,２勝ｸﾗｽ,34.8,後方,4,1,18,中山,D,1800,良,15,13,２勝ｸﾗｽ・牝,41.5,中団,13
3,B,3,,,,,スコーピオン,,牡,5,14,5,9,新潟,T,1000,良,13,11,駿風Ｓ･3勝,34.6,中団,12,2,14,小倉,T,1200,良,14,17,下関Ｓ･3勝,35.9,先行,2,1,31,小倉,T,1200,良,16,18,巌流島Ｈ･3勝,34.9,先行,4,1,5,中山,T,1200,良,9,14,サンラＨ･3勝,35.3,先行,4,12,7,中山,T,1200,良,11,10,南総Ｓ･3勝,34.9,中団,6
4,B,4,,,,,ショウナンラスボス,,牡,8,5,7,11,福島,T,1200,良,9,9,会津ＳＨ･3勝,34.7,中団,9,5,9,新潟,T,1000,良,7,15,駿風Ｓ･3勝,33.2,後方,5,4,5,阪神,T,1400,良,13,18,心斎橋Ｈ･3勝,35.4,中団,5,2,28,中山,D,1200,稍,16,14,春風ＳＨ･3勝,38.1,中団,8,1,5,中山,T,1200,良,10,12,サンラＨ･3勝,35.1,中団,11
4,B,5,,,,,エコロジーク,,牡,4,6,7,4,函館,T,1200,良,14,11,ＴＶｈ杯･3勝,35.1,先行,2,6,21,函館,T,1200,良,7,10,ＵＨＢＨ･3勝,35.0,先行,6,5,9,新潟,T,1000,良,8,3,駿風Ｓ･3勝,34.2,先行,7,3,21,阪神,T,1200,良,16,3,淀屋橋Ｈ･3勝,35.9,先行,22,10,18,新潟,T,1200,良,16,2,北陸ＳＨ･3勝,35.2,先行,6
5,,6,,,,,ベイビーキッス,,牝,4,4,7,18,小倉,T,1200,良,3,3,テレＱ杯･3勝,35.6,先行,3,6,28,小倉,T,1200,良,2,5,紫川ＳＨ･3勝,35.1,逃げ,5,5,24,新潟,T,1000,稍,12,12,韋駄天ＳＨ,32.7,後方,2,5,9,新潟,T,1000,良,9,1,駿風Ｓ･3勝,33.9,中団,12,2,14,小倉,T,1200,良,12,10,下関Ｓ･3勝,34.8,後方,2
5,B,7,,,,,クーデール,,牝,4,5,7,11,小倉,D,1000,良,8,8,釜山Ｓ･3勝,37.8,逃げ,15,3,28,中山,D,1200,重,16,8,ブラッド･3勝,39.4,先行,11,1,12,中山,D,1200,良,13,7,初春ＳＨ･3勝,38.7,先行,4,12,14,阪神,D,1200,良,1,6,２勝ｸﾗｽ,36.7,先行,6,11,2,京都,D,1200,稍,外,--,２勝ｸﾗｽ,----,,13
6,,8,,,,,カウスリップ,,牝,4,2,8,2,新潟,T,1000,良,3,10,アイビスG3,32.2,先行,12,5,9,新潟,T,1000,良,3,2,駿風Ｓ･3勝,33.9,先行,2,4,25,福島,D,1150,良,5,9,福島中央･3勝,36.6,中団,17,12,28,中山,D,1200,良,10,6,フェアウ･3勝,38.4,先行,13,9,28,中山,D,1200,良,9,2,外房ＳＨ･3勝,37.4,先行,6
6,,9,,,,,メイショウキルギス,,牡,5,5,7,11,小倉,D,1000,良,5,5,釜山Ｓ･3勝,36.8,先行,9,5,9,新潟,T,1000,良,6,7,駿風Ｓ･3勝,33.8,中団,25,11,15,福島,D,1150,良,12,7,フルーツ･3勝,37.7,先行,15,8,3,札幌,D,1000,良,1,6,２勝ｸﾗｽ,35.7,逃げ,20,3,16,中山,D,1200,不,16,5,２勝ｸﾗｽ,40.2,逃げ,10
7,B,10,,,,,クールベイビー,,牝,5,連,8,9,新潟,T,1000,良,1,2,驀進特別･2勝,33.1,先行,12,5,17,東京,T,1600,良,11,10,テレ玉杯･2勝,33.8,後方,2,5,3,新潟,T,1000,良,16,9,邁進特Ｈ･2勝,35.1,先行,27,10,26,京都,T,1200,稍,10,8,壬生特別･2勝,34.6,逃げ,8,8,31,新潟,T,1000,良,2,5,雷光特別･2勝,32.5,逃げ,3
7,,11,,,,,モーデン,,牡,8,5,7,11,福島,T,1200,良,2,6,会津ＳＨ･3勝,33.7,先行,7,5,24,東京,T,1400,良,13,10,フリーウ･3勝,33.2,中団,9,3,21,阪神,T,1200,良,6,6,淀屋橋Ｈ･3勝,33.5,後方,3,3,1,小倉,T,1200,良,1,5,西日本新･2勝,33.8,差し,3,2,10,京都,T,1200,良,4,8,２勝ｸﾗｽ,34.0,追込,9
8,B,12,,,,,ポッドソル,,牡,4,5,7,11,小倉,D,1000,良,9,11,釜山Ｓ･3勝,37.5,後方,8,5,17,東京,D,1400,良,16,10,ＢＳイレ･3勝,37.9,逃げ,18,1,13,大井,D,1200,良,1,2,新助坂,----,先行,2,12,25,大井,D,1400,重,1,2,檜坂賞,----,逃げ,10,10,16,川崎,D,1400,重,1,1,かわさ,----,逃げ,4
8,,13,,,,,トールキン,,牡,6,8,6,21,函館,T,1200,良,10,15,ＵＨＢＨ･3勝,34.5,後方,6,5,9,新潟,T,1000,良,4,10,駿風Ｓ･3勝,33.5,差し,7,3,21,阪神,T,1200,良,12,15,淀屋橋Ｈ･3勝,33.9,後方,7,1,31,小倉,T,1200,良,15,15,巌流島Ｈ･3勝,34.1,中団,15,10,18,新潟,T,1200,良,8,14,北陸ＳＨ･3勝,34.3,中団,13
レースID(新),日付S,曜日,場所,開催,R,レース名,クラス名,芝・ダート,距離,コース区分,コーナー回数,馬場状態(暫定),天候(暫定),フルゲート頭数,発走時刻,性別限定,重量種別,年齢限定
2026081604020807,2026.8.16,日,新潟,2新8,7,ＮＳＴ賞,ｵｰﾌﾟﾝ,ダート,1200,,2,良(暫定),晴(暫定),15,15:25,,ﾊﾝﾃﾞ,３上
枠番,B,番,印,M2,M3,M4,馬名S,Ｃ,性別,年齢,間隔,月,日,場所,TD,距離,馬場状態,着順,人気,ﾚｰｽ名･1走前,上り3F,決手,前走間隔,月,日,場所,TD,距離,馬場状態,着順,人気,ﾚｰｽ名･2走前,上り3F,決手,前走間隔,月,日,場所,TD,距離,馬場状態,着順,人気,ﾚｰｽ名･3走前,上り3F,決手,前走間隔,月,日,場所,TD,距離,馬場状態,着順,人気,ﾚｰｽ名･4走前,上り3F,決手,前走間隔,月,日,場所,TD,距離,馬場状態,着順,人気,ﾚｰｽ名･5走前,上り3F,決手,前走間隔
1,,1,,,,,エコロガイア,,牡,5,15,5,3,新潟,D,1200,稍,8,9,越後Ｓ,36.8,中団,6,3,22,中山,D,1200,良,13,8,千葉ＳＨ,38.1,先行,4,2,22,阪神,D,1200,良,2,8,令月Ｓ,36.4,先行,6,1,10,京都,D,1400,良,6,11,すばるＳ(L),37.0,逃げ,3,12,21,中京,D,1400,稍,9,13,コールド,37.3,逃げ,5
2,,2,,,,,ファムエレガンテ,,牝,4,4,7,19,福島,D,1150,良,3,5,福島テレ,36.2,先行,12,4,25,京都,D,1200,稍,7,1,天王山Ｓ,37.9,逃げ,11,2,10,京都,D,1200,良,15,1,大和ＳＨ,38.5,逃げ,9,12,6,阪神,D,1200,良,1,4,妙見山Ｓ･3勝,36.8,逃げ,3,11,15,福島,D,1150,良,2,1,フルーツ･3勝,36.7,先行,4
2,B,3,,,,,スリーピース,,セ,4,13,5,17,京都,D,1400,良,11,14,栗東ＳＨ(L),38.7,先行,2,5,3,新潟,D,1200,稍,7,11,越後Ｓ,37.2,先行,2,4,19,中山,D,1200,良,10,9,京葉Ｓ(L),36.1,後方,連,4,11,中山,D,1200,稍,1,4,卯月Ｓ･3勝,35.7,逃げ,5,3,7,阪神,D,1200,稍,9,9,なにわＳ･3勝,36.3,中団,3
3,,4,,,,,サフランヒーロー,,セ,5,13,5,17,京都,D,1400,良,16,16,栗東ＳＨ(L),42.2,後方,2,5,3,新潟,D,1200,稍,15,10,越後Ｓ,38.8,中団,16,1,10,京都,D,1400,良,14,16,すばるＳ(L),38.7,先行,5,12,7,中山,T,1200,良,15,13,ラピスラ(L),34.2,後方,2,11,23,東京,D,1400,良,13,9,霜月Ｓ,37.9,先行,11
3,,5,,,,,コンクイスタ,,セ,6,10,6,7,阪神,D,1200,稍,4,2,水無月ＳＨ,35.5,差し,7,4,19,中山,D,1200,良,2,1,京葉Ｓ(L),36.1,先行,8,2,22,阪神,D,1200,良,1,1,令月Ｓ,36.0,先行,8,12,28,阪神,D,1400,良,4,1,ギャラク,37.3,先行,5,11,23,東京,D,1400,良,14,2,霜月Ｓ,36.9,後方,17
4,B,6,,,,,ロードフロンティア,,牡,5,10,6,7,阪神,D,1200,稍,5,5,水無月ＳＨ,35.4,中団,11,3,22,中山,D,1200,良,15,12,千葉ＳＨ,37.1,後方,12,12,28,阪神,D,1400,良,11,8,ギャラク,39.2,逃げ,4,11,30,京都,D,1400,良,8,10,オータム,38.2,逃げ,28,5,18,京都,D,1400,稍,10,11,栗東ＳＨ(L),36.2,中団,4
4,,7,,,,,アッチャゴーラ,,牡,6,8,6,20,阪神,D,1400,重,2,10,天保山Ｓ,36.0,差し,8,4,26,東京,D,1600,稍,7,12,オアシＨ(L),36.0,中団,10,2,15,東京,D,1400,良,8,9,バレンタＨ,34.6,後方,8,12,21,中京,D,1400,稍,3,11,コールド,35.9,差し,11,10,4,東京,D,1600,良,15,14,グリーン(L),37.3,後方,9
5,,8,,,,,アドバンスファラオ,,セ,6,13,5,17,京都,D,1400,良,15,10,栗東ＳＨ(L),40.2,中団,6,4,4,阪神,D,1400,稍,10,7,ポラリスＨ,37.4,逃げ,18,11,30,京都,D,1400,良,13,8,オータム,39.5,中団,5,10,26,東京,D,1400,不,12,4,神無月Ｓ,36.2,逃げ,11,8,11,盛岡,D,1200,稍,3,3,クラスG3,----,先行,2
5,B,9,,,,,ヤマニンアルリフラ,,牡,5,6,7,5,小倉,T,1200,重,9,5,北九州記ＨG3,34.7,後方,12,4,15,大井,D,1200,良,3,6,東京スG3,----,差し,2,3,29,中京,T,1200,良,14,12,高松宮記G1,33.2,後方,8,2,1,京都,T,1200,良,3,9,シルクロＨG3,33.1,差し,9,11,30,京都,T,1200,良,7,12,京阪杯G3,33.8,中団,9
6,,10,,,,,ジョーローリット,,牝,5,4,7,19,福島,D,1150,良,1,10,福島テレ,36.5,逃げ,12,4,25,京都,D,1200,稍,10,6,天王山Ｓ,37.9,先行,9,2,22,阪神,D,1200,良,6,2,令月Ｓ,37.4,逃げ,5,1,18,中山,D,1200,良,3,6,ジャニュ,37.6,逃げ,6,12,7,阪神,D,1200,良,3,4,りんくうＨ,35.6,先行,9
6,B,11,,,,,ワイワイレジェンド,,牡,5,12,5,23,東京,D,1400,稍,4,3,欅Ｓ,37.6,逃げ,21,12,28,阪神,D,1400,良,12,5,ギャラク,38.9,先行,連,12,21,中京,D,1400,稍,16,4,コールド,39.7,先行,4,11,23,東京,D,1400,良,2,4,霜月Ｓ,36.7,逃げ,6,10,12,東京,D,1400,良,1,2,テレビ静･3勝,36.3,逃げ,7
7,,12,,,,,エスカル,,牡,5,15,5,3,新潟,D,1200,稍,11,4,越後Ｓ,36.3,中団,2,4,19,中山,D,1200,良,5,11,京葉Ｓ(L),35.0,後方,10,2,10,京都,D,1200,良,6,7,大和ＳＨ,35.0,後方,7,12,21,中京,D,1400,稍,5,10,コールド,35.5,後方,4,11,23,東京,D,1400,良,6,13,霜月Ｓ,35.9,後方,10
7,B,13,,,,,ダノンタッチダウン,,セ,6,53,8,10,札幌,T,1200,良,14,4,ＵＨＢ賞,34.3,中団,8,6,15,東京,T,1400,稍,9,8,パラダＨ(L),37.2,逃げ,19,2,2,京都,T,1200,稍,12,13,シルクロＨG3,34.8,中団,52,2,4,東京,T,1600,良,15,15,東京新聞G3,35.1,後方,4,1,6,京都,T,1600,良,8,10,京都金杯ＨG3,36.4,先行,11
8,,14,,,,,カンパニョーラ,,牝,7,12,5,23,東京,D,1400,稍,9,14,欅Ｓ,35.6,後方,9,3,22,中京,T,1400,良,18,18,愛知杯G3,33.9,後方,9,1,18,中山,D,1200,良,7,11,ジャニュ,36.2,後方,3,12,28,中山,D,1200,良,1,8,フェアウ･3勝,35.8,追込,6,11,16,東京,D,1400,良,4,6,銀嶺ＳＨ･3勝,35.6,追込,9
8,,15,,,,,グロリアラウス,,セ,5,9,6,14,東京,T,1400,良,10,3,パラダＨ(L),34.7,先行,5,5,10,新潟,T,1400,良,4,5,谷川岳Ｓ(L),35.5,先行,11,2,21,阪神,T,1400,良,12,10,阪急杯G3,35.2,中団,8,12,27,阪神,T,1400,良,12,9,阪神カッG2,36.1,先行,4,11,29,東京,T,1600,良,4,9,キャピタ(L),34.6,先行,14
レースID(新),日付S,曜日,場所,開催,R,レース名,クラス名,芝・ダート,距離,コース区分,コーナー回数,馬場状態(暫定),天候(暫定),フルゲート頭数,発走時刻,性別限定,重量種別,年齢限定
2026081604020808,2026.8.16,日,新潟,2新8,8,瀬波温泉特別,2勝,ダート,1800,,4,良(暫定),晴(暫定),15,16:05,,定量,３上
枠番,B,番,印,M2,M3,M4,馬名S,Ｃ,性別,年齢,間隔,月,日,場所,TD,距離,馬場状態,着順,人気,ﾚｰｽ名･1走前,上り3F,決手,前走間隔,月,日,場所,TD,距離,馬場状態,着順,人気,ﾚｰｽ名･2走前,上り3F,決手,前走間隔,月,日,場所,TD,距離,馬場状態,着順,人気,ﾚｰｽ名･3走前,上り3F,決手,前走間隔,月,日,場所,TD,距離,馬場状態,着順,人気,ﾚｰｽ名･4走前,上り3F,決手,前走間隔,月,日,場所,TD,距離,馬場状態,着順,人気,ﾚｰｽ名･5走前,上り3F,決手,前走間隔
1,,1,,,,,リラゲイル,,牡,4,4,7,18,福島,D,1700,良,8,9,米沢特別･2勝,37.9,後方,13,4,19,中山,D,1800,良,外,--,利根川特･2勝,----,,3,3,28,中山,D,1800,重,6,5,２勝ｸﾗｽ,38.6,先行,3,3,8,中山,D,1800,稍,3,3,２勝ｸﾗｽ,39.5,追込,7,1,18,中山,D,1800,良,1,2,１勝ｸﾗｽ,38.5,先行,3
2,B,2,,,,,カレンワッツアップ,,牡,5,2,8,2,新潟,D,1800,良,6,9,苗場特別･2勝,38.8,先行,11,5,16,新潟,D,1800,良,7,6,中ノ岳特･2勝,37.7,先行,7,3,29,中京,D,1400,良,11,3,鈴鹿特別･2勝,36.7,中団,16,12,7,中京,D,1400,良,1,3,１勝ｸﾗｽ,36.0,追込,15,8,23,新潟,D,1800,良,3,2,１勝ｸﾗｽ,38.9,逃げ,4
3,,3,,,,,ダディーズトリップ,,牡,10,6,7,4,福島,D,1700,稍,6,9,横手特別･2勝,36.8,後方,2,6,21,阪神,D,1800,重,8,8,２勝ｸﾗｽ,37.6,後方,20,2,1,東京,D,2100,良,10,4,２勝ｸﾗｽ,37.1,中団,8,12,7,阪神,D,1800,良,3,11,豊中特別･2勝,37.5,追込,3,11,15,東京,D,1600,良,7,13,三浦特別･2勝,36.4,中団,14
4,,4,,,,,カゼノタカトシ,,牡,4,14,5,10,新潟,D,1800,良,8,8,五泉特Ｈ･2勝,38.7,中団,6,3,28,中山,D,1800,重,11,8,２勝ｸﾗｽ,39.4,先行,17,11,29,東京,D,2100,良,8,8,２勝ｸﾗｽ,38.9,先行,13,8,30,新潟,D,1800,良,1,1,１勝ｸﾗｽ,37.3,先行,4,8,2,新潟,D,1800,良,2,4,１勝ｸﾗｽ,38.2,先行,4
4,B,5,,,,,ラストレガシー,,牡,4,7,6,27,福島,D,1700,稍,4,5,いわき特･2勝,36.9,差し,8,5,3,新潟,D,1800,稍,1,1,１勝ｸﾗｽ・若,38.0,先行,3,4,11,福島,D,1700,良,2,4,１勝ｸﾗｽ・若,38.7,先行,10,2,1,小倉,S,2860,良,8,5,障害未勝利,14.0,中団,10,11,24,福島,D,1700,良,9,4,１勝ｸﾗｽ・若,39.5,中団,8
5,,6,,,,,フリーマントル,,牡,5,4,7,18,福島,D,1700,良,7,12,米沢特別･2勝,38.6,中団,60,5,25,京都,D,1900,重,5,4,２勝ｸﾗｽ,37.5,先行,2,5,11,新潟,D,1800,稍,6,9,五泉特Ｈ･2勝,39.3,中団,5,4,5,中山,D,1800,稍,8,7,千葉日報･2勝,38.5,中団,16,12,14,中山,D,1800,良,1,7,１勝ｸﾗｽ,38.8,先行,2
5,,7,,,,,アンドリーナ,,牝,4,3,7,26,新潟,D,1800,不,5,12,麒麟山特･2勝,37.0,先行,14,4,19,阪神,D,1800,良,8,5,２勝ｸﾗｽ・牝,40.1,後方,19,12,7,中京,D,1800,良,6,2,犬山特別･2勝,39.7,先行,11,9,21,中山,D,1800,良,12,5,２勝ｸﾗｽ・牝,39.7,中団,6,8,9,中京,D,1800,良,1,1,１勝ｸﾗｽ・牝,38.5,先行,2
6,B,8,,,,,ルーラーリッチ,,セ,6,2,8,2,新潟,D,1800,良,9,13,苗場特別･2勝,38.6,中団,9,5,30,東京,D,2100,良,8,15,２勝ｸﾗｽ,39.0,後方,7,4,12,中山,D,2400,良,7,10,印西特Ｈ･2勝,38.3,中団,6,2,28,中山,D,1800,稍,5,15,２勝ｸﾗｽ,38.2,中団,7,1,12,中山,D,2400,良,8,14,成田特別･2勝,39.9,中団,9
6,,9,,,,,クリフハンガー,,セ,5,5,7,11,福島,T,2600,良,11,13,信夫山特･2勝,36.9,中団,3,6,20,東京,T,2400,稍,6,6,町田特Ｈ･2勝,35.6,後方,12,3,28,中山,T,2000,稍,10,6,２勝ｸﾗｽ,36.3,先行,3,3,7,中山,T,2500,稍,10,5,潮来特Ｈ･2勝,38.6,先行,7,1,17,中山,T,2200,良,1,6,１勝ｸﾗｽ,35.2,差し,連
7,B,10,,,,,コスモコンフェルマ,,牡,4,11,5,30,東京,D,2100,良,11,5,２勝ｸﾗｽ,41.4,先行,10,3,22,中京,D,1900,良,15,11,弥富特別･2勝,39.3,中団,4,2,21,阪神,D,1800,良,2,10,２勝ｸﾗｽ,38.0,先行,6,1,12,中山,D,2400,良,11,11,成田特別･2勝,40.1,後方,3,12,20,中山,D,2400,良,14,9,香取特別･2勝,40.9,中団,10
7,,11,,,,,ヴォルスター,,牡,5,12,5,24,新潟,S,2890,稍,11,11,障害未勝利,13.9,中団,3,5,2,新潟,S,2890,重,12,10,障害未勝利,13.8,中団,6,3,21,阪神,D,1800,良,11,12,２勝ｸﾗｽ,40.0,後方,2,3,8,中山,D,1800,稍,10,11,２勝ｸﾗｽ,41.4,逃げ,3,2,12,船橋,D,1600,良,4,9,ハート,----,先行,8
8,B,12,,,,,ブレードサクセス,,牡,5,20,3,28,中山,D,1800,重,4,3,２勝ｸﾗｽ,38.7,逃げ,2,3,15,中山,D,1800,良,1,2,１勝ｸﾗｽ,39.1,逃げ,7,1,25,中山,D,1800,良,8,2,１勝ｸﾗｽ,41.7,逃げ,2,1,10,中山,D,1800,良,2,5,１勝ｸﾗｽ,38.8,先行,連,1,4,中山,D,1800,稍,9,5,１勝ｸﾗｽ,41.4,先行,3
8,,13,,,,,コーリンカルベラ,,牡,5,13,5,17,東京,D,1600,良,7,8,青梅特Ｈ･2勝,35.9,後方,2,5,2,東京,D,1600,稍,6,12,２勝ｸﾗｽ,35.7,後方,3,4,12,中山,D,2400,良,5,8,印西特Ｈ･2勝,37.6,後方,2,3,28,中山,D,1800,重,7,11,２勝ｸﾗｽ,38.3,後方,9,1,25,中山,D,1800,良,1,6,１勝ｸﾗｽ,38.8,差し,2
レースID(新),日付S,曜日,場所,開催,R,レース名,クラス名,芝・ダート,距離,コース区分,コーナー回数,馬場状態(暫定),天候(暫定),フルゲート頭数,発走時刻,性別限定,重量種別,年齢限定
2026081604020810,2026.8.16,日,新潟,2新8,10,,未勝利,ダート,1800,,4,良(暫定),晴(暫定),15,17:15,牝,馬齢,３歳
枠番,B,番,印,M2,M3,M4,馬名S,Ｃ,性別,年齢,間隔,月,日,場所,TD,距離,馬場状態,着順,人気,ﾚｰｽ名･1走前,上り3F,決手,前走間隔,月,日,場所,TD,距離,馬場状態,着順,人気,ﾚｰｽ名･2走前,上り3F,決手,前走間隔,月,日,場所,TD,距離,馬場状態,着順,人気,ﾚｰｽ名･3走前,上り3F,決手,前走間隔,月,日,場所,TD,距離,馬場状態,着順,人気,ﾚｰｽ名･4走前,上り3F,決手,前走間隔,月,日,場所,TD,距離,馬場状態,着順,人気,ﾚｰｽ名･5走前,上り3F,決手,前走間隔
1,,1,,,,,イサチルクイーン,,牝,3,30,1,18,中山,D,1800,良,5,1,未勝利・牝,42.4,中団,2,1,5,中山,D,1800,稍,2,2,未勝利・牝,41.2,逃げ,4,12,6,中山,D,1800,良,3,7,未勝利・牝*,39.9,差し,10,9,27,中山,D,1800,良,6,13,新馬,39.1,中団,初,,,,,,,,,,,,
2,,2,,,,,ユーゲットミー,,牝,3,11,5,31,東京,D,1600,良,9,6,未勝利・牝,38.7,中団,3,5,10,東京,D,1600,良,3,2,未勝利・牝,38.1,先行,2,4,26,福島,T,1800,良,9,9,未勝利,35.1,中団,22,11,23,東京,T,1800,良,15,12,未勝利・牝*,35.7,先行,連,11,15,福島,T,2000,良,9,12,未勝利*,36.1,中団,10
2,,3,,,,,シェリーシュシュ,,牝,3,3,7,25,新潟,D,1800,稍,7,5,未勝利・牝,42.2,中団,6,6,13,東京,T,2400,稍,10,7,未勝利,34.9,中団,4,5,16,東京,T,2000,良,7,4,未勝利・牝,34.0,中団,12,2,21,東京,T,2400,良,8,5,未勝利,35.3,中団,3,1,31,東京,T,1800,良,4,8,新馬,33.4,追込,初
3,,4,,,,,ワイルドミュール,,牝,3,5,7,11,福島,D,1700,良,7,5,未勝利・牝,38.8,中団,11,4,26,東京,D,1400,稍,消,--,未勝利・牝,----,,4,3,29,中京,D,1400,良,4,6,未勝利・牝,37.9,差し,8,1,31,東京,T,1600,良,10,6,未勝利,35.5,中団,11,11,15,東京,T,1600,良,5,4,新馬・牝,33.4,中団,初
3,,5,,,,,ディレクティオ,,牝,3,3,7,25,新潟,D,1800,稍,10,11,未勝利・牝,44.2,逃げ,18,3,22,中京,D,1800,良,10,13,未勝利・牝,39.5,中団,9,1,18,中山,D,1800,良,8,12,未勝利,41.1,後方,2,1,5,中山,D,1800,稍,10,8,未勝利・牝,42.3,後方,12,10,11,東京,D,1600,稍,9,8,新馬,38.8,後方,初
4,,6,,,,,ノアレジェンド,,牝,3,2,8,1,新潟,D,1800,稍,11,9,未勝利・牝,42.4,中団,6,6,20,東京,D,1400,不,10,14,未勝利・牝,36.0,後方,初,,,,,,,,,,,,,,,,,,,,,,,,,,,,,,,,,,,,
4,,7,,,,,ソフィアプルーマ,,牝,3,8,6,20,東京,D,1600,不,9,13,未勝利,38.7,先行,2,6,6,東京,D,1600,稍,6,12,未勝利・牝,37.9,後方,3,5,17,東京,D,1600,良,6,11,未勝利・牝,38.1,後方,3,4,25,東京,D,1600,稍,7,12,未勝利・牝,40.1,中団,9,2,22,東京,D,1400,良,13,14,未勝利,38.1,中団,9
5,,8,,,,,バイアブランカ,,牝,3,6,7,5,福島,D,1700,良,10,3,未勝利・牝,41.4,先行,6,5,23,東京,D,1600,重,7,9,未勝利・牝,38.0,中団,8,3,29,中山,D,1800,稍,8,3,未勝利・牝,41.1,中団,4,3,1,中山,D,1800,稍,4,4,未勝利・牝,41.3,先行,4,2,1,東京,D,1600,良,5,7,未勝利・牝,38.4,中団,初
5,,9,,,,,バーヴァンシー,,牝,3,3,7,25,新潟,D,1800,稍,4,3,未勝利・牝,40.7,差し,3,7,5,福島,D,1700,良,5,1,未勝利・牝,39.1,中団,5,5,31,東京,D,1600,良,6,5,未勝利・牝,38.2,中団,3,5,10,東京,D,1600,良,2,5,未勝利・牝,36.9,追込,2,4,26,東京,D,1400,稍,7,12,未勝利・牝,37.6,中団,15
6,,10,,,,,ラショナルポイント,,牝,3,6,7,4,函館,D,1700,良,6,3,未勝利・牝,40.3,先行,4,6,6,東京,D,1600,稍,3,1,未勝利・牝,37.3,差し,12,3,15,中山,D,1800,良,2,6,未勝利・牝,39.5,先行,15,11,29,東京,T,1600,良,7,4,新馬,34.2,中団,初,,,,,,,,,,,,
6,,11,,,,,ナイア,,牝,3,初,,,,,,,,,,,,,,,,,,,,,,,,,,,,,,,,,,,,,,,,,,,,,,,,,,,,,,,,,,,,
7,,12,,,,,ベアエクスプレス,,牝,3,3,7,25,新潟,D,1800,稍,5,8,未勝利・牝,41.9,先行,2,7,11,福島,D,1700,良,6,11,未勝利・牝,38.4,中団,6,5,31,東京,D,1600,良,10,15,未勝利・牝,38.2,後方,3,5,9,東京,D,1600,良,13,12,未勝利,38.3,後方,初,,,,,,,,,,,,
7,,13,,,,,デルマザオウ,,牝,3,4,7,19,福島,D,1700,良,2,4,未勝利・牝,39.2,先行,2,7,5,福島,D,1700,良,2,7,未勝利・牝,40.2,先行,4,6,6,東京,D,1600,稍,7,10,未勝利・牝,38.7,中団,3,5,17,東京,D,1600,良,7,12,未勝利・牝,38.5,後方,初,,,,,,,,,,,,
8,B,14,,,,,カグヤヒメ,,牝,3,10,6,6,東京,D,1600,稍,11,6,未勝利・牝,39.9,中団,初,,,,,,,,,,,,,,,,,,,,,,,,,,,,,,,,,,,,,,,,,,,,,,,,
8,,15,,,,,カーボフリオ,,牝,3,3,7,25,新潟,D,1800,稍,3,1,未勝利・牝,40.5,差し,7,6,7,東京,D,1400,良,6,1,未勝利・牝,37.7,後方,3,5,16,東京,D,1400,良,2,4,未勝利・牝,36.6,追込,3,4,26,東京,D,1400,稍,4,8,未勝利・牝,37.0,差し,3,4,4,中山,D,1200,稍,8,8,未勝利,38.9,先行,7
レースID(新),日付S,曜日,場所,開催,R,レース名,クラス名,芝・ダート,距離,コース区分,コーナー回数,馬場状態(暫定),天候(暫定),フルゲート頭数,発走時刻,性別限定,重量種別,年齢限定
2026081604020811,2026.8.16,日,新潟,2新8,11,,1勝,芝,2400,A,4,良(暫定),晴(暫定),18,17:45,,定量,３上
枠番,B,番,印,M2,M3,M4,馬名S,Ｃ,性別,年齢,間隔,月,日,場所,TD,距離,馬場状態,着順,人気,ﾚｰｽ名･1走前,上り3F,決手,前走間隔,月,日,場所,TD,距離,馬場状態,着順,人気,ﾚｰｽ名･2走前,上り3F,決手,前走間隔,月,日,場所,TD,距離,馬場状態,着順,人気,ﾚｰｽ名･3走前,上り3F,決手,前走間隔,月,日,場所,TD,距離,馬場状態,着順,人気,ﾚｰｽ名･4走前,上り3F,決手,前走間隔,月,日,場所,TD,距離,馬場状態,着順,人気,ﾚｰｽ名･5走前,上り3F,決手,前走間隔
1,,1,,,,,ポッドクロス,,牡,3,19,4,4,中山,T,2200,稍,2,2,山吹賞･1勝*,35.7,先行,11,1,18,中山,T,2000,良,11,15,京成杯G3,34.3,後方,3,12,27,中山,T,2000,良,1,4,未勝利*,36.1,差し,8,11,1,東京,T,2000,稍,3,2,未勝利*,33.9,先行,3,10,13,東京,T,1800,良,2,3,新馬,33.9,追込,初
2,,2,,,,,マイネルアウルム,,牡,4,12,5,24,東京,T,2400,良,1,4,１勝ｸﾗｽ,34.1,差し,連,5,17,新潟,T,2000,良,4,3,１勝ｸﾗｽ,33.7,差し,4,4,19,福島,T,2000,良,4,2,１勝ｸﾗｽ,35.0,差し,連,4,12,福島,T,2000,良,3,1,１勝ｸﾗｽ・若,35.4,差し,7,2,22,小倉,T,2000,良,6,2,１勝ｸﾗｽ,36.2,先行,2
3,B,3,,,,,ウインターブレス,,牡,3,9,6,13,東京,T,2400,稍,1,4,未勝利,34.3,差し,4,5,17,新潟,T,2000,良,4,2,未勝利・若,36.5,差し,7,3,29,中山,T,2200,良,9,2,未勝利,37.6,先行,3,3,7,中山,T,2200,稍,2,3,未勝利,36.1,先行,8,1,12,中山,T,2000,良,3,9,未勝利,35.9,差し,3
4,,4,,,,,ヴィジョンメーカー,,牡,4,26,2,15,東京,T,2400,良,2,2,１勝ｸﾗｽ,34.5,ﾏｸﾘ,7,12,27,中山,T,2200,良,8,4,１勝ｸﾗｽ,35.7,中団,19,8,16,新潟,T,2400,良,1,1,未勝利,35.6,先行,3,7,27,新潟,T,2200,良,3,4,未勝利,34.8,先行,4,6,29,福島,T,2000,良,4,5,未勝利,35.2,差し,6
5,,5,,,,,ジュンライデン,,牡,4,5,7,11,小倉,T,2600,良,4,7,英彦山特･1勝,35.9,先行,16,3,22,阪神,T,2400,良,6,3,１勝ｸﾗｽ,34.4,中団,3,2,28,小倉,T,2600,稍,9,4,脊振山特･1勝,38.0,逃げ,16,11,9,福島,T,2600,良,6,3,１勝ｸﾗｽ,34.9,後方,4,10,12,京都,T,2400,良,4,6,１勝ｸﾗｽ,33.9,差し,21
6,,6,,,,,フレキシブル,,牝,3,6,7,4,福島,T,2000,良,1,3,未勝利・牝,35.9,差し,3,6,13,東京,T,2400,稍,3,10,未勝利,34.8,先行,4,5,17,東京,T,2400,良,5,5,未勝利,34.7,中団,3,4,25,東京,T,1800,良,8,7,未勝利・牝,34.5,後方,8,2,28,中山,D,1200,重,8,5,未勝利,36.3,後方,7
7,,7,,,,,ベルウッドバイオ,,牡,3,11,5,30,東京,T,2000,良,1,3,未勝利,33.8,差し,3,5,10,東京,T,2000,良,3,4,未勝利,33.9,差し,3,4,18,中山,T,1600,良,7,3,未勝利,34.8,後方,2,4,4,中山,T,1600,良,7,9,未勝利,34.7,中団,11,1,18,中山,D,1800,良,6,6,未勝利,40.5,中団,4
8,,8,,,,,コスモナエマ,,牝,3,3,7,25,新潟,T,1800,良,8,6,１勝ｸﾗｽ,34.6,先行,4,6,27,函館,T,2000,稍,11,4,１勝ｸﾗｽ,37.5,先行,2,6,14,函館,T,1800,良,7,3,八雲特別･1勝,35.6,先行,10,4,5,中山,T,2000,重,1,4,未勝利,36.6,逃げ,4,3,7,中山,T,2000,稍,5,6,未勝利・牝,36.3,先行,26
8,,9,,,,,ポルトフェリス,,牝,5,12,5,24,東京,T,2400,良,2,5,１勝ｸﾗｽ,34.8,先行,78,11,23,東京,T,2400,良,7,7,１勝ｸﾗｽ,36.2,先行,31,4,21,東京,T,2400,良,1,3,未勝利,34.3,逃げ,7,3,3,中山,T,2000,稍,6,2,未勝利・牝,36.1,中団,10,12,23,中山,T,1800,良,3,3,新馬,35.3,差し,初
レースID(新),日付S,曜日,場所,開催,R,レース名,クラス名,芝・ダート,距離,コース区分,コーナー回数,馬場状態(暫定),天候(暫定),フルゲート頭数,発走時刻,性別限定,重量種別,年齢限定
2026081604020812,2026.8.16,日,新潟,2新8,12,,未勝利,ダート,1800,,4,良(暫定),晴(暫定),15,18:20,,馬齢,３歳
枠番,B,番,印,M2,M3,M4,馬名S,Ｃ,性別,年齢,間隔,月,日,場所,TD,距離,馬場状態,着順,人気,ﾚｰｽ名･1走前,上り3F,決手,前走間隔,月,日,場所,TD,距離,馬場状態,着順,人気,ﾚｰｽ名･2走前,上り3F,決手,前走間隔,月,日,場所,TD,距離,馬場状態,着順,人気,ﾚｰｽ名･3走前,上り3F,決手,前走間隔,月,日,場所,TD,距離,馬場状態,着順,人気,ﾚｰｽ名･4走前,上り3F,決手,前走間隔,月,日,場所,TD,距離,馬場状態,着順,人気,ﾚｰｽ名･5走前,上り3F,決手,前走間隔
1,,1,,,,,ブロッコロ,,牝,3,2,8,2,新潟,T,1400,良,16,16,未勝利,35.8,後方,30,1,4,中山,D,1200,稍,6,9,新馬,39.0,中団,初,,,,,,,,,,,,,,,,,,,,,,,,,,,,,,,,,,,,
2,,2,,,,,メイショウバリスタ,,牡,3,3,7,25,新潟,D,1200,稍,7,10,未勝利,38.4,中団,10,5,16,東京,D,1300,良,11,8,未勝利,37.0,後方,8,3,22,中山,D,1200,良,10,9,未勝利,37.7,後方,初,,,,,,,,,,,,,,,,,,,,,,,,
2,,3,,,,,マーゴットライズ,,牡,3,3,7,26,新潟,D,1800,不,3,9,未勝利,38.1,差し,4,6,27,福島,D,1700,稍,8,9,未勝利,39.6,中団,6,5,16,東京,D,1600,良,12,8,未勝利,38.7,後方,3,4,26,東京,T,1800,良,14,7,未勝利,34.5,後方,16,1,5,中山,T,2000,良,17,7,未勝利,36.7,後方,13
3,,4,,,,,パルミエ,,牝,3,2,8,1,新潟,T,2000,良,16,15,未勝利・牝,35.6,後方,12,5,10,東京,T,2000,良,10,12,未勝利,35.0,先行,9,3,8,中山,D,1800,稍,15,6,未勝利・牝,45.5,中団,9,1,5,中山,D,1800,稍,5,5,未勝利・牝,40.6,中団,7,11,15,福島,T,2000,良,13,12,新馬,36.7,後方,初
3,,5,,,,,ノクターナルハント,,セ,3,2,8,1,新潟,D,1800,稍,13,11,未勝利,41.9,後方,36,11,24,東京,T,1400,良,9,10,新馬,34.1,後方,初,,,,,,,,,,,,,,,,,,,,,,,,,,,,,,,,,,,,
4,,6,,,,,ギレイ,,牡,3,8,6,20,阪神,D,1800,稍,12,6,未勝利,40.1,後方,9,4,18,阪神,D,2000,良,8,11,未勝利,38.8,先行,3,3,29,阪神,D,2000,良,5,4,未勝利,38.7,後方,3,3,8,阪神,D,1800,良,6,8,未勝利,38.4,後方,8,1,11,京都,D,1800,良,8,10,未勝利,38.7,中団,3
4,,7,,,,,キタイノホシ,,牡,3,連,8,8,新潟,D,1800,良,6,7,未勝利,40.7,中団,9,6,7,東京,D,2100,良,8,6,未勝利,40.0,先行,4,5,9,東京,D,2100,良,4,7,未勝利,38.5,差し,2,4,25,東京,D,2100,稍,3,9,未勝利,39.5,差し,21,11,30,東京,D,1600,良,7,12,未勝利*,38.5,中団,3
5,,8,,,,,ウィゾマニア,,牡,3,2,8,5,船橋,D,1600,良,2,11,ナティ,----,逃げ,8,6,7,東京,D,1300,良,10,14,未勝利,38.6,中団,4,5,12,金沢,D,1500,良,5,5,加賀獅,----,先行,4,4,11,福島,D,1150,良,12,15,未勝利,37.4,後方,初,,,,,,,,,,,,
5,,9,,,,,ディメンシア,,牡,3,5,7,12,福島,D,1700,稍,11,14,未勝利,39.6,後方,初,,,,,,,,,,,,,,,,,,,,,,,,,,,,,,,,,,,,,,,,,,,,,,,,
6,,10,,,,,ヤマタケボニータ,,牡,3,2,8,2,新潟,D,1800,良,4,9,未勝利,39.9,差し,3,7,11,福島,D,1700,良,5,14,未勝利,38.7,中団,4,6,13,東京,D,1600,稍,10,14,未勝利,38.2,後方,3,5,23,新潟,D,1800,稍,7,12,未勝利・若,40.0,中団,2,5,10,新潟,D,1800,良,10,11,未勝利,39.5,中団,32
6,,11,,,,,ロジキセキ,,牡,3,3,7,26,新潟,D,1800,不,2,4,未勝利,38.8,逃げ,4,6,28,福島,D,1700,良,5,9,未勝利,38.1,先行,3,6,7,東京,D,2100,良,13,10,未勝利,41.4,中団,3,5,16,新潟,D,1800,良,5,14,未勝利,39.1,中団,15,2,1,東京,D,2100,良,11,9,未勝利,41.2,中団,4
7,B,12,,,,,レプレセンタル,,牡,3,12,5,23,新潟,T,2400,稍,15,12,未勝利,39.4,後方,10,3,14,中山,D,1800,良,16,5,未勝利,42.4,後方,初,,,,,,,,,,,,,,,,,,,,,,,,,,,,,,,,,,,,
7,B,13,,,,,タマモブレイキン,,牡,3,2,8,1,新潟,D,1800,稍,2,3,未勝利,40.9,逃げ,6,6,20,東京,D,1600,不,14,6,未勝利,37.8,後方,2,6,6,東京,D,1600,良,4,10,未勝利,37.4,差し,3,5,16,新潟,D,1800,良,6,8,未勝利,39.1,中団,2,5,3,東京,D,1600,稍,7,9,未勝利,38.1,後方,7
8,,14,,,,,チャチャット,,牝,3,3,7,26,新潟,T,2000,不,14,14,未勝利,37.1,後方,連,7,19,福島,T,1800,良,16,8,未勝利,37.5,後方,4,6,20,東京,T,1800,稍,8,9,未勝利,35.7,先行,12,3,28,中山,T,1600,稍,7,6,未勝利,35.7,中団,14,12,20,中山,T,1800,良,13,8,未勝利*,35.4,後方,3
8,,15,,,,,パワポケウォーズ,,牡,3,連,8,8,新潟,D,1800,良,9,12,未勝利,41.6,後方,2,7,26,新潟,D,1800,不,4,12,未勝利,38.4,差し,2,7,11,福島,D,1700,良,12,15,未勝利,39.3,後方,13,4,11,中山,D,1800,重,10,11,未勝利,40.7,後方,2,3,29,中山,D,1800,稍,6,13,未勝利,41.2,後方,10
レースID(新),日付S,曜日,場所,開催,R,レース名,クラス名,芝・ダート,距離,コース区分,コーナー回数,馬場状態(暫定),天候(暫定),フルゲート頭数,発走時刻,性別限定,重量種別,年齢限定
2026081607020801,2026.8.16,日,中京,2名8,1,,未勝利,芝,1200,A,2,良(暫定),晴(暫定),18,09:50,,馬齢,２歳
枠番,B,番,印,M2,M3,M4,馬名S,Ｃ,性別,年齢,間隔,月,日,場所,TD,距離,馬場状態,着順,人気,ﾚｰｽ名･1走前,上り3F,決手,前走間隔,月,日,場所,TD,距離,馬場状態,着順,人気,ﾚｰｽ名･2走前,上り3F,決手,前走間隔,月,日,場所,TD,距離,馬場状態,着順,人気,ﾚｰｽ名･3走前,上り3F,決手,前走間隔,月,日,場所,TD,距離,馬場状態,着順,人気,ﾚｰｽ名･4走前,上り3F,決手,前走間隔,月,日,場所,TD,距離,馬場状態,着順,人気,ﾚｰｽ名･5走前,上り3F,決手,前走間隔
1,,1,,,,,スマートメモリー,,牝,2,7,6,27,小倉,T,1200,重,2,3,未勝利*,34.5,先行,2,6,13,阪神,T,1200,良,6,9,新馬,34.3,中団,初,,,,,,,,,,,,,,,,,,,,,,,,,,,,,,,,,,,,
2,,2,,,,,インディジャズ,,牝,2,7,6,28,小倉,T,1200,良,4,1,新馬,37.0,先行,初,,,,,,,,,,,,,,,,,,,,,,,,,,,,,,,,,,,,,,,,,,,,,,,,
3,,3,,,,,ヤマトデュノール,,牡,2,3,7,25,中京,T,1400,良,13,13,新馬,35.6,後方,初,,,,,,,,,,,,,,,,,,,,,,,,,,,,,,,,,,,,,,,,,,,,,,,,
4,,4,,,,,ナムラメアリー,,牝,2,4,7,18,小倉,T,1200,良,3,3,新馬,35.7,先行,初,,,,,,,,,,,,,,,,,,,,,,,,,,,,,,,,,,,,,,,,,,,,,,,,
5,,5,,,,,バクソウシャチョウ,,牡,2,5,7,11,小倉,T,1200,良,2,3,未勝利*,36.1,逃げ,3,6,21,阪神,T,1600,稍,6,4,新馬,35.2,先行,初,,,,,,,,,,,,,,,,,,,,,,,,,,,,,,,,,,,,
6,,6,,,,,ラホーヤアイズ,,牝,2,5,7,11,小倉,T,1200,良,3,8,未勝利*,35.8,先行,4,6,13,阪神,T,1200,良,4,5,新馬,34.0,差し,初,,,,,,,,,,,,,,,,,,,,,,,,,,,,,,,,,,,,
7,,7,,,,,メイケイリチャード,,牡,2,8,6,21,阪神,T,1600,稍,7,8,新馬,35.4,逃げ,初,,,,,,,,,,,,,,,,,,,,,,,,,,,,,,,,,,,,,,,,,,,,,,,,
7,,8,,,,,カツダルマ,,牡,2,8,6,20,阪神,T,1400,稍,5,4,新馬,36.6,先行,初,,,,,,,,,,,,,,,,,,,,,,,,,,,,,,,,,,,,,,,,,,,,,,,,
8,,9,,,,,アームズラムレイ,,牝,2,5,7,12,小倉,T,1200,良,2,1,新馬,36.1,先行,初,,,,,,,,,,,,,,,,,,,,,,,,,,,,,,,,,,,,,,,,,,,,,,,,
8,,10,,,,,キシュウマミー,,牝,2,4,7,18,小倉,T,1200,良,4,6,新馬,36.2,先行,初,,,,,,,,,,,,,,,,,,,,,,,,,,,,,,,,,,,,,,,,,,,,,,,,
レースID(新),日付S,曜日,場所,開催,R,レース名,クラス名,芝・ダート,距離,コース区分,コーナー回数,馬場状態(暫定),天候(暫定),フルゲート頭数,発走時刻,性別限定,重量種別,年齢限定
2026081607020802,2026.8.16,日,中京,2名8,2,,新馬,ダート,1400,,2,良(暫定),晴(暫定),16,10:20,,馬齢,２歳
枠番,B,番,印,M2,M3,M4,馬名S,Ｃ,性別,年齢,間隔,月,日,場所,TD,距離,馬場状態,着順,人気,ﾚｰｽ名･1走前,上り3F,決手,前走間隔,月,日,場所,TD,距離,馬場状態,着順,人気,ﾚｰｽ名･2走前,上り3F,決手,前走間隔,月,日,場所,TD,距離,馬場状態,着順,人気,ﾚｰｽ名･3走前,上り3F,決手,前走間隔,月,日,場所,TD,距離,馬場状態,着順,人気,ﾚｰｽ名･4走前,上り3F,決手,前走間隔,月,日,場所,TD,距離,馬場状態,着順,人気,ﾚｰｽ名･5走前,上り3F,決手,前走間隔
1,,1,,,,,コパノコーリング,,牡,2,初,,,,,,,,,,,,,,,,,,,,,,,,,,,,,,,,,,,,,,,,,,,,,,,,,,,,,,,,,,,,
2,,2,,,,,アイビークロノス,,牡,2,初,,,,,,,,,,,,,,,,,,,,,,,,,,,,,,,,,,,,,,,,,,,,,,,,,,,,,,,,,,,,
3,,3,,,,,ソルテヴェローチェ,,牡,2,初,,,,,,,,,,,,,,,,,,,,,,,,,,,,,,,,,,,,,,,,,,,,,,,,,,,,,,,,,,,,
4,,4,,,,,ジョルティーニ,,牝,2,初,,,,,,,,,,,,,,,,,,,,,,,,,,,,,,,,,,,,,,,,,,,,,,,,,,,,,,,,,,,,
5,,5,,,,,ティンクルピクシー,,牝,2,初,,,,,,,,,,,,,,,,,,,,,,,,,,,,,,,,,,,,,,,,,,,,,,,,,,,,,,,,,,,,
5,,6,,,,,キモンミナリッチ,,牡,2,初,,,,,,,,,,,,,,,,,,,,,,,,,,,,,,,,,,,,,,,,,,,,,,,,,,,,,,,,,,,,
6,,7,,,,,ピコジャック,,牡,2,初,,,,,,,,,,,,,,,,,,,,,,,,,,,,,,,,,,,,,,,,,,,,,,,,,,,,,,,,,,,,
6,,8,,,,,クルクルミラクル,,牝,2,初,,,,,,,,,,,,,,,,,,,,,,,,,,,,,,,,,,,,,,,,,,,,,,,,,,,,,,,,,,,,
7,,9,,,,,ドリーペイル,,牡,2,初,,,,,,,,,,,,,,,,,,,,,,,,,,,,,,,,,,,,,,,,,,,,,,,,,,,,,,,,,,,,
7,,10,,,,,ガヤーズランボー,,牡,2,初,,,,,,,,,,,,,,,,,,,,,,,,,,,,,,,,,,,,,,,,,,,,,,,,,,,,,,,,,,,,
8,,11,,,,,マコトブリッツ,,牡,2,初,,,,,,,,,,,,,,,,,,,,,,,,,,,,,,,,,,,,,,,,,,,,,,,,,,,,,,,,,,,,
8,,12,,,,,パシアンジェンヌ,,牝,2,初,,,,,,,,,,,,,,,,,,,,,,,,,,,,,,,,,,,,,,,,,,,,,,,,,,,,,,,,,,,,
レースID(新),日付S,曜日,場所,開催,R,レース名,クラス名,芝・ダート,距離,コース区分,コーナー回数,馬場状態(暫定),天候(暫定),フルゲート頭数,発走時刻,性別限定,重量種別,年齢限定
2026081607020803,2026.8.16,日,中京,2名8,3,,新馬,芝,1600,A,3,良(暫定),晴(暫定),16,10:50,,馬齢,２歳
枠番,B,番,印,M2,M3,M4,馬名S,Ｃ,性別,年齢,間隔,月,日,場所,TD,距離,馬場状態,着順,人気,ﾚｰｽ名･1走前,上り3F,決手,前走間隔,月,日,場所,TD,距離,馬場状態,着順,人気,ﾚｰｽ名･2走前,上り3F,決手,前走間隔,月,日,場所,TD,距離,馬場状態,着順,人気,ﾚｰｽ名･3走前,上り3F,決手,前走間隔,月,日,場所,TD,距離,馬場状態,着順,人気,ﾚｰｽ名･4走前,上り3F,決手,前走間隔,月,日,場所,TD,距離,馬場状態,着順,人気,ﾚｰｽ名･5走前,上り3F,決手,前走間隔
1,,1,,,,,グルード,,牡,2,初,,,,,,,,,,,,,,,,,,,,,,,,,,,,,,,,,,,,,,,,,,,,,,,,,,,,,,,,,,,,
2,,2,,,,,サウンドシェリー,,牝,2,初,,,,,,,,,,,,,,,,,,,,,,,,,,,,,,,,,,,,,,,,,,,,,,,,,,,,,,,,,,,,
3,,3,,,,,デュアルサイン,,牡,2,初,,,,,,,,,,,,,,,,,,,,,,,,,,,,,,,,,,,,,,,,,,,,,,,,,,,,,,,,,,,,
4,,4,,,,,ゴールドシューター,,牡,2,初,,,,,,,,,,,,,,,,,,,,,,,,,,,,,,,,,,,,,,,,,,,,,,,,,,,,,,,,,,,,
5,,5,,,,,ティフォシ,,牡,2,初,,,,,,,,,,,,,,,,,,,,,,,,,,,,,,,,,,,,,,,,,,,,,,,,,,,,,,,,,,,,
6,,6,,,,,テラレガル,,牡,2,初,,,,,,,,,,,,,,,,,,,,,,,,,,,,,,,,,,,,,,,,,,,,,,,,,,,,,,,,,,,,
7,B,7,,,,,グラシアレスインク,,牡,2,初,,,,,,,,,,,,,,,,,,,,,,,,,,,,,,,,,,,,,,,,,,,,,,,,,,,,,,,,,,,,
8,,8,,,,,ホウオウワールド,,牡,2,初,,,,,,,,,,,,,,,,,,,,,,,,,,,,,,,,,,,,,,,,,,,,,,,,,,,,,,,,,,,,
レースID(新),日付S,曜日,場所,開催,R,レース名,クラス名,芝・ダート,距離,コース区分,コーナー回数,馬場状態(暫定),天候(暫定),フルゲート頭数,発走時刻,性別限定,重量種別,年齢限定
2026081607020804,2026.8.16,日,中京,2名8,4,,未勝利,芝,2000,A,4,良(暫定),晴(暫定),18,11:20,,馬齢,３歳
枠番,B,番,印,M2,M3,M4,馬名S,Ｃ,性別,年齢,間隔,月,日,場所,TD,距離,馬場状態,着順,人気,ﾚｰｽ名･1走前,上り3F,決手,前走間隔,月,日,場所,TD,距離,馬場状態,着順,人気,ﾚｰｽ名･2走前,上り3F,決手,前走間隔,月,日,場所,TD,距離,馬場状態,着順,人気,ﾚｰｽ名･3走前,上り3F,決手,前走間隔,月,日,場所,TD,距離,馬場状態,着順,人気,ﾚｰｽ名･4走前,上り3F,決手,前走間隔,月,日,場所,TD,距離,馬場状態,着順,人気,ﾚｰｽ名･5走前,上り3F,決手,前走間隔
1,,1,,,,,テイクザスローン,,牡,3,3,7,25,中京,D,1800,良,9,13,未勝利,39.3,後方,7,6,7,阪神,T,2000,稍,12,9,未勝利,37.6,先行,3,5,17,京都,T,2000,良,6,7,未勝利,35.3,先行,2,5,2,京都,T,2000,良,7,10,未勝利,34.9,先行,8,3,7,阪神,T,1600,良,15,16,未勝利,36.2,中団,11
1,,2,,,,,コスモフィレンツェ,,牡,3,3,7,25,中京,T,2000,良,2,2,未勝利,34.0,逃げ,13,4,25,京都,T,2200,良,2,2,未勝利,34.9,先行,2,4,11,阪神,T,2000,稍,4,2,未勝利,36.1,先行,29,9,21,阪神,T,1800,良,2,1,新馬,34.2,先行,初,,,,,,,,,,,,
2,,3,,,,,リボンインザスカイ,,牝,3,6,7,5,小倉,T,2000,重,7,5,未勝利・牝,38.3,先行,11,4,19,阪神,T,2000,良,8,8,未勝利・牝,34.6,後方,初,,,,,,,,,,,,,,,,,,,,,,,,,,,,,,,,,,,,
2,,4,,,,,ダーコ,,牝,3,3,7,25,中京,T,1600,良,6,8,未勝利・牝,33.9,後方,13,4,25,京都,T,1600,良,外,--,未勝利,----,,初,,,,,,,,,,,,,,,,,,,,,,,,,,,,,,,,,,,,
3,,5,,,,,スレイクイーン,,牝,3,3,7,25,中京,T,1600,良,13,11,未勝利・牝,34.2,後方,初,,,,,,,,,,,,,,,,,,,,,,,,,,,,,,,,,,,,,,,,,,,,,,,,
3,,6,,,,,バックドラフト,,牡,3,6,7,4,小倉,T,1800,重,7,7,未勝利,36.9,中団,10,4,26,京都,T,2000,良,7,1,未勝利,37.2,先行,3,4,4,阪神,T,1800,良,5,7,未勝利,34.3,先行,初,,,,,,,,,,,,,,,,,,,,,,,,
4,,7,,,,,レッドブライトン,,牡,3,3,7,25,中京,T,2000,良,4,3,未勝利,33.9,先行,6,6,13,阪神,T,1800,良,5,2,未勝利,36.2,先行,4,5,17,東京,T,2400,良,4,3,未勝利,35.9,逃げ,7,3,29,中京,T,2000,良,2,2,未勝利,34.6,先行,2,3,15,中京,T,2200,良,3,5,未勝利,36.3,先行,5
4,,8,,,,,ミーサーク,,牡,3,14,5,9,東京,D,2100,良,6,3,未勝利,39.3,先行,3,4,19,阪神,D,1800,良,5,4,未勝利,38.4,中団,10,2,7,京都,D,1900,良,3,2,未勝利,38.7,先行,7,12,21,阪神,T,1800,重,6,3,新馬,34.2,先行,初,,,,,,,,,,,,
5,,9,,,,,オーマイラッキーン,,牝,3,2,8,2,中京,T,2000,良,8,12,未勝利・牝,35.3,中団,4,7,5,小倉,T,2000,重,12,7,未勝利・牝,39.0,中団,連,6,28,小倉,T,1800,良,4,6,未勝利,36.6,先行,2,6,14,阪神,D,1800,良,13,4,未勝利・牝,40.5,後方,7,4,26,京都,T,2000,良,6,9,未勝利,36.7,先行,2
5,,10,,,,,ニミッツハイウェイ,,牡,3,8,6,21,阪神,D,1800,重,12,16,未勝利,42.0,後方,24,1,5,京都,D,1900,良,8,16,未勝利,38.7,後方,3,12,13,中京,D,1800,良,13,12,未勝利*,38.1,後方,18,8,10,札幌,D,1700,稍,8,11,未勝利*,39.3,後方,2,7,26,札幌,D,1700,良,10,12,新馬,38.7,後方,初
6,,11,,,,,プロスト,,牡,3,6,7,4,小倉,T,1800,重,6,10,未勝利,36.1,中団,2,6,20,阪神,T,1800,稍,13,12,未勝利,35.9,先行,10,4,11,阪神,T,2000,稍,11,9,未勝利,35.8,後方,2,3,28,中京,T,2200,良,12,5,未勝利,37.2,先行,9,1,24,京都,T,2200,良,10,11,未勝利,35.2,後方,3
6,,12,,,,,キョウエイクローム,,牝,3,6,7,8,笠松,D,1400,良,4,5,落合宿,----,差し,7,5,16,京都,D,1400,良,14,12,未勝利・牝,40.2,先行,7,3,29,阪神,D,1400,良,8,16,未勝利,38.2,後方,7,2,8,小倉,T,1200,良,14,15,未勝利・牝,35.7,中団,11,11,22,京都,T,1200,良,止,18,未勝利*,----,,4
7,,13,,,,,ドットカモン,,牡,3,4,7,19,小倉,T,2000,良,8,10,未勝利,36.2,後方,5,6,14,阪神,T,2200,良,14,12,未勝利,38.0,中団,11,3,28,中京,T,2200,良,止,7,未勝利,----,,3,3,7,阪神,T,2400,稍,7,4,未勝利,35.1,後方,初,,,,,,,,,,,,
7,B,14,,,,,メイショウタカネ,,牝,3,5,7,11,小倉,T,2000,良,16,15,未勝利・牝,36.6,後方,4,6,13,阪神,T,1800,良,10,12,未勝利,36.2,後方,初,,,,,,,,,,,,,,,,,,,,,,,,,,,,,,,,,,,,
7,B,15,,,,,マテンロウブリッジ,,セ,3,9,6,14,函館,T,1200,良,10,10,未勝利,34.5,後方,23,1,5,京都,T,1600,良,13,11,未勝利,36.7,後方,4,12,7,阪神,T,1600,良,12,11,新馬,34.5,中団,初,,,,,,,,,,,,,,,,,,,,,,,,
8,,16,,,,,テーオーシュテルン,,牡,3,3,7,26,中京,T,2200,良,10,9,未勝利,36.0,後方,22,2,22,阪神,D,1800,良,8,9,未勝利,40.3,先行,2,2,10,京都,T,2400,良,12,14,未勝利,38.6,中団,3,1,18,京都,T,2000,良,15,10,新馬,36.6,後方,初,,,,,,,,,,,,
8,,17,,,,,プシュパ,,牡,3,13,5,16,京都,T,1800,良,11,3,未勝利,34.4,中団,初,,,,,,,,,,,,,,,,,,,,,,,,,,,,,,,,,,,,,,,,,,,,,,,,
8,,18,,,,,ホウオウモチーヴ,,牡,3,4,7,19,小倉,T,2000,良,2,3,未勝利,35.6,先行,2,7,4,小倉,T,1800,重,12,1,未勝利,38.1,先行,2,6,20,阪神,T,1800,稍,2,3,未勝利,34.2,差し,9,4,18,福島,D,1700,良,7,5,未勝利,37.8,中団,7,2,28,阪神,D,1800,良,8,3,未勝利,39.4,中団,2
レースID(新),日付S,曜日,場所,開催,R,レース名,クラス名,芝・ダート,距離,コース区分,コーナー回数,馬場状態(暫定),天候(暫定),フルゲート頭数,発走時刻,性別限定,重量種別,年齢限定
2026081607020805,2026.8.16,日,中京,2名8,5,,未勝利,ダート,1400,,2,良(暫定),晴(暫定),16,11:50,,馬齢,３歳
枠番,B,番,印,M2,M3,M4,馬名S,Ｃ,性別,年齢,間隔,月,日,場所,TD,距離,馬場状態,着順,人気,ﾚｰｽ名･1走前,上り3F,決手,前走間隔,月,日,場所,TD,距離,馬場状態,着順,人気,ﾚｰｽ名･2走前,上り3F,決手,前走間隔,月,日,場所,TD,距離,馬場状態,着順,人気,ﾚｰｽ名･3走前,上り3F,決手,前走間隔,月,日,場所,TD,距離,馬場状態,着順,人気,ﾚｰｽ名･4走前,上り3F,決手,前走間隔,月,日,場所,TD,距離,馬場状態,着順,人気,ﾚｰｽ名･5走前,上り3F,決手,前走間隔
1,B,1,,,,,トリーア,,牝,3,10,6,6,阪神,D,1400,良,9,6,未勝利・牝,39.2,後方,14,2,28,阪神,D,1400,良,6,11,未勝利・牝,39.0,先行,3,2,10,京都,D,1400,良,4,11,未勝利・牝,38.3,差し,3,1,18,京都,D,1400,良,10,13,未勝利,38.7,後方,16,9,28,阪神,D,1800,良,8,4,新馬,40.2,中団,初
1,,2,,,,,セッシュウ,,牡,3,3,7,26,中京,D,1400,良,3,1,未勝利,39.0,差し,17,3,28,中京,D,1400,稍,2,1,未勝利,37.4,差し,3,3,7,阪神,D,1400,稍,2,2,未勝利,36.9,差し,8,1,10,京都,D,1400,良,3,14,新馬,37.0,先行,初,,,,,,,,,,,,
2,B,3,,,,,タイセイドゥマーニ,,牡,3,3,7,26,中京,D,1400,良,5,6,未勝利,39.1,中団,初,,,,,,,,,,,,,,,,,,,,,,,,,,,,,,,,,,,,,,,,,,,,,,,,
2,,4,,,,,リフラ,,牡,3,35,12,14,中京,D,1400,稍,13,6,未勝利*,40.4,後方,4,11,15,京都,D,1400,良,3,3,未勝利*,37.5,差し,3,10,25,京都,D,1800,良,6,4,未勝利*,38.0,中団,2,10,12,京都,D,1800,良,9,2,新馬,39.6,中団,初,,,,,,,,,,,,
3,,5,,,,,キタノアンドレイ,,牡,3,16,4,25,京都,D,1800,稍,8,13,未勝利,40.1,後方,3,4,5,阪神,D,1800,重,9,6,未勝利,37.5,中団,3,3,14,阪神,D,1800,良,7,5,未勝利,39.0,中団,初,,,,,,,,,,,,,,,,,,,,,,,,
3,,6,,,,,クロレ,,牝,3,11,5,30,京都,D,1400,良,3,3,未勝利,37.0,差し,14,2,21,東京,D,1600,良,6,3,新馬,38.1,中団,初,,,,,,,,,,,,,,,,,,,,,,,,,,,,,,,,,,,,
4,,7,,,,,ナリタアーマー,,牡,3,28,2,1,小倉,D,1700,良,8,2,未勝利,39.6,中団,3,1,11,京都,D,1400,良,4,2,未勝利,38.1,差し,9,11,9,京都,D,1400,稍,3,2,未勝利*,37.7,差し,3,10,18,京都,D,1400,稍,2,2,新馬,36.6,差し,初,,,,,,,,,,,,
4,,8,,,,,パンサーズ,,牡,3,12,5,24,新潟,D,1800,稍,12,6,未勝利,47.1,中団,35,9,21,阪神,T,1600,良,9,7,未勝利*,36.4,先行,3,8,31,中京,T,1600,良,3,3,新馬,35.3,先行,初,,,,,,,,,,,,,,,,,,,,,,,,
5,B,9,,,,,モズプリフォール,,牡,3,13,5,17,京都,D,1400,良,2,1,未勝利,37.4,先行,3,4,25,京都,D,1400,稍,2,3,未勝利,36.5,差し,連,4,19,阪神,D,1400,良,5,1,未勝利,37.4,中団,2,4,4,阪神,D,1400,稍,2,4,未勝利,37.7,逃げ,9,2,1,小倉,D,1700,良,10,5,未勝利,39.5,中団,2
5,,10,,,,,ペンタトニッカー,,牡,3,初,,,,,,,,,,,,,,,,,,,,,,,,,,,,,,,,,,,,,,,,,,,,,,,,,,,,,,,,,,,,
6,,11,,,,,ペプチドアロン,,牡,3,3,7,26,中京,D,1400,良,2,3,未勝利,38.3,差し,11,5,9,京都,D,1400,良,6,8,未勝利,35.8,後方,初,,,,,,,,,,,,,,,,,,,,,,,,,,,,,,,,,,,,
6,,12,,,,,ゼットドリーム,,牡,3,34,12,20,阪神,D,1800,良,11,5,新馬,39.4,中団,初,,,,,,,,,,,,,,,,,,,,,,,,,,,,,,,,,,,,,,,,,,,,,,,,
7,,13,,,,,ソブリンズオーブ,,牝,3,9,6,14,阪神,D,1800,良,12,12,未勝利・牝,40.5,中団,18,2,10,京都,T,1600,良,8,15,新馬,35.0,中団,初,,,,,,,,,,,,,,,,,,,,,,,,,,,,,,,,,,,,
7,,14,,,,,ジョーカー,,牡,3,3,7,26,中京,D,1400,良,4,2,未勝利,38.7,差し,2,7,11,小倉,D,1700,良,3,1,未勝利,39.7,先行,11,4,26,福島,D,1700,良,2,1,未勝利・若,39.0,先行,2,4,12,福島,D,1700,良,2,1,未勝利,39.4,先行,10,2,1,小倉,D,1700,良,2,1,未勝利,38.6,先行,3
8,,15,,,,,キングズテイル,,牡,3,4,7,18,小倉,D,1700,稍,2,3,未勝利,38.0,先行,2,7,4,小倉,D,1700,不,3,6,未勝利,37.5,先行,2,6,20,阪神,D,1800,稍,4,3,未勝利,39.9,先行,13,3,21,阪神,D,2000,稍,4,3,未勝利,38.1,先行,3,3,1,阪神,D,2000,良,3,3,未勝利,38.2,先行,7
8,,16,,,,,ブラストビート,,牡,3,13,5,17,京都,D,1400,良,7,15,未勝利,37.4,中団,10,3,11,名古,D,1500,良,外,--,名古屋,----,,8,1,12,京都,D,1800,良,14,15,未勝利,41.6,中団,2,12,27,阪神,D,1800,稍,8,10,新馬,38.7,後方,初,,,,,,,,,,,,
レースID(新),日付S,曜日,場所,開催,R,レース名,クラス名,芝・ダート,距離,コース区分,コーナー回数,馬場状態(暫定),天候(暫定),フルゲート頭数,発走時刻,性別限定,重量種別,年齢限定
2026081607020806,2026.8.16,日,中京,2名8,6,長久手特別,2勝,芝,2000,A,4,良(暫定),晴(暫定),18,15:00,牝,定量,３上
枠番,B,番,印,M2,M3,M4,馬名S,Ｃ,性別,年齢,間隔,月,日,場所,TD,距離,馬場状態,着順,人気,ﾚｰｽ名･1走前,上り3F,決手,前走間隔,月,日,場所,TD,距離,馬場状態,着順,人気,ﾚｰｽ名･2走前,上り3F,決手,前走間隔,月,日,場所,TD,距離,馬場状態,着順,人気,ﾚｰｽ名･3走前,上り3F,決手,前走間隔,月,日,場所,TD,距離,馬場状態,着順,人気,ﾚｰｽ名･4走前,上り3F,決手,前走間隔,月,日,場所,TD,距離,馬場状態,着順,人気,ﾚｰｽ名･5走前,上り3F,決手,前走間隔
1,,1,,,,,ホウオウタイタン,,牝,4,3,7,26,中京,T,2000,良,4,4,木曽川Ｈ･2勝,33.3,追込,8,5,31,京都,T,2000,良,2,3,２勝ｸﾗｽ・牝,34.8,ﾏｸﾘ,6,4,19,福島,T,2000,良,1,1,１勝ｸﾗｽ,34.7,先行,3,3,28,中京,T,2000,良,2,2,１勝ｸﾗｽ,33.2,追込,連,3,22,中京,T,2000,良,2,11,１勝ｸﾗｽ・牝,33.3,追込,3
2,,2,,,,,ステラクラウン,,牝,5,8,6,21,阪神,T,2000,稍,2,2,高砂特別･2勝,35.4,追込,3,5,31,京都,T,2000,良,5,2,２勝ｸﾗｽ・牝,35.1,先行,9,3,29,阪神,T,2000,良,2,1,四国新聞･2勝,34.0,先行,2,3,14,中京,T,2000,良,2,3,茶臼山高･2勝,34.9,追込,17,11,15,京都,T,2000,良,2,1,２勝ｸﾗｽ・牝,35.8,ﾏｸﾘ,2
3,,3,,,,,エアビッグマム,,牝,4,3,7,26,中京,T,2000,良,8,5,木曽川Ｈ･2勝,34.6,先行,18,3,21,中京,T,2000,良,1,3,１勝ｸﾗｽ,34.3,先行,3,2,28,小倉,T,2000,稍,3,2,１勝ｸﾗｽ・牝,37.3,先行,3,2,8,小倉,T,1800,良,1,1,１勝ｸﾗｽ・若,35.8,差し,9,12,6,中京,T,2000,良,3,6,１勝ｸﾗｽ,34.3,先行,6
4,,4,,,,,スターリングアップ,,牝,5,11,5,31,京都,T,2000,良,3,5,２勝ｸﾗｽ・牝,34.8,先行,6,4,19,阪神,T,2000,良,3,4,蓬莱峡特･2勝,34.7,差し,3,3,29,阪神,T,2000,良,5,3,四国新聞･2勝,34.0,後方,9,1,25,京都,T,2000,良,3,7,２勝ｸﾗｽ・牝,34.8,追込,18,9,20,阪神,T,2000,良,3,6,夕月特別･2勝,35.9,追込,5
5,,5,,,,,アーリーハーベスト,,牝,3,8,6,21,阪神,T,2000,稍,1,3,１勝ｸﾗｽ・牝,34.4,逃げ,13,3,21,中山,T,1800,良,6,12,フラワーG3,34.9,先行,9,1,17,中山,T,1600,良,4,4,菜の花賞･1勝,34.6,先行,6,12,6,中京,T,1600,良,2,2,こうやま･1勝,33.7,先行,6,10,25,京都,T,1600,良,1,4,新馬,34.8,逃げ,初
6,,6,,,,,パフュームセント,,牝,5,11,5,31,京都,T,2000,良,4,1,２勝ｸﾗｽ・牝,35.2,先行,9,3,28,中京,T,2200,良,2,1,ターフオ･2勝,33.6,先行,15,12,13,中京,T,2200,良,1,1,１勝ｸﾗｽ,34.0,先行,6,11,2,京都,T,2200,良,3,2,１勝ｸﾗｽ,34.2,差し,10,8,23,中京,T,2200,良,1,3,長良川特･1勝,33.8,先行,53
7,,7,,,,,レイピカケ,,牝,5,5,7,12,小倉,T,2000,良,10,5,西部スＨ･2勝,37.1,先行,2,6,28,福島,T,2000,良,6,12,松島特別･2勝,34.7,中団,22,1,25,京都,T,2000,良,10,10,２勝ｸﾗｽ・牝,36.5,後方,5,12,21,中山,T,2000,重,11,9,チバテレ･2勝,36.8,後方,16,8,30,札幌,T,2000,稍,10,9,札幌日刊･2勝,37.7,後方,2
レースID(新),日付S,曜日,場所,開催,R,レース名,クラス名,芝・ダート,距離,コース区分,コーナー回数,馬場状態(暫定),天候(暫定),フルゲート頭数,発走時刻,性別限定,重量種別,年齢限定
2026081607020807,2026.8.16,日,中京,2名8,7,中京記念,Ｇ３,芝,1600,A,3,良(暫定),晴(暫定),16,15:35,,別定,３上
枠番,B,番,印,M2,M3,M4,馬名S,Ｃ,性別,年齢,間隔,月,日,場所,TD,距離,馬場状態,着順,人気,ﾚｰｽ名･1走前,上り3F,決手,前走間隔,月,日,場所,TD,距離,馬場状態,着順,人気,ﾚｰｽ名･2走前,上り3F,決手,前走間隔,月,日,場所,TD,距離,馬場状態,着順,人気,ﾚｰｽ名･3走前,上り3F,決手,前走間隔,月,日,場所,TD,距離,馬場状態,着順,人気,ﾚｰｽ名･4走前,上り3F,決手,前走間隔,月,日,場所,TD,距離,馬場状態,着順,人気,ﾚｰｽ名･5走前,上り3F,決手,前走間隔
1,,1,,,,,ブエナオンダ,,牡,5,3,7,26,新潟,T,1600,不,4,14,関屋記念ＨG3,34.4,追込,5,6,21,阪神,T,1600,稍,7,13,しらさぎG3,34.1,後方,8,4,26,京都,T,1600,良,12,10,マイラーG2,33.0,後方,3,4,4,中山,T,1600,稍,6,7,ダービーＨG3,34.9,中団,8,2,10,東京,T,1600,良,15,8,東京新聞G3,34.6,先行,5
1,,2,,,,,ファントムシーフ,,牡,6,147,10,22,京都,T,3000,良,9,6,菊花賞G1,35.5,中団,4,9,24,阪神,T,2400,良,3,2,神戸新聞G2,33.7,逃げ,17,5,28,東京,T,2400,良,8,3,東京優駿G1,33.5,中団,6,4,16,中山,T,2000,重,3,1,皐月賞G1,36.4,差し,9,2,12,東京,T,1800,良,1,3,共同通信G3,34.0,先行,7
2,,3,,,,,ラヴァンダ,,牝,5,13,5,17,東京,T,1600,良,7,8,ヴィクトG1,33.6,中団,5,4,11,阪神,T,1600,良,8,3,阪神牝馬G2,33.7,中団,9,2,10,東京,T,1600,良,2,4,東京新聞G3,33.3,差し,11,11,23,京都,T,1600,良,16,6,マイルチG1,34.5,先行,6,10,12,東京,T,1800,良,1,4,アイルラG2,32.4,差し,4
2,,4,,,,,カズミクラーシュ,,牡,5,8,6,21,阪神,T,1600,稍,8,10,しらさぎG3,34.6,中団,5,5,17,京都,T,1600,良,1,4,錦ＳＨ･3勝,32.9,先行,17,1,17,京都,T,1600,良,1,9,２勝ｸﾗｽ,34.2,先行,17,9,21,中山,T,1600,良,8,5,木更津特･2勝,35.9,中団,60,7,27,新潟,T,1600,良,18,7,豊栄特別･2勝,35.1,中団,4
3,,5,,,,,ミニトランザット,,牡,4,8,6,21,阪神,T,1600,稍,6,3,しらさぎG3,34.2,中団,11,4,4,中山,T,1600,稍,4,2,ダービーＨG3,35.0,差し,8,2,10,京都,T,1600,良,1,1,石清水Ｓ･3勝,33.9,差し,4,1,11,京都,T,1600,良,7,2,新春Ｓ･3勝,33.8,中団,12,10,19,京都,T,1600,良,1,1,２勝ｸﾗｽ,33.1,追込,12
3,,6,,,,,キープカルム,,牡,5,8,6,21,阪神,T,1600,稍,2,6,しらさぎG3,33.8,追込,7,5,2,東京,T,1400,良,6,6,京王杯スG2,32.6,後方,17,1,4,京都,T,1600,良,9,3,京都金杯ＨG3,34.1,中団,11,10,18,東京,T,1600,良,6,6,富士ＳG2,33.3,中団,9,8,17,中京,T,1600,良,5,3,中京記念G3,33.3,後方,8
4,,7,,,,,カネラフィーナ,,牝,4,9,6,13,東京,T,1800,良,1,3,ジューン,33.8,先行,8,4,19,福島,T,1800,良,7,3,福島牝馬G3,34.8,先行,15,1,4,中山,T,2000,良,4,2,中山金杯ＨG3,34.2,差し,11,10,19,新潟,T,2200,良,1,1,新潟牝馬(L),34.6,先行,16,6,28,函館,T,2000,良,1,1,洞爺湖特･2勝,35.1,先行,13
4,,8,,,,,スイープアワーズ,,牡,6,8,6,21,阪神,T,1600,稍,5,9,しらさぎG3,34.0,後方,9,4,19,阪神,T,1600,良,1,4,立雲峡Ｓ･3勝,32.9,追込,6,3,8,阪神,T,1600,良,2,8,岸和田Ｓ･3勝,34.3,先行,4,2,10,京都,T,1600,良,2,11,石清水Ｓ･3勝,33.8,追込,9,12,7,阪神,T,1800,良,8,15,元町ＳＨ･3勝,33.0,後方,15
5,,9,,,,,リリージョワ,,牝,3,18,4,12,阪神,T,1600,良,11,3,桜花賞G1,34.4,後方,12,1,17,京都,T,1400,良,1,1,紅梅Ｓ(L),34.2,逃げ,13,10,19,京都,T,1400,良,1,2,もみじＳ,34.2,逃げ,6,9,6,札幌,T,1500,良,1,1,新馬,35.2,先行,初,,,,,,,,,,,,
5,,10,,,,,ナムラコスモス,,牝,3,18,4,12,阪神,T,1600,良,6,7,桜花賞G1,34.1,後方,6,3,1,阪神,T,1600,良,2,8,チューリG2,33.5,先行,2,2,14,京都,T,1600,良,1,7,こぶし賞･1勝,33.6,差し,14,11,8,京都,T,1400,良,1,6,未勝利*,34.0,先行,2,10,25,京都,T,1400,良,2,5,未勝利・牝*,35.1,先行,4
6,B,11,,,,,チェルビアット,,牝,4,12,5,24,京都,T,1800,良,2,3,都大路Ｈ(L),34.3,差し,9,3,22,中京,T,1400,良,5,2,愛知杯G3,33.8,中団,5,2,14,京都,T,1600,良,2,2,洛陽ＳＨ(L),33.5,先行,8,12,20,中山,T,1600,良,13,2,ターコイＨG3,33.8,後方,7,11,1,東京,T,1600,良,1,2,紅葉Ｓ･3勝,32.8,差し,7
6,,12,,,,,サトノシャイニング,,牡,4,45,10,5,東京,T,1800,良,3,1,毎日王冠G2,33.7,先行,18,6,1,東京,T,2400,良,4,5,東京優駿G1,34.7,先行,6,4,20,中山,T,2000,良,5,2,皐月賞G1,34.5,中団,10,2,9,京都,T,1800,稍,1,1,きさらぎG3,35.1,差し,12,11,16,東京,T,1800,良,2,3,東京スポG2,33.5,逃げ,8
7,,13,,,,,ケイズレーヴ,,牡,4,4,7,19,小倉,T,2000,良,12,16,小倉記念ＨG3,35.0,後方,7,5,28,笠松,D,1400,良,1,5,オグリ,----,差し,5,4,29,笠松,D,1400,良,3,2,飛山濃,----,差し,12,1,29,名古,D,1500,良,7,3,梅見月,----,中団,5,12,25,園田,D,1400,不,5,8,兵庫ゴG3,----,中団,7
7,,14,,,,,ミナデオロ,,牡,5,9,6,14,阪神,T,1600,良,1,2,花のみち･3勝,33.8,逃げ,4,5,17,新潟,T,1800,良,8,2,弥彦Ｓ･3勝,33.3,先行,3,4,26,京都,T,1800,良,13,6,センテＨ･3勝,34.7,中団,6,3,14,阪神,T,1800,良,4,2,難波Ｓ･3勝,33.6,先行,連,3,8,阪神,T,1600,良,5,4,岸和田Ｓ･3勝,34.5,先行,26
8,B,15,,,,,ショウナンアデイブ,,牡,7,8,6,21,阪神,T,1600,稍,15,11,しらさぎG3,36.1,先行,8,4,26,京都,T,1600,良,4,13,マイラーG2,33.6,逃げ,9,2,22,小倉,T,1800,良,3,10,小倉大賞ＨG3,34.6,差し,7,1,4,京都,T,1600,良,3,18,京都金杯ＨG3,33.9,先行,3,12,13,中京,T,2000,良,13,16,中日新聞ＨG3,34.5,先行,5
8,,16,,,,,カンシン,,牡,4,9,6,14,東京,T,1400,良,5,2,パラダＨ(L),33.4,後方,7,4,26,東京,T,1400,良,1,4,湘南ＳＨ･3勝,32.3,差し,4,3,29,中山,T,1200,良,2,2,船橋Ｓ･3勝,33.3,差し,10,1,17,中山,T,1200,良,1,3,２勝ｸﾗｽ,33.0,差し,11,11,2,京都,T,1400,良,4,3,２勝ｸﾗｽ,32.7,追込,4
レースID(新),日付S,曜日,場所,開催,R,レース名,クラス名,芝・ダート,距離,コース区分,コーナー回数,馬場状態(暫定),天候(暫定),フルゲート頭数,発走時刻,性別限定,重量種別,年齢限定
2026081607020808,2026.8.16,日,中京,2名8,8,大垣特別,2勝,ダート,1400,,2,良(暫定),晴(暫定),16,16:15,,定量,３上
枠番,B,番,印,M2,M3,M4,馬名S,Ｃ,性別,年齢,間隔,月,日,場所,TD,距離,馬場状態,着順,人気,ﾚｰｽ名･1走前,上り3F,決手,前走間隔,月,日,場所,TD,距離,馬場状態,着順,人気,ﾚｰｽ名･2走前,上り3F,決手,前走間隔,月,日,場所,TD,距離,馬場状態,着順,人気,ﾚｰｽ名･3走前,上り3F,決手,前走間隔,月,日,場所,TD,距離,馬場状態,着順,人気,ﾚｰｽ名･4走前,上り3F,決手,前走間隔,月,日,場所,TD,距離,馬場状態,着順,人気,ﾚｰｽ名･5走前,上り3F,決手,前走間隔
1,,1,,,,,タマモジャスミン,,牝,4,4,7,18,小倉,D,1700,稍,4,5,熊本城特･2勝,38.0,逃げ,2,7,5,小倉,D,1700,不,6,7,九州スポ･2勝,36.3,先行,18,2,28,小倉,D,1700,重,14,8,早鞆特Ｈ･2勝,39.0,中団,2,2,14,小倉,D,1700,良,1,1,１勝ｸﾗｽ・牝,38.6,先行,2,2,1,小倉,D,1700,良,4,1,１勝ｸﾗｽ・牝,38.4,先行,8
1,,2,,,,,マキシマムビスタ,,牝,4,9,6,14,東京,D,1600,稍,5,6,２勝ｸﾗｽ,37.8,先行,13,3,15,阪神,D,1800,良,9,4,２勝ｸﾗｽ,39.5,先行,3,2,22,小倉,D,1700,良,8,2,和布刈特･2勝,37.9,中団,20,10,4,京都,D,1800,不,3,7,２勝ｸﾗｽ,36.9,先行,12,7,13,小倉,D,1700,良,1,3,１勝ｸﾗｽ・牝,39.2,先行,2
2,B,3,,,,,ミクストベリーズ,,牡,4,9,6,14,東京,T,1600,良,7,8,芦ノ湖特･2勝,34.0,中団,5,5,10,東京,T,1400,良,9,2,２勝ｸﾗｽ,33.8,中団,7,3,21,中京,T,1400,良,6,5,岡崎特別･2勝,34.6,後方,4,2,22,東京,T,1400,良,7,5,２勝ｸﾗｽ,33.8,後方,13,11,23,東京,T,1400,良,3,2,２勝ｸﾗｽ,32.9,差し,5
2,B,4,,,,,アスゴッド,,牡,4,10,6,7,東京,D,1600,良,15,12,小金井特･2勝,38.1,後方,2,5,23,京都,D,1400,稍,8,9,オースト･2勝,36.9,中団,12,3,1,中山,D,1200,良,8,8,２勝ｸﾗｽ,37.4,中団,2,2,14,京都,D,1200,稍,1,4,１勝ｸﾗｽ,36.5,差し,2,2,1,小倉,D,1000,良,7,6,１勝ｸﾗｽ,36.1,中団,11
3,,5,,,,,カナタコナタ,,牡,3,10,6,7,阪神,D,1400,稍,6,2,洲本特別･2勝,37.1,逃げ,6,4,26,京都,D,1400,良,1,5,１勝ｸﾗｽ*,37.6,逃げ,15,1,11,京都,D,1400,良,7,4,１勝ｸﾗｽ*,39.6,先行,4,12,14,阪神,D,1400,稍,1,2,未勝利*,38.0,逃げ,7,10,26,新潟,D,1800,稍,4,4,未勝利*,39.0,先行,2
3,,6,,,,,コスモストーム,,牡,4,4,7,18,小倉,D,1700,稍,2,1,熊本城特･2勝,36.8,先行,3,6,28,小倉,D,1700,稍,3,3,西部日Ｈ･2勝,38.3,先行,3,6,7,阪神,D,1400,稍,4,4,洲本特別･2勝,35.7,差し,16,2,14,東京,D,1600,良,8,2,２勝ｸﾗｽ,36.9,後方,16,10,26,京都,D,1400,重,4,4,嵯峨野Ｈ･2勝,36.3,追込,3
4,,7,,,,,ラピダリア,,牝,5,14,5,10,京都,D,1400,良,8,13,２勝ｸﾗｽ,36.1,後方,2,4,26,東京,D,1400,稍,12,10,２勝ｸﾗｽ,37.2,後方,4,3,28,阪神,D,1400,良,1,12,１勝ｸﾗｽ・牝,36.4,追込,2,3,14,阪神,D,1400,良,13,14,１勝ｸﾗｽ,37.3,中団,15,11,30,京都,D,1400,良,7,14,１勝ｸﾗｽ,38.3,後方,4
4,B,8,,,,,ジュルナール,,牝,4,10,6,7,阪神,D,1400,稍,11,6,洲本特別･2勝,37.1,先行,2,5,24,京都,D,1400,良,1,5,１勝ｸﾗｽ,37.4,差し,10,3,15,中京,D,1400,良,10,3,１勝ｸﾗｽ・牝,36.9,中団,7,1,25,小倉,T,1800,良,11,7,１勝ｸﾗｽ・牝,37.6,中団,2,1,12,京都,D,1800,良,8,1,１勝ｸﾗｽ・牝,39.7,逃げ,8
5,,9,,,,,ケープアグラス,,牝,5,10,6,7,東京,D,1400,良,14,16,八王子特･2勝,38.4,先行,12,3,14,中山,D,1200,良,14,13,２勝ｸﾗｽ,36.8,後方,8,1,17,中山,D,1200,良,12,9,２勝ｸﾗｽ,37.3,後方,2,1,4,中山,D,1200,稍,5,10,２勝ｸﾗｽ,36.5,先行,3,12,13,中山,D,1200,良,3,10,２勝ｸﾗｽ,36.9,追込,3
5,,10,,,,,ダノンキラウェア,,牡,5,12,5,23,京都,D,1400,稍,3,3,オースト･2勝,36.7,先行,5,4,18,阪神,D,1400,良,3,6,吹田特別･2勝,36.3,先行,4,3,21,中京,T,1400,良,5,2,岡崎特別･2勝,34.8,先行,3,2,28,阪神,T,1400,良,7,2,２勝ｸﾗｽ,34.2,中団,11,12,14,阪神,T,1600,良,3,2,甲東特別･2勝,34.3,追込,4
6,,11,,,,,ワンダーカモン,,牡,5,4,7,18,小倉,D,1700,稍,3,7,熊本城特･2勝,37.8,ﾏｸﾘ,7,5,30,京都,D,1200,良,8,14,２勝ｸﾗｽ,35.4,後方,8,4,4,阪神,D,1400,重,10,12,２勝ｸﾗｽ,35.9,中団,2,3,22,阪神,D,1400,良,8,10,２勝ｸﾗｽ,36.1,中団,8,1,25,小倉,D,1700,良,8,10,響灘特別･2勝,37.1,中団,9
6,,12,,,,,ラインジーク,,牡,3,9,6,13,東京,D,1400,稍,1,1,１勝ｸﾗｽ,34.7,差し,3,5,24,東京,D,1400,稍,3,4,１勝ｸﾗｽ*,35.7,追込,7,4,5,中山,D,1200,不,1,1,未勝利,36.6,先行,3,3,15,中京,D,1400,良,2,1,未勝利,37.7,先行,4,2,15,東京,D,1300,良,3,2,未勝利,37.4,先行,11
7,B,13,,,,,オコタンペ,,牡,5,13,5,16,京都,D,1200,良,9,9,２勝ｸﾗｽ,36.2,中団,2,5,3,東京,D,1300,稍,6,7,２勝ｸﾗｽ,36.3,後方,2,4,18,福島,D,1700,良,8,10,ラジオＨ･2勝,38.1,中団,19,12,6,阪神,D,1400,良,9,12,２勝ｸﾗｽ,37.3,中団,5,11,2,東京,D,1600,重,8,7,清里特別･2勝,35.1,後方,6
7,,14,,,,,アンビシャスヨシノ,,牡,4,37,11,30,京都,D,1400,良,1,2,１勝ｸﾗｽ,37.4,差し,5,10,26,京都,D,1400,重,1,11,１勝ｸﾗｽ,36.0,追込,14,7,19,函館,T,1200,良,4,3,未勝利,34.7,差し,3,6,29,函館,T,1200,良,5,3,未勝利,35.2,先行,2,6,14,函館,T,1200,良,4,5,未勝利,34.8,差し,4
8,,15,,,,,メイショウタムシバ,,牝,5,14,5,10,京都,D,1400,良,12,4,２勝ｸﾗｽ,38.1,中団,3,4,18,阪神,D,1400,良,12,5,吹田特別･2勝,37.0,先行,3,3,29,中京,D,1400,良,2,5,鈴鹿特別･2勝,36.6,先行,20,11,9,京都,D,1800,重,5,5,２勝ｸﾗｽ・牝,37.3,先行,4,10,12,京都,D,1800,良,4,8,２勝ｸﾗｽ・牝,37.2,差し,5
8,,16,,,,,アリエスキング,,牡,5,3,7,25,中京,D,1400,良,4,7,四日市特･2勝,36.9,追込,8,5,31,京都,D,1800,良,5,3,與杼特別･2勝,37.2,先行,7,4,12,阪神,D,1800,良,4,5,川西特別･2勝,36.5,先行,23,11,2,東京,D,1600,重,11,4,清里特別･2勝,36.6,先行,2,10,19,京都,D,1800,良,11,4,聚楽第特･2勝,38.5,後方,10
レースID(新),日付S,曜日,場所,開催,R,レース名,クラス名,芝・ダート,距離,コース区分,コーナー回数,馬場状態(暫定),天候(暫定),フルゲート頭数,発走時刻,性別限定,重量種別,年齢限定
2026081607020809,2026.8.16,日,中京,2名8,9,,未勝利,芝,2200,A,4,良(暫定),晴(暫定),18,16:55,,馬齢,３歳
枠番,B,番,印,M2,M3,M4,馬名S,Ｃ,性別,年齢,間隔,月,日,場所,TD,距離,馬場状態,着順,人気,ﾚｰｽ名･1走前,上り3F,決手,前走間隔,月,日,場所,TD,距離,馬場状態,着順,人気,ﾚｰｽ名･2走前,上り3F,決手,前走間隔,月,日,場所,TD,距離,馬場状態,着順,人気,ﾚｰｽ名･3走前,上り3F,決手,前走間隔,月,日,場所,TD,距離,馬場状態,着順,人気,ﾚｰｽ名･4走前,上り3F,決手,前走間隔,月,日,場所,TD,距離,馬場状態,着順,人気,ﾚｰｽ名･5走前,上り3F,決手,前走間隔
1,,1,,,,,デルマトカチ,,牝,3,3,7,25,中京,T,2000,良,9,10,未勝利,34.1,中団,3,7,4,小倉,D,1700,不,15,15,未勝利・牝,38.0,後方,初,,,,,,,,,,,,,,,,,,,,,,,,,,,,,,,,,,,,
1,,2,,,,,ゴールドアベニュー,,牝,3,2,8,1,中京,T,2000,良,8,12,未勝利,35.6,中団,3,7,11,小倉,T,2000,良,13,11,未勝利・牝,35.7,中団,10,5,2,新潟,T,2200,稍,7,6,未勝利,36.9,中団,3,4,11,福島,T,1800,良,6,12,未勝利・牝,34.8,後方,初,,,,,,,,,,,,
2,,3,,,,,ロイドウェバー,,牡,3,5,7,12,小倉,T,2000,良,5,3,未勝利,36.4,後方,初,,,,,,,,,,,,,,,,,,,,,,,,,,,,,,,,,,,,,,,,,,,,,,,,
2,B,4,,,,,ジャスティンレビン,,牡,3,3,7,25,中京,D,1800,良,7,5,未勝利,39.2,中団,15,4,11,阪神,D,1800,重,6,2,未勝利,39.2,中団,3,3,22,阪神,D,1800,良,4,4,未勝利,38.6,先行,3,3,1,阪神,D,2000,良,8,2,未勝利,39.1,中団,6,1,17,京都,D,1800,良,2,3,未勝利,38.5,先行,3
3,,5,,,,,スミヨン,,牡,3,初,,,,,,,,,,,,,,,,,,,,,,,,,,,,,,,,,,,,,,,,,,,,,,,,,,,,,,,,,,,,
3,B,6,,,,,ナムラヴンダー,,牡,3,3,7,26,中京,T,2200,良,2,2,未勝利,34.3,先行,5,6,21,阪神,T,2400,稍,3,2,未勝利,36.9,先行,3,5,30,京都,T,2400,良,6,5,未勝利,35.3,中団,2,5,16,京都,T,2400,良,5,2,未勝利,34.7,ﾏｸﾘ,10,3,7,阪神,T,2400,稍,3,5,未勝利,34.5,先行,3
4,,7,,,,,グリミスティ,,牝,3,2,8,1,中京,T,2000,良,5,14,未勝利,35.4,中団,2,7,19,小倉,D,1700,良,9,8,未勝利・牝,40.4,後方,3,6,28,小倉,T,1800,良,5,11,未勝利,36.2,中団,6,5,17,京都,T,2000,良,10,6,未勝利,35.8,中団,3,4,25,福島,T,2000,良,5,11,未勝利・牝,37.1,逃げ,10
4,B,8,,,,,グランシャン,,牡,3,3,7,26,中京,D,1800,良,9,5,未勝利,40.5,中団,12,5,3,京都,D,1900,稍,9,1,未勝利,38.6,中団,2,4,18,阪神,D,2000,良,3,5,未勝利,38.5,先行,3,3,29,阪神,D,2000,良,2,2,未勝利,38.2,先行,3,3,7,阪神,D,2000,稍,4,7,未勝利,39.3,差し,5
5,,9,,,,,オープンザパンドラ,,牡,3,3,7,26,中京,T,2200,良,8,3,未勝利,35.3,後方,3,7,4,福島,T,2600,稍,4,4,未勝利,35.6,差し,9,5,3,東京,T,1800,良,7,1,未勝利,34.2,後方,2,4,19,阪神,T,2200,良,3,3,未勝利,35.4,差し,3,3,28,中京,T,2200,良,6,9,未勝利,34.8,後方,初
5,B,10,,,,,ヴァンドゥーヴル,,牡,3,3,7,25,中京,D,1800,良,10,6,未勝利,39.5,後方,18,3,22,中京,D,1800,良,7,8,未勝利,38.1,後方,7,2,1,京都,T,2000,良,7,7,未勝利,35.9,後方,2,1,18,京都,T,2000,良,12,5,新馬,35.7,後方,初,,,,,,,,,,,,
6,,11,,,,,ブルーザー,,牡,3,4,7,19,小倉,T,2000,良,4,4,未勝利,36.0,差し,連,7,12,小倉,T,2000,良,3,4,未勝利,36.5,先行,7,5,24,新潟,T,2000,稍,3,3,未勝利,36.2,先行,4,4,26,京都,T,2000,良,5,5,未勝利,36.2,中団,4,3,29,阪神,T,2000,良,4,4,未勝利,35.5,先行,2
6,B,12,,,,,スクランプシャス,,牡,3,7,6,27,小倉,T,2000,稍,6,4,未勝利,36.8,中団,2,6,14,阪神,T,2200,良,5,7,未勝利,34.9,先行,6,5,3,京都,T,2400,良,7,8,未勝利,34.7,中団,2,4,19,阪神,T,2200,良,11,2,未勝利,36.6,逃げ,10,2,10,京都,T,2400,良,6,2,未勝利,36.8,中団,2
7,,13,,,,,タイセイグローバル,,牡,3,3,7,26,中京,T,2200,良,5,8,未勝利,34.5,後方,9,5,23,京都,D,1800,稍,10,9,未勝利,39.5,後方,連,5,16,京都,T,1800,良,13,10,未勝利,35.3,後方,9,3,14,阪神,T,1800,良,14,9,未勝利,36.3,中団,3,2,21,小倉,T,1800,良,3,8,未勝利,36.0,逃げ,6
7,,14,,,,,ダノンオブアイデア,,牡,3,3,7,26,中京,T,2200,良,3,4,未勝利,34.5,逃げ,9,5,23,京都,T,2200,良,4,5,未勝利,36.1,先行,8,3,28,中京,T,2200,良,9,3,未勝利,36.9,先行,9,1,24,京都,T,2200,良,6,8,未勝利,35.7,逃げ,5,12,20,阪神,T,2000,良,8,5,未勝利*,34.8,中団,26
7,,15,,,,,ヨシノサンキュー,,牡,3,3,7,25,中京,D,1800,良,14,14,未勝利,40.6,後方,39,10,26,京都,T,1800,稍,10,8,新馬,39.8,後方,初,,,,,,,,,,,,,,,,,,,,,,,,,,,,,,,,,,,,
8,,16,,,,,スマートエラン,,牡,3,3,7,25,中京,T,2000,良,5,5,未勝利,33.8,中団,10,5,16,新潟,T,1800,良,11,6,未勝利,35.5,逃げ,4,4,19,福島,T,2000,良,4,2,未勝利,36.2,先行,26,10,19,東京,T,1800,良,5,2,新馬,34.2,中団,初,,,,,,,,,,,,
8,,17,,,,,ノチェブエナ,,牝,3,2,8,2,中京,T,2000,良,7,14,未勝利・牝,34.6,中団,6,6,20,阪神,T,1800,稍,15,8,未勝利,36.5,後方,初,,,,,,,,,,,,,,,,,,,,,,,,,,,,,,,,,,,,
8,,18,,,,,レーヴドリュヌ,,牝,3,2,8,2,中京,T,2000,良,10,9,未勝利・牝,34.8,後方,6,6,21,阪神,T,2400,稍,8,4,未勝利,38.2,先行,2,6,7,阪神,T,1800,良,6,10,未勝利・牝,34.1,中団,15,2,21,阪神,T,1600,良,17,18,未勝利,35.5,中団,14,11,15,京都,T,1600,良,11,12,新馬・牝,35.0,後方,初
レースID(新),日付S,曜日,場所,開催,R,レース名,クラス名,芝・ダート,距離,コース区分,コーナー回数,馬場状態(暫定),天候(暫定),フルゲート頭数,発走時刻,性別限定,重量種別,年齢限定
2026081607020810,2026.8.16,日,中京,2名8,10,,1勝,ダート,1800,,4,良(暫定),晴(暫定),16,17:30,牝,定量,３上
枠番,B,番,印,M2,M3,M4,馬名S,Ｃ,性別,年齢,間隔,月,日,場所,TD,距離,馬場状態,着順,人気,ﾚｰｽ名･1走前,上り3F,決手,前走間隔,月,日,場所,TD,距離,馬場状態,着順,人気,ﾚｰｽ名･2走前,上り3F,決手,前走間隔,月,日,場所,TD,距離,馬場状態,着順,人気,ﾚｰｽ名･3走前,上り3F,決手,前走間隔,月,日,場所,TD,距離,馬場状態,着順,人気,ﾚｰｽ名･4走前,上り3F,決手,前走間隔,月,日,場所,TD,距離,馬場状態,着順,人気,ﾚｰｽ名･5走前,上り3F,決手,前走間隔
1,,1,,,,,オーケーリアン,,牝,3,13,5,17,新潟,D,1800,良,1,5,未勝利・牝,39.6,先行,2,5,2,新潟,D,1800,不,5,5,未勝利・牝,41.6,先行,7,3,15,阪神,D,1400,良,6,4,未勝利・牝,38.3,中団,3,2,22,阪神,D,1400,良,2,4,新馬,37.4,差し,初,,,,,,,,,,,,
1,,2,,,,,マリーヌ,,牝,4,15,5,3,新潟,T,1400,良,9,10,１勝ｸﾗｽ・牝,35.5,中団,5,3,28,中京,T,1600,良,11,10,１勝ｸﾗｽ・牝,34.1,中団,22,10,26,新潟,T,1600,稍,7,10,柏崎特別･1勝,35.5,中団,8,8,30,中京,D,1400,良,8,5,１勝ｸﾗｽ,39.3,先行,3,8,9,中京,D,1800,良,5,2,１勝ｸﾗｽ・牝,40.8,逃げ,16
2,,3,,,,,ルルフィーユ,,牝,5,3,7,25,中京,D,1800,良,6,8,１勝ｸﾗｽ,39.4,先行,3,7,5,小倉,S,2860,重,10,12,障害未勝利,13.8,後方,6,5,24,新潟,S,2890,稍,12,8,障害未勝利,13.9,後方,13,2,22,小倉,S,2860,良,9,10,障害未勝利,14.0,後方,15,11,9,京都,D,1800,重,13,16,１勝ｸﾗｽ,38.9,後方,4
2,,4,,,,,ベルソテイラ,,牝,3,14,5,10,京都,D,1800,良,4,4,１勝ｸﾗｽ・牝*,38.3,先行,3,4,19,福島,D,1700,良,1,2,未勝利・牝,38.1,逃げ,18,12,14,中京,D,1800,稍,2,2,新馬,38.7,逃げ,初,,,,,,,,,,,,,,,,,,,,,,,,
3,,5,,,,,ザラタン,,牝,4,7,6,27,小倉,D,1700,重,9,3,１勝ｸﾗｽ・牝,39.5,中団,3,6,7,阪神,D,1800,稍,5,8,１勝ｸﾗｽ・牝,37.3,中団,3,5,16,新潟,D,1800,良,2,4,１勝ｸﾗｽ,38.2,差し,3,4,26,福島,D,1700,良,8,4,１勝ｸﾗｽ・牝,37.6,中団,9,2,22,小倉,T,1200,良,11,8,１勝ｸﾗｽ・牝,33.9,後方,11
3,,6,,,,,バシリス,,牝,4,5,7,12,函館,D,1700,不,8,5,１勝ｸﾗｽ・牝,42.2,後方,6,5,30,京都,D,1800,良,4,5,１勝ｸﾗｽ,37.9,逃げ,2,5,17,新潟,D,1200,良,10,3,１勝ｸﾗｽ,38.7,中団,2,5,2,京都,D,1800,稍,7,3,１勝ｸﾗｽ・牝,38.2,逃げ,4,4,4,阪神,D,1800,稍,6,4,１勝ｸﾗｽ,39.7,逃げ,2
4,,7,,,,,ガールズデイアウト,,牝,4,50,8,31,札幌,D,1700,稍,5,6,１勝ｸﾗｽ・牝,37.3,先行,3,8,9,札幌,D,1700,重,5,5,１勝ｸﾗｽ・牝,37.2,中団,2,7,27,札幌,D,1700,不,8,4,１勝ｸﾗｽ・牝,39.1,中団,14,4,19,阪神,D,1800,良,1,1,未勝利・牝,38.6,差し,2,4,5,阪神,D,1800,良,2,1,未勝利・牝,38.2,先行,4
4,,8,,,,,ティエラレイナ,,牝,3,28,2,1,京都,D,1400,良,1,1,新馬,37.6,先行,初,,,,,,,,,,,,,,,,,,,,,,,,,,,,,,,,,,,,,,,,,,,,,,,,
5,,9,,,,,アーデルリーベ,,牝,4,2,8,2,中京,D,1800,良,4,7,１勝ｸﾗｽ・牝,37.0,差し,7,6,16,川崎,D,1500,稍,10,1,ジュー,----,逃げ,7,4,26,福島,D,1700,良,6,9,１勝ｸﾗｽ・牝,38.4,中団,16,1,4,京都,D,1200,良,10,7,１勝ｸﾗｽ,36.5,中団,11,10,18,京都,T,1400,良,14,9,１勝ｸﾗｽ,34.4,後方,連
5,,10,,,,,ヴァイヴァーイ,,牝,3,12,5,24,京都,D,1900,良,10,14,１勝ｸﾗｽ*,40.2,中団,2,5,10,新潟,D,1800,良,1,1,未勝利・牝,40.2,差し,6,3,28,中京,D,1800,稍,3,4,未勝利・牝,38.9,差し,連,3,22,中京,D,1800,良,4,6,未勝利・牝,38.4,差し,10,1,11,京都,D,1800,良,8,13,新馬・牝,40.3,中団,初
6,,11,,,,,エイコーンドリーム,,牝,3,5,7,11,小倉,D,1700,良,5,4,１勝ｸﾗｽ・牝,37.7,中団,12,4,18,阪神,D,1800,良,外,--,１勝ｸﾗｽ・牝*,----,,6,3,8,阪神,D,1800,良,8,9,１勝ｸﾗｽ・牝*,39.5,先行,2,2,21,阪神,D,1800,良,1,2,新馬,37.5,先行,初,,,,,,,,,,,,
6,,12,,,,,ローズゴジャール,,牝,4,26,2,15,京都,D,1800,良,10,13,１勝ｸﾗｽ,39.0,後方,3,1,24,京都,D,1800,良,11,7,１勝ｸﾗｽ,37.3,中団,2,1,12,京都,D,1800,良,4,7,１勝ｸﾗｽ・牝,37.0,追込,4,12,13,中京,D,1900,良,7,7,１勝ｸﾗｽ,39.0,中団,10,10,4,京都,D,1800,重,10,11,１勝ｸﾗｽ,36.9,後方,3
7,,13,,,,,リポジノ,,牝,4,4,7,19,福島,D,1700,良,11,6,１勝ｸﾗｽ,42.0,先行,2,7,5,福島,D,1700,良,2,8,１勝ｸﾗｽ・牝,39.2,先行,7,5,15,園田,D,1400,良,1,1,Ｃ１　,----,逃げ,4,4,21,園田,D,1870,良,1,3,Ｃ２　,----,逃げ,2,4,7,園田,D,1400,稍,2,2,Ｃ２一,----,先行,16
7,,14,,,,,クレマチス,,牝,3,10,6,7,阪神,D,1800,稍,6,5,１勝ｸﾗｽ・牝,37.6,中団,11,3,21,阪神,D,1800,稍,1,3,未勝利・牝,37.4,先行,14,12,14,阪神,D,1800,稍,5,5,未勝利*,40.2,先行,3,11,22,福島,D,1700,良,7,1,未勝利・牝*,40.1,中団,3,11,1,京都,D,1800,重,5,6,新馬,37.6,ﾏｸﾘ,初
8,,15,,,,,ブラッドムーン,,牝,3,3,7,29,名古,D,1500,稍,1,2,名古屋,----,逃げ,6,6,14,阪神,D,1800,良,7,7,未勝利・牝,38.2,後方,3,5,24,京都,D,1800,良,5,3,未勝利・牝,39.7,中団,3,5,2,新潟,D,1800,不,7,8,未勝利・牝,41.0,中団,14,1,24,京都,D,1800,良,8,11,未勝利・牝,38.2,中団,3
8,B,16,,,,,コズミックフレア,,牝,3,4,7,19,小倉,D,1700,良,1,4,未勝利,39.2,先行,4,6,20,阪神,D,1800,稍,6,10,未勝利・牝,40.8,中団,13,3,22,中京,D,1800,良,7,5,未勝利・牝,39.3,中団,3,3,1,阪神,D,1800,良,6,4,未勝利・牝,40.1,後方,16,11,8,京都,D,1800,良,5,6,未勝利・牝*,39.2,ﾏｸﾘ,2
レースID(新),日付S,曜日,場所,開催,R,レース名,クラス名,芝・ダート,距離,コース区分,コーナー回数,馬場状態(暫定),天候(暫定),フルゲート頭数,発走時刻,性別限定,重量種別,年齢限定
2026081607020811,2026.8.16,日,中京,2名8,11,,1勝,芝,1400,A,2,良(暫定),晴(暫定),18,18:00,,定量,３上
枠番,B,番,印,M2,M3,M4,馬名S,Ｃ,性別,年齢,間隔,月,日,場所,TD,距離,馬場状態,着順,人気,ﾚｰｽ名･1走前,上り3F,決手,前走間隔,月,日,場所,TD,距離,馬場状態,着順,人気,ﾚｰｽ名･2走前,上り3F,決手,前走間隔,月,日,場所,TD,距離,馬場状態,着順,人気,ﾚｰｽ名･3走前,上り3F,決手,前走間隔,月,日,場所,TD,距離,馬場状態,着順,人気,ﾚｰｽ名･4走前,上り3F,決手,前走間隔,月,日,場所,TD,距離,馬場状態,着順,人気,ﾚｰｽ名･5走前,上り3F,決手,前走間隔
1,,1,,,,,グレゴリオ,,セ,4,2,8,1,中京,T,1600,良,7,8,１勝ｸﾗｽ,34.2,中団,12,5,10,東京,T,1400,良,7,5,１勝ｸﾗｽ,34.5,先行,連,5,2,新潟,T,1600,稍,9,2,１勝ｸﾗｽ,36.2,後方,27,10,26,新潟,T,1600,稍,3,1,柏崎特別･1勝,34.8,差し,連,10,19,新潟,T,1600,稍,2,6,１勝ｸﾗｽ,32.9,差し,5
1,,2,,,,,フルールジェンヌ,,牝,3,3,7,26,中京,T,1400,良,5,6,１勝ｸﾗｽ,34.9,逃げ,18,3,22,阪神,T,1200,良,4,1,１勝ｸﾗｽ*,34.4,先行,2,3,7,阪神,T,1400,良,6,17,フィリーG2,35.1,先行,7,1,17,京都,T,1400,良,6,9,紅梅Ｓ(L),34.9,先行,11,11,1,京都,T,1400,良,10,8,ファンタG3,34.8,先行,4
2,,3,,,,,フロンティエール,,牡,4,3,7,26,中京,D,1400,良,8,10,１勝ｸﾗｽ,38.8,中団,8,5,28,園田,D,1400,稍,1,1,Ｃ１　,----,逃げ,4,5,5,園田,D,1400,稍,1,3,Ｃ２一,----,先行,19,12,23,園田,D,1400,稍,7,4,Ｃ１二,----,後方,3,11,27,園田,D,1400,稍,6,2,ネイビ,----,先行,5
2,,4,,,,,ベルフラム,,牝,3,3,7,26,中京,T,1400,良,4,14,１勝ｸﾗｽ,34.1,差し,11,5,10,京都,D,1800,良,10,11,１勝ｸﾗｽ・牝*,40.0,後方,7,3,21,阪神,D,1400,良,15,13,１勝ｸﾗｽ*,38.7,後方,4,2,21,小倉,T,1200,良,9,10,あざみ賞･1勝,35.0,中団,14,11,16,福島,T,1200,良,15,14,福島２歳,36.0,中団,6
3,,5,,,,,セルズパワー,,牡,4,10,6,6,阪神,D,1400,良,8,11,１勝ｸﾗｽ,37.2,後方,2,5,24,京都,D,1400,良,5,6,１勝ｸﾗｽ,37.3,後方,3,5,2,京都,D,1400,稍,2,6,１勝ｸﾗｽ,36.4,追込,7,3,14,阪神,D,1400,良,7,8,１勝ｸﾗｽ,36.8,後方,4,2,14,京都,D,1400,稍,4,11,１勝ｸﾗｽ,37.9,差し,9
3,B,6,,,,,キョラムン,,牝,4,4,7,19,小倉,T,1200,良,5,7,１勝ｸﾗｽ,34.6,中団,2,7,4,小倉,T,1200,稍,5,2,小郡特別･1勝,35.3,後方,10,4,25,福島,T,1200,良,7,1,１勝ｸﾗｽ・若,34.4,中団,9,2,22,小倉,T,1200,良,6,2,１勝ｸﾗｽ・牝,34.5,中団,3,1,31,小倉,T,1200,良,4,3,１勝ｸﾗｽ,34.2,差し,16
4,,7,,,,,ルージュバロン,,牝,3,3,7,26,中京,T,1400,良,2,5,１勝ｸﾗｽ,33.6,追込,7,6,6,阪神,D,1400,良,3,2,１勝ｸﾗｽ,37.3,先行,3,5,16,京都,D,1400,良,1,2,未勝利・牝,37.0,先行,8,3,21,中京,T,1400,良,5,6,未勝利,34.1,後方,24,10,5,東京,T,2000,良,6,3,新馬,34.4,中団,初
4,B,8,,,,,ジョワイユノエル,,牝,4,3,7,25,新潟,T,1400,良,2,11,１勝ｸﾗｽ・牝,33.5,差し,10,5,16,新潟,T,1800,良,9,3,石打特別･1勝,35.1,中団,7,3,28,中京,T,1600,良,4,3,１勝ｸﾗｽ・牝,33.9,差し,10,1,18,京都,T,1600,良,5,3,１勝ｸﾗｽ,35.5,逃げ,4,12,21,中京,T,1600,稍,5,8,１勝ｸﾗｽ・牝,34.8,後方,15
5,,9,,,,,フィラーエ,,牝,3,4,7,19,小倉,T,1200,良,7,6,１勝ｸﾗｽ,35.1,中団,連,7,12,小倉,T,1200,良,5,6,１勝ｸﾗｽ,34.9,中団,7,5,24,京都,T,1200,良,6,5,１勝ｸﾗｽ*,34.0,先行,4,4,25,福島,T,1200,良,1,4,未勝利,34.3,先行,9,2,21,小倉,T,1800,良,7,7,未勝利,36.4,先行,8
5,,10,,,,,ダノンフェルゼン,,牡,4,3,7,26,中京,T,1400,良,12,12,１勝ｸﾗｽ,34.8,中団,9,5,24,京都,D,1400,良,15,9,１勝ｸﾗｽ,38.6,中団,10,3,14,阪神,D,1800,良,6,4,１勝ｸﾗｽ,38.3,先行,3,2,22,阪神,D,1800,良,11,7,１勝ｸﾗｽ,41.4,中団,68,11,4,門別,D,1800,良,5,7,JBC２歳G3,----,先行,5
6,,11,,,,,フォルナックス,,牝,3,9,6,13,阪神,T,1600,良,8,8,１勝ｸﾗｽ・牝,33.9,中団,15,2,28,中山,T,1800,良,5,3,１勝ｸﾗｽ・牝*,35.8,中団,7,1,12,京都,T,1600,良,7,6,シンザンG3,35.1,中団,10,11,1,京都,T,1800,稍,1,1,未勝利*,33.9,先行,7,9,15,阪神,T,1600,良,3,3,未勝利・牝*,33.3,差し,6
6,,12,,,,,ヴァージル,,牡,4,9,6,13,阪神,T,1200,良,3,4,１勝ｸﾗｽ,32.9,追込,8,4,18,阪神,T,1600,良,7,7,１勝ｸﾗｽ,33.1,中団,3,3,29,阪神,T,1400,良,6,4,１勝ｸﾗｽ,33.7,後方,7,2,8,小倉,T,1200,良,7,2,１勝ｸﾗｽ,34.7,中団,13,11,9,京都,T,1400,重,5,5,１勝ｸﾗｽ,34.5,中団,3
7,,13,,,,,スウィッチインラヴ,,牝,3,3,7,26,中京,T,1400,良,6,4,１勝ｸﾗｽ,34.7,先行,9,5,23,京都,T,1600,良,5,1,メルボル･1勝,34.7,先行,3,5,2,京都,T,1400,良,2,8,１勝ｸﾗｽ*,33.4,先行,15,1,17,京都,T,1400,良,9,5,紅梅Ｓ(L),36.1,先行,11,10,31,ｱﾒﾘｶ,T,1600,良,11,--,ＢＦＴG1,----,不明,6
7,,14,,,,,マイティキングダム,,牡,3,3,7,26,中京,D,1400,良,15,4,１勝ｸﾗｽ,41.1,中団,12,5,2,京都,T,1400,良,6,5,１勝ｸﾗｽ*,33.8,中団,4,4,4,阪神,T,1400,良,1,2,未勝利,35.0,先行,3,3,14,阪神,T,1400,良,2,5,未勝利,34.6,先行,9,1,12,京都,T,1400,良,6,2,未勝利,36.0,中団,3
8,,15,,,,,キングケープ,,牡,3,2,8,1,中京,T,1600,良,10,4,１勝ｸﾗｽ,34.9,先行,12,5,9,京都,T,1400,良,1,3,未勝利,33.7,先行,2,4,25,京都,T,1600,良,3,10,未勝利,34.3,差し,4,3,28,中京,T,1600,良,7,7,未勝利,34.6,中団,15,12,14,阪神,D,1400,稍,15,8,未勝利*,42.6,中団,14
8,B,16,,,,,ブーディガ,,牝,4,28,1,31,京都,T,1600,良,15,12,１勝ｸﾗｽ,35.5,中団,3,1,10,京都,T,1400,良,6,15,１勝ｸﾗｽ,34.5,後方,14,10,5,京都,D,1800,重,14,10,１勝ｸﾗｽ,46.2,逃げ,4,9,6,阪神,T,1600,良,11,8,１勝ｸﾗｽ,37.3,先行,4,8,10,中京,T,1400,良,14,6,１勝ｸﾗｽ,35.9,先行,11
レースID(新),日付S,曜日,場所,開催,R,レース名,クラス名,芝・ダート,距離,コース区分,コーナー回数,馬場状態(暫定),天候(暫定),フルゲート頭数,発走時刻,性別限定,重量種別,年齢限定
2026081607020812,2026.8.16,日,中京,2名8,12,,未勝利,ダート,1800,,4,良(暫定),晴(暫定),16,18:30,,馬齢,３歳
枠番,B,番,印,M2,M3,M4,馬名S,Ｃ,性別,年齢,間隔,月,日,場所,TD,距離,馬場状態,着順,人気,ﾚｰｽ名･1走前,上り3F,決手,前走間隔,月,日,場所,TD,距離,馬場状態,着順,人気,ﾚｰｽ名･2走前,上り3F,決手,前走間隔,月,日,場所,TD,距離,馬場状態,着順,人気,ﾚｰｽ名･3走前,上り3F,決手,前走間隔,月,日,場所,TD,距離,馬場状態,着順,人気,ﾚｰｽ名･4走前,上り3F,決手,前走間隔,月,日,場所,TD,距離,馬場状態,着順,人気,ﾚｰｽ名･5走前,上り3F,決手,前走間隔
1,,1,,,,,メイショウジンソウ,,牡,3,2,8,1,中京,D,1800,良,5,11,未勝利,40.1,中団,初,,,,,,,,,,,,,,,,,,,,,,,,,,,,,,,,,,,,,,,,,,,,,,,,
1,,2,,,,,レイワノキセキ,,牡,3,4,7,19,小倉,T,2000,良,10,7,未勝利,37.0,中団,2,7,4,小倉,T,2600,重,7,11,未勝利,38.6,中団,4,6,7,阪神,T,2000,稍,9,7,未勝利,36.6,中団,6,4,25,京都,T,2200,良,8,7,未勝利,35.8,先行,3,4,5,阪神,T,2400,稍,6,5,未勝利,37.0,先行,2
2,,3,,,,,シンゼンコジロウ,,牡,3,7,6,27,小倉,D,1700,不,12,10,未勝利,38.9,後方,11,4,12,阪神,D,1800,稍,10,11,未勝利,37.6,後方,3,3,22,中京,D,1800,良,6,11,未勝利,38.6,中団,5,2,14,京都,D,1200,稍,10,13,未勝利,38.3,中団,2,2,1,京都,D,1400,良,12,15,新馬,39.4,中団,初
2,,4,,,,,サトノディヴァイン,,牡,3,8,6,20,阪神,D,1800,稍,7,14,未勝利,38.0,後方,初,,,,,,,,,,,,,,,,,,,,,,,,,,,,,,,,,,,,,,,,,,,,,,,,
3,,5,,,,,タガノランパート,,牡,3,5,7,11,小倉,D,1700,良,7,6,未勝利,40.4,中団,3,6,20,阪神,D,1800,稍,5,10,未勝利,39.7,中団,初,,,,,,,,,,,,,,,,,,,,,,,,,,,,,,,,,,,,
3,B,6,,,,,クボウサマ,,セ,3,9,6,13,阪神,D,2000,良,14,12,未勝利,40.7,後方,2,5,30,京都,D,1800,良,6,13,未勝利,38.1,中団,21,1,5,京都,D,1900,良,6,15,未勝利,38.8,中団,3,12,13,阪神,D,1800,良,6,8,未勝利*,39.4,後方,3,11,22,京都,D,1800,良,12,12,未勝利*,40.0,中団,2
4,B,7,,,,,バチラ,,牡,3,6,7,4,小倉,D,1700,不,9,10,未勝利,38.2,中団,10,4,26,京都,T,2000,良,9,10,未勝利,36.9,中団,2,4,11,福島,T,2600,良,11,8,未勝利,37.1,中団,2,3,29,中京,T,2000,良,7,6,未勝利,34.8,先行,8,2,1,小倉,T,2000,良,9,6,未勝利,35.9,中団,2
4,,8,,,,,ガトー,,牡,3,16,4,25,京都,D,1800,稍,3,4,未勝利,40.4,先行,10,2,14,京都,D,1800,稍,3,10,新馬,38.8,先行,初,,,,,,,,,,,,,,,,,,,,,,,,,,,,,,,,,,,,
5,,9,,,,,ハッピーブルー,,牡,3,29,1,25,小倉,D,1700,良,9,7,未勝利,40.7,後方,2,1,12,京都,D,1800,良,8,12,新馬,37.5,中団,初,,,,,,,,,,,,,,,,,,,,,,,,,,,,,,,,,,,,
5,,10,,,,,コンゴウフジ,,牡,3,38,11,23,京都,T,1800,良,7,5,新馬,35.0,先行,初,,,,,,,,,,,,,,,,,,,,,,,,,,,,,,,,,,,,,,,,,,,,,,,,
6,,11,,,,,ゴールデンドラゴン,,牡,3,2,8,1,中京,D,1800,良,3,4,未勝利,40.3,差し,3,7,11,小倉,D,1700,良,4,2,未勝利,39.3,差し,2,6,28,小倉,D,1700,稍,2,7,未勝利,37.8,先行,3,6,6,阪神,D,1800,良,5,8,未勝利,38.1,中団,16,2,15,小倉,D,1700,稍,8,8,未勝利,38.2,中団,3
6,,12,,,,,タロ,,牡,3,3,7,25,中京,D,1800,良,2,3,未勝利,39.2,先行,4,6,30,盛岡,T,1700,良,2,2,アメジ,----,先行,8,5,3,新潟,D,1800,稍,3,2,未勝利,39.8,先行,3,4,12,中山,D,1800,稍,2,5,未勝利,38.6,先行,2,3,28,中京,D,1800,稍,4,5,未勝利・若,39.8,逃げ,4
7,,13,,,,,アイランド,,牡,3,3,7,26,中京,D,1800,良,3,1,未勝利,40.7,先行,4,6,27,小倉,D,1700,不,2,1,未勝利,38.2,先行,2,6,14,阪神,D,1800,良,3,5,未勝利,38.3,差し,初,,,,,,,,,,,,,,,,,,,,,,,,
7,B,14,,,,,カラバッシュ,,牡,3,10,6,6,阪神,D,1800,良,12,7,未勝利,38.6,中団,3,5,16,京都,T,2400,良,8,7,未勝利,35.1,後方,初,,,,,,,,,,,,,,,,,,,,,,,,,,,,,,,,,,,,
8,B,15,,,,,マーゴットショット,,牡,3,3,7,25,中京,D,1800,良,3,15,未勝利,38.4,差し,10,5,17,京都,D,1900,良,10,9,未勝利,42.2,先行,3,4,25,京都,T,2200,良,12,9,未勝利,36.1,後方,11,2,8,小倉,T,2000,良,消,--,新馬,----,,初,,,,,,,,,,,,
8,,16,,,,,グレートアゲイン,,牡,3,7,6,27,小倉,D,1700,不,9,16,未勝利,38.9,中団,11,4,11,福島,D,1700,良,8,13,未勝利,38.7,中団,11,1,24,京都,D,1200,良,13,11,未勝利,37.0,後方,3,1,4,京都,D,1400,良,10,15,未勝利,38.0,後方,11,10,18,京都,D,1400,稍,13,15,新馬,38.3,後方,初
