レースID(新),日付S,曜日,場所,開催,R,レース名,クラス名,芝・ダート,距離,コース区分,コーナー回数,馬場状態(暫定),天候(暫定),フルゲート頭数,発走時刻,性別限定,重量種別,年齢限定
2026090601020601,2026.9.6,日,札幌,2札6,1,,未勝利,ダート,1700,,4,稍(暫定),晴(暫定),14,09:50,牝,馬齢,３歳
枠番,B,番,印,M2,M3,M4,馬名S,Ｃ,性別,年齢,間隔,月,日,場所,TD,距離,馬場状態,着順,人気,ﾚｰｽ名･1走前,上り3F,決手,前走間隔,月,日,場所,TD,距離,馬場状態,着順,人気,ﾚｰｽ名･2走前,上り3F,決手,前走間隔,月,日,場所,TD,距離,馬場状態,着順,人気,ﾚｰｽ名･3走前,上り3F,決手,前走間隔,月,日,場所,TD,距離,馬場状態,着順,人気,ﾚｰｽ名･4走前,上り3F,決手,前走間隔,月,日,場所,TD,距離,馬場状態,着順,人気,ﾚｰｽ名･5走前,上り3F,決手,前走間隔
1,B,1,,,,,ルージュエピック,,牝,3,連,8,29,札幌,D,1700,稍,6,10,１勝ｸﾗｽ,38.2,中団,3,8,8,札幌,D,1700,良,7,7,未勝利・牝,39.3,中団,7,6,20,阪神,D,1800,稍,9,8,未勝利・牝,40.8,中団,3,5,31,京都,D,1800,良,7,4,未勝利・牝,38.9,中団,2,5,17,京都,D,1800,良,3,2,未勝利・牝,38.0,差し,6
2,B,2,,,,,テンレッドサン,,牝,3,連,8,30,札幌,D,1700,稍,2,6,未勝利・牝,38.5,差し,2,8,16,札幌,D,1700,良,4,3,未勝利・牝,38.9,先行,7,6,28,函館,D,1700,稍,3,1,未勝利,37.9,先行,2,6,13,函館,D,1700,稍,3,1,未勝利・牝,38.3,差し,15,2,28,小倉,D,1700,不,2,6,未勝利・牝,37.2,先行,14
3,,3,,,,,エリカビアリッツ,,牝,3,連,8,30,札幌,D,1700,稍,3,2,未勝利・牝,38.2,差し,9,6,27,函館,D,1700,重,4,2,未勝利・牝,37.1,先行,4,5,31,東京,D,1600,良,2,1,未勝利・牝,37.8,先行,5,4,25,東京,D,1600,稍,2,1,未勝利・牝,38.5,差し,34,8,30,札幌,T,1500,稍,2,1,未勝利・牝*,36.2,先行,3
4,,4,,,,,ルージュリヴィエラ,,牝,3,連,8,30,札幌,D,1700,稍,4,6,１勝ｸﾗｽ・牝,38.3,先行,2,8,16,札幌,D,1700,良,7,1,未勝利・牝,38.8,中団,4,7,19,函館,D,1700,不,2,4,未勝利,38.2,先行,2,7,4,函館,D,1700,良,2,8,未勝利・牝,38.3,先行,6,5,24,東京,D,1400,稍,8,8,未勝利・牝,37.6,中団,4
4,,5,,,,,サンセリテ,,牝,3,連,8,30,札幌,D,1700,稍,4,9,未勝利・牝,38.0,差し,5,7,25,札幌,T,1500,良,6,6,未勝利・牝,34.8,中団,11,5,10,東京,T,1600,良,10,3,未勝利,34.2,中団,16,1,18,中山,T,1600,良,9,2,未勝利・牝,35.4,中団,12,10,25,東京,T,1600,良,6,1,未勝利・牝*,36.0,先行,6
5,B,6,,,,,ウォータースパウト,,牝,3,連,8,30,札幌,D,1700,稍,5,4,未勝利・牝,38.8,中団,2,8,16,札幌,D,1700,良,2,5,未勝利・牝,38.2,先行,5,7,11,函館,D,1700,重,止,3,未勝利・牝,----,,連,7,4,函館,D,1700,良,3,4,未勝利・牝,38.5,先行,2,6,20,函館,D,1700,良,3,6,未勝利・牝,38.8,先行,7
5,B,7,,,,,ワンダーアスク,,牝,3,連,8,29,札幌,D,1700,稍,4,6,未勝利,38.7,差し,4,8,2,札幌,D,1700,良,5,5,未勝利・牝,40.3,先行,3,7,11,函館,D,1700,重,7,5,未勝利・牝,38.3,先行,2,6,27,函館,D,1700,重,3,10,未勝利・牝,37.0,差し,2,6,13,函館,D,1700,稍,9,5,未勝利・牝,40.0,先行,10
6,,8,,,,,クリコイーコ,,牝,3,連,8,30,札幌,D,1700,稍,2,11,未勝利,39.2,先行,3,8,8,札幌,T,1200,稍,11,15,未勝利,35.4,中団,2,7,25,札幌,D,1000,良,5,5,未勝利,36.2,中団,2,7,12,函館,D,1000,不,7,8,未勝利,35.4,中団,6,5,31,京都,D,1200,良,7,9,未勝利,36.8,中団,5
6,,9,,,,,シンデレラカラー,,牝,3,連,8,29,札幌,T,1500,稍,8,14,未勝利,38.3,中団,10,6,20,函館,T,1800,良,9,16,未勝利・牝,36.0,後方,7,5,3,東京,D,1600,稍,10,9,未勝利・牝,38.6,中団,3,4,11,中山,D,1800,重,9,9,未勝利,40.6,中団,4,3,14,中京,D,1800,良,8,6,未勝利・牝,41.6,先行,14
7,,10,,,,,セラサイト,,牝,3,2,8,23,札幌,D,1700,良,2,7,未勝利,39.2,逃げ,2,8,8,札幌,D,1700,良,5,6,未勝利・牝,39.2,中団,2,7,26,札幌,D,1700,良,4,2,未勝利,37.8,先行,2,7,12,函館,D,1700,不,3,9,未勝利,38.2,先行,2,6,27,函館,D,1000,不,10,7,未勝利・牝,35.5,後方,2
7,,11,,,,,マスカルポーネ,,牝,3,3,8,16,札幌,D,1700,良,3,7,未勝利・牝,38.8,先行,4,7,19,函館,D,1700,不,8,9,未勝利,39.1,中団,2,7,4,函館,D,1700,良,8,6,未勝利・牝,41.2,中団,4,6,7,東京,D,2100,良,11,8,未勝利,41.7,逃げ,4,5,10,新潟,D,1800,良,2,3,未勝利・牝,40.3,先行,3
8,,12,,,,,ティンクルバレット,,牝,3,6,7,26,札幌,T,1200,良,6,15,未勝利,34.7,先行,6,6,13,函館,T,1200,稍,14,8,未勝利,36.0,後方,11,3,28,阪神,D,1200,稍,10,3,未勝利・牝,39.2,先行,7,2,8,小倉,T,1200,良,9,5,未勝利・牝,35.4,中団,2,1,25,小倉,T,1200,良,4,9,未勝利,34.4,先行,14
8,,13,,,,,サマースプラッシュ,,牝,3,連,8,30,札幌,D,1700,稍,8,12,１勝ｸﾗｽ・牝,38.6,中団,2,8,16,札幌,D,1700,良,8,10,１勝ｸﾗｽ,38.5,後方,連,8,8,札幌,D,1700,良,8,12,未勝利・牝,39.8,中団,2,7,26,札幌,D,1700,良,6,7,未勝利・牝,38.6,後方,2,7,11,函館,D,1700,重,9,13,未勝利・牝,37.5,中団,3
レースID(新),日付S,曜日,場所,開催,R,レース名,クラス名,芝・ダート,距離,コース区分,コーナー回数,馬場状態(暫定),天候(暫定),フルゲート頭数,発走時刻,性別限定,重量種別,年齢限定
2026090601020602,2026.9.6,日,札幌,2札6,2,,未勝利,芝,2000,C,4,稍(暫定),晴(暫定),16,10:20,,馬齢,２歳
枠番,B,番,印,M2,M3,M4,馬名S,Ｃ,性別,年齢,間隔,月,日,場所,TD,距離,馬場状態,着順,人気,ﾚｰｽ名･1走前,上り3F,決手,前走間隔,月,日,場所,TD,距離,馬場状態,着順,人気,ﾚｰｽ名･2走前,上り3F,決手,前走間隔,月,日,場所,TD,距離,馬場状態,着順,人気,ﾚｰｽ名･3走前,上り3F,決手,前走間隔,月,日,場所,TD,距離,馬場状態,着順,人気,ﾚｰｽ名･4走前,上り3F,決手,前走間隔,月,日,場所,TD,距離,馬場状態,着順,人気,ﾚｰｽ名･5走前,上り3F,決手,前走間隔
1,,1,,,,,マイネルリコルディ,,牡,2,5,8,1,札幌,T,1800,稍,3,2,未勝利*,36.1,先行,3,7,11,福島,T,1800,良,6,7,未勝利*,36.3,先行,3,6,21,東京,T,1800,稍,6,8,新馬,34.6,先行,初,,,,,,,,,,,,,,,,,,,,,,,,
2,,2,,,,,ロゼプレミア,,牡,2,5,8,2,札幌,T,1800,良,2,4,新馬,35.6,逃げ,初,,,,,,,,,,,,,,,,,,,,,,,,,,,,,,,,,,,,,,,,,,,,,,,,
3,,3,,,,,ソフィーサンライズ,,牝,2,2,8,23,札幌,T,2000,良,5,7,新馬,37.0,後方,初,,,,,,,,,,,,,,,,,,,,,,,,,,,,,,,,,,,,,,,,,,,,,,,,
4,,4,,,,,アオイゲート,,牝,2,2,8,23,札幌,T,2000,良,3,3,新馬,36.0,先行,初,,,,,,,,,,,,,,,,,,,,,,,,,,,,,,,,,,,,,,,,,,,,,,,,
5,,5,,,,,ラヴァンドローリエ,,牝,2,3,8,15,札幌,T,1800,良,6,5,未勝利*,36.6,中団,4,7,19,函館,T,1800,重,4,14,新馬,36.8,差し,初,,,,,,,,,,,,,,,,,,,,,,,,,,,,,,,,,,,,
6,,6,,,,,イッペイ,,牡,2,3,8,15,札幌,T,1800,良,4,2,未勝利*,36.5,先行,4,7,18,函館,T,1800,良,2,2,未勝利*,35.3,先行,連,7,12,函館,T,1800,重,2,1,新馬,35.2,追込,初,,,,,,,,,,,,,,,,,,,,,,,,
7,,7,,,,,マサノブルスカイ,,牡,2,3,8,16,札幌,T,1800,良,5,11,新馬,35.2,後方,初,,,,,,,,,,,,,,,,,,,,,,,,,,,,,,,,,,,,,,,,,,,,,,,,
7,,8,,,,,バトルナイト,,牡,2,2,8,23,札幌,T,2000,良,4,4,新馬,36.7,先行,初,,,,,,,,,,,,,,,,,,,,,,,,,,,,,,,,,,,,,,,,,,,,,,,,
8,,9,,,,,アオイノリプー,,牡,2,4,8,9,新潟,T,2000,良,8,2,未勝利*,35.8,中団,4,7,12,函館,T,1800,重,3,9,新馬,35.6,追込,初,,,,,,,,,,,,,,,,,,,,,,,,,,,,,,,,,,,,
8,,10,,,,,ブライトシーン,,牡,2,5,8,1,札幌,T,1800,稍,5,9,未勝利*,36.0,後方,4,7,5,福島,T,2000,良,12,14,新馬,36.5,中団,初,,,,,,,,,,,,,,,,,,,,,,,,,,,,,,,,,,,,
レースID(新),日付S,曜日,場所,開催,R,レース名,クラス名,芝・ダート,距離,コース区分,コーナー回数,馬場状態(暫定),天候(暫定),フルゲート頭数,発走時刻,性別限定,重量種別,年齢限定
2026090601020603,2026.9.6,日,札幌,2札6,3,,未勝利,ダート,1700,,4,稍(暫定),晴(暫定),14,10:50,,馬齢,３歳
枠番,B,番,印,M2,M3,M4,馬名S,Ｃ,性別,年齢,間隔,月,日,場所,TD,距離,馬場状態,着順,人気,ﾚｰｽ名･1走前,上り3F,決手,前走間隔,月,日,場所,TD,距離,馬場状態,着順,人気,ﾚｰｽ名･2走前,上り3F,決手,前走間隔,月,日,場所,TD,距離,馬場状態,着順,人気,ﾚｰｽ名･3走前,上り3F,決手,前走間隔,月,日,場所,TD,距離,馬場状態,着順,人気,ﾚｰｽ名･4走前,上り3F,決手,前走間隔,月,日,場所,TD,距離,馬場状態,着順,人気,ﾚｰｽ名･5走前,上り3F,決手,前走間隔
1,B,1,,,,,ニシノモリミチ,,牡,3,4,8,8,札幌,D,1700,稍,13,5,未勝利,39.1,後方,3,7,19,函館,D,1700,不,11,1,未勝利,40.5,中団,2,7,5,函館,D,1700,良,2,2,未勝利,39.7,逃げ,2,6,20,函館,D,1700,良,4,2,未勝利,39.3,逃げ,7,5,2,東京,D,2100,重,7,1,未勝利,38.8,逃げ,3
2,B,2,,,,,アオイミズホ,,牡,3,2,8,23,札幌,D,1700,良,3,1,未勝利,38.6,差し,4,7,25,札幌,D,1700,良,3,2,未勝利,37.2,ﾏｸﾘ,4,6,27,福島,D,1700,稍,5,3,未勝利,39.4,先行,3,6,6,東京,D,1600,良,5,1,未勝利,37.3,後方,3,5,16,東京,D,1600,良,2,2,未勝利,37.3,逃げ,4
3,,3,,,,,ゴンフィンガー,,牡,3,5,8,2,札幌,D,1700,良,2,2,未勝利,38.2,先行,4,7,5,函館,D,1700,良,3,1,未勝利,38.7,先行,2,6,21,函館,D,1700,良,3,7,未勝利,39.4,先行,初,,,,,,,,,,,,,,,,,,,,,,,,
3,,4,,,,,シンエンドーツダ,,牡,3,4,8,8,札幌,D,1700,稍,5,1,未勝利,38.7,先行,2,7,26,札幌,D,1700,良,3,1,未勝利,37.5,先行,2,7,11,函館,D,1700,重,3,4,未勝利,38.4,先行,2,6,27,函館,D,1700,不,7,3,未勝利,38.7,先行,9,4,25,福島,D,1700,良,5,1,未勝利,37.8,後方,2
4,,5,,,,,ブルーアンビエンス,,牡,3,2,8,23,札幌,D,1700,良,5,12,未勝利,38.9,中団,3,8,1,札幌,D,1700,稍,8,10,未勝利,38.9,中団,8,6,7,東京,D,1600,良,7,10,未勝利,37.9,後方,2,5,26,浦和,D,1400,稍,5,6,ツイン,----,中団,7,4,5,中山,D,1800,不,12,6,未勝利,41.5,後方,8
4,,6,,,,,ツクバヴァンガード,,牡,3,3,8,15,札幌,D,1000,良,7,1,未勝利,36.0,中団,5,7,12,福島,D,1150,稍,6,1,未勝利,38.0,先行,4,6,14,東京,D,1300,稍,2,1,未勝利,36.2,逃げ,3,5,24,東京,D,1300,稍,2,3,未勝利,38.5,先行,8,3,28,中山,D,1200,重,2,1,未勝利,37.2,先行,3
5,,7,,,,,ロスニーニョス,,牡,3,4,8,8,札幌,D,1700,稍,10,13,未勝利,38.8,後方,2,7,26,札幌,D,1700,良,7,9,未勝利,38.7,中団,2,7,12,函館,D,1700,不,8,13,未勝利,38.9,中団,2,6,28,函館,D,1700,稍,8,9,未勝利,38.8,中団,3,6,7,阪神,D,1800,良,5,11,未勝利,38.6,中団,3
5,B,8,,,,,マコトアディントン,,牡,3,3,8,16,札幌,T,2000,良,7,2,未勝利,35.3,後方,4,7,19,函館,T,2000,重,3,4,未勝利,36.4,追込,2,7,5,函館,T,2000,良,5,4,未勝利,35.2,中団,2,6,20,函館,T,2000,良,4,3,未勝利,35.7,ﾏｸﾘ,6,5,9,新潟,T,2000,良,5,3,未勝利,35.6,後方,3
6,,9,,,,,アメリカンダンス,,牝,3,2,8,23,札幌,D,1700,良,9,8,未勝利,40.7,先行,9,6,21,函館,D,1700,良,12,5,未勝利,44.4,後方,9,4,18,阪神,D,2000,良,12,10,未勝利,39.7,中団,3,3,29,中京,D,1900,良,8,8,未勝利,38.9,先行,初,,,,,,,,,,,,
6,,10,,,,,イセッセイ,,牝,3,3,8,16,札幌,D,1700,良,10,13,未勝利・牝,40.2,後方,5,7,11,福島,D,1700,良,13,13,未勝利・牝,39.1,後方,9,5,10,東京,D,1600,良,9,16,未勝利・牝,37.8,後方,4,4,15,笠松,D,1400,稍,4,7,鵜沼宿,----,先行,5,3,7,中山,D,1200,重,15,16,未勝利,38.7,後方,6
7,,11,,,,,ジャストグレース,,牡,3,連,8,30,札幌,D,1700,稍,6,6,未勝利,38.6,中団,2,8,15,札幌,D,1700,良,3,10,未勝利,37.6,差し,4,7,18,函館,D,2400,良,8,8,未勝利,42.7,中団,2,7,5,函館,D,1700,良,5,5,未勝利,38.5,後方,2,6,21,函館,D,2400,良,3,8,未勝利,40.4,ﾏｸﾘ,5
7,,12,,,,,ヘイジュード,,牡,3,4,8,9,札幌,T,2600,良,5,1,未勝利,35.9,中団,2,7,26,札幌,T,2000,良,3,1,未勝利,35.1,ﾏｸﾘ,12,5,3,東京,T,2000,良,13,4,プリンシ(L),35.5,先行,7,3,15,中京,T,2200,良,2,1,未勝利,35.1,差し,3,2,21,東京,T,2400,良,4,1,未勝利,34.7,差し,2
8,,13,,,,,ブラックパロット,,牡,3,3,8,15,札幌,D,2400,良,7,8,未勝利,42.3,中団,10,6,7,東京,D,2100,良,12,7,未勝利,40.8,中団,2,5,23,東京,D,2100,重,3,7,未勝利,38.2,差し,9,3,21,阪神,D,2000,稍,7,6,未勝利,37.7,後方,6,2,10,東京,D,2100,稍,5,7,未勝利,39.6,後方,3
8,,14,,,,,ロードステラート,,牡,3,連,8,29,札幌,D,1700,稍,3,3,未勝利,38.3,差し,2,8,15,札幌,D,2400,良,4,6,未勝利,40.2,逃げ,8,6,21,函館,D,2400,良,5,1,未勝利,41.9,逃げ,4,5,23,京都,D,1800,稍,5,3,未勝利,40.5,先行,2,5,9,新潟,D,1800,稍,3,2,未勝利,41.7,先行,3
レースID(新),日付S,曜日,場所,開催,R,レース名,クラス名,芝・ダート,距離,コース区分,コーナー回数,馬場状態(暫定),天候(暫定),フルゲート頭数,発走時刻,性別限定,重量種別,年齢限定
2026090601020604,2026.9.6,日,札幌,2札6,4,,未勝利,芝,1200,C,2,稍(暫定),晴(暫定),16,11:20,,馬齢,３歳
枠番,B,番,印,M2,M3,M4,馬名S,Ｃ,性別,年齢,間隔,月,日,場所,TD,距離,馬場状態,着順,人気,ﾚｰｽ名･1走前,上り3F,決手,前走間隔,月,日,場所,TD,距離,馬場状態,着順,人気,ﾚｰｽ名･2走前,上り3F,決手,前走間隔,月,日,場所,TD,距離,馬場状態,着順,人気,ﾚｰｽ名･3走前,上り3F,決手,前走間隔,月,日,場所,TD,距離,馬場状態,着順,人気,ﾚｰｽ名･4走前,上り3F,決手,前走間隔,月,日,場所,TD,距離,馬場状態,着順,人気,ﾚｰｽ名･5走前,上り3F,決手,前走間隔
1,,1,,,,,ロジスカヤ,,牝,3,2,8,23,札幌,T,1200,良,5,7,未勝利,34.4,中団,4,7,26,札幌,T,1200,良,4,7,未勝利,34.5,差し,3,7,4,福島,T,1200,稍,4,6,未勝利・牝,33.8,追込,10,4,26,福島,T,1200,良,7,7,未勝利・牝,34.2,中団,2,4,12,福島,T,1200,良,3,8,未勝利,34.9,差し,11
1,B,2,,,,,メイショウテンジン,,牡,3,2,8,23,札幌,T,1200,良,4,4,未勝利,35.2,逃げ,2,8,8,札幌,T,1200,稍,4,7,未勝利,35.7,逃げ,2,7,26,札幌,T,1200,良,3,5,未勝利,34.9,逃げ,4,6,27,小倉,D,1000,不,11,4,未勝利,36.7,中団,11,4,11,福島,D,1150,良,3,2,未勝利,37.6,先行,3
2,,3,,,,,グローリアスダンス,,牝,3,9,7,4,函館,T,1200,良,12,15,未勝利,34.5,後方,5,5,30,東京,T,1400,良,13,11,未勝利,35.2,先行,14,2,21,小倉,T,1200,良,10,12,未勝利・牝,34.9,後方,3,2,1,小倉,T,1200,良,5,15,新馬,34.6,中団,初,,,,,,,,,,,,
2,,4,,,,,ブラックジャック,,牡,3,9,7,4,函館,T,1200,良,9,2,未勝利,33.8,後方,2,6,20,函館,T,1200,良,2,5,未勝利,34.2,差し,13,3,22,中京,T,1600,良,9,5,未勝利,35.0,後方,16,11,30,京都,T,1800,良,9,8,未勝利*,38.4,逃げ,2,11,15,福島,T,2000,良,13,6,未勝利*,36.6,後方,12
3,,5,,,,,テンタイムトップ,,牝,3,8,7,12,小倉,T,1200,良,6,16,未勝利・牝,35.3,後方,5,6,6,阪神,T,1600,良,18,14,未勝利,38.0,中団,3,5,17,新潟,D,1800,良,9,10,未勝利・牝,41.8,先行,22,12,13,阪神,D,1400,良,14,7,未勝利・牝*,39.9,後方,7,10,25,京都,D,1400,良,12,2,新馬・牝,39.4,中団,初
3,,6,,,,,ドラリズム,,牡,3,連,8,30,札幌,T,1500,良,4,7,１勝ｸﾗｽ,34.5,差し,7,7,12,函館,T,1200,重,7,4,未勝利,35.0,後方,4,6,14,東京,T,1400,良,13,7,未勝利,34.2,中団,4,5,16,新潟,T,1600,良,3,4,未勝利,34.6,先行,4,4,18,中山,T,1600,良,4,8,未勝利,34.0,追込,3
4,,7,,,,,フルムーン,,牡,3,9,7,4,函館,T,1200,良,16,1,未勝利,37.0,後方,6,5,23,京都,T,1200,良,6,1,未勝利,33.9,中団,4,4,26,京都,T,1200,良,2,3,未勝利,33.8,差し,37,8,9,中京,T,1200,良,3,1,未勝利*,33.9,追込,3,7,19,小倉,T,1200,良,3,1,新馬,36.3,先行,初
4,,8,,,,,リアララ,,牝,3,2,8,23,札幌,T,1200,良,2,1,未勝利,35.0,先行,11,6,6,阪神,T,1200,良,5,2,未勝利,34.0,中団,初,,,,,,,,,,,,,,,,,,,,,,,,,,,,,,,,,,,,
5,B,9,,,,,エンジェルサン,,牡,3,4,8,9,新潟,T,1200,良,4,9,未勝利,35.2,先行,3,7,18,福島,T,1200,良,3,9,未勝利,35.1,先行,2,7,5,福島,T,1200,良,4,13,未勝利,35.2,差し,11,4,19,福島,T,1200,良,12,9,未勝利,34.5,後方,初,,,,,,,,,,,,
5,B,10,,,,,ヒルノボローニャ,,セ,3,連,8,29,札幌,T,1500,稍,3,8,未勝利,37.4,差し,9,6,28,函館,D,1700,稍,7,3,未勝利,39.3,逃げ,連,6,20,函館,T,2000,良,7,8,未勝利,36.5,逃げ,21,1,25,京都,T,1600,良,10,6,新馬,34.6,後方,初,,,,,,,,,,,,
6,,11,,,,,スピットブレイク,,牡,3,8,7,11,函館,T,1200,稍,8,9,未勝利,35.0,後方,6,5,30,東京,T,1400,良,8,5,未勝利,34.6,中団,14,2,22,小倉,T,1200,良,8,7,未勝利,35.5,中団,2,2,7,小倉,T,1200,良,4,6,未勝利,35.5,差し,7,12,21,中山,T,1600,重,4,4,未勝利*,36.6,先行,3
6,,12,,,,,ソレイユルヴァン,,牝,3,12,6,13,函館,T,1200,稍,10,12,未勝利,34.6,後方,18,2,10,京都,T,1600,良,10,4,新馬,35.8,先行,初,,,,,,,,,,,,,,,,,,,,,,,,,,,,,,,,,,,,
7,,13,,,,,メーレスブリーゼ,,牝,3,3,8,15,新潟,T,1000,良,5,15,未勝利,33.3,後方,13,5,16,新潟,T,1000,良,8,14,未勝利,32.8,後方,11,2,28,小倉,T,1200,稍,12,17,未勝利,35.7,後方,13,11,29,東京,T,1400,良,14,8,未勝利*,35.0,後方,3,11,8,東京,T,1400,良,5,10,新馬,33.7,後方,初
7,,14,,,,,ルージュフィーリア,,牝,3,4,8,9,新潟,T,1200,良,3,1,未勝利,34.8,差し,4,7,12,函館,T,1200,重,4,1,未勝利,36.2,先行,連,7,4,函館,T,1200,良,2,4,未勝利,34.4,先行,初,,,,,,,,,,,,,,,,,,,,,,,,
8,B,15,,,,,アドマイヤパープル,,牝,3,2,8,23,札幌,T,1200,良,3,3,未勝利,34.6,差し,10,6,14,東京,T,1400,良,10,5,未勝利,34.6,先行,3,5,23,東京,T,1600,良,4,4,未勝利,34.4,差し,4,4,25,東京,T,1400,良,7,11,未勝利,34.1,後方,11,2,7,東京,T,1800,良,7,3,新馬,35.1,先行,初
8,,16,,,,,メメボス,,牝,3,連,8,30,札幌,T,1500,良,5,8,１勝ｸﾗｽ,35.1,先行,6,7,18,函館,D,1000,良,8,5,未勝利・牝,36.9,後方,連,7,11,函館,T,1800,稍,8,11,未勝利,35.9,中団,3,6,20,函館,T,1800,良,12,6,未勝利・牝,37.3,先行,14,3,14,中京,D,1200,良,7,8,未勝利,37.9,中団,3
レースID(新),日付S,曜日,場所,開催,R,レース名,クラス名,芝・ダート,距離,コース区分,コーナー回数,馬場状態(暫定),天候(暫定),フルゲート頭数,発走時刻,性別限定,重量種別,年齢限定
2026090601020605,2026.9.6,日,札幌,2札6,5,,未勝利,芝,2000,C,4,稍(暫定),晴(暫定),16,12:10,,馬齢,３歳
枠番,B,番,印,M2,M3,M4,馬名S,Ｃ,性別,年齢,間隔,月,日,場所,TD,距離,馬場状態,着順,人気,ﾚｰｽ名･1走前,上り3F,決手,前走間隔,月,日,場所,TD,距離,馬場状態,着順,人気,ﾚｰｽ名･2走前,上り3F,決手,前走間隔,月,日,場所,TD,距離,馬場状態,着順,人気,ﾚｰｽ名･3走前,上り3F,決手,前走間隔,月,日,場所,TD,距離,馬場状態,着順,人気,ﾚｰｽ名･4走前,上り3F,決手,前走間隔,月,日,場所,TD,距離,馬場状態,着順,人気,ﾚｰｽ名･5走前,上り3F,決手,前走間隔
1,,1,,,,,カタカムナ,,牝,3,2,8,22,札幌,T,2000,良,15,16,未勝利,40.2,後方,3,8,1,新潟,T,2000,良,13,12,未勝利・牝,36.1,中団,2,7,19,福島,T,1800,良,6,13,未勝利,35.7,中団,9,5,17,新潟,T,2000,良,13,15,未勝利・若,38.4,中団,3,4,26,福島,T,1800,良,14,15,未勝利,34.7,後方,8
1,,2,,,,,スチョウプリンセス,,牝,3,3,8,16,札幌,T,2000,良,16,12,未勝利,39.1,後方,3,7,26,札幌,T,2000,良,6,8,未勝利,35.9,中団,5,6,20,函館,T,2000,良,6,15,未勝利,35.5,中団,5,5,16,東京,T,1400,良,14,14,未勝利,33.6,後方,9,3,15,阪神,T,1600,良,9,11,１勝ｸﾗｽ*,33.8,後方,6
2,B,3,,,,,ゴールドエンバー,,牡,3,連,8,29,新潟,T,2200,稍,2,8,未勝利,35.6,差し,2,8,16,新潟,T,2400,良,6,6,未勝利,35.5,後方,9,6,13,東京,T,2400,稍,8,6,未勝利,34.9,中団,2,5,30,東京,T,2400,良,2,11,未勝利,34.4,差し,4,5,2,新潟,T,2200,稍,8,13,未勝利,36.2,後方,11
2,B,4,,,,,レッドレグルス,,セ,3,27,2,28,小倉,T,2000,稍,6,8,未勝利,36.6,中団,7,1,11,京都,T,1800,良,8,5,未勝利,35.3,中団,2,12,27,阪神,T,2000,良,5,9,新馬,34.2,中団,初,,,,,,,,,,,,,,,,,,,,,,,,
3,,5,,,,,ラッキーシグネチャ,,牝,3,4,8,9,札幌,T,2600,良,8,6,未勝利,35.9,中団,4,7,12,函館,T,2600,重,2,6,未勝利,36.8,先行,3,6,21,阪神,T,2400,稍,6,11,未勝利,37.4,先行,2,6,7,阪神,T,2000,稍,8,13,未勝利,35.8,後方,2,5,23,京都,T,1800,良,14,13,未勝利・牝,36.2,後方,初
3,,6,,,,,ダイナソーコー,,牡,3,4,8,9,札幌,T,2600,良,7,9,未勝利,36.3,中団,4,7,12,函館,T,2600,重,4,10,未勝利,36.7,差し,2,6,28,函館,T,2600,良,7,9,未勝利,35.9,中団,9,4,25,京都,D,1800,稍,10,6,未勝利,42.1,中団,3,4,4,阪神,T,1800,良,11,8,未勝利,35.1,中団,10
4,,7,,,,,アージュドール,,牡,3,5,8,1,中京,T,2000,良,11,4,未勝利,36.8,逃げ,3,7,12,小倉,T,2000,良,4,7,未勝利,37.1,先行,3,6,20,阪神,T,1800,稍,9,13,未勝利,34.4,後方,5,5,16,京都,T,1800,良,7,14,未勝利,33.9,後方,連,5,10,京都,T,1600,良,12,16,未勝利,34.8,中団,3
4,B,8,,,,,デイズインザサン,,牝,3,3,8,16,札幌,T,2000,良,2,7,未勝利,35.6,先行,2,8,2,札幌,T,2000,良,4,9,未勝利,36.4,先行,3,7,12,函館,T,2600,重,8,12,未勝利,37.6,中団,連,7,4,函館,T,1800,良,13,11,未勝利,34.9,後方,2,6,20,函館,T,2000,良,5,12,未勝利,34.9,中団,5
5,,9,,,,,ブライスフェアリー,,牝,3,2,8,22,札幌,T,2000,良,7,5,未勝利,37.1,中団,3,8,1,新潟,T,2000,良,3,4,未勝利・牝,35.4,差し,3,7,12,福島,T,2000,稍,2,7,未勝利,36.3,先行,5,6,6,東京,T,2000,良,6,12,未勝利,34.6,先行,2,5,24,東京,T,1800,良,5,7,未勝利,35.2,先行,3
5,,10,,,,,ゴコウコイコイ,,牝,3,2,8,22,札幌,T,2000,良,6,1,未勝利,37.7,逃げ,2,8,8,札幌,T,2000,稍,2,1,未勝利・牝,36.1,先行,2,7,26,札幌,T,2000,良,2,4,未勝利,35.0,先行,3,7,5,函館,T,2000,良,8,6,未勝利,35.3,中団,2,6,20,函館,T,2000,良,3,11,未勝利,34.7,先行,4
6,,11,,,,,フォーチュンローズ,,牝,3,4,8,9,札幌,T,2600,良,11,7,未勝利,37.1,先行,6,6,28,函館,T,2600,良,4,2,未勝利,36.4,先行,2,6,13,函館,T,2600,稍,5,1,未勝利,35.7,中団,9,4,11,福島,T,2600,良,2,2,未勝利,36.2,先行,11,1,24,中山,T,2200,良,8,4,未勝利,36.6,中団,2
6,,12,,,,,ブリリアンブルーム,,牝,3,6,7,26,札幌,T,2000,良,10,10,未勝利,36.9,先行,5,6,21,函館,T,1200,良,14,13,未勝利・牝,35.2,後方,初,,,,,,,,,,,,,,,,,,,,,,,,,,,,,,,,,,,,
7,B,13,,,,,スリールーディカ,,牝,3,5,8,2,札幌,T,2000,良,9,3,未勝利,37.3,中団,3,7,12,函館,T,2000,重,4,8,未勝利・牝,38.7,先行,3,6,20,函館,T,2000,良,11,16,未勝利,35.9,後方,6,5,10,京都,T,2000,良,10,9,未勝利,36.0,後方,7,3,21,阪神,D,1800,稍,8,5,未勝利・牝,39.3,後方,12
7,,14,,,,,サクセスブルー,,牡,3,連,8,30,札幌,D,1700,稍,3,8,未勝利,38.9,差し,3,8,9,札幌,D,1700,良,3,7,未勝利,39.4,先行,4,7,11,函館,D,1700,重,4,7,未勝利,39.0,差し,2,6,27,函館,D,1700,不,10,7,未勝利,37.6,後方,2,6,13,函館,T,2600,稍,13,9,未勝利,38.3,逃げ,3
8,B,15,,,,,フクチャンブラック,,牡,3,2,8,22,札幌,T,2600,良,5,10,未勝利,37.0,中団,3,8,2,札幌,T,2000,良,8,5,未勝利,36.8,後方,2,7,19,函館,T,2000,重,5,12,未勝利,37.4,先行,4,6,21,函館,D,2400,良,6,7,未勝利,41.1,中団,9,4,18,中山,D,1800,良,9,8,未勝利,38.7,中団,2
8,,16,,,,,インテンスゲイズ,,牝,3,連,8,30,札幌,T,2000,良,2,11,未勝利,35.6,差し,3,8,8,札幌,T,2000,稍,4,12,未勝利・牝,37.0,先行,17,4,11,中山,T,2000,良,11,10,未勝利・牝,36.9,先行,18,12,6,中京,T,2000,良,11,8,未勝利*,35.3,中団,2,11,23,東京,T,1800,良,7,9,未勝利・牝*,34.4,中団,2
レースID(新),日付S,曜日,場所,開催,R,レース名,クラス名,芝・ダート,距離,コース区分,コーナー回数,馬場状態(暫定),天候(暫定),フルゲート頭数,発走時刻,性別限定,重量種別,年齢限定
2026090601020606,2026.9.6,日,札幌,2札6,6,,1勝,ダート,1000,,2,稍(暫定),晴(暫定),12,12:40,,定量,３上
枠番,B,番,印,M2,M3,M4,馬名S,Ｃ,性別,年齢,間隔,月,日,場所,TD,距離,馬場状態,着順,人気,ﾚｰｽ名･1走前,上り3F,決手,前走間隔,月,日,場所,TD,距離,馬場状態,着順,人気,ﾚｰｽ名･2走前,上り3F,決手,前走間隔,月,日,場所,TD,距離,馬場状態,着順,人気,ﾚｰｽ名･3走前,上り3F,決手,前走間隔,月,日,場所,TD,距離,馬場状態,着順,人気,ﾚｰｽ名･4走前,上り3F,決手,前走間隔,月,日,場所,TD,距離,馬場状態,着順,人気,ﾚｰｽ名･5走前,上り3F,決手,前走間隔
1,,1,,,,,キャンドルマス,,牡,5,7,7,19,函館,D,1000,不,9,4,１勝ｸﾗｽ,34.7,後方,2,7,5,函館,D,1000,良,2,3,１勝ｸﾗｽ,35.8,先行,2,6,20,函館,D,1000,良,3,6,１勝ｸﾗｽ,35.6,先行,連,6,13,函館,D,1000,稍,4,4,１勝ｸﾗｽ,34.8,追込,12,3,21,阪神,D,1200,良,10,7,１勝ｸﾗｽ,36.6,後方,3
2,,2,,,,,ステラノヴァ,,牡,4,連,8,30,札幌,D,1000,稍,2,6,１勝ｸﾗｽ,35.0,先行,3,8,8,札幌,D,1000,稍,9,7,１勝ｸﾗｽ,38.5,逃げ,8,6,13,函館,D,1000,稍,6,7,１勝ｸﾗｽ,36.0,先行,12,3,21,中京,D,1400,良,16,11,１勝ｸﾗｽ,39.0,中団,9,1,21,姫路,D,1400,良,1,1,ロウバ,----,逃げ,3
3,,3,,,,,シェイプオブユー,,牝,3,2,8,23,札幌,D,1000,良,1,2,未勝利・牝,35.7,逃げ,9,6,21,函館,D,1000,良,6,3,未勝利,38.0,逃げ,8,4,26,福島,D,1150,良,4,2,未勝利・牝,38.7,逃げ,2,4,11,福島,D,1150,良,2,7,未勝利,37.8,逃げ,20,11,24,福島,D,1150,良,5,5,未勝利*,39.0,先行,5
4,,4,,,,,アドリアフレイバー,,牝,4,50,9,20,中山,D,1200,重,13,1,１勝ｸﾗｽ・牝,39.2,先行,3,8,30,新潟,D,1200,良,2,1,１勝ｸﾗｽ,37.5,逃げ,9,6,28,福島,D,1150,良,1,2,未勝利,37.0,逃げ,3,6,7,東京,D,1400,良,3,2,未勝利・牝,38.0,逃げ,3,5,17,東京,D,1400,稍,4,7,未勝利・牝,37.5,差し,38
5,,5,,,,,パドゼフィール,,牝,3,3,8,16,札幌,D,1000,良,4,6,１勝ｸﾗｽ,36.2,先行,2,8,1,札幌,D,1000,稍,6,7,１勝ｸﾗｽ・牝,35.6,先行,5,6,28,小倉,D,1000,稍,10,3,１勝ｸﾗｽ,39.2,先行,16,3,7,阪神,D,1200,稍,9,10,１勝ｸﾗｽ*,39.1,中団,4,2,7,小倉,D,1000,良,1,2,未勝利,36.3,逃げ,8
5,,6,,,,,ディアフリーゼ,,牝,5,14,6,2,船橋,D,1000,良,5,1,ムササ,----,中団,4,5,6,船橋,D,1000,良,3,2,五月雨,----,先行,56,4,4,船橋,D,1000,重,4,1,エイプ,----,差し,4,3,10,船橋,D,1000,稍,1,1,陽炎ダ,----,差し,3,2,13,船橋,D,1200,良,3,1,サラ系,----,先行,4
6,,7,,,,,レストプレドゥモア,,牝,4,2,8,22,札幌,D,1000,良,2,8,１勝ｸﾗｽ,36.3,逃げ,5,7,19,函館,D,1000,不,4,6,１勝ｸﾗｽ,35.0,先行,5,6,14,函館,D,1000,良,2,8,１勝ｸﾗｽ・牝,35.6,先行,9,4,11,福島,D,1150,良,9,10,１勝ｸﾗｽ,38.5,先行,10,2,1,小倉,D,1000,良,10,9,１勝ｸﾗｽ,36.3,中団,8
6,,8,,,,,ヒナノムサシ,,牡,3,18,5,3,京都,D,1400,稍,15,13,１勝ｸﾗｽ*,39.4,先行,3,4,11,阪神,T,1200,稍,9,14,１勝ｸﾗｽ*,34.7,先行,3,3,22,中山,D,1200,良,7,13,１勝ｸﾗｽ*,38.3,先行,4,2,21,東京,D,1400,良,14,14,１勝ｸﾗｽ*,39.1,逃げ,12,11,30,東京,D,1400,良,1,5,未勝利*,38.0,逃げ,4
7,,9,,,,,マカニ,,牝,4,3,8,16,札幌,D,1000,良,5,12,１勝ｸﾗｽ,35.5,中団,18,4,11,福島,D,1150,良,15,9,１勝ｸﾗｽ,41.1,中団,9,2,8,小倉,D,1000,良,7,8,１勝ｸﾗｽ,36.8,中団,2,1,25,小倉,D,1000,良,5,6,１勝ｸﾗｽ,36.5,先行,25,8,2,札幌,D,1000,良,1,4,未勝利,35.7,逃げ,29
7,B,10,,,,,ロードヴィゴラス,,牡,3,20,4,19,阪神,D,1200,良,8,10,１勝ｸﾗｽ*,35.8,後方,3,3,29,阪神,D,1200,良,5,7,１勝ｸﾗｽ*,36.3,後方,3,3,7,阪神,D,1200,稍,6,11,１勝ｸﾗｽ*,37.3,後方,20,10,19,京都,T,1400,良,7,7,もみじＳ,34.6,後方,15,7,6,小倉,D,1000,良,1,3,新馬,38.0,先行,初
8,,11,,,,,ドリームガッサン,,牝,3,2,8,22,札幌,D,1000,良,3,1,１勝ｸﾗｽ,36.5,先行,3,8,1,札幌,D,1000,稍,1,1,未勝利,35.5,逃げ,2,7,18,函館,D,1000,良,2,1,未勝利・牝,36.8,差し,3,6,27,函館,D,1000,不,3,3,未勝利・牝,35.5,先行,7,5,10,新潟,D,1200,良,6,2,未勝利,38.6,先行,2
8,B,12,,,,,スパークルジョイ,,牝,5,連,8,30,札幌,D,1000,稍,4,9,１勝ｸﾗｽ,35.7,逃げ,2,8,16,札幌,D,1000,良,12,8,１勝ｸﾗｽ,37.8,逃げ,5,7,11,函館,D,1000,重,8,4,１勝ｸﾗｽ,35.3,後方,2,6,27,函館,D,1000,重,4,7,１勝ｸﾗｽ,35.6,逃げ,2,6,14,函館,D,1000,良,7,6,１勝ｸﾗｽ・牝,36.4,逃げ,12
レースID(新),日付S,曜日,場所,開催,R,レース名,クラス名,芝・ダート,距離,コース区分,コーナー回数,馬場状態(暫定),天候(暫定),フルゲート頭数,発走時刻,性別限定,重量種別,年齢限定
2026090601020607,2026.9.6,日,札幌,2札6,7,,1勝,芝,1200,C,2,稍(暫定),晴(暫定),16,13:10,,定量,３上
枠番,B,番,印,M2,M3,M4,馬名S,Ｃ,性別,年齢,間隔,月,日,場所,TD,距離,馬場状態,着順,人気,ﾚｰｽ名･1走前,上り3F,決手,前走間隔,月,日,場所,TD,距離,馬場状態,着順,人気,ﾚｰｽ名･2走前,上り3F,決手,前走間隔,月,日,場所,TD,距離,馬場状態,着順,人気,ﾚｰｽ名･3走前,上り3F,決手,前走間隔,月,日,場所,TD,距離,馬場状態,着順,人気,ﾚｰｽ名･4走前,上り3F,決手,前走間隔,月,日,場所,TD,距離,馬場状態,着順,人気,ﾚｰｽ名･5走前,上り3F,決手,前走間隔
1,,1,,,,,ネネキリマル,,牡,3,8,7,11,小倉,T,1200,良,13,3,１勝ｸﾗｽ,35.1,後方,10,5,2,京都,T,1400,良,10,6,１勝ｸﾗｽ*,34.5,中団,10,2,21,小倉,T,1200,良,4,3,あざみ賞･1勝,34.2,追込,2,2,8,小倉,T,1200,良,2,3,かささぎ･1勝,34.6,差し,6,12,27,阪神,T,1400,良,9,8,万両賞･1勝*,34.4,後方,7
1,,2,,,,,ダブルチャレンジ,,牝,3,3,8,16,札幌,T,1200,良,5,6,小樽特別･1勝,34.7,先行,2,8,2,札幌,T,1200,良,5,5,１勝ｸﾗｽ,34.0,後方,3,7,12,函館,T,1200,重,3,3,１勝ｸﾗｽ,36.1,先行,3,6,21,函館,T,1200,良,5,7,１勝ｸﾗｽ・牝,35.4,逃げ,4,5,23,新潟,T,1000,稍,16,6,はやぶさ･1勝,35.4,逃げ,12
2,,3,,,,,ライトニングロッド,,牝,3,9,7,4,函館,T,1200,良,3,6,１勝ｸﾗｽ・牝,34.9,逃げ,3,6,14,函館,D,1000,良,1,5,未勝利,35.7,逃げ,12,3,21,中京,D,1200,良,9,4,未勝利・牝,39.1,逃げ,4,2,21,阪神,D,1200,良,4,4,未勝利・牝,38.7,先行,13,11,22,京都,D,1400,良,12,7,新馬,39.4,先行,初
2,B,4,,,,,スプリングデイ,,牝,5,連,8,29,札幌,T,1200,稍,2,11,１勝ｸﾗｽ,34.7,差し,3,8,9,札幌,T,1200,良,8,11,１勝ｸﾗｽ・牝,34.9,中団,7,6,21,函館,T,1200,良,8,10,１勝ｸﾗｽ・牝,34.6,後方,連,6,14,函館,T,1200,良,7,10,１勝ｸﾗｽ,34.1,中団,3,5,24,新潟,T,1200,稍,6,9,１勝ｸﾗｽ,34.3,後方,10
3,B,5,,,,,ペガサスノース,,牝,4,連,8,29,札幌,T,1200,稍,3,15,１勝ｸﾗｽ,34.0,追込,5,7,25,札幌,T,1200,良,15,8,１勝ｸﾗｽ,51.5,後方,3,7,4,小倉,T,1200,稍,4,6,１勝ｸﾗｽ・牝,34.7,先行,8,5,9,京都,D,1400,良,11,15,１勝ｸﾗｽ・牝,37.8,後方,3,4,18,福島,D,1150,良,14,7,１勝ｸﾗｽ・牝,37.1,後方,12
3,,6,,,,,バレンタインビスタ,,牝,3,7,7,18,函館,T,1200,良,4,1,１勝ｸﾗｽ・牝,35.7,逃げ,2,7,5,函館,T,1200,良,1,3,未勝利・牝,35.1,逃げ,2,6,21,函館,T,1200,良,3,2,未勝利・牝,35.7,逃げ,14,3,15,中京,T,1400,良,7,1,未勝利,35.6,先行,3,2,22,小倉,T,1200,良,2,4,未勝利,35.2,先行,9
4,,7,,,,,フレンドモナコ,,牡,3,7,7,19,函館,T,1200,重,13,11,１勝ｸﾗｽ,36.3,中団,2,7,5,函館,T,1200,良,7,7,１勝ｸﾗｽ,34.5,後方,2,6,20,函館,T,1200,良,8,11,下北半島･1勝,35.0,中団,連,6,14,函館,T,1200,良,9,11,１勝ｸﾗｽ,34.2,中団,6,5,2,東京,T,1400,良,12,16,１勝ｸﾗｽ*,33.8,中団,2
4,,8,,,,,コスモファーブロス,,牝,3,4,8,9,札幌,T,1200,良,3,4,１勝ｸﾗｽ・牝,35.5,逃げ,3,7,19,函館,T,1200,重,1,2,未勝利,36.3,逃げ,2,7,5,函館,T,1200,良,4,2,未勝利・牝,35.1,先行,3,6,13,函館,T,1200,稍,4,3,未勝利,34.3,差し,3,5,23,京都,T,1200,良,4,7,未勝利,33.5,追込,4
5,,9,,,,,レッドアイスピア,,牡,3,2,8,23,札幌,T,1200,良,1,2,未勝利,34.6,先行,2,8,8,札幌,T,1200,稍,2,11,未勝利,35.2,差し,3,7,18,函館,T,1200,良,2,7,未勝利,34.8,差し,11,5,2,京都,T,1400,稍,10,13,未勝利,34.8,中団,7,3,15,阪神,D,1200,良,13,6,未勝利,38.7,中団,3
5,,10,,,,,クレセントウイング,,セ,6,10,6,28,函館,T,1200,良,5,6,１勝ｸﾗｽ,34.4,中団,2,6,14,函館,T,1200,良,4,5,１勝ｸﾗｽ,33.5,追込,7,4,25,福島,T,1200,良,10,6,１勝ｸﾗｽ・若,34.5,先行,9,2,21,小倉,T,1200,良,7,8,１勝ｸﾗｽ,33.8,後方,13,11,23,東京,T,1400,良,17,16,２勝ｸﾗｽ,32.6,後方,4
6,,11,,,,,カリヨンアヴォン,,牝,3,13,6,6,東京,D,1600,良,16,12,１勝ｸﾗｽ・牝,38.8,後方,13,3,7,中山,D,1200,重,12,4,１勝ｸﾗｽ*,38.8,中団,13,12,7,中山,D,1200,良,4,1,１勝ｸﾗｽ*,36.7,先行,12,9,15,中山,D,1200,良,1,2,新馬,37.3,先行,初,,,,,,,,,,,,
6,,12,,,,,ウィングブルー,,牝,3,4,8,9,札幌,T,1200,良,2,2,１勝ｸﾗｽ・牝,35.1,先行,11,5,23,新潟,T,1000,稍,2,3,はやぶさ･1勝,33.2,差し,2,5,9,新潟,T,1200,良,4,3,ゆきつば･1勝,36.0,逃げ,3,4,19,中山,T,1600,良,2,3,１勝ｸﾗｽ*,34.8,逃げ,5,3,14,中京,D,1800,良,11,9,１勝ｸﾗｽ*,40.1,逃げ,12
7,,13,,,,,ジャンヌローサ,,牝,5,8,7,11,小倉,T,1200,良,6,7,１勝ｸﾗｽ,35.2,中団,連,7,4,小倉,T,1200,稍,5,4,１勝ｸﾗｽ・牝,34.4,中団,18,2,28,小倉,T,1200,稍,2,6,１勝ｸﾗｽ,34.5,差し,連,2,21,小倉,T,1200,良,3,10,１勝ｸﾗｽ,34.6,差し,9,12,21,中京,T,1600,稍,6,5,１勝ｸﾗｽ・牝,35.5,先行,2
7,,14,,,,,ディーズメンフィス,,牝,3,5,8,2,札幌,T,1200,良,6,4,１勝ｸﾗｽ,35.4,先行,5,6,28,函館,T,1200,良,3,4,１勝ｸﾗｽ,34.9,逃げ,2,6,13,函館,T,1200,稍,1,7,未勝利,34.6,逃げ,8,4,19,中山,D,1200,良,8,5,未勝利,38.4,先行,7,2,28,中山,D,1200,重,6,6,未勝利・牝,37.8,先行,27
8,,15,,,,,ルージュナリッシュ,,牝,4,7,7,18,函館,T,1200,良,9,6,１勝ｸﾗｽ・牝,35.5,後方,2,7,4,函館,T,1200,良,5,5,１勝ｸﾗｽ・牝,34.3,後方,9,5,3,新潟,T,1400,良,6,7,１勝ｸﾗｽ・牝,35.8,先行,2,4,19,福島,T,1200,良,10,10,須賀川特･1勝,33.9,後方,4,3,22,中京,T,1400,良,7,5,１勝ｸﾗｽ,33.9,後方,3
8,,16,,,,,ラヴノー,,牝,3,3,8,16,札幌,T,1200,良,3,5,小樽特別･1勝,34.4,差し,6,7,4,福島,T,1200,良,10,2,１勝ｸﾗｽ・牝,34.9,中団,13,4,5,中山,T,1200,重,12,5,１勝ｸﾗｽ*,35.7,中団,7,2,14,東京,T,1600,良,11,14,クイーンG3,34.8,中団,12,11,23,東京,T,1600,良,3,3,赤松賞･1勝*,34.0,先行,9
レースID(新),日付S,曜日,場所,開催,R,レース名,クラス名,芝・ダート,距離,コース区分,コーナー回数,馬場状態(暫定),天候(暫定),フルゲート頭数,発走時刻,性別限定,重量種別,年齢限定
2026090601020608,2026.9.6,日,札幌,2札6,8,,1勝,芝,1500,C,3,稍(暫定),晴(暫定),14,13:40,,定量,３上
枠番,B,番,印,M2,M3,M4,馬名S,Ｃ,性別,年齢,間隔,月,日,場所,TD,距離,馬場状態,着順,人気,ﾚｰｽ名･1走前,上り3F,決手,前走間隔,月,日,場所,TD,距離,馬場状態,着順,人気,ﾚｰｽ名･2走前,上り3F,決手,前走間隔,月,日,場所,TD,距離,馬場状態,着順,人気,ﾚｰｽ名･3走前,上り3F,決手,前走間隔,月,日,場所,TD,距離,馬場状態,着順,人気,ﾚｰｽ名･4走前,上り3F,決手,前走間隔,月,日,場所,TD,距離,馬場状態,着順,人気,ﾚｰｽ名･5走前,上り3F,決手,前走間隔
1,,1,,,,,ザカリナン,,牡,4,5,8,2,札幌,T,1200,良,7,3,１勝ｸﾗｽ,34.9,中団,2,7,19,函館,T,1200,重,2,5,１勝ｸﾗｽ,35.3,先行,13,4,18,福島,T,1200,良,5,5,１勝ｸﾗｽ,34.0,後方,3,3,29,阪神,T,1400,良,5,8,１勝ｸﾗｽ,34.4,先行,13,12,27,阪神,T,1800,良,11,12,１勝ｸﾗｽ,35.3,先行,3
2,,2,,,,,コスモキャバリエ,,牡,4,連,8,29,札幌,T,1800,稍,10,7,１勝ｸﾗｽ,36.7,先行,2,8,16,新潟,T,1800,良,7,6,１勝ｸﾗｽ,33.7,中団,17,4,19,福島,T,1800,良,6,1,１勝ｸﾗｽ,35.4,先行,連,4,11,福島,T,1800,良,2,8,浄土平特･1勝,36.0,先行,3,3,21,中京,T,1600,良,5,9,１勝ｸﾗｽ,34.3,先行,26
3,,3,,,,,シュガービスケッツ,,牝,3,25,3,14,中京,D,1800,良,8,10,１勝ｸﾗｽ*,39.4,先行,4,2,14,京都,T,1600,良,10,9,こぶし賞･1勝,34.5,後方,15,11,2,京都,D,1800,稍,14,4,もちの木･1勝,40.2,中団,10,8,23,中京,D,1800,良,1,7,新馬,37.7,逃げ,初,,,,,,,,,,,,
3,,4,,,,,タイキプレジール,,牡,3,18,5,2,東京,T,1400,良,11,12,１勝ｸﾗｽ*,33.4,後方,7,3,15,中京,T,1400,良,1,3,未勝利,34.8,差し,4,2,14,東京,T,1400,良,4,6,未勝利,34.1,差し,連,2,7,東京,D,1300,良,3,8,未勝利,37.3,差し,4,1,11,中山,D,1200,良,5,5,未勝利,38.8,先行,5
4,,5,,,,,グロリアスマーチ,,牡,3,連,8,29,札幌,T,1200,稍,8,4,１勝ｸﾗｽ,35.0,中団,3,8,8,札幌,T,1500,稍,11,6,１勝ｸﾗｽ,37.9,先行,10,5,30,東京,T,1400,良,5,8,１勝ｸﾗｽ*,33.9,後方,4,5,2,東京,T,1400,良,6,2,１勝ｸﾗｽ*,33.5,中団,5,3,28,阪神,T,1400,良,3,1,１勝ｸﾗｽ*,35.6,先行,6
4,,6,,,,,アルマロクザン,,牝,6,3,8,16,札幌,T,1200,良,11,15,小樽特別･1勝,35.1,中団,連,8,9,札幌,T,1200,良,10,13,１勝ｸﾗｽ・牝,35.5,中団,3,7,18,函館,T,1200,良,12,10,１勝ｸﾗｽ・牝,36.3,中団,2,7,4,福島,T,1200,良,8,10,１勝ｸﾗｽ・牝,35.1,先行,18,3,1,小倉,T,1200,良,14,8,１勝ｸﾗｽ,37.0,中団,2
5,,7,,,,,アクアアイ,,牝,3,13,6,6,阪神,D,1400,良,1,1,未勝利・牝,37.3,先行,3,5,16,京都,T,1400,良,4,1,未勝利,34.2,差し,6,4,4,阪神,T,1400,良,2,1,未勝利,35.0,差し,3,3,14,阪神,T,1400,良,3,1,未勝利,34.6,先行,9,1,12,京都,T,1400,良,2,1,未勝利,35.4,差し,10
5,,8,,,,,ゴーゴーリチャード,,牡,3,2,8,23,札幌,T,1500,良,14,9,１勝ｸﾗｽ,38.0,後方,26,2,21,東京,D,1400,良,16,3,１勝ｸﾗｽ*,39.6,中団,8,12,27,阪神,T,1400,良,6,2,万両賞･1勝*,34.4,先行,3,12,7,中京,T,1400,良,1,5,新馬,34.1,先行,初,,,,,,,,,,,,
6,,9,,,,,クラウンアールシー,,牡,4,連,8,30,札幌,T,1500,良,7,11,１勝ｸﾗｽ,34.9,中団,3,8,9,札幌,D,1700,良,12,11,１勝ｸﾗｽ,40.5,中団,12,5,14,門別,D,1700,良,1,1,キタコ,----,逃げ,2,4,30,門別,D,1600,良,1,4,クンシ,----,逃げ,24,11,13,門別,D,1800,稍,7,1,グラン,----,逃げ,3
6,,10,,,,,レッドカメリア,,牝,6,連,8,29,札幌,T,1200,稍,16,14,１勝ｸﾗｽ,35.4,後方,2,8,16,札幌,T,1200,良,7,12,小樽特別･1勝,33.9,後方,2,8,2,札幌,T,1200,良,4,11,１勝ｸﾗｽ,34.2,追込,3,7,12,福島,T,1200,稍,5,11,１勝ｸﾗｽ,34.1,後方,連,7,4,福島,T,1200,良,7,13,１勝ｸﾗｽ・牝,34.5,後方,12
7,,11,,,,,ルールザウェイヴ,,牝,3,2,8,23,札幌,T,1500,良,2,2,１勝ｸﾗｽ,35.3,先行,3,8,1,札幌,T,1500,稍,2,2,１勝ｸﾗｽ・牝,34.6,逃げ,16,4,12,阪神,T,1600,良,14,15,桜花賞G1,35.8,先行,4,3,14,中山,T,1600,良,2,12,アネモネ(L),35.6,先行,11,12,27,中山,T,1600,良,1,2,新馬,35.6,逃げ,初
7,,12,,,,,トクシージェネラル,,牡,5,連,8,30,札幌,T,1500,良,12,12,１勝ｸﾗｽ,35.5,中団,2,8,16,札幌,T,1800,良,13,14,１勝ｸﾗｽ,37.2,中団,11,5,31,東京,T,1800,良,9,8,１勝ｸﾗｽ,34.8,中団,5,4,25,福島,D,1700,良,12,10,１勝ｸﾗｽ,39.7,後方,10,2,15,小倉,D,1700,稍,9,8,１勝ｸﾗｽ,40.9,逃げ,2
8,B,13,,,,,ブライトフレア,,牡,3,2,8,23,札幌,T,1500,良,5,13,１勝ｸﾗｽ,34.8,中団,2,8,8,札幌,T,1500,稍,9,10,１勝ｸﾗｽ,36.8,中団,10,5,31,京都,T,1800,良,9,9,白百合Ｓ(L),34.1,先行,連,5,23,京都,D,1400,稍,15,10,１勝ｸﾗｽ*,39.1,後方,14,2,14,京都,T,1600,良,9,11,こぶし賞･1勝,34.6,後方,3
8,,14,,,,,クリスレジーナ,,牝,3,3,8,16,札幌,T,1800,良,3,3,１勝ｸﾗｽ,35.7,逃げ,3,7,26,札幌,T,2000,良,3,1,厚岸特別･1勝,35.4,逃げ,2,7,11,函館,T,2000,稍,9,1,北斗特別･1勝,36.2,中団,3,6,21,函館,T,2000,良,2,5,遊楽部特･1勝,35.7,先行,7,5,2,京都,T,2200,良,3,3,矢車賞･1勝*,34.1,差し,6
レースID(新),日付S,曜日,場所,開催,R,レース名,クラス名,芝・ダート,距離,コース区分,コーナー回数,馬場状態(暫定),天候(暫定),フルゲート頭数,発走時刻,性別限定,重量種別,年齢限定
2026090601020609,2026.9.6,日,札幌,2札6,9,旭川特別,2勝,ダート,1700,,4,稍(暫定),晴(暫定),14,14:10,,定量,３上
枠番,B,番,印,M2,M3,M4,馬名S,Ｃ,性別,年齢,間隔,月,日,場所,TD,距離,馬場状態,着順,人気,ﾚｰｽ名･1走前,上り3F,決手,前走間隔,月,日,場所,TD,距離,馬場状態,着順,人気,ﾚｰｽ名･2走前,上り3F,決手,前走間隔,月,日,場所,TD,距離,馬場状態,着順,人気,ﾚｰｽ名･3走前,上り3F,決手,前走間隔,月,日,場所,TD,距離,馬場状態,着順,人気,ﾚｰｽ名･4走前,上り3F,決手,前走間隔,月,日,場所,TD,距離,馬場状態,着順,人気,ﾚｰｽ名･5走前,上り3F,決手,前走間隔
1,,1,,,,,ヒミノエトワール,,牝,4,2,8,23,札幌,D,1700,良,5,7,WASJ第３･2勝,37.7,中団,6,7,12,函館,D,1700,不,1,1,１勝ｸﾗｽ・牝,37.0,先行,2,6,28,函館,D,1700,稍,4,2,１勝ｸﾗｽ・牝,37.5,ﾏｸﾘ,7,5,9,京都,D,1400,良,7,2,１勝ｸﾗｽ・牝,37.5,中団,6,3,28,阪神,D,1400,良,9,1,１勝ｸﾗｽ・牝,38.3,後方,2
2,,2,,,,,ユウェンタース,,牝,4,2,8,23,札幌,D,1700,良,6,5,WASJ第３･2勝,37.3,後方,7,7,5,小倉,D,1700,不,9,8,九州スポ･2勝,36.9,中団,3,6,14,阪神,D,1800,良,2,5,逆瀬川特･2勝,36.8,先行,8,4,19,阪神,D,1800,良,6,8,２勝ｸﾗｽ・牝,38.8,先行,7,2,28,阪神,D,1800,良,11,10,２勝ｸﾗｽ・牝,38.4,中団,4
3,B,3,,,,,ライフゲート,,セ,4,6,7,25,札幌,D,1700,良,2,4,桑園特別･2勝,35.9,先行,3,7,4,函館,D,1700,良,9,3,竜飛崎特･2勝,38.3,中団,2,6,21,函館,D,1700,良,2,2,檜山特別･2勝,37.0,逃げ,4,5,24,東京,D,1600,稍,13,5,三峰山特･2勝,36.9,中団,3,5,2,東京,D,1600,稍,3,6,２勝ｸﾗｽ,36.2,差し,2
3,,4,,,,,リメンバーヒム,,牡,4,連,8,29,札幌,D,1700,稍,3,7,千歳特別･2勝,36.8,差し,3,8,9,札幌,D,1700,良,4,8,富良野Ｈ･2勝,37.9,先行,2,7,25,札幌,D,1700,良,4,7,桑園特別･2勝,36.3,先行,13,4,26,東京,D,1400,稍,8,11,２勝ｸﾗｽ,36.2,中団,連,4,18,阪神,D,1400,良,9,8,吹田特別･2勝,35.9,中団,4
4,,5,,,,,タイヨウフレア,,牝,4,7,7,19,函館,T,1800,重,13,12,かもめ島･2勝,38.9,後方,4,6,21,函館,D,1700,良,7,9,檜山特別･2勝,38.1,先行,連,6,14,函館,D,1700,良,8,11,津軽海Ｈ･2勝,37.5,中団,8,4,19,中山,D,1800,良,11,11,利根川特･2勝,39.3,後方,8,2,22,小倉,D,1700,良,13,11,和布刈特･2勝,38.1,後方,2
4,,6,,,,,ロードアマルフィ,,牡,3,3,8,15,札幌,D,1700,良,1,1,１勝ｸﾗｽ,37.2,先行,2,8,2,札幌,D,1700,良,4,2,１勝ｸﾗｽ,38.0,逃げ,11,5,17,京都,D,1800,良,5,3,１勝ｸﾗｽ*,38.0,中団,3,4,25,京都,D,1800,稍,3,3,１勝ｸﾗｽ*,38.4,逃げ,4,3,28,阪神,D,1800,稍,1,1,未勝利,38.1,逃げ,4
5,B,7,,,,,ユージュアーナ,,牝,4,5,8,1,札幌,D,1700,稍,8,2,大倉山特･2勝,39.4,中団,5,6,28,函館,D,1700,稍,3,4,渡島特別･2勝,37.6,先行,9,4,26,福島,D,1700,良,1,2,１勝ｸﾗｽ・牝,38.3,先行,4,3,28,阪神,D,1400,良,4,4,１勝ｸﾗｽ・牝,37.5,先行,連,3,21,中京,D,1400,良,4,12,１勝ｸﾗｽ,37.3,先行,13
5,,8,,,,,コスモオピニオン,,牡,6,25,3,15,中山,T,1600,良,8,5,２勝ｸﾗｽ,34.2,後方,2,2,28,中山,T,1600,良,4,6,２勝ｸﾗｽ,34.9,差し,2,2,15,東京,T,1600,良,6,12,２勝ｸﾗｽ,33.4,後方,6,1,5,中山,T,2000,良,8,8,初日の出･2勝,34.7,中団,3,12,13,中山,D,1800,良,4,13,２勝ｸﾗｽ,38.4,差し,2
6,,9,,,,,アオハルブルース,,牡,3,2,8,23,札幌,D,1700,良,3,2,WASJ第３･2勝,38.4,先行,7,7,5,函館,D,1700,良,1,1,１勝ｸﾗｽ,37.5,先行,3,6,14,函館,D,1700,良,3,1,１勝ｸﾗｽ,38.5,先行,10,4,4,中山,D,1800,稍,1,1,未勝利,38.6,逃げ,3,3,14,中山,D,1800,良,2,2,未勝利,39.7,先行,9
6,,10,,,,,エスシービクトリア,,牡,3,5,8,1,札幌,D,1700,稍,1,1,１勝ｸﾗｽ,36.8,先行,9,5,30,東京,D,1600,良,2,2,１勝ｸﾗｽ*,37.7,先行,11,3,14,中山,D,1800,良,2,7,１勝ｸﾗｽ*,39.7,先行,2,3,1,中山,D,1800,稍,2,6,１勝ｸﾗｽ*,38.5,差し,7,1,11,中山,D,1800,良,1,9,新馬,38.5,逃げ,初
7,,11,,,,,スターオブロンドン,,牡,3,連,8,29,札幌,D,1700,稍,1,5,１勝ｸﾗｽ,37.1,差し,20,4,12,阪神,D,1400,稍,9,3,１勝ｸﾗｽ*,37.0,中団,3,3,21,阪神,D,1400,良,4,5,１勝ｸﾗｽ*,36.5,差し,6,2,7,東京,D,1400,良,6,4,１勝ｸﾗｽ*,37.0,中団,4,1,11,京都,D,1400,良,5,3,１勝ｸﾗｽ*,38.2,先行,3
7,,12,,,,,アラナコア,,牡,5,連,8,29,札幌,D,1700,稍,4,5,千歳特別･2勝,37.0,先行,9,6,28,小倉,D,1700,稍,2,5,西部日Ｈ･2勝,38.5,先行,12,4,5,阪神,D,1800,重,7,2,２勝ｸﾗｽ,37.1,中団,3,3,15,阪神,D,1800,良,2,2,２勝ｸﾗｽ,37.8,差し,2,2,28,小倉,D,1700,重,3,6,早鞆特Ｈ･2勝,37.4,差し,連
8,B,13,,,,,エーリアル,,牝,5,5,8,1,札幌,D,1700,稍,7,5,大倉山特･2勝,39.6,先行,10,5,23,東京,D,1600,稍,13,8,２勝ｸﾗｽ・牝,36.7,中団,9,3,22,中山,D,1800,良,11,12,２勝ｸﾗｽ・牝,40.8,後方,5,2,14,東京,D,1600,良,5,9,２勝ｸﾗｽ,37.1,先行,4,1,18,中山,D,1800,良,5,2,２勝ｸﾗｽ・牝,40.2,先行,31
8,,14,,,,,ラインフォルテ,,牡,5,16,5,17,佐賀,D,1400,良,6,4,フクシ,----,後方,2,5,3,佐賀,D,1400,不,5,7,サガデ,----,中団,4,4,5,佐賀,D,1400,不,9,6,ＡＩパ,----,後方,15,12,20,佐賀,D,1400,良,1,4,クンシ,----,先行,2,12,6,佐賀,D,1750,良,6,5,由布岳,----,中団,8
レースID(新),日付S,曜日,場所,開催,R,レース名,クラス名,芝・ダート,距離,コース区分,コーナー回数,馬場状態(暫定),天候(暫定),フルゲート頭数,発走時刻,性別限定,重量種別,年齢限定
2026090601020610,2026.9.6,日,札幌,2札6,10,ＨＴＢ賞,2勝,芝,1800,C,4,稍(暫定),晴(暫定),14,14:45,,定量,３上
枠番,B,番,印,M2,M3,M4,馬名S,Ｃ,性別,年齢,間隔,月,日,場所,TD,距離,馬場状態,着順,人気,ﾚｰｽ名･1走前,上り3F,決手,前走間隔,月,日,場所,TD,距離,馬場状態,着順,人気,ﾚｰｽ名･2走前,上り3F,決手,前走間隔,月,日,場所,TD,距離,馬場状態,着順,人気,ﾚｰｽ名･3走前,上り3F,決手,前走間隔,月,日,場所,TD,距離,馬場状態,着順,人気,ﾚｰｽ名･4走前,上り3F,決手,前走間隔,月,日,場所,TD,距離,馬場状態,着順,人気,ﾚｰｽ名･5走前,上り3F,決手,前走間隔
1,,1,,,,,フナデ,,牡,5,8,7,12,函館,T,1800,重,6,11,北海Ｈ･2勝,35.3,中団,15,3,28,中山,T,2000,稍,11,11,２勝ｸﾗｽ,35.3,後方,4,2,28,小倉,T,2000,稍,11,5,別府特別･2勝,37.3,先行,3,2,7,小倉,T,1800,稍,5,7,ＲＫＢ賞･2勝,35.1,後方,8,12,14,中山,T,1800,稍,12,7,霞ヶ浦特･2勝,37.4,ﾏｸﾘ,14
2,,2,,,,,ヒズマスターピース,,牝,3,4,8,8,札幌,T,1500,稍,5,6,摩周湖特･2勝,35.8,先行,2,7,26,札幌,T,1500,良,5,2,羊ヶ丘Ｈ･2勝,34.9,逃げ,15,4,11,中山,T,1600,良,7,5,ニュージG2,35.0,逃げ,8,2,14,東京,T,1600,良,3,7,クイーンG3,34.5,逃げ,9,12,14,阪神,T,1600,良,15,7,阪神ジュG1,36.9,逃げ,3
3,,3,,,,,ドッグウッド,,牡,3,7,7,18,函館,T,1800,良,1,1,湯浜特別･1勝,35.1,差し,3,6,28,函館,T,1800,良,2,2,臥牛山特･1勝,35.0,先行,2,6,14,函館,T,1800,良,2,2,八雲特別･1勝,34.6,差し,10,4,4,中山,T,2200,稍,外,--,山吹賞･1勝*,----,,5,3,1,阪神,T,2000,良,2,3,１勝ｸﾗｽ*,35.2,先行,2
3,B,4,,,,,ロートホルン,,牝,4,7,7,19,函館,T,1800,重,3,4,かもめ島･2勝,36.4,逃げ,18,3,14,中山,T,2000,良,8,4,房総特別･2勝,36.1,先行,16,11,24,福島,T,1800,良,16,1,五色沼特･2勝,35.0,中団,11,9,7,中山,T,2000,良,止,5,紫苑ＳG2,----,,8,7,13,函館,T,1800,良,1,1,１勝ｸﾗｽ・牝,34.9,先行,11
4,,5,,,,,エーデル,,牝,5,7,7,19,函館,T,1800,重,10,11,かもめ島･2勝,36.3,後方,連,7,12,函館,T,1800,重,7,13,北海Ｈ･2勝,35.2,後方,2,6,28,福島,T,2000,良,13,10,松島特別･2勝,35.4,後方,7,5,9,東京,T,2000,良,5,5,２勝ｸﾗｽ,34.4,中団,2,4,25,東京,D,1600,稍,10,10,２勝ｸﾗｽ,36.4,後方,9
4,B,6,,,,,グレーヌドジョワ,,牡,3,4,8,9,札幌,T,1800,良,1,4,石狩特別･1勝,34.8,逃げ,5,7,4,函館,T,1800,良,2,1,恵山特別･1勝,34.9,先行,2,6,21,函館,T,1800,良,2,8,１勝ｸﾗｽ,35.3,先行,11,4,4,中山,T,2200,稍,11,9,山吹賞･1勝*,37.4,中団,7,2,14,小倉,T,2000,良,7,6,あすなろ･1勝,35.8,先行,3
5,,7,,,,,プレアレジェンド,,牡,3,3,8,18,門別,D,1800,良,10,10,モーリ,----,後方,15,5,3,佐賀,D,1800,不,8,8,佐賀皐,----,中団,2,4,19,佐賀,D,1860,不,8,4,卯月特,----,ﾏｸﾘ,2,4,6,佐賀,D,1750,重,3,4,佐賀桜,----,逃げ,2,3,20,佐賀,D,1750,稍,2,2,佐賀に,----,逃げ,2
5,,8,,,,,ワザモノ,,牡,8,2,8,23,札幌,T,1800,良,3,5,WASJ第４･2勝,35.5,差し,7,7,5,福島,T,1800,良,2,4,白河特別･2勝,34.7,先行,7,5,17,新潟,T,2000,良,7,13,信濃川特･2勝,33.7,中団,7,3,28,中山,T,2000,稍,8,9,２勝ｸﾗｽ,35.2,中団,4,2,28,小倉,T,2000,稍,2,15,別府特別･2勝,35.9,差し,11
6,,9,,,,,ハヤブササキチャン,,牝,3,3,8,16,札幌,T,1800,良,1,1,１勝ｸﾗｽ,34.6,先行,2,8,1,札幌,T,1500,稍,3,4,１勝ｸﾗｽ・牝,34.3,差し,10,5,24,京都,T,1600,良,1,1,未勝利,35.1,先行,4,4,25,京都,T,1800,良,2,1,未勝利・牝,34.7,先行,5,3,21,阪神,T,1600,良,3,1,未勝利,33.7,差し,10
6,,10,,,,,コッツォリーノ,,牡,3,8,7,12,函館,T,1800,重,14,1,北海Ｈ･2勝,38.4,後方,3,6,21,函館,T,1800,良,1,1,１勝ｸﾗｽ,34.9,差し,10,4,11,中山,T,2000,良,2,1,山藤賞･1勝*,35.0,先行,2,3,28,中山,T,1800,稍,2,1,１勝ｸﾗｽ*,34.4,先行,18,11,24,東京,T,1800,良,10,8,東京スポG2,33.0,後方,8
7,,11,,,,,サンセットゴールド,,牡,3,2,8,23,札幌,T,1500,良,1,8,１勝ｸﾗｽ,34.9,先行,11,6,7,阪神,T,1400,稍,7,5,１勝ｸﾗｽ,33.9,中団,2,5,24,京都,T,1200,良,4,9,１勝ｸﾗｽ*,33.6,差し,2,5,9,東京,T,1800,良,9,9,１勝ｸﾗｽ*,35.4,先行,35,9,6,札幌,T,1800,良,6,9,札幌２歳G3,36.2,先行,6
7,,12,,,,,ジャルディニエ,,牝,4,9,7,5,小倉,D,1700,不,10,9,九州スポ･2勝,36.9,後方,9,5,2,新潟,T,1800,稍,8,15,胎内川特･2勝,35.1,中団,8,3,7,阪神,T,1600,良,7,5,２勝ｸﾗｽ,34.2,後方,8,1,11,中山,T,1800,良,7,6,初咲賞･2勝,34.9,先行,8,11,15,京都,T,2000,良,5,3,２勝ｸﾗｽ・牝,37.7,先行,5
8,,13,,,,,ファーマドール,,牝,3,5,8,4,門別,D,1700,良,8,4,グラン,----,先行,11,5,14,園田,D,1700,良,4,7,のじぎ,----,逃げ,4,4,19,水沢,D,1600,良,4,8,留守杯,----,先行,5,3,18,浦和,D,1500,良,10,12,桜花賞,----,後方,6,1,29,大井,D,1600,良,6,7,桃花賞,----,逃げ,5
8,,14,,,,,ダノンフィオーレ,,牝,4,4,8,8,札幌,T,1500,稍,1,4,１勝ｸﾗｽ,35.7,差し,2,7,26,札幌,T,1500,良,3,5,１勝ｸﾗｽ,34.0,差し,18,3,22,中京,T,2000,良,16,3,１勝ｸﾗｽ・牝,36.4,中団,16,11,29,京都,T,1800,良,17,5,１勝ｸﾗｽ,35.7,先行,17,8,3,中京,T,2000,良,1,1,未勝利・牝,34.1,逃げ,2
レースID(新),日付S,曜日,場所,開催,R,レース名,クラス名,芝・ダート,距離,コース区分,コーナー回数,馬場状態(暫定),天候(暫定),フルゲート頭数,発走時刻,性別限定,重量種別,年齢限定
2026090601020611,2026.9.6,日,札幌,2札6,11,丹頂Ｓ,ｵｰﾌﾟﾝ,芝,2600,C,6,稍(暫定),晴(暫定),14,15:20,,ﾊﾝﾃﾞ,３上
枠番,B,番,印,M2,M3,M4,馬名S,Ｃ,性別,年齢,間隔,月,日,場所,TD,距離,馬場状態,着順,人気,ﾚｰｽ名･1走前,上り3F,決手,前走間隔,月,日,場所,TD,距離,馬場状態,着順,人気,ﾚｰｽ名･2走前,上り3F,決手,前走間隔,月,日,場所,TD,距離,馬場状態,着順,人気,ﾚｰｽ名･3走前,上り3F,決手,前走間隔,月,日,場所,TD,距離,馬場状態,着順,人気,ﾚｰｽ名･4走前,上り3F,決手,前走間隔,月,日,場所,TD,距離,馬場状態,着順,人気,ﾚｰｽ名･5走前,上り3F,決手,前走間隔
1,,1,,,,,レクスノヴァス,,牡,4,6,7,26,札幌,T,2600,良,7,2,札幌日経(L),35.6,先行,11,5,10,京都,T,2400,良,1,1,烏丸ＳＨ･3勝,33.9,差し,14,2,1,京都,T,2200,良,2,2,八坂Ｓ･3勝,33.4,先行,14,10,26,京都,T,3000,稍,9,10,菊花賞G1,36.0,先行,10,8,17,札幌,T,2600,稍,1,1,阿寒湖特･2勝,36.4,先行,4
2,,2,,,,,サクソンジェンヌ,,牝,5,11,6,20,阪神,T,2200,重,1,2,ストーＨ･3勝,35.3,差し,4,5,23,京都,T,2000,良,6,7,シドニー･3勝,34.9,先行,5,4,19,中山,T,2200,良,4,10,サンシＨ･3勝,34.0,差し,7,3,1,小倉,T,2000,良,4,5,関門橋Ｓ･3勝,36.9,先行,9,12,27,中山,T,2500,良,4,9,グレイト･3勝,34.8,逃げ,4
3,,3,,,,,パレハ,,牝,5,8,7,12,函館,T,1800,重,8,2,巴賞,35.9,中団,12,4,19,福島,T,1800,良,9,8,福島牝馬G3,34.5,中団,8,2,22,小倉,T,1800,良,9,6,小倉大賞ＨG3,35.4,先行,4,1,24,小倉,T,2000,良,7,4,小倉牝馬ＨG3,33.9,中団,9,11,22,福島,T,2000,良,3,7,福島記念ＨG3,33.6,差し,16
3,B,4,,,,,ヨヒーン,,牝,4,5,8,1,札幌,T,2000,稍,1,5,ＳＴＶＨ･3勝,35.3,差し,5,6,27,函館,T,2000,稍,1,3,洞爺湖特･2勝,35.0,差し,13,3,29,阪神,T,2000,良,6,5,四国新聞･2勝,34.5,ﾏｸﾘ,2,3,14,中山,T,2000,良,7,2,房総特別･2勝,34.9,中団,7,1,25,京都,T,2000,良,5,2,２勝ｸﾗｽ・牝,35.5,後方,9
4,,5,,,,,ボンドロア,,牡,4,6,7,25,札幌,T,2600,良,1,5,ライラッ･2勝,35.1,差し,4,6,28,小倉,T,2600,良,8,5,帆柱山特･2勝,35.3,先行,18,2,21,小倉,T,2600,良,10,3,皿倉山特･2勝,36.8,逃げ,3,1,31,京都,T,2400,良,4,1,許波多Ｈ･2勝,34.6,先行,3,1,12,京都,T,2400,良,2,9,琵琶湖特･2勝,34.9,先行,2
4,B,6,,,,,シュトルーヴェ,,セ,7,16,5,16,新潟,T,2000,良,11,13,新潟大賞ＨG3,34.3,後方,13,2,14,ｻｳｼﾞ,T,3000,良,8,--,ＲＴＨG2,----,不明,11,11,30,東京,T,2400,良,10,17,ＪＣG1,34.9,後方,3,11,9,東京,T,2500,良,5,6,アルゼンＨG2,34.0,後方,12,8,17,札幌,T,2000,稍,7,7,札幌記念G2,36.4,中団,25
5,,7,,,,,コーチェラバレー,,牡,4,6,7,26,札幌,T,2600,良,9,5,札幌日経(L),35.6,ﾏｸﾘ,17,3,29,阪神,T,2400,良,3,1,御堂筋Ｓ･3勝,34.3,差し,10,1,18,京都,T,2400,良,6,3,日経新春ＨG2,34.0,中団,3,12,28,中山,T,2500,良,1,2,グッドＨ･2勝,35.7,先行,9,10,26,京都,T,3000,稍,7,15,菊花賞G1,35.3,後方,6
5,B,8,,,,,グランドカリナン,,牡,6,16,5,16,新潟,T,2000,良,9,14,新潟大賞ＨG3,34.0,後方,連,5,10,東京,T,2400,良,10,8,メトロポ(L),35.9,先行,4,4,11,阪神,T,2600,良,5,13,大阪―ハＨ,34.5,逃げ,19,11,29,東京,T,1600,良,12,18,キャピタ(L),34.4,中団,7,10,13,東京,T,2000,良,14,12,オクトＨ(L),35.0,先行,6
6,,9,,,,,エコロレイズ,,牡,5,6,7,26,札幌,T,2600,良,6,12,札幌日経(L),35.2,後方,6,6,14,東京,T,2400,良,5,11,江の島Ｓ･3勝,34.7,中団,8,4,19,中山,T,2200,良,8,11,サンシＨ･3勝,33.9,後方,6,3,8,中山,T,2500,良,5,9,湾岸Ｓ･3勝,35.8,後方,2,2,21,小倉,T,2600,良,1,6,皿倉山特･2勝,35.3,差し,8
6,,10,,,,,マイネルカンパーナ,,牡,6,18,5,3,京都,T,3200,良,10,10,天皇賞春G1,36.6,先行,10,2,21,東京,T,3400,良,7,5,ダイヤモＨG3,35.3,中団,11,12,6,中山,T,3600,良,2,5,ステイヤG2,34.0,先行,4,11,9,東京,T,2500,良,7,10,アルゼンＨG2,34.7,先行,9,9,7,札幌,T,2600,稍,5,4,丹頂ＳＨ,35.7,中団,6
7,,11,,,,,ブレイヴロッカー,,セ,6,6,7,26,札幌,T,2600,良,止,9,札幌日経(L),----,,17,3,28,中山,T,2500,良,12,13,日経賞G2,37.9,中団,5,2,21,東京,T,3400,良,3,11,ダイヤモＨG3,34.9,差し,7,1,5,京都,T,3000,良,3,2,万葉ＳＨ,34.6,先行,4,12,6,中山,T,3600,良,4,9,ステイヤG2,34.2,先行,3
7,,12,,,,,ゴールデンスナップ,,牝,6,17,5,10,東京,T,2400,良,6,5,メトロポ(L),34.7,先行,26,11,8,豪州,T,2600,不,3,--,ＱＥＶG3,----,不明,3,10,18,豪州,T,2400,稍,14,--,コーフG1,----,不明,6,9,7,札幌,T,2600,稍,2,1,丹頂ＳＨ,35.4,先行,24,3,23,阪神,T,3000,良,6,6,阪神大賞G2,36.3,中団,11
8,,13,,,,,ホールネス,,牝,6,6,7,26,札幌,T,2600,良,2,8,札幌日経(L),34.9,追込,5,6,21,東京,T,1800,稍,6,12,府中牝馬ＨG3,35.1,中団,5,5,16,新潟,T,2000,良,8,10,新潟大賞ＨG3,34.0,中団,7,3,28,中山,T,2500,良,9,14,日経賞G2,36.8,中団,62,1,19,中京,T,2200,良,14,5,日経新春ＨG2,38.4,中団,10
8,,14,,,,,ギャンブルルーム,,牡,5,6,7,26,札幌,T,2600,良,3,7,札幌日経(L),35.2,先行,8,5,31,東京,T,2500,良,14,8,目黒記念ＨG2,34.5,中団,9,3,29,阪神,T,2400,良,1,6,御堂筋Ｓ･3勝,33.9,差し,18,11,22,京都,T,2400,良,10,3,比叡Ｓ･3勝,35.0,中団,3,11,2,京都,T,3000,良,3,5,古都ＳＨ･3勝,34.8,先行,20
レースID(新),日付S,曜日,場所,開催,R,レース名,クラス名,芝・ダート,距離,コース区分,コーナー回数,馬場状態(暫定),天候(暫定),フルゲート頭数,発走時刻,性別限定,重量種別,年齢限定
2026090601020612,2026.9.6,日,札幌,2札6,12,,1勝,ダート,1700,,4,稍(暫定),晴(暫定),14,16:05,,定量,３上
枠番,B,番,印,M2,M3,M4,馬名S,Ｃ,性別,年齢,間隔,月,日,場所,TD,距離,馬場状態,着順,人気,ﾚｰｽ名･1走前,上り3F,決手,前走間隔,月,日,場所,TD,距離,馬場状態,着順,人気,ﾚｰｽ名･2走前,上り3F,決手,前走間隔,月,日,場所,TD,距離,馬場状態,着順,人気,ﾚｰｽ名･3走前,上り3F,決手,前走間隔,月,日,場所,TD,距離,馬場状態,着順,人気,ﾚｰｽ名･4走前,上り3F,決手,前走間隔,月,日,場所,TD,距離,馬場状態,着順,人気,ﾚｰｽ名･5走前,上り3F,決手,前走間隔
1,,1,,,,,エチゴドラゴン,,牡,3,2,8,23,札幌,T,2000,良,7,1,ルスツ特･1勝,35.7,先行,14,5,16,京都,T,2000,良,5,3,あずさ賞･1勝,34.8,先行,4,4,18,阪神,T,2000,良,3,2,１勝ｸﾗｽ*,34.8,逃げ,4,3,21,阪神,T,2000,良,5,8,若葉Ｓ(L),34.4,後方,26,9,20,阪神,T,2000,良,1,1,未勝利*,36.3,逃げ,3
2,,2,,,,,チェイサー,,牡,3,連,8,30,札幌,D,1700,稍,5,2,１勝ｸﾗｽ,37.8,逃げ,6,7,19,福島,D,1700,良,1,1,未勝利,37.9,逃げ,3,6,28,福島,D,1700,良,2,5,未勝利,37.1,先行,7,5,9,新潟,T,2000,良,12,11,未勝利,37.0,先行,3,4,18,福島,D,1700,良,5,11,未勝利,38.3,先行,8
3,,3,,,,,ロードスカイブルー,,牡,4,2,8,22,札幌,D,1700,良,6,8,ニセコ特･1勝,38.3,中団,3,8,1,札幌,D,1700,稍,6,10,１勝ｸﾗｽ,38.0,先行,13,5,2,新潟,D,1800,重,7,4,１勝ｸﾗｽ,41.4,中団,2,4,18,中山,D,2400,良,13,8,１勝ｸﾗｽ,43.9,中団,14,1,10,中山,D,1800,良,15,3,１勝ｸﾗｽ,41.0,後方,20
4,B,4,,,,,ザハント,,セ,4,3,8,15,札幌,D,1700,良,7,4,１勝ｸﾗｽ,38.8,逃げ,3,7,25,札幌,D,1700,良,2,7,１勝ｸﾗｽ,39.3,先行,47,8,31,札幌,D,1700,稍,10,2,１勝ｸﾗｽ,38.9,後方,4,8,3,札幌,D,1700,良,1,1,未勝利,39.6,逃げ,2,7,19,函館,D,1700,良,5,1,未勝利,39.4,先行,2
5,,5,,,,,グレイスフルマーチ,,牡,4,3,8,16,札幌,D,1700,良,2,3,１勝ｸﾗｽ,36.7,先行,7,6,27,函館,D,1700,重,2,4,１勝ｸﾗｽ,36.9,差し,2,6,14,函館,D,1700,良,2,6,１勝ｸﾗｽ,38.0,差し,9,4,12,福島,D,1700,良,12,6,１勝ｸﾗｽ,39.7,中団,7,2,22,小倉,D,1700,良,12,4,１勝ｸﾗｽ,40.2,中団,2
5,B,6,,,,,ホウオウファラオ,,牡,3,連,8,30,札幌,D,1700,稍,8,4,未勝利,41.0,先行,連,8,23,札幌,D,1700,良,4,6,未勝利,39.2,差し,2,8,9,札幌,D,1700,良,4,2,未勝利,39.8,ﾏｸﾘ,3,7,19,函館,D,1700,不,3,3,未勝利,38.8,先行,3,6,27,函館,D,1700,不,3,5,未勝利,38.4,先行,3
6,B,7,,,,,ファイアリービート,,牡,3,2,8,23,札幌,D,1700,良,1,2,未勝利,38.3,先行,5,7,19,福島,D,1700,良,3,4,未勝利,38.5,先行,4,6,21,東京,D,1600,不,4,4,未勝利,36.0,差し,4,5,24,東京,D,1600,稍,5,5,未勝利,37.7,後方,2,5,9,東京,D,1600,良,8,6,未勝利,37.7,中団,15
6,,8,,,,,アチーヴァー,,牡,3,連,8,29,札幌,D,1700,稍,2,1,１勝ｸﾗｽ,37.4,先行,8,7,4,函館,D,1700,良,2,4,１勝ｸﾗｽ,36.7,先行,3,6,14,函館,D,1700,良,6,3,１勝ｸﾗｽ,38.6,後方,9,4,11,中山,D,1800,重,1,2,未勝利,38.9,先行,9,2,7,京都,D,1800,良,7,4,新馬,39.0,中団,初
7,B,9,,,,,クルビデンス,,牡,3,3,8,15,札幌,D,1700,良,1,1,未勝利,38.7,先行,3,7,26,札幌,D,1700,良,2,8,未勝利,37.5,先行,6,6,13,函館,D,1000,稍,6,12,未勝利,35.4,中団,7,4,25,福島,D,1150,良,8,8,未勝利,37.7,中団,6,3,14,中京,D,1200,良,6,10,未勝利,38.4,先行,11
7,,10,,,,,ココデイック,,牡,4,2,8,22,札幌,D,1700,良,7,6,ニセコ特･1勝,40.3,中団,3,8,2,札幌,D,1700,良,7,8,１勝ｸﾗｽ,37.7,中団,11,5,17,新潟,D,1800,良,3,1,１勝ｸﾗｽ,38.7,逃げ,3,4,25,福島,D,1700,良,3,3,１勝ｸﾗｽ,38.2,先行,4,3,28,中京,D,1900,稍,4,5,ロイヤル･1勝,38.4,先行,2
8,B,11,,,,,ホウオウバローロ,,牡,5,連,8,30,札幌,D,1700,稍,3,8,１勝ｸﾗｽ,36.2,先行,3,8,9,札幌,D,1700,良,6,9,１勝ｸﾗｽ,39.4,先行,3,7,18,函館,D,1700,良,8,5,１勝ｸﾗｽ,39.8,先行,4,6,21,函館,D,1700,良,4,6,１勝ｸﾗｽ,37.1,先行,連,6,13,函館,D,1700,稍,8,5,１勝ｸﾗｽ,40.3,先行,7
8,,12,,,,,カップッチョ,,牡,9,連,8,30,札幌,D,1000,稍,9,12,１勝ｸﾗｽ,35.8,中団,連,8,22,札幌,D,1000,良,12,11,１勝ｸﾗｽ,36.6,後方,2,8,8,札幌,D,1000,稍,7,11,１勝ｸﾗｽ,36.8,後方,5,7,5,函館,D,1000,良,7,8,１勝ｸﾗｽ,35.9,後方,2,6,20,函館,D,1000,良,10,12,１勝ｸﾗｽ,36.3,後方,18
レースID(新),日付S,曜日,場所,開催,R,レース名,クラス名,芝・ダート,距離,コース区分,コーナー回数,馬場状態(暫定),天候(暫定),フルゲート頭数,発走時刻,性別限定,重量種別,年齢限定
2026090606040202,2026.9.6,日,中山,4中2,2,,未勝利,芝,1200,B,2,良(暫定),曇(暫定),16,10:40,,馬齢,２歳
枠番,B,番,印,M2,M3,M4,馬名S,Ｃ,性別,年齢,間隔,月,日,場所,TD,距離,馬場状態,着順,人気,ﾚｰｽ名･1走前,上り3F,決手,前走間隔,月,日,場所,TD,距離,馬場状態,着順,人気,ﾚｰｽ名･2走前,上り3F,決手,前走間隔,月,日,場所,TD,距離,馬場状態,着順,人気,ﾚｰｽ名･3走前,上り3F,決手,前走間隔,月,日,場所,TD,距離,馬場状態,着順,人気,ﾚｰｽ名･4走前,上り3F,決手,前走間隔,月,日,場所,TD,距離,馬場状態,着順,人気,ﾚｰｽ名･5走前,上り3F,決手,前走間隔
1,,1,,,,,アルデラッシュ,,牝,2,3,8,15,新潟,T,1400,良,3,8,新馬・牝,35.5,逃げ,初,,,,,,,,,,,,,,,,,,,,,,,,,,,,,,,,,,,,,,,,,,,,,,,,
2,,2,,,,,ヒーローシー,,牝,2,2,8,23,新潟,T,1600,良,12,12,新馬・牝,35.4,後方,初,,,,,,,,,,,,,,,,,,,,,,,,,,,,,,,,,,,,,,,,,,,,,,,,
3,B,3,,,,,ノワールブレイブ,,牝,2,5,8,1,新潟,T,1400,良,18,16,新馬,36.3,後方,初,,,,,,,,,,,,,,,,,,,,,,,,,,,,,,,,,,,,,,,,,,,,,,,,
3,,4,,,,,スリーフラワー,,牝,2,8,7,11,福島,T,1200,良,10,3,新馬,35.4,後方,初,,,,,,,,,,,,,,,,,,,,,,,,,,,,,,,,,,,,,,,,,,,,,,,,
4,,5,,,,,モチロンコクラ,,牝,2,連,8,29,新潟,T,1400,良,17,17,新馬,36.7,後方,初,,,,,,,,,,,,,,,,,,,,,,,,,,,,,,,,,,,,,,,,,,,,,,,,
4,,6,,,,,ノーブルミント,,牝,2,3,8,16,新潟,T,1600,良,11,12,新馬,35.7,中団,初,,,,,,,,,,,,,,,,,,,,,,,,,,,,,,,,,,,,,,,,,,,,,,,,
5,,7,,,,,ソナタテソーロ,,牝,2,12,6,14,東京,T,1600,良,8,8,新馬,35.9,先行,初,,,,,,,,,,,,,,,,,,,,,,,,,,,,,,,,,,,,,,,,,,,,,,,,
5,,8,,,,,セイウンリリーナ,,牝,2,7,7,19,福島,T,1200,良,7,7,新馬,35.6,後方,初,,,,,,,,,,,,,,,,,,,,,,,,,,,,,,,,,,,,,,,,,,,,,,,,
6,,9,,,,,フォーエバーブルー,,牝,2,5,8,1,新潟,T,1000,良,2,5,未勝利*,33.3,追込,7,6,13,東京,T,1400,良,7,8,新馬,35.1,先行,初,,,,,,,,,,,,,,,,,,,,,,,,,,,,,,,,,,,,
6,,10,,,,,ワイズジュエル,,牝,2,4,8,9,新潟,T,1200,良,5,3,新馬,34.7,中団,初,,,,,,,,,,,,,,,,,,,,,,,,,,,,,,,,,,,,,,,,,,,,,,,,
7,,11,,,,,クールボビー,,牡,2,2,8,23,新潟,T,1400,良,8,2,未勝利*,36.1,先行,2,8,8,新潟,T,1400,良,5,9,未勝利*,34.7,後方,3,7,19,福島,T,1200,良,8,8,新馬,36.3,先行,初,,,,,,,,,,,,,,,,,,,,,,,,
7,,12,,,,,スペシャルサンクス,,牝,2,5,8,1,新潟,T,1000,良,7,3,未勝利*,34.0,中団,5,6,28,福島,T,1200,良,3,9,新馬・牝,35.8,逃げ,初,,,,,,,,,,,,,,,,,,,,,,,,,,,,,,,,,,,,
8,,13,,,,,スノーキャップ,,牡,2,2,8,23,新潟,T,1400,良,11,12,未勝利*,35.9,後方,10,6,13,東京,T,1400,良,9,9,新馬,36.0,後方,初,,,,,,,,,,,,,,,,,,,,,,,,,,,,,,,,,,,,
8,,14,,,,,イヴナンバーフォー,,牝,2,9,7,5,福島,T,1200,良,7,3,新馬,36.4,中団,初,,,,,,,,,,,,,,,,,,,,,,,,,,,,,,,,,,,,,,,,,,,,,,,,
レースID(新),日付S,曜日,場所,開催,R,レース名,クラス名,芝・ダート,距離,コース区分,コーナー回数,馬場状態(暫定),天候(暫定),フルゲート頭数,発走時刻,性別限定,重量種別,年齢限定
2026090606040203,2026.9.6,日,中山,4中2,3,,未勝利,ダート,1800,,4,重(暫定),曇(暫定),16,11:10,,馬齢,３歳
枠番,B,番,印,M2,M3,M4,馬名S,Ｃ,性別,年齢,間隔,月,日,場所,TD,距離,馬場状態,着順,人気,ﾚｰｽ名･1走前,上り3F,決手,前走間隔,月,日,場所,TD,距離,馬場状態,着順,人気,ﾚｰｽ名･2走前,上り3F,決手,前走間隔,月,日,場所,TD,距離,馬場状態,着順,人気,ﾚｰｽ名･3走前,上り3F,決手,前走間隔,月,日,場所,TD,距離,馬場状態,着順,人気,ﾚｰｽ名･4走前,上り3F,決手,前走間隔,月,日,場所,TD,距離,馬場状態,着順,人気,ﾚｰｽ名･5走前,上り3F,決手,前走間隔
1,,1,,,,,セレスティアハート,,牝,3,2,8,22,新潟,T,2000,良,11,10,未勝利,37.4,中団,連,8,15,新潟,T,2000,良,9,17,未勝利,35.7,中団,2,8,2,新潟,T,1400,良,17,15,未勝利,34.6,後方,初,,,,,,,,,,,,,,,,,,,,,,,,
2,,2,,,,,マイネルトレマーズ,,牡,3,4,8,9,札幌,D,1700,良,7,5,未勝利,40.4,中団,20,3,22,中山,T,1600,良,11,4,未勝利,36.8,逃げ,4,2,21,東京,D,1600,良,4,2,未勝利,38.8,先行,10,12,14,中京,D,1400,稍,10,3,未勝利*,39.6,後方,4,11,15,東京,D,1600,良,3,1,未勝利*,38.4,先行,3
2,B,3,,,,,ピクシーゲイル,,牡,3,連,8,29,新潟,T,2200,稍,8,17,未勝利,36.3,中団,連,8,23,新潟,D,1200,良,10,14,未勝利,37.8,後方,9,6,20,東京,D,1600,不,15,16,未勝利,38.7,後方,2,6,7,東京,D,1600,良,16,15,未勝利,38.6,後方,9,4,5,中山,D,1800,不,14,14,未勝利,41.8,後方,2
3,B,4,,,,,トルネードアイル,,牡,3,2,8,23,新潟,D,1800,良,2,2,未勝利,38.1,先行,9,6,20,東京,D,1600,不,6,1,未勝利,38.1,先行,4,5,24,東京,D,1600,稍,2,1,未勝利,37.3,差し,2,5,9,東京,D,1600,良,3,1,未勝利,36.5,差し,8,3,15,中山,D,1800,良,2,1,未勝利,39.3,先行,4
3,B,5,,,,,ソナタムーンライト,,牡,3,連,8,30,新潟,D,1800,稍,11,13,未勝利,41.4,後方,11,6,14,東京,D,2100,稍,9,11,未勝利,40.9,先行,2,5,30,東京,T,2400,良,12,14,未勝利,35.4,後方,連,5,23,東京,T,2000,良,13,13,未勝利,34.0,後方,初,,,,,,,,,,,,
4,B,6,,,,,ペタルズダンス,,牝,3,7,7,19,福島,D,1700,良,7,5,未勝利・牝,39.9,中団,19,3,8,中山,D,1800,稍,5,9,未勝利・牝,41.2,中団,16,11,16,東京,D,1600,良,11,4,新馬,37.7,後方,初,,,,,,,,,,,,,,,,,,,,,,,,
4,B,7,,,,,ラブトゥエニイワン,,牡,3,12,6,14,東京,D,2100,稍,6,8,未勝利,39.2,中団,13,3,15,中山,T,2000,良,13,11,未勝利,35.7,後方,3,2,21,東京,T,2400,良,11,9,未勝利,35.1,後方,16,11,2,東京,T,2000,良,8,2,新馬,34.3,後方,初,,,,,,,,,,,,
5,,8,,,,,ペルシアーノ,,牝,3,5,8,2,新潟,T,1400,良,14,5,未勝利,36.5,先行,10,5,24,東京,T,1600,良,14,9,未勝利・牝,36.5,先行,2,5,10,東京,T,1600,良,5,16,未勝利,34.7,先行,4,4,11,中山,T,2000,良,15,13,未勝利・牝,37.4,先行,8,2,14,東京,T,1400,良,9,8,未勝利,33.9,後方,3
5,,9,,,,,ユイノサダハル,,牡,3,4,8,8,新潟,D,1800,良,4,3,未勝利,40.1,差し,3,7,19,福島,D,1700,良,2,6,未勝利,38.1,差し,4,6,21,東京,D,2100,不,9,6,未勝利,37.7,中団,4,5,23,東京,D,2100,重,7,3,未勝利,39.2,先行,2,5,9,東京,D,2100,良,2,4,未勝利,38.3,先行,3
6,,10,,,,,コーリンクレア,,牝,3,5,8,1,札幌,D,1700,稍,10,6,未勝利,39.8,中団,3,7,12,函館,D,1700,不,7,3,未勝利,38.4,中団,2,6,27,函館,D,1700,重,7,8,未勝利・牝,37.0,後方,3,6,6,東京,D,1600,稍,4,7,未勝利・牝,38.5,先行,3,5,17,東京,D,1600,良,10,1,未勝利・牝,39.9,中団,2
6,,11,,,,,ルシアージュ,,牝,3,2,8,22,新潟,D,1800,良,5,7,未勝利・牝,37.7,中団,2,8,9,新潟,T,1600,良,8,5,未勝利・牝,33.3,中団,2,7,26,新潟,T,1600,稍,3,5,未勝利,34.5,差し,8,5,31,東京,T,1600,良,5,6,未勝利,34.0,中団,2,5,17,東京,T,1800,良,6,5,未勝利,33.9,中団,5
7,,12,,,,,ホウオウロレンシア,,牝,3,3,8,16,札幌,D,1700,良,7,4,未勝利,39.3,先行,2,8,2,札幌,D,1700,良,4,3,未勝利,38.9,先行,3,7,12,函館,D,1700,不,12,2,未勝利,40.5,中団,3,6,20,東京,D,1600,不,6,2,未勝利・牝,37.2,中団,連,6,13,東京,D,1600,重,2,1,未勝利・牝,36.9,先行,3
7,,13,,,,,アルティソナンテ,,牝,3,7,7,19,福島,D,1700,良,5,7,未勝利・牝,39.0,中団,5,6,13,東京,D,1600,重,6,10,未勝利・牝,38.0,中団,8,4,19,福島,D,1700,良,7,11,未勝利・牝,39.6,後方,17,12,20,中山,D,1800,良,12,9,未勝利・牝*,41.6,中団,8,10,26,新潟,D,1800,良,2,6,未勝利・牝*,39.4,差し,8
8,,14,,,,,オートカリテ,,牝,3,4,8,9,札幌,T,2000,良,14,7,未勝利,37.3,中団,3,7,18,福島,D,1700,良,8,5,未勝利,39.1,先行,3,6,27,福島,T,2000,良,11,3,未勝利,37.4,先行,8,5,3,新潟,T,2000,稍,2,1,未勝利・牝,36.3,先行,3,4,11,福島,T,2000,良,4,9,未勝利,35.7,先行,16
8,,15,,,,,イサチルクイーン,,牝,3,3,8,16,新潟,D,1800,良,4,5,未勝利・牝,39.3,先行,30,1,18,中山,D,1800,良,5,1,未勝利・牝,42.4,中団,2,1,5,中山,D,1800,稍,2,2,未勝利・牝,41.2,逃げ,4,12,6,中山,D,1800,良,3,7,未勝利・牝*,39.9,差し,10,9,27,中山,D,1800,良,6,13,新馬,39.1,中団,初
レースID(新),日付S,曜日,場所,開催,R,レース名,クラス名,芝・ダート,距離,コース区分,コーナー回数,馬場状態(暫定),天候(暫定),フルゲート頭数,発走時刻,性別限定,重量種別,年齢限定
2026090606040204,2026.9.6,日,中山,4中2,4,,未勝利,ダート,1200,,2,重(暫定),曇(暫定),16,11:40,,馬齢,３歳
枠番,B,番,印,M2,M3,M4,馬名S,Ｃ,性別,年齢,間隔,月,日,場所,TD,距離,馬場状態,着順,人気,ﾚｰｽ名･1走前,上り3F,決手,前走間隔,月,日,場所,TD,距離,馬場状態,着順,人気,ﾚｰｽ名･2走前,上り3F,決手,前走間隔,月,日,場所,TD,距離,馬場状態,着順,人気,ﾚｰｽ名･3走前,上り3F,決手,前走間隔,月,日,場所,TD,距離,馬場状態,着順,人気,ﾚｰｽ名･4走前,上り3F,決手,前走間隔,月,日,場所,TD,距離,馬場状態,着順,人気,ﾚｰｽ名･5走前,上り3F,決手,前走間隔
1,B,1,,,,,セイウンヤオヨロズ,,牡,3,2,8,22,新潟,D,1200,良,5,3,未勝利,38.6,逃げ,2,8,8,新潟,D,1200,良,外,--,未勝利,----,,2,7,25,新潟,D,1200,稍,4,5,未勝利,39.2,先行,3,7,5,福島,D,1150,良,5,4,未勝利,37.4,先行,8,5,10,新潟,D,1200,良,9,3,未勝利,38.7,先行,2
1,,2,,,,,アクロスメモリア,,牝,3,9,7,5,函館,D,1000,良,10,5,未勝利,35.4,後方,7,5,16,東京,D,1400,良,13,5,未勝利・牝,39.2,先行,10,3,7,中山,D,1200,重,12,3,未勝利,39.4,中団,9,1,4,中山,D,1200,稍,3,4,未勝利・牝,39.2,先行,3,12,13,中山,D,1200,良,5,2,未勝利・牝*,39.4,中団,6
2,,3,,,,,メビウスロマンス,,牝,3,2,8,23,新潟,D,1200,良,2,4,未勝利,37.1,先行,10,6,13,東京,D,1400,重,2,2,未勝利,37.5,先行,14,3,7,中山,D,1200,重,5,2,未勝利・牝,38.3,先行,2,2,21,東京,D,1400,良,2,1,未勝利・牝,37.6,先行,3,1,31,東京,D,1400,良,4,1,未勝利・牝,38.2,先行,13
2,B,4,,,,,フォルナカリア,,牡,3,6,7,29,川崎,D,1500,良,2,1,ルビー,----,逃げ,6,6,13,東京,D,1400,重,6,6,未勝利,37.6,先行,8,4,21,浦和,D,1400,良,2,1,ツイン,----,先行,11,1,31,東京,D,1600,良,5,4,未勝利,38.0,先行,19,9,20,中山,T,1600,良,7,2,新馬,34.4,先行,初
3,B,5,,,,,ハングローズ,,牝,3,4,8,9,新潟,D,1200,良,4,1,未勝利・牝,38.6,先行,3,7,18,福島,D,1150,良,3,1,未勝利,36.6,差し,4,6,20,東京,D,1400,不,3,1,未勝利・牝,36.9,先行,4,5,24,東京,D,1400,稍,2,5,未勝利・牝,37.8,差し,12,2,28,中山,D,1200,重,7,1,未勝利・牝,38.1,先行,3
3,B,6,,,,,グラスアロー,,牡,3,8,7,12,福島,D,1150,稍,11,16,未勝利,37.9,中団,8,5,17,東京,D,1400,良,8,14,未勝利,37.6,後方,9,3,15,中山,D,1800,良,15,14,未勝利,44.2,中団,6,2,1,東京,D,1400,良,12,15,未勝利,38.8,後方,28,7,19,福島,T,1800,良,15,11,新馬,39.9,中団,初
4,,7,,,,,クラージュスター,,牡,3,15,5,23,東京,D,1400,重,8,14,未勝利,37.9,後方,3,5,3,東京,D,1600,稍,8,10,未勝利,39.4,逃げ,11,2,14,京都,D,1200,稍,9,10,未勝利,38.0,中団,3,1,24,中山,D,1800,良,9,8,未勝利,42.0,中団,12,11,1,東京,T,1600,稍,9,10,新馬,34.2,中団,初
4,,8,,,,,トゥモローズウェイ,,牝,3,7,7,22,大井,D,1200,良,9,5,フォー,----,中団,初,7,16,浦和,D,1400,良,4,5,ツイン,----,逃げ,7,5,30,東京,D,1400,良,12,9,未勝利,38.2,中団,3,5,12,川崎,D,1400,良,4,5,メイフ,----,先行,5,4,5,中山,D,1200,不,7,8,未勝利,37.2,中団,7
5,,9,,,,,テリオスレイ,,牝,3,2,8,22,新潟,D,1200,良,3,2,未勝利,37.3,先行,2,8,9,新潟,D,1200,良,5,5,未勝利・牝,38.8,先行,53,8,3,新潟,T,1600,良,6,5,新馬,34.6,先行,初,,,,,,,,,,,,,,,,,,,,,,,,
5,,10,,,,,リゼクールグレー,,牡,3,10,6,27,福島,D,1700,稍,14,10,未勝利,41.3,後方,12,4,5,中山,D,1200,不,13,7,未勝利,37.4,後方,3,3,15,中山,D,1200,良,6,12,未勝利,37.7,後方,12,12,21,中山,D,1200,重,10,8,新馬,37.9,後方,初,,,,,,,,,,,,
6,,11,,,,,サリーアン,,牡,3,4,8,8,新潟,D,1200,良,3,8,未勝利,37.4,差し,11,5,23,新潟,D,1200,稍,6,6,未勝利,37.9,中団,2,5,9,東京,D,1300,良,4,6,未勝利,38.4,差し,2,4,25,東京,D,1400,稍,6,8,未勝利,37.7,先行,7,3,8,中山,D,1200,稍,6,7,未勝利,38.1,中団,4
6,B,12,,,,,ハンナパール,,牝,3,3,8,15,新潟,D,1200,良,2,5,未勝利,36.8,差し,3,7,26,新潟,D,1200,重,2,4,未勝利,37.2,差し,9,5,24,東京,D,1400,稍,6,4,未勝利・牝,36.9,後方,4,4,26,東京,D,1400,稍,2,5,未勝利・牝,36.3,追込,3,4,5,中山,D,1200,不,4,11,未勝利,37.2,差し,2
7,B,13,,,,,ライヴマルガリータ,,牝,3,9,7,4,函館,D,1700,良,9,13,未勝利,39.3,中団,2,6,21,函館,D,1700,良,8,12,未勝利,40.6,後方,連,6,14,函館,D,1700,良,8,9,未勝利,39.5,中団,6,5,3,東京,D,1600,稍,11,11,未勝利・牝,39.3,先行,3,4,11,中山,D,1800,重,4,5,未勝利・牝,40.1,差し,3
7,,14,,,,,スマートレイナ,,牝,3,3,8,15,新潟,D,1200,良,4,4,未勝利,38.0,先行,32,1,5,京都,D,1200,良,5,3,新馬,36.2,後方,初,,,,,,,,,,,,,,,,,,,,,,,,,,,,,,,,,,,,
8,,15,,,,,ロジザボード,,牝,3,4,8,9,新潟,D,1200,良,3,6,未勝利・牝,38.4,差し,2,7,25,新潟,D,1200,稍,5,6,未勝利,38.3,中団,12,5,2,東京,D,1400,重,8,6,未勝利・牝,38.9,中団,3,4,12,中山,D,1200,稍,4,7,未勝利,38.0,差し,5,3,7,中山,D,1200,重,8,10,未勝利・牝,37.7,後方,初
8,B,16,,,,,ニシノトマラナイ,,セ,3,8,7,12,福島,D,1700,稍,14,8,未勝利,43.4,中団,13,4,12,中山,D,1800,稍,13,10,未勝利,41.1,後方,2,3,28,中山,D,1200,重,9,6,未勝利,38.3,中団,6,2,15,東京,D,1300,良,7,8,未勝利,37.8,中団,11,11,30,東京,D,1400,良,8,7,未勝利*,38.5,中団,2
レースID(新),日付S,曜日,場所,開催,R,レース名,クラス名,芝・ダート,距離,コース区分,コーナー回数,馬場状態(暫定),天候(暫定),フルゲート頭数,発走時刻,性別限定,重量種別,年齢限定
2026090606040205,2026.9.6,日,中山,4中2,5,,新馬,芝,1600,B,3,良(暫定),曇(暫定),16,12:30,,馬齢,２歳
枠番,B,番,印,M2,M3,M4,馬名S,Ｃ,性別,年齢,間隔,月,日,場所,TD,距離,馬場状態,着順,人気,ﾚｰｽ名･1走前,上り3F,決手,前走間隔,月,日,場所,TD,距離,馬場状態,着順,人気,ﾚｰｽ名･2走前,上り3F,決手,前走間隔,月,日,場所,TD,距離,馬場状態,着順,人気,ﾚｰｽ名･3走前,上り3F,決手,前走間隔,月,日,場所,TD,距離,馬場状態,着順,人気,ﾚｰｽ名･4走前,上り3F,決手,前走間隔,月,日,場所,TD,距離,馬場状態,着順,人気,ﾚｰｽ名･5走前,上り3F,決手,前走間隔
1,,1,,,,,ハンサム,,牡,2,初,,,,,,,,,,,,,,,,,,,,,,,,,,,,,,,,,,,,,,,,,,,,,,,,,,,,,,,,,,,,
2,,2,,,,,ピクシーブラスト,,牝,2,初,,,,,,,,,,,,,,,,,,,,,,,,,,,,,,,,,,,,,,,,,,,,,,,,,,,,,,,,,,,,
2,,3,,,,,ムービーマジック,,牡,2,初,,,,,,,,,,,,,,,,,,,,,,,,,,,,,,,,,,,,,,,,,,,,,,,,,,,,,,,,,,,,
3,,4,,,,,タッカーヴィーチェ,,牝,2,初,,,,,,,,,,,,,,,,,,,,,,,,,,,,,,,,,,,,,,,,,,,,,,,,,,,,,,,,,,,,
3,,5,,,,,アッティーヤ,,牝,2,初,,,,,,,,,,,,,,,,,,,,,,,,,,,,,,,,,,,,,,,,,,,,,,,,,,,,,,,,,,,,
4,,6,,,,,ビシット,,牝,2,初,,,,,,,,,,,,,,,,,,,,,,,,,,,,,,,,,,,,,,,,,,,,,,,,,,,,,,,,,,,,
4,,7,,,,,オシゴリ,,牝,2,初,,,,,,,,,,,,,,,,,,,,,,,,,,,,,,,,,,,,,,,,,,,,,,,,,,,,,,,,,,,,
5,,8,,,,,イズミル,,牡,2,初,,,,,,,,,,,,,,,,,,,,,,,,,,,,,,,,,,,,,,,,,,,,,,,,,,,,,,,,,,,,
5,,9,,,,,ゴールデンパルス,,牡,2,初,,,,,,,,,,,,,,,,,,,,,,,,,,,,,,,,,,,,,,,,,,,,,,,,,,,,,,,,,,,,
6,,10,,,,,ローザヴェローナ,,牝,2,初,,,,,,,,,,,,,,,,,,,,,,,,,,,,,,,,,,,,,,,,,,,,,,,,,,,,,,,,,,,,
6,,11,,,,,レイナクリューソス,,牝,2,初,,,,,,,,,,,,,,,,,,,,,,,,,,,,,,,,,,,,,,,,,,,,,,,,,,,,,,,,,,,,
7,,12,,,,,ハナビ,,牝,2,初,,,,,,,,,,,,,,,,,,,,,,,,,,,,,,,,,,,,,,,,,,,,,,,,,,,,,,,,,,,,
7,,13,,,,,ロイヤルガンモ,,牝,2,初,,,,,,,,,,,,,,,,,,,,,,,,,,,,,,,,,,,,,,,,,,,,,,,,,,,,,,,,,,,,
8,,14,,,,,アイムオンアロール,,牡,2,初,,,,,,,,,,,,,,,,,,,,,,,,,,,,,,,,,,,,,,,,,,,,,,,,,,,,,,,,,,,,
8,,15,,,,,マホロ,,牝,2,初,,,,,,,,,,,,,,,,,,,,,,,,,,,,,,,,,,,,,,,,,,,,,,,,,,,,,,,,,,,,
レースID(新),日付S,曜日,場所,開催,R,レース名,クラス名,芝・ダート,距離,コース区分,コーナー回数,馬場状態(暫定),天候(暫定),フルゲート頭数,発走時刻,性別限定,重量種別,年齢限定
2026090606040206,2026.9.6,日,中山,4中2,6,,新馬,ダート,1800,,4,重(暫定),曇(暫定),16,13:00,,馬齢,２歳
枠番,B,番,印,M2,M3,M4,馬名S,Ｃ,性別,年齢,間隔,月,日,場所,TD,距離,馬場状態,着順,人気,ﾚｰｽ名･1走前,上り3F,決手,前走間隔,月,日,場所,TD,距離,馬場状態,着順,人気,ﾚｰｽ名･2走前,上り3F,決手,前走間隔,月,日,場所,TD,距離,馬場状態,着順,人気,ﾚｰｽ名･3走前,上り3F,決手,前走間隔,月,日,場所,TD,距離,馬場状態,着順,人気,ﾚｰｽ名･4走前,上り3F,決手,前走間隔,月,日,場所,TD,距離,馬場状態,着順,人気,ﾚｰｽ名･5走前,上り3F,決手,前走間隔
1,,1,,,,,タイセイウィザード,,牡,2,初,,,,,,,,,,,,,,,,,,,,,,,,,,,,,,,,,,,,,,,,,,,,,,,,,,,,,,,,,,,,
2,,2,,,,,イールーファー,,牡,2,初,,,,,,,,,,,,,,,,,,,,,,,,,,,,,,,,,,,,,,,,,,,,,,,,,,,,,,,,,,,,
3,,3,,,,,プリンシパルギフト,,牡,2,初,,,,,,,,,,,,,,,,,,,,,,,,,,,,,,,,,,,,,,,,,,,,,,,,,,,,,,,,,,,,
4,,4,,,,,ハーモニープルーフ,,牝,2,初,,,,,,,,,,,,,,,,,,,,,,,,,,,,,,,,,,,,,,,,,,,,,,,,,,,,,,,,,,,,
5,,5,,,,,メイプルカモーン,,牡,2,初,,,,,,,,,,,,,,,,,,,,,,,,,,,,,,,,,,,,,,,,,,,,,,,,,,,,,,,,,,,,
5,,6,,,,,ニシノハクシャ,,牡,2,初,,,,,,,,,,,,,,,,,,,,,,,,,,,,,,,,,,,,,,,,,,,,,,,,,,,,,,,,,,,,
6,,7,,,,,ヒゲキリ,,牡,2,初,,,,,,,,,,,,,,,,,,,,,,,,,,,,,,,,,,,,,,,,,,,,,,,,,,,,,,,,,,,,
6,,8,,,,,エンジャムメント,,牝,2,初,,,,,,,,,,,,,,,,,,,,,,,,,,,,,,,,,,,,,,,,,,,,,,,,,,,,,,,,,,,,
7,,9,,,,,サードアイ,,牡,2,初,,,,,,,,,,,,,,,,,,,,,,,,,,,,,,,,,,,,,,,,,,,,,,,,,,,,,,,,,,,,
7,,10,,,,,サイモントレノ,,牡,2,初,,,,,,,,,,,,,,,,,,,,,,,,,,,,,,,,,,,,,,,,,,,,,,,,,,,,,,,,,,,,
8,,11,,,,,ドーンオブホープ,,牡,2,初,,,,,,,,,,,,,,,,,,,,,,,,,,,,,,,,,,,,,,,,,,,,,,,,,,,,,,,,,,,,
8,,12,,,,,ファブリック,,牡,2,初,,,,,,,,,,,,,,,,,,,,,,,,,,,,,,,,,,,,,,,,,,,,,,,,,,,,,,,,,,,,
レースID(新),日付S,曜日,場所,開催,R,レース名,クラス名,芝・ダート,距離,コース区分,コーナー回数,馬場状態(暫定),天候(暫定),フルゲート頭数,発走時刻,性別限定,重量種別,年齢限定
2026090606040207,2026.9.6,日,中山,4中2,7,,未勝利,芝,2000,B,4,良(暫定),曇(暫定),18,13:30,,馬齢,３歳
枠番,B,番,印,M2,M3,M4,馬名S,Ｃ,性別,年齢,間隔,月,日,場所,TD,距離,馬場状態,着順,人気,ﾚｰｽ名･1走前,上り3F,決手,前走間隔,月,日,場所,TD,距離,馬場状態,着順,人気,ﾚｰｽ名･2走前,上り3F,決手,前走間隔,月,日,場所,TD,距離,馬場状態,着順,人気,ﾚｰｽ名･3走前,上り3F,決手,前走間隔,月,日,場所,TD,距離,馬場状態,着順,人気,ﾚｰｽ名･4走前,上り3F,決手,前走間隔,月,日,場所,TD,距離,馬場状態,着順,人気,ﾚｰｽ名･5走前,上り3F,決手,前走間隔
1,,1,,,,,ウインスターリング,,牡,3,14,5,30,東京,T,2400,良,15,9,未勝利,38.0,逃げ,2,5,17,東京,T,2400,良,8,8,未勝利,35.2,中団,5,4,11,福島,T,2000,良,9,5,未勝利,35.8,後方,24,10,26,東京,T,1800,稍,12,5,新馬,36.2,逃げ,初,,,,,,,,,,,,
1,,2,,,,,セキテイリノ,,牡,3,3,8,15,新潟,T,2000,良,2,2,未勝利,35.3,差し,4,7,18,福島,T,2000,良,4,4,未勝利,36.9,先行,4,6,20,東京,T,1800,稍,7,2,未勝利,36.1,先行,27,12,14,中山,T,2000,稍,6,1,未勝利*,38.1,先行,3,11,24,東京,T,2000,良,2,2,未勝利*,35.1,逃げ,7
2,B,3,,,,,ラクシオンデクラ,,牡,3,4,8,8,新潟,T,2000,良,15,4,未勝利,38.3,後方,3,7,19,福島,T,1800,良,3,11,未勝利,35.7,差し,12,4,25,福島,D,1700,良,10,13,未勝利,39.6,後方,7,3,7,中山,T,2200,稍,13,11,未勝利,36.8,後方,10,12,27,中山,T,2000,良,8,18,未勝利*,36.4,後方,11
2,,4,,,,,ジェイエルグリーン,,牝,3,4,8,8,新潟,T,2000,良,14,6,未勝利,39.3,先行,3,7,19,福島,T,2000,良,6,13,未勝利・牝,36.3,中団,10,5,10,東京,D,1600,良,10,7,未勝利・牝,39.2,先行,連,5,2,東京,D,1400,重,10,7,未勝利・牝,39.5,先行,5,3,28,中山,D,1200,重,8,8,未勝利・牝,37.1,後方,4
3,,5,,,,,カテドラルクォーツ,,牡,3,9,7,4,函館,T,1200,良,11,16,未勝利,34.6,中団,5,5,31,東京,D,1400,良,15,9,未勝利,39.6,後方,4,5,3,東京,T,1600,良,13,15,未勝利,35.0,逃げ,9,2,28,小倉,T,1200,稍,9,10,未勝利,35.5,中団,9,12,27,阪神,T,1600,良,9,12,未勝利*,35.1,後方,6
3,,6,,,,,マイネルオラクル,,牡,3,5,8,2,新潟,T,2200,良,7,8,未勝利,35.8,中団,2,7,18,福島,T,2000,良,6,8,未勝利,36.9,先行,3,6,27,福島,T,2000,良,4,12,未勝利,36.5,先行,20,2,10,東京,T,2400,良,11,11,未勝利,35.8,中団,4,1,11,中山,T,2200,良,14,12,未勝利,36.2,後方,14
4,,7,,,,,ジャストマイウェイ,,牝,3,7,7,19,福島,T,2000,良,13,7,未勝利・牝,38.4,逃げ,7,5,30,東京,T,2000,良,8,7,未勝利,34.6,中団,13,3,1,小倉,T,2000,良,13,4,未勝利・牝,36.6,後方,7,1,12,中山,D,1800,良,13,2,未勝利・牝,42.3,先行,4,12,14,中山,T,2000,稍,4,3,未勝利*,37.9,逃げ,9
4,,8,,,,,ブラッキッシュ,,牡,3,4,8,8,新潟,T,2000,良,2,1,未勝利,35.8,先行,15,4,26,東京,T,1800,良,3,2,未勝利,34.0,差し,19,12,13,中山,T,1800,良,2,1,新馬,34.3,差し,初,,,,,,,,,,,,,,,,,,,,,,,,
5,,9,,,,,クリスタルドレス,,牝,3,2,8,22,新潟,T,2000,良,3,1,未勝利,35.2,差し,3,8,1,新潟,T,2000,良,2,1,未勝利・牝,35.2,差し,2,7,19,福島,T,2000,良,2,4,未勝利・牝,35.3,先行,3,6,27,福島,T,2000,良,2,5,未勝利,36.0,差し,4,5,30,東京,T,2400,良,3,3,未勝利,34.4,差し,2
5,,10,,,,,シホノグラツィア,,牡,3,連,8,29,中京,D,1800,稍,11,3,未勝利,39.2,中団,55,8,10,新潟,T,1800,稍,6,5,新馬,33.5,後方,初,,,,,,,,,,,,,,,,,,,,,,,,,,,,,,,,,,,,
6,,11,,,,,エラガバリウム,,セ,3,3,8,15,新潟,T,2000,良,5,5,未勝利,35.4,中団,3,7,26,新潟,T,2000,不,6,4,未勝利,36.2,中団,8,5,30,東京,T,2000,良,9,8,未勝利,33.5,後方,初,,,,,,,,,,,,,,,,,,,,,,,,
6,,12,,,,,ディエスルージュ,,牝,3,4,8,8,新潟,T,2000,良,3,14,未勝利,35.7,差し,24,2,22,小倉,T,2000,良,13,9,未勝利,40.0,中団,3,1,31,京都,T,2000,良,4,6,新馬,35.4,先行,初,,,,,,,,,,,,,,,,,,,,,,,,
7,,13,,,,,サンクレゾン,,牝,3,17,5,9,東京,T,2400,良,6,3,未勝利,35.3,中団,初,,,,,,,,,,,,,,,,,,,,,,,,,,,,,,,,,,,,,,,,,,,,,,,,
7,,14,,,,,ピグマリオン,,牡,3,連,8,29,新潟,T,2200,稍,14,15,未勝利,36.8,中団,16,5,10,新潟,D,1800,良,13,14,未勝利,42.6,後方,6,3,28,中山,D,1800,重,8,12,未勝利,40.2,中団,2,3,14,中山,D,1200,良,14,9,未勝利,39.0,後方,7,1,24,中山,D,1200,良,7,5,新馬,37.9,後方,初
7,,15,,,,,ワイズファミリア,,牝,3,2,8,23,新潟,T,1800,良,5,3,未勝利・牝,34.0,後方,2,8,9,新潟,T,1600,良,7,4,未勝利・牝,33.1,後方,9,6,7,東京,T,1600,良,6,3,未勝利,34.7,中団,20,1,18,中山,T,1600,良,4,3,未勝利・牝,34.8,追込,4,12,21,中山,T,1600,重,2,3,未勝利*,35.6,差し,4
8,,16,,,,,ブリックアブラック,,牡,3,連,8,29,新潟,T,2200,稍,4,10,未勝利,35.5,差し,3,8,9,札幌,T,2600,良,13,11,未勝利,36.3,後方,4,7,12,函館,T,2600,重,3,14,未勝利,36.0,追込,2,6,28,函館,T,2600,良,13,12,未勝利,36.1,後方,2,6,13,函館,T,2600,稍,8,13,未勝利,35.2,後方,3
8,,17,,,,,ソフィア,,牝,3,2,8,23,新潟,T,1800,良,13,10,未勝利・牝,35.4,中団,13,5,23,新潟,D,1800,稍,14,5,未勝利・若,44.8,中団,3,5,3,新潟,T,2000,稍,8,4,未勝利・牝,36.6,先行,18,12,28,中山,T,2000,良,11,6,新馬,36.4,中団,初,,,,,,,,,,,,
8,,18,,,,,ハルノアメ,,牡,3,2,8,22,新潟,T,2000,良,4,3,未勝利,34.7,追込,6,7,12,函館,T,2600,重,9,3,未勝利,37.7,中団,2,6,28,函館,T,2000,良,5,4,未勝利,35.8,中団,2,6,14,函館,T,2000,良,3,12,未勝利,35.1,差し,7,4,26,東京,T,1800,良,8,13,未勝利,34.1,中団,10
レースID(新),日付S,曜日,場所,開催,R,レース名,クラス名,芝・ダート,距離,コース区分,コーナー回数,馬場状態(暫定),天候(暫定),フルゲート頭数,発走時刻,性別限定,重量種別,年齢限定
2026090606040208,2026.9.6,日,中山,4中2,8,,1勝,ダート,1800,,4,重(暫定),曇(暫定),16,14:00,,定量,３上
枠番,B,番,印,M2,M3,M4,馬名S,Ｃ,性別,年齢,間隔,月,日,場所,TD,距離,馬場状態,着順,人気,ﾚｰｽ名･1走前,上り3F,決手,前走間隔,月,日,場所,TD,距離,馬場状態,着順,人気,ﾚｰｽ名･2走前,上り3F,決手,前走間隔,月,日,場所,TD,距離,馬場状態,着順,人気,ﾚｰｽ名･3走前,上り3F,決手,前走間隔,月,日,場所,TD,距離,馬場状態,着順,人気,ﾚｰｽ名･4走前,上り3F,決手,前走間隔,月,日,場所,TD,距離,馬場状態,着順,人気,ﾚｰｽ名･5走前,上り3F,決手,前走間隔
1,,1,,,,,ジーティーブラック,,牡,3,7,7,19,福島,D,1700,良,2,7,１勝ｸﾗｽ,38.2,差し,12,4,25,東京,D,1600,稍,10,7,１勝ｸﾗｽ*,38.9,先行,8,2,28,中山,T,2200,良,6,6,水仙賞･1勝*,36.3,中団,3,2,10,東京,D,2100,稍,1,1,未勝利,38.8,先行,3,1,17,中山,D,1800,良,5,5,新馬,38.9,中団,初
1,B,2,,,,,ノーウェアマン,,牡,3,7,7,19,福島,D,1700,良,4,9,１勝ｸﾗｽ,40.5,逃げ,13,4,18,福島,T,2000,良,9,9,ひめさゆ･1勝,37.5,逃げ,4,3,22,中山,T,2000,良,6,5,１勝ｸﾗｽ*,36.2,先行,12,12,27,中山,T,2000,良,15,16,ホープフG1,35.7,後方,9,10,25,東京,T,1800,良,1,5,未勝利*,35.0,逃げ,連
2,,3,,,,,アイビーチーキー,,牡,3,15,5,24,新潟,D,1800,稍,1,1,未勝利,40.4,先行,2,5,10,新潟,D,1800,良,2,1,未勝利,38.2,先行,3,4,19,福島,D,1700,良,2,4,未勝利,38.4,先行,8,2,21,東京,D,1600,良,4,6,新馬,37.9,先行,初,,,,,,,,,,,,
2,,4,,,,,モヴレクス,,牡,5,8,7,11,福島,D,1700,良,11,14,１勝ｸﾗｽ,38.3,後方,21,2,15,小倉,D,2400,稍,4,15,１勝ｸﾗｽ,38.5,差し,3,1,24,小倉,D,2400,良,4,7,１勝ｸﾗｽ,38.2,追込,2,1,11,中山,D,1800,良,10,12,１勝ｸﾗｽ,39.8,中団,7,11,23,東京,D,2100,良,9,15,１勝ｸﾗｽ,37.0,後方,4
3,,5,,,,,エコロストーム,,牝,3,9,7,4,福島,D,1700,稍,13,10,１勝ｸﾗｽ,38.5,後方,4,6,7,阪神,D,1800,稍,14,13,１勝ｸﾗｽ・牝,39.6,中団,4,5,10,京都,D,1800,良,6,9,１勝ｸﾗｽ・牝*,38.3,中団,8,3,14,中山,D,1800,良,1,5,未勝利・牝,39.2,差し,2,3,1,中山,D,1800,稍,5,3,未勝利,40.4,先行,5
3,B,6,,,,,タケルムサシ,,牡,3,8,7,11,福島,D,1700,良,10,4,１勝ｸﾗｽ,38.2,後方,7,5,23,東京,D,1600,重,8,6,１勝ｸﾗｽ*,36.4,中団,4,4,25,東京,D,1600,稍,3,10,１勝ｸﾗｽ*,36.6,追込,6,3,15,中山,D,1800,良,1,4,未勝利,38.8,先行,3,2,22,東京,D,2100,良,5,3,未勝利,37.3,中団,2
4,,7,,,,,ストーリーオブラブ,,牝,3,12,6,13,東京,D,1600,重,1,4,未勝利・牝,37.2,逃げ,8,4,19,中山,D,1800,良,6,4,未勝利・牝,38.7,中団,2,4,4,中山,D,1800,稍,4,11,未勝利,38.8,逃げ,2,3,21,中山,D,1800,良,6,12,未勝利,40.0,先行,18,11,16,東京,D,1600,良,13,15,新馬,37.4,後方,初
4,,8,,,,,ガーデンカメリア,,牝,5,13,6,7,阪神,D,1800,稍,8,9,１勝ｸﾗｽ,37.0,後方,2,5,23,京都,D,1800,稍,9,8,１勝ｸﾗｽ,38.0,後方,2,5,9,京都,D,1900,良,2,6,１勝ｸﾗｽ,38.2,差し,2,4,26,京都,D,1800,良,10,10,１勝ｸﾗｽ,38.0,後方,6,3,15,中京,D,1800,良,5,11,１勝ｸﾗｽ,36.8,中団,2
5,,9,,,,,ボニープリンス,,牡,3,8,7,11,福島,T,2000,良,4,2,１勝ｸﾗｽ,35.2,先行,7,5,23,東京,T,2000,良,1,1,未勝利,34.0,先行,24,12,7,中山,T,1800,良,6,1,未勝利*,34.5,中団,8,10,11,東京,T,1600,良,4,1,新馬,33.7,差し,初,,,,,,,,,,,,
5,,10,,,,,ユキノグラス,,牡,3,9,7,4,福島,D,1700,稍,8,8,１勝ｸﾗｽ,38.8,先行,9,5,3,東京,D,1400,稍,11,8,１勝ｸﾗｽ*,37.1,中団,13,1,31,東京,D,1400,良,1,4,新馬,37.4,逃げ,初,,,,,,,,,,,,,,,,,,,,,,,,
6,,11,,,,,シンギュラリティ,,牡,3,13,6,7,東京,D,1600,良,1,6,未勝利,37.5,先行,3,5,17,東京,D,1400,良,9,7,未勝利,37.1,後方,初,,,,,,,,,,,,,,,,,,,,,,,,,,,,,,,,,,,,
6,,12,,,,,ソニックキャット,,牡,3,17,5,9,東京,D,2100,良,1,5,未勝利,38.4,逃げ,17,1,12,中山,D,1800,良,7,9,未勝利,40.9,中団,2,12,28,中山,D,1800,良,4,3,未勝利*,40.7,先行,18,8,23,新潟,T,2000,良,4,2,未勝利*,36.6,先行,4,7,27,新潟,T,1600,良,7,4,新馬,34.3,後方,初
7,,13,,,,,カフェシューター,,牡,3,19,4,25,東京,D,1400,稍,1,3,未勝利,37.1,先行,初,,,,,,,,,,,,,,,,,,,,,,,,,,,,,,,,,,,,,,,,,,,,,,,,
7,,14,,,,,ラヴアンドライク,,牝,4,4,8,8,新潟,D,1800,良,2,4,１勝ｸﾗｽ・牝,39.5,先行,33,12,21,中山,D,1800,重,4,3,１勝ｸﾗｽ,38.2,逃げ,4,11,23,東京,D,1600,良,4,5,１勝ｸﾗｽ・牝,36.8,先行,6,10,11,東京,D,1600,稍,7,2,１勝ｸﾗｽ・牝,39.0,先行,12,7,20,福島,D,1700,良,2,4,１勝ｸﾗｽ,37.4,逃げ,4
8,,15,,,,,メトロポリターナ,,牝,5,6,7,25,新潟,D,1800,稍,8,13,清津峡特･1勝,39.4,中団,5,6,20,東京,D,1600,不,10,12,１勝ｸﾗｽ,36.7,中団,7,5,2,新潟,D,1800,重,5,14,１勝ｸﾗｽ,41.0,中団,2,4,19,福島,D,1700,良,9,11,１勝ｸﾗｽ,39.3,先行,3,3,29,中山,D,1800,稍,10,10,１勝ｸﾗｽ,39.7,後方,2
8,,16,,,,,メディチパワー,,牡,3,5,8,2,新潟,D,1800,良,6,2,１勝ｸﾗｽ,38.7,後方,10,5,23,東京,D,1600,重,4,9,１勝ｸﾗｽ*,35.1,差し,5,4,18,中山,D,1800,良,1,5,未勝利,38.9,先行,2,4,4,中山,D,1800,稍,2,6,未勝利,38.1,先行,3,3,14,中山,D,1800,良,4,4,未勝利,40.0,差し,13
レースID(新),日付S,曜日,場所,開催,R,レース名,クラス名,芝・ダート,距離,コース区分,コーナー回数,馬場状態(暫定),天候(暫定),フルゲート頭数,発走時刻,性別限定,重量種別,年齢限定
2026090606040209,2026.9.6,日,中山,4中2,9,浦安特別,2勝,ダート,1200,,2,重(暫定),曇(暫定),16,14:30,,定量,３上
枠番,B,番,印,M2,M3,M4,馬名S,Ｃ,性別,年齢,間隔,月,日,場所,TD,距離,馬場状態,着順,人気,ﾚｰｽ名･1走前,上り3F,決手,前走間隔,月,日,場所,TD,距離,馬場状態,着順,人気,ﾚｰｽ名･2走前,上り3F,決手,前走間隔,月,日,場所,TD,距離,馬場状態,着順,人気,ﾚｰｽ名･3走前,上り3F,決手,前走間隔,月,日,場所,TD,距離,馬場状態,着順,人気,ﾚｰｽ名･4走前,上り3F,決手,前走間隔,月,日,場所,TD,距離,馬場状態,着順,人気,ﾚｰｽ名･5走前,上り3F,決手,前走間隔
1,,1,,,,,ホープエトワール,,牡,4,5,8,1,中京,D,1800,良,13,13,日進特別･2勝,41.2,後方,2,7,18,福島,D,1700,良,15,15,米沢特別･2勝,39.4,後方,11,5,4,船橋,D,1600,稍,6,8,エメラ,----,中団,5,3,30,船橋,D,1600,稍,12,9,花まつ,----,中団,3,3,11,船橋,D,1800,良,7,9,ユキヤ,----,先行,4
1,,2,,,,,キョウエイカンフ,,牡,6,4,8,9,新潟,D,1200,良,4,5,２勝ｸﾗｽ,36.3,差し,18,4,4,中山,D,1200,重,5,3,２勝ｸﾗｽ,35.8,後方,3,3,14,中山,D,1200,良,4,1,２勝ｸﾗｽ,36.3,差し,2,3,1,中山,D,1200,良,3,2,２勝ｸﾗｽ,35.7,差し,6,1,17,中山,D,1200,良,2,4,２勝ｸﾗｽ,36.6,差し,5
2,,3,,,,,サマースイートピー,,牝,4,6,7,26,新潟,D,1200,不,11,6,出雲崎特･2勝,37.4,先行,8,5,30,京都,D,1200,良,9,10,２勝ｸﾗｽ,36.6,中団,6,4,18,中山,D,1200,良,4,8,葛飾特別･2勝,36.6,先行,21,11,24,東京,D,1400,良,外,--,２勝ｸﾗｽ・牝,----,,8,9,27,中山,D,1200,良,6,6,２勝ｸﾗｽ,36.4,中団,8
2,B,4,,,,,ホウオウプレミア,,牡,7,8,7,12,福島,D,1150,稍,5,9,彦星賞･2勝,35.1,後方,5,6,7,東京,D,1400,良,8,5,八王子特･2勝,36.9,中団,7,4,18,中山,D,1200,良,6,4,葛飾特別･2勝,35.9,後方,2,4,4,中山,D,1200,重,2,7,２勝ｸﾗｽ,35.5,差し,7,2,15,東京,D,1400,良,4,6,２勝ｸﾗｽ,35.4,追込,3
3,,5,,,,,ラヴァグロウ,,牝,6,8,7,12,福島,D,1150,稍,8,15,彦星賞･2勝,35.5,後方,8,5,16,京都,D,1200,良,14,15,２勝ｸﾗｽ,35.4,後方,6,4,4,中山,D,1200,重,13,16,２勝ｸﾗｽ,36.5,後方,3,3,14,中山,D,1200,良,15,11,２勝ｸﾗｽ,36.6,後方,7,1,25,中山,D,1200,良,13,9,２勝ｸﾗｽ,37.5,後方,3
3,,6,,,,,アスタールフナ,,牝,4,4,8,9,新潟,D,1200,良,2,2,２勝ｸﾗｽ,37.2,先行,10,5,30,京都,D,1200,良,15,2,２勝ｸﾗｽ,37.9,先行,7,4,11,中山,D,1200,稍,8,1,２勝ｸﾗｽ・牝,37.9,先行,2,3,29,阪神,D,1200,良,4,1,２勝ｸﾗｽ,37.6,先行,4,3,1,阪神,D,1200,良,4,1,２勝ｸﾗｽ,37.3,逃げ,7
4,,7,,,,,レヴィテーション,,牝,5,13,6,7,東京,D,1400,良,12,14,八王子特･2勝,37.5,中団,27,11,29,京都,D,1200,良,11,14,２勝ｸﾗｽ,36.0,後方,5,10,25,東京,D,1400,稍,11,6,２勝ｸﾗｽ,35.7,後方,35,2,23,東京,D,1400,良,9,9,大島特別･2勝,36.2,後方,7,1,5,中山,D,1200,良,7,8,２勝ｸﾗｽ,36.0,後方,14
4,,8,,,,,ルーフオブヘヴン,,牝,5,18,5,3,東京,D,1300,稍,7,2,２勝ｸﾗｽ,37.0,先行,3,4,11,中山,D,1200,稍,2,8,２勝ｸﾗｽ・牝,36.5,差し,11,1,24,中山,D,1200,良,1,6,１勝ｸﾗｽ,37.5,先行,3,1,4,中山,D,1200,稍,4,9,１勝ｸﾗｽ・牝,37.5,差し,16,9,13,中山,D,1200,不,8,4,１勝ｸﾗｽ,36.3,中団,4
5,,9,,,,,ピコニ,,牡,5,16,5,16,京都,D,1200,良,9,12,２勝ｸﾗｽ,36.2,中団,3,4,25,東京,D,1600,稍,12,9,２勝ｸﾗｽ,38.6,逃げ,41,7,12,福島,D,1700,良,10,4,２勝ｸﾗｽ,38.5,後方,4,6,15,東京,D,1600,重,3,6,２勝ｸﾗｽ,36.1,差し,17,2,15,東京,D,1600,良,15,7,２勝ｸﾗｽ,41.3,逃げ,3
5,,10,,,,,モーゲンセン,,牡,3,9,7,5,福島,D,1150,良,1,7,１勝ｸﾗｽ,37.1,先行,11,4,19,阪神,D,1200,良,15,6,１勝ｸﾗｽ*,38.0,後方,4,3,22,中山,D,1200,良,8,3,１勝ｸﾗｽ*,37.8,中団,3,3,1,中山,D,1200,稍,1,1,未勝利,36.9,先行,4,2,1,東京,D,1400,良,4,2,未勝利,37.9,差し,2
6,,11,,,,,サヨノジャンボリー,,牡,4,8,7,12,福島,D,1150,稍,9,7,彦星賞･2勝,36.3,中団,12,4,19,中山,D,1200,良,1,4,１勝ｸﾗｽ,36.7,先行,3,3,29,中山,D,1200,稍,6,7,１勝ｸﾗｽ,37.2,中団,3,3,8,中山,D,1200,稍,5,6,１勝ｸﾗｽ,37.6,中団,16,11,16,福島,D,1150,良,9,9,１勝ｸﾗｽ・若,37.5,後方,5
6,,12,,,,,ジャスパーソレイユ,,牡,4,9,7,4,小倉,D,1000,不,12,6,雲仙特別･2勝,34.7,後方,12,4,11,阪神,D,1200,重,15,3,２勝ｸﾗｽ,37.2,中団,2,3,29,阪神,D,1200,良,14,3,２勝ｸﾗｽ,37.0,後方,9,1,25,中山,D,1200,良,4,3,２勝ｸﾗｽ,38.3,先行,3,1,4,中山,D,1200,稍,2,2,２勝ｸﾗｽ,36.5,逃げ,4
7,,13,,,,,キタノライブリー,,牝,4,2,8,22,新潟,D,1200,良,5,8,岩室温泉･2勝,35.9,中団,19,4,11,阪神,D,1200,重,9,12,２勝ｸﾗｽ,35.6,後方,4,3,15,阪神,D,1400,良,13,9,２勝ｸﾗｽ・牝,37.2,中団,5,2,10,東京,D,1300,稍,1,4,１勝ｸﾗｽ,37.0,差し,22,9,7,中山,D,1200,良,1,1,未勝利,36.9,先行,2
7,,14,,,,,イノキ,,牡,4,10,6,27,福島,D,1150,稍,9,9,さくらん･2勝,35.1,後方,11,4,12,福島,D,1150,良,6,6,喜多方特･2勝,36.2,後方,連,4,5,中山,D,1200,重,1,8,１勝ｸﾗｽ,36.1,先行,13,1,5,中山,D,1200,稍,11,8,１勝ｸﾗｽ,37.2,中団,3,12,14,中京,D,1200,稍,5,4,１勝ｸﾗｽ,36.7,後方,3
8,,15,,,,,サードウインド,,牝,4,10,6,27,福島,D,1150,稍,12,13,さくらん･2勝,36.7,中団,11,4,12,福島,D,1150,良,5,15,喜多方特･2勝,36.6,中団,11,1,25,中山,D,1200,良,10,12,２勝ｸﾗｽ,38.6,先行,9,11,22,福島,D,1150,良,11,9,福島放送･2勝,38.0,中団,11,9,7,札幌,D,1000,稍,1,3,１勝ｸﾗｽ,35.4,逃げ,4
8,,16,,,,,ドントゥザムーン,,牡,4,11,6,21,東京,D,1400,重,13,5,甲州街道･2勝,36.5,先行,3,5,30,東京,D,1400,良,4,1,富嶽賞･2勝,36.1,先行,2,5,16,東京,D,1400,良,5,6,立川特別･2勝,36.3,逃げ,18,1,11,中山,D,1200,良,15,5,２勝ｸﾗｽ,39.8,中団,3,12,20,中山,D,1200,良,4,2,２勝ｸﾗｽ,36.4,先行,3
レースID(新),日付S,曜日,場所,開催,R,レース名,クラス名,芝・ダート,距離,コース区分,コーナー回数,馬場状態(暫定),天候(暫定),フルゲート頭数,発走時刻,性別限定,重量種別,年齢限定
2026090606040210,2026.9.6,日,中山,4中2,10,セプテンバーＳ,3勝,芝,1200,B,2,良(暫定),曇(暫定),16,15:05,,ﾊﾝﾃﾞ,３上
枠番,B,番,印,M2,M3,M4,馬名S,Ｃ,性別,年齢,間隔,月,日,場所,TD,距離,馬場状態,着順,人気,ﾚｰｽ名･1走前,上り3F,決手,前走間隔,月,日,場所,TD,距離,馬場状態,着順,人気,ﾚｰｽ名･2走前,上り3F,決手,前走間隔,月,日,場所,TD,距離,馬場状態,着順,人気,ﾚｰｽ名･3走前,上り3F,決手,前走間隔,月,日,場所,TD,距離,馬場状態,着順,人気,ﾚｰｽ名･4走前,上り3F,決手,前走間隔,月,日,場所,TD,距離,馬場状態,着順,人気,ﾚｰｽ名･5走前,上り3F,決手,前走間隔
1,,1,,,,,フォルテム,,牡,4,8,7,11,福島,T,1200,良,6,2,会津ＳＨ･3勝,34.2,中団,11,4,26,東京,T,1400,良,5,10,湘南ＳＨ･3勝,33.4,先行,3,4,5,阪神,T,1400,良,15,11,心斎橋Ｈ･3勝,36.5,先行,7,2,14,小倉,T,1200,良,13,11,下関Ｓ･3勝,33.5,後方,10,12,6,中京,T,1400,良,11,4,飛騨Ｓ･3勝,35.3,逃げ,3
2,,2,,,,,メイショウピース,,牝,6,18,5,3,京都,T,1200,良,12,10,朱雀Ｓ･3勝,33.5,後方,6,3,21,阪神,T,1200,良,8,4,淀屋橋Ｈ･3勝,33.6,後方,7,1,31,小倉,T,1200,良,4,8,巌流島Ｈ･3勝,33.9,差し,12,11,8,福島,T,1200,良,4,9,キビタＨ･3勝,34.8,先行,18,7,5,小倉,T,1200,良,1,5,フィリピ･2勝,34.5,追込,10
3,,3,,,,,トーセントラム,,牡,6,18,5,3,京都,T,1200,良,8,18,朱雀Ｓ･3勝,33.2,後方,5,3,29,中山,T,1200,良,1,6,２勝ｸﾗｽ,33.8,差し,3,3,8,中山,T,1200,良,7,11,２勝ｸﾗｽ,33.8,後方,4,2,10,京都,T,1200,良,3,7,２勝ｸﾗｽ,33.7,追込,6,12,27,中山,T,1200,良,7,8,ベストウ･2勝,34.2,後方,3
4,,4,,,,,マックアルイーン,,牡,4,11,6,21,東京,T,1400,稍,9,10,多摩川Ｓ･3勝,34.5,先行,16,3,1,中山,T,1200,良,10,2,アクアマ･3勝,34.2,中団,8,1,5,中山,T,1200,良,6,1,サンラＨ･3勝,34.1,後方,6,11,23,京都,T,1200,良,12,1,醍醐Ｓ･3勝,33.7,中団,11,9,7,中山,T,1200,良,2,1,セプテＨ･3勝,33.2,差し,10
5,,5,,,,,フクチャンショウ,,牡,3,17,5,10,東京,T,1600,良,15,12,ＮＨＫマG1,34.3,後方,7,3,21,中京,T,1400,良,3,4,ファルコG3,33.5,差し,7,1,31,東京,T,1400,良,3,2,クロッカ(L),33.5,差し,12,11,8,東京,T,1400,良,2,8,京王杯２G2,33.5,差し,8,9,14,中山,T,1200,良,1,2,未勝利*,34.2,差し,11
6,,6,,,,,パクスロマーナ,,牝,6,6,7,25,札幌,T,1200,良,6,8,ＴＶｈ賞･3勝,34.8,逃げ,3,7,4,函館,T,1200,良,6,6,ＴＶｈ杯･3勝,35.0,先行,2,6,21,函館,T,1200,良,2,9,ＵＨＢＨ･3勝,35.1,先行,7,5,3,京都,T,1200,良,15,13,朱雀Ｓ･3勝,34.4,中団,5,3,29,中山,T,1200,良,7,8,船橋Ｓ･3勝,34.3,先行,8
7,,7,,,,,ルーフ,,牝,6,6,7,25,札幌,T,1200,良,4,6,ＴＶｈ賞･3勝,34.0,差し,3,7,4,函館,T,1200,良,3,10,ＴＶｈ杯･3勝,33.7,追込,2,6,21,函館,T,1200,良,5,11,ＵＨＢＨ･3勝,34.4,後方,13,3,21,阪神,T,1200,良,9,5,淀屋橋Ｈ･3勝,33.6,後方,5,2,14,小倉,T,1200,良,7,9,下関Ｓ･3勝,34.8,後方,2
8,,8,,,,,カーヌスティ,,牡,4,9,7,5,福島,T,1200,良,1,4,郡山特Ｈ･2勝,34.3,差し,10,4,25,福島,T,1200,良,1,4,１勝ｸﾗｽ・若,34.0,先行,7,3,8,中山,D,1200,稍,3,2,１勝ｸﾗｽ,37.9,先行,4,2,10,東京,D,1300,稍,5,3,１勝ｸﾗｽ,37.5,先行,2,1,24,中山,D,1200,良,4,4,１勝ｸﾗｽ,37.8,差し,10
8,B,9,,,,,ポッドロワール,,牡,4,連,8,29,中京,T,1400,良,5,1,長篠Ｓ･3勝,33.5,中団,5,7,25,新潟,T,1400,良,2,4,新潟日報･3勝,33.7,差し,17,3,29,中山,T,1200,良,15,3,船橋Ｓ･3勝,33.8,後方,3,3,8,中山,T,1200,良,1,4,２勝ｸﾗｽ,34.4,差し,2,2,22,東京,T,1400,良,2,6,２勝ｸﾗｽ,34.1,差し,15
レースID(新),日付S,曜日,場所,開催,R,レース名,クラス名,芝・ダート,距離,コース区分,コーナー回数,馬場状態(暫定),天候(暫定),フルゲート頭数,発走時刻,性別限定,重量種別,年齢限定
2026090606040211,2026.9.6,日,中山,4中2,11,紫苑Ｓ,Ｇ２,芝,2000,B,4,良(暫定),曇(暫定),18,15:45,牝,馬齢,３歳
枠番,B,番,印,M2,M3,M4,馬名S,Ｃ,性別,年齢,間隔,月,日,場所,TD,距離,馬場状態,着順,人気,ﾚｰｽ名･1走前,上り3F,決手,前走間隔,月,日,場所,TD,距離,馬場状態,着順,人気,ﾚｰｽ名･2走前,上り3F,決手,前走間隔,月,日,場所,TD,距離,馬場状態,着順,人気,ﾚｰｽ名･3走前,上り3F,決手,前走間隔,月,日,場所,TD,距離,馬場状態,着順,人気,ﾚｰｽ名･4走前,上り3F,決手,前走間隔,月,日,場所,TD,距離,馬場状態,着順,人気,ﾚｰｽ名･5走前,上り3F,決手,前走間隔
1,,1,,,,,ジワタネホ,,牝,3,5,8,1,新潟,T,2000,良,1,2,未勝利・牝,35.5,ﾏｸﾘ,10,5,24,新潟,T,2000,稍,2,4,未勝利,36.0,差し,3,5,3,新潟,T,1800,良,3,9,未勝利,33.8,差し,14,1,25,中山,T,2000,良,15,11,新馬,36.0,後方,初,,,,,,,,,,,,
2,,2,,,,,サムシングスイート,,牝,3,5,8,1,中京,T,2000,良,1,2,１勝ｸﾗｽ・牝,33.7,差し,13,5,2,東京,T,1800,良,4,5,スイート(L),33.8,差し,連,4,26,東京,T,2000,良,消,--,フローラG2,----,,7,3,7,中山,T,2000,稍,1,2,未勝利・牝,35.7,先行,3,2,15,東京,T,1800,良,2,1,未勝利,33.6,追込,4
3,,3,,,,,リアライズルミナス,,牝,3,5,8,1,新潟,T,2200,良,3,1,燕特別･1勝,34.8,逃げ,10,5,24,東京,T,2400,良,4,10,優駿牝馬G1,34.6,先行,4,4,26,東京,T,2000,良,3,4,フローラG2,33.4,逃げ,8,2,28,阪神,T,1800,良,1,3,未勝利,34.9,先行,7,1,10,京都,T,1600,良,4,1,未勝利・牝,35.5,差し,3
4,,4,,,,,マスターソアラ,,牝,3,29,2,14,東京,T,1600,良,4,4,クイーンG3,34.1,差し,13,11,15,東京,T,1600,良,1,3,新馬・牝,32.8,差し,初,,,,,,,,,,,,,,,,,,,,,,,,,,,,,,,,,,,,
5,,5,,,,,ファムクラジューズ,,牝,3,19,4,26,東京,T,2000,良,10,5,フローラG2,34.4,先行,9,2,21,東京,T,2000,良,1,2,フリージ･1勝,34.1,先行,12,11,30,東京,T,2000,良,1,4,未勝利*,34.0,先行,4,11,1,東京,T,2000,稍,5,7,未勝利*,33.2,中団,4,10,4,東京,T,1800,良,7,11,新馬,34.1,中団,初
6,,6,,,,,アストリル,,牝,3,7,7,19,函館,T,1800,重,2,2,かもめ島･2勝,35.6,差し,4,6,21,函館,T,2000,良,1,4,遊楽部特･1勝,35.5,先行,7,5,2,東京,T,1800,良,5,7,スイート(L),33.8,中団,9,3,1,小倉,T,2000,良,1,1,未勝利・牝,36.3,先行,3,2,7,小倉,T,2000,稍,2,1,未勝利・若,35.8,差し,2
6,,7,,,,,ロングトールサリー,,牝,3,7,7,19,小倉,T,1800,良,3,2,筑紫特別･1勝,36.5,先行,8,5,24,東京,T,2400,良,11,14,優駿牝馬G1,34.4,中団,3,5,2,京都,T,2200,良,7,1,矢車賞･1勝*,34.9,先行,2,4,18,阪神,T,2000,良,消,--,１勝ｸﾗｽ*,----,,8,2,22,阪神,T,2000,良,1,1,未勝利,35.4,逃げ,11
7,,8,,,,,ナイスプレーアスク,,牝,3,8,7,11,函館,T,1800,稍,1,3,１勝ｸﾗｽ・牝,34.8,逃げ,3,6,21,函館,T,1800,良,5,5,１勝ｸﾗｽ,34.9,中団,14,3,14,中山,T,1600,良,12,7,アネモネ(L),36.4,逃げ,3,2,22,東京,T,1600,良,7,5,１勝ｸﾗｽ*,35.5,中団,4,1,25,中山,T,1600,良,1,3,未勝利,34.7,差し,3
7,,9,,,,,ドリームコア,,牝,3,15,5,24,東京,T,2400,良,2,3,優駿牝馬G1,34.3,先行,6,4,12,阪神,T,1600,良,9,2,桜花賞G1,34.4,中団,8,2,14,東京,T,1600,良,1,2,クイーンG3,33.8,先行,11,11,30,東京,T,1600,良,1,1,ベゴニア･1勝,33.7,差し,9,9,28,中山,T,1600,良,3,1,サフラン･1勝,33.7,先行,15
8,,10,,,,,ジッピーチューン,,牝,3,21,4,12,阪神,T,1600,良,3,12,桜花賞G1,33.7,追込,8,2,14,東京,T,1600,良,2,11,クイーンG3,33.8,差し,8,12,21,中山,T,1600,重,1,2,未勝利*,36.1,先行,9,10,18,東京,T,1400,良,2,7,新馬・牝,33.4,差し,初,,,,,,,,,,,,
8,,11,,,,,ベンヴェヌータ,,牝,3,23,3,29,中山,T,2000,良,1,3,ミモザ賞･1勝,34.7,逃げ,15,12,13,中山,T,1800,良,1,5,新馬,34.4,先行,初,,,,,,,,,,,,,,,,,,,,,,,,,,,,,,,,,,,,
レースID(新),日付S,曜日,場所,開催,R,レース名,クラス名,芝・ダート,距離,コース区分,コーナー回数,馬場状態(暫定),天候(暫定),フルゲート頭数,発走時刻,性別限定,重量種別,年齢限定
2026090606040212,2026.9.6,日,中山,4中2,12,,1勝,芝,1200,B,2,良(暫定),曇(暫定),16,16:30,,定量,３上
枠番,B,番,印,M2,M3,M4,馬名S,Ｃ,性別,年齢,間隔,月,日,場所,TD,距離,馬場状態,着順,人気,ﾚｰｽ名･1走前,上り3F,決手,前走間隔,月,日,場所,TD,距離,馬場状態,着順,人気,ﾚｰｽ名･2走前,上り3F,決手,前走間隔,月,日,場所,TD,距離,馬場状態,着順,人気,ﾚｰｽ名･3走前,上り3F,決手,前走間隔,月,日,場所,TD,距離,馬場状態,着順,人気,ﾚｰｽ名･4走前,上り3F,決手,前走間隔,月,日,場所,TD,距離,馬場状態,着順,人気,ﾚｰｽ名･5走前,上り3F,決手,前走間隔
1,B,1,,,,,ダイユウヴェンティ,,牝,3,3,8,15,新潟,T,1000,良,1,10,未勝利,33.2,差し,10,6,6,東京,D,1600,稍,15,11,未勝利・牝,41.0,中団,3,5,16,東京,T,2000,良,12,8,未勝利・牝,34.4,中団,2,5,3,新潟,T,1800,良,9,7,未勝利,34.3,中団,3,4,11,中山,T,2000,良,5,11,未勝利・牝,35.4,後方,4
1,,2,,,,,ファインサマーデイ,,牡,3,10,6,27,福島,T,1200,良,12,1,１勝ｸﾗｽ,35.7,先行,12,4,5,中山,T,1200,重,3,2,１勝ｸﾗｽ*,34.9,先行,12,1,12,中山,T,1200,良,2,3,１勝ｸﾗｽ*,34.1,先行,14,10,4,東京,T,1400,良,1,2,新馬,33.9,逃げ,初,,,,,,,,,,,,
2,,3,,,,,アイムインディ,,牝,3,8,7,11,福島,D,1150,良,7,2,１勝ｸﾗｽ,37.0,先行,3,6,21,函館,T,1200,良,4,2,１勝ｸﾗｽ・牝,34.5,差し,4,5,24,東京,D,1300,稍,1,1,未勝利,37.1,差し,8,3,28,中山,D,1200,重,2,1,未勝利・牝,37.1,逃げ,3,3,7,中山,D,1200,重,2,3,未勝利・牝,37.9,逃げ,3
2,,4,,,,,ブライティアブーケ,,牝,4,4,8,8,新潟,T,1000,良,3,6,１勝ｸﾗｽ,32.6,差し,3,7,18,福島,T,1200,良,2,6,１勝ｸﾗｽ,34.9,先行,14,4,12,福島,D,1700,良,7,11,１勝ｸﾗｽ・牝,39.0,中団,9,2,8,小倉,D,1700,良,9,8,１勝ｸﾗｽ・牝,38.3,後方,連,1,31,小倉,T,1200,良,13,11,１勝ｸﾗｽ,35.3,先行,11
3,,5,,,,,ルシェロアズーリ,,牝,4,7,7,18,福島,T,1200,良,6,1,１勝ｸﾗｽ,35.3,逃げ,3,6,27,福島,T,1200,良,2,9,１勝ｸﾗｽ,35.0,逃げ,11,4,11,福島,T,1200,良,15,8,１勝ｸﾗｽ・牝,35.9,先行,10,2,1,小倉,T,1200,良,9,2,１勝ｸﾗｽ,34.7,先行,10,11,22,福島,T,1200,良,5,6,１勝ｸﾗｽ,34.6,先行,連
3,,6,,,,,ホウオウショコラ,,牝,4,5,8,1,新潟,T,1200,良,2,6,１勝ｸﾗｽ,34.3,先行,3,7,12,福島,T,1200,稍,3,9,１勝ｸﾗｽ,34.7,逃げ,9,5,10,新潟,T,1200,良,10,8,１勝ｸﾗｽ,34.9,先行,8,3,15,中山,D,1200,良,13,4,１勝ｸﾗｽ・牝,38.5,中団,14,12,7,中京,D,1400,良,8,5,１勝ｸﾗｽ・牝,38.4,先行,4
4,B,7,,,,,カシオペア,,牡,4,3,8,15,新潟,T,1400,良,4,6,１勝ｸﾗｽ,35.1,先行,2,8,1,新潟,T,1200,良,3,7,１勝ｸﾗｽ,32.9,追込,7,6,13,東京,T,1400,良,6,9,１勝ｸﾗｽ,33.7,後方,4,5,16,新潟,T,1400,良,8,8,１勝ｸﾗｽ,34.1,後方,60,3,23,中京,T,1400,良,1,9,未勝利,34.3,追込,17
4,,8,,,,,ジュエルドレーサー,,牡,5,2,8,23,新潟,T,1000,良,8,6,１勝ｸﾗｽ,32.8,中団,2,8,8,新潟,T,1000,良,4,14,１勝ｸﾗｽ,32.2,差し,48,9,9,笠松,D,1400,良,1,1,ひこう,----,先行,4,8,11,笠松,D,1400,不,1,1,Ｃ１３,----,先行,5,7,8,名古,D,1400,良,7,1,Ｃ１７,----,先行,4
5,,9,,,,,カイトグート,,牝,5,12,6,13,函館,T,1200,稍,6,8,１勝ｸﾗｽ,34.1,先行,5,5,10,新潟,T,1200,良,9,11,１勝ｸﾗｽ,34.2,後方,15,1,24,中山,T,1600,良,11,9,１勝ｸﾗｽ,35.3,中団,6,12,14,中京,T,1600,稍,6,12,１勝ｸﾗｽ,34.6,中団,5,11,8,東京,T,1600,良,10,11,１勝ｸﾗｽ,34.6,逃げ,3
5,,10,,,,,マイネルユーゲント,,牡,3,15,5,24,新潟,T,1200,稍,1,2,未勝利,36.0,逃げ,2,5,9,新潟,T,1200,良,3,1,未勝利・若,37.0,逃げ,3,4,18,福島,T,1200,良,4,2,未勝利,35.2,先行,10,2,7,小倉,T,1200,良,16,3,未勝利,36.8,先行,2,1,25,小倉,T,1200,良,2,7,未勝利,34.5,逃げ,11
6,,11,,,,,ラエトゥス,,牝,3,8,7,11,福島,D,1150,良,6,14,１勝ｸﾗｽ,35.6,後方,8,5,16,東京,D,1400,良,15,15,１勝ｸﾗｽ*,38.3,中団,5,4,12,阪神,D,1400,稍,11,15,１勝ｸﾗｽ*,36.8,後方,9,2,7,京都,T,1600,良,7,9,エルフィ(L),37.1,先行,17,10,13,東京,D,1600,良,6,5,プラタナ･1勝,37.8,後方,3
6,B,12,,,,,メーゼ,,牝,3,10,6,28,函館,T,1200,良,10,9,１勝ｸﾗｽ,34.6,後方,3,6,7,東京,D,1400,良,15,7,１勝ｸﾗｽ,39.7,中団,41,8,24,新潟,T,1600,良,10,8,新潟２歳G3,35.4,後方,8,6,28,福島,T,1200,良,1,2,新馬,35.0,先行,初,,,,,,,,,,,,
7,B,13,,,,,ココボロ,,牝,5,3,8,15,新潟,T,1400,良,14,15,１勝ｸﾗｽ,34.1,後方,4,7,18,福島,T,1200,良,3,15,１勝ｸﾗｽ,34.7,差し,3,6,27,福島,T,1200,良,11,14,１勝ｸﾗｽ,34.5,後方,8,5,3,新潟,T,1400,良,11,14,１勝ｸﾗｽ・牝,34.5,後方,5,3,29,中京,D,1800,良,11,13,１勝ｸﾗｽ・牝,38.6,後方,4
7,,14,,,,,ヴィヴァラリス,,牝,4,16,5,16,新潟,D,1200,良,12,12,１勝ｸﾗｽ・牝,38.9,後方,16,1,24,中山,D,1200,良,16,14,１勝ｸﾗｽ,39.8,後方,10,11,15,福島,T,1200,良,14,16,１勝ｸﾗｽ・若,35.3,後方,10,9,7,中山,T,1200,良,16,13,１勝ｸﾗｽ,33.8,後方,4,8,10,札幌,T,1200,良,11,12,１勝ｸﾗｽ・牝,35.5,後方,3
8,,15,,,,,クラディスティーナ,,牡,3,15,5,24,東京,D,1400,稍,10,12,１勝ｸﾗｽ*,37.6,中団,2,5,9,新潟,T,1200,良,9,10,ゆきつば･1勝,35.7,中団,5,4,5,中山,T,1200,重,10,9,１勝ｸﾗｽ*,34.6,後方,20,11,16,福島,T,1200,良,9,12,福島２歳,35.8,中団,4,10,19,東京,T,1400,良,8,8,１勝ｸﾗｽ*,34.1,先行,13
8,,16,,,,,エバーラスト,,牡,3,3,8,15,新潟,T,1400,良,9,13,１勝ｸﾗｽ,34.5,中団,7,6,27,福島,T,1200,良,8,3,１勝ｸﾗｽ,34.8,中団,19,2,15,小倉,T,1200,稍,1,4,未勝利,35.2,先行,4,1,17,中山,D,1200,良,5,2,未勝利,39.0,中団,19,9,6,中山,T,1200,良,4,5,新馬,34.0,差し,初
レースID(新),日付S,曜日,場所,開催,R,レース名,クラス名,芝・ダート,距離,コース区分,コーナー回数,馬場状態(暫定),天候(暫定),フルゲート頭数,発走時刻,性別限定,重量種別,年齢限定
2026090609040201,2026.9.6,日,阪神,4阪2,1,,未勝利,芝,1400,A,2,良(暫定),曇(暫定),18,09:55,,馬齢,２歳
枠番,B,番,印,M2,M3,M4,馬名S,Ｃ,性別,年齢,間隔,月,日,場所,TD,距離,馬場状態,着順,人気,ﾚｰｽ名･1走前,上り3F,決手,前走間隔,月,日,場所,TD,距離,馬場状態,着順,人気,ﾚｰｽ名･2走前,上り3F,決手,前走間隔,月,日,場所,TD,距離,馬場状態,着順,人気,ﾚｰｽ名･3走前,上り3F,決手,前走間隔,月,日,場所,TD,距離,馬場状態,着順,人気,ﾚｰｽ名･4走前,上り3F,決手,前走間隔,月,日,場所,TD,距離,馬場状態,着順,人気,ﾚｰｽ名･5走前,上り3F,決手,前走間隔
1,,1,,,,,ルースソラール,,牡,2,6,7,26,中京,T,1400,良,2,2,未勝利*,33.6,追込,5,6,20,阪神,T,1400,稍,3,9,新馬,35.7,差し,初,,,,,,,,,,,,,,,,,,,,,,,,,,,,,,,,,,,,
2,,2,,,,,グルード,,牡,2,3,8,16,中京,T,1600,良,7,6,新馬,33.7,先行,初,,,,,,,,,,,,,,,,,,,,,,,,,,,,,,,,,,,,,,,,,,,,,,,,
3,,3,,,,,ニクスルーナ,,牝,2,11,6,20,東京,T,1400,稍,5,2,新馬・牝,34.7,先行,初,,,,,,,,,,,,,,,,,,,,,,,,,,,,,,,,,,,,,,,,,,,,,,,,
4,,4,,,,,マッセート,,牝,2,5,8,1,中京,T,1400,良,4,7,新馬・牝,33.9,追込,初,,,,,,,,,,,,,,,,,,,,,,,,,,,,,,,,,,,,,,,,,,,,,,,,
5,,5,,,,,テラレガル,,牡,2,3,8,16,中京,T,1600,良,4,5,新馬,33.0,追込,初,,,,,,,,,,,,,,,,,,,,,,,,,,,,,,,,,,,,,,,,,,,,,,,,
6,,6,,,,,エイダンバローズ,,牡,2,2,8,23,中京,T,1400,良,4,1,新馬,34.7,先行,初,,,,,,,,,,,,,,,,,,,,,,,,,,,,,,,,,,,,,,,,,,,,,,,,
7,,7,,,,,スマートメモリー,,牝,2,3,8,16,中京,T,1200,良,4,6,未勝利*,33.6,先行,7,6,27,小倉,T,1200,重,2,3,未勝利*,34.5,先行,2,6,13,阪神,T,1200,良,6,9,新馬,34.3,中団,初,,,,,,,,,,,,,,,,,,,,,,,,
7,,8,,,,,シュプレヒコール,,牡,2,4,8,8,中京,T,1600,良,3,2,未勝利*,34.5,先行,4,7,12,小倉,T,2000,良,4,3,新馬,35.7,先行,初,,,,,,,,,,,,,,,,,,,,,,,,,,,,,,,,,,,,
8,,9,,,,,ヤマニンアルセド,,牝,2,10,6,28,福島,T,1200,良,5,8,新馬・牝,34.8,中団,初,,,,,,,,,,,,,,,,,,,,,,,,,,,,,,,,,,,,,,,,,,,,,,,,
8,,10,,,,,アンドヴェローナ,,牝,2,8,7,12,小倉,T,1200,良,5,7,新馬,37.2,先行,初,,,,,,,,,,,,,,,,,,,,,,,,,,,,,,,,,,,,,,,,,,,,,,,,
レースID(新),日付S,曜日,場所,開催,R,レース名,クラス名,芝・ダート,距離,コース区分,コーナー回数,馬場状態(暫定),天候(暫定),フルゲート頭数,発走時刻,性別限定,重量種別,年齢限定
2026090609040202,2026.9.6,日,阪神,4阪2,2,,未勝利,ダート,1200,,2,稍(暫定),曇(暫定),16,10:30,,馬齢,３歳
枠番,B,番,印,M2,M3,M4,馬名S,Ｃ,性別,年齢,間隔,月,日,場所,TD,距離,馬場状態,着順,人気,ﾚｰｽ名･1走前,上り3F,決手,前走間隔,月,日,場所,TD,距離,馬場状態,着順,人気,ﾚｰｽ名･2走前,上り3F,決手,前走間隔,月,日,場所,TD,距離,馬場状態,着順,人気,ﾚｰｽ名･3走前,上り3F,決手,前走間隔,月,日,場所,TD,距離,馬場状態,着順,人気,ﾚｰｽ名･4走前,上り3F,決手,前走間隔,月,日,場所,TD,距離,馬場状態,着順,人気,ﾚｰｽ名･5走前,上り3F,決手,前走間隔
1,B,1,,,,,ミスジェイド,,牝,3,3,8,15,中京,D,1200,良,5,5,未勝利,36.9,中団,11,5,31,京都,D,1200,良,8,11,未勝利,36.1,後方,3,5,9,新潟,D,1200,稍,5,9,未勝利・牝,40.2,先行,14,1,31,京都,D,1200,良,8,10,未勝利・牝,36.7,中団,2,1,18,京都,D,1200,良,5,11,未勝利・牝,37.2,中団,18
1,,2,,,,,アルムアポジェ,,牝,3,2,8,22,中京,D,1400,良,4,6,未勝利・牝,38.5,先行,5,7,18,小倉,D,1000,稍,9,1,未勝利,36.3,中団,3,6,27,小倉,D,1000,不,5,3,未勝利,35.2,中団,3,6,6,阪神,D,1200,良,3,1,未勝利,37.6,逃げ,6,4,26,京都,D,1200,良,2,3,未勝利・牝,36.9,先行,3
2,,3,,,,,メイショウピュルテ,,牝,3,10,6,28,小倉,T,1200,良,13,5,未勝利・牝,37.3,先行,7,5,9,新潟,T,1200,良,6,2,未勝利・若,36.8,先行,2,4,26,福島,T,1200,良,2,14,未勝利・牝,34.3,先行,22,11,22,京都,T,1200,良,止,14,未勝利*,----,,4,10,25,京都,D,1400,良,16,3,新馬・牝,42.0,先行,初
2,,4,,,,,ユウトザイシン,,牡,3,2,8,23,中京,D,1200,良,2,13,未勝利,36.5,追込,13,5,24,京都,T,1600,良,14,14,未勝利,35.4,後方,2,5,10,京都,T,1600,良,13,12,未勝利,35.4,中団,初,,,,,,,,,,,,,,,,,,,,,,,,
3,B,5,,,,,マイベスティー,,牡,3,4,8,8,中京,D,1200,良,5,4,未勝利,37.0,中団,7,6,21,阪神,D,1400,不,4,6,未勝利,39.5,先行,4,5,23,新潟,D,1200,稍,2,9,未勝利,37.9,先行,8,3,29,中京,T,1200,良,10,11,未勝利,35.1,中団,14,12,21,中京,T,1400,稍,13,15,未勝利*,35.7,先行,18
3,,6,,,,,パスリヤージュ,,牝,3,10,6,28,小倉,D,1700,稍,12,12,未勝利,40.1,後方,初,,,,,,,,,,,,,,,,,,,,,,,,,,,,,,,,,,,,,,,,,,,,,,,,
4,B,7,,,,,リアライズステラ,,牡,3,10,6,28,小倉,D,1700,稍,14,11,未勝利,41.0,後方,27,12,20,中山,T,2000,良,17,7,新馬,39.3,中団,初,,,,,,,,,,,,,,,,,,,,,,,,,,,,,,,,,,,,
4,B,8,,,,,ナムラロダン,,牡,3,3,8,15,中京,D,1200,良,2,1,未勝利,36.8,先行,2,8,2,中京,D,1200,良,2,1,未勝利,37.2,先行,8,6,6,阪神,D,1200,良,5,2,未勝利,37.6,先行,3,5,16,新潟,D,1200,良,2,2,未勝利,38.6,逃げ,3,4,25,京都,D,1400,稍,4,2,未勝利,38.4,先行,4
5,,9,,,,,エバイダンス,,牝,3,2,8,23,中京,D,1200,良,5,1,未勝利,38.2,中団,2,8,8,中京,D,1200,良,2,1,未勝利,36.9,先行,8,6,13,阪神,D,1200,良,3,2,未勝利・牝,37.3,先行,10,4,5,阪神,D,1400,重,9,2,未勝利・牝,37.7,先行,3,3,14,阪神,D,1400,良,3,4,未勝利,38.1,先行,4
5,,10,,,,,ラッキーヴォーグ,,牡,3,連,8,30,中京,D,1400,稍,3,4,未勝利,38.2,先行,7,7,11,小倉,D,1700,良,6,6,未勝利,40.3,先行,2,6,27,小倉,D,1700,不,4,5,未勝利,38.9,逃げ,5,5,23,京都,D,1200,稍,8,1,未勝利,37.1,中団,連,5,17,京都,D,1400,良,4,5,未勝利,38.1,先行,6
6,B,11,,,,,サカトクフェイス,,牡,3,連,8,30,中京,D,1400,稍,5,11,未勝利,38.3,先行,6,7,19,小倉,D,1700,良,10,12,未勝利,41.5,先行,3,6,27,小倉,D,1700,不,8,13,未勝利,39.1,中団,連,6,21,阪神,T,1400,稍,13,17,未勝利,34.6,後方,9,4,19,福島,T,1200,良,15,8,未勝利,35.2,後方,初
6,,12,,,,,アンガーザガール,,牝,3,2,8,22,中京,T,1200,良,2,3,未勝利,33.0,先行,連,8,15,中京,T,1400,良,3,1,未勝利,34.4,先行,7,6,28,小倉,T,1200,良,12,1,未勝利・牝,36.8,中団,3,6,6,阪神,T,1200,良,2,3,未勝利,34.0,差し,16,2,15,京都,T,1600,良,3,3,未勝利,35.2,先行,3
7,B,13,,,,,ガルディエンヌ,,牝,3,4,8,8,中京,D,1200,良,3,3,未勝利,37.6,逃げ,8,6,13,阪神,D,1200,良,10,4,未勝利・牝,37.7,中団,7,4,26,京都,D,1200,良,4,1,未勝利・牝,36.8,差し,3,4,5,阪神,D,1400,重,5,4,未勝利・牝,36.8,中団,12,1,12,京都,D,1400,良,5,7,未勝利・牝,39.0,先行,4
7,,14,,,,,ペプチドアロン,,牡,3,3,8,16,中京,D,1400,良,3,2,未勝利,37.2,差し,3,7,26,中京,D,1400,良,2,3,未勝利,38.3,差し,11,5,9,京都,D,1400,良,6,8,未勝利,35.8,後方,初,,,,,,,,,,,,,,,,,,,,,,,,
8,,15,,,,,ペコリズム,,牝,3,3,8,15,中京,D,1200,良,4,6,未勝利,36.7,差し,5,7,12,小倉,D,1000,良,6,9,未勝利,36.6,中団,3,6,21,阪神,D,1400,不,5,12,未勝利,39.4,中団,9,4,18,阪神,D,1800,良,9,7,未勝利・牝,38.7,中団,4,3,21,中京,T,1400,良,12,15,未勝利,34.6,後方,初
8,B,16,,,,,マカロンブルー,,牝,3,2,8,22,中京,D,1400,良,3,2,未勝利・牝,38.8,逃げ,6,7,11,小倉,D,1700,良,2,4,未勝利,39.4,逃げ,8,5,17,京都,D,1800,良,7,1,未勝利・牝,39.6,逃げ,2,5,2,新潟,D,1800,不,6,1,未勝利・牝,41.9,先行,20,12,14,中京,D,1800,稍,3,1,未勝利・牝*,40.2,先行,6
レースID(新),日付S,曜日,場所,開催,R,レース名,クラス名,芝・ダート,距離,コース区分,コーナー回数,馬場状態(暫定),天候(暫定),フルゲート頭数,発走時刻,性別限定,重量種別,年齢限定
2026090609040203,2026.9.6,日,阪神,4阪2,3,,未勝利,ダート,1800,,4,稍(暫定),曇(暫定),16,11:00,,馬齢,３歳
枠番,B,番,印,M2,M3,M4,馬名S,Ｃ,性別,年齢,間隔,月,日,場所,TD,距離,馬場状態,着順,人気,ﾚｰｽ名･1走前,上り3F,決手,前走間隔,月,日,場所,TD,距離,馬場状態,着順,人気,ﾚｰｽ名･2走前,上り3F,決手,前走間隔,月,日,場所,TD,距離,馬場状態,着順,人気,ﾚｰｽ名･3走前,上り3F,決手,前走間隔,月,日,場所,TD,距離,馬場状態,着順,人気,ﾚｰｽ名･4走前,上り3F,決手,前走間隔,月,日,場所,TD,距離,馬場状態,着順,人気,ﾚｰｽ名･5走前,上り3F,決手,前走間隔
1,,1,,,,,キミガスキダ,,牝,3,連,8,30,中京,D,1800,稍,2,4,未勝利・牝,38.8,差し,2,8,15,中京,D,1800,良,3,7,未勝利・牝,39.8,差し,2,8,1,中京,D,1800,良,2,14,未勝利・牝,38.5,追込,5,6,28,小倉,D,1700,稍,6,13,未勝利,38.5,中団,8,5,3,京都,D,1400,稍,9,13,未勝利・牝,37.4,後方,16
2,,2,,,,,キタノトレボーネ,,牡,3,12,6,14,阪神,D,1800,良,7,3,未勝利,39.1,ﾏｸﾘ,4,5,17,京都,D,1900,良,2,3,未勝利,38.9,先行,9,3,15,阪神,D,1800,良,4,13,未勝利,37.7,追込,初,,,,,,,,,,,,,,,,,,,,,,,,
2,,3,,,,,カセノコンコルド,,牡,3,7,7,16,佐賀,D,1860,良,2,1,サマー,----,先行,5,6,14,阪神,D,1800,良,8,9,未勝利,38.8,中団,3,5,24,京都,D,1900,良,4,6,未勝利,38.8,差し,14,2,15,京都,D,1800,良,4,4,未勝利,38.3,先行,連,2,7,京都,D,1800,良,2,7,未勝利,39.4,先行,2
3,,4,,,,,レッドセドナ,,牡,3,2,8,23,中京,D,1900,良,3,11,未勝利,39.8,先行,23,3,14,中京,D,1900,良,9,6,未勝利,38.9,後方,17,11,16,京都,T,2000,良,8,4,新馬,37.7,中団,初,,,,,,,,,,,,,,,,,,,,,,,,
3,B,5,,,,,ジーティーピカソ,,牡,3,4,8,9,中京,D,1800,良,4,5,未勝利,38.5,追込,9,6,6,阪神,D,1800,良,6,3,未勝利,38.4,中団,11,3,22,中京,D,1800,良,8,2,未勝利,38.4,後方,3,2,28,阪神,D,1800,良,3,7,未勝利,38.5,差し,11,12,14,阪神,D,1400,稍,16,4,未勝利*,45.2,後方,4
4,B,6,,,,,ニシノエビガタメ,,牡,3,2,8,23,中京,D,1900,良,4,9,未勝利,38.9,差し,3,8,1,中京,D,1800,良,4,10,未勝利,39.4,差し,8,6,6,阪神,D,1800,良,11,5,未勝利,37.8,後方,4,5,10,京都,D,1900,良,4,5,未勝利,37.7,追込,6,3,29,阪神,D,2000,良,6,6,未勝利,39.5,中団,2
4,B,7,,,,,ソニックブーム,,牝,3,3,8,15,新潟,T,2000,良,7,7,未勝利,36.5,逃げ,3,7,26,中京,T,2200,良,6,6,未勝利,35.3,先行,2,7,11,小倉,T,2000,良,10,8,未勝利・牝,35.6,中団,9,5,10,新潟,T,1800,良,9,3,未勝利・牝,34.9,先行,3,4,18,福島,T,2000,良,3,5,未勝利・牝,35.6,差し,4
5,B,8,,,,,フォーシーファイン,,牡,3,5,8,1,中京,D,1800,良,12,12,未勝利,45.6,後方,27,1,25,京都,D,1900,良,12,12,未勝利,39.9,先行,2,1,10,京都,T,2400,良,12,8,未勝利,37.0,中団,8,11,16,京都,T,2000,良,5,3,新馬,36.0,中団,初,,,,,,,,,,,,
5,,9,,,,,ジューンマーチ,,牡,3,3,8,15,新潟,D,1800,良,3,9,未勝利,38.8,差し,4,7,18,小倉,D,1700,稍,10,4,未勝利,39.6,後方,3,6,28,小倉,D,1700,稍,4,4,未勝利,38.4,差し,4,5,30,京都,D,1800,良,4,8,未勝利,38.1,差し,11,3,14,阪神,D,1800,良,5,12,未勝利,39.0,先行,2
6,,10,,,,,ジャスティンアポロ,,牡,3,40,11,29,京都,D,1800,良,10,3,新馬,41.0,逃げ,初,,,,,,,,,,,,,,,,,,,,,,,,,,,,,,,,,,,,,,,,,,,,,,,,
6,,11,,,,,セキゾウ,,牡,3,2,8,23,中京,D,1800,良,7,11,未勝利,41.2,中団,11,6,7,阪神,D,1800,良,14,12,未勝利,40.7,後方,初,,,,,,,,,,,,,,,,,,,,,,,,,,,,,,,,,,,,
7,,12,,,,,フルドフォルク,,牡,3,2,8,23,中京,D,1200,良,10,14,未勝利,38.9,中団,2,8,8,中京,D,1200,良,8,10,未勝利,37.4,後方,5,7,4,小倉,D,1700,不,10,13,未勝利,38.4,中団,16,3,15,中京,D,1400,良,12,9,未勝利,39.5,逃げ,3,2,21,阪神,D,1800,良,5,10,新馬,39.4,逃げ,初
7,,13,,,,,ゼランテ,,牡,3,16,5,16,新潟,D,1800,良,9,4,未勝利,39.9,後方,3,4,26,京都,D,1800,良,4,4,未勝利,38.8,先行,4,3,28,阪神,T,1600,良,9,10,未勝利,34.6,後方,初,,,,,,,,,,,,,,,,,,,,,,,,
8,,14,,,,,アラムシャピラス,,牡,3,4,8,9,中京,D,1800,良,2,2,未勝利,39.2,逃げ,3,7,19,小倉,T,2000,良,3,1,未勝利,36.0,逃げ,14,4,11,福島,T,2000,良,2,1,未勝利,35.7,逃げ,3,3,21,中京,T,2000,良,2,1,未勝利,34.2,先行,13,12,20,阪神,T,2000,良,2,4,未勝利*,34.6,逃げ,2
8,,15,,,,,アスクハッピーマン,,牡,3,6,7,25,中京,D,1800,良,4,2,未勝利,39.5,先行,2,7,11,小倉,D,1700,良,3,2,未勝利,39.0,先行,8,5,17,京都,D,1900,良,6,2,未勝利,41.5,逃げ,2,5,3,京都,D,1900,稍,2,4,未勝利,38.2,先行,2,4,19,福島,D,1700,良,6,8,未勝利,38.8,中団,初
レースID(新),日付S,曜日,場所,開催,R,レース名,クラス名,芝・ダート,距離,コース区分,コーナー回数,馬場状態(暫定),天候(暫定),フルゲート頭数,発走時刻,性別限定,重量種別,年齢限定
2026090609040204,2026.9.6,日,阪神,4阪2,4,,未勝利,芝,2000,A,4,良(暫定),曇(暫定),16,11:30,,馬齢,３歳
枠番,B,番,印,M2,M3,M4,馬名S,Ｃ,性別,年齢,間隔,月,日,場所,TD,距離,馬場状態,着順,人気,ﾚｰｽ名･1走前,上り3F,決手,前走間隔,月,日,場所,TD,距離,馬場状態,着順,人気,ﾚｰｽ名･2走前,上り3F,決手,前走間隔,月,日,場所,TD,距離,馬場状態,着順,人気,ﾚｰｽ名･3走前,上り3F,決手,前走間隔,月,日,場所,TD,距離,馬場状態,着順,人気,ﾚｰｽ名･4走前,上り3F,決手,前走間隔,月,日,場所,TD,距離,馬場状態,着順,人気,ﾚｰｽ名･5走前,上り3F,決手,前走間隔
1,,1,,,,,ロールスワン,,牡,3,13,6,6,阪神,T,1600,良,12,6,未勝利,34.2,後方,初,,,,,,,,,,,,,,,,,,,,,,,,,,,,,,,,,,,,,,,,,,,,,,,,
1,,2,,,,,ディアーモルタル,,牝,3,4,8,9,中京,T,2000,良,7,10,未勝利,34.7,先行,9,6,6,阪神,T,1600,良,10,12,未勝利,34.1,後方,6,4,26,京都,T,1200,良,10,15,未勝利,33.8,中団,11,2,8,小倉,T,1200,良,13,12,未勝利・牝,35.0,後方,10,11,30,京都,T,1200,良,8,4,新馬,34.4,後方,初
2,,3,,,,,ティタノマキア,,牝,3,4,8,9,中京,T,2000,良,2,2,未勝利,34.0,先行,5,7,5,小倉,T,2000,重,8,2,未勝利・牝,38.6,先行,6,5,24,京都,T,2000,良,2,2,未勝利,35.9,逃げ,2,5,9,京都,T,2000,良,2,1,未勝利・牝,34.7,逃げ,12,2,14,京都,D,1800,稍,10,1,未勝利・牝,43.2,先行,4
2,,4,,,,,パンキー,,牡,3,連,8,29,中京,T,2000,良,4,5,未勝利,34.8,差し,4,8,1,中京,T,2000,良,3,2,未勝利,34.7,差し,4,7,5,函館,T,2000,良,9,5,未勝利,35.5,中団,2,6,21,函館,T,1800,良,10,3,未勝利,35.4,後方,12,3,28,阪神,T,1600,良,3,1,未勝利,34.8,先行,2
3,,5,,,,,レイワノキセキ,,牡,3,3,8,16,中京,D,1800,良,14,12,未勝利,40.6,後方,4,7,19,小倉,T,2000,良,10,7,未勝利,37.0,中団,2,7,4,小倉,T,2600,重,7,11,未勝利,38.6,中団,4,6,7,阪神,T,2000,稍,9,7,未勝利,36.6,中団,6,4,25,京都,T,2200,良,8,7,未勝利,35.8,先行,3
3,,6,,,,,フィールライクユー,,牝,3,5,8,2,中京,T,2000,良,13,15,未勝利・牝,35.4,中団,7,6,13,阪神,T,1800,良,12,10,未勝利,37.0,後方,3,5,23,新潟,T,2400,稍,7,8,未勝利,36.7,中団,3,5,3,新潟,T,2000,稍,5,13,未勝利・牝,35.4,後方,初,,,,,,,,,,,,
4,,7,,,,,ドットカモン,,牡,3,3,8,16,中京,T,2000,良,12,15,未勝利,34.9,後方,4,7,19,小倉,T,2000,良,8,10,未勝利,36.2,後方,5,6,14,阪神,T,2200,良,14,12,未勝利,38.0,中団,11,3,28,中京,T,2200,良,止,7,未勝利,----,,3,3,7,阪神,T,2400,稍,7,4,未勝利,35.1,後方,初
4,,8,,,,,オーマイラッキーン,,牝,3,3,8,16,中京,T,2000,良,4,10,未勝利,34.9,差し,2,8,2,中京,T,2000,良,8,12,未勝利・牝,35.3,中団,4,7,5,小倉,T,2000,重,12,7,未勝利・牝,39.0,中団,連,6,28,小倉,T,1800,良,4,6,未勝利,36.6,先行,2,6,14,阪神,D,1800,良,13,4,未勝利・牝,40.5,後方,7
5,,9,,,,,ミッキーギャラン,,牡,3,初,,,,,,,,,,,,,,,,,,,,,,,,,,,,,,,,,,,,,,,,,,,,,,,,,,,,,,,,,,,,
5,,10,,,,,グリミスティ,,牝,3,3,8,16,中京,T,2200,良,8,12,未勝利,36.6,先行,2,8,1,中京,T,2000,良,5,14,未勝利,35.4,中団,2,7,19,小倉,D,1700,良,9,8,未勝利・牝,40.4,後方,3,6,28,小倉,T,1800,良,5,11,未勝利,36.2,中団,6,5,17,京都,T,2000,良,10,6,未勝利,35.8,中団,3
6,,11,,,,,ライツェントライゼ,,牝,3,10,6,27,小倉,T,1800,重,13,4,未勝利・牝,36.4,中団,3,6,7,阪神,T,1800,良,5,5,未勝利・牝,34.0,中団,3,5,17,京都,T,2000,良,5,2,未勝利,35.0,先行,3,4,25,福島,T,2000,良,3,4,未勝利・牝,36.0,先行,31,9,20,阪神,T,2000,良,3,5,未勝利*,36.5,先行,2
6,B,12,,,,,ウィスピア,,牡,3,2,8,22,中京,T,2000,良,5,14,未勝利,34.3,中団,4,7,26,中京,D,1800,良,11,12,未勝利,43.1,中団,8,5,31,京都,D,1900,良,6,13,未勝利,38.4,中団,5,4,26,京都,D,1800,良,9,7,未勝利,40.0,中団,13,1,24,小倉,T,2000,良,14,17,新馬,34.4,後方,初
7,,13,,,,,インヴァイト,,牝,3,6,7,25,中京,T,1600,良,16,14,未勝利・牝,34.3,後方,初,,,,,,,,,,,,,,,,,,,,,,,,,,,,,,,,,,,,,,,,,,,,,,,,
7,,14,,,,,ヴェルサイユシエル,,牝,3,2,8,22,中京,T,1600,良,12,9,未勝利,34.6,後方,初,,,,,,,,,,,,,,,,,,,,,,,,,,,,,,,,,,,,,,,,,,,,,,,,
8,,15,,,,,クロスボーダー,,牝,3,4,8,9,中京,T,2000,良,5,1,未勝利,34.3,中団,6,6,27,小倉,T,2000,稍,3,2,未勝利,36.6,先行,3,6,7,阪神,T,1800,良,4,1,未勝利・牝,33.7,差し,6,4,25,京都,T,1600,良,4,6,未勝利,34.3,差し,4,3,28,阪神,T,1600,良,4,2,未勝利,34.6,差し,8
8,,16,,,,,ノチェブエナ,,牝,3,3,8,16,中京,T,2200,良,16,6,未勝利,36.5,中団,2,8,2,中京,T,2000,良,7,14,未勝利・牝,34.6,中団,6,6,20,阪神,T,1800,稍,15,8,未勝利,36.5,後方,初,,,,,,,,,,,,,,,,,,,,,,,,
レースID(新),日付S,曜日,場所,開催,R,レース名,クラス名,芝・ダート,距離,コース区分,コーナー回数,馬場状態(暫定),天候(暫定),フルゲート頭数,発走時刻,性別限定,重量種別,年齢限定
2026090609040205,2026.9.6,日,阪神,4阪2,5,,新馬,芝,1800,A,2,良(暫定),曇(暫定),18,12:20,,馬齢,２歳
枠番,B,番,印,M2,M3,M4,馬名S,Ｃ,性別,年齢,間隔,月,日,場所,TD,距離,馬場状態,着順,人気,ﾚｰｽ名･1走前,上り3F,決手,前走間隔,月,日,場所,TD,距離,馬場状態,着順,人気,ﾚｰｽ名･2走前,上り3F,決手,前走間隔,月,日,場所,TD,距離,馬場状態,着順,人気,ﾚｰｽ名･3走前,上り3F,決手,前走間隔,月,日,場所,TD,距離,馬場状態,着順,人気,ﾚｰｽ名･4走前,上り3F,決手,前走間隔,月,日,場所,TD,距離,馬場状態,着順,人気,ﾚｰｽ名･5走前,上り3F,決手,前走間隔
1,,1,,,,,リスグロワール,,牝,2,初,,,,,,,,,,,,,,,,,,,,,,,,,,,,,,,,,,,,,,,,,,,,,,,,,,,,,,,,,,,,
2,,2,,,,,エモティコン,,牡,2,初,,,,,,,,,,,,,,,,,,,,,,,,,,,,,,,,,,,,,,,,,,,,,,,,,,,,,,,,,,,,
3,,3,,,,,マーゴットプレ,,牝,2,初,,,,,,,,,,,,,,,,,,,,,,,,,,,,,,,,,,,,,,,,,,,,,,,,,,,,,,,,,,,,
4,,4,,,,,ガヤーズアモーレ,,牝,2,初,,,,,,,,,,,,,,,,,,,,,,,,,,,,,,,,,,,,,,,,,,,,,,,,,,,,,,,,,,,,
5,,5,,,,,アストラルライト,,牝,2,初,,,,,,,,,,,,,,,,,,,,,,,,,,,,,,,,,,,,,,,,,,,,,,,,,,,,,,,,,,,,
6,,6,,,,,シーグロリオーゾ,,牡,2,初,,,,,,,,,,,,,,,,,,,,,,,,,,,,,,,,,,,,,,,,,,,,,,,,,,,,,,,,,,,,
7,,7,,,,,ルージュムーサ,,牝,2,初,,,,,,,,,,,,,,,,,,,,,,,,,,,,,,,,,,,,,,,,,,,,,,,,,,,,,,,,,,,,
7,,8,,,,,ロードメガロポリス,,牡,2,初,,,,,,,,,,,,,,,,,,,,,,,,,,,,,,,,,,,,,,,,,,,,,,,,,,,,,,,,,,,,
8,,9,,,,,ハートノート,,牝,2,初,,,,,,,,,,,,,,,,,,,,,,,,,,,,,,,,,,,,,,,,,,,,,,,,,,,,,,,,,,,,
8,,10,,,,,レイディアントサン,,牡,2,初,,,,,,,,,,,,,,,,,,,,,,,,,,,,,,,,,,,,,,,,,,,,,,,,,,,,,,,,,,,,
レースID(新),日付S,曜日,場所,開催,R,レース名,クラス名,芝・ダート,距離,コース区分,コーナー回数,馬場状態(暫定),天候(暫定),フルゲート頭数,発走時刻,性別限定,重量種別,年齢限定
2026090609040206,2026.9.6,日,阪神,4阪2,6,,1勝,ダート,1800,,4,稍(暫定),曇(暫定),16,12:50,牝,定量,３上
枠番,B,番,印,M2,M3,M4,馬名S,Ｃ,性別,年齢,間隔,月,日,場所,TD,距離,馬場状態,着順,人気,ﾚｰｽ名･1走前,上り3F,決手,前走間隔,月,日,場所,TD,距離,馬場状態,着順,人気,ﾚｰｽ名･2走前,上り3F,決手,前走間隔,月,日,場所,TD,距離,馬場状態,着順,人気,ﾚｰｽ名･3走前,上り3F,決手,前走間隔,月,日,場所,TD,距離,馬場状態,着順,人気,ﾚｰｽ名･4走前,上り3F,決手,前走間隔,月,日,場所,TD,距離,馬場状態,着順,人気,ﾚｰｽ名･5走前,上り3F,決手,前走間隔
1,B,1,,,,,フェルシナ,,牝,4,3,8,15,中京,T,1600,良,13,8,１勝ｸﾗｽ,33.9,中団,12,5,23,東京,T,1600,良,13,10,１勝ｸﾗｽ,34.5,中団,8,3,29,中京,T,1600,良,7,7,１勝ｸﾗｽ,33.9,中団,2,3,14,中京,T,1600,良,11,3,１勝ｸﾗｽ,34.8,中団,12,12,21,中京,T,1600,稍,2,4,１勝ｸﾗｽ・牝,35.5,先行,2
2,B,2,,,,,ヴェントステラーレ,,牝,4,13,6,7,阪神,D,1800,稍,16,14,１勝ｸﾗｽ・牝,39.9,後方,15,2,19,笠松,D,1600,良,1,1,寒梅特,----,先行,3,2,4,笠松,D,1600,良,1,1,立春賞,----,先行,2,1,21,笠松,D,1400,良,1,1,たすろ,----,逃げ,18,9,15,阪神,D,1800,良,9,6,未勝利,39.6,中団,2
3,B,3,,,,,ルルフィーユ,,牝,5,3,8,16,中京,D,1800,良,8,15,１勝ｸﾗｽ・牝,39.4,後方,3,7,25,中京,D,1800,良,6,8,１勝ｸﾗｽ,39.4,先行,3,7,5,小倉,S,2860,重,10,12,障害未勝利,13.8,後方,6,5,24,新潟,S,2890,稍,12,8,障害未勝利,13.9,後方,13,2,22,小倉,S,2860,良,9,10,障害未勝利,14.0,後方,15
4,B,4,,,,,アルビオン,,牝,3,12,6,14,阪神,D,1800,良,1,11,未勝利・牝,38.4,先行,12,3,21,中京,T,2000,良,15,17,未勝利・牝,35.8,後方,4,2,22,小倉,T,1800,良,5,16,未勝利・牝,35.6,後方,5,1,18,京都,T,1600,良,18,18,未勝利,37.2,後方,4,12,21,阪神,T,1200,重,10,6,新馬,36.4,後方,初
5,,5,,,,,インマイポケット,,牝,5,15,5,23,東京,T,1600,良,11,5,１勝ｸﾗｽ,33.8,後方,40,8,17,札幌,T,1500,稍,4,3,１勝ｸﾗｽ・牝,35.1,差し,20,3,29,中京,T,2000,重,10,1,１勝ｸﾗｽ・牝,38.1,先行,4,3,1,小倉,T,1800,良,3,2,１勝ｸﾗｽ・牝,36.3,差し,2,2,16,小倉,T,1800,良,3,3,１勝ｸﾗｽ・牝,35.6,差し,11
5,,6,,,,,ガールズデイアウト,,牝,4,3,8,16,中京,D,1800,良,3,6,１勝ｸﾗｽ・牝,39.7,差し,50,8,31,札幌,D,1700,稍,5,6,１勝ｸﾗｽ・牝,37.3,先行,3,8,9,札幌,D,1700,重,5,5,１勝ｸﾗｽ・牝,37.2,中団,2,7,27,札幌,D,1700,不,8,4,１勝ｸﾗｽ・牝,39.1,中団,14,4,19,阪神,D,1800,良,1,1,未勝利・牝,38.6,差し,2
6,,7,,,,,マクノス,,牝,3,11,6,20,阪神,D,1800,稍,1,6,未勝利・牝,40.3,先行,2,6,6,阪神,D,1800,良,2,2,未勝利・牝,38.7,差し,2,5,24,京都,D,1800,良,2,4,未勝利・牝,39.5,先行,6,4,11,阪神,D,1800,重,4,14,未勝利・牝,39.3,差し,7,2,22,小倉,D,1700,良,5,10,未勝利・牝,39.8,中団,13
6,,8,,,,,アリストクラシア,,牝,5,8,7,12,函館,D,1700,不,7,6,１勝ｸﾗｽ・牝,37.3,後方,2,6,28,函館,D,1700,稍,5,1,１勝ｸﾗｽ・牝,37.5,中団,8,5,2,京都,D,1800,稍,4,6,１勝ｸﾗｽ・牝,36.2,差し,3,4,11,阪神,D,1800,重,4,3,１勝ｸﾗｽ・牝,37.2,差し,9,2,10,京都,D,1800,良,3,4,１勝ｸﾗｽ・牝,37.5,先行,4
7,,9,,,,,シュネルアンジュ,,牝,3,17,5,10,京都,D,1800,良,2,1,１勝ｸﾗｽ・牝*,37.3,追込,3,4,18,阪神,D,1800,良,3,2,１勝ｸﾗｽ・牝*,38.0,差し,6,3,8,阪神,D,1800,良,2,1,１勝ｸﾗｽ・牝*,38.3,差し,5,1,31,京都,D,1800,良,5,4,１勝ｸﾗｽ*,36.8,中団,10,11,23,京都,D,1800,良,1,2,新馬・牝,37.1,先行,初
7,,10,,,,,ザラタン,,牝,4,3,8,16,中京,D,1800,良,12,3,１勝ｸﾗｽ・牝,40.7,後方,7,6,27,小倉,D,1700,重,9,3,１勝ｸﾗｽ・牝,39.5,中団,3,6,7,阪神,D,1800,稍,5,8,１勝ｸﾗｽ・牝,37.3,中団,3,5,16,新潟,D,1800,良,2,4,１勝ｸﾗｽ,38.2,差し,3,4,26,福島,D,1700,良,8,4,１勝ｸﾗｽ・牝,37.6,中団,9
8,,11,,,,,ガイラルディア,,牝,4,2,8,22,中京,D,1900,良,7,8,瀬戸特別･1勝,39.0,中団,22,3,21,阪神,D,1800,良,6,6,１勝ｸﾗｽ・牝,38.2,中団,連,3,14,阪神,D,1800,良,6,10,１勝ｸﾗｽ・牝,39.7,中団,9,1,12,京都,D,1800,良,7,8,１勝ｸﾗｽ・牝,38.2,後方,10,11,4,笠松,D,1400,良,1,1,立冬特,----,逃げ,2
8,B,12,,,,,ミティリーニ,,牝,3,12,6,13,阪神,T,1600,良,12,14,１勝ｸﾗｽ・牝,33.8,中団,5,5,10,京都,D,1800,良,7,8,１勝ｸﾗｽ・牝*,39.0,後方,13,2,7,小倉,D,1700,良,1,4,未勝利・牝,38.5,差し,12,11,16,京都,D,1400,良,12,1,未勝利・牝*,38.4,中団,7,9,28,阪神,T,1400,良,4,1,未勝利・牝*,35.5,先行,6
レースID(新),日付S,曜日,場所,開催,R,レース名,クラス名,芝・ダート,距離,コース区分,コーナー回数,馬場状態(暫定),天候(暫定),フルゲート頭数,発走時刻,性別限定,重量種別,年齢限定
2026090609040207,2026.9.6,日,阪神,4阪2,7,,1勝,芝,1600,A,2,良(暫定),曇(暫定),18,13:20,,定量,３上
枠番,B,番,印,M2,M3,M4,馬名S,Ｃ,性別,年齢,間隔,月,日,場所,TD,距離,馬場状態,着順,人気,ﾚｰｽ名･1走前,上り3F,決手,前走間隔,月,日,場所,TD,距離,馬場状態,着順,人気,ﾚｰｽ名･2走前,上り3F,決手,前走間隔,月,日,場所,TD,距離,馬場状態,着順,人気,ﾚｰｽ名･3走前,上り3F,決手,前走間隔,月,日,場所,TD,距離,馬場状態,着順,人気,ﾚｰｽ名･4走前,上り3F,決手,前走間隔,月,日,場所,TD,距離,馬場状態,着順,人気,ﾚｰｽ名･5走前,上り3F,決手,前走間隔
1,,1,,,,,エレガンスアスク,,牝,3,21,4,12,阪神,T,1600,良,8,14,桜花賞G1,34.3,後方,6,3,1,阪神,T,1600,良,7,6,チューリG2,33.7,先行,3,2,10,京都,T,1600,良,1,1,新馬,34.1,先行,初,,,,,,,,,,,,,,,,,,,,,,,,
2,,2,,,,,コマチチャン,,牝,3,2,8,23,中京,D,1200,良,14,11,豊川特別･1勝,38.4,中団,11,6,6,阪神,D,1400,良,13,6,１勝ｸﾗｽ,38.7,中団,15,2,21,阪神,D,1200,良,1,2,未勝利・牝,36.8,追込,8,12,28,阪神,T,1400,良,10,5,未勝利*,35.9,中団,7,11,9,京都,T,1600,稍,5,6,未勝利・牝*,36.6,逃げ,3
3,,3,,,,,マゲバスピード,,牡,3,28,2,22,東京,T,1600,良,2,3,１勝ｸﾗｽ*,35.2,先行,5,1,18,京都,T,1600,良,1,2,未勝利,36.3,先行,3,12,27,阪神,T,1600,良,2,1,未勝利*,35.1,先行,27,6,22,東京,T,1600,良,2,4,新馬,35.3,逃げ,初,,,,,,,,,,,,
3,,4,,,,,バースデイフライト,,牝,3,6,7,26,中京,T,1600,良,3,1,１勝ｸﾗｽ・牝,33.6,差し,6,6,13,阪神,T,1600,良,2,4,１勝ｸﾗｽ・牝,33.6,先行,2,5,31,京都,T,1800,良,4,6,白百合Ｓ(L),32.8,差し,7,4,12,阪神,T,2000,良,6,10,忘れな草(L),36.4,中団,3,3,21,中山,T,1800,良,9,13,フラワーG3,33.8,後方,13
4,,5,,,,,ムーンライトラガー,,牝,4,11,6,20,阪神,T,1600,重,8,6,１勝ｸﾗｽ,35.0,中団,3,5,30,京都,T,1600,良,5,1,１勝ｸﾗｽ,34.1,中団,4,5,2,京都,T,1600,良,3,3,１勝ｸﾗｽ,33.5,差し,5,3,28,中京,T,1600,良,8,1,１勝ｸﾗｽ・牝,33.7,後方,8,1,31,京都,T,1600,良,3,5,１勝ｸﾗｽ,33.4,追込,4
4,,6,,,,,リガーレ,,牡,4,11,6,20,阪神,T,1600,重,7,8,１勝ｸﾗｽ,34.8,中団,3,5,30,京都,T,1600,良,4,2,１勝ｸﾗｽ,34.4,差し,28,11,15,京都,D,1800,良,15,3,１勝ｸﾗｽ,41.0,逃げ,2,11,2,京都,T,2200,良,4,3,１勝ｸﾗｽ,34.4,先行,30,4,5,阪神,T,2400,良,4,3,アザレア･1勝,36.0,差し,2
5,,7,,,,,アイガーリー,,牡,3,16,5,16,京都,T,2000,良,10,9,あずさ賞･1勝,36.1,中団,3,4,25,京都,T,1800,良,4,5,あやめ賞･1勝,34.2,先行,5,3,22,中京,T,1600,良,6,7,フローラ･1勝,33.6,後方,5,2,14,京都,T,1600,良,11,5,こぶし賞･1勝,35.7,先行,13,11,15,京都,T,1600,良,3,7,デイリーG2,35.2,先行,9
5,,8,,,,,ビーチェマーレ,,セ,3,13,6,6,阪神,T,1600,良,1,3,未勝利,34.1,先行,25,12,14,阪神,D,1400,稍,6,5,未勝利*,38.5,中団,3,11,23,京都,D,1400,良,5,5,未勝利*,38.9,中団,2,11,8,京都,T,1400,良,5,1,新馬,35.4,後方,初,,,,,,,,,,,,
6,,9,,,,,プチプランス,,牡,4,3,8,15,中京,T,1600,良,2,9,１勝ｸﾗｽ,33.4,差し,34,12,21,中京,T,1600,稍,10,4,１勝ｸﾗｽ,36.0,中団,3,11,30,京都,D,1400,良,10,4,１勝ｸﾗｽ,39.0,中団,5,10,25,京都,D,1800,良,10,3,１勝ｸﾗｽ,39.6,中団,2,10,13,東京,T,1600,良,6,6,１勝ｸﾗｽ,34.1,先行,18
6,,10,,,,,ベイリークロア,,牡,4,11,6,20,阪神,T,1600,重,14,10,１勝ｸﾗｽ,35.8,中団,3,5,30,京都,T,1600,良,2,6,１勝ｸﾗｽ,34.3,先行,11,3,14,中京,T,1600,良,6,7,１勝ｸﾗｽ,34.8,先行,7,1,25,京都,T,1800,良,6,6,１勝ｸﾗｽ,34.7,後方,3,1,5,京都,T,1600,良,6,3,１勝ｸﾗｽ,34.0,中団,16
7,,11,,,,,マイコンチェルト,,牡,3,16,5,17,京都,D,1800,良,15,9,１勝ｸﾗｽ*,39.2,後方,3,4,23,名古,D,1500,不,1,3,名古屋,----,先行,13,1,24,京都,T,2200,良,16,9,未勝利,36.6,後方,16,10,4,京都,T,2000,稍,5,2,未勝利*,35.1,中団,8,8,10,中京,T,2000,良,9,6,新馬,34.9,先行,初
7,,12,,,,,ファニーバニー,,牝,3,2,8,23,札幌,T,1500,良,13,5,１勝ｸﾗｽ,39.1,逃げ,8,6,27,函館,T,1200,稍,8,4,長万部特･1勝,35.0,中団,連,6,21,函館,T,1200,良,6,3,１勝ｸﾗｽ・牝,35.0,中団,7,5,2,京都,T,1400,良,3,7,１勝ｸﾗｽ*,34.2,逃げ,8,3,7,阪神,T,1400,良,14,9,フィリーG2,35.6,先行,8
8,,13,,,,,ロードレジェロ,,牡,4,64,6,14,阪神,T,1800,稍,1,1,未勝利,34.8,先行,13,3,15,阪神,T,1800,良,11,2,未勝利,34.7,中団,4,2,16,京都,T,2000,稍,2,1,未勝利,36.0,先行,10,12,7,中京,T,2000,良,2,1,未勝利*,35.0,逃げ,3,11,17,京都,T,1800,良,2,2,新馬,33.9,先行,初
8,,14,,,,,ベネサルート,,牡,3,15,5,24,京都,T,1200,良,7,7,１勝ｸﾗｽ*,33.8,中団,9,3,21,阪神,D,1400,良,12,3,１勝ｸﾗｽ*,38.6,中団,12,12,27,阪神,T,1400,良,5,7,万両賞･1勝*,34.1,先行,4,11,30,東京,T,1600,良,5,3,ベゴニア･1勝,35.0,先行,12,9,6,阪神,T,1400,良,1,2,新馬,34.2,先行,初
レースID(新),日付S,曜日,場所,開催,R,レース名,クラス名,芝・ダート,距離,コース区分,コーナー回数,馬場状態(暫定),天候(暫定),フルゲート頭数,発走時刻,性別限定,重量種別,年齢限定
2026090609040208,2026.9.6,日,阪神,4阪2,8,武田尾特別,2勝,芝,1600,A,2,良(暫定),曇(暫定),18,13:50,,定量,３上
枠番,B,番,印,M2,M3,M4,馬名S,Ｃ,性別,年齢,間隔,月,日,場所,TD,距離,馬場状態,着順,人気,ﾚｰｽ名･1走前,上り3F,決手,前走間隔,月,日,場所,TD,距離,馬場状態,着順,人気,ﾚｰｽ名･2走前,上り3F,決手,前走間隔,月,日,場所,TD,距離,馬場状態,着順,人気,ﾚｰｽ名･3走前,上り3F,決手,前走間隔,月,日,場所,TD,距離,馬場状態,着順,人気,ﾚｰｽ名･4走前,上り3F,決手,前走間隔,月,日,場所,TD,距離,馬場状態,着順,人気,ﾚｰｽ名･5走前,上り3F,決手,前走間隔
1,,1,,,,,テーオーアルアイン,,牡,3,12,6,14,東京,T,1600,良,4,2,芦ノ湖特･2勝,33.6,差し,2,5,31,京都,T,1800,良,3,2,白百合Ｓ(L),33.0,先行,10,3,22,中京,T,1600,良,1,8,フローラ･1勝,33.1,追込,2,3,8,阪神,T,1800,良,5,1,アルメリ･1勝,35.5,先行,10,12,27,中山,T,2000,良,9,13,ホープフG1,36.0,逃げ,2
2,,2,,,,,ストップザタイム,,セ,7,68,5,18,新潟,T,2000,良,2,2,信濃川特･2勝,34.9,逃げ,4,4,20,阪神,T,2000,良,3,1,蓬莱峡特･2勝,35.3,逃げ,3,3,29,中京,T,2200,稍,3,2,熊野特別･2勝,38.1,先行,31,8,25,札幌,T,1800,良,5,5,WASJ第４･2勝,35.1,中団,2,8,11,札幌,T,2000,良,9,6,藻岩山特･2勝,37.8,先行,8
3,,3,,,,,ツーネサーン,,牡,5,連,8,29,中京,T,1400,良,8,7,桑名特別･2勝,33.5,中団,12,6,6,東京,T,1400,良,7,4,テレビＨ･2勝,33.6,中団,2,5,23,東京,T,1400,良,3,5,高尾特別･2勝,32.9,差し,2,5,10,東京,T,1400,良,2,6,２勝ｸﾗｽ,33.9,先行,5,4,4,阪神,D,1400,重,13,2,２勝ｸﾗｽ,37.2,先行,連
4,,4,,,,,ダノンカゼルタ,,セ,4,8,7,12,小倉,T,2000,良,2,4,西部スＨ･2勝,36.4,先行,3,6,21,阪神,T,2000,稍,4,5,高砂特別･2勝,36.7,先行,3,5,31,東京,T,2400,良,12,9,青嵐賞･2勝,36.0,逃げ,3,5,9,京都,T,2000,良,5,5,鴨川特別･2勝,34.7,中団,6,3,28,中京,T,2000,良,1,9,１勝ｸﾗｽ,33.9,先行,6
5,,5,,,,,ショウナンバルドル,,セ,4,4,8,8,中京,T,1600,良,5,2,納屋橋特･2勝,33.1,後方,7,6,20,阪神,T,1600,稍,7,2,舞子特Ｈ･2勝,34.4,中団,4,5,24,京都,T,1800,良,2,2,聖護院特･2勝,33.3,差し,4,4,25,京都,T,1600,良,2,7,２勝ｸﾗｽ,33.7,追込,7,3,7,阪神,T,1600,良,5,7,２勝ｸﾗｽ,34.1,中団,10
6,B,6,,,,,バルセシート,,牡,3,4,8,8,中京,T,1600,良,1,1,１勝ｸﾗｽ,33.6,先行,13,5,10,東京,T,1600,良,10,9,ＮＨＫマG1,33.5,後方,5,4,4,阪神,T,1600,稍,3,3,チャーチG3,33.5,差し,3,3,15,阪神,T,1600,良,2,1,１勝ｸﾗｽ*,33.3,先行,9,1,12,京都,T,1600,良,4,2,シンザンG3,34.0,追込,6
7,,7,,,,,クイックバイオ,,牝,5,4,8,8,中京,T,1600,良,3,7,納屋橋特･2勝,33.9,先行,20,3,22,阪神,T,1600,良,2,6,皆生特別･2勝,34.1,差し,11,1,4,京都,T,1400,良,6,12,２勝ｸﾗｽ,33.9,中団,連,12,28,阪神,T,1600,良,11,8,フォーＨ･2勝,33.2,後方,3,12,7,阪神,T,1400,良,7,11,２勝ｸﾗｽ,34.9,中団,8
レースID(新),日付S,曜日,場所,開催,R,レース名,クラス名,芝・ダート,距離,コース区分,コーナー回数,馬場状態(暫定),天候(暫定),フルゲート頭数,発走時刻,性別限定,重量種別,年齢限定
2026090609040209,2026.9.6,日,阪神,4阪2,9,,1勝,ダート,1800,,4,稍(暫定),曇(暫定),16,14:20,,定量,３上
枠番,B,番,印,M2,M3,M4,馬名S,Ｃ,性別,年齢,間隔,月,日,場所,TD,距離,馬場状態,着順,人気,ﾚｰｽ名･1走前,上り3F,決手,前走間隔,月,日,場所,TD,距離,馬場状態,着順,人気,ﾚｰｽ名･2走前,上り3F,決手,前走間隔,月,日,場所,TD,距離,馬場状態,着順,人気,ﾚｰｽ名･3走前,上り3F,決手,前走間隔,月,日,場所,TD,距離,馬場状態,着順,人気,ﾚｰｽ名･4走前,上り3F,決手,前走間隔,月,日,場所,TD,距離,馬場状態,着順,人気,ﾚｰｽ名･5走前,上り3F,決手,前走間隔
1,,1,,,,,タイセイサーブル,,牡,3,3,8,15,中京,D,1400,良,13,12,１勝ｸﾗｽ,38.4,後方,15,5,2,新潟,D,1800,重,13,12,わらび賞･1勝,40.2,後方,4,4,5,阪神,D,1800,重,1,1,未勝利,36.3,逃げ,4,3,8,阪神,D,1800,良,3,8,未勝利,38.2,先行,2,2,21,阪神,D,1800,良,6,6,新馬,38.6,中団,初
1,,2,,,,,メイショウサッソウ,,牡,3,3,8,15,中京,D,1800,良,5,11,１勝ｸﾗｽ,38.2,後方,12,5,24,京都,D,1900,良,8,11,１勝ｸﾗｽ*,39.7,中団,3,5,3,京都,D,1900,稍,1,8,未勝利,38.1,先行,7,3,15,中京,D,1800,良,7,3,未勝利,38.6,中団,2,3,1,小倉,D,1700,稍,外,--,未勝利,----,,7
2,,3,,,,,ボーントゥウォリア,,牡,3,11,6,21,阪神,D,1800,重,1,3,未勝利,37.5,差し,初,,,,,,,,,,,,,,,,,,,,,,,,,,,,,,,,,,,,,,,,,,,,,,,,
2,,4,,,,,ロードヴェリタス,,牡,3,11,6,20,阪神,D,1800,稍,6,8,１勝ｸﾗｽ,37.7,後方,2,6,7,阪神,D,1800,良,1,1,未勝利,37.9,先行,13,3,8,阪神,D,1800,良,2,3,未勝利,38.0,先行,3,2,14,京都,D,1900,稍,3,5,未勝利,37.9,先行,3,1,25,京都,D,1900,良,8,5,未勝利,38.8,後方,2
3,,5,,,,,ドウジャスティ,,牡,4,54,8,24,中京,D,1900,良,1,3,未勝利,39.5,逃げ,5,7,19,小倉,D,1700,重,9,1,未勝利,38.4,中団,12,4,27,福島,T,2000,良,7,2,未勝利,36.7,先行,2,4,13,福島,T,1800,良,2,5,未勝利,35.5,先行,初,,,,,,,,,,,,
3,,6,,,,,アスクチャンスマン,,牡,3,6,7,25,中京,D,1800,良,3,1,１勝ｸﾗｽ,38.4,差し,5,6,20,阪神,D,1800,稍,2,1,１勝ｸﾗｽ,36.8,差し,11,4,5,阪神,D,1800,重,6,5,１勝ｸﾗｽ*,35.8,後方,9,2,1,京都,D,1900,良,1,1,未勝利,37.4,ﾏｸﾘ,4,1,5,京都,D,1900,良,3,3,未勝利,37.6,追込,2
4,,7,,,,,ドメイン,,牡,3,5,8,2,中京,D,1900,良,5,8,１勝ｸﾗｽ,40.2,逃げ,14,4,25,京都,D,1800,稍,9,8,１勝ｸﾗｽ*,37.8,後方,3,4,5,阪神,D,1800,重,7,12,１勝ｸﾗｽ*,37.5,逃げ,10,1,25,京都,D,1900,良,1,3,未勝利,38.7,逃げ,2,1,10,京都,D,1900,良,3,3,未勝利,38.4,先行,3
4,B,8,,,,,エイユーファイヤー,,牡,4,4,8,8,中京,D,1800,良,5,6,恵那特別･1勝,37.7,中団,8,6,13,阪神,D,1800,良,11,11,１勝ｸﾗｽ,39.8,後方,7,4,26,京都,D,1800,良,5,2,１勝ｸﾗｽ,38.4,中団,3,4,4,阪神,D,1800,稍,3,1,１勝ｸﾗｽ,37.6,差し,8,2,10,京都,D,1800,良,4,3,１勝ｸﾗｽ,39.3,差し,4
5,,9,,,,,ゼンノゾンターク,,牡,3,3,8,19,名古,D,1500,良,1,2,名古屋,----,先行,4,7,18,小倉,D,1700,稍,4,10,未勝利,38.4,先行,3,6,27,小倉,T,2000,稍,10,8,未勝利,38.3,中団,4,5,30,京都,T,2400,良,8,8,未勝利,36.0,先行,2,5,16,京都,T,1800,良,6,9,未勝利,34.7,中団,初
5,,10,,,,,ブラックレジェンド,,牡,3,7,7,18,小倉,D,1700,稍,2,3,１勝ｸﾗｽ,38.7,先行,3,6,28,小倉,D,1700,稍,3,1,１勝ｸﾗｽ,39.2,先行,9,4,25,京都,D,1800,稍,5,5,１勝ｸﾗｽ*,38.6,先行,8,2,28,小倉,D,1700,重,4,2,１勝ｸﾗｽ*,37.8,先行,5,1,25,小倉,D,1700,良,1,4,未勝利,37.2,先行,8
6,,11,,,,,アメリカンコール,,牡,3,11,6,20,阪神,D,1800,稍,3,5,１勝ｸﾗｽ,37.5,先行,13,3,22,阪神,D,1800,良,12,1,１勝ｸﾗｽ*,39.4,先行,12,12,27,阪神,D,1800,稍,1,1,新馬,36.7,先行,初,,,,,,,,,,,,,,,,,,,,,,,,
6,,12,,,,,レーンアジリティ,,牡,4,4,8,8,中京,D,1800,良,10,7,恵那特別･1勝,38.8,後方,3,7,18,小倉,D,1700,稍,12,10,１勝ｸﾗｽ,39.6,中団,13,4,19,阪神,D,1800,良,5,8,１勝ｸﾗｽ,37.0,中団,4,3,22,阪神,D,1800,良,2,5,１勝ｸﾗｽ,38.4,ﾏｸﾘ,3,2,28,阪神,D,1800,良,8,5,１勝ｸﾗｽ,38.8,後方,4
7,,13,,,,,ミランド,,牡,3,6,7,25,中京,D,1800,良,11,4,１勝ｸﾗｽ,40.1,後方,4,6,28,小倉,D,1700,稍,4,5,１勝ｸﾗｽ,37.8,追込,15,3,15,阪神,D,1800,良,1,3,未勝利,37.7,差し,4,2,15,小倉,T,1800,稍,9,5,未勝利,35.2,後方,7,12,27,阪神,T,2000,良,6,13,新馬,34.8,逃げ,初
7,,14,,,,,パイオニアスクエア,,牡,4,6,7,25,新潟,D,1800,稍,2,2,清津峡特･1勝,39.3,先行,4,6,27,小倉,T,2000,稍,5,6,八代特別･1勝,35.4,逃げ,7,5,10,新潟,T,2400,良,8,4,荒川峡特･1勝,36.6,先行,6,3,29,中京,T,2200,良,2,8,１勝ｸﾗｽ,35.2,逃げ,29,9,7,阪神,T,2000,良,3,2,未勝利,36.3,差し,3
8,,15,,,,,ケイアイアマゾン,,牡,3,3,8,15,中京,D,1800,良,2,7,１勝ｸﾗｽ,37.9,差し,16,4,25,京都,D,1800,稍,7,7,１勝ｸﾗｽ*,38.0,中団,3,4,5,阪神,D,1800,重,5,13,１勝ｸﾗｽ*,36.8,先行,3,3,14,中京,D,1800,良,7,13,１勝ｸﾗｽ*,38.6,中団,12,12,21,阪神,D,1800,稍,1,8,未勝利*,38.5,先行,2
8,,16,,,,,スターチスブーケ,,牝,5,3,8,15,新潟,D,1800,良,7,14,三国特別･1勝,39.3,中団,8,6,21,東京,T,1600,稍,13,14,１勝ｸﾗｽ,35.5,中団,3,5,31,東京,T,1800,良,5,9,１勝ｸﾗｽ,35.0,先行,3,5,9,新潟,D,1200,稍,10,14,１勝ｸﾗｽ,39.0,中団,7,3,21,中山,D,1200,良,11,13,１勝ｸﾗｽ,37.5,後方,6
レースID(新),日付S,曜日,場所,開催,R,レース名,クラス名,芝・ダート,距離,コース区分,コーナー回数,馬場状態(暫定),天候(暫定),フルゲート頭数,発走時刻,性別限定,重量種別,年齢限定
2026090609040210,2026.9.6,日,阪神,4阪2,10,オークランドサラブレッドレーシングＴ,3勝,ダート,1200,,2,稍(暫定),曇(暫定),16,14:55,,ﾊﾝﾃﾞ,３上
枠番,B,番,印,M2,M3,M4,馬名S,Ｃ,性別,年齢,間隔,月,日,場所,TD,距離,馬場状態,着順,人気,ﾚｰｽ名･1走前,上り3F,決手,前走間隔,月,日,場所,TD,距離,馬場状態,着順,人気,ﾚｰｽ名･2走前,上り3F,決手,前走間隔,月,日,場所,TD,距離,馬場状態,着順,人気,ﾚｰｽ名･3走前,上り3F,決手,前走間隔,月,日,場所,TD,距離,馬場状態,着順,人気,ﾚｰｽ名･4走前,上り3F,決手,前走間隔,月,日,場所,TD,距離,馬場状態,着順,人気,ﾚｰｽ名･5走前,上り3F,決手,前走間隔
1,,1,,,,,ボディブロー,,牡,5,9,7,4,福島,D,1150,稍,6,6,ＴＵＦ杯･3勝,36.0,先行,9,5,3,新潟,D,1200,稍,13,12,越後Ｓ,36.4,後方,2,4,19,阪神,D,1200,良,7,5,陽春ＳＨ･3勝,35.9,先行,7,3,1,阪神,D,1200,良,1,6,２勝ｸﾗｽ,35.8,差し,5,1,28,名古,D,1500,良,1,1,名古屋,----,先行,7
2,,2,,,,,ランウインディ,,牝,5,5,8,1,中京,D,1400,良,9,12,桶狭間Ｓ･3勝,37.7,中団,20,3,15,中京,D,1200,良,1,4,伊良湖特･2勝,36.0,先行,4,2,15,京都,D,1200,良,8,5,２勝ｸﾗｽ・牝,36.7,中団,18,10,12,京都,D,1200,良,4,7,円山特別･2勝,35.9,先行,2,9,27,阪神,D,1200,良,2,5,２勝ｸﾗｽ,36.4,先行,2
3,B,3,,,,,ビバップ,,牡,5,3,8,15,新潟,D,1200,良,15,15,上越Ｓ･3勝,40.9,中団,31,1,12,中山,D,1200,良,16,5,初春ＳＨ･3勝,40.0,逃げ,14,10,4,京都,D,1200,不,13,10,大山崎Ｓ･3勝,36.9,先行,7,8,16,新潟,D,1200,良,6,6,上越Ｓ･3勝,38.0,逃げ,6,7,6,福島,D,1150,良,1,5,さくらん･2勝,36.4,先行,9
4,B,4,,,,,ヨリノレジェンド,,牡,4,2,8,22,中京,D,1400,良,5,3,伊賀Ｓ･3勝,36.2,中団,13,5,23,京都,D,1400,稍,1,1,オースト･2勝,36.1,差し,5,4,18,阪神,D,1400,良,2,1,吹田特別･2勝,35.1,差し,4,3,22,阪神,D,1400,良,4,2,２勝ｸﾗｽ,35.5,追込,3,2,28,阪神,D,1400,良,1,3,１勝ｸﾗｽ,36.3,差し,7
4,,5,,,,,テーオーグレーザー,,牡,3,12,6,13,阪神,D,1200,良,1,1,安芸特別･2勝,35.6,先行,10,4,5,阪神,D,1400,重,7,5,バイオレ,36.2,先行,3,3,15,中京,D,1400,良,2,6,昇竜Ｓ,36.4,逃げ,13,12,14,阪神,D,1200,良,1,1,１勝ｸﾗｽ*,35.7,先行,8,10,18,京都,D,1400,稍,3,3,なでしこ･1勝,36.5,先行,3
5,,6,,,,,イミュータブル,,牡,6,15,5,24,京都,D,1200,良,9,14,高瀬川Ｓ･3勝,36.5,後方,8,3,28,中山,D,1200,重,8,15,ブラッド･3勝,37.0,中団,12,1,5,京都,D,1200,良,16,13,門松Ｓ･3勝,40.1,先行,4,12,6,阪神,D,1200,良,15,11,妙見山Ｓ･3勝,37.9,先行,9,10,4,京都,D,1200,不,15,9,大山崎Ｓ･3勝,37.4,中団,7
5,B,7,,,,,ワークソング,,牡,5,3,8,15,新潟,D,1200,良,6,8,上越Ｓ･3勝,36.3,後方,13,5,17,東京,D,1400,良,10,11,ＢＳイレ･3勝,35.9,後方,3,4,25,福島,D,1150,良,3,2,福島中央･3勝,36.2,追込,17,12,28,中山,D,1200,良,13,3,フェアウ･3勝,38.8,中団,6,11,15,福島,D,1150,良,4,2,フルーツ･3勝,36.3,差し,13
6,,8,,,,,エムズマインド,,牡,6,2,8,22,中京,D,1400,良,10,7,伊賀Ｓ･3勝,37.1,中団,10,6,14,阪神,D,1200,重,7,13,リボンＨ･3勝,35.6,後方,55,5,25,京都,D,1400,重,6,7,高瀬川Ｓ･3勝,34.6,後方,19,1,13,中京,D,1400,良,1,6,鳥羽特別･2勝,36.9,先行,2,12,28,京都,D,1400,良,5,4,春待月賞･2勝,36.5,中団,2
6,,9,,,,,メイショウヤーキス,,牡,5,15,5,24,京都,D,1200,良,5,8,高瀬川Ｓ･3勝,36.5,先行,13,2,21,阪神,D,1400,良,13,10,鳴門Ｓ･3勝,37.7,逃げ,7,1,5,京都,D,1200,良,6,9,門松Ｓ･3勝,36.2,中団,4,12,6,阪神,D,1200,良,4,9,妙見山Ｓ･3勝,36.4,差し,9,10,4,京都,D,1200,不,9,7,大山崎Ｓ･3勝,35.7,中団,5
7,,10,,,,,ウルスクローム,,牡,4,12,6,14,阪神,D,1200,重,2,6,リボンＨ･3勝,35.4,追込,2,5,30,京都,D,1200,良,1,4,２勝ｸﾗｽ,35.4,追込,10,3,22,阪神,D,1400,良,7,3,２勝ｸﾗｽ,36.1,中団,3,3,1,阪神,D,1200,良,2,3,２勝ｸﾗｽ,35.3,追込,2,2,15,東京,D,1400,良,13,3,２勝ｸﾗｽ,36.9,中団,14
7,,11,,,,,スペシャルナンバー,,牡,7,32,1,24,京都,D,1200,良,1,7,２勝ｸﾗｽ,34.7,追込,3,1,5,京都,D,1200,良,3,6,２勝ｸﾗｽ,36.4,先行,3,12,14,阪神,D,1200,良,2,5,２勝ｸﾗｽ,35.6,差し,4,11,15,京都,D,1200,良,3,11,深草特別･2勝,34.9,差し,5,10,12,京都,D,1200,良,6,12,円山特別･2勝,35.3,中団,2
8,,12,,,,,ライジン,,牡,6,12,6,14,阪神,D,1200,重,9,5,リボンＨ･3勝,36.3,中団,8,4,19,阪神,D,1200,良,4,8,陽春ＳＨ･3勝,35.2,差し,6,3,7,阪神,D,1200,稍,7,7,なにわＳ･3勝,36.2,中団,4,2,7,京都,D,1200,良,2,10,橿原ＳＨ･3勝,35.5,追込,11,11,23,京都,D,1400,良,14,14,レジェン･3勝,37.6,先行,5
8,,13,,,,,クリノオリーブ,,牝,5,3,8,15,新潟,D,1200,良,12,11,上越Ｓ･3勝,38.5,中団,5,7,12,福島,D,1150,稍,1,5,彦星賞･2勝,35.7,先行,13,4,11,阪神,D,1200,重,2,7,２勝ｸﾗｽ,36.2,先行,4,3,15,阪神,D,1400,良,9,7,２勝ｸﾗｽ・牝,36.8,中団,2,3,1,阪神,D,1200,良,9,9,２勝ｸﾗｽ,37.6,先行,3
レースID(新),日付S,曜日,場所,開催,R,レース名,クラス名,芝・ダート,距離,コース区分,コーナー回数,馬場状態(暫定),天候(暫定),フルゲート頭数,発走時刻,性別限定,重量種別,年齢限定
2026090609040211,2026.9.6,日,阪神,4阪2,11,産経賞セントウルＳ,Ｇ２,芝,1200,A,2,良(暫定),曇(暫定),16,15:30,,別定,３上
枠番,B,番,印,M2,M3,M4,馬名S,Ｃ,性別,年齢,間隔,月,日,場所,TD,距離,馬場状態,着順,人気,ﾚｰｽ名･1走前,上り3F,決手,前走間隔,月,日,場所,TD,距離,馬場状態,着順,人気,ﾚｰｽ名･2走前,上り3F,決手,前走間隔,月,日,場所,TD,距離,馬場状態,着順,人気,ﾚｰｽ名･3走前,上り3F,決手,前走間隔,月,日,場所,TD,距離,馬場状態,着順,人気,ﾚｰｽ名･4走前,上り3F,決手,前走間隔,月,日,場所,TD,距離,馬場状態,着順,人気,ﾚｰｽ名･5走前,上り3F,決手,前走間隔
1,,1,,,,,ママコチャ,,牝,7,11,6,24,浦和,D,1400,稍,5,4,さきたG1,----,先行,10,4,15,大井,D,1200,良,5,3,東京スG3,----,中団,2,3,29,中京,T,1200,良,9,4,高松宮記G1,32.8,後方,4,2,28,中山,T,1200,良,4,3,オーシャG3,34.3,差し,17,11,3,船橋,D,1000,稍,2,1,JBCスプG1,----,差し,5
1,,2,,,,,クラスペディア,,牡,4,4,8,9,中京,T,1200,良,11,10,ＣＢＣ賞ＨG3,34.5,先行,8,6,13,函館,T,1200,稍,外,--,函館スプG3,----,,9,4,12,中山,T,1200,良,1,5,春雷ＳＨ(L),33.9,先行,19,11,30,京都,T,1200,良,11,15,京阪杯G3,34.8,先行,8,10,4,京都,T,1200,重,3,3,オパーＨ(L),34.1,先行,8
2,,3,,,,,フリッカージャブ,,牡,4,9,7,5,小倉,T,1200,重,1,1,北九州記ＨG3,34.8,先行,7,5,16,京都,T,1200,良,1,1,鞍馬Ｓ,33.3,先行,11,2,28,中山,T,1200,良,6,4,オーシャG3,34.6,先行,19,10,18,新潟,T,1200,良,1,1,北陸ＳＨ･3勝,34.1,逃げ,13,7,20,小倉,T,1200,良,1,1,耶馬渓特･2勝,34.8,逃げ,2
2,,4,,,,,ティニア,,牡,6,10,6,27,函館,T,1200,稍,5,6,青函ＳＨ,33.7,中団,6,5,16,京都,T,1200,良,7,9,鞍馬Ｓ,32.6,中団,17,1,17,中山,T,1200,良,13,9,カーバンＨ,33.1,後方,6,12,7,中山,T,1200,良,7,5,ラピスラ(L),33.4,後方,13,9,7,阪神,T,1200,良,8,15,セントウG2,33.2,後方,8
3,,5,,,,,ダイヤモンドノット,,牡,3,17,5,10,東京,T,1600,良,5,3,ＮＨＫマG1,34.8,中団,7,3,21,中京,T,1400,良,1,1,ファルコG3,33.6,先行,13,12,21,阪神,T,1600,重,2,5,フューチG1,35.1,逃げ,6,11,8,東京,T,1400,良,1,1,京王杯２G2,33.6,先行,3,10,19,京都,T,1400,良,2,1,もみじＳ,33.3,先行,5
3,B,6,,,,,プロトポロス,,牡,6,4,8,9,中京,T,1200,良,4,17,ＣＢＣ賞ＨG3,33.1,差し,5,7,5,小倉,T,1200,重,12,13,北九州記ＨG3,36.8,先行,10,4,26,東京,D,1600,稍,15,11,オアシＨ(L),40.7,逃げ,6,3,14,阪神,D,1400,良,11,11,コーラル(L),37.5,先行,12,12,21,中京,D,1400,稍,15,7,コールド,38.8,中団,11
4,,7,,,,,メイショウヨゾラ,,牝,5,8,7,11,福島,T,1200,良,1,1,会津ＳＨ･3勝,33.9,先行,12,4,18,中山,T,1200,良,1,4,袖ケ浦特･2勝,33.4,先行,12,1,24,京都,T,1400,良,9,2,２勝ｸﾗｽ,34.7,先行,5,12,21,中山,T,1600,重,16,3,２勝ｸﾗｽ,37.6,逃げ,8,10,25,京都,T,1800,良,9,3,２勝ｸﾗｽ,34.5,中団,6
4,B,8,,,,,ファストネットワーク,,セ,6,19,4,26,香港,T,1200,良,4,--,ＣＳＰG1,----,不明,3,4,6,香港,T,1600,良,5,--,チェアG2,----,不明,4,3,8,香港,T,1200,良,1,--,クラス,----,不明,6,1,25,香港,T,1200,良,3,--,センテG1,----,不明,6,12,14,香港,T,1200,良,3,--,香港ＳG1,----,不明,3
5,,9,,,,,ピューロマジック,,牝,5,5,8,2,新潟,T,1000,良,1,1,アイビスG3,31.7,逃げ,7,6,13,函館,T,1200,稍,1,6,函館スプG3,34.0,逃げ,11,3,29,中京,T,1200,良,13,17,高松宮記G1,34.5,先行,4,2,28,中山,T,1200,良,16,9,オーシャG3,36.3,逃げ,17,11,1,ｱﾒﾘｶ,T,1000,良,10,--,ＢＴＳG1,----,不明,5
5,,10,,,,,ヤブサメ,,牡,5,2,8,22,新潟,T,1400,良,12,4,朱鷺Ｓ(L),33.9,後方,12,5,31,京都,T,1400,良,8,1,安土城Ｈ(L),32.5,中団,4,5,2,東京,T,1400,良,10,4,京王杯スG2,32.4,後方,13,2,1,京都,T,1200,良,5,3,シルクロＨG3,32.8,中団,3,1,11,京都,T,1200,良,1,1,淀短距離(L),33.3,追込,3
6,,11,,,,,ヨシノイースター,,牡,8,9,7,5,小倉,T,1200,重,3,4,北九州記ＨG3,34.5,先行,5,5,31,京都,T,1400,良,4,3,安土城Ｈ(L),32.7,差し,9,3,29,中京,T,1200,良,12,16,高松宮記G1,33.9,先行,4,2,28,中山,T,1200,良,5,11,オーシャG3,34.3,中団,9,12,27,阪神,T,1400,良,6,7,阪神カッG2,34.3,中団,4
6,B,12,,,,,レッドモンレーヴ,,牡,7,23,3,29,中京,T,1200,良,2,15,高松宮記G1,32.5,差し,7,2,10,東京,T,1600,良,8,10,東京新聞G3,32.9,後方,12,11,16,東京,T,1400,良,2,3,オーロＨ(L),32.5,追込,5,10,13,京都,T,1400,良,9,15,スワンＳG2,33.0,後方,18,6,8,東京,T,1600,良,15,12,安田記念G1,35.2,先行,5
7,B,13,,,,,カルプスペルシュ,,牝,4,12,6,13,函館,T,1200,稍,5,2,函館スプG3,33.9,先行,12,3,22,中京,T,1400,良,11,8,愛知杯G3,34.6,先行,7,2,1,京都,T,1200,良,4,2,シルクロＨG3,33.3,先行,8,12,7,中山,T,1200,良,5,2,ラピスラ(L),33.5,中団,15,8,24,札幌,T,1200,良,3,3,キーンラG3,34.6,先行,4
7,,14,,,,,タマモブラックタイ,,牡,6,4,8,9,中京,T,1200,良,16,16,ＣＢＣ賞ＨG3,33.8,中団,17,4,12,中山,T,1200,良,8,6,春雷ＳＨ(L),33.6,中団,4,3,15,阪神,T,1200,良,1,11,米子城ＳＨ,33.4,差し,4,2,15,小倉,T,1200,稍,8,9,北九州短,34.4,中団,14,11,9,福島,T,1200,良,4,6,みちのく,34.5,追込,5
8,B,15,,,,,ビッグシーザー,,牡,6,5,8,2,新潟,T,1000,良,4,4,アイビスG3,32.0,差し,18,3,29,中京,T,1200,良,11,10,高松宮記G1,33.7,中団,4,2,28,中山,T,1200,良,9,8,オーシャG3,34.0,後方,4,2,1,京都,T,1200,良,12,7,シルクロＨG3,32.9,後方,44,3,30,中京,T,1200,良,9,7,高松宮記G1,35.1,逃げ,18
8,,16,,,,,タマモイカロス,,牡,3,4,8,9,中京,T,1200,良,6,6,ＣＢＣ賞ＨG3,33.4,中団,10,5,30,京都,T,1200,良,3,3,葵ＳG3,32.7,追込,10,3,21,中京,T,1400,良,6,5,ファルコG3,33.9,中団,3,2,28,阪神,T,1200,良,1,2,マーガレ(L),33.3,追込,10,12,20,中京,T,1200,稍,2,1,クリスマ,34.5,差し,5
レースID(新),日付S,曜日,場所,開催,R,レース名,クラス名,芝・ダート,距離,コース区分,コーナー回数,馬場状態(暫定),天候(暫定),フルゲート頭数,発走時刻,性別限定,重量種別,年齢限定
2026090609040212,2026.9.6,日,阪神,4阪2,12,,2勝,ダート,1400,,2,稍(暫定),曇(暫定),16,16:15,,定量,３上
枠番,B,番,印,M2,M3,M4,馬名S,Ｃ,性別,年齢,間隔,月,日,場所,TD,距離,馬場状態,着順,人気,ﾚｰｽ名･1走前,上り3F,決手,前走間隔,月,日,場所,TD,距離,馬場状態,着順,人気,ﾚｰｽ名･2走前,上り3F,決手,前走間隔,月,日,場所,TD,距離,馬場状態,着順,人気,ﾚｰｽ名･3走前,上り3F,決手,前走間隔,月,日,場所,TD,距離,馬場状態,着順,人気,ﾚｰｽ名･4走前,上り3F,決手,前走間隔,月,日,場所,TD,距離,馬場状態,着順,人気,ﾚｰｽ名･5走前,上り3F,決手,前走間隔
1,,1,,,,,モカラマーズ,,牡,4,12,6,13,阪神,D,1200,良,7,5,安芸特別･2勝,36.5,中団,15,3,1,阪神,D,1200,良,5,5,２勝ｸﾗｽ,35.7,後方,3,2,7,京都,D,1200,良,1,2,１勝ｸﾗｽ,35.9,追込,4,1,10,京都,D,1200,良,4,5,１勝ｸﾗｽ,36.0,追込,24,7,27,中京,D,1400,良,11,3,１勝ｸﾗｽ,38.1,後方,9
1,,2,,,,,ヴリトラハン,,牡,4,12,6,13,阪神,D,1200,良,3,3,安芸特別･2勝,36.3,先行,3,5,23,京都,D,1400,稍,4,2,オースト･2勝,37.0,先行,3,5,2,京都,D,1200,稍,5,1,京極特別･2勝,34.9,中団,12,2,10,京都,D,1200,良,4,1,２勝ｸﾗｽ,37.3,先行,2,1,24,京都,D,1200,良,2,1,２勝ｸﾗｽ,35.6,差し,3
2,B,3,,,,,ミルミナーヴァ,,牝,5,3,8,15,中京,D,1400,良,1,11,１勝ｸﾗｽ,37.6,先行,14,5,9,新潟,D,1200,稍,15,3,１勝ｸﾗｽ,43.0,先行,3,4,19,福島,D,1150,良,3,1,１勝ｸﾗｽ,37.4,先行,3,3,28,阪神,D,1400,良,3,6,１勝ｸﾗｽ・牝,37.9,逃げ,4,3,1,阪神,D,1200,良,9,1,１勝ｸﾗｽ・牝,36.7,中団,7
2,,4,,,,,ザックザク,,牡,4,6,7,25,中京,D,1400,良,3,8,四日市特･2勝,37.2,差し,18,3,22,阪神,D,1400,良,3,4,２勝ｸﾗｽ,36.1,先行,4,2,21,阪神,D,1400,良,1,1,１勝ｸﾗｽ,36.8,先行,3,2,1,京都,D,1400,良,2,4,１勝ｸﾗｽ,36.8,差し,43,4,6,阪神,D,1400,良,1,2,未勝利,37.5,先行,3
3,,5,,,,,スーパージョック,,牡,4,6,7,25,中京,D,1400,良,10,13,四日市特･2勝,38.1,中団,13,4,25,東京,D,1600,稍,8,7,２勝ｸﾗｽ,35.8,後方,3,4,5,阪神,D,1800,重,10,7,２勝ｸﾗｽ,38.4,先行,6,2,22,小倉,D,1700,良,16,4,和布刈特･2勝,39.5,中団,4,1,25,京都,D,1800,良,4,3,２勝ｸﾗｽ,37.1,先行,3
3,,6,,,,,ダイシンリンク,,牡,4,14,5,30,東京,D,1400,良,6,5,富嶽賞･2勝,35.7,中団,10,3,22,阪神,D,1400,良,6,7,２勝ｸﾗｽ,35.7,後方,4,2,22,阪神,D,1400,良,4,5,２勝ｸﾗｽ,36.4,差し,6,1,11,京都,D,1400,良,8,5,２勝ｸﾗｽ,36.7,後方,2,12,27,阪神,D,1400,稍,2,8,２勝ｸﾗｽ,37.2,追込,4
4,,7,,,,,ポッドドンナー,,牡,4,11,6,21,東京,D,1400,重,14,9,甲州街道･2勝,35.2,後方,2,6,7,阪神,D,1400,稍,5,5,洲本特別･2勝,36.2,先行,15,2,22,阪神,D,1400,良,5,3,２勝ｸﾗｽ,36.6,中団,3,1,31,京都,D,1400,良,7,1,長浜特別･2勝,36.5,中団,2,1,17,京都,T,1600,良,3,5,２勝ｸﾗｽ,34.0,差し,8
4,,8,,,,,アリエスキング,,牡,5,3,8,16,中京,D,1400,良,5,6,大垣特別･2勝,37.1,先行,3,7,25,中京,D,1400,良,4,7,四日市特･2勝,36.9,追込,8,5,31,京都,D,1800,良,5,3,與杼特別･2勝,37.2,先行,7,4,12,阪神,D,1800,良,4,5,川西特別･2勝,36.5,先行,23,11,2,東京,D,1600,重,11,4,清里特別･2勝,36.6,先行,2
5,,9,,,,,タマモナポリ,,牝,5,7,7,18,小倉,D,1700,稍,7,6,熊本城特･2勝,38.9,先行,2,7,5,小倉,D,1700,不,2,12,九州スポ･2勝,36.0,先行,3,6,13,阪神,D,1200,良,10,9,安芸特別･2勝,36.9,中団,10,4,4,阪神,D,1400,重,6,8,２勝ｸﾗｽ,36.6,先行,3,3,15,阪神,D,1400,良,6,5,２勝ｸﾗｽ・牝,36.3,先行,6
5,,10,,,,,ピカラ,,牝,3,14,5,31,京都,D,1400,良,1,1,１勝ｸﾗｽ*,36.8,先行,4,5,3,京都,D,1400,稍,1,2,未勝利・牝,36.7,先行,27,10,25,京都,D,1400,良,2,16,新馬・牝,37.9,先行,初,,,,,,,,,,,,,,,,,,,,,,,,
6,,11,,,,,ボルセーナ,,牝,4,12,6,13,阪神,D,1200,良,11,11,安芸特別･2勝,36.8,中団,7,4,26,東京,D,1400,稍,9,12,２勝ｸﾗｽ,36.0,後方,2,4,11,中山,D,1200,稍,13,11,２勝ｸﾗｽ・牝,37.3,中団,9,2,10,京都,D,1200,良,6,15,２勝ｸﾗｽ,36.7,後方,連,1,31,小倉,D,1000,良,11,11,有田特別･2勝,36.5,中団,9
6,,12,,,,,フェスティヴドレス,,牝,3,13,6,6,阪神,D,1400,良,1,3,１勝ｸﾗｽ,36.8,差し,2,5,23,京都,D,1400,稍,5,3,１勝ｸﾗｽ*,37.7,先行,4,4,26,京都,D,1400,良,5,1,１勝ｸﾗｽ*,37.3,後方,12,2,1,京都,D,1400,良,2,11,１勝ｸﾗｽ・牝*,37.1,差し,3,1,12,京都,D,1400,良,1,4,未勝利・牝,37.9,先行,3
7,B,13,,,,,フェンダー,,牡,5,8,7,12,福島,D,1150,稍,6,3,彦星賞･2勝,35.8,後方,8,5,16,京都,D,1200,良,6,5,２勝ｸﾗｽ,35.8,中団,5,4,11,阪神,D,1200,重,6,5,２勝ｸﾗｽ,35.5,後方,2,3,29,阪神,D,1200,良,7,8,２勝ｸﾗｽ,36.5,後方,6,2,15,小倉,S,2860,稍,9,6,障害未勝利,14.2,後方,10
7,B,14,,,,,モンシェリ,,牝,5,11,6,21,東京,D,1400,重,15,15,甲州街道･2勝,37.4,中団,46,8,3,札幌,D,1000,良,5,3,２勝ｸﾗｽ,36.2,中団,4,7,6,函館,D,1000,稍,1,2,１勝ｸﾗｽ,35.5,先行,2,6,21,函館,D,1000,良,3,1,１勝ｸﾗｽ,34.7,追込,3,5,31,京都,D,1400,良,4,3,１勝ｸﾗｽ,37.7,先行,2
8,,15,,,,,ランスオブセヘル,,牝,5,2,8,22,新潟,D,1200,良,2,2,岩室温泉･2勝,36.5,先行,12,5,30,京都,D,1200,良,16,1,２勝ｸﾗｽ,38.4,中団,3,5,10,京都,D,1400,良,2,3,２勝ｸﾗｽ,37.1,先行,10,3,1,阪神,D,1200,良,3,4,２勝ｸﾗｽ,37.0,先行,2,2,15,京都,D,1200,良,3,2,２勝ｸﾗｽ・牝,36.1,差し,4
8,,16,,,,,モズタチアガレ,,牡,4,6,7,25,中京,D,1400,良,9,14,四日市特･2勝,39.1,先行,16,4,4,阪神,D,1400,重,8,5,２勝ｸﾗｽ,36.1,中団,4,3,8,阪神,D,1400,良,3,6,２勝ｸﾗｽ,37.3,先行,3,2,14,京都,D,1400,稍,1,3,１勝ｸﾗｽ,37.8,先行,連,2,7,小倉,D,1700,良,7,1,１勝ｸﾗｽ,38.1,先行,17
