レースID(新),日付S,曜日,場所,開催,R,レース名,クラス名,芝・ダート,距離,コース区分,コーナー回数,馬場状態(暫定),天候(暫定),フルゲート頭数,発走時刻,性別限定,重量種別,年齢限定
2026071902011201,2026.7.19,日,函館,1函C,1,,未勝利,芝,1200,B,2,稍(暫定),雨(暫定),16,09:50,,馬齢,２歳
枠番,B,番,印,M2,M3,M4,馬名S,Ｃ,性別,年齢,間隔,月,日,場所,TD,距離,馬場状態,着順,人気,ﾚｰｽ名･1走前,上り3F,決手,前走間隔,月,日,場所,TD,距離,馬場状態,着順,人気,ﾚｰｽ名･2走前,上り3F,決手,前走間隔,月,日,場所,TD,距離,馬場状態,着順,人気,ﾚｰｽ名･3走前,上り3F,決手,前走間隔,月,日,場所,TD,距離,馬場状態,着順,人気,ﾚｰｽ名･4走前,上り3F,決手,前走間隔,月,日,場所,TD,距離,馬場状態,着順,人気,ﾚｰｽ名･5走前,上り3F,決手,前走間隔
1,,1,,,,,ステラトップガン,,牡,2,3,6,27,函館,T,1200,稍,2,1,新馬,34.6,ﾏｸﾘ,初,,,,,,,,,,,,,,,,,,,,,,,,,,,,,,,,,,,,,,,,,,,,,,,,
2,,2,,,,,リーゼントエース,,牡,2,連,7,11,函館,T,1200,稍,4,3,新馬,35.5,差し,初,,,,,,,,,,,,,,,,,,,,,,,,,,,,,,,,,,,,,,,,,,,,,,,,
3,,3,,,,,リアルジャパン,,牡,2,2,7,5,函館,T,1200,良,4,8,未勝利*,35.4,追込,2,6,21,函館,T,1200,良,8,6,新馬,35.5,先行,初,,,,,,,,,,,,,,,,,,,,,,,,,,,,,,,,,,,,
4,,4,,,,,ショパンコンクール,,牡,2,3,6,28,函館,T,1200,良,2,2,新馬,34.6,先行,初,,,,,,,,,,,,,,,,,,,,,,,,,,,,,,,,,,,,,,,,,,,,,,,,
5,,5,,,,,タイフーンナイン,,牝,2,5,6,14,函館,T,1000,良,2,3,新馬,33.7,先行,初,,,,,,,,,,,,,,,,,,,,,,,,,,,,,,,,,,,,,,,,,,,,,,,,
6,,6,,,,,ゴートゥービッツン,,牝,2,2,7,4,函館,T,1200,良,6,9,未勝利・牝*,35.1,中団,2,6,21,函館,T,1200,良,7,10,新馬,35.0,後方,初,,,,,,,,,,,,,,,,,,,,,,,,,,,,,,,,,,,,
7,,7,,,,,アイルドフルール,,牝,2,2,7,5,函館,T,1200,良,7,9,未勝利*,36.4,中団,連,6,28,函館,T,1200,良,6,6,未勝利*,35.9,中団,2,6,13,函館,T,1200,稍,8,6,新馬,35.3,後方,初,,,,,,,,,,,,,,,,,,,,,,,,
8,,8,,,,,キチロクタワー,,牡,2,2,7,5,函館,T,1200,良,3,4,未勝利*,35.5,先行,2,6,21,函館,T,1200,良,3,9,新馬,34.7,追込,初,,,,,,,,,,,,,,,,,,,,,,,,,,,,,,,,,,,,
レースID(新),日付S,曜日,場所,開催,R,レース名,クラス名,芝・ダート,距離,コース区分,コーナー回数,馬場状態(暫定),天候(暫定),フルゲート頭数,発走時刻,性別限定,重量種別,年齢限定
2026071902011202,2026.7.19,日,函館,1函C,2,,未勝利,ダート,1000,,2,稍(暫定),雨(暫定),12,10:20,,馬齢,３歳
枠番,B,番,印,M2,M3,M4,馬名S,Ｃ,性別,年齢,間隔,月,日,場所,TD,距離,馬場状態,着順,人気,ﾚｰｽ名･1走前,上り3F,決手,前走間隔,月,日,場所,TD,距離,馬場状態,着順,人気,ﾚｰｽ名･2走前,上り3F,決手,前走間隔,月,日,場所,TD,距離,馬場状態,着順,人気,ﾚｰｽ名･3走前,上り3F,決手,前走間隔,月,日,場所,TD,距離,馬場状態,着順,人気,ﾚｰｽ名･4走前,上り3F,決手,前走間隔,月,日,場所,TD,距離,馬場状態,着順,人気,ﾚｰｽ名･5走前,上り3F,決手,前走間隔
1,,1,,,,,デルマハルナ,,牝,3,2,7,5,函館,D,1000,良,9,12,未勝利,37.5,中団,3,6,13,函館,T,1200,稍,15,14,未勝利,35.9,後方,初,,,,,,,,,,,,,,,,,,,,,,,,,,,,,,,,,,,,
2,,2,,,,,ラブデウザ,,牝,3,4,6,21,函館,D,1000,良,9,11,未勝利,37.9,中団,8,4,26,福島,D,1150,良,9,9,未勝利・牝,37.5,中団,5,3,21,中山,D,1200,良,6,5,未勝利・牝,39.5,先行,3,3,1,小倉,D,1000,稍,4,13,未勝利,35.9,差し,4,1,29,佐賀,D,1400,良,6,2,ノカイ,----,中団,11
3,,3,,,,,ハネマン,,牝,3,連,7,12,函館,T,1200,重,15,11,未勝利,36.5,後方,11,4,25,東京,T,1400,良,8,14,未勝利,34.4,中団,11,2,8,小倉,T,1200,良,6,15,かささぎ･1勝,34.7,後方,連,2,1,小倉,T,1200,良,18,9,未勝利,36.6,中団,10,11,24,福島,T,1200,良,14,11,未勝利*,34.5,後方,2
4,,4,,,,,ジャーナーリア,,牡,3,3,6,28,函館,D,1000,稍,消,--,未勝利,----,,2,6,13,函館,T,1200,稍,5,2,未勝利,35.1,先行,3,5,23,新潟,D,1200,稍,3,1,未勝利,38.4,逃げ,2,5,9,京都,D,1400,良,2,4,未勝利,37.8,先行,5,4,4,阪神,D,1400,稍,3,3,未勝利,37.5,先行,3
5,,5,,,,,ミスマラッカ,,牝,3,2,7,5,函館,D,1000,良,5,10,未勝利,37.1,中団,44,8,30,新潟,D,1800,良,13,11,未勝利*,43.5,中団,3,8,9,新潟,D,1200,良,7,14,未勝利*,37.8,後方,4,7,12,福島,D,1150,良,7,13,新馬,37.9,後方,初,,,,,,,,,,,,
6,,6,,,,,ホワイトラバーズ,,牝,3,連,7,12,函館,D,1000,不,9,7,未勝利,35.7,後方,2,6,28,函館,D,1000,稍,4,9,未勝利,35.4,差し,2,6,14,函館,D,1700,良,9,10,未勝利,40.3,先行,4,5,16,京都,D,1800,良,7,10,未勝利,37.6,後方,2,5,2,京都,T,2000,良,12,13,未勝利,35.8,中団,2
7,,7,,,,,ミスチヴマリアンヌ,,牝,3,連,7,11,函館,D,1700,重,7,9,未勝利,39.5,中団,2,6,27,函館,D,1700,不,6,10,未勝利,38.7,先行,連,6,20,函館,T,1200,良,10,11,未勝利,35.6,中団,9,4,19,福島,T,1200,良,6,13,未勝利,34.6,先行,16,12,28,中山,T,1200,良,10,10,未勝利*,36.1,先行,10
7,,8,,,,,エコロセレナ,,牝,3,3,6,28,函館,D,1000,稍,3,3,未勝利,35.9,先行,2,6,14,函館,D,1000,良,7,1,未勝利,36.5,中団,4,5,17,新潟,D,1200,良,3,1,未勝利・牝,38.0,先行,4,4,18,中山,D,1200,良,2,4,未勝利・牝,37.5,逃げ,2,4,4,中山,D,1200,稍,3,2,未勝利・牝,37.4,先行,4
8,,9,,,,,アルマフレイヤ,,牝,3,2,7,5,函館,T,1200,良,13,14,未勝利・牝,34.9,後方,3,6,14,函館,T,1200,良,12,13,未勝利,34.3,後方,初,,,,,,,,,,,,,,,,,,,,,,,,,,,,,,,,,,,,
8,,10,,,,,トルークマクト,,牝,3,2,7,4,函館,D,1700,良,6,9,未勝利,39.1,先行,2,6,21,函館,T,1800,良,13,11,未勝利,36.4,中団,20,1,31,小倉,T,1800,良,13,4,未勝利,36.3,後方,4,1,5,中山,T,1600,良,3,5,新馬,34.9,差し,初,,,,,,,,,,,,
レースID(新),日付S,曜日,場所,開催,R,レース名,クラス名,芝・ダート,距離,コース区分,コーナー回数,馬場状態(暫定),天候(暫定),フルゲート頭数,発走時刻,性別限定,重量種別,年齢限定
2026071902011203,2026.7.19,日,函館,1函C,3,,未勝利,ダート,1700,,4,稍(暫定),雨(暫定),14,10:50,,馬齢,３歳
枠番,B,番,印,M2,M3,M4,馬名S,Ｃ,性別,年齢,間隔,月,日,場所,TD,距離,馬場状態,着順,人気,ﾚｰｽ名･1走前,上り3F,決手,前走間隔,月,日,場所,TD,距離,馬場状態,着順,人気,ﾚｰｽ名･2走前,上り3F,決手,前走間隔,月,日,場所,TD,距離,馬場状態,着順,人気,ﾚｰｽ名･3走前,上り3F,決手,前走間隔,月,日,場所,TD,距離,馬場状態,着順,人気,ﾚｰｽ名･4走前,上り3F,決手,前走間隔,月,日,場所,TD,距離,馬場状態,着順,人気,ﾚｰｽ名･5走前,上り3F,決手,前走間隔
1,B,1,,,,,サクセスゴールド,,牡,3,連,7,12,函館,D,1700,不,5,5,未勝利,38.2,中団,4,6,14,東京,D,2100,稍,11,2,未勝利,41.6,先行,5,5,9,東京,D,2100,良,5,1,未勝利,38.7,中団,4,4,12,中山,D,1800,稍,3,3,未勝利,39.2,差し,11,1,24,中山,D,1800,良,7,2,未勝利,39.6,中団,2
2,,2,,,,,デルマバンダイサン,,牡,3,10,5,12,川崎,D,1500,良,6,3,エメラ,----,先行,10,3,1,阪神,D,2000,良,7,4,未勝利,38.4,中団,4,2,1,小倉,D,1700,良,3,4,未勝利,38.2,差し,10,11,22,福島,D,1700,良,3,9,未勝利*,39.1,差し,2,11,9,京都,T,2000,重,5,7,新馬,36.8,中団,初
3,,3,,,,,ルージュリヴィエラ,,牝,3,2,7,4,函館,D,1700,良,2,8,未勝利・牝,38.3,先行,6,5,24,東京,D,1400,稍,8,8,未勝利・牝,37.6,中団,4,4,26,東京,D,1400,稍,6,4,未勝利・牝,37.8,先行,11,2,7,東京,D,1400,良,6,2,未勝利・牝,38.4,中団,10,11,29,東京,D,1400,良,2,4,新馬,37.0,追込,初
3,,4,,,,,ロジクリスエス,,セ,3,3,6,28,函館,D,1700,稍,9,10,未勝利,37.9,後方,16,3,7,中山,D,1800,重,外,--,未勝利,----,,12,12,13,中山,T,1600,良,15,5,未勝利*,36.1,後方,3,11,23,東京,T,1600,良,9,4,未勝利*,34.4,後方,9,9,20,中山,T,1600,良,2,6,新馬,33.9,差し,初
4,,5,,,,,マスカルポーネ,,牝,3,2,7,4,函館,D,1700,良,8,6,未勝利・牝,41.2,中団,4,6,7,東京,D,2100,良,11,8,未勝利,41.7,逃げ,4,5,10,新潟,D,1800,良,2,3,未勝利・牝,40.3,先行,3,4,19,福島,D,1700,良,4,8,未勝利・牝,39.2,差し,3,3,29,中山,D,1800,稍,3,9,未勝利・牝,39.7,先行,9
4,,6,,,,,キヨタリート,,牡,3,4,6,21,函館,D,2400,良,10,3,未勝利,45.1,後方,連,6,14,函館,T,1800,良,15,4,未勝利,35.0,後方,20,1,24,小倉,T,2000,良,7,7,新馬,34.8,中団,初,,,,,,,,,,,,,,,,,,,,,,,,
5,B,7,,,,,キセログラフィカ,,牡,3,3,6,27,函館,D,1700,不,5,2,未勝利,38.2,中団,2,6,13,函館,D,1700,稍,10,3,未勝利,40.6,中団,8,4,18,中山,D,1800,良,3,1,未勝利,37.9,先行,3,3,28,中山,D,1800,重,3,2,未勝利,39.8,先行,8,1,31,東京,D,1600,良,8,3,未勝利,37.9,中団,4
5,,8,,,,,トーレス,,牡,3,3,6,27,函館,D,1700,不,8,12,未勝利,38.3,中団,2,6,13,函館,D,1700,稍,8,12,未勝利,38.7,後方,11,3,28,阪神,D,1800,稍,6,10,未勝利,39.9,中団,3,3,8,阪神,D,1800,良,11,12,未勝利,39.3,後方,初,,,,,,,,,,,,
6,,9,,,,,ブレイズランナー,,牡,3,2,7,4,函館,D,1700,良,3,3,未勝利,37.6,先行,2,6,20,函館,D,1700,良,3,5,未勝利,38.3,差し,12,3,28,中京,D,1800,稍,5,7,未勝利・若,39.7,先行,2,3,15,中山,D,1800,良,7,3,未勝利,40.0,中団,9,1,12,中山,D,1800,良,3,4,未勝利,40.5,先行,3
6,,10,,,,,ドゥブルヴェ,,牝,3,5,6,13,函館,D,1700,稍,11,11,未勝利・牝,39.7,後方,初,,,,,,,,,,,,,,,,,,,,,,,,,,,,,,,,,,,,,,,,,,,,,,,,
7,B,11,,,,,ホウオウファラオ,,牡,3,3,6,27,函館,D,1700,不,3,5,未勝利,38.4,先行,3,6,6,東京,D,1600,良,7,11,未勝利,37.5,後方,7,4,18,中山,D,1800,良,8,9,未勝利,38.4,後方,3,3,28,中山,D,1800,重,6,9,未勝利,40.1,中団,6,2,14,東京,D,1600,良,14,10,未勝利,38.0,後方,9
7,B,12,,,,,スマートコーラル,,牝,3,5,6,13,函館,D,1700,稍,10,2,未勝利・牝,40.6,逃げ,3,5,23,新潟,D,1800,稍,5,1,未勝利・牝,40.3,先行,3,5,2,新潟,D,1800,不,2,9,未勝利・牝,40.7,逃げ,3,4,11,阪神,D,1800,重,6,15,未勝利・牝,40.3,先行,3,3,22,阪神,D,1400,良,9,12,未勝利・牝,39.0,中団,14
8,B,13,,,,,ニシノモリミチ,,牡,3,2,7,5,函館,D,1700,良,2,2,未勝利,39.7,逃げ,2,6,20,函館,D,1700,良,4,2,未勝利,39.3,逃げ,7,5,2,東京,D,2100,重,7,1,未勝利,38.8,逃げ,3,4,12,中山,D,1800,稍,4,4,未勝利,40.0,逃げ,3,3,21,中山,D,1800,良,3,3,未勝利,39.7,逃げ,8
8,,14,,,,,ダイユウアドバンス,,牝,3,5,6,13,函館,T,2600,稍,15,14,未勝利,38.8,後方,4,5,17,東京,D,1600,良,8,6,未勝利・牝,39.1,中団,3,4,25,東京,D,1600,稍,6,10,未勝利・牝,39.4,中団,3,4,5,中山,D,1800,不,6,13,未勝利,41.1,先行,3,3,15,中山,D,1800,良,13,11,未勝利・牝,41.0,後方,2
レースID(新),日付S,曜日,場所,開催,R,レース名,クラス名,芝・ダート,距離,コース区分,コーナー回数,馬場状態(暫定),天候(暫定),フルゲート頭数,発走時刻,性別限定,重量種別,年齢限定
2026071902011204,2026.7.19,日,函館,1函C,4,,未勝利,芝,2000,B,4,稍(暫定),雨(暫定),16,11:20,,馬齢,３歳
枠番,B,番,印,M2,M3,M4,馬名S,Ｃ,性別,年齢,間隔,月,日,場所,TD,距離,馬場状態,着順,人気,ﾚｰｽ名･1走前,上り3F,決手,前走間隔,月,日,場所,TD,距離,馬場状態,着順,人気,ﾚｰｽ名･2走前,上り3F,決手,前走間隔,月,日,場所,TD,距離,馬場状態,着順,人気,ﾚｰｽ名･3走前,上り3F,決手,前走間隔,月,日,場所,TD,距離,馬場状態,着順,人気,ﾚｰｽ名･4走前,上り3F,決手,前走間隔,月,日,場所,TD,距離,馬場状態,着順,人気,ﾚｰｽ名･5走前,上り3F,決手,前走間隔
1,,1,,,,,フクチャンブラック,,牡,3,4,6,21,函館,D,2400,良,6,7,未勝利,41.1,中団,9,4,18,中山,D,1800,良,9,8,未勝利,38.7,中団,2,4,5,阪神,T,2400,稍,11,8,未勝利,37.7,後方,8,2,10,京都,T,2400,良,4,11,未勝利,36.4,差し,4,1,10,京都,T,2400,良,9,12,未勝利,35.6,後方,5
2,B,2,,,,,プリュイドール,,牝,3,連,7,12,函館,T,2000,重,3,7,未勝利・牝,38.0,差し,5,6,7,阪神,T,2000,稍,13,6,未勝利,36.0,後方,2,5,24,京都,D,1800,良,8,5,未勝利・牝,40.3,中団,16,2,1,京都,D,1800,良,8,7,未勝利・牝,40.4,ﾏｸﾘ,2,1,17,京都,D,1400,良,7,6,新馬・牝,37.6,後方,初
3,,3,,,,,ウインカトリーヌ,,牝,3,2,7,5,函館,T,2000,良,4,10,未勝利,35.7,先行,2,6,21,函館,D,1700,良,6,6,未勝利,41.2,先行,12,3,29,阪神,D,1800,良,8,3,未勝利・牝,39.1,中団,2,3,12,船橋,D,1600,良,2,1,ベスト,----,逃げ,16,11,23,京都,T,1800,良,6,3,新馬,35.0,中団,初
4,,4,,,,,フィエスタ,,牝,3,連,7,12,函館,T,2000,重,7,6,未勝利・牝,38.8,中団,7,5,24,京都,T,1600,良,12,7,未勝利,35.8,中団,22,12,20,阪神,T,1600,良,9,10,新馬・牝,33.6,中団,初,,,,,,,,,,,,,,,,,,,,,,,,
4,,5,,,,,ヤクジョ,,牡,3,2,7,5,函館,T,2000,良,11,7,未勝利,35.5,後方,2,6,20,函館,T,2000,良,14,5,未勝利,36.1,後方,17,2,22,小倉,T,2000,良,4,5,未勝利,35.8,追込,2,2,7,小倉,T,2000,稍,7,9,未勝利・若,35.7,後方,2,1,24,小倉,T,1800,良,7,5,未勝利,35.3,中団,7
5,,6,,,,,ワダツミ,,牝,3,2,7,4,函館,T,1800,良,9,8,未勝利,34.7,後方,2,6,21,函館,T,1800,良,5,10,未勝利,35.4,中団,5,5,17,京都,T,1600,良,10,16,未勝利・牝,34.5,後方,18,1,11,京都,T,1800,良,13,18,未勝利,35.1,中団,3,12,20,阪神,T,1600,良,16,14,新馬・牝,34.2,後方,初
5,,7,,,,,ギオンバヤシ,,牡,3,2,7,5,函館,T,2000,良,2,2,未勝利,34.8,追込,2,6,20,函館,T,2000,良,2,2,未勝利,34.3,差し,3,5,30,京都,T,2400,良,3,4,未勝利,34.8,差し,9,3,29,中京,T,2000,良,5,5,未勝利,33.9,後方,4,2,28,小倉,T,2000,稍,3,7,未勝利,36.8,ﾏｸﾘ,3
6,,8,,,,,レイヌドプランタン,,牝,3,8,5,24,新潟,T,2000,稍,4,6,未勝利,35.6,差し,14,2,15,小倉,T,1800,稍,7,3,未勝利,35.3,中団,12,11,24,福島,T,1800,良,7,11,新馬,34.2,後方,初,,,,,,,,,,,,,,,,,,,,,,,,
6,,9,,,,,コスモブラック,,牡,3,5,6,13,函館,T,2600,稍,11,6,未勝利,37.2,先行,8,4,19,阪神,D,1800,良,11,3,未勝利,39.3,中団,3,3,29,中京,D,1900,良,3,1,未勝利,37.7,差し,2,3,14,阪神,D,1800,良,4,1,未勝利,38.1,ﾏｸﾘ,6,1,31,京都,D,1800,良,2,1,未勝利,37.3,差し,2
7,,10,,,,,シークレットシティ,,牡,3,6,6,6,東京,T,2000,良,7,7,未勝利,33.8,後方,初,,,,,,,,,,,,,,,,,,,,,,,,,,,,,,,,,,,,,,,,,,,,,,,,
7,,11,,,,,マコトアディントン,,牡,3,2,7,5,函館,T,2000,良,5,4,未勝利,35.2,中団,2,6,20,函館,T,2000,良,4,3,未勝利,35.7,ﾏｸﾘ,6,5,9,新潟,T,2000,良,5,3,未勝利,35.6,後方,3,4,19,福島,T,2000,良,2,4,未勝利,35.4,差し,3,3,29,中京,T,2000,良,4,7,未勝利,33.7,追込,10
8,,12,,,,,フローレンスフーガ,,牡,3,3,6,28,函館,T,2000,良,3,8,未勝利,35.7,追込,2,6,14,函館,T,2000,良,7,3,未勝利,37.0,ﾏｸﾘ,5,5,9,新潟,T,2000,良,3,5,未勝利,36.2,差し,初,,,,,,,,,,,,,,,,,,,,,,,,
8,B,13,,,,,コティノス,,牡,3,3,6,28,函館,T,2000,良,7,10,未勝利,35.8,中団,2,6,14,函館,T,1800,良,8,9,未勝利,35.0,中団,9,4,11,阪神,T,2000,稍,13,5,未勝利,37.0,ﾏｸﾘ,3,3,22,中京,T,2000,良,2,2,未勝利,35.5,先行,11,1,5,京都,T,2000,良,17,5,未勝利,43.3,中団,3
レースID(新),日付S,曜日,場所,開催,R,レース名,クラス名,芝・ダート,距離,コース区分,コーナー回数,馬場状態(暫定),天候(暫定),フルゲート頭数,発走時刻,性別限定,重量種別,年齢限定
2026071902011205,2026.7.19,日,函館,1函C,5,,新馬,芝,1800,B,4,稍(暫定),雨(暫定),14,12:10,,馬齢,２歳
枠番,B,番,印,M2,M3,M4,馬名S,Ｃ,性別,年齢,間隔,月,日,場所,TD,距離,馬場状態,着順,人気,ﾚｰｽ名･1走前,上り3F,決手,前走間隔,月,日,場所,TD,距離,馬場状態,着順,人気,ﾚｰｽ名･2走前,上り3F,決手,前走間隔,月,日,場所,TD,距離,馬場状態,着順,人気,ﾚｰｽ名･3走前,上り3F,決手,前走間隔,月,日,場所,TD,距離,馬場状態,着順,人気,ﾚｰｽ名･4走前,上り3F,決手,前走間隔,月,日,場所,TD,距離,馬場状態,着順,人気,ﾚｰｽ名･5走前,上り3F,決手,前走間隔
1,,1,,,,,ランフォーザエイジ,,牝,2,初,,,,,,,,,,,,,,,,,,,,,,,,,,,,,,,,,,,,,,,,,,,,,,,,,,,,,,,,,,,,
2,,2,,,,,シャムスクッカ,,牡,2,初,,,,,,,,,,,,,,,,,,,,,,,,,,,,,,,,,,,,,,,,,,,,,,,,,,,,,,,,,,,,
3,,3,,,,,フィオリアーモ,,牝,2,初,,,,,,,,,,,,,,,,,,,,,,,,,,,,,,,,,,,,,,,,,,,,,,,,,,,,,,,,,,,,
3,,4,,,,,テンカタイヘイ,,牡,2,初,,,,,,,,,,,,,,,,,,,,,,,,,,,,,,,,,,,,,,,,,,,,,,,,,,,,,,,,,,,,
4,,5,,,,,ルージュロマーナ,,牝,2,初,,,,,,,,,,,,,,,,,,,,,,,,,,,,,,,,,,,,,,,,,,,,,,,,,,,,,,,,,,,,
4,,6,,,,,ロジアコース,,牡,2,初,,,,,,,,,,,,,,,,,,,,,,,,,,,,,,,,,,,,,,,,,,,,,,,,,,,,,,,,,,,,
5,,7,,,,,カリスマン,,牡,2,初,,,,,,,,,,,,,,,,,,,,,,,,,,,,,,,,,,,,,,,,,,,,,,,,,,,,,,,,,,,,
5,,8,,,,,エコロルーク,,牡,2,初,,,,,,,,,,,,,,,,,,,,,,,,,,,,,,,,,,,,,,,,,,,,,,,,,,,,,,,,,,,,
6,,9,,,,,ステラルミノーザ,,牡,2,初,,,,,,,,,,,,,,,,,,,,,,,,,,,,,,,,,,,,,,,,,,,,,,,,,,,,,,,,,,,,
6,,10,,,,,エコロヴァルド,,牡,2,初,,,,,,,,,,,,,,,,,,,,,,,,,,,,,,,,,,,,,,,,,,,,,,,,,,,,,,,,,,,,
7,,11,,,,,ラヴァンドローリエ,,牝,2,初,,,,,,,,,,,,,,,,,,,,,,,,,,,,,,,,,,,,,,,,,,,,,,,,,,,,,,,,,,,,
7,,12,,,,,プリームスリール,,牝,2,初,,,,,,,,,,,,,,,,,,,,,,,,,,,,,,,,,,,,,,,,,,,,,,,,,,,,,,,,,,,,
8,,13,,,,,サルトヴェローチェ,,牡,2,初,,,,,,,,,,,,,,,,,,,,,,,,,,,,,,,,,,,,,,,,,,,,,,,,,,,,,,,,,,,,
8,,14,,,,,ヒアカムズザサン,,牡,2,初,,,,,,,,,,,,,,,,,,,,,,,,,,,,,,,,,,,,,,,,,,,,,,,,,,,,,,,,,,,,
レースID(新),日付S,曜日,場所,開催,R,レース名,クラス名,芝・ダート,距離,コース区分,コーナー回数,馬場状態(暫定),天候(暫定),フルゲート頭数,発走時刻,性別限定,重量種別,年齢限定
2026071902011206,2026.7.19,日,函館,1函C,6,,未勝利,芝,1200,B,2,稍(暫定),雨(暫定),16,12:40,,馬齢,３歳
枠番,B,番,印,M2,M3,M4,馬名S,Ｃ,性別,年齢,間隔,月,日,場所,TD,距離,馬場状態,着順,人気,ﾚｰｽ名･1走前,上り3F,決手,前走間隔,月,日,場所,TD,距離,馬場状態,着順,人気,ﾚｰｽ名･2走前,上り3F,決手,前走間隔,月,日,場所,TD,距離,馬場状態,着順,人気,ﾚｰｽ名･3走前,上り3F,決手,前走間隔,月,日,場所,TD,距離,馬場状態,着順,人気,ﾚｰｽ名･4走前,上り3F,決手,前走間隔,月,日,場所,TD,距離,馬場状態,着順,人気,ﾚｰｽ名･5走前,上り3F,決手,前走間隔
1,,1,,,,,コスモファーブロス,,牝,3,2,7,5,函館,T,1200,良,4,2,未勝利・牝,35.1,先行,3,6,13,函館,T,1200,稍,4,3,未勝利,34.3,差し,3,5,23,京都,T,1200,良,4,7,未勝利,33.5,追込,4,4,26,京都,T,1200,良,3,7,未勝利,34.0,差し,8,2,28,小倉,T,1200,稍,6,5,未勝利,36.4,先行,3
1,,2,,,,,セイカユウヒ,,牡,3,4,6,20,函館,D,1700,良,11,12,未勝利,39.0,後方,3,5,31,東京,D,1400,良,7,13,未勝利,38.1,中団,3,5,12,川崎,D,1500,良,3,7,エメラ,----,先行,3,4,19,中山,D,1200,良,7,7,未勝利,37.7,中団,3,3,29,中京,T,1200,良,8,7,未勝利,34.1,後方,4
2,,3,,,,,ライトオブジアース,,牝,3,4,6,21,函館,D,1000,良,5,5,未勝利,36.2,中団,5,5,17,新潟,D,1800,良,12,2,未勝利・牝,43.6,逃げ,21,12,20,中京,T,1600,稍,11,4,未勝利・牝*,36.7,先行,10,10,11,京都,T,1400,良,16,2,新馬・牝,34.6,後方,初,,,,,,,,,,,,
2,,4,,,,,ノブピースオブラブ,,セ,3,12,4,25,東京,T,1400,良,13,16,未勝利,34.1,後方,6,3,15,中山,D,1200,良,12,10,未勝利,38.9,中団,6,1,31,小倉,T,1200,良,9,14,未勝利・若,34.1,後方,7,12,14,中山,T,1200,良,12,9,未勝利*,35.9,中団,8,10,19,東京,T,1400,良,8,8,未勝利*,34.3,中団,3
3,,5,,,,,ソワンドヴィクター,,牝,3,8,5,24,新潟,T,1200,稍,3,5,未勝利,35.1,追込,4,4,26,福島,T,1200,良,4,12,未勝利・牝,34.1,差し,2,4,11,福島,T,1200,良,5,12,未勝利,34.5,中団,17,12,13,中山,D,1200,良,13,13,未勝利・牝*,41.7,後方,2,11,29,東京,T,1400,良,18,17,未勝利*,34.9,後方,3
3,,6,,,,,マリノリュミエール,,牝,3,8,5,23,新潟,T,1400,稍,7,10,未勝利,35.1,後方,3,5,2,新潟,T,1400,稍,3,14,未勝利,37.0,差し,19,12,20,中山,D,1800,良,13,14,未勝利・牝*,41.4,後方,7,11,2,東京,T,1600,良,9,6,未勝利*,35.3,後方,8,9,7,札幌,T,2000,稍,9,5,未勝利*,38.1,ﾏｸﾘ,6
4,,7,,,,,スカイプレリュード,,牡,3,2,7,4,函館,T,1200,良,15,12,未勝利,34.8,中団,8,5,9,新潟,T,1200,良,9,6,未勝利・若,36.4,中団,3,4,19,福島,T,1200,良,5,5,未勝利,34.5,中団,12,1,25,京都,D,1400,良,7,6,未勝利,37.8,後方,4,12,28,阪神,T,1400,良,7,15,未勝利*,35.0,後方,3
4,B,8,,,,,アウェイクネス,,牝,3,2,7,4,函館,T,1800,良,14,16,未勝利,35.1,後方,26,1,5,京都,T,2000,良,12,9,未勝利,36.5,中団,連,12,27,阪神,T,1600,良,7,9,未勝利*,35.5,中団,8,11,1,京都,D,1200,不,11,8,未勝利*,37.1,後方,3,10,13,京都,T,1400,良,9,7,未勝利*,36.0,中団,2
5,,9,,,,,リネアベルタ,,牝,3,3,6,27,函館,T,1200,重,5,5,未勝利,35.2,先行,9,4,26,京都,T,1200,良,6,8,未勝利,33.9,中団,9,2,21,阪神,D,1200,良,9,3,未勝利・牝,39.4,逃げ,3,1,31,小倉,T,1200,良,6,2,未勝利・若,34.9,先行,7,12,13,阪神,T,1200,良,3,10,未勝利*,34.1,追込,2
5,,10,,,,,マメーアップル,,牝,3,2,7,5,函館,T,1200,良,2,6,未勝利・牝,34.9,先行,3,6,14,函館,T,1200,良,2,7,未勝利,34.5,先行,10,4,4,中山,D,1200,稍,7,8,未勝利・牝,39.2,先行,4,3,8,中山,D,1200,稍,5,4,未勝利,39.1,逃げ,9,1,4,中山,D,1200,稍,7,3,未勝利・牝,40.1,先行,3
6,B,11,,,,,リアライズブルーム,,牝,3,4,6,21,阪神,T,1600,稍,18,10,未勝利・牝,38.4,逃げ,14,3,14,阪神,T,1400,良,16,13,未勝利,34.8,後方,10,1,5,京都,D,1800,良,14,4,未勝利・牝,40.2,後方,12,10,12,京都,D,1400,良,8,1,未勝利・牝*,40.2,中団,8,8,17,中京,D,1400,良,4,1,新馬,38.2,差し,初
6,,12,,,,,クープグラッセ,,牝,3,11,5,2,京都,T,1600,稍,10,11,未勝利・牝,34.3,中団,連,4,25,京都,T,1600,良,12,8,未勝利,35.4,中団,9,2,21,阪神,T,1600,良,10,16,未勝利,34.5,後方,11,12,6,阪神,T,1800,良,7,6,未勝利*,34.8,先行,7,10,18,京都,T,1600,良,4,6,新馬・牝,34.8,差し,初
7,,13,,,,,ジューンマロン,,牝,3,6,6,6,阪神,D,1400,良,16,8,未勝利・牝,43.7,中団,44,8,2,中京,T,1400,良,4,2,未勝利*,34.4,先行,8,6,8,阪神,T,1400,良,7,5,新馬,35.1,後方,初,,,,,,,,,,,,,,,,,,,,,,,,
7,B,14,,,,,トゥルージョワ,,牡,3,13,4,19,福島,D,1700,良,10,6,未勝利,40.6,中団,12,1,24,小倉,T,2000,良,12,6,新馬,35.2,中団,初,,,,,,,,,,,,,,,,,,,,,,,,,,,,,,,,,,,,
8,,15,,,,,チェサピークベイ,,牡,3,初,,,,,,,,,,,,,,,,,,,,,,,,,,,,,,,,,,,,,,,,,,,,,,,,,,,,,,,,,,,,
8,,16,,,,,ディサイドオンミー,,牝,3,2,7,4,函館,T,1200,良,5,7,未勝利,34.7,中団,6,5,24,東京,D,1300,稍,8,8,未勝利,38.7,中団,5,4,18,福島,T,1200,良,8,3,未勝利,35.4,中団,11,1,31,小倉,T,1200,良,15,1,未勝利・若,35.3,中団,7,12,14,中山,T,1200,良,2,5,未勝利*,35.5,逃げ,10
レースID(新),日付S,曜日,場所,開催,R,レース名,クラス名,芝・ダート,距離,コース区分,コーナー回数,馬場状態(暫定),天候(暫定),フルゲート頭数,発走時刻,性別限定,重量種別,年齢限定
2026071902011207,2026.7.19,日,函館,1函C,7,,1勝,ダート,1700,,4,稍(暫定),雨(暫定),14,13:10,牝,定量,３上
枠番,B,番,印,M2,M3,M4,馬名S,Ｃ,性別,年齢,間隔,月,日,場所,TD,距離,馬場状態,着順,人気,ﾚｰｽ名･1走前,上り3F,決手,前走間隔,月,日,場所,TD,距離,馬場状態,着順,人気,ﾚｰｽ名･2走前,上り3F,決手,前走間隔,月,日,場所,TD,距離,馬場状態,着順,人気,ﾚｰｽ名･3走前,上り3F,決手,前走間隔,月,日,場所,TD,距離,馬場状態,着順,人気,ﾚｰｽ名･4走前,上り3F,決手,前走間隔,月,日,場所,TD,距離,馬場状態,着順,人気,ﾚｰｽ名･5走前,上り3F,決手,前走間隔
1,,1,,,,,フェニーチェドーロ,,牝,4,4,6,21,函館,D,1700,良,9,7,１勝ｸﾗｽ,38.3,先行,14,3,14,阪神,D,1400,良,12,16,１勝ｸﾗｽ,37.4,中団,17,11,16,京都,D,1200,良,12,9,１勝ｸﾗｽ,36.1,後方,13,8,16,中京,D,1200,良,7,9,１勝ｸﾗｽ,37.0,中団,2,8,3,中京,D,1200,良,5,16,１勝ｸﾗｽ,36.6,後方,15
2,,2,,,,,ライラックデューン,,牝,4,3,6,28,小倉,D,1700,稍,7,15,１勝ｸﾗｽ,38.9,後方,19,2,14,小倉,D,1700,良,10,14,１勝ｸﾗｽ・牝,39.3,後方,2,2,1,小倉,D,1700,良,10,11,１勝ｸﾗｽ・牝,38.7,中団,21,9,6,札幌,D,1700,良,1,4,未勝利,38.8,差し,連,8,31,札幌,D,1700,稍,4,8,１勝ｸﾗｽ・牝,37.0,差し,3
3,,3,,,,,ゴールドヴィーナス,,牝,3,3,6,28,函館,D,1700,稍,3,10,１勝ｸﾗｽ・牝,37.8,逃げ,2,6,14,函館,D,1000,良,12,3,１勝ｸﾗｽ・牝,37.1,中団,9,4,11,阪神,T,1200,稍,15,13,１勝ｸﾗｽ*,34.4,後方,2,3,28,阪神,D,1200,稍,1,4,未勝利・牝,37.2,逃げ,8,1,31,小倉,T,1200,良,18,3,未勝利・若,36.6,中団,8
3,,4,,,,,プリンセスアツコ,,牝,3,3,6,27,函館,D,1700,重,1,1,未勝利・牝,37.0,先行,6,5,16,京都,D,1400,良,2,1,未勝利・牝,36.2,差し,2,5,3,京都,D,1400,稍,2,3,未勝利・牝,37.0,差し,4,4,5,阪神,D,1400,重,2,6,未勝利・牝,36.9,差し,2,3,21,阪神,D,1400,稍,3,2,未勝利,37.2,差し,9
4,B,5,,,,,ブーケドグレイス,,牝,5,8,5,23,新潟,D,1800,稍,7,13,１勝ｸﾗｽ・牝,38.2,後方,2,5,9,新潟,D,1800,稍,3,6,１勝ｸﾗｽ・牝,39.6,追込,4,4,12,福島,D,1700,良,5,8,１勝ｸﾗｽ・牝,38.0,中団,7,2,21,小倉,D,1700,良,12,13,１勝ｸﾗｽ,39.0,中団,連,2,14,小倉,D,1700,良,4,12,１勝ｸﾗｽ・牝,39.1,差し,9
4,,6,,,,,ビーチイン,,牝,3,3,6,28,函館,D,1700,稍,2,3,１勝ｸﾗｽ・牝,36.8,差し,2,6,13,函館,D,1700,稍,1,4,未勝利・牝,38.1,先行,9,4,11,中山,D,1800,重,2,2,未勝利・牝,39.2,ﾏｸﾘ,6,2,28,小倉,D,1700,不,4,8,未勝利・牝,38.2,先行,3,2,7,小倉,D,1700,良,5,13,未勝利・牝,40.1,逃げ,4
5,,7,,,,,ジーティーアリア,,牝,3,15,4,5,阪神,D,1400,重,1,8,未勝利・牝,37.0,先行,13,1,5,京都,T,1600,良,8,5,未勝利,35.7,中団,2,12,21,阪神,T,1800,重,7,7,新馬,34.3,先行,初,,,,,,,,,,,,,,,,,,,,,,,,
5,,8,,,,,クッカユフラ,,牝,3,2,7,5,函館,D,1700,良,1,8,未勝利,39.1,先行,2,6,20,函館,D,1700,良,10,9,未勝利,39.2,後方,6,5,10,新潟,D,1800,良,4,4,未勝利・牝,40.8,先行,4,4,12,福島,D,1700,良,4,11,未勝利・牝,39.1,先行,22,11,9,福島,D,1700,良,8,10,新馬,40.7,中団,初
6,,9,,,,,ミリオンアップ,,牝,3,4,6,20,函館,D,1700,良,1,8,未勝利,38.6,先行,連,6,13,函館,D,1700,稍,7,6,未勝利・牝,38.8,中団,4,5,17,京都,D,1800,良,4,6,未勝利・牝,38.6,先行,2,5,3,京都,D,1800,稍,4,10,未勝利・牝,38.9,先行,3,4,11,阪神,D,1800,重,7,9,未勝利・牝,39.4,中団,11
6,,10,,,,,ゴールドドレッサ,,牝,3,2,7,5,函館,D,1700,良,4,4,１勝ｸﾗｽ,38.3,ﾏｸﾘ,10,4,25,福島,D,1700,良,1,1,未勝利・牝,38.2,差し,3,4,4,中山,D,1800,稍,3,9,未勝利,39.4,先行,2,3,21,中山,D,1200,良,13,6,未勝利・牝,37.6,後方,初,,,,,,,,,,,,
7,,11,,,,,ストラニエーロ,,牝,4,13,4,16,大井,D,1800,不,2,8,アーバ,----,先行,4,3,22,中京,T,2000,良,12,14,１勝ｸﾗｽ・牝,34.4,後方,12,12,27,中山,T,2200,良,10,15,１勝ｸﾗｽ,35.3,後方,7,11,9,福島,T,2600,良,11,12,１勝ｸﾗｽ,35.9,逃げ,8,9,13,中山,T,2000,稍,12,4,１勝ｸﾗｽ,34.6,中団,9
7,,12,,,,,リピース,,牝,3,連,7,12,函館,D,1700,不,3,8,１勝ｸﾗｽ・牝,37.3,逃げ,27,1,5,京都,D,1800,良,11,10,１勝ｸﾗｽ*,40.6,逃げ,9,11,2,京都,D,1800,稍,16,16,もちの木･1勝,40.7,後方,8,9,6,札幌,D,1700,良,1,1,未勝利*,38.4,逃げ,2,8,24,札幌,D,1700,良,2,11,未勝利*,39.1,先行,3
8,,13,,,,,スタンピー,,牝,4,2,7,5,函館,D,1700,良,8,8,１勝ｸﾗｽ,41.5,後方,15,3,21,中京,T,1600,良,9,7,１勝ｸﾗｽ,34.3,先行,連,3,14,中京,T,1600,良,9,8,１勝ｸﾗｽ,34.8,中団,13,12,13,中京,D,1200,良,13,4,１勝ｸﾗｽ・牝,38.0,中団,3,11,24,東京,T,1600,良,9,8,１勝ｸﾗｽ,35.4,逃げ,5
8,,14,,,,,ヴァレンティーニ,,牝,3,13,4,18,阪神,D,1800,良,4,9,１勝ｸﾗｽ・牝*,37.5,追込,7,3,1,中山,D,1800,稍,6,5,１勝ｸﾗｽ*,39.2,ﾏｸﾘ,25,9,7,中山,D,1800,良,1,5,新馬,39.2,先行,初,,,,,,,,,,,,,,,,,,,,,,,,
レースID(新),日付S,曜日,場所,開催,R,レース名,クラス名,芝・ダート,距離,コース区分,コーナー回数,馬場状態(暫定),天候(暫定),フルゲート頭数,発走時刻,性別限定,重量種別,年齢限定
2026071902011208,2026.7.19,日,函館,1函C,8,,1勝,ダート,1000,,2,稍(暫定),雨(暫定),12,13:40,,定量,３上
枠番,B,番,印,M2,M3,M4,馬名S,Ｃ,性別,年齢,間隔,月,日,場所,TD,距離,馬場状態,着順,人気,ﾚｰｽ名･1走前,上り3F,決手,前走間隔,月,日,場所,TD,距離,馬場状態,着順,人気,ﾚｰｽ名･2走前,上り3F,決手,前走間隔,月,日,場所,TD,距離,馬場状態,着順,人気,ﾚｰｽ名･3走前,上り3F,決手,前走間隔,月,日,場所,TD,距離,馬場状態,着順,人気,ﾚｰｽ名･4走前,上り3F,決手,前走間隔,月,日,場所,TD,距離,馬場状態,着順,人気,ﾚｰｽ名･5走前,上り3F,決手,前走間隔
1,,1,,,,,レストプレドゥモア,,牝,4,5,6,14,函館,D,1000,良,2,8,１勝ｸﾗｽ・牝,35.6,先行,9,4,11,福島,D,1150,良,9,10,１勝ｸﾗｽ,38.5,先行,10,2,1,小倉,D,1000,良,10,9,１勝ｸﾗｽ,36.3,中団,8,12,7,阪神,D,1200,良,11,7,１勝ｸﾗｽ・牝,40.8,先行,20,7,19,函館,D,1000,良,1,4,未勝利,35.5,先行,6
2,,2,,,,,プレザントトーン,,牝,3,2,7,5,福島,D,1150,良,12,12,１勝ｸﾗｽ,36.5,後方,13,4,2,船橋,D,1600,不,1,4,ナイス,----,先行,13,1,5,京都,D,1800,良,9,8,未勝利・牝,40.2,中団,4,12,7,阪神,D,1800,良,5,7,未勝利・牝*,38.2,後方,2,11,22,福島,D,1700,良,11,8,未勝利・牝*,39.9,後方,16
3,,3,,,,,イングラム,,牡,3,3,6,28,函館,D,1000,稍,1,1,未勝利,35.6,逃げ,2,6,13,函館,D,1000,稍,2,2,未勝利,35.1,逃げ,8,4,19,福島,D,1150,良,8,9,未勝利,38.8,先行,9,2,14,京都,D,1400,稍,15,7,未勝利,41.6,逃げ,3,1,25,京都,T,1600,良,13,5,新馬,36.7,逃げ,初
4,,4,,,,,ワイドデコラシオン,,牡,4,連,7,11,函館,D,1000,重,2,2,１勝ｸﾗｽ,35.0,先行,9,5,10,新潟,D,1200,良,6,6,１勝ｸﾗｽ・若,38.1,逃げ,4,4,11,阪神,D,1400,重,9,9,１勝ｸﾗｽ,37.5,逃げ,31,9,10,笠松,D,1400,良,1,1,細久手,----,逃げ,10,6,29,小倉,D,1700,良,5,3,未勝利,38.6,中団,8
5,,5,,,,,グレイトソン,,牡,3,2,7,5,函館,D,1000,良,1,1,未勝利,36.5,逃げ,2,6,21,函館,D,1000,良,3,1,未勝利,37.4,先行,7,5,2,京都,D,1200,重,2,1,未勝利,35.8,逃げ,2,4,18,阪神,D,1200,良,2,3,未勝利,36.5,逃げ,2,4,5,阪神,D,1200,重,2,5,未勝利,36.5,逃げ,12
6,,6,,,,,キャンドルマス,,牡,5,2,7,5,函館,D,1000,良,2,3,１勝ｸﾗｽ,35.8,先行,2,6,20,函館,D,1000,良,3,6,１勝ｸﾗｽ,35.6,先行,連,6,13,函館,D,1000,稍,4,4,１勝ｸﾗｽ,34.8,追込,12,3,21,阪神,D,1200,良,10,7,１勝ｸﾗｽ,36.6,後方,3,2,28,小倉,D,1000,不,2,4,１勝ｸﾗｽ,34.4,差し,10
7,,7,,,,,グッバイウェーブ,,牝,4,4,6,20,函館,D,1000,良,6,9,１勝ｸﾗｽ,36.0,中団,5,5,17,新潟,T,1000,良,8,9,飛竜特別･1勝,32.3,後方,4,4,18,福島,D,1150,良,9,11,１勝ｸﾗｽ・牝,37.9,中団,5,3,15,中京,T,1200,良,16,14,１勝ｸﾗｽ,36.0,先行,17,11,15,福島,T,1200,良,12,4,１勝ｸﾗｽ・牝,36.1,先行,17
7,,8,,,,,フレンズプラス,,牝,3,3,6,27,函館,D,1000,重,3,5,１勝ｸﾗｽ,34.7,差し,2,6,14,函館,D,1000,良,5,7,１勝ｸﾗｽ・牝,34.8,後方,5,5,9,新潟,D,1200,稍,1,1,未勝利・牝,38.7,先行,3,4,19,福島,D,1150,良,2,11,未勝利,37.3,差し,10,2,7,小倉,D,1700,良,11,9,未勝利・牝,41.1,先行,17
8,,9,,,,,メイショウハッブル,,牡,5,連,7,11,函館,D,1000,重,4,6,１勝ｸﾗｽ,34.9,差し,12,4,18,阪神,D,1200,良,12,9,１勝ｸﾗｽ,36.9,中団,2,4,4,阪神,D,1200,稍,4,13,１勝ｸﾗｽ,36.2,追込,2,3,21,阪神,D,1200,良,13,9,１勝ｸﾗｽ,37.1,中団,8,1,25,京都,D,1200,良,9,4,１勝ｸﾗｽ,36.5,後方,2
8,,10,,,,,タイセイモノリス,,牡,3,連,7,11,函館,D,1700,重,9,6,１勝ｸﾗｽ,39.6,逃げ,10,5,3,京都,D,1400,稍,14,8,１勝ｸﾗｽ*,37.3,後方,7,3,15,中京,D,1400,良,1,2,未勝利,37.3,先行,3,2,22,東京,D,1400,良,3,3,未勝利,36.8,先行,12,11,30,東京,D,1400,良,9,4,未勝利*,38.5,中団,9
レースID(新),日付S,曜日,場所,開催,R,レース名,クラス名,芝・ダート,距離,コース区分,コーナー回数,馬場状態(暫定),天候(暫定),フルゲート頭数,発走時刻,性別限定,重量種別,年齢限定
2026071902011209,2026.7.19,日,函館,1函C,9,かもめ島特別,2勝,芝,1800,B,4,稍(暫定),雨(暫定),14,14:10,牝,定量,３上
枠番,B,番,印,M2,M3,M4,馬名S,Ｃ,性別,年齢,間隔,月,日,場所,TD,距離,馬場状態,着順,人気,ﾚｰｽ名･1走前,上り3F,決手,前走間隔,月,日,場所,TD,距離,馬場状態,着順,人気,ﾚｰｽ名･2走前,上り3F,決手,前走間隔,月,日,場所,TD,距離,馬場状態,着順,人気,ﾚｰｽ名･3走前,上り3F,決手,前走間隔,月,日,場所,TD,距離,馬場状態,着順,人気,ﾚｰｽ名･4走前,上り3F,決手,前走間隔,月,日,場所,TD,距離,馬場状態,着順,人気,ﾚｰｽ名･5走前,上り3F,決手,前走間隔
1,,1,,,,,レーヴドロペラ,,牝,4,4,6,20,東京,T,2400,稍,2,3,町田特Ｈ･2勝,34.5,先行,15,3,7,中山,T,2500,稍,9,2,潮来特Ｈ･2勝,38.5,先行,16,11,16,福島,T,2600,良,3,4,三陸特別･2勝,35.4,先行,4,10,18,新潟,T,2200,良,1,4,岩船特別･1勝,35.7,差し,21,5,25,東京,T,2400,良,14,17,優駿牝馬G1,35.1,中団,9
2,,2,,,,,マイスターヴェルク,,牝,4,5,6,13,函館,T,1800,稍,2,4,松前特別･2勝,34.6,先行,12,3,22,中山,D,1800,良,12,6,２勝ｸﾗｽ・牝,40.2,後方,6,2,10,東京,T,1800,良,5,4,２勝ｸﾗｽ・牝,34.4,先行,11,11,24,福島,T,1800,良,6,2,五色沼特･2勝,35.0,先行,11,9,7,中山,T,2000,良,10,8,紫苑ＳG2,33.9,中団,10
3,,3,,,,,ハニードレス,,牝,4,11,5,2,新潟,T,1800,稍,12,6,胎内川特･2勝,35.6,中団,10,2,21,小倉,T,1800,良,1,3,１勝ｸﾗｽ・牝,35.6,差し,10,12,14,中山,T,1800,稍,6,9,１勝ｸﾗｽ,36.1,先行,8,10,18,新潟,T,1800,良,9,6,１勝ｸﾗｽ,34.6,先行,11,8,2,札幌,T,1800,良,3,4,１勝ｸﾗｽ,35.1,先行,2
4,,4,,,,,アストリル,,牝,3,4,6,21,函館,T,2000,良,1,4,遊楽部特･1勝,35.5,先行,7,5,2,東京,T,1800,良,5,7,スイート(L),33.8,中団,9,3,1,小倉,T,2000,良,1,1,未勝利・牝,36.3,先行,3,2,7,小倉,T,2000,稍,2,1,未勝利・若,35.8,差し,2,1,25,小倉,T,2000,良,3,3,未勝利,34.5,差し,10
4,,5,,,,,タイヨウフレア,,牝,4,4,6,21,函館,D,1700,良,7,9,檜山特別･2勝,38.1,先行,連,6,14,函館,D,1700,良,8,11,津軽海Ｈ･2勝,37.5,中団,8,4,19,中山,D,1800,良,11,11,利根川特･2勝,39.3,後方,8,2,22,小倉,D,1700,良,13,11,和布刈特･2勝,38.1,後方,2,2,8,小倉,D,1700,良,5,11,由布院特･2勝,38.0,中団,3
5,B,6,,,,,ロートホルン,,牝,4,18,3,14,中山,T,2000,良,8,4,房総特別･2勝,36.1,先行,16,11,24,福島,T,1800,良,16,1,五色沼特･2勝,35.0,中団,11,9,7,中山,T,2000,良,止,5,紫苑ＳG2,----,,8,7,13,函館,T,1800,良,1,1,１勝ｸﾗｽ・牝,34.9,先行,11,4,27,東京,T,2000,良,6,6,フローラG2,34.6,逃げ,10
5,,7,,,,,マルカオペラ,,牝,5,10,5,9,京都,T,1600,良,4,5,久御山特･2勝,34.9,先行,4,4,12,阪神,T,1600,良,4,6,２勝ｸﾗｽ,33.5,追込,3,3,22,阪神,T,1600,良,7,5,皆生特別･2勝,35.7,先行,10,1,10,中山,T,1600,良,6,11,初凪賞･2勝,34.5,後方,4,12,14,阪神,T,1600,良,4,5,甲東特別･2勝,34.4,追込,3
6,,8,,,,,ハートメテオ,,牝,4,3,6,27,函館,T,2000,稍,8,1,洞爺湖特･2勝,35.7,中団,2,6,13,函館,T,1800,稍,10,1,松前特別･2勝,34.6,中団,17,2,15,小倉,T,2000,稍,2,3,太宰府特･2勝,34.9,追込,4,1,17,京都,T,2000,良,2,2,稲荷特別･2勝,34.0,追込,5,12,13,阪神,T,1800,良,5,4,２勝ｸﾗｽ・牝,33.9,先行,15
6,,9,,,,,モンローウォーク,,牝,3,5,6,14,函館,T,1800,良,1,1,八雲特別･1勝,34.6,先行,43,8,16,新潟,T,1600,良,1,1,新馬,33.9,逃げ,初,,,,,,,,,,,,,,,,,,,,,,,,,,,,,,,,,,,,
7,,10,,,,,マドモアゼルアスク,,牝,4,9,5,16,東京,T,1800,良,7,6,調布特別･2勝,33.3,中団,2,5,3,新潟,T,1800,良,1,2,１勝ｸﾗｽ,34.5,先行,5,3,28,中京,T,2000,良,3,4,１勝ｸﾗｽ,33.9,先行,2,3,15,中京,T,2000,良,2,4,１勝ｸﾗｽ,34.9,先行,5,2,7,小倉,T,2000,稍,3,11,１勝ｸﾗｽ・牝,36.6,逃げ,22
7,,11,,,,,エーデル,,牝,5,連,7,12,函館,T,1800,重,7,13,北海Ｈ･2勝,35.2,後方,2,6,28,福島,T,2000,良,13,10,松島特別･2勝,35.4,後方,7,5,9,東京,T,2000,良,5,5,２勝ｸﾗｽ,34.4,中団,2,4,25,東京,D,1600,稍,10,10,２勝ｸﾗｽ,36.4,後方,9,2,22,東京,D,1400,良,9,10,大島特別･2勝,35.7,後方,6
8,,12,,,,,エリム,,牝,6,連,7,12,函館,T,1800,重,10,14,北海Ｈ･2勝,35.9,中団,4,6,13,函館,T,1800,稍,15,14,松前特別･2勝,35.5,後方,8,4,19,中山,T,2000,良,7,12,野島崎特･2勝,34.7,後方,4,3,21,中山,T,1800,良,7,13,館山特Ｈ･2勝,33.8,後方,17,11,24,福島,T,1800,良,14,13,五色沼特･2勝,34.8,中団,2
8,,13,,,,,トレミニョン,,牝,5,5,6,13,函館,T,1800,稍,4,13,松前特別･2勝,34.5,差し,12,3,21,中山,T,1800,良,12,7,館山特Ｈ･2勝,35.0,先行,10,1,11,中山,T,1800,良,8,7,初咲賞･2勝,34.7,後方,18,9,7,札幌,T,1800,稍,8,8,ＨＴＢ賞･2勝,37.4,先行,2,8,23,札幌,T,1800,稍,1,3,１勝ｸﾗｽ・牝,35.5,先行,7
レースID(新),日付S,曜日,場所,開催,R,レース名,クラス名,芝・ダート,距離,コース区分,コーナー回数,馬場状態(暫定),天候(暫定),フルゲート頭数,発走時刻,性別限定,重量種別,年齢限定
2026071902011210,2026.7.19,日,函館,1函C,10,駒場特別,2勝,ダート,1700,,4,稍(暫定),雨(暫定),14,14:45,,定量,３上
枠番,B,番,印,M2,M3,M4,馬名S,Ｃ,性別,年齢,間隔,月,日,場所,TD,距離,馬場状態,着順,人気,ﾚｰｽ名･1走前,上り3F,決手,前走間隔,月,日,場所,TD,距離,馬場状態,着順,人気,ﾚｰｽ名･2走前,上り3F,決手,前走間隔,月,日,場所,TD,距離,馬場状態,着順,人気,ﾚｰｽ名･3走前,上り3F,決手,前走間隔,月,日,場所,TD,距離,馬場状態,着順,人気,ﾚｰｽ名･4走前,上り3F,決手,前走間隔,月,日,場所,TD,距離,馬場状態,着順,人気,ﾚｰｽ名･5走前,上り3F,決手,前走間隔
1,B,1,,,,,ウインシャーガス,,牝,4,3,6,28,函館,D,1700,稍,2,2,渡島特別･2勝,37.5,先行,2,6,13,函館,T,1800,稍,3,2,松前特別･2勝,34.5,差し,9,4,12,中山,T,1800,良,3,2,２勝ｸﾗｽ,34.0,先行,3,3,21,中山,T,1800,良,2,4,館山特Ｈ･2勝,34.2,先行,8,1,25,小倉,T,1800,良,1,2,１勝ｸﾗｽ・牝,36.2,先行,7
2,B,2,,,,,ヤコブセン,,牡,4,5,6,13,函館,T,1800,稍,12,15,松前特別･2勝,35.2,中団,7,4,25,東京,T,1800,良,8,7,石和特別･2勝,34.6,先行,11,2,7,小倉,T,1800,稍,14,10,ＲＫＢ賞･2勝,36.8,後方,2,1,25,小倉,T,2000,良,1,3,１勝ｸﾗｽ,34.1,先行,4,12,27,中山,T,2200,良,9,16,１勝ｸﾗｽ,36.2,先行,9
3,B,3,,,,,テルアスワッド,,セ,4,9,5,16,新潟,D,1800,良,4,7,中ノ岳特･2勝,37.6,先行,8,3,22,中京,D,1800,良,1,8,１勝ｸﾗｽ,37.0,逃げ,23,10,13,京都,D,1900,良,7,8,１勝ｸﾗｽ,38.3,後方,11,7,26,中京,D,1800,良,6,8,１勝ｸﾗｽ,38.7,中団,4,6,29,小倉,D,1700,良,10,9,１勝ｸﾗｽ,37.8,後方,9
3,,4,,,,,ルージュマローネ,,牝,4,3,6,28,函館,D,1700,稍,4,8,渡島特別･2勝,37.8,先行,8,5,3,新潟,D,1800,稍,11,8,咲花特別･2勝,38.9,逃げ,3,4,11,福島,D,1700,良,1,9,１勝ｸﾗｽ・若,38.7,逃げ,3,3,22,中京,D,1800,良,10,11,１勝ｸﾗｽ,37.7,中団,8,1,24,中山,D,1800,良,7,7,１勝ｸﾗｽ・牝,40.0,中団,10
4,B,5,,,,,キングベルベット,,セ,5,20,2,28,小倉,D,1700,重,8,4,早鞆特Ｈ･2勝,38.8,逃げ,3,2,7,小倉,D,1700,良,1,6,１勝ｸﾗｽ,38.1,逃げ,6,12,27,中山,D,1800,稍,10,4,１勝ｸﾗｽ,40.0,中団,5,11,24,福島,D,1700,良,7,9,１勝ｸﾗｽ・若,38.0,後方,18,7,20,函館,D,1700,良,11,3,１勝ｸﾗｽ,39.1,後方,36
4,,6,,,,,レイザリオ,,牡,4,5,6,14,函館,D,1700,良,10,9,津軽海Ｈ･2勝,39.9,中団,9,4,12,福島,D,1700,良,1,5,１勝ｸﾗｽ,38.4,逃げ,8,2,15,小倉,D,1700,稍,7,5,１勝ｸﾗｽ,40.5,先行,9,12,13,中京,D,1400,良,13,4,１勝ｸﾗｽ,38.7,先行,3,11,24,福島,D,1700,良,3,8,１勝ｸﾗｽ・若,38.8,逃げ,10
5,B,7,,,,,ジュンラトゥール,,牡,5,4,6,21,函館,D,1700,良,4,5,檜山特別･2勝,37.3,先行,連,6,14,函館,D,1700,良,4,6,津軽海Ｈ･2勝,37.2,差し,7,4,26,福島,D,1700,良,3,7,尾瀬特別･2勝,38.0,先行,5,3,21,阪神,D,1800,良,7,9,２勝ｸﾗｽ,37.9,後方,連,3,14,中京,D,1800,良,9,4,中京スＨ･2勝,37.3,中団,2
5,,8,,,,,マーウォルス,,牡,4,5,6,14,函館,D,1700,良,7,8,津軽海Ｈ･2勝,37.5,中団,7,4,26,福島,D,1700,良,6,4,尾瀬特別･2勝,37.9,後方,8,2,28,小倉,D,1700,重,5,10,早鞆特Ｈ･2勝,37.4,後方,2,2,15,小倉,D,1700,稍,1,1,１勝ｸﾗｽ,38.3,差し,8,12,20,阪神,D,1800,良,5,5,１勝ｸﾗｽ,37.3,中団,4
6,,9,,,,,シーズザスローン,,牡,3,2,7,4,函館,D,1700,良,1,1,１勝ｸﾗｽ,36.5,先行,2,6,21,函館,D,1700,良,2,1,１勝ｸﾗｽ,36.9,先行,12,3,28,阪神,T,1800,良,7,5,毎日杯G3,34.2,先行,5,2,22,東京,D,1600,良,7,5,ヒヤシン(L),39.1,先行,7,1,5,京都,D,1800,良,5,2,１勝ｸﾗｽ*,37.0,後方,2
6,,10,,,,,マンダリンボレロ,,牡,6,2,7,4,福島,D,1700,稍,4,7,横手特別･2勝,37.6,先行,3,6,14,東京,D,1600,稍,6,11,２勝ｸﾗｽ,37.7,中団,3,5,24,東京,D,1600,稍,7,11,三峰山特･2勝,36.0,中団,8,3,28,中山,D,1800,重,9,9,２勝ｸﾗｽ,38.7,中団,3,3,8,中山,D,1800,稍,4,10,２勝ｸﾗｽ,39.4,追込,3
7,,11,,,,,メイショウタイピン,,牡,4,2,7,4,函館,D,1700,良,4,9,竜飛崎特･2勝,38.7,先行,3,6,14,函館,D,1700,良,5,2,津軽海Ｈ･2勝,38.1,先行,4,5,17,東京,D,1600,良,5,9,青梅特Ｈ･2勝,36.2,中団,2,5,2,東京,D,1600,稍,5,7,２勝ｸﾗｽ,35.9,後方,15,1,18,京都,D,1800,良,9,8,大津特別･2勝,37.5,中団,4
7,,12,,,,,タガノエルー,,牡,3,11,5,2,新潟,D,1800,重,1,1,わらび賞･1勝,39.0,差し,3,4,11,阪神,D,1800,重,2,1,１勝ｸﾗｽ*,36.3,先行,3,3,22,阪神,D,1800,良,2,2,１勝ｸﾗｽ*,37.7,ﾏｸﾘ,7,1,31,京都,D,1800,良,4,3,１勝ｸﾗｽ*,36.5,差し,4,1,4,京都,D,1800,良,1,9,未勝利,37.3,先行,7
8,B,13,,,,,フォーワンセルフ,,牡,7,11,5,3,東京,D,1300,稍,12,12,２勝ｸﾗｽ,36.8,後方,2,4,18,中山,D,1200,良,8,11,葛飾特別･2勝,35.4,後方,3,3,29,中京,D,1400,良,12,12,鈴鹿特別･2勝,36.4,後方,9,1,25,中山,D,1200,良,8,14,２勝ｸﾗｽ,36.3,後方,5,12,20,中京,D,1400,稍,7,14,ヤングジ･2勝,36.9,後方,3
8,B,14,,,,,プライベートアイズ,,牡,4,6,6,6,阪神,D,1800,良,2,4,加古川特･2勝,37.0,逃げ,3,5,16,東京,D,1400,良,11,7,立川特別･2勝,37.2,中団,3,4,26,東京,D,1400,稍,5,6,２勝ｸﾗｽ,35.9,先行,10,2,14,東京,D,1600,良,4,8,２勝ｸﾗｽ,36.9,先行,28,8,2,新潟,D,1800,良,3,3,苗場特別･2勝,38.2,先行,3
レースID(新),日付S,曜日,場所,開催,R,レース名,クラス名,芝・ダート,距離,コース区分,コーナー回数,馬場状態(暫定),天候(暫定),フルゲート頭数,発走時刻,性別限定,重量種別,年齢限定
2026071902011211,2026.7.19,日,函館,1函C,11,函館２歳Ｓ,Ｇ３,芝,1200,B,2,稍(暫定),雨(暫定),16,15:20,,馬齢,２歳
枠番,B,番,印,M2,M3,M4,馬名S,Ｃ,性別,年齢,間隔,月,日,場所,TD,距離,馬場状態,着順,人気,ﾚｰｽ名･1走前,上り3F,決手,前走間隔,月,日,場所,TD,距離,馬場状態,着順,人気,ﾚｰｽ名･2走前,上り3F,決手,前走間隔,月,日,場所,TD,距離,馬場状態,着順,人気,ﾚｰｽ名･3走前,上り3F,決手,前走間隔,月,日,場所,TD,距離,馬場状態,着順,人気,ﾚｰｽ名･4走前,上り3F,決手,前走間隔,月,日,場所,TD,距離,馬場状態,着順,人気,ﾚｰｽ名･5走前,上り3F,決手,前走間隔
1,,1,,,,,ダマスク,,牡,2,2,7,4,函館,D,1000,良,1,1,新馬,36.5,先行,初,,,,,,,,,,,,,,,,,,,,,,,,,,,,,,,,,,,,,,,,,,,,,,,,
2,,2,,,,,ダイシンドラゴン,,牡,2,3,6,28,函館,T,1200,良,1,1,未勝利*,35.4,先行,2,6,13,函館,T,1200,稍,5,1,新馬,35.5,先行,初,,,,,,,,,,,,,,,,,,,,,,,,,,,,,,,,,,,,
3,,3,,,,,セタキト,,牡,2,5,6,14,函館,T,1000,良,1,6,新馬,33.7,逃げ,初,,,,,,,,,,,,,,,,,,,,,,,,,,,,,,,,,,,,,,,,,,,,,,,,
4,,4,,,,,アルテクィーン,,牝,2,2,7,4,函館,T,1200,良,2,1,未勝利・牝*,34.6,逃げ,3,6,13,函館,T,1200,稍,2,4,新馬,35.6,先行,初,,,,,,,,,,,,,,,,,,,,,,,,,,,,,,,,,,,,
4,,5,,,,,フェリチタ,,牝,2,4,6,21,函館,T,1200,良,1,3,新馬,34.5,逃げ,初,,,,,,,,,,,,,,,,,,,,,,,,,,,,,,,,,,,,,,,,,,,,,,,,
5,,6,,,,,ウンスイ,,牡,2,7,5,28,門別,D,1200,稍,6,1,ウィナ,----,逃げ,7,4,15,門別,D,1000,良,1,2,スーパ,----,逃げ,初,,,,,,,,,,,,,,,,,,,,,,,,,,,,,,,,,,,,
5,,7,,,,,ショウナンカノア,,牝,2,2,7,4,函館,T,1200,良,1,3,未勝利・牝*,34.3,先行,3,6,13,函館,T,1200,稍,6,3,新馬,35.7,中団,初,,,,,,,,,,,,,,,,,,,,,,,,,,,,,,,,,,,,
6,,8,,,,,クロリス,,牝,2,5,6,13,阪神,D,1400,良,1,4,新馬,38.6,逃げ,初,,,,,,,,,,,,,,,,,,,,,,,,,,,,,,,,,,,,,,,,,,,,,,,,
6,B,9,,,,,イモージェン,,牝,2,4,6,20,函館,T,1200,良,1,3,新馬・牝,33.6,先行,初,,,,,,,,,,,,,,,,,,,,,,,,,,,,,,,,,,,,,,,,,,,,,,,,
7,,10,,,,,ノリヤンモーニン,,牡,2,4,6,20,函館,D,1000,良,1,4,新馬,35.4,逃げ,初,,,,,,,,,,,,,,,,,,,,,,,,,,,,,,,,,,,,,,,,,,,,,,,,
7,,11,,,,,シグレ,,牝,2,3,6,28,函館,T,1200,良,1,1,新馬,34.6,逃げ,初,,,,,,,,,,,,,,,,,,,,,,,,,,,,,,,,,,,,,,,,,,,,,,,,
8,,12,,,,,ダイメイビッグボス,,牡,2,5,6,13,函館,T,1200,稍,1,2,新馬,34.9,差し,初,,,,,,,,,,,,,,,,,,,,,,,,,,,,,,,,,,,,,,,,,,,,,,,,
8,,13,,,,,ロンドンガーズ,,牡,2,5,6,13,阪神,T,1200,良,1,2,新馬,33.8,逃げ,初,,,,,,,,,,,,,,,,,,,,,,,,,,,,,,,,,,,,,,,,,,,,,,,,
レースID(新),日付S,曜日,場所,開催,R,レース名,クラス名,芝・ダート,距離,コース区分,コーナー回数,馬場状態(暫定),天候(暫定),フルゲート頭数,発走時刻,性別限定,重量種別,年齢限定
2026071902011212,2026.7.19,日,函館,1函C,12,,1勝,芝,1200,B,2,稍(暫定),雨(暫定),16,16:05,,定量,３上
枠番,B,番,印,M2,M3,M4,馬名S,Ｃ,性別,年齢,間隔,月,日,場所,TD,距離,馬場状態,着順,人気,ﾚｰｽ名･1走前,上り3F,決手,前走間隔,月,日,場所,TD,距離,馬場状態,着順,人気,ﾚｰｽ名･2走前,上り3F,決手,前走間隔,月,日,場所,TD,距離,馬場状態,着順,人気,ﾚｰｽ名･3走前,上り3F,決手,前走間隔,月,日,場所,TD,距離,馬場状態,着順,人気,ﾚｰｽ名･4走前,上り3F,決手,前走間隔,月,日,場所,TD,距離,馬場状態,着順,人気,ﾚｰｽ名･5走前,上り3F,決手,前走間隔
1,,1,,,,,ザカリナン,,牡,4,13,4,18,福島,T,1200,良,5,5,１勝ｸﾗｽ,34.0,後方,3,3,29,阪神,T,1400,良,5,8,１勝ｸﾗｽ,34.4,先行,13,12,27,阪神,T,1800,良,11,12,１勝ｸﾗｽ,35.3,先行,3,12,6,阪神,T,1600,良,9,9,１勝ｸﾗｽ,34.2,逃げ,14,8,31,中京,T,1600,良,4,8,１勝ｸﾗｽ,34.8,差し,2
2,,2,,,,,コモンスナイプ,,牡,4,2,7,5,函館,T,1200,良,3,4,１勝ｸﾗｽ,34.5,差し,2,6,20,函館,T,1200,良,4,9,下北半島･1勝,34.5,追込,42,8,30,札幌,T,1200,稍,14,12,１勝ｸﾗｽ,37.7,中団,4,8,3,中京,T,1400,良,13,16,１勝ｸﾗｽ,34.5,中団,38,11,10,福島,T,1200,良,6,7,福島２歳,36.7,中団,4
3,,3,,,,,マグネシアブリック,,セ,4,3,6,28,函館,T,1200,良,2,10,１勝ｸﾗｽ,34.3,先行,6,5,17,新潟,T,1000,良,9,5,飛竜特別･1勝,32.5,中団,15,2,1,小倉,T,1200,良,17,3,１勝ｸﾗｽ,35.7,中団,14,10,25,新潟,T,1000,良,3,2,稲光特別･1勝,32.4,先行,24,5,11,新潟,T,1000,稍,1,1,未勝利,34.3,先行,3
3,,4,,,,,ホウオウヘッセン,,牡,3,10,5,9,新潟,T,1200,良,8,5,ゆきつば･1勝,35.9,先行,8,3,15,中山,T,1200,良,9,4,１勝ｸﾗｽ*,35.3,逃げ,12,12,21,中山,D,1200,不,1,1,未勝利*,36.8,逃げ,8,10,26,東京,T,1400,稍,6,2,新馬,34.9,中団,初,,,,,,,,,,,,
4,,5,,,,,ロードクラシコ,,牡,3,2,7,4,函館,T,1200,良,1,6,未勝利,34.7,逃げ,4,6,7,東京,T,1600,良,9,9,未勝利,35.4,先行,26,12,6,中京,T,1200,良,11,6,未勝利*,34.7,中団,15,8,23,新潟,T,1600,良,11,2,新馬,34.9,逃げ,初,,,,,,,,,,,,
4,,6,,,,,ブラヴィーノ,,牡,7,2,7,5,函館,T,1200,良,9,9,１勝ｸﾗｽ,34.7,後方,10,4,26,福島,T,1200,良,13,15,１勝ｸﾗｽ,34.3,中団,8,2,28,小倉,T,1200,稍,16,18,１勝ｸﾗｽ,34.9,後方,2,2,14,小倉,T,1200,良,16,18,１勝ｸﾗｽ,35.5,後方,13,11,16,京都,D,1200,良,14,13,１勝ｸﾗｽ,37.1,後方,連
5,,7,,,,,ミスターバッドガイ,,牡,3,10,5,9,新潟,T,1200,良,10,9,ゆきつば･1勝,35.3,後方,4,4,11,阪神,T,1200,稍,13,9,１勝ｸﾗｽ*,35.8,先行,2,3,28,阪神,T,1400,良,11,6,１勝ｸﾗｽ*,37.3,中団,11,1,12,中山,T,1200,良,4,6,１勝ｸﾗｽ*,34.2,先行,3,12,20,中京,T,1200,稍,3,6,クリスマ,33.9,追込,16
5,,8,,,,,ロードヴェルテクス,,牡,3,12,4,25,京都,D,1800,稍,11,11,１勝ｸﾗｽ*,38.5,後方,10,2,18,笠松,D,1400,良,1,1,加納宿,----,先行,13,11,15,福島,D,1700,良,7,5,未勝利*,38.3,中団,4,10,19,京都,T,1400,良,11,14,新馬,35.5,中団,初,,,,,,,,,,,,
6,,9,,,,,シャインズオンユー,,牡,5,5,6,14,函館,T,1200,良,8,12,１勝ｸﾗｽ,33.7,後方,4,5,16,新潟,T,1400,良,13,11,１勝ｸﾗｽ,34.0,後方,3,4,25,京都,T,1400,良,13,16,１勝ｸﾗｽ,33.4,後方,連,4,19,福島,T,1200,良,14,13,須賀川特･1勝,33.4,後方,3,3,29,阪神,T,1400,良,13,7,１勝ｸﾗｽ,34.9,後方,6
6,,10,,,,,マイオウンウェイ,,セ,3,2,7,5,函館,T,1200,良,10,8,１勝ｸﾗｽ,35.6,中団,2,6,20,函館,T,1200,良,11,8,下北半島･1勝,35.1,後方,22,1,18,京都,D,1200,良,10,9,１勝ｸﾗｽ*,40.6,後方,5,12,13,中山,T,1200,良,13,11,黒松賞･1勝*,34.3,後方,12,9,20,中山,T,1200,良,7,3,カンナＳ,34.3,後方,9
7,,11,,,,,フレンドモナコ,,牡,3,2,7,5,函館,T,1200,良,7,7,１勝ｸﾗｽ,34.5,後方,2,6,20,函館,T,1200,良,8,11,下北半島･1勝,35.0,中団,連,6,14,函館,T,1200,良,9,11,１勝ｸﾗｽ,34.2,中団,6,5,2,東京,T,1400,良,12,16,１勝ｸﾗｽ*,33.8,中団,2,4,19,中山,T,1600,良,4,6,１勝ｸﾗｽ*,34.5,差し,3
7,,12,,,,,ソードマスター,,牡,4,2,7,5,函館,T,1200,良,4,6,１勝ｸﾗｽ,34.9,先行,連,6,28,函館,T,1200,良,6,11,１勝ｸﾗｽ,34.3,後方,7,5,9,新潟,D,1200,稍,8,7,１勝ｸﾗｽ,39.4,中団,8,3,14,中山,D,1200,良,4,7,１勝ｸﾗｽ,36.6,差し,3,2,21,東京,D,1400,良,5,13,１勝ｸﾗｽ,35.9,中団,10
8,,13,,,,,アヤサンジョリーン,,牝,3,4,6,20,函館,T,1200,良,9,10,下北半島･1勝,34.7,後方,5,5,14,門別,D,1200,良,4,6,フロイ,----,差し,5,4,15,門別,D,1200,良,5,8,２５周,----,中団,4,3,18,浦和,D,1500,良,11,9,桜花賞,----,中団,17,11,13,門別,D,1700,稍,10,4,ブロッ,----,先行,2
8,,14,,,,,ルクスアドラー,,牡,5,8,5,23,東京,T,1600,良,12,14,１勝ｸﾗｽ,33.5,後方,4,4,25,京都,T,1400,良,12,15,１勝ｸﾗｽ,33.9,後方,2,4,12,福島,T,1200,良,14,12,１勝ｸﾗｽ,33.6,後方,7,2,21,小倉,T,1200,良,13,16,１勝ｸﾗｽ,34.8,中団,15,11,9,福島,T,1200,良,9,10,１勝ｸﾗｽ,34.5,後方,15
レースID(新),日付S,曜日,場所,開催,R,レース名,クラス名,芝・ダート,距離,コース区分,コーナー回数,馬場状態(暫定),天候(暫定),フルゲート頭数,発走時刻,性別限定,重量種別,年齢限定
2026071903020801,2026.7.19,日,福島,2福8,1,,未勝利,ダート,1150,,2,良(暫定),曇(暫定),16,09:55,,馬齢,２歳
枠番,B,番,印,M2,M3,M4,馬名S,Ｃ,性別,年齢,間隔,月,日,場所,TD,距離,馬場状態,着順,人気,ﾚｰｽ名･1走前,上り3F,決手,前走間隔,月,日,場所,TD,距離,馬場状態,着順,人気,ﾚｰｽ名･2走前,上り3F,決手,前走間隔,月,日,場所,TD,距離,馬場状態,着順,人気,ﾚｰｽ名･3走前,上り3F,決手,前走間隔,月,日,場所,TD,距離,馬場状態,着順,人気,ﾚｰｽ名･4走前,上り3F,決手,前走間隔,月,日,場所,TD,距離,馬場状態,着順,人気,ﾚｰｽ名･5走前,上り3F,決手,前走間隔
1,,1,,,,,ムーンベリル,,牝,2,3,6,27,福島,D,1150,稍,2,1,新馬,37.1,逃げ,初,,,,,,,,,,,,,,,,,,,,,,,,,,,,,,,,,,,,,,,,,,,,,,,,
2,,2,,,,,ケンシロウワールド,,牡,2,5,6,14,東京,D,1400,稍,13,3,新馬,40.2,後方,初,,,,,,,,,,,,,,,,,,,,,,,,,,,,,,,,,,,,,,,,,,,,,,,,
3,,3,,,,,スウィット,,牡,2,3,6,27,福島,T,1200,良,5,6,新馬,35.7,先行,初,,,,,,,,,,,,,,,,,,,,,,,,,,,,,,,,,,,,,,,,,,,,,,,,
4,,4,,,,,トムキャット,,牝,2,連,7,11,福島,T,1200,良,5,10,新馬,35.6,中団,初,,,,,,,,,,,,,,,,,,,,,,,,,,,,,,,,,,,,,,,,,,,,,,,,
5,,5,,,,,リケアチャチャチャ,,牝,2,3,6,28,福島,T,1200,良,12,11,新馬・牝,36.5,先行,初,,,,,,,,,,,,,,,,,,,,,,,,,,,,,,,,,,,,,,,,,,,,,,,,
6,,6,,,,,ドナビッグベン,,牝,2,3,6,28,福島,T,1200,良,4,6,新馬・牝,35.2,差し,初,,,,,,,,,,,,,,,,,,,,,,,,,,,,,,,,,,,,,,,,,,,,,,,,
7,B,7,,,,,ウカテンセイ,,牝,2,連,7,12,福島,T,1200,稍,10,10,新馬,36.9,後方,初,,,,,,,,,,,,,,,,,,,,,,,,,,,,,,,,,,,,,,,,,,,,,,,,
7,,8,,,,,ココニイルヨ,,牝,2,2,7,5,小倉,T,1200,重,9,8,未勝利・九*,36.7,後方,3,6,13,東京,T,1400,良,6,7,新馬,35.0,先行,初,,,,,,,,,,,,,,,,,,,,,,,,,,,,,,,,,,,,
8,,9,,,,,レオライジング,,牝,2,3,6,27,福島,D,1150,稍,9,7,新馬,39.2,後方,初,,,,,,,,,,,,,,,,,,,,,,,,,,,,,,,,,,,,,,,,,,,,,,,,
8,,10,,,,,ユイノキャッツアイ,,牡,2,5,6,14,東京,D,1400,稍,4,7,新馬,38.4,先行,初,,,,,,,,,,,,,,,,,,,,,,,,,,,,,,,,,,,,,,,,,,,,,,,,
レースID(新),日付S,曜日,場所,開催,R,レース名,クラス名,芝・ダート,距離,コース区分,コーナー回数,馬場状態(暫定),天候(暫定),フルゲート頭数,発走時刻,性別限定,重量種別,年齢限定
2026071903020802,2026.7.19,日,福島,2福8,2,,未勝利,芝,2000,B,4,良(暫定),曇(暫定),16,10:30,牝,馬齢,３歳
枠番,B,番,印,M2,M3,M4,馬名S,Ｃ,性別,年齢,間隔,月,日,場所,TD,距離,馬場状態,着順,人気,ﾚｰｽ名･1走前,上り3F,決手,前走間隔,月,日,場所,TD,距離,馬場状態,着順,人気,ﾚｰｽ名･2走前,上り3F,決手,前走間隔,月,日,場所,TD,距離,馬場状態,着順,人気,ﾚｰｽ名･3走前,上り3F,決手,前走間隔,月,日,場所,TD,距離,馬場状態,着順,人気,ﾚｰｽ名･4走前,上り3F,決手,前走間隔,月,日,場所,TD,距離,馬場状態,着順,人気,ﾚｰｽ名･5走前,上り3F,決手,前走間隔
1,,1,,,,,ジェイエルグリーン,,牝,3,10,5,10,東京,D,1600,良,10,7,未勝利・牝,39.2,先行,連,5,2,東京,D,1400,重,10,7,未勝利・牝,39.5,先行,5,3,28,中山,D,1200,重,8,8,未勝利・牝,37.1,後方,4,2,28,中山,D,1800,重,5,7,未勝利,40.9,先行,5,1,25,中山,D,1800,良,13,7,未勝利・牝,44.8,先行,初
1,,2,,,,,ジャストビコーズ,,牝,3,26,1,17,中山,T,2000,良,3,8,未勝利,35.5,先行,4,12,21,中山,T,1800,重,4,5,未勝利・牝*,34.9,先行,4,11,23,東京,T,1800,良,2,8,未勝利・牝*,34.3,差し,6,10,13,東京,D,1600,良,4,4,未勝利・牝*,38.7,追込,4,9,13,中山,D,1800,不,5,3,未勝利・牝*,41.0,逃げ,4
2,,3,,,,,ダイナマイトメロン,,牝,3,10,5,9,東京,T,2400,良,10,11,未勝利,35.2,後方,2,4,25,福島,T,2000,良,11,8,未勝利・牝,36.0,後方,12,1,31,東京,T,1800,良,12,15,新馬,33.5,後方,初,,,,,,,,,,,,,,,,,,,,,,,,
2,B,4,,,,,ルビーサンセット,,牝,3,10,5,9,東京,T,1400,良,16,18,未勝利,35.3,後方,12,2,14,東京,D,1400,良,10,9,新馬,38.1,後方,初,,,,,,,,,,,,,,,,,,,,,,,,,,,,,,,,,,,,
3,,5,,,,,フジサン,,牝,3,4,6,20,東京,D,1600,不,4,4,未勝利・牝,37.5,先行,6,5,10,東京,T,1600,良,12,9,未勝利,34.2,後方,初,,,,,,,,,,,,,,,,,,,,,,,,,,,,,,,,,,,,
3,,6,,,,,グレイスルーラー,,牝,3,3,6,27,福島,T,1800,良,3,8,未勝利・牝,34.8,差し,10,4,18,中山,T,1600,良,13,5,未勝利,35.5,後方,2,4,5,中山,T,2000,重,7,10,未勝利,37.9,先行,10,1,25,中山,T,2000,良,6,17,新馬,34.6,先行,初,,,,,,,,,,,,
4,,7,,,,,キリスパークル,,牝,3,17,3,22,中山,T,2000,良,9,14,未勝利,36.7,中団,3,3,1,中山,D,1800,稍,14,11,未勝利,40.8,後方,6,1,17,中山,T,2000,良,12,16,未勝利,35.3,中団,6,12,6,中山,T,2000,良,10,18,新馬,34.4,後方,初,,,,,,,,,,,,
4,,8,,,,,サトノスターライト,,牝,3,8,5,24,東京,T,1600,良,6,3,未勝利・牝,35.2,先行,3,5,2,東京,T,2000,良,4,4,未勝利,35.0,逃げ,3,4,11,中山,T,2000,良,2,2,未勝利・牝,35.8,差し,11,1,25,中山,T,2000,良,3,3,新馬,34.3,差し,初,,,,,,,,,,,,
5,,9,,,,,アオゾラランチ,,牝,3,28,1,4,中山,T,2000,良,10,12,新馬,35.4,中団,初,,,,,,,,,,,,,,,,,,,,,,,,,,,,,,,,,,,,,,,,,,,,,,,,
5,,10,,,,,ロジタイガー,,牝,3,8,5,24,東京,T,1600,良,12,15,未勝利・牝,34.6,後方,初,,,,,,,,,,,,,,,,,,,,,,,,,,,,,,,,,,,,,,,,,,,,,,,,
6,,11,,,,,ジャストマイウェイ,,牝,3,7,5,30,東京,T,2000,良,8,7,未勝利,34.6,中団,13,3,1,小倉,T,2000,良,13,4,未勝利・牝,36.6,後方,7,1,12,中山,D,1800,良,13,2,未勝利・牝,42.3,先行,4,12,14,中山,T,2000,稍,4,3,未勝利*,37.9,逃げ,9,10,11,東京,T,1600,良,5,1,未勝利・牝*,34.7,中団,5
6,,12,,,,,チョコスコーン,,牝,3,9,5,17,新潟,D,1800,良,13,13,未勝利・牝,48.6,後方,2,5,3,新潟,T,2000,稍,12,7,未勝利・牝,35.9,後方,8,3,7,中山,T,2000,稍,9,15,未勝利・牝,36.1,中団,11,12,20,中山,T,1800,良,10,6,新馬・牝,35.7,中団,初,,,,,,,,,,,,
7,,13,,,,,アマンヘセル,,牝,3,24,1,31,東京,T,1800,良,13,5,新馬,34.2,中団,初,,,,,,,,,,,,,,,,,,,,,,,,,,,,,,,,,,,,,,,,,,,,,,,,
7,B,14,,,,,ピースフルマインド,,牝,3,2,7,4,福島,T,2000,良,3,4,未勝利・牝,36.1,先行,10,4,25,東京,T,1800,良,6,2,未勝利・牝,34.6,中団,4,3,29,中山,T,1800,良,2,6,未勝利,35.3,差し,11,1,10,中山,T,2000,良,5,7,新馬,35.6,先行,初,,,,,,,,,,,,
8,,15,,,,,クリスタルドレス,,牝,3,3,6,27,福島,T,2000,良,2,5,未勝利,36.0,差し,4,5,30,東京,T,2400,良,3,3,未勝利,34.4,差し,2,5,17,東京,T,2400,良,2,11,未勝利,34.4,差し,10,3,7,中山,T,2200,稍,11,18,未勝利,36.9,中団,4,2,10,東京,T,2400,良,12,16,未勝利,36.1,中団,2
8,,16,,,,,クレアノア,,牝,3,4,6,20,東京,T,1800,稍,5,3,未勝利,34.8,中団,4,5,24,東京,T,1600,良,4,1,未勝利・牝,33.8,差し,11,3,7,中山,T,2000,稍,2,3,未勝利・牝,36.0,差し,4,2,7,東京,T,1600,良,4,10,未勝利,33.5,追込,11,11,24,東京,T,1600,良,4,5,新馬・牝,33.8,追込,初
レースID(新),日付S,曜日,場所,開催,R,レース名,クラス名,芝・ダート,距離,コース区分,コーナー回数,馬場状態(暫定),天候(暫定),フルゲート頭数,発走時刻,性別限定,重量種別,年齢限定
2026071903020803,2026.7.19,日,福島,2福8,3,,未勝利,芝,1800,B,4,良(暫定),曇(暫定),16,11:00,,馬齢,３歳
枠番,B,番,印,M2,M3,M4,馬名S,Ｃ,性別,年齢,間隔,月,日,場所,TD,距離,馬場状態,着順,人気,ﾚｰｽ名･1走前,上り3F,決手,前走間隔,月,日,場所,TD,距離,馬場状態,着順,人気,ﾚｰｽ名･2走前,上り3F,決手,前走間隔,月,日,場所,TD,距離,馬場状態,着順,人気,ﾚｰｽ名･3走前,上り3F,決手,前走間隔,月,日,場所,TD,距離,馬場状態,着順,人気,ﾚｰｽ名･4走前,上り3F,決手,前走間隔,月,日,場所,TD,距離,馬場状態,着順,人気,ﾚｰｽ名･5走前,上り3F,決手,前走間隔
1,,1,,,,,アロハオエ,,牝,3,16,3,29,中山,T,1800,良,11,12,未勝利,36.0,後方,5,2,21,東京,T,2000,良,6,6,フリージ･1勝,35.2,後方,連,2,14,京都,T,1800,良,13,17,未勝利,36.6,中団,7,12,28,中山,T,1200,良,12,12,未勝利*,35.2,後方,13,9,27,中山,T,1600,良,11,14,未勝利*,35.0,後方,3
1,B,2,,,,,ラクシオンデクラ,,牡,3,12,4,25,福島,D,1700,良,10,13,未勝利,39.6,後方,7,3,7,中山,T,2200,稍,13,11,未勝利,36.8,後方,10,12,27,中山,T,2000,良,8,18,未勝利*,36.4,後方,11,10,13,東京,T,1800,良,13,11,新馬,34.5,後方,初,,,,,,,,,,,,
2,,3,,,,,カタカムナ,,牝,3,9,5,17,新潟,T,2000,良,13,15,未勝利・若,38.4,中団,3,4,26,福島,T,1800,良,14,15,未勝利,34.7,後方,8,3,1,小倉,T,1800,良,10,14,未勝利,37.3,後方,7,1,10,中山,T,2000,良,11,10,新馬,36.7,後方,初,,,,,,,,,,,,
2,,4,,,,,ランウェイミューズ,,牝,3,9,5,16,新潟,T,1600,良,9,6,未勝利,34.8,中団,10,3,8,中山,T,1800,良,3,4,未勝利,36.5,先行,12,12,14,中山,T,1600,稍,2,2,新馬,36.2,先行,初,,,,,,,,,,,,,,,,,,,,,,,,
3,,5,,,,,ルージュラベル,,牝,3,8,5,24,東京,T,1600,良,11,6,未勝利・牝,35.5,中団,4,4,25,東京,T,1800,良,5,4,未勝利・牝,35.0,先行,初,,,,,,,,,,,,,,,,,,,,,,,,,,,,,,,,,,,,
3,,6,,,,,グランマエストロ,,牡,3,7,5,31,東京,D,1400,良,6,1,未勝利,38.4,先行,3,5,9,東京,T,1400,良,4,1,未勝利,34.6,差し,2,4,25,東京,T,1400,良,2,1,未勝利,34.2,差し,9,2,21,東京,T,1600,良,3,1,未勝利,34.1,差し,12,11,29,東京,T,1400,良,2,1,未勝利*,34.3,先行,4
4,,7,,,,,チャチャット,,牝,3,4,6,20,東京,T,1800,稍,8,9,未勝利,35.7,先行,12,3,28,中山,T,1600,稍,7,6,未勝利,35.7,中団,14,12,20,中山,T,1800,良,13,8,未勝利*,35.4,後方,3,11,29,東京,T,1800,良,2,5,未勝利*,34.6,逃げ,3,11,9,東京,T,1600,良,8,8,未勝利・牝*,33.9,後方,7
4,,8,,,,,ペプチドドリーム,,牡,3,4,6,20,東京,T,1800,稍,2,6,未勝利,34.6,差し,初,,,,,,,,,,,,,,,,,,,,,,,,,,,,,,,,,,,,,,,,,,,,,,,,
5,,9,,,,,シルバーゴールド,,牝,3,29,12,27,中山,T,2000,良,2,9,未勝利*,36.0,差し,5,11,23,東京,T,1800,良,11,6,未勝利・牝*,35.8,先行,4,10,25,東京,T,1800,良,3,3,未勝利*,34.3,先行,5,9,20,中山,T,2000,良,5,5,未勝利*,35.2,先行,5,8,17,新潟,T,1600,良,4,4,未勝利・牝*,34.6,追込,6
5,,10,,,,,レッドフリーマン,,牡,3,連,7,11,福島,T,1800,良,15,7,未勝利,36.0,後方,7,5,24,東京,T,1800,良,4,4,未勝利,34.8,逃げ,7,4,4,中山,T,1600,良,12,6,未勝利,35.1,後方,初,,,,,,,,,,,,,,,,,,,,,,,,
6,,11,,,,,カキュウ,,牝,3,4,6,20,東京,D,1600,不,15,15,未勝利・牝,39.4,中団,4,5,24,東京,T,1800,良,10,13,未勝利,34.7,後方,3,5,2,東京,T,2000,良,8,10,未勝利,36.2,中団,4,4,5,中山,T,2000,重,12,15,未勝利,38.1,後方,5,2,28,中山,T,2000,良,16,15,未勝利,35.6,後方,5
6,,12,,,,,ルアグロール,,セ,3,9,5,17,東京,T,2400,良,11,7,未勝利,36.7,後方,13,2,15,小倉,T,1800,稍,5,12,未勝利,35.8,先行,5,1,11,中山,D,1800,良,12,14,未勝利,43.1,中団,2,12,28,中山,D,1800,良,7,13,新馬,41.5,中団,初,,,,,,,,,,,,
7,,13,,,,,ベルランコントル,,牝,3,2,7,5,福島,T,1800,良,3,5,未勝利,35.1,差し,10,4,26,福島,T,1800,良,8,4,未勝利,34.7,中団,4,3,29,中山,T,1800,良,4,4,未勝利,35.6,差し,3,3,8,中山,T,1800,良,4,6,未勝利,36.5,差し,11,12,20,中山,T,1800,良,14,4,未勝利*,36.0,ﾏｸﾘ,2
7,,14,,,,,シャルムグリーン,,牡,3,4,6,21,東京,T,1600,稍,6,2,未勝利,36.1,先行,21,1,25,中山,T,1600,良,2,1,未勝利,34.9,先行,2,1,10,中山,T,1600,良,2,3,未勝利,34.4,先行,4,12,13,中山,T,1600,良,2,4,未勝利*,34.7,先行,3,11,23,東京,T,1600,良,4,8,未勝利*,34.1,差し,13
8,,15,,,,,ボールドフロント,,牡,3,29,12,28,阪神,D,1800,良,8,6,未勝利*,41.4,中団,3,12,6,中山,T,2000,良,12,10,新馬,36.3,中団,初,,,,,,,,,,,,,,,,,,,,,,,,,,,,,,,,,,,,
8,,16,,,,,ブラーヴジャン,,牡,3,4,6,21,東京,T,1600,稍,4,7,未勝利,35.2,追込,連,6,14,東京,T,1400,良,4,6,未勝利,33.3,追込,13,3,14,中京,T,1600,良,6,7,未勝利・若,34.3,中団,10,1,4,中山,T,1600,良,6,8,未勝利,34.9,後方,11,10,19,東京,T,1400,良,4,4,未勝利*,33.6,追込,連
レースID(新),日付S,曜日,場所,開催,R,レース名,クラス名,芝・ダート,距離,コース区分,コーナー回数,馬場状態(暫定),天候(暫定),フルゲート頭数,発走時刻,性別限定,重量種別,年齢限定
2026071903020804,2026.7.19,日,福島,2福8,4,,未勝利,ダート,1700,,4,良(暫定),曇(暫定),15,11:30,牝,馬齢,３歳
枠番,B,番,印,M2,M3,M4,馬名S,Ｃ,性別,年齢,間隔,月,日,場所,TD,距離,馬場状態,着順,人気,ﾚｰｽ名･1走前,上り3F,決手,前走間隔,月,日,場所,TD,距離,馬場状態,着順,人気,ﾚｰｽ名･2走前,上り3F,決手,前走間隔,月,日,場所,TD,距離,馬場状態,着順,人気,ﾚｰｽ名･3走前,上り3F,決手,前走間隔,月,日,場所,TD,距離,馬場状態,着順,人気,ﾚｰｽ名･4走前,上り3F,決手,前走間隔,月,日,場所,TD,距離,馬場状態,着順,人気,ﾚｰｽ名･5走前,上り3F,決手,前走間隔
1,,1,,,,,ヤマニンルーバス,,牝,3,7,5,31,東京,T,1600,良,16,8,未勝利,34.8,後方,初,,,,,,,,,,,,,,,,,,,,,,,,,,,,,,,,,,,,,,,,,,,,,,,,
2,,2,,,,,アーティラリー,,牝,3,4,6,20,東京,D,1600,不,9,7,未勝利・牝,37.9,中団,3,5,31,東京,D,1600,良,13,3,未勝利・牝,38.8,中団,4,5,2,新潟,D,1800,不,4,6,未勝利・牝,41.3,先行,3,4,12,福島,D,1700,良,3,3,未勝利・牝,38.6,差し,4,3,15,中山,D,1800,良,5,7,未勝利・牝,39.9,中団,12
2,,3,,,,,フェスティヴハート,,牝,3,4,6,20,東京,D,1600,不,2,5,未勝利・牝,37.4,逃げ,3,5,31,東京,D,1600,良,3,14,未勝利,37.8,逃げ,2,5,16,東京,D,1400,良,14,11,未勝利・牝,38.6,中団,11,3,4,川崎,D,1400,不,5,1,アクア,----,先行,5,1,25,中山,D,1200,良,6,6,未勝利,39.1,先行,7
3,B,4,,,,,トラストレガート,,牝,3,7,5,31,東京,D,1600,良,7,8,未勝利・牝,38.8,先行,3,5,10,東京,D,1600,良,6,9,未勝利・牝,37.9,中団,5,4,5,中山,D,1800,不,7,15,未勝利・牝,39.5,後方,3,3,15,中山,D,1800,良,7,9,未勝利・牝,41.0,中団,9,1,12,中山,D,1800,良,8,16,未勝利・牝,39.9,後方,2
3,,5,,,,,デルマザオウ,,牝,3,2,7,5,福島,D,1700,良,2,7,未勝利・牝,40.2,先行,4,6,6,東京,D,1600,稍,7,10,未勝利・牝,38.7,中団,3,5,17,東京,D,1600,良,7,12,未勝利・牝,38.5,後方,初,,,,,,,,,,,,,,,,,,,,,,,,
4,B,6,,,,,カムオンオーバー,,牝,3,17,3,19,浦和,D,1400,良,止,4,ツイン,----,,9,1,18,中山,T,1600,良,10,9,新馬,35.7,先行,初,,,,,,,,,,,,,,,,,,,,,,,,,,,,,,,,,,,,
4,,7,,,,,ペタルズダンス,,牝,3,19,3,8,中山,D,1800,稍,5,9,未勝利・牝,41.2,中団,16,11,16,東京,D,1600,良,11,4,新馬,37.7,後方,初,,,,,,,,,,,,,,,,,,,,,,,,,,,,,,,,,,,,
5,,8,,,,,ランランリンリン,,牝,3,8,5,23,新潟,D,1800,稍,9,10,未勝利・牝,40.6,中団,10,3,14,中京,T,1600,良,13,12,未勝利・若,34.7,後方,初,,,,,,,,,,,,,,,,,,,,,,,,,,,,,,,,,,,,
5,,9,,,,,ユニバーサルラヴ,,牝,3,4,6,20,東京,D,1600,不,3,11,未勝利・牝,37.0,先行,3,5,31,東京,D,1400,良,8,10,未勝利,38.0,中団,9,3,29,中山,D,1200,稍,8,4,未勝利,38.9,中団,13,12,27,中山,D,1200,稍,4,4,新馬,38.7,差し,初,,,,,,,,,,,,
6,,10,,,,,ハピネスドリーム,,牝,3,12,4,25,東京,D,1600,稍,11,6,未勝利・牝,40.8,後方,初,,,,,,,,,,,,,,,,,,,,,,,,,,,,,,,,,,,,,,,,,,,,,,,,
6,,11,,,,,ハリコミチュウ,,牝,3,初,,,,,,,,,,,,,,,,,,,,,,,,,,,,,,,,,,,,,,,,,,,,,,,,,,,,,,,,,,,,
7,B,12,,,,,ウィッシュリスト,,牝,3,10,5,10,東京,D,1600,良,15,10,未勝利・牝,41.4,先行,3,4,18,福島,T,2000,良,15,15,未勝利・牝,37.9,後方,初,,,,,,,,,,,,,,,,,,,,,,,,,,,,,,,,,,,,
7,,13,,,,,アルティソナンテ,,牝,3,5,6,13,東京,D,1600,重,6,10,未勝利・牝,38.0,中団,8,4,19,福島,D,1700,良,7,11,未勝利・牝,39.6,後方,17,12,20,中山,D,1800,良,12,9,未勝利・牝*,41.6,中団,8,10,26,新潟,D,1800,良,2,6,未勝利・牝*,39.4,差し,8,8,31,新潟,T,1800,良,7,6,新馬,36.2,中団,初
8,B,14,,,,,マッドヘッドラブ,,牝,3,4,6,20,東京,D,1600,不,13,10,未勝利・牝,39.1,中団,4,5,23,新潟,D,1800,稍,13,9,未勝利・牝,43.0,中団,15,2,10,東京,D,1600,稍,11,6,新馬,41.9,逃げ,初,,,,,,,,,,,,,,,,,,,,,,,,
8,,15,,,,,ジーティーヒラリ,,牝,3,4,6,21,東京,T,1600,稍,8,15,未勝利,35.6,後方,17,2,22,阪神,D,1200,良,12,11,未勝利,37.1,後方,3,1,31,東京,D,1400,良,9,14,新馬,36.9,後方,初,,,,,,,,,,,,,,,,,,,,,,,,
レースID(新),日付S,曜日,場所,開催,R,レース名,クラス名,芝・ダート,距離,コース区分,コーナー回数,馬場状態(暫定),天候(暫定),フルゲート頭数,発走時刻,性別限定,重量種別,年齢限定
2026071903020805,2026.7.19,日,福島,2福8,5,,新馬,芝,2000,B,4,良(暫定),曇(暫定),16,12:20,,馬齢,２歳
枠番,B,番,印,M2,M3,M4,馬名S,Ｃ,性別,年齢,間隔,月,日,場所,TD,距離,馬場状態,着順,人気,ﾚｰｽ名･1走前,上り3F,決手,前走間隔,月,日,場所,TD,距離,馬場状態,着順,人気,ﾚｰｽ名･2走前,上り3F,決手,前走間隔,月,日,場所,TD,距離,馬場状態,着順,人気,ﾚｰｽ名･3走前,上り3F,決手,前走間隔,月,日,場所,TD,距離,馬場状態,着順,人気,ﾚｰｽ名･4走前,上り3F,決手,前走間隔,月,日,場所,TD,距離,馬場状態,着順,人気,ﾚｰｽ名･5走前,上り3F,決手,前走間隔
1,,1,,,,,マイホームパパ,,牡,2,初,,,,,,,,,,,,,,,,,,,,,,,,,,,,,,,,,,,,,,,,,,,,,,,,,,,,,,,,,,,,
2,,2,,,,,サンタンヌ,,牝,2,初,,,,,,,,,,,,,,,,,,,,,,,,,,,,,,,,,,,,,,,,,,,,,,,,,,,,,,,,,,,,
3,,3,,,,,ムーチョピカンテ,,牡,2,初,,,,,,,,,,,,,,,,,,,,,,,,,,,,,,,,,,,,,,,,,,,,,,,,,,,,,,,,,,,,
4,,4,,,,,グランオギュール,,牡,2,初,,,,,,,,,,,,,,,,,,,,,,,,,,,,,,,,,,,,,,,,,,,,,,,,,,,,,,,,,,,,
4,,5,,,,,ロワデュモンド,,牡,2,初,,,,,,,,,,,,,,,,,,,,,,,,,,,,,,,,,,,,,,,,,,,,,,,,,,,,,,,,,,,,
5,,6,,,,,マハロハ,,牝,2,初,,,,,,,,,,,,,,,,,,,,,,,,,,,,,,,,,,,,,,,,,,,,,,,,,,,,,,,,,,,,
5,,7,,,,,コスモフラムオット,,牡,2,初,,,,,,,,,,,,,,,,,,,,,,,,,,,,,,,,,,,,,,,,,,,,,,,,,,,,,,,,,,,,
6,B,8,,,,,カウェーカネム,,牡,2,初,,,,,,,,,,,,,,,,,,,,,,,,,,,,,,,,,,,,,,,,,,,,,,,,,,,,,,,,,,,,
6,,9,,,,,ヴェルバーニア,,牡,2,初,,,,,,,,,,,,,,,,,,,,,,,,,,,,,,,,,,,,,,,,,,,,,,,,,,,,,,,,,,,,
7,,10,,,,,アズールドーン,,牡,2,初,,,,,,,,,,,,,,,,,,,,,,,,,,,,,,,,,,,,,,,,,,,,,,,,,,,,,,,,,,,,
7,,11,,,,,エンルートフライト,,牡,2,初,,,,,,,,,,,,,,,,,,,,,,,,,,,,,,,,,,,,,,,,,,,,,,,,,,,,,,,,,,,,
8,,12,,,,,ナムラダックス,,牡,2,初,,,,,,,,,,,,,,,,,,,,,,,,,,,,,,,,,,,,,,,,,,,,,,,,,,,,,,,,,,,,
8,,13,,,,,ラヴァレード,,牡,2,初,,,,,,,,,,,,,,,,,,,,,,,,,,,,,,,,,,,,,,,,,,,,,,,,,,,,,,,,,,,,
レースID(新),日付S,曜日,場所,開催,R,レース名,クラス名,芝・ダート,距離,コース区分,コーナー回数,馬場状態(暫定),天候(暫定),フルゲート頭数,発走時刻,性別限定,重量種別,年齢限定
2026071903020806,2026.7.19,日,福島,2福8,6,,新馬,芝,1200,B,2,良(暫定),曇(暫定),16,12:50,,馬齢,２歳
枠番,B,番,印,M2,M3,M4,馬名S,Ｃ,性別,年齢,間隔,月,日,場所,TD,距離,馬場状態,着順,人気,ﾚｰｽ名･1走前,上り3F,決手,前走間隔,月,日,場所,TD,距離,馬場状態,着順,人気,ﾚｰｽ名･2走前,上り3F,決手,前走間隔,月,日,場所,TD,距離,馬場状態,着順,人気,ﾚｰｽ名･3走前,上り3F,決手,前走間隔,月,日,場所,TD,距離,馬場状態,着順,人気,ﾚｰｽ名･4走前,上り3F,決手,前走間隔,月,日,場所,TD,距離,馬場状態,着順,人気,ﾚｰｽ名･5走前,上り3F,決手,前走間隔
1,,1,,,,,エリンヘラクレス,,牡,2,初,,,,,,,,,,,,,,,,,,,,,,,,,,,,,,,,,,,,,,,,,,,,,,,,,,,,,,,,,,,,
1,,2,,,,,トランサルピナ,,牡,2,初,,,,,,,,,,,,,,,,,,,,,,,,,,,,,,,,,,,,,,,,,,,,,,,,,,,,,,,,,,,,
2,,3,,,,,セイウンリリーナ,,牝,2,初,,,,,,,,,,,,,,,,,,,,,,,,,,,,,,,,,,,,,,,,,,,,,,,,,,,,,,,,,,,,
2,,4,,,,,ドリームユー,,牝,2,初,,,,,,,,,,,,,,,,,,,,,,,,,,,,,,,,,,,,,,,,,,,,,,,,,,,,,,,,,,,,
3,,5,,,,,クールボビー,,牡,2,初,,,,,,,,,,,,,,,,,,,,,,,,,,,,,,,,,,,,,,,,,,,,,,,,,,,,,,,,,,,,
3,,6,,,,,グルーヴェンス,,牡,2,初,,,,,,,,,,,,,,,,,,,,,,,,,,,,,,,,,,,,,,,,,,,,,,,,,,,,,,,,,,,,
4,,7,,,,,ミラクルオーラ,,牡,2,初,,,,,,,,,,,,,,,,,,,,,,,,,,,,,,,,,,,,,,,,,,,,,,,,,,,,,,,,,,,,
4,,8,,,,,ヴィンチェローズ,,牡,2,初,,,,,,,,,,,,,,,,,,,,,,,,,,,,,,,,,,,,,,,,,,,,,,,,,,,,,,,,,,,,
5,,9,,,,,キミヘノメロディー,,牡,2,初,,,,,,,,,,,,,,,,,,,,,,,,,,,,,,,,,,,,,,,,,,,,,,,,,,,,,,,,,,,,
5,,10,,,,,セイウンイーリス,,牝,2,初,,,,,,,,,,,,,,,,,,,,,,,,,,,,,,,,,,,,,,,,,,,,,,,,,,,,,,,,,,,,
6,,11,,,,,ヴァンデエス,,牝,2,初,,,,,,,,,,,,,,,,,,,,,,,,,,,,,,,,,,,,,,,,,,,,,,,,,,,,,,,,,,,,
6,,12,,,,,ドナチャージ,,牝,2,初,,,,,,,,,,,,,,,,,,,,,,,,,,,,,,,,,,,,,,,,,,,,,,,,,,,,,,,,,,,,
7,,13,,,,,アイアムキレマスネ,,牡,2,初,,,,,,,,,,,,,,,,,,,,,,,,,,,,,,,,,,,,,,,,,,,,,,,,,,,,,,,,,,,,
7,,14,,,,,チャランダマルツ,,牝,2,初,,,,,,,,,,,,,,,,,,,,,,,,,,,,,,,,,,,,,,,,,,,,,,,,,,,,,,,,,,,,
8,,15,,,,,コスモルトチェコ,,牡,2,初,,,,,,,,,,,,,,,,,,,,,,,,,,,,,,,,,,,,,,,,,,,,,,,,,,,,,,,,,,,,
8,,16,,,,,アルニタク,,牡,2,初,,,,,,,,,,,,,,,,,,,,,,,,,,,,,,,,,,,,,,,,,,,,,,,,,,,,,,,,,,,,
レースID(新),日付S,曜日,場所,開催,R,レース名,クラス名,芝・ダート,距離,コース区分,コーナー回数,馬場状態(暫定),天候(暫定),フルゲート頭数,発走時刻,性別限定,重量種別,年齢限定
2026071903020807,2026.7.19,日,福島,2福8,7,,未勝利,ダート,1700,,4,良(暫定),曇(暫定),15,13:20,,馬齢,３歳
枠番,B,番,印,M2,M3,M4,馬名S,Ｃ,性別,年齢,間隔,月,日,場所,TD,距離,馬場状態,着順,人気,ﾚｰｽ名･1走前,上り3F,決手,前走間隔,月,日,場所,TD,距離,馬場状態,着順,人気,ﾚｰｽ名･2走前,上り3F,決手,前走間隔,月,日,場所,TD,距離,馬場状態,着順,人気,ﾚｰｽ名･3走前,上り3F,決手,前走間隔,月,日,場所,TD,距離,馬場状態,着順,人気,ﾚｰｽ名･4走前,上り3F,決手,前走間隔,月,日,場所,TD,距離,馬場状態,着順,人気,ﾚｰｽ名･5走前,上り3F,決手,前走間隔
1,,1,,,,,ライヴギムレット,,牝,3,2,7,5,福島,D,1150,良,14,13,未勝利,37.9,後方,21,2,7,東京,D,1300,良,10,15,未勝利,37.7,後方,14,11,2,東京,T,1600,良,16,14,新馬・牝,37.5,先行,初,,,,,,,,,,,,,,,,,,,,,,,,
2,B,2,,,,,サイモングリーマン,,牡,3,3,6,28,福島,D,1700,良,13,14,未勝利,39.2,後方,12,4,7,川崎,D,1600,重,8,10,ダイヤ,----,後方,7,2,15,京都,D,1800,良,9,9,未勝利,40.1,後方,2,1,31,京都,D,1800,良,8,9,未勝利,39.5,後方,2,1,17,中山,D,1800,良,16,16,新馬,42.8,後方,初
2,,3,,,,,チェイサー,,牡,3,3,6,28,福島,D,1700,良,2,5,未勝利,37.1,先行,7,5,9,新潟,T,2000,良,12,11,未勝利,37.0,先行,3,4,18,福島,D,1700,良,5,11,未勝利,38.3,先行,8,2,22,東京,D,1400,良,9,8,未勝利,37.5,中団,2,2,7,東京,D,1600,良,4,11,未勝利,38.3,先行,4
3,,4,,,,,イントゥザウインド,,牡,3,2,7,4,福島,D,1700,重,3,2,未勝利,37.4,先行,3,6,13,東京,D,1600,稍,2,7,未勝利,35.9,追込,初,,,,,,,,,,,,,,,,,,,,,,,,,,,,,,,,,,,,
3,,5,,,,,キタノドンカルロ,,牡,3,2,7,4,福島,D,1700,重,4,3,未勝利,37.3,差し,3,6,13,東京,D,1600,稍,3,4,未勝利,37.1,差し,3,5,24,東京,D,1600,稍,3,8,未勝利,37.9,先行,3,5,3,東京,D,1400,稍,6,9,未勝利,37.2,中団,9,3,1,小倉,D,1700,稍,9,9,未勝利,39.7,先行,5
4,,6,,,,,ラヴィプランドール,,牝,3,連,7,14,浦和,D,1400,良,8,8,ツイン,----,中団,11,4,26,東京,D,1400,稍,12,6,未勝利・牝,38.7,中団,9,2,22,東京,D,1400,良,2,12,新馬,39.0,先行,初,,,,,,,,,,,,,,,,,,,,,,,,
4,,7,,,,,ユイノサダハル,,牡,3,4,6,21,東京,D,2100,不,9,6,未勝利,37.7,中団,4,5,23,東京,D,2100,重,7,3,未勝利,39.2,先行,2,5,9,東京,D,2100,良,2,4,未勝利,38.3,先行,3,4,18,中山,D,1800,良,6,4,未勝利,38.1,中団,3,3,29,中山,D,1800,稍,3,5,未勝利,40.0,差し,7
5,,8,,,,,ジュングロワール,,牡,3,初,,,,,,,,,,,,,,,,,,,,,,,,,,,,,,,,,,,,,,,,,,,,,,,,,,,,,,,,,,,,
5,,9,,,,,ファナティカル,,牡,3,6,6,6,東京,D,1400,稍,6,10,未勝利,37.4,中団,初,,,,,,,,,,,,,,,,,,,,,,,,,,,,,,,,,,,,,,,,,,,,,,,,
6,,10,,,,,パワポケグッド,,牡,3,2,7,4,福島,D,1700,重,8,10,未勝利,38.1,中団,9,5,2,東京,D,1600,重,8,12,未勝利,37.8,後方,2,4,19,中山,D,1800,良,8,12,未勝利,40.5,中団,2,4,5,中山,D,1800,不,4,16,未勝利,39.0,差し,3,3,14,中山,D,1800,良,12,15,未勝利,42.3,中団,9
6,,11,,,,,リアルパラダイス,,牡,3,2,7,5,福島,D,1150,良,9,12,未勝利,37.3,中団,7,5,16,東京,D,1300,良,10,11,未勝利,37.4,中団,初,,,,,,,,,,,,,,,,,,,,,,,,,,,,,,,,,,,,
7,,12,,,,,マイトリックスター,,牝,3,2,7,5,福島,D,1700,良,6,10,未勝利・牝,38.7,後方,12,4,11,中山,D,1800,重,9,11,未勝利・牝,39.7,後方,8,2,15,小倉,D,1700,稍,14,12,未勝利,40.3,後方,連,2,7,小倉,D,1700,良,7,11,未勝利・牝,39.2,中団,4,1,12,中山,D,1200,良,8,5,新馬,38.0,後方,初
7,B,13,,,,,ファイアリービート,,牡,3,4,6,21,東京,D,1600,不,4,4,未勝利,36.0,差し,4,5,24,東京,D,1600,稍,5,5,未勝利,37.7,後方,2,5,9,東京,D,1600,良,8,6,未勝利,37.7,中団,15,1,24,中山,D,1800,良,8,5,未勝利,39.7,中団,12,11,1,東京,D,1600,不,3,8,未勝利*,36.5,差し,3
8,,14,,,,,スルーザゴールド,,牡,3,初,,,,,,,,,,,,,,,,,,,,,,,,,,,,,,,,,,,,,,,,,,,,,,,,,,,,,,,,,,,,
8,,15,,,,,テキサスバローズ,,牡,3,41,10,5,東京,D,1600,良,11,3,新馬,40.9,中団,初,,,,,,,,,,,,,,,,,,,,,,,,,,,,,,,,,,,,,,,,,,,,,,,,
レースID(新),日付S,曜日,場所,開催,R,レース名,クラス名,芝・ダート,距離,コース区分,コーナー回数,馬場状態(暫定),天候(暫定),フルゲート頭数,発走時刻,性別限定,重量種別,年齢限定
2026071903020808,2026.7.19,日,福島,2福8,8,,1勝,芝,1800,B,4,良(暫定),曇(暫定),16,13:50,,定量,３上
枠番,B,番,印,M2,M3,M4,馬名S,Ｃ,性別,年齢,間隔,月,日,場所,TD,距離,馬場状態,着順,人気,ﾚｰｽ名･1走前,上り3F,決手,前走間隔,月,日,場所,TD,距離,馬場状態,着順,人気,ﾚｰｽ名･2走前,上り3F,決手,前走間隔,月,日,場所,TD,距離,馬場状態,着順,人気,ﾚｰｽ名･3走前,上り3F,決手,前走間隔,月,日,場所,TD,距離,馬場状態,着順,人気,ﾚｰｽ名･4走前,上り3F,決手,前走間隔,月,日,場所,TD,距離,馬場状態,着順,人気,ﾚｰｽ名･5走前,上り3F,決手,前走間隔
1,,1,,,,,クラウンテック,,牡,4,12,4,25,佐賀,D,1400,重,1,2,Ｃ２－,----,先行,2,4,11,佐賀,D,1400,不,4,3,メモリ,----,差し,2,3,29,佐賀,D,1400,良,6,5,Ｃ２－,----,後方,5,2,22,佐賀,D,1400,良,1,2,Ｃ２－,----,逃げ,連,2,12,佐賀,D,1400,稍,6,3,ＳＡＧ,----,中団,3
1,,2,,,,,ロスパレドネス,,牡,3,45,9,6,札幌,T,1800,良,5,3,札幌２歳G3,35.8,後方,10,6,29,福島,T,1800,良,1,1,新馬,35.6,差し,初,,,,,,,,,,,,,,,,,,,,,,,,,,,,,,,,,,,,
2,,3,,,,,スイートオレンジ,,牝,4,10,5,10,新潟,T,2400,良,7,5,荒川峡特･1勝,36.2,中団,3,4,18,福島,T,2000,良,5,2,桑折特別･1勝,34.0,中団,5,3,14,中京,T,2200,良,6,3,鶴舞特別･1勝,36.4,先行,18,11,8,福島,T,2000,良,2,2,三春駒特･1勝,35.7,逃げ,3,10,18,新潟,T,2200,良,3,9,岩船特別･1勝,36.2,先行,9
2,,4,,,,,ジャグアール,,牡,5,2,7,5,福島,T,1800,良,2,5,１勝ｸﾗｽ,34.2,先行,8,5,9,新潟,T,1800,良,7,6,粟島特別･1勝,36.8,先行,3,4,19,福島,T,1800,良,3,9,１勝ｸﾗｽ,34.6,差し,9,2,14,小倉,T,1800,良,8,6,１勝ｸﾗｽ,35.0,中団,2,2,1,小倉,T,1800,良,7,10,１勝ｸﾗｽ・若,34.2,後方,7
3,,5,,,,,ポッドロルフ,,牡,4,4,6,21,東京,T,1600,稍,5,9,１勝ｸﾗｽ,34.7,中団,3,5,31,東京,T,1800,良,4,4,１勝ｸﾗｽ,34.7,先行,7,4,12,中山,T,1600,良,6,8,１勝ｸﾗｽ,35.0,先行,4,3,14,中京,T,1600,良,2,13,１勝ｸﾗｽ,34.1,差し,9,1,11,中山,T,1600,良,7,11,１勝ｸﾗｽ,36.0,中団,17
3,,6,,,,,ミッドセンチュリー,,牡,4,2,7,4,福島,T,2000,良,2,4,伊達特別･1勝,35.4,先行,6,5,23,新潟,T,2000,稍,3,10,尖閣湾特･1勝,34.7,差し,2,5,9,東京,T,2000,良,4,4,２勝ｸﾗｽ,34.4,差し,2,4,26,福島,T,2000,良,8,7,飯盛山特･1勝,35.5,後方,14,1,17,中山,T,2200,良,6,3,１勝ｸﾗｽ,35.8,先行,3
4,,7,,,,,リスレジャンデール,,牝,3,12,4,26,東京,T,2000,良,6,6,フローラG2,33.2,後方,12,2,1,東京,T,1800,良,7,2,セントポ･1勝,32.9,中団,10,11,23,東京,T,1800,良,1,1,未勝利・牝*,33.9,差し,6,10,11,東京,T,1800,良,2,1,未勝利*,33.3,先行,7,8,24,札幌,T,2000,良,2,1,新馬,35.5,先行,初
4,,8,,,,,アメテュストス,,牡,3,10,5,9,東京,T,1800,良,3,4,１勝ｸﾗｽ*,34.3,先行,9,3,8,中山,T,2000,良,9,7,弥生賞G2,36.5,先行,7,1,18,中山,T,2000,良,8,8,京成杯G3,34.5,中団,6,12,6,中山,T,2000,良,止,3,葉牡丹賞･1勝,----,,10,9,27,中山,T,2000,良,2,5,芙蓉Ｓ,35.3,先行,10
5,,9,,,,,モウエエデショー,,牡,3,15,4,4,中山,T,2200,稍,4,6,山吹賞･1勝*,35.5,追込,4,3,8,中山,T,2000,良,5,10,弥生賞G2,35.0,後方,3,2,15,小倉,T,1800,稍,1,4,未勝利,34.7,差し,6,1,4,中山,T,1600,良,9,10,未勝利,35.1,中団,2,12,21,中山,T,1600,重,5,15,未勝利*,35.7,後方,14
5,,10,,,,,インヴェスター,,セ,5,7,5,30,東京,D,1600,良,16,16,１勝ｸﾗｽ,40.2,後方,7,4,12,福島,D,1700,良,15,15,１勝ｸﾗｽ,40.5,後方,8,2,15,東京,D,1400,良,13,15,１勝ｸﾗｽ,37.5,後方,9,12,17,笠松,D,1400,稍,7,6,新生特,----,中団,4,11,18,笠松,D,1600,良,1,4,神楽月,----,先行,2
6,,11,,,,,アレクレア,,牝,4,2,7,4,福島,T,2000,良,5,9,伊達特別･1勝,35.3,後方,7,5,16,新潟,T,1800,良,12,16,石打特別･1勝,35.2,中団,6,4,3,金沢,D,1400,不,3,1,サラ系,----,先行,3,3,16,金沢,D,1400,稍,1,2,サラ系,----,先行,3,2,20,笠松,D,1600,良,2,2,Ｃ５組,----,先行,3
6,B,12,,,,,ミエノストロング,,牡,3,2,7,5,福島,T,1800,良,3,1,１勝ｸﾗｽ,34.0,差し,10,4,25,福島,T,2000,良,1,1,未勝利,35.7,先行,8,2,28,小倉,T,2000,稍,4,2,未勝利,36.8,先行,2,2,14,小倉,T,2000,良,3,2,未勝利,35.8,差し,8,12,20,中京,T,2000,稍,9,1,未勝利*,36.0,先行,4
7,,13,,,,,ピエナフェーヴル,,牡,4,14,4,15,園田,D,1400,稍,1,2,Ｃ１一,----,先行,3,3,19,園田,D,1400,重,2,1,ミモザ,----,先行,4,2,19,姫路,D,1400,良,3,1,カルミ,----,先行,4,1,22,姫路,D,1400,良,1,1,Ｃ１二,----,先行,4,12,30,園田,D,1400,稍,1,1,Ｃ２一,----,先行,33
7,,14,,,,,コズミックボックス,,牝,3,17,3,21,中山,T,1800,良,14,10,フラワーG3,35.0,中団,16,11,30,東京,T,1600,良,4,2,ベゴニア･1勝,34.7,先行,7,10,12,東京,T,1600,良,1,1,未勝利*,34.2,逃げ,3,9,21,中山,T,1600,良,2,2,未勝利・牝*,34.9,差し,6,8,10,札幌,T,1500,良,4,3,新馬・牝,34.9,差し,初
8,,15,,,,,トーセンブリラーレ,,牡,3,11,5,3,東京,T,2000,良,6,7,プリンシ(L),34.1,中団,5,3,29,中山,T,1800,良,1,1,未勝利,34.9,先行,3,3,8,中山,T,1800,良,2,12,未勝利,36.2,先行,9,1,5,中山,D,1800,稍,11,8,未勝利,41.9,後方,3,12,14,中京,D,1800,稍,5,7,新馬,39.9,中団,初
8,,16,,,,,コスモアチーブ,,牡,4,2,7,4,福島,T,2000,良,4,2,伊達特別･1勝,35.4,追込,3,6,14,東京,T,2000,良,3,5,１勝ｸﾗｽ,33.4,差し,3,5,24,新潟,T,1800,稍,3,5,二王子特･1勝,33.9,差し,連,5,17,新潟,T,2000,良,2,5,１勝ｸﾗｽ,33.4,追込,9,3,14,中京,T,2200,良,8,9,鶴舞特別･1勝,37.2,先行,12
レースID(新),日付S,曜日,場所,開催,R,レース名,クラス名,芝・ダート,距離,コース区分,コーナー回数,馬場状態(暫定),天候(暫定),フルゲート頭数,発走時刻,性別限定,重量種別,年齢限定
2026071903020809,2026.7.19,日,福島,2福8,9,南相馬特別,2勝,芝,1200,B,2,良(暫定),曇(暫定),16,14:20,,定量,３上
枠番,B,番,印,M2,M3,M4,馬名S,Ｃ,性別,年齢,間隔,月,日,場所,TD,距離,馬場状態,着順,人気,ﾚｰｽ名･1走前,上り3F,決手,前走間隔,月,日,場所,TD,距離,馬場状態,着順,人気,ﾚｰｽ名･2走前,上り3F,決手,前走間隔,月,日,場所,TD,距離,馬場状態,着順,人気,ﾚｰｽ名･3走前,上り3F,決手,前走間隔,月,日,場所,TD,距離,馬場状態,着順,人気,ﾚｰｽ名･4走前,上り3F,決手,前走間隔,月,日,場所,TD,距離,馬場状態,着順,人気,ﾚｰｽ名･5走前,上り3F,決手,前走間隔
1,,1,,,,,ガラベイヤ,,牝,3,7,5,30,京都,T,1200,良,4,10,葵ＳG3,33.7,差し,8,4,5,中山,T,1200,重,1,6,１勝ｸﾗｽ*,33.8,差し,6,2,21,小倉,T,1200,良,3,5,あざみ賞･1勝,34.6,先行,6,1,12,中山,T,1200,良,6,8,１勝ｸﾗｽ*,33.7,後方,12,10,18,新潟,T,1200,良,1,3,未勝利*,34.8,差し,9
1,,2,,,,,ダンケルド,,セ,4,15,4,4,中山,D,1200,重,12,1,２勝ｸﾗｽ,37.4,中団,11,1,17,中山,D,1200,良,9,1,２勝ｸﾗｽ,38.7,先行,4,12,20,中山,D,1200,良,1,2,１勝ｸﾗｽ,36.9,逃げ,14,9,13,中山,D,1200,不,1,2,未勝利,36.7,先行,7,7,26,新潟,T,1400,良,7,1,未勝利,36.3,逃げ,8
2,,3,,,,,ヴァンヴィーヴ,,牡,5,8,5,23,新潟,T,1200,稍,3,1,大日岳特･2勝,34.7,先行,4,4,25,福島,T,1200,良,2,2,医王寺特･2勝,33.7,差し,2,4,11,福島,T,1200,良,2,1,花見山特･2勝,33.9,差し,12,1,17,中山,T,1200,良,2,1,２勝ｸﾗｽ,33.3,差し,3,12,27,中山,T,1200,良,4,2,ベストウ･2勝,34.2,追込,3
2,,4,,,,,カリーシ,,牝,5,5,6,14,阪神,T,1200,良,9,6,武庫川特･2勝,34.0,中団,4,5,17,京都,T,1400,良,8,11,２勝ｸﾗｽ,34.0,中団,2,5,3,京都,T,1200,良,12,8,御池特別･2勝,33.4,後方,5,3,29,中山,T,1200,良,3,8,２勝ｸﾗｽ,33.7,差し,3,3,8,中山,T,1200,良,9,10,２勝ｸﾗｽ,34.3,後方,8
3,,5,,,,,マイネルラッシュ,,牡,6,7,5,30,京都,T,1400,良,12,11,２勝ｸﾗｽ,33.8,後方,2,5,17,京都,T,1400,良,5,10,２勝ｸﾗｽ,34.0,中団,3,4,25,福島,T,1200,良,12,13,医王寺特･2勝,33.3,後方,8,3,1,小倉,T,1200,良,11,15,西日本新･2勝,34.5,中団,2,2,15,小倉,T,1200,稍,3,14,大濠特Ｈ･2勝,33.9,追込,5
3,,6,,,,,ヴェントゥーラ,,牝,4,12,4,25,福島,T,1200,良,5,1,医王寺特･2勝,34.5,逃げ,6,3,15,中京,T,1200,良,1,1,１勝ｸﾗｽ,34.1,逃げ,2,3,1,小倉,T,1200,良,4,2,１勝ｸﾗｽ,36.2,逃げ,54,2,15,小倉,T,1200,良,1,10,未勝利,34.9,逃げ,11,11,30,京都,T,1400,良,9,7,未勝利*,36.3,先行,4
4,,7,,,,,キョウエイボニータ,,牝,4,4,6,20,東京,T,1400,稍,7,14,相模湖特･2勝,34.4,先行,4,5,23,東京,T,1400,良,13,8,高尾特別･2勝,33.9,先行,2,5,10,東京,T,1400,良,7,8,２勝ｸﾗｽ,34.5,先行,3,4,18,中山,T,1200,良,2,10,袖ケ浦特･2勝,33.5,先行,3,3,28,中京,T,1400,良,13,11,フィリピ･2勝,34.8,先行,32
4,,8,,,,,セイウンデセオ,,牝,5,2,7,5,福島,T,1200,良,4,6,郡山特Ｈ･2勝,34.2,追込,10,4,25,福島,T,1200,良,7,6,医王寺特･2勝,33.6,中団,8,3,1,小倉,T,1200,良,7,3,西日本新･2勝,34.7,中団,4,2,1,小倉,T,1200,良,1,5,１勝ｸﾗｽ,33.5,差し,11,11,15,福島,T,1200,良,6,1,１勝ｸﾗｽ・若,34.4,後方,8
5,B,9,,,,,イグニション,,牡,6,8,5,23,新潟,T,1200,稍,10,11,大日岳特･2勝,34.9,中団,12,3,1,小倉,T,1200,良,6,13,西日本新･2勝,34.9,中団,2,2,15,小倉,T,1200,稍,4,7,大濠特Ｈ･2勝,34.5,差し,11,11,29,京都,D,1200,良,16,12,２勝ｸﾗｽ,37.4,先行,3,11,8,福島,T,1200,良,14,13,飯坂温泉･2勝,34.8,後方,14
5,,10,,,,,プリティディーヴァ,,牝,4,10,5,10,東京,T,1400,良,10,5,２勝ｸﾗｽ,34.5,中団,16,1,17,中山,T,1200,良,9,6,２勝ｸﾗｽ,33.4,中団,8,11,23,東京,T,1400,良,5,7,２勝ｸﾗｽ,33.5,中団,8,9,27,中山,T,1200,良,15,3,勝浦特別･2勝,34.2,後方,14,6,21,東京,T,1400,良,7,1,相模湖特･2勝,35.0,中団,10
6,,11,,,,,ファビュラススター,,牡,5,32,12,6,中山,T,1200,良,11,1,２勝ｸﾗｽ,33.0,後方,10,9,27,中山,T,1200,良,4,6,勝浦特別･2勝,32.3,追込,11,7,13,福島,T,1200,良,3,2,彦星賞･2勝,34.9,先行,4,6,15,東京,T,1600,稍,4,4,芦ノ湖特･2勝,35.7,先行,25,12,22,京都,T,1400,良,11,3,ジングＨ･2勝,34.5,中団,10
6,,12,,,,,ルージュブリッツ,,牝,3,2,7,4,福島,T,1200,良,1,7,１勝ｸﾗｽ・牝,34.6,差し,11,4,19,中山,T,1600,良,5,4,１勝ｸﾗｽ*,35.2,先行,9,2,14,東京,T,1400,良,9,7,１勝ｸﾗｽ*,34.0,中団,12,11,23,東京,T,1600,良,6,4,赤松賞･1勝*,34.0,先行,6,10,11,東京,T,1600,良,1,4,未勝利・牝*,33.7,追込,4
7,,13,,,,,ハッピーエンジェル,,牝,3,10,5,10,東京,T,1600,良,18,17,ＮＨＫマG1,36.7,先行,7,3,21,中京,T,1400,良,9,9,ファルコG3,34.6,先行,7,1,31,東京,T,1400,良,2,7,クロッカ(L),33.9,先行,6,12,20,中京,T,1200,稍,6,3,クリスマ,35.0,先行,8,10,25,東京,T,1600,稍,4,4,アルテミG3,34.7,先行,11
7,,14,,,,,ポッドデスペア,,牡,3,6,6,7,阪神,D,1400,稍,13,9,洲本特別･2勝,37.3,先行,4,5,9,東京,D,1600,良,11,10,青竜Ｓ,39.1,逃げ,10,3,3,川崎,D,1400,不,1,2,サラ系,----,逃げ,8,1,4,川崎,D,1400,稍,1,1,川崎デ,----,逃げ,初,,,,,,,,,,,,
8,,15,,,,,ロードトレゾール,,牡,5,3,6,27,小倉,T,1200,稍,2,3,宗像特別･2勝,34.2,先行,16,3,8,中山,T,1200,良,2,5,２勝ｸﾗｽ,34.8,先行,3,2,15,小倉,T,1200,稍,6,6,大濠特Ｈ･2勝,35.3,逃げ,3,1,25,中山,D,1200,良,12,6,２勝ｸﾗｽ,38.9,先行,2,1,11,中山,D,1200,良,3,14,２勝ｸﾗｽ,38.0,先行,10
8,,16,,,,,クレオズニードル,,牝,4,6,6,6,東京,T,1400,良,13,13,テレビＨ･2勝,34.8,逃げ,24,12,20,阪神,T,1200,良,15,8,２勝ｸﾗｽ,36.4,逃げ,4,11,23,東京,T,1400,良,7,12,２勝ｸﾗｽ,34.3,逃げ,7,10,5,東京,T,1400,良,12,6,ｔｖｋ賞･2勝,34.6,中団,8,8,10,新潟,T,1400,重,1,3,１勝ｸﾗｽ,36.4,逃げ,2
レースID(新),日付S,曜日,場所,開催,R,レース名,クラス名,芝・ダート,距離,コース区分,コーナー回数,馬場状態(暫定),天候(暫定),フルゲート頭数,発走時刻,性別限定,重量種別,年齢限定
2026071903020810,2026.7.19,日,福島,2福8,10,猪苗代特別,2勝,芝,2000,B,4,良(暫定),曇(暫定),16,14:55,,定量,３上
枠番,B,番,印,M2,M3,M4,馬名S,Ｃ,性別,年齢,間隔,月,日,場所,TD,距離,馬場状態,着順,人気,ﾚｰｽ名･1走前,上り3F,決手,前走間隔,月,日,場所,TD,距離,馬場状態,着順,人気,ﾚｰｽ名･2走前,上り3F,決手,前走間隔,月,日,場所,TD,距離,馬場状態,着順,人気,ﾚｰｽ名･3走前,上り3F,決手,前走間隔,月,日,場所,TD,距離,馬場状態,着順,人気,ﾚｰｽ名･4走前,上り3F,決手,前走間隔,月,日,場所,TD,距離,馬場状態,着順,人気,ﾚｰｽ名･5走前,上り3F,決手,前走間隔
1,,1,,,,,ジェットブレード,,牡,4,9,5,17,新潟,T,2000,良,6,12,信濃川特･2勝,33.5,中団,3,4,26,京都,T,2200,良,10,6,比良山Ｈ･2勝,36.1,先行,4,3,28,中京,T,2200,良,4,6,ターフオ･2勝,33.4,差し,2,3,14,中京,T,2000,良,5,6,茶臼山高･2勝,35.2,後方,10,1,5,中山,T,2000,良,5,5,初日の出･2勝,34.9,先行,3
2,,2,,,,,ゴーソーファー,,牝,4,8,5,23,東京,D,1600,稍,15,9,２勝ｸﾗｽ・牝,36.9,後方,10,3,14,中山,T,2000,良,10,7,房総特別･2勝,36.5,後方,2,3,1,中山,T,2000,良,9,6,富里特別･2勝,37.4,後方,14,11,22,京都,T,2000,良,15,5,２勝ｸﾗｽ,37.9,中団,5,10,18,東京,T,2000,良,5,3,２勝ｸﾗｽ,34.8,先行,21
3,,3,,,,,ビッグデイメイク,,牝,4,2,7,5,福島,T,1800,良,9,12,白河特別･2勝,35.7,後方,3,6,14,阪神,D,1800,良,8,9,逆瀬川特･2勝,37.8,中団,2,5,30,東京,T,1600,良,11,11,葉山特別･2勝,34.3,後方,12,3,7,阪神,T,2000,良,9,9,千里山Ｈ･2勝,35.9,中団,8,1,11,中山,T,1800,良,13,13,初咲賞･2勝,35.2,後方,2
4,,4,,,,,アロンズロッド,,牡,4,7,5,31,東京,T,2400,良,4,1,青嵐賞･2勝,33.1,差し,7,4,11,阪神,T,2400,良,2,1,明石特別･2勝,33.5,先行,8,2,14,東京,T,2400,良,3,2,箱根特別･2勝,33.1,差し,12,11,24,東京,T,2400,良,2,1,南武特別･2勝,34.2,差し,6,10,12,東京,T,2400,良,1,1,１勝ｸﾗｽ,33.9,差し,35
5,,5,,,,,バセリーナ,,牡,4,2,7,5,福島,T,1800,良,7,8,白河特別･2勝,35.3,中団,20,2,15,京都,T,1800,良,7,10,春日特別･2勝,34.4,中団,5,1,10,中山,T,1600,良,9,15,初凪賞･2勝,34.7,後方,4,12,14,中山,T,1800,稍,11,11,霞ヶ浦特･2勝,36.3,後方,5,11,8,福島,T,1800,良,1,13,１勝ｸﾗｽ・若,35.0,差し,19
5,,6,,,,,コスモイシュタル,,牝,4,3,6,28,福島,T,2000,良,3,4,松島特別･2勝,35.0,差し,5,5,24,東京,T,1800,良,3,4,国分寺Ｈ･2勝,34.4,先行,3,5,2,新潟,T,1800,稍,3,4,胎内川特･2勝,34.7,差し,3,4,12,福島,T,2000,良,1,4,１勝ｸﾗｽ・若,35.1,先行,3,3,22,中京,T,2000,良,13,4,１勝ｸﾗｽ・牝,34.9,中団,14
6,,7,,,,,ルールーリマ,,牝,4,9,5,16,新潟,T,1800,良,1,1,石打特別･1勝,34.3,差し,4,4,18,福島,T,2000,良,2,1,桑折特別･1勝,33.7,先行,4,3,21,中京,T,2000,良,3,4,１勝ｸﾗｽ,34.1,差し,4,2,22,小倉,T,2000,良,5,1,１勝ｸﾗｽ,35.4,中団,13,11,22,福島,T,1800,良,4,3,高湯温泉･1勝,34.5,先行,9
6,,8,,,,,レッセパッセ,,牝,5,3,6,28,福島,T,2000,良,8,11,松島特別･2勝,34.4,後方,6,5,16,東京,T,1800,良,8,9,調布特別･2勝,33.3,後方,4,4,19,中山,T,2000,良,9,10,野島崎特･2勝,35.2,先行,4,3,21,中山,T,1800,良,10,11,館山特Ｈ･2勝,33.8,後方,3,2,28,小倉,T,2000,稍,5,13,別府特別･2勝,36.1,後方,8
7,,9,,,,,ヤマニンガラッシア,,牡,9,6,6,7,阪神,T,1800,稍,4,3,三木特別･2勝,34.5,先行,8,4,12,中山,T,1800,良,2,9,２勝ｸﾗｽ,34.3,逃げ,9,2,8,小倉,D,1700,良,15,12,由布院特･2勝,41.5,後方,8,12,14,中山,T,1800,稍,7,9,霞ヶ浦特･2勝,36.0,中団,23,7,6,福島,T,1800,良,8,5,白河特別･2勝,36.5,先行,10
7,B,10,,,,,クラヴァンス,,牡,4,10,5,9,京都,T,2000,良,4,4,鴨川特別･2勝,34.8,先行,10,2,28,小倉,T,2000,稍,14,3,別府特別･2勝,37.9,先行,4,2,1,小倉,T,1800,良,1,5,１勝ｸﾗｽ・若,34.1,先行,6,12,21,阪神,T,2200,重,8,9,１勝ｸﾗｽ,37.4,逃げ,19,8,10,中京,T,2000,良,1,1,未勝利,34.2,逃げ,3
8,B,11,,,,,ヨシヒロ,,牡,4,2,7,5,福島,T,1800,良,12,11,白河特別･2勝,35.6,後方,19,2,25,浦和,D,1400,重,13,10,梅見月,----,後方,2,2,9,船橋,D,1600,良,10,10,アメジ,----,後方,3,1,19,船橋,D,1600,良,13,7,初夢特,----,後方,6,12,8,船橋,D,1600,良,8,5,柊特別,----,中団,14
8,,12,,,,,バードウォッチャー,,牡,5,9,5,17,新潟,T,2000,良,14,11,信濃川特･2勝,35.2,逃げ,11,3,1,中山,T,2000,良,6,5,富里特別･2勝,35.6,先行,4,2,1,東京,T,2000,良,4,6,２勝ｸﾗｽ,34.5,先行,6,12,21,中京,T,2000,稍,7,7,名古屋日･2勝,35.4,中団,8,10,26,新潟,T,2000,稍,7,8,村上特別･2勝,35.8,中団,3
レースID(新),日付S,曜日,場所,開催,R,レース名,クラス名,芝・ダート,距離,コース区分,コーナー回数,馬場状態(暫定),天候(暫定),フルゲート頭数,発走時刻,性別限定,重量種別,年齢限定
2026071903020811,2026.7.19,日,福島,2福8,11,福島テレビ賞,ｵｰﾌﾟﾝ,ダート,1150,,2,良(暫定),曇(暫定),16,15:30,,別定,３上
枠番,B,番,印,M2,M3,M4,馬名S,Ｃ,性別,年齢,間隔,月,日,場所,TD,距離,馬場状態,着順,人気,ﾚｰｽ名･1走前,上り3F,決手,前走間隔,月,日,場所,TD,距離,馬場状態,着順,人気,ﾚｰｽ名･2走前,上り3F,決手,前走間隔,月,日,場所,TD,距離,馬場状態,着順,人気,ﾚｰｽ名･3走前,上り3F,決手,前走間隔,月,日,場所,TD,距離,馬場状態,着順,人気,ﾚｰｽ名･4走前,上り3F,決手,前走間隔,月,日,場所,TD,距離,馬場状態,着順,人気,ﾚｰｽ名･5走前,上り3F,決手,前走間隔
1,,1,,,,,メイショウホウレン,,牡,5,12,4,25,京都,D,1200,稍,5,4,天王山Ｓ,37.2,先行,5,3,22,中山,D,1200,良,12,6,千葉ＳＨ,37.4,後方,15,12,7,阪神,D,1200,良,1,1,りんくうＨ,35.6,先行,4,11,8,京都,D,1200,良,2,4,室町ＳＨ,36.2,逃げ,5,10,4,京都,D,1200,不,1,4,大山崎Ｓ･3勝,35.5,逃げ,22
1,,2,,,,,ジョーローリット,,牝,5,12,4,25,京都,D,1200,稍,10,6,天王山Ｓ,37.9,先行,9,2,22,阪神,D,1200,良,6,2,令月Ｓ,37.4,逃げ,5,1,18,中山,D,1200,良,3,6,ジャニュ,37.6,逃げ,6,12,7,阪神,D,1200,良,3,4,りんくうＨ,35.6,先行,9,10,5,京都,D,1200,重,4,9,藤森Ｓ,35.3,先行,3
2,,3,,,,,ロードアウォード,,セ,6,4,6,20,阪神,D,1400,重,7,6,天保山Ｓ,36.9,逃げ,22,1,18,中山,D,1200,良,8,3,ジャニュ,36.9,後方,49,2,9,京都,D,1200,稍,1,3,令月ＳＨ,35.8,先行,3,1,19,中山,D,1200,良,3,3,ジャニュ,36.8,先行,7,12,1,京都,D,1400,良,3,6,ギャラクＨ,36.8,先行,23
2,,4,,,,,カズゴルティス,,セ,5,12,4,25,京都,D,1200,稍,8,10,天王山Ｓ,37.3,中団,連,4,19,中山,D,1200,良,15,10,京葉Ｓ(L),38.3,逃げ,13,1,17,中山,T,1200,良,8,12,カーバンＨ,33.5,中団,10,11,8,京都,D,1200,良,7,9,室町ＳＨ,35.7,中団,6,9,28,中山,D,1200,良,1,5,外房ＳＨ･3勝,36.9,先行,15
3,,5,,,,,エコロアゼル,,牡,4,17,3,22,中山,D,1200,良,4,1,千葉ＳＨ,36.6,差し,9,1,18,中山,D,1200,良,2,2,ジャニュ,37.2,差し,5,12,14,中山,D,1200,稍,3,6,カペラＳG3,36.7,先行,6,11,2,東京,D,1300,重,1,2,秋嶺Ｓ･3勝,35.5,先行,11,8,14,門別,D,1200,良,3,4,北海道G3,----,先行,6
3,,6,,,,,ケイアイアニラ,,牡,6,4,6,20,阪神,D,1400,重,15,9,天保山Ｓ,39.3,先行,8,4,25,京都,D,1200,稍,12,9,天王山Ｓ,37.6,中団,66,1,19,中山,D,1200,良,8,2,ジャニュ,37.6,逃げ,4,12,22,中山,D,1200,良,1,2,フェアウ･3勝,37.3,先行,3,11,30,京都,D,1200,稍,3,3,姫路Ｓ･3勝,36.4,先行,11
4,,7,,,,,ガビーズシスター,,牝,5,22,2,14,ｻｳｼﾞ,D,1200,良,6,--,ダスプG2,----,不明,9,12,14,中山,D,1200,稍,4,3,カペラＳG3,36.4,差し,12,9,23,浦和,D,1400,良,4,3,テレ玉G3,----,差し,23,4,16,大井,D,1200,稍,5,1,東京スG3,----,中団,7,2,22,ｻｳｼﾞ,D,1200,良,3,--,ダスプG2,----,不明,11
4,,8,,,,,マニバドラ,,牡,6,13,4,19,中山,D,1200,良,3,3,京葉Ｓ(L),36.3,先行,10,2,10,京都,D,1200,良,13,11,大和ＳＨ,37.7,先行,18,10,5,京都,D,1200,重,13,3,藤森Ｓ,36.7,先行,17,6,8,阪神,D,1200,良,5,2,水無月ＳＨ,36.3,中団,7,4,20,中山,D,1200,良,2,3,京葉Ｓ(L),36.0,先行,28
5,B,9,,,,,ジャスパーゴールド,,セ,8,8,5,23,東京,D,1400,稍,11,15,欅Ｓ,37.5,中団,9,3,22,中山,D,1200,良,6,15,千葉ＳＨ,36.4,後方,14,12,14,中山,D,1200,稍,9,15,カペラＳG3,37.1,中団,3,11,23,東京,D,1400,良,16,15,霜月Ｓ,38.2,先行,10,9,14,中山,D,1200,稍,7,11,ラジオ日,37.0,先行,8
5,B,10,,,,,ゲッティヴィラ,,牡,4,9,5,17,京都,D,1400,良,10,11,栗東ＳＨ(L),38.0,中団,3,4,25,京都,D,1200,稍,9,2,天王山Ｓ,36.9,後方,9,2,22,阪神,D,1200,良,7,3,令月Ｓ,36.7,中団,2,2,7,京都,D,1200,良,1,1,橿原ＳＨ･3勝,36.0,差し,9,12,6,阪神,D,1200,良,2,2,妙見山Ｓ･3勝,36.0,差し,5
6,,11,,,,,プレゼンティーア,,牝,5,6,6,7,阪神,D,1200,稍,10,3,水無月ＳＨ,36.8,逃げ,6,4,25,福島,D,1150,良,1,7,福島中央･3勝,37.3,先行,2,4,11,中山,D,1200,稍,1,5,２勝ｸﾗｽ・牝,37.4,逃げ,8,2,15,京都,D,1200,良,6,9,２勝ｸﾗｽ・牝,36.2,中団,13,11,15,福島,D,1150,良,1,2,１勝ｸﾗｽ,37.5,逃げ,5
6,,12,,,,,グッジョブ,,牡,6,11,5,3,新潟,D,1200,稍,9,13,越後Ｓ,35.9,後方,16,1,10,京都,D,1400,良,11,12,すばるＳ(L),37.1,中団,2,12,28,阪神,D,1400,良,15,10,ギャラク,38.0,後方,5,11,23,東京,D,1400,良,7,12,霜月Ｓ,36.3,後方,18,7,20,福島,D,1150,良,8,3,福島テレ,35.2,後方,11
7,,13,,,,,ユキマル,,牡,6,11,5,3,新潟,D,1200,稍,2,1,越後Ｓ,36.1,差し,6,3,22,中山,D,1200,良,3,7,千葉ＳＨ,36.7,先行,9,1,17,中山,T,1200,良,9,5,カーバンＨ,33.5,中団,3,12,28,阪神,D,1400,良,5,4,ギャラク,37.1,中団,5,11,23,東京,D,1400,良,4,6,霜月Ｓ,36.6,先行,10
7,,14,,,,,ファムエレガンテ,,牝,4,12,4,25,京都,D,1200,稍,7,1,天王山Ｓ,37.9,逃げ,11,2,10,京都,D,1200,良,15,1,大和ＳＨ,38.5,逃げ,9,12,6,阪神,D,1200,良,1,4,妙見山Ｓ･3勝,36.8,逃げ,3,11,15,福島,D,1150,良,2,1,フルーツ･3勝,36.7,先行,4,10,18,新潟,D,1200,良,1,2,妙高特別･2勝,36.8,差し,14
8,,15,,,,,ショウナンアビアス,,牡,6,6,6,7,阪神,D,1200,稍,2,6,水無月ＳＨ,35.3,差し,5,5,3,新潟,D,1200,稍,3,6,越後Ｓ,36.0,差し,6,3,22,中山,D,1200,良,7,10,千葉ＳＨ,36.8,中団,2,3,7,阪神,D,1200,稍,1,3,なにわＳ･3勝,36.3,先行,6,1,25,中山,D,1200,良,3,5,江戸川Ｓ･3勝,37.3,差し,3
8,B,16,,,,,ルディック,,牡,5,11,5,3,新潟,D,1200,稍,10,3,越後Ｓ,37.1,中団,6,3,22,中山,D,1200,良,9,5,千葉ＳＨ,38.1,先行,8,1,25,中山,D,1200,良,1,2,江戸川Ｓ･3勝,37.7,逃げ,3,1,5,京都,D,1200,良,2,2,門松Ｓ･3勝,35.9,先行,8,11,9,京都,D,1200,不,5,1,貴船Ｓ･3勝,35.5,中団,5
レースID(新),日付S,曜日,場所,開催,R,レース名,クラス名,芝・ダート,距離,コース区分,コーナー回数,馬場状態(暫定),天候(暫定),フルゲート頭数,発走時刻,性別限定,重量種別,年齢限定
2026071903020812,2026.7.19,日,福島,2福8,12,,1勝,ダート,1700,,4,良(暫定),曇(暫定),15,16:15,,定量,３上
枠番,B,番,印,M2,M3,M4,馬名S,Ｃ,性別,年齢,間隔,月,日,場所,TD,距離,馬場状態,着順,人気,ﾚｰｽ名･1走前,上り3F,決手,前走間隔,月,日,場所,TD,距離,馬場状態,着順,人気,ﾚｰｽ名･2走前,上り3F,決手,前走間隔,月,日,場所,TD,距離,馬場状態,着順,人気,ﾚｰｽ名･3走前,上り3F,決手,前走間隔,月,日,場所,TD,距離,馬場状態,着順,人気,ﾚｰｽ名･4走前,上り3F,決手,前走間隔,月,日,場所,TD,距離,馬場状態,着順,人気,ﾚｰｽ名･5走前,上り3F,決手,前走間隔
1,,1,,,,,アルデキングダム,,牡,3,12,4,26,東京,T,1600,良,6,7,１勝ｸﾗｽ*,33.4,先行,2,4,12,中山,D,1800,稍,1,2,未勝利,37.6,先行,7,2,21,阪神,D,1400,良,6,3,未勝利,36.8,後方,6,1,10,中山,D,1800,良,2,2,未勝利,40.1,先行,3,12,20,中山,T,1800,良,4,3,未勝利*,35.1,先行,10
2,,2,,,,,メリーサウンド,,牝,4,7,5,30,東京,D,1600,良,12,10,１勝ｸﾗｽ,38.2,後方,3,5,9,新潟,D,1800,稍,4,12,１勝ｸﾗｽ・牝,41.1,差し,10,3,1,中山,D,1800,稍,9,13,１勝ｸﾗｽ・牝,38.2,後方,4,2,1,東京,D,1400,良,9,13,１勝ｸﾗｽ,37.0,後方,11,11,15,東京,D,1400,良,10,12,１勝ｸﾗｽ,36.5,後方,3
2,,3,,,,,ソナタン,,牡,4,9,5,16,新潟,D,1800,良,4,3,１勝ｸﾗｽ,40.2,先行,2,5,2,東京,D,1400,重,7,1,１勝ｸﾗｽ,36.8,先行,10,2,21,東京,D,1600,良,14,3,１勝ｸﾗｽ,37.0,中団,15,11,9,東京,D,1600,稍,6,1,１勝ｸﾗｽ,37.6,先行,3,10,18,東京,D,1600,良,2,2,１勝ｸﾗｽ,37.9,逃げ,10
3,,4,,,,,ジーティーブラック,,牡,3,12,4,25,東京,D,1600,稍,10,7,１勝ｸﾗｽ*,38.9,先行,8,2,28,中山,T,2200,良,6,6,水仙賞･1勝*,36.3,中団,3,2,10,東京,D,2100,稍,1,1,未勝利,38.8,先行,3,1,17,中山,D,1800,良,5,5,新馬,38.9,中団,初,,,,,,,,,,,,
3,,5,,,,,ノアチュロス,,牝,4,12,4,26,福島,D,1700,良,13,15,１勝ｸﾗｽ・牝,38.5,後方,4,3,28,中山,D,1800,重,5,10,１勝ｸﾗｽ・牝,39.3,後方,2,3,15,中山,D,1800,良,11,13,１勝ｸﾗｽ,39.1,後方,9,1,12,中山,D,1800,良,5,13,１勝ｸﾗｽ・牝,39.0,先行,2,12,27,中山,D,1800,稍,11,10,１勝ｸﾗｽ,40.1,中団,6
4,,6,,,,,サムシングニュー,,牡,3,3,6,27,福島,D,1700,稍,2,7,１勝ｸﾗｽ,38.3,差し,5,5,23,東京,D,1600,重,9,13,１勝ｸﾗｽ*,36.4,中団,3,5,2,新潟,D,1800,重,8,15,わらび賞･1勝,39.5,中団,11,2,15,小倉,D,1700,稍,1,6,未勝利,37.9,先行,4,1,17,中山,D,1800,良,2,5,未勝利,40.3,先行,16
4,,7,,,,,イサチルシーキング,,牡,3,11,5,2,新潟,D,1800,重,14,4,わらび賞･1勝,43.5,先行,3,4,12,福島,D,1700,良,1,2,未勝利,38.8,逃げ,3,3,22,中山,D,1800,良,5,5,未勝利,41.0,先行,19,11,8,東京,T,1800,良,8,5,新馬,35.2,中団,初,,,,,,,,,,,,
5,,8,,,,,スーパーホース,,セ,4,27,1,11,中山,D,1800,良,7,14,１勝ｸﾗｽ,39.5,中団,8,11,13,名古,D,1500,稍,2,1,Ｂ１１,----,先行,4,10,17,名古,D,1500,稍,1,1,けいち,----,先行,17,6,24,名古,D,1500,不,7,2,クジャ,----,逃げ,3,6,4,名古,D,1500,重,1,1,３歳２,----,逃げ,連
5,,9,,,,,キングプロフィット,,牡,5,7,5,30,東京,D,1600,良,11,15,１勝ｸﾗｽ,38.5,中団,2,5,16,新潟,D,1800,良,5,6,１勝ｸﾗｽ,38.5,後方,5,4,11,福島,D,1700,良,8,15,１勝ｸﾗｽ・若,38.6,中団,2,3,29,中山,D,1200,稍,12,16,１勝ｸﾗｽ,37.2,後方,2,3,14,中山,D,1200,良,12,16,１勝ｸﾗｽ,37.0,後方,13
6,B,10,,,,,ノーウェアマン,,牡,3,13,4,18,福島,T,2000,良,9,9,ひめさゆ･1勝,37.5,逃げ,4,3,22,中山,T,2000,良,6,5,１勝ｸﾗｽ*,36.2,先行,12,12,27,中山,T,2000,良,15,16,ホープフG1,35.7,後方,9,10,25,東京,T,1800,良,1,5,未勝利*,35.0,逃げ,連,10,19,東京,T,1600,良,6,5,未勝利*,35.3,後方,5
6,,11,,,,,エアトベーレ,,牝,3,2,7,4,福島,D,1700,稍,2,7,１勝ｸﾗｽ,37.3,先行,4,6,6,東京,D,1600,良,7,10,１勝ｸﾗｽ・牝,36.9,後方,8,4,12,福島,D,1700,良,1,1,未勝利・牝,38.2,先行,3,3,22,中京,D,1800,良,3,1,未勝利・牝,38.0,先行,6,2,10,東京,D,1600,稍,4,2,未勝利・牝,38.5,先行,2
7,,12,,,,,ウインドワンピース,,牡,6,5,6,14,東京,D,1600,稍,11,16,１勝ｸﾗｽ,36.1,中団,4,5,16,東京,D,1600,良,10,14,１勝ｸﾗｽ,36.7,中団,11,2,28,中山,D,1800,重,9,12,１勝ｸﾗｽ,40.2,後方,6,1,18,中山,D,1800,良,7,11,１勝ｸﾗｽ,39.1,中団,5,12,14,中京,D,1800,稍,10,12,１勝ｸﾗｽ・若,39.7,先行,4
7,B,13,,,,,カイトヴィント,,牡,4,5,6,14,東京,D,2100,稍,6,11,１勝ｸﾗｽ,39.1,中団,5,5,9,東京,D,2100,良,5,14,１勝ｸﾗｽ,39.1,先行,12,2,14,東京,D,2100,良,11,14,１勝ｸﾗｽ,37.7,後方,2,1,31,東京,D,2100,良,8,14,１勝ｸﾗｽ,38.2,後方,4,1,5,中山,D,2400,稍,9,11,１勝ｸﾗｽ,43.1,中団,3
8,,14,,,,,リポジノ,,牝,4,2,7,5,福島,D,1700,良,2,8,１勝ｸﾗｽ・牝,39.2,先行,7,5,15,園田,D,1400,良,1,1,Ｃ１　,----,逃げ,4,4,21,園田,D,1870,良,1,3,Ｃ２　,----,逃げ,2,4,7,園田,D,1400,稍,2,2,Ｃ２一,----,先行,16,12,11,園田,D,1400,良,7,2,クリス,----,先行,4
8,,15,,,,,ヘルヴェティオス,,牡,4,8,5,23,東京,D,1400,稍,6,1,１勝ｸﾗｽ,35.3,中団,8,3,29,中山,D,1200,稍,5,2,１勝ｸﾗｽ,37.1,中団,4,3,1,中山,D,1200,稍,2,1,１勝ｸﾗｽ,36.9,追込,11,12,13,中山,D,1200,良,3,3,１勝ｸﾗｽ,37.1,差し,42,2,22,東京,D,1400,良,7,9,１勝ｸﾗｽ*,36.9,中団,6
レースID(新),日付S,曜日,場所,開催,R,レース名,クラス名,芝・ダート,距離,コース区分,コーナー回数,馬場状態(暫定),天候(暫定),フルゲート頭数,発走時刻,性別限定,重量種別,年齢限定
2026071910020802,2026.7.19,日,小倉,2小8,2,,未勝利,芝,1200,A,2,良(暫定),晴(暫定),18,10:40,,馬齢,３歳
枠番,B,番,印,M2,M3,M4,馬名S,Ｃ,性別,年齢,間隔,月,日,場所,TD,距離,馬場状態,着順,人気,ﾚｰｽ名･1走前,上り3F,決手,前走間隔,月,日,場所,TD,距離,馬場状態,着順,人気,ﾚｰｽ名･2走前,上り3F,決手,前走間隔,月,日,場所,TD,距離,馬場状態,着順,人気,ﾚｰｽ名･3走前,上り3F,決手,前走間隔,月,日,場所,TD,距離,馬場状態,着順,人気,ﾚｰｽ名･4走前,上り3F,決手,前走間隔,月,日,場所,TD,距離,馬場状態,着順,人気,ﾚｰｽ名･5走前,上り3F,決手,前走間隔
1,,1,,,,,トウカイジーク,,牡,3,2,7,5,小倉,T,1200,重,3,3,未勝利,35.9,差し,10,4,25,京都,T,1600,良,8,2,未勝利,35.3,先行,5,3,21,中京,T,1400,良,6,8,未勝利,34.2,後方,初,,,,,,,,,,,,,,,,,,,,,,,,
1,,2,,,,,ハクサンテドリガワ,,牝,3,連,7,12,小倉,T,1200,良,3,5,未勝利・牝,35.3,先行,5,6,6,阪神,T,1200,良,7,6,未勝利,34.7,先行,10,3,28,阪神,D,1200,稍,7,4,未勝利,38.6,先行,3,3,7,阪神,T,1600,良,7,13,未勝利,35.3,先行,24,9,20,阪神,T,1600,良,6,9,新馬,33.9,先行,初
2,,3,,,,,グレンセロース,,牝,3,8,5,23,京都,T,1200,良,5,6,未勝利,34.7,先行,4,4,26,京都,T,1200,良,4,6,未勝利,33.4,差し,15,1,10,京都,T,1600,良,10,9,未勝利・牝,36.3,先行,3,12,20,阪神,T,1600,良,5,5,新馬・牝,34.1,先行,初,,,,,,,,,,,,
2,,4,,,,,ショウナンライラ,,牡,3,3,6,28,小倉,T,1200,良,6,13,未勝利,35.0,中団,13,3,28,阪神,D,1800,稍,13,11,未勝利,43.4,中団,2,3,14,阪神,T,1800,良,13,13,未勝利,36.7,中団,3,2,22,阪神,T,2000,良,8,11,未勝利,36.5,中団,2,2,8,小倉,T,1800,良,12,11,未勝利,36.2,後方,12
3,,5,,,,,ルナフィオーレ,,牝,3,3,6,28,小倉,T,1200,良,3,3,未勝利,35.1,差し,6,5,16,京都,T,1400,良,7,6,未勝利,34.3,中団,2,5,2,京都,T,1600,稍,9,4,未勝利・牝,34.3,中団,7,3,14,阪神,T,1800,良,7,8,未勝利,34.8,中団,5,2,7,京都,T,1600,良,7,6,未勝利・牝,35.7,中団,7
3,,6,,,,,カルロット,,牡,3,4,6,21,阪神,T,1400,稍,2,2,未勝利,34.8,差し,2,6,6,阪神,T,1200,良,3,4,未勝利,34.0,差し,2,5,23,京都,T,1200,良,2,4,未勝利,33.5,追込,12,3,1,阪神,D,1400,良,16,1,未勝利,42.3,先行,4,1,31,京都,D,1400,良,3,1,未勝利,37.7,逃げ,4
4,,7,,,,,ケイアイブラック,,牡,3,2,7,5,小倉,T,1200,重,4,5,未勝利,35.9,差し,2,6,21,阪神,T,1400,稍,8,12,未勝利,34.4,後方,8,4,23,名古,D,1500,不,2,2,名古屋,----,先行,7,3,7,阪神,D,1400,稍,10,10,未勝利,38.9,後方,9,1,4,京都,D,1200,良,11,10,未勝利,37.9,中団,2
4,,8,,,,,トウカイツバキ,,牝,3,11,5,2,新潟,T,1400,稍,9,10,未勝利,37.7,中団,2,4,18,福島,T,1200,良,5,16,未勝利,34.4,中団,13,1,18,京都,D,1200,良,14,13,未勝利・牝,37.7,後方,3,12,28,阪神,D,1400,良,7,14,新馬,39.7,中団,初,,,,,,,,,,,,
5,,9,,,,,ナデシコザクラ,,牝,3,2,7,4,小倉,T,1200,重,2,12,未勝利,35.2,差し,8,5,9,新潟,T,1200,良,15,10,未勝利・若,37.5,中団,2,4,25,福島,T,1200,良,3,8,未勝利,35.4,先行,9,2,21,阪神,D,1200,良,12,13,未勝利・牝,38.9,中団,2,2,7,京都,T,1600,良,12,12,未勝利・牝,37.2,先行,15
5,,10,,,,,クリノゴージャス,,牝,3,初,,,,,,,,,,,,,,,,,,,,,,,,,,,,,,,,,,,,,,,,,,,,,,,,,,,,,,,,,,,,
6,B,11,,,,,ムーンリットビーチ,,牝,3,10,5,7,船橋,D,1600,良,10,4,ナイス,----,逃げ,8,3,15,中京,D,1400,良,9,7,未勝利,38.7,中団,4,2,15,京都,D,1400,良,4,8,未勝利,37.6,追込,3,1,24,小倉,T,1800,良,9,8,未勝利,35.9,先行,13,10,26,新潟,T,1600,稍,5,8,新馬,34.7,先行,初
6,B,12,,,,,スマイリングスカイ,,牝,3,5,6,13,阪神,D,1200,良,14,12,未勝利・牝,39.7,中団,11,3,28,阪神,D,1200,稍,16,5,未勝利・牝,39.2,中団,11,1,10,京都,D,1400,良,15,5,新馬,41.1,中団,初,,,,,,,,,,,,,,,,,,,,,,,,
7,,13,,,,,ヒッグスボソン,,牡,3,連,7,11,小倉,T,1200,良,3,5,未勝利,34.7,差し,7,5,23,京都,T,1200,良,8,8,未勝利,34.0,後方,8,3,29,中京,T,1200,良,外,--,未勝利,----,,4,2,28,小倉,T,1200,稍,2,3,未勝利,34.7,差し,3,2,7,小倉,T,1200,良,2,4,未勝利,34.4,追込,11
7,,14,,,,,ホッコームジカ,,牝,3,2,7,5,小倉,T,1200,重,2,8,未勝利,35.4,追込,連,6,28,小倉,D,1700,稍,15,10,未勝利,40.2,後方,4,5,30,京都,T,1400,良,8,12,未勝利,34.4,後方,13,3,1,小倉,T,2000,良,12,14,未勝利・牝,37.3,先行,3,2,7,小倉,T,1200,良,11,13,未勝利,36.0,先行,3
7,,15,,,,,タマモマリアージュ,,牝,3,6,6,6,阪神,T,1200,良,10,16,未勝利,34.2,後方,13,3,11,名古,D,1500,良,6,3,名古屋,----,中団,11,12,21,中京,D,1400,稍,14,15,新馬,40.1,中団,初,,,,,,,,,,,,,,,,,,,,,,,,
8,B,16,,,,,ルーセントムーン,,牡,3,8,5,26,金沢,D,1500,良,7,3,加賀医,----,逃げ,9,3,21,阪神,T,1600,良,16,11,未勝利,34.7,後方,11,1,4,京都,D,1400,良,15,11,未勝利,41.0,中団,19,8,24,札幌,T,1500,良,7,9,未勝利*,35.8,中団,2,8,9,札幌,T,1500,稍,8,11,未勝利*,36.8,中団,6
8,,17,,,,,ドゥボヌール,,牝,3,連,7,12,小倉,T,1200,良,4,9,未勝利・牝,35.1,先行,5,6,6,阪神,T,1200,良,9,8,未勝利,35.1,先行,2,5,24,新潟,T,1200,稍,4,9,未勝利,36.3,先行,17,1,25,小倉,T,1200,良,8,9,新馬,35.0,先行,初,,,,,,,,,,,,
8,,18,,,,,レガリアーナ,,牝,3,8,5,23,京都,T,1200,良,15,14,未勝利,34.9,後方,9,3,22,阪神,D,1200,良,13,8,未勝利,39.9,後方,4,2,21,小倉,T,1200,良,14,13,未勝利・牝,36.1,先行,16,11,1,京都,T,1200,稍,7,6,未勝利*,35.1,先行,4,10,5,京都,T,1200,稍,3,12,新馬,35.1,先行,初
レースID(新),日付S,曜日,場所,開催,R,レース名,クラス名,芝・ダート,距離,コース区分,コーナー回数,馬場状態(暫定),天候(暫定),フルゲート頭数,発走時刻,性別限定,重量種別,年齢限定
2026071910020803,2026.7.19,日,小倉,2小8,3,,未勝利,ダート,1700,,4,稍(暫定),晴(暫定),16,11:10,牝,馬齢,３歳
枠番,B,番,印,M2,M3,M4,馬名S,Ｃ,性別,年齢,間隔,月,日,場所,TD,距離,馬場状態,着順,人気,ﾚｰｽ名･1走前,上り3F,決手,前走間隔,月,日,場所,TD,距離,馬場状態,着順,人気,ﾚｰｽ名･2走前,上り3F,決手,前走間隔,月,日,場所,TD,距離,馬場状態,着順,人気,ﾚｰｽ名･3走前,上り3F,決手,前走間隔,月,日,場所,TD,距離,馬場状態,着順,人気,ﾚｰｽ名･4走前,上り3F,決手,前走間隔,月,日,場所,TD,距離,馬場状態,着順,人気,ﾚｰｽ名･5走前,上り3F,決手,前走間隔
1,,1,,,,,ブライトベリル,,牝,3,15,4,4,阪神,D,1800,稍,10,7,未勝利・牝,39.8,中団,初,,,,,,,,,,,,,,,,,,,,,,,,,,,,,,,,,,,,,,,,,,,,,,,,
1,,2,,,,,グリミスティ,,牝,3,3,6,28,小倉,T,1800,良,5,11,未勝利,36.2,中団,6,5,17,京都,T,2000,良,10,6,未勝利,35.8,中団,3,4,25,福島,T,2000,良,5,11,未勝利・牝,37.1,逃げ,10,2,14,小倉,T,2000,良,17,11,未勝利,39.4,逃げ,3,1,24,小倉,T,2000,良,5,15,新馬,34.8,逃げ,初
2,,3,,,,,ルージュマデイラ,,牝,3,6,6,7,阪神,T,1800,良,13,6,未勝利・牝,35.0,先行,初,,,,,,,,,,,,,,,,,,,,,,,,,,,,,,,,,,,,,,,,,,,,,,,,
2,,4,,,,,カフジラクレット,,牝,3,10,5,10,京都,D,1800,良,7,9,未勝利・牝,40.0,後方,3,4,19,福島,T,1200,良,14,10,未勝利,35.4,後方,初,,,,,,,,,,,,,,,,,,,,,,,,,,,,,,,,,,,,
3,,5,,,,,ヴェルサイユローズ,,牝,3,10,5,9,京都,T,2000,良,15,11,未勝利・牝,37.3,後方,10,3,4,笠松,D,1400,稍,5,4,河渡宿,----,先行,10,12,20,阪神,T,1600,良,17,13,新馬・牝,35.4,中団,初,,,,,,,,,,,,,,,,,,,,,,,,
3,,6,,,,,メイショウメゴヒメ,,牝,3,7,5,31,京都,D,1800,良,6,2,未勝利・牝,39.2,先行,3,5,10,京都,D,1800,良,3,3,未勝利・牝,38.7,先行,3,4,18,阪神,D,1800,良,4,10,未勝利・牝,38.0,先行,14,1,10,京都,D,1800,良,6,12,未勝利・牝,39.3,先行,2,12,27,阪神,D,1800,稍,8,7,未勝利*,42.1,先行,14
4,,7,,,,,ヤマニンエルファバ,,牝,3,11,5,3,京都,D,1800,稍,9,1,未勝利・牝,39.2,先行,4,4,4,阪神,D,1800,稍,2,5,未勝利・牝,37.0,先行,19,11,22,京都,D,1400,良,10,9,新馬,38.1,中団,初,,,,,,,,,,,,,,,,,,,,,,,,
4,,8,,,,,ハツアカネ,,牝,3,8,5,27,園田,D,1870,良,7,2,三室山,----,中団,14,2,14,小倉,D,1700,良,8,3,未勝利・牝,38.4,後方,3,1,25,中山,D,1800,良,4,5,新馬,41.0,先行,初,,,,,,,,,,,,,,,,,,,,,,,,
5,B,9,,,,,エンジェルグラース,,牝,3,2,7,4,小倉,D,1700,不,3,9,未勝利・牝,38.2,先行,9,5,2,新潟,D,1800,不,8,11,未勝利・牝,41.5,後方,4,4,4,阪神,D,1800,稍,8,11,未勝利・牝,38.8,中団,7,2,14,小倉,D,1700,良,5,4,未勝利・牝,39.1,中団,3,1,25,小倉,D,1700,良,3,8,未勝利・牝,39.2,先行,3
5,,10,,,,,クレスコフェーヴ,,牝,3,9,5,17,京都,D,1800,良,5,12,未勝利・牝,39.0,中団,3,4,26,京都,T,1200,良,17,17,未勝利,34.6,後方,9,2,21,小倉,D,1000,良,14,14,未勝利,37.3,後方,5,1,18,京都,D,1200,良,13,16,未勝利・牝,38.0,中団,4,12,21,阪神,D,1200,稍,9,13,未勝利*,37.8,後方,7
6,,11,,,,,ヒデガミティアラ,,牝,3,2,7,4,小倉,D,1700,不,5,16,未勝利・牝,38.2,中団,10,4,25,京都,T,1600,良,15,16,未勝利,35.3,後方,2,4,12,福島,T,1200,良,9,16,未勝利,35.2,後方,11,1,25,小倉,T,1200,良,10,17,新馬,35.6,中団,初,,,,,,,,,,,,
6,,12,,,,,テクノピーチ,,牝,3,10,5,9,京都,T,2000,良,7,10,未勝利・牝,34.8,中団,3,4,18,福島,T,1800,良,6,13,未勝利・若,34.9,中団,8,2,21,小倉,T,1200,良,13,15,未勝利・牝,35.1,後方,11,12,7,中京,T,1400,良,13,6,新馬,35.4,中団,初,,,,,,,,,,,,
7,,13,,,,,スマイルガーデン,,牝,3,10,5,10,京都,D,1800,良,8,4,未勝利・牝,41.5,先行,連,5,2,新潟,D,1800,不,3,3,未勝利・牝,40.8,差し,9,2,28,小倉,D,1700,不,9,3,未勝利・牝,38.6,中団,16,11,8,京都,D,1800,良,3,2,未勝利・牝*,38.8,差し,2,10,26,新潟,D,1800,良,3,7,未勝利・牝*,39.1,差し,8
7,,14,,,,,エレーデサンライズ,,牝,3,4,6,20,阪神,D,1800,稍,5,7,未勝利・牝,39.7,中団,4,5,23,新潟,D,1800,稍,3,2,未勝利・牝,38.7,追込,4,4,26,福島,D,1700,良,4,4,未勝利・若,37.6,差し,3,4,5,阪神,D,1400,重,7,10,未勝利・牝,36.5,後方,22,11,2,京都,T,1600,良,11,3,新馬,35.1,後方,初
8,,15,,,,,デアアテナ,,牝,3,32,12,7,阪神,D,1800,良,7,4,未勝利・牝*,38.4,後方,2,11,23,京都,D,1800,良,5,3,新馬・牝,37.6,後方,初,,,,,,,,,,,,,,,,,,,,,,,,,,,,,,,,,,,,
8,,16,,,,,エイシンキタールン,,牝,3,20,3,1,阪神,D,1800,良,11,2,未勝利・牝,42.0,中団,3,2,7,京都,D,1800,良,5,1,新馬,39.3,先行,初,,,,,,,,,,,,,,,,,,,,,,,,,,,,,,,,,,,,
レースID(新),日付S,曜日,場所,開催,R,レース名,クラス名,芝・ダート,距離,コース区分,コーナー回数,馬場状態(暫定),天候(暫定),フルゲート頭数,発走時刻,性別限定,重量種別,年齢限定
2026071910020804,2026.7.19,日,小倉,2小8,4,,未勝利,芝,2000,A,4,良(暫定),晴(暫定),18,11:40,,馬齢,３歳
枠番,B,番,印,M2,M3,M4,馬名S,Ｃ,性別,年齢,間隔,月,日,場所,TD,距離,馬場状態,着順,人気,ﾚｰｽ名･1走前,上り3F,決手,前走間隔,月,日,場所,TD,距離,馬場状態,着順,人気,ﾚｰｽ名･2走前,上り3F,決手,前走間隔,月,日,場所,TD,距離,馬場状態,着順,人気,ﾚｰｽ名･3走前,上り3F,決手,前走間隔,月,日,場所,TD,距離,馬場状態,着順,人気,ﾚｰｽ名･4走前,上り3F,決手,前走間隔,月,日,場所,TD,距離,馬場状態,着順,人気,ﾚｰｽ名･5走前,上り3F,決手,前走間隔
1,,1,,,,,アクティブヘイロー,,牡,3,9,5,17,京都,T,2000,良,9,10,未勝利,34.8,後方,19,1,5,京都,D,1900,良,15,12,未勝利,41.0,中団,3,12,13,中京,T,2000,良,9,11,新馬,34.4,後方,初,,,,,,,,,,,,,,,,,,,,,,,,
2,,2,,,,,カフジマリボー,,牡,3,4,6,21,阪神,D,1800,重,8,14,未勝利,40.1,中団,5,5,17,新潟,D,1800,良,9,4,未勝利,39.6,後方,3,4,25,京都,D,1800,稍,4,15,未勝利,39.0,追込,8,2,28,小倉,T,2000,稍,13,10,未勝利,37.5,後方,3,2,8,小倉,T,2000,良,5,9,新馬,36.7,中団,初
3,,3,,,,,ホウオウモチーヴ,,牡,3,2,7,4,小倉,T,1800,重,12,1,未勝利,38.1,先行,2,6,20,阪神,T,1800,稍,2,3,未勝利,34.2,差し,9,4,18,福島,D,1700,良,7,5,未勝利,37.8,中団,7,2,28,阪神,D,1800,良,8,3,未勝利,39.4,中団,2,2,15,東京,D,2100,良,3,1,未勝利,38.7,逃げ,12
3,,4,,,,,レイワノキセキ,,牡,3,2,7,4,小倉,T,2600,重,7,11,未勝利,38.6,中団,4,6,7,阪神,T,2000,稍,9,7,未勝利,36.6,中団,6,4,25,京都,T,2200,良,8,7,未勝利,35.8,先行,3,4,5,阪神,T,2400,稍,6,5,未勝利,37.0,先行,2,3,22,阪神,T,2400,良,4,5,未勝利,34.4,差し,4
4,,5,,,,,ヴィーラー,,牝,3,3,6,28,小倉,T,1200,良,11,10,未勝利・牝,36.0,後方,8,5,2,京都,T,1600,稍,13,13,未勝利・牝,35.0,中団,連,4,25,京都,T,1800,良,12,8,未勝利・牝,35.8,先行,2,4,11,福島,T,1800,良,10,10,未勝利・牝,36.3,中団,初,,,,,,,,,,,,
4,,6,,,,,ニテンイチリュウ,,牡,3,15,4,5,阪神,T,2400,稍,14,14,未勝利,42.3,中団,2,3,22,阪神,T,2400,良,11,16,未勝利,35.0,後方,6,2,10,京都,T,2400,良,11,15,未勝利,37.6,後方,4,1,11,京都,D,1800,良,15,15,未勝利,42.2,後方,4,12,13,阪神,T,1800,良,7,6,新馬,35.7,逃げ,初
5,,7,,,,,メイショウユウゲン,,牡,3,3,6,28,小倉,T,1800,良,8,15,未勝利,35.9,後方,6,5,16,京都,T,1400,良,13,13,未勝利,34.9,中団,12,2,22,阪神,T,2000,良,11,8,未勝利,37.4,中団,2,2,7,京都,D,1800,良,15,6,新馬,41.4,後方,初,,,,,,,,,,,,
5,,8,,,,,ダンツウルス,,牡,3,4,6,20,阪神,T,1800,稍,4,4,未勝利,34.2,差し,3,5,30,京都,T,1800,良,3,3,未勝利,34.7,差し,3,5,9,新潟,T,2000,良,4,2,未勝利,36.6,先行,22,12,7,阪神,T,2000,良,3,2,未勝利*,33.9,差し,4,11,9,京都,T,2000,稍,2,4,未勝利*,35.5,逃げ,3
6,,9,,,,,ドットカモン,,牡,3,5,6,14,阪神,T,2200,良,14,12,未勝利,38.0,中団,11,3,28,中京,T,2200,良,止,7,未勝利,----,,3,3,7,阪神,T,2400,稍,7,4,未勝利,35.1,後方,初,,,,,,,,,,,,,,,,,,,,,,,,
6,,10,,,,,デルマタイセツ,,牝,3,10,5,10,京都,T,2000,良,9,13,未勝利,35.5,後方,連,5,3,京都,D,1800,稍,12,12,未勝利・牝,39.9,後方,15,1,17,京都,D,1400,良,10,16,新馬・牝,38.7,中団,初,,,,,,,,,,,,,,,,,,,,,,,,
7,,11,,,,,アラムシャピラス,,牡,3,14,4,11,福島,T,2000,良,2,1,未勝利,35.7,逃げ,3,3,21,中京,T,2000,良,2,1,未勝利,34.2,先行,13,12,20,阪神,T,2000,良,2,4,未勝利*,34.6,逃げ,2,12,6,阪神,T,2000,良,3,4,新馬,34.4,先行,初,,,,,,,,,,,,
7,,12,,,,,ブルーザー,,牡,3,連,7,12,小倉,T,2000,良,3,4,未勝利,36.5,先行,7,5,24,新潟,T,2000,稍,3,3,未勝利,36.2,先行,4,4,26,京都,T,2000,良,5,5,未勝利,36.2,中団,4,3,29,阪神,T,2000,良,4,4,未勝利,35.5,先行,2,3,14,中京,T,2000,良,8,14,未勝利,35.6,中団,7
8,B,13,,,,,ルクスディグニティ,,牡,3,4,6,21,阪神,T,2400,稍,4,3,未勝利,36.4,差し,4,5,23,京都,T,2200,良,3,8,未勝利,35.3,差し,3,5,2,京都,T,2000,良,9,8,未勝利,34.2,後方,2,4,19,阪神,T,2200,良,9,11,未勝利,36.1,先行,3,3,28,中京,T,2200,良,7,13,未勝利,35.4,後方,2
8,,14,,,,,アイスフォーク,,牡,3,初,,,,,,,,,,,,,,,,,,,,,,,,,,,,,,,,,,,,,,,,,,,,,,,,,,,,,,,,,,,,
レースID(新),日付S,曜日,場所,開催,R,レース名,クラス名,芝・ダート,距離,コース区分,コーナー回数,馬場状態(暫定),天候(暫定),フルゲート頭数,発走時刻,性別限定,重量種別,年齢限定
2026071910020805,2026.7.19,日,小倉,2小8,5,,新馬,芝,1800,A,4,良(暫定),晴(暫定),16,12:30,,馬齢,２歳
枠番,B,番,印,M2,M3,M4,馬名S,Ｃ,性別,年齢,間隔,月,日,場所,TD,距離,馬場状態,着順,人気,ﾚｰｽ名･1走前,上り3F,決手,前走間隔,月,日,場所,TD,距離,馬場状態,着順,人気,ﾚｰｽ名･2走前,上り3F,決手,前走間隔,月,日,場所,TD,距離,馬場状態,着順,人気,ﾚｰｽ名･3走前,上り3F,決手,前走間隔,月,日,場所,TD,距離,馬場状態,着順,人気,ﾚｰｽ名･4走前,上り3F,決手,前走間隔,月,日,場所,TD,距離,馬場状態,着順,人気,ﾚｰｽ名･5走前,上り3F,決手,前走間隔
1,,1,,,,,カローナ,,牡,2,初,,,,,,,,,,,,,,,,,,,,,,,,,,,,,,,,,,,,,,,,,,,,,,,,,,,,,,,,,,,,
2,,2,,,,,ツーハーツ,,牡,2,初,,,,,,,,,,,,,,,,,,,,,,,,,,,,,,,,,,,,,,,,,,,,,,,,,,,,,,,,,,,,
3,,3,,,,,メイショウジェード,,牡,2,初,,,,,,,,,,,,,,,,,,,,,,,,,,,,,,,,,,,,,,,,,,,,,,,,,,,,,,,,,,,,
4,,4,,,,,レアアース,,牡,2,初,,,,,,,,,,,,,,,,,,,,,,,,,,,,,,,,,,,,,,,,,,,,,,,,,,,,,,,,,,,,
5,,5,,,,,ホットロッドハート,,牡,2,初,,,,,,,,,,,,,,,,,,,,,,,,,,,,,,,,,,,,,,,,,,,,,,,,,,,,,,,,,,,,
6,,6,,,,,レイクイーン,,牝,2,初,,,,,,,,,,,,,,,,,,,,,,,,,,,,,,,,,,,,,,,,,,,,,,,,,,,,,,,,,,,,
7,,7,,,,,ユーダブルワン,,牝,2,初,,,,,,,,,,,,,,,,,,,,,,,,,,,,,,,,,,,,,,,,,,,,,,,,,,,,,,,,,,,,
8,,8,,,,,ビエントゾンダ,,牝,2,初,,,,,,,,,,,,,,,,,,,,,,,,,,,,,,,,,,,,,,,,,,,,,,,,,,,,,,,,,,,,
レースID(新),日付S,曜日,場所,開催,R,レース名,クラス名,芝・ダート,距離,コース区分,コーナー回数,馬場状態(暫定),天候(暫定),フルゲート頭数,発走時刻,性別限定,重量種別,年齢限定
2026071910020806,2026.7.19,日,小倉,2小8,6,,未勝利,ダート,1700,,4,稍(暫定),晴(暫定),16,13:00,,馬齢,３歳
枠番,B,番,印,M2,M3,M4,馬名S,Ｃ,性別,年齢,間隔,月,日,場所,TD,距離,馬場状態,着順,人気,ﾚｰｽ名･1走前,上り3F,決手,前走間隔,月,日,場所,TD,距離,馬場状態,着順,人気,ﾚｰｽ名･2走前,上り3F,決手,前走間隔,月,日,場所,TD,距離,馬場状態,着順,人気,ﾚｰｽ名･3走前,上り3F,決手,前走間隔,月,日,場所,TD,距離,馬場状態,着順,人気,ﾚｰｽ名･4走前,上り3F,決手,前走間隔,月,日,場所,TD,距離,馬場状態,着順,人気,ﾚｰｽ名･5走前,上り3F,決手,前走間隔
1,,1,,,,,テーオータウンズ,,牡,3,15,4,4,阪神,D,1800,稍,9,5,未勝利,40.4,中団,12,1,12,京都,D,1800,良,15,11,未勝利,42.2,後方,2,12,27,阪神,D,1800,稍,6,4,未勝利*,41.0,先行,15,9,14,阪神,D,1800,良,4,8,新馬,38.5,差し,初,,,,,,,,,,,,
2,,2,,,,,テイエムファントム,,牡,3,7,5,30,京都,D,1400,良,8,8,未勝利,37.0,後方,初,,,,,,,,,,,,,,,,,,,,,,,,,,,,,,,,,,,,,,,,,,,,,,,,
3,,3,,,,,トゥレネヴェリテ,,牡,3,6,6,4,園田,D,1400,稍,2,5,氷ノ山,----,先行,10,3,29,中京,T,2000,良,12,11,未勝利,34.4,後方,9,1,24,京都,T,2200,良,13,13,未勝利,36.3,後方,3,1,5,京都,D,1900,良,13,7,未勝利,40.0,後方,22,8,3,札幌,T,1800,良,4,5,新馬,35.1,差し,初
3,B,4,,,,,フレアオブセンス,,牡,3,3,6,27,小倉,T,2000,稍,4,1,未勝利,37.2,先行,3,6,7,阪神,T,2000,稍,3,2,未勝利,36.5,先行,4,5,10,京都,T,2000,良,2,1,未勝利,35.8,先行,2,4,26,京都,T,2000,良,2,2,未勝利,36.4,先行,2,4,11,福島,T,2600,良,4,1,未勝利,36.5,先行,2
4,,5,,,,,アイアン,,牡,3,4,6,21,阪神,D,1400,不,8,8,未勝利,37.6,後方,初,,,,,,,,,,,,,,,,,,,,,,,,,,,,,,,,,,,,,,,,,,,,,,,,
4,,6,,,,,リリーサンダー,,牡,3,6,6,6,阪神,D,1800,良,8,4,未勝利,37.6,後方,3,5,16,京都,D,1800,良,4,3,未勝利,38.1,逃げ,7,3,28,阪神,D,1800,稍,3,4,未勝利,39.7,差し,2,3,14,中京,D,1900,良,4,11,未勝利,38.3,先行,2,3,1,阪神,D,2000,良,9,12,未勝利,38.5,後方,21
5,B,7,,,,,テーオーレックス,,牡,3,37,11,2,京都,D,1800,稍,13,9,未勝利*,41.4,中団,3,10,11,京都,T,1800,良,5,6,未勝利*,35.9,先行,3,9,20,阪神,T,1600,良,12,12,新馬,34.3,後方,2,9,6,札幌,T,1500,良,外,--,新馬,----,,初,,,,,,,,,,,,
5,,8,,,,,ウルトラハート,,牡,3,4,6,21,阪神,D,1800,重,3,1,未勝利,40.2,先行,2,6,7,阪神,D,1800,良,3,2,未勝利,38.8,逃げ,2,5,24,新潟,D,1800,稍,3,2,未勝利,39.3,先行,28,11,8,京都,D,1800,良,3,3,未勝利*,37.4,先行,3,10,18,新潟,D,1800,良,2,2,未勝利*,39.3,先行,2
6,,9,,,,,ビーウィナー,,牡,3,4,6,20,阪神,D,1800,稍,8,15,未勝利,39.3,後方,16,2,28,阪神,D,1800,良,8,10,未勝利,39.4,中団,2,2,15,京都,D,1400,良,6,13,未勝利,37.1,後方,2,2,1,京都,D,1400,良,11,12,新馬,38.4,中団,初,,,,,,,,,,,,
6,,10,,,,,サトノライトニング,,牡,3,初,,,,,,,,,,,,,,,,,,,,,,,,,,,,,,,,,,,,,,,,,,,,,,,,,,,,,,,,,,,,
7,B,11,,,,,レッドフレーザー,,牡,3,4,6,21,阪神,T,2400,稍,15,5,未勝利,39.9,先行,連,6,13,阪神,T,1800,良,7,8,未勝利,36.4,中団,14,3,7,阪神,D,1400,稍,7,7,未勝利,38.7,中団,2,2,21,小倉,D,1700,良,5,4,未勝利,39.5,中団,2,2,7,京都,D,1800,良,6,2,未勝利,41.2,中団,24
7,,12,,,,,メイショウゲッコウ,,牡,3,25,1,25,小倉,D,1700,良,11,6,未勝利,43.7,後方,2,1,10,京都,D,1400,良,9,8,新馬,36.8,後方,初,,,,,,,,,,,,,,,,,,,,,,,,,,,,,,,,,,,,
8,B,13,,,,,コズミックフレア,,牝,3,4,6,20,阪神,D,1800,稍,6,10,未勝利・牝,40.8,中団,13,3,22,中京,D,1800,良,7,5,未勝利・牝,39.3,中団,3,3,1,阪神,D,1800,良,6,4,未勝利・牝,40.1,後方,16,11,8,京都,D,1800,良,5,6,未勝利・牝*,39.2,ﾏｸﾘ,2,10,25,京都,D,1400,良,5,13,新馬・牝,37.5,後方,初
8,B,14,,,,,サカトクフェイス,,牡,3,3,6,27,小倉,D,1700,不,8,13,未勝利,39.1,中団,連,6,21,阪神,T,1400,稍,13,17,未勝利,34.6,後方,9,4,19,福島,T,1200,良,15,8,未勝利,35.2,後方,初,,,,,,,,,,,,,,,,,,,,,,,,
レースID(新),日付S,曜日,場所,開催,R,レース名,クラス名,芝・ダート,距離,コース区分,コーナー回数,馬場状態(暫定),天候(暫定),フルゲート頭数,発走時刻,性別限定,重量種別,年齢限定
2026071910020807,2026.7.19,日,小倉,2小8,7,,1勝,芝,1200,A,2,良(暫定),晴(暫定),18,13:30,,定量,３上
枠番,B,番,印,M2,M3,M4,馬名S,Ｃ,性別,年齢,間隔,月,日,場所,TD,距離,馬場状態,着順,人気,ﾚｰｽ名･1走前,上り3F,決手,前走間隔,月,日,場所,TD,距離,馬場状態,着順,人気,ﾚｰｽ名･2走前,上り3F,決手,前走間隔,月,日,場所,TD,距離,馬場状態,着順,人気,ﾚｰｽ名･3走前,上り3F,決手,前走間隔,月,日,場所,TD,距離,馬場状態,着順,人気,ﾚｰｽ名･4走前,上り3F,決手,前走間隔,月,日,場所,TD,距離,馬場状態,着順,人気,ﾚｰｽ名･5走前,上り3F,決手,前走間隔
1,,1,,,,,ピアストイヤーズ,,牡,4,3,6,27,小倉,T,1200,稍,2,2,１勝ｸﾗｽ,34.2,先行,6,5,16,新潟,T,1400,良,5,4,１勝ｸﾗｽ,34.4,先行,3,4,26,福島,T,1200,良,3,3,１勝ｸﾗｽ,33.7,差し,2,4,12,福島,T,1200,良,3,4,１勝ｸﾗｽ,33.9,差し,10,1,31,小倉,T,1200,良,11,2,１勝ｸﾗｽ,34.4,中団,10
1,,2,,,,,ウェルカムソング,,牡,3,10,5,9,京都,D,1200,良,9,2,１勝ｸﾗｽ*,37.7,中団,3,4,18,阪神,D,1200,良,1,2,未勝利,35.8,先行,3,3,28,阪神,D,1200,稍,2,2,未勝利,37.8,先行,8,2,1,京都,D,1200,良,8,1,未勝利,38.3,先行,4,1,5,京都,D,1200,良,2,1,新馬,37.0,先行,初
2,,3,,,,,アスクザアメリカン,,牡,4,連,7,11,小倉,T,1200,良,15,11,１勝ｸﾗｽ,37.9,逃げ,30,12,13,中京,D,1400,良,12,14,１勝ｸﾗｽ,37.6,後方,連,12,6,中京,T,1600,良,15,8,１勝ｸﾗｽ,35.5,先行,24,6,22,阪神,D,1400,良,16,6,未勝利,41.2,後方,9,4,19,阪神,D,1200,良,15,5,未勝利,39.3,後方,初
2,,4,,,,,ヒットザグラウンド,,牝,4,2,7,4,小倉,T,1200,稍,6,7,１勝ｸﾗｽ・牝,34.9,先行,10,4,25,京都,T,1400,良,8,14,１勝ｸﾗｽ,33.5,後方,8,3,1,小倉,T,1200,良,17,7,１勝ｸﾗｽ,37.9,中団,3,2,8,小倉,T,1200,良,5,6,１勝ｸﾗｽ,34.6,中団,8,12,13,中京,T,1200,良,10,4,１勝ｸﾗｽ,32.7,後方,17
3,,5,,,,,アーリントンロウ,,牡,4,54,7,6,小倉,T,1200,良,6,1,小郡特別･1勝,35.6,先行,15,3,22,中京,T,1400,良,7,9,ファルコG3,35.5,先行,10,1,13,中京,T,1600,良,15,8,シンザンG3,39.1,逃げ,19,9,1,中京,T,1200,重,3,2,小倉２歳G3,34.3,先行,5,7,28,新潟,T,1400,良,1,2,未勝利*,35.2,逃げ,5
3,,6,,,,,ラブアイミー,,牝,4,2,7,4,小倉,T,1200,稍,4,9,小郡特別･1勝,35.4,追込,6,5,24,京都,T,1400,良,14,15,１勝ｸﾗｽ,35.5,先行,2,5,10,新潟,T,1200,良,12,13,１勝ｸﾗｽ,34.7,中団,3,4,18,福島,T,1200,良,9,13,１勝ｸﾗｽ,34.5,中団,7,3,1,小倉,T,1200,良,6,16,１勝ｸﾗｽ,34.9,後方,3
4,,7,,,,,フィラーエ,,牝,3,連,7,12,小倉,T,1200,良,5,6,１勝ｸﾗｽ,34.9,中団,7,5,24,京都,T,1200,良,6,5,１勝ｸﾗｽ*,34.0,先行,4,4,25,福島,T,1200,良,1,4,未勝利,34.3,先行,9,2,21,小倉,T,1800,良,7,7,未勝利,36.4,先行,8,12,27,阪神,T,1600,良,6,8,未勝利*,35.5,中団,7
4,,8,,,,,タガノアルブラック,,牝,3,14,4,12,福島,T,1200,良,1,9,未勝利,35.0,先行,初,,,,,,,,,,,,,,,,,,,,,,,,,,,,,,,,,,,,,,,,,,,,,,,,
5,B,9,,,,,キョラムン,,牝,4,2,7,4,小倉,T,1200,稍,5,2,小郡特別･1勝,35.3,後方,10,4,25,福島,T,1200,良,7,1,１勝ｸﾗｽ・若,34.4,中団,9,2,22,小倉,T,1200,良,6,2,１勝ｸﾗｽ・牝,34.5,中団,3,1,31,小倉,T,1200,良,4,3,１勝ｸﾗｽ,34.2,差し,16,10,13,京都,D,1400,良,4,1,１勝ｸﾗｽ・牝,37.7,差し,4
5,,10,,,,,ダイアナクイーン,,牝,4,連,7,11,小倉,T,1200,良,2,6,１勝ｸﾗｽ,34.9,先行,4,6,13,阪神,T,1200,良,6,6,１勝ｸﾗｽ,34.8,逃げ,4,5,16,京都,D,1200,良,3,11,１勝ｸﾗｽ,36.6,先行,連,5,10,新潟,D,1200,良,13,8,１勝ｸﾗｽ・牝,39.3,逃げ,44,7,6,小倉,T,1200,良,13,12,未勝利・牝,35.4,中団,初
6,,11,,,,,ミライハーモニー,,牝,5,2,7,4,小倉,T,1200,稍,2,4,小郡特別･1勝,35.5,差し,連,6,28,小倉,D,1000,稍,7,1,１勝ｸﾗｽ,36.0,先行,5,5,24,新潟,D,1200,稍,3,2,１勝ｸﾗｽ・若,37.2,逃げ,2,5,10,新潟,D,1200,良,2,4,１勝ｸﾗｽ・若,37.4,先行,10,2,28,小倉,D,1000,不,5,3,１勝ｸﾗｽ,35.3,中団,連
6,B,12,,,,,ペルフェツィオーネ,,牡,5,連,7,11,小倉,T,1200,良,9,12,１勝ｸﾗｽ,34.8,中団,7,5,23,新潟,D,1200,稍,10,12,１勝ｸﾗｽ,37.2,後方,4,4,26,福島,T,1200,良,4,9,１勝ｸﾗｽ,34.1,差し,8,2,28,阪神,D,1400,良,15,15,１勝ｸﾗｽ,38.2,中団,4,1,31,京都,T,1600,良,13,14,１勝ｸﾗｽ,34.1,後方,連
7,,13,,,,,マウンテンバローズ,,牡,3,2,7,4,小倉,T,1200,稍,6,5,小郡特別･1勝,35.5,後方,3,6,14,阪神,D,1200,良,11,4,１勝ｸﾗｽ,36.6,後方,10,4,5,中山,T,1200,重,6,7,１勝ｸﾗｽ*,35.0,先行,3,3,15,阪神,T,1600,良,6,3,１勝ｸﾗｽ*,33.6,後方,5,2,10,東京,T,1600,良,1,1,新馬,34.1,先行,初
7,,14,,,,,レオナルドスター,,セ,5,3,6,27,小倉,T,1200,稍,8,2,１勝ｸﾗｽ,36.4,先行,7,5,10,京都,T,1200,良,6,4,１勝ｸﾗｽ,34.0,中団,3,4,19,福島,T,1200,良,3,8,須賀川特･1勝,34.3,先行,7,3,1,小倉,T,1200,良,10,6,１勝ｸﾗｽ,36.7,先行,2,2,14,小倉,T,1200,良,3,8,１勝ｸﾗｽ,35.5,先行,9
8,B,15,,,,,ソリスディエス,,牡,4,2,7,4,小倉,T,1200,稍,9,8,小郡特別･1勝,37.3,先行,9,5,2,京都,D,1400,稍,13,5,１勝ｸﾗｽ,42.6,中団,5,3,28,中京,D,1900,稍,9,4,ロイヤル･1勝,42.2,逃げ,15,12,17,川崎,D,1400,稍,1,2,サラ系,----,逃げ,4,11,18,川崎,D,1400,良,1,2,サラ系,----,逃げ,5
8,B,16,,,,,バーケンティン,,牡,5,9,5,16,京都,D,1200,良,11,6,１勝ｸﾗｽ,36.6,中団,3,4,25,福島,T,1200,良,11,7,１勝ｸﾗｽ・若,33.9,後方,8,2,28,小倉,D,1000,不,8,5,１勝ｸﾗｽ,35.6,中団,2,2,15,小倉,D,1000,稍,3,7,１勝ｸﾗｽ,35.0,先行,9,12,14,中京,D,1400,稍,9,8,１勝ｸﾗｽ,39.1,先行,5
8,B,17,,,,,イリスアスール,,牝,5,12,4,25,京都,T,1400,良,15,12,１勝ｸﾗｽ,35.0,先行,9,2,22,小倉,T,1200,良,13,10,１勝ｸﾗｽ・牝,35.4,先行,10,12,14,中京,T,1600,稍,8,14,１勝ｸﾗｽ,35.4,逃げ,4,11,15,福島,T,1200,良,9,8,１勝ｸﾗｽ・若,35.0,中団,12,8,23,札幌,T,1500,稍,10,6,１勝ｸﾗｽ,37.5,先行,5
レースID(新),日付S,曜日,場所,開催,R,レース名,クラス名,芝・ダート,距離,コース区分,コーナー回数,馬場状態(暫定),天候(暫定),フルゲート頭数,発走時刻,性別限定,重量種別,年齢限定
2026071910020808,2026.7.19,日,小倉,2小8,8,,1勝,ダート,1000,,2,稍(暫定),晴(暫定),14,14:00,,定量,３上
枠番,B,番,印,M2,M3,M4,馬名S,Ｃ,性別,年齢,間隔,月,日,場所,TD,距離,馬場状態,着順,人気,ﾚｰｽ名･1走前,上り3F,決手,前走間隔,月,日,場所,TD,距離,馬場状態,着順,人気,ﾚｰｽ名･2走前,上り3F,決手,前走間隔,月,日,場所,TD,距離,馬場状態,着順,人気,ﾚｰｽ名･3走前,上り3F,決手,前走間隔,月,日,場所,TD,距離,馬場状態,着順,人気,ﾚｰｽ名･4走前,上り3F,決手,前走間隔,月,日,場所,TD,距離,馬場状態,着順,人気,ﾚｰｽ名･5走前,上り3F,決手,前走間隔
1,,1,,,,,アイカンアズーラ,,牝,3,3,6,28,小倉,D,1000,稍,2,4,１勝ｸﾗｽ,35.4,先行,8,5,3,京都,D,1400,稍,11,9,１勝ｸﾗｽ*,38.0,先行,7,3,15,阪神,D,1400,良,1,3,未勝利・牝,37.5,先行,7,1,25,京都,D,1400,良,2,1,未勝利・牝,37.7,先行,8,11,29,京都,D,1400,良,5,2,未勝利*,38.4,先行,2
2,,2,,,,,イイデカンタロウ,,牡,5,3,6,28,小倉,D,1000,稍,4,9,１勝ｸﾗｽ,35.2,追込,10,4,18,福島,D,1700,良,14,8,１勝ｸﾗｽ,41.0,中団,3,3,28,中京,D,1400,稍,6,6,１勝ｸﾗｽ,37.0,中団,13,12,28,阪神,D,1400,良,13,8,１勝ｸﾗｽ,38.5,後方,2,12,13,阪神,D,1400,良,5,9,１勝ｸﾗｽ,37.6,中団,2
3,,3,,,,,スマッシング,,牝,3,3,6,27,小倉,D,1000,不,1,1,未勝利,35.1,逃げ,8,5,3,京都,D,1400,稍,4,1,未勝利・牝,37.9,逃げ,3,4,12,阪神,D,1400,稍,2,1,未勝利・牝,37.5,先行,3,3,21,阪神,D,1400,稍,2,6,未勝利,37.1,逃げ,3,3,1,阪神,D,1400,良,9,3,未勝利,40.2,中団,7
3,,4,,,,,アメリカンビヨンド,,牡,4,2,7,4,小倉,D,1000,不,5,6,１勝ｸﾗｽ,34.7,中団,12,4,11,阪神,D,1400,重,7,7,１勝ｸﾗｽ,36.6,中団,8,2,14,京都,D,1400,稍,12,7,１勝ｸﾗｽ,41.4,逃げ,10,12,7,中京,D,1400,良,8,6,１勝ｸﾗｽ,38.6,先行,9,10,5,京都,D,1800,重,10,2,１勝ｸﾗｽ,37.9,先行,8
4,B,5,,,,,ヨドノゴールド,,牡,8,3,6,28,小倉,D,1000,稍,5,6,１勝ｸﾗｽ,35.8,先行,7,5,10,新潟,D,1200,良,9,5,１勝ｸﾗｽ・若,38.2,先行,2,4,26,福島,D,1150,良,11,1,１勝ｸﾗｽ,38.3,中団,13,1,25,小倉,D,1000,良,3,5,１勝ｸﾗｽ,36.1,差し,25,8,3,中京,D,1200,良,止,3,１勝ｸﾗｽ,----,,10
4,B,6,,,,,サンライズジュピタ,,牡,4,8,5,23,新潟,D,1200,稍,7,2,１勝ｸﾗｽ,38.4,先行,2,5,9,新潟,D,1200,稍,2,6,１勝ｸﾗｽ,39.6,逃げ,3,4,18,阪神,D,1200,良,6,10,１勝ｸﾗｽ,37.8,先行,2,4,4,阪神,D,1200,稍,12,9,１勝ｸﾗｽ,37.1,後方,13,1,4,京都,D,1200,良,6,10,１勝ｸﾗｽ,36.4,中団,2
5,,7,,,,,ペルセポネ,,牝,3,3,6,28,小倉,D,1000,稍,3,5,１勝ｸﾗｽ,35.4,追込,2,6,14,阪神,D,1200,良,16,8,１勝ｸﾗｽ,40.0,逃げ,16,2,22,阪神,D,1400,良,9,10,１勝ｸﾗｽ*,39.4,先行,3,2,1,京都,D,1400,良,16,9,１勝ｸﾗｽ・牝*,40.8,逃げ,6,12,21,中京,D,1400,稍,1,4,新馬,37.4,先行,初
5,,8,,,,,ナンヨークリスタル,,セ,6,3,6,28,小倉,D,1000,稍,6,7,１勝ｸﾗｽ,35.3,後方,7,5,9,新潟,D,1200,稍,9,8,１勝ｸﾗｽ,38.9,中団,2,4,26,福島,D,1150,良,9,6,１勝ｸﾗｽ,36.5,後方,2,4,11,福島,D,1150,良,4,5,１勝ｸﾗｽ,37.3,差し,7,2,22,小倉,D,1000,良,6,3,１勝ｸﾗｽ,35.4,後方,9
6,,9,,,,,ドラムメジャー,,牝,3,2,7,5,小倉,T,1200,重,1,2,未勝利,36.6,逃げ,連,6,28,小倉,T,1200,良,7,2,未勝利,35.9,逃げ,9,4,26,京都,T,1200,良,12,4,未勝利,35.1,逃げ,9,2,22,小倉,T,1200,良,9,3,未勝利,35.7,先行,3,2,1,小倉,T,1200,良,2,1,新馬,34.7,逃げ,初
6,,10,,,,,プルミエールパス,,牝,5,2,7,4,小倉,D,1000,不,3,8,１勝ｸﾗｽ,34.9,先行,8,5,10,新潟,D,1200,良,12,7,１勝ｸﾗｽ・牝,38.7,先行,3,4,18,福島,D,1150,良,3,4,１勝ｸﾗｽ・牝,36.8,先行,5,3,14,中京,D,1200,良,4,5,１勝ｸﾗｽ,37.1,先行,2,2,28,小倉,D,1000,不,3,6,１勝ｸﾗｽ,35.4,先行,11
7,,11,,,,,スレッドザニードル,,牡,4,3,6,27,小倉,T,1200,稍,6,5,１勝ｸﾗｽ,34.8,ﾏｸﾘ,3,6,6,阪神,D,1400,良,10,13,１勝ｸﾗｽ,37.8,後方,29,11,16,京都,D,1200,良,5,10,１勝ｸﾗｽ,36.0,中団,9,9,14,阪神,D,1200,良,4,12,１勝ｸﾗｽ,36.5,差し,4,8,16,中京,D,1200,良,12,12,１勝ｸﾗｽ,37.3,中団,14
7,B,12,,,,,ジャンシ,,牡,3,19,3,7,阪神,D,1200,稍,10,12,１勝ｸﾗｽ*,39.4,後方,11,12,21,中京,D,1400,稍,16,15,寒椿賞･1勝*,40.6,中団,3,11,30,京都,D,1200,良,1,3,未勝利*,37.4,先行,2,11,16,福島,D,1150,良,3,4,未勝利*,37.6,先行,7,9,27,阪神,T,1200,良,13,6,未勝利*,35.0,後方,7
8,,13,,,,,ミヤフロント,,牝,3,2,7,4,小倉,D,1000,不,7,2,１勝ｸﾗｽ,35.3,先行,6,5,23,新潟,T,1000,稍,4,11,はやぶさ･1勝,33.7,差し,14,2,14,小倉,D,1000,良,1,4,未勝利,36.6,先行,2,1,31,小倉,D,1000,良,4,10,未勝利,36.1,追込,7,12,13,阪神,T,1200,良,11,8,未勝利*,36.0,先行,2
8,,14,,,,,ミヤラティーニ,,牝,3,2,7,4,小倉,D,1000,不,8,9,１勝ｸﾗｽ,34.9,中団,8,5,9,京都,D,1200,良,10,12,１勝ｸﾗｽ*,36.9,後方,3,4,19,阪神,D,1200,良,10,14,１勝ｸﾗｽ*,37.1,中団,17,12,20,中京,D,1200,稍,1,1,未勝利*,37.8,先行,10,10,11,京都,D,1200,良,4,12,未勝利*,37.1,追込,8
レースID(新),日付S,曜日,場所,開催,R,レース名,クラス名,芝・ダート,距離,コース区分,コーナー回数,馬場状態(暫定),天候(暫定),フルゲート頭数,発走時刻,性別限定,重量種別,年齢限定
2026071910020809,2026.7.19,日,小倉,2小8,9,不知火特別,2勝,芝,1800,A,4,良(暫定),晴(暫定),16,14:35,,定量,３上
枠番,B,番,印,M2,M3,M4,馬名S,Ｃ,性別,年齢,間隔,月,日,場所,TD,距離,馬場状態,着順,人気,ﾚｰｽ名･1走前,上り3F,決手,前走間隔,月,日,場所,TD,距離,馬場状態,着順,人気,ﾚｰｽ名･2走前,上り3F,決手,前走間隔,月,日,場所,TD,距離,馬場状態,着順,人気,ﾚｰｽ名･3走前,上り3F,決手,前走間隔,月,日,場所,TD,距離,馬場状態,着順,人気,ﾚｰｽ名･4走前,上り3F,決手,前走間隔,月,日,場所,TD,距離,馬場状態,着順,人気,ﾚｰｽ名･5走前,上り3F,決手,前走間隔
1,,1,,,,,キーウェーブ,,牡,5,8,5,24,京都,T,1800,良,7,10,聖護院特･2勝,33.7,後方,9,3,21,中山,T,1800,良,14,14,館山特Ｈ･2勝,34.8,中団,6,2,7,小倉,T,1800,稍,6,12,ＲＫＢ賞･2勝,35.4,中団,11,11,23,京都,T,1600,良,9,13,花見小Ｈ･2勝,33.9,後方,13,8,23,中京,T,1600,良,12,10,有松特別･2勝,33.8,後方,5
2,,2,,,,,ヤマニンループ,,牡,7,13,4,19,阪神,T,2000,良,4,5,蓬莱峡特･2勝,34.7,差し,3,3,28,中山,T,2000,稍,9,7,２勝ｸﾗｽ,34.9,後方,4,2,28,小倉,T,2000,稍,7,8,別府特別･2勝,36.5,後方,3,2,7,小倉,T,1800,稍,9,6,ＲＫＢ賞･2勝,35.4,後方,21,9,14,阪神,T,2000,良,4,3,能勢特別･2勝,33.9,追込,2
3,,3,,,,,タンテドヴィーヴル,,牡,4,11,5,3,京都,T,2000,良,1,1,１勝ｸﾗｽ,34.1,逃げ,2,4,19,福島,T,1800,良,1,2,１勝ｸﾗｽ,34.9,差し,12,1,25,京都,T,1800,良,2,5,１勝ｸﾗｽ,34.8,先行,4,12,27,阪神,T,1800,良,5,6,１勝ｸﾗｽ,34.1,中団,7,11,9,京都,T,1400,重,7,6,１勝ｸﾗｽ,35.3,先行,3
4,,4,,,,,モアニ,,牝,5,4,6,20,阪神,T,1600,稍,3,7,舞子特Ｈ･2勝,33.2,追込,8,4,25,福島,T,1800,良,1,7,１勝ｸﾗｽ・牝,34.7,追込,4,3,29,中京,T,2200,良,13,11,１勝ｸﾗｽ,35.1,後方,5,2,21,小倉,T,1800,良,9,9,１勝ｸﾗｽ・牝,35.4,後方,23,9,14,阪神,T,1600,良,11,11,１勝ｸﾗｽ・牝,33.7,中団,5
5,,5,,,,,ハイディージェン,,セ,5,6,6,7,阪神,T,1800,稍,6,6,三木特別･2勝,34.9,逃げ,3,5,17,新潟,T,2000,良,8,16,信濃川特･2勝,34.5,先行,4,4,19,阪神,T,2000,良,9,9,蓬莱峡特･2勝,36.6,先行,2,4,5,阪神,T,1800,稍,11,9,２勝ｸﾗｽ,35.5,後方,34,8,9,札幌,T,2000,稍,止,7,藻岩山特･2勝,----,,13
6,,6,,,,,ゼンノインヴォーク,,セ,7,3,6,27,小倉,T,2000,稍,6,2,八代特別･1勝,34.9,後方,9,4,26,福島,T,2000,良,2,6,飯盛山特･1勝,34.8,追込,8,3,1,小倉,T,2000,良,3,6,唐戸特別･1勝,34.6,追込,連,2,22,小倉,T,2000,良,4,4,１勝ｸﾗｽ,35.4,追込,3,1,31,小倉,T,2000,良,8,4,１勝ｸﾗｽ,36.1,先行,9
7,,7,,,,,クスクス,,牝,5,8,5,24,京都,T,1800,良,6,6,聖護院特･2勝,34.4,逃げ,2,5,9,京都,T,1600,良,3,7,久御山特･2勝,34.7,逃げ,2,4,25,京都,T,1600,良,11,6,２勝ｸﾗｽ,36.5,先行,12,2,1,京都,T,1600,良,4,4,２勝ｸﾗｽ,34.0,逃げ,8,12,7,中京,T,1600,良,12,8,志摩特Ｈ･2勝,34.9,先行,2
8,,8,,,,,ユメハハテシナク,,牡,6,6,6,7,阪神,T,1800,稍,3,5,三木特別･2勝,34.3,先行,4,5,9,京都,T,1600,良,8,6,久御山特･2勝,35.1,中団,2,4,25,京都,T,1600,良,6,9,２勝ｸﾗｽ,35.0,中団,19,12,13,中京,D,1800,良,16,14,鳴海特別･2勝,38.8,先行,7,10,25,新潟,D,1800,良,14,11,菅名岳特･2勝,39.0,後方,7
レースID(新),日付S,曜日,場所,開催,R,レース名,クラス名,芝・ダート,距離,コース区分,コーナー回数,馬場状態(暫定),天候(暫定),フルゲート頭数,発走時刻,性別限定,重量種別,年齢限定
2026071910020810,2026.7.19,日,小倉,2小8,10,宮崎Ｓ,3勝,ダート,1700,,4,稍(暫定),晴(暫定),16,15:10,,ﾊﾝﾃﾞ,３上
枠番,B,番,印,M2,M3,M4,馬名S,Ｃ,性別,年齢,間隔,月,日,場所,TD,距離,馬場状態,着順,人気,ﾚｰｽ名･1走前,上り3F,決手,前走間隔,月,日,場所,TD,距離,馬場状態,着順,人気,ﾚｰｽ名･2走前,上り3F,決手,前走間隔,月,日,場所,TD,距離,馬場状態,着順,人気,ﾚｰｽ名･3走前,上り3F,決手,前走間隔,月,日,場所,TD,距離,馬場状態,着順,人気,ﾚｰｽ名･4走前,上り3F,決手,前走間隔,月,日,場所,TD,距離,馬場状態,着順,人気,ﾚｰｽ名･5走前,上り3F,決手,前走間隔
1,,1,,,,,ジューンエオス,,牝,4,3,6,27,小倉,D,1700,重,3,4,薩摩Ｓ･3勝,37.1,先行,14,3,21,中山,D,1800,良,11,9,韓国馬事･3勝,37.9,後方,3,2,28,小倉,D,1700,重,1,5,早鞆特Ｈ･2勝,37.6,先行,9,12,28,中山,D,1800,良,12,5,ハッピー･2勝,43.3,逃げ,3,12,7,阪神,D,1800,良,12,1,豊中特別･2勝,40.3,中団,20
1,,2,,,,,メイショウシナノ,,牡,6,4,6,21,阪神,D,1800,重,9,11,姫路Ｓ･3勝,37.9,後方,5,5,16,京都,D,1900,良,7,12,上賀茂Ｓ･3勝,36.0,後方,9,3,15,阪神,D,1800,良,4,6,甲南ＳＨ･3勝,36.9,追込,3,2,21,小倉,D,1700,良,3,5,小倉城Ｓ･3勝,36.5,追込,2,2,7,小倉,D,1700,良,7,9,豊前ＳＨ･3勝,36.7,後方,2
2,,3,,,,,ダノンスウィッチ,,牡,5,7,5,31,東京,D,1600,良,8,8,ＡＲＦ杯･3勝,37.4,後方,8,4,5,阪神,D,1400,重,13,6,天満橋Ｓ･3勝,37.7,先行,11,1,17,京都,D,1400,良,13,5,羅生門Ｓ･3勝,37.4,先行,4,12,21,阪神,D,1400,重,2,6,御影Ｓ･3勝,36.2,差し,4,11,23,京都,D,1400,良,10,4,レジェン･3勝,36.9,先行,9
2,B,4,,,,,グランキングオー,,牡,4,3,6,27,小倉,D,1700,重,12,11,薩摩Ｓ･3勝,38.5,中団,9,4,26,福島,D,1700,良,1,5,尾瀬特別･2勝,38.5,先行,11,2,8,小倉,D,1700,良,8,8,由布院特･2勝,39.4,先行,2,1,25,小倉,D,1700,良,13,7,響灘特別･2勝,38.2,先行,9,11,23,京都,D,1800,良,8,7,２勝ｸﾗｽ,37.3,逃げ,2
3,,5,,,,,テーオールビー,,牝,5,3,6,27,小倉,D,1700,重,6,13,薩摩Ｓ･3勝,37.4,中団,8,5,3,京都,D,1400,稍,11,9,東大路Ｈ･3勝,38.0,中団,6,3,21,中山,D,1800,良,7,11,韓国馬事･3勝,38.2,先行,4,2,21,小倉,D,1700,良,9,10,小倉城Ｓ･3勝,38.5,先行,14,11,15,福島,D,1700,良,1,5,西郷特Ｈ･2勝,37.1,逃げ,3
3,B,6,,,,,カミノレアル,,牡,4,7,5,30,京都,D,1800,良,6,11,桃山ＳＨ･3勝,35.8,中団,20,1,12,京都,D,1800,良,14,6,雅ＳＨ･3勝,37.6,中団,8,11,16,京都,D,1800,良,12,6,天橋立Ｈ･3勝,38.4,中団,8,9,20,阪神,D,1800,良,1,4,２勝ｸﾗｽ,37.6,差し,4,8,23,中京,D,1800,良,1,1,１勝ｸﾗｽ,38.3,先行,13
4,B,7,,,,,プロミシングスター,,牡,5,3,6,27,小倉,D,1700,重,10,10,薩摩Ｓ･3勝,38.0,中団,2,6,14,阪神,D,1200,重,13,8,リボンＨ･3勝,37.1,中団,7,4,25,京都,D,1800,稍,9,8,観月橋Ｓ･3勝,37.4,後方,18,12,21,阪神,D,1400,重,11,2,御影Ｓ･3勝,37.7,先行,4,11,23,京都,D,1400,良,5,3,レジェン･3勝,36.3,中団,5
4,B,8,,,,,モズカトレア,,牝,4,11,5,2,新潟,D,1800,重,14,2,三条Ｓ･3勝,42.4,後方,13,1,31,京都,D,1800,良,9,2,舞鶴Ｓ･3勝,38.6,逃げ,3,1,10,京都,D,1800,良,1,1,出町特別･2勝,37.5,逃げ,9,11,9,京都,D,1800,重,2,1,２勝ｸﾗｽ・牝,36.9,先行,7,9,21,中山,D,1800,良,2,2,２勝ｸﾗｽ・牝,39.0,先行,2
5,,9,,,,,マッシャーブルム,,牡,5,3,6,27,小倉,D,1700,重,15,8,薩摩Ｓ･3勝,40.1,中団,8,5,3,京都,D,1400,稍,16,5,東大路Ｈ･3勝,39.5,後方,40,7,27,札幌,D,1700,重,5,2,ポプラＳ･3勝,36.7,逃げ,4,6,28,小倉,D,1700,良,2,5,博多Ｓ･3勝,37.3,逃げ,5,5,25,京都,D,1400,重,2,11,高瀬川Ｓ･3勝,36.4,先行,4
5,B,10,,,,,ナヴォーナ,,牡,6,2,7,4,小倉,T,1800,稍,10,12,博多Ｓ･3勝,36.3,中団,30,12,7,阪神,T,1800,良,3,7,元町ＳＨ･3勝,33.2,差し,2,11,23,東京,T,1600,良,6,6,秋色ＳＨ･3勝,34.3,中団,2,11,8,京都,T,1600,良,6,10,清水Ｓ･3勝,33.5,後方,2,10,25,新潟,T,2000,良,14,15,魚沼Ｓ･3勝,34.5,中団,46
6,,11,,,,,メイショウオーロラ,,牝,6,7,5,30,京都,D,1800,良,12,15,桃山ＳＨ･3勝,35.9,後方,9,3,29,中京,D,1900,良,8,14,伊勢ＳＨ･3勝,36.4,後方,2,3,15,阪神,D,1800,良,12,9,甲南ＳＨ･3勝,37.4,後方,6,1,31,京都,D,1800,良,6,10,舞鶴Ｓ･3勝,36.7,後方,12,11,8,東京,D,1600,良,10,10,錦秋Ｓ･3勝,38.3,先行,27
6,,12,,,,,サイモンシュバリエ,,牡,4,8,5,24,京都,D,1800,良,1,1,２勝ｸﾗｽ,37.1,逃げ,2,5,9,京都,D,1800,良,3,4,２勝ｸﾗｽ,36.7,先行,10,2,28,阪神,D,1800,良,1,3,１勝ｸﾗｽ,38.2,逃げ,2,2,15,京都,D,1800,良,4,1,１勝ｸﾗｽ,37.5,先行,5,1,11,京都,D,1800,良,3,1,１勝ｸﾗｽ,37.1,先行,3
7,,13,,,,,レヴァンテシチー,,牡,4,4,6,21,阪神,D,1800,重,7,2,姫路Ｓ･3勝,37.6,後方,7,5,3,京都,D,1800,稍,1,2,六波羅特･2勝,36.8,ﾏｸﾘ,2,4,19,阪神,D,1800,良,1,2,１勝ｸﾗｽ,36.8,先行,4,3,22,中京,D,1800,良,4,1,１勝ｸﾗｽ,36.3,差し,3,2,28,阪神,D,1800,良,2,1,１勝ｸﾗｽ,37.6,差し,2
7,,14,,,,,カルパ,,牡,5,3,6,28,小倉,D,1700,稍,1,8,西部日Ｈ･2勝,37.8,差し,10,4,18,阪神,D,1400,良,6,4,吹田特別･2勝,36.7,逃げ,3,3,29,中京,D,1400,良,3,6,鈴鹿特別･2勝,36.2,差し,3,3,8,阪神,D,1400,良,4,7,２勝ｸﾗｽ,36.9,差し,8,1,11,京都,D,1400,良,7,6,２勝ｸﾗｽ,37.0,中団,11
8,,15,,,,,インザモーメント,,セ,5,28,1,4,京都,T,2000,良,9,5,寿Ｓ･3勝,34.1,後方,6,11,22,京都,T,2400,良,14,6,比叡Ｓ･3勝,36.3,先行,25,5,31,京都,D,1900,良,7,5,桃山ＳＨ･3勝,36.6,中団,5,4,27,京都,T,1800,良,9,2,センテＨ･3勝,33.8,中団,7,3,9,中山,T,2500,稍,8,2,湾岸Ｓ･3勝,38.7,先行,5
8,,16,,,,,アレナパラシオ,,牡,5,3,6,27,小倉,D,1700,重,4,6,薩摩Ｓ･3勝,37.2,先行,4,5,30,京都,D,1800,良,2,14,桃山ＳＨ･3勝,35.8,逃げ,27,11,24,福島,D,1700,良,止,11,奥羽Ｓ･3勝,----,,2,11,9,福島,D,1700,良,1,12,河北新報･2勝,37.8,逃げ,18,7,5,小倉,D,1700,良,8,5,ターフオ･2勝,38.5,先行,10
レースID(新),日付S,曜日,場所,開催,R,レース名,クラス名,芝・ダート,距離,コース区分,コーナー回数,馬場状態(暫定),天候(暫定),フルゲート頭数,発走時刻,性別限定,重量種別,年齢限定
2026071910020811,2026.7.19,日,小倉,2小8,11,農林水産省賞典小倉記念,Ｇ３,芝,2000,A,4,良(暫定),晴(暫定),18,15:45,,ﾊﾝﾃﾞ,３上
枠番,B,番,印,M2,M3,M4,馬名S,Ｃ,性別,年齢,間隔,月,日,場所,TD,距離,馬場状態,着順,人気,ﾚｰｽ名･1走前,上り3F,決手,前走間隔,月,日,場所,TD,距離,馬場状態,着順,人気,ﾚｰｽ名･2走前,上り3F,決手,前走間隔,月,日,場所,TD,距離,馬場状態,着順,人気,ﾚｰｽ名･3走前,上り3F,決手,前走間隔,月,日,場所,TD,距離,馬場状態,着順,人気,ﾚｰｽ名･4走前,上り3F,決手,前走間隔,月,日,場所,TD,距離,馬場状態,着順,人気,ﾚｰｽ名･5走前,上り3F,決手,前走間隔
1,,1,,,,,ゼンダンハヤブサ,,牡,4,5,6,14,阪神,T,1600,良,5,11,花のみち･3勝,33.7,中団,4,5,17,京都,T,1600,良,5,7,錦ＳＨ･3勝,32.7,中団,4,4,19,阪神,T,1600,良,5,9,立雲峡Ｓ･3勝,33.7,後方,8,2,22,阪神,T,1600,良,1,6,天神橋Ｈ･2勝,32.9,追込,2,2,7,小倉,T,1800,稍,12,1,ＲＫＢ賞･2勝,36.9,中団,13
1,,2,,,,,タガノアビー,,牝,4,8,5,23,京都,T,2000,良,1,3,シドニー･3勝,33.6,追込,8,3,28,中京,T,1600,良,13,2,マレーシ･3勝,34.5,後方,9,1,25,京都,T,2000,良,1,1,２勝ｸﾗｽ・牝,34.9,差し,19,9,14,阪神,T,1800,良,外,--,ローズＳG2,----,,4,8,16,中京,T,2000,良,2,1,長久手特･2勝,33.5,差し,12
2,,3,,,,,ナムラエイハブ,,牡,5,5,6,13,東京,T,1800,良,9,6,ジューン,34.5,先行,3,5,24,京都,T,1800,良,7,4,都大路Ｈ(L),35.5,先行,11,3,8,阪神,T,1800,良,8,4,大阪城Ｓ(L),35.5,先行,2,2,22,小倉,T,1800,良,4,5,小倉大賞ＨG3,35.1,先行,11,12,6,阪神,T,1800,良,9,5,鳴尾記念G3,35.3,先行,6
2,,4,,,,,コパノサントス,,牡,6,8,5,24,京都,T,1800,良,10,13,都大路Ｈ(L),34.1,後方,2,5,10,東京,T,2400,良,12,11,メトロポ(L),37.8,先行,59,3,23,阪神,T,3000,良,10,8,阪神大賞G2,37.6,中団,4,2,22,東京,T,3400,良,9,7,ダイヤモＨG3,36.6,中団,17,10,27,京都,T,3000,良,1,3,古都Ｓ･3勝,34.0,先行,4
3,,5,,,,,エヒト,,牡,9,11,5,3,京都,T,3200,良,15,11,天皇賞春G1,37.4,中団,5,3,28,中山,T,2500,良,4,10,日経賞G2,35.6,追込,9,1,25,中山,T,2200,良,3,14,アメリカG2,36.6,先行,37,5,10,東京,T,1800,稍,8,15,エプソムG3,35.1,中団,12,2,16,京都,T,2200,稍,7,9,京都記念G2,34.6,中団,3
3,,6,,,,,ガイアメンテ,,牡,5,8,5,24,京都,T,1800,良,1,2,都大路Ｈ(L),34.2,差し,6,4,12,福島,T,2000,良,2,6,福島民報(L),34.7,差し,7,2,22,小倉,T,1800,良,7,8,小倉大賞ＨG3,34.5,後方,7,1,4,京都,T,1600,良,17,2,京都金杯ＨG3,34.2,中団,7,11,16,京都,T,1800,良,1,1,ドンカＨ･3勝,33.5,先行,7
4,,7,,,,,トータルクラリティ,,セ,4,14,4,11,阪神,T,2600,良,12,12,大阪―ハＨ,35.5,後方,7,2,21,東京,T,3400,良,14,14,ダイヤモＨG3,37.5,中団,12,11,30,京都,D,1400,良,14,12,オータム,39.3,後方,9,9,28,阪神,T,1600,良,12,9,ポートア(L),34.2,後方,20,5,11,東京,T,1600,良,18,16,ＮＨＫマG1,37.7,先行,7
4,,8,,,,,サフィラ,,牝,5,9,5,16,新潟,T,2000,良,13,11,新潟大賞ＨG3,34.6,中団,9,3,15,中京,T,2000,良,9,12,金鯱賞G2,33.9,中団,4,2,15,京都,T,2200,良,5,7,京都記念G2,33.9,中団,13,11,16,京都,T,2200,良,7,15,エリザベG1,34.8,後方,5,10,12,東京,T,1800,良,12,7,アイルラG2,33.8,中団,21
5,,9,,,,,ジーティーアダマン,,牡,4,8,5,24,京都,T,1800,良,3,1,都大路Ｈ(L),34.8,差し,10,3,14,阪神,T,1800,良,1,1,難波Ｓ･3勝,33.4,先行,4,2,14,京都,T,2000,良,2,2,飛鳥Ｓ･3勝,35.4,先行,16,10,26,京都,T,3000,稍,18,14,菊花賞G1,42.0,逃げ,6,9,15,中山,T,2200,良,11,4,セントラG2,36.2,逃げ,21
5,B,10,,,,,マイネルメモリー,,牡,6,10,5,10,東京,T,2400,良,8,10,メトロポ(L),34.3,中団,4,4,11,阪神,T,2600,良,10,9,大阪―ハＨ,34.3,後方,9,2,8,小倉,T,2000,良,6,7,小倉日経,34.7,後方,2,1,25,中山,T,2200,良,15,13,アメリカG2,35.8,中団,5,12,21,中山,T,1800,重,10,5,ディセン(L),35.0,後方,5
6,,11,,,,,カネフラ,,牡,6,14,4,11,阪神,T,2600,良,7,8,大阪―ハＨ,33.5,後方,9,2,8,小倉,T,2000,良,5,11,小倉日経,34.8,後方,8,12,13,中京,T,2000,良,17,17,中日新聞ＨG3,33.3,後方,10,10,5,京都,T,2400,稍,11,18,京都大賞G2,34.7,後方,3,9,13,阪神,T,2000,良,12,13,チャレンＨG3,35.1,後方,8
6,,12,,,,,ケイズレーヴ,,牡,4,7,5,28,笠松,D,1400,良,1,5,オグリ,----,差し,5,4,29,笠松,D,1400,良,3,2,飛山濃,----,差し,12,1,29,名古,D,1500,良,7,3,梅見月,----,中団,5,12,25,園田,D,1400,不,5,8,兵庫ゴG3,----,中団,7,11,6,園田,D,1400,良,2,1,楠賞　,----,先行,3
7,,13,,,,,カエルム,,牡,5,4,6,20,阪神,T,2200,重,14,1,ストーＨ･3勝,36.6,先行,15,3,7,中山,T,2500,稍,1,6,潮来特Ｈ･2勝,37.5,逃げ,2,2,21,小倉,T,2600,良,4,5,皿倉山特･2勝,35.4,差し,4,1,24,小倉,T,2600,良,2,2,海の中道･2勝,34.7,先行,10,11,16,福島,T,2600,良,6,5,三陸特別･2勝,35.0,中団,4
7,,14,,,,,ウエストナウ,,牡,5,10,5,10,東京,T,2400,良,1,3,メトロポ(L),33.7,差し,4,4,11,阪神,T,2600,良,2,4,大阪―ハＨ,33.3,先行,14,1,4,中山,T,2000,良,11,10,中山金杯ＨG3,34.8,中団,4,12,6,阪神,T,1800,良,13,6,鳴尾記念G3,35.1,中団,3,11,15,京都,T,2000,良,1,5,アンドロ(L),34.3,差し,5
7,,15,,,,,テーオーソラネル,,牡,7,92,10,13,東京,T,2000,良,15,8,オクトー(L),36.7,先行,47,11,18,京都,T,2000,稍,4,5,アンドＨ(L),34.9,差し,5,10,15,東京,T,2000,重,5,3,オクトー(L),34.6,先行,14,7,9,福島,T,2000,良,10,5,七夕賞ＨG3,35.9,先行,5,6,4,阪神,T,2000,良,1,1,岸和田Ｓ･3勝,33.8,差し,9
8,B,16,,,,,ノーランサンライズ,,牝,4,3,6,27,福島,T,2000,良,8,6,バーデン･3勝,35.5,後方,5,5,23,京都,T,2000,良,11,14,シドニー･3勝,35.0,中団,11,3,8,中山,T,2500,良,16,10,湾岸Ｓ･3勝,39.8,先行,3,2,14,京都,T,2000,良,5,6,飛鳥Ｓ･3勝,35.5,中団,12,11,24,福島,T,1800,良,1,7,五色沼特･2勝,34.8,差し,2
8,,17,,,,,ジョバンニ,,牡,4,12,4,26,香港,T,2000,良,5,--,ＱＥ２G1,----,不明,6,3,15,中京,T,2000,良,2,6,金鯱賞G2,34.5,先行,7,1,25,中山,T,2200,良,7,2,アメリカG2,34.5,後方,13,10,26,京都,T,3000,稍,8,6,菊花賞G1,35.2,後方,5,9,21,阪神,T,2400,良,3,3,神戸新聞G2,33.1,先行,16
8,B,18,,,,,レーゼドラマ,,牝,4,13,4,19,福島,T,1800,良,6,6,福島牝馬G3,35.8,逃げ,6,3,7,中山,T,1800,稍,6,7,中山牝馬ＨG3,36.3,逃げ,4,2,8,小倉,T,2000,良,1,6,小倉日経,35.1,逃げ,16,10,19,京都,T,2000,良,17,15,秋華賞G1,37.6,後方,11,8,3,札幌,T,1800,良,10,3,クイーンG3,35.9,中団,10
レースID(新),日付S,曜日,場所,開催,R,レース名,クラス名,芝・ダート,距離,コース区分,コーナー回数,馬場状態(暫定),天候(暫定),フルゲート頭数,発走時刻,性別限定,重量種別,年齢限定
2026071910020812,2026.7.19,日,小倉,2小8,12,筑紫特別,1勝,芝,1800,A,4,良(暫定),晴(暫定),16,16:30,,定量,３上
枠番,B,番,印,M2,M3,M4,馬名S,Ｃ,性別,年齢,間隔,月,日,場所,TD,距離,馬場状態,着順,人気,ﾚｰｽ名･1走前,上り3F,決手,前走間隔,月,日,場所,TD,距離,馬場状態,着順,人気,ﾚｰｽ名･2走前,上り3F,決手,前走間隔,月,日,場所,TD,距離,馬場状態,着順,人気,ﾚｰｽ名･3走前,上り3F,決手,前走間隔,月,日,場所,TD,距離,馬場状態,着順,人気,ﾚｰｽ名･4走前,上り3F,決手,前走間隔,月,日,場所,TD,距離,馬場状態,着順,人気,ﾚｰｽ名･5走前,上り3F,決手,前走間隔
1,B,1,,,,,アウローラシエル,,牡,6,8,5,24,新潟,T,1800,稍,14,11,二王子特･1勝,36.6,逃げ,8,3,29,中京,T,1600,良,9,11,１勝ｸﾗｽ,34.6,逃げ,8,2,1,小倉,T,1800,良,9,12,１勝ｸﾗｽ・若,34.6,後方,11,11,15,福島,T,1800,良,15,12,土湯温泉･1勝,38.8,中団,12,8,23,新潟,T,1800,良,9,7,１勝ｸﾗｽ,34.9,先行,5
2,,2,,,,,ヴィーナスバブル,,牝,4,連,7,12,小倉,T,1800,良,7,7,１勝ｸﾗｽ・牝,34.8,後方,2,6,28,小倉,T,1800,良,8,8,１勝ｸﾗｽ・牝,35.2,後方,8,5,2,新潟,D,1800,重,11,9,１勝ｸﾗｽ,42.1,後方,3,4,11,阪神,D,1800,重,5,8,１勝ｸﾗｽ・牝,37.7,先行,11,1,24,京都,D,1800,良,8,8,１勝ｸﾗｽ,37.2,中団,2
3,B,3,,,,,ブリッツアロング,,牡,4,13,4,19,中山,D,1200,良,9,11,１勝ｸﾗｽ,37.1,中団,4,3,21,中山,D,1200,良,6,14,１勝ｸﾗｽ,37.4,中団,8,1,24,中山,D,1200,良,15,15,１勝ｸﾗｽ,40.4,逃げ,13,10,25,新潟,D,1200,良,13,10,１勝ｸﾗｽ,39.4,中団,22,5,24,新潟,T,1000,良,14,12,はやぶさ･1勝,34.5,中団,3
4,,4,,,,,ロングトールサリー,,牝,3,8,5,24,東京,T,2400,良,11,14,優駿牝馬G1,34.4,中団,3,5,2,京都,T,2200,良,7,1,矢車賞･1勝*,34.9,先行,2,4,18,阪神,T,2000,良,消,--,１勝ｸﾗｽ*,----,,8,2,22,阪神,T,2000,良,1,1,未勝利,35.4,逃げ,11,12,6,中京,T,2000,良,2,1,未勝利*,34.6,逃げ,3
5,B,5,,,,,フレイムスター,,牡,3,6,6,6,阪神,T,1800,良,5,5,城崎特別･1勝,34.7,逃げ,2,5,23,東京,D,1600,重,5,4,１勝ｸﾗｽ*,36.4,逃げ,8,3,28,阪神,T,1800,良,5,7,毎日杯G3,34.2,逃げ,2,3,15,中山,T,1800,良,16,14,スプリンG2,38.2,逃げ,6,2,1,東京,T,1800,良,6,11,セントポ･1勝,34.1,逃げ,3
6,,6,,,,,オーシンエス,,牡,4,6,6,6,阪神,T,2200,良,9,8,１勝ｸﾗｽ,35.2,後方,3,5,17,京都,T,2000,良,3,3,１勝ｸﾗｽ,34.9,差し,7,3,28,中京,T,2000,良,9,7,１勝ｸﾗｽ,33.9,中団,7,2,7,小倉,T,2000,稍,13,5,戸畑特別･1勝,39.6,中団,23,8,30,中京,T,2000,良,5,3,１勝ｸﾗｽ,33.8,中団,8
7,,7,,,,,ミッキージャンプ,,牡,3,9,5,16,京都,T,2000,良,2,5,あずさ賞･1勝,34.6,逃げ,2,5,3,東京,T,2000,良,7,11,プリンシ(L),34.6,先行,7,3,14,中京,T,2000,良,1,3,未勝利,35.0,逃げ,3,2,22,阪神,T,2000,良,3,4,未勝利,36.0,先行,11,12,6,阪神,D,1800,良,6,11,未勝利*,38.5,中団,3
8,,8,,,,,グラスベルグ,,牝,3,13,4,19,福島,T,2000,良,1,3,未勝利,36.0,差し,21,11,24,東京,T,1600,良,5,2,新馬・牝,34.2,中団,初,,,,,,,,,,,,,,,,,,,,,,,,,,,,,,,,,,,,
8,,9,,,,,ゼットエイト,,牡,4,連,7,11,小倉,T,1800,良,5,12,１勝ｸﾗｽ,35.8,後方,13,4,11,福島,T,1800,良,10,10,浄土平特･1勝,36.1,後方,7,2,22,小倉,T,1800,良,9,10,高千穂特･1勝,35.0,後方,連,2,15,小倉,T,2000,稍,10,10,１勝ｸﾗｽ,36.2,先行,9,12,14,中京,D,1800,稍,7,7,大須特別･1勝,40.3,後方,3
