年月日,馬名,Time1,Time2,Time3,Time4,Lap4,Lap3,Lap2,Lap1
20260606,ルガル,58.6,41.8,26.1,12.7,16.8,15.7,13.4,12.7
20260606,ニューオーリンズ,58.6,41.9,26.9,13.3,16.7,15.0,13.6,13.3
20260606,シュガークン,51.2,36.5,24.0,12.3,14.7,12.5,11.7,12.3
20260606,ナムラエイハブ,52.9,37.8,24.5,12.1,15.1,13.3,12.4,12.1
20260606,タガノアルトゥーラ,54.4,39.7,25.3,12.4,14.7,14.4,12.9,12.4
20260606,ジュンドラドラ,51.0,36.5,24.0,12.1,14.5,12.5,11.9,12.1
20260606,エルダークローネ,65.7,46.2,29.7,14.2,19.5,16.5,15.5,14.2
20260606,レイワサンサン,67.8,48.9,31.6,15.5,18.9,17.3,16.1,15.5
20260606,ガウラディスコ,63.7,46.6,30.8,15.3,17.1,15.8,15.5,15.3
20260606,アンジュプロミス,66.2,47.9,31.2,15.7,18.3,16.7,15.5,15.7
20260606,モチモチチャン,66.3,47.1,30.9,15.3,19.2,16.2,15.6,15.3
20260606,ラッキーシグネチャ,69.5,50.9,33.5,16.8,18.6,17.4,16.7,16.8
20260606,サンセットゴールド,65.2,47.7,31.7,16.1,17.5,16.0,15.6,16.1
20260606,エイシンリーガル,70.2,51.6,34.1,17.0,18.6,17.5,17.1,17.0
20260606,カスタニッチャ,69.7,50.7,33.3,16.7,19.0,17.4,16.6,16.7
20260606,リヒトミューレ,67.1,50.1,33.2,16.5,17.0,16.9,16.7,16.5
20260606,ラッキーストーン,66.5,48.4,31.9,16.1,18.1,16.5,15.8,16.1
20260606,エングルマン,66.7,47.7,31.2,15.5,19.0,16.5,15.7,15.5
20260606,アメリカンサクラ,67.1,48.9,32.2,16.0,18.2,16.7,16.2,16.0
20260606,アークレオン,70.2,51.0,33.5,16.7,19.2,17.5,16.8,16.7
20260606,タッチャブル,65.8,48.1,32.0,15.6,17.7,16.1,16.4,15.6
20260606,ダイアナクイーン,68.3,49.6,32.6,15.9,18.7,17.0,16.7,15.9
20260606,アンビアンス,76.3,55.0,35.8,17.9,21.3,19.2,17.9,17.9
20260606,マーゴットデイズ,72.1,52.7,34.9,17.3,19.4,17.8,17.6,17.3
20260606,ポペット,68.1,49.3,32.2,15.8,18.8,17.1,16.4,15.8
20260606,ステインアライヴ,68.5,50.9,33.7,16.7,17.6,17.2,17.0,16.7
20260606,ココプレミア,69.7,51.2,33.7,16.4,18.5,17.5,17.3,16.4
20260606,シルバーリム,65.9,49.1,32.9,14.9,16.8,16.2,18.0,14.9
20260606,ヤマニンイハナ,70.9,51.1,33.5,16.8,19.8,17.6,16.7,16.8
20260606,ニシノフランケン,72.9,52.4,34.3,16.5,20.5,18.1,17.8,16.5
20260606,アニージョ,79.1,56.5,36.7,17.8,22.6,19.8,18.9,17.8
20260606,セディバン,78.4,55.9,35.7,17.2,22.5,20.2,18.5,17.2
20260606,ワンダーミューズ,67.0,48.6,31.9,15.7,18.4,16.7,16.2,15.7
20260606,グレーヌドジョワ,66.2,48.5,31.1,15.0,17.7,17.4,16.1,15.0
20260606,ゲレイロ,66.9,49.6,32.3,15.8,17.3,17.3,16.5,15.8
20260606,エイシンウィスパー,67.7,50.0,33.2,16.4,17.7,16.8,16.8,16.4
20260606,サンライズアムール,64.1,46.6,30.1,14.9,17.5,16.5,15.2,14.9
20260606,カエルム,65.9,47.8,31.3,15.5,18.1,16.5,15.8,15.5
20260606,ヴェロシア,69.8,51.3,33.3,16.2,18.5,18.0,17.1,16.2
20260606,ファイアプレイス,66.3,48.0,31.4,15.6,18.3,16.6,15.8,15.6
20260606,コズミックフレア,75.7,54.4,35.7,17.3,21.3,18.7,18.4,17.3
20260606,タガノプディング,67.2,48.6,32.2,16.1,18.6,16.4,16.1,16.1
20260606,サマーブリザード,73.0,52.8,34.4,17.1,20.2,18.4,17.3,17.1
20260606,メイショウルーク,63.3,45.3,29.4,14.7,18.0,15.9,14.7,14.7
20260606,スカイストライプス,70.3,50.5,32.7,16.2,19.8,17.8,16.5,16.2
20260606,ﾍﾟﾌﾟﾁﾄﾞｻｸﾗの24,69.7,51.5,34.5,17.7,18.2,17.0,16.8,17.7
20260606,ソリドゥス,64.0,48.2,32.3,16.3,15.8,15.9,16.0,16.3
20260606,バレエマスター,66.9,48.9,32.8,16.5,18.0,16.1,16.3,16.5
20260606,サンライズプルート,68.7,49.6,32.6,16.5,19.1,17.0,16.1,16.5
20260606,ロードオールライト,66.1,47.3,30.4,14.7,18.8,16.9,15.7,14.7
20260606,アスクコモンタレヴ,67.7,49.1,32.0,15.7,18.6,17.1,16.3,15.7
20260606,ブレスドナイル,69.9,50.6,33.1,16.1,19.3,17.5,17.0,16.1
20260606,ハピネスサンライズ,66.3,48.4,31.7,15.8,17.9,16.7,15.9,15.8
20260606,プロスト,67.9,48.9,32.0,15.6,19.0,16.9,16.4,15.6
20260606,ヴァンロゼ,70.4,52.9,34.9,17.0,17.5,18.0,17.9,17.0
20260606,タガノラヴズワン,69.8,49.3,32.1,15.4,20.5,17.2,16.7,15.4
20260606,ムスクレスト,71.1,51.1,33.3,17.1,20.0,17.8,16.2,17.1
20260606,ハイディージェン,71.4,51.8,34.2,17.2,19.6,17.6,17.0,17.2
20260606,エンジョイドライブ,74.0,51.6,32.8,15.7,22.4,18.8,17.1,15.7
20260606,ブライトベリル,67.3,50.0,32.8,16.4,17.3,17.2,16.4,16.4
20260606,ブルーザー,68.3,48.8,31.3,15.6,19.5,17.5,15.7,15.6
20260606,ルーメンルーナエ,65.5,48.8,32.0,15.5,16.7,16.8,16.5,15.5
20260606,ダイナマイク,67.9,49.8,33.2,16.6,18.1,16.6,16.6,16.6
20260606,リッケンバッカー,69.6,49.7,32.2,16.1,19.9,17.5,16.1,16.1
20260606,エンヤラヴフェイス,69.6,50.9,33.9,16.7,18.7,17.0,17.2,16.7
20260606,ゴールドアーチ,69.7,50.9,33.8,17.0,18.8,17.1,16.8,17.0
20260606,リノルアナ,67.1,48.2,31.0,15.1,18.9,17.2,15.9,15.1
20260606,メイショウテンク,80.0,58.1,38.7,19.1,21.9,19.4,19.6,19.1
20260606,ミスティックレイン,69.8,50.5,32.9,15.9,19.3,17.6,17.0,15.9
20260606,インペリアルライツ,67.4,48.7,32.1,15.6,18.7,16.6,16.5,15.6
20260606,レゾルーティオ,67.6,49.0,31.9,15.4,18.6,17.1,16.5,15.4
20260606,ロードラディウス,72.5,53.6,35.7,18.1,18.9,17.9,17.6,18.1
20260606,フライングブレード,68.2,50.4,32.9,16.6,17.8,17.5,16.3,16.6
20260606,キングツェッペリン,71.9,53.1,34.8,17.5,18.8,18.3,17.3,17.5
20260606,メイショウセンドウ,69.9,50.8,33.6,16.8,19.1,17.2,16.8,16.8
20260606,メイショウツキヨ,68.7,50.3,33.4,16.5,18.4,16.9,16.9,16.5
20260606,ジュディーイメル,50.3,36.7,24.4,12.4,13.6,12.3,12.0,12.4
20260606,マコトブリッツ,69.1,50.5,33.4,16.6,18.6,17.1,16.8,16.6
20260606,グレートキリシマ,66.9,48.8,32.5,16.2,18.1,16.3,16.3,16.2
20260606,シグレ,50.7,37.0,24.6,12.5,13.7,12.4,12.1,12.5
20260606,タカモリ,64.9,47.3,31.6,15.8,17.6,15.7,15.8,15.8
20260606,チリーゴールド,66.5,47.6,30.9,15.3,18.9,16.7,15.6,15.3
20260606,クリコファルコン,71.8,51.6,34.3,17.4,20.2,17.3,16.9,17.4
20260606,ホッコームジカ,72.5,51.6,33.9,16.9,20.9,17.7,17.0,16.9
20260606,コニーアイランド,71.7,51.6,33.5,16.4,20.1,18.1,17.1,16.4
20260606,クリコキアナ,71.3,51.4,33.5,17.2,19.9,17.9,16.3,17.2
20260606,メイショウタイゲイ,74.3,56.2,37.2,18.3,18.1,19.0,18.9,18.3
20260606,テラステラ,65.7,48.7,32.4,16.3,17.0,16.3,16.1,16.3
20260606,クリコイーコ,65.5,48.9,32.7,16.8,16.6,16.2,15.9,16.8
20260606,テイケイウェリナ,65.7,47.4,31.0,15.3,18.3,16.4,15.7,15.3
20260606,スウィートリワード,66.5,48.5,31.9,15.8,18.0,16.6,16.1,15.8
20260606,エイユーファイヤー,68.0,49.5,32.1,16.0,18.5,17.4,16.1,16.0
20260606,ヒーローインチーフ,56.4,39.2,24.6,11.9,17.2,14.6,12.7,11.9
20260606,ストラテージュ,66.8,49.0,32.6,16.9,17.8,16.4,15.7,16.9
20260606,ロスニーニョス,65.8,47.8,31.3,15.5,18.0,16.5,15.8,15.5
20260606,グランピアン,66.9,48.2,31.6,15.7,18.7,16.6,15.9,15.7
20260606,セールヴォラン,68.5,49.5,32.4,15.7,19.0,17.1,16.7,15.7
20260606,トウカイポワール,68.8,50.3,32.6,15.8,18.5,17.7,16.8,15.8
20260606,ホルトバージ,67.5,47.7,31.7,15.8,19.8,16.0,15.9,15.8
20260606,ダガーリング,67.5,48.6,31.7,15.1,18.9,16.9,16.6,15.1
20260606,コスモストーム,67.9,49.2,32.5,16.0,18.7,16.7,16.5,16.0
20260606,フララナキラ,71.0,51.2,33.3,15.8,19.8,17.9,17.5,15.8
20260606,ハリーケーン,70.8,52.1,34.0,16.7,18.7,18.1,17.3,16.7
20260606,ストップヤーニング,68.4,49.7,32.9,16.4,18.7,16.8,16.5,16.4
20260606,ゴールデンテティス,70.8,51.2,33.4,16.4,19.6,17.8,17.0,16.4
20260606,キタノハイテイル,68.7,49.7,33.0,16.6,19.0,16.7,16.4,16.6
20260606,フルドフォルク,70.9,52.1,34.3,17.4,18.8,17.8,16.9,17.4
20260606,コスモレッド,68.5,50.3,32.7,16.0,18.2,17.6,16.7,16.0
20260606,キタノレクレドール,71.7,51.9,33.9,16.5,19.8,18.0,17.4,16.5
20260606,レジェルテ,67.7,48.8,32.0,15.5,18.9,16.8,16.5,15.5
20260606,ジュエルシップ,70.5,51.2,33.3,15.9,19.3,17.9,17.4,15.9
20260606,ヨッシーフレアー,71.8,52.2,34.0,16.0,19.6,18.2,18.0,16.0
20260606,レッドリベルタ,64.5,46.8,31.2,15.7,17.7,15.6,15.5,15.7
20260606,アスクヴォルテージ,68.6,50.5,33.8,16.8,18.1,16.7,17.0,16.8
20260606,ルージュソリテール,69.4,50.3,33.3,16.6,19.1,17.0,16.7,16.6
20260606,フルムーン,65.0,47.3,31.2,15.6,17.7,16.1,15.6,15.6
20260606,ダノンオブアイデア,66.9,49.1,32.5,16.1,17.8,16.6,16.4,16.1
20260606,ポリキポリキ,64.1,45.5,29.4,14.5,18.6,16.1,14.9,14.5
20260606,フォルトナレガーロ,72.8,52.9,34.4,17.0,19.9,18.5,17.4,17.0
20260606,ドラゴンテイラー,87.0,62.7,40.7,20.3,24.3,22.0,20.4,20.3
20260606,ロングホリデー,66.8,48.6,32.9,16.8,18.2,15.7,16.1,16.8
20260606,タワーオブバベル,71.1,51.1,32.8,15.9,20.0,18.3,16.9,15.9
20260606,スーパービジー,67.5,49.2,32.6,16.0,18.3,16.6,16.6,16.0
20260606,コワンニシタガウ,66.4,48.2,31.9,16.1,18.2,16.3,15.8,16.1
20260606,ルナフィオーレ,67.0,49.6,32.7,16.0,17.4,16.9,16.7,16.0
20260606,ジャスティンゴッホ,66.5,48.3,32.5,16.5,18.2,15.8,16.0,16.5
20260606,プペアンビスキュイ,66.8,48.5,32.5,16.6,18.3,16.0,15.9,16.6
20260606,ヤマトクオーレ,72.9,52.0,33.9,16.8,20.9,18.1,17.1,16.8
20260606,ヤマトデュノール,70.5,51.3,34.6,17.5,19.2,16.7,17.1,17.5
20260606,フランヴィア,66.9,48.7,30.4,14.6,18.2,18.3,15.8,14.6
20260606,ケイアイセナ,65.0,47.6,31.1,15.0,17.4,16.5,16.1,15.0
20260606,ユメハハテシナク,74.5,52.8,34.3,16.4,21.7,18.5,17.9,16.4
20260606,ヴェロクオーレ,72.2,52.1,33.7,16.0,20.1,18.4,17.7,16.0
20260606,ミッションルース,67.0,48.2,31.1,15.0,18.8,17.1,16.1,15.0
20260606,クインズシャウラ,67.7,49.7,32.4,15.9,18.0,17.3,16.5,15.9
20260606,ビザンチンドリーム,66.6,46.8,30.6,15.3,19.8,16.2,15.3,15.3
20260606,シビルガード,66.3,48.9,31.7,15.1,17.4,17.2,16.6,15.1
20260606,レザーアンドレース,65.9,47.8,31.2,15.3,18.1,16.6,15.9,15.3
20260606,ユイリノベーション,65.9,47.5,31.0,14.9,18.4,16.5,16.1,14.9
20260606,スマートフォルス,65.1,46.9,30.3,14.6,18.2,16.6,15.7,14.6
20260606,テイクザクラウン,63.9,46.3,29.9,14.6,17.6,16.4,15.3,14.6
20260606,アイニードユー,66.5,48.6,31.1,15.2,17.9,17.5,15.9,15.2
20260606,バトルセレーネ,67.0,49.1,31.7,15.3,17.9,17.4,16.4,15.3
20260606,エイシンニケ,67.1,49.1,32.0,15.4,18.0,17.1,16.6,15.4
20260606,エスヴェドラ,67.4,49.5,32.2,15.2,17.9,17.3,17.0,15.2
20260606,サンマルパトロール,69.9,51.6,34.0,16.5,18.3,17.6,17.5,16.5
20260606,キャピタルサックス,66.2,48.0,31.7,15.8,18.2,16.3,15.9,15.8
20260606,リアルスター,70.9,51.1,33.5,16.4,19.8,17.6,17.1,16.4
20260606,アカデミア,66.9,47.6,31.1,15.5,19.3,16.5,15.6,15.5
20260606,オリーブグリーン,64.8,47.5,31.0,15.2,17.3,16.5,15.8,15.2
20260606,ワンダーアンレール,66.3,47.5,30.9,15.3,18.8,16.6,15.6,15.3
20260606,タマモフリージア,69.8,51.4,33.8,16.5,18.4,17.6,17.3,16.5
20260606,リアライズグリント,64.9,47.9,31.1,15.2,17.0,16.8,15.9,15.2
20260606,インドミタビリティ,67.6,50.1,33.1,16.0,17.5,17.0,17.1,16.0
20260606,メイショウテンク,70.2,51.6,34.4,16.4,18.6,17.2,18.0,16.4
20260606,ロードスタニング,66.0,47.7,30.9,15.4,18.3,16.8,15.5,15.4
20260606,ソゲソゲスマイル,69.7,50.5,32.7,16.3,19.2,17.8,16.4,16.3
20260606,エルトンバローズ,67.1,49.0,31.9,15.8,18.1,17.1,16.1,15.8
20260606,スリリングチェイス,67.4,49.6,32.8,16.2,17.8,16.8,16.6,16.2
20260606,ルクスビッグスター,69.6,50.7,33.8,16.9,18.9,16.9,16.9,16.9
20260606,メイショウシナノ,67.8,49.9,33.3,16.9,17.9,16.6,16.4,16.9
20260606,スカイハイ,67.5,49.6,33.1,16.3,17.9,16.5,16.8,16.3
20260606,レディントン,71.1,52.0,34.4,16.9,19.1,17.6,17.5,16.9
20260606,ワンコールアウェイ,68.9,50.3,32.6,16.1,18.6,17.7,16.5,16.1
20260606,ワンダーシャッフル,66.2,48.5,32.0,16.0,17.7,16.5,16.0,16.0
20260606,ワイルドカグラ,66.7,48.4,31.8,15.8,18.3,16.6,16.0,15.8
20260606,シャマレル,65.6,48.2,32.1,15.9,17.4,16.1,16.2,15.9
20260606,ペルセポネ,68.5,49.4,32.3,15.8,19.1,17.1,16.5,15.8
20260606,ピカキウイ,69.6,49.9,33.0,16.5,19.7,16.9,16.5,16.5
20260606,ナミオトノヒビキ,65.7,48.3,32.2,16.0,17.4,16.1,16.2,16.0
20260606,サンダーバース,70.7,50.8,33.7,16.8,19.9,17.1,16.9,16.8
20260606,ファーヴェント,55.3,39.8,25.8,12.3,15.5,14.0,13.5,12.3
20260606,ラヴネヴァーダイズ,64.6,44.9,28.5,13.4,19.7,16.4,15.1,13.4
20260606,シャインロード,69.9,50.7,33.5,16.7,19.2,17.2,16.8,16.7
20260606,ヴィヴァシャス,68.7,50.0,32.5,16.1,18.7,17.5,16.4,16.1
20260606,マティンデ,67.6,49.2,32.5,16.4,18.4,16.7,16.1,16.4
20260606,ワーズワース,69.6,51.1,33.2,15.9,18.5,17.9,17.3,15.9
20260606,ブルーノート,71.0,51.1,32.9,15.8,19.9,18.2,17.1,15.8
20260606,オリーボーレン,69.3,51.2,34.4,17.5,18.1,16.8,16.9,17.5
20260606,タガノバビロン,67.4,49.4,32.2,15.9,18.0,17.2,16.3,15.9
20260606,ミリタリータトゥー,66.8,50.1,33.1,17.2,16.7,17.0,15.9,17.2
20260606,アップターンデイ,66.3,49.6,33.4,17.3,16.7,16.2,16.1,17.3
20260606,ベルセクレト,67.6,51.0,34.4,17.6,16.6,16.6,16.8,17.6
20260606,ハギノサステナブル,76.6,55.5,36.4,18.0,21.1,19.1,18.4,18.0
20260606,カウンティフェア,78.9,56.4,35.9,17.4,22.5,20.5,18.5,17.4
20260606,シャンパンライフ,70.1,51.9,34.2,17.6,18.2,17.7,16.6,17.6
20260606,イリフィ,73.2,52.2,33.9,16.8,21.0,18.3,17.1,16.8
20260606,レーティッシュ,66.8,48.3,31.4,15.1,18.5,16.9,16.3,15.1
20260606,スリーケイ,67.4,49.0,32.2,15.5,18.4,16.8,16.7,15.5
20260606,タイキルッジェーロ,75.4,54.9,36.3,17.9,20.5,18.6,18.4,17.9
20260606,ギフテッドスペック,67.1,49.3,32.0,15.8,17.8,17.3,16.2,15.8
20260606,ギオンバヤシ,66.3,48.7,32.4,16.1,17.6,16.3,16.3,16.1
20260606,ゼルダ,68.4,49.7,32.4,15.8,18.7,17.3,16.6,15.8
20260606,テイエムスティール,69.8,50.7,32.9,15.9,19.1,17.8,17.0,15.9
20260606,サウンドジュテ,65.8,48.6,31.7,15.6,17.2,16.9,16.1,15.6
20260606,ミティリーニ,73.2,53.2,34.7,17.3,20.0,18.5,17.4,17.3
20260606,ムソウテンセイ,66.4,48.4,31.3,15.3,18.0,17.1,16.0,15.3
20260606,インディジャズ,73.9,52.0,33.4,16.3,21.9,18.6,17.1,16.3
20260606,オオキニ,66.7,49.5,32.4,15.9,17.2,17.1,16.5,15.9
20260606,アクートゥス,62.7,46.0,30.1,14.5,16.7,15.9,15.6,14.5
20260606,ベイリークロア,65.3,48.6,31.2,15.4,16.7,17.4,15.8,15.4
20260606,ジーティーウタマロ,64.9,47.2,31.4,15.5,17.7,15.8,15.9,15.5
20260606,メイショウヴィータ,66.2,48.4,31.5,15.2,17.8,16.9,16.3,15.2
20260606,メイショウジェード,66.2,48.4,31.4,15.1,17.8,17.0,16.3,15.1
20260606,ルイスイメル,72.6,53.9,34.7,17.4,18.7,19.2,17.3,17.4
20260606,グレイスオブゴッド,63.8,46.0,29.9,14.9,17.8,16.1,15.0,14.9
20260606,アウトレンジ,64.0,46.6,30.5,14.8,17.4,16.1,15.7,14.8
20260606,ウインリベラシオン,65.7,47.6,31.3,15.3,18.1,16.3,16.0,15.3
20260606,フレッチャアズーラ,66.4,48.6,31.5,15.0,17.8,17.1,16.5,15.0
20260606,シュネープリンセス,64.4,46.3,30.4,15.1,18.1,15.9,15.3,15.1
20260606,テーオーレガシー,75.7,54.8,36.5,18.6,20.9,18.3,17.9,18.6
20260606,アイルシャイン,69.3,51.3,34.4,17.7,18.0,16.9,16.7,17.7
20260606,ダイメイクマモト,67.5,50.3,32.7,16.4,17.2,17.6,16.3,16.4
20260606,トゥインクルピカ,71.4,51.9,33.4,16.6,19.5,18.5,16.8,16.6
20260606,アルジェンタム,70.0,52.2,35.2,17.9,17.8,17.0,17.3,17.9
20260606,オスカーレイア,70.9,51.8,34.0,16.7,19.1,17.8,17.3,16.7
20260606,ルヴァンタドゥール,71.6,52.2,34.3,17.1,19.4,17.9,17.2,17.1
20260606,ﾌﾟﾃｨｯﾄｸﾙｰﾙの24,74.9,54.3,36.5,18.5,20.6,17.8,18.0,18.5
20260606,ウインガラハッド,75.6,54.6,36.3,18.6,21.0,18.3,17.7,18.6
20260606,ラガッタレアーレ,72.6,51.7,33.6,16.6,20.9,18.1,17.0,16.6
20260606,セキトバイースト,67.7,48.7,31.7,15.5,19.0,17.0,16.2,15.5
20260606,メイショウショカツ,67.1,48.9,32.3,16.0,18.2,16.6,16.3,16.0
20260606,ワンダーゾルダート,73.2,53.0,34.2,16.6,20.2,18.8,17.6,16.6
20260606,イクヒロ,68.2,49.4,32.5,16.3,18.8,16.9,16.2,16.3
20260606,オラヴィンリンナ,63.0,46.3,30.8,14.7,16.7,15.5,16.1,14.7
20260606,サガルマータ,69.3,51.2,33.4,16.4,18.1,17.8,17.0,16.4
20260606,ホウオウワイズ,62.6,46.1,30.0,14.7,16.5,16.1,15.3,14.7
20260606,レッドネビュラ,68.0,49.9,33.0,16.2,18.1,16.9,16.8,16.2
20260606,プレゼンティーア,65.9,48.3,31.5,15.5,17.6,16.8,16.0,15.5
20260606,シンヒダカゴールド,66.9,49.0,32.3,15.9,17.9,16.7,16.4,15.9
20260606,ペンテリコン,65.5,46.6,30.1,15.0,18.9,16.5,15.1,15.0
20260606,リラエンブレム,64.9,47.2,30.9,15.1,17.7,16.3,15.8,15.1
20260606,ダンデノン,66.0,47.7,30.7,14.7,18.3,17.0,16.0,14.7
20260606,ブライトエンジェル,65.6,48.5,32.0,16.1,17.1,16.5,15.9,16.1
20260606,タガノアバンドーネ,68.3,50.4,33.1,16.5,17.9,17.3,16.6,16.5
20260606,マーヴィン,66.6,48.2,31.5,15.6,18.4,16.7,15.9,15.6
20260606,ブレイクガール,68.1,49.1,31.9,15.9,19.0,17.2,16.0,15.9
20260606,カルパ,66.4,48.1,30.5,14.8,18.3,17.6,15.7,14.8
20260606,カンシン,68.6,50.5,33.2,16.4,18.1,17.3,16.8,16.4
20260606,ヴァンアグレアブル,67.8,49.7,32.5,16.1,18.1,17.2,16.4,16.1
20260606,フィサブロス,66.7,49.1,32.3,15.9,17.6,16.8,16.4,15.9
20260606,アクシュラ,72.1,52.1,33.3,16.5,20.0,18.8,16.8,16.5
20260606,ノンブルドール,67.1,49.8,33.0,16.9,17.3,16.8,16.1,16.9
20260606,ジョリープリュム,66.5,48.5,31.6,15.7,18.0,16.9,15.9,15.7
20260606,ジーティーアツモリ,65.1,47.3,31.4,15.9,17.8,15.9,15.5,15.9
20260606,ジーティーアンバー,68.1,49.2,31.8,15.7,18.9,17.4,16.1,15.7
20260606,マテンロウジョイ,65.9,47.8,30.6,15.2,18.1,17.2,15.4,15.2
20260606,ウイントワイライト,68.4,50.4,33.3,16.6,18.0,17.1,16.7,16.6
20260606,リピ,67.7,49.9,32.8,16.1,17.8,17.1,16.7,16.1
20260606,リアライズブルーム,63.0,44.4,28.0,12.9,18.6,16.4,15.1,12.9
20260606,モズジェネラル,68.5,49.9,32.7,16.2,18.6,17.2,16.5,16.2
20260606,サンタンジェロ,66.3,47.6,31.2,15.3,18.7,16.4,15.9,15.3
20260606,クリアストライク,64.7,47.9,32.2,15.9,16.8,15.7,16.3,15.9
20260606,ヤマニンサンパ,67.9,49.2,32.0,15.8,18.7,17.2,16.2,15.8
20260606,アレナパラシオ,68.1,50.2,33.2,16.8,17.9,17.0,16.4,16.8
20260606,グロリアラウス,70.4,51.1,33.5,16.6,19.3,17.6,16.9,16.6
20260606,マキシマムビスタ,70.9,51.3,33.6,16.7,19.6,17.7,16.9,16.7
20260606,ビゾー,70.1,51.2,33.6,16.6,18.9,17.6,17.0,16.6
20260606,フェイトライン,68.7,50.0,32.7,16.1,18.7,17.3,16.6,16.1
20260606,クロワデュノール,71.2,52.0,33.8,16.7,19.2,18.2,17.1,16.7
20260606,サウンドムーブ,70.8,51.7,33.8,16.8,19.1,17.9,17.0,16.8
20260606,ビジュアライズ,68.2,49.2,32.0,15.8,19.0,17.2,16.2,15.8
20260606,イクオクコウネン,68.8,50.2,32.9,16.2,18.6,17.3,16.7,16.2
20260606,マンナット,71.2,51.4,33.7,16.7,19.8,17.7,17.0,16.7
20260606,ハロナ,65.7,47.3,30.4,14.5,18.4,16.9,15.9,14.5
20260606,エコロリンド,66.1,48.4,31.9,15.9,17.7,16.5,16.0,15.9
20260606,ワイドアラジン,72.3,51.3,32.9,16.0,21.0,18.4,16.9,16.0
20260606,ファウストラーゼン,69.6,50.7,33.0,16.3,18.9,17.7,16.7,16.3
20260606,ボーントゥウォリア,67.4,49.8,32.7,15.7,17.6,17.1,17.0,15.7
20260606,シャンジュマン,68.2,49.4,32.5,16.1,18.8,16.9,16.4,16.1
20260606,タガノランパート,69.5,50.6,33.1,15.9,18.9,17.5,17.2,15.9
20260606,ジャストアダッシュ,72.9,52.1,33.8,16.4,20.8,18.3,17.4,16.4
20260606,ハノハノ,66.7,49.5,32.6,15.4,17.2,16.9,17.2,15.4
20260606,フォルナックス,63.8,47.8,32.4,15.4,16.0,15.4,17.0,15.4
20260606,ワイドアイリー,72.6,52.2,34.2,16.7,20.4,18.0,17.5,16.7
20260606,ヴァンクライ,69.1,50.2,32.5,16.0,18.9,17.7,16.5,16.0
20260606,コルレオニス,67.1,47.3,30.5,14.9,19.8,16.8,15.6,14.9
20260606,ヒミノエトワール,65.6,47.4,31.0,15.3,18.2,16.4,15.7,15.3
20260606,ブルークレスト,65.9,48.0,31.7,15.6,17.9,16.3,16.1,15.6
20260606,テーオーアルアイン,68.0,48.0,30.4,14.8,20.0,17.6,15.6,14.8
20260606,パウンドフォーワン,66.0,48.5,31.8,15.6,17.5,16.7,16.2,15.6
20260606,パクスロマーナ,66.7,48.2,32.2,16.1,18.5,16.0,16.1,16.1
20260606,アサクサグレース,69.2,51.2,33.9,16.8,18.0,17.3,17.1,16.8
20260606,インフローレ,67.6,49.7,32.4,15.9,17.9,17.3,16.5,15.9
20260606,ベラジオヴァレル,65.1,47.6,31.6,15.8,17.5,16.0,15.8,15.8
20260606,スマートポーション,68.4,49.6,32.9,16.1,18.8,16.7,16.8,16.1
20260606,ウインルーティン,54.3,39.3,25.5,12.6,15.0,13.8,12.9,12.6
20260606,テーオーグランビル,65.4,47.6,30.9,15.2,17.8,16.7,15.7,15.2
20260606,キャプテンシー,62.1,45.7,31.2,15.7,16.4,14.5,15.5,15.7
20260606,タガノデュード,71.8,50.8,32.2,15.1,21.0,18.6,17.1,15.1
20260606,レディトゥフライト,66.6,48.4,31.7,15.6,18.2,16.7,16.1,15.6
20260606,ルージュマデイラ,66.8,48.8,32.1,15.7,18.0,16.7,16.4,15.7
20260606,アグレイビューティ,63.5,46.7,30.6,15.0,16.8,16.1,15.6,15.0
20260606,グレースジェンヌ,65.8,48.0,31.3,15.2,17.8,16.7,16.1,15.2
20260606,セルヴァジオ,66.2,48.1,31.6,15.2,18.1,16.5,16.4,15.2
20260606,グラディオール,66.6,49.9,32.6,16.0,16.7,17.3,16.6,16.0
20260606,ベトルス,64.5,47.3,31.3,15.6,17.2,16.0,15.7,15.6
20260606,エリカヴェローナ,53.0,38.1,24.2,11.8,14.9,13.9,12.4,11.8
20260606,ノーブルロジャー,52.4,38.1,25.1,12.3,14.3,13.0,12.8,12.3
20260606,シートゥサミット,62.3,45.5,29.9,14.7,16.8,15.6,15.2,14.7
20260606,ビナハイバン,66.6,48.7,32.0,15.6,17.9,16.7,16.4,15.6
20260606,ホワイトフレイムス,52.0,38.0,24.3,12.0,14.0,13.7,12.3,12.0
20260606,ジュピターバローズ,62.6,46.3,30.7,15.3,16.3,15.6,15.4,15.3
20260606,ルースソラール,63.8,46.2,30.2,14.8,17.6,16.0,15.4,14.8
20260606,ルーフ,69.2,50.8,34.1,17.0,18.4,16.7,17.1,17.0
20260606,マイユニバース,64.9,48.2,31.7,15.8,16.7,16.5,15.9,15.8
20260606,ヒロウッドテール,70.2,51.5,33.7,16.5,18.7,17.8,17.2,16.5
20260606,クリスタルタワー,73.7,52.3,33.2,16.0,21.4,19.1,17.2,16.0
20260606,レッドジルベスター,80.3,58.7,38.7,19.4,21.6,20.0,19.3,19.4
20260606,ナムラヴンダー,69.0,50.8,33.2,16.7,18.2,17.6,16.5,16.7
20260606,ダノンテムズ,79.7,58.8,38.7,19.5,20.9,20.1,19.2,19.5
20260606,キープカルム,67.4,49.0,32.6,16.1,18.4,16.4,16.5,16.1
20260606,メイケイリチャード,69.2,50.2,33.2,17.4,19.0,17.0,15.8,17.4
20260606,エコロアビス,73.5,54.7,35.6,17.5,18.8,19.1,18.1,17.5
20260606,エコロゼルダ,72.2,51.7,33.7,16.7,20.5,18.0,17.0,16.7
20260606,ボンボンベイビー,70.8,52.3,34.2,16.7,18.5,18.1,17.5,16.7
20260606,パノラマステージ,72.0,53.1,34.7,17.0,18.9,18.4,17.7,17.0
20260606,アスクレコードモア,70.9,52.6,34.5,17.1,18.3,18.1,17.4,17.1
20260606,カゼノランナー,69.5,51.2,33.6,16.6,18.3,17.6,17.0,16.6
20260606,セイフウサツキ,63.5,47.9,32.2,15.8,15.6,15.7,16.4,15.8
20260606,ルクスフレンジー,66.7,50.1,32.9,16.5,16.6,17.2,16.4,16.5
20260606,ドラゴン,66.6,48.7,32.3,16.4,17.9,16.4,15.9,16.4
20260606,トゥスコラーナ,67.9,49.7,32.3,16.1,18.2,17.4,16.2,16.1
20260606,ピースフルナイト,69.8,50.3,32.8,15.6,19.5,17.5,17.2,15.6
20260606,シンコーナホチャン,70.2,51.6,33.9,16.5,18.6,17.7,17.4,16.5
20260606,キタノコウセイ,71.3,50.9,33.4,16.1,20.4,17.5,17.3,16.1
20260606,ピエタンツァ,64.6,47.5,30.7,15.1,17.1,16.8,15.6,15.1
20260606,オースミライト,68.9,49.1,32.1,15.8,19.8,17.0,16.3,15.8
20260606,タイセイルミナス,66.6,48.7,31.2,15.3,17.9,17.5,15.9,15.3
20260606,ビートル,66.7,48.6,31.8,15.8,18.1,16.8,16.0,15.8
20260606,コンテナライン,66.4,48.8,31.5,15.8,17.6,17.3,15.7,15.8
20260606,ビーウィナー,67.1,48.5,31.3,15.3,18.6,17.2,16.0,15.3
20260606,ラッキーストーン,66.4,49.2,32.6,16.6,17.2,16.6,16.0,16.6
20260606,モズイージス,66.6,49.3,32.7,15.9,17.3,16.6,16.8,15.9
20260606,ビーチボール,70.5,52.1,34.5,17.1,18.4,17.6,17.4,17.1
20260606,ピゲ,66.0,48.6,32.5,16.7,17.4,16.1,15.8,16.7
20260606,メイショウトウコウ,68.2,51.2,34.3,16.8,17.0,16.9,17.5,16.8
20260606,メイショウシンタケ,67.5,48.1,30.9,15.0,19.4,17.2,15.9,15.0
20260606,ブリオメンテ,71.0,52.0,34.3,17.2,19.0,17.7,17.1,17.2
20260606,イズジョーアザヤカ,67.9,49.3,32.1,15.5,18.6,17.2,16.6,15.5
20260606,メイショウプレマ,68.0,49.7,33.0,16.3,18.3,16.7,16.7,16.3
20260606,スマートティアナ,67.7,49.7,32.6,16.3,18.0,17.1,16.3,16.3
20260606,メイショウコマチ,66.0,48.1,31.5,15.6,17.9,16.6,15.9,15.6
20260606,ココロザスノ,68.5,50.5,32.8,15.6,18.0,17.7,17.2,15.6
20260606,キングスペード,53.7,38.9,25.2,12.8,14.8,13.7,12.4,12.8
20260606,トップチェッカー,52.9,38.3,24.6,12.4,14.6,13.7,12.2,12.4
20260606,ヴァンドーム,72.6,53.4,35.9,17.7,19.2,17.5,18.2,17.7
20260606,メイショウタバル,67.0,49.3,32.9,16.4,17.7,16.4,16.5,16.4
20260606,パラディレーヌ,67.0,48.5,31.7,14.9,18.5,16.8,16.8,14.9
20260606,ラヴァブル,66.8,48.1,31.5,15.6,18.7,16.6,15.9,15.6
20260606,ソルトダイヤモンド,69.8,50.6,32.8,15.9,19.2,17.8,16.9,15.9
20260606,アウラニ,69.8,52.1,34.5,17.4,17.7,17.6,17.1,17.4
20260606,モンシェリ,68.3,49.1,31.9,16.1,19.2,17.2,15.8,16.1
20260606,カネコメファミリー,66.3,48.5,32.3,16.4,17.8,16.2,15.9,16.4
20260606,レイノルズナンバー,54.1,39.6,25.3,12.3,14.5,14.3,13.0,12.3
20260606,エコロアビス,63.7,47.7,31.4,15.4,16.0,16.3,16.0,15.4
20260606,エコロゼルダ,65.3,46.5,30.2,14.6,18.8,16.3,15.6,14.6
20260606,パノラマステージ,65.6,48.3,31.6,15.4,17.3,16.7,16.2,15.4
20260606,アンリーベイビー,64.9,48.0,31.5,15.5,16.9,16.5,16.0,15.5
20260606,アーリーハーベスト,66.8,48.6,32.0,15.7,18.2,16.6,16.3,15.7
20260606,カネトシゴウト,74.5,55.0,36.3,17.8,19.5,18.7,18.5,17.8
20260606,オドラニャソンソン,72.1,52.8,34.5,16.8,19.3,18.3,17.7,16.8
20260606,シュシュエメラルド,69.6,51.7,34.6,16.8,17.9,17.1,17.8,16.8
20260606,アロンソア,68.4,49.2,32.3,15.8,19.2,16.9,16.5,15.8
20260606,ガビーズデトワール,61.0,45.3,30.6,15.6,15.7,14.7,15.0,15.6
20260606,ジョウゲンノツキ,71.2,51.8,33.3,15.7,19.4,18.5,17.6,15.7
20260606,ガーデンカメリア,63.0,47.4,31.6,15.5,15.6,15.8,16.1,15.5
20260606,テーオーシュタイン,65.7,46.8,31.1,15.5,18.9,15.7,15.6,15.5
20260606,ソングオブザバード,65.4,47.5,30.9,15.2,17.9,16.6,15.7,15.2
20260606,リアンドゥクール,66.1,48.6,31.7,15.7,17.5,16.9,16.0,15.7
20260606,ケイアイブラック,68.8,50.4,33.1,16.5,18.4,17.3,16.6,16.5
20260606,サイン,64.7,46.8,30.1,14.7,17.9,16.7,15.4,14.7
20260606,ビスケットサンド,65.0,47.0,30.6,14.9,18.0,16.4,15.7,14.9
20260606,ナオミガサイキョウ,67.2,49.0,32.0,16.0,18.2,17.0,16.0,16.0
20260606,ゼンノインヴォーク,68.6,49.3,31.6,15.5,19.3,17.7,16.1,15.5
20260606,キュピドン,67.7,49.3,32.0,15.9,18.4,17.3,16.1,15.9
20260606,マイネルビスマルク,69.2,50.9,34.0,17.0,18.3,16.9,17.0,17.0
20260606,ダイシンリンク,64.5,48.5,32.6,16.2,16.0,15.9,16.4,16.2
20260606,アドバンスモダン,67.4,48.7,31.6,15.5,18.7,17.1,16.1,15.5
20260606,バクソウシャチョウ,67.3,49.3,32.3,15.6,18.0,17.0,16.7,15.6
20260606,モンブランミノル,68.1,49.4,32.5,16.2,18.7,16.9,16.3,16.2
20260606,ブラックドレス,67.4,48.2,31.5,15.3,19.2,16.7,16.2,15.3
20260606,ミッキークレスト,65.2,48.3,31.9,15.9,16.9,16.4,16.0,15.9
20260606,ディニトーソ,61.5,44.6,28.8,14.2,16.9,15.8,14.6,14.2
20260606,アロマフェリス,65.1,47.0,31.0,15.5,18.1,16.0,15.5,15.5
20260606,ラヴィアンコール,63.0,45.9,29.5,14.8,17.1,16.4,14.7,14.8
20260606,タイキジュビリー,64.4,47.6,30.9,15.2,16.8,16.7,15.7,15.2
20260606,アイアン,63.2,46.7,30.8,15.4,16.5,15.9,15.4,15.4
20260606,メリオルヴィア,65.3,46.5,30.1,15.3,18.8,16.4,14.8,15.3
20260606,グローリーバローズ,66.2,48.7,32.3,16.1,17.5,16.4,16.2,16.1
20260606,リアルアルバ,68.4,51.1,34.4,17.7,17.3,16.7,16.7,17.7
20260606,パゴスピグイノス,68.4,50.4,33.5,16.7,18.0,16.9,16.8,16.7
20260606,ランダムナンバー,65.6,48.2,32.2,16.2,17.4,16.0,16.0,16.2
20260606,ヨドノゴールド,67.3,49.2,33.0,16.4,18.1,16.2,16.6,16.4
20260606,クロジシジョー,62.8,45.5,29.7,14.4,17.3,15.8,15.3,14.4
20260606,メイショウユズルハ,66.0,48.4,31.8,15.7,17.6,16.6,16.1,15.7
20260606,マーベリックシチー,66.7,48.2,31.5,15.7,18.5,16.7,15.8,15.7
20260606,ギマール,64.2,46.7,30.4,15.3,17.5,16.3,15.1,15.3
20260606,プリメラエストレラ,67.8,49.0,32.0,15.9,18.8,17.0,16.1,15.9
20260606,ワールドエンジェル,66.2,47.5,30.9,15.6,18.7,16.6,15.3,15.6
20260606,レッドプロフェシー,63.1,46.6,30.5,14.9,16.5,16.1,15.6,14.9
20260606,ユハンヌス,62.8,46.1,30.2,14.8,16.7,15.9,15.4,14.8
20260606,ランツフート,63.3,46.4,30.5,14.9,16.9,15.9,15.6,14.9
20260606,ドラゴンドール,63.4,46.5,30.7,15.3,16.9,15.8,15.4,15.3
20260606,ロングフルスペック,68.0,48.7,31.8,16.1,19.3,16.9,15.7,16.1
20260606,ヴィヴァン,64.9,47.3,31.2,15.9,17.6,16.1,15.3,15.9
20260606,ティニア,65.5,47.0,30.1,14.5,18.5,16.9,15.6,14.5
20260606,リガーレ,65.5,48.2,31.2,15.0,17.3,17.0,16.2,15.0
20260606,セルジュバローズ,66.8,48.4,31.4,15.4,18.4,17.0,16.0,15.4
20260606,サトノトリニティ,64.8,47.2,30.6,14.8,17.6,16.6,15.8,14.8
20260606,アメリカンイズム,65.5,47.9,30.8,15.4,17.6,17.1,15.4,15.4
20260606,ダノンフィガロ,64.6,47.0,30.0,14.4,17.6,17.0,15.6,14.4
20260606,スタークラウン,66.7,48.4,31.6,15.6,18.3,16.8,16.0,15.6
20260606,ダンツシタン,67.4,49.9,32.5,16.1,17.5,17.4,16.4,16.1
20260606,ペンダント,66.5,48.3,31.2,14.9,18.2,17.1,16.3,14.9
20260606,クリノパッション,65.6,48.7,31.9,16.3,16.9,16.8,15.6,16.3
20260606,マスターストーン,62.4,46.7,31.0,15.7,15.7,15.7,15.3,15.7
20260606,オーラエグザート,61.2,45.9,30.3,15.2,15.3,15.6,15.1,15.2
20260606,シャドウルーラー,64.9,49.0,32.8,16.5,15.9,16.2,16.3,16.5
20260606,クアトロジャック,67.8,49.0,32.2,16.5,18.8,16.8,15.7,16.5
20260606,ジュウオウ,66.5,49.1,32.6,16.2,17.4,16.5,16.4,16.2
20260606,サンタカリス,66.8,48.8,31.7,15.8,18.0,17.1,15.9,15.8
20260606,シオンダンサー,72.4,52.6,34.3,17.0,19.8,18.3,17.3,17.0
20260606,ルージュスプリヤ,72.4,52.6,34.3,17.0,19.8,18.3,17.3,17.0
20260606,ロンドンガーズ,68.2,49.4,32.4,16.1,18.8,17.0,16.3,16.1
20260606,ペアスターロード,71.8,50.8,33.3,16.5,21.0,17.5,16.8,16.5
20260606,カツダルマ,66.8,48.7,32.2,16.1,18.1,16.5,16.1,16.1
20260606,ダークエクリプス,68.3,50.3,32.5,15.9,18.0,17.8,16.6,15.9
20260606,ピースオブザライフ,66.6,49.2,32.5,15.9,17.4,16.7,16.6,15.9
20260606,ティンティンデオ,70.1,51.3,33.8,17.0,18.8,17.5,16.8,17.0
20260606,リネアグローリア,65.5,47.8,31.6,15.7,17.7,16.2,15.9,15.7
20260606,トウカイフルーレ,66.7,49.5,33.0,16.5,17.2,16.5,16.5,16.5
20260606,キアヌ,64.9,48.3,31.9,15.8,16.6,16.4,16.1,15.8
20260606,ゴルディアス,65.8,48.9,32.2,15.9,16.9,16.7,16.3,15.9
20260606,サークルオブジョイ,71.0,52.1,34.4,17.1,18.9,17.7,17.3,17.1
20260606,クラッチプレイヤー,67.2,48.9,31.7,15.3,18.3,17.2,16.4,15.3
20260606,コズミックダンサー,71.1,51.4,34.1,17.2,19.7,17.3,16.9,17.2
20260606,ユウェンタース,71.1,52.7,34.0,17.2,18.4,18.7,16.8,17.2
20260606,ウインラブソング,72.3,54.0,35.0,17.1,18.3,19.0,17.9,17.1
20260606,テーオージャスミン,70.6,52.0,34.2,16.5,18.6,17.8,17.7,16.5
20260606,イザベル,72.4,53.5,35.2,17.6,18.9,18.3,17.6,17.6
20260606,レディネス,66.7,49.9,32.6,16.2,16.8,17.3,16.4,16.2
20260606,スラッシュ,77.1,54.6,35.4,17.6,22.5,19.2,17.8,17.6
20260606,アパレイユ,70.4,52.1,34.8,17.3,18.3,17.3,17.5,17.3
20260606,ウィテカービート,74.7,54.5,35.1,17.1,20.2,19.4,18.0,17.1
20260606,ノリノリソックス,68.4,50.6,33.8,16.5,17.8,16.8,17.3,16.5
20260606,カネコメブライト,66.3,48.7,31.6,15.1,17.6,17.1,16.5,15.1
20260606,ルージュビバーチェ,67.5,49.7,31.9,15.4,17.8,17.8,16.5,15.4
20260606,ルージュルガーノ,71.8,52.8,35.2,17.9,19.0,17.6,17.3,17.9
20260606,レーヴドリュヌ,64.9,47.4,31.4,15.6,17.5,16.0,15.8,15.6
20260606,ブラッドムーン,66.7,48.4,32.1,16.6,18.3,16.3,15.5,16.6
20260606,ルージュプルーヴ,69.1,49.6,32.4,16.0,19.5,17.2,16.4,16.0
20260606,セイウンダイフク,67.4,49.1,32.6,16.1,18.3,16.5,16.5,16.1
20260606,サンシュエール,68.9,51.0,33.8,16.5,17.9,17.2,17.3,16.5
20260606,チェサピークベイ,66.3,48.3,32.2,15.3,18.0,16.1,16.9,15.3
20260606,コンセントリコ,69.0,51.1,34.4,17.2,17.9,16.7,17.2,17.2
20260606,ヤマニンレセディ,57.9,41.4,26.8,13.1,16.5,14.6,13.7,13.1
20260606,ランドプリメーロ,58.9,41.4,26.2,12.6,17.5,15.2,13.6,12.6
20260606,スクランプシャス,70.5,51.3,33.1,16.1,19.2,18.2,17.0,16.1
20260606,ラパンドール,62.8,45.7,29.2,13.9,17.1,16.5,15.3,13.9
20260606,サトノディヴァイン,66.5,48.1,31.3,15.8,18.4,16.8,15.5,15.8
20260606,ヨシノイースター,67.0,50.1,34.3,18.0,16.9,15.8,16.3,18.0
20260606,モアニ,66.4,49.2,32.8,16.4,17.2,16.4,16.4,16.4
20260606,スリールミニョン,67.8,49.5,32.1,15.6,18.3,17.4,16.5,15.6
20260606,サトノビダーヤ,68.9,50.4,33.1,16.5,18.5,17.3,16.6,16.5
20260606,ラインオブソウル,66.1,48.3,31.7,15.9,17.8,16.6,15.8,15.9
20260606,マリアナトレンチ,63.9,46.9,30.7,15.2,17.0,16.2,15.5,15.2
20260606,オセアスターライト,65.3,48.2,31.6,15.8,17.1,16.6,15.8,15.8
20260606,ファイナルコマンド,61.8,45.3,30.0,14.9,16.5,15.3,15.1,14.9
20260606,ﾅﾁｭﾗﾙｽﾀｲﾙの24,67.3,49.4,32.7,16.4,17.9,16.7,16.3,16.4
20260606,ｲｳﾞﾆﾝｸﾞｺｰﾙの24,67.3,49.4,32.7,16.5,17.9,16.7,16.2,16.5
20260606,オーシンハーフ,64.5,47.7,31.2,15.1,16.8,16.5,16.1,15.1
20260606,タガノマルアフ,70.6,51.1,32.9,15.7,19.5,18.2,17.2,15.7
20260606,エクスプロウド,64.6,48.5,32.4,16.0,16.1,16.1,16.4,16.0
20260606,カナタコナタ,64.8,46.7,30.6,15.1,18.1,16.1,15.5,15.1
20260606,リリーボレア,65.7,48.8,32.4,16.2,16.9,16.4,16.2,16.2
20260606,スイトーヨ,68.7,49.3,32.0,15.3,19.4,17.3,16.7,15.3
20260606,エコテーラー,71.4,50.7,32.8,16.0,20.7,17.9,16.8,16.0
20260606,キョラムン,65.2,47.6,31.6,15.9,17.6,16.0,15.7,15.9
20260606,ショーライトイヤー,67.9,49.0,32.4,16.5,18.9,16.6,15.9,16.5
20260606,リオンプライム,67.5,49.6,32.3,15.8,17.9,17.3,16.5,15.8
20260606,キタノシリウス,66.7,48.1,30.5,15.0,18.6,17.6,15.5,15.0
20260606,タガノシルフィー,67.8,49.5,32.2,16.1,18.3,17.3,16.1,16.1
20260606,クロワール,77.5,56.4,37.0,18.1,21.1,19.4,18.9,18.1
20260606,エバイダンス,69.4,50.4,32.6,16.0,19.0,17.8,16.6,16.0
20260606,グレイトソン,70.1,51.2,33.5,16.4,18.9,17.7,17.1,16.4
20260606,セレブトーチ,61.4,43.4,26.5,13.1,18.0,16.9,13.4,13.1
20260606,フィデリス,65.5,47.6,30.9,15.3,17.9,16.7,15.6,15.3
20260606,ベラジオボンド,66.6,48.5,31.4,15.3,18.1,17.1,16.1,15.3
20260606,アームズレジェンド,65.6,47.8,30.9,15.0,17.8,16.9,15.9,15.0
20260606,カズタンジャー,62.6,45.8,30.4,15.6,16.8,15.4,14.8,15.6
20260606,ヴィルダースヴィル,60.9,45.2,29.2,14.4,15.7,16.0,14.8,14.4
20260606,プリマアルバ,63.7,46.6,30.2,14.9,17.1,16.4,15.3,14.9
20260606,クリムゾンバースト,65.7,49.0,32.4,15.8,16.7,16.6,16.6,15.8
20260606,ナムラクララ,65.5,48.8,32.3,15.8,16.7,16.5,16.5,15.8
20260606,チュウワダイオウ,65.7,48.6,31.6,15.7,17.1,17.0,15.9,15.7
20260606,マクローリン,66.6,49.4,32.4,16.4,17.2,17.0,16.0,16.4
20260606,トライアンドエラー,66.0,49.0,32.0,16.1,17.0,17.0,15.9,16.1
20260606,ダンツウルス,71.0,50.1,33.0,16.1,20.9,17.1,16.9,16.1
20260606,ハピ,63.5,46.0,30.0,14.6,17.5,16.0,15.4,14.6
20260606,タマモキャリコ,65.6,48.9,32.4,16.0,16.7,16.5,16.4,16.0
20260606,ベルジュロネット,65.9,48.4,32.3,15.9,17.5,16.1,16.4,15.9
20260606,クールデイトナ,63.1,46.8,30.7,15.0,16.3,16.1,15.7,15.0
20260606,クールタロウ,65.6,49.6,34.0,17.1,16.0,15.6,16.9,17.1
20260606,ケーブパール,62.6,45.1,28.6,13.7,17.5,16.5,14.9,13.7
20260606,アヴィオン,65.6,47.3,31.4,15.3,18.3,15.9,16.1,15.3
20260606,リサシテーション,64.3,47.0,31.2,15.5,17.3,15.8,15.7,15.5
20260606,メイショウミリオレ,65.2,48.8,33.1,16.8,16.4,15.7,16.3,16.8
20260606,ライツフォル,68.1,50.5,33.0,15.5,17.6,17.5,17.5,15.5
20260606,ダノンカゼルタ,67.8,50.1,33.1,16.6,17.7,17.0,16.5,16.6
20260606,ゴナビーオーライト,66.7,49.6,33.2,16.6,17.1,16.4,16.6,16.6
20260606,ライツェントライゼ,60.3,43.1,28.0,13.6,17.2,15.1,14.4,13.6
20260606,テーオーカメリア,69.1,50.7,33.3,16.4,18.4,17.4,16.9,16.4
20260606,ザムーン,68.7,50.2,32.4,16.0,18.5,17.8,16.4,16.0
20260606,ファーヴニル,69.6,51.8,34.4,17.0,17.8,17.4,17.4,17.0
20260606,スティンガーグラス,62.5,44.5,27.6,14.0,18.0,16.9,13.6,14.0
20260606,ウインアトム,78.1,55.5,36.7,18.2,22.6,18.8,18.5,18.2
20260606,アスクアイルビゼア,64.2,46.8,30.9,15.7,17.4,15.9,15.2,15.7
20260606,グディンナ,66.4,48.2,31.3,15.3,18.2,16.9,16.0,15.3
20260606,レヴォントゥレット,64.5,46.6,30.4,15.5,17.9,16.2,14.9,15.5
20260606,プリュイドール,64.3,46.4,30.1,15.4,17.9,16.3,14.7,15.4
20260606,フェルギナス,63.9,46.4,29.6,14.5,17.5,16.8,15.1,14.5
20260606,レッドフレーザー,64.4,46.7,29.8,14.6,17.7,16.9,15.2,14.6
20260606,スプレンドーレ,63.0,46.2,29.5,14.3,16.8,16.7,15.2,14.3
20260606,ヴェールダムール,63.4,46.5,29.6,14.5,16.9,16.9,15.1,14.5
20260606,ベラジオボンド,62.5,45.8,29.9,14.9,16.7,15.9,15.0,14.9
20260606,ラウニウ,69.7,54.1,35.7,17.4,15.6,18.4,18.3,17.4
20260606,アームズレジェンド,63.4,46.3,30.0,14.9,17.1,16.3,15.1,14.9
20260606,グリーンゴー,66.0,47.6,31.5,16.0,18.4,16.1,15.5,16.0
20260606,バトゥカーダ,66.3,48.9,32.9,16.7,17.4,16.0,16.2,16.7
20260606,リフルフォース,64.9,47.6,31.0,15.2,17.3,16.6,15.8,15.2
20260606,ミスティックレナン,66.5,49.0,32.6,16.4,17.5,16.4,16.2,16.4
20260606,クロレ,64.5,48.5,33.3,17.5,16.0,15.2,15.8,17.5
20260606,ジューンマーチ,66.3,49.4,33.0,16.6,16.9,16.4,16.4,16.6
20260606,キャンディリヒト,84.8,63.4,42.1,21.0,21.4,21.3,21.1,21.0
20260606,アイボリータワー,84.4,63.1,41.9,21.1,21.3,21.2,20.8,21.1
20260606,ラファル,62.5,45.6,30.1,15.2,16.9,15.5,14.9,15.2
20260606,デルマリシリ,63.2,46.4,30.5,15.3,16.8,15.9,15.2,15.3
20260606,スマートスピア,64.9,46.8,31.4,15.8,18.1,15.4,15.6,15.8
20260606,テラメリタ,63.9,46.9,30.6,15.2,17.0,16.3,15.4,15.2
20260606,スカイスプレンダー,64.8,47.0,30.4,15.2,17.8,16.6,15.2,15.2
20260606,ジェンティール,64.7,46.0,29.4,14.3,18.7,16.6,15.1,14.3
20260606,ロードアウォード,63.2,46.1,29.7,14.7,17.1,16.4,15.0,14.7
20260606,コンクイスタ,63.9,47.2,30.8,15.1,16.7,16.4,15.7,15.1
20260606,マイカラー,54.8,39.7,25.6,12.5,15.1,14.1,13.1,12.5
20260606,ライジン,64.6,46.4,30.2,15.0,18.2,16.2,15.2,15.0
20260606,ホウオウレイヴン,65.3,47.8,30.8,15.3,17.5,17.0,15.5,15.3
20260606,ゴールデンクラウド,72.1,52.5,34.3,17.1,19.6,18.2,17.2,17.1
20260606,サンライズフリード,73.2,53.6,35.5,18.0,19.6,18.1,17.5,18.0
20260606,ラッキーバック,68.4,50.6,32.8,16.4,17.8,17.8,16.4,16.4
20260606,エドウィンナルコ,65.5,47.7,31.0,15.5,17.8,16.7,15.5,15.5
20260606,ショウナンアデイブ,76.6,55.5,35.4,17.3,21.1,20.1,18.1,17.3
20260606,セブンマジシャン,70.4,51.8,33.8,16.6,18.6,18.0,17.2,16.6
20260606,セシリエプラージュ,66.0,47.9,31.0,14.9,18.1,16.9,16.1,14.9
20260606,アスティスプマンテ,71.1,51.4,33.4,16.3,19.7,18.0,17.1,16.3
20260606,マハートマーベル,66.6,49.0,32.7,16.0,17.6,16.3,16.7,16.0
20260606,ゴールデンクラウド,65.5,47.8,30.8,15.0,17.7,17.0,15.8,15.0
20260606,サンライズフリード,66.4,48.6,31.4,15.5,17.8,17.2,15.9,15.5
20260606,スマッシング,68.0,50.3,32.9,16.2,17.7,17.4,16.7,16.2
20260606,ジョアン,66.0,47.9,30.6,14.9,18.1,17.3,15.7,14.9
20260606,ウォーターエアリー,67.5,49.3,32.7,16.6,18.2,16.6,16.1,16.6
20260606,ミュージアムマイル,64.2,46.1,29.7,14.6,18.1,16.4,15.1,14.6
20260606,ケイテンアイジン,65.7,48.4,32.2,16.1,17.3,16.2,16.1,16.1
20260606,ゴルトミュンツェ,66.9,48.4,31.4,15.3,18.5,17.0,16.1,15.3
20260606,マーゴットガイア,66.1,48.3,31.5,15.1,17.8,16.8,16.4,15.1
20260606,リザレクティア,65.2,48.0,31.8,15.3,17.2,16.2,16.5,15.3
20260606,オアシスアラン,67.3,49.0,31.3,15.1,18.3,17.7,16.2,15.1
20260606,ナポリ,67.2,49.4,32.0,15.6,17.8,17.4,16.4,15.6
20260606,ウンディーネ,63.9,46.5,30.7,15.3,17.4,15.8,15.4,15.3
20260606,ニクスルーナ,69.3,50.9,33.5,16.4,18.4,17.4,17.1,16.4
20260606,オリンポスカズマ,62.6,46.5,30.8,15.5,16.1,15.7,15.3,15.5
20260606,クボウサマ,65.1,48.3,31.8,15.7,16.8,16.5,16.1,15.7
20260606,ワルトシュタイン,73.1,53.6,35.3,17.4,19.5,18.3,17.9,17.4
20260606,マーズエクレール,60.4,45.0,29.7,14.8,15.4,15.3,14.9,14.8
20260606,シホノノービレ,76.4,56.4,37.2,18.2,20.0,19.2,19.0,18.2
20260606,カエリールークス,75.5,56.0,36.9,18.2,19.5,19.1,18.7,18.2
20260606,ハリウッドパーク,66.5,48.2,31.4,15.4,18.3,16.8,16.0,15.4
20260606,テイエムゴッホ,70.7,51.9,34.6,17.5,18.8,17.3,17.1,17.5
20260606,ウィップスティッチ,70.9,50.6,33.3,16.6,20.3,17.3,16.7,16.6
20260606,ウインデイジー,68.6,49.8,32.7,16.5,18.8,17.1,16.2,16.5
20260606,レッドレベンディス,67.5,48.4,31.7,15.8,19.1,16.7,15.9,15.8
20260606,ドットクルー,68.7,50.4,32.7,15.9,18.3,17.7,16.8,15.9
20260606,コロナドブリッジ,66.9,49.2,32.6,16.2,17.7,16.6,16.4,16.2
20260606,ジョーヌナルシス,68.2,50.6,33.1,16.2,17.6,17.5,16.9,16.2
20260606,メイショウマントル,66.9,48.8,32.3,16.1,18.1,16.5,16.2,16.1
20260606,ジーニアスバローズ,62.5,45.6,29.8,15.0,16.9,15.8,14.8,15.0
20260606,キーパフォーマー,62.9,45.5,29.7,14.8,17.4,15.8,14.9,14.8
20260606,ディニテ,64.0,47.1,31.0,15.3,16.9,16.1,15.7,15.3
20260606,マイネルレノン,69.4,51.5,33.7,16.7,17.9,17.8,17.0,16.7
20260606,オデット,63.5,46.7,31.4,15.7,16.8,15.3,15.7,15.7
20260606,ファツアップ,63.3,46.2,30.5,15.2,17.1,15.7,15.3,15.2
20260606,アスクチャンスマン,65.4,48.1,31.5,15.4,17.3,16.6,16.1,15.4
20260606,ナムラフッカー,65.4,47.8,31.1,15.1,17.6,16.7,16.0,15.1
20260606,ウインヘリオドール,69.6,50.6,33.7,16.8,19.0,16.9,16.9,16.8
20260606,ラッキーバック,63.0,45.0,28.1,13.3,18.0,16.9,14.8,13.3
20260606,サイモンゼスト,69.8,50.8,33.4,16.2,19.0,17.4,17.2,16.2
20260606,リュネヴィル,69.3,49.4,31.5,16.0,19.9,17.9,15.5,16.0
20260606,ﾌｨｵﾚﾄﾞｰﾛの24,72.5,53.4,35.9,17.9,19.1,17.5,18.0,17.9
20260606,ボーオーブ,73.3,53.5,35.7,17.7,19.8,17.8,18.0,17.7
20260606,モズタイシソウシ,55.0,41.4,28.2,14.2,13.6,13.2,14.0,14.2
20260606,ジューンテイク,50.5,36.6,24.4,12.4,13.9,12.2,12.0,12.4
20260606,サダムオプシス,65.6,48.4,31.1,15.1,17.2,17.3,16.0,15.1
20260606,アロンディ,51.1,37.2,24.8,12.6,13.9,12.4,12.2,12.6
20260606,ペプチドヤマト,66.0,49.1,33.0,16.6,16.9,16.1,16.4,16.6
20260606,シャンデルナゴル,64.0,46.6,30.5,15.0,17.4,16.1,15.5,15.0
20260606,イイデカンタロウ,68.2,49.0,32.4,15.8,19.2,16.6,16.6,15.8
20260606,ティラユール,68.5,49.2,32.7,16.2,19.3,16.5,16.5,16.2
20260606,オレンジフィールド,69.9,51.6,34.5,17.1,18.3,17.1,17.4,17.1
20260606,エブリデイ,67.3,48.7,32.3,15.9,18.6,16.4,16.4,15.9
20260606,プレダトゥール,68.5,49.2,32.7,16.2,19.3,16.5,16.5,16.2
20260606,テイクザスローン,68.1,50.5,33.5,16.7,17.6,17.0,16.8,16.7
20260606,レディトゥアタック,73.1,53.1,35.1,17.3,20.0,18.0,17.8,17.3
20260606,マーゴットバディ,63.4,46.8,30.7,15.2,16.6,16.1,15.5,15.2
20260606,マテンロウヒルズ,69.4,51.2,33.9,16.8,18.2,17.3,17.1,16.8
20260606,スマートメモリー,64.3,46.4,30.5,15.1,17.9,15.9,15.4,15.1
20260606,マイネルエンペラー,78.4,57.5,38.1,18.7,20.9,19.4,19.4,18.7
20260606,ビップデイジー,67.6,49.5,33.0,16.7,18.1,16.5,16.3,16.7
20260606,ゴリョウセイ,67.4,49.9,32.8,16.0,17.5,17.1,16.8,16.0
20260606,チェリヴェント,74.7,53.5,35.0,17.2,21.2,18.5,17.8,17.2
20260606,ジーティーキャリー,66.3,48.8,30.9,15.3,17.5,17.9,15.6,15.3
20260606,ミロワール,65.2,47.8,30.8,15.0,17.4,17.0,15.8,15.0
20260606,レヴァンテシチー,64.8,47.9,32.2,16.1,16.9,15.7,16.1,16.1
20260606,フィオラーノ,71.2,50.5,32.2,15.9,20.7,18.3,16.3,15.9
20260606,バロニアル,65.0,47.9,31.5,15.5,17.1,16.4,16.0,15.5
20260606,カレンハウ,64.7,47.4,30.8,15.4,17.3,16.6,15.4,15.4
20260606,ウィモウェ,70.8,50.9,33.6,16.8,19.9,17.3,16.8,16.8
20260606,プッシュザリミット,65.0,46.6,30.4,15.1,18.4,16.2,15.3,15.1
20260606,ドンインザムード,66.0,47.9,30.9,15.1,18.1,17.0,15.8,15.1
20260606,マーゴットデウス,66.4,47.9,31.2,15.6,18.5,16.7,15.6,15.6
20260606,ファミリータイム,67.6,49.8,32.6,15.6,17.8,17.2,17.0,15.6
20260606,ディオレガーロ,58.8,43.2,28.3,13.9,15.6,14.9,14.4,13.9
20260606,ビップヴォルフ,65.7,46.8,29.2,14.2,18.9,17.6,15.0,14.2
20260606,テーオーシーザー,71.4,52.7,34.9,17.7,18.7,17.8,17.2,17.7
20260606,クロノスバレット,67.4,48.8,31.5,15.8,18.6,17.3,15.7,15.8
20260606,リントゥラウル,69.6,51.4,33.9,16.7,18.2,17.5,17.2,16.7
20260606,サマーキューピッド,66.9,49.1,31.7,15.3,17.8,17.4,16.4,15.3
20260606,サンデスティン,69.2,51.5,34.1,16.8,17.7,17.4,17.3,16.8
20260606,ウィンザーローズ,67.1,49.2,31.9,15.4,17.9,17.3,16.5,15.4
20260606,リジル,66.5,48.3,31.4,15.6,18.2,16.9,15.8,15.6
20260606,シンドリームシン,65.6,48.5,31.6,15.5,17.1,16.9,16.1,15.5
20260606,スマイリングスカイ,63.9,47.9,32.3,16.4,16.0,15.6,15.9,16.4
20260606,ランスオブラヴ,64.8,47.6,31.5,16.1,17.2,16.1,15.4,16.1
20260606,ギャルズマインド,65.7,47.6,31.4,15.9,18.1,16.2,15.5,15.9
20260606,デュアルサイン,65.8,48.4,31.8,15.7,17.4,16.6,16.1,15.7
20260606,マイネルチケット,66.1,48.6,32.4,16.4,17.5,16.2,16.0,16.4
20260606,リラカリス,60.8,44.1,28.7,14.3,16.7,15.4,14.4,14.3
20260606,メイショウヘール,67.8,49.5,32.6,16.4,18.3,16.9,16.2,16.4
20260606,タガノエルピーダ,68.2,49.1,32.0,15.7,19.1,17.1,16.3,15.7
20260606,タマモジャスミン,67.9,49.7,32.5,16.2,18.2,17.2,16.3,16.2
20260606,アイランド,70.3,51.0,33.8,16.6,19.3,17.2,17.2,16.6
20260606,シスキンブルーム,68.0,49.1,32.1,15.7,18.9,17.0,16.4,15.7
20260606,メアグローリア,67.6,49.1,32.1,15.8,18.5,17.0,16.3,15.8
20260606,シゲルショウグン,69.9,52.4,35.2,17.9,17.5,17.2,17.3,17.9
20260606,ホールネス,64.0,47.3,31.1,15.3,16.7,16.2,15.8,15.3
20260606,メイショウフウドウ,62.8,45.7,29.1,14.2,17.1,16.6,14.9,14.2
20260606,ウルスクローム,73.1,54.0,36.0,17.8,19.1,18.0,18.2,17.8
20260606,ハイソリア,64.4,47.9,32.4,15.5,16.5,15.5,16.9,15.5
20260606,ショールミーズ,66.6,49.0,32.6,16.3,17.6,16.4,16.3,16.3
20260606,マルモリムソウ,72.3,53.7,35.9,17.9,18.6,17.8,18.0,17.9
20260606,スピードリッチ,63.3,46.2,30.1,15.1,17.1,16.1,15.0,15.1
20260606,ワンモアスマイル,63.5,46.6,30.4,15.3,16.9,16.2,15.1,15.3
20260606,リン,65.0,47.7,31.3,15.4,17.3,16.4,15.9,15.4
20260606,バディ,63.8,47.2,31.1,15.1,16.6,16.1,16.0,15.1
20260606,ニミッツハイウェイ,65.6,47.8,31.4,15.8,17.8,16.4,15.6,15.8
20260606,テーオーグレーザー,64.2,46.9,30.8,15.5,17.3,16.1,15.3,15.5
20260606,モズヴイ,64.0,46.7,30.6,15.4,17.3,16.1,15.2,15.4
20260606,デビットバローズ,66.0,47.8,31.5,15.7,18.2,16.3,15.8,15.7
20260606,ジョイボーイ,65.9,48.7,32.3,15.8,17.2,16.4,16.5,15.8
20260606,オーロクリューソス,56.3,40.4,25.8,12.7,15.9,14.6,13.1,12.7
20260606,ライトオブヌカタ,65.1,47.3,30.8,15.2,17.8,16.5,15.6,15.2
20260606,チェファルー,64.2,46.6,30.8,15.3,17.6,15.8,15.5,15.3
20260606,タケルフォーカス,74.7,55.3,36.0,17.5,19.4,19.3,18.5,17.5
20260606,エムズマインド,67.6,50.1,33.8,16.9,17.5,16.3,16.9,16.9
20260606,ハギノクリーガー,72.3,53.0,35.3,17.9,19.3,17.7,17.4,17.9
20260606,ナムラオットー,71.1,52.2,34.8,17.0,18.9,17.4,17.8,17.0
20260606,ブレットパス,62.5,45.3,29.4,14.6,17.2,15.9,14.8,14.6
20260606,ナチュラルリバー,65.2,47.3,30.5,15.1,17.9,16.8,15.4,15.1
20260606,マイネルエンペラー,67.1,49.2,32.1,16.1,17.9,17.1,16.0,16.1
20260606,ゴールデンカイト,68.2,49.6,33.6,16.8,18.6,16.0,16.8,16.8
20260606,テイエムプレミラン,65.7,48.0,31.3,15.4,17.7,16.7,15.9,15.4
20260606,ジーティーキャメル,64.0,47.4,31.3,15.6,16.6,16.1,15.7,15.6
20260606,ファインライン,64.2,46.7,30.3,15.0,17.5,16.4,15.3,15.0
20260606,グーフィー,66.3,48.7,31.7,15.5,17.6,17.0,16.2,15.5
20260606,プリモマーレ,67.1,49.8,32.8,16.0,17.3,17.0,16.8,16.0
20260606,スターリーデー,66.4,48.9,31.8,15.5,17.5,17.1,16.3,15.5
20260606,プレデンシア,68.6,50.9,33.7,16.7,17.7,17.2,17.0,16.7
20260606,メイショウサザナミ,66.5,48.6,32.6,16.5,17.9,16.0,16.1,16.5
20260606,プライムウィザード,69.0,51.6,34.3,17.1,17.4,17.3,17.2,17.1
20260606,マルモタワー,65.6,50.5,34.8,17.4,15.1,15.7,17.4,17.4
20260606,ハナウマビーチ,69.4,50.8,33.5,16.7,18.6,17.3,16.8,16.7
20260606,ヴァーティゴー,67.6,50.8,33.7,16.9,16.8,17.1,16.8,16.9
20260606,ウインビスタ,63.7,47.4,31.7,15.9,16.3,15.7,15.8,15.9
20260606,インカルナータ,67.1,49.6,32.9,16.2,17.5,16.7,16.7,16.2
20260606,ラプチュラス,67.5,50.8,33.8,17.0,16.7,17.0,16.8,17.0
20260606,モックモック,64.2,47.4,30.8,15.2,16.8,16.6,15.6,15.2
20260606,ハギノコラソン,62.6,45.2,29.7,14.8,17.4,15.5,14.9,14.8
20260606,ルクスメンデス,66.2,49.1,32.2,15.8,17.1,16.9,16.4,15.8
20260606,ハナコトバ,63.1,44.6,29.5,14.6,18.5,15.1,14.9,14.6
20260606,バンブラボー,68.8,51.4,35.0,17.9,17.4,16.4,17.1,17.9
20260606,アーサーバローズ,65.3,45.3,29.4,14.6,20.0,15.9,14.8,14.6
20260606,シンゼンコジロウ,66.3,48.3,31.8,15.8,18.0,16.5,16.0,15.8
20260606,クールミラボー,66.5,47.3,31.0,15.4,19.2,16.3,15.6,15.4
20260606,サリュエ,69.2,50.7,32.8,16.0,18.5,17.9,16.8,16.0
20260606,モズナイスバディー,65.2,47.1,31.0,15.5,18.1,16.1,15.5,15.5
20260606,パシアンジャン,66.5,49.1,32.6,15.9,17.4,16.5,16.7,15.9
20260606,ケーヴァラ,66.0,48.1,31.1,15.6,17.9,17.0,15.5,15.6
20260606,ロードシュヴァリエ,64.7,47.8,30.9,15.4,16.9,16.9,15.5,15.4
20260606,ヤマヤロード,64.2,48.0,32.0,15.9,16.2,16.0,16.1,15.9
20260606,ブルームザスマイル,65.6,48.3,31.3,15.4,17.3,17.0,15.9,15.4
20260606,テイエムリチャード,66.3,48.5,32.2,16.1,17.8,16.3,16.1,16.1
20260606,ランズエンド,68.7,50.3,33.0,16.7,18.4,17.3,16.3,16.7
20260606,ジョン,65.9,49.1,32.6,16.2,16.8,16.5,16.4,16.2
20260606,ロクメイカン,65.8,49.0,32.6,16.2,16.8,16.4,16.4,16.2
20260606,レイピカケ,67.3,50.5,33.8,16.7,16.8,16.7,17.1,16.7
20260606,ルシャリオ,66.0,48.2,32.1,15.7,17.8,16.1,16.4,15.7
20260606,オンザ,72.6,53.5,35.7,17.1,19.1,17.8,18.6,17.1
20260606,ソウルオンファイア,66.6,49.5,32.6,15.7,17.1,16.9,16.9,15.7
20260606,ミカエルパシャ,66.6,47.2,30.8,15.6,19.4,16.4,15.2,15.6
20260606,ショウナンバルドル,64.2,46.6,30.2,15.1,17.6,16.4,15.1,15.1
20260606,マジックサンズ,68.5,48.9,30.9,14.6,19.6,18.0,16.3,14.6
20260606,リーティアコナル,64.6,47.1,30.7,14.7,17.5,16.4,16.0,14.7
20260606,キタノトレボーネ,68.0,48.0,30.2,15.3,20.0,17.8,14.9,15.3
20260606,ゴールドショーマン,65.4,49.0,32.2,15.5,16.4,16.8,16.7,15.5
20260606,アットアブラスト,66.1,48.2,31.7,15.9,17.9,16.5,15.8,15.9
20260606,アークドール,63.2,46.6,30.7,14.9,16.6,15.9,15.8,14.9
20260606,スネーフリンガ,65.8,49.0,32.1,15.1,16.8,16.9,17.0,15.1
20260606,グランドプラージュ,66.6,49.0,32.4,16.3,17.6,16.6,16.1,16.3
20260606,ゲタリア,66.1,48.2,31.4,15.7,17.9,16.8,15.7,15.7
20260606,ゴールデンバランス,70.0,52.2,34.2,16.9,17.8,18.0,17.3,16.9
20260606,テレサ,69.0,50.2,32.4,15.8,18.8,17.8,16.6,15.8
20260606,ティグリス,69.9,51.7,33.6,16.2,18.2,18.1,17.4,16.2
20260606,ウイルソン,70.2,50.9,33.1,16.1,19.3,17.8,17.0,16.1
20260606,デビットバローズ,63.7,47.1,30.6,15.1,16.6,16.5,15.5,15.1
20260606,ステラクラウン,64.7,47.4,30.9,15.1,17.3,16.5,15.8,15.1
20260606,ドゥアムール,51.7,37.2,24.2,12.5,14.5,13.0,11.7,12.5
20260606,ライトオブヌカタ,64.5,47.2,30.3,14.9,17.3,16.9,15.4,14.9
20260606,マイケルバローズ,64.7,48.2,31.4,15.5,16.5,16.8,15.9,15.5
20260606,チェファルー,62.0,45.6,29.8,14.4,16.4,15.8,15.4,14.4
20260606,カッタッパ,68.5,50.9,34.1,17.4,17.6,16.8,16.7,17.4
20260606,ウィンターガーデン,66.3,47.5,31.3,15.9,18.8,16.2,15.4,15.9
20260606,クロスボーダー,67.4,49.6,32.7,16.3,17.8,16.9,16.4,16.3
20260606,エンマ,67.5,48.9,32.0,15.4,18.6,16.9,16.6,15.4
20260606,アシャカブラーヴ,78.7,59.3,40.4,21.1,19.4,18.9,19.3,21.1
20260606,ラケマーダ,64.1,45.7,28.7,14.1,18.4,17.0,14.6,14.1
20260606,ノボリショウリュウ,67.2,50.1,33.2,16.4,17.1,16.9,16.8,16.4
20260606,ヴリトラハン,67.0,48.8,31.9,15.8,18.2,16.9,16.1,15.8
20260606,イーグルチョイス,63.5,46.7,30.5,14.8,16.8,16.2,15.7,14.8
20260606,ウォーターガーベラ,67.6,49.8,32.6,16.1,17.8,17.2,16.5,16.1
20260606,サンタンカ,71.3,53.0,35.2,17.4,18.3,17.8,17.8,17.4
20260606,スターペスショウマ,63.9,47.0,31.3,15.7,16.9,15.7,15.6,15.7
20260606,ジョイフルサンデー,65.3,48.8,32.8,16.6,16.5,16.0,16.2,16.6
20260606,グレートアゲイン,64.5,48.2,31.2,15.1,16.3,17.0,16.1,15.1
20260606,ミヤノラングリー,64.0,47.3,31.4,15.8,16.7,15.9,15.6,15.8
20260606,ドリームプレミア,69.4,49.8,32.7,16.1,19.6,17.1,16.6,16.1
20260606,サトノグロリア,69.5,50.4,32.8,16.3,19.1,17.6,16.5,16.3
20260606,ダディーズトリップ,74.7,54.2,35.3,17.2,20.5,18.9,18.1,17.2
20260606,キングロコマイカイ,62.5,46.5,31.1,15.3,16.0,15.4,15.8,15.3
20260606,ゴルトリッチ,65.5,48.0,31.7,15.6,17.5,16.3,16.1,15.6
20260606,マリブサーフ,64.6,47.1,30.7,15.0,17.5,16.4,15.7,15.0
20260606,レヴロード,63.8,47.1,31.1,15.8,16.7,16.0,15.3,15.8
20260606,セブンサークル,70.0,51.3,33.7,16.8,18.7,17.6,16.9,16.8
20260606,ロードフォアエース,62.2,45.8,30.3,15.0,16.4,15.5,15.3,15.0
20260606,ファインライン,63.9,47.2,30.5,15.3,16.7,16.7,15.2,15.3
20260606,オンユアマークス,64.0,47.0,30.8,15.2,17.0,16.2,15.6,15.2
20260606,シックパラソル,63.9,47.5,31.6,15.6,16.4,15.9,16.0,15.6
20260606,ブラックミューズ,63.5,47.0,30.5,14.9,16.5,16.5,15.6,14.9
20260606,エースフライト,64.8,47.5,30.9,15.2,17.3,16.6,15.7,15.2
20260606,ブライトキングダム,63.3,46.9,31.2,15.5,16.4,15.7,15.7,15.5
20260606,キトゥンズクラフト,64.4,47.8,31.4,15.3,16.6,16.4,16.1,15.3
20260606,ホウオウスカイハイ,66.2,48.5,32.3,16.2,17.7,16.2,16.1,16.2
20260606,キュールエフウジン,63.3,46.8,30.9,15.6,16.5,15.9,15.3,15.6
20260606,サンマルノヴェル,69.7,51.0,33.5,16.6,18.7,17.5,16.9,16.6
20260606,エイシンマールス,63.1,45.6,30.1,15.0,17.5,15.5,15.1,15.0
20260606,サカトクフェイス,66.4,48.0,31.1,15.5,18.4,16.9,15.6,15.5
20260606,タイセイレグノ,72.0,51.1,32.6,15.6,20.9,18.5,17.0,15.6
20260606,リバーソニック,66.9,48.8,32.2,16.0,18.1,16.6,16.2,16.0
20260606,スピークロウ,75.8,55.6,36.7,18.2,20.2,18.9,18.5,18.2
20260606,スマートワイス,68.5,48.8,31.8,15.9,19.7,17.0,15.9,15.9
20260606,アイブリンク,66.2,48.6,32.0,15.7,17.6,16.6,16.3,15.7
20260606,ポイントネモ,66.4,49.0,32.5,15.7,17.4,16.5,16.8,15.7
20260606,ブルーチップ,66.1,49.0,32.5,16.3,17.1,16.5,16.2,16.3
20260606,テーオーダーウィン,66.0,48.8,32.4,16.2,17.2,16.4,16.2,16.2
20260606,テーオーローズ,66.0,49.0,32.4,16.3,17.0,16.6,16.1,16.3
20260606,リチュアル,66.8,48.5,31.9,15.7,18.3,16.6,16.2,15.7
20260606,ハイドパーク,65.4,47.6,31.2,15.3,17.8,16.4,15.9,15.3
20260606,ココロヅヨサ,65.9,49.1,32.5,16.4,16.8,16.6,16.1,16.4
20260606,ルージュエピック,64.7,47.7,31.5,15.7,17.0,16.2,15.8,15.7
20260606,ケイアイアニラ,63.4,46.6,30.4,14.9,16.8,16.2,15.5,14.9
20260606,カズミクラーシュ,63.6,47.2,30.4,14.8,16.4,16.8,15.6,14.8
20260606,アウェイクネス,67.6,48.9,32.0,16.1,18.7,16.9,15.9,16.1
20260606,ロードガレリア,70.4,52.3,35.3,18.2,18.1,17.0,17.1,18.2
20260606,ロサドラーダ,64.9,49.2,32.8,16.4,15.7,16.4,16.4,16.4
20260606,オオナミコナミ,64.8,46.0,30.8,15.2,18.8,15.2,15.6,15.2
20260606,ジュエルハウス,64.0,47.1,31.9,15.7,16.9,15.2,16.2,15.7
20260606,ゼンダンハヤブサ,66.2,47.8,31.6,15.7,18.4,16.2,15.9,15.7
20260606,システマソラー,67.6,49.5,32.4,16.0,18.1,17.1,16.4,16.0
20260606,フォーオール,63.9,47.6,31.3,15.4,16.3,16.3,15.9,15.4
20260606,ウメヒナタ,63.2,46.2,30.6,15.2,17.0,15.6,15.4,15.2
20260606,レーヴドヒロイン,65.3,47.5,31.3,15.2,17.8,16.2,16.1,15.2
20260606,ロードオルデン,63.5,47.2,31.7,16.1,16.3,15.5,15.6,16.1
20260606,ママコチャ,68.2,48.1,31.4,14.6,20.1,16.7,16.8,14.6
20260606,ポッドドンナー,60.4,44.6,29.3,14.4,15.8,15.3,14.9,14.4
20260606,フランキーバローズ,65.0,47.0,31.1,15.6,18.0,15.9,15.5,15.6
20260606,ロンポワン,65.5,47.7,31.0,15.3,17.8,16.7,15.7,15.3
20260606,グロートカイザー,60.4,44.4,29.6,14.9,16.0,14.8,14.7,14.9
20260606,ノヴァレジーナ,68.7,51.0,33.6,16.2,17.7,17.4,17.4,16.2
20260606,サイモンコーラル,63.2,44.1,28.9,14.2,19.1,15.2,14.7,14.2
20260606,シュヴァルツリーベ,65.3,48.0,30.9,14.8,17.3,17.1,16.1,14.8
20260606,チョウスター,63.0,45.7,30.1,15.2,17.3,15.6,14.9,15.2
20260606,スナークラファエロ,67.4,50.3,33.1,16.2,17.1,17.2,16.9,16.2
20260606,ロードプレジール,67.8,49.0,31.8,15.8,18.8,17.2,16.0,15.8
20260606,グランデスフィーダ,63.2,45.9,30.4,15.3,17.3,15.5,15.1,15.3
20260606,ルクスディグニティ,65.2,46.6,29.9,14.8,18.6,16.7,15.1,14.8
20260606,ショウグンマサムネ,64.6,46.8,30.0,14.7,17.8,16.8,15.3,14.7
20260606,ティンタアマレラ,65.2,46.8,30.6,15.0,18.4,16.2,15.6,15.0
20260606,トウカイヘスティア,75.0,56.2,37.8,18.6,18.8,18.4,19.2,18.6
20260606,スナークルーベンス,74.5,55.5,36.2,17.2,19.0,19.3,19.0,17.2
20260606,シュガーハウス,68.5,50.2,33.3,16.3,18.3,16.9,17.0,16.3
20260606,メイショウホウレン,67.3,48.0,32.2,16.0,19.3,15.8,16.2,16.0
20260606,リテラシー,70.7,52.5,35.5,18.2,18.2,17.0,17.3,18.2
20260606,プロミシングスター,75.6,55.2,36.1,17.4,20.4,19.1,18.7,17.4
20260606,スマートピナクル,68.0,49.9,32.9,16.4,18.1,17.0,16.5,16.4
20260606,ﾒｲｼｮｳﾗｯｼｭの24,69.6,51.0,33.5,16.7,18.6,17.5,16.8,16.7
20260606,タガノノワール,68.1,49.9,33.0,16.5,18.2,16.9,16.5,16.5
20260606,キングズテイル,67.0,49.8,32.7,16.5,17.2,17.1,16.2,16.5
20260606,ボールドペイト,71.5,53.0,35.2,17.8,18.5,17.8,17.4,17.8
20260606,メイショウペルル,69.2,50.3,33.5,16.8,18.9,16.8,16.7,16.8
20260606,ブランチアウト,64.6,47.1,31.6,15.3,17.5,15.5,16.3,15.3
20260606,ワルツプリンセス,65.6,48.3,32.3,16.1,17.3,16.0,16.2,16.1
20260606,チュオンソン,66.0,49.1,32.0,15.8,16.9,17.1,16.2,15.8
20260606,シエルブリエ,71.7,52.6,34.3,16.7,19.1,18.3,17.6,16.7
20260606,ジュンクロノシップ,73.3,53.3,34.4,17.2,20.0,18.9,17.2,17.2
20260606,メイショウソウタ,67.7,49.5,32.4,15.8,18.2,17.1,16.6,15.8
20260606,クロカミジョウ,66.1,48.9,32.1,15.8,17.2,16.8,16.3,15.8
20260606,アングランパ,64.9,48.6,31.9,15.7,16.3,16.7,16.2,15.7
20260606,セキゾウ,63.4,47.4,31.5,16.3,16.0,15.9,15.2,16.3
20260605,トロヴァトーレ,59.0,43.3,28.1,14.1,15.7,15.2,14.0,14.1
20260605,セントラルヴァレー,60.2,44.5,28.9,14.3,15.7,15.6,14.6,14.3
20260605,ケナゲ,66.8,49.4,32.5,16.2,17.4,16.9,16.3,16.2
20260605,ビルバンテ,66.3,49.4,32.5,16.3,16.9,16.9,16.2,16.3
20260605,アールグレイ,61.8,44.9,29.5,14.6,16.9,15.4,14.9,14.6
20260605,サトノヴィレ,63.7,47.3,31.1,15.2,16.4,16.2,15.9,15.2
20260605,キャストロププ,70.3,52.2,34.2,16.8,18.1,18.0,17.4,16.8
20260605,ゲンパチルーナ,67.8,50.0,33.0,16.6,17.8,17.0,16.4,16.6
20260605,ビッグデイメイク,63.3,46.9,31.0,15.5,16.4,15.9,15.5,15.5
20260605,サトノラポール,63.6,46.7,30.8,15.7,16.9,15.9,15.1,15.7
20260605,ピックデムッシュ,62.0,45.6,29.9,14.7,16.4,15.7,15.2,14.7
20260605,チギリ,62.5,45.6,29.3,14.4,16.9,16.3,14.9,14.4
20260605,ピカピカサンダー,63.0,45.7,30.2,15.4,17.3,15.5,14.8,15.4
20260605,ブライトラン,68.2,49.7,33.3,16.9,18.5,16.4,16.4,16.9
20260605,シンショク,70.5,51.7,33.6,16.3,18.8,18.1,17.3,16.3
20260605,サノノグレーター,70.6,51.3,33.3,16.5,19.3,18.0,16.8,16.5
20260605,キタノソブリン,69.4,50.9,33.2,16.8,18.5,17.7,16.4,16.8
20260605,アナザーフェイス,63.6,46.2,30.5,15.6,17.4,15.7,14.9,15.6
20260605,ロジケープ,67.3,49.5,32.8,16.3,17.8,16.7,16.5,16.3
20260605,コスモアルペジオ,62.8,46.2,30.3,15.5,16.6,15.9,14.8,15.5
20260605,エヴィーヴァ,61.1,44.2,28.8,14.1,16.9,15.4,14.7,14.1
20260605,サノノキセキ,68.3,50.2,32.7,16.0,18.1,17.5,16.7,16.0
20260605,ランドジャイアンツ,70.3,51.6,33.6,16.8,18.7,18.0,16.8,16.8
20260605,キュータンチャン,69.2,50.1,32.7,16.5,19.1,17.4,16.2,16.5
20260605,アップルザビート,69.7,51.6,34.2,16.9,18.1,17.4,17.3,16.9
20260605,ボールドゾーン,62.9,46.4,30.1,15.0,16.5,16.3,15.1,15.0
20260605,レッドライトニング,68.9,50.3,32.8,16.4,18.6,17.5,16.4,16.4
20260605,マグネシアブリック,66.7,48.4,31.7,15.5,18.3,16.7,16.2,15.5
20260605,リバースザトレンド,68.1,50.1,32.7,16.6,18.0,17.4,16.1,16.6
20260605,ハスカップジャム,68.0,49.9,32.6,16.3,18.1,17.3,16.3,16.3
20260605,スカイドリーマー,65.8,49.2,32.5,16.2,16.6,16.7,16.3,16.2
20260605,コンティ,61.4,45.1,29.7,14.7,16.3,15.4,15.0,14.7
20260605,ゴーラッキー,65.8,48.2,30.7,14.8,17.6,17.5,15.9,14.8
20260605,ウップヘリーア,65.7,48.0,30.6,15.0,17.7,17.4,15.6,15.0
20260605,ショウナンハーヴェ,66.6,48.3,31.4,15.4,18.3,16.9,16.0,15.4
20260605,ゴールデンハニビー,61.1,44.7,29.6,14.6,16.4,15.1,15.0,14.6
20260605,フィリオソラーレ,70.2,52.5,34.5,17.0,17.7,18.0,17.5,17.0
20260605,ホウオウビリーヴ,70.3,52.2,34.2,16.8,18.1,18.0,17.4,16.8
20260605,サンセットブライト,70.1,51.5,33.6,16.6,18.6,17.9,17.0,16.6
20260605,アルセナール,70.2,51.5,33.5,16.6,18.7,18.0,16.9,16.6
20260605,レガーロデルシエロ,71.2,52.2,34.0,17.0,19.0,18.2,17.0,17.0
20260605,レガレイラ,72.1,53.4,34.9,17.2,18.7,18.5,17.7,17.2
20260605,ヘニーガイスト,65.0,47.9,31.6,15.7,17.1,16.3,15.9,15.7
20260605,ライネリーベ,72.2,52.8,34.6,16.9,19.4,18.2,17.7,16.9
20260605,コスモアチーブ,70.5,51.2,33.7,16.8,19.3,17.5,16.9,16.8
20260605,マイネルアレス,70.8,51.8,33.9,17.0,19.0,17.9,16.9,17.0
20260605,ニシノギャルズ,67.9,50.2,33.4,16.7,17.7,16.8,16.7,16.7
20260605,ラインクインビー,68.0,49.9,32.9,16.4,18.1,17.0,16.5,16.4
20260605,レッドマウロア,69.1,50.8,33.5,16.6,18.3,17.3,16.9,16.6
20260605,アドマイヤミラ,69.1,50.7,33.5,16.5,18.4,17.2,17.0,16.5
20260605,ジョワリヴレ,68.6,49.9,32.6,16.1,18.7,17.3,16.5,16.1
20260605,スターフラッシュ,70.6,52.1,33.8,16.4,18.5,18.3,17.4,16.4
20260605,ウイングレイテスト,62.6,45.4,29.1,14.6,17.2,16.3,14.5,14.6
20260605,ハルオーブ,63.7,47.7,31.7,15.8,16.0,16.0,15.9,15.8
20260605,トライデント,66.5,49.6,32.6,16.5,16.9,17.0,16.1,16.5
20260605,アイスブレイカー,70.6,52.1,34.3,17.0,18.5,17.8,17.3,17.0
20260605,ドバイブルース,73.5,53.8,35.6,17.7,19.7,18.2,17.9,17.7
20260605,サツキレジーナ,69.4,50.6,33.0,16.5,18.8,17.6,16.5,16.5
20260605,スマイルディシー,71.1,52.8,34.4,17.5,18.3,18.4,16.9,17.5
20260605,ゴートゥーバラモン,70.3,51.7,34.0,17.0,18.6,17.7,17.0,17.0
20260605,ハピナスター,76.3,57.6,38.2,18.9,18.7,19.4,19.3,18.9
20260605,アドミ,64.8,47.0,30.7,15.3,17.8,16.3,15.4,15.3
20260605,メテオレムナント,70.2,52.1,34.3,16.8,18.1,17.8,17.5,16.8
20260605,サツキジュエル,69.3,50.7,32.8,16.5,18.6,17.9,16.3,16.5
20260605,カワイクテゴメン,70.7,52.7,34.9,17.5,18.0,17.8,17.4,17.5
20260605,ガヤーズベース,66.9,49.7,32.7,16.2,17.2,17.0,16.5,16.2
20260605,ホカミテダメ,66.5,49.7,32.7,16.2,16.8,17.0,16.5,16.2
20260605,サマースプラッシュ,69.4,51.0,33.4,16.7,18.4,17.6,16.7,16.7
20260605,ヘクトルテソーロ,72.6,52.9,34.7,17.7,19.7,18.2,17.0,17.7
20260605,カリヨンアヴォン,66.0,48.7,32.3,16.6,17.3,16.4,15.7,16.6
20260605,ブロンクス,63.9,47.2,31.4,15.9,16.7,15.8,15.5,15.9
20260605,ゴルトシェーン,63.3,47.1,31.1,15.7,16.2,16.0,15.4,15.7
20260605,カリーシ,63.2,46.7,31.2,15.7,16.5,15.5,15.5,15.7
20260605,トキメキジニア,63.4,46.4,30.4,14.8,17.0,16.0,15.6,14.8
20260605,ファリーザ,64.9,47.2,29.7,14.2,17.7,17.5,15.5,14.2
20260605,リオンアンサー,71.4,51.8,34.2,17.2,19.6,17.6,17.0,17.2
20260605,カゼノオモイデ,70.6,51.9,34.8,17.6,18.7,17.1,17.2,17.6
20260605,デルマツルギ,63.1,46.7,30.3,15.2,16.4,16.4,15.1,15.2
20260605,アーリマックス,71.2,51.6,34.0,16.9,19.6,17.6,17.1,16.9
20260605,シャトーベスト,65.0,48.2,31.8,15.6,16.8,16.4,16.2,15.6
20260605,イゲマジャ,70.1,51.4,33.8,16.9,18.7,17.6,16.9,16.9
20260605,エストレアボニータ,64.8,47.6,31.6,15.6,17.2,16.0,16.0,15.6
20260605,サイモンカーチス,70.9,51.1,33.4,16.7,19.8,17.7,16.7,16.7
20260605,ウインドラート,68.3,50.2,32.9,16.6,18.1,17.3,16.3,16.6
20260605,ゴールデンルーキー,64.6,47.5,31.3,15.5,17.1,16.2,15.8,15.5
20260605,カフェブーケット,67.4,49.1,32.1,15.8,18.3,17.0,16.3,15.8
20260605,シュエットアムール,66.3,47.9,30.9,15.1,18.4,17.0,15.8,15.1
20260605,ロフティストーリー,64.8,48.0,32.0,15.9,16.8,16.0,16.1,15.9
20260605,ヘルヴィッツ,62.8,45.3,28.6,13.8,17.5,16.7,14.8,13.8
20260605,ベアブルージュ,69.6,51.2,33.4,16.7,18.4,17.8,16.7,16.7
20260605,グラデュエール,64.4,46.9,31.0,15.8,17.5,15.9,15.2,15.8
20260605,ナリノシャーウッド,70.2,51.2,32.8,15.9,19.0,18.4,16.9,15.9
20260605,サクセスゴールド,66.4,49.2,32.7,16.3,17.2,16.5,16.4,16.3
20260605,サクラトップラック,69.9,50.9,33.0,16.1,19.0,17.9,16.9,16.1
20260605,マイティドレイブン,62.6,45.1,28.6,13.7,17.5,16.5,14.9,13.7
20260605,クシェドゥソレイユ,70.5,51.7,34.0,16.5,18.8,17.7,17.5,16.5
20260605,ワンダリングスター,73.8,54.6,36.1,17.7,19.2,18.5,18.4,17.7
20260605,テングカゼ,71.8,53.4,35.6,17.2,18.4,17.8,18.4,17.2
20260605,ヴィクトリドライブ,71.3,51.6,34.0,16.8,19.7,17.6,17.2,16.8
20260605,ラッキーヤース,69.9,51.0,33.3,16.6,18.9,17.7,16.7,16.6
20260605,ステートオブロック,66.1,47.3,30.5,14.9,18.8,16.8,15.6,14.9
20260605,ザローズハーツ,68.6,50.9,33.4,16.4,17.7,17.5,17.0,16.4
20260605,ペプチドドリーム,65.6,48.6,31.4,15.0,17.0,17.2,16.4,15.0
20260605,アテナガール,65.1,48.0,30.6,15.5,17.1,17.4,15.1,15.5
20260605,マジェステラ,72.6,54.6,36.9,18.3,18.0,17.7,18.6,18.3
20260605,ドリームガッサン,66.8,48.8,31.6,15.0,18.0,17.2,16.6,15.0
20260605,トモジャオーリー,73.3,53.9,35.2,17.6,19.4,18.7,17.6,17.6
20260605,ジングアップ,69.8,51.1,33.1,16.4,18.7,18.0,16.7,16.4
20260605,シンギュラリティ,64.9,47.9,30.8,15.4,17.0,17.1,15.4,15.4
20260605,フェスティヴハート,67.0,49.4,32.7,16.2,17.6,16.7,16.5,16.2
20260605,ニシノマルガリート,65.7,48.7,32.2,15.8,17.0,16.5,16.4,15.8
20260605,アジュアカレンツ,65.7,48.4,31.5,15.9,17.3,16.9,15.6,15.9
20260605,ウインスフェーン,74.9,53.3,33.1,15.2,21.6,20.2,17.9,15.2
20260605,フタイテンロック,65.4,47.3,31.2,15.6,18.1,16.1,15.6,15.6
20260605,レザンノワール,53.5,39.1,24.9,12.3,14.4,14.2,12.6,12.3
20260605,ライフゲート,53.9,39.8,25.2,12.1,14.1,14.6,13.1,12.1
20260605,コスモシェルベット,70.3,49.9,32.6,15.6,20.4,17.3,17.0,15.6
20260605,カキュウ,67.8,49.8,33.0,15.8,18.0,16.8,17.2,15.8
20260605,カガラプンツェル,66.2,48.5,31.4,15.4,17.7,17.1,16.0,15.4
20260605,シンエンドーツダ,65.9,48.6,31.9,16.1,17.3,16.7,15.8,16.1
20260605,ステークホルダー,66.5,49.3,32.8,16.4,17.2,16.5,16.4,16.4
20260605,ロサンゼルス,66.5,48.6,31.9,15.4,17.9,16.7,16.5,15.4
20260605,アラスカフレイバー,66.9,50.3,33.3,16.9,16.6,17.0,16.4,16.9
20260605,ミクストベリーズ,66.2,48.0,31.1,15.2,18.2,16.9,15.9,15.2
20260605,ダイユウレゾナンス,65.1,47.3,30.8,15.1,17.8,16.5,15.7,15.1
20260605,タマモブレイキン,67.7,49.2,32.1,15.8,18.5,17.1,16.3,15.8
20260605,クラウンロムパイア,64.5,47.4,31.2,15.8,17.1,16.2,15.4,15.8
20260605,ゴールデンオスカー,67.4,49.4,31.6,15.2,18.0,17.8,16.4,15.2
20260605,ディアスポラ,69.6,50.8,32.9,16.0,18.8,17.9,16.9,16.0
20260605,ミーントゥビー,72.8,51.8,32.6,15.3,21.0,19.2,17.3,15.3
20260605,オーキーベルセルク,65.1,48.7,32.3,15.8,16.4,16.4,16.5,15.8
20260605,エイシンジザイテン,70.2,51.7,35.0,17.6,18.5,16.7,17.4,17.6
20260605,ラングロワブリッジ,65.4,48.1,30.8,15.2,17.3,17.3,15.6,15.2
20260605,ノヴェルアレイア,68.0,49.0,31.9,15.8,19.0,17.1,16.1,15.8
20260605,デヴィーア,68.2,49.6,32.4,16.3,18.6,17.2,16.1,16.3
20260605,ドミナートル,68.0,49.1,31.9,15.9,18.9,17.2,16.0,15.9
20260605,プチブール,65.2,48.1,31.2,15.2,17.1,16.9,16.0,15.2
20260605,アトリウムチャペル,54.7,39.7,26.1,13.2,15.0,13.6,12.9,13.2
20260605,ウェスケンジントン,64.8,47.5,30.7,14.8,17.3,16.8,15.9,14.8
20260605,ロングラン,66.4,49.2,32.5,15.9,17.2,16.7,16.6,15.9
20260605,アッチャゴーラ,68.4,50.1,33.0,16.6,18.3,17.1,16.4,16.6
20260605,トラマンダーレ,70.1,0.0,33.9,16.7,0.0,0.0,17.2,16.7
20260605,サトノシュトローム,72.0,53.9,35.9,17.9,18.1,18.0,18.0,17.9
20260605,ライクアフラワー,74.3,52.9,33.2,16.0,21.4,19.7,17.2,16.0
20260605,エアトベーレ,68.2,50.5,32.8,15.9,17.7,17.7,16.9,15.9
20260605,デスサイズ,63.8,46.7,30.7,15.1,17.1,16.0,15.6,15.1
20260605,アグネスブリッツ,68.2,50.1,32.4,15.7,18.1,17.7,16.7,15.7
20260605,ジーティーヒラリ,62.7,45.7,29.4,14.7,17.0,16.3,14.7,14.7
20260605,モートンアイランド,55.2,40.3,25.0,12.3,14.9,15.3,12.7,12.3
20260605,エフエイト,67.4,50.4,33.4,16.7,17.0,17.0,16.7,16.7
20260605,ルシード,68.9,50.6,32.9,16.4,18.3,17.7,16.5,16.4
20260605,ジューングレイス,73.7,54.0,35.2,17.9,19.7,18.8,17.3,17.9
20260605,クラックアスマイル,69.2,51.0,33.5,16.8,18.2,17.5,16.7,16.8
20260605,ナックレジーナ,68.1,49.9,32.8,16.6,18.2,17.1,16.2,16.6
20260605,リナクィーンアスク,67.9,49.9,32.8,15.9,18.0,17.1,16.9,15.9
20260605,ブルーリファール,67.1,50.2,33.3,16.7,16.9,16.9,16.6,16.7
20260605,ゼータレティクル,66.9,48.8,31.6,15.6,18.1,17.2,16.0,15.6
20260605,ストーリーオブラブ,67.7,49.4,32.5,16.3,18.3,16.9,16.2,16.3
20260605,スマイルカーブ,66.0,48.0,30.8,15.0,18.0,17.2,15.8,15.0
20260605,アンディラメナ,68.9,50.6,32.9,16.5,18.3,17.7,16.4,16.5
20260605,デアプリームス,66.6,49.2,32.4,16.5,17.4,16.8,15.9,16.5
20260605,クールストラッチン,68.2,50.4,32.8,16.5,17.8,17.6,16.3,16.5
20260605,セイウンオオゾラ,64.1,46.9,31.1,15.5,17.2,15.8,15.6,15.5
20260605,ニシノマティーニ,63.8,46.6,30.8,15.5,17.2,15.8,15.3,15.5
20260605,サラスヴァティー,66.3,48.8,30.9,15.0,17.5,17.9,15.9,15.0
20260605,シンショク,65.7,48.2,31.7,16.1,17.5,16.5,15.6,16.1
20260605,サノノグレーター,65.4,48.0,31.7,16.2,17.4,16.3,15.5,16.2
20260605,ラウターユーベル,63.7,48.4,31.7,15.8,15.3,16.7,15.9,15.8
20260605,ムーングレイル,67.2,49.1,31.1,15.2,18.1,18.0,15.9,15.2
20260605,プリティーミズホ,65.3,48.3,31.7,15.5,17.0,16.6,16.2,15.5
20260605,テンレディーゴー,62.0,46.0,30.1,15.1,16.0,15.9,15.0,15.1
20260605,クルビデンス,61.3,45.0,29.5,14.2,16.3,15.5,15.3,14.2
20260605,コーリンクレア,66.7,48.6,30.9,15.5,18.1,17.7,15.4,15.5
20260605,ウインポーシャ,55.3,40.4,26.7,13.1,14.9,13.7,13.6,13.1
20260605,ナディア,64.1,47.6,31.0,15.2,16.5,16.6,15.8,15.2
20260605,ペイシャラム,65.1,47.8,31.2,15.6,17.3,16.6,15.6,15.6
20260605,マンサニージャ,63.0,46.0,30.1,15.1,17.0,15.9,15.0,15.1
20260605,ウチュウノセカイ,64.1,47.9,31.8,15.8,16.2,16.1,16.0,15.8
20260605,ゴディアーモ,65.9,48.3,31.1,15.3,17.6,17.2,15.8,15.3
20260605,マリノシークレット,55.6,40.7,26.7,13.6,14.9,14.0,13.1,13.6
20260605,エムアイブレイズ,65.1,48.6,31.8,15.6,16.5,16.8,16.2,15.6
20260605,アーバーバイティ,55.8,41.0,26.9,13.8,14.8,14.1,13.1,13.8
20260605,マイネルリコルディ,64.9,48.3,31.9,16.0,16.6,16.4,15.9,16.0
20260605,クラウンフリード,67.5,49.3,32.3,16.1,18.2,17.0,16.2,16.1
20260605,ハイバーニアン,68.0,50.1,32.3,15.9,17.9,17.8,16.4,15.9
20260605,ホウオウロレンシア,69.9,51.6,34.1,16.6,18.3,17.5,17.5,16.6
20260605,ゴールドパレード,66.7,49.0,32.4,16.3,17.7,16.6,16.1,16.3
20260605,プロミスライン,65.8,47.9,31.0,15.2,17.9,16.9,15.8,15.2
20260605,ドゥーニ,64.3,47.1,31.2,15.9,17.2,15.9,15.3,15.9
20260605,ヴィスクレス,66.1,49.0,32.6,16.4,17.1,16.4,16.2,16.4
20260605,フェンリル,71.5,53.3,35.0,17.4,18.2,18.3,17.6,17.4
20260605,パンパネイラ,70.3,51.8,34.2,17.2,18.5,17.6,17.0,17.2
20260605,モンスターラッシュ,72.0,53.1,35.1,17.2,18.9,18.0,17.9,17.2
20260605,エコールナヴァール,65.3,47.7,30.2,14.4,17.6,17.5,15.8,14.4
20260605,テリオスノバ,58.3,43.0,28.2,13.5,15.3,14.8,14.7,13.5
20260605,グルドロッティン,65.1,47.8,31.4,15.5,17.3,16.4,15.9,15.5
20260605,サンセットブライト,65.6,48.6,32.0,16.2,17.0,16.6,15.8,16.2
20260605,トラストボス,70.7,50.9,32.4,16.4,19.8,18.5,16.0,16.4
20260605,シャオシンユン,62.0,45.4,29.6,14.3,16.6,15.8,15.3,14.3
20260605,マイネルアレス,65.3,48.4,31.9,16.2,16.9,16.5,15.7,16.2
20260605,モーニングダリア,69.7,51.2,33.0,15.9,18.5,18.2,17.1,15.9
20260605,ロジキセキ,64.1,47.7,31.1,15.7,16.4,16.6,15.4,15.7
20260605,リバージュエル,67.7,49.8,32.2,16.4,17.9,17.6,15.8,16.4
20260605,リゼクールグレー,70.6,50.7,32.5,16.8,19.9,18.2,15.7,16.8
20260605,ブリスフルイヤー,62.9,45.8,29.9,14.9,17.1,15.9,15.0,14.9
20260605,ブレイブシュガー,68.7,49.4,31.9,15.7,19.3,17.5,16.2,15.7
20260605,タイセイエムロード,64.2,47.9,31.7,15.9,16.3,16.2,15.8,15.9
20260605,ディル,68.5,49.8,32.1,15.7,18.7,17.7,16.4,15.7
20260605,レッドリファインド,67.8,50.8,33.3,16.8,17.0,17.5,16.5,16.8
20260605,ルージュボニート,68.0,50.3,32.7,16.1,17.7,17.6,16.6,16.1
20260605,ジュンヴォルティス,68.2,49.9,32.5,16.3,18.3,17.4,16.2,16.3
20260605,クロドラバール,64.5,48.3,32.4,16.5,16.2,15.9,15.9,16.5
20260605,コスモアチーブ,63.0,47.6,31.5,16.1,15.4,16.1,15.4,16.1
20260605,タケショウカイザー,60.5,45.1,30.1,15.2,15.4,15.0,14.9,15.2
20260605,ハデステソーロ,69.9,51.8,34.0,17.2,18.1,17.8,16.8,17.2
20260605,ドバイブルース,54.1,39.4,26.1,13.2,14.7,13.3,12.9,13.2
20260605,レッドインサイト,70.2,51.8,33.6,16.6,18.4,18.2,17.0,16.6
20260605,ズイウンゴサイ,64.0,48.3,31.6,16.0,15.7,16.7,15.6,16.0
20260605,ティアップドライブ,77.6,54.6,35.4,17.8,23.0,19.2,17.6,17.8
20260605,ロフティストーリー,66.8,50.0,33.5,17.1,16.8,16.5,16.4,17.1
20260605,アーリマックス,72.6,53.1,35.4,17.7,19.5,17.7,17.7,17.7
20260605,ナリノシャーウッド,69.9,51.1,33.3,16.4,18.8,17.8,16.9,16.4
20260605,イゲマジャ,70.6,51.6,33.8,17.0,19.0,17.8,16.8,17.0
20260605,サクセスゴールド,66.4,49.8,33.1,16.7,16.6,16.7,16.4,16.7
20260605,アーティキュレート,66.6,49.2,32.7,16.8,17.4,16.5,15.9,16.8
20260605,ヒドラテソーロ,75.9,54.7,35.3,17.6,21.2,19.4,17.7,17.6
20260605,サクラトップラック,70.1,51.0,33.1,16.4,19.1,17.9,16.7,16.4
20260605,アイアムキレマスネ,75.9,54.8,35.4,17.7,21.1,19.4,17.7,17.7
20260605,ムーチョピカンテ,75.0,54.5,35.2,17.6,20.5,19.3,17.6,17.6
20260605,ラガリーガ,67.5,49.8,33.3,16.9,17.7,16.5,16.4,16.9
20260605,サイモンカーチス,68.6,49.7,32.8,16.3,18.9,16.9,16.5,16.3
20260605,オルグジェシダ,65.2,47.0,30.1,14.5,18.2,16.9,15.6,14.5
20260605,ダノンエンブレム,60.1,43.3,28.2,13.8,16.8,15.1,14.4,13.8
20260605,レッドシュトラール,64.3,47.5,31.0,15.4,16.8,16.5,15.6,15.4
20260605,ディールメーカー,63.9,46.7,30.2,15.0,17.2,16.5,15.2,15.0
20260605,アドマイヤウルトラ,68.5,49.7,31.5,15.4,18.8,18.2,16.1,15.4
20260605,ダーリングハースト,68.9,49.6,31.3,15.4,19.3,18.3,15.9,15.4
20260605,ワンダリングスター,69.2,51.3,33.5,16.6,17.9,17.8,16.9,16.6
20260605,テングカゼ,69.6,51.4,33.7,16.8,18.2,17.7,16.9,16.8
20260605,ヴォンヌヴォー,70.1,51.0,32.7,15.9,19.1,18.3,16.8,15.9
20260605,ウインボレロ,68.2,51.2,34.3,17.8,17.0,16.9,16.5,17.8
20260605,ファンダム,69.5,50.4,32.5,15.5,19.1,17.9,17.0,15.5
20260605,グレイテストソング,74.1,53.0,34.2,16.9,21.1,18.8,17.3,16.9
20260605,ショービット,73.5,52.4,33.8,16.7,21.1,18.6,17.1,16.7
20260605,クアラトレンガヌ,73.0,52.8,33.6,16.8,20.2,19.2,16.8,16.8
20260605,ミサトレジーナ,69.7,50.9,32.2,15.6,18.8,18.7,16.6,15.6
20260605,ライングラウス,69.9,52.1,35.4,18.2,17.8,16.7,17.2,18.2
20260605,テンポアニマート,69.0,50.9,34.1,17.3,18.1,16.8,16.8,17.3
20260605,ステークホルダー,63.9,47.0,31.1,15.5,16.9,15.9,15.6,15.5
20260605,サトノワーグナー,64.2,47.3,30.7,14.9,16.9,16.6,15.8,14.9
20260605,タニセンローマ,65.5,48.1,31.4,15.2,17.4,16.7,16.2,15.2
20260605,アルティシエル,103.8,73.2,45.0,21.3,30.6,28.2,23.7,21.3
20260605,グランアルト,64.3,47.6,31.2,15.3,16.7,16.4,15.9,15.3
20260605,シークレットシティ,70.6,51.5,33.5,16.0,19.1,18.0,17.5,16.0
20260605,ドンレパルス,72.8,53.2,34.8,17.1,19.6,18.4,17.7,17.1
20260605,マイバラード,68.1,49.0,31.6,16.1,19.1,17.4,15.5,16.1
20260605,ドントゥザムーン,72.1,53.1,34.3,17.1,19.0,18.8,17.2,17.1
20260605,サンタアニタ,63.6,47.4,31.3,15.3,16.2,16.1,16.0,15.3
20260605,ミリオンクラウン,67.4,50.9,33.9,17.0,16.5,17.0,16.9,17.0
20260605,フィーユレアル,63.7,47.1,31.0,15.2,16.6,16.1,15.8,15.2
20260605,ウインガネーシャ,72.3,53.0,34.4,16.8,19.3,18.6,17.6,16.8
20260605,スウェーバック,70.9,51.5,33.8,17.0,19.4,17.7,16.8,17.0
20260605,ヴンダーバール,64.6,47.4,31.1,15.5,17.2,16.3,15.6,15.5
20260605,ｽｽﾞｶﾌﾟﾘｽﾞﾑの24,72.3,53.1,34.4,16.9,19.2,18.7,17.5,16.9
20260605,モルスリール,72.1,53.1,34.4,17.1,19.0,18.7,17.3,17.1
20260605,デミアン,66.6,49.4,32.7,16.5,17.2,16.7,16.2,16.5
20260605,レイフロレット,77.6,57.3,37.7,18.7,20.3,19.6,19.0,18.7
20260605,カイトヴィント,63.9,47.4,31.2,15.5,16.5,16.2,15.7,15.5
20260605,クインズシフォン,65.2,48.8,32.4,16.0,16.4,16.4,16.4,16.0
20260605,フィーチャリング,69.1,49.6,32.2,16.1,19.5,17.4,16.1,16.1
20260605,クワッドマリニン,62.6,46.1,30.0,14.6,16.5,16.1,15.4,14.6
20260605,ハクサンミレイ,67.9,49.3,32.4,16.0,18.6,16.9,16.4,16.0
20260605,ニシノランペイジ,69.1,51.0,34.3,17.4,18.1,16.7,16.9,17.4
20260605,クレアノア,66.3,49.4,33.3,16.7,16.9,16.1,16.6,16.7
20260605,スムースベルベット,63.4,47.4,31.3,16.0,16.0,16.1,15.3,16.0
20260605,アツキヤマト,62.4,46.0,30.2,15.0,16.4,15.8,15.2,15.0
20260605,アテナブレイブ,67.7,50.5,33.9,17.1,17.2,16.6,16.8,17.1
20260605,ポストトゥルース,67.5,49.7,32.4,15.9,17.8,17.3,16.5,15.9
20260605,エーアイラピド,69.9,51.7,34.2,17.3,18.2,17.5,16.9,17.3
20260605,ロングラン,67.6,49.7,31.8,14.9,17.9,17.9,16.9,14.9
20260605,サトノアインス,68.1,49.7,33.1,16.7,18.4,16.6,16.4,16.7
20260605,タマモトリノ,70.0,50.8,32.5,15.9,19.2,18.3,16.6,15.9
20260605,クラックアスマイル,71.4,52.6,34.6,17.3,18.8,18.0,17.3,17.3
20260605,クールストラッチン,74.5,54.7,34.8,17.4,19.8,19.9,17.4,17.4
20260605,フェデルミエール,70.7,52.8,35.2,17.6,17.9,17.6,17.6,17.6
20260605,ステラゲイル,68.1,50.1,32.4,16.1,18.0,17.7,16.3,16.1
20260605,ラヴィニアパーク,66.7,49.7,32.8,16.5,17.0,16.9,16.3,16.5
20260605,スターツトゥデイ,117.3,86.2,57.3,28.5,31.1,28.9,28.8,28.5
20260605,ミッキーサウザンド,63.8,47.7,32.1,15.9,16.1,15.6,16.2,15.9
20260605,グランフォワイエ,66.3,47.4,29.8,14.1,18.9,17.6,15.7,14.1
20260605,セルレーヴ,67.7,48.8,31.0,14.9,18.9,17.8,16.1,14.9
20260605,ベルウッドディープ,66.7,48.7,31.6,15.7,18.0,17.1,15.9,15.7
20260605,リベラリズモ,68.4,49.6,31.8,15.4,18.8,17.8,16.4,15.4
20260605,コーシューパンジャ,65.9,47.4,30.9,15.4,18.5,16.5,15.5,15.4
20260605,クイーンレグナント,65.0,47.6,31.9,15.8,17.4,15.7,16.1,15.8
20260605,ロココ,53.5,39.0,25.5,12.7,14.5,13.5,12.8,12.7
20260605,ヴァルカンテソーロ,63.8,46.5,30.6,15.3,17.3,15.9,15.3,15.3
20260605,センターアイランド,64.3,47.3,31.5,15.9,17.0,15.8,15.6,15.9
20260605,アドミラルシップ,66.3,47.7,31.0,15.8,18.6,16.7,15.2,15.8
20260605,アンニャンクッキー,66.0,47.9,30.3,15.0,18.1,17.6,15.3,15.0
20260605,マツリダイコ,59.0,43.7,29.3,14.8,15.3,14.4,14.5,14.8
20260605,ホウオウフロイト,82.7,60.8,39.9,19.6,21.9,20.9,20.3,19.6
20260605,トレンドマーチ,68.2,51.1,33.9,17.0,17.1,17.2,16.9,17.0
20260605,ブラックゲイル,70.1,52.3,34.8,17.4,17.8,17.5,17.4,17.4
20260605,キタノバトゥーキ,69.1,51.9,34.5,17.4,17.2,17.4,17.1,17.4
20260605,オペラプラージュ,62.9,46.3,29.9,14.8,16.6,16.4,15.1,14.8
20260605,リアライズオーラム,63.5,46.3,30.5,15.3,17.2,15.8,15.2,15.3
20260605,ルクスレイモンド,63.2,46.9,31.1,15.5,16.3,15.8,15.6,15.5
20260605,デンプシー,67.3,49.0,31.5,15.7,18.3,17.5,15.8,15.7
20260605,レオホー,70.2,51.9,33.6,16.6,18.3,18.3,17.0,16.6
20260605,レディレックス,69.9,51.2,33.3,16.6,18.7,17.9,16.7,16.6
20260605,オルッス,68.9,51.1,32.9,16.2,17.8,18.2,16.7,16.2
20260605,ファウナード,63.8,47.0,31.1,15.6,16.8,15.9,15.5,15.6
20260605,イージーブリージー,68.0,49.8,33.2,17.0,18.2,16.6,16.2,17.0
20260605,マイネルモメンタム,64.3,47.2,30.6,15.3,17.1,16.6,15.3,15.3
20260605,スペルビア,68.5,50.2,32.5,16.2,18.3,17.7,16.3,16.2
20260605,マーゴットゲイン,69.9,51.7,33.9,16.7,18.2,17.8,17.2,16.7
20260605,キョウエイシュバル,64.4,47.7,31.3,15.9,16.7,16.4,15.4,15.9
20260605,ジェイエルモーダル,62.6,46.4,30.8,15.1,16.2,15.6,15.7,15.1
20260605,ジェイエルバージ,71.5,53.2,35.7,18.0,18.3,17.5,17.7,18.0
20260605,エルアン,68.6,50.5,32.9,16.2,18.1,17.6,16.7,16.2
20260605,デルマハルナ,68.6,50.4,32.9,16.2,18.2,17.5,16.7,16.2
20260605,エーデルハイ,68.5,50.0,32.8,16.5,18.5,17.2,16.3,16.5
20260605,ピースサイン,68.6,50.6,33.0,16.1,18.0,17.6,16.9,16.1
20260605,アースヴィンチ,67.3,48.3,31.5,16.0,19.0,16.8,15.5,16.0
20260605,アイムインディ,62.0,45.7,29.8,14.6,16.3,15.9,15.2,14.6
20260605,ラッキースウィッチ,62.7,46.0,30.2,15.0,16.7,15.8,15.2,15.0
20260605,ミルトハーバー,65.9,48.9,31.9,16.1,17.0,17.0,15.8,16.1
20260605,ダイユウヴェンティ,63.7,46.5,30.4,14.9,17.2,16.1,15.5,14.9
20260605,ジェイエルサーベイ,65.9,48.4,31.6,16.0,17.5,16.8,15.6,16.0
20260605,ウォーレーションズ,70.0,51.8,34.0,16.6,18.2,17.8,17.4,16.6
20260605,デルマシラカミ,72.6,53.1,34.6,17.3,19.5,18.5,17.3,17.3
20260605,ニシノリリックス,73.1,53.5,34.9,17.4,19.6,18.6,17.5,17.4
20260605,ブルドッグドン,72.8,53.0,34.7,17.1,19.8,18.3,17.6,17.1
20260605,サンブライト,65.2,46.7,30.2,14.2,18.5,16.5,16.0,14.2
20260605,リケアマカロニ,67.0,50.0,32.5,16.4,17.0,17.5,16.1,16.4
20260605,ロードリュイール,62.4,46.1,30.1,14.3,16.3,16.0,15.8,14.3
20260605,ウィンターブリーズ,58.4,43.2,27.9,13.8,15.2,15.3,14.1,13.8
20260605,キタイノホシ,65.6,48.0,30.8,15.1,17.6,17.2,15.7,15.1
20260605,スワーヴマルス,63.3,46.6,30.5,15.2,16.7,16.1,15.3,15.2
20260605,チャームジュネーヴ,66.6,49.0,31.6,15.4,17.6,17.4,16.2,15.4
20260605,ブライテストドーン,55.0,40.3,26.2,12.7,14.7,14.1,13.5,12.7
20260605,シックスペンス,63.2,46.0,30.0,14.9,17.2,16.0,15.1,14.9
20260605,ゴーントゥファー,67.4,49.3,31.7,15.3,18.1,17.6,16.4,15.3
20260605,アイファーファイト,69.9,50.4,32.5,16.2,19.5,17.9,16.3,16.2
20260605,クロースコンバット,64.9,48.2,32.3,16.5,16.7,15.9,15.8,16.5
20260605,ゴールドアローン,69.9,51.6,34.0,16.9,18.3,17.6,17.1,16.9
20260605,ミスターマーボー,67.3,49.4,32.5,16.3,17.9,16.9,16.2,16.3
20260605,デルマテイネ,72.4,55.1,38.0,19.7,17.3,17.1,18.3,19.7
20260605,マインセーラ,73.2,55.5,37.1,18.8,17.7,18.4,18.3,18.8
20260605,エクスプレスナイト,72.5,53.4,35.3,17.5,19.1,18.1,17.8,17.5
20260605,オウケンボルト,70.9,51.0,32.6,15.9,19.9,18.4,16.7,15.9
20260605,ハチマン,66.1,48.4,31.4,15.0,17.7,17.0,16.4,15.0
20260605,カフェプラウド,65.3,48.1,31.5,15.1,17.2,16.6,16.4,15.1
20260605,クールフィデル,64.8,46.9,30.8,15.2,17.9,16.1,15.6,15.2
20260605,レヴェンドール,66.1,48.8,32.1,15.8,17.3,16.7,16.3,15.8
20260605,ウイニングレイ,69.6,51.1,33.2,16.6,18.5,17.9,16.6,16.6
20260605,クレオズニードル,62.8,46.5,30.5,15.0,16.3,16.0,15.5,15.0
20260605,クラウントリオンフ,68.9,51.0,33.6,16.7,17.9,17.4,16.9,16.7
20260605,フェリスセンダ,68.8,51.0,33.5,16.6,17.8,17.5,16.9,16.6
20260605,ニューロファイター,63.1,45.7,29.8,14.9,17.4,15.9,14.9,14.9
20260605,アルヴィア,69.0,50.8,32.9,16.4,18.2,17.9,16.5,16.4
20260605,トゥラッタッタ,68.1,50.3,33.4,16.4,17.8,16.9,17.0,16.4
20260605,ボールドハーテッド,72.6,53.9,36.3,18.2,18.7,17.6,18.1,18.2
20260605,ツァガーンサル,71.2,52.5,33.8,16.8,18.7,18.7,17.0,16.8
20260605,ジェイエルトランプ,71.1,52.1,33.7,16.9,19.0,18.4,16.8,16.9
20260605,デリシューズマン,73.9,53.9,34.8,17.4,20.0,19.1,17.4,17.4
20260605,イキフン,69.9,51.8,34.8,17.7,18.1,17.0,17.1,17.7
20260605,タイキバルドル,64.4,48.2,32.2,15.9,16.2,16.0,16.3,15.9
20260605,サイモンナイスラン,68.0,51.3,35.1,17.7,16.7,16.2,17.4,17.7
20260605,グレイスルーラー,67.7,49.6,32.4,16.1,18.1,17.2,16.3,16.1
20260605,ホウオウプレミア,70.6,51.8,34.3,17.4,18.8,17.5,16.9,17.4
20260605,ファンシーズ,67.0,48.6,31.6,15.7,18.4,17.0,15.9,15.7
20260605,イナンナ,62.0,45.4,29.6,14.6,16.6,15.8,15.0,14.6
20260605,ジェントルアイズ,72.4,54.0,36.2,18.7,18.4,17.8,17.5,18.7
20260605,ｶﾗｸﾚﾅｲの24,72.7,54.3,36.4,18.6,18.4,17.9,17.8,18.6
20260605,ビーオンザカバー,69.4,50.9,33.3,15.8,18.5,17.6,17.5,15.8
20260605,ウインビギニング,66.2,48.7,31.5,15.6,17.5,17.2,15.9,15.6
20260605,デルマザオウ,67.4,49.1,31.9,16.2,18.3,17.2,15.7,16.2
20260605,タイキブリッツェン,66.9,49.1,32.1,15.5,17.8,17.0,16.6,15.5
20260605,ルクソンライト,67.0,48.7,31.8,15.8,18.3,16.9,16.0,15.8
20260605,エスシーレイジュ,66.4,48.8,31.5,15.7,17.6,17.3,15.8,15.7
20260605,ダイヒョウカーク,74.1,54.4,35.4,17.6,19.7,19.0,17.8,17.6
20260605,テムファイア,66.1,48.4,31.7,15.6,17.7,16.7,16.1,15.6
20260605,ジーティーストーム,73.7,54.7,35.9,18.3,19.0,18.8,17.6,18.3
20260605,タイセイアドーレ,68.0,50.0,33.3,16.6,18.0,16.7,16.7,16.6
20260605,ラヴレイン,71.4,52.4,34.0,17.1,19.0,18.4,16.9,17.1
20260605,ラスティングスノー,67.9,48.7,31.7,16.0,19.2,17.0,15.7,16.0
20260605,ドナソラーレ,68.1,48.9,31.5,16.4,19.2,17.4,15.1,16.4
20260605,アイファーファイト,64.6,46.7,29.4,13.4,17.9,17.3,16.0,13.4
20260605,プルーヴンウィナー,66.8,49.7,32.8,15.9,17.1,16.9,16.9,15.9
20260605,イミグラントソング,68.9,51.4,33.6,16.0,17.5,17.8,17.6,16.0
20260605,デルマテイネ,68.9,51.4,34.6,17.8,17.5,16.8,16.8,17.8
20260605,マインセーラ,69.7,52.6,35.4,17.6,17.1,17.2,17.8,17.6
20260605,ヤマメイッカ,65.3,48.2,31.7,15.7,17.1,16.5,16.0,15.7
20260605,タッセルノット,71.7,53.7,36.0,17.9,18.0,17.7,18.1,17.9
20260605,ザーフィル,76.4,55.2,35.3,17.1,21.2,19.9,18.2,17.1
20260605,エーオープリマ,66.1,49.4,33.0,16.4,16.7,16.4,16.6,16.4
20260605,ウインワーグナー,71.3,53.5,35.3,17.6,17.8,18.2,17.7,17.6
20260605,ジーティーフクジ,68.3,50.8,33.4,15.6,17.5,17.4,17.8,15.6
20260605,マーキュリーダイム,67.2,50.2,33.1,16.7,17.0,17.1,16.4,16.7
20260605,ダンシングアワー,77.5,56.9,37.1,18.4,20.6,19.8,18.7,18.4
20260605,エストゥペンダ,68.7,50.7,32.6,16.3,18.0,18.1,16.3,16.3
20260605,ヒロピアーナ,66.9,49.3,31.9,15.5,17.6,17.4,16.4,15.5
20260605,イモータルバード,65.3,48.3,31.5,15.7,17.0,16.8,15.8,15.7
20260605,レイズレガシー,65.0,47.5,31.1,15.1,17.5,16.4,16.0,15.1
20260605,ロンバスブレス,64.4,47.1,30.3,15.0,17.3,16.8,15.3,15.0
20260605,モーモーゼロ,67.4,49.7,32.3,15.8,17.7,17.4,16.5,15.8
20260605,プルヴィナル,66.5,48.9,32.4,16.0,17.6,16.5,16.4,16.0
20260605,アッシズオブローズ,64.8,47.9,31.3,15.6,16.9,16.6,15.7,15.6
20260605,デスティネ,70.6,52.0,34.3,17.0,18.6,17.7,17.3,17.0
20260605,レオスキーム,67.8,49.4,32.1,16.2,18.4,17.3,15.9,16.2
20260605,ロードプレリュード,69.6,50.9,33.6,16.9,18.7,17.3,16.7,16.9
20260605,レイククレセント,59.7,43.9,28.6,14.2,15.8,15.3,14.4,14.2
20260605,ホウオウギンガ,68.6,49.9,32.5,15.9,18.7,17.4,16.6,15.9
20260605,ヴィクトリーマンボ,67.8,49.6,32.7,15.7,18.2,16.9,17.0,15.7
20260605,ビンバラ,68.2,49.7,32.4,15.5,18.5,17.3,16.9,15.5
20260605,ショウナンマルチ,67.9,50.0,32.4,15.7,17.9,17.6,16.7,15.7
20260605,リッツパーティー,67.5,50.7,33.8,17.2,16.8,16.9,16.6,17.2
20260605,ツウキンカイソク,67.5,50.5,33.5,17.2,17.0,17.0,16.3,17.2
20260605,ジーティーホクサイ,71.9,52.6,34.0,16.6,19.3,18.6,17.4,16.6
20260605,ステレンボッシュ,81.8,60.0,39.4,19.6,21.8,20.6,19.8,19.6
20260605,スペイドアン,63.5,47.2,30.9,15.0,16.3,16.3,15.9,15.0
20260605,オリオアルセーリオ,71.7,53.0,34.8,16.8,18.7,18.2,18.0,16.8
20260605,レーヴドロペラ,56.4,41.2,26.3,13.0,15.2,14.9,13.3,13.0
20260605,クリムゾンリーフ,63.6,47.4,30.9,15.2,16.2,16.5,15.7,15.2
20260605,マジッククッキー,63.1,46.9,31.3,15.3,16.2,15.6,16.0,15.3
20260605,スカイズザリミット,71.4,52.6,34.5,16.9,18.8,18.1,17.6,16.9
20260605,フェスタベラ,72.3,53.8,36.0,17.7,18.5,17.8,18.3,17.7
20260605,リリコイ,72.6,53.6,36.2,17.5,19.0,17.4,18.7,17.5
20260605,ジュベルシャムス,73.3,53.7,35.8,17.7,19.6,17.9,18.1,17.7
20260605,シュヴァルツシルト,69.3,50.6,32.9,16.4,18.7,17.7,16.5,16.4
20260605,ダイユウサルターレ,63.4,47.0,31.3,15.7,16.4,15.7,15.6,15.7
20260605,エコロアルバ,71.8,52.2,33.9,16.5,19.6,18.3,17.4,16.5
20260605,トランセンコ,65.9,48.1,31.9,16.0,17.8,16.2,15.9,16.0
20260605,ヨーゼフ,67.1,49.1,31.8,15.7,18.0,17.3,16.1,15.7
20260605,コンクレデンツァ,68.9,49.7,32.1,15.6,19.2,17.6,16.5,15.6
20260605,デルマノリクラ,75.9,55.9,37.2,18.5,20.0,18.7,18.7,18.5
20260605,レーベンスティール,68.3,49.7,32.2,16.0,18.6,17.5,16.2,16.0
20260605,ソーマッチ,66.7,48.0,31.0,15.4,18.7,17.0,15.6,15.4
20260605,カンフーヒーロー,71.5,52.2,34.2,16.6,19.3,18.0,17.6,16.6
20260605,ヌビアン,71.4,53.9,35.9,17.5,17.5,18.0,18.4,17.5
20260605,プリンセスダーコ,69.4,52.5,35.2,17.1,16.9,17.3,18.1,17.1
20260605,ハクシンスマイル,68.9,51.0,34.4,17.3,17.9,16.6,17.1,17.3
20260605,グーテンベルク,68.7,50.6,32.5,15.9,18.1,18.1,16.6,15.9
20260605,センカンナガト,74.0,54.9,36.6,18.7,19.1,18.3,17.9,18.7
20260605,ゴーゼンチュー,70.0,51.8,34.5,17.2,18.2,17.3,17.3,17.2
20260605,マジックファイト,72.5,53.7,35.6,18.0,18.8,18.1,17.6,18.0
20260605,ゲンジ,69.7,51.8,33.8,16.7,17.9,18.0,17.1,16.7
20260605,サザンウォリアー,73.2,54.2,36.1,18.3,19.0,18.1,17.8,18.3
20260605,ヴァルク,70.3,52.4,35.0,17.2,17.9,17.4,17.8,17.2
20260605,アイリーノリチャン,69.2,51.4,34.4,17.5,17.8,17.0,16.9,17.5
20260605,アオイノリプー,70.1,52.3,34.9,17.4,17.8,17.4,17.5,17.4
20260605,ライヴバーボン,68.8,51.0,34.2,17.5,17.8,16.8,16.7,17.5
20260605,ロードスタンダード,70.5,52.3,34.1,17.2,18.2,18.2,16.9,17.2
20260605,エコロアルバ,70.4,51.0,33.1,16.1,19.4,17.9,17.0,16.1
20260605,サンレガート,68.5,49.5,32.3,16.0,19.0,17.2,16.3,16.0
20260605,ハルガスミ,68.6,49.2,32.1,15.6,19.4,17.1,16.5,15.6
20260605,リュウノタキノボリ,68.7,50.0,32.6,16.1,18.7,17.4,16.5,16.1
20260605,サムワンライクユー,70.9,51.8,34.1,17.0,19.1,17.7,17.1,17.0
20260605,シュヴァルツシルト,67.4,49.2,32.0,15.6,18.2,17.2,16.4,15.6
20260605,ニシノイストワール,62.5,46.2,30.3,15.3,16.3,15.9,15.0,15.3
20260605,レフィノス,63.9,46.5,30.5,15.5,17.4,16.0,15.0,15.5
20260605,ファインブライト,71.5,52.8,34.9,17.4,18.7,17.9,17.5,17.4
20260605,ハリペオ,66.5,48.6,32.6,16.8,17.9,16.0,15.8,16.8
20260605,クモヒトツナイ,58.7,41.4,26.8,13.3,17.3,14.6,13.5,13.3
20260605,ディペンダブル,58.2,42.7,27.2,13.5,15.5,15.5,13.7,13.5
20260605,フクオトコ,50.6,37.6,25.3,12.7,13.0,12.3,12.6,12.7
20260605,エコロテラ,58.5,43.2,27.8,13.8,15.3,15.4,14.0,13.8
20260605,ガミーヌ,75.7,54.3,36.2,18.4,21.4,18.1,17.8,18.4
20260605,アートオブブライト,70.1,52.5,35.2,17.7,17.6,17.3,17.5,17.7
20260605,シャルムグリーン,66.1,48.4,31.6,15.6,17.7,16.8,16.0,15.6
20260605,ヌビアン,69.6,51.5,34.0,16.9,18.1,17.5,17.1,16.9
20260605,プリンセスダーコ,68.7,51.1,33.7,16.8,17.6,17.4,16.9,16.8
20260605,サクセスボーイ,67.9,49.9,32.8,16.6,18.0,17.1,16.2,16.6
20260605,ブラボーワン,64.8,47.1,31.0,15.6,17.7,16.1,15.4,15.6
20260605,エーアイクワイ,70.3,52.0,34.3,17.3,18.3,17.7,17.0,17.3
20260605,レイシャル,68.7,51.5,34.2,17.2,17.2,17.3,17.0,17.2
20260605,リリエンフェルト,70.4,52.0,34.4,17.3,18.4,17.6,17.1,17.3
20260605,ウインイザナミ,67.9,50.1,33.4,17.3,17.8,16.7,16.1,17.3
20260605,タイドグラフ,67.7,50.0,33.3,17.1,17.7,16.7,16.2,17.1
20260605,ミッキーファイト,62.4,46.1,30.2,14.8,16.3,15.9,15.4,14.8
20260605,キョウエイアート,68.1,50.5,32.9,16.4,17.6,17.6,16.5,16.4
20260605,パッサージュワイズ,64.9,47.2,30.7,15.3,17.7,16.5,15.4,15.3
20260605,マイネルクロカータ,67.5,50.1,33.1,16.4,17.4,17.0,16.7,16.4
20260605,ニシノキフジン,73.3,53.5,35.6,18.0,19.8,17.9,17.6,18.0
20260605,リアルクウカイ,72.8,52.8,35.2,17.8,20.0,17.6,17.4,17.8
20260605,ﾘﾘｰｱﾒﾘｶの24,66.1,48.2,31.5,15.0,17.9,16.7,16.5,15.0
20260605,イルクオーレ,70.9,51.3,33.8,17.1,19.6,17.5,16.7,17.1
20260605,サンストックトン,73.7,51.1,31.5,14.7,22.6,19.6,16.8,14.7
20260605,アイファーアイドル,70.0,51.9,34.5,17.7,18.1,17.4,16.8,17.7
20260605,ハクシンブライアン,67.6,49.0,31.7,16.2,18.6,17.3,15.5,16.2
20260605,タイセイデクスター,71.9,52.7,34.1,17.0,19.2,18.6,17.1,17.0
20260605,スリーフラワー,71.6,52.8,34.1,16.8,18.8,18.7,17.3,16.8
20260605,ダマスク,71.8,52.7,34.2,17.1,19.1,18.5,17.1,17.1
20260605,フミサウンド,62.5,45.8,29.7,14.6,16.7,16.1,15.1,14.6
20260605,ベネスピラ,61.8,45.1,29.4,14.8,16.7,15.7,14.6,14.8
20260605,スパークルレイ,69.8,52.0,34.4,17.5,17.8,17.6,16.9,17.5
20260605,ラベルセーヌ,61.6,44.7,29.1,14.6,16.9,15.6,14.5,14.6
20260605,アイファーティアラ,70.3,52.2,34.7,18.0,18.1,17.5,16.7,18.0
20260605,ウインオーディン,63.4,46.8,30.9,15.3,16.6,15.9,15.6,15.3
20260605,ヒットミー,62.9,45.6,29.4,14.2,17.3,16.2,15.2,14.2
20260605,コムユンプリュム,62.3,45.7,30.3,15.3,16.6,15.4,15.0,15.3
20260605,シュレン,69.3,49.5,32.1,15.8,19.8,17.4,16.3,15.8
20260605,キョウエイグッド,68.5,49.3,31.7,15.1,19.2,17.6,16.6,15.1
20260605,ビレッジルイーザ,67.0,49.5,32.0,16.0,17.5,17.5,16.0,16.0
20260605,ニシノトラノスケ,68.5,49.5,32.1,15.2,19.0,17.4,16.9,15.2
20260605,タルタロス,56.1,41.0,26.9,13.4,15.1,14.1,13.5,13.4
20260605,ルクスジニア,65.7,48.6,31.6,15.9,17.1,17.0,15.7,15.9
20260605,ゴーゴーパンチ,65.5,48.5,31.8,16.3,17.0,16.7,15.5,16.3
20260605,タイセイジェンマ,65.1,48.0,31.4,15.3,17.1,16.6,16.1,15.3
20260605,ローレルクラウン,68.7,51.1,33.4,16.8,17.6,17.7,16.6,16.8
20260605,ジェイエルキャリア,66.2,48.2,31.4,15.3,18.0,16.8,16.1,15.3
20260605,サイコウダネ,72.1,53.1,35.4,17.1,19.0,17.7,18.3,17.1
20260605,セントメモリーズ,60.5,44.0,29.4,15.0,16.5,14.6,14.4,15.0
20260605,ニシノイストワール,62.3,46.1,30.3,15.2,16.2,15.8,15.1,15.2
20260605,キングノジョー,62.0,46.0,29.7,14.3,16.0,16.3,15.4,14.3
20260605,フィンガー,63.0,45.7,29.5,14.5,17.3,16.2,15.0,14.5
20260605,スターウェーブ,65.8,49.2,32.0,15.8,16.6,17.2,16.2,15.8
20260605,ヘルメスギャング,65.4,48.9,32.3,16.0,16.5,16.6,16.3,16.0
20260605,パータリプトラ,65.6,49.2,32.4,16.0,16.4,16.8,16.4,16.0
20260605,ニシノロッドマン,70.0,51.8,34.6,17.2,18.2,17.2,17.4,17.2
20260605,ジョドレルバンク,64.5,47.2,30.9,15.5,17.3,16.3,15.4,15.5
20260605,ワンダラー,62.7,45.3,29.0,13.6,17.4,16.3,15.4,13.6
20260605,アリアーネ,67.1,50.0,32.4,15.8,17.1,17.6,16.6,15.8
20260605,ジューンミレニアム,56.3,41.4,27.0,13.2,14.9,14.4,13.8,13.2
20260605,レディトゥランブル,64.3,46.7,30.5,15.0,17.6,16.2,15.5,15.0
20260605,マイネルディザイア,68.6,50.7,33.6,17.1,17.9,17.1,16.5,17.1
20260605,ウィゾマニア,63.8,46.6,31.1,16.2,17.2,15.5,14.9,16.2
20260605,レイナデルアイレ,66.4,48.2,31.7,15.8,18.2,16.5,15.9,15.8
20260605,ブルージンジャー,69.0,50.3,32.9,16.7,18.7,17.4,16.2,16.7
20260605,マンダリンボレロ,71.4,53.3,35.5,17.9,18.1,17.8,17.6,17.9
20260605,キョウエイボニータ,72.4,52.9,35.3,17.8,19.5,17.6,17.5,17.8
20260605,レイアポポ,64.9,47.6,31.8,16.3,17.3,15.8,15.5,16.3
20260605,ベイビーキッス,67.4,49.7,32.8,16.7,17.7,16.9,16.1,16.7
20260605,サファイアテソーロ,71.1,51.9,34.2,17.0,19.2,17.7,17.2,17.0
20260605,ジュピターテソーロ,70.9,52.1,33.6,17.2,18.8,18.5,16.4,17.2
20260605,ナムラドガ,65.2,48.5,31.7,15.8,16.7,16.8,15.9,15.8
20260605,ﾒｶﾞﾐﾁｬﾝの24,70.5,51.7,34.3,17.6,18.8,17.4,16.7,17.6
20260605,トム,64.2,47.3,31.3,15.9,16.9,16.0,15.4,15.9
20260605,インザダーク,71.1,52.8,35.4,17.8,18.3,17.4,17.6,17.8
20260605,ウルウノマーズ,66.9,49.7,32.7,16.8,17.2,17.0,15.9,16.8
20260605,コパノストーム,67.9,49.7,33.1,16.9,18.2,16.6,16.2,16.9
20260605,オーバーゼア,71.3,52.9,35.4,18.1,18.4,17.5,17.3,18.1
20260605,ベイビールビオ,67.9,49.9,33.7,18.1,18.0,16.2,15.6,18.1
20260605,ミッキーファイト,58.4,43.0,27.9,13.7,15.4,15.1,14.2,13.7
20260605,ポッドベル,66.2,48.7,32.2,16.3,17.5,16.5,15.9,16.3
20260605,ハッピーカーン,65.5,47.3,31.3,16.4,18.2,16.0,14.9,16.4
20260605,ヤクジョ,68.7,48.1,30.4,15.1,20.6,17.7,15.3,15.1
20260605,ﾘｸｴｽﾄｱﾜｰの24,72.5,54.6,36.6,18.7,17.9,18.0,17.9,18.7
20260605,ブルージャイアント,62.5,45.9,29.7,14.5,16.6,16.2,15.2,14.5
20260605,ベセル,65.0,48.4,31.9,16.2,16.6,16.5,15.7,16.2
20260605,リッチハンター,70.8,52.4,34.3,16.5,18.4,18.1,17.8,16.5
20260605,タイセイデクスター,65.1,47.7,31.3,15.2,17.4,16.4,16.1,15.2
20260605,アミナス,63.8,47.5,31.4,15.8,16.3,16.1,15.6,15.8
20260605,フォークスアップ,62.9,47.2,31.5,16.1,15.7,15.7,15.4,16.1
20260605,ジーナグレイス,65.7,48.0,31.7,15.8,17.7,16.3,15.9,15.8
20260605,レオンティウス,63.9,47.5,31.1,15.5,16.4,16.4,15.6,15.5
20260605,マルチャン,72.4,54.0,35.8,17.7,18.4,18.2,18.1,17.7
20260605,スパークルレイ,69.6,52.3,35.4,18.2,17.3,16.9,17.2,18.2
20260605,ナムラアラバイ,73.6,54.9,36.9,19.0,18.7,18.0,17.9,19.0
20260605,イヴナンバーフォー,73.7,54.7,37.1,18.8,19.0,17.6,18.3,18.8
20260605,サムハラ,68.1,50.7,33.5,16.8,17.4,17.2,16.7,16.8
20260605,ロジクリスエス,68.3,50.2,32.8,16.2,18.1,17.4,16.6,16.2
20260605,ブルーエ,65.4,47.7,31.4,15.7,17.7,16.3,15.7,15.7
20260605,コスモゴレアドール,69.3,50.9,33.1,16.5,18.4,17.8,16.6,16.5
20260605,レヴィテーション,64.1,47.6,31.8,16.3,16.5,15.8,15.5,16.3
20260605,ルヴァレドクール,64.5,46.8,30.2,14.5,17.7,16.6,15.7,14.5
20260605,アスパラゴ,70.0,51.7,33.6,16.9,18.3,18.1,16.7,16.9
20260605,ヴォンサクレ,70.5,51.8,34.2,17.1,18.7,17.6,17.1,17.1
20260605,キタノシオン,69.7,50.8,33.2,16.5,18.9,17.6,16.7,16.5
20260605,アルバニクス,69.9,50.5,32.4,15.9,19.4,18.1,16.5,15.9
20260605,テンノルーキー,71.7,51.7,33.2,16.4,20.0,18.5,16.8,16.4
20260605,ハーティーチアーズ,73.7,54.6,36.2,18.0,19.1,18.4,18.2,18.0
20260605,キボウノホシ,101.2,75.3,49.7,25.1,25.9,25.6,24.6,25.1
20260605,ノースブリッジ,61.8,46.1,29.9,14.9,15.7,16.2,15.0,14.9
20260605,ツマヤ,72.0,52.5,34.6,16.6,19.5,17.9,18.0,16.6
20260605,フクノスナノバラ,69.4,50.4,32.2,16.5,19.0,18.2,15.7,16.5
20260605,ユキノサイエンス,69.0,50.3,32.3,16.7,18.7,18.0,15.6,16.7
20260605,ウキヨノサンシロウ,70.9,51.6,33.5,16.9,19.3,18.1,16.6,16.9
20260605,ショウナンサイオウ,65.5,48.7,32.0,16.0,16.8,16.7,16.0,16.0
20260605,ナナレイ,69.8,51.3,33.6,17.2,18.5,17.7,16.4,17.2
20260605,パッカパッカブー,68.8,50.7,32.5,15.7,18.1,18.2,16.8,15.7
20260605,ルヴァレドクール,52.2,38.0,24.9,12.1,14.2,13.1,12.8,12.1
20260605,ディースプレマシー,68.4,51.0,33.6,16.5,17.4,17.4,17.1,16.5
20260605,ブルーエ,53.8,39.4,25.4,12.5,14.4,14.0,12.9,12.5
20260605,エオリアンリッジ,72.2,54.2,35.9,18.0,18.0,18.3,17.9,18.0
20260605,ヴェスタル,69.7,51.5,33.7,16.5,18.2,17.8,17.2,16.5
20260605,スウィット,67.3,50.4,33.4,17.2,16.9,17.0,16.2,17.2
20260605,レオリアライズ,68.2,50.7,33.3,16.4,17.5,17.4,16.9,16.4
20260605,セイウンガジュマル,67.2,50.4,33.4,17.1,16.8,17.0,16.3,17.1
20260605,モナークスヴァラー,67.5,50.5,33.6,17.1,17.0,16.9,16.5,17.1
20260605,エイカイボクサー,66.8,49.9,33.0,16.1,16.9,16.9,16.9,16.1
20260605,アスパラゴ,70.0,51.4,33.8,16.5,18.6,17.6,17.3,16.5
20260605,ブリサマリーナ,66.8,50.0,32.8,16.3,16.8,17.2,16.5,16.3
20260605,テンノルーキー,69.5,51.6,34.1,17.0,17.9,17.5,17.1,17.0
20260605,チャチャット,66.3,48.3,31.3,15.7,18.0,17.0,15.6,15.7
20260605,ライトハウス,66.3,49.8,32.6,15.6,16.5,17.2,17.0,15.6
20260605,エランヴィータ,73.0,54.3,35.6,17.8,18.7,18.7,17.8,17.8
20260605,ファーザーアウェイ,69.3,50.5,33.2,16.1,18.8,17.3,17.1,16.1
20260605,ヤジロベエバランス,66.3,48.8,32.8,16.9,17.5,16.0,15.9,16.9
20260605,ラブトゥエニイワン,75.3,55.9,37.2,18.4,19.4,18.7,18.8,18.4
20260605,ヴェイルドハート,71.5,53.1,35.6,18.5,18.4,17.5,17.1,18.5
20260605,ゼフィリア,66.5,49.2,33.2,17.1,17.3,16.0,16.1,17.1
20260605,ラッキーモア,72.1,54.1,36.0,17.6,18.0,18.1,18.4,17.6
20260605,イトウカカリチョウ,66.0,48.4,32.3,16.2,17.6,16.1,16.1,16.2
20260605,アンジュリオ,71.9,52.3,34.2,17.2,19.6,18.1,17.0,17.2
20260605,ニットウライズ,68.7,50.5,33.0,16.4,18.2,17.5,16.6,16.4
20260605,マイセイバー,69.9,51.8,34.2,17.3,18.1,17.6,16.9,17.3
20260605,モンドシュピーゲル,68.1,50.9,33.6,16.5,17.2,17.3,17.1,16.5
20260605,メリディアンスター,67.8,49.9,32.7,16.2,17.9,17.2,16.5,16.2
20260605,シュヴァルボヌール,71.5,52.8,34.8,17.4,18.7,18.0,17.4,17.4
20260605,ヤングアメリカンズ,69.5,51.4,33.0,16.3,18.1,18.4,16.7,16.3
20260605,ルージュカルデア,71.3,52.6,34.7,17.3,18.7,17.9,17.4,17.3
20260605,ココソラーレ,69.2,51.2,33.4,16.2,18.0,17.8,17.2,16.2
20260605,ボスヒッツ,70.2,52.3,34.3,16.8,17.9,18.0,17.5,16.8
20260605,ヤマニンガラッシア,70.6,51.3,33.3,15.9,19.3,18.0,17.4,15.9
20260605,ベンメリア,67.8,49.9,32.7,16.3,17.9,17.2,16.4,16.3
20260605,アイアムアヒーロー,66.1,48.7,32.2,16.3,17.4,16.5,15.9,16.3
20260605,ブリングライト,65.7,49.6,33.0,16.7,16.1,16.6,16.3,16.7
20260605,リリーズブルーム,76.3,54.0,34.4,17.0,22.3,19.6,17.4,17.0
20260605,リリージェーン,65.0,47.0,30.8,15.2,18.0,16.2,15.6,15.2
20260605,グルーヴィーオン,63.9,47.1,31.2,15.7,16.8,15.9,15.5,15.7
20260605,ビースタニング,64.1,47.3,31.4,15.7,16.8,15.9,15.7,15.7
20260605,マーズワース,68.2,50.8,33.9,16.9,17.4,16.9,17.0,16.9
20260605,ノヴァフォルス,70.8,52.2,34.1,16.8,18.6,18.1,17.3,16.8
20260605,タッカーバレット,70.6,52.3,33.6,17.0,18.3,18.7,16.6,17.0
20260605,テリオスララ,70.0,51.2,33.5,16.4,18.8,17.7,17.1,16.4
20260605,アリストクラット,71.0,52.2,34.0,16.7,18.8,18.2,17.3,16.7
20260605,クラオルグジェシダ,70.3,51.9,33.7,16.6,18.4,18.2,17.1,16.6
20260605,ラヴトリガー,70.0,51.1,33.4,16.5,18.9,17.7,16.9,16.5
20260605,タイセイブルーム,62.7,45.9,29.4,14.4,16.8,16.5,15.0,14.4
20260605,タイセイネクサス,61.5,44.5,28.9,14.2,17.0,15.6,14.7,14.2
20260605,ピンキープロミス,78.5,59.3,40.3,21.1,19.2,19.0,19.2,21.1
20260605,タッカーバレット,69.8,51.8,33.8,16.8,18.0,18.0,17.0,16.8
20260605,ルガル,69.8,49.9,32.4,16.2,19.9,17.5,16.2,16.2
20260605,ニューオーリンズ,68.7,48.8,31.6,15.7,19.9,17.2,15.9,15.7
20260605,ベルメサイア,55.2,39.1,25.4,12.6,16.1,13.7,12.8,12.6
20260605,スピリットライズ,54.1,39.0,25.1,12.5,15.1,13.9,12.6,12.5
20260605,エコロジーク,57.1,40.6,26.0,12.7,16.5,14.6,13.3,12.7
20260605,ジャスパーノベル,54.5,38.9,24.9,12.2,15.6,14.0,12.7,12.2
20260605,リヴァデラルナ,56.0,39.9,25.9,12.9,16.1,14.0,13.0,12.9
20260605,エドウィンナルコ,70.8,51.5,33.3,16.5,19.3,18.2,16.8,16.5
20260605,ケンシロウワールド,65.7,48.3,31.9,15.7,17.4,16.4,16.2,15.7
20260605,イスラアネーロ,54.9,39.1,25.2,12.7,15.8,13.9,12.5,12.7
20260605,マニバドラ,66.0,49.8,33.4,17.1,16.2,16.4,16.3,17.1
20260605,レイワサンサン,66.3,48.5,31.6,15.4,17.8,16.9,16.2,15.4
20260605,ガウラディスコ,66.9,48.6,31.9,15.7,18.3,16.7,16.2,15.7
20260605,パレットフレイバー,54.3,40.0,26.3,13.0,14.3,13.7,13.3,13.0
20260605,プリュイドール,68.1,50.3,32.7,16.4,17.8,17.6,16.3,16.4
20260605,モチモチチャン,66.1,48.7,31.8,15.4,17.4,16.9,16.4,15.4
20260605,カスタニッチャ,67.7,48.9,31.6,15.7,18.8,17.3,15.9,15.7
20260605,マイバレンタイン,68.1,49.9,32.5,15.7,18.2,17.4,16.8,15.7
20260605,カフラー,66.2,49.4,33.0,16.5,16.8,16.4,16.5,16.5
20260605,エングルマン,63.8,46.1,30.7,14.8,17.7,15.4,15.9,14.8
20260605,エルダークローネ,66.5,48.1,31.2,15.3,18.4,16.9,15.9,15.3
20260605,アークレオン,67.7,49.0,32.2,16.2,18.7,16.8,16.0,16.2
20260605,ニシノフランケン,71.1,51.3,34.0,16.9,19.8,17.3,17.1,16.9
20260605,ハイウェイワン,67.5,48.6,32.0,16.0,18.9,16.6,16.0,16.0
20260605,インジケーター,57.7,41.6,26.7,13.1,16.1,14.9,13.6,13.1
20260605,ブライトアゲイン,63.2,46.7,31.3,15.7,16.5,15.4,15.6,15.7
20260605,サンライズグラシア,71.0,51.8,33.4,16.4,19.2,18.4,17.0,16.4
20260605,オトメナシャチョウ,64.7,47.2,32.1,16.1,17.5,15.1,16.0,16.1
20260605,ファムエレガンテ,63.5,47.2,31.4,15.3,16.3,15.8,16.1,15.3
20260605,マヤノイマジン,71.2,51.6,33.6,16.7,19.6,18.0,16.9,16.7
20260605,アンジュプロミス,67.5,49.0,31.9,15.4,18.5,17.1,16.5,15.4
20260605,インディクイーン,65.9,48.6,32.2,16.1,17.3,16.4,16.1,16.1
20260605,リアンドゥクール,68.1,49.6,31.9,15.6,18.5,17.7,16.3,15.6
20260605,カフジエメンタール,65.7,48.9,32.3,15.9,16.8,16.6,16.4,15.9
20260605,ポペット,65.4,47.3,30.7,14.8,18.1,16.6,15.9,14.8
20260605,フェブリノ,69.8,50.2,32.5,16.3,19.6,17.7,16.2,16.3
20260605,キタノファーンヒル,72.4,51.8,33.7,16.7,20.6,18.1,17.0,16.7
20260605,サンセットゴールド,69.4,50.5,32.6,15.9,18.9,17.9,16.7,15.9
20260605,シルバーリム,64.8,47.7,31.0,15.0,17.1,16.7,16.0,15.0
20260605,ジョアン,65.9,48.1,32.0,15.5,17.8,16.1,16.5,15.5
20260605,モンドドゥアムール,59.1,42.3,27.5,13.1,16.8,14.8,14.4,13.1
20260605,スピーディスピン,71.9,51.3,33.3,16.3,20.6,18.0,17.0,16.3
20260605,シュガークン,70.4,52.2,34.5,17.0,18.2,17.7,17.5,17.0
20260605,テーオーダグラス,66.1,47.6,31.0,15.5,18.5,16.6,15.5,15.5
20260605,アスクコモンタレヴ,66.6,48.1,31.3,15.3,18.5,16.8,16.0,15.3
20260605,ショウナンバルドル,66.2,47.2,30.4,14.9,19.0,16.8,15.5,14.9
20260605,ロードファイター,71.2,51.9,33.9,16.7,19.3,18.0,17.2,16.7
20260605,ゴナビーオーライト,70.8,52.3,33.9,16.5,18.5,18.4,17.4,16.5
20260605,ハピネスサンライズ,68.5,50.1,32.2,15.4,18.4,17.9,16.8,15.4
20260605,プロスト,65.0,47.1,31.3,15.0,17.9,15.8,16.3,15.0
20260605,ヴァンロゼ,68.2,49.7,32.3,15.9,18.5,17.4,16.4,15.9
20260605,コワンニシタガウ,72.2,52.8,33.4,16.6,19.4,19.4,16.8,16.6
20260605,ルビーブロンド,69.3,51.0,33.3,16.1,18.3,17.7,17.2,16.1
20260605,ジュンドラドラ,68.9,50.2,32.6,16.1,18.7,17.6,16.5,16.1
20260605,アンガーザガール,66.4,48.5,32.1,15.7,17.9,16.4,16.4,15.7
20260605,フランヴィア,73.6,53.8,35.2,17.0,19.8,18.6,18.2,17.0
20260605,フォルトナレガーロ,72.6,53.2,34.6,17.2,19.4,18.6,17.4,17.2
20260605,ウィモウェ,67.2,48.1,31.7,15.5,19.1,16.4,16.2,15.5
20260605,アニージョ,67.0,49.2,32.4,16.3,17.8,16.8,16.1,16.3
20260605,エティエンヌ,77.7,57.7,37.6,18.6,20.0,20.1,19.0,18.6
20260605,ヴァンドーム,81.5,59.4,38.3,18.6,22.1,21.1,19.7,18.6
20260605,ディニトーソ,62.8,45.7,29.3,13.9,17.1,16.4,15.4,13.9
20260605,アイアン,64.6,48.3,32.0,16.1,16.3,16.3,15.9,16.1
20260605,グレーヌドジョワ,67.8,49.2,32.0,15.8,18.6,17.2,16.2,15.8
20260605,コズミックフレア,66.6,49.7,33.1,16.2,16.9,16.6,16.9,16.2
20260605,ゲレイロ,68.1,49.5,32.3,16.0,18.6,17.2,16.3,16.0
20260605,オメガヒストリー,71.1,51.6,32.5,16.3,19.5,19.1,16.2,16.3
20260605,リアライズブルーム,62.7,44.9,28.0,13.1,17.8,16.9,14.9,13.1
20260605,グローリーバローズ,65.6,48.6,32.3,16.0,17.0,16.3,16.3,16.0
20260605,バトゥカーダ,68.1,51.0,34.9,18.0,17.1,16.1,16.9,18.0
20260605,グラマラス,69.9,51.3,32.2,15.6,18.6,19.1,16.6,15.6
20260605,ペイシャマイデイズ,72.4,52.4,33.8,16.1,20.0,18.6,17.7,16.1
20260605,ﾍﾟﾌﾟﾁﾄﾞｻｸﾗの24,67.1,49.8,33.5,16.8,17.3,16.3,16.7,16.8
20260605,ハロナ,70.3,51.5,33.3,16.1,18.8,18.2,17.2,16.1
20260605,サンタンジェロ,67.3,48.6,31.8,15.3,18.7,16.8,16.5,15.3
20260605,ジーニアスバローズ,65.0,47.1,30.7,15.4,17.9,16.4,15.3,15.4
20260605,スウィートリワード,67.6,49.1,32.7,16.3,18.5,16.4,16.4,16.3
20260605,ミッキージュエリー,62.2,45.7,30.2,14.4,16.5,15.5,15.8,14.4
20260605,ルクスフレンジー,66.5,49.3,32.3,15.8,17.2,17.0,16.5,15.8
20260605,アロマフェリス,63.6,46.8,30.4,15.2,16.8,16.4,15.2,15.2
20260605,ダノンフェルゼン,64.8,46.9,30.9,14.9,17.9,16.0,16.0,14.9
20260605,ワンダーミューズ,67.1,49.0,32.1,15.5,18.1,16.9,16.6,15.5
20260605,スパルタンエックス,65.6,46.9,30.3,14.8,18.7,16.6,15.5,14.8
20260605,ティアーズクィーン,66.9,48.3,31.7,15.3,18.6,16.6,16.4,15.3
20260605,ダノンミッドナイト,54.0,38.9,25.3,12.5,15.1,13.6,12.8,12.5
20260605,エイシンウィスパー,66.6,48.7,31.9,15.4,17.9,16.8,16.5,15.4
20260605,モズタイシソウシ,67.3,49.2,32.2,15.9,18.1,17.0,16.3,15.9
20260605,ロールスワン,61.5,44.9,29.2,14.5,16.6,15.7,14.7,14.5
20260605,ユイリノベーション,62.8,45.5,29.6,14.4,17.3,15.9,15.2,14.4
20260605,メイショウクーガー,54.7,38.3,24.8,12.4,16.4,13.5,12.4,12.4
20260605,バッデレイト,62.9,46.7,30.5,15.3,16.2,16.2,15.2,15.3
20260605,ルージュマデイラ,65.4,47.3,31.0,15.1,18.1,16.3,15.9,15.1
20260605,ルージュシャラポワ,65.3,46.5,30.3,15.1,18.8,16.2,15.2,15.1
20260605,プリュスエクラ,65.3,46.8,30.6,14.7,18.5,16.2,15.9,14.7
20260605,アグレイビューティ,64.0,47.2,30.8,15.2,16.8,16.4,15.6,15.2
20260605,メリオルヴィア,69.1,49.3,32.0,15.4,19.8,17.3,16.6,15.4
20260605,グレースジェンヌ,66.0,47.6,31.2,15.2,18.4,16.4,16.0,15.2
20260605,ガウディ,62.7,45.8,30.0,15.0,16.9,15.8,15.0,15.0
20260605,クロスボーダー,64.9,46.7,30.3,14.9,18.2,16.4,15.4,14.9
20260605,レッドピアレス,63.8,47.2,31.0,15.5,16.6,16.2,15.5,15.5
20260605,リッケンバッカー,66.9,48.4,32.0,16.1,18.5,16.4,15.9,16.1
20260605,メイショウタイゲイ,68.5,51.1,33.5,16.5,17.4,17.6,17.0,16.5
20260605,ロードラディウス,70.1,51.0,32.9,15.9,19.1,18.1,17.0,15.9
20260605,ブルーレース,65.3,47.1,30.8,14.9,18.2,16.3,15.9,14.9
20260605,ソルトハッピー,71.0,51.6,33.5,16.6,19.4,18.1,16.9,16.6
20260605,ダイメイプリンス,70.8,51.6,34.0,16.9,19.2,17.6,17.1,16.9
20260605,シャイニングスター,53.9,39.2,25.1,12.4,14.7,14.1,12.7,12.4
20260605,パスリヤージュ,72.9,52.6,34.6,17.2,20.3,18.0,17.4,17.2
20260605,ビナハイバン,67.0,49.0,32.4,16.3,18.0,16.6,16.1,16.3
20260605,ナムラステラ,70.3,51.5,33.6,16.4,18.8,17.9,17.2,16.4
20260605,ボードゥロレーヌ,66.8,48.8,32.6,16.4,18.0,16.2,16.2,16.4
20260605,テラステラ,65.4,48.0,31.6,15.5,17.4,16.4,16.1,15.5
20260605,モズアンタレス,50.1,36.4,24.3,12.6,13.7,12.1,11.7,12.6
20260605,ハイディージェン,71.4,51.9,34.4,17.5,19.5,17.5,16.9,17.5
20260605,ロカヒ,54.5,38.5,24.5,11.9,16.0,14.0,12.6,11.9
20260605,ワンダーアンレール,69.2,50.1,32.8,15.7,19.1,17.3,17.1,15.7
20260605,テイケイウェリナ,66.7,48.6,32.3,16.3,18.1,16.3,16.0,16.3
20260605,フェイトブレイカー,67.1,49.3,32.4,15.7,17.8,16.9,16.7,15.7
20260605,メイショウマドンナ,67.6,48.9,32.4,16.0,18.7,16.5,16.4,16.0
20260605,ジューンマロン,66.2,48.2,31.9,15.9,18.0,16.3,16.0,15.9
20260605,ミヤジマミコ,72.4,51.6,33.4,16.0,20.8,18.2,17.4,16.0
20260605,グーフィー,65.7,48.3,31.6,15.0,17.4,16.7,16.6,15.0
20260605,フィデリス,66.2,48.4,31.4,15.3,17.8,17.0,16.1,15.3
20260605,シンゼンノト,67.0,49.2,32.3,15.9,17.8,16.9,16.4,15.9
20260605,ゴールドアーク,68.4,49.5,32.9,16.5,18.9,16.6,16.4,16.5
20260605,トシミチ,66.2,48.1,32.2,15.9,18.1,15.9,16.3,15.9
20260605,メイショウシンタケ,71.3,51.4,33.3,16.1,19.9,18.1,17.2,16.1
20260605,オルノア,64.5,47.9,31.7,16.0,16.6,16.2,15.7,16.0
20260605,ブリオメンテ,69.6,50.9,33.6,16.8,18.7,17.3,16.8,16.8
20260605,パラディレーヌ,70.9,52.2,34.0,16.7,18.7,18.2,17.3,16.7
20260605,タワーオブバベル,67.9,48.6,31.3,14.7,19.3,17.3,16.6,14.7
20260605,マテンロウノア,65.1,47.1,30.8,14.9,18.0,16.3,15.9,14.9
20260605,メイショウコマチ,64.1,45.3,29.2,14.5,18.8,16.1,14.7,14.5
20260605,メイショウヤーキス,57.5,40.7,25.3,12.3,16.8,15.4,13.0,12.3
20260605,エイユーファイヤー,66.8,48.8,31.9,15.7,18.0,16.9,16.2,15.7
20260605,クロワデュノール,88.3,64.3,42.2,20.2,24.0,22.1,22.0,20.2
20260605,イズジョーアザヤカ,67.5,48.6,31.5,15.3,18.9,17.1,16.2,15.3
20260605,エコロアビス,62.4,45.9,30.4,14.9,16.5,15.5,15.5,14.9
20260605,エコロゼルダ,66.9,48.7,32.3,16.2,18.2,16.4,16.1,16.2
20260605,パノラマステージ,65.0,47.8,30.9,15.6,17.2,16.9,15.3,15.6
20260605,レヴヴィ,63.9,46.4,30.5,14.7,17.5,15.9,15.8,14.7
20260605,キーチラナキラ,65.0,48.0,31.7,15.4,17.0,16.3,16.3,15.4
20260605,クリスレグナム,69.0,51.1,33.5,16.4,17.9,17.6,17.1,16.4
20260605,エコロヴァルド,64.1,47.8,31.1,15.3,16.3,16.7,15.8,15.3
20260605,イミュータブル,57.8,42.2,27.1,13.1,15.6,15.1,14.0,13.1
20260605,セイフウサツキ,65.1,47.8,31.6,15.6,17.3,16.2,16.0,15.6
20260605,ストラテージュ,67.0,48.5,31.6,15.6,18.5,16.9,16.0,15.6
20260605,ドラゴン,64.7,47.2,30.9,15.1,17.5,16.3,15.8,15.1
20260605,ヨカオウ,61.6,45.8,30.8,15.7,15.8,15.0,15.1,15.7
20260605,ワンダフルデイズ,64.3,47.5,31.0,15.0,16.8,16.5,16.0,15.0
20260605,アウトレンジ,64.9,47.3,30.7,15.2,17.6,16.6,15.5,15.2
20260605,ファインライン,65.8,48.4,32.1,16.2,17.4,16.3,15.9,16.2
20260605,セルズパワー,69.1,50.5,33.3,16.3,18.6,17.2,17.0,16.3
20260605,ショウナンザナドゥ,54.0,39.5,25.4,12.4,14.5,14.1,13.0,12.4
20260605,ランツフート,63.5,46.6,30.7,15.1,16.9,15.9,15.6,15.1
20260605,レイノルズナンバー,63.4,46.6,30.4,15.2,16.8,16.2,15.2,15.2
20260605,ジューンマーチ,65.0,47.9,31.8,15.9,17.1,16.1,15.9,15.9
20260605,クールブレーブ,70.9,51.7,34.2,17.2,19.2,17.5,17.0,17.2
20260605,ゴリョウセイ,63.7,46.7,30.7,15.1,17.0,16.0,15.6,15.1
20260605,メイショウコシュウ,67.2,50.0,32.9,16.0,17.2,17.1,16.9,16.0
20260605,タイセイアビオン,73.8,52.9,34.5,16.7,20.9,18.4,17.8,16.7
20260605,グランピアン,70.1,51.4,33.6,16.6,18.7,17.8,17.0,16.6
20260605,タカスタカスタカス,55.2,39.6,25.2,12.2,15.6,14.4,13.0,12.2
20260605,モズナイスバディー,69.6,51.1,33.2,16.5,18.5,17.9,16.7,16.5
20260605,チリーゴールド,63.5,46.9,31.0,15.3,16.6,15.9,15.7,15.3
20260605,ホッコームジカ,71.6,51.0,33.4,16.3,20.6,17.6,17.1,16.3
20260605,バロニアル,65.7,48.8,31.7,15.7,16.9,17.1,16.0,15.7
20260605,ダノンオブアイデア,61.5,45.7,30.8,16.1,15.8,14.9,14.7,16.1
20260605,クイーンズドリーム,63.9,46.3,30.3,15.1,17.6,16.0,15.2,15.1
20260605,シンゼンコジロウ,70.1,50.5,33.4,16.8,19.6,17.1,16.6,16.8
20260605,ポルトブルー,71.4,51.8,34.9,17.7,19.6,16.9,17.2,17.7
20260605,カレンハウ,65.7,47.4,31.0,14.9,18.3,16.4,16.1,14.9
20260605,ドラゴンドール,63.9,46.3,30.3,15.1,17.6,16.0,15.2,15.1
20260605,テリオスベラ,73.0,52.1,33.9,17.1,20.9,18.2,16.8,17.1
20260605,サクセスローレル,53.2,38.3,24.9,12.2,14.9,13.4,12.7,12.2
20260605,コスモストーム,69.2,49.9,32.8,16.3,19.3,17.1,16.5,16.3
20260605,ハリーケーン,69.3,51.1,34.4,17.1,18.2,16.7,17.3,17.1
20260605,プレデンシア,66.6,49.2,31.8,15.4,17.4,17.4,16.4,15.4
20260605,マナボニート,50.6,37.0,24.4,12.4,13.6,12.6,12.0,12.4
20260605,フルドフォルク,68.6,50.6,33.5,16.5,18.0,17.1,17.0,16.5
20260605,シャインゴーツ,66.9,48.2,31.3,15.0,18.7,16.9,16.3,15.0
20260605,バロッカネーラ,68.5,50.3,33.0,16.2,18.2,17.3,16.8,16.2
20260605,ヨッシーフレアー,67.0,48.0,31.4,14.8,19.0,16.6,16.6,14.8
20260605,ルージュソリテール,64.6,46.8,30.3,14.9,17.8,16.5,15.4,14.9
20260605,ルナフィオーレ,65.7,46.9,30.6,15.1,18.8,16.3,15.5,15.1
20260605,レッドフレーザー,69.3,51.0,33.2,16.4,18.3,17.8,16.8,16.4
20260605,ヤマトデュノール,73.3,53.1,35.4,17.7,20.2,17.7,17.7,17.7
20260605,サーディンラン,67.0,49.7,32.8,16.0,17.3,16.9,16.8,16.0
20260605,ビスケットアソート,68.0,50.4,33.7,16.9,17.6,16.7,16.8,16.9
20260605,テイクザスローン,60.7,45.1,30.9,16.3,15.6,14.2,14.6,16.3
20260605,ポニーテール,57.8,42.0,26.9,12.9,15.8,15.1,14.0,12.9
20260605,シュガークン,69.3,50.7,33.1,16.0,18.6,17.6,17.1,16.0
20260605,ニュークレド,66.3,47.8,31.1,14.8,18.5,16.7,16.3,14.8
20260605,アミラル,55.9,40.2,25.4,12.6,15.7,14.8,12.8,12.6
20260605,ナミオトノヒビキ,68.2,51.6,34.6,17.0,16.6,17.0,17.6,17.0
20260605,ヴィヴァン,65.0,46.6,31.7,16.3,18.4,14.9,15.4,16.3
20260605,スリリングチェイス,73.5,51.9,33.2,16.0,21.6,18.7,17.2,16.0
20260605,フリームファクシ,63.4,44.2,28.4,14.0,19.2,15.8,14.4,14.0
20260605,ケリフレッドアスク,55.6,40.7,26.0,12.4,14.9,14.7,13.6,12.4
20260605,ドラゴンテイラー,65.5,46.7,30.3,14.9,18.8,16.4,15.4,14.9
20260605,ワイルドカグラ,66.5,48.1,31.2,15.0,18.4,16.9,16.2,15.0
20260605,スカイスプレンダー,64.7,47.2,30.8,15.6,17.5,16.4,15.2,15.6
20260605,ガイアフォース,66.7,49.1,31.7,15.4,17.6,17.4,16.3,15.4
20260605,ティニア,68.9,50.2,32.9,16.7,18.7,17.3,16.2,16.7
20260605,テイクザクラウン,65.3,47.5,30.4,14.6,17.8,17.1,15.8,14.6
20260605,メイショウコナン,67.0,49.4,32.0,15.4,17.6,17.4,16.6,15.4
20260605,レディントン,71.7,51.6,34.0,16.7,20.1,17.6,17.3,16.7
20260605,キャピタルサックス,70.4,51.7,34.2,16.6,18.7,17.5,17.6,16.6
20260605,リアルスター,72.3,53.3,35.1,17.3,19.0,18.2,17.8,17.3
20260605,ワンコールアウェイ,68.7,50.2,33.1,16.3,18.5,17.1,16.8,16.3
20260605,アカデミア,78.8,56.6,36.6,18.2,22.2,20.0,18.4,18.2
20260605,タントレーベル,68.5,49.3,31.4,15.0,19.2,17.9,16.4,15.0
20260605,ブラックシャリマー,69.4,50.9,33.9,16.6,18.5,17.0,17.3,16.6
20260605,エンジェルボイス,63.8,46.8,30.1,14.8,17.0,16.7,15.3,14.8
20260605,ペンダント,63.7,46.2,29.2,14.1,17.5,17.0,15.1,14.1
20260605,エイシンティザー,65.4,47.4,30.8,15.2,18.0,16.6,15.6,15.2
20260605,ロードスタニング,75.3,55.0,35.5,17.7,20.3,19.5,17.8,17.7
20260605,ニシノエビガタメ,64.9,46.6,30.2,15.1,18.3,16.4,15.1,15.1
20260605,リベッチオ,69.0,51.0,33.6,16.5,18.0,17.4,17.1,16.5
20260605,カンフージョン,65.5,47.9,30.9,15.1,17.6,17.0,15.8,15.1
20260605,アメリカンイズム,71.6,52.8,34.6,17.3,18.8,18.2,17.3,17.3
20260605,ルクスビッグスター,67.8,49.8,33.1,16.6,18.0,16.7,16.5,16.6
20260605,ゴッドブルービー,69.8,50.8,32.7,16.1,19.0,18.1,16.6,16.1
20260605,ヴォルスター,68.4,49.8,32.7,15.8,18.6,17.1,16.9,15.8
20260605,スカイハイ,68.2,50.0,33.5,17.0,18.2,16.5,16.5,17.0
20260605,ブライトエンジェル,67.5,49.5,32.7,16.1,18.0,16.8,16.6,16.1
20260605,メイショウラウルス,69.8,51.4,34.2,17.1,18.4,17.2,17.1,17.1
20260605,ワンダーゾルダート,69.0,50.8,33.1,15.8,18.2,17.7,17.3,15.8
20260605,バラジ,68.2,48.8,31.8,15.4,19.4,17.0,16.4,15.4
20260605,シゲルショウグン,60.4,44.1,29.3,15.1,16.3,14.8,14.2,15.1
20260605,メイショウシナノ,68.7,51.8,34.3,17.2,16.9,17.5,17.1,17.2
20260605,リーティアコナル,64.5,47.4,30.9,15.6,17.1,16.5,15.3,15.6
20260605,レーティッシュ,65.2,47.2,31.0,15.3,18.0,16.2,15.7,15.3
20260605,スリーケイ,68.3,50.4,33.3,16.5,17.9,17.1,16.8,16.5
20260605,メイショウハボマイ,55.0,40.4,26.0,12.5,14.6,14.4,13.5,12.5
20260605,ウルトラハート,71.2,53.2,34.9,17.0,18.0,18.3,17.9,17.0
20260605,メイショウノゾミ,80.3,58.9,38.8,19.0,21.4,20.1,19.8,19.0
20260605,ルイスイメル,80.2,58.9,38.8,19.0,21.3,20.1,19.8,19.0
20260605,ゴコウサス,65.6,48.9,32.3,15.8,16.7,16.6,16.5,15.8
20260605,ビズロード,65.3,47.9,32.3,16.1,17.4,15.6,16.2,16.1
20260605,デルニエジョイ,62.6,45.2,29.9,14.5,17.4,15.3,15.4,14.5
20260605,マクノス,66.6,48.6,31.6,15.6,18.0,17.0,16.0,15.6
20260605,ゼルダ,65.8,47.4,30.8,15.1,18.4,16.6,15.7,15.1
20260605,ハオカノア,65.7,49.0,32.9,16.0,16.7,16.1,16.9,16.0
20260605,チェルヴァーラ,56.1,40.2,25.9,12.6,15.9,14.3,13.3,12.6
20260605,ムソウテンセイ,69.4,49.7,32.4,15.6,19.7,17.3,16.8,15.6
20260605,ショウナンアデイブ,71.6,51.2,32.9,16.3,20.4,18.3,16.6,16.3
20260605,セブンマジシャン,71.3,51.6,33.7,16.6,19.7,17.9,17.1,16.6
20260605,リアルアルバ,68.8,52.0,35.4,17.4,16.8,16.6,18.0,17.4
20260605,エバイダンス,71.2,52.0,34.0,17.0,19.2,18.0,17.0,17.0
20260605,フレアオブセンス,71.3,51.7,33.7,16.4,19.6,18.0,17.3,16.4
20260605,ミティリーニ,70.2,51.7,34.0,16.7,18.5,17.7,17.3,16.7
20260605,テラレガル,61.6,45.3,29.5,14.9,16.3,15.8,14.6,14.9
20260605,イリフィ,70.1,50.5,33.5,16.5,19.6,17.0,17.0,16.5
20260605,ロスニーニョス,67.4,49.2,32.8,15.9,18.2,16.4,16.9,15.9
20260605,カヴァティーナ,69.5,50.4,33.1,16.1,19.1,17.3,17.0,16.1
20260605,ルフトブリュッケ,69.4,49.7,32.2,16.0,19.7,17.5,16.2,16.0
20260605,コムアンエクレール,69.5,50.1,32.2,16.0,19.4,17.9,16.2,16.0
20260605,ヘキレキ,70.1,50.4,32.8,16.2,19.7,17.6,16.6,16.2
20260605,タガノエルピーダ,72.8,52.3,34.1,16.8,20.5,18.2,17.3,16.8
20260605,メイショウアボット,53.7,38.5,25.2,12.4,15.2,13.3,12.8,12.4
20260605,マキシマムビスタ,72.0,51.8,33.8,16.6,20.2,18.0,17.2,16.6
20260605,ウインリベラシオン,64.0,46.9,31.4,15.7,17.1,15.5,15.7,15.7
20260605,アライブテーラー,65.7,48.3,31.6,15.4,17.4,16.7,16.2,15.4
20260605,サウンドヴィヴァン,72.1,51.9,34.0,16.6,20.2,17.9,17.4,16.6
20260605,シュネープリンセス,65.6,47.5,31.7,15.9,18.1,15.8,15.8,15.9
20260605,ゼンノゾンターク,62.8,46.5,30.7,14.7,16.3,15.8,16.0,14.7
20260605,ロサドラーダ,61.8,46.9,31.4,15.7,14.9,15.5,15.7,15.7
20260605,ダルマパワー,72.5,52.2,34.0,16.7,20.3,18.2,17.3,16.7
20260605,セキトバイースト,67.7,48.9,31.8,15.6,18.8,17.1,16.2,15.6
20260605,ラーンザロープス,54.0,39.0,25.4,12.7,15.0,13.6,12.7,12.7
20260605,インマイポケット,56.5,40.8,27.1,13.4,15.7,13.7,13.7,13.4
20260605,クインズシャウラ,71.6,51.8,34.0,16.7,19.8,17.8,17.3,16.7
20260605,フィエールシャンテ,66.2,48.0,30.9,15.1,18.2,17.1,15.8,15.1
20260605,メンデレーエフ,71.2,51.8,34.1,16.8,19.4,17.7,17.3,16.8
20260605,ギフテッドスペック,68.9,50.2,32.9,16.0,18.7,17.3,16.9,16.0
20260605,クボウサマ,67.7,50.2,33.2,16.2,17.5,17.0,17.0,16.2
20260605,ダンデノン,66.5,47.1,30.3,14.8,19.4,16.8,15.5,14.8
20260605,ルージュエピック,65.9,47.8,31.6,15.7,18.1,16.2,15.9,15.7
20260605,ディーエストッキー,62.0,45.1,29.3,14.6,16.9,15.8,14.7,14.6
20260605,ジョイボーイ,67.5,49.2,32.3,15.9,18.3,16.9,16.4,15.9
20260605,ヴァンアグレアブル,66.7,48.1,31.3,15.6,18.6,16.8,15.7,15.6
20260605,リン,66.5,48.7,31.8,15.6,17.8,16.9,16.2,15.6
20260605,バディ,64.6,46.6,30.6,15.4,18.0,16.0,15.2,15.4
20260605,グランドオーパス,66.0,47.2,31.3,15.5,18.8,15.9,15.8,15.5
20260605,ランスオブヒーロー,66.7,48.2,31.7,15.5,18.5,16.5,16.2,15.5
20260605,グロリアラウス,71.7,50.8,32.5,15.7,20.9,18.3,16.8,15.7
20260605,クロワデュノール,71.6,50.7,32.4,15.7,20.9,18.3,16.7,15.7
20260605,イクオクコウネン,71.5,50.7,32.5,15.8,20.8,18.2,16.7,15.8
20260605,ジーティースティア,64.1,46.4,30.7,16.2,17.7,15.7,14.5,16.2
20260605,スイープアワーズ,63.9,47.7,31.5,15.4,16.2,16.2,16.1,15.4
20260605,サトノブリジャール,63.9,46.8,30.5,15.1,17.1,16.3,15.4,15.1
20260605,ココロヅヨサ,66.6,49.6,33.2,16.6,17.0,16.4,16.6,16.6
20260605,モズジェネラル,66.8,49.0,32.5,16.4,17.8,16.5,16.1,16.4
20260605,クリアストライク,68.4,50.5,33.4,16.6,17.9,17.1,16.8,16.6
20260605,チムグクル,58.1,41.9,26.8,13.0,16.2,15.1,13.8,13.0
20260605,ジュエルハウス,66.7,48.1,31.8,15.8,18.6,16.3,16.0,15.8
20260605,ジーティーアメリカ,63.2,46.1,29.4,14.4,17.1,16.7,15.0,14.4
20260605,メモリアデルレ,63.9,46.8,29.9,14.6,17.1,16.9,15.3,14.6
20260605,ワールドエンジェル,66.8,48.1,31.7,15.9,18.7,16.4,15.8,15.9
20260605,エリカヴェローナ,66.1,48.5,31.5,15.4,17.6,17.0,16.1,15.4
20260605,シャルクハフト,69.5,50.9,33.1,16.5,18.6,17.8,16.6,16.5
20260605,サンセバ,64.4,47.2,30.5,14.6,17.2,16.7,15.9,14.6
20260605,アスターシャウルス,53.4,39.0,25.7,12.9,14.4,13.3,12.8,12.9
20260605,オラヴィンリンナ,62.5,45.6,29.5,13.7,16.9,16.1,15.8,13.7
20260605,ホウオウワイズ,62.3,45.2,28.9,14.0,17.1,16.3,14.9,14.0
20260605,スマートピナクル,69.9,50.5,33.1,16.5,19.4,17.4,16.6,16.5
20260605,ﾒｲｼｮｳﾗｯｼｭの24,70.3,51.4,34.0,16.9,18.9,17.4,17.1,16.9
20260605,タガノノワール,71.3,51.4,34.0,16.9,19.9,17.4,17.1,16.9
20260605,ジーティーサクラ,66.6,47.7,30.7,14.6,18.9,17.0,16.1,14.6
20260605,アスターブジエ,71.0,52.0,34.2,16.9,19.0,17.8,17.3,16.9
20260605,オーシンエス,66.2,48.0,32.0,16.1,18.2,16.0,15.9,16.1
20260605,オラロア,67.4,50.4,33.7,16.5,17.0,16.7,17.2,16.5
20260605,ウインラブソング,71.9,52.2,34.2,17.1,19.7,18.0,17.1,17.1
20260605,キャンディリヒト,90.6,66.9,44.2,21.7,23.7,22.7,22.5,21.7
20260605,アイボリータワー,90.2,66.2,43.8,21.4,24.0,22.4,22.4,21.4
20260605,リピ,67.4,49.6,32.2,16.0,17.8,17.4,16.2,16.0
20260605,レウコテア,68.2,50.4,33.1,16.3,17.8,17.3,16.8,16.3
20260605,アパレイユ,68.7,50.7,33.5,16.4,18.0,17.2,17.1,16.4
20260605,ジュピターバローズ,72.8,53.2,34.6,17.2,19.6,18.6,17.4,17.2
20260605,プライムウィザード,66.4,50.5,34.4,17.0,15.9,16.1,17.4,17.0
20260605,マルモタワー,65.6,49.4,33.1,16.5,16.2,16.3,16.6,16.5
20260605,ラプチュラス,68.4,50.6,33.1,16.3,17.8,17.5,16.8,16.3
20260605,アンティスマ,69.4,50.5,33.0,16.2,18.9,17.5,16.8,16.2
20260605,アスタールテニウム,56.3,40.9,26.4,12.9,15.4,14.5,13.5,12.9
20260605,クラッチプレイヤー,68.8,49.8,32.2,15.9,19.0,17.6,16.3,15.9
20260605,ペイシャモノノフ,55.8,40.5,25.9,12.4,15.3,14.6,13.5,12.4
20260605,オースミライト,68.6,49.3,32.4,16.2,19.3,16.9,16.2,16.2
20260605,キタノガイヤール,68.4,50.8,34.3,17.2,17.6,16.5,17.1,17.2
20260605,ブラッドムーン,67.1,48.4,32.1,15.9,18.7,16.3,16.2,15.9
20260605,ゴールデンドラゴン,67.2,48.5,31.8,15.4,18.7,16.7,16.4,15.4
20260605,ヒデノレインボー,63.0,45.2,30.4,15.3,17.8,14.8,15.1,15.3
20260605,チョウスター,66.7,49.4,33.3,16.7,17.3,16.1,16.6,16.7
20260605,キタノコウセイ,69.6,50.3,32.8,16.0,19.3,17.5,16.8,16.0
20260605,アルムアポジェ,65.6,47.7,31.1,15.3,17.9,16.6,15.8,15.3
20260605,ライツェントライゼ,68.7,50.3,34.1,16.5,18.4,16.2,17.6,16.5
20260605,テーオーカメリア,71.2,51.6,33.9,16.8,19.6,17.7,17.1,16.8
20260605,テーオーレガシー,69.8,51.4,34.1,17.1,18.4,17.3,17.0,17.1
20260605,プレダトゥール,67.6,48.9,31.6,15.7,18.7,17.3,15.9,15.7
20260605,ﾌﾟﾃｨｯﾄｸﾙｰﾙの24,70.7,52.1,34.7,17.7,18.6,17.4,17.0,17.7
20260605,ウインガラハッド,70.4,51.7,34.7,17.3,18.7,17.0,17.4,17.3
20260605,サンタカリス,68.6,49.5,32.6,16.4,19.1,16.9,16.2,16.4
20260605,ダイメイクマモト,68.3,50.9,33.8,16.5,17.4,17.1,17.3,16.5
20260605,ゴールドヴィーナス,64.3,47.5,31.3,15.6,16.8,16.2,15.7,15.6
20260605,メイショウヴィータ,70.3,51.3,33.9,16.2,19.0,17.4,17.7,16.2
20260605,アイファーラピッド,66.0,48.5,32.2,16.1,17.5,16.3,16.1,16.1
20260605,シュテルンビルト,76.5,56.4,37.4,18.0,20.1,19.0,19.4,18.0
20260605,スイートポメロ,67.4,49.1,32.4,15.9,18.3,16.7,16.5,15.9
20260605,シュシュエメラルド,73.0,55.3,37.0,17.8,17.7,18.3,19.2,17.8
20260605,コンテナライン,66.4,48.2,30.9,15.0,18.2,17.3,15.9,15.0
20260605,オアシスアラン,67.0,48.8,32.0,16.3,18.2,16.8,15.7,16.3
20260605,トッピワールド,66.6,48.9,32.0,15.9,17.7,16.9,16.1,15.9
20260605,バクソウシャチョウ,67.6,50.9,34.2,17.2,16.7,16.7,17.0,17.2
20260605,スズハローム,63.0,45.6,29.4,14.1,17.4,16.2,15.3,14.1
20260605,アリュウ,66.8,49.8,32.7,16.5,17.0,17.1,16.2,16.5
20260605,アンリーベイビー,64.9,47.9,31.2,15.4,17.0,16.7,15.8,15.4
20260605,オーラエグザート,73.0,53.0,34.9,16.9,20.0,18.1,18.0,16.9
20260605,ブルーノート,67.9,48.3,31.2,15.1,19.6,17.1,16.1,15.1
20260605,エンマ,69.1,49.5,32.1,15.4,19.6,17.4,16.7,15.4
20260605,ジューンテイク,68.7,50.2,33.3,16.6,18.5,16.9,16.7,16.6
20260605,ダンツウルス,71.9,51.4,33.5,16.0,20.5,17.9,17.5,16.0
20260605,ソウルオンファイア,66.8,48.1,31.4,15.5,18.7,16.7,15.9,15.5
20260605,トップチェッカー,70.2,53.0,35.5,18.0,17.2,17.5,17.5,18.0
20260605,マコトブリッツ,70.2,53.0,35.4,17.8,17.2,17.6,17.6,17.8
20260605,メイショウホウレン,67.3,49.1,32.6,15.9,18.2,16.5,16.7,15.9
20260605,ラウニウ,68.0,51.2,33.5,16.4,16.8,17.7,17.1,16.4
20260605,チュウワダイオウ,67.8,49.9,32.7,16.0,17.9,17.2,16.7,16.0
20260605,ベラジオボンド,67.0,49.4,32.7,16.3,17.6,16.7,16.4,16.3
20260605,ミスティックレナン,66.4,47.8,31.5,15.3,18.6,16.3,16.2,15.3
20260605,フルレゾン,59.4,43.4,29.3,15.7,16.0,14.1,13.6,15.7
20260605,マイケルバローズ,65.0,47.9,31.5,15.7,17.1,16.4,15.8,15.7
20260605,ハリウッドパーク,68.9,49.4,32.0,15.8,19.5,17.4,16.2,15.8
20260605,サマーナジュム,66.8,48.7,32.0,15.9,18.1,16.7,16.1,15.9
20260605,アセンシオン,67.4,49.4,32.2,15.9,18.0,17.2,16.3,15.9
20260605,タガノアルトゥーラ,67.8,49.5,32.3,16.2,18.3,17.2,16.1,16.2
20260605,ザムーン,69.4,50.0,33.0,16.0,19.4,17.0,17.0,16.0
20260605,ファーヴニル,71.0,52.5,34.4,16.6,18.5,18.1,17.8,16.6
20260605,タイムレスフレアー,64.2,47.5,31.1,15.6,16.7,16.4,15.5,15.6
20260605,ロコラッテ,64.6,47.5,31.2,15.3,17.1,16.3,15.9,15.3
20260605,シエルブリエ,74.9,54.4,35.4,17.1,20.5,19.0,18.3,17.1
20260605,リトセア,69.8,50.7,33.3,16.3,19.1,17.4,17.0,16.3
20260605,スピークロウ,71.5,52.0,34.4,16.9,19.5,17.6,17.5,16.9
20260605,ダークエクリプス,67.4,48.9,32.0,15.7,18.5,16.9,16.3,15.7
20260605,マーゴットデウス,66.8,47.8,31.0,15.3,19.0,16.8,15.7,15.3
20260605,タマモパルファン,66.0,49.0,32.5,16.4,17.0,16.5,16.1,16.4
20260605,ラインオブソウル,69.1,49.7,32.0,15.7,19.4,17.7,16.3,15.7
20260605,マリアナトレンチ,65.0,47.5,31.1,15.3,17.5,16.4,15.8,15.3
20260605,オセアスターライト,66.1,48.0,31.2,15.4,18.1,16.8,15.8,15.4
20260605,ナムラロダン,77.9,57.6,37.4,18.0,20.3,20.2,19.4,18.0
20260605,ﾅﾁｭﾗﾙｽﾀｲﾙの24,68.5,50.8,33.0,16.4,17.7,17.8,16.6,16.4
20260605,ルージュルガーノ,69.1,51.0,33.8,16.8,18.1,17.2,17.0,16.8
20260605,ミカエルパシャ,64.5,45.9,30.0,14.8,18.6,15.9,15.2,14.8
20260605,フェリーニ,69.2,50.5,33.6,16.6,18.7,16.9,17.0,16.6
20260605,ダイアナクイーン,64.2,46.7,30.7,15.2,17.5,16.0,15.5,15.2
20260605,オーマイラッキーン,52.7,38.2,24.6,12.1,14.5,13.6,12.5,12.1
20260605,レーヴドリュヌ,65.9,48.2,31.8,15.9,17.7,16.4,15.9,15.9
20260605,ミッキーテネシー,65.8,48.2,31.3,15.5,17.6,16.9,15.8,15.5
20260605,セイウンダイフク,66.2,47.9,31.4,14.9,18.3,16.5,16.5,14.9
20260605,ピゲ,63.6,46.7,30.7,15.2,16.9,16.0,15.5,15.2
20260605,ディアーモルタル,66.6,48.0,31.6,15.5,18.6,16.4,16.1,15.5
20260605,プリモマーレ,69.5,52.2,34.3,16.8,17.3,17.9,17.5,16.8
20260605,ルージュビバーチェ,67.5,49.8,32.7,16.3,17.7,17.1,16.4,16.3
20260605,モンブランミノル,66.8,48.5,31.3,15.4,18.3,17.2,15.9,15.4
20260605,マルカアルバ,66.3,48.9,31.5,15.2,17.4,17.4,16.3,15.2
20260605,テラメリタ,63.4,46.2,30.5,15.2,17.2,15.7,15.3,15.2
20260605,ディニテ,68.8,50.9,33.9,16.8,17.9,17.0,17.1,16.8
20260605,タイキジュビリー,64.4,47.0,30.5,15.1,17.4,16.5,15.4,15.1
20260605,オーシンハーフ,69.6,51.0,33.8,17.1,18.6,17.2,16.7,17.1
20260605,メイショウカスガイ,67.7,49.1,31.8,15.7,18.6,17.3,16.1,15.7
20260605,レーヌペスカ,69.2,50.3,32.7,16.2,18.9,17.6,16.5,16.2
20260605,オンザ,63.1,46.5,30.5,15.1,16.6,16.0,15.4,15.1
20260605,リアンマカ,66.2,48.9,31.9,15.8,17.3,17.0,16.1,15.8
20260605,ジェンティール,65.6,47.6,30.8,14.8,18.0,16.8,16.0,14.8
20260605,マイネルビスマルク,70.8,52.4,34.9,17.3,18.4,17.5,17.6,17.3
20260605,テーオーシュタイン,63.6,45.1,29.3,14.6,18.5,15.8,14.7,14.6
20260605,ケイアイブラック,69.6,50.3,32.8,16.1,19.3,17.5,16.7,16.1
20260605,リオンプライム,66.3,48.6,31.8,15.7,17.7,16.8,16.1,15.7
20260605,ジーティーウタマロ,67.1,48.6,32.5,15.8,18.5,16.1,16.7,15.8
20260605,マルベック,66.0,48.3,31.1,15.1,17.7,17.2,16.0,15.1
20260605,ダノンベルビュー,66.2,48.3,31.8,15.8,17.9,16.5,16.0,15.8
20260605,シュタールヴィント,65.8,48.9,32.7,16.4,16.9,16.2,16.3,16.4
20260605,オリーブグリーン,66.0,49.3,33.5,16.9,16.7,15.8,16.6,16.9
20260605,ラッキーバック,63.0,46.1,29.6,14.6,16.9,16.5,15.0,14.6
20260605,スプレンドーレ,65.4,47.9,31.7,15.9,17.5,16.2,15.8,15.9
20260605,シルバーレシオ,55.2,39.7,25.2,12.2,15.5,14.5,13.0,12.2
20260605,アスクレコードモア,66.6,49.4,33.1,16.9,17.2,16.3,16.2,16.9
20260605,ヴェールダムール,65.2,47.9,31.6,15.9,17.3,16.3,15.7,15.9
20260605,ムーンベリル,61.0,45.4,29.8,14.2,15.6,15.6,15.6,14.2
20260605,ノボリショウリュウ,68.4,50.4,33.2,16.3,18.0,17.2,16.9,16.3
20260605,スターペスショウマ,67.1,49.0,32.1,15.8,18.1,16.9,16.3,15.8
20260605,ブラストオフ,65.8,49.0,32.7,16.3,16.8,16.3,16.4,16.3
20260605,クリスレジーナ,73.7,53.5,34.9,17.3,20.2,18.6,17.6,17.3
20260605,ハギノアルデバラン,63.1,45.5,30.1,14.9,17.6,15.4,15.2,14.9
20260605,ワイドポティロン,55.2,39.6,25.5,12.5,15.6,14.1,13.0,12.5
20260605,メイショウトウコウ,76.0,55.3,36.3,17.4,20.7,19.0,18.9,17.4
20260605,サイン,64.6,46.7,30.1,14.9,17.9,16.6,15.2,14.9
20260605,ルマンサルト,71.0,51.1,33.5,15.7,19.9,17.6,17.8,15.7
20260605,マイネルブラントン,64.5,45.4,29.9,15.1,19.1,15.5,14.8,15.1
20260605,ウインガウェイン,66.3,47.2,30.6,15.6,19.1,16.6,15.0,15.6
20260605,ロードプレジール,64.1,45.5,29.3,14.3,18.6,16.2,15.0,14.3
20260605,ラファル,64.1,46.4,30.0,14.9,17.7,16.4,15.1,14.9
20260605,ウインロズパレード,67.7,50.4,33.1,16.5,17.3,17.3,16.6,16.5
20260605,グランフィエルテ,66.4,48.4,31.5,15.4,18.0,16.9,16.1,15.4
20260605,セキゾウ,65.5,47.8,31.0,15.3,17.7,16.8,15.7,15.3
20260605,ワイドカクゲン,61.4,45.2,29.6,14.8,16.2,15.6,14.8,14.8
20260605,ビスケットサンド,64.0,46.1,29.3,14.3,17.9,16.8,15.0,14.3
20260605,ヴェロシア,69.9,51.1,32.8,16.8,18.8,18.3,16.0,16.8
20260605,スカイストライプス,83.9,61.4,40.9,20.1,22.5,20.5,20.8,20.1
20260605,ﾌｨｵﾚﾄﾞｰﾛの24,83.8,61.4,40.9,20.2,22.4,20.5,20.7,20.2
20260605,ボーオーブ,83.4,61.2,40.7,20.1,22.2,20.5,20.6,20.1
20260605,ラクホマレ,67.6,51.1,34.6,17.5,16.5,16.5,17.1,17.5
20260605,グリーンゴー,65.0,47.7,32.3,16.3,17.3,15.4,16.0,16.3
20260605,クロレ,62.0,45.5,30.4,14.9,16.5,15.1,15.5,14.9
20260605,デビットバローズ,66.2,48.6,32.5,16.1,17.6,16.1,16.4,16.1
20260605,コンクイスタ,64.3,47.1,30.8,14.9,17.2,16.3,15.9,14.9
20260605,ホワイトフレイムス,66.4,48.2,31.8,15.0,18.2,16.4,16.8,15.0
20260605,ルースソラール,65.9,48.0,31.3,15.1,17.9,16.7,16.2,15.1
20260605,メイショウヒュウガ,63.0,46.4,30.7,15.9,16.6,15.7,14.8,15.9
20260605,ツーピース,51.9,37.7,24.8,12.8,14.2,12.9,12.0,12.8
20260605,ホヌタン,63.2,46.8,31.0,15.6,16.4,15.8,15.4,15.6
20260605,クリスレジーナ,59.9,43.9,28.3,14.1,16.0,15.6,14.2,14.1
20260605,ルクスドリーム,65.7,47.6,31.7,15.7,18.1,15.9,16.0,15.7
20260605,ジョン,67.1,49.4,32.5,15.9,17.7,16.9,16.6,15.9
20260605,ロクメイカン,67.1,49.3,32.7,16.1,17.8,16.6,16.6,16.1
20260605,オリーブグリーン,62.1,46.4,31.0,15.5,15.7,15.4,15.5,15.5
20260605,アクアアイ,64.9,47.5,30.1,14.3,17.4,17.4,15.8,14.3
20260605,モズイージス,67.4,49.2,32.6,16.3,18.2,16.6,16.3,16.3
20260605,スリールミニョン,69.5,49.8,32.1,15.6,19.7,17.7,16.5,15.6
20260605,ペプチドヤマト,71.7,52.9,35.1,17.1,18.8,17.8,18.0,17.1
20260605,ウォーターエアリー,68.3,49.3,32.3,16.2,19.0,17.0,16.1,16.2
20260605,テンタイムトップ,65.3,47.7,30.6,15.1,17.6,17.1,15.5,15.1
20260605,ミスターエメラルド,67.6,50.0,33.5,16.8,17.6,16.5,16.7,16.8
20260605,サンライズアムール,63.6,46.9,30.8,15.6,16.7,16.1,15.2,15.6
20260605,アスクアイルビゼア,63.9,46.2,30.4,14.8,17.7,15.8,15.6,14.8
20260605,ナムラエイハブ,66.1,48.5,31.8,15.7,17.6,16.7,16.1,15.7
20260605,ゲインサポート,61.9,43.8,28.2,13.7,18.1,15.6,14.5,13.7
20260605,サンライズフリード,63.3,47.2,30.5,15.0,16.1,16.7,15.5,15.0
20260605,マテンロウジョイ,65.1,47.2,31.5,15.2,17.9,15.7,16.3,15.2
20260605,リントゥラウル,68.7,50.4,33.5,16.9,18.3,16.9,16.6,16.9
20260605,ワイドシャッフエン,63.8,46.8,30.7,15.0,17.0,16.1,15.7,15.0
20260605,フレッチャアズーラ,70.8,51.0,33.2,16.3,19.8,17.8,16.9,16.3
20260605,クレバーキュート,63.7,46.9,30.9,15.2,16.8,16.0,15.7,15.2
20260605,タガノプディング,66.3,48.2,31.2,15.1,18.1,17.0,16.1,15.1
20260605,ファイアプレイス,66.3,49.0,32.1,16.2,17.3,16.9,15.9,16.2
20260605,アスクチャンスマン,64.5,47.6,31.4,15.5,16.9,16.2,15.9,15.5
20260605,ハギノサステナブル,70.4,51.5,33.5,16.4,18.9,18.0,17.1,16.4
20260605,リガーレ,68.7,50.0,32.3,15.9,18.7,17.7,16.4,15.9
20260605,ヒシアイラ,67.6,49.0,32.1,16.2,18.6,16.9,15.9,16.2
20260605,タイキルッジェーロ,72.4,51.8,32.8,15.9,20.6,19.0,16.9,15.9
20260605,エースフライト,65.1,47.1,30.8,14.8,18.0,16.3,16.0,14.8
20260605,ブライトキングダム,65.5,47.9,31.6,15.5,17.6,16.3,16.1,15.5
20260605,アンリミテッド,72.2,52.2,34.1,16.4,20.0,18.1,17.7,16.4
20260605,ヴィンテール,67.5,49.2,33.2,16.4,18.3,16.0,16.8,16.4
20260605,キャットテイル,66.6,47.5,30.9,15.4,19.1,16.6,15.5,15.4
20260605,ファツアップ,64.2,47.7,31.5,15.8,16.5,16.2,15.7,15.8
20260605,オデット,65.2,48.3,32.0,15.7,16.9,16.3,16.3,15.7
20260605,コンフォルツァ,63.6,45.3,29.1,14.4,18.3,16.2,14.7,14.4
20260605,タナブイハチターボ,67.6,48.9,31.9,15.7,18.7,17.0,16.2,15.7
20260605,トモジャクリエ,66.3,49.1,33.6,17.0,17.2,15.5,16.6,17.0
20260605,エンジョイドライブ,73.4,51.5,32.9,16.0,21.9,18.6,16.9,16.0
20260605,マテンロウアルカナ,66.1,48.5,31.8,15.7,17.6,16.7,16.1,15.7
20260605,ラケマーダ,68.9,49.3,31.7,15.4,19.6,17.6,16.3,15.4
20260605,ブラックドレス,64.4,46.2,30.1,14.7,18.2,16.1,15.4,14.7
20260605,ヴリトラハン,69.3,50.2,32.4,15.6,19.1,17.8,16.8,15.6
20260605,クリコファルコン,66.4,48.1,32.0,16.0,18.3,16.1,16.0,16.0
20260605,イーグルチョイス,67.4,48.0,32.0,16.1,19.4,16.0,15.9,16.1
20260605,ダディーズトリップ,70.8,49.2,31.5,15.5,21.6,17.7,16.0,15.5
20260605,ベルギューン,64.8,47.5,31.0,15.1,17.3,16.5,15.9,15.1
20260605,タイセイレグノ,67.8,47.2,29.9,14.8,20.6,17.3,15.1,14.8
20260605,サンタンカ,68.6,49.6,31.8,15.7,19.0,17.8,16.1,15.7
20260605,ニシノジェダイ,65.8,47.0,30.8,15.0,18.8,16.2,15.8,15.0
20260605,リバーソニック,65.5,47.8,31.8,15.8,17.7,16.0,16.0,15.8
20260605,エコロメジャー,63.7,46.8,30.6,15.4,16.9,16.2,15.2,15.4
20260605,ファラオクィーン,64.8,46.6,30.5,15.1,18.2,16.1,15.4,15.1
20260605,デビットバローズ,63.6,46.7,30.6,15.0,16.9,16.1,15.6,15.0
20260605,テーオーグランビル,61.2,44.0,28.8,14.4,17.2,15.2,14.4,14.4
20260605,ミスティックレイン,67.3,48.7,31.8,15.8,18.6,16.9,16.0,15.8
20260605,ステラクラウン,65.7,47.5,30.8,15.2,18.2,16.7,15.6,15.2
20260605,クロカミジョウ,65.4,47.9,31.7,16.0,17.5,16.2,15.7,16.0
20260605,ブルーチップ,66.3,49.1,32.5,16.4,17.2,16.6,16.1,16.4
20260605,テーオーダーウィン,66.4,49.1,32.5,16.3,17.3,16.6,16.2,16.3
20260605,テーオーローズ,66.1,48.6,32.4,16.4,17.5,16.2,16.0,16.4
20260605,ドレアンティア,67.5,48.5,31.7,15.6,19.0,16.8,16.1,15.6
20260605,アークドール,68.9,51.6,33.6,16.3,17.3,18.0,17.3,16.3
20260605,マダムイグレイン,66.0,48.4,32.3,16.2,17.6,16.1,16.1,16.2
20260605,ドットクルー,73.7,53.8,35.2,17.7,19.9,18.6,17.5,17.7
20260605,ソゲソゲスマイル,68.3,50.1,33.4,16.6,18.2,16.7,16.8,16.6
20260605,アンビアンス,67.8,48.7,31.6,15.5,19.1,17.1,16.1,15.5
20260605,サイモンゼスト,71.3,50.0,32.5,15.8,21.3,17.5,16.7,15.8
20260605,チェリヴェント,69.7,50.2,32.6,16.2,19.5,17.6,16.4,16.2
20260605,マテンロウヒルズ,73.2,53.7,36.0,17.9,19.5,17.7,18.1,17.9
20260605,オンユアマークス,64.4,47.7,32.2,16.1,16.7,15.5,16.1,16.1
20260605,ブラックミューズ,63.8,47.9,32.2,15.9,15.9,15.7,16.3,15.9
20260605,ロードオルデン,63.6,45.8,30.0,15.2,17.8,15.8,14.8,15.2
20260605,クルミナーレ,62.3,44.4,28.4,14.0,17.9,16.0,14.4,14.0
20260605,ポッドドンナー,60.6,43.7,28.0,13.6,16.9,15.7,14.4,13.6
20260605,キーパフォーマー,63.6,46.1,30.5,15.4,17.5,15.6,15.1,15.4
20260605,ロンポワン,64.2,45.8,29.6,14.5,18.4,16.2,15.1,14.5
20260605,エトワールブーケ,69.8,48.9,31.1,15.1,20.9,17.8,16.0,15.1
20260605,アルギエバ,70.2,50.8,33.3,16.6,19.4,17.5,16.7,16.6
20260605,ケイアイトリノ,70.3,50.9,33.4,16.6,19.4,17.5,16.8,16.6
20260605,ユイパルティ,69.5,50.9,33.4,16.7,18.6,17.5,16.7,16.7
20260605,コマチチャン,66.7,48.5,30.8,15.1,18.2,17.7,15.7,15.1
20260605,ファームツエンティ,65.3,47.1,30.8,15.2,18.2,16.3,15.6,15.2
20260605,セールヴォラン,66.0,48.5,32.5,16.3,17.5,16.0,16.2,16.3
20260605,イイデカンタロウ,64.6,46.5,30.4,14.6,18.1,16.1,15.8,14.6
20260605,ドンインザムード,69.4,50.1,32.2,15.1,19.3,17.9,17.1,15.1
20260605,ハギノクリーガー,76.0,54.6,35.5,17.6,21.4,19.1,17.9,17.6
20260605,チョウギャル,74.4,55.4,36.6,18.3,19.0,18.8,18.3,18.3
20260605,スマートフォルス,64.7,47.2,29.8,14.4,17.5,17.4,15.4,14.4
20260605,クロノスバレット,66.9,49.2,32.0,15.6,17.7,17.2,16.4,15.6
20260605,エイシンニケ,67.2,49.0,31.5,15.8,18.2,17.5,15.7,15.8
20260605,ホールネス,65.2,47.6,31.3,15.7,17.6,16.3,15.6,15.7
20260605,メイショウヘール,66.8,48.8,31.6,15.4,18.0,17.2,16.2,15.4
20260605,シュネーグロッケン,69.8,51.2,33.7,16.7,18.6,17.5,17.0,16.7
20260605,カセノコンコルド,67.3,49.9,33.0,16.5,17.4,16.9,16.5,16.5
20260605,ピエタンツァ,66.9,48.6,31.9,15.9,18.3,16.7,16.0,15.9
20260605,キーテーマ,65.0,47.6,31.6,15.6,17.4,16.0,16.0,15.6
20260605,テーオーシーザー,71.0,52.0,34.2,17.0,19.0,17.8,17.2,17.0
20260605,マイトグラッド,68.5,50.7,33.3,16.1,17.8,17.4,17.2,16.1
20260605,マイネルレノン,64.3,48.6,32.6,16.5,15.7,16.0,16.1,16.5
20260605,エムズマインド,65.2,47.6,31.7,15.9,17.6,15.9,15.8,15.9
20260605,シンドリームシン,63.1,46.0,30.2,15.0,17.1,15.8,15.2,15.0
20260605,オーロクリューソス,63.3,47.7,32.5,16.5,15.6,15.2,16.0,16.5
20260605,クリコイーコ,62.6,46.9,31.4,16.2,15.7,15.5,15.2,16.2
20260605,クリノフィガロ,65.2,47.6,31.6,15.9,17.6,16.0,15.7,15.9
20260605,ビゾー,73.8,53.8,35.4,17.5,20.0,18.4,17.9,17.5
20260605,シオンダンサー,73.3,53.7,35.5,17.5,19.6,18.2,18.0,17.5
20260605,ルージュスプリヤ,66.4,48.9,32.2,16.1,17.5,16.7,16.1,16.1
20260605,シスキンブルーム,73.6,53.8,35.5,17.5,19.8,18.3,18.0,17.5
20260605,メアグローリア,66.7,49.0,32.3,16.1,17.7,16.7,16.2,16.1
20260605,ドゥラエテルノ,66.4,49.0,32.3,16.1,17.4,16.7,16.2,16.1
20260605,エンヤラヴフェイス,69.7,50.4,33.6,16.8,19.3,16.8,16.8,16.8
20260605,ナムラブーニン,68.4,50.5,32.5,15.9,17.9,18.0,16.6,15.9
20260605,オドラニャソンソン,66.6,48.9,32.2,16.5,17.7,16.7,15.7,16.5
20260605,ミナデオロ,62.4,46.1,30.4,15.1,16.3,15.7,15.3,15.1
20260605,ロードシュヴァリエ,69.3,50.8,33.2,16.4,18.5,17.6,16.8,16.4
20260605,ブルームザスマイル,67.6,49.5,32.3,15.7,18.1,17.2,16.6,15.7
20260605,スネーフリンガ,67.6,50.1,32.4,16.1,17.5,17.7,16.3,16.1
20260605,フウセン,68.7,50.6,33.5,17.1,18.1,17.1,16.4,17.1
20260605,ミュージシャン,68.4,49.8,32.3,15.7,18.6,17.5,16.6,15.7
20260605,インドミタビリティ,68.6,49.5,32.5,16.2,19.1,17.0,16.3,16.2
20260605,ティグリス,69.5,50.5,33.1,15.9,19.0,17.4,17.2,15.9
20260605,ゲタリア,70.6,51.3,33.6,15.7,19.3,17.7,17.9,15.7
20260605,シャロン,69.1,49.3,31.8,15.8,19.8,17.5,16.0,15.8
20260605,プライベートアイズ,67.6,50.2,33.4,16.5,17.4,16.8,16.9,16.5
20260605,ドゥアムール,69.9,53.8,36.5,17.8,16.1,17.3,18.7,17.8
20260605,メイショウショカツ,70.0,50.9,32.9,15.9,19.1,18.0,17.0,15.9
20260605,タガノシルフィー,68.6,50.4,33.1,16.0,18.2,17.3,17.1,16.0
20260605,ショーライトイヤー,68.6,51.9,34.9,16.2,16.7,17.0,18.7,16.2
20260605,エコテーラー,69.3,50.5,33.0,16.3,18.8,17.5,16.7,16.3
20260605,ノチェブエナ,67.6,49.2,32.1,0.0,18.4,17.1,0.0,0.0
20260605,タイセイルミナス,67.4,49.1,32.2,15.9,18.3,16.9,16.3,15.9
20260605,アロンディ,72.8,52.1,33.4,16.0,20.7,18.7,17.4,16.0
20260605,ソルトダイヤモンド,68.2,51.5,34.0,16.4,16.7,17.5,17.6,16.4
20260605,ペプチドニンバス,66.0,49.6,33.9,16.9,16.4,15.7,17.0,16.9
20260605,キングロコマイカイ,69.3,50.7,33.2,16.3,18.6,17.5,16.9,16.3
20260605,デルマトカチ,68.0,50.4,34.2,17.0,17.6,16.2,17.2,17.0
20260605,アマノガワギンガ,73.8,53.3,33.9,16.5,20.5,19.4,17.4,16.5
20260605,モズナツノジン,73.7,52.8,33.8,16.2,20.9,19.0,17.6,16.2
20260605,セブンサークル,68.8,50.4,33.6,16.1,18.4,16.8,17.5,16.1
20260605,メイショウピリカ,52.0,37.8,25.5,13.1,14.2,12.3,12.4,13.1
20260605,カネトシゴウト,66.2,49.0,32.6,16.3,17.2,16.4,16.3,16.3
20260605,リチュアル,67.0,48.1,30.8,15.2,18.9,17.3,15.6,15.2
20260605,ハイドパーク,66.7,48.5,31.5,15.4,18.2,17.0,16.1,15.4
20260605,アングランパ,66.6,48.7,31.8,15.7,17.9,16.9,16.1,15.7
20260605,ケイアイアニラ,64.9,47.0,30.7,15.1,17.9,16.3,15.6,15.1
20260605,ジーティーダーリン,78.4,57.5,37.7,18.0,20.9,19.8,19.7,18.0
20260605,マイカラー,63.6,46.7,30.2,14.5,16.9,16.5,15.7,14.5
20260605,ノーブルロジャー,62.9,45.2,29.2,14.4,17.7,16.0,14.8,14.4
20260605,ナルキッソス,64.8,46.8,29.9,14.7,18.0,16.9,15.2,14.7
20260605,ボールドペイト,73.3,54.8,36.5,18.8,18.5,18.3,17.7,18.8
20260605,メイショウペルル,68.2,49.9,32.1,15.3,18.3,17.8,16.8,15.3
20260605,タカサンフェイス,65.8,47.6,30.9,15.5,18.2,16.7,15.4,15.5
20260605,パゴスピグイノス,66.3,48.5,32.1,16.1,17.8,16.4,16.0,16.1
20260605,リチュアル,64.4,47.1,30.3,14.7,17.3,16.8,15.6,14.7
20260605,ハイドパーク,64.9,47.4,31.0,15.4,17.5,16.4,15.6,15.4
20260605,アングランパ,64.5,47.6,31.0,15.4,16.9,16.6,15.6,15.4
20260604,アルヴィア,68.0,49.4,31.9,15.7,18.6,17.5,16.2,15.7
20260604,キャストロププ,66.2,49.3,32.4,16.1,16.9,16.9,16.3,16.1
20260604,ビッグデイメイク,63.8,47.4,31.6,16.2,16.4,15.8,15.4,16.2
20260604,サノノグレーター,69.2,50.2,32.6,16.3,19.0,17.6,16.3,16.3
20260604,ミリオングローリー,68.0,50.6,32.6,16.4,17.4,18.0,16.2,16.4
20260604,ブレイズランナー,68.8,51.4,33.7,16.8,17.4,17.7,16.9,16.8
20260604,パラダイスフェイス,53.8,39.3,25.0,12.6,14.5,14.3,12.4,12.6
20260604,ヴェガリア,54.8,40.7,26.6,12.7,14.1,14.1,13.9,12.7
20260604,ゴコウコイコイ,54.9,39.8,25.7,12.2,15.1,14.1,13.5,12.2
20260604,ウインテラジーナ,54.9,40.4,26.5,13.0,14.5,13.9,13.5,13.0
20260604,セイウンガジュマル,52.6,38.5,24.5,12.2,14.1,14.0,12.3,12.2
20260604,シュネルアステリア,54.0,39.4,25.2,12.7,14.6,14.2,12.5,12.7
20260604,サードアイ,68.7,51.3,33.9,16.6,17.4,17.4,17.3,16.6
20260604,ミダース,70.4,52.3,34.8,17.5,18.1,17.5,17.3,17.5
20260604,セントラルヴァレー,64.1,47.7,31.2,15.4,16.4,16.5,15.8,15.4
20260604,スマイルディシー,71.7,53.1,35.0,17.8,18.6,18.1,17.2,17.8
20260604,ウフドゥウフ,65.0,48.2,32.1,15.9,16.8,16.1,16.2,15.9
20260604,ライヴマルガリータ,62.9,46.4,30.7,14.9,16.5,15.7,15.8,14.9
20260604,アオハルブルース,71.0,52.7,35.4,17.6,18.3,17.3,17.8,17.6
20260604,ライヴレッドアイ,64.1,47.2,31.1,15.4,16.9,16.1,15.7,15.4
20260604,ムーンブランシュ,63.1,46.6,30.8,15.1,16.5,15.8,15.7,15.1
20260604,ポセイドンテソーロ,67.5,51.0,33.7,16.6,16.5,17.3,17.1,16.6
20260604,ジュンヴィヴァン,68.3,49.9,32.3,16.1,18.4,17.6,16.2,16.1
20260604,フォルナカリア,70.7,52.5,35.3,17.6,18.2,17.2,17.7,17.6
20260604,カペラテソーロ,67.0,49.8,33.0,16.6,17.2,16.8,16.4,16.6
20260604,トーセンリョウ,70.4,52.6,34.3,17.2,17.8,18.3,17.1,17.2
20260604,スミレファースト,70.2,52.6,34.4,17.3,17.6,18.2,17.1,17.3
20260604,ルージュラナキラ,69.2,51.6,34.1,16.9,17.6,17.5,17.2,16.9
20260604,タイセイデクスター,68.6,51.3,33.9,17.1,17.3,17.4,16.8,17.1
20260604,フロリメル,69.3,51.2,33.9,17.1,18.1,17.3,16.8,17.1
20260604,エビスディアーナ,69.5,51.5,34.3,17.2,18.0,17.2,17.1,17.2
20260604,タイセイアストロ,72.4,53.0,34.6,16.7,19.4,18.4,17.9,16.7
20260604,ニシノオールワン,70.4,51.2,33.0,15.5,19.2,18.2,17.5,15.5
20260604,ルージュフローラ,70.1,52.3,34.2,17.3,17.8,18.1,16.9,17.3
20260604,リマーカブル,55.6,40.2,26.1,13.2,15.4,14.1,12.9,13.2
20260604,トーセンアミューズ,70.3,52.3,34.3,16.9,18.0,18.0,17.4,16.9
20260604,リコラピッド,70.8,52.6,34.8,17.1,18.2,17.8,17.7,17.1
20260604,シャンデヴァーグ,69.7,52.0,34.2,17.3,17.7,17.8,16.9,17.3
20260604,エコロナイン,70.5,52.6,34.7,17.0,17.9,17.9,17.7,17.0
20260604,タクティシアン,70.3,51.8,33.8,16.7,18.5,18.0,17.1,16.7
20260604,マーゴットレーヴ,54.5,39.1,24.7,12.1,15.4,14.4,12.6,12.1
20260604,ミスエベレスト,57.1,41.6,27.2,13.4,15.5,14.4,13.8,13.4
20260604,ゴートゥーバラモン,74.6,53.6,35.4,17.5,21.0,18.2,17.9,17.5
20260604,ハピナスター,73.8,54.1,35.2,17.4,19.7,18.9,17.8,17.4
20260604,ルクソンライト,69.8,50.3,32.5,15.9,19.5,17.8,16.6,15.9
20260604,スードランダム,56.8,41.6,26.9,13.2,15.2,14.7,13.7,13.2
20260604,リアレスト,68.2,51.3,34.2,17.3,16.9,17.1,16.9,17.3
20260604,ヤマトスイフト,64.9,48.1,31.3,15.1,16.8,16.8,16.2,15.1
20260604,スティールヴォーグ,65.4,48.0,31.4,15.9,17.4,16.6,15.5,15.9
20260604,ミヤカグラ,65.0,48.0,31.2,15.5,17.0,16.8,15.7,15.5
20260604,ガビーズメロディ,57.4,42.8,28.2,13.9,14.6,14.6,14.3,13.9
20260604,ブラッククラウズ,66.0,48.8,32.1,15.9,17.2,16.7,16.2,15.9
20260604,ヴァルボナ,64.3,47.8,31.0,15.2,16.5,16.8,15.8,15.2
20260604,オルッス,61.7,45.9,31.2,15.8,15.8,14.7,15.4,15.8
20260604,アゴルディーノ,64.7,47.4,31.4,16.0,17.3,16.0,15.4,16.0
20260604,シュハリ,57.7,42.3,27.8,14.0,15.4,14.5,13.8,14.0
20260604,ホークマン,57.6,42.4,27.6,13.8,15.2,14.8,13.8,13.8
20260604,パンジャ,54.4,39.6,25.4,12.6,14.8,14.2,12.8,12.6
20260604,シーニックビュー,54.7,39.6,25.5,12.6,15.1,14.1,12.9,12.6
20260604,アスパラゴ,72.5,52.8,34.7,17.0,19.7,18.1,17.7,17.0
20260604,デルマツルギ,73.2,53.7,35.6,17.7,19.5,18.1,17.9,17.7
20260604,キタノドンカルロ,57.4,42.3,27.6,13.7,15.1,14.7,13.9,13.7
20260604,ペイシャクロス,57.5,42.5,27.7,13.7,15.0,14.8,14.0,13.7
20260604,マスカルポーネ,64.9,48.0,31.6,15.6,16.9,16.4,16.0,15.6
20260604,ドナソラーレ,71.4,52.3,34.3,17.0,19.1,18.0,17.3,17.0
20260604,ウインシャリーフ,66.3,49.1,31.8,16.1,17.2,17.3,15.7,16.1
20260604,ブルーエ,72.3,52.3,34.7,17.5,20.0,17.6,17.2,17.5
20260604,レオホー,70.7,51.4,33.9,17.0,19.3,17.5,16.9,17.0
20260604,レディレックス,70.7,51.8,34.0,16.9,18.9,17.8,17.1,16.9
20260604,ソラティオ,56.6,42.0,27.3,13.2,14.6,14.7,14.1,13.2
20260604,キタノエフロレス,56.6,42.0,27.2,13.2,14.6,14.8,14.0,13.2
20260604,コレクテイニア,70.1,50.8,33.1,16.5,19.3,17.7,16.6,16.5
20260604,レイククレセント,68.3,49.7,32.2,15.9,18.6,17.5,16.3,15.9
20260604,ナンナンプー,68.4,49.2,31.7,14.8,19.2,17.5,16.9,14.8
20260604,ステラノヴァ,71.5,53.1,34.8,16.9,18.4,18.3,17.9,16.9
20260604,ツインピークス,55.7,39.8,25.4,12.5,15.9,14.4,12.9,12.5
20260604,スティールシップ,62.5,46.0,30.3,15.5,16.5,15.7,14.8,15.5
20260604,モデレートゲイル,72.1,52.7,34.8,17.4,19.4,17.9,17.4,17.4
20260604,メイヨシュア,67.0,50.5,33.4,15.8,16.5,17.1,17.6,15.8
20260604,フレイコン,58.8,42.4,27.2,13.1,16.4,15.2,14.1,13.1
20260604,コスモシグナス,70.0,51.7,33.8,16.9,18.3,17.9,16.9,16.9
20260604,モミスケ,70.4,52.6,35.4,17.4,17.8,17.2,18.0,17.4
20260604,ピリナカピリナ,70.0,52.0,34.1,17.0,18.0,17.9,17.1,17.0
20260604,アルニタク,58.8,42.4,27.2,13.1,16.4,15.2,14.1,13.1
20260604,サイモンルモンド,73.2,53.5,36.0,17.7,19.7,17.5,18.3,17.7
20260604,エンセリオ,53.4,39.3,25.6,12.5,14.1,13.7,13.1,12.5
20260604,クリアクォーツ,72.7,53.3,35.1,17.5,19.4,18.2,17.6,17.5
20260604,ローズブーケ,55.6,40.6,26.2,12.7,15.0,14.4,13.5,12.7
20260604,ウインドオブヘヴン,56.2,40.4,26.5,12.9,15.8,13.9,13.6,12.9
20260604,ドリームガッサン,71.2,52.6,33.8,15.8,18.6,18.8,18.0,15.8
20260604,ディサイドオンミー,58.6,42.5,28.7,14.9,16.1,13.8,13.8,14.9
20260604,タカラエイティ,58.0,41.9,27.5,14.0,16.1,14.4,13.5,14.0
20260604,ツウキンカイソク,67.7,49.9,32.3,15.6,17.8,17.6,16.7,15.6
20260604,タツナナイロ,69.9,50.8,32.7,16.1,19.1,18.1,16.6,16.1
20260604,スチョウプリンセス,71.2,53.0,34.9,18.0,18.2,18.1,16.9,18.0
20260604,ウォータースパウト,53.7,39.5,25.7,12.6,14.2,13.8,13.1,12.6
20260604,ヤジロベエバランス,66.6,50.4,32.6,16.5,16.2,17.8,16.1,16.5
20260604,ゼフィリア,67.6,50.8,32.7,16.4,16.8,18.1,16.3,16.4
20260604,サリードゥ,55.3,40.3,26.1,12.6,15.0,14.2,13.5,12.6
20260604,イトウカカリチョウ,67.7,50.5,32.5,15.9,17.2,18.0,16.6,15.9
20260604,ヴェットビルズ,72.2,53.3,35.1,18.2,18.9,18.2,16.9,18.2
20260604,モリノヤマセミ,72.6,53.0,34.8,17.3,19.6,18.2,17.5,17.3
20260604,キセキノエンジェル,54.8,40.0,26.1,12.9,14.8,13.9,13.2,12.9
20260604,ビービーエフォート,56.8,42.1,27.0,12.4,14.7,15.1,14.6,12.4
20260604,トウシンラヴ,57.7,42.8,28.1,13.2,14.9,14.7,14.9,13.2
20260604,ペイトー,53.9,39.5,25.6,12.5,14.4,13.9,13.1,12.5
20260604,エリースノー,59.9,44.7,30.3,15.2,15.2,14.4,15.1,15.2
20260604,ウインワーグナー,61.2,45.6,31.1,16.0,15.6,14.5,15.1,16.0
20260604,ムーランブルー,54.3,40.6,26.9,13.5,13.7,13.7,13.4,13.5
20260604,ヴィヴァクラウン,66.5,48.3,31.4,15.6,18.2,16.9,15.8,15.6
20260604,ヨーゼフ,67.1,49.5,32.7,16.4,17.6,16.8,16.3,16.4
20260604,ノーブルエース,55.0,41.0,27.3,13.6,14.0,13.7,13.7,13.6
20260604,フタイテンロック,65.9,48.6,31.8,16.0,17.3,16.8,15.8,16.0
20260604,リオンアンサー,63.4,47.5,31.7,16.0,15.9,15.8,15.7,16.0
20260604,カズノダイジョウ,54.8,39.9,26.3,13.1,14.9,13.6,13.2,13.1
20260604,オメガディコン,54.0,39.2,25.6,12.7,14.8,13.6,12.9,12.7
20260604,ワインレッドハート,70.0,51.5,34.0,17.0,18.5,17.5,17.0,17.0
20260604,サトノシュトローム,72.6,53.6,35.7,17.6,19.0,17.9,18.1,17.6
20260604,コスモナエマ,54.7,40.5,25.7,12.9,14.2,14.8,12.8,12.9
20260604,ウカテンセイ,56.3,41.9,27.6,13.7,14.4,14.3,13.9,13.7
20260604,マルガリート,55.9,41.5,27.3,13.4,14.4,14.2,13.9,13.4
20260604,アフィーリア,54.7,39.7,26.1,13.0,15.0,13.6,13.1,13.0
20260604,フルオール,64.7,47.8,31.1,15.7,16.9,16.7,15.4,15.7
20260604,レッドロスタム,59.6,43.6,29.2,14.1,16.0,14.4,15.1,14.1
20260604,キャストロププ,53.5,39.2,25.5,12.7,14.3,13.7,12.8,12.7
20260604,バンブルビー,56.7,41.0,26.6,13.3,15.7,14.4,13.3,13.3
20260604,ポールセン,65.4,48.5,31.9,15.8,16.9,16.6,16.1,15.8
20260604,モートンアイランド,74.2,53.7,35.0,17.0,20.5,18.7,18.0,17.0
20260604,クロシェットノエル,70.8,50.6,33.2,16.3,20.2,17.4,16.9,16.3
20260604,サンダーユニバンス,70.7,51.7,34.0,16.5,19.0,17.7,17.5,16.5
20260604,サノノグレーター,70.5,51.1,33.0,16.2,19.4,18.1,16.8,16.2
20260604,バトルモクオ,72.0,53.0,35.1,17.4,19.0,17.9,17.7,17.4
20260604,エッジランナー,74.1,55.1,35.7,17.6,19.0,19.4,18.1,17.6
20260604,カップッチョ,54.4,39.5,25.1,12.4,14.9,14.4,12.7,12.4
20260604,ウィルソンテソーロ,72.8,54.6,36.1,18.5,18.2,18.5,17.6,18.5
20260604,オウケンボルト,67.5,48.8,32.1,15.8,18.7,16.7,16.3,15.8
20260604,アドアプローズ,66.2,49.4,32.8,16.2,16.8,16.6,16.6,16.2
20260604,グルーヴィーオン,63.0,47.4,32.0,16.1,15.6,15.4,15.9,16.1
20260604,ブラックトルネード,55.2,40.2,25.9,12.9,15.0,14.3,13.0,12.9
20260604,ゴールデンボート,69.9,49.8,32.0,15.4,20.1,17.8,16.6,15.4
20260604,ジューングレイス,69.9,51.4,33.8,16.6,18.5,17.6,17.2,16.6
20260604,ウインエンブレム,66.2,49.3,32.5,15.9,16.9,16.8,16.6,15.9
20260604,エターナルホープ,70.2,51.7,34.1,17.1,18.5,17.6,17.0,17.1
20260604,ネイティヴプライド,72.7,54.1,35.8,17.5,18.6,18.3,18.3,17.5
20260604,ビースタニング,65.8,49.3,33.2,16.3,16.5,16.1,16.9,16.3
20260604,ラヴァレード,73.1,54.2,35.8,18.0,18.9,18.4,17.8,18.0
20260604,ゴールドテソーロ,73.2,54.4,35.9,18.1,18.8,18.5,17.8,18.1
20260604,ノヴェルアレイア,70.3,51.7,34.5,16.8,18.6,17.2,17.7,16.8
20260604,デヴィーア,70.2,51.7,34.3,16.8,18.5,17.4,17.5,16.8
20260604,ドミナートル,70.2,51.7,33.9,16.6,18.5,17.8,17.3,16.6
20260604,ｶﾗｸﾚﾅｲの24,70.5,52.1,34.3,16.8,18.4,17.8,17.5,16.8
20260604,バトルクライ,54.8,39.9,26.0,12.5,14.9,13.9,13.5,12.5
20260604,ドリーミングアップ,67.4,49.9,33.0,16.4,17.5,16.9,16.6,16.4
20260604,フェリスチカ,54.4,40.2,26.2,13.2,14.2,14.0,13.0,13.2
20260604,ルグランヴァン,54.2,39.4,25.6,12.4,14.8,13.8,13.2,12.4
20260604,ドナカルナバル,53.7,39.5,25.2,12.3,14.2,14.3,12.9,12.3
20260604,チェストー,66.6,49.2,32.6,16.2,17.4,16.6,16.4,16.2
20260604,イバラヒメ,59.2,44.0,28.9,14.3,15.2,15.1,14.6,14.3
20260604,アンジュリオ,68.7,49.8,32.5,16.3,18.9,17.3,16.2,16.3
20260604,カーボフリオ,53.6,38.9,25.5,12.5,14.7,13.4,13.0,12.5
20260604,ブリスフルイヤー,67.2,48.9,31.3,15.4,18.3,17.6,15.9,15.4
20260604,ニットウライズ,67.0,49.8,32.8,16.3,17.2,17.0,16.5,16.3
20260604,イベリスアマラ,66.7,49.8,32.7,16.4,16.9,17.1,16.3,16.4
20260604,アオイレイラ,66.1,48.5,32.1,16.2,17.6,16.4,15.9,16.2
20260604,サンストックトン,68.5,49.4,31.0,14.5,19.1,18.4,16.5,14.5
20260604,ハセドン,58.2,42.5,27.8,13.9,15.7,14.7,13.9,13.9
20260604,ダノンエンブレム,70.6,51.2,33.7,17.3,19.4,17.5,16.4,17.3
20260604,ヴォンサクレ,72.8,54.7,36.3,19.0,18.1,18.4,17.3,19.0
20260604,エーデルハイ,69.9,51.6,34.5,17.3,18.3,17.1,17.2,17.3
20260604,モンドシュピーゲル,76.8,56.3,37.1,18.6,20.5,19.2,18.5,18.6
20260604,トーセンリョウ,53.0,37.9,24.9,12.4,15.1,13.0,12.5,12.4
20260604,タルタロス,66.4,50.3,33.4,16.9,16.1,16.9,16.5,16.9
20260604,ルージュラナキラ,53.7,38.8,25.8,12.7,14.9,13.0,13.1,12.7
20260604,ゴールドパレード,72.0,53.6,35.4,17.7,18.4,18.2,17.7,17.7
20260604,リアレスト,54.3,39.6,25.8,12.9,14.7,13.8,12.9,12.9
20260604,フロリメル,54.6,39.7,26.5,13.6,14.9,13.2,12.9,13.6
20260604,エビスディアーナ,54.5,39.3,26.1,13.4,15.2,13.2,12.7,13.4
20260604,ニシノオールワン,54.5,39.6,26.4,13.6,14.9,13.2,12.8,13.6
20260604,ブラッククラウズ,53.8,39.3,25.8,12.8,14.5,13.5,13.0,12.8
20260604,ヤマトスイフト,54.8,40.2,26.0,12.9,14.6,14.2,13.1,12.9
20260604,ネオアンボウ,68.2,50.4,33.1,16.8,17.8,17.3,16.3,16.8
20260604,ミヤカグラ,55.9,40.8,27.1,13.7,15.1,13.7,13.4,13.7
20260604,ローレルクラウン,65.3,48.4,32.3,16.1,16.9,16.1,16.2,16.1
20260604,ヴァルボナ,54.4,39.8,25.7,12.6,14.6,14.1,13.1,12.6
20260604,アゴルディーノ,55.9,40.7,27.0,13.7,15.2,13.7,13.3,13.7
20260604,アスパラゴ,72.2,53.0,34.6,17.3,19.2,18.4,17.3,17.3
20260604,スティールヴォーグ,55.8,40.4,26.4,12.9,15.4,14.0,13.5,12.9
20260604,ブルーエ,71.9,52.2,34.1,17.3,19.7,18.1,16.8,17.3
20260604,アヴィアトーレ,53.1,39.3,25.5,12.7,13.8,13.8,12.8,12.7
20260604,ビップヴィーナス,53.4,39.9,25.7,12.7,13.5,14.2,13.0,12.7
20260604,キボウノホシ,85.5,61.2,39.7,19.9,24.3,21.5,19.8,19.9
20260604,ハルオーブ,65.7,47.9,31.4,15.6,17.8,16.5,15.8,15.6
20260604,ヴェットビルズ,57.5,42.5,27.6,13.8,15.0,14.9,13.8,13.8
20260604,ライングラウス,74.5,56.0,38.4,19.5,18.5,17.6,18.9,19.5
20260604,ドーンコーラス,56.1,40.5,26.7,13.3,15.6,13.8,13.4,13.3
20260604,アルティソナンテ,55.6,40.4,27.0,13.7,15.2,13.4,13.3,13.7
20260604,カリボール,53.1,38.4,24.8,12.3,14.7,13.6,12.5,12.3
20260604,サツキレジーナ,66.4,49.5,32.5,16.2,16.9,17.0,16.3,16.2
20260604,ユキノエミリオ,66.2,47.4,30.1,14.5,18.8,17.3,15.6,14.5
20260604,カンレイスキー,69.6,50.6,33.3,16.6,19.0,17.3,16.7,16.6
20260604,サマースプラッシュ,68.5,50.2,32.5,16.0,18.3,17.7,16.5,16.0
20260604,オオセイケイ,69.3,50.6,32.8,16.4,18.7,17.8,16.4,16.4
20260604,ミッキーサウザンド,66.9,50.0,32.9,16.4,16.9,17.1,16.5,16.4
20260604,テリオスルミ,65.8,47.0,29.9,14.2,18.8,17.1,15.7,14.2
20260604,ウインブリザード,54.3,39.1,25.2,12.2,15.2,13.9,13.0,12.2
20260604,ユイノキャッツアイ,53.4,38.7,24.9,12.2,14.7,13.8,12.7,12.2
20260604,フルオール,53.2,39.2,25.3,12.2,14.0,13.9,13.1,12.2
20260604,ポールセン,54.3,40.1,26.1,12.8,14.2,14.0,13.3,12.8
20260604,クロライナ,63.1,45.9,30.1,15.0,17.2,15.8,15.1,15.0
20260604,ルージュミレネール,56.0,40.7,26.5,12.9,15.3,14.2,13.6,12.9
20260604,ラプユフラット,67.6,49.2,32.3,16.0,18.4,16.9,16.3,16.0
20260604,リベラリズモ,68.7,50.2,33.2,16.8,18.5,17.0,16.4,16.8
20260604,ハクシンスマイル,65.1,47.9,31.5,15.9,17.2,16.4,15.6,15.9
20260604,モンドシュピーゲル,67.5,49.5,32.4,15.9,18.0,17.1,16.5,15.9
20260604,センカンナガト,67.0,50.1,33.2,17.1,16.9,16.9,16.1,17.1
20260604,ゴーゼンチュー,68.9,51.2,33.9,16.6,17.7,17.3,17.3,16.6
20260604,コスモヘリアンサス,58.5,43.9,29.6,15.0,14.6,14.3,14.6,15.0
20260604,ノーブルアクト,66.9,49.1,33.0,16.7,17.8,16.1,16.3,16.7
20260604,タケルゴールド,56.9,42.6,28.5,14.8,14.3,14.1,13.7,14.8
20260604,セキテイリノ,55.9,40.6,26.5,13.2,15.3,14.1,13.3,13.2
20260604,シャンパンアワー,56.9,41.7,27.5,13.9,15.2,14.2,13.6,13.9
20260604,サラサチャチャチャ,68.2,49.3,31.3,15.2,18.9,18.0,16.1,15.2
20260604,キボウノホシ,68.8,49.7,32.4,16.3,19.1,17.3,16.1,16.3
20260604,ディマイザキッド,70.5,52.0,34.7,17.6,18.5,17.3,17.1,17.6
20260604,マイネルアルゴー,67.6,49.5,32.8,16.2,18.1,16.7,16.6,16.2
20260604,デスティネ,68.8,50.9,33.7,16.9,17.9,17.2,16.8,16.9
20260604,リバーブレーション,70.4,51.1,33.7,17.1,19.3,17.4,16.6,17.1
20260604,カーニバルウェイ,69.8,50.8,33.2,16.7,19.0,17.6,16.5,16.7
20260604,レオスキーム,68.5,50.1,32.8,16.5,18.4,17.3,16.3,16.5
20260604,デルマハルナ,65.3,49.2,33.1,16.8,16.1,16.1,16.3,16.8
20260604,サザンウォリアー,73.2,55.1,37.1,18.5,18.1,18.0,18.6,18.5
20260604,ニシノロッドマン,67.5,49.8,33.1,16.3,17.7,16.7,16.8,16.3
20260604,ヴァグラム,67.2,49.6,32.8,16.0,17.6,16.8,16.8,16.0
20260604,ゼアズノープレイス,71.3,53.6,35.8,18.0,17.7,17.8,17.8,18.0
20260604,テングカゼ,70.7,52.5,35.4,18.1,18.2,17.1,17.3,18.1
20260604,ディースプレマシー,68.6,52.6,35.0,17.6,16.0,17.6,17.4,17.6
20260604,スウィット,68.3,52.0,35.0,17.7,16.3,17.0,17.3,17.7
20260604,ノアソノマ,56.2,40.9,26.4,12.7,15.3,14.5,13.7,12.7
20260604,ロケットパンチ,56.0,40.7,26.2,12.7,15.3,14.5,13.5,12.7
20260604,ガヤーズベース,65.4,48.6,31.9,15.8,16.8,16.7,16.1,15.8
20260604,ホカミテダメ,66.4,49.1,32.4,16.0,17.3,16.7,16.4,16.0
20260604,ブルドッグドン,64.8,48.0,31.8,15.5,16.8,16.2,16.3,15.5
20260604,ﾍﾞｽﾄｲﾝﾊﾟｸﾄの24,66.3,48.8,32.1,16.2,17.5,16.7,15.9,16.2
20260604,ゴールドアローン,64.9,48.1,31.4,15.4,16.8,16.7,16.0,15.4
20260604,ミスターマーボー,67.1,49.6,32.6,16.3,17.5,17.0,16.3,16.3
20260604,ゾネブルーム,60.0,44.2,28.8,14.6,15.8,15.4,14.2,14.6
20260604,デルマシラカミ,72.2,53.4,35.0,17.7,18.8,18.4,17.3,17.7
20260604,エムティリオ,53.3,38.7,25.3,12.7,14.6,13.4,12.6,12.7
20260604,デイズインザサン,53.3,38.6,25.3,12.6,14.7,13.3,12.7,12.6
20260604,ミスチヴマリアンヌ,53.5,38.8,25.4,12.8,14.7,13.4,12.6,12.8
20260604,ナナレイ,71.9,53.5,35.1,18.0,18.4,18.4,17.1,18.0
20260604,ニシノリリックス,71.7,53.0,34.9,17.7,18.7,18.1,17.2,17.7
20260604,ヴァルカンテソーロ,66.0,48.6,31.8,15.9,17.4,16.8,15.9,15.9
20260604,ブリスフル,68.9,52.0,34.6,17.5,16.9,17.4,17.1,17.5
20260604,ヒャクレツケン,66.3,49.0,32.5,16.3,17.3,16.5,16.2,16.3
20260604,ウルウノマーズ,67.2,49.1,32.2,16.4,18.1,16.9,15.8,16.4
20260604,コパノストーム,67.0,49.3,32.5,16.3,17.7,16.8,16.2,16.3
20260604,エクセルゴールド,65.7,48.5,31.9,16.2,17.2,16.6,15.7,16.2
20260604,レザンノワール,67.2,48.8,32.0,15.6,18.4,16.8,16.4,15.6
20260604,ライフゲート,64.6,48.1,32.0,15.7,16.5,16.1,16.3,15.7
20260604,ムーンストラック,66.2,48.1,31.4,14.8,18.1,16.7,16.6,14.8
20260604,ハッピーラッキー,66.7,48.7,31.8,16.4,18.0,16.9,15.4,16.4
20260604,リゼクールグレー,71.9,51.9,33.2,16.8,20.0,18.7,16.4,16.8
20260604,マイセイバー,70.4,50.7,32.6,16.6,19.7,18.1,16.0,16.6
20260604,ダイシンレスター,70.7,52.2,34.3,17.2,18.5,17.9,17.1,17.2
20260604,ウイニングレイ,69.1,50.4,33.0,16.5,18.7,17.4,16.5,16.5
20260604,ゼアズノープレイス,54.7,40.6,26.7,13.1,14.1,13.9,13.6,13.1
20260604,ブリングライト,68.2,50.7,33.1,16.3,17.5,17.6,16.8,16.3
20260604,ラパンチュール,66.9,48.3,31.5,15.7,18.6,16.8,15.8,15.7
20260604,トワニ,66.3,49.7,32.5,15.9,16.6,17.2,16.6,15.9
20260604,テングカゼ,68.3,51.4,34.7,17.0,16.9,16.7,17.7,17.0
20260604,ブライトマン,65.7,48.2,31.5,15.5,17.5,16.7,16.0,15.5
20260604,ノボリフジ,73.6,53.8,35.8,18.2,19.8,18.0,17.6,18.2
20260604,ﾒｶﾞﾐﾁｬﾝの24,59.4,44.6,29.4,14.7,14.8,15.2,14.7,14.7
20260604,マーゴットパラディ,57.0,41.5,27.0,13.5,15.5,14.5,13.5,13.5
20260604,インザダーク,59.3,44.5,29.4,14.6,14.8,15.1,14.8,14.6
20260604,キョウエイボニータ,76.8,56.6,37.5,18.7,20.2,19.1,18.8,18.7
20260604,ジーティージェミル,72.2,54.3,36.1,18.3,17.9,18.2,17.8,18.3
20260604,アドミラルシップ,68.4,49.8,32.7,16.2,18.6,17.1,16.5,16.2
20260604,ビタミンドロップ,94.6,67.9,43.3,20.9,26.7,24.6,22.4,20.9
20260604,サクセスボーイ,69.3,50.5,33.3,16.7,18.8,17.2,16.6,16.7
20260604,オーケーエース,68.5,49.7,32.6,16.3,18.8,17.1,16.3,16.3
20260604,シャオママル,53.2,38.8,24.9,12.4,14.4,13.9,12.5,12.4
20260604,ケブランリ,56.0,41.1,26.9,12.9,14.9,14.2,14.0,12.9
20260604,キントリヒ,66.5,48.9,33.1,16.7,17.6,15.8,16.4,16.7
20260604,グランジョルノ,70.4,51.6,34.3,17.3,18.8,17.3,17.0,17.3
20260604,ビップマリク,69.8,50.8,33.4,16.3,19.0,17.4,17.1,16.3
20260604,ライトアファイア,55.3,40.8,27.0,13.4,14.5,13.8,13.6,13.4
20260604,ステラゲイル,66.8,49.4,32.2,16.3,17.4,17.2,15.9,16.3
20260604,リュウカルネ,55.1,40.5,26.9,13.1,14.6,13.6,13.8,13.1
20260604,スカット,57.2,41.0,26.4,13.1,16.2,14.6,13.3,13.1
20260604,ビタミンドロップ,53.6,38.9,26.0,13.4,14.7,12.9,12.6,13.4
20260604,ブライスフェアリー,57.5,40.9,26.1,12.9,16.6,14.8,13.2,12.9
20260604,ラムールデュヴォン,54.8,39.9,26.3,13.2,14.9,13.6,13.1,13.2
20260604,トム,65.3,47.7,31.8,16.2,17.6,15.9,15.6,16.2
20260604,ポッドエステラ,54.9,39.9,26.2,13.1,15.0,13.7,13.1,13.1
20260604,プリンセスロッティ,54.7,39.7,26.0,12.9,15.0,13.7,13.1,12.9
20260604,ホウオウゴールド,60.0,44.6,29.9,14.6,15.4,14.7,15.3,14.6
20260604,クレパスキュラー,58.7,43.4,28.5,14.2,15.3,14.9,14.3,14.2
20260604,ドナシュネル,76.4,55.2,35.9,17.3,21.2,19.3,18.6,17.3
20260604,スタールーラー,76.5,55.6,36.1,17.7,20.9,19.5,18.4,17.7
20260604,サザンヴィターレ,76.8,55.7,36.4,17.5,21.1,19.3,18.9,17.5
20260604,サノノファイター,77.0,55.8,36.4,17.5,21.2,19.4,18.9,17.5
20260604,ウインディナナコ,55.3,39.1,25.8,12.9,16.2,13.3,12.9,12.9
20260604,ファインサマーデイ,54.6,39.4,25.5,12.6,15.2,13.9,12.9,12.6
20260604,ヴァナルガンド,52.9,38.3,25.0,12.3,14.6,13.3,12.7,12.3
20260604,グランドフォレスト,56.0,40.7,26.4,12.9,15.3,14.3,13.5,12.9
20260604,タイキフィアリーベ,55.6,40.3,26.2,12.9,15.3,14.1,13.3,12.9
20260604,キタノローズ,55.0,39.9,25.8,12.6,15.1,14.1,13.2,12.6
20260604,テリオスノバ,68.1,49.6,32.2,16.1,18.5,17.4,16.1,16.1
20260604,ヒケヤイワフネ,68.8,51.4,34.4,17.6,17.4,17.0,16.8,17.6
20260604,ニチヤヲツイデ,71.9,52.9,35.1,18.0,19.0,17.8,17.1,18.0
20260604,サザンホクトベガ,55.6,40.6,26.3,12.7,15.0,14.3,13.6,12.7
20260604,アシャカロッケ,55.8,40.7,26.4,12.8,15.1,14.3,13.6,12.8
20260604,クリノゴッホ,56.4,41.3,26.8,13.1,15.1,14.5,13.7,13.1
20260604,チョウブク,56.0,40.7,26.4,12.8,15.3,14.3,13.6,12.8
20260604,コンクレデンツァ,64.7,48.0,31.5,15.0,16.7,16.5,16.5,15.0
20260604,ピンキープロミス,67.5,51.2,34.4,17.7,16.3,16.8,16.7,17.7
20260604,ケナゲ,70.6,52.4,34.4,17.1,18.2,18.0,17.3,17.1
20260604,マリノシークレット,67.0,50.0,33.1,16.4,17.0,16.9,16.7,16.4
20260604,ジーティーフクジ,67.1,50.1,33.1,16.3,17.0,17.0,16.8,16.3
20260604,キントリヒ,53.0,38.7,25.8,12.7,14.3,12.9,13.1,12.7
20260604,ゴールデンステップ,66.6,48.8,32.2,16.1,17.8,16.6,16.1,16.1
20260604,カゴシマ,57.1,42.1,27.6,13.5,15.0,14.5,14.1,13.5
20260604,レイフロレット,63.5,46.6,30.7,15.2,16.9,15.9,15.5,15.2
20260604,イマジェリーナ,68.6,50.5,33.3,16.8,18.1,17.2,16.5,16.8
20260604,クイーンレグナント,67.1,48.8,31.6,15.8,18.3,17.2,15.8,15.8
20260604,ロココ,68.6,50.9,33.4,16.1,17.7,17.5,17.3,16.1
20260604,ラブマイティー,69.4,51.3,33.6,16.4,18.1,17.7,17.2,16.4
20260604,コブラ,66.3,47.8,31.1,15.1,18.5,16.7,16.0,15.1
20260604,ヴェサリウス,64.3,47.9,31.4,15.3,16.4,16.5,16.1,15.3
20260604,ヤマタケゲンジ,69.2,51.7,34.2,17.2,17.5,17.5,17.0,17.2
20260604,モーモーワン,69.1,51.7,34.2,17.2,17.4,17.5,17.0,17.2
20260604,サムワンライクユー,67.8,49.8,33.2,16.6,18.0,16.6,16.6,16.6
20260604,ファインブライト,70.1,52.5,34.8,17.6,17.6,17.7,17.2,17.6
20260604,カキュウ,69.6,51.0,33.5,15.9,18.6,17.5,17.6,15.9
20260604,インプロペリア,72.2,54.0,36.3,18.3,18.2,17.7,18.0,18.3
20260604,コナパームス,69.5,51.7,33.7,16.8,17.8,18.0,16.9,16.8
20260604,ダノンコレクト,70.9,52.5,34.4,16.7,18.4,18.1,17.7,16.7
20260604,マツリダシリウス,65.8,50.1,33.1,16.6,15.7,17.0,16.5,16.6
20260604,ガーシュウィン,53.7,39.3,26.4,13.6,14.4,12.9,12.8,13.6
20260604,エニシングゴース,54.2,39.6,26.6,13.8,14.6,13.0,12.8,13.8
20260604,ハートホイップ,76.5,57.3,38.0,19.4,19.2,19.3,18.6,19.4
20260604,モウレツ,65.1,48.1,31.4,15.3,17.0,16.7,16.1,15.3
20260604,サトノドルチェ,68.2,49.5,32.7,16.4,18.7,16.8,16.3,16.4
20260604,ペリプルス,69.0,51.6,34.5,16.7,17.4,17.1,17.8,16.7
20260604,マイネルイグザルト,68.0,50.7,33.8,16.1,17.3,16.9,17.7,16.1
20260604,ブラックナザレ,68.6,50.6,33.2,16.3,18.0,17.4,16.9,16.3
20260604,ゴルトレオパルト,70.0,51.8,33.5,16.6,18.2,18.3,16.9,16.6
20260604,アイファーティアラ,71.1,52.4,34.0,17.0,18.7,18.4,17.0,17.0
20260604,ヒログリーン,70.8,52.0,34.2,17.0,18.8,17.8,17.2,17.0
20260604,ワンダリングスター,70.8,52.0,34.2,17.0,18.8,17.8,17.2,17.0
20260604,サンセットブライト,68.0,49.9,32.8,16.5,18.1,17.1,16.3,16.5
20260604,レイシャル,69.7,52.2,34.7,17.7,17.5,17.5,17.0,17.7
20260604,フミサウンド,61.6,45.8,30.2,15.1,15.8,15.6,15.1,15.1
20260604,ライングッドマン,57.7,42.1,27.3,13.4,15.6,14.8,13.9,13.4
20260604,コスモアチーブ,64.5,47.7,31.3,15.7,16.8,16.4,15.6,15.7
20260604,ラベルセーヌ,65.5,47.8,31.3,15.4,17.7,16.5,15.9,15.4
20260604,ノヴァルクス,63.5,47.8,32.1,16.3,15.7,15.7,15.8,16.3
20260604,サンカルミア,56.8,42.0,27.1,13.1,14.8,14.9,14.0,13.1
20260604,ジャストキュート,56.2,39.7,25.8,12.6,16.5,13.9,13.2,12.6
20260604,アルティーノ,58.8,44.0,29.1,14.6,14.8,14.9,14.5,14.6
20260604,ウインポーシャ,65.4,47.7,31.1,15.4,17.7,16.6,15.7,15.4
20260604,カシノスワッグ,72.7,53.8,36.0,18.2,18.9,17.8,17.8,18.2
20260604,ヴェールネージュ,66.7,49.9,33.1,16.3,16.8,16.8,16.8,16.3
20260604,ゴーゴーパンチ,70.4,53.1,35.5,18.1,17.3,17.6,17.4,18.1
20260604,ニシノマルガリート,66.2,48.1,31.7,15.4,18.1,16.4,16.3,15.4
20260604,パッサージュワイズ,67.1,50.4,33.9,17.4,16.7,16.5,16.5,17.4
20260604,ﾘﾘｰｱﾒﾘｶの24,65.8,49.5,33.4,17.4,16.3,16.1,16.0,17.4
20260604,レイアポポ,64.6,48.1,31.4,15.5,16.5,16.7,15.9,15.5
20260604,ベイビーキッス,65.4,48.4,31.5,15.4,17.0,16.9,16.1,15.4
20260604,トモジャオーリー,72.5,54.0,35.9,18.0,18.5,18.1,17.9,18.0
20260604,カツノテンス,67.5,49.7,33.0,16.1,17.8,16.7,16.9,16.1
20260604,ペイシャオーヴァル,69.8,51.5,34.0,17.2,18.3,17.5,16.8,17.2
20260604,セイントクーヤ,55.3,40.0,26.0,12.9,15.3,14.0,13.1,12.9
20260604,マツリダイコ,64.9,47.8,30.8,15.3,17.1,17.0,15.5,15.3
20260604,マイネルディザイア,69.1,51.5,34.4,17.3,17.6,17.1,17.1,17.3
20260604,ゴートゥービッツン,69.8,51.6,34.3,17.5,18.2,17.3,16.8,17.5
20260604,マンダリンボレロ,72.4,53.3,35.3,17.7,19.1,18.0,17.6,17.7
20260604,ティアップドライブ,69.8,52.0,34.3,17.3,17.8,17.7,17.0,17.3
20260604,オウケンサクラコ,56.4,42.3,27.9,13.4,14.1,14.4,14.5,13.4
20260604,コックオーヴァン,76.0,56.2,36.9,18.1,19.8,19.3,18.8,18.1
20260604,ヒドラテソーロ,64.9,48.2,32.3,16.4,16.7,15.9,15.9,16.4
20260604,アイアムキレマスネ,64.8,47.9,31.9,16.2,16.9,16.0,15.7,16.2
20260604,ムーチョピカンテ,64.4,47.7,31.6,16.1,16.7,16.1,15.5,16.1
20260604,クッカユフラ,73.9,54.2,36.4,18.5,19.7,17.8,17.9,18.5
20260604,ソーマッチ,68.9,50.2,32.8,16.2,18.7,17.4,16.6,16.2
20260604,タッセルノット,70.6,52.4,34.6,17.4,18.2,17.8,17.2,17.4
20260604,ムードメーカー,64.8,48.5,31.9,15.9,16.3,16.6,16.0,15.9
20260604,ツウカイウォリアー,65.2,47.9,32.0,16.3,17.3,15.9,15.7,16.3
20260604,アドミ,65.7,49.0,32.5,16.9,16.7,16.5,15.6,16.9
20260604,ジューンミレニアム,65.5,48.1,31.2,15.3,17.4,16.9,15.9,15.3
20260604,レイナデルアイレ,63.6,47.4,31.8,16.1,16.2,15.6,15.7,16.1
20260604,キョウエイアート,69.9,51.7,34.1,17.4,18.2,17.6,16.7,17.4
20260604,ニシノキフジン,69.3,50.8,34.0,17.4,18.5,16.8,16.6,17.4
20260604,リアルクウカイ,70.0,51.4,34.1,17.3,18.6,17.3,16.8,17.3
20260604,マッドヘッドラブ,71.3,50.7,32.6,15.5,20.6,18.1,17.1,15.5
20260604,モストロ,72.0,53.3,35.4,17.6,18.7,17.9,17.8,17.6
20260604,バターショコラ,56.7,40.9,26.6,13.0,15.8,14.3,13.6,13.0
20260604,エイシンウルクンデ,73.6,54.9,37.0,18.3,18.7,17.9,18.7,18.3
20260604,ゴルトレオパルト,59.1,44.2,29.1,14.7,14.9,15.1,14.4,14.7
20260604,ブルージャイアント,66.7,49.6,33.0,16.4,17.1,16.6,16.6,16.4
20260604,オーキーベルセルク,68.9,48.7,31.7,15.7,20.2,17.0,16.0,15.7
20260604,アイムインディ,66.5,49.2,32.4,15.7,17.3,16.8,16.7,15.7
20260604,ラングロワブリッジ,66.3,48.1,31.2,15.7,18.2,16.9,15.5,15.7
20260604,ワンダリングスター,69.5,51.2,33.8,17.2,18.3,17.4,16.6,17.2
20260604,アースヴィンチ,70.3,51.8,34.2,17.0,18.5,17.6,17.2,17.0
20260604,テンノルーキー,72.5,53.7,35.2,17.4,18.8,18.5,17.8,17.4
20260604,ウインドワンピース,60.2,44.7,29.0,14.7,15.5,15.7,14.3,14.7
20260604,トゥラッタッタ,67.5,50.3,33.2,16.3,17.2,17.1,16.9,16.3
20260604,ハクシンブライアン,70.2,51.1,32.9,16.7,19.1,18.2,16.2,16.7
20260604,サクラトップラック,72.8,54.4,35.9,18.2,18.4,18.5,17.7,18.2
20260604,ジーティーストーム,69.8,51.3,33.3,16.2,18.5,18.0,17.1,16.2
20260604,ラヴレイン,69.3,50.9,33.1,16.0,18.4,17.8,17.1,16.0
20260604,スムースベルベット,65.2,48.4,31.5,15.6,16.8,16.9,15.9,15.6
20260604,アツキヤマト,65.5,48.1,31.3,15.4,17.4,16.8,15.9,15.4
20260604,シャドウメテオ,69.7,51.2,34.0,17.0,18.5,17.2,17.0,17.0
20260604,エバーラスト,65.6,48.7,32.2,16.3,16.9,16.5,15.9,16.3
20260604,リフレックス,67.0,48.8,32.3,16.3,18.2,16.5,16.0,16.3
20260604,ピーエムキンチャン,65.9,48.8,32.3,16.1,17.1,16.5,16.2,16.1
20260604,グランドストーリー,67.0,48.9,31.9,16.0,18.1,17.0,15.9,16.0
20260604,アテナブレイブ,65.8,48.4,31.3,15.4,17.4,17.1,15.9,15.4
20260604,ポストトゥルース,67.2,49.2,31.7,15.8,18.0,17.5,15.9,15.8
20260604,エーアイラピド,67.9,50.5,33.6,16.9,17.4,16.9,16.7,16.9
20260604,ロジリオン,55.4,40.8,26.2,13.2,14.6,14.6,13.0,13.2
20260604,ゲンパチルーナ,65.0,48.2,31.9,16.4,16.8,16.3,15.5,16.4
20260604,スミッコディスコ,54.1,39.5,25.7,12.8,14.6,13.8,12.9,12.8
20260604,サンブライト,64.3,47.1,31.1,15.1,17.2,16.0,16.0,15.1
20260604,タイセイブルーム,66.0,48.9,32.6,15.8,17.1,16.3,16.8,15.8
20260604,ファインコンダクト,53.1,39.0,25.0,12.3,14.1,14.0,12.7,12.3
20260604,ノヴェルピアーチェ,55.9,40.7,26.3,12.9,15.2,14.4,13.4,12.9
20260604,サトノリアファル,56.5,41.8,27.4,13.5,14.7,14.4,13.9,13.5
20260604,ジェイエルサーベイ,63.2,46.1,29.8,14.7,17.1,16.3,15.1,14.7
20260604,ウォーレーションズ,68.7,50.5,33.3,16.8,18.2,17.2,16.5,16.8
20260604,カレリアフレイバー,53.5,39.0,25.5,12.5,14.5,13.5,13.0,12.5
20260604,ラヴァブルロマン,55.6,40.6,26.4,13.1,15.0,14.2,13.3,13.1
20260604,サンクレセント,55.4,40.4,26.3,12.9,15.0,14.1,13.4,12.9
20260604,ゼノスフィア,59.7,43.9,28.7,14.1,15.8,15.2,14.6,14.1
20260604,ゼットターム,59.8,44.1,28.7,14.1,15.7,15.4,14.6,14.1
20260604,ソニックライン,56.9,42.1,27.0,13.0,14.8,15.1,14.0,13.0
20260604,ヌクレオチド,57.3,41.8,27.5,13.8,15.5,14.3,13.7,13.8
20260604,ステキサプライズ,55.5,40.4,25.8,12.7,15.1,14.6,13.1,12.7
20260604,アルケミラモリス,55.4,40.3,25.8,12.6,15.1,14.5,13.2,12.6
20260604,リーデレクオーレ,61.7,45.1,29.7,14.7,16.6,15.4,15.0,14.7
20260604,アシタバスピリッツ,53.8,38.9,25.1,12.1,14.9,13.8,13.0,12.1
20260604,ニシノツムジカゼ,53.2,38.6,24.9,12.3,14.6,13.7,12.6,12.3
20260604,アッチャゴーラ,67.2,49.7,33.1,16.2,17.5,16.6,16.9,16.2
20260604,アトリウムチャペル,66.5,48.0,31.1,15.3,18.5,16.9,15.8,15.3
20260604,テンノルーキー,71.1,52.7,35.5,18.4,18.4,17.2,17.1,18.4
20260604,サクラトップラック,72.3,53.4,35.4,17.9,18.9,18.0,17.5,17.9
20260604,アイウィル,68.6,50.8,33.3,16.6,17.8,17.5,16.7,16.6
20260604,タイキオーベロン,68.4,50.6,33.2,16.4,17.8,17.4,16.8,16.4
20260604,マイネルスラーヴァ,68.2,50.5,32.9,16.6,17.7,17.6,16.3,16.6
20260604,ディルイーヤ,68.1,50.2,32.9,16.4,17.9,17.3,16.5,16.4
20260604,タンゴバイラリン,69.7,51.6,33.5,15.8,18.1,18.1,17.7,15.8
20260604,レガーロデルシエロ,69.2,51.4,33.8,16.8,17.8,17.6,17.0,16.8
20260604,ホウオウロレンシア,69.9,52.0,33.8,17.1,17.9,18.2,16.7,17.1
20260604,ブリサマリーナ,66.7,49.9,32.9,16.5,16.8,17.0,16.4,16.5
20260604,ヤマメイッカ,67.0,49.3,33.2,16.6,17.7,16.1,16.6,16.6
20260604,ウインガネーシャ,70.3,51.6,34.1,16.8,18.7,17.5,17.3,16.8
20260604,クレアノア,67.3,50.2,33.6,16.9,17.1,16.6,16.7,16.9
20260604,エーオープリマ,66.8,50.0,33.3,16.7,16.8,16.7,16.6,16.7
20260604,カサブランカキッド,56.5,39.6,25.0,12.4,16.9,14.6,12.6,12.4
20260604,モーニングダリア,65.9,48.4,31.4,15.8,17.5,17.0,15.6,15.8
20260604,ブレイブシュガー,65.5,48.7,32.2,16.2,16.8,16.5,16.0,16.2
20260604,ナムラアラバイ,62.9,46.6,30.9,15.9,16.3,15.7,15.0,15.9
20260604,アーバーバイティ,62.8,46.4,30.7,15.8,16.4,15.7,14.9,15.8
20260604,インサイドエッジ,55.1,39.1,25.1,12.5,16.0,14.0,12.6,12.5
20260604,アトミックリーチ,56.7,41.0,26.4,12.5,15.7,14.6,13.9,12.5
20260604,ウラノグラフィア,57.0,41.1,26.7,12.9,15.9,14.4,13.8,12.9
20260604,ジオ,57.2,41.3,26.8,12.9,15.9,14.5,13.9,12.9
20260604,ドバイブルース,66.2,49.0,31.8,15.8,17.2,17.2,16.0,15.8
20260604,ヘニーガイスト,66.4,49.0,31.6,15.8,17.4,17.4,15.8,15.8
20260604,ファリーザ,64.4,47.0,30.8,14.8,17.4,16.2,16.0,14.8
20260604,ボスヒッツ,68.3,50.9,33.2,16.4,17.4,17.7,16.8,16.4
20260604,レッドマウロア,68.2,50.8,33.1,16.4,17.4,17.7,16.7,16.4
20260604,ニシノトラノスケ,62.6,46.9,31.2,15.1,15.7,15.7,16.1,15.1
20260604,アドマイヤミラ,68.5,51.0,33.9,16.4,17.5,17.1,17.5,16.4
20260604,ジョワリヴレ,68.2,48.8,32.0,16.0,19.4,16.8,16.0,16.0
20260604,キッショウダラニ,53.8,39.4,25.7,12.6,14.4,13.7,13.1,12.6
20260604,ソナタテソーロ,54.2,39.5,25.6,13.1,14.7,13.9,12.5,13.1
20260604,グラスクラージュ,54.1,39.4,25.7,13.2,14.7,13.7,12.5,13.2
20260604,マンモスホームラン,58.6,43.5,28.8,14.0,15.1,14.7,14.8,14.0
20260604,ルクスレイモンド,68.1,50.2,33.2,16.4,17.9,17.0,16.8,16.4
20260604,タイドグラフ,65.9,48.3,31.8,15.8,17.6,16.5,16.0,15.8
20260604,サムハラ,67.2,49.1,32.4,16.3,18.1,16.7,16.1,16.3
20260604,ファウナード,69.0,50.8,33.3,16.6,18.2,17.5,16.7,16.6
20260604,アイアムアヒーロー,65.2,48.6,32.5,16.8,16.6,16.1,15.7,16.8
20260604,オーパパ,58.7,43.1,28.0,13.9,15.6,15.1,14.1,13.9
20260604,キタノタイキ,62.4,46.0,31.0,15.7,16.4,15.0,15.3,15.7
20260604,フレキシブル,58.1,42.7,27.8,13.5,15.4,14.9,14.3,13.5
20260604,レゲンデ,58.4,42.9,27.9,13.9,15.5,15.0,14.0,13.9
20260604,ボールドハーテッド,67.5,50.0,33.9,16.7,17.5,16.1,17.2,16.7
20260604,ツァガーンサル,65.1,48.4,32.2,16.1,16.7,16.2,16.1,16.1
20260604,ジェイエルトランプ,63.9,47.1,30.7,15.4,16.8,16.4,15.3,15.4
20260604,ゼラニウム,56.5,42.1,27.7,14.1,14.4,14.4,13.6,14.1
20260604,ポッドレーヴ,56.1,41.8,27.6,14.0,14.3,14.2,13.6,14.0
20260604,モナークスヴァラー,69.9,52.7,34.7,17.3,17.2,18.0,17.4,17.3
20260604,アルペンローゼ,53.2,39.4,25.3,12.7,13.8,14.1,12.6,12.7
20260604,ホーナー,53.6,39.7,25.6,12.8,13.9,14.1,12.8,12.8
20260604,レガーロデルシエロ,70.0,52.7,35.1,17.1,17.3,17.6,18.0,17.1
20260604,セイウンハーデス,52.6,37.8,24.4,12.1,14.8,13.4,12.3,12.1
20260604,クルゼイロドスル,52.7,38.6,25.6,13.1,14.1,13.0,12.5,13.1
20260604,ライトオブヌカタ,56.2,40.6,25.8,12.9,15.6,14.8,12.9,12.9
20260604,ベラジオヴァレル,55.2,39.9,25.9,12.7,15.3,14.0,13.2,12.7
20260604,チェファルー,55.8,40.4,25.7,12.9,15.4,14.7,12.8,12.9
20260604,ニシノサリーナ,53.7,39.6,25.2,12.3,14.1,14.4,12.9,12.3
20260604,リフルフォース,54.5,39.9,25.6,12.6,14.6,14.3,13.0,12.6
20260604,セルヴァジオ,54.0,39.7,25.5,12.6,14.3,14.2,12.9,12.6
20260604,ラッキーストーン,55.2,39.4,25.6,12.7,15.8,13.8,12.9,12.7
20260604,モーデン,53.4,38.9,25.4,12.6,14.5,13.5,12.8,12.6
20260604,ルーフ,53.3,38.0,24.4,12.5,15.3,13.6,11.9,12.5
20260604,ウインルーティン,56.0,40.1,25.6,12.7,15.9,14.5,12.9,12.7
20260604,ファミリータイム,53.1,39.1,25.5,12.6,14.0,13.6,12.9,12.6
20260604,ヴェロクオーレ,52.2,38.2,24.9,12.3,14.0,13.3,12.6,12.3
20260604,ベルメサイア,64.0,46.4,30.5,15.3,17.6,15.9,15.2,15.3
20260604,ミッキークレスト,53.8,39.2,25.5,12.6,14.6,13.7,12.9,12.6
20260604,ポイントネモ,54.3,39.2,25.8,12.9,15.1,13.4,12.9,12.9
20260604,ナムラクララ,52.1,38.1,24.9,12.4,14.0,13.2,12.5,12.4
20260604,ベルジュロネット,53.3,38.5,25.1,12.2,14.8,13.4,12.9,12.2
20260604,ラッキーバック,62.5,45.0,27.9,13.1,17.5,17.1,14.8,13.1
20260604,リヴァデラルナ,62.0,45.4,30.4,15.3,16.6,15.0,15.1,15.3
20260604,マティンデ,53.4,37.8,24.3,11.7,15.6,13.5,12.6,11.7
20260604,サトノビダーヤ,59.7,42.8,26.9,13.1,16.9,15.9,13.8,13.1
20260604,エングルマン,63.5,46.5,29.9,14.3,17.0,16.6,15.6,14.3
20260604,ジキトウライ,54.8,39.7,26.4,13.7,15.1,13.3,12.7,13.7
20260604,スマートポーション,54.0,39.0,25.5,12.7,15.0,13.5,12.8,12.7
20260604,プランシングホース,56.7,40.6,25.9,12.8,16.1,14.7,13.1,12.8
20260604,エルダークローネ,66.4,48.5,31.7,15.4,17.9,16.8,16.3,15.4
20260604,サマーキューピッド,54.7,40.1,26.1,12.9,14.6,14.0,13.2,12.9
20260604,ムーンベリル,63.8,46.9,30.7,15.3,16.9,16.2,15.4,15.3
20260604,ウィンザーローズ,55.0,40.3,26.3,13.1,14.7,14.0,13.2,13.1
20260604,グランデスフィーダ,67.2,49.7,33.0,16.3,17.5,16.7,16.7,16.3
20260604,スマートスピア,52.4,38.4,25.4,12.7,14.0,13.0,12.7,12.7
20260604,モアニ,55.4,39.7,25.3,12.5,15.7,14.4,12.8,12.5
20260604,カルパ,56.2,40.3,25.6,12.4,15.9,14.7,13.2,12.4
20260604,アサクサグレース,56.3,40.7,26.3,12.9,15.6,14.4,13.4,12.9
20260604,キュクロープス,56.1,40.0,25.6,12.6,16.1,14.4,13.0,12.6
20260604,ホウオウレイヴン,53.5,38.3,25.0,12.5,15.2,13.3,12.5,12.5
20260604,ジョイエッロ,55.2,39.4,25.2,12.3,15.8,14.2,12.9,12.3
20260604,ジャスパーノベル,65.8,48.6,31.9,15.9,17.2,16.7,16.0,15.9
20260604,シビルガード,57.6,42.0,27.5,13.7,15.6,14.5,13.8,13.7
20260604,セルジュバローズ,55.0,39.8,25.6,12.4,15.2,14.2,13.2,12.4
20260604,ワイドポティロン,66.2,49.3,32.5,16.1,16.9,16.8,16.4,16.1
20260604,アスクチャンスマン,65.3,46.6,30.5,15.2,18.7,16.1,15.3,15.2
20260604,ウイルソン,55.3,40.7,27.0,13.3,14.6,13.7,13.7,13.3
20260604,ケイアイセナ,52.6,38.3,24.8,12.1,14.3,13.5,12.7,12.1
20260604,アガシ,55.9,39.5,25.2,12.6,16.4,14.3,12.6,12.6
20260604,ウィップスティッチ,59.5,43.7,28.8,14.6,15.8,14.9,14.2,14.6
20260604,ヤマニンレセディ,54.0,38.6,25.3,12.8,15.4,13.3,12.5,12.8
20260604,システマソラー,52.6,38.4,25.2,12.7,14.2,13.2,12.5,12.7
20260604,タガノラヴズワン,54.1,39.0,25.5,12.6,15.1,13.5,12.9,12.6
20260604,テーオーナタリー,66.7,48.6,31.8,15.5,18.1,16.8,16.3,15.5
20260604,ファイナルコマンド,55.1,38.6,25.4,12.8,16.5,13.2,12.6,12.8
20260604,アルギエバ,68.0,49.3,32.4,15.9,18.7,16.9,16.5,15.9
20260604,ココフルール,65.9,49.1,33.1,16.9,16.8,16.0,16.2,16.9
20260604,ケイアイトリノ,65.9,48.4,32.0,16.0,17.5,16.4,16.0,16.0
20260604,ユイパルティ,68.4,49.9,32.9,16.2,18.5,17.0,16.7,16.2
20260604,モズナナスター,54.2,38.4,24.7,12.6,15.8,13.7,12.1,12.6
20260604,アンジュプロミス,68.6,49.7,32.1,15.5,18.9,17.6,16.6,15.5
20260604,ラピス,55.5,40.2,26.3,13.1,15.3,13.9,13.2,13.1
20260604,ジーティーメティオ,54.0,38.3,24.7,12.6,15.7,13.6,12.1,12.6
20260604,アウトリュコス,53.9,39.4,26.0,13.3,14.5,13.4,12.7,13.3
20260604,ジュンドラドラ,69.4,50.4,33.1,16.6,19.0,17.3,16.5,16.6
20260604,グランビスタ,54.4,39.6,25.9,12.9,14.8,13.7,13.0,12.9
20260604,マイネルブラントン,65.8,47.4,29.9,14.9,18.4,17.5,15.0,14.9
20260604,ウインガウェイン,67.3,49.1,31.9,15.4,18.2,17.2,16.5,15.4
20260604,フォルトナレガーロ,69.3,50.2,32.5,16.4,19.1,17.7,16.1,16.4
20260604,テーオーダグラス,67.2,49.3,31.9,15.3,17.9,17.4,16.6,15.3
20260604,ショウナンガチ,64.9,47.7,31.2,15.7,17.2,16.5,15.5,15.7
20260604,ストラテージュ,70.2,51.4,34.0,17.1,18.8,17.4,16.9,17.1
20260604,スピリットライズ,65.9,48.0,31.0,15.4,17.9,17.0,15.6,15.4
20260604,ショウナンバルドル,68.7,50.0,32.1,15.5,18.7,17.9,16.6,15.5
20260604,ブルーミングローズ,71.8,51.1,33.4,16.5,20.7,17.7,16.9,16.5
20260604,ブレスドナイル,55.8,40.5,26.3,13.5,15.3,14.2,12.8,13.5
20260604,バトゥカーダ,67.2,48.5,32.2,16.2,18.7,16.3,16.0,16.2
20260604,ブルーザー,67.0,48.6,31.6,15.5,18.4,17.0,16.1,15.5
20260604,ジョアン,67.2,47.9,30.9,15.6,19.3,17.0,15.3,15.6
20260604,ﾍﾟﾌﾟﾁﾄﾞｻｸﾗの24,65.5,47.9,31.3,15.5,17.6,16.6,15.8,15.5
20260604,ルマンサルト,71.4,51.5,31.9,15.4,19.9,19.6,16.5,15.4
20260604,ﾗﾌﾞｲﾝｼﾞｴｱの24,72.0,51.1,33.2,16.2,20.9,17.9,17.0,16.2
20260604,メイショウカイト,68.1,49.5,32.3,15.6,18.6,17.2,16.7,15.6
20260604,アクートゥス,57.8,41.6,27.2,13.5,16.2,14.4,13.7,13.5
20260604,トウカイエルデ,60.5,44.1,29.2,14.4,16.4,14.9,14.8,14.4
20260604,キングツェッペリン,54.5,40.1,26.2,13.0,14.4,13.9,13.2,13.0
20260604,スリーラーケン,56.8,40.7,26.4,13.0,16.1,14.3,13.4,13.0
20260604,ソルトハッピー,68.6,49.8,32.7,16.2,18.8,17.1,16.5,16.2
20260604,オーロクリューソス,67.6,50.6,34.5,17.1,17.0,16.1,17.4,17.1
20260604,ワンダーアンレール,69.0,49.6,32.1,15.4,19.4,17.5,16.7,15.4
20260604,クリコイーコ,64.5,46.8,31.3,15.9,17.7,15.5,15.4,15.9
20260604,パスリヤージュ,68.2,49.7,32.4,15.9,18.5,17.3,16.5,15.9
20260604,シンゼンノト,64.8,46.6,30.3,14.8,18.2,16.3,15.5,14.8
20260604,ソゲソゲスマイル,65.7,47.6,30.7,14.9,18.1,16.9,15.8,14.9
20260604,アウフヘーベン,53.0,38.0,24.5,12.2,15.0,13.5,12.3,12.2
20260604,ラッキーベイ,63.5,46.5,31.1,15.4,17.0,15.4,15.7,15.4
20260604,ゴールデンカイト,55.3,40.1,26.2,12.9,15.2,13.9,13.3,12.9
20260604,ファイティンアスク,54.5,39.6,25.6,12.4,14.9,14.0,13.2,12.4
20260604,タワーオブバベル,69.1,49.6,32.3,15.6,19.5,17.3,16.7,15.6
20260604,リノルアナ,53.9,39.4,25.3,12.6,14.5,14.1,12.7,12.6
20260604,ガルディエンヌ,53.6,38.6,25.0,12.5,15.0,13.6,12.5,12.5
20260604,ピーコパーコ,67.0,49.9,33.7,17.3,17.1,16.2,16.4,17.3
20260604,フライングブレード,56.2,40.2,25.8,12.5,16.0,14.4,13.3,12.5
20260604,アスクヴォルテージ,52.6,38.3,24.8,12.3,14.3,13.5,12.5,12.3
20260604,カナタコナタ,54.2,39.3,25.7,12.6,14.9,13.6,13.1,12.6
20260604,シバノパージャン,66.1,49.3,32.4,16.1,16.8,16.9,16.3,16.1
20260604,カラクニダケ,57.9,41.8,26.0,12.4,16.1,15.8,13.6,12.4
20260604,サイモンレガシー,70.1,51.1,33.5,16.5,19.0,17.6,17.0,16.5
20260604,ナミオトノヒビキ,67.8,50.2,33.0,16.2,17.6,17.2,16.8,16.2
20260604,イッソス,69.3,51.4,33.6,16.6,17.9,17.8,17.0,16.6
20260604,ニシノキヅイタラ,58.3,41.9,26.3,12.5,16.4,15.6,13.8,12.5
20260604,モズアンタレス,64.1,47.6,31.3,15.0,16.5,16.3,16.3,15.0
20260604,ワンダーシャッフル,58.2,43.3,28.4,13.5,14.9,14.9,14.9,13.5
20260604,シャマレル,57.6,41.0,26.9,13.2,16.6,14.1,13.7,13.2
20260604,ウルフ,56.8,40.5,26.6,12.9,16.3,13.9,13.7,12.9
20260604,ショウグンマサムネ,55.8,40.2,26.0,12.8,15.6,14.2,13.2,12.8
20260604,ジュンクロノシップ,53.5,38.5,24.7,12.4,15.0,13.8,12.3,12.4
20260604,ペルセポネ,55.6,39.7,25.7,12.4,15.9,14.0,13.3,12.4
20260604,ゴールドアーク,67.2,50.2,33.7,17.1,17.0,16.5,16.6,17.1
20260604,トシミチ,64.7,48.3,33.2,17.1,16.4,15.1,16.1,17.1
20260604,メイショウヤーキス,67.9,50.0,32.8,16.3,17.9,17.2,16.5,16.3
20260604,ティンティンデオ,54.0,39.4,25.7,13.1,14.6,13.7,12.6,13.1
20260604,ワールズエンド,55.8,39.5,25.3,12.6,16.3,14.2,12.7,12.6
20260604,リネアグローリア,53.4,38.9,25.4,13.0,14.5,13.5,12.4,13.0
20260604,ルクスメンデス,53.3,38.9,25.6,13.2,14.4,13.3,12.4,13.2
20260604,ヤマヤロード,53.6,39.1,25.5,13.0,14.5,13.6,12.5,13.0
20260604,ソングオブザバード,57.7,42.3,28.1,13.9,15.4,14.2,14.2,13.9
20260604,ジューンオアシス,54.4,38.8,25.1,12.4,15.6,13.7,12.7,12.4
20260604,ナムラカメコ,58.5,41.0,26.0,13.1,17.5,15.0,12.9,13.1
20260604,シンゼンコジロウ,66.3,47.8,30.9,15.1,18.5,16.9,15.8,15.1
20260604,ヤマニンサンパ,83.7,59.9,38.2,18.7,23.8,21.7,19.5,18.7
20260604,サクソンジェンヌ,57.5,41.7,27.4,13.4,15.8,14.3,14.0,13.4
20260604,ハナウマビーチ,55.1,40.2,25.4,12.9,14.9,14.8,12.5,12.9
20260604,ジュルナール,53.9,38.8,26.0,13.2,15.1,12.8,12.8,13.2
20260604,ウイントワイライト,54.7,39.9,26.0,12.6,14.8,13.9,13.4,12.6
20260604,テイエムゴッホ,57.5,42.6,27.8,13.8,14.9,14.8,14.0,13.8
20260604,エイユーサクラ,58.5,42.4,27.9,13.9,16.1,14.5,14.0,13.9
20260604,ポリキポリキ,58.1,42.2,27.1,12.9,15.9,15.1,14.2,12.9
20260604,ノリノリソックス,54.1,39.2,25.3,12.7,14.9,13.9,12.6,12.7
20260604,センリョウヤクシャ,54.6,39.6,26.2,13.2,15.0,13.4,13.0,13.2
20260604,パストザクラウン,55.8,40.4,26.4,13.1,15.4,14.0,13.3,13.1
20260604,レイセツ,54.3,39.6,26.1,13.1,14.7,13.5,13.0,13.1
20260604,インカルナータ,53.8,39.6,25.6,13.0,14.2,14.0,12.6,13.0
20260604,マーベリックシチー,55.7,39.7,25.6,12.8,16.0,14.1,12.8,12.8
20260604,メイショウリリー,55.5,40.7,25.6,13.0,14.8,15.1,12.6,13.0
20260604,ファーヴェント,65.5,47.2,30.9,15.1,18.3,16.3,15.8,15.1
20260604,ルクスフレンジー,56.1,40.7,25.8,12.4,15.4,14.9,13.4,12.4
20260604,ラヴァブル,55.5,39.5,25.7,12.9,16.0,13.8,12.8,12.9
20260604,メイショウタカネ,56.2,40.1,25.7,12.8,16.1,14.4,12.9,12.8
20260604,メイショウコシュウ,64.3,47.1,30.9,15.5,17.2,16.2,15.4,15.5
20260604,トゥスコラーナ,53.6,38.6,25.6,13.0,15.0,13.0,12.6,13.0
20260604,ワッザイカ,62.2,46.1,30.4,14.9,16.1,15.7,15.5,14.9
20260604,クロジシジョー,53.3,38.2,24.6,12.3,15.1,13.6,12.3,12.3
20260604,トウカイポワール,55.0,39.5,25.5,12.6,15.5,14.0,12.9,12.6
20260604,リサシテーション,56.6,40.8,26.2,12.6,15.8,14.6,13.6,12.6
20260604,ベルセクレト,71.6,53.5,35.8,17.7,18.1,17.7,18.1,17.7
20260604,ヒルノアラゴン,56.9,41.2,27.0,13.2,15.7,14.2,13.8,13.2
20260604,トリオノチカラ,55.5,39.8,25.4,12.7,15.7,14.4,12.7,12.7
20260604,ラストモーメント,55.6,40.0,25.6,12.8,15.6,14.4,12.8,12.8
20260604,カシノクロサイト,56.5,41.0,26.9,13.2,15.5,14.1,13.7,13.2
20260604,セールヴォラン,65.9,47.9,31.5,15.8,18.0,16.4,15.7,15.8
20260604,マナボニート,64.7,48.0,31.7,15.8,16.7,16.3,15.9,15.8
20260604,サンライズロイ,60.0,44.5,29.3,14.5,15.5,15.2,14.8,14.5
20260604,ミロワール,53.6,38.4,24.8,12.2,15.2,13.6,12.6,12.2
20260604,フラッシング,60.4,44.2,29.6,14.6,16.2,14.6,15.0,14.6
20260604,ハリーケーン,71.2,52.1,33.8,16.6,19.1,18.3,17.2,16.6
20260604,プレデンシア,69.4,50.7,33.1,16.4,18.7,17.6,16.7,16.4
20260604,マリブサーフ,57.8,41.9,27.8,13.8,15.9,14.1,14.0,13.8
20260604,レジェルテ,56.3,41.2,27.4,13.6,15.1,13.8,13.8,13.6
20260604,ジュエルシップ,54.8,39.9,26.3,13.1,14.9,13.6,13.2,13.1
20260604,プッシュザリミット,57.1,41.9,28.0,13.9,15.2,13.9,14.1,13.9
20260604,ユメハハテシナク,52.8,38.4,25.4,13.2,14.4,13.0,12.2,13.2
20260604,スマートメモリー,53.0,38.5,25.5,13.3,14.5,13.0,12.2,13.3
20260604,メイショウマントル,57.7,41.7,27.1,13.6,16.0,14.6,13.5,13.6
20260604,イスラアネーロ,64.1,47.0,30.8,15.4,17.1,16.2,15.4,15.4
20260604,ニュークレド,71.4,51.4,33.8,16.7,20.0,17.6,17.1,16.7
20260604,ルナフィオーレ,67.0,48.3,31.4,15.6,18.7,16.9,15.8,15.6
20260604,エイシンニケ,66.7,48.2,31.8,15.6,18.5,16.4,16.2,15.6
20260604,ジュンドラドラ,66.9,48.7,32.0,16.1,18.2,16.7,15.9,16.1
20260604,エスヴェドラ,66.4,47.9,31.4,15.5,18.5,16.5,15.9,15.5
20260604,メイショウシンタケ,67.3,48.6,31.3,15.2,18.7,17.3,16.1,15.2
20260604,ヴォルスター,72.4,52.0,33.8,16.6,20.4,18.2,17.2,16.6
20260604,サンタンカ,71.9,53.4,35.5,17.8,18.5,17.9,17.7,17.8
20260604,ヤマトデュノール,71.2,53.7,36.3,18.6,17.5,17.4,17.7,18.6
20260604,スカイハイ,70.7,52.0,34.7,17.3,18.7,17.3,17.4,17.3
20260604,キャットテイル,67.1,49.0,32.4,15.9,18.1,16.6,16.5,15.9
20260604,インドミタビリティ,69.9,51.3,33.9,16.3,18.6,17.4,17.6,16.3
20260604,ティグリス,69.7,50.5,32.6,15.8,19.2,17.9,16.8,15.8
20260604,レッドパラジウム,70.3,51.3,34.1,17.4,19.0,17.2,16.7,17.4
20260604,アルジェンタム,68.0,49.4,32.4,16.2,18.6,17.0,16.2,16.2
20260604,ミニトランザット,55.9,40.3,26.0,13.0,15.6,14.3,13.0,13.0
20260604,イズジョーアザヤカ,61.0,43.9,28.4,14.0,17.1,15.5,14.4,14.0
20260604,ファーヴニル,73.6,54.6,36.3,17.7,19.0,18.3,18.6,17.7
20260604,ローレルアイビー,56.0,41.6,27.3,13.4,14.4,14.3,13.9,13.4
20260604,ナムラヒナギク,71.5,51.4,33.5,16.6,20.1,17.9,16.9,16.6
20260604,ワイドカクゲン,65.5,47.9,31.6,15.4,17.6,16.3,16.2,15.4
20260604,トモジャクリエ,66.2,48.3,31.8,15.8,17.9,16.5,16.0,15.8
20260604,レイデアルマス,55.5,41.3,27.0,13.2,14.2,14.3,13.8,13.2
20260604,フルムーン,56.5,41.3,26.5,13.0,15.2,14.8,13.5,13.0
20260604,ミリタリータトゥー,53.9,39.1,25.1,12.2,14.8,14.0,12.9,12.2
20260604,テーオーグレーザー,53.5,38.9,25.2,12.4,14.6,13.7,12.8,12.4
20260604,ゲインサポート,72.0,52.3,34.3,16.8,19.7,18.0,17.5,16.8
20260604,ジャーナーリア,60.6,43.4,28.1,14.1,17.2,15.3,14.0,14.1
20260604,フェアリーライズ,74.0,54.3,36.7,19.4,19.7,17.6,17.3,19.4
20260604,シルバーレシオ,67.0,48.5,30.7,14.8,18.5,17.8,15.9,14.8
20260604,メイショウヴィータ,57.3,41.9,27.5,13.8,15.4,14.4,13.7,13.8
20260604,メイショウノゾミ,75.2,56.3,37.4,18.5,18.9,18.9,18.9,18.5
20260604,ルイスイメル,57.3,41.9,27.5,13.7,15.4,14.4,13.8,13.7
20260604,パッションシーザー,68.5,50.1,32.9,16.5,18.4,17.2,16.4,16.5
20260604,アワードストーリー,68.7,50.2,33.0,16.6,18.5,17.2,16.4,16.6
20260604,シュヴァルツリーベ,54.5,39.5,25.5,12.8,15.0,14.0,12.7,12.8
20260604,セントールビースト,54.7,39.2,25.8,13.0,15.5,13.4,12.8,13.0
20260604,リアルアルバ,68.5,50.8,34.1,17.5,17.7,16.7,16.6,17.5
20260604,メイショウハッケイ,54.5,39.7,25.6,12.4,14.8,14.1,13.2,12.4
20260604,ブラックブレット,58.8,43.9,29.3,14.7,14.9,14.6,14.6,14.7
20260604,ルージュルガーノ,70.1,51.8,34.4,17.3,18.3,17.4,17.1,17.3
20260604,ゴッドブルービー,69.3,50.2,32.4,16.2,19.1,17.8,16.2,16.2
20260604,トモジャカトゥーラ,55.6,38.9,26.1,13.5,16.7,12.8,12.6,13.5
20260604,メイショウラウルス,69.3,51.2,34.1,16.9,18.1,17.1,17.2,16.9
20260604,スイトーヨ,57.2,41.8,27.6,13.6,15.4,14.2,14.0,13.6
20260604,グロリアスグレイス,54.6,39.7,25.7,12.6,14.9,14.0,13.1,12.6
20260604,ビゾー,68.9,50.8,33.5,16.9,18.1,17.3,16.6,16.9
20260604,ビジュアライズ,69.1,50.8,33.6,16.8,18.3,17.2,16.8,16.8
20260604,サウンドヴィヴァン,70.1,50.7,32.8,16.3,19.4,17.9,16.5,16.3
20260604,ゼンノゾンターク,65.8,47.9,31.3,15.8,17.9,16.6,15.5,15.8
20260604,マンナット,69.8,50.7,32.8,16.3,19.1,17.9,16.5,16.3
20260604,ダルマパワー,70.3,50.7,32.8,16.3,19.6,17.9,16.5,16.3
20260604,ルーストカール,56.9,42.4,27.9,14.1,14.5,14.5,13.8,14.1
20260604,ユーコンノオトコ,56.5,41.4,26.6,12.9,15.1,14.8,13.7,12.9
20260604,グリーンゴー,66.7,48.7,32.0,16.1,18.0,16.7,15.9,16.1
20260604,クロレ,66.0,48.7,32.6,16.1,17.3,16.1,16.5,16.1
20260604,ポルトドール,54.4,39.3,25.2,12.5,15.1,14.1,12.7,12.5
20260604,メリオーレム,54.6,39.5,25.4,12.7,15.1,14.1,12.7,12.7
20260604,ギフテッドスペック,68.3,50.5,34.2,17.0,17.8,16.3,17.2,17.0
20260604,ラクホマレ,66.5,49.5,33.2,17.0,17.0,16.3,16.2,17.0
20260604,ルージュエピック,68.6,50.1,33.0,16.5,18.5,17.1,16.5,16.5
20260604,パウンドフォーワン,67.4,49.6,32.7,16.3,17.8,16.9,16.4,16.3
20260604,シュライアハフト,69.2,51.9,34.4,16.7,17.3,17.5,17.7,16.7
20260604,ペンテリコン,55.0,39.6,25.3,12.6,15.4,14.3,12.7,12.6
20260604,アメリカンコール,54.6,39.4,25.5,12.7,15.2,13.9,12.8,12.7
20260604,ラーンザロープス,64.3,47.1,31.2,15.8,17.2,15.9,15.4,15.8
20260604,インマイポケット,64.8,47.6,32.5,16.7,17.2,15.1,15.8,16.7
20260604,メイショウアボット,66.0,49.4,33.1,16.7,16.6,16.3,16.4,16.7
20260604,リラエンブレム,53.7,39.1,25.4,12.7,14.6,13.7,12.7,12.7
20260604,ヤマニンサンパ,56.1,40.9,26.2,12.5,15.2,14.7,13.7,12.5
20260604,グランブーケ,68.1,50.8,33.0,16.5,17.3,17.8,16.5,16.5
20260604,パウンドフォーワン,55.4,40.9,27.1,13.7,14.5,13.8,13.4,13.7
20260604,ジョーローリット,54.7,39.4,25.2,12.7,15.3,14.2,12.5,12.7
20260604,メッチャエエヤン,55.2,41.2,27.0,13.4,14.0,14.2,13.6,13.4
20260604,ラスカルキッド,53.4,39.3,25.5,12.9,14.1,13.8,12.6,12.9
20260604,クワイエットアイ,58.1,41.6,27.3,13.9,16.5,14.3,13.4,13.9
20260604,コルサロ,57.5,42.5,28.0,14.0,15.0,14.5,14.0,14.0
20260604,メイケイリチャード,54.6,40.5,26.6,13.6,14.1,13.9,13.0,13.6
20260604,ルガルデ,53.4,39.3,25.5,12.8,14.1,13.8,12.7,12.8
20260604,テーオーレガシー,71.9,52.3,34.1,17.0,19.6,18.2,17.1,17.0
20260604,ツーピース,65.1,48.3,31.5,16.2,16.8,16.8,15.3,16.2
20260604,テイエムオオアラシ,56.3,41.0,26.4,12.9,15.3,14.6,13.5,12.9
20260604,ライフイズカラフル,55.5,40.4,26.1,12.7,15.1,14.3,13.4,12.7
20260604,ウインガラハッド,72.4,52.3,34.4,17.2,20.1,17.9,17.2,17.2
20260604,インジケーター,65.7,48.3,32.2,16.1,17.4,16.1,16.1,16.1
20260604,カネコメブライト,53.2,38.5,25.3,13.0,14.7,13.2,12.3,13.0
20260604,オーマイラッキーン,64.3,46.8,30.3,15.1,17.5,16.5,15.2,15.1
20260604,モンドドゥアムール,66.8,49.7,33.4,17.1,17.1,16.3,16.3,17.1
20260604,ペイシャモノノフ,68.6,50.7,33.5,16.0,17.9,17.2,17.5,16.0
20260604,シャイニングスター,62.2,45.4,29.8,15.3,16.8,15.6,14.5,15.3
20260604,ジャスパールビー,54.5,38.5,24.8,12.4,16.0,13.7,12.4,12.4
20260604,スマートピナクル,67.4,49.5,32.7,16.5,17.9,16.8,16.2,16.5
20260604,ﾒｲｼｮｳﾗｯｼｭの24,67.5,49.5,32.7,16.5,18.0,16.8,16.2,16.5
20260604,シャマル,54.0,39.3,25.2,12.4,14.7,14.1,12.8,12.4
20260604,カネコメファミリー,54.9,40.8,27.0,13.4,14.1,13.8,13.6,13.4
20260604,オトメナシャチョウ,62.8,47.3,31.0,15.4,15.5,16.3,15.6,15.4
20260604,プロスト,66.7,47.0,30.3,14.7,19.7,16.7,15.6,14.7
20260604,ブルーレース,71.5,51.3,33.8,17.1,20.2,17.5,16.7,17.1
20260604,ブラッドムーン,69.3,49.7,32.8,16.5,19.6,16.9,16.3,16.5
20260604,ウォーターエアリー,71.0,51.7,33.8,17.0,19.3,17.9,16.8,17.0
20260604,ダンツウルス,70.3,51.4,33.8,17.0,18.9,17.6,16.8,17.0
20260604,トールキン,54.5,38.6,25.0,12.6,15.9,13.6,12.4,12.6
20260604,ソルトダイヤモンド,68.9,51.3,34.1,17.1,17.6,17.2,17.0,17.1
20260604,アウラニ,66.2,49.0,32.2,15.8,17.2,16.8,16.4,15.8
20260604,サーディンラン,65.4,48.7,32.2,16.0,16.7,16.5,16.2,16.0
20260604,ワールドエンジェル,65.9,47.9,31.9,16.0,18.0,16.0,15.9,16.0
20260604,グディンナ,66.7,47.8,30.8,15.2,18.9,17.0,15.6,15.2
20260604,ショウナンバンライ,55.8,40.3,26.3,13.0,15.5,14.0,13.3,13.0
20260604,ミエルモーサ,55.7,40.4,26.4,13.1,15.3,14.0,13.3,13.1
20260604,ルナーマンス,58.0,40.8,26.2,12.9,17.2,14.6,13.3,12.9
20260604,アンリーベイビー,68.1,49.8,32.7,16.3,18.3,17.1,16.4,16.3
20260604,ロードシュヴァリエ,70.5,52.0,34.1,17.0,18.5,17.9,17.1,17.0
20260604,シュシュエメラルド,71.1,52.8,35.0,17.2,18.3,17.8,17.8,17.2
20260604,シゲルショウグン,65.0,48.2,32.1,16.2,16.8,16.1,15.9,16.2
20260604,スイープアワーズ,63.7,47.2,31.2,15.6,16.5,16.0,15.6,15.6
20260604,エンヤラヴフェイス,67.9,49.7,32.8,16.1,18.2,16.9,16.7,16.1
20260604,キムタックフェイス,64.8,47.3,31.2,15.6,17.5,16.1,15.6,15.6
20260604,タガノアルトゥーラ,69.2,51.0,33.9,16.9,18.2,17.1,17.0,16.9
20260604,ロードフェルム,69.5,51.3,34.0,17.2,18.2,17.3,16.8,17.2
20260604,マリオロード,56.1,41.3,27.1,13.2,14.8,14.2,13.9,13.2
20260604,コンテナヒーロー,68.9,50.2,32.9,16.2,18.7,17.3,16.7,16.2
20260604,ディーエストッキー,66.0,48.1,31.3,15.3,17.9,16.8,16.0,15.3
20260604,ロコラッテ,65.2,48.3,31.2,15.0,16.9,17.1,16.2,15.0
20260604,トッピワールド,66.1,47.8,31.2,15.7,18.3,16.6,15.5,15.7
20260604,ケイアイドリー,55.3,40.3,25.9,12.5,15.0,14.4,13.4,12.5
20260604,レッドプロフェシー,54.8,39.5,25.5,12.3,15.3,14.0,13.2,12.3
20260604,クインズシャウラ,57.7,42.3,27.3,13.5,15.4,15.0,13.8,13.5
20260604,レイピカケ,61.0,44.8,28.4,13.8,16.2,16.4,14.6,13.8
20260604,メイショウプレマ,59.1,43.8,28.8,14.1,15.3,15.0,14.7,14.1
20260604,ラヴネヴァーダイズ,54.0,38.7,24.4,12.1,15.3,14.3,12.3,12.1
20260604,タッチャブル,57.9,42.0,27.1,12.9,15.9,14.9,14.2,12.9
20260604,エイシンマールス,56.4,40.9,26.7,13.3,15.5,14.2,13.4,13.3
20260604,グランドプラージュ,53.2,38.0,24.6,12.3,15.2,13.4,12.3,12.3
20260604,アンズアメ,56.8,40.6,25.8,12.7,16.2,14.8,13.1,12.7
20260604,マイネルチケット,57.3,41.6,26.3,12.3,15.7,15.3,14.0,12.3
20260604,ゴールデンバランス,53.4,38.4,24.9,12.3,15.0,13.5,12.6,12.3
20260604,プペアンビスキュイ,54.6,38.9,25.4,12.9,15.7,13.5,12.5,12.9
20260604,ヤマニンイハナ,57.8,42.0,27.1,12.9,15.8,14.9,14.2,12.9
20260604,スターリーデー,53.9,38.3,24.9,12.6,15.6,13.4,12.3,12.6
20260604,トモジャプレジール,55.2,38.9,24.9,12.5,16.3,14.0,12.4,12.5
20260604,アミラル,70.6,51.1,33.3,16.8,19.5,17.8,16.5,16.8
20260604,ビップヴォルフ,54.9,40.1,25.8,12.6,14.8,14.3,13.2,12.6
20260604,サクライロマウコロ,55.8,41.0,26.8,13.3,14.8,14.2,13.5,13.3
20260604,チェサピークベイ,56.1,40.7,26.4,13.2,15.4,14.3,13.2,13.2
20260604,ディニテ,66.4,48.6,31.8,15.8,17.8,16.8,16.0,15.8
20260604,エイシンリーガル,57.9,41.9,26.9,13.0,16.0,15.0,13.9,13.0
20260604,イミュータブル,76.0,57.2,38.6,19.3,18.8,18.6,19.3,19.3
20260604,モンブランミノル,67.2,49.6,33.1,16.2,17.6,16.5,16.9,16.2
20260604,メイショウミリオレ,57.1,41.4,26.3,12.9,15.7,15.1,13.4,12.9
20260604,キーパフォーマー,63.4,46.2,30.3,15.4,17.2,15.9,14.9,15.4
20260604,ブライアーヒル,52.5,38.3,24.8,12.6,14.2,13.5,12.2,12.6
20260604,ドンインザムード,67.0,48.9,32.4,16.2,18.1,16.5,16.2,16.2
20260604,ラヴィアンコール,55.4,39.9,25.5,12.7,15.5,14.4,12.8,12.7
20260604,ロンポワン,61.4,44.4,28.5,14.0,17.0,15.9,14.5,14.0
20260604,デビットバローズ,63.8,46.2,30.5,15.1,17.6,15.7,15.4,15.1
20260604,リチャードバローズ,65.8,47.9,31.4,15.5,17.9,16.5,15.9,15.5
20260604,アグレイビューティ,65.3,47.9,31.3,15.4,17.4,16.6,15.9,15.4
20260604,タイセイアビオン,73.9,54.2,35.8,17.7,19.7,18.4,18.1,17.7
20260604,ミスティックレナン,70.9,51.8,33.9,16.4,19.1,17.9,17.5,16.4
20260604,テーオーシュタイン,65.2,46.1,30.2,14.9,19.1,15.9,15.3,14.9
20260604,ウインヘリオドール,72.2,51.9,34.2,17.0,20.3,17.7,17.2,17.0
20260604,キタノトレボーネ,57.9,41.6,26.4,12.9,16.3,15.2,13.5,12.9
20260604,ニミッツハイウェイ,67.5,48.7,31.7,15.8,18.8,17.0,15.9,15.8
20260604,コラカオ,56.8,40.2,25.4,12.4,16.6,14.8,13.0,12.4
20260604,レゾルーティオ,57.7,41.5,26.3,12.8,16.2,15.2,13.5,12.8
20260604,マイネルビスマルク,71.1,51.8,34.3,17.2,19.3,17.5,17.1,17.2
20260604,レーティッシュ,69.1,50.5,33.2,16.2,18.6,17.3,17.0,16.2
20260604,ゴナビーオーライト,72.0,52.4,35.3,17.7,19.6,17.1,17.6,17.7
20260604,オオナミコナミ,57.3,41.6,28.0,14.0,15.7,13.6,14.0,14.0
20260604,フィオラーノ,71.5,52.2,34.0,16.6,19.3,18.2,17.4,16.6
20260604,ダノンミッドナイト,68.7,51.1,34.0,17.1,17.6,17.1,16.9,17.1
20260604,イコミキマル,65.4,47.9,31.8,16.1,17.5,16.1,15.7,16.1
20260604,オンザムービー,64.6,47.8,31.4,15.3,16.8,16.4,16.1,15.3
20260604,パゴスピグイノス,67.9,50.4,33.3,16.5,17.5,17.1,16.8,16.5
20260604,タマコイファルコン,54.7,39.2,25.7,12.7,15.5,13.5,13.0,12.7
20260604,ビートル,55.3,39.8,26.1,12.8,15.5,13.7,13.3,12.8
20260604,ヒーローインチーフ,74.4,53.4,34.5,16.9,21.0,18.9,17.6,16.9
20260604,ロードフォアエース,56.0,40.2,26.4,13.3,15.8,13.8,13.1,13.3
20260604,ダイシンヨーク,54.4,40.3,26.5,13.4,14.1,13.8,13.1,13.4
20260604,ナムラエイハブ,66.4,48.7,32.0,15.8,17.7,16.7,16.2,15.8
20260604,グラスゴー,56.4,39.4,24.9,12.2,17.0,14.5,12.7,12.2
20260604,ラージギャラリー,53.0,38.4,25.1,12.7,14.6,13.3,12.4,12.7
20260604,ミエノクラウン,53.1,38.4,25.1,12.7,14.7,13.3,12.4,12.7
20260604,ヒーローインチーフ,66.1,47.1,30.5,15.1,19.0,16.6,15.4,15.1
20260604,オリーブグリーン,63.7,48.0,32.3,16.2,15.7,15.7,16.1,16.2
20260604,キャンディリヒト,75.4,55.4,36.5,18.4,20.0,18.9,18.1,18.4
20260604,アイボリータワー,75.6,55.5,36.5,18.4,20.1,19.0,18.1,18.4
20260604,シュタールヴィント,64.8,47.7,32.0,15.7,17.1,15.7,16.3,15.7
20260604,アークドール,68.1,51.3,34.8,17.3,16.8,16.5,17.5,17.3
20260604,スプレンドーレ,65.0,48.4,32.0,15.9,16.6,16.4,16.1,15.9
20260604,ヴェールダムール,65.0,48.4,32.0,15.9,16.6,16.4,16.1,15.9
20260604,プレゼンティーア,54.8,39.1,25.2,12.2,15.7,13.9,13.0,12.2
20260604,ラファル,64.8,46.0,30.1,14.5,18.8,15.9,15.6,14.5
20260604,モズジェネラル,77.0,56.3,37.0,18.2,20.7,19.3,18.8,18.2
20260604,ロードアウォード,56.2,41.3,27.4,13.7,14.9,13.9,13.7,13.7
20260604,カズミクラーシュ,58.3,43.4,28.9,14.6,14.9,14.5,14.3,14.6
20260604,ノーブルロジャー,60.6,43.7,29.2,14.6,16.9,14.5,14.6,14.6
20260604,ロッサコメータ,56.1,41.2,27.3,13.7,14.9,13.9,13.6,13.7
20260604,クボウサマ,70.5,51.9,33.6,16.1,18.6,18.3,17.5,16.1
20260604,メテオロイド,55.9,41.0,27.2,13.8,14.9,13.8,13.4,13.8
20260604,ホルトバージ,64.8,46.4,30.3,14.7,18.4,16.1,15.6,14.7
20260604,フララナキラ,68.1,48.7,31.8,15.4,19.4,16.9,16.4,15.4
20260604,フィアスゲイル,69.1,49.4,32.4,15.9,19.7,17.0,16.5,15.9
20260604,テムルーラー,65.8,49.5,33.2,16.8,16.3,16.3,16.4,16.8
20260604,ティフォシ,66.4,50.3,33.8,16.8,16.1,16.5,17.0,16.8
20260604,ビッグヒーロー,54.4,39.1,25.6,13.0,15.3,13.5,12.6,13.0
20260604,チムグクル,64.4,48.0,31.6,15.9,16.4,16.4,15.7,15.9
20260604,ベルピルエット,65.7,48.3,31.7,15.8,17.4,16.6,15.9,15.8
20260604,ルクスドリーム,65.5,48.1,31.5,15.3,17.4,16.6,16.2,15.3
20260604,ハオカノア,66.0,48.3,32.1,16.3,17.7,16.2,15.8,16.3
20260604,タマモナポリ,51.5,37.8,25.0,12.7,13.7,12.8,12.3,12.7
20260604,レッドフレーザー,94.6,72.1,49.2,25.2,22.5,22.9,24.0,25.2
20260604,ファインライン,63.6,46.4,30.8,15.4,17.2,15.6,15.4,15.4
20260604,コンフォルツァ,56.7,41.9,27.8,13.8,14.8,14.1,14.0,13.8
20260604,シックパラソル,59.1,43.4,28.5,14.3,15.7,14.9,14.2,14.3
20260604,マテンロウアルカナ,57.0,42.8,28.4,14.2,14.2,14.4,14.2,14.2
20260604,ケイテンアイジン,55.0,40.2,25.9,12.7,14.8,14.3,13.2,12.7
20260604,サイモンゼスト,65.2,47.8,31.5,15.8,17.4,16.3,15.7,15.8
20260604,ビナハイバン,64.9,47.4,30.6,14.9,17.5,16.8,15.7,14.9
20260604,エンジョイドライブ,82.5,57.7,36.4,17.4,24.8,21.3,19.0,17.4
20260604,キングズテイル,55.1,39.7,26.1,12.9,15.4,13.6,13.2,12.9
20260604,ブルーチップ,68.9,51.5,34.2,17.4,17.4,17.3,16.8,17.4
20260604,テーオーダーウィン,69.0,51.5,34.2,17.3,17.5,17.3,16.9,17.3
20260604,テーオーローズ,68.3,51.1,34.0,17.3,17.2,17.1,16.7,17.3
20260604,ジョヴィアン,69.6,51.2,33.9,16.9,18.4,17.3,17.0,16.9
20260604,タマモマリアージュ,67.0,47.9,31.9,16.0,19.1,16.0,15.9,16.0
20260604,ナポリ,54.7,39.9,26.4,13.1,14.8,13.5,13.3,13.1
20260604,キュールエフウジン,67.4,50.5,33.5,16.7,16.9,17.0,16.8,16.7
20260604,ショールミーズ,67.7,50.7,34.4,17.5,17.0,16.3,16.9,17.5
20260604,タイキグレッチャー,67.5,51.0,34.5,17.1,16.5,16.5,17.4,17.1
20260604,プライムウィザード,69.1,51.8,35.0,17.5,17.3,16.8,17.5,17.5
20260604,マルモタワー,67.8,51.0,34.4,17.2,16.8,16.6,17.2,17.2
20260604,コルベータ,68.7,50.3,33.6,16.9,18.4,16.7,16.7,16.9
20260604,サクセスローレル,66.5,49.3,31.8,15.4,17.2,17.5,16.4,15.4
20260604,ファームツエンティ,68.6,49.3,32.1,15.6,19.3,17.2,16.5,15.6
20260604,アシャカブラーヴ,66.6,50.3,33.9,17.3,16.3,16.4,16.6,17.3
20260604,ケーヴァラ,54.9,39.2,25.0,12.4,15.7,14.2,12.6,12.4
20260604,マーゴットガイア,54.8,40.0,25.9,12.7,14.8,14.1,13.2,12.7
20260604,リヒトミューレ,53.5,39.3,25.1,12.6,14.2,14.2,12.5,12.6
20260604,バートラガッツ,54.5,39.6,25.7,12.9,14.9,13.9,12.8,12.9
20260604,サダムオプシス,53.4,39.0,25.6,12.9,14.4,13.4,12.7,12.9
20260604,ロカヒ,70.0,50.7,32.9,16.1,19.3,17.8,16.8,16.1
20260604,ティラユール,56.9,41.9,26.5,12.6,15.0,15.4,13.9,12.6
20260604,イクヒロ,55.0,39.9,25.5,12.5,15.1,14.4,13.0,12.5
20260604,エブリデイ,56.9,42.0,26.5,12.5,14.9,15.5,14.0,12.5
20260604,ロックターミガン,58.7,42.2,27.1,12.7,16.5,15.1,14.4,12.7
20260604,アスタールテニウム,65.7,48.5,32.4,17.0,17.2,16.1,15.4,17.0
20260604,シュガークン,71.5,51.8,33.7,16.9,19.7,18.1,16.8,16.9
20260604,サンドロナイト,60.8,45.6,30.5,15.3,15.2,15.1,15.2,15.3
20260604,アンビアンス,71.6,51.6,33.5,16.7,20.0,18.1,16.8,16.7
20260604,コサージュ,67.0,49.8,34.1,17.0,17.2,15.7,17.1,17.0
20260604,レーヴドヒロイン,66.3,48.2,31.7,15.9,18.1,16.5,15.8,15.9
20260604,ロードプレジール,66.3,48.3,31.8,15.7,18.0,16.5,16.1,15.7
20260604,ウェイヴムーン,58.6,41.3,26.3,13.0,17.3,15.0,13.3,13.0
20260604,マーゴットバディ,56.7,40.5,25.6,12.6,16.2,14.9,13.0,12.6
20260604,サンライズオスカー,68.8,49.6,31.9,15.7,19.2,17.7,16.2,15.7
20260604,ショウナンザナドゥ,65.1,47.5,31.2,15.1,17.6,16.3,16.1,15.1
20260604,ゴリョウセイ,68.3,50.2,32.6,15.8,18.1,17.6,16.8,15.8
20260604,カデナボニータ,57.4,41.2,26.6,12.9,16.2,14.6,13.7,12.9
20260604,チェルヴァーラ,67.9,49.6,31.8,15.5,18.3,17.8,16.3,15.5
20260604,マテンロウジョイ,66.4,48.5,31.5,15.6,17.9,17.0,15.9,15.6
20260604,ビップデイジー,54.7,39.7,26.1,13.0,15.0,13.6,13.1,13.0
20260604,バディ,70.6,51.5,33.1,15.9,19.1,18.4,17.2,15.9
20260604,レフティサーリ,56.1,39.1,25.0,12.8,17.0,14.1,12.2,12.8
20260604,テリオスベラ,64.3,47.7,31.5,15.3,16.6,16.2,16.2,15.3
20260604,テーオードレフォン,55.7,39.6,25.1,12.3,16.1,14.5,12.8,12.3
20260604,カンシン,52.4,37.7,25.1,12.7,14.7,12.6,12.4,12.7
20260604,タガノバビロン,54.5,39.1,24.8,12.3,15.4,14.3,12.5,12.3
20260604,ヴァーティゴー,56.7,41.5,26.7,13.2,15.2,14.8,13.5,13.2
20260604,ウインビスタ,59.6,42.8,27.9,13.6,16.8,14.9,14.3,13.6
20260604,メイショウテンジン,54.4,39.6,25.9,13.0,14.8,13.7,12.9,13.0
20260604,ルクスラモン,54.9,40.1,26.3,13.5,14.8,13.8,12.8,13.5
20260604,ストライクアロー,54.6,39.7,25.9,13.0,14.9,13.8,12.9,13.0
20260604,メイショウシナノ,66.3,50.0,33.3,16.9,16.3,16.7,16.4,16.9
20260604,マテンロウノカゼ,68.6,50.4,33.2,16.5,18.2,17.2,16.7,16.5
20260604,シャドウルーラー,57.0,41.9,27.1,13.4,15.1,14.8,13.7,13.4
20260604,ダノンオブアイデア,63.1,46.1,30.4,15.8,17.0,15.7,14.6,15.8
20260604,モズヴイ,55.9,40.6,26.3,13.1,15.3,14.3,13.2,13.1
20260604,アップターンデイ,55.9,40.6,26.3,13.1,15.3,14.3,13.2,13.1
20260604,タカスタカスタカス,60.7,45.3,30.1,15.4,15.4,15.2,14.7,15.4
20260604,ケリフレッドアスク,63.2,46.1,30.1,14.7,17.1,16.0,15.4,14.7
20260604,ルージュソリテール,64.5,46.6,30.5,15.2,17.9,16.1,15.3,15.2
20260604,エコロルーク,64.2,46.6,30.3,14.6,17.6,16.3,15.7,14.6
20260604,ロードディグニティ,62.5,45.3,29.7,14.5,17.2,15.6,15.2,14.5
20260604,トムクリオーザ,64.0,45.0,28.7,14.2,19.0,16.3,14.5,14.2
20260604,メイショウユウゲン,56.1,40.3,26.0,13.0,15.8,14.3,13.0,13.0
20260604,ヤマトチャージ,54.4,39.2,25.6,13.1,15.2,13.6,12.5,13.1
20260604,ヨドノゴールド,55.1,39.1,25.4,12.5,16.0,13.7,12.9,12.5
20260604,ルクスビッグスター,67.8,50.1,33.1,16.7,17.7,17.0,16.4,16.7
20260604,ルフトクス,55.6,40.5,26.2,12.5,15.1,14.3,13.7,12.5
20260604,ゼンダンハヤブサ,56.9,40.4,25.7,12.4,16.5,14.7,13.3,12.4
20260604,シャドウクライ,57.0,41.6,26.8,12.9,15.4,14.8,13.9,12.9
20260604,チェリヴェント,67.1,48.8,31.7,15.5,18.3,17.1,16.2,15.5
20260604,カセノコンコルド,67.2,49.3,32.3,16.1,17.9,17.0,16.2,16.1
20260604,タイムレスフレアー,66.1,48.5,31.9,15.7,17.6,16.6,16.2,15.7
20260604,エコテーラー,65.0,47.3,30.9,15.4,17.7,16.4,15.5,15.4
20260604,ハッピーダンチャン,67.2,49.9,33.0,16.5,17.3,16.9,16.5,16.5
20260604,ミッキーツインクル,56.2,40.4,25.7,12.6,15.8,14.7,13.1,12.6
20260604,シュガークン,72.4,52.7,34.3,16.8,19.7,18.4,17.5,16.8
20260604,マーゴットクリュグ,60.2,44.7,29.4,14.9,15.5,15.3,14.5,14.9
20260604,サイモンコーラル,55.9,39.7,25.1,12.5,16.2,14.6,12.6,12.5
20260604,エトワールブルー,63.8,46.2,29.6,14.2,17.6,16.6,15.4,14.2
20260604,メイショウローゼ,63.7,46.1,29.5,14.1,17.6,16.6,15.4,14.1
20260604,ロードフロンティア,55.2,39.4,24.9,12.1,15.8,14.5,12.8,12.1
20260604,ミッキーテネシー,65.8,48.2,31.3,15.4,17.6,16.9,15.9,15.4
20260604,タガノプディング,68.2,50.0,33.2,16.3,18.2,16.8,16.9,16.3
20260604,プリモマーレ,68.9,50.8,33.9,16.8,18.1,16.9,17.1,16.8
20260604,ルーセントムーン,66.7,49.1,32.0,15.3,17.6,17.1,16.7,15.3
20260604,セレブトーチ,56.2,40.6,26.2,13.0,15.6,14.4,13.2,13.0
20260604,ロンティケチャップ,52.5,38.2,25.5,13.2,14.3,12.7,12.3,13.2
20260604,メイショウクーガー,63.8,45.4,29.3,14.5,18.4,16.1,14.8,14.5
20260604,ビーウィナー,54.7,39.7,26.0,12.7,15.0,13.7,13.3,12.7
20260604,アウェイクネス,56.7,40.7,26.5,13.0,16.0,14.2,13.5,13.0
20260604,ウィンターダフネ,65.8,48.4,32.1,16.2,17.4,16.3,15.9,16.2
20260604,キングロコマイカイ,65.3,47.7,32.3,15.9,17.6,15.4,16.4,15.9
20260604,ジャスティンカレラ,56.4,38.7,25.1,12.8,17.7,13.6,12.3,12.8
20260604,ジュピターバローズ,65.3,46.4,29.8,14.4,18.9,16.6,15.4,14.4
20260604,デルマトカチ,65.4,48.0,32.0,16.2,17.4,16.0,15.8,16.2
20260604,キタノガイヤール,65.3,48.2,32.4,16.4,17.1,15.8,16.0,16.4
20260604,セブンサークル,65.6,47.5,31.6,15.8,18.1,15.9,15.8,15.8
20260604,ドリームプレミア,85.7,61.0,39.2,18.9,24.7,21.8,20.3,18.9
20260604,コムアンエクレール,69.5,53.0,36.0,18.3,16.5,17.0,17.7,18.3
20260604,ジュンヴァンケット,56.4,40.2,25.1,12.3,16.2,15.1,12.8,12.3
20260604,メイショウノヴァス,70.6,52.4,34.7,17.3,18.2,17.7,17.4,17.3
20260604,サリュエ,69.9,51.0,33.3,16.2,18.9,17.7,17.1,16.2
20260604,トウカイヘスティア,71.5,52.8,34.7,17.4,18.7,18.1,17.3,17.4
20260604,スナークルーベンス,71.6,52.8,34.7,17.4,18.8,18.1,17.3,17.4
20260604,ランズエンド,71.0,52.8,35.1,17.8,18.2,17.7,17.3,17.8
20260604,シュガーハウス,70.9,52.7,34.9,17.7,18.2,17.8,17.2,17.7
20260604,シャルクハフト,72.4,53.2,35.0,17.4,19.2,18.2,17.6,17.4
20260604,シュネーグロッケン,66.8,48.2,31.4,15.4,18.6,16.8,16.0,15.4
20260603,セフィロ,57.0,40.9,26.3,12.7,16.1,14.6,13.6,12.7
20260603,メイショウソムリエ,70.5,52.1,34.0,17.1,18.4,18.1,16.9,17.1
20260603,エラン,68.5,50.3,33.4,16.9,18.2,16.9,16.5,16.9
20260603,クインズデネブ,52.9,39.8,26.8,13.3,13.1,13.0,13.5,13.3
20260603,ミスエル,57.1,40.4,26.6,13.0,16.7,13.8,13.6,13.0
20260603,シアワセチョウサン,55.6,42.2,28.6,14.7,13.4,13.6,13.9,14.7
20260603,クラウンアバンティ,59.5,44.3,29.3,14.9,15.2,15.0,14.4,14.9
20260603,ソパデアホ,54.1,41.0,27.5,13.7,13.1,13.5,13.8,13.7
20260603,ベセル,69.3,51.2,33.6,17.1,18.1,17.6,16.5,17.1
20260603,ビルバンテ,69.6,51.0,33.2,16.1,18.6,17.8,17.1,16.1
20260603,ロジケープ,54.3,40.0,25.5,12.4,14.3,14.5,13.1,12.4
20260603,アールグレイ,69.7,51.6,33.9,16.5,18.1,17.7,17.4,16.5
20260603,メーゼ,56.7,40.6,26.2,12.7,16.1,14.4,13.5,12.7
20260603,ゼータレティクル,56.8,40.9,26.8,13.2,15.9,14.1,13.6,13.2
20260603,ラッキースウィッチ,69.8,52.4,34.7,16.8,17.4,17.7,17.9,16.8
20260603,キュータンチャン,53.9,39.8,25.3,12.2,14.1,14.5,13.1,12.2
20260603,ニシノマティーニ,63.0,44.4,27.8,13.5,18.6,16.6,14.3,13.5
20260603,コブラ,65.0,47.7,31.8,15.4,17.3,15.9,16.4,15.4
20260603,フミサウンド,64.2,47.0,30.8,15.4,17.2,16.2,15.4,15.4
20260603,ゲンジ,53.6,38.9,25.2,12.5,14.7,13.7,12.7,12.5
20260603,シンショク,58.7,43.3,28.4,14.5,15.4,14.9,13.9,14.5
20260603,サノノグレーター,67.5,48.9,31.6,15.6,18.6,17.3,16.0,15.6
20260603,ホウオウバトラー,67.5,50.2,33.7,16.6,17.3,16.5,17.1,16.6
20260603,パラダイスフェイス,62.4,45.1,29.1,14.1,17.3,16.0,15.0,14.1
20260603,ライヴレッドアイ,63.9,47.1,30.9,15.5,16.8,16.2,15.4,15.5
20260603,アイリーノリチャン,56.2,41.3,26.8,14.2,14.9,14.5,12.6,14.2
20260603,ノリマル,67.0,49.2,32.8,16.1,17.8,16.4,16.7,16.1
20260603,ポセイドンテソーロ,63.7,46.9,30.9,15.8,16.8,16.0,15.1,15.8
20260603,アエログラム,67.4,48.8,31.9,15.3,18.6,16.9,16.6,15.3
20260603,サノノキセキ,54.8,39.8,26.0,12.2,15.0,13.8,13.8,12.2
20260603,オーサムデアラー,70.7,52.7,35.5,18.1,18.0,17.2,17.4,18.1
20260603,バグラダス,61.9,45.6,30.1,15.2,16.3,15.5,14.9,15.2
20260603,スプリングデイ,67.8,51.2,33.9,17.2,16.6,17.3,16.7,17.2
20260603,ミダース,67.1,49.4,32.5,16.2,17.7,16.9,16.3,16.2
20260603,トキメキジニア,56.0,40.9,26.5,13.0,15.1,14.4,13.5,13.0
20260603,グレイスザクラウン,67.2,49.8,32.7,16.4,17.4,17.1,16.3,16.4
20260603,コスモアチーブ,66.7,49.3,32.5,16.0,17.4,16.8,16.5,16.0
20260603,ニシノマーレ,68.5,50.2,32.9,16.4,18.3,17.3,16.5,16.4
20260603,カゼノオモイデ,55.9,40.8,26.5,13.0,15.1,14.3,13.5,13.0
20260603,クイーンレグナント,63.6,47.2,32.2,16.4,16.4,15.0,15.8,16.4
20260603,コスモクラシック,64.0,47.3,31.3,15.4,16.7,16.0,15.9,15.4
20260603,アンチェーン,63.6,47.1,31.1,15.6,16.5,16.0,15.5,15.6
20260603,ガヤーズベース,70.1,51.1,34.2,16.6,19.0,16.9,17.6,16.6
20260603,フュチュール,65.5,48.2,32.2,16.5,17.3,16.0,15.7,16.5
20260603,ヴァルカンテソーロ,63.8,46.9,30.7,15.6,16.9,16.2,15.1,15.6
20260603,フォルナカリア,66.2,49.0,32.3,16.1,17.2,16.7,16.2,16.1
20260603,マルガリート,67.6,50.4,33.4,16.2,17.2,17.0,17.2,16.2
20260603,タシット,72.2,51.8,33.4,16.5,20.4,18.4,16.9,16.5
20260603,サトノヴィレ,54.6,39.5,25.4,12.4,15.1,14.1,13.0,12.4
20260603,キョウエイフロイデ,65.4,47.5,30.5,14.6,17.9,17.0,15.9,14.6
20260603,ソニックライン,68.1,50.0,32.8,15.9,18.1,17.2,16.9,15.9
20260603,メリディアンスター,67.9,50.7,33.9,17.0,17.2,16.8,16.9,17.0
20260603,バンブルビー,67.1,47.8,31.0,14.6,19.3,16.8,16.4,14.6
20260603,ヤングアメリカンズ,71.0,52.8,34.9,17.7,18.2,17.9,17.2,17.7
20260603,ピカピカサンダー,54.2,39.3,25.3,12.3,14.9,14.0,13.0,12.3
20260603,コンヴァージョン,67.8,50.0,32.6,15.7,17.8,17.4,16.9,15.7
20260603,ラインクインビー,72.5,53.0,34.4,17.1,19.5,18.6,17.3,17.1
20260603,ヴェガリア,64.1,48.1,32.7,15.8,16.0,15.4,16.9,15.8
20260603,カズノダイジョウ,72.1,52.0,33.7,16.7,20.1,18.3,17.0,16.7
20260603,ゴコウコイコイ,64.1,47.1,31.0,15.3,17.0,16.1,15.7,15.3
20260603,オメガディコン,68.8,50.0,32.8,16.4,18.8,17.2,16.4,16.4
20260603,ウインテラジーナ,65.4,48.5,31.8,15.7,16.9,16.7,16.1,15.7
20260603,ガミーヌ,72.4,52.7,34.1,16.7,19.7,18.6,17.4,16.7
20260603,ドナシュネル,65.7,48.6,31.9,15.9,17.1,16.7,16.0,15.9
20260603,アンバーニードル,71.2,53.2,35.6,18.1,18.0,17.6,17.5,18.1
20260603,トライデント,57.4,42.3,27.5,13.6,15.1,14.8,13.9,13.6
20260603,フクチャントウメイ,70.5,51.7,33.9,16.8,18.8,17.8,17.1,16.8
20260603,シュヴァルボヌール,72.9,53.5,35.2,17.4,19.4,18.3,17.8,17.4
20260603,ベネスピラ,55.9,40.3,25.5,12.2,15.6,14.8,13.3,12.2
20260603,キープサインオン,71.8,53.4,35.5,17.7,18.4,17.9,17.8,17.7
20260603,チギリ,54.8,39.3,24.8,12.1,15.5,14.5,12.7,12.1
20260603,マイネルアウルム,70.5,51.3,33.6,16.9,19.2,17.7,16.7,16.9
20260603,ニシノイストワール,55.3,39.8,25.1,12.1,15.5,14.7,13.0,12.1
20260603,ヨシウッドテール,71.7,52.6,33.8,16.7,19.1,18.8,17.1,16.7
20260603,ラッキーキッド,71.6,53.5,35.1,18.0,18.1,18.4,17.1,18.0
20260603,ミツカネメルクリオ,72.0,52.4,33.6,16.5,19.6,18.8,17.1,16.5
20260603,ゴールドドレッサ,67.1,49.4,32.7,16.1,17.7,16.7,16.6,16.1
20260603,ルージュアリスタ,63.8,46.2,29.9,14.5,17.6,16.3,15.4,14.5
20260603,ルージュカルデア,72.2,53.1,34.8,17.5,19.1,18.3,17.3,17.5
20260603,リマーカブル,66.9,49.3,32.4,16.2,17.6,16.9,16.2,16.2
20260603,ラストシャイニー,57.1,40.5,26.4,13.0,16.6,14.1,13.4,13.0
20260603,ノーブルブロウ,66.8,48.8,32.4,16.3,18.0,16.4,16.1,16.3
20260603,ジャスティンシカゴ,64.1,46.1,29.6,14.3,18.0,16.5,15.3,14.3
20260603,アイムイン,70.7,52.5,34.8,17.7,18.2,17.7,17.1,17.7
20260603,パウンドザロック,64.1,46.3,29.5,14.7,17.8,16.8,14.8,14.7
20260603,スペルキャスター,63.2,47.5,32.0,16.4,15.7,15.5,15.6,16.4
20260603,アイスブレイカー,69.9,51.6,33.9,16.8,18.3,17.7,17.1,16.8
20260603,キョウエイボニータ,69.4,50.9,33.2,17.0,18.5,17.7,16.2,17.0
20260603,モティスフォント,65.0,47.5,31.2,15.5,17.5,16.3,15.7,15.5
20260603,キタイノホシ,55.9,40.1,25.9,12.6,15.8,14.2,13.3,12.6
20260603,ハピナスター,67.6,50.4,33.2,16.7,17.2,17.2,16.5,16.7
20260603,アルバニクス,65.2,47.2,30.8,15.8,18.0,16.4,15.0,15.8
20260603,エコロアルバ,64.8,47.1,30.5,15.1,17.7,16.6,15.4,15.1
20260603,ケイツーリーブル,69.4,50.1,32.0,15.4,19.3,18.1,16.6,15.4
20260603,タイセイルビー,67.6,48.5,31.3,15.5,19.1,17.2,15.8,15.5
20260603,ナイスプレーアスク,65.0,47.9,31.2,15.2,17.1,16.7,16.0,15.2
20260603,ニシノトップダノン,64.8,47.3,31.2,15.7,17.5,16.1,15.5,15.7
20260603,シャトーベスト,57.4,41.4,27.5,13.5,16.0,13.9,14.0,13.5
20260603,ノボリフジ,70.1,51.8,34.4,17.5,18.3,17.4,16.9,17.5
20260603,モウレツ,54.7,39.6,26.2,12.9,15.1,13.4,13.3,12.9
20260603,クシェドゥソレイユ,65.0,47.4,31.1,15.7,17.6,16.3,15.4,15.7
20260603,オーバーゼア,70.1,51.8,34.3,17.4,18.3,17.5,16.9,17.4
20260603,ロサンゼルス,52.5,38.2,25.3,12.6,14.3,12.9,12.7,12.6
20260603,ウインボレロ,69.1,51.4,34.2,17.4,17.7,17.2,16.8,17.4
20260603,レヴィテーション,52.5,38.1,25.3,12.9,14.4,12.8,12.4,12.9
20260603,タイセイデクスター,56.6,41.7,27.1,13.3,14.9,14.6,13.8,13.3
20260603,ミクストベリーズ,52.5,38.3,25.4,12.7,14.2,12.9,12.7,12.7
20260603,ヤマトスイフト,70.2,51.6,33.8,16.9,18.6,17.8,16.9,16.9
20260603,ルクソンライト,56.7,41.7,27.1,13.3,15.0,14.6,13.8,13.3
20260603,スティールヴォーグ,69.8,51.3,33.3,16.5,18.5,18.0,16.8,16.5
20260603,テンノルーキー,70.4,51.3,33.3,16.3,19.1,18.0,17.0,16.3
20260603,グランフォワイエ,57.3,42.1,27.7,13.6,15.2,14.4,14.1,13.6
20260603,ミヤカグラ,70.8,52.4,34.2,16.8,18.4,18.2,17.4,16.8
20260603,ブルーエ,70.1,49.8,31.1,15.2,20.3,18.7,15.9,15.2
20260603,ファナティカル,53.0,38.8,26.0,13.1,14.2,12.8,12.9,13.1
20260603,サイモンルモンド,73.9,54.1,35.0,17.5,19.8,19.1,17.5,17.5
20260603,サイモンカーチス,71.0,52.0,33.7,16.0,19.0,18.3,17.7,16.0
20260603,クロシェットノエル,72.0,52.2,34.1,16.8,19.8,18.1,17.3,16.8
20260603,アイランドピーク,56.1,41.0,27.2,13.6,15.1,13.8,13.6,13.6
20260603,スマートブル,67.0,48.4,31.5,15.7,18.6,16.9,15.8,15.7
20260603,クリアクォーツ,75.0,54.3,35.1,17.2,20.7,19.2,17.9,17.2
20260603,サラスヴァティー,55.4,39.9,25.7,12.6,15.5,14.2,13.1,12.6
20260603,コスモシェルベット,67.9,49.3,31.1,14.7,18.6,18.2,16.4,14.7
20260603,リオンアンサー,68.1,51.0,33.6,17.0,17.1,17.4,16.6,17.0
20260603,エルアン,56.6,41.4,26.6,12.8,15.2,14.8,13.8,12.8
20260603,ティナンヴァランタ,55.6,40.1,25.8,12.7,15.5,14.3,13.1,12.7
20260603,スチョウプリンセス,70.9,52.3,34.6,17.0,18.6,17.7,17.6,17.0
20260603,ピアス,54.8,39.2,25.3,12.6,15.6,13.9,12.7,12.6
20260603,エコールナヴァール,56.0,40.2,25.5,12.6,15.8,14.7,12.9,12.6
20260603,ゴディアーモ,54.2,38.7,25.0,12.5,15.5,13.7,12.5,12.5
20260603,ブラックナザレ,77.7,58.2,39.4,18.7,19.5,18.8,20.7,18.7
20260603,ヴェットビルズ,70.7,52.0,34.1,16.6,18.7,17.9,17.5,16.6
20260603,シュハリ,64.5,47.2,30.2,14.9,17.3,17.0,15.3,14.9
20260603,パッカパッカブー,56.9,40.8,26.6,12.7,16.1,14.2,13.9,12.7
20260603,プチブール,54.0,38.6,25.2,12.8,15.4,13.4,12.4,12.8
20260603,ステートオブロック,53.6,38.9,25.0,12.3,14.7,13.9,12.7,12.3
20260603,タイキフィアリーベ,66.7,48.2,31.7,16.2,18.5,16.5,15.5,16.2
20260603,バトンロード,64.9,47.8,30.7,15.4,17.1,17.1,15.3,15.4
20260603,ルクスジニア,53.4,38.7,24.8,12.3,14.7,13.9,12.5,12.3
20260603,キタノローズ,69.5,50.1,32.8,16.3,19.4,17.3,16.5,16.3
20260603,ペプチドドリーム,52.3,38.2,25.0,12.7,14.1,13.2,12.3,12.7
20260603,タビニュ,56.7,41.5,27.4,13.3,15.2,14.1,14.1,13.3
20260603,ヌクレオチド,64.6,47.9,30.8,15.4,16.7,17.1,15.4,15.4
20260603,ステキサプライズ,65.5,48.4,31.9,16.0,17.1,16.5,15.9,16.0
20260603,キタノドンカルロ,64.4,48.0,30.7,15.2,16.4,17.3,15.5,15.2
20260603,アジーザム,53.7,39.2,25.8,13.3,14.5,13.4,12.5,13.3
20260603,グラデュエール,54.5,39.8,25.8,12.7,14.7,14.0,13.1,12.7
20260603,ルージュフローラ,65.3,47.5,30.8,14.6,17.8,16.7,16.2,14.6
20260603,ジェイエルモーダル,52.1,38.0,24.9,12.6,14.1,13.1,12.3,12.6
20260603,マイネルディザイア,69.8,50.5,33.2,16.6,19.3,17.3,16.6,16.6
20260603,ゴールデンオスカー,58.1,41.6,26.8,12.9,16.5,14.8,13.9,12.9
20260603,フォーディアライフ,53.5,38.8,25.2,12.3,14.7,13.6,12.9,12.3
20260603,サンダーユニバンス,68.4,49.4,31.7,15.3,19.0,17.7,16.4,15.3
20260603,アラスカフレイバー,70.1,51.5,34.2,16.9,18.6,17.3,17.3,16.9
20260603,ライフゲート,66.5,48.5,31.8,15.6,18.0,16.7,16.2,15.6
20260603,ミーントゥビー,57.4,40.9,26.4,12.7,16.5,14.5,13.7,12.7
20260603,ラルガメンテ,70.1,51.6,34.0,16.6,18.5,17.6,17.4,16.6
20260603,プリティーミズホ,55.1,41.0,27.2,13.5,14.1,13.8,13.7,13.5
20260603,ディサイドオンミー,72.1,51.3,32.2,15.4,20.8,19.1,16.8,15.4
20260603,ドゥーニ,53.8,39.1,25.7,13.1,14.7,13.4,12.6,13.1
20260603,ペイシャラム,55.6,40.6,26.7,13.3,15.0,13.9,13.4,13.3
20260603,ヴィスクレス,54.7,39.7,25.6,12.5,15.0,14.1,13.1,12.5
20260603,ナムラコハル,73.4,52.7,33.1,15.9,20.7,19.6,17.2,15.9
20260603,ブルージンジャー,54.1,39.2,25.5,12.5,14.9,13.7,13.0,12.5
20260603,アシャカタカ,68.3,50.0,32.4,16.1,18.3,17.6,16.3,16.1
20260603,フクノスナノバラ,93.8,68.5,44.5,22.1,25.3,24.0,22.4,22.1
20260603,ドルンレースツェン,67.7,49.0,31.4,15.6,18.7,17.6,15.8,15.6
20260603,ウインドオブヘヴン,70.9,52.4,34.7,17.7,18.5,17.7,17.0,17.7
20260603,クワッドマリニン,55.5,40.5,26.2,13.2,15.0,14.3,13.0,13.2
20260603,カセノソレイユ,68.8,50.6,33.2,16.8,18.2,17.4,16.4,16.8
20260603,ニシノマルガリート,67.3,49.4,32.2,16.0,17.9,17.2,16.2,16.0
20260603,リケアマカロニ,93.9,68.9,44.7,22.4,25.0,24.2,22.3,22.4
20260603,ライトハウス,54.7,39.7,25.4,12.6,15.0,14.3,12.8,12.6
20260603,ジーティージェミル,73.0,54.5,35.9,18.0,18.5,18.6,17.9,18.0
20260603,ブライテストドーン,70.1,50.7,32.4,15.9,19.4,18.3,16.5,15.9
20260603,パイシャオピン,62.1,46.1,29.8,14.6,16.0,16.3,15.2,14.6
20260603,ウェスケンジントン,53.4,39.1,25.7,12.9,14.3,13.4,12.8,12.9
20260603,キタノソブリン,55.7,40.5,26.3,13.2,15.2,14.2,13.1,13.2
20260603,ヴァルク,53.9,39.5,25.8,12.9,14.4,13.7,12.9,12.9
20260603,アーリマックス,54.8,40.5,26.3,13.0,14.3,14.2,13.3,13.0
20260603,アシャカロッケ,64.4,47.5,31.0,15.3,16.9,16.5,15.7,15.3
20260603,ハッピーラッキー,67.6,50.1,33.2,17.0,17.5,16.9,16.2,17.0
20260603,ユキノサイエンス,53.2,39.1,25.5,12.9,14.1,13.6,12.6,12.9
20260603,ヌビアン,54.5,40.3,26.3,13.0,14.2,14.0,13.3,13.0
20260603,ハデステソーロ,53.9,39.5,25.7,12.8,14.4,13.8,12.9,12.8
20260603,テンバコウクウ,70.3,50.4,32.5,16.3,19.9,17.9,16.2,16.3
20260603,ホシヅキヨ,68.5,50.2,33.0,17.1,18.3,17.2,15.9,17.1
20260603,プリンセスダーコ,53.9,39.7,25.9,13.0,14.2,13.8,12.9,13.0
20260603,アンティミスト,69.2,50.2,32.2,15.7,19.0,18.0,16.5,15.7
20260603,サリードゥ,69.6,50.4,32.6,16.1,19.2,17.8,16.5,16.1
20260603,クラウントリオンフ,58.0,42.7,27.5,13.4,15.3,15.2,14.1,13.4
20260603,ランドジャイアンツ,55.8,40.7,26.5,13.3,15.1,14.2,13.2,13.3
20260603,マイティドレイブン,71.5,52.5,34.0,17.2,19.0,18.5,16.8,17.2
20260603,ノヴァフォルス,57.0,41.9,27.6,14.3,15.1,14.3,13.3,14.3
20260603,モリノヤマセミ,69.7,51.6,34.0,16.7,18.1,17.6,17.3,16.7
20260603,フルオール,69.1,50.3,32.9,16.0,18.8,17.4,16.9,16.0
20260603,エンファサイズ,54.0,39.6,26.4,13.5,14.4,13.2,12.9,13.5
20260603,スペイドアン,55.0,40.1,26.0,12.3,14.9,14.1,13.7,12.3
20260603,グレイテストソング,54.0,39.5,26.4,13.4,14.5,13.1,13.0,13.4
20260603,ワイルドゴーア,54.9,39.6,25.6,12.7,15.3,14.0,12.9,12.7
20260603,ポールセン,69.9,51.1,33.5,16.6,18.8,17.6,16.9,16.6
20260603,タイセイフレッサ,69.3,51.0,33.6,16.7,18.3,17.4,16.9,16.7
20260603,ショービット,56.2,41.9,27.1,13.3,14.3,14.8,13.8,13.3
20260603,クアラトレンガヌ,56.1,41.9,27.0,13.3,14.2,14.9,13.7,13.3
20260603,カグヤヒメ,54.5,39.5,25.3,12.7,15.0,14.2,12.6,12.7
20260603,クリムゾンリーフ,55.2,39.8,25.7,12.5,15.4,14.1,13.2,12.5
20260603,マジッククッキー,54.0,39.2,25.0,12.5,14.8,14.2,12.5,12.5
20260603,カタフラクト,54.6,39.4,25.7,12.8,15.2,13.7,12.9,12.8
20260603,ロードクラシコ,69.6,50.8,33.4,16.6,18.8,17.4,16.8,16.6
20260603,レゲンデ,69.2,50.4,33.0,17.1,18.8,17.4,15.9,17.1
20260603,ミカッテヨンデイイ,53.6,39.4,26.2,13.4,14.2,13.2,12.8,13.4
20260603,ムーンストラック,65.2,48.4,31.5,15.5,16.8,16.9,16.0,15.5
20260603,モーニングマジック,52.5,38.4,25.2,12.8,14.1,13.2,12.4,12.8
20260603,クオンタムスター,65.8,48.5,31.9,15.6,17.3,16.6,16.3,15.6
20260603,ダイユウレゾナンス,58.6,42.3,27.4,13.0,16.3,14.9,14.4,13.0
20260603,ジャストキュート,75.1,53.5,33.7,16.6,21.6,19.8,17.1,16.6
20260603,レイズレガシー,54.4,39.6,25.5,12.4,14.8,14.1,13.1,12.4
20260603,トランセンコ,59.0,42.6,27.5,13.1,16.4,15.1,14.4,13.1
20260603,ピクシーゲイル,54.1,39.3,25.5,13.1,14.8,13.8,12.4,13.1
20260603,ウォータースパウト,65.9,48.2,30.9,15.0,17.7,17.3,15.9,15.0
20260603,ジーティーヒラリ,58.3,42.8,28.1,13.4,15.5,14.7,14.7,13.4
20260603,ルージュボニート,52.7,38.4,25.0,12.0,14.3,13.4,13.0,12.0
20260603,クラウンロムパイア,55.7,39.6,25.7,13.0,16.1,13.9,12.7,13.0
20260603,パッションノーヴァ,66.1,48.8,32.3,16.1,17.3,16.5,16.2,16.1
20260603,キチロクタワー,54.3,39.4,25.6,13.2,14.9,13.8,12.4,13.2
20260603,サクラトゥジュール,66.2,48.5,31.4,15.7,17.7,17.1,15.7,15.7
20260603,チャックネイト,65.6,47.7,31.0,15.6,17.9,16.7,15.4,15.6
20260603,ライクアフラワー,58.9,42.0,26.8,12.9,16.9,15.2,13.9,12.9
20260603,ショウナンアビアス,53.5,39.4,26.6,13.5,14.1,12.8,13.1,13.5
20260603,ホウキボシ,65.4,47.7,31.1,15.7,17.7,16.6,15.4,15.7
20260603,フェリスチカ,71.1,50.1,32.1,15.9,21.0,18.0,16.2,15.9
20260603,ルクソールカフェ,64.8,47.7,31.3,15.7,17.1,16.4,15.6,15.7
20260603,シュヴァルツシルト,53.9,39.0,25.0,12.2,14.9,14.0,12.8,12.2
20260603,レジオンポレール,65.1,48.2,31.9,15.9,16.9,16.3,16.0,15.9
20260603,リナクィーンアスク,54.7,40.4,26.6,12.7,14.3,13.8,13.9,12.7
20260603,クカイリモク,65.3,48.4,31.3,15.6,16.9,17.1,15.7,15.6
20260603,デアプリームス,54.8,40.2,26.4,12.5,14.6,13.8,13.9,12.5
20260603,クールストラッチン,54.2,39.8,26.2,12.4,14.4,13.6,13.8,12.4
20260603,ドンレパルス,54.0,39.7,26.0,12.9,14.3,13.7,13.1,12.9
20260603,トラストボス,67.8,50.1,32.7,16.2,17.7,17.4,16.5,16.2
20260603,サンタアニタ,54.4,39.8,25.8,12.7,14.6,14.0,13.1,12.7
20260603,チェストー,71.1,52.3,34.4,17.0,18.8,17.9,17.4,17.0
20260603,サトノワーグナー,55.4,40.1,26.1,12.7,15.3,14.0,13.4,12.7
20260603,タニセンローマ,55.4,40.1,26.1,12.8,15.3,14.0,13.3,12.8
20260603,ハイバーニアン,65.4,47.9,31.0,15.3,17.5,16.9,15.7,15.3
20260603,ニチヤヲツイデ,70.4,51.2,33.8,17.4,19.2,17.4,16.4,17.4
20260603,フィーユレアル,53.9,39.5,25.4,12.5,14.4,14.1,12.9,12.5
20260603,ゴールドパレード,64.3,47.7,31.5,15.9,16.6,16.2,15.6,15.9
20260603,サファイアテソーロ,54.3,39.6,26.2,13.2,14.7,13.4,13.0,13.2
20260603,フェンリル,54.9,40.5,26.4,12.9,14.4,14.1,13.5,12.9
20260603,ヴンダーバール,54.6,39.9,26.0,12.7,14.7,13.9,13.3,12.7
20260603,パッサージュワイズ,70.7,51.5,33.5,16.8,19.2,18.0,16.7,16.8
20260603,ラヴァレード,69.2,50.4,32.4,16.4,18.8,18.0,16.0,16.4
20260603,ゴールドテソーロ,69.4,50.6,33.0,16.4,18.8,17.6,16.6,16.4
20260603,マイセイバー,68.1,49.7,32.7,16.3,18.4,17.0,16.4,16.3
20260603,ﾘﾘｰｱﾒﾘｶの24,69.6,50.5,33.2,16.6,19.1,17.3,16.6,16.6
20260603,アオイレイラ,71.9,52.6,34.1,17.0,19.3,18.5,17.1,17.0
20260603,ディルイーヤ,69.3,50.3,32.6,16.3,19.0,17.7,16.3,16.3
20260603,オンザギャラクシー,55.4,40.5,26.3,13.4,14.9,14.2,12.9,13.4
20260603,アースイオス,63.4,47.2,31.6,16.2,16.2,15.6,15.4,16.2
20260603,カルフ,56.5,41.0,26.9,13.0,15.5,14.1,13.9,13.0
20260603,モルトマエストーソ,64.3,47.9,32.0,16.2,16.4,15.9,15.8,16.2
20260603,シーズザチャンス,55.8,40.7,26.5,13.4,15.1,14.2,13.1,13.4
20260603,エーアイラピド,67.9,50.5,33.0,16.4,17.4,17.5,16.6,16.4
20260603,バトルクライ,70.5,51.7,33.6,16.7,18.8,18.1,16.9,16.7
20260603,アンバーニードル,53.3,38.5,24.8,12.4,14.8,13.7,12.4,12.4
20260603,シュヴァルボヌール,53.3,38.9,25.6,12.8,14.4,13.3,12.8,12.8
20260603,キープサインオン,53.7,38.9,25.1,12.5,14.8,13.8,12.6,12.5
20260603,ヤングアメリカンズ,53.5,39.0,25.7,12.7,14.5,13.3,13.0,12.7
20260603,モティスフォント,54.7,39.9,25.8,12.9,14.8,14.1,12.9,12.9
20260603,ルグランヴァン,71.0,51.7,33.7,17.4,19.3,18.0,16.3,17.4
20260603,ドナカルナバル,73.2,53.6,34.7,17.4,19.6,18.9,17.3,17.4
20260603,ウィゾマニア,54.1,39.5,26.0,13.0,14.6,13.5,13.0,13.0
20260603,アルバニクス,0.0,40.4,26.5,13.3,0.0,13.9,13.2,13.3
20260603,ネイティヴプライド,72.9,53.3,34.6,17.4,19.6,18.7,17.2,17.4
20260603,ニシノトップダノン,55.6,40.5,26.5,13.4,15.1,14.0,13.1,13.4
20260603,アイデアルカット,67.1,49.1,32.2,15.7,18.0,16.9,16.5,15.7
20260603,ｺｳｾｲｵﾘｰｳﾞの24,71.5,53.1,34.8,16.7,18.4,18.3,18.1,16.7
20260603,ポストトゥルース,66.8,48.8,32.3,15.7,18.0,16.5,16.6,15.7
20260603,マイバラード,55.4,39.5,25.6,12.5,15.9,13.9,13.1,12.5
20260603,エコロアルバ,57.9,42.6,28.0,13.9,15.3,14.6,14.1,13.9
20260603,ファインコンダクト,71.7,52.5,34.7,17.4,19.2,17.8,17.3,17.4
20260603,ナイスプレーアスク,54.9,39.7,25.6,12.5,15.2,14.1,13.1,12.5
20260603,カレリアフレイバー,66.7,50.1,33.8,17.4,16.6,16.3,16.4,17.4
20260603,クレアノア,67.1,50.7,34.1,17.3,16.4,16.6,16.8,17.3
20260603,クシェドゥソレイユ,54.9,39.7,25.6,12.5,15.2,14.1,13.1,12.5
20260603,キャピタルストーン,69.1,50.2,33.0,16.8,18.9,17.2,16.2,16.8
20260603,ダノンホイットニー,68.1,49.6,33.0,16.3,18.5,16.6,16.7,16.3
20260603,ホウオウガイア,66.9,50.5,33.0,16.2,16.4,17.5,16.8,16.2
20260603,スミッコディスコ,66.8,49.3,32.4,16.2,17.5,16.9,16.2,16.2
20260603,ヤマトスイフト,70.4,51.7,33.5,16.5,18.7,18.2,17.0,16.5
20260603,バトルモクオ,67.5,50.3,33.4,16.6,17.2,16.9,16.8,16.6
20260603,ファイアリービート,67.9,49.9,32.6,16.3,18.0,17.3,16.3,16.3
20260603,スティールヴォーグ,70.3,51.4,33.6,16.6,18.9,17.8,17.0,16.6
20260603,レヴェランジェ,65.6,48.3,31.5,15.7,17.3,16.8,15.8,15.7
20260603,テンノルーキー,70.5,51.5,33.5,16.4,19.0,18.0,17.1,16.4
20260603,ミヤカグラ,70.2,51.7,33.7,16.6,18.5,18.0,17.1,16.6
20260603,ブルーエ,70.3,51.8,33.8,16.3,18.5,18.0,17.5,16.3
20260603,ソウカイファミリア,67.8,50.0,32.7,16.8,17.8,17.3,15.9,16.8
20260603,サイモンルモンド,72.7,52.5,34.4,17.1,20.2,18.1,17.3,17.1
20260603,サイモンカーチス,54.5,39.4,26.2,13.4,15.1,13.2,12.8,13.4
20260603,アラスカフレイバー,56.0,41.0,26.6,13.0,15.0,14.4,13.6,13.0
20260603,タートルインメイ,67.6,50.3,33.3,17.3,17.3,17.0,16.0,17.3
20260603,チュラヴェール,72.0,51.7,33.7,16.6,20.3,18.0,17.1,16.6
20260603,テリオスノバ,67.5,49.0,32.8,16.3,18.5,16.2,16.5,16.3
20260603,ホウオウフロイト,79.3,58.5,38.3,19.0,20.8,20.2,19.3,19.0
20260603,スウェーバック,54.7,39.0,25.2,12.6,15.7,13.8,12.6,12.6
20260603,シャンパンカラー,52.9,38.7,25.0,12.2,14.2,13.7,12.8,12.2
20260603,ロジシーザ,54.7,39.8,25.7,12.6,14.9,14.1,13.1,12.6
20260603,エムノビアンカ,53.6,38.9,25.2,12.6,14.7,13.7,12.6,12.6
20260603,ニットウエース,56.8,41.3,26.5,13.4,15.5,14.8,13.1,13.4
20260603,ロジリオン,68.5,50.1,32.7,16.7,18.4,17.4,16.0,16.7
20260603,バレンタインガール,65.3,48.9,32.3,16.2,16.4,16.6,16.1,16.2
20260603,アニゴザントス,54.1,39.3,25.7,12.6,14.8,13.6,13.1,12.6
20260603,アンジェラス,63.4,46.5,30.4,15.0,16.9,16.1,15.4,15.0
20260603,レダアトミカ,62.9,46.5,30.5,15.1,16.4,16.0,15.4,15.1
20260603,ニシノティアモ,66.0,49.0,31.9,15.6,17.0,17.1,16.3,15.6
20260603,テンオンスゴールド,54.0,39.6,25.4,12.4,14.4,14.2,13.0,12.4
20260603,コックニー,54.9,40.1,25.9,12.8,14.8,14.2,13.1,12.8
20260603,エリステソーロ,54.8,40.1,25.8,12.7,14.7,14.3,13.1,12.7
20260603,ノーブルアクト,72.1,53.6,35.8,18.1,18.5,17.8,17.7,18.1
20260603,トラストボス,54.9,39.9,26.4,13.4,15.0,13.5,13.0,13.4
20260603,スパークルレイ,71.8,53.2,35.1,17.4,18.6,18.1,17.7,17.4
20260603,ハイバーニアン,54.8,39.8,26.3,13.4,15.0,13.5,12.9,13.4
20260603,セイウンパシュート,64.6,47.2,31.1,15.8,17.4,16.1,15.3,15.8
20260603,スペルビア,56.2,41.1,26.3,12.9,15.1,14.8,13.4,12.9
20260603,ハルノアメ,67.5,49.6,32.4,16.1,17.9,17.2,16.3,16.1
20260603,ミアネーロ,69.2,51.0,33.7,16.2,18.2,17.3,17.5,16.2
20260603,ミクニインスパイア,66.6,49.5,32.8,15.6,17.1,16.7,17.2,15.6
20260603,ファイタージェット,70.5,51.8,34.5,17.6,18.7,17.3,16.9,17.6
20260603,バスキュール,70.1,51.5,33.3,16.3,18.6,18.2,17.0,16.3
20260603,ポッドベイダー,54.9,39.3,25.2,12.3,15.6,14.1,12.9,12.3
20260603,ロミオ,54.9,39.3,25.3,12.4,15.6,14.0,12.9,12.4
20260603,イバラヒメ,70.4,51.8,33.9,17.1,18.6,17.9,16.8,17.1
20260603,ギンケイ,65.2,48.3,31.7,16.0,16.9,16.6,15.7,16.0
20260603,カミカクシ,56.2,40.7,26.2,12.8,15.5,14.5,13.4,12.8
20260603,グッバイウェーブ,70.0,51.5,34.2,16.8,18.5,17.3,17.4,16.8
20260603,ヒロピアーナ,57.4,42.6,28.1,14.0,14.8,14.5,14.1,14.0
20260603,アージェント,57.0,41.8,27.5,14.0,15.2,14.3,13.5,14.0
20260603,レッドリアライズ,63.3,46.4,30.3,14.9,16.9,16.1,15.4,14.9
20260603,ブラックゲイル,57.4,41.9,27.7,13.7,15.5,14.2,14.0,13.7
20260603,ナムラドガ,55.7,40.9,26.6,13.1,14.8,14.3,13.5,13.1
20260603,サツキジュエル,60.0,43.0,27.2,12.6,17.0,15.8,14.6,12.6
20260603,ココソラーレ,61.9,46.0,30.1,14.8,15.9,15.9,15.3,14.8
20260603,モーモーゼロ,63.2,46.4,30.1,14.8,16.8,16.3,15.3,14.8
20260603,キョウエイカンセ,69.1,50.7,33.0,16.6,18.4,17.7,16.4,16.6
20260603,オンクラウドナイン,55.2,40.6,26.3,13.0,14.6,14.3,13.3,13.0
20260603,ヤマタケボニータ,69.9,51.0,33.5,16.8,18.9,17.5,16.7,16.8
20260603,リスペクトライト,57.6,43.6,29.8,15.3,14.0,13.8,14.5,15.3
20260603,ハッピーロンドン,73.3,54.0,35.7,18.0,19.3,18.3,17.7,18.0
20260603,コスモマルーン,68.3,49.9,33.3,16.5,18.4,16.6,16.8,16.5
20260603,オオゾラヒバリ,64.8,47.7,30.6,14.6,17.1,17.1,16.0,14.6
20260603,コガネノソラ,73.4,54.1,35.5,17.7,19.3,18.6,17.8,17.7
20260603,ラーナローザ,65.6,47.7,31.2,15.5,17.9,16.5,15.7,15.5
20260603,クインズシフォン,55.5,40.5,25.9,12.4,15.0,14.6,13.5,12.4
20260603,フクオトコ,71.4,53.0,35.2,17.8,18.4,17.8,17.4,17.8
20260603,クインズヒマワリ,56.1,41.6,26.8,13.1,14.5,14.8,13.7,13.1
20260603,タマモチョコチップ,70.0,51.3,33.7,16.8,18.7,17.6,16.9,16.8
20260603,サクセスブルー,64.7,46.7,30.5,15.5,18.0,16.2,15.0,15.5
20260603,ドナビッグベン,68.7,49.7,32.3,16.3,19.0,17.4,16.0,16.3
20260603,ノルトハウゼン,72.6,53.2,35.2,17.9,19.4,18.0,17.3,17.9
20260603,アラータス,67.7,49.7,32.7,16.0,18.0,17.0,16.7,16.0
20260603,エンジェルサン,71.9,51.6,33.5,16.3,20.3,18.1,17.2,16.3
20260603,ニシノロッドマン,72.2,52.4,34.5,17.0,19.8,17.9,17.5,17.0
20260603,ヴァグラム,71.6,51.4,33.2,16.1,20.2,18.2,17.1,16.1
20260603,ポッドベル,57.7,42.0,27.2,13.3,15.7,14.8,13.9,13.3
20260603,スパークルレイ,59.2,44.5,29.6,14.8,14.7,14.9,14.8,14.8
20260603,ゴールドビリーヴ,66.6,49.1,31.6,16.0,17.5,17.5,15.6,16.0
20260603,ルナロマンティカ,68.7,51.0,33.6,17.0,17.7,17.4,16.6,17.0
20260603,アイファーファイト,70.9,52.2,35.0,17.7,18.7,17.2,17.3,17.7
20260603,ウインビギニング,71.0,52.5,34.8,17.6,18.5,17.7,17.2,17.6
20260603,ヴァールザーゲン,70.3,52.2,34.6,17.9,18.1,17.6,16.7,17.9
20260603,カゴシマ,72.2,53.3,35.0,17.7,18.9,18.3,17.3,17.7
20260603,ロケットパンチ,67.4,49.2,31.9,16.0,18.2,17.3,15.9,16.0
20260603,ダイユウヴェンティ,58.6,42.5,27.4,13.0,16.1,15.1,14.4,13.0
20260603,アマイクチヅケ,59.0,42.8,27.6,13.2,16.2,15.2,14.4,13.2
20260603,シャインフォード,68.0,49.5,32.0,16.0,18.5,17.5,16.0,16.0
20260603,ブルドッグドン,68.2,50.0,32.5,15.9,18.2,17.5,16.6,15.9
20260603,オレデイイノカ,55.0,39.8,26.2,13.0,15.2,13.6,13.2,13.0
20260603,トゥラッタッタ,71.2,53.0,34.7,16.9,18.2,18.3,17.8,16.9
20260603,ブリスフルイヤー,70.7,52.5,34.7,17.1,18.2,17.8,17.6,17.1
20260603,サンストックトン,65.6,48.1,31.6,15.7,17.5,16.5,15.9,15.7
20260603,アイスアンドスノー,66.8,49.1,31.5,15.6,17.7,17.6,15.9,15.6
20260603,タカラエイティ,69.9,49.8,32.0,15.3,20.1,17.8,16.7,15.3
20260603,スカット,72.9,51.9,33.9,16.7,21.0,18.0,17.2,16.7
20260603,マイネルイグザルト,68.1,50.7,33.9,16.8,17.4,16.8,17.1,16.8
20260603,マルチャン,68.7,52.0,35.0,17.4,16.7,17.0,17.6,17.4
20260603,ズイウンゴサイ,65.6,49.4,32.7,16.5,16.2,16.7,16.2,16.5
20260603,ブライトラン,59.0,43.4,29.0,14.4,15.6,14.4,14.6,14.4
20260603,ローズブーケ,65.6,48.3,31.5,15.5,17.3,16.8,16.0,15.5
20260603,ファンシーズ,58.6,42.5,27.9,13.5,16.1,14.6,14.4,13.5
20260603,トモジャオーリー,66.0,48.7,31.8,15.6,17.3,16.9,16.2,15.6
20260603,アドミラルシップ,64.2,47.0,30.5,15.0,17.2,16.5,15.5,15.0
20260603,オーケーエース,64.7,48.0,31.7,16.0,16.7,16.3,15.7,16.0
20260603,アトミックリーチ,69.2,51.1,34.1,17.2,18.1,17.0,16.9,17.2
20260603,ユタライト,68.1,50.2,33.4,16.8,17.9,16.8,16.6,16.8
20260603,ウラノグラフィア,69.2,51.1,33.8,17.0,18.1,17.3,16.8,17.0
20260603,ジオ,68.5,50.5,33.3,16.8,18.0,17.2,16.5,16.8
20260603,ベイビールビオ,72.2,52.7,34.4,17.3,19.5,18.3,17.1,17.3
20260603,エフォートレス,63.6,46.9,30.8,15.5,16.7,16.1,15.3,15.5
20260603,カンフーヒーロー,70.5,52.0,34.1,16.6,18.5,17.9,17.5,16.6
20260603,サンデースマッシュ,63.5,47.4,32.1,15.9,16.1,15.3,16.2,15.9
20260603,スノーキャップ,64.7,47.4,31.4,15.6,17.3,16.0,15.8,15.6
20260603,アルタティール,68.2,50.9,33.5,16.7,17.3,17.4,16.8,16.7
20260603,クレセントウイング,72.0,53.4,35.0,17.3,18.6,18.4,17.7,17.3
20260603,ブライトマン,67.0,49.8,32.7,16.3,17.2,17.1,16.4,16.3
20260603,リゼクールグレー,69.1,50.4,33.0,16.5,18.7,17.4,16.5,16.5
20260603,ディル,68.2,49.7,32.0,16.2,18.5,17.7,15.8,16.2
20260603,パンパネイラ,73.9,54.5,35.9,17.8,19.4,18.6,18.1,17.8
20260603,メタルスピード,66.3,48.7,31.9,16.0,17.6,16.8,15.9,16.0
20260603,ツマヤ,79.0,57.6,37.3,18.5,21.4,20.3,18.8,18.5
20260603,エフエイト,91.0,67.3,43.9,21.9,23.7,23.4,22.0,21.9
20260603,インナーパッション,68.4,49.8,32.6,16.2,18.6,17.2,16.4,16.2
20260603,オーパパ,69.0,50.3,32.8,16.2,18.7,17.5,16.6,16.2
20260603,バターショコラ,68.1,50.9,33.1,16.2,17.2,17.8,16.9,16.2
20260603,ストーリーオブラブ,77.3,56.0,36.5,18.6,21.3,19.5,17.9,18.6
20260603,アルアンダルス,91.4,67.9,44.6,22.5,23.5,23.3,22.1,22.5
20260603,ノドゥス,67.1,49.0,31.9,15.7,18.1,17.1,16.2,15.7
20260603,リアライズグロリア,68.4,50.2,33.0,16.4,18.2,17.2,16.6,16.4
20260603,ディーヴァレギオン,66.1,48.5,31.7,15.8,17.6,16.8,15.9,15.8
20260603,コーリンクレア,55.8,41.0,27.3,13.7,14.8,13.7,13.6,13.7
20260603,ウキヨノサンシロウ,57.9,42.2,27.5,13.9,15.7,14.7,13.6,13.9
20260603,ブルーリファール,57.6,41.9,27.1,13.5,15.7,14.8,13.6,13.5
20260603,ツインピークス,69.2,49.5,32.6,16.5,19.7,16.9,16.1,16.5
20260603,ブザービーター,64.9,47.5,30.3,14.9,17.4,17.2,15.4,14.9
20260603,オウケンサクラコ,61.2,45.2,29.8,14.8,16.0,15.4,15.0,14.8
20260603,ムードメーカー,64.4,47.6,31.6,16.2,16.8,16.0,15.4,16.2
20260603,アイファーファイト,54.4,40.0,26.0,12.8,14.4,14.0,13.2,12.8
20260603,ファリーザ,66.2,47.4,30.3,14.7,18.8,17.1,15.6,14.7
20260603,シュートザワークス,66.8,47.9,30.7,15.1,18.9,17.2,15.6,15.1
20260603,ニシノギャルズ,69.9,51.8,34.0,16.8,18.1,17.8,17.2,16.8
20260603,アートオブブライト,71.8,53.0,34.1,16.8,18.8,18.9,17.3,16.8
20260603,クリフハンガー,67.4,50.2,33.4,16.9,17.2,16.8,16.5,16.9
20260603,ヴェントベローチェ,72.2,52.6,34.3,17.4,19.6,18.3,16.9,17.4
20260603,エクストラノート,58.3,42.8,28.6,14.4,15.5,14.2,14.2,14.4
20260603,マインセーラ,76.0,56.7,38.0,19.4,19.3,18.7,18.6,19.4
20260603,エストゥペンダ,57.2,42.1,27.3,13.2,15.1,14.8,14.1,13.2
20260603,ファインサマーデイ,69.0,50.9,33.5,16.4,18.1,17.4,17.1,16.4
20260603,デルマカイモン,68.5,50.2,32.7,16.3,18.3,17.5,16.4,16.3
20260603,タンゴバイラリン,66.5,48.4,31.9,15.9,18.1,16.5,16.0,15.9
20260603,アルペンローゼ,67.4,48.7,31.8,16.2,18.7,16.9,15.6,16.2
20260603,ブライスフェアリー,69.0,49.3,32.1,15.6,19.7,17.2,16.5,15.6
20260603,ホットゥトロット,66.5,47.8,30.4,14.7,18.7,17.4,15.7,14.7
20260603,ジュワネング,68.2,49.1,32.4,16.1,19.1,16.7,16.3,16.1
20260603,ホーナー,67.6,48.8,32.2,16.4,18.8,16.6,15.8,16.4
20260603,ラムールデュヴォン,66.7,47.9,30.5,14.7,18.8,17.4,15.8,14.7
20260603,スタールーラー,68.3,49.5,32.8,16.1,18.8,16.7,16.7,16.1
20260603,サザンヴィターレ,68.0,49.6,32.5,16.1,18.4,17.1,16.4,16.1
20260603,ハルガスミ,67.2,48.1,30.8,14.9,19.1,17.3,15.9,14.9
20260603,リュウノタキノボリ,67.3,48.3,30.7,15.0,19.0,17.6,15.7,15.0
20260603,サノノファイター,67.4,48.9,32.2,16.6,18.5,16.7,15.6,16.6
20260603,ライトアファイア,70.7,51.8,33.8,16.7,18.9,18.0,17.1,16.7
20260603,リュウカルネ,68.9,50.3,32.7,16.4,18.6,17.6,16.3,16.4
20260603,カリボール,76.4,56.3,36.9,16.7,20.1,19.4,20.2,16.7
20260603,タイキバルドル,56.4,40.6,26.2,12.7,15.8,14.4,13.5,12.7
20260603,サイモンナイスラン,55.6,39.8,25.6,12.5,15.8,14.2,13.1,12.5
20260603,キョウエイアート,72.5,53.9,35.9,18.0,18.6,18.0,17.9,18.0
20260603,クリノゴッホ,70.7,52.1,34.1,16.9,18.6,18.0,17.2,16.9
20260603,バンオンタイム,62.9,46.0,30.1,15.2,16.9,15.9,14.9,15.2
20260603,ダノンファンスター,62.2,45.9,30.3,15.5,16.3,15.6,14.8,15.5
20260603,ニシノキフジン,71.5,52.8,34.8,17.5,18.7,18.0,17.3,17.5
20260603,リアルクウカイ,71.2,52.8,34.3,17.0,18.4,18.5,17.3,17.0
20260603,ロケットチャンバー,71.0,52.3,34.4,17.2,18.7,17.9,17.2,17.2
20260603,デルマテイネ,73.2,55.4,37.3,19.1,17.8,18.1,18.2,19.1
20260603,シアルナーレ,63.5,46.1,30.5,15.1,17.4,15.6,15.4,15.1
20260603,レッジェランツァ,66.3,48.0,31.4,15.5,18.3,16.6,15.9,15.5
20260603,ゴルトレオパルト,71.9,52.4,33.8,16.5,19.5,18.6,17.3,16.5
20260603,エッジランナー,67.1,49.7,32.4,16.0,17.4,17.3,16.4,16.0
20260603,アイファーティアラ,67.2,49.6,32.9,16.7,17.6,16.7,16.2,16.7
20260603,ヒログリーン,71.4,52.8,34.7,17.2,18.6,18.1,17.5,17.2
20260603,ワンダリングスター,74.7,55.9,37.4,18.6,18.8,18.5,18.8,18.6
20260603,ウイニングレイ,69.6,51.3,33.4,16.9,18.3,17.9,16.5,16.9
20260603,サイコウダネ,60.9,44.7,28.8,14.2,16.2,15.9,14.6,14.2
20260603,ヴァルキリーバース,64.2,46.1,29.8,14.6,18.1,16.3,15.2,14.6
20260603,ナクライト,69.6,50.5,32.9,16.1,19.1,17.6,16.8,16.1
20260603,シャンドゥレール,70.3,51.4,33.3,16.9,18.9,18.1,16.4,16.9
20260603,ペリバジャ,56.1,41.3,27.3,13.6,14.8,14.0,13.7,13.6
20260603,ロイヤルタイム,58.7,43.8,29.5,14.9,14.9,14.3,14.6,14.9
20260603,エバーメテオ,70.3,53.2,35.7,18.3,17.1,17.5,17.4,18.3
20260603,テイクケア,56.9,41.9,27.9,14.0,15.0,14.0,13.9,14.0
20260603,レッドロスタム,64.7,47.3,31.5,16.1,17.4,15.8,15.4,16.1
20260603,クラウンフリード,62.1,46.1,31.0,15.8,16.0,15.1,15.2,15.8
20260603,ゴーゴーパンチ,68.7,51.6,34.6,17.4,17.1,17.0,17.2,17.4
20260603,ミサトレジーナ,62.5,46.1,31.1,16.0,16.4,15.0,15.1,16.0
20260603,キセキノエンジェル,69.1,50.9,33.9,16.6,18.2,17.0,17.3,16.6
20260603,グレヴィレア,69.2,51.2,33.6,16.3,18.0,17.6,17.3,16.3
20260603,ゴールドブレイズ,67.7,48.9,31.7,15.6,18.8,17.2,16.1,15.6
20260603,アクアマーズ,69.7,50.7,32.1,15.7,19.0,18.6,16.4,15.7
20260603,マリノシークレット,68.8,50.6,33.5,17.0,18.2,17.1,16.5,17.0
20260603,フェリスセンダ,59.9,43.6,28.6,14.4,16.3,15.0,14.2,14.4
20260603,アフィーリア,69.0,49.7,32.6,16.0,19.3,17.1,16.6,16.0
20260603,アップルザビート,60.0,43.7,28.7,14.5,16.3,15.0,14.2,14.5
20260603,カシオペア,62.5,46.1,30.8,15.0,16.4,15.3,15.8,15.0
20260603,アグネスブリッツ,55.2,40.4,26.5,13.2,14.8,13.9,13.3,13.2
20260603,レフィノス,55.8,40.8,27.0,13.4,15.0,13.8,13.6,13.4
20260603,マッドゲイル,60.5,43.6,27.7,13.3,16.9,15.9,14.4,13.3
20260603,ルナーファントム,62.4,45.6,30.0,14.9,16.8,15.6,15.1,14.9
20260603,ディースプレマシー,69.2,50.7,34.0,17.4,18.5,16.7,16.6,17.4
20260603,ノリキング,56.6,41.2,27.3,13.7,15.4,13.9,13.6,13.7
20260603,ミライヘノティアラ,57.5,42.7,28.2,14.0,14.8,14.5,14.2,14.0
20260603,カペラテソーロ,69.4,51.1,33.8,17.4,18.3,17.3,16.4,17.4
20260603,スウィット,68.4,50.4,33.0,16.6,18.0,17.4,16.4,16.6
20260603,ミッドナイトドア,58.4,43.4,28.5,14.1,15.0,14.9,14.4,14.1
20260603,メジャーシンガー,56.1,40.7,26.9,13.4,15.4,13.8,13.5,13.4
20260603,グラスクラージュ,69.0,50.6,33.7,17.5,18.4,16.9,16.2,17.5
20260603,セイウンガジュマル,68.1,50.2,33.0,16.7,17.9,17.2,16.3,16.7
20260603,ハンデンブレイズ,58.5,43.3,28.6,14.1,15.2,14.7,14.5,14.1
20260603,シュネルアステリア,67.9,49.4,32.4,16.5,18.5,17.0,15.9,16.5
20260603,キャストロププ,71.4,53.2,35.3,17.6,18.2,17.9,17.7,17.6
20260603,シーグルロス,67.4,49.0,31.6,15.2,18.4,17.4,16.4,15.2
20260603,グレイスルーラー,68.1,49.7,32.3,16.4,18.4,17.4,15.9,16.4
20260603,ソーマッチ,70.3,51.4,33.6,17.0,18.9,17.8,16.6,17.0
20260603,サノノソルジャー,70.0,52.7,35.2,17.7,17.3,17.5,17.5,17.7
20260603,ライヴバーボン,68.2,49.9,32.5,16.0,18.3,17.4,16.5,16.0
20260603,ウィルレーヴィア,68.2,50.6,33.4,16.7,17.6,17.2,16.7,16.7
20260603,カージオイド,66.3,48.2,31.4,15.4,18.1,16.8,16.0,15.4
20260603,ローズマイスター,67.9,49.4,31.9,15.6,18.5,17.5,16.3,15.6
20260603,コンサートマスター,65.6,47.9,31.1,15.4,17.7,16.8,15.7,15.4
20260603,シャトーホークビル,61.2,44.7,29.8,14.5,16.5,14.9,15.3,14.5
20260603,セイントクーヤ,67.5,48.8,31.7,15.8,18.7,17.1,15.9,15.8
20260603,ロココ,65.9,48.4,31.6,15.7,17.5,16.8,15.9,15.7
20260603,レイヒストリコ,66.0,47.8,31.3,15.4,18.2,16.5,15.9,15.4
20260603,ホワイトフレアー,67.1,49.1,32.4,16.2,18.0,16.7,16.2,16.2
20260603,グランドフォレスト,66.4,49.0,32.7,16.7,17.4,16.3,16.0,16.7
20260603,ブライトビギニング,71.0,51.8,33.9,17.2,19.2,17.9,16.7,17.2
20260603,サザンウォリアー,67.8,50.7,33.8,17.1,17.1,16.9,16.7,17.1
20260603,ハウディープ,68.2,50.4,33.1,16.4,17.8,17.3,16.7,16.4
20260603,ラプユフラット,68.7,50.6,33.3,16.4,18.1,17.3,16.9,16.4
20260603,リベラリズモ,68.9,51.7,34.2,17.5,17.2,17.5,16.7,17.5
20260603,ラブマイティー,72.8,53.4,34.8,17.4,19.4,18.6,17.4,17.4
20260603,イマジェリーナ,72.1,52.6,34.6,17.3,19.5,18.0,17.3,17.3
20260603,ブリスフル,67.7,51.0,33.1,16.5,16.7,17.9,16.6,16.5
20260603,カドドゥディエ,67.6,50.3,32.9,16.5,17.3,17.4,16.4,16.5
20260603,カキュウ,72.7,52.9,34.3,16.9,19.8,18.6,17.4,16.9
20260603,ジーティーフクフク,68.3,50.3,33.1,16.6,18.0,17.2,16.5,16.6
20260603,ゴシックレイラ,68.3,50.5,33.2,16.7,17.8,17.3,16.5,16.7
20260603,フタイテンロック,66.1,48.6,32.2,16.2,17.5,16.4,16.0,16.2
20260603,ウカテンセイ,70.1,52.6,34.8,17.4,17.5,17.8,17.4,17.4
20260603,クモヒトツナイ,56.7,41.3,27.1,13.4,15.4,14.2,13.7,13.4
20260603,ゴートゥーバラモン,74.0,54.9,36.7,18.6,19.1,18.2,18.1,18.6
20260603,マンダリンボレロ,68.9,51.0,33.8,17.2,17.9,17.2,16.6,17.2
20260603,ゴールドシーン,66.9,49.4,32.6,15.7,17.5,16.8,16.9,15.7
20260603,カツノテンス,64.6,46.7,31.0,15.9,17.9,15.7,15.1,15.9
20260603,ペイシャオーヴァル,67.4,49.7,33.0,16.5,17.7,16.7,16.5,16.5
20260603,テンカムテキ,67.7,50.1,33.1,16.4,17.6,17.0,16.7,16.4
20260603,ﾒｶﾞﾐﾁｬﾝの24,67.8,49.1,32.1,16.2,18.7,17.0,15.9,16.2
20260603,インザダーク,67.3,49.2,32.8,16.6,18.1,16.4,16.2,16.6
20260603,ゴートゥービッツン,67.4,49.2,32.8,16.7,18.2,16.4,16.1,16.7
20260603,ペリプルス,75.0,55.3,37.0,19.3,19.7,18.3,17.7,19.3
20260603,カーマンライン,63.6,45.1,29.0,14.4,18.5,16.1,14.6,14.4
20260603,ブラックトルネード,70.3,51.3,33.8,16.5,19.0,17.5,17.3,16.5
20260603,セイントエルモズ,65.9,49.0,32.3,15.8,16.9,16.7,16.5,15.8
20260603,カップッチョ,72.7,53.2,35.0,17.3,19.5,18.2,17.7,17.3
20260603,トクシーカイザー,63.0,45.8,29.7,14.6,17.2,16.1,15.1,14.6
20260603,ベイビーキッス,67.7,49.9,33.1,16.5,17.8,16.8,16.6,16.5
20260603,ミスターマーボー,67.5,50.0,33.0,16.7,17.5,17.0,16.3,16.7
20260603,タイセイエキサイト,66.4,49.6,32.8,16.4,16.8,16.8,16.4,16.4
20260603,ファインブライト,71.5,51.9,33.7,16.8,19.6,18.2,16.9,16.8
20260603,ウルウノマーズ,68.2,50.0,32.8,16.7,18.2,17.2,16.1,16.7
20260603,コパノストーム,68.7,51.2,34.1,17.4,17.5,17.1,16.7,17.4
20260603,トゥザファイナル,62.5,45.5,29.4,14.3,17.0,16.1,15.1,14.3
20260603,ペルラビアンカ,68.0,50.2,33.2,16.6,17.8,17.0,16.6,16.6
20260603,ニースケンス,63.1,46.1,29.8,14.6,17.0,16.3,15.2,14.6
20260603,モズクルードラゴン,70.1,52.6,35.1,17.6,17.5,17.5,17.5,17.6
20260603,ステラノヴァ,71.0,52.0,34.2,16.7,19.0,17.8,17.5,16.7
20260603,マスカルポーネ,67.3,49.6,32.7,16.4,17.7,16.9,16.3,16.4
20260603,メイヨシュア,72.5,53.5,34.2,16.6,19.0,19.3,17.6,16.6
20260603,コスモシグナス,71.7,51.9,33.4,16.4,19.8,18.5,17.0,16.4
20260603,モミスケ,71.4,52.0,33.7,17.1,19.4,18.3,16.6,17.1
20260603,エヴァンスベイ,66.5,48.7,32.1,16.1,17.8,16.6,16.0,16.1
20260603,ブーケドリス,67.0,49.2,32.3,16.1,17.8,16.9,16.2,16.1
20260603,オービタルピリオド,66.7,49.4,33.3,16.8,17.3,16.1,16.5,16.8
20260603,アドマイヤパープル,66.9,49.2,32.2,16.1,17.7,17.0,16.1,16.1
20260603,スイープセレニティ,66.1,48.0,31.1,15.3,18.1,16.9,15.8,15.3
20260603,ナンナンプー,72.3,51.3,32.1,15.2,21.0,19.2,16.9,15.2
20260603,テイクオンミー,71.2,52.2,33.6,16.4,19.0,18.6,17.2,16.4
20260603,コックオーヴァン,74.1,53.2,33.9,16.5,20.9,19.3,17.4,16.5
20260603,ダノンエンブレム,86.9,62.8,41.3,21.0,24.1,21.5,20.3,21.0
20260603,セントメモリーズ,56.4,41.3,27.0,13.4,15.1,14.3,13.6,13.4
20260603,タイセイジェンマ,56.0,41.4,27.5,14.1,14.6,13.9,13.4,14.1
20260603,ジェイエルキャリア,54.2,39.8,26.1,12.9,14.4,13.7,13.2,12.9
20260603,ブライトシーン,56.5,42.0,28.0,14.4,14.5,14.0,13.6,14.4
20260603,セブンマイスター,66.1,47.8,30.8,15.0,18.3,17.0,15.8,15.0
20260603,マカナ,58.3,43.4,28.3,13.8,14.9,15.1,14.5,13.8
20260603,ピコローズ,56.9,42.3,28.0,14.3,14.6,14.3,13.7,14.3
20260603,モンドデラモーレ,72.5,51.4,33.0,16.3,21.1,18.4,16.7,16.3
20260603,サンデーパーティー,67.6,49.9,33.1,16.9,17.7,16.8,16.2,16.9
20260603,クラオルグジェシダ,66.7,49.7,32.0,15.6,17.0,17.7,16.4,15.6
20260603,ラヴトリガー,66.7,48.9,32.5,15.5,17.8,16.4,17.0,15.5
20260603,デスティネ,71.9,53.2,35.3,17.6,18.7,17.9,17.7,17.6
20260603,カルダモン,64.7,47.6,30.9,15.2,17.1,16.7,15.7,15.2
20260603,ルクリーシア,67.4,49.2,32.3,16.1,18.2,16.9,16.2,16.1
20260603,アルカンサス,63.9,47.4,30.9,15.2,16.5,16.5,15.7,15.2
20260603,キコリータ,65.7,48.1,31.5,15.7,17.6,16.6,15.8,15.7
20260603,グランマズドリーム,65.8,48.5,31.1,15.0,17.3,17.4,16.1,15.0
20260603,ホカミテダメ,66.1,48.6,31.6,15.4,17.5,17.0,16.2,15.4
20260603,ﾍﾞｽﾄｲﾝﾊﾟｸﾄの24,63.8,47.4,31.3,15.4,16.4,16.1,15.9,15.4
20260603,ミリオ,64.0,47.5,31.2,15.2,16.5,16.3,16.0,15.2
20260603,サムシングニュー,58.0,42.5,27.5,13.5,15.5,15.0,14.0,13.5
20260603,ノヴァルクス,59.8,44.3,29.3,14.9,15.5,15.0,14.4,14.9
20260603,ウインオーディン,61.9,46.0,29.9,15.2,15.9,16.1,14.7,15.2
20260603,ビップムーラン,62.1,45.6,29.1,13.9,16.5,16.5,15.2,13.9
20260603,ライヴマルガリータ,68.0,50.1,33.5,17.1,17.9,16.6,16.4,17.1
20260603,ヤクジョ,56.6,40.7,26.1,13.0,15.9,14.6,13.1,13.0
20260603,ムーンブランシュ,68.1,49.7,33.0,17.2,18.4,16.7,15.8,17.2
20260603,ダイユウアドバンス,57.2,41.9,27.3,13.3,15.3,14.6,14.0,13.3
20260603,モデレートゲイル,68.8,50.2,33.0,16.3,18.6,17.2,16.7,16.3
20260603,ダイシンレスター,67.4,48.5,31.5,16.0,18.9,17.0,15.5,16.0
20260603,タツナナイロ,66.2,49.5,32.5,16.7,16.7,17.0,15.8,16.7
20260603,アヴィアトーレ,72.0,52.6,34.0,16.7,19.4,18.6,17.3,16.7
20260603,ビップヴィーナス,72.8,53.0,34.6,17.0,19.8,18.4,17.6,17.0
20260603,コナパームス,65.0,47.6,30.8,15.3,17.4,16.8,15.5,15.3
20260603,タクティシアン,64.9,47.6,30.3,15.0,17.3,17.3,15.3,15.0
20260603,コントラポスト,68.3,51.1,33.9,16.8,17.2,17.2,17.1,16.8
20260603,ルミナスレイナ,65.7,49.0,32.8,16.4,16.7,16.2,16.4,16.4
20260603,ブルーアンビエンス,68.5,50.8,32.6,15.8,17.7,18.2,16.8,15.8
20260603,ヴェントリナ,66.8,49.7,32.7,16.0,17.1,17.0,16.7,16.0
20260603,エコロテラ,68.4,50.4,33.0,16.4,18.0,17.4,16.6,16.4
20260603,トーセンマスラオ,67.6,49.9,32.2,15.2,17.7,17.7,17.0,15.2
20260603,シルトホルン,67.8,50.9,33.2,16.0,16.9,17.7,17.2,16.0
20260603,サンセットブライト,68.1,50.3,32.8,16.5,17.8,17.5,16.3,16.5
20260603,スワローシチー,66.7,48.6,31.2,15.6,18.1,17.4,15.6,15.6
20260603,マンモスホームラン,70.2,51.7,34.3,16.7,18.5,17.4,17.6,16.7
20260603,チョウブク,69.3,51.6,34.3,16.4,17.7,17.3,17.9,16.4
20260603,マイネルヴェーゼン,64.8,47.4,31.1,15.7,17.4,16.3,15.4,15.7
20260603,オーケーマドンナ,67.7,50.2,32.8,16.4,17.5,17.4,16.4,16.4
20260603,シュアシング,69.3,50.9,33.2,16.5,18.4,17.7,16.7,16.5
20260603,ゼアズノープレイス,70.4,52.2,34.4,17.4,18.2,17.8,17.0,17.4
20260603,ハートホイップ,62.7,46.0,30.6,15.6,16.7,15.4,15.0,15.6
20260603,ノアソノマ,70.8,52.0,34.7,17.2,18.8,17.3,17.5,17.2
20260603,アイファーアイドル,59.1,42.9,27.7,13.8,16.2,15.2,13.9,13.8
20260603,レースクイーン,56.5,41.5,27.0,13.4,15.0,14.5,13.6,13.4
20260603,アルケミラモリス,68.4,50.2,32.7,16.0,18.2,17.5,16.7,16.0
20260603,キタノオンザバス,57.7,42.0,27.3,13.5,15.7,14.7,13.8,13.5
20260603,コウソクレムリア,70.7,51.9,33.9,17.0,18.8,18.0,16.9,17.0
20260603,ソラティオ,68.1,50.4,33.0,16.3,17.7,17.4,16.7,16.3
20260603,キタノエフロレス,67.8,50.1,32.6,15.8,17.7,17.5,16.8,15.8
20260603,ウスズミザクラ,66.7,49.6,32.1,16.5,17.1,17.5,15.6,16.5
20260603,ココニイルヨ,66.6,49.8,32.3,16.4,16.8,17.5,15.9,16.4
20260603,グラスブランシュ,67.8,50.9,34.5,17.2,16.9,16.4,17.3,17.2
20260603,マッドヘッドラブ,67.8,49.3,32.2,15.8,18.5,17.1,16.4,15.8
20260603,テングカゼ,71.2,52.9,35.5,18.2,18.3,17.4,17.3,18.2
20260603,ジャクソン,69.2,51.3,33.5,16.7,17.9,17.8,16.8,16.7
20260603,ステラゲイル,66.0,48.7,32.1,16.2,17.3,16.6,15.9,16.2
20260603,ソナタテソーロ,65.8,48.2,31.7,15.6,17.6,16.5,16.1,15.6
20260603,トム,67.6,50.4,32.8,16.6,17.2,17.6,16.2,16.6
20260603,モストロ,74.4,55.8,37.1,18.6,18.6,18.7,18.5,18.6
20260603,エクセルゴールド,65.1,48.4,32.0,16.3,16.7,16.4,15.7,16.3
20260603,ブルージャイアント,67.5,50.1,33.9,17.2,17.4,16.2,16.7,17.2
20260603,ミリオングローリー,69.1,51.0,33.9,17.0,18.1,17.1,16.9,17.0
20260603,トワニ,66.4,49.4,33.1,16.9,17.0,16.3,16.2,16.9
20260603,ペイトー,62.7,45.3,29.6,14.7,17.4,15.7,14.9,14.7
20260603,レオスキーム,67.1,47.9,30.8,15.4,19.2,17.1,15.4,15.4
20260603,アイムインディ,65.3,48.8,32.8,16.9,16.5,16.0,15.9,16.9
20260603,エイシンウルクンデ,73.2,54.1,36.3,18.5,19.1,17.8,17.8,18.5
20260603,サードアイ,69.3,51.0,34.2,17.5,18.3,16.8,16.7,17.5
20260603,ヴァルボナ,71.9,52.9,34.8,17.8,19.0,18.1,17.0,17.8
20260603,サクラトップラック,74.0,54.0,35.6,18.0,20.0,18.4,17.6,18.0
20260603,アゴルディーノ,73.4,53.6,35.4,17.8,19.8,18.2,17.6,17.8
20260603,ゴールデンステップ,68.8,50.9,33.9,17.2,17.9,17.0,16.7,17.2
20260603,レッドテリオス,66.9,49.8,33.1,16.4,17.1,16.7,16.7,16.4
20260603,タキノボリ,76.3,56.1,37.2,18.6,20.2,18.9,18.6,18.6
20260603,ルージュミレネール,66.1,48.9,32.1,15.9,17.2,16.8,16.2,15.9
20260603,サトノリアファル,67.1,49.5,32.5,16.2,17.6,17.0,16.3,16.2
20260603,ウィナーズチェック,71.2,53.6,35.0,16.9,17.6,18.6,18.1,16.9
20260603,インサイドエッジ,68.7,50.7,32.9,16.6,18.0,17.8,16.3,16.6
20260603,ロゼル,56.2,41.7,27.3,13.5,14.5,14.4,13.8,13.5
20260603,スペードギニー,56.3,41.0,26.4,12.7,15.3,14.6,13.7,12.7
20260603,ジェッディンデデン,57.0,41.6,26.8,12.8,15.4,14.8,14.0,12.8
20260603,ビリキナータ,57.6,42.2,27.3,12.9,15.4,14.9,14.4,12.9
20260603,タツナナイロ,71.4,53.2,35.2,18.1,18.2,18.0,17.1,18.1
20260603,ユマハム,64.6,47.4,31.3,15.6,17.2,16.1,15.7,15.6
20260603,クロダテ,64.0,46.6,30.1,14.8,17.4,16.5,15.3,14.8
20260603,ゼアズノープレイス,68.5,50.4,33.1,16.6,18.1,17.3,16.5,16.6
20260603,ロックユアライフ,65.1,47.6,31.3,15.3,17.5,16.3,16.0,15.3
20260603,ダノンマスタング,64.7,46.9,30.2,14.7,17.8,16.7,15.5,14.7
20260603,ビップマリク,69.6,50.8,32.7,15.8,18.8,18.1,16.9,15.8
20260603,トウシンラヴ,70.5,51.5,34.0,16.7,19.0,17.5,17.3,16.7
20260603,アリアス,68.3,49.9,32.6,16.0,18.4,17.3,16.6,16.0
20260603,ルクスマグナ,68.6,50.4,32.6,16.3,18.2,17.8,16.3,16.3
20260603,ヴァルボナ,76.1,56.8,37.2,18.5,19.3,19.6,18.7,18.5
20260603,サクラトップラック,75.3,55.5,36.5,18.0,19.8,19.0,18.5,18.0
20260603,アゴルディーノ,73.6,55.2,36.6,18.1,18.4,18.6,18.5,18.1
20260603,マツリダシリウス,69.4,50.9,33.4,16.0,18.5,17.5,17.4,16.0
20260603,ピリナカピリナ,69.4,51.1,33.4,16.2,18.3,17.7,17.2,16.2
20260603,シテフローラル,65.2,47.7,30.5,15.2,17.5,17.2,15.3,15.2
20260603,サイルーン,65.8,48.9,32.4,15.7,16.9,16.5,16.7,15.7
20260603,ダノンエアズロック,65.5,48.3,31.4,15.8,17.2,16.9,15.6,15.8
20260603,サトノシュトローム,68.2,50.1,33.2,17.1,18.1,16.9,16.1,17.1
20260603,ホウオウザロイヤル,66.0,49.0,32.3,15.6,17.0,16.7,16.7,15.6
20260603,キャピタル,68.4,50.2,33.3,17.1,18.2,16.9,16.2,17.1
20260603,エコロシード,65.8,48.5,31.8,15.7,17.3,16.7,16.1,15.7
20260603,キントリヒ,66.3,47.9,31.0,15.4,18.4,16.9,15.6,15.4
20260603,フェスタリア,66.6,48.1,31.1,15.5,18.5,17.0,15.6,15.5
20260603,エイミームーン,66.9,47.6,31.2,15.9,19.3,16.4,15.3,15.9
20260603,ノヴェルアレイア,70.4,51.9,34.7,16.9,18.5,17.2,17.8,16.9
20260603,デヴィーア,70.3,51.6,34.0,16.9,18.7,17.6,17.1,16.9
20260603,ドミナートル,69.9,51.7,34.4,16.7,18.2,17.3,17.7,16.7
20260603,インプロペリア,64.8,48.1,31.5,15.6,16.7,16.6,15.9,15.6
20260603,ブライトエアリー,67.5,50.5,32.8,16.7,17.0,17.7,16.1,16.7
20260603,レイシャル,68.3,50.7,33.2,16.6,17.6,17.5,16.6,16.6
20260603,オメガストリーム,65.0,48.0,31.5,15.5,17.0,16.5,16.0,15.5
20260603,モロノラピド,65.3,48.2,31.6,15.7,17.1,16.6,15.9,15.7
20260603,タイセイアストロ,66.2,48.2,31.0,14.8,18.0,17.2,16.2,14.8
20260603,リコラピッド,65.4,48.3,30.8,15.3,17.1,17.5,15.5,15.3
20260603,シャンデヴァーグ,66.2,48.6,31.4,15.9,17.6,17.2,15.5,15.9
20260603,ダノンコレクト,67.0,49.2,32.4,15.8,17.8,16.8,16.6,15.8
20260603,ロードトライデント,70.4,51.6,33.5,16.7,18.8,18.1,16.8,16.7
20260603,エコロストーム,63.9,47.0,30.9,15.9,16.9,16.1,15.0,15.9
20260603,フルミネブル,68.2,50.0,33.0,16.4,18.2,17.0,16.6,16.4
20260603,ジョワリヴレ,66.7,47.8,30.4,14.8,18.9,17.4,15.6,14.8
20260603,カサビセンス,69.1,51.1,33.2,16.5,18.0,17.9,16.7,16.5
20260603,アドミ,72.2,53.9,35.9,18.2,18.3,18.0,17.7,18.2
20260603,ユーガッタチャンス,72.0,53.1,35.3,17.9,18.9,17.8,17.4,17.9
20260603,ヒズストーリー,74.1,54.2,35.8,18.3,19.9,18.4,17.5,18.3
20260603,テイクユアタイム,73.2,53.7,35.6,17.9,19.5,18.1,17.7,17.9
20260603,ルークスイテルム,72.1,53.7,35.7,17.9,18.4,18.0,17.8,17.9
20260603,ディアファザー,71.7,52.7,35.1,17.8,19.0,17.6,17.3,17.8
20260603,オストラヴァ,66.9,49.6,32.7,16.3,17.3,16.9,16.4,16.3
20260603,ブライトエアリー,72.0,53.9,35.5,18.1,18.1,18.4,17.4,18.1
20260603,モロノカガヤキ,67.9,49.6,32.8,16.1,18.3,16.8,16.7,16.1
20260603,レイシャル,74.1,55.2,36.6,18.4,18.9,18.6,18.2,18.4
20260603,ドリーミングアップ,68.5,49.5,32.0,15.7,19.0,17.5,16.3,15.7
20260603,モーニングダリア,70.3,51.0,33.4,17.0,19.3,17.6,16.4,17.0
20260603,ヒケヤイワフネ,72.2,53.1,35.3,17.3,19.1,17.8,18.0,17.3
20260603,イベリスアマラ,68.3,49.3,31.5,15.3,19.0,17.8,16.2,15.3
20260603,ブリングライト,68.7,50.6,33.4,16.8,18.1,17.2,16.6,16.8
20260603,ソクヅモドラドラ,62.8,46.4,30.6,15.3,16.4,15.8,15.3,15.3
20260603,ゴールデンパゴーダ,63.8,46.8,30.8,15.2,17.0,16.0,15.6,15.2
20260603,ジャスフォール,63.3,46.8,30.8,15.5,16.5,16.0,15.3,15.5
20260603,ジーティーストーム,69.2,52.1,34.6,18.0,17.1,17.5,16.6,18.0
20260603,スロノス,63.1,46.7,30.4,15.0,16.4,16.3,15.4,15.0
20260603,ラヴレイン,68.8,49.8,33.0,16.7,19.0,16.8,16.3,16.7
20260603,ハクシンブライアン,66.0,47.4,30.3,14.8,18.6,17.1,15.5,14.8
20260603,ビタミンドロップ,64.1,47.1,30.9,15.4,17.0,16.2,15.5,15.4
20260603,ルージュカエラ,57.2,41.8,27.6,14.0,15.4,14.2,13.6,14.0
20260603,タイセイブルーム,66.4,49.3,32.2,15.9,17.1,17.1,16.3,15.9
20260603,タイセイネクサス,58.9,43.3,28.5,14.4,15.6,14.8,14.1,14.4
20260603,フリームファクシ,56.2,40.3,26.3,13.2,15.9,14.0,13.1,13.2
20260603,バッデレイト,55.2,39.7,25.8,12.8,15.5,13.9,13.0,12.8
20260603,ラヴオントップ,54.8,39.4,25.8,12.8,15.4,13.6,13.0,12.8
20260603,ルージュマデイラ,54.7,39.5,25.6,12.8,15.2,13.9,12.8,12.8
20260603,キープシャイニング,56.5,41.0,26.0,12.6,15.5,15.0,13.4,12.6
20260603,トラカイキャッスル,59.5,42.8,27.6,13.3,16.7,15.2,14.3,13.3
20260603,クリムゾンバースト,55.3,39.9,25.8,12.8,15.4,14.1,13.0,12.8
20260603,フェブリノ,56.2,41.1,26.2,12.8,15.1,14.9,13.4,12.8
20260603,モチモチチャン,54.5,39.6,26.3,13.2,14.9,13.3,13.1,13.2
20260603,グレースジェンヌ,56.4,41.3,26.3,13.0,15.1,15.0,13.3,13.0
20260603,ガウディ,56.8,41.5,26.5,13.1,15.3,15.0,13.4,13.1
20260603,エドウィンナルコ,52.2,39.4,26.7,13.7,12.8,12.7,13.0,13.7
20260603,サンシルヴァリー,54.2,39.5,26.2,13.3,14.7,13.3,12.9,13.3
20260603,アスクアイルビゼア,55.5,40.7,27.1,13.5,14.8,13.6,13.6,13.5
20260603,レイワサンサン,57.3,41.3,26.4,13.3,16.0,14.9,13.1,13.3
20260603,ベルメサイア,64.0,46.4,30.5,14.9,17.6,15.9,15.6,14.9
20260603,サンセットビュー,58.0,42.2,27.2,13.1,15.8,15.0,14.1,13.1
20260603,フェリーニ,54.8,39.4,25.5,12.7,15.4,13.9,12.8,12.7
20260603,レイザリオ,54.9,40.1,26.2,13.3,14.8,13.9,12.9,13.3
20260603,ヴァンアグレアブル,55.3,40.6,26.5,13.2,14.7,14.1,13.3,13.2
20260603,サンライズグラシア,55.7,40.0,26.1,13.2,15.7,13.9,12.9,13.2
20260603,ファムエレガンテ,54.7,39.6,25.8,12.8,15.1,13.8,13.0,12.8
20260603,ジューンアゲイン,55.9,39.8,25.3,12.8,16.1,14.5,12.5,12.8
20260603,プリュイドール,56.1,40.3,26.1,13.3,15.8,14.2,12.8,13.3
20260603,ヤマニンコルザ,55.5,40.0,25.4,12.5,15.5,14.6,12.9,12.5
20260603,モンシーク,55.4,40.7,26.5,13.1,14.7,14.2,13.4,13.1
20260603,カスタニッチャ,61.6,43.9,28.1,13.5,17.7,15.8,14.6,13.5
20260603,ジャスパーブレイズ,53.4,39.2,25.7,13.1,14.2,13.5,12.6,13.1
20260603,カッタッパ,55.5,40.3,26.6,13.3,15.2,13.7,13.3,13.3
20260603,ヴァニーユ,56.2,40.4,26.2,13.1,15.8,14.2,13.1,13.1
20260603,アークレオン,59.0,42.9,27.9,13.7,16.1,15.0,14.2,13.7
20260603,ハイウェイワン,60.3,44.2,28.6,13.8,16.1,15.6,14.8,13.8
20260603,ニクスルーナ,55.4,39.7,25.7,12.8,15.7,14.0,12.9,12.8
20260603,ヴィヴァン,52.7,38.7,25.6,12.8,14.0,13.1,12.8,12.8
20260603,ゴルデールスカー,54.5,39.9,26.0,13.1,14.6,13.9,12.9,13.1
20260603,アウトレンジ,56.5,41.1,26.6,13.3,15.4,14.5,13.3,13.3
20260603,ユハンヌス,55.6,39.8,26.5,13.5,15.8,13.3,13.0,13.5
20260603,ティニア,55.0,39.3,25.3,12.8,15.7,14.0,12.5,12.8
20260603,テイクザクラウン,54.8,39.7,26.2,13.3,15.1,13.5,12.9,13.3
20260603,ナムラブーニン,57.6,42.0,27.3,13.3,15.6,14.7,14.0,13.3
20260603,プロミシングスター,57.8,41.0,26.3,13.4,16.8,14.7,12.9,13.4
20260603,ブライトアゲイン,53.5,38.8,25.6,13.2,14.7,13.2,12.4,13.2
20260603,オフトレイル,54.5,39.5,25.4,12.5,15.0,14.1,12.9,12.5
20260603,モズナナスター,67.5,48.9,32.2,16.2,18.6,16.7,16.0,16.2
20260603,ランツフート,55.3,39.7,25.7,12.9,15.6,14.0,12.8,12.9
20260603,ヤマニンチェルキ,57.7,42.6,28.0,13.8,15.1,14.6,14.2,13.8
20260603,タントレーベル,55.5,40.4,26.1,12.7,15.1,14.3,13.4,12.7
20260603,ワンダージェム,58.2,42.7,28.1,14.0,15.5,14.6,14.1,14.0
20260603,ヴェネラブル,57.2,41.9,27.0,13.3,15.3,14.9,13.7,13.3
20260603,シギーコルエンド,57.4,41.6,26.9,13.1,15.8,14.7,13.8,13.1
20260603,インディクイーン,56.1,40.5,26.4,13.1,15.6,14.1,13.3,13.1
20260603,エースフライト,56.0,40.4,26.1,12.8,15.6,14.3,13.3,12.8
20260603,カフジエメンタール,55.3,40.3,26.1,13.1,15.0,14.2,13.0,13.1
20260603,スカイスプレンダー,56.0,40.3,25.7,12.8,15.7,14.6,12.9,12.8
20260603,ペンダント,55.6,40.5,26.4,13.0,15.1,14.1,13.4,13.0
20260603,ココプレミア,55.4,40.2,26.5,13.4,15.2,13.7,13.1,13.4
20260603,ゴールドヴィーナス,54.9,40.2,26.1,13.0,14.7,14.1,13.1,13.0
20260603,ニシノエビガタメ,55.3,40.3,26.1,13.1,15.0,14.2,13.0,13.1
20260603,マイバレンタイン,56.2,40.0,25.5,12.4,16.2,14.5,13.1,12.4
20260603,クイーンズドリーム,55.7,40.8,26.0,13.2,14.9,14.8,12.8,13.2
20260603,キンダープンシュ,54.7,39.2,25.3,12.7,15.5,13.9,12.6,12.7
20260603,カンフージョン,54.9,39.8,26.3,13.4,15.1,13.5,12.9,13.4
20260603,ドラゴンドール,57.7,41.9,27.1,13.1,15.8,14.8,14.0,13.1
20260603,ブルーノート,56.3,40.3,26.5,13.7,16.0,13.8,12.8,13.7
20260603,ガイアフォース,54.9,39.7,26.0,13.2,15.2,13.7,12.8,13.2
20260603,ハギノアルデバラン,57.2,41.3,26.7,13.3,15.9,14.6,13.4,13.3
20260603,タッチャブル,64.4,47.5,31.3,15.5,16.9,16.2,15.8,15.5
20260603,ルガル,53.2,38.2,24.7,12.5,15.0,13.5,12.2,12.5
20260603,アスクコモンタレヴ,54.2,38.8,25.0,12.3,15.4,13.8,12.7,12.3
20260603,アスゴッド,54.1,38.3,25.8,13.5,15.8,12.5,12.3,13.5
20260603,ディニトーソ,56.5,40.4,26.1,12.8,16.1,14.3,13.3,12.8
20260603,ワンコールアウェイ,59.7,43.6,28.3,14.1,16.1,15.3,14.2,14.1
20260603,アンピュルシオン,55.4,41.0,27.1,13.9,14.4,13.9,13.2,13.9
20260603,ニューオーリンズ,53.7,38.5,24.7,12.5,15.2,13.8,12.2,12.5
20260603,スリーケイ,55.4,40.6,26.6,13.2,14.8,14.0,13.4,13.2
20260603,スーパービジー,57.2,41.3,26.6,12.8,15.9,14.7,13.8,12.8
20260603,レッドレベンディス,54.1,38.7,25.0,12.6,15.4,13.7,12.4,12.6
20260603,グランセンチュリ,59.1,43.6,29.1,15.2,15.5,14.5,13.9,15.2
20260603,マーゴットデウス,57.5,41.7,27.2,13.6,15.8,14.5,13.6,13.6
20260603,エコロデュラン,54.9,39.0,25.8,13.5,15.9,13.2,12.3,13.5
20260603,リアンドゥクール,57.7,41.5,26.5,12.9,16.2,15.0,13.6,12.9
20260603,リアンマカ,55.3,40.5,26.5,13.2,14.8,14.0,13.3,13.2
20260603,ステインアライヴ,68.4,50.8,33.5,16.8,17.6,17.3,16.7,16.8
20260603,エイシンウィスパー,57.0,41.4,26.9,13.4,15.6,14.5,13.5,13.4
20260603,シルバーリム,64.6,46.9,31.6,15.1,17.7,15.3,16.5,15.1
20260603,リベッチオ,56.4,40.7,26.3,12.9,15.7,14.4,13.4,12.9
20260603,ティンタアマレラ,66.2,47.6,32.2,16.8,18.6,15.4,15.4,16.8
20260603,フランヴィア,58.6,43.1,28.6,14.9,15.5,14.5,13.7,14.9
20260603,ラインオブソウル,54.8,39.8,25.9,13.2,15.0,13.9,12.7,13.2
20260603,マリアナトレンチ,54.7,39.8,25.8,13.1,14.9,14.0,12.7,13.1
20260603,シャインズオンユー,54.8,39.2,25.4,13.0,15.6,13.8,12.4,13.0
20260603,ダノンフェルゼン,58.0,41.3,26.8,13.4,16.7,14.5,13.4,13.4
20260603,ワンダーミューズ,58.1,42.5,27.2,13.5,15.6,15.3,13.7,13.5
20260603,スパルタンエックス,57.2,41.6,26.5,12.8,15.6,15.1,13.7,12.8
20260603,ロードファイター,58.3,42.1,27.1,13.5,16.2,15.0,13.6,13.5
20260603,ハピネスサンライズ,59.6,42.8,27.5,13.4,16.8,15.3,14.1,13.4
20260603,ファイアプレイス,57.3,41.6,26.8,13.0,15.7,14.8,13.8,13.0
20260603,ヴァンロゼ,57.6,42.0,27.2,13.6,15.6,14.8,13.6,13.6
20260603,ボクマダネムイヨ,57.9,40.9,26.4,12.9,17.0,14.5,13.5,12.9
20260603,バロニアル,56.3,40.5,26.3,13.3,15.8,14.2,13.0,13.3
20260603,ルージュシャラポワ,58.8,43.1,28.1,13.3,15.7,15.0,14.8,13.3
20260603,プリュスエクラ,57.8,42.0,27.2,13.3,15.8,14.8,13.9,13.3
20260603,ネッカーズルム,58.7,42.4,26.8,12.9,16.3,15.6,13.9,12.9
20260603,マーゴットデイズ,68.0,49.9,33.5,16.8,18.1,16.4,16.7,16.8
20260603,ラッキーシグネチャ,65.6,48.6,32.5,16.6,17.0,16.1,15.9,16.6
20260603,アンガーザガール,57.8,42.1,27.6,13.6,15.7,14.5,14.0,13.6
20260603,クロスボーダー,57.7,42.1,27.5,13.0,15.6,14.6,14.5,13.0
20260603,ニドヅケキンシ,71.6,52.4,34.1,16.5,19.2,18.3,17.6,16.5
20260603,カレンハウ,55.3,40.0,25.9,12.9,15.3,14.1,13.0,12.9
20260603,マーズエクレール,70.5,51.3,33.0,15.5,19.2,18.3,17.5,15.5
20260603,セブンマジシャン,76.2,54.8,35.6,17.5,21.4,19.2,18.1,17.5
20260603,ハギノサステナブル,76.6,55.2,36.1,17.9,21.4,19.1,18.2,17.9
20260603,スウィートリワード,57.4,40.9,26.6,13.1,16.5,14.3,13.5,13.1
20260603,カエルム,54.3,40.0,27.0,13.7,14.3,13.0,13.3,13.7
20260603,ピエマンソン,54.9,39.4,25.9,13.0,15.5,13.5,12.9,13.0
20260603,アロマフェリス,57.3,41.0,27.0,13.5,16.3,14.0,13.5,13.5
20260603,ドラゴンブースト,55.6,39.9,26.1,13.3,15.7,13.8,12.8,13.3
20260603,ティアーズクィーン,56.9,41.1,27.0,13.7,15.8,14.1,13.3,13.7
20260603,フレンズプラス,58.7,41.3,26.6,12.7,17.4,14.7,13.9,12.7
20260603,オメガヒストリー,53.7,40.4,26.6,13.3,13.3,13.8,13.3,13.3
20260603,シャロン,56.3,40.7,26.2,13.2,15.6,14.5,13.0,13.2
20260603,テーオーナタリー,71.3,51.5,33.3,16.5,19.8,18.2,16.8,16.5
20260603,フレアオブセンス,75.2,54.5,36.0,17.2,20.7,18.5,18.8,17.2
20260603,ディアーモルタル,57.6,40.8,26.4,13.0,16.8,14.4,13.4,13.0
20260603,グラマラス,55.3,40.3,26.4,13.5,15.0,13.9,12.9,13.5
20260603,スカイストライプス,55.8,40.9,26.5,13.3,14.9,14.4,13.2,13.3
20260603,ラジャブルック,75.5,54.5,35.5,17.6,21.0,19.0,17.9,17.6
20260603,ユイリノベーション,56.7,40.9,26.8,13.7,15.8,14.1,13.1,13.7
20260603,プリンキピッサ,77.0,56.0,36.5,18.4,21.0,19.5,18.1,18.4
20260603,メイショウコナン,56.5,40.4,25.9,13.1,16.1,14.5,12.8,13.1
20260603,キングツェッペリン,67.0,49.2,31.8,15.5,17.8,17.4,16.3,15.5
20260603,メイショウタイピン,56.5,40.0,26.1,13.1,16.5,13.9,13.0,13.1
20260603,ゴールデンクラウド,68.1,49.8,33.3,16.8,18.3,16.5,16.5,16.8
20260603,ラヴィアンコール,65.4,47.7,31.4,15.6,17.7,16.3,15.8,15.6
20260603,クリーンブーケ,56.3,41.1,27.4,13.8,15.2,13.7,13.6,13.8
20260603,スワトウ,58.2,42.2,27.0,13.4,16.0,15.2,13.6,13.4
20260603,パスリヤージュ,71.7,52.6,35.3,18.3,19.1,17.3,17.0,18.3
20260603,メイショウマドンナ,54.8,39.3,25.9,13.3,15.5,13.4,12.6,13.3
20260603,ダノンミッドナイト,69.5,51.3,34.2,16.6,18.2,17.1,17.6,16.6
20260603,ナムラステラ,57.8,42.3,27.6,13.8,15.5,14.7,13.8,13.8
20260603,チカバリエンテ,57.3,41.5,27.1,13.3,15.8,14.4,13.8,13.3
20260603,ピーコパーコ,72.3,53.4,35.9,17.9,18.9,17.5,18.0,17.9
20260603,タカモリ,69.8,51.5,34.0,17.2,18.3,17.5,16.8,17.2
20260603,モーデン,70.7,52.2,35.2,17.6,18.5,17.0,17.6,17.6
20260603,テラステラ,55.3,40.0,26.1,13.0,15.3,13.9,13.1,13.0
20260603,マイネルエンペラー,81.2,59.7,39.9,19.9,21.5,19.8,20.0,19.9
20260603,シュガークン,74.7,55.1,36.6,18.4,19.6,18.5,18.2,18.4
20260603,アサクサグレース,68.8,50.2,33.1,16.7,18.6,17.1,16.4,16.7
20260603,メイショウツヨキ,59.4,41.6,26.6,13.1,17.8,15.0,13.5,13.1
20260603,アンビアンス,80.0,56.8,37.3,18.5,23.2,19.5,18.8,18.5
20260603,スマートポーション,70.1,51.1,34.5,17.0,19.0,16.6,17.5,17.0
20260603,シンゼンノト,70.3,51.9,35.6,18.7,18.4,16.3,16.9,18.7
20260603,ケイアイセナ,66.6,49.2,33.5,16.7,17.4,15.7,16.8,16.7
20260603,ユメハハテシナク,69.4,50.7,33.3,16.2,18.7,17.4,17.1,16.2
20260603,ヴェロクオーレ,67.5,49.0,31.5,15.4,18.5,17.5,16.1,15.4
20260603,ロカヒ,72.1,52.6,34.6,17.2,19.5,18.0,17.4,17.2
20260603,ワルツプリンセス,62.3,42.3,26.2,13.4,20.0,16.1,12.8,13.4
20260603,タガノラヴズワン,67.5,49.0,32.2,15.8,18.5,16.8,16.4,15.8
20260603,マーゴットバディ,68.4,50.0,32.2,15.4,18.4,17.8,16.8,15.4
20260603,サンライズオスカー,70.1,51.5,33.7,16.8,18.6,17.8,16.9,16.8
20260603,カラクニダケ,67.8,50.1,32.4,16.4,17.7,17.7,16.0,16.4
20260603,スマートメモリー,67.4,48.7,32.1,15.2,18.7,16.6,16.9,15.2
20260603,ブラックドレス,57.8,40.8,26.1,12.9,17.0,14.7,13.2,12.9
20260603,メイショウヤーキス,74.3,54.7,36.6,17.7,19.6,18.1,18.9,17.7
20260603,フラッシング,67.8,49.0,32.4,16.0,18.8,16.6,16.4,16.0
20260603,ピエナオルカ,70.6,51.4,33.9,16.4,19.2,17.5,17.5,16.4
20260603,クリコファルコン,62.7,44.2,27.6,13.1,18.5,16.6,14.5,13.1
20260603,フォーオール,71.8,52.3,34.5,17.0,19.5,17.8,17.5,17.0
20260603,クリコキアナ,70.0,51.1,33.4,16.7,18.9,17.7,16.7,16.7
20260603,ニシノキヅイタラ,71.9,52.4,34.9,17.6,19.5,17.5,17.3,17.6
20260603,バレエマスター,71.6,53.6,36.3,18.4,18.0,17.3,17.9,18.4
20260603,ゴコウサス,55.7,40.8,27.1,13.7,14.9,13.7,13.4,13.7
20260603,エイプリルインパリ,57.3,41.2,26.4,12.7,16.1,14.8,13.7,12.7
20260603,ベルジュロネット,68.4,50.2,33.4,16.9,18.2,16.8,16.5,16.9
20260603,リピ,57.2,41.5,26.5,12.8,15.7,15.0,13.7,12.8
20260603,オラロア,56.5,41.5,27.2,13.6,15.0,14.3,13.6,13.6
20260603,レウコテア,56.8,41.6,26.6,12.7,15.2,15.0,13.9,12.7
20260603,フィデリス,58.2,41.6,27.0,13.7,16.6,14.6,13.3,13.7
20260603,ダノンベルビュー,57.9,41.5,26.6,13.3,16.4,14.9,13.3,13.3
20260603,ベストレイク,55.3,40.5,26.7,13.7,14.8,13.8,13.0,13.7
20260603,アクートゥス,68.0,48.7,32.1,15.9,19.3,16.6,16.2,15.9
20260603,ティンティンデオ,68.0,49.5,31.9,16.1,18.5,17.6,15.8,16.1
20260603,エイカイソウル,73.1,53.0,34.9,17.2,20.1,18.1,17.7,17.2
20260603,アスクヴォルテージ,70.4,51.0,33.6,17.3,19.4,17.4,16.3,17.3
20260603,メイショウアイル,71.1,52.2,34.6,16.8,18.9,17.6,17.8,16.8
20260603,キタノシリウス,73.3,52.8,33.7,16.6,20.5,19.1,17.1,16.6
20260603,ヨカオウ,58.6,42.3,27.4,13.4,16.3,14.9,14.0,13.4
20260603,ラパンドール,71.8,51.9,33.1,15.7,19.9,18.8,17.4,15.7
20260603,シオンダンサー,59.7,41.6,25.8,12.4,18.1,15.8,13.4,12.4
20260603,エトワールブーケ,71.0,49.8,31.6,15.8,21.2,18.2,15.8,15.8
20260603,コマチチャン,56.6,40.7,25.8,12.9,15.9,14.9,12.9,12.9
20260603,ヴィータリッカ,59.0,41.3,25.5,12.4,17.7,15.8,13.1,12.4
20260603,タカスタカスタカス,69.2,51.1,33.8,16.4,18.1,17.3,17.4,16.4
20260603,レゾルーティオ,74.9,53.9,34.5,16.9,21.0,19.4,17.6,16.9
20260603,カルパ,62.7,45.5,29.2,14.0,17.2,16.3,15.2,14.0
20260603,ファウストラーゼン,62.6,45.0,29.3,14.8,17.6,15.7,14.5,14.8
20260603,ショウナンバルドル,63.2,45.8,30.1,15.0,17.4,15.7,15.1,15.0
20260603,マジックサンズ,62.5,46.0,29.6,14.2,16.5,16.4,15.4,14.2
20260603,ジェゼロ,64.9,46.1,30.0,14.6,18.8,16.1,15.4,14.6
20260603,シエルブリエ,58.4,43.0,27.3,13.7,15.4,15.7,13.6,13.7
20260603,テリオスヒナ,57.6,41.7,27.0,13.7,15.9,14.7,13.3,13.7
20260603,テンカオーライ,67.3,51.1,33.7,16.7,16.2,17.4,17.0,16.7
20260603,タイセイレグノ,57.5,41.9,27.0,13.5,15.6,14.9,13.5,13.5
20260603,ラヴァブル,78.4,57.1,37.3,18.8,21.3,19.8,18.5,18.8
20260603,ジョイエッロ,68.1,49.2,32.9,16.7,18.9,16.3,16.2,16.7
20260603,フルールドール,66.2,47.9,31.5,15.5,18.3,16.4,16.0,15.5
20260603,アリュウ,60.3,43.5,27.6,13.3,16.8,15.9,14.3,13.3
20260603,ショウナンバンライ,69.2,50.7,33.5,16.7,18.5,17.2,16.8,16.7
20260603,スピークロウ,57.3,41.7,26.9,13.4,15.6,14.8,13.5,13.4
20260603,エコロメジャー,56.2,41.4,26.4,13.4,14.8,15.0,13.0,13.4
20260603,シャインラブ,58.6,42.3,27.3,13.4,16.3,15.0,13.9,13.4
20260603,ミエルモーサ,77.2,56.4,36.9,18.5,20.8,19.5,18.4,18.5
20260603,ジーティーキャリー,69.6,51.3,33.7,16.6,18.3,17.6,17.1,16.6
20260603,クリスレグナム,58.8,43.9,29.1,14.3,14.9,14.8,14.8,14.3
20260603,ファラオクィーン,58.5,43.8,29.0,14.2,14.7,14.8,14.8,14.2
20260603,サリュエ,68.2,50.2,32.8,16.2,18.0,17.4,16.6,16.2
20260603,ヒルノドゴール,55.4,39.6,25.3,12.7,15.8,14.3,12.6,12.7
20260603,クインズシャウラ,65.6,48.6,32.8,16.2,17.0,15.8,16.6,16.2
20260603,ティラユール,66.9,49.3,32.8,16.3,17.6,16.5,16.5,16.3
20260603,マリブサーフ,66.6,48.2,31.4,15.5,18.4,16.8,15.9,15.5
20260603,シャインゴーツ,56.5,40.8,26.7,13.2,15.7,14.1,13.5,13.2
20260603,プレダトゥール,56.0,40.1,25.5,12.7,15.9,14.6,12.8,12.7
20260603,アルムアポジェ,53.8,39.2,25.7,12.8,14.6,13.5,12.9,12.8
20260603,コニーアイランド,70.7,51.9,33.9,16.5,18.8,18.0,17.4,16.5
20260603,キャットテイル,69.0,50.1,32.9,16.4,18.9,17.2,16.5,16.4
20260603,ヴィヴァシャス,56.2,40.8,26.5,13.1,15.4,14.3,13.4,13.1
20260603,バレンシア,55.0,40.5,26.7,13.4,14.5,13.8,13.3,13.4
20260603,ワンダーアンレール,60.1,44.7,29.7,14.7,15.4,15.0,15.0,14.7
20260603,メイショウピュルテ,56.0,41.3,27.1,13.5,14.7,14.2,13.6,13.5
20260603,アルジェンタム,69.0,50.1,33.0,16.3,18.9,17.1,16.7,16.3
20260603,ルビーブロンド,56.1,41.4,26.8,13.3,14.7,14.6,13.5,13.3
20260603,スマートエスコート,59.0,43.4,28.6,13.8,15.6,14.8,14.8,13.8
20260603,ヤマトクオーレ,69.6,51.2,33.6,16.6,18.4,17.6,17.0,16.6
20260603,ヤマトデュノール,72.6,55.3,37.6,18.5,17.3,17.7,19.1,18.5
20260603,メイショウクーガー,63.1,45.9,30.1,14.8,17.2,15.8,15.3,14.8
20260603,クアトロジャック,57.7,41.7,26.9,13.1,16.0,14.8,13.8,13.1
20260603,ライラックデューン,57.8,42.1,28.1,14.9,15.7,14.0,13.2,14.9
20260603,アライブテーラー,57.8,42.2,27.8,14.4,15.6,14.4,13.4,14.4
20260603,シビルガード,70.4,51.7,34.6,17.6,18.7,17.1,17.0,17.6
20260603,シュネードリーム,56.4,40.9,27.0,13.3,15.5,13.9,13.7,13.3
20260603,フェルギナス,65.7,47.9,31.3,15.4,17.8,16.6,15.9,15.4
20260603,ソゲソゲスマイル,66.5,47.6,31.7,15.8,18.9,15.9,15.9,15.8
20260603,アイニードユー,68.1,49.2,32.4,16.0,18.9,16.8,16.4,16.0
20260603,レイサンソク,67.9,49.1,32.3,16.0,18.8,16.8,16.3,16.0
20260603,セブンマジシャン,57.1,41.4,26.8,13.1,15.7,14.6,13.7,13.1
20260603,ハギノサステナブル,57.6,41.6,27.3,13.2,16.0,14.3,14.1,13.2
20260603,ブリーズオンチーク,56.8,41.4,26.9,13.1,15.4,14.5,13.8,13.1
20260603,ハギノデュア,57.9,41.7,27.1,13.4,16.2,14.6,13.7,13.4
20260603,フレアオブセンス,58.7,42.4,27.2,13.4,16.3,15.2,13.8,13.4
20260603,ラジャブルック,57.3,41.6,26.7,13.3,15.7,14.9,13.4,13.3
20260603,プリンキピッサ,57.4,41.6,27.3,13.4,15.8,14.3,13.9,13.4
20260603,エルトンバローズ,74.2,52.9,33.6,16.3,21.3,19.3,17.3,16.3
20260603,メディテラニアン,70.2,50.2,32.2,14.6,20.0,18.0,17.6,14.6
20260603,ブルーミングローズ,72.4,51.2,33.3,16.3,21.2,17.9,17.0,16.3
20260603,ゴールデンクラウド,71.7,52.4,34.3,17.0,19.3,18.1,17.3,17.0
20260603,サトノトリニティ,70.6,51.2,32.8,15.8,19.4,18.4,17.0,15.8
20260603,トゥーレジット,70.7,51.3,32.9,15.9,19.4,18.4,17.0,15.9
20260603,ワンダーシャッフル,71.7,52.7,35.1,17.0,19.0,17.6,18.1,17.0
20260603,ロスニーニョス,59.2,42.0,27.3,13.8,17.2,14.7,13.5,13.8
20260603,カヴァティーナ,59.3,42.0,27.0,13.5,17.3,15.0,13.5,13.5
20260603,アミラル,73.1,52.8,34.3,16.8,20.3,18.5,17.5,16.8
20260603,タイガースパーク,55.6,39.8,26.2,13.3,15.8,13.6,12.9,13.3
20260603,ウォーターリヒト,56.8,41.1,26.0,12.3,15.7,15.1,13.7,12.3
20260603,リアライズグリント,67.0,49.6,32.7,15.9,17.4,16.9,16.8,15.9
20260603,リアルジャパン,71.2,53.1,34.9,17.4,18.1,18.2,17.5,17.4
20260603,タイガーストリート,68.4,49.2,32.0,15.5,19.2,17.2,16.5,15.5
20260603,アンティスマ,57.2,40.7,26.3,13.1,16.5,14.4,13.2,13.1
20260603,マーゴットミスト,59.9,42.4,27.2,13.6,17.5,15.2,13.6,13.6
20260603,スマートティアナ,72.2,52.8,35.0,17.3,19.4,17.8,17.7,17.3
20260603,ボクサークラブ,59.3,42.2,27.1,13.3,17.1,15.1,13.8,13.3
20260603,タガノシルフィー,56.1,40.7,26.5,13.0,15.4,14.2,13.5,13.0
20260603,クレマチス,58.2,41.7,27.0,13.0,16.5,14.7,14.0,13.0
20260603,カナタコナタ,69.8,51.8,33.5,16.1,18.0,18.3,17.4,16.1
20260603,マリオロード,73.0,53.2,36.1,17.4,19.8,17.1,18.7,17.4
20260603,オリーボーレン,77.2,56.8,37.4,18.7,20.4,19.4,18.7,18.7
20260603,ミニトランザット,68.4,48.8,31.2,15.2,19.6,17.6,16.0,15.2
20260603,シャインバオバブ,75.4,54.3,35.7,17.4,21.1,18.6,18.3,17.4
20260603,エトワールブルー,78.4,55.5,35.6,17.4,22.9,19.9,18.2,17.4
20260603,フルムーン,76.4,57.7,38.9,19.6,18.7,18.8,19.3,19.6
20260603,ファントムグレース,74.4,54.3,35.9,18.0,20.1,18.4,17.9,18.0
20260603,ウィスカーパッド,75.2,56.5,37.8,18.7,18.7,18.7,19.1,18.7
20260603,モズヴイ,77.2,56.6,37.0,18.6,20.6,19.6,18.4,18.6
20260603,アップターンデイ,76.2,56.5,37.5,18.7,19.7,19.0,18.8,18.7
20260603,ノチェセラーダ,67.8,48.1,30.8,15.1,19.7,17.3,15.7,15.1
20260603,ゲインサポート,70.5,53.9,35.2,17.3,16.6,18.7,17.9,17.3
20260603,ゼルダ,54.6,38.8,25.5,13.1,15.8,13.3,12.4,13.1
20260603,メイショウヴィータ,74.7,54.8,35.3,17.3,19.9,19.5,18.0,17.3
20260603,メイショウノゾミ,75.5,55.6,36.1,17.9,19.9,19.5,18.2,17.9
20260603,ルイスイメル,75.2,55.5,36.5,17.6,19.7,19.0,18.9,17.6
20260603,フェリチタ,55.8,39.7,25.9,13.5,16.1,13.8,12.4,13.5
20260603,エリカヴェローナ,62.4,45.6,29.6,14.8,16.8,16.0,14.8,14.8
20260603,サウスバンク,54.6,39.7,26.7,13.6,14.9,13.0,13.1,13.6
20260603,ディアウス,56.5,41.2,27.1,13.4,15.3,14.1,13.7,13.4
20260603,オラヴィンリンナ,59.6,44.3,28.8,14.2,15.3,15.5,14.6,14.2
20260603,ソルトアイリス,55.9,40.7,26.6,13.4,15.2,14.1,13.2,13.4
20260603,アクアアイ,56.5,40.7,25.9,12.9,15.8,14.8,13.0,12.9
20260603,ホウオウワイズ,60.9,44.8,29.0,14.4,16.1,15.8,14.6,14.4
20260603,ジーティーサクラ,58.8,42.7,28.1,14.2,16.1,14.6,13.9,14.2
20260603,オオキニ,57.3,41.6,27.3,13.4,15.7,14.3,13.9,13.4
20260603,ノーブルロジャー,65.5,46.5,29.9,14.7,19.0,16.6,15.2,14.7
20260603,マクノス,57.9,42.4,27.7,13.9,15.5,14.7,13.8,13.9
20260603,ボンボンブーケ,56.8,40.5,26.8,13.7,16.3,13.7,13.1,13.7
20260603,トリーア,55.6,40.0,26.3,13.7,15.6,13.7,12.6,13.7
20260603,リュウトウコヤク,56.9,41.6,27.0,13.3,15.3,14.6,13.7,13.3
20260603,グロリアスグレイス,69.3,50.0,32.8,16.2,19.3,17.2,16.6,16.2
20260603,フィサブロス,76.4,54.9,36.3,18.1,21.5,18.6,18.2,18.1
20260603,タイムレスフレアー,73.0,52.2,33.5,16.7,20.8,18.7,16.8,16.7
20260603,パウンドフォーワン,64.4,47.4,31.4,15.9,17.0,16.0,15.5,15.9
20260603,ジーティーアツモリ,73.4,53.0,34.8,17.5,20.4,18.2,17.3,17.5
20260603,モノノケ,57.1,41.2,26.6,13.2,15.9,14.6,13.4,13.2
20260603,ジーティーピカソ,55.5,40.2,26.0,12.8,15.3,14.2,13.2,12.8
20260603,リネアベルタ,56.2,41.9,27.3,13.6,14.3,14.6,13.7,13.6
20260603,ラミアスペランツァ,56.6,41.2,27.4,13.8,15.4,13.8,13.6,13.8
20260603,ビジュアライズ,71.9,50.7,32.8,16.2,21.2,17.9,16.6,16.2
20260603,サウンドヴィヴァン,73.3,51.7,33.4,16.6,21.6,18.3,16.8,16.6
20260603,マンナット,73.0,52.0,33.4,16.5,21.0,18.6,16.9,16.5
20260603,ダルマパワー,71.9,50.6,32.6,16.0,21.3,18.0,16.6,16.0
20260603,アットアブラスト,73.7,54.5,36.3,17.9,19.2,18.2,18.4,17.9
20260603,ヨドノゴールド,72.7,53.0,35.3,17.9,19.7,17.7,17.4,17.9
20260603,スズカローズキング,69.7,50.1,32.7,16.5,19.6,17.4,16.2,16.5
20260603,ランダムナンバー,72.0,53.3,35.3,17.7,18.7,18.0,17.6,17.7
20260603,モンブランミノル,69.6,50.5,33.2,16.0,19.1,17.3,17.2,16.0
20260603,プレデンシア,75.5,56.2,37.4,19.0,19.3,18.8,18.4,19.0
20260603,キーテーマ,60.2,43.9,29.1,14.7,16.3,14.8,14.4,14.7
20260603,テーオーシーザー,58.9,42.8,27.8,14.0,16.1,15.0,13.8,14.0
20260603,サマーナジュム,62.0,44.7,29.0,14.2,17.3,15.7,14.8,14.2
20260603,ウインラブソング,59.0,43.3,28.0,13.5,15.7,15.3,14.5,13.5
20260603,テーオーエリーナ,58.7,42.7,27.7,14.3,16.0,15.0,13.4,14.3
20260603,ジュンクロノシップ,79.0,56.8,36.4,17.7,22.2,20.4,18.7,17.7
20260603,リトセア,58.9,41.9,26.9,13.7,17.0,15.0,13.2,13.7
20260603,ジュンヴァグネル,80.0,58.5,38.3,19.0,21.5,20.2,19.3,19.0
20260603,スイトーヨ,73.1,52.9,34.1,16.3,20.2,18.8,17.8,16.3
20260603,テーオーレガシー,69.7,51.2,33.9,17.1,18.5,17.3,16.8,17.1
20260603,バロンドール,68.0,50.3,33.4,16.6,17.7,16.9,16.8,16.6
20260603,ハナウマビーチ,66.6,48.6,31.6,15.5,18.0,17.0,16.1,15.5
20260603,ルクスフレンジー,65.6,49.2,32.9,16.3,16.4,16.3,16.6,16.3
20260603,シックパラソル,67.7,50.4,33.4,17.1,17.3,17.0,16.3,17.1
20260603,インカルナータ,68.8,49.7,32.8,16.6,19.1,16.9,16.2,16.6
20260603,センリョウヤクシャ,74.4,56.9,38.9,19.6,17.5,18.0,19.3,19.6
20260603,レイセツ,70.3,52.5,35.4,17.8,17.8,17.1,17.6,17.8
20260603,マイティマイティー,57.1,41.7,27.3,13.5,15.4,14.4,13.8,13.5
20260603,ファミリーツリー,56.9,41.5,27.2,13.3,15.4,14.3,13.9,13.3
20260603,スレッドザニードル,58.0,41.5,27.0,13.5,16.5,14.5,13.5,13.5
20260603,ミッドタウンナイト,56.7,40.9,26.6,13.5,15.8,14.3,13.1,13.5
20260603,ダリアフレイバー,57.3,41.1,26.7,13.5,16.2,14.4,13.2,13.5
20260603,ラヴィングチャンプ,56.6,40.7,26.5,13.5,15.9,14.2,13.0,13.5
20260603,リトゥリア,56.7,40.9,26.7,13.7,15.8,14.2,13.0,13.7
20260603,グッデイ,58.5,42.1,27.0,13.5,16.4,15.1,13.5,13.5
20260603,メイケイバートン,57.1,42.2,27.9,14.1,14.9,14.3,13.8,14.1
20260603,メイプルギャング,60.9,44.4,28.9,14.5,16.5,15.5,14.4,14.5
20260603,ザラタン,56.3,40.1,26.1,13.4,16.2,14.0,12.7,13.4
20260603,ヒメヒオウギ,56.7,41.8,28.0,14.5,14.9,13.8,13.5,14.5
20260603,ミルトメテオ,58.9,42.9,28.2,14.4,16.0,14.7,13.8,14.4
20260603,トゥレネヴェリテ,73.4,52.7,34.2,17.3,20.7,18.5,16.9,17.3
20260603,カクシンゴールド,61.8,44.2,28.2,13.6,17.6,16.0,14.6,13.6
20260603,コルサロ,72.8,53.3,34.6,17.1,19.5,18.7,17.5,17.1
20260603,ペイシャモノノフ,71.5,53.0,35.5,17.5,18.5,17.5,18.0,17.5
20260603,ピースフルナイト,71.1,51.7,33.7,16.1,19.4,18.0,17.6,16.1
20260603,サンマルノヴェル,71.5,52.3,34.8,17.0,19.2,17.5,17.8,17.0
20260603,コズミックダンサー,68.0,49.8,33.1,16.2,18.2,16.7,16.9,16.2
20260603,キタノガイヤール,71.4,52.4,34.9,16.9,19.0,17.5,18.0,16.9
20260603,タマモフリージア,73.3,53.1,34.3,16.7,20.2,18.8,17.6,16.7
20260603,ウルトラハート,57.0,41.1,26.9,13.4,15.9,14.2,13.5,13.4
20260603,キタノコウセイ,56.8,41.1,26.9,13.6,15.7,14.2,13.3,13.6
20260603,セイウンダイフク,61.8,43.9,28.3,14.3,17.9,15.6,14.0,14.3
20260603,オウケンブラッド,56.7,41.1,26.9,13.7,15.6,14.2,13.2,13.7
20260603,プリメラエストレラ,69.0,49.5,32.4,16.0,19.5,17.1,16.4,16.0
20260603,ウメヒナタ,70.0,50.1,32.4,16.3,19.9,17.7,16.1,16.3
20260603,メイケイリチャード,74.3,54.1,35.7,17.6,20.2,18.4,18.1,17.6
20260603,ルガルデ,73.5,53.8,35.1,17.3,19.7,18.7,17.8,17.3
20260603,カネコメブライト,68.5,50.4,33.5,16.5,18.1,16.9,17.0,16.5
20260603,コイタマチャン,61.2,43.9,28.5,14.4,17.3,15.4,14.1,14.4
20260603,アンズアメ,67.5,49.0,31.6,15.8,18.5,17.4,15.8,15.8
20260603,サンマルパトロール,73.9,54.9,36.2,18.2,19.0,18.7,18.0,18.2
20260603,スターペスショウマ,69.4,49.3,32.6,16.0,20.1,16.7,16.6,16.0
20260603,ペプチドヤマト,59.6,42.5,26.6,13.1,17.1,15.9,13.5,13.1
20260603,モンシェリ,65.9,48.0,32.0,16.0,17.9,16.0,16.0,16.0
20260603,アロンディ,57.2,41.1,26.8,13.7,16.1,14.3,13.1,13.7
20260603,ビスケットアソート,59.9,42.7,26.8,13.1,17.2,15.9,13.7,13.1
20260603,キングスペード,57.6,41.6,27.4,13.9,16.0,14.2,13.5,13.9
20260603,メイショウシナノ,69.9,52.1,34.6,17.5,17.8,17.5,17.1,17.5
20260603,ブレスドナイル,72.5,52.4,33.8,16.3,20.1,18.6,17.5,16.3
20260603,コンテナヒーロー,73.0,54.0,35.7,17.8,19.0,18.3,17.9,17.8
20260603,タガノアルトゥーラ,72.6,52.7,34.2,17.2,19.9,18.5,17.0,17.2
20260603,プランシングホース,73.9,53.6,34.8,17.3,20.3,18.8,17.5,17.3
20260603,ヤマニンアルセド,72.6,53.1,34.4,16.9,19.5,18.7,17.5,16.9
20260603,カネコメファミリー,74.3,55.9,37.6,19.1,18.4,18.3,18.5,19.1
20260603,ビップデイジー,72.5,52.7,34.7,17.1,19.8,18.0,17.6,17.1
20260603,ララディアーブル,71.3,52.9,35.7,18.3,18.4,17.2,17.4,18.3
20260603,シャマル,71.3,52.5,34.5,17.3,18.8,18.0,17.2,17.3
20260603,シュヴァルツリーベ,68.1,51.2,33.9,16.6,16.9,17.3,17.3,16.6
20260603,スマートスピア,64.9,47.7,32.1,16.4,17.2,15.6,15.7,16.4
20260603,ルクスメンデス,67.4,49.3,32.7,16.3,18.1,16.6,16.4,16.3
20260603,ビズロード,66.6,48.4,32.4,16.5,18.2,16.0,15.9,16.5
20260603,ダーリンダーリン,70.2,51.8,34.0,16.8,18.4,17.8,17.2,16.8
20260603,セルジュバローズ,67.2,49.1,32.2,16.1,18.1,16.9,16.1,16.1
20260603,シャイニングスター,65.4,47.8,31.0,15.2,17.6,16.8,15.8,15.2
20260603,ビップヴォルフ,66.6,48.5,31.2,15.0,18.1,17.3,16.2,15.0
20260603,オスカーレイア,72.1,52.7,34.9,17.3,19.4,17.8,17.6,17.3
20260603,カツダルマ,71.9,52.9,35.1,17.7,19.0,17.8,17.4,17.7
20260603,ゼンノインヴォーク,60.5,43.6,27.7,13.8,16.9,15.9,13.9,13.8
20260603,ヒデノレインボー,58.0,42.2,28.0,14.0,15.8,14.2,14.0,14.0
20260603,ジョウゲンノツキ,72.9,52.5,34.4,16.8,20.4,18.1,17.6,16.8
20260603,リュネヴィル,71.8,52.6,34.8,17.5,19.2,17.8,17.3,17.5
20260603,メイショウルーク,71.7,51.9,33.5,17.0,19.8,18.4,16.5,17.0
20260603,ケイアイブラック,54.8,40.1,26.6,13.7,14.7,13.5,12.9,13.7
20260603,タイドビート,59.5,43.7,28.4,13.8,15.8,15.3,14.6,13.8
20260603,ウォーターブビンガ,70.4,51.9,34.1,16.9,18.5,17.8,17.2,16.9
20260603,コムアンエクレール,75.7,57.6,39.3,20.2,18.1,18.3,19.1,20.2
20260603,イザベル,60.6,44.6,28.7,13.9,16.0,15.9,14.8,13.9
20260603,ラブシンフォニー,72.8,54.4,36.8,18.2,18.4,17.6,18.6,18.2
20260603,サンライズアムール,72.0,52.2,34.9,17.9,19.8,17.3,17.0,17.9
20260603,ヒューザー,74.3,54.8,35.4,17.9,19.5,19.4,17.5,17.9
20260603,クロジシジョー,71.4,52.5,35.0,17.5,18.9,17.5,17.5,17.5
20260603,メイショウユズルハ,65.4,48.0,32.0,16.4,17.4,16.0,15.6,16.4
20260603,マーベリックシチー,68.3,50.1,33.1,16.6,18.2,17.0,16.5,16.6
20260603,メイショウミリオレ,73.8,54.9,36.8,18.5,18.9,18.1,18.3,18.5
20260603,ギマール,69.0,51.1,34.4,17.9,17.9,16.7,16.5,17.9
20260603,ミリタリータトゥー,76.6,57.4,38.6,20.0,19.2,18.8,18.6,20.0
20260603,ダンツシタン,68.5,49.7,32.3,16.0,18.8,17.4,16.3,16.0
20260603,メイショウタカネ,71.8,54.1,36.0,18.3,17.7,18.1,17.7,18.3
20260603,キングズテイル,66.6,48.8,32.1,16.3,17.8,16.7,15.8,16.3
20260603,ベルセクレト,76.1,57.0,38.6,19.6,19.1,18.4,19.0,19.6
20260603,メイショウズイウン,77.3,58.3,38.2,18.6,19.0,20.1,19.6,18.6
20260603,ミュージシャン,56.6,40.9,26.6,13.0,15.7,14.3,13.6,13.0
20260603,スマートフォルス,55.9,40.3,26.1,13.1,15.6,14.2,13.0,13.1
20260603,モズイージス,55.0,40.3,26.9,13.7,14.7,13.4,13.2,13.7
20260603,グランテレーズ,56.8,41.5,26.9,13.1,15.3,14.6,13.8,13.1
20260603,ハリウッドパーク,56.9,40.8,25.9,13.1,16.1,14.9,12.8,13.1
20260603,ガーデンカメリア,59.4,43.7,28.9,14.4,15.7,14.8,14.5,14.4
20260603,メイショウサトノヒ,57.5,41.7,26.8,13.5,15.8,14.9,13.3,13.5
20260603,ハヤブサオヒメサマ,55.6,39.5,25.8,13.0,16.1,13.7,12.8,13.0
20260603,マルカアルバ,57.7,42.5,28.2,14.4,15.2,14.3,13.8,14.4
20260603,エスティヴァリス,54.9,39.8,25.7,12.9,15.1,14.1,12.8,12.9
20260603,エンジェルボイス,57.4,42.0,27.2,13.5,15.4,14.8,13.7,13.5
20260603,ケンブリッジグレイ,58.0,42.1,26.8,13.1,15.9,15.3,13.7,13.1
20260603,エイシンティザー,57.6,41.7,27.2,13.3,15.9,14.5,13.9,13.3
20260603,ナムラロダン,57.7,40.4,26.0,13.1,17.3,14.4,12.9,13.1
20260603,ハッピーローヴァー,57.0,41.8,26.8,13.0,15.2,15.0,13.8,13.0
20260603,サイン,55.6,40.1,25.7,13.0,15.5,14.4,12.7,13.0
20260603,ルージュビバーチェ,57.3,41.4,26.8,13.4,15.9,14.6,13.4,13.4
20260603,ノリヤンモーニン,55.4,39.9,25.7,13.0,15.5,14.2,12.7,13.0
20260603,ダノンキューブ,57.8,41.9,27.5,13.8,15.9,14.4,13.7,13.8
20260603,クラウスーラ,56.2,41.2,27.2,13.7,15.0,14.0,13.5,13.7
20260603,モカラマーズ,68.5,49.7,32.6,16.0,18.8,17.1,16.6,16.0
20260603,ミュージアムマイル,66.7,47.9,31.1,15.5,18.8,16.8,15.6,15.5
20260603,デュアルロール,56.3,41.1,26.7,13.2,15.2,14.4,13.5,13.2
20260603,メイショウナナユキ,60.1,43.3,28.4,14.1,16.8,14.9,14.3,14.1
20260603,ケンシロウワールド,56.3,41.1,27.1,13.9,15.2,14.0,13.2,13.9
20260603,アイファーラピッド,61.7,45.2,29.5,14.4,16.5,15.7,15.1,14.4
20260603,サンライズアムール,54.7,39.3,25.6,12.6,15.4,13.7,13.0,12.6
20260603,ゴールデンカイト,66.0,49.5,32.6,16.2,16.5,16.9,16.4,16.2
20260603,オセアスターライト,57.0,42.0,27.9,13.9,15.0,14.1,14.0,13.9
20260603,ロングホリデー,70.0,51.8,34.7,17.1,18.2,17.1,17.6,17.1
20260603,リバーソニック,57.8,43.0,28.3,13.8,14.8,14.7,14.5,13.8
20260603,ヒューザー,56.1,40.7,26.1,13.0,15.4,14.6,13.1,13.0
20260603,ダイシンヨーク,77.1,56.4,37.1,18.6,20.7,19.3,18.5,18.6
20260603,マーゴットオネイロ,73.3,49.1,29.2,13.2,24.2,19.9,16.0,13.2
20260603,ルマンサルト,71.7,51.3,32.7,15.5,20.4,18.6,17.2,15.5
20260603,ウインガウェイン,71.9,51.4,32.8,15.6,20.5,18.6,17.2,15.6
20260603,ダイナマイク,67.3,49.5,33.1,16.2,17.8,16.4,16.9,16.2
20260603,スターリーデー,71.2,50.9,31.2,14.6,20.3,19.7,16.6,14.6
20260603,タマモエース,65.4,48.1,31.9,16.0,17.3,16.2,15.9,16.0
20260603,ディーエストッキー,71.0,52.4,34.3,17.1,18.6,18.1,17.2,17.1
20260603,ライツユーアップ,54.6,39.5,26.0,13.2,15.1,13.5,12.8,13.2
20260603,オースミライト,59.4,42.6,27.3,13.2,16.8,15.3,14.1,13.2
20260603,レーヴドリュヌ,56.6,40.7,27.0,13.9,15.9,13.7,13.1,13.9
20260603,スクランプシャス,71.7,52.2,34.0,16.9,19.5,18.2,17.1,16.9
20260603,メリオルヴィア,57.3,41.7,27.0,13.0,15.6,14.7,14.0,13.0
20260603,ゴールデンドラゴン,57.2,41.3,26.8,13.3,15.9,14.5,13.5,13.3
20260603,フローマジック,58.7,42.0,27.0,13.5,16.7,15.0,13.5,13.5
20260603,ファイナルコマンド,73.2,52.6,34.9,16.6,20.6,17.7,18.3,16.6
20260603,テムルーラー,66.3,49.1,32.3,16.5,17.2,16.8,15.8,16.5
20260603,ロコラッテ,72.4,52.1,34.1,16.2,20.3,18.0,17.9,16.2
20260603,ココフルール,72.6,53.3,34.3,16.7,19.3,19.0,17.6,16.7
20260603,ティフォシ,67.1,50.8,34.4,17.5,16.3,16.4,16.9,17.5
20260603,ジュンウィンダム,60.3,43.3,27.9,13.8,17.0,15.4,14.1,13.8
20260603,キーパフォーマー,64.8,47.0,30.7,15.4,17.8,16.3,15.3,15.4
20260603,セディバン,56.8,41.3,27.1,13.8,15.5,14.2,13.3,13.8
20260603,レディネス,72.5,53.1,34.2,16.9,19.4,18.9,17.3,16.9
20260603,ガビーズデトワール,72.6,53.5,34.5,17.2,19.1,19.0,17.3,17.2
20260603,アーリーハーベスト,66.5,48.6,31.8,15.9,17.9,16.8,15.9,15.9
20260603,ペイシャマイデイズ,57.7,43.3,28.7,14.3,14.4,14.6,14.4,14.3
20260603,ワカワカ,70.8,50.7,33.4,16.8,20.1,17.3,16.6,16.8
20260603,フェイトブレイカー,61.1,44.3,28.3,13.6,16.8,16.0,14.7,13.6
20260603,ウインドトリック,54.3,41.7,28.9,15.6,12.6,12.8,13.3,15.6
20260603,リノルアナ,70.6,50.8,32.4,15.6,19.8,18.4,16.8,15.6
20260603,マルベック,60.8,44.1,28.1,13.5,16.7,16.0,14.6,13.5
20260603,ライツェントライゼ,57.1,40.6,26.3,13.2,16.5,14.3,13.1,13.2
20260603,テーオーカメリア,59.7,42.8,28.0,13.9,16.9,14.8,14.1,13.9
20260603,メイショウヒュウガ,59.9,43.5,27.7,13.2,16.4,15.8,14.5,13.2
20260603,ウインルーティン,69.6,51.2,33.6,16.7,18.4,17.6,16.9,16.7
20260603,タマモキャリコ,54.0,40.4,27.2,13.9,13.6,13.2,13.3,13.9
20260603,ナムラクララ,70.1,51.9,33.8,16.9,18.2,18.1,16.9,16.9
20260603,エティエンヌ,58.8,43.0,28.0,14.2,15.8,15.0,13.8,14.2
20260603,ダイシンヨーク,68.3,51.1,34.1,17.2,17.2,17.0,16.9,17.2
20260603,ブライアーヒル,69.7,52.0,35.2,18.1,17.7,16.8,17.1,18.1
20260603,レヴォントゥレット,68.0,49.6,32.7,16.6,18.4,16.9,16.1,16.6
20260603,マーゴットガイア,67.0,49.1,32.0,15.6,17.9,17.1,16.4,15.6
20260603,ウェイヴムーン,66.3,48.5,32.2,16.3,17.8,16.3,15.9,16.3
20260603,サマーブリザード,74.7,54.2,34.9,17.7,20.5,19.3,17.2,17.7
20260603,アメリカンサクラ,67.8,51.0,35.4,17.8,16.8,15.6,17.6,17.8
20260603,サイモンレガシー,68.9,50.4,33.3,16.3,18.5,17.1,17.0,16.3
20260603,イッソス,69.2,50.4,33.1,16.7,18.8,17.3,16.4,16.7
20260603,ラヴネヴァーダイズ,62.7,43.6,28.3,13.9,19.1,15.3,14.4,13.9
20260603,シャマレル,70.1,51.6,34.2,17.0,18.5,17.4,17.2,17.0
20260603,ペルセポネ,68.2,48.4,31.5,15.8,19.8,16.9,15.7,15.8
20260603,ホウオウレイヴン,65.1,47.5,31.3,15.9,17.6,16.2,15.4,15.9
20260603,コンクイスタ,60.2,44.4,29.5,14.9,15.8,14.9,14.6,14.9
20260603,ホワイトフレイムス,60.0,43.2,28.2,14.1,16.8,15.0,14.1,14.1
20260603,プレゼンティーア,65.2,47.2,30.9,15.9,18.0,16.3,15.0,15.9
20260603,ショウナンアデイブ,74.9,54.2,35.0,17.4,20.7,19.2,17.6,17.4
20260603,ハミルトン,76.9,56.0,35.9,17.8,20.9,20.1,18.1,17.8
20260603,イリフィ,77.7,55.6,35.8,17.6,22.1,19.8,18.2,17.6
20260603,タイキルッジェーロ,75.0,54.2,35.2,17.3,20.8,19.0,17.9,17.3
20260603,アンリミテッド,75.6,54.9,35.6,17.4,20.7,19.3,18.2,17.4
20260603,ミルボナー,78.3,55.9,36.4,18.0,22.4,19.5,18.4,18.0
20260603,エイル,77.9,56.4,36.7,18.0,21.5,19.7,18.7,18.0
20260603,ミティリーニ,73.4,53.4,35.3,17.6,20.0,18.1,17.7,17.6
20260603,ファヴォーニアン,75.1,54.7,35.9,17.9,20.4,18.8,18.0,17.9
20260603,ヴィヴェローネ,73.9,53.7,35.5,17.7,20.2,18.2,17.8,17.7
20260603,ファミリータイム,68.9,50.7,33.3,16.4,18.2,17.4,16.9,16.4
20260603,ローレルオーブ,64.5,47.1,30.7,15.2,17.4,16.4,15.5,15.2
20260603,ロックターミガン,65.4,47.8,30.7,14.5,17.6,17.1,16.2,14.5
20260603,デプレ,68.6,50.7,32.7,15.8,17.9,18.0,16.9,15.8
20260603,レイデアルマス,66.4,49.6,31.8,15.5,16.8,17.8,16.3,15.5
20260603,ローレルアイビー,70.1,51.9,34.4,17.1,18.2,17.5,17.3,17.1
20260603,リネアグローリア,69.6,51.1,33.9,17.2,18.5,17.2,16.7,17.2
20260603,ミロワール,64.8,47.2,31.0,15.5,17.6,16.2,15.5,15.5
20260603,フィアスゲイル,68.0,49.4,32.3,15.8,18.6,17.1,16.5,15.8
20260603,レジェルテ,68.4,50.2,33.1,16.4,18.2,17.1,16.7,16.4
20260603,ジュエルシップ,67.1,48.8,31.7,15.4,18.3,17.1,16.3,15.4
20260603,プッシュザリミット,67.6,49.3,32.4,15.9,18.3,16.9,16.5,15.9
20260603,クボウサマ,72.8,54.5,36.4,17.6,18.3,18.1,18.8,17.6
20260603,アロンソア,67.8,48.9,31.7,15.1,18.9,17.2,16.6,15.1
20260603,フォルトナレガーロ,74.8,55.0,36.3,18.2,19.8,18.7,18.1,18.2
20260603,ハクサンテドリガワ,56.4,41.4,27.6,14.2,15.0,13.8,13.4,14.2
20260603,ビーチボール,70.6,52.1,35.0,18.0,18.5,17.1,17.0,18.0
20260603,エイシンリーガル,66.7,48.9,31.7,15.7,17.8,17.2,16.0,15.7
20260603,サトノビダーヤ,70.1,52.0,34.7,17.5,18.1,17.3,17.2,17.5
20260603,ショウナンアデイブ,57.0,41.2,26.5,13.0,15.8,14.7,13.5,13.0
20260603,マニバドラ,77.1,57.8,39.1,20.1,19.3,18.7,19.0,20.1
20260603,タイキルッジェーロ,56.7,40.8,26.4,13.0,15.9,14.4,13.4,13.0
20260603,アンリミテッド,59.4,42.8,27.4,13.3,16.6,15.4,14.1,13.3
20260603,ジャスパールビー,63.2,46.9,31.1,15.4,16.3,15.8,15.7,15.4
20260603,タマモナポリ,70.6,51.0,33.3,16.7,19.6,17.7,16.6,16.7
20260603,ハミルトン,58.1,42.4,27.3,12.7,15.7,15.1,14.6,12.7
20260603,イリフィ,57.1,41.1,26.3,12.6,16.0,14.8,13.7,12.6
20260603,ミルボナー,58.5,42.8,27.7,13.2,15.7,15.1,14.5,13.2
20260603,エイル,58.6,43.0,28.2,13.5,15.6,14.8,14.7,13.5
20260603,ミティリーニ,57.0,41.9,27.6,13.3,15.1,14.3,14.3,13.3
20260603,ファヴォーニアン,57.2,42.0,27.6,13.2,15.2,14.4,14.4,13.2
20260603,ヴィヴェローネ,57.4,41.5,27.1,13.2,15.9,14.4,13.9,13.2
20260603,サンライズロイ,71.1,52.2,34.3,17.2,18.9,17.9,17.1,17.2
20260603,キーチラナキラ,71.6,54.5,36.7,18.6,17.1,17.8,18.1,18.6
20260603,ポルトブルー,74.8,55.1,37.0,18.6,19.7,18.1,18.4,18.6
20260603,エコロヴァルド,68.9,51.5,33.4,16.3,17.4,18.1,17.1,16.3
20260603,ヤマカツレオン,69.0,50.3,33.5,16.7,18.7,16.8,16.8,16.7
20260603,ケイテンアイジン,67.8,50.3,33.3,16.0,17.5,17.0,17.3,16.0
20260603,ソルアモール,58.2,42.6,28.0,14.1,15.6,14.6,13.9,14.1
20260603,トッピワールド,69.0,50.2,32.0,16.5,18.8,18.2,15.5,16.5
20260603,リリーサンダー,56.7,42.2,28.1,14.4,14.5,14.1,13.7,14.4
20260603,セルリアンゲーゲン,69.3,52.2,34.6,17.2,17.1,17.6,17.4,17.2
20260603,フクキタテーラー,58.6,43.2,29.0,15.1,15.4,14.2,13.9,15.1
20260603,ブルーレース,68.7,49.1,31.8,15.7,19.6,17.3,16.1,15.7
20260603,ブラッドムーン,68.3,49.1,31.7,15.3,19.2,17.4,16.4,15.3
20260603,ハイビッグゴールド,63.4,45.6,29.7,15.1,17.8,15.9,14.6,15.1
20260603,ユーコンノオトコ,75.4,54.4,35.6,17.8,21.0,18.8,17.8,17.8
20260603,ベラジオヴァレル,65.3,46.9,30.5,15.9,18.4,16.4,14.6,15.9
20260603,ゴールドアーク,72.4,54.5,36.4,18.3,17.9,18.1,18.1,18.3
20260603,トシミチ,71.6,53.2,35.6,17.6,18.4,17.6,18.0,17.6
20260603,ライトオブヌカタ,65.6,47.6,31.3,15.5,18.0,16.3,15.8,15.5
20260603,チェファルー,65.6,47.8,31.0,15.3,17.8,16.8,15.7,15.3
20260603,リフルフォース,65.1,47.9,31.2,15.0,17.2,16.7,16.2,15.0
20260603,セルヴァジオ,67.0,49.5,32.5,16.3,17.5,17.0,16.2,16.3
20260603,ミスティックレナン,68.7,50.0,33.1,16.6,18.7,16.9,16.5,16.6
20260603,テイエムゴッホ,72.5,53.0,34.6,16.9,19.5,18.4,17.7,16.9
20260603,フェアリーライズ,74.6,54.3,36.0,18.5,20.3,18.3,17.5,18.5
20260603,ショウグンマサムネ,64.8,46.9,30.4,14.9,17.9,16.5,15.5,14.9
20260603,ナオミガサイキョウ,67.3,49.3,32.5,16.4,18.0,16.8,16.1,16.4
20260603,メイショウマントル,72.2,53.7,35.5,17.6,18.5,18.2,17.9,17.6
20260603,アークドール,75.3,55.8,37.0,18.2,19.5,18.8,18.8,18.2
20260603,セシリエプラージュ,67.2,48.7,31.5,15.3,18.5,17.2,16.2,15.3
20260603,テーオードレフォン,63.9,46.0,30.1,14.8,17.9,15.9,15.3,14.8
20260603,トウカイポワール,69.6,51.4,33.4,16.4,18.2,18.0,17.0,16.4
20260603,ウインヘリオドール,69.1,49.6,32.3,16.1,19.5,17.3,16.2,16.1
20260603,サンタカリス,61.6,44.9,29.5,14.9,16.7,15.4,14.6,14.9
20260603,ニミッツハイウェイ,66.8,47.9,30.4,14.6,18.9,17.5,15.8,14.6
20260603,ウインビスタ,64.1,47.3,31.2,15.7,16.8,16.1,15.5,15.7
20260603,リヒトミューレ,69.0,49.8,32.7,16.4,19.2,17.1,16.3,16.4
20260603,ヤマヤロード,66.8,48.6,31.6,15.9,18.2,17.0,15.7,15.9
20260603,ショールミーズ,67.7,50.6,34.2,17.2,17.1,16.4,17.0,17.2
20260603,ユウトザイノセント,66.5,47.5,31.0,15.5,19.0,16.5,15.5,15.5
20260603,アシャカブラーヴ,70.8,52.9,35.4,18.5,17.9,17.5,16.9,18.5
20260603,ヒルノアラゴン,67.9,49.0,31.9,15.9,18.9,17.1,16.0,15.9
20260603,トリオノチカラ,67.6,49.7,31.9,15.3,17.9,17.8,16.6,15.3
20260603,ラストモーメント,67.7,49.6,31.9,15.2,18.1,17.7,16.7,15.2
20260603,カシノクロサイト,67.8,49.0,31.9,15.9,18.8,17.1,16.0,15.9
20260603,グディンナ,74.2,54.3,34.9,17.2,19.9,19.4,17.7,17.2
20260603,オオナミコナミ,73.6,53.5,34.1,16.2,20.1,19.4,17.9,16.2
20260603,セミマル,56.7,41.2,26.4,13.3,15.5,14.8,13.1,13.3
20260603,スズカダブル,59.6,42.2,28.0,14.3,17.4,14.2,13.7,14.3
20260603,セルズパワー,58.0,41.5,26.7,13.1,16.5,14.8,13.6,13.1
20260603,マヤノイマジン,57.3,41.2,26.9,13.5,16.1,14.3,13.4,13.5
20260603,オアシスアラン,55.6,40.7,26.9,13.6,14.9,13.8,13.3,13.6
20260603,ガウラディスコ,57.5,42.4,27.4,13.6,15.1,15.0,13.8,13.6
20260603,ベルアズーロ,55.8,40.9,26.8,13.4,14.9,14.1,13.4,13.4
20260603,タナブイハチターボ,56.9,41.2,27.0,13.4,15.7,14.2,13.6,13.4
20260603,カフラー,57.7,41.6,27.3,14.1,16.1,14.3,13.2,14.1
20260603,ママコチャ,56.3,40.8,26.5,13.5,15.5,14.3,13.0,13.5
20260603,スピードリッチ,64.4,47.7,31.5,15.7,16.7,16.2,15.8,15.7
20260603,ユーヴェリア,55.2,40.1,26.4,13.3,15.1,13.7,13.1,13.3
20260603,クラスペディア,51.9,38.3,26.2,13.9,13.6,12.1,12.3,13.9
20260603,ラッキーバック,63.6,44.6,28.9,14.3,19.0,15.7,14.6,14.3
20260603,シャドウルーラー,65.4,47.7,32.2,17.3,17.7,15.5,14.9,17.3
20260603,ダイヤモンドエルザ,56.3,41.1,26.8,13.5,15.2,14.3,13.3,13.5
20260603,アルビオン,56.2,40.9,26.6,13.1,15.3,14.3,13.5,13.1
20260603,ガロピーネ,56.4,41.1,26.8,13.5,15.3,14.3,13.3,13.5
20260603,テーオーグレーザー,68.6,50.8,34.3,17.8,17.8,16.5,16.5,17.8
20260603,ドットカモン,56.6,41.3,26.5,12.9,15.3,14.8,13.6,12.9
20260603,サンセットゴールド,55.3,41.0,27.0,13.2,14.3,14.0,13.8,13.2
20260603,グーフィー,57.5,41.2,26.8,13.4,16.3,14.4,13.4,13.4
20260603,スプレンドーレ,66.8,48.3,31.4,15.5,18.5,16.9,15.9,15.5
20260603,エングルマン,67.8,48.7,31.9,15.6,19.1,16.8,16.3,15.6
20260603,エルダークローネ,68.8,50.2,33.0,16.8,18.6,17.2,16.2,16.8
20260603,ヴィラーニ,64.9,48.4,32.2,16.0,16.5,16.2,16.2,16.0
20260603,ヴェールダムール,66.8,49.6,33.2,16.7,17.2,16.4,16.5,16.7
20260603,ムーンベリル,65.1,47.1,31.0,15.3,18.0,16.1,15.7,15.3
20260603,ロードオルデン,55.5,40.1,26.2,13.3,15.4,13.9,12.9,13.3
20260603,ジーニアスバローズ,56.5,40.8,26.6,13.3,15.7,14.2,13.3,13.3
20260603,カネトシゴウト,69.9,50.9,33.6,16.5,19.0,17.3,17.1,16.5
20260603,ポッドドンナー,56.7,41.2,26.8,13.3,15.5,14.4,13.5,13.3
20260603,オーシンエス,57.2,41.4,27.3,13.4,15.8,14.1,13.9,13.4
20260603,ユウェンタース,66.4,49.7,32.9,16.7,16.7,16.8,16.2,16.7
20260603,ワンモアスマイル,68.0,49.8,33.1,16.7,18.2,16.7,16.4,16.7
20260603,ジョイフルサンデー,67.0,49.5,33.1,16.6,17.5,16.4,16.5,16.6
20260603,ハッピーラブソング,57.0,41.9,27.8,13.7,15.1,14.1,14.1,13.7
20260603,ホウオウスカイハイ,69.0,51.0,33.8,17.0,18.0,17.2,16.8,17.0
20260603,ロードインヴォーグ,56.7,41.9,27.7,14.1,14.8,14.2,13.6,14.1
20260603,ファインライン,56.1,40.8,26.6,13.3,15.3,14.2,13.3,13.3
20260603,メイショウヘール,70.7,51.3,33.1,16.1,19.4,18.2,17.0,16.1
20260603,ピエタンツァ,58.7,42.4,27.7,13.7,16.3,14.7,14.0,13.7
20260603,シャンパンライフ,69.0,50.1,32.9,16.5,18.9,17.2,16.4,16.5
20260603,マイネルチケット,69.4,51.3,33.6,16.6,18.1,17.7,17.0,16.6
20260603,ブラストオフ,55.5,40.3,25.9,12.7,15.2,14.4,13.2,12.7
20260603,クールブレーブ,61.4,44.7,29.0,14.2,16.7,15.7,14.8,14.2
20260603,トゥインクルピカ,74.4,53.6,34.9,16.6,20.8,18.7,18.3,16.6
20260603,ナムラヒナギク,75.2,54.2,35.4,17.3,21.0,18.8,18.1,17.3
20260603,チェルヴァーラ,67.2,49.4,32.2,16.2,17.8,17.2,16.0,16.2
20260603,テリオスベラ,64.9,47.4,30.7,15.4,17.5,16.7,15.3,15.4
20260603,コルベータ,66.6,49.2,32.5,15.6,17.4,16.7,16.9,15.6
20260603,マルモリスペシャル,65.3,47.4,31.0,15.5,17.9,16.4,15.5,15.5
20260603,イスラアネーロ,65.7,47.9,31.7,15.8,17.8,16.2,15.9,15.8
20260603,ショウナンザナドゥ,69.6,51.5,34.2,16.8,18.1,17.3,17.4,16.8
20260603,ジャスティンゴッホ,67.0,49.0,32.9,16.6,18.0,16.1,16.3,16.6
20260603,プペアンビスキュイ,68.7,49.6,32.9,16.5,19.1,16.7,16.4,16.5
20260603,サマーキューピッド,67.3,48.8,31.8,15.6,18.5,17.0,16.2,15.6
20260603,ダノンアズール,69.2,50.5,33.5,16.9,18.7,17.0,16.6,16.9
20260603,ウィンザーローズ,67.4,48.8,31.9,15.7,18.6,16.9,16.2,15.7
20260603,エスヴェドラ,67.3,48.9,31.9,15.7,18.4,17.0,16.2,15.7
20260603,クリノフィガロ,56.4,41.2,27.1,13.8,15.2,14.1,13.3,13.8
20260603,メイショウホウレン,56.6,41.2,27.1,13.3,15.4,14.1,13.8,13.3
20260603,タガノデュード,68.0,48.5,31.6,15.5,19.5,16.9,16.1,15.5
20260603,サンドロナイト,81.5,58.4,37.8,18.8,23.1,20.6,19.0,18.8
20260603,フランキーバローズ,64.4,46.7,30.6,15.3,17.7,16.1,15.3,15.3
20260603,タガノマルアフ,67.9,49.5,32.3,16.4,18.4,17.2,15.9,16.4
20260603,マイトグラッド,58.0,42.4,27.7,13.8,15.6,14.7,13.9,13.8
20260603,ビナハイバン,67.4,48.8,32.0,15.5,18.6,16.8,16.5,15.5
20260603,テイエムプレミラン,59.5,43.5,28.6,13.8,16.0,14.9,14.8,13.8
20260603,ダノンフィガロ,67.1,48.2,31.4,15.0,18.9,16.8,16.4,15.0
20260603,メイショウラウルス,69.0,50.4,33.6,16.4,18.6,16.8,17.2,16.4
20260603,スズハローム,57.4,40.8,25.7,12.2,16.6,15.1,13.5,12.2
20260603,ヴォルスター,67.1,48.5,32.4,16.3,18.6,16.1,16.1,16.3
20260603,メイショウフウドウ,68.1,49.5,32.1,15.8,18.6,17.4,16.3,15.8
20260603,ダイアナクイーン,56.6,40.3,26.2,13.3,16.3,14.1,12.9,13.3
20260603,ペイドラロワール,68.7,50.9,34.4,17.5,17.8,16.5,16.9,17.5
20260603,リアルアルバ,68.1,50.9,34.1,17.1,17.2,16.8,17.0,17.1
20260603,ダノンオブアイデア,68.8,50.3,33.5,16.2,18.5,16.8,17.3,16.2
20260603,メテオロイド,65.8,48.4,31.6,16.0,17.4,16.8,15.6,16.0
20260603,カデナボニータ,67.9,49.8,32.1,16.3,18.1,17.7,15.8,16.3
20260603,ピゲ,57.1,40.6,26.4,13.3,16.5,14.2,13.1,13.3
20260603,エコロルーク,69.6,50.0,32.8,16.3,19.6,17.2,16.5,16.3
20260603,ロードディグニティ,68.3,49.8,32.7,15.9,18.5,17.1,16.8,15.9
20260603,トムクリオーザ,67.9,49.9,33.1,16.1,18.0,16.8,17.0,16.1
20260603,モアニ,66.0,49.2,33.2,16.4,16.8,16.0,16.8,16.4
20260603,イイデカンタロウ,54.5,39.7,26.0,13.4,14.8,13.7,12.6,13.4
20260603,ケリフレッドアスク,66.0,48.1,31.5,15.7,17.9,16.6,15.8,15.7
20260603,シャルクハフト,68.1,50.2,33.3,16.4,17.9,16.9,16.9,16.4
20260603,エブリデイ,66.6,48.9,32.4,15.7,17.7,16.5,16.7,15.7
20260603,グレーヌドジョワ,55.0,40.5,26.3,13.4,14.5,14.2,12.9,13.4
20260603,デルマモイワ,61.6,45.9,31.2,16.6,15.7,14.7,14.6,16.6
20260603,マティンデ,68.9,50.6,33.4,16.4,18.3,17.2,17.0,16.4
20260603,ポリキポリキ,66.4,48.9,31.9,15.7,17.5,17.0,16.2,15.7
20260603,ソウルオンファイア,69.6,50.3,32.7,16.2,19.3,17.6,16.5,16.2
20260603,ショウナンカノア,74.6,55.6,37.2,18.7,19.0,18.4,18.5,18.7
20260603,ダークエクリプス,54.5,39.0,25.8,13.4,15.5,13.2,12.4,13.4
20260603,エムズマインド,55.7,40.1,26.2,13.2,15.6,13.9,13.0,13.2
20260603,コンテナライン,60.3,44.4,28.8,14.5,15.9,15.6,14.3,14.5
20260603,リテラシー,74.3,54.0,35.0,17.3,20.3,19.0,17.7,17.3
20260603,ワンダフルデイズ,54.6,39.9,26.0,13.3,14.7,13.9,12.7,13.3
20260603,セイウンハーデス,66.2,48.3,31.5,15.7,17.9,16.8,15.8,15.7
20260603,ツーエムクロノス,71.7,52.8,34.6,17.0,18.9,18.2,17.6,17.0
20260603,ルージュプルーヴ,66.7,49.0,32.3,15.9,17.7,16.7,16.4,15.9
20260603,サトノディヴァイン,71.7,52.5,34.2,16.9,19.2,18.3,17.3,16.9
20260603,メイショウトウコウ,72.6,54.7,36.5,18.3,17.9,18.2,18.2,18.3
20260603,ロードフロンティア,75.0,54.9,36.4,18.3,20.1,18.5,18.1,18.3
20260603,アスティスプマンテ,70.7,51.4,34.2,17.1,19.3,17.2,17.1,17.1
20260603,オーロクリューソス,70.3,52.6,35.4,17.8,17.7,17.2,17.6,17.8
20260603,ソングオブザバード,72.3,51.8,33.3,16.1,20.5,18.5,17.2,16.1
20260603,メイショウローゼ,68.6,50.9,33.5,15.8,17.7,17.4,17.7,15.8
20260603,ミッキーテネシー,72.3,52.8,34.5,16.9,19.5,18.3,17.6,16.9
20260603,ウルトラハート,68.4,50.8,34.1,17.5,17.6,16.7,16.6,17.5
20260603,アクシュラ,68.8,49.9,32.9,16.4,18.9,17.0,16.5,16.4
20260603,プライムウィザード,69.8,52.0,35.2,18.0,17.8,16.8,17.2,18.0
20260603,マルモタワー,68.7,51.9,35.3,18.3,16.8,16.6,17.0,18.3
20260603,ジャーナーリア,73.3,51.7,32.9,16.4,21.6,18.8,16.5,16.4
20260603,デルニエジョイ,56.8,41.7,27.2,13.4,15.1,14.5,13.8,13.4
20260603,レイワノキセキ,71.0,51.6,33.8,16.8,19.4,17.8,17.0,16.8
20260603,ブルームザスマイル,57.0,42.0,26.9,13.4,15.0,15.1,13.5,13.4
20260603,エバイダンス,56.1,41.1,25.9,12.6,15.0,15.2,13.3,12.6
20260603,グレイトソン,54.9,39.7,26.2,13.6,15.2,13.5,12.6,13.6
20260603,ムソウテンセイ,54.9,39.5,26.1,13.5,15.4,13.4,12.6,13.5
20260603,パシアンジャン,58.5,43.6,28.6,14.4,14.9,15.0,14.2,14.4
20260603,ダイメイミラクル,72.9,54.3,36.3,18.3,18.6,18.0,18.0,18.3
20260603,プリンセッサ,58.1,41.7,26.7,13.2,16.4,15.0,13.5,13.2
20260603,グランブーケ,65.4,49.0,31.8,15.8,16.4,17.2,16.0,15.8
20260603,トモジャクリエ,68.1,51.1,33.5,16.9,17.0,17.6,16.6,16.9
20260603,ニシノジェダイ,60.1,43.1,27.5,13.0,17.0,15.6,14.5,13.0
20260603,フードマン,54.1,39.3,26.0,13.2,14.8,13.3,12.8,13.2
20260603,トモジャプレジール,71.2,53.1,35.9,17.6,18.1,17.2,18.3,17.6
20260603,ミスティックレイン,61.8,44.5,28.7,14.0,17.3,15.8,14.7,14.0
20260603,タイキエクセロン,56.4,41.0,26.3,13.4,15.4,14.7,12.9,13.4
20260603,ビートル,70.9,51.8,33.6,16.3,19.1,18.2,17.3,16.3
20260603,シュライアハフト,70.6,52.3,33.8,16.8,18.3,18.5,17.0,16.8
20260603,レーヴドヒロイン,66.7,49.7,33.0,16.6,17.0,16.7,16.4,16.6
20260603,ピースオブザライフ,67.3,49.8,32.7,15.9,17.5,17.1,16.8,15.9
20260603,レイピカケ,65.3,47.8,31.8,15.8,17.5,16.0,16.0,15.8
20260603,シルバーレシオ,68.4,50.4,32.9,16.3,18.0,17.5,16.6,16.3
20260603,ビザンチンドリーム,69.6,49.7,32.3,15.9,19.9,17.4,16.4,15.9
20260603,マイエレメント,66.7,49.6,32.9,16.4,17.1,16.7,16.5,16.4
20260603,ワンダーリュクス,66.2,49.1,32.5,16.0,17.1,16.6,16.5,16.0
20260603,ヤマニンサンパ,74.9,54.0,34.1,16.7,20.9,19.9,17.4,16.7
20260603,チムグクル,67.4,50.8,33.6,17.0,16.6,17.2,16.6,17.0
20260603,レイピア,53.9,38.6,26.0,13.8,15.3,12.6,12.2,13.8
20260603,イミュータブル,69.5,51.2,33.5,17.1,18.3,17.7,16.4,17.1
20260603,グラスゴー,72.6,53.9,36.0,18.3,18.7,17.9,17.7,18.3
20260603,クワイエットアイ,67.5,50.8,34.0,17.2,16.7,16.8,16.8,17.2
20260603,アスクコンナモンダ,62.7,46.0,30.5,15.6,16.7,15.5,14.9,15.6
20260603,カンシン,67.8,49.8,33.0,16.7,18.0,16.8,16.3,16.7
20260603,タガノバビロン,72.5,53.4,34.9,17.0,19.1,18.5,17.9,17.0
20260603,ヴァーティゴー,68.7,51.2,33.7,16.7,17.5,17.5,17.0,16.7
20260603,ノリノリソックス,68.9,51.4,33.6,16.9,17.5,17.8,16.7,16.9
20260603,ウイントワイライト,68.2,50.0,33.1,16.5,18.2,16.9,16.6,16.5
20260603,ジュウオウ,60.3,45.0,30.3,15.2,15.3,14.7,15.1,15.2
20260603,ワイドシャッフエン,59.3,43.9,28.8,14.4,15.4,15.1,14.4,14.4
20260603,カステッロトゥーレ,57.2,42.5,28.5,14.4,14.7,14.0,14.1,14.4
20260603,シャドウクライ,66.3,48.7,32.1,15.9,17.6,16.6,16.2,15.9
20260603,ファニーバニー,58.2,43.5,28.8,14.9,14.7,14.7,13.9,14.9
20260603,セレブトーチ,74.4,53.0,33.9,16.8,21.4,19.1,17.1,16.8
20260603,バミューダブーケ,66.5,48.7,31.7,15.2,17.8,17.0,16.5,15.2
20260603,テイエムリステット,71.5,52.8,34.8,17.7,18.7,18.0,17.1,17.7
20260603,デルマトカチ,64.1,48.9,33.4,16.5,15.2,15.5,16.9,16.5
20260603,システマソラー,64.0,46.7,31.1,15.8,17.3,15.6,15.3,15.8
20260603,チョウスター,55.3,39.7,26.0,13.3,15.6,13.7,12.7,13.3
20260603,レヴロード,68.0,49.9,33.8,16.6,18.1,16.1,17.2,16.6
20260603,セブンサークル,66.1,49.1,33.2,16.4,17.0,15.9,16.8,16.4
20260603,ウィンターダフネ,67.2,49.2,32.2,16.0,18.0,17.0,16.2,16.0
20260603,グランドプラージュ,66.3,49.1,33.1,16.9,17.2,16.0,16.2,16.9
20260603,アート,69.7,51.0,33.3,16.8,18.7,17.7,16.5,16.8
20260603,ゴールデンバランス,65.3,48.7,32.3,16.6,16.6,16.4,15.7,16.6
20260603,ピカキウイ,70.1,50.5,33.2,16.1,19.6,17.3,17.1,16.1
20260603,ウイルソン,71.3,51.8,33.6,16.3,19.5,18.2,17.3,16.3
20260603,インドミタビリティ,72.0,52.7,33.8,16.9,19.3,18.9,16.9,16.9
20260603,ビーウィナー,72.7,53.1,34.0,17.0,19.6,19.1,17.0,17.0
20260603,アウェイクネス,77.1,55.2,35.4,17.7,21.9,19.8,17.7,17.7
20260603,イズジョーアザヤカ,79.3,58.7,38.2,18.9,20.6,20.5,19.3,18.9
20260603,メイショウショカツ,72.1,52.9,34.6,17.2,19.2,18.3,17.4,17.2
20260603,メイショウプレマ,66.7,49.1,32.5,16.3,17.6,16.6,16.2,16.3
20260603,ミッションルース,57.1,41.7,26.9,13.2,15.4,14.8,13.7,13.2
20260603,サダムオプシス,62.5,46.4,30.4,14.8,16.1,16.0,15.6,14.8
20260603,エバーグルーヴ,66.3,49.0,32.4,16.4,17.3,16.6,16.0,16.4
20260603,メイショウタダツグ,66.3,49.1,32.5,16.7,17.2,16.6,15.8,16.7
20260603,ケイアイアニラ,60.2,44.7,29.5,14.8,15.5,15.2,14.7,14.8
20260603,ジーティーアメリカ,58.1,43.8,29.0,14.6,14.3,14.8,14.4,14.6
20260603,サンセバ,56.7,42.7,28.5,14.4,14.0,14.2,14.1,14.4
20260603,マイカラー,59.3,44.7,29.3,14.6,14.6,15.4,14.7,14.6
20260603,ナルキッソス,58.0,43.0,28.6,13.6,15.0,14.4,15.0,13.6
20260603,アルギエバ,64.8,48.6,32.8,16.8,16.2,15.8,16.0,16.8
20260603,ケイアイトリノ,63.7,46.5,30.8,15.3,17.2,15.7,15.5,15.3
20260603,ユイパルティ,65.6,49.7,34.1,17.6,15.9,15.6,16.5,17.6
20260603,ロードアウォード,64.8,46.6,30.3,15.1,18.2,16.3,15.2,15.1
20260603,ラファル,65.7,48.1,31.3,15.4,17.6,16.8,15.9,15.4
20260603,ロッサコメータ,64.8,47.3,30.4,15.1,17.5,16.9,15.3,15.1
20260603,カセノコンコルド,70.0,51.9,33.9,17.1,18.1,18.0,16.8,17.1
20260603,エイシンインアウト,69.1,51.7,33.8,16.6,17.4,17.9,17.2,16.6
20260603,エイシンマールス,66.3,48.3,32.1,15.7,18.0,16.2,16.4,15.7
20260603,ラッキーベイ,66.5,49.3,32.9,16.9,17.2,16.4,16.0,16.9
20260603,コルレオニス,71.4,48.9,31.4,15.1,22.5,17.5,16.3,15.1
20260603,メイショウサザナミ,72.5,53.5,35.8,18.0,19.0,17.7,17.8,18.0
20260603,インジケーター,67.7,49.7,33.2,16.7,18.0,16.5,16.5,16.7
20260603,キュクロープス,65.8,47.7,31.2,15.6,18.1,16.5,15.6,15.6
20260603,リザレクティア,67.1,49.0,32.0,16.3,18.1,17.0,15.7,16.3
20260603,リサシテーション,67.0,48.6,32.0,16.0,18.4,16.6,16.0,16.0
20260603,ビーグラッド,67.6,49.6,32.5,16.1,18.0,17.1,16.4,16.1
20260603,フェスティヴドレス,67.1,49.4,32.4,16.6,17.7,17.0,15.8,16.6
20260603,ブルーチップ,72.4,53.0,34.5,17.1,19.4,18.5,17.4,17.1
20260603,テーオーローズ,72.8,52.9,34.5,17.1,19.9,18.4,17.4,17.1
20260603,ビッグヒーロー,65.3,48.7,32.7,16.4,16.6,16.0,16.3,16.4
20260603,チャンネルトンネル,63.7,46.6,31.1,15.6,17.1,15.5,15.5,15.6
20260603,ラクホマレ,68.9,51.6,35.5,18.5,17.3,16.1,17.0,18.5
20260603,ファランギーナ,68.9,51.7,34.3,17.4,17.2,17.4,16.9,17.4
20260603,ロードフォアエース,66.0,48.5,32.1,16.0,17.5,16.4,16.1,16.0
20260603,ベトルス,62.9,47.0,31.5,16.4,15.9,15.5,15.1,16.4
20260602,トロヴァトーレ,61.6,45.8,29.3,14.4,15.8,16.5,14.9,14.4
20260602,オーサムデアラー,73.4,53.9,35.7,17.9,19.5,18.2,17.8,17.9
20260602,メイショウソムリエ,62.5,45.9,30.2,15.0,16.6,15.7,15.2,15.0
20260602,エラン,62.5,46.3,31.0,15.3,16.2,15.3,15.7,15.3
20260602,セントラルヴァレー,53.6,39.3,25.4,12.7,14.3,13.9,12.7,12.7
20260602,スマッシュアウト,53.4,38.9,25.1,12.7,14.5,13.8,12.4,12.7
20260602,キャストロププ,66.8,49.5,32.5,16.2,17.3,17.0,16.3,16.2
20260602,ホウオウゴールド,53.1,38.5,25.2,12.5,14.6,13.3,12.7,12.5
20260602,ミリオンクラウン,68.7,49.8,32.4,15.7,18.9,17.4,16.7,15.7
20260602,アオハルブルース,54.4,39.2,25.7,13.0,15.2,13.5,12.7,13.0
20260602,ホウオウバトラー,0.0,0.0,0.0,0.0,17.8,17.4,0.0,0.0
20260602,アールグレイ,62.7,45.9,30.0,14.8,16.8,15.9,15.2,14.8
20260602,アイムインディ,65.6,48.5,32.2,16.4,17.1,16.3,15.8,16.4
20260602,フミサウンド,61.6,45.2,29.6,15.2,16.4,15.6,14.4,15.2
20260602,サトノヴィレ,62.9,45.7,30.0,14.8,17.2,15.7,15.2,14.8
20260602,ギーロカスタル,63.0,47.1,31.6,16.0,15.9,15.5,15.6,16.0
20260602,イゾラフェリーチェ,62.1,46.4,30.7,15.1,15.7,15.7,15.6,15.1
20260602,インビンシブルパパ,62.7,45.9,29.6,14.6,16.8,16.3,15.0,14.6
20260602,ベネスピラ,62.1,44.9,29.9,14.6,17.2,15.0,15.3,14.6
20260602,チギリ,61.8,45.3,29.5,14.6,16.5,15.8,14.9,14.6
20260602,ピカピカサンダー,62.4,45.4,29.9,14.6,17.0,15.5,15.3,14.6
20260602,ニシノイストワール,62.8,45.7,29.4,14.8,17.1,16.3,14.6,14.8
20260602,ベラジオワールド,63.7,47.7,31.6,15.7,16.0,16.1,15.9,15.7
20260602,シンショク,67.0,49.7,33.4,16.9,17.3,16.3,16.5,16.9
20260602,ワルキューレキング,63.0,46.4,30.8,14.8,16.6,15.6,16.0,14.8
20260602,ロジケープ,67.8,50.3,33.9,17.0,17.5,16.4,16.9,17.0
20260602,ウインファイネスト,62.0,44.7,29.6,14.9,17.3,15.1,14.7,14.9
20260602,ノリマル,65.7,49.0,32.7,16.6,16.7,16.3,16.1,16.6
20260602,エヴィーヴァ,61.3,46.5,29.9,14.8,14.8,16.6,15.1,14.8
20260602,サノノキセキ,67.9,50.8,33.6,16.3,17.1,17.2,17.3,16.3
20260602,キュータンチャン,65.4,48.5,32.2,16.3,16.9,16.3,15.9,16.3
20260602,カップッチョ,71.0,52.7,35.3,17.5,18.3,17.4,17.8,17.5
20260602,バグラダス,63.6,48.0,32.2,16.2,15.6,15.8,16.0,16.2
20260602,スプリングデイ,63.9,47.1,31.1,15.6,16.8,16.0,15.5,15.6
20260602,ピコローズ,63.7,46.8,30.9,15.4,16.9,15.9,15.5,15.4
20260602,ローズマイスター,62.0,45.3,29.8,14.8,16.7,15.5,15.0,14.8
20260602,マイネルイグザルト,64.2,47.3,31.7,16.0,16.9,15.6,15.7,16.0
20260602,ニシノマーレ,64.5,47.7,31.3,15.7,16.8,16.4,15.6,15.7
20260602,カドドゥディエ,64.5,47.3,31.1,15.6,17.2,16.2,15.5,15.6
20260602,リオダプラタ,64.7,47.5,31.5,16.2,17.2,16.0,15.3,16.2
20260602,エナノムスメ,64.3,47.7,31.9,16.0,16.6,15.8,15.9,16.0
20260602,テンハートビート,63.8,47.2,31.1,15.7,16.6,16.1,15.4,15.7
20260602,シンギュラリティ,64.9,47.8,31.0,15.9,17.1,16.8,15.1,15.9
20260602,コスモクラシック,64.4,48.1,31.7,16.0,16.3,16.4,15.7,16.0
20260602,アジュアカレンツ,65.5,47.7,31.3,15.3,17.8,16.4,16.0,15.3
20260602,ブザービーター,62.1,45.6,30.2,14.9,16.5,15.4,15.3,14.9
20260602,アシタバスピリッツ,64.7,47.6,31.5,15.5,17.1,16.1,16.0,15.5
20260602,ジーティーフクフク,64.6,47.6,31.1,15.7,17.0,16.5,15.4,15.7
20260602,ゴーラッキー,63.6,46.5,30.2,15.0,17.1,16.3,15.2,15.0
20260602,クアロアランチ,65.7,47.9,31.6,15.6,17.8,16.3,16.0,15.6
20260602,ニシノツムジカゼ,65.3,48.1,30.8,15.7,17.2,17.3,15.1,15.7
20260602,サパテアール,65.0,48.3,32.4,16.4,16.7,15.9,16.0,16.4
20260602,リッチハンター,68.6,51.2,33.6,16.2,17.4,17.6,17.4,16.2
20260602,イモータルバード,63.9,48.0,32.2,15.8,15.9,15.8,16.4,15.8
20260602,トレインザマインド,67.5,49.6,32.3,16.0,17.9,17.3,16.3,16.0
20260602,リバースザトレンド,67.5,49.4,33.0,16.1,18.1,16.4,16.9,16.1
20260602,クイーンレグナント,64.2,46.6,30.5,14.8,17.6,16.1,15.7,14.8
20260602,ベルウッドピース,67.7,49.8,32.5,16.2,17.9,17.3,16.3,16.2
20260602,ハスカップジャム,67.2,49.3,32.1,15.5,17.9,17.2,16.6,15.5
20260602,アンチェーン,64.8,47.7,30.8,15.1,17.1,16.9,15.7,15.1
20260602,コンティ,62.7,46.2,30.5,15.2,16.5,15.7,15.3,15.2
20260602,フュチュール,63.5,46.8,30.0,15.0,16.7,16.8,15.0,15.0
20260602,ビービーアジャイル,67.3,49.3,32.7,15.9,18.0,16.6,16.8,15.9
20260602,ヴァルカンテソーロ,64.7,48.0,31.3,15.5,16.7,16.7,15.8,15.5
20260602,ルクリーシア,61.9,45.4,30.1,14.9,16.5,15.3,15.2,14.9
20260602,ランドジャイアンツ,68.2,50.5,33.3,16.7,17.7,17.2,16.6,16.7
20260602,ゴールデンハニビー,61.6,44.9,30.0,14.7,16.7,14.9,15.3,14.7
20260602,ソプラノクイーン,66.8,49.3,32.0,15.6,17.5,17.3,16.4,15.6
20260602,セイルトゥグローリ,67.4,49.4,32.2,15.8,18.0,17.2,16.4,15.8
20260602,ボールドゾーン,72.4,53.2,35.1,16.7,19.2,18.1,18.4,16.7
20260602,サンセットブライト,70.0,51.4,33.5,16.0,18.6,17.9,17.5,16.0
20260602,レガレイラ,71.1,53.0,34.8,17.1,18.1,18.2,17.7,17.1
20260602,ミダース,68.1,50.3,33.2,16.6,17.8,17.1,16.6,16.6
20260602,オリオアルセーリオ,70.7,52.3,34.8,16.7,18.4,17.5,18.1,16.7
20260602,ブライトエアリー,70.6,51.9,34.6,17.1,18.7,17.3,17.5,17.1
20260602,パラダイスフェイス,62.7,46.5,30.5,15.3,16.2,16.0,15.2,15.3
20260602,スカイドリーマー,72.1,52.8,34.6,16.8,19.3,18.2,17.8,16.8
20260602,フォルナカリア,68.5,50.9,33.6,16.5,17.6,17.3,17.1,16.5
20260602,クラウントリオンフ,68.6,50.8,33.5,16.8,17.8,17.3,16.7,16.8
20260602,センカンナガト,69.6,52.1,35.0,17.6,17.5,17.1,17.4,17.6
20260602,ノヴァフォルス,69.6,52.0,34.5,17.0,17.6,17.5,17.5,17.0
20260602,フィリオソラーレ,71.8,53.3,34.9,16.8,18.5,18.4,18.1,16.8
20260602,フェスタベラ,71.9,53.8,35.5,17.4,18.1,18.3,18.1,17.4
20260602,ホウオウビリーヴ,71.1,52.5,34.4,16.8,18.6,18.1,17.6,16.8
20260602,スターフラッシュ,70.7,52.1,34.2,16.7,18.6,17.9,17.5,16.7
20260602,ウイングレイテスト,63.8,46.9,31.2,16.6,16.9,15.7,14.6,16.6
20260602,アイスブレイカー,69.0,51.4,33.5,16.5,17.6,17.9,17.0,16.5
20260602,スティールブルー,63.3,47.0,31.0,15.4,16.3,16.0,15.6,15.4
20260602,キョウエイボニータ,71.1,53.1,35.1,17.4,18.0,18.0,17.7,17.4
20260602,スワローシチー,69.7,51.7,34.0,17.4,18.0,17.7,16.6,17.4
20260602,マイネルアウルム,69.7,51.3,33.6,16.4,18.4,17.7,17.2,16.4
20260602,マイネルアレス,69.1,51.1,33.9,17.2,18.0,17.2,16.7,17.2
20260602,ハピナスター,68.3,50.5,33.4,16.8,17.8,17.1,16.6,16.8
20260602,リオンアンサー,63.3,47.5,32.1,16.3,15.8,15.4,15.8,16.3
20260602,ニシノギャルズ,67.9,50.4,33.4,16.7,17.5,17.0,16.7,16.7
20260602,アミナス,61.8,45.2,30.2,15.1,16.6,15.0,15.1,15.1
20260602,サザンウォリアー,66.8,49.8,33.1,16.1,17.0,16.7,17.0,16.1
20260602,ナズドゥラヴィ,63.0,47.1,31.2,15.4,15.9,15.9,15.8,15.4
20260602,カワイクテゴメン,62.3,46.7,30.9,15.5,15.6,15.8,15.4,15.5
20260602,リマーカブル,67.1,50.1,33.0,16.6,17.0,17.1,16.4,16.6
20260602,フレンドモナコ,64.2,48.3,32.0,15.8,15.9,16.3,16.2,15.8
20260602,ジーティージェミル,71.7,53.2,34.8,17.1,18.5,18.4,17.7,17.1
20260602,ノボリフジ,70.1,51.2,33.6,16.5,18.9,17.6,17.1,16.5
20260602,ウカテンセイ,66.0,49.2,33.1,17.1,16.8,16.1,16.0,17.1
20260602,レオンティウス,63.9,47.3,31.1,15.6,16.6,16.2,15.5,15.6
20260602,アートオブブライト,67.6,50.3,33.0,16.4,17.3,17.3,16.6,16.4
20260602,マルガリート,68.3,50.4,33.7,17.1,17.9,16.7,16.6,17.1
20260602,オーバーゼア,70.3,51.7,34.0,16.3,18.6,17.7,17.7,16.3
20260602,サイモンルモンド,73.1,53.6,35.2,17.9,19.5,18.4,17.3,17.9
20260602,サイモンカーチス,73.0,53.0,34.9,18.0,20.0,18.1,16.9,18.0
20260602,タシット,69.9,51.3,33.4,16.6,18.6,17.9,16.8,16.6
20260602,スペルキャスター,65.0,48.4,32.6,16.8,16.6,15.8,15.8,16.8
20260602,ディマイザキッド,69.6,51.1,33.9,17.1,18.5,17.2,16.8,17.1
20260602,アドミ,65.0,48.1,31.5,15.9,16.9,16.6,15.6,15.9
20260602,リバーブレーション,68.6,49.9,32.6,16.5,18.7,17.3,16.1,16.5
20260602,ゴールドドレッサ,65.4,48.6,31.7,16.2,16.8,16.9,15.5,16.2
20260602,ヌビアン,69.4,51.1,33.6,17.2,18.3,17.5,16.4,17.2
20260602,メテオレムナント,64.8,47.6,31.2,15.6,17.2,16.4,15.6,15.6
20260602,レイズテンペスト,64.4,46.9,30.9,15.4,17.5,16.0,15.5,15.4
20260602,シャトーベスト,68.6,51.1,34.7,17.5,17.5,16.4,17.2,17.5
20260602,マイネルアルゴー,69.9,51.0,34.0,17.1,18.9,17.0,16.9,17.1
20260602,ノーブルブロウ,65.0,47.8,31.1,15.7,17.2,16.7,15.4,15.7
20260602,カリヨンアヴォン,68.1,50.9,34.0,17.5,17.2,16.9,16.5,17.5
20260602,プリンセスダーコ,68.0,49.7,32.3,16.1,18.3,17.4,16.2,16.1
20260602,ヒログリーン,73.8,53.2,35.3,18.0,20.6,17.9,17.3,18.0
20260602,エリンヘラクレス,70.3,51.2,34.2,17.5,19.1,17.0,16.7,17.5
20260602,ライーリーアース,70.1,51.0,33.5,16.5,19.1,17.5,17.0,16.5
20260602,キョウエイフロイデ,69.9,51.4,33.3,16.7,18.5,18.1,16.6,16.7
20260602,イージーブリージー,55.4,40.3,26.0,12.6,15.1,14.3,13.4,12.6
20260602,ロフティストーリー,66.3,49.2,32.6,16.0,17.1,16.6,16.6,16.0
20260602,エコロストーム,65.1,47.4,30.6,15.2,17.7,16.8,15.4,15.2
20260602,ワンダーブリッツ,65.3,48.0,31.3,15.5,17.3,16.7,15.8,15.5
20260602,ライトハウス,65.5,48.5,31.9,15.7,17.0,16.6,16.2,15.7
20260602,ガビーズメロディ,61.5,45.5,29.6,14.5,16.0,15.9,15.1,14.5
20260602,スードランダム,61.9,45.6,30.0,14.8,16.3,15.6,15.2,14.8
20260602,トリプティーク,67.7,49.6,32.9,16.3,18.1,16.7,16.6,16.3
20260602,オルッス,62.2,45.6,30.0,15.0,16.6,15.6,15.0,15.0
20260602,ゴーゼンチュー,68.7,50.5,33.1,16.6,18.2,17.4,16.5,16.6
20260602,キャピタルストーン,65.1,48.0,31.5,15.4,17.1,16.5,16.1,15.4
20260602,レッチュベルク,64.1,47.2,31.0,15.5,16.9,16.2,15.5,15.5
20260602,カシノヴィタ,66.8,49.7,32.8,16.2,17.1,16.9,16.6,16.2
20260602,ムーヴ,66.9,49.2,32.1,16.0,17.7,17.1,16.1,16.0
20260602,マルチャン,64.1,47.4,31.4,15.6,16.7,16.0,15.8,15.6
20260602,ケープアグラス,67.1,48.8,31.9,16.2,18.3,16.9,15.7,16.2
20260602,ミレニアムヒロイン,67.3,49.2,32.1,15.9,18.1,17.1,16.2,15.9
20260602,ムーンストラック,66.5,49.9,33.3,17.0,16.6,16.6,16.3,17.0
20260602,タイセイプランセス,67.0,48.9,32.6,16.3,18.1,16.3,16.3,16.3
20260602,ヴァルク,62.9,46.5,30.1,14.7,16.4,16.4,15.4,14.7
20260602,スティールヴォーグ,70.5,51.4,33.4,16.7,19.1,18.0,16.7,16.7
20260602,ハッピーラッキー,62.2,46.2,30.8,14.8,16.0,15.4,16.0,14.8
20260602,ポッドデスペア,67.1,48.0,31.0,15.1,19.1,17.0,15.9,15.1
20260602,ハデステソーロ,64.8,47.9,32.2,16.3,16.9,15.7,15.9,16.3
20260602,テンノルーキー,70.1,50.7,32.9,16.1,19.4,17.8,16.8,16.1
20260602,ナイスプレーアスク,70.3,51.8,33.4,16.8,18.5,18.4,16.6,16.8
20260602,ブルーエ,70.3,51.4,33.4,16.8,18.9,18.0,16.6,16.8
20260602,ヴェロシスタ,67.3,48.8,31.8,16.3,18.5,17.0,15.5,16.3
20260602,レーヴルーバ,64.9,46.7,29.9,14.7,18.2,16.8,15.2,14.7
20260602,マイネルシュラハト,67.0,47.9,31.7,16.2,19.1,16.2,15.5,16.2
20260602,コッツォリーノ,66.2,48.9,32.0,15.8,17.3,16.9,16.2,15.8
20260602,ザンテソーロ,62.0,44.8,28.9,14.2,17.2,15.9,14.7,14.2
20260602,サングラント,66.3,48.8,32.3,16.0,17.5,16.5,16.3,16.0
20260602,テスタ,65.5,48.0,32.0,16.2,17.5,16.0,15.8,16.2
20260602,クシェドゥソレイユ,70.1,51.3,33.6,16.8,18.8,17.7,16.8,16.8
20260602,ウィールズアップ,67.2,49.6,32.5,15.9,17.6,17.1,16.6,15.9
20260602,ホークマン,64.0,47.1,31.0,15.4,16.9,16.1,15.6,15.4
20260602,クロシェットノエル,68.1,49.8,32.1,15.5,18.3,17.7,16.6,15.5
20260602,キョウエイカンセ,63.6,47.2,31.4,16.0,16.4,15.8,15.4,16.0
20260602,バトンロード,63.7,46.8,30.9,15.4,16.9,15.9,15.5,15.4
20260602,ヴィクトリーマンボ,65.7,48.4,31.2,15.5,17.3,17.2,15.7,15.5
20260602,タイキヴィグルーズ,68.0,50.1,32.4,15.5,17.9,17.7,16.9,15.5
20260602,オーキーベルセルク,69.1,50.7,33.2,16.3,18.4,17.5,16.9,16.3
20260602,キタノドンカルロ,63.8,46.7,30.7,15.1,17.1,16.0,15.6,15.1
20260602,プリティーミズホ,66.7,49.7,32.9,16.2,17.0,16.8,16.7,16.2
20260602,カガラプンツェル,62.8,46.3,30.6,15.5,16.5,15.7,15.1,15.5
20260602,フーミーボニータ,68.3,50.6,32.6,15.7,17.7,18.0,16.9,15.7
20260602,ダノンプレサージュ,65.8,48.7,31.2,15.4,17.1,17.5,15.8,15.4
20260602,ペイシャラム,65.7,48.6,32.0,15.5,17.1,16.6,16.5,15.5
20260602,シェリーシュシュ,64.9,47.9,30.4,14.9,17.0,17.5,15.5,14.9
20260602,マンサニージャ,66.0,49.1,32.3,15.3,16.9,16.8,17.0,15.3
20260602,エッジランナー,67.3,49.2,31.7,15.3,18.1,17.5,16.4,15.3
20260602,ヨーゼフ,68.0,49.5,31.8,15.6,18.5,17.7,16.2,15.6
20260602,ルージュフィーリア,65.6,48.1,30.9,14.9,17.5,17.2,16.0,14.9
20260602,マイネルアルディ,66.2,49.1,32.7,16.1,17.1,16.4,16.6,16.1
20260602,ココニイルヨ,64.1,47.1,31.5,15.9,17.0,15.6,15.6,15.9
20260602,ゴールデンオスカー,67.9,48.9,31.2,15.1,19.0,17.7,16.1,15.1
20260602,ロサンゼルス,67.0,49.4,32.0,15.6,17.6,17.4,16.4,15.6
20260602,アラスカフレイバー,69.9,52.6,34.7,17.7,17.3,17.9,17.0,17.7
20260602,ライフゲート,65.2,48.4,31.9,15.8,16.8,16.5,16.1,15.8
20260602,タイセイデクスター,68.0,49.8,33.1,16.7,18.2,16.7,16.4,16.7
20260602,ビレッジルイーザ,66.6,49.0,31.9,16.2,17.6,17.1,15.7,16.2
20260602,リュウカルネ,66.0,48.1,31.3,15.2,17.9,16.8,16.1,15.2
20260602,ルクソンライト,65.8,47.7,31.4,15.9,18.1,16.3,15.5,15.9
20260602,トレンドマーチ,67.0,49.6,32.2,15.6,17.4,17.4,16.6,15.6
20260602,タマモブレイキン,68.0,50.5,33.0,16.2,17.5,17.5,16.8,16.2
20260602,ナムラコハル,67.4,48.9,31.2,14.9,18.5,17.7,16.3,14.9
20260602,リュウノタキノボリ,67.5,48.9,31.4,15.3,18.6,17.5,16.1,15.3
20260602,サウザンサニー,64.6,47.4,31.1,15.9,17.2,16.3,15.2,15.9
20260602,カーマンライン,60.3,44.0,28.2,13.7,16.3,15.8,14.5,13.7
20260602,サンダーユニバンス,66.8,48.4,31.0,15.2,18.4,17.4,15.8,15.2
20260602,ビービーエフォート,66.6,48.1,30.9,15.5,18.5,17.2,15.4,15.5
20260602,マメーアップル,67.1,49.8,33.3,17.1,17.3,16.5,16.2,17.1
20260602,フジガイフウ,64.4,47.1,30.6,15.7,17.3,16.5,14.9,15.7
20260602,ソパデアホ,61.3,44.9,29.1,14.4,16.4,15.8,14.7,14.4
20260602,レイズレガシー,67.9,50.1,32.9,16.4,17.8,17.2,16.5,16.4
20260602,ロンドンオービタル,64.9,48.2,32.3,16.2,16.7,15.9,16.1,16.2
20260602,フィールマイプラン,65.0,47.5,31.3,16.0,17.5,16.2,15.3,16.0
20260602,エクスプレスナイト,65.7,48.4,32.1,16.6,17.3,16.3,15.5,16.6
20260602,ミヤカグラ,70.2,51.8,34.4,16.9,18.4,17.4,17.5,16.9
20260602,ラベンダーヘイズ,65.1,47.5,30.9,16.1,17.6,16.6,14.8,16.1
20260602,ラグアイリータ,63.2,45.9,30.1,14.7,17.3,15.8,15.4,14.7
20260602,ルージュボニート,68.2,50.4,32.7,16.0,17.8,17.7,16.7,16.0
20260602,ヴァルボナ,70.0,51.8,34.4,17.0,18.2,17.4,17.4,17.0
20260602,ルクスマグナ,67.9,50.6,32.5,15.3,17.3,18.1,17.2,15.3
20260602,ショパンコンクール,64.3,46.6,30.6,15.2,17.7,16.0,15.4,15.2
20260602,アゴルディーノ,69.9,51.4,33.7,16.7,18.5,17.7,17.0,16.7
20260602,トゥザファイナル,60.5,44.3,28.6,14.0,16.2,15.7,14.6,14.0
20260602,ロングラン,66.7,49.0,32.2,15.8,17.7,16.8,16.4,15.8
20260602,ヴィヴァクラウン,66.7,49.5,32.6,16.1,17.2,16.9,16.5,16.1
20260602,ソニックライン,67.2,49.0,31.9,15.8,18.2,17.1,16.1,15.8
20260602,グレヴィレア,69.0,50.6,33.6,16.6,18.4,17.0,17.0,16.6
20260602,レフィノス,66.7,49.2,32.6,16.1,17.5,16.6,16.5,16.1
20260602,カズノダイジョウ,69.6,50.5,33.0,16.3,19.1,17.5,16.7,16.3
20260602,トリアングルレディ,67.2,49.9,32.9,15.8,17.3,17.0,17.1,15.8
20260602,ブラッククラウズ,67.1,49.6,32.6,15.8,17.5,17.0,16.8,15.8
20260602,アクアマーズ,66.9,49.0,32.1,15.7,17.9,16.9,16.4,15.7
20260602,カシノスワッグ,77.9,58.3,39.3,20.3,19.6,19.0,19.0,20.3
20260602,エムアイブレイズ,66.3,48.5,32.2,16.3,17.8,16.3,15.9,16.3
20260602,ローブリッター,69.0,51.1,34.2,17.5,17.9,16.9,16.7,17.5
20260602,コスモフィデリタス,66.3,48.5,32.1,16.4,17.8,16.4,15.7,16.4
20260602,ソウカイウォーリア,67.8,50.1,33.0,16.1,17.7,17.1,16.9,16.1
20260602,ローザヴェローナ,67.6,50.6,33.7,17.3,17.0,16.9,16.4,17.3
20260602,トーセンリョウ,65.5,48.7,32.1,15.7,16.8,16.6,16.4,15.7
20260602,アシャカタカ,62.9,46.5,31.1,15.9,16.4,15.4,15.2,15.9
20260602,サトミノキラリ,67.0,48.7,31.8,15.9,18.3,16.9,15.9,15.9
20260602,アドミラルシップ,66.8,48.8,31.8,15.6,18.0,17.0,16.2,15.6
20260602,ラルガメンテ,69.2,50.9,33.5,16.3,18.3,17.4,17.2,16.3
20260602,ラッキーキッド,65.5,48.1,31.6,15.6,17.4,16.5,16.0,15.6
20260602,アシャカロッケ,64.0,47.8,31.8,16.1,16.2,16.0,15.7,16.1
20260602,カセノソレイユ,67.1,49.1,32.1,15.8,18.0,17.0,16.3,15.8
20260602,アルタティール,66.6,49.0,31.9,15.5,17.6,17.1,16.4,15.5
20260602,ニシノヒノトリ,65.3,48.1,31.5,15.3,17.2,16.6,16.2,15.3
20260602,アイムイン,66.1,48.5,31.7,15.5,17.6,16.8,16.2,15.5
20260602,アッシズオブローズ,66.3,49.5,32.2,15.5,16.8,17.3,16.7,15.5
20260602,アンティミスト,68.4,49.8,32.3,15.9,18.6,17.5,16.4,15.9
20260602,サリードゥ,64.8,48.2,32.1,15.8,16.6,16.1,16.3,15.8
20260602,スクリプトール,67.0,49.0,32.1,15.9,18.0,16.9,16.2,15.9
20260602,レッドインサイト,66.9,48.7,31.7,15.9,18.2,17.0,15.8,15.9
20260602,ラガリーガ,65.6,48.4,31.7,15.4,17.2,16.7,16.3,15.4
20260602,フルオール,64.7,47.3,31.5,15.7,17.4,15.8,15.8,15.7
20260602,アンバーニードル,70.1,52.1,33.7,16.7,18.0,18.4,17.0,16.7
20260602,ヤングアメリカンズ,66.6,48.9,32.2,15.9,17.7,16.7,16.3,15.9
20260602,ミーントゥビー,64.7,46.8,30.1,14.7,17.9,16.7,15.4,14.7
20260602,ポールセン,64.3,47.0,31.2,15.5,17.3,15.8,15.7,15.5
20260602,ノアソノマ,70.5,52.0,34.6,17.3,18.5,17.4,17.3,17.3
20260602,マルターズドン,70.0,51.2,33.3,16.5,18.8,17.9,16.8,16.5
20260602,クラウンアバンティ,63.4,46.5,30.8,15.3,16.9,15.7,15.5,15.3
20260602,デスサイズ,62.7,46.1,30.5,15.0,16.6,15.6,15.5,15.0
20260602,フロリメル,68.2,50.1,33.1,16.1,18.1,17.0,17.0,16.1
20260602,エビスディアーナ,68.3,50.5,33.5,16.1,17.8,17.0,17.4,16.1
20260602,ルージュカルデア,69.2,51.3,33.1,16.3,17.9,18.2,16.8,16.3
20260602,ピクシーゲイル,63.9,47.2,31.5,16.5,16.7,15.7,15.0,16.5
20260602,ワインレッドハート,68.4,50.8,33.2,16.2,17.6,17.6,17.0,16.2
20260602,ガーディアンテイル,65.7,48.2,31.1,15.5,17.5,17.1,15.6,15.5
20260602,パッションノーヴァ,66.6,47.0,30.1,14.9,19.6,16.9,15.2,14.9
20260602,セイウンオオゾラ,65.6,48.2,31.3,15.6,17.4,16.9,15.7,15.6
20260602,エコロナイン,66.1,48.6,32.2,15.7,17.5,16.4,16.5,15.7
20260602,サクラトゥジュール,65.9,48.7,31.5,15.8,17.2,17.2,15.7,15.8
20260602,チャックネイト,68.7,51.2,33.8,16.8,17.5,17.4,17.0,16.8
20260602,シャンドゥレール,64.1,46.7,30.8,15.1,17.4,15.9,15.7,15.1
20260602,ホウキボシ,65.6,48.6,31.7,15.6,17.0,16.9,16.1,15.6
20260602,カフェブーケット,66.7,48.4,31.8,16.1,18.3,16.6,15.7,16.1
20260602,ルクソールカフェ,65.6,48.7,31.8,16.0,16.9,16.9,15.8,16.0
20260602,クオンタムスター,67.0,50.0,32.6,16.1,17.0,17.4,16.5,16.1
20260602,レジオンポレール,67.3,50.5,33.3,16.9,16.8,17.2,16.4,16.9
20260602,テンバコウクウ,66.1,49.0,31.7,15.6,17.1,17.3,16.1,15.6
20260602,クカイリモク,68.4,51.2,34.0,17.0,17.2,17.2,17.0,17.0
20260602,エルシオン,65.8,48.6,32.1,15.8,17.2,16.5,16.3,15.8
20260602,クラウンロムパイア,65.3,48.5,31.6,15.8,16.8,16.9,15.8,15.8
20260602,キチロクタワー,65.9,49.0,32.3,16.4,16.9,16.7,15.9,16.4
20260602,マイティドレイブン,65.5,48.0,31.5,16.1,17.5,16.5,15.4,16.1
20260602,エランヴィータ,66.8,48.7,31.8,15.8,18.1,16.9,16.0,15.8
20260602,ポストトゥルース,68.0,49.9,32.8,16.5,18.1,17.1,16.3,16.5
20260602,エーアイラピド,68.7,50.5,33.4,16.9,18.2,17.1,16.5,16.9
20260602,ノースブリッジ,61.7,45.4,29.6,14.4,16.3,15.8,15.2,14.4
20260602,ウィルソンテソーロ,69.1,51.3,34.1,16.7,17.8,17.2,17.4,16.7
20260602,シルトホルン,67.8,50.4,33.2,16.1,17.4,17.2,17.1,16.1
20260602,アイウィル,70.1,51.8,34.1,16.6,18.3,17.7,17.5,16.6
20260602,マイネルモメンタム,64.3,47.0,30.4,14.8,17.3,16.6,15.6,14.8
20260602,キャストロププ,63.9,47.3,31.2,15.7,16.6,16.1,15.5,15.7
20260602,フェリスチカ,67.7,49.2,31.0,14.7,18.5,18.2,16.3,14.7
20260602,ロジキセキ,68.7,50.4,33.3,17.0,18.3,17.1,16.3,17.0
20260602,イバラヒメ,69.2,50.6,33.5,17.0,18.6,17.1,16.5,17.0
20260602,ダイユウレゾナンス,58.5,43.5,29.1,14.8,15.0,14.4,14.3,14.8
20260602,イナンナ,61.9,45.5,30.1,14.7,16.4,15.4,15.4,14.7
20260602,チョウブク,68.9,50.9,33.6,16.9,18.0,17.3,16.7,16.9
20260602,ロジケープ,65.8,48.0,31.5,15.8,17.8,16.5,15.7,15.8
20260602,トランセンコ,65.7,47.8,31.4,15.5,17.9,16.4,15.9,15.5
20260602,ショウナンサイオウ,61.8,45.6,30.0,15.3,16.2,15.6,14.7,15.3
20260602,ヴォートセレスト,60.6,44.3,29.2,14.8,16.3,15.1,14.4,14.8
20260602,タルタロス,57.8,43.3,29.5,14.6,14.5,13.8,14.9,14.6
20260602,サラスヴァティー,66.2,48.8,31.5,15.5,17.4,17.3,16.0,15.5
20260602,グレイテストソング,64.4,47.4,31.1,15.1,17.0,16.3,16.0,15.1
20260602,ノアレジェンド,69.6,51.4,33.7,16.7,18.2,17.7,17.0,16.7
20260602,ウェスケンジントン,68.6,50.8,33.1,16.5,17.8,17.7,16.6,16.5
20260602,ショービット,64.6,47.5,31.5,15.4,17.1,16.0,16.1,15.4
20260602,スカイリッチ,65.7,48.3,31.9,16.0,17.4,16.4,15.9,16.0
20260602,コイオステソーロ,71.0,53.5,35.8,17.8,17.5,17.7,18.0,17.8
20260602,ピアス,64.0,47.9,30.9,14.9,16.1,17.0,16.0,14.9
20260602,ウォータースパウト,67.6,49.7,31.6,15.0,17.9,18.1,16.6,15.0
20260602,ボーントゥラブユー,65.6,47.6,31.4,15.5,18.0,16.2,15.9,15.5
20260602,フェンリル,69.3,51.6,34.3,16.9,17.7,17.3,17.4,16.9
20260602,リコラピッド,65.6,47.5,30.4,14.7,18.1,17.1,15.7,14.7
20260602,エコールナヴァール,66.4,48.7,31.7,15.4,17.7,17.0,16.3,15.4
20260602,ゴディアーモ,66.3,48.3,30.8,15.2,18.0,17.5,15.6,15.2
20260602,コナパームス,66.4,48.1,31.1,15.2,18.3,17.0,15.9,15.2
20260602,タクティシアン,66.4,48.2,31.0,15.2,18.2,17.2,15.8,15.2
20260602,モズクルードラゴン,69.8,52.3,34.7,17.3,17.5,17.6,17.4,17.3
20260602,クレセントウイング,69.7,51.5,33.7,17.0,18.2,17.8,16.7,17.0
20260602,ライクアフラワー,64.8,46.8,30.9,15.3,18.0,15.9,15.6,15.3
20260602,トラストボス,68.4,50.5,33.0,16.4,17.9,17.5,16.6,16.4
20260602,ガンバルマン,52.5,39.3,26.6,13.4,13.2,12.7,13.2,13.4
20260602,チェストー,66.8,48.8,31.8,15.8,18.0,17.0,16.0,15.8
20260602,ハイバーニアン,66.2,49.0,31.9,15.6,17.2,17.1,16.3,15.6
20260602,ユキノサイエンス,66.8,49.0,32.4,16.3,17.8,16.6,16.1,16.3
20260602,コーディアリー,65.7,48.4,31.9,15.8,17.3,16.5,16.1,15.8
20260602,ライヴレッドアイ,63.6,47.7,31.1,15.4,15.9,16.6,15.7,15.4
20260602,ムーンブランシュ,63.1,46.9,30.8,15.1,16.2,16.1,15.7,15.1
20260602,ウキヨノサンシロウ,66.6,48.8,32.2,16.2,17.8,16.6,16.0,16.2
20260602,ミサトレジーナ,66.6,50.3,33.8,16.9,16.3,16.5,16.9,16.9
20260602,ジーティーヒラリ,65.9,47.7,30.8,15.1,18.2,16.9,15.7,15.1
20260602,ストーリーオブラブ,66.8,49.0,32.5,16.4,17.8,16.5,16.1,16.4
20260602,ポセイドンテソーロ,63.2,47.1,30.5,15.1,16.1,16.6,15.4,15.1
20260602,パンパネイラ,68.5,50.9,33.3,16.1,17.6,17.6,17.2,16.1
20260602,ココソラーレ,65.3,48.3,32.1,15.9,17.0,16.2,16.2,15.9
20260602,マイセイバー,68.5,50.2,32.8,16.4,18.3,17.4,16.4,16.4
20260602,アオイレイラ,71.1,51.6,33.7,17.1,19.5,17.9,16.6,17.1
20260602,シュネルアステリア,62.5,46.7,30.7,15.3,15.8,16.0,15.4,15.3
20260602,サパテアール,64.4,48.5,32.5,16.2,15.9,16.0,16.3,16.2
20260602,ティアップドライブ,72.4,53.6,35.7,18.1,18.8,17.9,17.6,18.1
20260602,フロウアンドライム,66.4,48.3,31.2,15.3,18.1,17.1,15.9,15.3
20260602,レッドシュトラール,64.8,47.2,30.7,15.0,17.6,16.5,15.7,15.0
20260602,ブリリアンス,65.9,48.7,31.9,15.7,17.2,16.8,16.2,15.7
20260602,オンザギャラクシー,64.9,47.9,31.6,15.8,17.0,16.3,15.8,15.8
20260602,ルージュアリスタ,63.9,46.7,30.3,14.9,17.2,16.4,15.4,14.9
20260602,セルリア,63.9,46.2,29.4,14.1,17.7,16.8,15.3,14.1
20260602,ファイナルチューブ,75.6,55.8,36.5,17.6,19.8,19.3,18.9,17.6
20260602,ヒドラテソーロ,69.7,51.3,33.7,16.9,18.4,17.6,16.8,16.9
20260602,ブルーグラビティ,67.6,49.2,32.2,15.6,18.4,17.0,16.6,15.6
20260602,アイアムキレマスネ,69.7,51.4,33.9,16.4,18.3,17.5,17.5,16.4
20260602,ケルンミッチー,69.0,50.5,33.2,16.0,18.5,17.3,17.2,16.0
20260602,ムーチョピカンテ,69.2,51.2,33.8,16.2,18.0,17.4,17.6,16.2
20260602,パウンドザロック,63.0,46.1,30.0,14.7,16.9,16.1,15.3,14.7
20260602,サンセットブライト,64.9,48.1,31.7,16.0,16.8,16.4,15.7,16.0
20260602,プチブール,62.3,45.7,29.9,14.4,16.6,15.8,15.5,14.4
20260602,セントメモリーズ,61.0,45.0,29.1,14.7,16.0,15.9,14.4,14.7
20260602,ミダース,64.2,47.6,31.6,15.9,16.6,16.0,15.7,15.9
20260602,ステートオブロック,66.1,48.4,31.5,15.4,17.7,16.9,16.1,15.4
20260602,スワローシチー,65.2,48.4,32.1,15.5,16.8,16.3,16.6,15.5
20260602,マイネルアレス,65.3,48.1,31.8,15.7,17.2,16.3,16.1,15.7
20260602,タビニュ,66.3,48.6,31.8,15.4,17.7,16.8,16.4,15.4
20260602,ブライトエアリー,64.2,47.3,31.1,15.5,16.9,16.2,15.6,15.5
20260602,ジェイエルモーダル,62.8,46.3,30.5,15.2,16.5,15.8,15.3,15.2
20260602,フォルナカリア,64.9,47.7,31.9,15.5,17.2,15.8,16.4,15.5
20260602,アトミックリーチ,66.4,48.8,32.1,15.6,17.6,16.7,16.5,15.6
20260602,ウラノグラフィア,66.9,49.3,32.3,15.9,17.6,17.0,16.4,15.9
20260602,ジオ,65.8,48.5,31.7,15.8,17.3,16.8,15.9,15.8
20260602,ラーテル,66.0,48.9,32.6,16.2,17.1,16.3,16.4,16.2
20260602,ルシード,69.7,51.2,33.1,16.0,18.5,18.1,17.1,16.0
20260602,テリオスララ,70.1,50.9,33.2,16.1,19.2,17.7,17.1,16.1
20260602,ロフティストーリー,65.9,49.2,32.7,16.7,16.7,16.5,16.0,16.7
20260602,シュヴァルツシルト,68.9,51.1,33.5,16.8,17.8,17.6,16.7,16.8
20260602,クラックアスマイル,70.9,51.4,34.2,16.9,19.5,17.2,17.3,16.9
20260602,リナクィーンアスク,65.1,45.8,29.2,14.4,19.3,16.6,14.8,14.4
20260602,ライトハウス,65.8,48.8,32.7,16.7,17.0,16.1,16.0,16.7
20260602,メーゼ,65.3,47.7,31.1,15.2,17.6,16.6,15.9,15.2
20260602,アエログラム,62.7,45.8,29.7,14.9,16.9,16.1,14.8,14.9
20260602,アンディラメナ,69.6,51.3,33.9,17.1,18.3,17.4,16.8,17.1
20260602,デアプリームス,67.2,49.3,33.7,17.9,17.9,15.6,15.8,17.9
20260602,リベラリズモ,66.7,48.8,32.1,16.3,17.9,16.7,15.8,16.3
20260602,クールストラッチン,69.4,51.6,34.3,17.4,17.8,17.3,16.9,17.4
20260602,プルメリアビーチ,67.5,49.4,32.6,16.5,18.1,16.8,16.1,16.5
20260602,サイモンルモンド,70.7,51.3,32.7,16.0,19.4,18.6,16.7,16.0
20260602,サイモンカーチス,70.2,50.6,32.4,16.3,19.6,18.2,16.1,16.3
20260602,バトルクライ,70.8,51.8,33.6,16.5,19.0,18.2,17.1,16.5
20260602,グラスブランシュ,69.0,50.4,32.9,16.1,18.6,17.5,16.8,16.1
20260602,ヌビアン,69.2,50.7,33.2,16.7,18.5,17.5,16.5,16.7
20260602,ファインコンダクト,65.3,48.0,31.8,15.2,17.3,16.2,16.6,15.2
20260602,テンノルーキー,70.4,51.3,33.1,16.3,19.1,18.2,16.8,16.3
20260602,チュラヴェール,69.6,50.5,33.0,16.4,19.1,17.5,16.6,16.4
20260602,ロンバスブレス,74.7,53.5,34.4,16.8,21.2,19.1,17.6,16.8
20260602,スウェーバック,69.8,50.6,32.9,16.3,19.2,17.7,16.6,16.3
20260602,マイネルアルゴー,71.7,52.5,34.3,17.4,19.2,18.2,16.9,17.4
20260602,サクセスゴールド,64.7,48.0,31.3,15.5,16.7,16.7,15.8,15.5
20260602,プリンセスダーコ,68.8,50.0,32.7,16.5,18.8,17.3,16.2,16.5
20260602,パッサージュワイズ,70.6,51.0,32.8,16.0,19.6,18.2,16.8,16.0
20260602,ラヴァレード,71.2,52.2,33.8,16.7,19.0,18.4,17.1,16.7
20260602,ディルイーヤ,71.5,51.8,33.6,16.4,19.7,18.2,17.2,16.4
20260602,ラヴレイン,70.5,51.0,32.8,16.1,19.5,18.2,16.7,16.1
20260602,カゴシマ,69.7,50.6,33.0,16.6,19.1,17.6,16.4,16.6
20260602,マイバラード,63.1,46.1,30.4,15.0,17.0,15.7,15.4,15.0
20260602,ボールドゾーン,71.5,52.6,34.0,16.5,18.9,18.6,17.5,16.5
20260602,ルージュカエラ,66.2,49.0,32.1,16.2,17.2,16.9,15.9,16.2
20260602,レガレイラ,71.8,53.4,35.2,17.4,18.4,18.2,17.8,17.4
20260602,アオイミズホ,66.2,48.8,31.9,15.9,17.4,16.9,16.0,15.9
20260602,スティールヴォーグ,69.7,51.5,33.4,16.5,18.2,18.1,16.9,16.5
20260602,ナイスプレーアスク,69.9,51.7,34.1,17.0,18.2,17.6,17.1,17.0
20260602,ブルーエ,69.6,51.5,33.7,16.9,18.1,17.8,16.8,16.9
20260602,クシェドゥソレイユ,70.9,52.1,33.2,15.9,18.8,18.9,17.3,15.9
20260602,ラードンチェイス,66.8,49.5,32.4,16.4,17.3,17.1,16.0,16.4
20260602,ドーンコーラス,69.7,51.0,33.5,16.8,18.7,17.5,16.7,16.8
20260602,サトノアインス,64.5,46.8,30.8,15.0,17.7,16.0,15.8,15.0
20260602,アンニャンクッキー,60.5,44.3,29.0,14.7,16.2,15.3,14.3,14.7
20260602,コスモマウイ,69.9,52.4,35.1,17.7,17.5,17.3,17.4,17.7
20260602,ウップヘリーア,61.8,45.4,29.9,15.2,16.4,15.5,14.7,15.2
20260602,コールドスリープ,69.6,52.5,35.3,17.8,17.1,17.2,17.5,17.8
20260602,ユイノキャッツアイ,66.1,48.9,32.3,15.7,17.2,16.6,16.6,15.7
20260602,ニシノティアモ,63.8,46.9,30.6,15.3,16.9,16.3,15.3,15.3
20260602,カイトヴィント,63.7,47.4,31.5,15.8,16.3,15.9,15.7,15.8
20260602,クインズシフォン,64.4,47.5,32.0,16.2,16.9,15.5,15.8,16.2
20260602,ソクヅモドラドラ,64.2,46.9,30.2,15.0,17.3,16.7,15.2,15.0
20260602,チャロ,64.6,47.2,31.2,15.2,17.4,16.0,16.0,15.2
20260602,フィーチャリング,66.5,49.3,32.7,16.6,17.2,16.6,16.1,16.6
20260602,カシオペア,64.6,47.4,30.7,15.1,17.2,16.7,15.6,15.1
20260602,ロミオ,64.6,47.5,30.7,15.3,17.1,16.8,15.4,15.3
20260602,クインズスズラン,56.5,39.8,24.8,11.8,16.7,15.0,13.0,11.8
20260602,ペリバジャ,66.3,48.3,31.1,15.3,18.0,17.2,15.8,15.3
20260602,アンジェラス,65.2,48.4,31.5,15.7,16.8,16.9,15.8,15.7
20260602,レダアトミカ,65.4,47.9,31.9,16.0,17.5,16.0,15.9,16.0
20260602,ルナーファントム,64.9,47.6,31.2,15.3,17.3,16.4,15.9,15.3
20260602,カシノユメミヅキ,62.2,46.1,30.4,15.1,16.1,15.7,15.3,15.1
20260602,テイクケア,64.9,47.1,31.3,15.2,17.8,15.8,16.1,15.2
20260602,ウインリスノアール,64.3,47.2,31.7,16.0,17.1,15.5,15.7,16.0
20260602,ユキノエミリオ,52.3,37.7,24.8,12.5,14.6,12.9,12.3,12.5
20260602,カンレイスキー,53.4,38.4,25.1,12.5,15.0,13.3,12.6,12.5
20260602,ラショナルポイント,62.3,45.6,29.9,14.7,16.7,15.7,15.2,14.7
20260602,ミヤカグラ,69.7,51.4,33.8,17.1,18.3,17.6,16.7,17.1
20260602,ヴァルボナ,70.0,51.8,34.0,17.0,18.2,17.8,17.0,17.0
20260602,ユニオンジャック,66.1,47.8,31.3,15.5,18.3,16.5,15.8,15.5
20260602,アゴルディーノ,70.1,52.3,34.7,17.3,17.8,17.6,17.4,17.3
20260602,ユイノジカンカセギ,65.0,47.9,31.2,15.5,17.1,16.7,15.7,15.5
20260602,ブライトビギニング,70.7,51.0,33.4,16.4,19.7,17.6,17.0,16.4
20260602,サンブライト,64.6,47.3,31.0,14.9,17.3,16.3,16.1,14.9
20260602,カミカクシ,66.3,49.1,32.1,15.3,17.2,17.0,16.8,15.3
20260602,ハウディープ,69.4,50.4,32.8,16.2,19.0,17.6,16.6,16.2
20260602,ピクニックマーチ,65.8,47.5,30.8,15.2,18.3,16.7,15.6,15.2
20260602,ラプユフラット,69.9,50.8,32.9,16.2,19.1,17.9,16.7,16.2
20260602,フルオール,63.7,46.8,30.4,15.3,16.9,16.4,15.1,15.3
20260602,サンタアニタ,63.9,46.4,30.3,15.0,17.5,16.1,15.3,15.0
20260602,ポールセン,64.3,47.5,30.9,15.4,16.8,16.6,15.5,15.4
20260602,タイセイフレッサ,63.1,46.5,30.5,14.9,16.6,16.0,15.6,14.9
20260602,サトノワーグナー,64.8,47.9,31.3,15.7,16.9,16.6,15.6,15.7
20260602,フィーユレアル,63.3,46.3,30.4,15.1,17.0,15.9,15.3,15.1
20260602,ロードクラシコ,63.6,47.1,30.8,15.2,16.5,16.3,15.6,15.2
20260602,レゲンデ,62.7,45.6,29.6,14.9,17.1,16.0,14.7,14.9
20260602,ヴンダーバール,63.5,46.4,30.4,14.9,17.1,16.0,15.5,14.9
20260602,グッバイウェーブ,62.7,47.0,31.3,15.5,15.7,15.7,15.8,15.5
20260602,イミグラントソング,68.8,49.8,31.4,15.3,19.0,18.4,16.1,15.3
20260602,グレイスザクラウン,63.1,46.4,30.3,14.7,16.7,16.1,15.6,14.7
20260602,アルティシエル,69.1,50.8,32.6,16.0,18.3,18.2,16.6,16.0
20260602,クラウンフラッグ,69.9,52.2,35.1,18.4,17.7,17.1,16.7,18.4
20260602,カグヤヒメ,63.3,46.9,31.6,15.8,16.4,15.3,15.8,15.8
20260602,シラカワゴウ,67.6,50.8,33.6,16.6,16.8,17.2,17.0,16.6
20260602,クリムゾンリーフ,63.0,46.4,30.3,15.0,16.6,16.1,15.3,15.0
20260602,ハルノアメ,65.7,48.6,31.8,15.5,17.1,16.8,16.3,15.5
20260602,シークレットシティ,111.4,80.8,51.5,25.4,30.6,29.3,26.1,25.4
20260602,ミアルーチェ,62.6,46.2,30.1,14.7,16.4,16.1,15.4,14.7
20260602,ラキアーヴェ,63.0,46.8,30.6,14.8,16.2,16.2,15.8,14.8
20260602,エムティエスターテ,65.8,48.5,32.0,16.1,17.3,16.5,15.9,16.1
20260602,カタフラクト,67.0,49.5,32.2,15.8,17.5,17.3,16.4,15.8
20260602,ナンヨーロイヤル,68.9,51.2,34.1,17.3,17.7,17.1,16.8,17.3
20260602,エイミームーン,65.7,48.4,31.9,16.0,17.3,16.5,15.9,16.0
20260602,タマモトリノ,70.0,51.1,32.3,15.9,18.9,18.8,16.4,15.9
20260602,ワイルドゴーア,92.2,67.1,44.1,21.4,25.1,23.0,22.7,21.4
20260602,グランフルス,67.0,48.5,31.5,15.7,18.5,17.0,15.8,15.7
20260602,イブキ,65.9,49.7,33.0,15.9,16.2,16.7,17.1,15.9
20260602,シュヴァルツシルト,70.0,51.7,33.6,16.4,18.3,18.1,17.2,16.4
20260602,ラインクインビー,67.3,50.4,33.7,16.7,16.9,16.7,17.0,16.7
20260602,クラックアスマイル,72.2,53.3,35.2,17.6,18.9,18.1,17.6,17.6
20260602,ガミーヌ,71.2,51.3,33.0,16.3,19.9,18.3,16.7,16.3
20260602,クールストラッチン,76.6,56.3,36.8,18.0,20.3,19.5,18.8,18.0
20260602,オオゾラヒバリ,67.5,50.4,32.3,15.3,17.1,18.1,17.0,15.3
20260602,アールプロスト,63.9,47.6,31.4,15.4,16.3,16.2,16.0,15.4
20260602,リナクィーンアスク,70.0,49.0,31.1,15.7,21.0,17.9,15.4,15.7
20260602,サクセスブルー,66.3,48.3,32.0,16.4,18.0,16.3,15.6,16.4
20260602,レオホー,67.2,49.8,33.1,16.9,17.4,16.7,16.2,16.9
20260602,メジャーシンガー,64.2,47.4,31.2,15.4,16.8,16.2,15.8,15.4
20260602,アラータス,66.9,49.5,32.6,16.2,17.4,16.9,16.4,16.2
20260602,ツマヤ,71.1,51.3,33.0,16.1,19.8,18.3,16.9,16.1
20260602,リーデレクオーレ,67.2,48.9,32.2,15.5,18.3,16.7,16.7,15.5
20260602,リングスター,71.2,52.0,34.6,16.8,19.2,17.4,17.8,16.8
20260602,スマイルアップ,69.1,51.3,33.7,17.1,17.8,17.6,16.6,17.1
20260602,レーウィン,65.4,48.6,32.6,16.1,16.8,16.0,16.5,16.1
20260602,アクロスザリバー,55.3,40.2,26.0,12.8,15.1,14.2,13.2,12.8
20260602,オストラヴァ,57.7,42.4,27.9,13.9,15.3,14.5,14.0,13.9
20260602,ミクニインスパイア,58.0,42.7,28.2,14.2,15.3,14.5,14.0,14.2
20260602,キョウエイシュバル,66.2,48.9,32.5,16.0,17.3,16.4,16.5,16.0
20260602,クイーンズレイン,62.3,45.7,29.8,14.6,16.6,15.9,15.2,14.6
20260602,テンカムテキ,63.0,46.7,30.8,15.1,16.3,15.9,15.7,15.1
20260602,ブラックゲイル,67.4,50.9,34.6,17.6,16.5,16.3,17.0,17.6
20260602,バスキュール,63.1,46.8,30.8,14.8,16.3,16.0,16.0,14.8
20260602,アーバンアート,69.1,51.6,34.9,18.1,17.5,16.7,16.8,18.1
20260602,リアルクウカイ,69.3,51.5,33.9,17.0,17.8,17.6,16.9,17.0
20260602,レインボーフライト,71.4,53.2,35.3,17.3,18.2,17.9,18.0,17.3
20260602,シークレットイスラ,64.9,48.2,31.7,15.5,16.7,16.5,16.2,15.5
20260602,ユーディキウム,65.2,48.6,32.3,15.8,16.6,16.3,16.5,15.8
20260602,ジェイエルトランプ,70.6,51.8,33.8,16.6,18.8,18.0,17.2,16.6
20260602,ファイアリービート,64.9,47.7,31.3,15.7,17.2,16.4,15.6,15.7
20260602,ミリオングローリー,63.6,46.5,30.2,14.7,17.1,16.3,15.5,14.7
20260602,トワニ,62.5,46.2,30.7,15.2,16.3,15.5,15.5,15.2
20260602,ルナロマンティカ,66.7,49.3,32.8,16.3,17.4,16.5,16.5,16.3
20260602,サードアイ,63.8,46.6,30.4,15.5,17.2,16.2,14.9,15.5
20260602,ローズブーケ,70.2,52.7,35.6,18.4,17.5,17.1,17.2,18.4
20260602,サザンホクトベガ,68.8,50.4,32.5,16.2,18.4,17.9,16.3,16.2
20260602,ユマハム,59.7,44.3,29.2,14.5,15.4,15.1,14.7,14.5
20260602,シアルナーレ,60.6,44.2,29.0,14.1,16.4,15.2,14.9,14.1
20260602,レッドテリオス,64.8,47.7,31.0,15.3,17.1,16.7,15.7,15.3
20260602,キングノジョー,61.4,44.3,29.1,14.2,17.1,15.2,14.9,14.2
20260602,ロジシーザ,65.0,47.6,30.8,15.4,17.4,16.8,15.4,15.4
20260602,レイランディ,64.8,47.6,30.9,15.2,17.2,16.7,15.7,15.2
20260602,ロードリュイール,58.5,42.7,27.8,13.7,15.8,14.9,14.1,13.7
20260602,レッジェランツァ,61.7,45.6,30.0,15.0,16.1,15.6,15.0,15.0
20260602,バンオンタイム,61.6,45.4,30.1,15.2,16.2,15.3,14.9,15.2
20260602,ダイユウヴェンティ,65.0,47.7,31.4,15.4,17.3,16.3,16.0,15.4
20260602,アマイクチヅケ,63.7,46.1,30.2,14.7,17.6,15.9,15.5,14.7
20260602,ゴールデンステップ,66.4,49.2,32.6,16.3,17.2,16.6,16.3,16.3
20260602,デルマシラカミ,71.3,51.8,34.3,17.0,19.5,17.5,17.3,17.0
20260602,ミスチヴマリアンヌ,69.9,51.1,33.9,16.8,18.8,17.2,17.1,16.8
20260602,ブルーリファール,69.9,51.8,34.5,17.2,18.1,17.3,17.3,17.2
20260602,インサイドエッジ,64.6,48.5,32.0,16.1,16.1,16.5,15.9,16.1
20260602,ロケットパンチ,68.4,49.8,32.8,16.1,18.6,17.0,16.7,16.1
20260602,デルマテイネ,69.5,51.8,34.4,17.4,17.7,17.4,17.0,17.4
20260602,シャインフォード,65.9,48.3,31.1,15.3,17.6,17.2,15.8,15.3
20260602,ブルドッグドン,67.4,48.9,31.8,15.9,18.5,17.1,15.9,15.9
20260602,アイファーファイト,72.2,53.8,35.7,18.0,18.4,18.1,17.7,18.0
20260602,マイネルヴェーゼン,68.6,51.1,33.4,16.4,17.5,17.7,17.0,16.4
20260602,シュアシング,68.5,50.3,33.3,16.1,18.2,17.0,17.2,16.1
20260602,ヌクレオチド,66.0,48.3,31.3,16.3,17.7,17.0,15.0,16.3
20260602,ステキサプライズ,65.2,47.3,30.5,15.2,17.9,16.8,15.3,15.2
20260602,テンレディーゴー,65.4,48.2,31.9,16.0,17.2,16.3,15.9,16.0
20260602,グラデュエール,65.9,48.7,31.6,15.9,17.2,17.1,15.7,15.9
20260602,クルビデンス,65.7,48.5,32.2,16.2,17.2,16.3,16.0,16.2
20260602,ベイビーキッス,62.2,46.0,30.5,15.4,16.2,15.5,15.1,15.4
20260602,ウィゾマニア,62.9,46.3,30.7,15.5,16.6,15.6,15.2,15.5
20260602,アイムスティルミー,68.2,51.1,33.8,16.8,17.1,17.3,17.0,16.8
20260602,マクリール,64.7,47.6,31.5,15.7,17.1,16.1,15.8,15.7
20260602,ウルウノマーズ,66.4,49.0,32.4,16.1,17.4,16.6,16.3,16.1
20260602,マイネルリコルディ,64.7,47.8,31.1,15.3,16.9,16.7,15.8,15.3
20260602,コパノストーム,65.7,48.3,31.5,15.7,17.4,16.8,15.8,15.7
20260602,パレスラン,62.5,45.9,30.2,14.8,16.6,15.7,15.4,14.8
20260602,コパノエビータ,68.2,51.0,33.5,16.5,17.2,17.5,17.0,16.5
20260602,トリニタリオ,90.2,68.1,45.9,23.0,22.1,22.2,22.9,23.0
20260602,ニシノアイオーン,70.2,52.8,35.5,18.6,17.4,17.3,16.9,18.6
20260602,タイキバルドル,70.1,51.7,34.9,18.2,18.4,16.8,16.7,18.2
20260602,ブライトラン,68.3,50.9,33.6,16.8,17.4,17.3,16.8,16.8
20260602,ファンシーズ,66.8,49.0,31.6,15.5,17.8,17.4,16.1,15.5
20260602,サノノソルジャー,71.9,53.2,35.4,18.0,18.7,17.8,17.4,18.0
20260602,ドナカルナバル,71.9,52.6,34.8,18.0,19.3,17.8,16.8,18.0
20260602,ハクシンブライアン,67.6,49.0,31.6,16.0,18.6,17.4,15.6,16.0
20260602,ニシノモリミチ,71.0,51.9,33.8,17.2,19.1,18.1,16.6,17.2
20260602,デルマザオウ,66.9,50.1,32.8,16.4,16.8,17.3,16.4,16.4
20260602,ヴェントベローチェ,71.3,52.2,34.2,17.0,19.1,18.0,17.2,17.0
20260602,エスシーレイジュ,65.6,48.9,32.5,16.1,16.7,16.4,16.4,16.1
20260602,サファイアテソーロ,70.2,51.8,33.7,17.1,18.4,18.1,16.6,17.1
20260602,ネイティヴプライド,69.6,51.3,33.8,16.8,18.3,17.5,17.0,16.8
20260602,ヴァールザーゲン,68.5,50.5,33.1,16.8,18.0,17.4,16.3,16.8
20260602,ゴールドテソーロ,70.0,51.4,34.3,17.1,18.6,17.1,17.2,17.1
20260602,ピースサイン,65.3,47.5,31.3,15.4,17.8,16.2,15.9,15.4
20260602,ハクサンミレイ,66.2,48.4,31.7,15.3,17.8,16.7,16.4,15.3
20260602,ベイビールビオ,64.1,46.2,30.2,15.1,17.9,16.0,15.1,15.1
20260602,アッチャゴーラ,69.9,50.5,33.0,15.8,19.4,17.5,17.2,15.8
20260602,グーテンベルク,68.7,49.9,32.3,16.0,18.8,17.6,16.3,16.0
20260602,シャドウメテオ,69.8,51.0,33.8,17.1,18.8,17.2,16.7,17.1
20260602,タケショウカイザー,60.5,44.9,29.8,15.2,15.6,15.1,14.6,15.2
20260602,サツキジュエル,62.7,46.0,30.4,15.4,16.7,15.6,15.0,15.4
20260602,ホウオウファラオ,61.2,45.0,29.7,14.8,16.2,15.3,14.9,14.8
20260602,カサビセンス,66.9,49.6,32.8,16.3,17.3,16.8,16.5,16.3
20260602,アルーリングボーイ,75.6,56.0,37.9,19.5,19.6,18.1,18.4,19.5
20260602,スミレファースト,66.1,49.1,32.5,16.0,17.0,16.6,16.5,16.0
20260602,ルージュラナキラ,69.4,51.4,34.0,16.9,18.0,17.4,17.1,16.9
20260602,ヒケヤイワフネ,67.2,49.4,32.7,16.5,17.8,16.7,16.2,16.5
20260602,タカラエイティ,65.6,46.5,30.2,14.7,19.1,16.3,15.5,14.7
20260602,スカット,70.7,50.8,33.3,16.0,19.9,17.5,17.3,16.0
20260602,ディル,69.6,51.0,33.5,16.9,18.6,17.5,16.6,16.9
20260602,ハルガスミ,66.3,47.0,30.2,14.8,19.3,16.8,15.4,14.8
20260602,エフォートレス,65.1,48.5,32.1,16.1,16.6,16.4,16.0,16.1
20260602,シュヴァルボヌール,70.4,52.2,34.2,16.9,18.2,18.0,17.3,16.9
20260602,ベンメリア,64.4,48.1,32.0,16.2,16.3,16.1,15.8,16.2
20260602,オンクラウドナイン,65.0,47.9,31.6,15.8,17.1,16.3,15.8,15.8
20260602,ウインビギニング,65.4,47.7,32.0,16.2,17.7,15.7,15.8,16.2
20260602,クインズヒマワリ,65.4,48.5,32.1,16.0,16.9,16.4,16.1,16.0
20260602,ダイシンレスター,70.5,51.7,33.5,16.4,18.8,18.2,17.1,16.4
20260602,バターショコラ,68.3,50.1,32.7,16.0,18.2,17.4,16.7,16.0
20260602,ギムナシオン,67.7,50.4,33.0,16.1,17.3,17.4,16.9,16.1
20260602,ﾍﾟﾙﾍﾟﾄｩｵの24,68.3,50.4,32.9,16.0,17.9,17.5,16.9,16.0
20260602,サンカルミア,61.7,44.2,29.0,13.8,17.5,15.2,15.2,13.8
20260602,ビーオンザカバー,66.5,48.5,31.3,15.5,18.0,17.2,15.8,15.5
20260602,タイキブリッツェン,66.5,48.7,31.8,15.4,17.8,16.9,16.4,15.4
20260602,ギンケイ,64.2,48.5,32.0,16.2,15.7,16.5,15.8,16.2
20260602,フレイコン,68.1,50.0,32.5,16.1,18.1,17.5,16.4,16.1
20260602,ミニョンマルーン,65.7,48.5,31.6,15.9,17.2,16.9,15.7,15.9
20260602,ライトアファイア,66.4,48.8,31.9,15.6,17.6,16.9,16.3,15.6
20260602,アルニタク,68.6,50.6,33.2,16.2,18.0,17.4,17.0,16.2
20260602,ブリスフル,69.4,52.8,35.1,17.5,16.6,17.7,17.6,17.5
20260602,タイセイルビー,64.2,46.8,30.1,14.7,17.4,16.7,15.4,14.7
20260602,アイファーファイト,69.6,51.1,33.6,16.7,18.5,17.5,16.9,16.7
20260602,トクシーカイザー,60.4,44.9,29.5,14.5,15.5,15.4,15.0,14.5
20260602,ツインピークス,68.9,49.7,32.9,16.3,19.2,16.8,16.6,16.3
20260602,セイントエルモズ,61.0,45.1,29.9,14.8,15.9,15.2,15.1,14.8
20260602,デルマテイネ,68.6,50.6,33.7,16.8,18.0,16.9,16.9,16.8
20260602,マイネルヴェーゼン,64.6,47.7,31.3,15.4,16.9,16.4,15.9,15.4
20260602,ジョワリヴレ,66.3,48.9,32.6,16.3,17.4,16.3,16.3,16.3
20260602,シュアシング,66.3,48.7,32.1,16.3,17.6,16.6,15.8,16.3
20260602,ニースケンス,61.1,44.9,29.4,14.7,16.2,15.5,14.7,14.7
20260602,クインズデネブ,64.0,47.5,30.7,15.3,16.5,16.8,15.4,15.3
20260602,スマートブル,66.8,48.7,32.0,15.9,18.1,16.7,16.1,15.9
20260602,ライネリーベ,70.2,52.0,34.0,16.8,18.2,18.0,17.2,16.8
20260602,シアワセチョウサン,67.1,48.8,32.2,16.3,18.3,16.6,15.9,16.3
20260602,グランフォワイエ,68.5,50.4,33.3,16.3,18.1,17.1,17.0,16.3
20260602,ゴーントゥファー,62.9,46.2,29.7,14.8,16.7,16.5,14.9,14.8
20260602,ハチマン,67.8,49.9,31.7,15.3,17.9,18.2,16.4,15.3
20260602,カフェプラウド,65.8,48.0,31.5,15.5,17.8,16.5,16.0,15.5
20260602,ラスティングスノー,66.5,49.2,33.1,16.7,17.3,16.1,16.4,16.7
20260602,エリザベスタウン,67.1,49.3,33.0,16.5,17.8,16.3,16.5,16.5
20260602,ジュナベーラ,70.8,52.0,34.1,17.0,18.8,17.9,17.1,17.0
20260602,ベアハンドキャッチ,67.0,49.5,32.9,16.4,17.5,16.6,16.5,16.4
20260602,キタイノホシ,67.2,48.8,31.8,15.8,18.4,17.0,16.0,15.8
20260602,チャームジュネーヴ,67.6,49.2,31.9,15.6,18.4,17.3,16.3,15.6
20260602,デルマカイモン,67.9,50.1,32.2,15.9,17.8,17.9,16.3,15.9
20260602,モーモーゼロ,68.4,51.3,34.1,16.9,17.1,17.2,17.2,16.9
20260602,トム,68.3,51.1,33.7,16.3,17.2,17.4,17.4,16.3
20260602,テリオスノバ,68.5,50.4,32.8,16.2,18.1,17.6,16.6,16.2
20260602,オーディンスピア,67.4,49.4,32.4,16.2,18.0,17.0,16.2,16.2
20260602,クレパスキュラー,54.1,38.9,24.8,12.1,15.2,14.1,12.7,12.1
20260602,ステラガーネット,54.9,39.4,25.9,12.7,15.5,13.5,13.2,12.7
20260602,キセキノエンジェル,66.4,49.5,32.6,16.1,16.9,16.9,16.5,16.1
20260602,クリノゴッホ,66.3,48.5,32.0,15.9,17.8,16.5,16.1,15.9
20260602,ダノンケリー,67.9,50.6,33.4,16.7,17.3,17.2,16.7,16.7
20260602,ジュワネング,63.0,46.3,30.7,15.5,16.7,15.6,15.2,15.5
20260602,ホーナー,63.8,46.8,31.1,15.6,17.0,15.7,15.5,15.6
20260602,スタールーラー,66.6,49.5,33.3,17.1,17.1,16.2,16.2,17.1
20260602,サザンヴィターレ,64.8,47.6,31.8,16.0,17.2,15.8,15.8,16.0
20260602,ロケットチャンバー,66.9,48.7,31.9,15.8,18.2,16.8,16.1,15.8
20260602,サノノファイター,63.4,46.4,30.6,15.4,17.0,15.8,15.2,15.4
20260602,スナッチアップ,66.1,47.5,31.7,15.9,18.6,15.8,15.8,15.9
20260602,スパークルレイ,71.5,53.8,35.9,17.7,17.7,17.9,18.2,17.7
20260602,カンフーヒーロー,74.3,53.9,35.2,17.6,20.4,18.7,17.6,17.6
20260602,サイモンナイスラン,66.5,49.1,33.0,16.8,17.4,16.1,16.2,16.8
20260602,ブラボーワン,65.9,48.6,31.2,14.9,17.3,17.4,16.3,14.9
20260602,ヴェットビルズ,73.8,53.5,35.0,16.9,20.3,18.5,18.1,16.9
20260602,タヤスロレンヌ,64.6,47.4,31.1,15.5,17.2,16.3,15.6,15.5
20260602,マナベラ,64.2,47.4,31.0,15.5,16.8,16.4,15.5,15.5
20260602,カリボール,72.0,52.2,33.6,15.7,19.8,18.6,17.9,15.7
20260602,エコロアルバ,71.4,51.3,32.7,15.8,20.1,18.6,16.9,15.8
20260602,キョウエイアート,68.2,51.0,34.1,17.2,17.2,16.9,16.9,17.2
20260602,ウイニングレイ,74.0,53.9,34.6,17.0,20.1,19.3,17.6,17.0
20260602,クワッドマリニン,64.5,48.4,32.6,16.2,16.1,15.8,16.4,16.2
20260602,ニットウエース,65.1,47.8,32.0,15.3,17.3,15.8,16.7,15.3
20260602,ラブデウザ,65.7,48.6,31.6,15.3,17.1,17.0,16.3,15.3
20260602,ステレンボッシュ,61.4,45.4,29.7,14.7,16.0,15.7,15.0,14.7
20260602,ディメンシア,69.1,51.4,34.1,17.1,17.7,17.3,17.0,17.1
20260602,ジャスティンシカゴ,58.8,42.6,27.8,13.5,16.2,14.8,14.3,13.5
20260602,エヴァンスベイ,65.5,47.3,30.5,15.1,18.2,16.8,15.4,15.1
20260602,ザーフィル,74.0,53.6,34.8,16.8,20.4,18.8,18.0,16.8
20260602,ゼノスフィア,68.4,51.3,33.6,16.5,17.1,17.7,17.1,16.5
20260602,ゼットターム,68.1,51.4,33.7,16.6,16.7,17.7,17.1,16.6
20260602,スナッピードレッサ,64.5,48.0,31.0,15.0,16.5,17.0,16.0,15.0
20260602,ロンギングフォユー,64.8,47.9,30.9,15.0,16.9,17.0,15.9,15.0
20260602,ショウナンマルチ,67.6,49.0,31.4,15.4,18.6,17.6,16.0,15.4
20260602,ポッドベイダー,65.5,49.2,32.2,15.8,16.3,17.0,16.4,15.8
20260602,リアライズオーラム,66.2,49.2,32.7,16.3,17.0,16.5,16.4,16.3
20260602,ゴールデンパゴーダ,65.7,49.0,32.3,15.9,16.7,16.7,16.4,15.9
20260602,レイフロレット,54.4,39.9,26.3,13.0,14.5,13.6,13.3,13.0
20260602,ゴキゲンサン,63.3,47.3,31.9,15.8,16.0,15.4,16.1,15.8
20260602,シーニックビュー,69.9,51.4,33.8,16.9,18.5,17.6,16.9,16.9
20260602,ピコアーガイル,63.3,46.8,31.5,15.6,16.5,15.3,15.9,15.6
20260602,マカナ,65.9,49.1,31.8,15.5,16.8,17.3,16.3,15.5
20260602,ダイユウサルターレ,67.8,49.0,31.6,15.6,18.8,17.4,16.0,15.6
20260602,ノリキング,65.4,48.6,32.6,16.2,16.8,16.0,16.4,16.2
20260602,ホワイトドラゴン,64.8,48.4,32.1,16.1,16.4,16.3,16.0,16.1
20260602,ミライヘノティアラ,64.8,48.3,32.2,16.2,16.5,16.1,16.0,16.2
20260602,ミッドナイトドア,64.0,47.8,32.0,16.0,16.2,15.8,16.0,16.0
20260602,ハンデンブレイズ,64.9,48.1,31.8,15.7,16.8,16.3,16.1,15.7
20260602,パンジャ,73.6,54.3,36.4,18.2,19.3,17.9,18.2,18.2
20260602,グランドストーリー,73.8,53.8,35.6,17.9,20.0,18.2,17.7,17.9
20260602,エクストラノート,65.4,48.4,32.5,16.4,17.0,15.9,16.1,16.4
20260602,トキメキジニア,68.2,50.8,33.7,16.9,17.4,17.1,16.8,16.9
20260602,イマジェリーナ,66.8,50.0,33.6,16.7,16.8,16.4,16.9,16.7
20260602,スパークルレイ,69.8,51.8,35.0,17.7,18.0,16.8,17.3,17.7
20260602,カキュウ,72.7,53.3,35.1,17.5,19.4,18.2,17.6,17.5
20260602,ロココ,66.6,48.7,32.0,15.7,17.9,16.7,16.3,15.7
20260602,ヴェットビルズ,67.8,49.4,32.7,16.5,18.4,16.7,16.2,16.5
20260602,ラブマイティー,71.6,52.3,34.2,17.0,19.3,18.1,17.2,17.0
20260602,トクシースタローン,70.1,50.2,32.5,16.0,19.9,17.7,16.5,16.0
20260602,ゲンジ,67.0,49.0,32.5,16.3,18.0,16.5,16.2,16.3
20260602,カゼノオモイデ,66.8,48.9,31.5,15.5,17.9,17.4,16.0,15.5
20260602,アイリーノリチャン,67.5,49.3,32.4,16.3,18.2,16.9,16.1,16.3
20260602,ウィルレーヴィア,66.7,48.9,32.4,16.3,17.8,16.5,16.1,16.3
20260602,エコロアルバ,70.0,50.8,33.1,16.2,19.2,17.7,16.9,16.2
20260602,カサブランカキッド,64.9,48.2,32.1,15.8,16.7,16.1,16.3,15.8
20260602,ファンダム,130.6,92.8,59.6,26.8,37.8,33.2,32.8,26.8
20260602,ハリペオ,65.6,48.2,32.0,16.2,17.4,16.2,15.8,16.2
20260602,マイネルクロカータ,68.3,50.5,33.9,17.1,17.8,16.6,16.8,17.1
20260602,キタノバトゥーキ,68.5,50.6,33.9,17.2,17.9,16.7,16.7,17.2
20260602,シーグルロス,67.4,50.2,33.0,15.9,17.2,17.2,17.1,15.9
20260602,ライヴバーボン,67.7,50.5,34.0,17.2,17.2,16.5,16.8,17.2
20260602,コスモバルムンク,77.4,57.6,37.4,18.5,19.8,20.2,18.9,18.5
20260602,インペリアルライン,68.1,50.1,33.0,16.3,18.0,17.1,16.7,16.3
20260602,ブリックンクリック,69.2,50.5,32.6,15.7,18.7,17.9,16.9,15.7
20260602,スタームーンナイト,68.2,50.6,33.2,16.8,17.6,17.4,16.4,16.8
20260602,ランプリサージュ,67.8,49.9,32.7,15.7,17.9,17.2,17.0,15.7
20260602,ハイトラクション,68.1,50.1,32.8,15.8,18.0,17.3,17.0,15.8
20260602,ﾃｨｱｰﾓの24,68.1,50.1,32.9,16.3,18.0,17.2,16.6,16.3
20260602,ジップスパーク,68.6,51.0,33.6,17.0,17.6,17.4,16.6,17.0
20260602,ニシノマティーニ,72.1,53.1,34.3,16.8,19.0,18.8,17.5,16.8
20260602,クモヒトツナイ,61.2,42.7,27.5,13.5,18.5,15.2,14.0,13.5
20260602,ファインブライト,71.5,53.9,35.9,18.1,17.6,18.0,17.8,18.1
20260602,モンドシュピーゲル,75.3,55.0,35.8,17.8,20.3,19.2,18.0,17.8
20260602,ブラックナザレ,74.3,56.1,36.8,18.4,18.2,19.3,18.4,18.4
20260602,ペリプルス,69.6,51.5,33.2,16.0,18.1,18.3,17.2,16.0
20260602,ブラックトルネード,66.5,49.1,32.4,16.2,17.4,16.7,16.2,16.2
20260602,ステラノヴァ,68.7,50.9,33.6,16.6,17.8,17.3,17.0,16.6
20260602,マスカルポーネ,66.5,49.2,32.6,16.2,17.3,16.6,16.4,16.2
20260602,コスモシグナス,69.9,51.5,34.1,16.8,18.4,17.4,17.3,16.8
20260602,モミスケ,70.3,51.5,34.2,16.6,18.8,17.3,17.6,16.6
20260602,ピリナカピリナ,74.4,55.9,37.1,18.7,18.5,18.8,18.4,18.7
20260602,ヤマタケゲンジ,69.4,51.5,34.2,17.0,17.9,17.3,17.2,17.0
20260602,モーモーワン,69.3,51.5,34.1,16.9,17.8,17.4,17.2,16.9
20260602,ニシノキフジン,68.0,50.8,33.9,17.0,17.2,16.9,16.9,17.0
20260602,ホウオウフロイト,87.7,65.0,42.5,20.8,22.7,22.5,21.7,20.8
20260602,セキテイロックス,68.0,49.3,32.7,16.9,18.7,16.6,15.8,16.9
20260602,スノーキャップ,67.0,49.5,32.3,15.9,17.5,17.2,16.4,15.9
20260602,メジェグレイス,67.8,50.0,32.6,16.3,17.8,17.4,16.3,16.3
20260602,ロードアマデウス,65.8,49.0,32.2,16.0,16.8,16.8,16.2,16.0
20260602,パッカパッカブー,68.5,48.7,31.4,15.1,19.8,17.3,16.3,15.1
20260602,ディサイドオンミー,67.7,48.9,31.8,15.2,18.8,17.1,16.6,15.2
20260602,ブライスフェアリー,67.4,48.3,31.0,14.6,19.1,17.3,16.4,14.6
20260602,ホットゥトロット,66.7,49.1,31.3,15.4,17.6,17.8,15.9,15.4
20260602,ラムールデュヴォン,69.3,49.0,31.0,15.1,20.3,18.0,15.9,15.1
20260602,サンレガート,67.9,48.8,31.4,14.9,19.1,17.4,16.5,14.9
20260602,スペルビア,68.7,50.6,32.7,15.9,18.1,17.9,16.8,15.9
20260602,ヒットミー,64.1,47.3,30.9,15.2,16.8,16.4,15.7,15.2
20260602,サトノラポール,62.2,46.0,30.1,15.1,16.2,15.9,15.0,15.1
20260602,ピックデムッシュ,63.2,46.9,30.6,15.4,16.3,16.3,15.2,15.4
20260602,コムユンプリュム,60.5,45.1,30.0,15.2,15.4,15.1,14.8,15.2
20260602,ファリーザ,66.0,47.8,30.9,14.2,18.2,16.9,16.7,14.2
20260602,サムシングニュー,62.6,46.6,30.7,15.0,16.0,15.9,15.7,15.0
20260602,コスモアルペジオ,60.7,45.2,29.2,14.3,15.5,16.0,14.9,14.3
20260602,ノヴァルクス,62.2,46.7,30.6,15.1,15.5,16.1,15.5,15.1
20260602,シュートザワークス,70.2,51.3,33.5,15.9,18.9,17.8,17.6,15.9
20260602,ネイチャーシップ,66.2,49.4,33.0,16.2,16.8,16.4,16.8,16.2
20260602,ヴィクトリーロード,67.6,50.6,33.7,16.7,17.0,16.9,17.0,16.7
20260602,ムチャスグラシアス,64.0,47.1,30.9,15.3,16.9,16.2,15.6,15.3
20260602,ポッドジーク,64.0,47.2,30.6,15.3,16.8,16.6,15.3,15.3
20260602,モンドシュピーゲル,53.7,39.0,25.6,12.3,14.7,13.4,13.3,12.3
20260602,コスモハナミズキ,64.6,48.4,32.0,15.9,16.2,16.4,16.1,15.9
20260602,ダブルブロッサム,64.9,47.9,31.5,15.7,17.0,16.4,15.8,15.7
20260602,クラウンフリード,64.2,47.2,31.3,15.3,17.0,15.9,16.0,15.3
20260602,デルマハルナ,56.3,42.9,29.6,15.4,13.4,13.3,14.2,15.4
20260602,ホウオウファミリー,56.2,41.6,27.0,13.1,14.6,14.6,13.9,13.1
20260602,サノノベリー,62.0,45.7,30.1,15.0,16.3,15.6,15.1,15.0
20260602,ﾘﾘｰｱﾒﾘｶの24,63.4,47.0,31.7,15.6,16.4,15.3,16.1,15.6
20260602,ハートホイップ,64.0,46.2,30.7,15.6,17.8,15.5,15.1,15.6
20260602,ハッピーロンドン,64.7,47.1,31.3,15.8,17.6,15.8,15.5,15.8
20260602,ヴェサリウス,53.6,39.7,25.9,12.5,13.9,13.8,13.4,12.5
20260602,シャパリュ,53.4,39.7,26.0,12.6,13.7,13.7,13.4,12.6
20260602,アイファーアイドル,68.2,50.6,33.3,16.5,17.6,17.3,16.8,16.5
20260602,レースクイーン,66.8,49.0,31.8,15.3,17.8,17.2,16.5,15.3
20260602,キタノオンザバス,68.8,50.6,33.4,16.8,18.2,17.2,16.6,16.8
20260602,シーギリヤロック,59.2,43.7,28.6,14.0,15.5,15.1,14.6,14.0
20260602,モウレツ,67.3,49.3,32.8,16.4,18.0,16.5,16.4,16.4
20260602,ゴルトレオパルト,79.8,59.6,39.6,19.8,20.2,20.0,19.8,19.8
20260602,サイコウダネ,69.5,50.3,32.8,15.4,19.2,17.5,17.4,15.4
20260602,パイシャオピン,71.0,51.4,33.5,16.6,19.6,17.9,16.9,16.6
20260602,マインセーラ,76.5,57.9,38.7,19.6,18.6,19.2,19.1,19.6
20260602,ガーシュウィン,63.2,46.8,31.3,16.0,16.4,15.5,15.3,16.0
20260602,エニシングゴース,62.7,46.5,31.3,15.9,16.2,15.2,15.4,15.9
20260602,ワンダリングスター,79.0,59.2,39.4,19.9,19.8,19.8,19.5,19.9
20260602,モリノヤマセミ,72.9,54.6,37.1,19.1,18.3,17.5,18.0,19.1
20260602,サルヴァトーレ,73.0,52.8,34.8,17.3,20.2,18.0,17.5,17.3
20260602,ピンキープロミス,72.8,53.6,35.3,17.7,19.2,18.3,17.6,17.7
20260602,スターウェーブ,66.1,48.4,31.9,15.9,17.7,16.5,16.0,15.9
20260602,リスペクトライト,64.2,47.5,31.9,15.9,16.7,15.6,16.0,15.9
20260602,エジプシャンマウ,65.4,48.3,31.7,15.9,17.1,16.6,15.8,15.9
20260602,ピーエムキンチャン,65.8,48.8,33.0,16.6,17.0,15.8,16.4,16.6
20260602,エバーメテオ,67.3,49.4,32.9,16.8,17.9,16.5,16.1,16.8
20260602,ヌーンベルク,61.4,46.2,30.6,15.6,15.2,15.6,15.0,15.6
20260602,ジョドレルバンク,65.0,47.8,31.4,15.8,17.2,16.4,15.6,15.8
20260602,カリーシ,64.8,47.6,31.5,16.0,17.2,16.1,15.5,16.0
20260602,コスモアチーブ,68.6,50.5,33.3,16.7,18.1,17.2,16.6,16.7
20260602,ティスマイル,66.5,48.0,31.0,15.5,18.5,17.0,15.5,15.5
20260602,ヴェントリナ,66.5,48.8,31.8,16.0,17.7,17.0,15.8,16.0
20260602,ダイメイビッグボス,65.1,47.4,31.3,15.8,17.7,16.1,15.5,15.8
20260602,ポッドエステラ,68.4,49.7,32.2,15.5,18.7,17.5,16.7,15.5
20260602,エーアイクワイ,68.5,51.0,33.9,16.8,17.5,17.1,17.1,16.8
20260602,オーケーマドンナ,70.1,51.5,34.0,17.2,18.6,17.5,16.8,17.2
20260602,レイシャル,68.0,49.8,32.7,16.4,18.2,17.1,16.3,16.4
20260602,タイセイアドーレ,68.4,49.8,32.3,15.5,18.6,17.5,16.8,15.5
20260602,プリンセスロッティ,66.9,48.8,31.4,15.3,18.1,17.4,16.1,15.3
20260602,カツノテンス,65.8,48.3,31.6,15.9,17.5,16.7,15.7,15.9
20260602,アージェント,62.1,45.1,29.2,14.6,17.0,15.9,14.6,14.6
20260602,ワンダラー,61.8,45.3,29.6,14.8,16.5,15.7,14.8,14.8
20260602,ミクストベリーズ,67.3,49.7,32.4,15.8,17.6,17.3,16.6,15.8
20260602,ペイシャオーヴァル,67.5,49.1,32.1,16.2,18.4,17.0,15.9,16.2
20260602,シャルムグリーン,64.6,47.7,31.3,15.4,16.9,16.4,15.9,15.4
20260602,セイントクーヤ,62.5,45.4,29.9,15.2,17.1,15.5,14.7,15.2
20260602,レッドリアライズ,62.5,45.8,29.8,14.9,16.7,16.0,14.9,14.9
20260602,アルティーノ,69.3,51.0,33.2,16.6,18.3,17.8,16.6,16.6
20260602,レイヒストリコ,63.1,45.8,29.9,15.0,17.3,15.9,14.9,15.0
20260602,マーゴットパラディ,61.6,44.4,29.5,15.0,17.2,14.9,14.5,15.0
20260602,オーケーエース,64.2,47.6,31.2,15.7,16.6,16.4,15.5,15.7
20260602,ホワイトフレアー,63.4,46.2,30.1,15.0,17.2,16.1,15.1,15.0
20260602,シックスペンス,59.6,44.0,28.9,14.2,15.6,15.1,14.7,14.2
20260602,ヴァルキリーバース,60.5,43.7,28.3,14.2,16.8,15.4,14.1,14.2
20260602,ゴートゥーバラモン,76.4,56.6,37.6,18.5,19.8,19.0,19.1,18.5
20260602,ソーマッチ,66.0,47.7,31.4,15.9,18.3,16.3,15.5,15.9
20260602,ナムラドガ,64.0,46.6,30.0,14.3,17.4,16.6,15.7,14.3
20260602,クロダテ,60.5,44.1,28.3,13.4,16.4,15.8,14.9,13.4
20260602,ﾒｶﾞﾐﾁｬﾝの24,76.0,56.5,37.9,18.9,19.5,18.6,19.0,18.9
20260602,インザダーク,76.2,56.5,37.5,18.4,19.7,19.0,19.1,18.4
20260602,ズイウンゴサイ,65.0,48.8,32.4,16.4,16.2,16.4,16.0,16.4
20260602,レッドキングリー,71.9,53.1,34.9,17.0,18.8,18.2,17.9,17.0
20260602,ウインドオブヘヴン,69.9,51.3,33.5,16.9,18.6,17.8,16.6,16.9
20260602,タートルインメイ,66.0,49.6,33.4,17.0,16.4,16.2,16.4,17.0
20260602,ロスパレドネス,72.3,53.9,35.6,17.7,18.4,18.3,17.9,17.7
20260602,コウソクレムリア,70.7,52.1,34.5,17.1,18.6,17.6,17.4,17.1
20260602,ヴァストマーレ,71.8,53.3,35.5,17.8,18.5,17.8,17.7,17.8
20260602,スカイズザリミット,71.5,53.2,35.0,16.9,18.3,18.2,18.1,16.9
20260602,リリコイ,71.9,53.4,36.0,17.9,18.5,17.4,18.1,17.9
20260602,ジュベルシャムス,72.2,53.3,35.5,17.4,18.9,17.8,18.1,17.4
20260602,コンクレデンツァ,69.4,51.1,33.1,16.4,18.3,18.0,16.7,16.4
20260602,ジャクソン,64.8,48.0,31.7,15.9,16.8,16.3,15.8,15.9
20260602,マッドヘッドラブ,68.5,49.3,32.1,15.4,19.2,17.2,16.7,15.4
20260602,レガリーノ,73.9,54.7,36.2,17.9,19.2,18.5,18.3,17.9
20260602,ウインターブレス,67.7,49.3,32.4,15.7,18.4,16.9,16.7,15.7
20260602,モデレートゲイル,66.9,47.6,30.2,14.8,19.3,17.4,15.4,14.8
20260602,ダイユウアドバンス,64.1,46.5,30.7,15.3,17.6,15.8,15.4,15.3
20260602,ホウオウデンファレ,68.9,50.6,34.0,17.2,18.3,16.6,16.8,17.2
20260602,プリヴィマーク,69.0,50.8,34.3,17.1,18.2,16.5,17.2,17.1
20260602,イサチルサリーレ,66.8,48.6,32.3,15.8,18.2,16.3,16.5,15.8
20260602,パーレンチャン,68.7,50.0,33.1,16.7,18.7,16.9,16.4,16.7
20260602,タイセイソアリング,68.8,50.0,33.0,16.4,18.8,17.0,16.6,16.4
20260602,ペントザリス,67.9,50.0,32.5,15.6,17.9,17.5,16.9,15.6
20260602,グランドフォレスト,69.0,51.7,34.7,17.2,17.3,17.0,17.5,17.2
20260602,タイキフィアリーベ,65.7,48.3,31.8,15.9,17.4,16.5,15.9,15.9
20260602,キタノローズ,66.4,47.9,31.2,15.7,18.5,16.7,15.5,15.7
20260602,ハッピーカーン,75.9,54.5,35.2,17.5,21.4,19.3,17.7,17.5
20260602,ヤクジョ,71.4,51.1,33.1,16.4,20.3,18.0,16.7,16.4
20260602,マイネルディザイア,66.7,49.0,33.0,16.9,17.7,16.0,16.1,16.9
20260602,ベルウッドディープ,65.9,48.4,32.0,15.8,17.5,16.4,16.2,15.8
20260602,マンダリンボレロ,67.2,49.3,32.3,16.3,17.9,17.0,16.0,16.3
20260602,エクセルゴールド,64.5,48.1,32.1,16.1,16.4,16.0,16.0,16.1
20260602,モルトマエストーソ,63.6,47.7,31.8,16.1,15.9,15.9,15.7,16.1
20260602,ナクライト,63.3,46.9,30.6,14.4,16.4,16.3,16.2,14.4
20260602,マーキュリーダイム,71.4,52.3,34.2,17.7,19.1,18.1,16.5,17.7
20260602,レイナデルアイレ,68.9,51.6,34.4,17.8,17.3,17.2,16.6,17.8
20260602,ジェイエルキャリア,66.3,48.6,32.3,16.1,17.7,16.3,16.2,16.1
20260602,ゴートゥービッツン,67.8,49.4,32.5,16.5,18.4,16.9,16.0,16.5
20260602,ジーティーフクジ,67.7,48.6,31.4,15.7,19.1,17.2,15.7,15.7
20260602,アルカンサス,63.3,47.3,31.9,16.0,16.0,15.4,15.9,16.0
20260602,キボウノホシ,80.1,58.2,37.4,18.5,21.9,20.8,18.9,18.5
20260602,アースイオス,64.2,46.8,30.0,14.8,17.4,16.8,15.2,14.8
20260602,キタノソブリン,69.2,51.1,33.7,16.5,18.1,17.4,17.2,16.5
20260602,キタノシオン,69.2,50.4,32.9,16.1,18.8,17.5,16.8,16.1
20260602,イデアクリスタル,63.3,46.9,31.0,15.1,16.4,15.9,15.9,15.1
20260602,キコリータ,62.5,46.0,30.4,15.0,16.5,15.6,15.4,15.0
20260602,グランマズドリーム,63.0,46.1,30.7,14.9,16.9,15.4,15.8,14.9
20260602,オウケンサクラコ,62.9,45.9,30.8,15.3,17.0,15.1,15.5,15.3
20260602,ホカミテダメ,63.2,46.3,31.0,15.3,16.9,15.3,15.7,15.3
20260602,アイデアルカット,62.5,46.6,31.4,15.9,15.9,15.2,15.5,15.9
20260602,ジュネストレイル,62.7,46.8,31.2,15.5,15.9,15.6,15.7,15.5
20260602,ﾍﾞｽﾄｲﾝﾊﾟｸﾄの24,62.7,46.6,31.1,15.4,16.1,15.5,15.7,15.4
20260602,ミリオ,63.2,47.0,31.5,15.7,16.2,15.5,15.8,15.7
20260602,ルクスジニア,63.9,47.2,31.1,15.3,16.7,16.1,15.8,15.3
20260602,ウフドゥウフ,63.2,46.4,30.7,15.4,16.8,15.7,15.3,15.4
20260602,ペプチドドリーム,66.0,48.5,31.6,15.2,17.5,16.9,16.4,15.2
20260602,タイセイジェンマ,66.4,48.6,32.2,15.9,17.8,16.4,16.3,15.9
20260602,ブライトシーン,64.1,47.0,30.8,15.4,17.1,16.2,15.4,15.4
20260602,ポッドベル,65.3,49.1,32.7,16.5,16.2,16.4,16.2,16.5
20260602,ブルージャイアント,65.1,48.1,31.6,15.3,17.0,16.5,16.3,15.3
20260602,ヤマトスイフト,70.2,51.6,33.7,16.7,18.6,17.9,17.0,16.7
20260602,バトルモクオ,68.1,50.3,33.6,16.8,17.8,16.7,16.8,16.8
20260602,モストロ,69.4,50.7,33.7,17.4,18.7,17.0,16.3,17.4
20260602,アルバニクス,71.2,51.8,34.2,17.4,19.4,17.6,16.8,17.4
20260602,ビルバンテ,62.7,46.3,30.5,15.0,16.4,15.8,15.5,15.0
20260602,ジュンヴィヴァン,62.8,46.3,30.1,14.7,16.5,16.2,15.4,14.7
20260602,エイシンウルクンデ,71.3,52.1,34.0,17.0,19.2,18.1,17.0,17.0
20260602,サクラトップラック,69.9,51.2,33.4,16.3,18.7,17.8,17.1,16.3
20260602,ウインドワンピース,69.3,50.8,33.0,16.1,18.5,17.8,16.9,16.1
20260602,リーゼントジェイド,67.3,48.9,32.1,15.7,18.4,16.8,16.4,15.7
20260602,ヨシヒロ,64.4,47.5,31.5,15.7,16.9,16.0,15.8,15.7
20260602,マンモスホームラン,70.8,52.0,34.5,17.0,18.8,17.5,17.5,17.0
20260602,デルマノリクラ,67.2,50.0,33.2,16.5,17.2,16.8,16.7,16.5
20260602,メビウスロマンス,68.1,49.4,32.3,16.0,18.7,17.1,16.3,16.0
20260602,タイセイエムロード,68.5,50.2,33.0,16.0,18.3,17.2,17.0,16.0
20260602,ドゥーニ,67.9,49.4,31.8,15.8,18.5,17.6,16.0,15.8
20260602,ヴィスクレス,67.3,49.1,31.5,15.6,18.2,17.6,15.9,15.6
20260602,ミラクルオーラ,65.3,47.9,32.0,15.8,17.4,15.9,16.2,15.8
20260602,オウケンマックス,64.7,47.6,31.4,15.6,17.1,16.2,15.8,15.6
20260602,タキノボリ,70.9,51.5,33.6,16.9,19.4,17.9,16.7,16.9
20260602,コンティオ,62.1,45.3,29.8,15.0,16.8,15.5,14.8,15.0
20260602,クレオズニードル,63.4,47.4,31.5,15.9,16.0,15.9,15.6,15.9
20260602,アグネスブリッツ,63.1,46.6,30.2,14.7,16.5,16.4,15.5,14.7
20260602,クールフィデル,61.1,45.3,29.9,15.0,15.8,15.4,14.9,15.0
20260602,ニューロファイター,61.6,45.5,29.5,14.7,16.1,16.0,14.8,14.7
20260602,ブリングライト,65.5,49.1,32.4,16.8,16.4,16.7,15.6,16.8
20260602,コックオーヴァン,66.9,49.0,30.9,14.8,17.9,18.1,16.1,14.8
20260602,ジーティーストーム,66.3,49.4,32.4,15.8,16.9,17.0,16.6,15.8
20260602,デスティネ,67.5,49.8,33.0,16.4,17.7,16.8,16.6,16.4
20260602,ゴルトレオパルト,67.1,50.5,33.8,16.9,16.6,16.7,16.9,16.9
20260602,ヤマタケボニータ,69.6,51.4,33.8,17.0,18.2,17.6,16.8,17.0
20260602,マインセーラ,69.2,51.8,34.9,17.9,17.4,16.9,17.0,17.9
20260602,ニシノランペイジ,69.2,50.8,33.6,16.6,18.4,17.2,17.0,16.6
20260602,ワンダリングスター,67.9,50.4,33.2,16.3,17.5,17.2,16.9,16.3
20260602,エストゥペンダ,67.4,48.7,30.9,14.7,18.7,17.8,16.2,14.7
20260602,ディースプレマシー,68.0,51.4,33.2,16.7,16.6,18.2,16.5,16.7
20260602,ビップマリク,67.0,49.5,32.3,15.9,17.5,17.2,16.4,15.9
20260602,ファインサマーデイ,67.2,49.9,32.8,16.3,17.3,17.1,16.5,16.3
20260602,テリオスルミ,55.0,40.6,26.6,13.2,14.4,14.0,13.4,13.2
20260602,シュハリ,64.5,47.3,30.9,15.7,17.2,16.4,15.2,15.7
20260602,インプロペリア,64.1,47.6,30.4,14.5,16.5,17.2,15.9,14.5
20260602,ヴェンデボヌール,62.1,45.8,30.4,14.8,16.3,15.4,15.6,14.8
20260602,ティナンヴァランタ,65.9,48.2,31.0,15.1,17.7,17.2,15.9,15.1
20260602,タイセイアストロ,63.9,46.0,29.3,14.0,17.9,16.7,15.3,14.0
20260602,ルージュフローラ,65.5,47.6,30.8,14.9,17.9,16.8,15.9,14.9
20260602,ノヴェルアレイア,66.8,49.5,32.7,16.2,17.3,16.8,16.5,16.2
20260602,デヴィーア,67.5,50.6,33.4,17.0,16.9,17.2,16.4,17.0
20260602,ドミナートル,66.6,49.0,32.3,15.9,17.6,16.7,16.4,15.9
20260602,エーオープリマ,65.7,48.9,32.6,16.5,16.8,16.3,16.1,16.5
20260602,ウスズミザクラ,64.4,46.8,30.1,15.0,17.6,16.7,15.1,15.0
20260602,ノーブルエース,66.6,49.3,32.8,16.4,17.3,16.5,16.4,16.4
20260602,ユリア,65.3,48.3,31.5,15.6,17.0,16.8,15.9,15.6
20260602,シャンデヴァーグ,66.1,48.6,31.5,15.4,17.5,17.1,16.1,15.4
20260602,ダノンコレクト,65.4,47.6,30.9,15.1,17.8,16.7,15.8,15.1
20260602,ピースワンデュック,64.8,47.8,31.0,14.8,17.0,16.8,16.2,14.8
20260602,フクノスナノバラ,69.6,51.9,34.4,17.3,17.7,17.5,17.1,17.3
20260602,レイヤードレッド,67.2,50.0,33.6,16.7,17.2,16.4,16.9,16.7
20260602,カネラフィーナ,67.2,50.2,33.8,16.7,17.0,16.4,17.1,16.7
20260602,ヤマトスイフト,70.1,51.2,33.6,16.6,18.9,17.6,17.0,16.6
20260602,ヨシウッドテール,67.3,50.5,33.7,16.8,16.8,16.8,16.9,16.8
20260602,スティールシップ,68.0,49.2,32.3,15.9,18.8,16.9,16.4,15.9
20260602,エアトベーレ,65.7,49.1,32.9,17.0,16.6,16.2,15.9,17.0
20260602,ミツカネメルクリオ,67.3,50.2,33.2,16.4,17.1,17.0,16.8,16.4
20260602,デイズインザサン,70.1,52.3,35.1,17.4,17.8,17.2,17.7,17.4
20260602,ララニューディー,64.9,47.8,31.2,14.6,17.1,16.6,16.6,14.6
20260602,カーニバルウェイ,69.1,50.8,33.6,17.0,18.3,17.2,16.6,17.0
20260602,コーリンクレア,68.2,51.5,34.5,17.2,16.7,17.0,17.3,17.2
20260602,リケアマカロニ,68.6,51.0,33.6,16.6,17.6,17.4,17.0,16.6
20260602,リアライズタキオン,67.6,50.7,33.6,16.6,16.9,17.1,17.0,16.6
20260602,コスモナエマ,66.9,50.2,33.8,17.1,16.7,16.4,16.7,17.1
20260602,アルアンダルス,69.1,50.6,33.2,16.0,18.5,17.4,17.2,16.0
20260602,ルークウォーム,68.9,51.6,34.6,16.8,17.3,17.0,17.8,16.8
20260602,サクラトップラック,69.9,51.0,33.4,16.6,18.9,17.6,16.8,16.6
20260602,ニシノリリックス,69.5,51.2,33.9,17.0,18.3,17.3,16.9,17.0
20260602,ローザドーロ,66.3,49.1,32.1,15.6,17.2,17.0,16.5,15.6
20260602,テンポアニマート,69.2,51.7,34.6,16.8,17.5,17.1,17.8,16.8
20260602,レッドライトニング,64.9,48.1,31.8,15.8,16.8,16.3,16.0,15.8
20260602,ラーナローザ,61.1,43.7,28.5,13.9,17.4,15.2,14.6,13.9
20260602,フィーリウス,62.5,45.4,29.9,15.0,17.1,15.5,14.9,15.0
20260602,エルアン,68.3,49.8,31.9,15.7,18.5,17.9,16.2,15.7
20260602,アーリマックス,71.0,51.6,33.8,16.7,19.4,17.8,17.1,16.7
20260602,アテナガール,65.2,47.8,31.3,15.5,17.4,16.5,15.8,15.5
20260602,ゴールドブレイズ,66.3,48.1,31.7,15.8,18.2,16.4,15.9,15.8
20260602,オメガディコン,65.8,47.4,30.1,14.8,18.4,17.3,15.3,14.8
20260602,カペラテソーロ,63.4,46.3,30.3,14.9,17.1,16.0,15.4,14.9
20260602,ラピッドテソーロ,60.3,43.2,27.9,13.7,17.1,15.3,14.2,13.7
20260602,ソナタテソーロ,62.5,45.9,29.4,14.8,16.6,16.5,14.6,14.8
20260602,スウィット,63.4,46.5,30.2,15.0,16.9,16.3,15.2,15.0
20260602,レオリアライズ,62.9,46.1,29.8,14.5,16.8,16.3,15.3,14.5
20260602,ゴシックレイラ,65.2,47.9,31.4,15.5,17.3,16.5,15.9,15.5
20260602,グラスクラージュ,63.0,46.5,30.1,15.1,16.5,16.4,15.0,15.1
20260602,セイウンガジュマル,63.2,46.6,30.1,15.0,16.6,16.5,15.1,15.0
20260602,リリカルフレア,62.9,45.3,29.8,14.9,17.6,15.5,14.9,14.9
20260602,レッドロスタム,68.0,49.6,33.0,16.4,18.4,16.6,16.6,16.4
20260602,エコロレイズ,67.2,49.8,33.3,16.5,17.4,16.5,16.8,16.5
20260602,レヴィテーション,64.1,46.3,30.3,15.5,17.8,16.0,14.8,15.5
20260602,モナコブル,67.3,49.8,33.6,16.4,17.5,16.2,17.2,16.4
20260602,コスモシェルベット,67.6,49.2,31.6,15.3,18.4,17.6,16.3,15.3
20260602,スミッコディスコ,67.0,49.1,32.3,15.8,17.9,16.8,16.5,15.8
20260602,ディーズメンフィス,57.3,40.8,26.0,12.3,16.5,14.8,13.7,12.3
20260602,レヴェランジェ,65.3,48.1,31.1,15.2,17.2,17.0,15.9,15.2
20260602,ツウキンカイソク,66.6,49.2,33.6,16.5,17.4,15.6,17.1,16.5
20260602,ヘルモソブレード,67.0,48.8,33.5,16.5,18.2,15.3,17.0,16.5
20260602,ゼフィリア,66.5,48.7,33.6,16.5,17.8,15.1,17.1,16.5
20260602,マツリダシリウス,67.7,50.1,33.3,16.6,17.6,16.8,16.7,16.6
20260602,メイヨシュア,69.9,50.6,33.0,16.7,19.3,17.6,16.3,16.7
20260602,ソウカイファミリア,67.3,49.8,32.4,16.0,17.5,17.4,16.4,16.0
20260602,イトウカカリチョウ,66.5,49.1,33.3,16.4,17.4,15.8,16.9,16.4
20260602,ヒズストーリー,69.3,51.1,34.2,17.3,18.2,16.9,16.9,17.3
20260602,テイクユアタイム,68.8,50.7,33.9,17.0,18.1,16.8,16.9,17.0
20260602,ルークスイテルム,68.2,50.8,34.1,16.6,17.4,16.7,17.5,16.6
20260602,ディアファザー,69.1,50.7,33.8,17.3,18.4,16.9,16.5,17.3
20260602,アフィーリア,67.3,49.3,32.6,16.3,18.0,16.7,16.3,16.3
20260602,シテフローラル,67.4,49.9,33.4,17.2,17.5,16.5,16.2,17.2
20260602,ドンレパルス,71.1,52.2,33.9,17.4,18.9,18.3,16.5,17.4
20260602,サイルーン,68.0,50.8,33.8,16.6,17.2,17.0,17.2,16.6
20260602,エンセリオ,66.1,48.5,32.4,16.5,17.6,16.1,15.9,16.5
20260602,トモジャシャトー,66.6,49.0,33.3,16.7,17.6,15.7,16.6,16.7
20260602,クロドラバール,61.0,44.9,29.8,14.7,16.1,15.1,15.1,14.7
20260602,ゴールドスター,61.8,45.5,29.9,14.9,16.3,15.6,15.0,14.9
20260602,ダノンエアズロック,67.6,50.5,33.4,16.5,17.1,17.1,16.9,16.5
20260602,ルグランヴァン,68.8,50.1,31.8,15.6,18.7,18.3,16.2,15.6
20260602,クアラトレンガヌ,66.3,49.4,32.2,15.7,16.9,17.2,16.5,15.7
20260602,ブリックアブラック,69.6,51.1,32.6,15.9,18.5,18.5,16.7,15.9
20260602,アルバニクス,69.2,52.2,34.6,17.5,17.0,17.6,17.1,17.5
20260602,ゴールドビリーヴ,66.3,48.9,31.9,15.9,17.4,17.0,16.0,15.9
20260602,レオスキーム,67.3,50.0,33.0,16.7,17.3,17.0,16.3,16.7
20260602,マイネルスラーヴァ,69.5,50.7,33.0,16.6,18.8,17.7,16.4,16.6
20260602,ホウオウザロイヤル,67.3,50.3,33.8,17.4,17.0,16.5,16.4,17.4
20260602,エコロシード,67.7,51.0,33.6,16.5,16.7,17.4,17.1,16.5
20260602,ワレモコウ,67.5,50.7,32.7,15.7,16.8,18.0,17.0,15.7
20260602,ジャスピライト,68.6,50.8,32.6,15.7,17.8,18.2,16.9,15.7
20260602,ホーフアイゼン,68.9,50.4,32.9,16.5,18.5,17.5,16.4,16.5
20260602,ホウオウプレミア,62.0,45.6,30.5,15.2,16.4,15.1,15.3,15.2
20260602,ローディアマント,66.2,48.3,31.7,15.8,17.9,16.6,15.9,15.8
20260602,レッドシュヴェルト,67.5,49.5,32.4,15.6,18.0,17.1,16.8,15.6
20260602,トゥラッタッタ,71.4,52.6,34.7,17.0,18.8,17.9,17.7,17.0
20260602,シャオシンユン,63.0,45.5,30.1,15.2,17.5,15.4,14.9,15.2
20260602,コンサートマスター,61.4,44.9,29.5,14.8,16.5,15.4,14.7,14.8
20260602,イントゥザウインド,67.7,49.9,33.0,16.6,17.8,16.9,16.4,16.6
20260602,ファーザーアウェイ,66.8,49.5,32.8,16.1,17.3,16.7,16.7,16.1
20260602,レッドリファインド,61.2,44.8,29.9,14.6,16.4,14.9,15.3,14.6
20260602,ラブトゥエニイワン,66.8,49.2,32.4,16.2,17.6,16.8,16.2,16.2
20260602,ヴェイルドハート,66.5,49.7,33.1,16.3,16.8,16.6,16.8,16.3
20260602,カルダモン,62.1,45.5,29.6,14.9,16.6,15.9,14.7,14.9
20260602,マキシマムドライブ,69.4,50.7,34.1,17.0,18.7,16.6,17.1,17.0
20260602,ツァガーンサル,66.6,49.2,32.2,15.9,17.4,17.0,16.3,15.9
20260602,ブーケドリス,64.6,47.7,31.2,15.1,16.9,16.5,16.1,15.1
20260602,ビタミンドロップ,68.8,50.0,32.6,15.9,18.8,17.4,16.7,15.9
20260602,アドマイヤパープル,63.1,46.7,30.7,14.9,16.4,16.0,15.8,14.9
20260602,スイープセレニティ,62.4,45.6,29.4,14.7,16.8,16.2,14.7,14.7
20260602,ユタライト,64.9,47.6,31.1,15.2,17.3,16.5,15.9,15.2
20260602,メタルスピード,64.4,47.5,31.5,15.7,16.9,16.0,15.8,15.7
20260602,タニセンローマ,65.1,47.8,31.3,15.4,17.3,16.5,15.9,15.4
20260602,インナーパッション,64.7,47.5,31.4,15.6,17.2,16.1,15.8,15.6
20260602,ウインガネーシャ,70.9,51.7,33.8,16.1,19.2,17.9,17.7,16.1
20260602,ノドゥス,66.4,49.0,32.5,16.1,17.4,16.5,16.4,16.1
20260602,リアライズグロリア,67.2,50.1,33.6,16.7,17.1,16.5,16.9,16.7
20260602,ディーヴァレギオン,62.8,46.0,30.7,15.5,16.8,15.3,15.2,15.5
20260602,コスモアミマネラ,65.2,48.2,31.4,15.5,17.0,16.8,15.9,15.5
20260602,タイキオーベロン,71.5,52.8,34.5,16.8,18.7,18.3,17.7,16.8
20260602,ホウオウロレンシア,70.3,51.8,33.8,16.5,18.5,18.0,17.3,16.5
20260602,ホシヅキヨ,64.9,46.8,30.9,15.2,18.1,15.9,15.7,15.2
20260602,ｺｳｾｲｵﾘｰｳﾞの24,70.4,52.3,34.1,17.0,18.1,18.2,17.1,17.0
20260602,タンゴバイラリン,62.5,46.0,30.0,15.0,16.5,16.0,15.0,15.0
20260602,モリガン,66.2,48.7,32.5,16.0,17.5,16.2,16.5,16.0
20260602,ヴェガリア,60.2,44.6,29.0,14.5,15.6,15.6,14.5,14.5
20260602,ゴコウコイコイ,62.8,46.7,30.8,15.0,16.1,15.9,15.8,15.0
20260602,スチョウプリンセス,69.4,52.5,35.5,17.8,16.9,17.0,17.7,17.8
20260602,アルペンローゼ,62.2,46.5,31.0,15.5,15.7,15.5,15.5,15.5
20260602,ウインテラジーナ,62.6,46.5,31.0,15.6,16.1,15.5,15.4,15.6
20260602,ドナシュネル,62.0,46.2,30.7,15.6,15.8,15.5,15.1,15.6
20260602,ワイプユアアイズ,66.7,48.5,31.2,15.3,18.2,17.3,15.9,15.3
20260602,セイウンコハルタ,66.8,48.5,31.4,15.7,18.3,17.1,15.7,15.7
20260602,ヴィクトリドライブ,66.3,48.6,31.6,15.5,17.7,17.0,16.1,15.5
20260602,ゴールドシーン,58.9,44.3,29.2,14.4,14.6,15.1,14.8,14.4
20260602,レザンノワール,67.0,48.9,31.7,15.6,18.1,17.2,16.1,15.6
20260602,プルーヴンウィナー,62.7,47.0,31.2,15.0,15.7,15.8,16.2,15.0
20260602,ミアネーロ,58.4,43.8,28.9,14.4,14.6,14.9,14.5,14.4
20260602,メリディアンスター,65.9,48.8,32.2,16.4,17.1,16.6,15.8,16.4
20260602,ファイタージェット,62.6,46.8,31.1,14.9,15.8,15.7,16.2,14.9
20260602,ロゼル,65.4,47.0,30.1,14.4,18.4,16.9,15.7,14.4
20260602,カルフ,66.2,48.7,31.8,15.4,17.5,16.9,16.4,15.4
20260602,フクチャントウメイ,65.4,48.0,31.9,15.9,17.4,16.1,16.0,15.9
20260602,キープサインオン,67.3,49.7,33.2,16.0,17.6,16.5,17.2,16.0
20260602,ヘニーガイスト,66.3,48.3,31.7,15.5,18.0,16.6,16.2,15.5
20260602,スペードギニー,65.6,46.7,30.7,15.2,18.9,16.0,15.5,15.2
20260602,ニシノオールワン,68.8,51.1,33.4,16.2,17.7,17.7,17.2,16.2
20260602,キセログラフィカ,67.6,49.0,32.0,15.5,18.6,17.0,16.5,15.5
20260602,トーセンアミューズ,66.8,49.0,32.2,15.9,17.8,16.8,16.3,15.9
20260602,ボスヒッツ,67.5,49.8,33.6,16.4,17.7,16.2,17.2,16.4
20260602,レッドマウロア,69.2,51.2,34.1,17.1,18.0,17.1,17.0,17.1
20260602,アドマイヤミラ,69.8,51.1,34.2,17.2,18.7,16.9,17.0,17.2
20260602,シーズザチャンス,65.8,47.9,31.3,15.7,17.9,16.6,15.6,15.7
20260602,リリージェーン,67.6,49.6,32.8,16.1,18.0,16.8,16.7,16.1
20260602,イケイケドンドン,67.2,48.8,31.3,15.4,18.4,17.5,15.9,15.4
20260602,グルーヴィーオン,67.1,49.0,32.1,15.6,18.1,16.9,16.5,15.6
20260602,メリザンド,66.1,48.1,31.5,15.5,18.0,16.6,16.0,15.5
20260602,ビップムーラン,72.0,53.0,34.5,17.3,19.0,18.5,17.2,17.3
20260602,タツナナイロ,76.1,56.7,38.3,19.4,19.4,18.4,18.9,19.4
20260602,ゼータレティクル,66.8,48.4,31.0,15.2,18.4,17.4,15.8,15.2
20260602,ジェッディンデデン,65.7,48.0,31.5,15.7,17.7,16.5,15.8,15.7
20260602,スマイルカーブ,67.2,49.5,32.8,16.0,17.7,16.7,16.8,16.0
20260602,ムーランブルー,65.7,49.1,32.1,16.1,16.6,17.0,16.0,16.1
20260602,ディースプレマシー,67.9,50.8,34.0,16.9,17.1,16.8,17.1,16.9
20260602,カレリアフレイバー,66.5,49.4,32.2,15.9,17.1,17.2,16.3,15.9
20260602,レイアポポ,58.4,43.2,28.2,14.2,15.2,15.0,14.0,14.2
20260602,ミスターマーボー,65.2,49.2,32.9,16.9,16.0,16.3,16.0,16.9
20260602,タイセイエキサイト,65.3,48.7,32.3,16.4,16.6,16.4,15.9,16.4
20260602,ペルラビアンカ,65.8,48.6,32.0,15.7,17.2,16.6,16.3,15.7
20260602,クラオルグジェシダ,68.3,49.6,32.1,15.7,18.7,17.5,16.4,15.7
20260602,ラヴトリガー,66.0,47.2,30.7,14.9,18.8,16.5,15.8,14.9
20260602,アヴィアトーレ,69.8,52.3,35.0,17.4,17.5,17.3,17.6,17.4
20260602,ビップヴィーナス,66.9,49.4,32.8,16.3,17.5,16.6,16.5,16.3
20260602,サツキレジーナ,70.5,52.6,34.5,17.0,17.9,18.1,17.5,17.0
20260602,ヨシウッドテール,71.7,53.4,36.1,18.2,18.3,17.3,17.9,18.2
20260602,アーリマックス,69.7,51.2,33.8,17.1,18.5,17.4,16.7,17.1
20260602,アリストクラット,72.8,53.9,35.4,17.3,18.9,18.5,18.1,17.3
20260602,マオノアラシ,62.6,46.6,30.8,15.1,16.0,15.8,15.7,15.1
20260602,レーベンスティール,58.4,42.9,28.1,13.8,15.5,14.8,14.3,13.8
20260602,コスモキュランダ,62.4,46.1,30.4,15.0,16.3,15.7,15.4,15.0
20260602,アヴァランチ,62.7,46.5,31.2,15.2,16.2,15.3,16.0,15.2
20260602,マジッククッキー,62.8,46.8,31.1,15.2,16.0,15.7,15.9,15.2
20260602,コスモマルーン,66.2,49.5,32.4,0.0,16.7,17.1,0.0,0.0
20260602,ジャスフォール,65.5,48.7,31.8,15.6,16.8,16.9,16.2,15.6
20260602,アイスアンドスノー,68.0,50.0,33.0,16.6,18.0,17.0,16.4,16.6
20260602,タイセイネクサス,67.9,49.8,32.7,16.3,18.1,17.1,16.4,16.3
20260602,コウユーネロガ,60.7,45.3,30.3,14.8,15.4,15.0,15.5,14.8
20260602,レディレックス,68.3,50.5,32.8,16.0,17.8,17.7,16.8,16.0
20260602,ダイアモンドダネ,68.0,50.0,32.9,16.1,18.0,17.1,16.8,16.1
20260602,アーバーバイティ,70.0,51.6,34.1,16.9,18.4,17.5,17.2,16.9
20260602,ウインワーグナー,70.1,51.7,34.1,16.9,18.4,17.6,17.2,16.9
20260602,オペラプラージュ,65.2,47.8,30.7,15.0,17.4,17.1,15.7,15.0
20260602,ラッキースウィッチ,61.6,46.0,30.1,15.0,15.6,15.9,15.1,15.0
20260602,ペイトー,67.4,47.8,31.3,15.1,19.6,16.5,16.2,15.1
20260602,スタンピー,66.4,49.2,32.5,16.2,17.2,16.7,16.3,16.2
20260602,ブライトマン,65.5,48.9,31.9,15.8,16.6,17.0,16.1,15.8
20260602,ファナティカル,71.7,52.7,35.3,17.8,19.0,17.4,17.5,17.8
20260602,アルケミラモリス,64.4,48.2,32.2,16.0,16.2,16.0,16.2,16.0
20260602,ユーガッタチャンス,75.0,55.7,37.4,18.6,19.3,18.3,18.8,18.6
20260602,ソラティオ,64.1,47.9,32.1,16.4,16.2,15.8,15.7,16.4
20260602,エレガントステップ,64.8,48.3,32.5,16.3,16.5,15.8,16.2,16.3
20260602,キタノエフロレス,63.7,47.5,32.2,16.7,16.2,15.3,15.5,16.7
20260602,ダノンファンスター,59.4,43.9,29.1,14.7,15.5,14.8,14.4,14.7
20260602,フィンガー,58.4,42.7,27.5,13.1,15.7,15.2,14.4,13.1
20260602,ウィンターブリーズ,60.1,43.8,28.5,14.2,16.3,15.3,14.3,14.2
20260602,ロックユアライフ,64.2,47.3,31.3,15.6,16.9,16.0,15.7,15.6
20260602,ダノンマスタング,62.4,45.6,29.7,14.1,16.8,15.9,15.6,14.1
20260602,ライヴマルガリータ,63.7,47.1,30.8,14.9,16.6,16.3,15.9,14.9
20260602,ドルチェテソーロ,62.9,46.2,30.5,15.0,16.7,15.7,15.5,15.0
20260602,ゼアズノープレイス,72.8,53.9,35.4,18.1,18.9,18.5,17.3,18.1
20260602,アイファーティアラ,70.7,53.5,35.7,18.6,17.2,17.8,17.1,18.6
20260602,テングカゼ,72.2,53.5,35.4,18.2,18.7,18.1,17.2,18.2
20260602,ゼアズノープレイス,72.1,53.9,35.7,17.9,18.2,18.2,17.8,17.9
20260602,テングカゼ,72.9,54.7,37.2,18.8,18.2,17.5,18.4,18.8
20260602,タッチャブル,65.3,48.1,31.6,16.0,17.2,16.5,15.6,16.0
20260602,インディクイーン,66.9,49.5,32.5,16.4,17.4,17.0,16.1,16.4
20260602,アンミックス,51.5,37.4,24.7,12.7,14.1,12.7,12.0,12.7
20260602,エドウィンナルコ,60.7,44.7,29.3,14.9,16.0,15.4,14.4,14.9
20260602,レイワサンサン,64.6,46.8,30.6,14.9,17.8,16.2,15.7,14.9
20260602,ブライトアゲイン,62.8,47.2,32.1,15.9,15.6,15.1,16.2,15.9
20260602,モズナナスター,64.7,47.8,31.7,16.1,16.9,16.1,15.6,16.1
20260602,シャルクハフト,54.2,39.0,25.1,12.4,15.2,13.9,12.7,12.4
20260602,シュネーグロッケン,52.6,37.9,25.1,12.6,14.7,12.8,12.5,12.6
20260602,アンズアメ,66.2,47.6,30.7,15.2,18.6,16.9,15.5,15.2
20260602,オトメナシャチョウ,61.4,45.5,30.0,15.2,15.9,15.5,14.8,15.2
20260602,ジャスパーノベル,72.6,50.8,32.7,16.1,21.8,18.1,16.6,16.1
20260602,マウンテンバローズ,51.4,36.8,24.2,12.5,14.6,12.6,11.7,12.5
20260602,トラカイキャッスル,66.3,47.8,31.3,15.3,18.5,16.5,16.0,15.3
20260602,エコロデュラン,64.2,45.4,29.1,13.9,18.8,16.3,15.2,13.9
20260602,モチモチチャン,68.5,49.0,31.3,15.2,19.5,17.7,16.1,15.2
20260602,サンセットゴールド,63.9,46.2,29.8,14.6,17.7,16.4,15.2,14.6
20260602,レッドパラジウム,53.9,38.5,25.1,12.3,15.4,13.4,12.8,12.3
20260602,ココプレミア,63.5,45.5,29.2,14.3,18.0,16.3,14.9,14.3
20260602,ゴールドヴィーナス,65.0,47.7,31.4,15.7,17.3,16.3,15.7,15.7
20260602,カスタニッチャ,66.5,48.0,31.0,15.1,18.5,17.0,15.9,15.1
20260602,ミスターエメラルド,68.6,49.9,32.7,16.0,18.7,17.2,16.7,16.0
20260602,ジュンドラドラ,53.2,38.9,25.2,12.4,14.3,13.7,12.8,12.4
20260602,エルダークローネ,65.3,47.9,32.1,16.1,17.4,15.8,16.0,16.1
20260602,サンシルヴァリー,65.1,47.1,30.7,15.3,18.0,16.4,15.4,15.3
20260602,ニクスルーナ,67.7,49.3,32.4,16.1,18.4,16.9,16.3,16.1
20260602,ケンシロウワールド,66.1,49.2,33.3,17.0,16.9,15.9,16.3,17.0
20260602,モズイージス,65.6,48.1,31.3,15.3,17.5,16.8,16.0,15.3
20260602,キュクロープス,65.4,47.5,30.8,15.1,17.9,16.7,15.7,15.1
20260602,アスクコモンタレヴ,66.6,48.0,31.2,15.2,18.6,16.8,16.0,15.2
20260602,ショウナンアンバー,57.8,42.3,27.3,13.2,15.5,15.0,14.1,13.2
20260602,プリュイドール,69.2,50.1,32.7,16.2,19.1,17.4,16.5,16.2
20260602,リアンドゥクール,68.5,48.5,31.3,15.8,20.0,17.2,15.5,15.8
20260602,ラッキーシグネチャ,68.6,49.8,32.3,16.0,18.8,17.5,16.3,16.0
20260602,ステインアライヴ,65.1,48.6,32.8,16.3,16.5,15.8,16.5,16.3
20260602,ペンダント,66.0,49.1,32.0,15.7,16.9,17.1,16.3,15.7
20260602,リヒトミューレ,64.9,47.8,32.4,15.9,17.1,15.4,16.5,15.9
20260602,サトノビダーヤ,67.6,49.7,32.9,16.3,17.9,16.8,16.6,16.3
20260602,アテンド,65.1,47.4,31.6,15.9,17.7,15.8,15.7,15.9
20260602,ショウナンカノア,58.7,42.5,27.5,13.2,16.2,15.0,14.3,13.2
20260602,エティエンヌ,75.0,54.0,35.3,17.4,21.0,18.7,17.9,17.4
20260602,ニホンピロゴルディ,65.8,47.9,31.7,15.9,17.9,16.2,15.8,15.9
20260602,ゴールデンクラウド,64.3,47.8,31.5,16.1,16.5,16.3,15.4,16.1
20260602,サンライズナスカ,64.1,47.4,31.4,15.8,16.7,16.0,15.6,15.8
20260602,マーゴットデウス,68.7,50.5,33.3,16.4,18.2,17.2,16.9,16.4
20260602,メイショウルーク,63.4,46.9,32.4,16.5,16.5,14.5,15.9,16.5
20260602,エイシンウィスパー,69.8,51.1,33.4,16.4,18.7,17.7,17.0,16.4
20260602,テーオーナタリー,62.9,45.1,29.7,14.7,17.8,15.4,15.0,14.7
20260602,スウィートリワード,67.4,48.7,31.9,15.9,18.7,16.8,16.0,15.9
20260602,テラメリタ,62.4,45.2,30.0,14.8,17.2,15.2,15.2,14.8
20260602,ショウナンバルドル,66.0,48.3,31.1,15.1,17.7,17.2,16.0,15.1
20260602,マジックサンズ,61.3,44.4,29.2,14.7,16.9,15.2,14.5,14.7
20260602,ジョイエッロ,66.4,47.8,31.4,15.4,18.6,16.4,16.0,15.4
20260602,ファイアプレイス,66.3,50.1,33.4,16.7,16.2,16.7,16.7,16.7
20260602,ダイシンヨーク,73.2,53.4,34.5,17.5,19.8,18.9,17.0,17.5
20260602,フレンズプラス,67.6,48.6,31.6,15.3,19.0,17.0,16.3,15.3
20260602,グラマラス,66.0,48.6,32.2,15.3,17.4,16.4,16.9,15.3
20260602,スカイストライプス,66.1,48.8,31.7,15.4,17.3,17.1,16.3,15.4
20260602,ルマンサルト,69.8,51.0,32.0,15.6,18.8,19.0,16.4,15.6
20260602,ウインガウェイン,70.5,51.7,32.5,16.0,18.8,19.2,16.5,16.0
20260602,ハロナ,65.0,46.9,30.7,15.5,18.1,16.2,15.2,15.5
20260602,スクワミッシュ,64.3,46.7,31.5,15.2,17.6,15.2,16.3,15.2
20260602,ヨドノゴールド,69.5,51.2,34.5,16.6,18.3,16.7,17.9,16.6
20260602,ポエットリー,63.9,46.3,30.0,14.8,17.6,16.3,15.2,14.8
20260602,ダノンフェルゼン,64.1,46.5,30.1,15.5,17.6,16.4,14.6,15.5
20260602,アンビアンス,71.0,51.0,32.8,16.1,20.0,18.2,16.7,16.1
20260602,スパルタンエックス,65.0,46.8,30.4,15.0,18.2,16.4,15.4,15.0
20260602,ロードファイター,66.0,47.5,30.8,15.2,18.5,16.7,15.6,15.2
20260602,ハピネスサンライズ,64.3,46.9,31.1,15.6,17.4,15.8,15.5,15.6
20260602,ヴァンロゼ,65.8,48.1,31.4,16.2,17.7,16.7,15.2,16.2
20260602,ボクマダネムイヨ,65.1,46.2,29.2,14.1,18.9,17.0,15.1,14.1
20260602,ブラッドムーン,68.3,48.8,31.6,15.8,19.5,17.2,15.8,15.8
20260602,タガノラヴズワン,64.1,46.4,30.1,14.5,17.7,16.3,15.6,14.5
20260602,スズカローズキング,67.0,49.4,33.0,16.3,17.6,16.4,16.7,16.3
20260602,アンガーザガール,65.7,47.5,31.1,15.2,18.2,16.4,15.9,15.2
20260602,ペイシャマイデイズ,70.0,51.5,33.9,16.8,18.5,17.6,17.1,16.8
20260602,バッデレイト,64.0,48.2,31.5,15.8,15.8,16.7,15.7,15.8
20260602,アロマフェリス,62.6,45.6,29.5,14.7,17.0,16.1,14.8,14.7
20260602,ベルジュロネット,69.7,50.9,33.6,16.8,18.8,17.3,16.8,16.8
20260602,ルージュマデイラ,65.0,47.2,30.6,15.1,17.8,16.6,15.5,15.1
20260602,ハナコトバ,71.2,50.6,32.6,16.2,20.6,18.0,16.4,16.2
20260602,メリオルヴィア,63.9,45.9,29.7,14.4,18.0,16.2,15.3,14.4
20260602,ビナハイバン,67.5,50.2,33.1,16.3,17.3,17.1,16.8,16.3
20260602,ゴールドアクセス,64.7,47.4,30.3,14.9,17.3,17.1,15.4,14.9
20260602,グレースジェンヌ,64.2,46.2,29.9,14.8,18.0,16.3,15.1,14.8
20260602,アーサーバローズ,64.7,45.8,29.4,14.3,18.9,16.4,15.1,14.3
20260602,リフルフォース,65.7,47.9,31.2,15.1,17.8,16.7,16.1,15.1
20260602,ガウディ,64.6,47.4,30.6,15.4,17.2,16.8,15.2,15.4
20260602,バティック,63.7,46.0,30.1,15.0,17.7,15.9,15.1,15.0
20260602,リッケンバッカー,64.4,46.7,30.6,15.3,17.7,16.1,15.3,15.3
20260602,ディニトーソ,64.9,47.6,30.7,15.0,17.3,16.9,15.7,15.0
20260602,ジェゼロ,62.3,44.2,28.5,13.8,18.1,15.7,14.7,13.8
20260602,シャイニーデイ,70.9,51.2,33.0,16.3,19.7,18.2,16.7,16.3
20260602,ラヴィアンコール,65.5,47.5,30.6,15.4,18.0,16.9,15.2,15.4
20260602,プリュスエクラ,68.3,49.6,32.8,16.3,18.7,16.8,16.5,16.3
20260602,ダノンミッドナイト,63.6,46.8,31.3,15.8,16.8,15.5,15.5,15.8
20260602,ロールスワン,64.2,47.2,31.0,15.4,17.0,16.2,15.6,15.4
20260602,ブルーザー,68.5,50.0,32.8,16.2,18.5,17.2,16.6,16.2
20260602,ナムラステラ,66.3,48.5,31.8,16.3,17.8,16.7,15.5,16.3
20260602,クロスボーダー,65.3,47.2,30.6,15.3,18.1,16.6,15.3,15.3
20260602,レッドピアレス,61.8,45.6,29.9,14.7,16.2,15.7,15.2,14.7
20260602,ブラックブレット,70.5,51.3,33.3,16.5,19.2,18.0,16.8,16.5
20260602,キングツェッペリン,64.1,47.0,30.9,14.6,17.1,16.1,16.3,14.6
20260602,クインズショコラ,65.0,47.0,30.8,14.7,18.0,16.2,16.1,14.7
20260602,ブレスドナイル,68.0,49.3,31.7,15.3,18.7,17.6,16.4,15.3
20260602,タイキジュビリー,66.0,47.7,31.0,14.9,18.3,16.7,16.1,14.9
20260602,アイアン,63.3,46.9,30.8,15.3,16.4,16.1,15.5,15.3
20260602,ワルツプリンセス,69.5,51.3,33.1,15.9,18.2,18.2,17.2,15.9
20260602,エコロゼルダ,65.0,46.9,30.4,14.6,18.1,16.5,15.8,14.6
20260602,サンライズロイ,67.0,49.1,31.8,15.6,17.9,17.3,16.2,15.6
20260602,ヴィルダースヴィル,65.2,47.2,30.8,14.8,18.0,16.4,16.0,14.8
20260602,タカモリ,65.6,47.0,31.3,15.8,18.6,15.7,15.5,15.8
20260602,クルゼイロドスル,66.1,48.1,31.6,15.8,18.0,16.5,15.8,15.8
20260602,マダムイグレイン,65.2,47.6,31.1,15.3,17.6,16.5,15.8,15.3
20260602,メイショウタイピン,65.2,46.2,30.0,14.9,19.0,16.2,15.1,14.9
20260602,プレデンシア,66.2,48.1,31.6,15.6,18.1,16.5,16.0,15.6
20260602,テイケイウェリナ,63.1,45.0,28.9,14.2,18.1,16.1,14.7,14.2
20260602,クリーンブーケ,64.3,46.9,31.1,15.4,17.4,15.8,15.7,15.4
20260602,ヨカオウ,61.1,45.1,30.2,15.7,16.0,14.9,14.5,15.7
20260602,スワトウ,65.8,47.9,31.2,15.7,17.9,16.7,15.5,15.7
20260602,コニーアイランド,64.2,47.1,30.9,15.3,17.1,16.2,15.6,15.3
20260602,プリマアルバ,66.8,49.1,31.9,15.2,17.7,17.2,16.7,15.2
20260602,レゾルーティオ,66.8,49.3,32.8,16.5,17.5,16.5,16.3,16.5
20260602,ボードゥロレーヌ,66.6,49.1,32.2,15.7,17.5,16.9,16.5,15.7
20260602,ピーコパーコ,67.4,49.8,33.3,17.1,17.6,16.5,16.2,17.1
20260602,ロードラディウス,54.8,39.8,25.6,12.6,15.0,14.2,13.0,12.6
20260602,タカサンフェイス,54.3,39.6,25.5,12.7,14.7,14.1,12.8,12.7
20260602,メイショウヤーキス,68.9,50.6,33.6,16.7,18.3,17.0,16.9,16.7
20260602,アサクサグレース,67.6,49.7,32.9,16.2,17.9,16.8,16.7,16.2
20260602,スイートポメロ,55.0,39.0,25.4,12.3,16.0,13.6,13.1,12.3
20260602,フェブリノ,65.0,46.2,31.5,16.6,18.8,14.7,14.9,16.6
20260602,キタノファーンヒル,66.5,49.4,32.6,15.7,17.1,16.8,16.9,15.7
20260602,ジュディーイメル,68.0,49.0,31.4,15.8,19.0,17.6,15.6,15.8
20260602,グランピアン,54.4,38.4,24.9,12.3,16.0,13.5,12.6,12.3
20260602,カラクニダケ,64.6,48.5,32.9,16.5,16.1,15.6,16.4,16.5
20260602,スマートポーション,67.8,49.9,32.5,15.8,17.9,17.4,16.7,15.8
20260602,スピーディスピン,67.6,50.0,32.6,15.8,17.6,17.4,16.8,15.8
20260602,シグレ,66.7,48.8,31.8,15.1,17.9,17.0,16.7,15.1
20260602,ゴコウサス,68.1,50.7,33.4,16.3,17.4,17.3,17.1,16.3
20260602,ドレアンティア,68.9,50.5,33.2,16.3,18.4,17.3,16.9,16.3
20260602,ベルピルエット,68.2,50.0,33.4,16.9,18.2,16.6,16.5,16.9
20260602,メイショウツヨキ,70.3,51.8,34.1,16.5,18.5,17.7,17.6,16.5
20260602,クリコファルコン,71.0,51.7,34.0,17.4,19.3,17.7,16.6,17.4
20260602,スマイルガルーダ,70.5,50.2,32.7,15.9,20.3,17.5,16.8,15.9
20260602,マコトアディントン,67.1,49.4,32.2,16.0,17.7,17.2,16.2,16.0
20260602,カフジエメンタール,62.9,45.2,30.5,15.6,17.7,14.7,14.9,15.6
20260602,センリョウヤクシャ,68.0,50.2,33.4,16.5,17.8,16.8,16.9,16.5
20260602,サイン,64.9,47.7,31.3,15.2,17.2,16.4,16.1,15.2
20260602,ベストレイク,68.8,50.4,33.8,16.7,18.4,16.6,17.1,16.7
20260602,ロンドンガーズ,67.0,49.1,32.4,16.1,17.9,16.7,16.3,16.1
20260602,ニドヅケキンシ,64.9,47.7,31.3,15.2,17.2,16.4,16.1,15.2
20260602,ペアスターロード,66.4,48.4,32.2,15.5,18.0,16.2,16.7,15.5
20260602,フルーツバスケット,69.6,51.3,33.2,16.2,18.3,18.1,17.0,16.2
20260602,ホールネス,65.5,48.3,31.4,15.2,17.2,16.9,16.2,15.2
20260602,レヴォントゥレット,71.5,51.6,34.0,17.1,19.9,17.6,16.9,17.1
20260602,ワールズエンド,68.2,50.2,32.9,16.1,18.0,17.3,16.8,16.1
20260602,メイショウアイル,64.5,47.0,30.5,15.0,17.5,16.5,15.5,15.0
20260602,ロカヒ,69.8,49.0,31.7,15.5,20.8,17.3,16.2,15.5
20260602,フルールドール,65.9,48.2,31.3,15.0,17.7,16.9,16.3,15.0
20260602,コスモファーブロス,57.7,40.7,25.3,12.5,17.0,15.4,12.8,12.5
20260602,ビップアリス,66.2,48.7,32.8,16.6,17.5,15.9,16.2,16.6
20260602,ショウナンバンライ,69.5,50.7,33.0,16.2,18.8,17.7,16.8,16.2
20260602,ジーティービキニ,68.3,50.4,33.4,16.6,17.9,17.0,16.8,16.6
20260602,ジーティーキャリー,66.2,48.3,31.7,15.7,17.9,16.6,16.0,15.7
20260602,コルベータ,68.3,49.9,32.7,16.2,18.4,17.2,16.5,16.2
20260602,テラステラ,62.9,46.7,30.7,14.9,16.2,16.0,15.8,14.9
20260602,ティニア,66.4,47.3,30.2,14.8,19.1,17.1,15.4,14.8
20260602,マーベリックシチー,65.6,47.5,31.1,15.5,18.1,16.4,15.6,15.5
20260602,エイカイソウル,64.6,47.5,31.4,15.5,17.1,16.1,15.9,15.5
20260602,メディテラニアン,67.7,48.0,30.5,14.6,19.7,17.5,15.9,14.6
20260602,エースフライト,66.6,48.3,30.8,14.9,18.3,17.5,15.9,14.9
20260602,パスリヤージュ,64.7,47.4,31.9,16.5,17.3,15.5,15.4,16.5
20260602,メイショウタカネ,64.8,47.5,31.1,15.5,17.3,16.4,15.6,15.5
20260602,マイバレンタイン,65.5,47.4,30.7,14.8,18.1,16.7,15.9,14.8
20260602,サトノトリニティ,68.5,49.7,32.4,16.0,18.8,17.3,16.4,16.0
20260602,タカスタカスタカス,64.4,46.6,30.0,14.7,17.8,16.6,15.3,14.7
20260602,シンゼンノト,67.0,49.0,32.1,15.9,18.0,16.9,16.2,15.9
20260602,アシャカブラーヴ,67.1,50.0,33.0,16.7,17.1,17.0,16.3,16.7
20260602,トゥーレジット,68.4,49.6,32.3,15.9,18.8,17.3,16.4,15.9
20260602,ミロワール,64.7,47.9,31.6,15.2,16.8,16.3,16.4,15.2
20260602,ハピ,63.0,46.3,30.6,15.2,16.7,15.7,15.4,15.2
20260602,トウカイポワール,66.9,48.5,31.5,15.5,18.4,17.0,16.0,15.5
20260602,ヒルノドゴール,66.0,47.3,30.7,14.5,18.7,16.6,16.2,14.5
20260602,バロンドール,67.2,48.8,31.7,15.5,18.4,17.1,16.2,15.5
20260602,コスモストーム,66.5,48.7,32.2,16.2,17.8,16.5,16.0,16.2
20260602,クロワデュノール,80.6,58.4,38.1,18.6,22.2,20.3,19.5,18.6
20260602,シャインゴーツ,66.7,48.4,31.8,15.6,18.3,16.6,16.2,15.6
20260602,バロニアル,68.1,50.3,32.9,15.9,17.8,17.4,17.0,15.9
20260602,マテンロウゼロ,68.8,50.1,32.7,16.4,18.7,17.4,16.3,16.4
20260602,メイショウマドンナ,65.6,47.7,31.4,15.9,17.9,16.3,15.5,15.9
20260602,メイショウコシュウ,52.7,38.8,25.3,12.3,13.9,13.5,13.0,12.3
20260602,リサシテーション,60.7,43.8,28.4,13.8,16.9,15.4,14.6,13.8
20260602,クイーンズドリーム,64.2,46.6,30.8,15.2,17.6,15.8,15.6,15.2
20260602,キンダープンシュ,65.9,48.5,32.4,15.9,17.4,16.1,16.5,15.9
20260602,レジェルテ,66.6,49.2,32.3,16.0,17.4,16.9,16.3,16.0
20260602,ジュエルシップ,65.9,48.1,31.9,15.3,17.8,16.2,16.6,15.3
20260602,トリオノチカラ,66.1,47.8,31.3,15.1,18.3,16.5,16.2,15.1
20260602,ラストモーメント,66.2,47.7,31.3,15.0,18.5,16.4,16.3,15.0
20260602,シックパラソル,70.2,50.7,32.9,16.0,19.5,17.8,16.9,16.0
20260602,カレンハウ,66.8,49.7,32.5,15.8,17.1,17.2,16.7,15.8
20260602,ブラックミューズ,69.6,50.5,33.0,15.9,19.1,17.5,17.1,15.9
20260602,ドラゴンドール,64.3,46.6,31.2,15.5,17.7,15.4,15.7,15.5
20260602,プッシュザリミット,66.8,49.3,32.3,16.3,17.5,17.0,16.0,16.3
20260602,ケイアイセナ,63.0,46.2,30.4,15.6,16.8,15.8,14.8,15.6
20260602,アウトレンジ,66.4,48.2,31.8,15.7,18.2,16.4,16.1,15.7
20260602,ユメハハテシナク,66.1,48.7,32.3,16.1,17.4,16.4,16.2,16.1
20260602,ブラックドレス,70.2,50.9,32.7,15.7,19.3,18.2,17.0,15.7
20260602,ヴェロクオーレ,66.5,48.6,32.0,15.8,17.9,16.6,16.2,15.8
20260602,ミッションルース,66.3,47.2,29.6,14.7,19.1,17.6,14.9,14.7
20260602,クインズシャウラ,67.6,50.2,33.6,16.9,17.4,16.6,16.7,16.9
20260602,キャットテイル,69.0,48.3,31.0,15.3,20.7,17.3,15.7,15.3
20260602,シギーコルエンド,66.8,49.5,33.5,17.0,17.3,16.0,16.5,17.0
20260602,ウルフ,69.8,51.4,33.8,17.1,18.4,17.6,16.7,17.1
20260602,アルムアポジェ,67.7,50.6,33.7,16.9,17.1,16.9,16.8,16.9
20260602,バンブラボー,70.7,51.0,33.4,16.3,19.7,17.6,17.1,16.3
20260602,マーゴットバディ,66.3,49.0,32.1,15.6,17.3,16.9,16.5,15.6
20260602,トリーア,67.1,47.4,30.3,14.9,19.7,17.1,15.4,14.9
20260602,ジキトウライ,67.0,48.8,31.9,15.8,18.2,16.9,16.1,15.8
20260602,ユイリノベーション,64.1,46.4,30.0,15.0,17.7,16.4,15.0,15.0
20260602,トウカイヘスティア,72.1,51.9,34.6,17.0,20.2,17.3,17.6,17.0
20260602,ニシノキヅイタラ,70.4,52.2,33.7,16.6,18.2,18.5,17.1,16.6
20260602,カシノクロサイト,67.8,50.1,33.6,16.8,17.7,16.5,16.8,16.8
20260602,ユイパルティ,69.4,51.4,33.5,16.6,18.0,17.9,16.9,16.6
20260602,メイショウリリー,68.5,49.4,32.2,15.6,19.1,17.2,16.6,15.6
20260602,ユーヴェリア,63.5,47.2,31.0,14.9,16.3,16.2,16.1,14.9
20260602,アスクヴォルテージ,69.4,50.6,32.8,15.6,18.8,17.8,17.2,15.6
20260602,サンライズグラシア,64.9,48.0,32.4,16.4,16.9,15.6,16.0,16.4
20260602,ワンダーアンレール,67.9,50.7,33.6,16.7,17.2,17.1,16.9,16.7
20260602,スーパービジー,65.4,48.2,32.1,15.8,17.2,16.1,16.3,15.8
20260602,ワイルドカグラ,69.7,49.9,31.7,15.0,19.8,18.2,16.7,15.0
20260602,コイバナ,69.0,49.4,31.1,14.9,19.6,18.3,16.2,14.9
20260602,エコロアビス,67.2,49.6,33.1,16.6,17.6,16.5,16.5,16.6
20260602,フェルギナス,64.3,47.2,31.8,15.6,17.1,15.4,16.2,15.6
20260602,メイショウピュルテ,65.7,47.6,30.8,15.1,18.1,16.8,15.7,15.1
20260602,カデナボニータ,64.4,47.5,31.7,15.5,16.9,15.8,16.2,15.5
20260602,ルビーブロンド,66.3,49.0,32.2,16.1,17.3,16.8,16.1,16.1
20260602,ハッピーローヴァー,68.9,49.6,32.4,15.7,19.3,17.2,16.7,15.7
20260602,パノラマステージ,68.2,50.9,33.0,16.2,17.3,17.9,16.8,16.2
20260602,スマートエスコート,66.9,49.5,32.5,15.8,17.4,17.0,16.7,15.8
20260602,フランヴィア,68.5,50.1,32.6,15.7,18.4,17.5,16.9,15.7
20260602,フォルトナレガーロ,70.2,52.2,34.4,17.0,18.0,17.8,17.4,17.0
20260602,ヴィヴァン,64.7,47.4,31.1,15.5,17.3,16.3,15.6,15.5
20260602,メイショウコナン,66.5,48.2,31.2,15.7,18.3,17.0,15.5,15.7
20260602,シンエンペラー,65.1,47.0,31.3,15.9,18.1,15.7,15.4,15.9
20260602,ヴィヴァシャス,65.0,47.0,30.6,15.3,18.0,16.4,15.3,15.3
20260602,ゴールデンクラウド,72.7,52.5,34.0,16.8,20.2,18.5,17.2,16.8
20260602,ロングホリデー,65.3,48.0,32.1,16.0,17.3,15.9,16.1,16.0
20260602,フェイトブレイカー,68.8,50.6,32.8,16.0,18.2,17.8,16.8,16.0
20260602,レッドレベンディス,65.2,47.1,30.9,15.2,18.1,16.2,15.7,15.2
20260602,スカイスプレンダー,65.1,46.0,30.1,14.6,19.1,15.9,15.5,14.6
20260602,マルベック,70.2,51.5,34.2,16.9,18.7,17.3,17.3,16.9
20260602,グーフィー,65.1,47.4,31.5,15.9,17.7,15.9,15.6,15.9
20260602,クリコキアナ,68.2,50.2,33.2,16.6,18.0,17.0,16.6,16.6
20260602,ヨドノゴールド,68.6,49.5,32.8,15.6,19.1,16.7,17.2,15.6
20260602,ロードフロンティア,71.6,51.9,34.4,17.5,19.7,17.5,16.9,17.5
20260602,アミラル,66.1,48.6,31.8,15.6,17.5,16.8,16.2,15.6
20260602,ケンブリッジグレイ,65.0,47.4,31.1,15.0,17.6,16.3,16.1,15.0
20260602,ゴールデンバランス,66.7,49.1,32.3,15.9,17.6,16.8,16.4,15.9
20260602,ニシノエビガタメ,65.2,47.7,31.0,15.0,17.5,16.7,16.0,15.0
20260602,クロナ,52.2,37.6,24.4,12.0,14.6,13.2,12.4,12.0
20260602,ガイアフォース,68.0,49.1,32.1,16.0,18.9,17.0,16.1,16.0
20260602,ファミリータイム,65.7,47.7,31.5,15.3,18.0,16.2,16.2,15.3
20260602,オフトレイル,65.3,47.1,30.5,14.9,18.2,16.6,15.6,14.9
20260602,ワンコールアウェイ,67.9,48.7,31.7,15.8,19.2,17.0,15.9,15.8
20260602,グランドプラージュ,66.7,47.5,30.5,14.7,19.2,17.0,15.8,14.7
20260602,ニューオーリンズ,68.0,50.0,32.6,16.1,18.0,17.4,16.5,16.1
20260602,タントレーベル,67.6,49.2,32.3,15.7,18.4,16.9,16.6,15.7
20260602,ヴェネラブル,67.2,48.7,31.9,15.5,18.5,16.8,16.4,15.5
20260602,ブラックシャリマー,67.4,48.7,32.1,16.1,18.7,16.6,16.0,16.1
20260602,ロスニーニョス,63.2,46.2,31.0,15.7,17.0,15.2,15.3,15.7
20260602,エンジェルボイス,66.7,48.4,31.3,15.0,18.3,17.1,16.3,15.0
20260602,ピカキウイ,68.4,49.1,32.9,16.5,19.3,16.2,16.4,16.5
20260602,ロックターミガン,64.8,47.2,30.7,14.9,17.6,16.5,15.8,14.9
20260602,リベッチオ,67.7,49.0,32.2,15.7,18.7,16.8,16.5,15.7
20260602,カンフージョン,66.6,48.5,31.6,15.1,18.1,16.9,16.5,15.1
20260602,クロジシジョー,62.9,45.7,30.2,14.9,17.2,15.5,15.3,14.9
20260602,ロードオールライト,69.1,51.1,33.6,16.6,18.0,17.5,17.0,16.6
20260602,ラヴネヴァーダイズ,70.6,48.5,30.7,14.6,22.1,17.8,16.1,14.6
20260602,タマモフリージア,69.3,49.8,32.3,15.8,19.5,17.5,16.5,15.8
20260602,リアライズグリント,64.0,47.0,31.3,15.7,17.0,15.7,15.6,15.7
20260602,アリュウ,69.6,50.9,33.9,16.7,18.7,17.0,17.2,16.7
20260602,タマモマリアージュ,54.9,39.4,25.7,13.2,15.5,13.7,12.5,13.2
20260602,リアルジャパン,67.8,49.4,32.5,15.9,18.4,16.9,16.6,15.9
20260602,タイガーストリート,69.2,49.7,32.2,15.7,19.5,17.5,16.5,15.7
20260602,マルモリスペシャル,68.1,48.5,31.3,15.2,19.6,17.2,16.1,15.2
20260602,シャインラブ,69.4,50.3,33.3,16.9,19.1,17.0,16.4,16.9
20260602,ウォーターリヒト,65.4,48.5,32.0,15.7,16.9,16.5,16.3,15.7
20260602,ウォーターガーベラ,67.6,49.5,32.6,16.4,18.1,16.9,16.2,16.4
20260602,フレイムスター,57.0,41.3,27.1,13.5,15.7,14.2,13.6,13.5
20260602,マーゴットミスト,67.2,49.4,32.7,16.3,17.8,16.7,16.4,16.3
20260602,スマートティアナ,66.2,47.9,32.0,15.6,18.3,15.9,16.4,15.6
20260602,ボクサークラブ,66.8,48.9,31.8,15.5,17.9,17.1,16.3,15.5
20260602,ウルトラハート,71.4,53.8,36.0,17.6,17.6,17.8,18.4,17.6
20260602,ノチェセラーダ,65.6,48.0,31.3,15.1,17.6,16.7,16.2,15.1
20260602,コサージュ,57.2,41.4,27.0,13.3,15.8,14.4,13.7,13.3
20260602,バミューダブーケ,68.2,49.9,32.2,15.7,18.3,17.7,16.5,15.7
20260602,ワーズワース,68.1,49.5,32.1,15.6,18.6,17.4,16.5,15.6
20260602,シュガークン,75.4,55.4,36.4,17.9,20.0,19.0,18.5,17.9
20260602,ナムラブーニン,68.6,50.7,33.5,16.6,17.9,17.2,16.9,16.6
20260602,サンタカリス,66.4,48.2,32.1,16.2,18.2,16.1,15.9,16.2
20260602,アンティスマ,73.4,53.8,35.8,17.8,19.6,18.0,18.0,17.8
20260602,ダイメイクマモト,68.3,51.4,34.6,17.0,16.9,16.8,17.6,17.0
20260602,ワイドシャッフエン,67.7,49.5,32.6,16.6,18.2,16.9,16.0,16.6
20260602,クレバーキュート,67.7,49.6,32.5,16.4,18.1,17.1,16.1,16.4
20260602,コマチチャン,67.5,46.7,29.9,14.8,20.8,16.8,15.1,14.8
20260602,シルバーレシオ,69.3,51.0,33.0,16.0,18.3,18.0,17.0,16.0
20260602,オスカーレイア,67.1,48.8,32.0,15.9,18.3,16.8,16.1,15.9
20260602,テラレガル,68.8,50.8,33.8,17.0,18.0,17.0,16.8,17.0
20260602,ヤマトクオーレ,67.6,48.6,31.6,15.7,19.0,17.0,15.9,15.7
20260602,ヤマトデュノール,71.7,53.7,36.6,18.5,18.0,17.1,18.1,18.5
20260602,オオキニ,66.3,48.7,32.1,16.1,17.6,16.6,16.0,16.1
20260602,ショウナンアデイブ,74.9,53.8,34.8,17.2,21.1,19.0,17.6,17.2
20260602,セブンマジシャン,73.5,53.4,34.4,16.6,20.1,19.0,17.8,16.6
20260602,ハギノサステナブル,74.3,53.7,35.0,17.3,20.6,18.7,17.7,17.3
20260602,ハミルトン,74.2,53.5,34.5,16.8,20.7,19.0,17.7,16.8
20260602,シャンパンライフ,66.0,49.3,33.4,17.1,16.7,15.9,16.3,17.1
20260602,シャインバオバブ,69.0,50.7,33.1,16.1,18.3,17.6,17.0,16.1
20260602,エトワールブルー,71.0,50.8,32.9,16.2,20.2,17.9,16.7,16.2
20260602,ルーセントムーン,65.7,47.6,30.8,14.7,18.1,16.8,16.1,14.7
20260602,デルニエジョイ,67.3,48.6,31.6,15.6,18.7,17.0,16.0,15.6
20260602,マクノス,67.2,49.4,32.3,15.8,17.8,17.1,16.5,15.8
20260602,ゼルダ,65.7,47.9,31.4,15.5,17.8,16.5,15.9,15.5
20260602,エバイダンス,67.4,49.4,32.6,16.4,18.0,16.8,16.2,16.4
20260602,グレイトソン,68.6,50.4,33.1,16.4,18.2,17.3,16.7,16.4
20260602,トゥインクルピカ,68.7,50.2,33.0,16.0,18.5,17.2,17.0,16.0
20260602,ミルボナー,75.6,54.0,35.0,17.1,21.6,19.0,17.9,17.1
20260602,フレアオブセンス,74.1,53.3,34.3,16.9,20.8,19.0,17.4,16.9
20260602,ラジャブルック,73.9,53.4,34.4,16.9,20.5,19.0,17.5,16.9
20260602,プリンキピッサ,71.8,52.7,34.3,16.6,19.1,18.4,17.7,16.6
20260602,テリコス,66.6,48.4,31.1,15.3,18.2,17.3,15.8,15.3
20260602,リアルアルバ,68.3,51.1,34.7,17.5,17.2,16.4,17.2,17.5
20260602,ファントムグレース,70.9,52.1,34.4,17.0,18.8,17.7,17.4,17.0
20260602,カナタコナタ,64.9,47.9,32.0,15.9,17.0,15.9,16.1,15.9
20260602,ルージュルガーノ,69.2,50.2,33.9,16.7,19.0,16.3,17.2,16.7
20260602,メイショウヴィータ,69.3,51.2,33.8,16.6,18.1,17.4,17.2,16.6
20260602,メイショウノゾミ,73.2,54.8,36.2,17.9,18.4,18.6,18.3,17.9
20260602,ルイスイメル,68.8,51.2,33.7,16.6,17.6,17.5,17.1,16.6
20260602,パッションシーザー,68.0,50.7,33.2,16.1,17.3,17.5,17.1,16.1
20260602,アワードストーリー,67.8,50.7,33.3,16.1,17.1,17.4,17.2,16.1
20260602,ミナデオロ,64.1,46.7,30.1,14.5,17.4,16.6,15.6,14.5
20260602,オリーボーレン,66.5,48.9,32.1,16.3,17.6,16.8,15.8,16.3
20260602,ライラックデューン,66.6,49.0,33.2,17.2,17.6,15.8,16.0,17.2
20260602,ウインリベラシオン,65.6,48.4,32.2,16.0,17.2,16.2,16.2,16.0
20260602,フルムーン,63.0,45.7,29.9,14.4,17.3,15.8,15.5,14.4
20260602,アライブテーラー,67.5,50.1,32.5,15.8,17.4,17.6,16.7,15.8
20260602,ミリタリータトゥー,64.9,49.1,33.0,16.9,15.8,16.1,16.1,16.9
20260602,シュネードリーム,64.8,48.2,31.9,15.8,16.6,16.3,16.1,15.8
20260602,ウィスカーパッド,64.5,47.9,31.5,15.3,16.6,16.4,16.2,15.3
20260602,シュネープリンセス,66.6,49.4,32.6,15.9,17.2,16.8,16.7,15.9
20260602,テーオーグレーザー,66.4,48.8,32.4,16.8,17.6,16.4,15.6,16.8
20260602,アクアアイ,66.4,48.3,30.9,14.4,18.1,17.4,16.5,14.4
20260602,サイモンコーラル,65.0,45.8,29.5,14.6,19.2,16.3,14.9,14.6
20260602,グロリアスグレイス,64.9,48.5,32.0,15.8,16.4,16.5,16.2,15.8
20260602,マイエレメント,64.4,47.9,31.5,15.1,16.5,16.4,16.4,15.1
20260602,キタノハイテイル,64.8,46.5,29.9,15.0,18.3,16.6,14.9,15.0
20260602,パウンドフォーワン,64.8,47.4,31.2,15.7,17.4,16.2,15.5,15.7
20260602,カテリーナ,62.8,45.0,29.9,15.3,17.8,15.1,14.6,15.3
20260602,プレゼンティーア,63.1,46.5,30.7,15.3,16.6,15.8,15.4,15.3
20260602,パヴィーア,63.0,46.6,30.6,15.3,16.4,16.0,15.3,15.3
20260602,ワンダーゾルダート,67.8,49.7,32.8,16.3,18.1,16.9,16.5,16.3
20260602,ダンデノン,64.8,47.2,31.2,15.2,17.6,16.0,16.0,15.2
20260602,ソルトアイリス,66.4,48.5,32.6,16.4,17.9,15.9,16.2,16.4
20260602,イニシオ,62.7,46.5,31.4,16.3,16.2,15.1,15.1,16.3
20260602,ルーストカール,66.8,49.6,32.8,16.5,17.2,16.8,16.3,16.5
20260602,ザラタン,69.5,50.5,32.1,15.7,19.0,18.4,16.4,15.7
20260602,フローレンスフーガ,65.6,48.6,31.9,15.7,17.0,16.7,16.2,15.7
20260602,バディ,63.9,46.9,31.3,15.4,17.0,15.6,15.9,15.4
20260602,ミルトメテオ,62.2,45.4,30.8,15.6,16.8,14.6,15.2,15.6
20260602,デルマフジ,60.2,44.4,29.6,14.7,15.8,14.8,14.9,14.7
20260602,グランブーケ,61.3,45.4,30.4,15.4,15.9,15.0,15.0,15.4
20260602,クワイエットアイ,64.0,47.6,31.5,15.6,16.4,16.1,15.9,15.6
20260602,カクシンゴールド,65.9,48.1,31.3,15.8,17.8,16.8,15.5,15.8
20260602,コルサロ,64.3,47.0,31.6,15.6,17.3,15.4,16.0,15.6
20260602,メイケイリチャード,66.9,48.3,31.6,15.8,18.6,16.7,15.8,15.8
20260602,レッドネビュラ,67.8,49.8,33.2,15.6,18.0,16.6,17.6,15.6
20260602,ワイドアラジン,65.7,46.5,29.8,15.0,19.2,16.7,14.8,15.0
20260602,シンドリームシン,63.3,46.5,30.7,15.1,16.8,15.8,15.6,15.1
20260602,ドゥラエテルノ,65.3,48.3,31.8,15.6,17.0,16.5,16.2,15.6
20260602,ペンテリコン,64.2,46.7,31.0,15.4,17.5,15.7,15.6,15.4
20260602,ブレイクガール,65.6,47.9,31.3,15.2,17.7,16.6,16.1,15.2
20260602,スマイリングスカイ,66.4,50.1,33.6,16.8,16.3,16.5,16.8,16.8
20260602,オーケーエレガンス,65.6,47.2,30.5,15.4,18.4,16.7,15.1,15.4
20260602,ボーントゥウォリア,63.1,47.1,30.7,15.1,16.0,16.4,15.6,15.1
20260602,インクレイブル,66.8,49.9,33.3,16.5,16.9,16.6,16.8,16.5
20260602,エグジスタンス,65.0,48.3,32.0,15.6,16.7,16.3,16.4,15.6
20260602,タガノランパート,63.1,47.1,30.7,15.1,16.0,16.4,15.6,15.1
20260602,ルージュバロン,63.0,45.5,30.1,15.1,17.5,15.4,15.0,15.1
20260602,フォルナックス,65.5,48.8,32.5,16.1,16.7,16.3,16.4,16.1
20260602,レッドブライトン,63.9,46.0,30.2,15.3,17.9,15.8,14.9,15.3
20260602,ヒロノラメール,62.2,46.4,30.8,15.2,15.8,15.6,15.6,15.2
20260602,ペガサスウィンド,63.4,46.8,31.0,16.2,16.6,15.8,14.8,16.2
20260602,ブルークレスト,64.5,48.1,32.0,16.4,16.4,16.1,15.6,16.4
20260602,ジーティーピカソ,63.7,47.2,31.5,15.6,16.5,15.7,15.9,15.6
20260602,リネアベルタ,64.0,47.0,30.6,15.4,17.0,16.4,15.2,15.4
20260602,ラミアスペランツァ,62.8,46.1,30.1,14.4,16.7,16.0,15.7,14.4
20260602,グロリアラウス,73.2,53.9,35.5,17.8,19.3,18.4,17.7,17.8
20260602,バトンインディ,54.5,39.8,25.8,12.5,14.7,14.0,13.3,12.5
20260602,ディアウス,62.4,45.3,29.7,14.6,17.1,15.6,15.1,14.6
20260602,マキシマムビスタ,73.0,53.7,35.5,17.8,19.3,18.2,17.7,17.8
20260602,クロワデュノール,71.9,52.1,34.4,16.7,19.8,17.7,17.7,16.7
20260602,サンセバ,64.1,46.0,31.1,15.7,18.1,14.9,15.4,15.7
20260602,サウンドヴィヴァン,71.6,52.4,34.4,16.9,19.2,18.0,17.5,16.9
20260602,マンナット,71.7,52.3,34.3,16.9,19.4,18.0,17.4,16.9
20260602,シスキンブルーム,73.1,53.8,35.5,17.7,19.3,18.3,17.8,17.7
20260602,ダルマパワー,71.4,52.3,34.3,16.8,19.1,18.0,17.5,16.8
20260602,メモリアデルレ,64.7,47.4,30.3,14.8,17.3,17.1,15.5,14.8
20260602,メアグローリア,72.7,53.6,35.5,17.8,19.1,18.1,17.7,17.8
20260602,エリカヴェローナ,62.3,46.0,30.1,14.9,16.3,15.9,15.2,14.9
20260602,サウスバンク,64.8,47.8,32.0,15.0,17.0,15.8,17.0,15.0
20260602,システマソラー,65.7,48.7,32.1,15.9,17.0,16.6,16.2,15.9
20260602,オラヴィンリンナ,65.0,47.5,30.5,14.4,17.5,17.0,16.1,14.4
20260602,セキゾウ,65.0,47.5,31.0,15.6,17.5,16.5,15.4,15.6
20260602,ココロヅヨサ,65.0,48.3,31.7,16.2,16.7,16.6,15.5,16.2
20260602,ホウオウワイズ,63.8,46.4,29.5,14.3,17.4,16.9,15.2,14.3
20260602,ウメヒナタ,66.0,48.7,32.0,16.0,17.3,16.7,16.0,16.0
20260602,ジーティーサクラ,65.3,47.7,30.9,14.7,17.6,16.8,16.2,14.7
20260602,マリオロード,73.9,53.1,35.0,16.4,20.8,18.1,18.6,16.4
20260602,ナムラクララ,68.0,50.8,33.5,16.6,17.2,17.3,16.9,16.6
20260602,エンダードラゴン,57.3,41.7,27.6,14.0,15.6,14.1,13.6,14.0
20260602,ジューンアゲイン,68.4,50.5,33.4,16.4,17.9,17.1,17.0,16.4
20260602,キープシャイニング,68.3,50.5,33.3,16.5,17.8,17.2,16.8,16.5
20260602,クリムゾンバースト,68.2,50.5,33.4,16.4,17.7,17.1,17.0,16.4
20260602,プランシングホース,68.1,50.8,33.5,16.6,17.3,17.3,16.9,16.6
20260602,クリアストライク,64.5,46.9,30.8,15.4,17.6,16.1,15.4,15.4
20260602,シュガークン,73.6,53.5,35.3,17.5,20.1,18.2,17.8,17.5
20260602,コルレオニス,61.1,43.1,27.9,13.7,18.0,15.2,14.2,13.7
20260602,アドマイヤズーム,63.5,45.7,29.8,14.8,17.8,15.9,15.0,14.8
20260602,ユウェンタース,68.2,49.5,32.7,16.6,18.7,16.8,16.1,16.6
20260602,マイユニバース,64.5,47.4,30.8,14.9,17.1,16.6,15.9,14.9
20260602,メッチャエエヤン,70.8,52.5,34.4,16.6,18.3,18.1,17.8,16.6
20260602,ウインラブソング,66.6,48.7,31.6,15.5,17.9,17.1,16.1,15.5
20260602,テーオーエリーナ,67.2,48.7,32.3,16.1,18.5,16.4,16.2,16.1
20260602,アメリカンコール,64.9,48.8,32.6,16.4,16.1,16.2,16.2,16.4
20260602,ペイシャモノノフ,70.3,52.4,34.8,17.0,17.9,17.6,17.8,17.0
20260602,キタノコウセイ,69.3,50.6,34.3,17.0,18.7,16.3,17.3,17.0
20260602,ラケマーダ,67.4,49.1,31.5,15.3,18.3,17.6,16.2,15.3
20260602,ピースフルナイト,67.3,49.3,32.7,16.0,18.0,16.6,16.7,16.0
20260602,カンシン,67.0,49.0,32.5,16.3,18.0,16.5,16.2,16.3
20260602,ブライアーヒル,68.1,50.5,33.5,16.5,17.6,17.0,17.0,16.5
20260602,キタノガイヤール,66.8,48.3,32.5,16.2,18.5,15.8,16.3,16.2
20260602,オウケンブラッド,70.5,51.0,33.7,17.0,19.5,17.3,16.7,17.0
20260602,パウンドフォーワン,64.3,47.3,31.3,15.3,17.0,16.0,16.0,15.3
20260602,メイショウペルル,67.6,49.0,31.9,16.3,18.6,17.1,15.6,16.3
20260602,ブリオメンテ,71.4,52.4,34.7,17.3,19.0,17.7,17.4,17.3
20260602,ヴリトラハン,70.2,50.9,33.3,16.8,19.3,17.6,16.5,16.8
20260602,ウイントワイライト,67.7,50.2,33.3,16.4,17.5,16.9,16.9,16.4
20260602,タガノバビロン,66.7,48.4,31.3,15.0,18.3,17.1,16.3,15.0
20260602,リピ,70.0,51.1,33.3,16.7,18.9,17.8,16.6,16.7
20260602,レウコテア,65.2,48.0,31.9,15.8,17.2,16.1,16.1,15.8
20260602,マイティマイティー,65.5,48.1,32.5,17.1,17.4,15.6,15.4,17.1
20260602,ミライハーモニー,70.2,51.3,34.2,16.9,18.9,17.1,17.3,16.9
20260602,グッデイ,64.5,46.9,31.1,15.7,17.6,15.8,15.4,15.7
20260602,ウィンターダフネ,65.1,47.8,31.8,16.1,17.3,16.0,15.7,16.1
20260602,コズミックダンサー,65.9,48.4,32.3,16.2,17.5,16.1,16.1,16.2
20260602,ミッドタウンナイト,66.1,48.9,32.1,16.2,17.2,16.8,15.9,16.2
20260602,リトゥリア,64.5,48.2,31.5,15.3,16.3,16.7,16.2,15.3
20260602,コイタマチャン,66.8,48.6,31.8,15.8,18.2,16.8,16.0,15.8
20260602,セイウンダイフク,71.3,51.6,33.6,16.3,19.7,18.0,17.3,16.3
20260602,モアニ,64.4,47.9,31.9,16.0,16.5,16.0,15.9,16.0
20260602,ダイアナクイーン,67.1,48.7,31.9,15.7,18.4,16.8,16.2,15.7
20260602,ピゲ,65.6,47.9,31.6,15.6,17.7,16.3,16.0,15.6
20260602,モンシェリ,61.8,44.2,29.1,14.3,17.6,15.1,14.8,14.3
20260602,ケーヴァラ,66.7,48.3,31.7,16.0,18.4,16.6,15.7,16.0
20260602,ギマール,66.7,48.1,31.2,15.5,18.6,16.9,15.7,15.5
20260602,オアシスアラン,65.8,47.7,30.8,15.1,18.1,16.9,15.7,15.1
20260602,スマートイデアル,72.0,52.4,33.8,16.0,19.6,18.6,17.8,16.0
20260602,マカナアネラ,69.7,51.5,33.6,16.1,18.2,17.9,17.5,16.1
20260602,メイショウソラリス,65.5,47.7,32.5,16.6,17.8,15.2,15.9,16.6
20260602,ジャスパーブレイズ,69.1,50.1,31.7,15.5,19.0,18.4,16.2,15.5
20260602,メイショウラウルス,70.1,51.9,34.6,17.0,18.2,17.3,17.6,17.0
20260602,ヒデノレインボー,60.0,43.7,29.9,15.7,16.3,13.8,14.2,15.7
20260602,ライツユーアップ,70.7,50.6,32.4,15.7,20.1,18.2,16.7,15.7
20260602,タマモパルファン,74.2,53.6,35.0,17.1,20.6,18.6,17.9,17.1
20260602,ケイアイブラック,71.5,52.4,34.2,16.9,19.1,18.2,17.3,16.9
20260602,カネコメファミリー,69.0,51.5,34.4,16.8,17.5,17.1,17.6,16.8
20260602,ビップデイジー,69.3,49.7,32.8,16.2,19.6,16.9,16.6,16.2
20260602,クールブレーブ,67.1,49.5,32.5,16.2,17.6,17.0,16.3,16.2
20260602,ショールミーズ,68.8,51.4,34.0,16.9,17.4,17.4,17.1,16.9
20260602,メイショウノヴァス,69.1,50.5,33.1,16.4,18.6,17.4,16.7,16.4
20260602,ライツェントライゼ,65.8,46.5,30.3,15.2,19.3,16.2,15.1,15.2
20260602,シェーネエルデ,64.0,47.5,31.6,15.6,16.5,15.9,16.0,15.6
20260602,コムアンエクレール,64.6,49.8,33.8,17.1,14.8,16.0,16.7,17.1
20260602,ミエルモーサ,69.0,50.5,32.7,16.1,18.5,17.8,16.6,16.1
20260602,ペイシャモノノフ,65.2,48.0,31.5,15.6,17.2,16.5,15.9,15.6
20260602,エンヤラヴフェイス,64.9,47.4,31.6,15.8,17.5,15.8,15.8,15.8
20260602,カヴァティーナ,69.6,50.8,32.9,15.6,18.8,17.9,17.3,15.6
20260602,ウインデイジー,69.5,51.0,33.3,16.6,18.5,17.7,16.7,16.6
20260602,アークドール,71.9,53.2,34.9,16.9,18.7,18.3,18.0,16.9
20260602,ルクスメンデス,66.1,48.2,32.0,15.8,17.9,16.2,16.2,15.8
20260602,ショコラリーヴ,70.2,51.5,33.5,16.5,18.7,18.0,17.0,16.5
20260602,メイショウシナノ,66.7,49.9,33.0,16.5,16.8,16.9,16.5,16.5
20260602,ティンティンデオ,70.1,50.9,33.1,16.7,19.2,17.8,16.4,16.7
20260602,アスゴッド,60.8,44.1,29.5,14.9,16.7,14.6,14.6,14.9
20260602,マヤノイマジン,62.6,45.7,30.3,15.0,16.9,15.4,15.3,15.0
20260602,カフラー,62.7,45.7,30.2,15.1,17.0,15.5,15.1,15.1
20260602,シュテルンビルト,52.0,38.3,25.5,13.0,13.7,12.8,12.5,13.0
20260602,オドラニャソンソン,52.5,38.6,25.7,13.2,13.9,12.9,12.5,13.2
20260602,スネーフリンガ,53.0,38.7,25.1,12.7,14.3,13.6,12.4,12.7
20260602,メイショウナナユキ,63.5,46.8,31.0,15.4,16.7,15.8,15.6,15.4
20260602,ゼンノインヴォーク,66.1,48.0,31.3,15.7,18.1,16.7,15.6,15.7
20260602,スズハローム,63.7,46.8,30.6,14.9,16.9,16.2,15.7,14.9
20260602,フラッシング,65.7,47.7,31.6,15.4,18.0,16.1,16.2,15.4
20260602,キーチラナキラ,66.1,49.4,32.8,16.3,16.7,16.6,16.5,16.3
20260602,エコロヴァルド,66.2,49.1,32.0,15.5,17.1,17.1,16.5,15.5
20260602,ミッキークレスト,66.8,47.4,30.9,15.2,19.4,16.5,15.7,15.2
20260602,ゼンカイナダル,69.2,50.5,32.9,15.9,18.7,17.6,17.0,15.9
20260602,グランセンチュリ,69.6,51.2,33.3,16.2,18.4,17.9,17.1,16.2
20260602,ダークエクリプス,66.9,48.9,32.2,16.0,18.0,16.7,16.2,16.0
20260602,マイネルチケット,64.3,47.2,31.4,15.7,17.1,15.8,15.7,15.7
20260602,デルマモイワ,69.2,51.0,34.1,17.3,18.2,16.9,16.8,17.3
20260602,ジョヴィアン,54.6,38.7,24.8,12.0,15.9,13.9,12.8,12.0
20260602,スターペスショウマ,75.9,55.0,34.9,16.7,20.9,20.1,18.2,16.7
20260602,ルージュシャラポワ,67.3,49.1,31.8,15.7,18.2,17.3,16.1,15.7
20260602,アーリーハーベスト,67.9,49.5,32.4,16.1,18.4,17.1,16.3,16.1
20260602,グレートキリシマ,69.7,51.7,34.2,17.3,18.0,17.5,16.9,17.3
20260602,ダンツシタン,64.7,47.1,31.1,15.5,17.6,16.0,15.6,15.5
20260602,ジョウゲンノツキ,74.7,52.7,32.4,15.1,22.0,20.3,17.3,15.1
20260602,ｴｸｽﾁｪﾝｼﾞの24,66.4,49.4,33.1,16.5,17.0,16.3,16.6,16.5
20260602,スマートピナクル,66.3,49.4,33.0,16.5,16.9,16.4,16.5,16.5
20260602,ﾒｲｼｮｳﾗｯｼｭの24,66.4,49.6,33.3,16.7,16.8,16.3,16.6,16.7
20260602,ヒグマドン,66.4,49.3,33.1,16.5,17.1,16.2,16.6,16.5
20260602,ダーリンダーリン,63.2,46.6,30.8,15.5,16.6,15.8,15.3,15.5
20260602,ヤマニンサンパ,69.1,49.8,32.6,16.1,19.3,17.2,16.5,16.1
20260602,シュヴァルツリーベ,74.5,54.8,35.9,17.7,19.7,18.9,18.2,17.7
20260602,シオンダンサー,69.0,49.8,32.6,16.1,19.2,17.2,16.5,16.1
20260602,ヴィータリッカ,68.6,49.6,32.5,16.0,19.0,17.1,16.5,16.0
20260602,アスクアットバット,68.0,47.9,29.9,14.2,20.1,18.0,15.7,14.2
20260602,ビップヴォルフ,66.6,47.4,29.6,14.5,19.2,17.8,15.1,14.5
20260602,メイショウミリオレ,62.8,45.9,30.4,15.3,16.9,15.5,15.1,15.3
20260602,エバーグルーヴ,69.1,49.8,32.1,15.9,19.3,17.7,16.2,15.9
20260602,シャドウルーラー,68.4,49.9,31.9,15.6,18.5,18.0,16.3,15.6
20260602,モカラマーズ,71.9,52.3,33.2,15.9,19.6,19.1,17.3,15.9
20260602,レディネス,68.0,50.0,32.6,16.0,18.0,17.4,16.6,16.0
20260602,トウカイフルーレ,65.4,48.3,31.4,15.1,17.1,16.9,16.3,15.1
20260602,スナークルーベンス,76.0,56.6,37.1,18.5,19.4,19.5,18.6,18.5
20260602,ランズエンド,72.2,52.9,34.0,16.6,19.3,18.9,17.4,16.6
20260602,シュガーハウス,72.2,53.0,34.0,16.6,19.2,19.0,17.4,16.6
20260602,セルヴァジオ,64.8,47.4,31.8,15.8,17.4,15.6,16.0,15.8
20260602,グレーヌドジョワ,69.9,51.0,33.4,16.8,18.9,17.6,16.6,16.8
20260602,モーデン,64.7,47.4,31.5,15.8,17.3,15.9,15.7,15.8
20260602,モカプウイング,71.1,52.5,33.4,15.7,18.6,19.1,17.7,15.7
20260602,ベヒル,64.6,47.6,31.3,15.8,17.0,16.3,15.5,15.8
20260602,テーオーグランビル,63.0,45.6,29.9,14.4,17.4,15.7,15.5,14.4
20260602,ベラジオボンド,66.6,49.0,32.3,16.0,17.6,16.7,16.3,16.0
20260602,ラパンドール,66.2,47.5,30.3,14.8,18.7,17.2,15.5,14.8
20260602,ポリキポリキ,65.7,47.1,30.4,14.8,18.6,16.7,15.6,14.8
20260602,アームズレジェンド,65.3,47.5,31.2,15.3,17.8,16.3,15.9,15.3
20260602,ミスティックレナン,68.4,49.6,32.2,16.2,18.8,17.4,16.0,16.2
20260602,グランデスフィーダ,70.9,51.7,34.0,17.0,19.2,17.7,17.0,17.0
20260602,ティンタアマレラ,71.2,52.1,34.6,17.2,19.1,17.5,17.4,17.2
20260602,ポルトブルー,73.5,56.2,38.6,20.4,17.3,17.6,18.2,20.4
20260602,スピークロウ,76.5,57.6,39.4,21.4,18.9,18.2,18.0,21.4
20260602,マーズエクレール,70.6,51.7,34.0,17.1,18.9,17.7,16.9,17.1
20260602,エコロルーク,64.6,47.6,31.7,15.9,17.0,15.9,15.8,15.9
20260602,トムクリオーザ,63.9,46.2,30.7,15.3,17.7,15.5,15.4,15.3
20260602,ロードディグニティ,64.4,47.3,31.3,15.5,17.1,16.0,15.8,15.5
20260602,ウインルーティン,67.6,50.2,33.2,16.7,17.4,17.0,16.5,16.7
20260602,デュアルロール,63.6,46.5,29.9,14.5,17.1,16.6,15.4,14.5
20260602,バレンシア,64.5,47.5,31.1,15.6,17.0,16.4,15.5,15.6
20260602,アルビオン,65.1,47.5,30.6,15.1,17.6,16.9,15.5,15.1
20260602,ナムラロダン,71.1,51.9,34.0,16.8,19.2,17.9,17.2,16.8
20260602,サンタンジェロ,71.1,51.3,33.6,16.5,19.8,17.7,17.1,16.5
20260602,ソゲソゲスマイル,70.4,51.1,33.4,16.5,19.3,17.7,16.9,16.5
20260602,メイショウカスガイ,67.4,48.5,31.3,15.2,18.9,17.2,16.1,15.2
20260602,レーヌペスカ,65.8,48.7,31.8,15.5,17.1,16.9,16.3,15.5
20260602,ゴールデンドラゴン,66.4,48.0,30.7,15.0,18.4,17.3,15.7,15.0
20260602,ルージュビバーチェ,66.9,49.3,32.4,16.2,17.6,16.9,16.2,16.2
20260602,インジケーター,66.4,48.9,32.6,16.4,17.5,16.3,16.2,16.4
20260602,オースミライト,68.7,49.9,32.8,16.5,18.8,17.1,16.3,16.5
20260602,ゴールデンカイト,65.7,49.3,33.1,16.7,16.4,16.2,16.4,16.7
20260602,ビーチボール,67.0,49.7,33.0,16.9,17.3,16.7,16.1,16.9
20260602,レーヴドリュヌ,67.1,49.7,32.8,16.5,17.4,16.9,16.3,16.5
20260602,サンシュエール,68.6,52.0,34.7,17.4,16.6,17.3,17.3,17.4
20260602,コンセントリコ,65.1,48.2,31.9,16.1,16.9,16.3,15.8,16.1
20260602,ダノンデスティニー,65.0,48.1,32.0,16.3,16.9,16.1,15.7,16.3
20260602,キングリア,64.2,46.9,31.3,15.7,17.3,15.6,15.6,15.7
20260602,タマモキャリコ,64.2,48.2,32.1,16.3,16.0,16.1,15.8,16.3
20260602,キーパフォーマー,63.5,46.3,30.3,14.9,17.2,16.0,15.4,14.9
20260602,ドマーネ,64.2,47.3,30.8,14.7,16.9,16.5,16.1,14.7
20260602,リアララ,66.7,47.4,30.9,14.8,19.3,16.5,16.1,14.8
20260602,クールデイトナ,64.2,47.5,32.0,15.7,16.7,15.5,16.3,15.7
20260602,ジェンティール,65.6,47.7,31.5,15.9,17.9,16.2,15.6,15.9
20260602,テムルーラー,67.0,49.8,32.8,16.4,17.2,17.0,16.4,16.4
20260602,ティフォシ,67.1,49.8,32.7,16.5,17.3,17.1,16.2,16.5
20260602,ロジクラウン,64.1,45.4,29.6,14.8,18.7,15.8,14.8,14.8
20260602,ラインオブソウル,68.8,50.1,32.3,16.2,18.7,17.8,16.1,16.2
20260602,マリアナトレンチ,65.7,48.0,31.2,15.3,17.7,16.8,15.9,15.3
20260602,リオンプライム,67.8,50.5,33.2,16.3,17.3,17.3,16.9,16.3
20260602,オセアスターライト,67.1,48.3,31.6,15.8,18.8,16.7,15.8,15.8
20260602,アート,68.5,49.7,32.7,16.0,18.8,17.0,16.7,16.0
20260602,フウセン,68.1,49.3,32.5,16.2,18.8,16.8,16.3,16.2
20260602,ファイナルコマンド,65.8,48.3,31.7,15.8,17.5,16.6,15.9,15.8
20260602,ウイルソン,70.0,50.5,33.5,16.3,19.5,17.0,17.2,16.3
20260602,ココフルール,66.6,49.3,32.8,16.4,17.3,16.5,16.4,16.4
20260602,ブルーノート,68.3,49.6,33.2,16.6,18.7,16.4,16.6,16.6
20260602,サンライズアムール,69.9,52.6,35.6,18.2,17.3,17.0,17.4,18.2
20260602,スリーケイ,67.2,49.2,32.2,16.1,18.0,17.0,16.1,16.1
20260602,ジーティーウタマロ,66.0,48.3,32.4,16.3,17.7,15.9,16.1,16.3
20260602,テイエムスティール,69.1,50.9,33.6,16.6,18.2,17.3,17.0,16.6
20260602,ヒューザー,69.2,51.6,34.4,17.5,17.6,17.2,16.9,17.5
20260602,ムソウテンセイ,71.7,52.2,33.6,16.1,19.5,18.6,17.5,16.1
20260602,テーオーカメリア,70.2,50.9,33.5,16.5,19.3,17.4,17.0,16.5
20260602,セミマル,63.8,46.1,29.1,14.2,17.7,17.0,14.9,14.2
20260602,スズカダブル,67.6,49.9,33.2,16.4,17.7,16.7,16.8,16.4
20260602,ロードフォアエース,64.8,47.3,31.3,15.3,17.5,16.0,16.0,15.3
20260602,ベルメサイア,64.8,47.7,31.1,15.0,17.1,16.6,16.1,15.0
20260602,ベトルス,62.8,46.0,30.1,15.0,16.8,15.9,15.1,15.0
20260602,ラッキーバック,62.7,45.2,28.5,13.7,17.5,16.7,14.8,13.7
20260602,グランフィエルテ,54.8,39.6,25.8,12.7,15.2,13.8,13.1,12.7
20260602,ベルアズーロ,65.3,46.7,30.1,14.4,18.6,16.6,15.7,14.4
20260602,ヘクセンハウス,54.5,39.1,25.6,13.0,15.4,13.5,12.6,13.0
20260602,アウェイクネス,63.2,46.4,30.8,15.3,16.8,15.6,15.5,15.3
20260602,リチュアル,64.9,47.6,31.7,15.5,17.3,15.9,16.2,15.5
20260602,ラファル,66.5,49.1,32.4,15.7,17.4,16.7,16.7,15.7
20260602,トラヴェリンバンド,62.4,46.1,30.7,15.8,16.3,15.4,14.9,15.8
20260602,ホウオウレイヴン,64.6,46.7,30.9,15.5,17.9,15.8,15.4,15.5
20260602,デルマリシリ,65.3,48.7,32.7,15.9,16.6,16.0,16.8,15.9
20260602,オメガヒストリー,68.2,49.5,31.4,15.5,18.7,18.1,15.9,15.5
20260602,ボンボンベイビー,64.6,47.5,31.5,16.0,17.1,16.0,15.5,16.0
20260602,スプレンドーレ,64.0,47.3,31.5,16.0,16.7,15.8,15.5,16.0
20260602,ミハテヌユメ,64.5,47.6,31.3,15.4,16.9,16.3,15.9,15.4
20260602,ヴェールダムール,64.0,47.4,31.4,15.9,16.6,16.0,15.5,15.9
20260602,キャンディリヒト,65.6,48.9,33.3,16.7,16.7,15.6,16.6,16.7
20260602,オメガマサヤ,68.7,51.6,34.7,17.1,17.1,16.9,17.6,17.1
20260602,アイボリータワー,69.1,52.1,35.0,18.1,17.0,17.1,16.9,18.1
20260602,メイショウヒュウガ,68.4,50.3,32.9,16.5,18.1,17.4,16.4,16.5
20260602,ミュージアムマイル,72.2,52.2,33.6,16.6,20.0,18.6,17.0,16.6
20260602,ガウラディスコ,69.8,51.1,33.7,16.6,18.7,17.4,17.1,16.6
20260602,コンテナライン,65.3,47.9,31.2,15.4,17.4,16.7,15.8,15.4
20260602,ローレルオーブ,65.9,47.4,30.6,15.0,18.5,16.8,15.6,15.0
20260602,テンタイムトップ,65.3,48.0,31.1,15.3,17.3,16.9,15.8,15.3
20260602,ダディーズトリップ,70.5,51.6,33.9,16.2,18.9,17.7,17.7,16.2
20260602,サンライズアムール,65.5,48.8,32.1,16.1,16.7,16.7,16.0,16.1
20260602,カステッロトゥーレ,69.8,50.9,33.0,16.7,18.9,17.9,16.3,16.7
20260602,ヒューザー,64.4,47.4,31.6,16.1,17.0,15.8,15.5,16.1
20260602,クレマチス,68.3,50.4,33.2,16.4,17.9,17.2,16.8,16.4
20260602,イーグルチョイス,56.4,43.5,30.9,18.2,12.9,12.6,12.7,18.2
20260602,ラクホマレ,61.0,43.9,29.0,14.4,17.1,14.9,14.6,14.4
20260602,ケイアイクウガ,65.3,47.7,31.5,16.0,17.6,16.2,15.5,16.0
20260602,ヴェルメロディ,65.6,48.4,32.1,15.7,17.2,16.3,16.4,15.7
20260602,マーゴットマシェリ,66.4,48.6,32.1,16.2,17.8,16.5,15.9,16.2
20260602,チャンネルトンネル,67.8,49.9,32.9,16.5,17.9,17.0,16.4,16.5
20260602,ボールドペイト,69.8,52.4,35.1,17.8,17.4,17.3,17.3,17.8
20260602,ファランギーナ,68.3,49.7,32.6,15.7,18.6,17.1,16.9,15.7
20260602,コンクイスタ,64.5,47.9,31.0,14.8,16.6,16.9,16.2,14.8
20260602,ホワイトフレイムス,64.6,46.7,30.5,14.7,17.9,16.2,15.8,14.7
20260602,ルースソラール,65.5,47.6,30.7,14.9,17.9,16.9,15.8,14.9
20260602,テンカオーライ,66.9,50.2,33.5,16.5,16.7,16.7,17.0,16.5
20260602,グディンナ,70.7,51.4,33.3,16.3,19.3,18.1,17.0,16.3
20260602,ワカワカ,67.2,48.3,32.3,16.2,18.9,16.0,16.1,16.2
20260602,リネアグローリア,66.4,48.8,32.4,16.4,17.6,16.4,16.0,16.4
20260602,カッタッパ,67.2,49.7,33.4,17.1,17.5,16.3,16.3,17.1
20260602,アイファーラピッド,64.0,47.9,31.7,16.8,16.1,16.2,14.9,16.8
20260602,アクートゥス,65.3,48.5,31.6,15.3,16.8,16.9,16.3,15.3
20260602,ワンダーリュクス,68.8,50.6,33.3,16.4,18.2,17.3,16.9,16.4
20260602,ニホンピロマリンバ,55.8,39.9,25.5,12.6,15.9,14.4,12.9,12.6
20260602,ハリウッドパーク,61.6,45.0,29.6,14.9,16.6,15.4,14.7,14.9
20260602,タガノアルトゥーラ,73.9,54.9,36.0,17.9,19.0,18.9,18.1,17.9
20260602,ルージュアイラ,67.6,48.3,31.7,15.8,19.3,16.6,15.9,15.8
20260602,ヴィンテール,67.4,48.2,31.8,15.7,19.2,16.4,16.1,15.7
20260602,ハクサンテドリガワ,66.9,49.2,33.0,16.4,17.7,16.2,16.6,16.4
20260602,リザレクティア,68.2,49.0,31.7,15.5,19.2,17.3,16.2,15.5
20260602,エイシンリーガル,66.1,48.7,31.4,15.2,17.4,17.3,16.2,15.2
20260602,アスクアイルビゼア,65.1,47.5,31.3,15.5,17.6,16.2,15.8,15.5
20260602,ゲインサポート,62.8,45.3,29.5,14.7,17.5,15.8,14.8,14.7
20260602,トーレス,65.1,48.4,32.6,16.9,16.7,15.8,15.7,16.9
20260602,スマートスピア,66.2,49.1,33.0,16.7,17.1,16.1,16.3,16.7
20260602,ジーゲスツーク,69.2,50.7,33.2,16.6,18.5,17.5,16.6,16.6
20260602,ナポリ,62.0,45.9,30.6,15.4,16.1,15.3,15.2,15.4
20260602,アースグリッパー,69.7,51.6,34.7,17.6,18.1,16.9,17.1,17.6
20260602,カツダルマ,68.4,50.8,33.9,17.0,17.6,16.9,16.9,17.0
20260602,ラガッタレアーレ,68.4,49.7,33.1,16.7,18.7,16.6,16.4,16.7
20260602,ジュウオウ,66.7,49.1,32.6,16.4,17.6,16.5,16.2,16.4
20260602,ウンディーネ,65.2,47.8,31.5,15.7,17.4,16.3,15.8,15.7
20260602,モックモック,65.1,48.1,31.2,15.4,17.0,16.9,15.8,15.4
20260602,ライジン,67.1,48.7,32.2,15.7,18.4,16.5,16.5,15.7
20260602,ハギノコラソン,63.6,46.2,30.2,14.9,17.4,16.0,15.3,14.9
20260602,シホノペルフェット,65.9,48.1,31.6,15.8,17.8,16.5,15.8,15.8
20260602,クリスタルタワー,67.2,48.2,31.2,15.3,19.0,17.0,15.9,15.3
20260602,マーゴットガイア,66.4,49.1,32.5,15.8,17.3,16.6,16.7,15.8
20260602,カラバッシュ,65.6,48.0,31.9,16.2,17.6,16.1,15.7,16.2
20260602,ベルギューン,66.0,48.1,31.5,15.5,17.9,16.6,16.0,15.5
20260602,イリフィ,71.0,50.7,33.2,16.7,20.3,17.5,16.5,16.7
20260602,タイキルッジェーロ,73.0,53.5,35.2,17.1,19.5,18.3,18.1,17.1
20260602,アンリミテッド,70.1,50.0,31.9,15.6,20.1,18.1,16.3,15.6
20260602,ダノンテムズ,65.5,47.5,30.9,15.1,18.0,16.6,15.8,15.1
20260602,ミティリーニ,72.1,52.7,34.6,17.3,19.4,18.1,17.3,17.3
20260602,ファヴォーニアン,74.8,53.9,35.4,17.4,20.9,18.5,18.0,17.4
20260602,ヴィヴェローネ,67.8,49.0,31.1,14.9,18.8,17.9,16.2,14.9
20260602,ライトオブヌカタ,66.0,47.8,31.3,15.4,18.2,16.5,15.9,15.4
20260602,ユーコンノオトコ,66.0,48.1,31.2,15.8,17.9,16.9,15.4,15.8
20260602,ベラジオヴァレル,65.7,49.2,33.0,16.5,16.5,16.2,16.5,16.5
20260602,タナブイハチターボ,68.2,50.6,34.3,17.3,17.6,16.3,17.0,17.3
20260602,リリーサンダー,65.9,48.3,31.4,16.1,17.6,16.9,15.3,16.1
20260602,マイケルバローズ,64.9,47.9,32.0,15.9,17.0,15.9,16.1,15.9
20260602,チェファルー,65.7,48.5,32.1,15.7,17.2,16.4,16.4,15.7
20260602,リリークリスタル,65.0,46.7,30.8,14.9,18.3,15.9,15.9,14.9
20260602,トモジャクリエ,69.3,54.2,37.4,18.5,15.1,16.8,18.9,18.5
20260602,エコロメジャー,65.2,47.8,31.7,15.8,17.4,16.1,15.9,15.8
20260602,クリスレグナム,68.5,50.8,33.5,16.5,17.7,17.3,17.0,16.5
20260602,ファラオクィーン,64.5,47.1,31.3,15.3,17.4,15.8,16.0,15.3
20260602,ウインヘリオドール,67.7,48.8,32.0,15.8,18.9,16.8,16.2,15.8
20260602,ファムエレガンテ,65.4,48.5,32.3,15.9,16.9,16.2,16.4,15.9
20260602,ハッピーラブソング,64.8,47.8,31.6,15.9,17.0,16.2,15.7,15.9
20260602,ニミッツハイウェイ,67.4,49.0,32.9,16.7,18.4,16.1,16.2,16.7
20260602,マーゴットデイズ,70.5,52.0,34.5,17.3,18.5,17.5,17.2,17.3
20260602,シルバーリム,66.3,48.8,32.8,16.0,17.5,16.0,16.8,16.0
20260602,ヤマニンイハナ,67.9,50.5,33.7,16.9,17.4,16.8,16.8,16.9
20260602,セルリアンゲーゲン,63.5,46.7,30.2,14.9,16.8,16.5,15.3,14.9
20260602,ハヤブサオヒメサマ,65.8,47.5,31.1,15.5,18.3,16.4,15.6,15.5
20260602,ブルーレース,67.4,49.1,32.7,16.0,18.3,16.4,16.7,16.0
20260602,ケイテンアイジン,65.7,48.8,32.9,16.7,16.9,15.9,16.2,16.7
20260602,シャマレル,65.3,47.8,30.9,15.8,17.5,16.9,15.1,15.8
20260602,ディアーモルタル,66.3,48.4,32.6,16.7,17.9,15.8,15.9,16.7
20260602,ゴールドアーク,71.6,53.2,35.7,17.8,18.4,17.5,17.9,17.8
20260602,トシミチ,64.9,47.9,32.4,16.4,17.0,15.5,16.0,16.4
20260602,テーオードレフォン,62.5,45.7,29.9,14.5,16.8,15.8,15.4,14.5
20260602,グランテレーズ,65.1,48.0,32.0,15.9,17.1,16.0,16.1,15.9
20260602,リュネヴィル,68.9,50.1,32.4,15.9,18.8,17.7,16.5,15.9
20260602,ボンボンブーケ,68.0,49.6,33.0,16.3,18.4,16.6,16.7,16.3
20260602,ウインビスタ,60.9,45.4,30.8,15.9,15.5,14.6,14.9,15.9
20260602,レッドプロフェシー,63.5,47.0,31.4,15.3,16.5,15.6,16.1,15.3
20260602,アイブリンク,67.0,49.9,32.8,16.2,17.1,17.1,16.6,16.2
20260602,ポイントネモ,65.8,48.9,32.4,15.9,16.9,16.5,16.5,15.9
20260602,ランツフート,66.6,49.1,32.6,16.3,17.5,16.5,16.3,16.3
20260602,レッドフロイデ,66.0,48.1,31.5,15.3,17.9,16.6,16.2,15.3
20260602,エコロラーダ,64.7,47.8,31.7,15.8,16.9,16.1,15.9,15.8
20260602,タイセイレグノ,74.5,52.6,33.4,15.7,21.9,19.2,17.7,15.7
20260602,セルズパワー,66.1,48.0,31.0,15.3,18.1,17.0,15.7,15.3
20260602,リバーソニック,68.0,50.4,34.2,17.4,17.6,16.2,16.8,17.4
20260602,リトセア,71.5,52.2,34.2,16.9,19.3,18.0,17.3,16.9
20260602,キュールエフウジン,69.8,52.1,35.4,17.9,17.7,16.7,17.5,17.9
20260602,プライムウィザード,70.4,53.0,34.8,17.3,17.4,18.2,17.5,17.3
20260602,マルモタワー,70.2,52.8,34.6,17.2,17.4,18.2,17.4,17.2
20260602,レイセツ,66.4,49.8,32.6,16.6,16.6,17.2,16.0,16.6
20260602,セントールビースト,68.5,50.4,33.1,16.3,18.1,17.3,16.8,16.3
20260602,ハイビッグゴールド,67.3,49.8,32.8,16.2,17.5,17.0,16.6,16.2
20260602,ティアーズクィーン,59.0,44.2,29.9,15.3,14.8,14.3,14.6,15.3
20260602,ウィップスティッチ,66.7,48.1,32.4,15.9,18.6,15.7,16.5,15.9
20260602,ダイヤモンドエルザ,68.4,51.2,33.8,16.8,17.2,17.4,17.0,16.8
20260602,ドットカモン,61.8,45.4,30.6,16.0,16.4,14.8,14.6,16.0
20260602,キングズテイル,66.8,49.7,33.7,17.0,17.1,16.0,16.7,17.0
20260602,ブルーチップ,67.9,49.8,33.3,17.0,18.1,16.5,16.3,17.0
20260602,テーオーローズ,67.7,49.8,33.3,17.0,17.9,16.5,16.3,17.0
20260602,トッピワールド,68.8,50.0,32.6,16.1,18.8,17.4,16.5,16.1
20260602,ガロピーネ,64.6,47.1,30.6,14.8,17.5,16.5,15.8,14.8
20260602,ジョーメッドヴィン,55.5,39.7,25.6,12.8,15.8,14.1,12.8,12.8
20260602,クアトロジャック,71.1,52.0,33.3,16.6,19.1,18.7,16.7,16.6
20260602,メメボス,56.9,40.4,26.0,12.7,16.5,14.4,13.3,12.7
20260602,ウェイヴムーン,65.7,47.6,31.3,15.7,18.1,16.3,15.6,15.7
20260602,サンライズオスカー,67.4,49.2,32.3,16.0,18.2,16.9,16.3,16.0
20260602,サイモンレガシー,66.5,48.7,31.9,15.6,17.8,16.8,16.3,15.6
20260602,スマートメモリー,63.3,47.4,31.0,15.0,15.9,16.4,16.0,15.0
20260602,イッソス,66.8,49.1,32.1,16.3,17.7,17.0,15.8,16.3
20260602,シャルクハフト,70.2,52.0,34.9,17.4,18.2,17.1,17.5,17.4
20260602,メイショウマントル,68.2,50.9,33.6,16.7,17.3,17.3,16.9,16.7
20260602,プリンセッサ,64.1,47.1,31.6,15.8,17.0,15.5,15.8,15.8
20260602,フランキーバローズ,66.2,47.8,30.9,15.1,18.4,16.9,15.8,15.1
20260602,ラウニウ,71.4,54.2,35.6,17.4,17.2,18.6,18.2,17.4
20260602,ブライトエンジェル,64.4,46.8,29.9,14.6,17.6,16.9,15.3,14.6
20260602,マテンロウノカゼ,69.6,51.0,33.8,17.0,18.6,17.2,16.8,17.0
20260602,イイデカンタロウ,67.7,49.0,31.9,15.6,18.7,17.1,16.3,15.6
20260602,シンヒダカゴールド,65.6,47.9,31.6,15.9,17.7,16.3,15.7,15.9
20260602,タガノマルアフ,65.2,48.3,32.3,16.0,16.9,16.0,16.3,16.0
20260602,エブリデイ,70.1,51.1,33.6,16.5,19.0,17.5,17.1,16.5
20260602,プレダトゥール,67.4,48.6,31.7,15.8,18.8,16.9,15.9,15.8
20260602,ヒルノアラゴン,67.5,48.6,31.7,15.8,18.9,16.9,15.9,15.8
20260602,ファームツエンティ,65.4,47.1,31.6,16.1,18.3,15.5,15.5,16.1
20260602,ロードオルデン,66.8,49.8,33.1,17.2,17.0,16.7,15.9,17.2
20260602,ジーニアスバローズ,64.5,46.6,30.3,14.5,17.9,16.3,15.8,14.5
20260602,ポッドドンナー,66.7,48.5,31.5,15.3,18.2,17.0,16.2,15.3
20260602,ケリフレッドアスク,66.2,48.5,31.9,15.7,17.7,16.6,16.2,15.7
20260602,グローリーバローズ,69.8,52.0,34.5,17.5,17.8,17.5,17.0,17.5
20260602,メイショウフウドウ,68.9,50.6,33.4,16.5,18.3,17.2,16.9,16.5
20260602,ダノンオブアイデア,67.0,49.5,33.2,16.7,17.5,16.3,16.5,16.7
20260602,クルミナーレ,66.2,47.9,31.3,15.1,18.3,16.6,16.2,15.1
20260602,ピエマンソン,61.6,44.0,28.6,14.5,17.6,15.4,14.1,14.5
20260602,スリーラーケン,83.8,61.3,39.9,19.3,22.5,21.4,20.6,19.3
20260602,シャイニングスター,64.9,48.3,32.2,16.1,16.6,16.1,16.1,16.1
20260602,メイショウトウコウ,69.8,51.3,34.0,16.9,18.5,17.3,17.1,16.9
20260602,アルギエバ,66.7,50.5,34.5,17.8,16.2,16.0,16.7,17.8
20260602,ケイアイトリノ,67.5,49.2,32.3,16.1,18.3,16.9,16.2,16.1
20260602,オーシンエス,66.2,48.1,32.1,16.1,18.1,16.0,16.0,16.1
20260602,ホウオウスカイハイ,67.8,49.7,32.7,16.9,18.1,17.0,15.8,16.9
20260602,テーオーシーザー,67.8,50.0,33.2,16.9,17.8,16.8,16.3,16.9
20260602,オンユアマークス,65.8,48.6,31.8,15.8,17.2,16.8,16.0,15.8
20260602,アヴレディール,65.8,48.6,31.8,15.7,17.2,16.8,16.1,15.7
20260602,ダノンフィガロ,70.0,50.3,33.0,15.9,19.7,17.3,17.1,15.9
20260602,ヴェントステラーレ,67.7,50.4,33.2,16.6,17.3,17.2,16.6,16.6
20260602,ラヴァブル,68.3,49.3,32.3,16.3,19.0,17.0,16.0,16.3
20260602,ショウナンザナドゥ,66.7,48.3,31.4,15.4,18.4,16.9,16.0,15.4
20260602,ピエタンツァ,68.4,49.9,32.9,16.4,18.5,17.0,16.5,16.4
20260602,テリオスリコ,68.0,49.7,32.9,16.8,18.3,16.8,16.1,16.8
20260602,ララディアーブル,69.3,50.7,33.3,16.5,18.6,17.4,16.8,16.5
20260602,テリオスベラ,67.2,48.5,31.8,16.3,18.7,16.7,15.5,16.3
20260602,ノボリショウリュウ,67.8,49.5,32.7,16.1,18.3,16.8,16.6,16.1
20260602,ヒーローインチーフ,72.6,52.6,34.0,16.5,20.0,18.6,17.5,16.5
20260602,サンマルノヴェル,68.9,50.7,33.4,16.5,18.2,17.3,16.9,16.5
20260602,セディバン,79.8,58.3,38.1,18.5,21.5,20.2,19.6,18.5
20260602,ジョイフルサンデー,68.8,51.1,33.7,16.7,17.7,17.4,17.0,16.7
20260602,キーテーマ,66.9,50.4,33.9,16.8,16.5,16.5,17.1,16.8
20260602,フィオラーノ,72.9,51.5,33.1,16.3,21.4,18.4,16.8,16.3
20260602,ナムラヒナギク,70.2,51.2,33.8,16.7,19.0,17.4,17.1,16.7
20260602,シャルクハフト,70.2,51.6,33.8,16.6,18.6,17.8,17.2,16.6
20260602,アイランド,73.5,54.3,35.6,17.5,19.2,18.7,18.1,17.5
20260602,ショウグンマサムネ,65.9,47.7,30.3,14.8,18.2,17.4,15.5,14.8
20260602,ハギノアルデバラン,65.3,48.0,31.0,15.3,17.3,17.0,15.7,15.3
20260602,サンマルパトロール,70.4,52.1,34.8,17.5,18.3,17.3,17.3,17.5
20260602,スピードリッチ,65.2,48.3,31.7,15.8,16.9,16.6,15.9,15.8
20260602,タガノデュード,65.7,47.2,31.0,15.3,18.5,16.2,15.7,15.3
20260602,ドゥボヌール,54.2,39.1,25.7,12.7,15.1,13.4,13.0,12.7
20260602,マカロンブルー,65.9,48.0,31.4,15.7,17.9,16.6,15.7,15.7
20260602,ベルセクレト,63.0,47.5,32.2,15.9,15.5,15.3,16.3,15.9
20260602,ノリヤンモーニン,66.7,49.1,31.7,15.4,17.6,17.4,16.3,15.4
20260602,ヴィラーニ,63.5,48.1,31.8,15.9,15.4,16.3,15.9,15.9
20260602,ビスケットサンド,65.8,47.8,30.6,15.1,18.0,17.2,15.5,15.1
20260602,ナオミガサイキョウ,65.7,48.2,31.4,15.9,17.5,16.8,15.5,15.9
20260602,リジル,66.2,48.5,32.2,16.1,17.7,16.3,16.1,16.1
20260602,ボルセーナ,65.6,47.7,31.2,15.6,17.9,16.5,15.6,15.6
20260602,シャンジュマン,66.7,48.7,32.4,16.4,18.0,16.3,16.0,16.4
20260602,チェルヴァーラ,68.8,50.6,32.9,16.2,18.2,17.7,16.7,16.2
20260602,タイガースパーク,64.9,46.9,30.8,15.7,18.0,16.1,15.1,15.7
20260602,メイショウヘール,69.0,50.4,33.2,16.4,18.6,17.2,16.8,16.4
20260602,ジョイボーイ,68.3,49.6,32.6,16.8,18.7,17.0,15.8,16.8
20260602,リン,66.0,48.3,31.8,15.6,17.7,16.5,16.2,15.6
20260602,モンテパステル,67.0,49.3,32.6,16.4,17.7,16.7,16.2,16.4
20260602,ルクスビッグスター,69.7,51.1,33.5,16.9,18.6,17.6,16.6,16.9
20260602,スカイハイ,70.9,51.7,34.4,17.0,19.2,17.3,17.4,17.0
20260602,メイショウタバル,68.5,50.8,33.7,16.8,17.7,17.1,16.9,16.8
20260602,エイユーサクラ,65.5,48.8,33.0,16.5,16.7,15.8,16.5,16.5
20260602,アトリ,74.4,53.9,34.6,17.1,20.5,19.3,17.5,17.1
20260602,ワンダフルデイズ,64.3,47.8,31.7,15.5,16.5,16.1,16.2,15.5
20260602,テイクザクラウン,66.9,48.0,30.9,15.2,18.9,17.1,15.7,15.2
20260602,プロミシングスター,67.0,49.0,31.4,15.2,18.0,17.6,16.2,15.2
20260602,カセノコンコルド,69.9,52.0,33.8,16.7,17.9,18.2,17.1,16.7
20260602,アイニードユー,67.2,49.0,31.7,15.7,18.2,17.3,16.0,15.7
20260602,レイサンソク,66.7,48.7,32.2,15.9,18.0,16.5,16.3,15.9
20260602,エイシンティザー,66.7,48.3,31.5,15.6,18.4,16.8,15.9,15.6
20260602,サマーキューピッド,66.8,49.8,32.5,15.6,17.0,17.3,16.9,15.6
20260602,ウィンザーローズ,67.1,49.6,32.0,15.6,17.5,17.6,16.4,15.6
20260602,エスヴェドラ,67.1,49.4,31.9,15.5,17.7,17.5,16.4,15.5
20260602,モズアンタレス,64.7,49.2,32.6,16.2,15.5,16.6,16.4,16.2
20260602,クリノフィガロ,65.2,47.3,31.5,16.4,17.9,15.8,15.1,16.4
20260602,ドウアドバンテージ,66.2,48.0,31.3,15.5,18.2,16.7,15.8,15.5
20260602,ルクスフレンジー,68.2,51.3,34.2,17.0,16.9,17.1,17.2,17.0
20260602,メイショウツキヨ,73.3,52.7,34.5,16.7,20.6,18.2,17.8,16.7
20260602,エムズマインド,66.1,49.4,33.2,16.9,16.7,16.2,16.3,16.9
20260602,オーロクリューソス,66.5,49.8,33.6,17.2,16.7,16.2,16.4,17.2
20260602,ノリノドラゴン,65.4,48.1,31.5,15.9,17.3,16.6,15.6,15.9
20260602,マイトグラッド,66.3,48.4,31.6,15.9,17.9,16.8,15.7,15.9
20260602,スリーラーケン,67.8,50.3,33.0,15.7,17.5,17.3,17.3,15.7
20260602,ツーエムクロノス,69.1,51.5,35.1,17.3,17.6,16.4,17.8,17.3
20260602,ジャーナーリア,66.4,48.0,30.9,15.2,18.4,17.1,15.7,15.2
20260602,ダイメイミラクル,76.5,57.2,38.1,19.2,19.3,19.1,18.9,19.2
20260602,メイショウローゼ,65.7,48.5,32.3,16.0,17.2,16.2,16.3,16.0
20260602,リアンマカ,65.7,49.2,32.1,15.5,16.5,17.1,16.6,15.5
20260602,カルロット,54.7,40.0,25.9,12.8,14.7,14.1,13.1,12.8
20260602,アンソニー,56.3,41.5,27.4,14.2,14.8,14.1,13.2,14.2
20260602,アットアブラスト,70.5,51.3,33.8,17.1,19.2,17.5,16.7,17.1
20260602,オンザ,67.9,50.4,33.3,16.3,17.5,17.1,17.0,16.3
20260602,リリーボレア,66.1,48.8,32.4,16.2,17.3,16.4,16.2,16.2
20260602,ブレットパス,65.4,48.3,31.5,15.7,17.1,16.8,15.8,15.7
20260602,ルーメンルーナエ,65.4,48.1,31.3,15.9,17.3,16.8,15.4,15.9
20260602,セイウンハーデス,68.6,49.1,31.0,15.1,19.5,18.1,15.9,15.1
20260602,タマモエース,64.6,48.1,32.3,16.1,16.5,15.8,16.2,16.1
20260602,ヴァンアグレアブル,67.4,50.3,33.1,16.2,17.1,17.2,16.9,16.2
20260602,モノノケ,64.3,47.6,31.7,16.3,16.7,15.9,15.4,16.3
20260602,ミッキーテネシー,68.7,51.0,34.0,17.3,17.7,17.0,16.7,17.3
20260602,テイエムプレミラン,66.1,48.7,32.1,15.6,17.4,16.6,16.5,15.6
20260602,モンシーク,69.5,51.3,33.3,16.0,18.2,18.0,17.3,16.0
20260602,チェサピークベイ,68.6,50.1,32.4,15.8,18.5,17.7,16.6,15.8
20260602,クールタロウ,65.1,49.3,33.2,16.8,15.8,16.1,16.4,16.8
20260602,ジーティーキャメル,63.9,46.3,30.6,15.3,17.6,15.7,15.3,15.3
20260602,ピースオブザライフ,68.1,50.5,33.0,16.2,17.6,17.5,16.8,16.2
20260602,サリュエ,68.3,49.2,32.3,16.0,19.1,16.9,16.3,16.0
20260602,メイショウホウレン,72.1,52.1,34.9,17.6,20.0,17.2,17.3,17.6
20260602,アルジェンタム,68.3,49.5,32.1,15.9,18.8,17.4,16.2,15.9
20260602,パシアンジャン,68.1,50.7,33.9,17.0,17.4,16.8,16.9,17.0
20260602,レイピカケ,68.4,50.1,33.5,16.2,18.3,16.6,17.3,16.2
20260602,ブルームザスマイル,67.9,49.3,32.4,16.2,18.6,16.9,16.2,16.2
20260602,フェリチタ,67.7,49.8,33.3,16.9,17.9,16.5,16.4,16.9
20260602,リュウトウコヤク,68.6,51.3,34.9,17.6,17.3,16.4,17.3,17.6
20260602,ハイディージェン,53.7,39.5,25.8,13.2,14.2,13.7,12.6,13.2
20260602,エイユーファイヤー,54.7,40.0,25.9,13.3,14.7,14.1,12.6,13.3
20260602,ダイメイプリンス,54.8,40.2,26.5,13.5,14.6,13.7,13.0,13.5
20260602,パゴスピグイノス,53.7,39.5,25.7,13.0,14.2,13.8,12.7,13.0
20260602,クラスペディア,66.5,48.4,31.9,16.1,18.1,16.5,15.8,16.1
20260602,タイキエクセロン,69.0,50.4,32.8,16.3,18.6,17.6,16.5,16.3
20260602,サンダーバース,65.4,46.6,29.7,15.0,18.8,16.9,14.7,15.0
20260602,フィデリス,70.3,50.8,32.8,16.0,19.5,18.0,16.8,16.0
20260602,インペリアルライツ,72.0,52.5,34.2,16.7,19.5,18.3,17.5,16.7
20260602,ランダムナンバー,67.5,49.9,33.4,16.8,17.6,16.5,16.6,16.8
20260602,レーヴドヒロイン,71.7,52.8,35.7,17.5,18.9,17.1,18.2,17.5
20260602,ケイアイドリー,67.7,49.2,32.1,16.1,18.5,17.1,16.0,16.1
20260602,フードマン,68.8,50.4,32.8,16.1,18.4,17.6,16.7,16.1
20260602,ハナウマビーチ,67.5,49.7,32.8,16.3,17.8,16.9,16.5,16.3
20260602,ニシノジェダイ,70.5,51.4,33.4,16.3,19.1,18.0,17.1,16.3
20260602,オラロア,66.5,48.8,32.4,15.9,17.7,16.4,16.5,15.9
20260602,ノリノリソックス,68.7,51.1,32.8,16.2,17.6,18.3,16.6,16.2
20260602,インカルナータ,68.6,50.6,33.4,16.4,18.0,17.2,17.0,16.4
20260602,トモジャプレジール,63.5,47.3,32.0,16.3,16.2,15.3,15.7,16.3
20260602,ミスティックレイン,67.9,49.5,32.4,15.7,18.4,17.1,16.7,15.7
20260602,カネコメブライト,65.0,48.1,32.3,16.0,16.9,15.8,16.3,16.0
20260602,エムズグレイ,65.7,49.3,32.6,16.1,16.4,16.7,16.5,16.1
20260602,ロードフェイスオフ,62.6,46.7,30.8,15.5,15.9,15.9,15.3,15.5
20260602,チョウスター,61.7,44.4,29.1,14.5,17.3,15.3,14.6,14.5
20260602,チョウギャル,66.0,47.6,31.3,15.7,18.4,16.3,15.6,15.7
20260602,リノルアナ,74.2,54.7,35.6,17.7,19.5,19.1,17.9,17.7
20260602,ビーウィナー,67.1,49.7,33.0,16.4,17.4,16.7,16.6,16.4
20260602,アスクコンナモンダ,61.1,44.9,29.9,15.3,16.2,15.0,14.6,15.3
20260602,アマノガワギンガ,68.0,50.3,33.6,16.3,17.7,16.7,17.3,16.3
20260602,シャロン,68.1,49.1,32.1,15.6,19.0,17.0,16.5,15.6
20260602,レヴロード,68.6,51.3,34.2,17.0,17.3,17.1,17.2,17.0
20260602,キャピタルサックス,68.3,50.6,33.7,16.8,17.7,16.9,16.9,16.8
20260602,ミュージシャン,69.2,51.0,33.8,17.0,18.2,17.2,16.8,17.0
20260602,メイショウコマチ,66.3,48.4,31.8,15.8,17.9,16.6,16.0,15.8
20260602,ゲタリア,66.5,48.7,31.8,15.5,17.8,16.9,16.3,15.5
20260602,エルトンバローズ,70.6,50.5,32.5,15.8,20.1,18.0,16.7,15.8
20260602,ルガル,72.3,52.1,34.1,17.0,20.2,18.0,17.1,17.0
20260602,ゼンダンハヤブサ,67.2,49.3,32.0,15.5,17.9,17.3,16.5,15.5
20260602,デルマトカチ,63.1,46.3,30.2,15.4,16.8,16.1,14.8,15.4
20260602,モズナツノジン,65.2,47.0,31.0,15.6,18.2,16.0,15.4,15.6
20260602,プリメラエストレラ,67.0,49.2,32.4,16.0,17.8,16.8,16.4,16.0
20260602,セブンサークル,65.2,47.0,31.1,15.6,18.2,15.9,15.5,15.6
20260602,ザムーン,77.6,55.0,35.2,16.8,22.6,19.8,18.4,16.8
20260602,チムグクル,66.5,49.8,32.9,16.6,16.7,16.9,16.3,16.6
20260602,ローレルアイビー,67.0,49.2,32.0,15.5,17.8,17.2,16.5,15.5
20260602,デプレ,68.3,49.5,32.2,15.6,18.8,17.3,16.6,15.6
20260602,レイデアルマス,67.2,48.8,31.9,15.4,18.4,16.9,16.5,15.4
20260602,ファニーバニー,61.5,45.3,30.8,16.3,16.2,14.5,14.5,16.3
20260602,アイルシャイン,74.9,54.7,34.9,16.8,20.2,19.8,18.1,16.8
20260602,アイルドゥレーヴェ,67.9,49.5,32.5,15.9,18.4,17.0,16.6,15.9
20260602,イグニアスロック,69.8,51.4,33.5,16.4,18.4,17.9,17.1,16.4
20260602,メイショウサザナミ,68.1,49.8,32.9,16.3,18.3,16.9,16.6,16.3
20260602,モズジェネラル,66.8,49.2,32.9,16.4,17.6,16.3,16.5,16.4
20260602,ケイアイアニラ,61.9,45.6,30.4,15.5,16.3,15.2,14.9,15.5
20260602,ジーティーアメリカ,68.1,49.6,32.0,15.4,18.5,17.6,16.6,15.4
20260602,ノーブルロジャー,62.6,44.7,29.3,14.6,17.9,15.4,14.7,14.6
20260602,マイカラー,65.5,47.9,31.4,14.7,17.6,16.5,16.7,14.7
20260602,ナルキッソス,64.2,46.2,30.0,14.8,18.0,16.2,15.2,14.8
20260602,メイショウタダツグ,66.4,49.7,33.3,16.9,16.7,16.4,16.4,16.9
20260602,ブラストオフ,67.2,49.6,32.9,16.5,17.6,16.7,16.4,16.5
20260602,ミヤノラングリー,68.6,50.9,33.7,17.0,17.7,17.2,16.7,17.0
20260602,メイショウプレマ,67.4,50.7,33.7,16.6,16.7,17.0,17.1,16.6
20260602,タガノシルフィー,65.2,48.5,32.4,16.2,16.7,16.1,16.2,16.2
20260602,ジーティーダーリン,64.6,48.4,32.0,15.4,16.2,16.4,16.6,15.4
20260602,ワンモアスマイル,67.9,49.9,32.1,15.6,18.0,17.8,16.5,15.6
20260531,ボールドゾーン,57.3,42.8,28.2,13.8,14.5,14.6,14.4,13.8
20260531,オリオアルセーリオ,54.3,39.5,25.6,12.5,14.8,13.9,13.1,12.5
20260531,クラウンアバンティ,57.0,42.0,27.3,13.2,15.0,14.7,14.1,13.2
20260531,スカイドリーマー,55.0,40.3,25.8,12.1,14.7,14.5,13.7,12.1
20260531,セイウンオオゾラ,54.8,39.9,25.5,12.2,14.9,14.4,13.3,12.2
20260531,フィリオソラーレ,54.6,39.5,25.6,12.2,15.1,13.9,13.4,12.2
20260531,スターフラッシュ,55.2,39.9,25.8,12.7,15.3,14.1,13.1,12.7
20260531,アルヴィア,68.9,49.9,32.5,16.3,19.0,17.4,16.2,16.3
20260531,キャストロププ,67.8,50.2,33.0,16.6,17.6,17.2,16.4,16.6
20260531,カイトヴィント,62.8,46.4,30.9,15.6,16.4,15.5,15.3,15.6
20260531,ライネリーベ,57.0,41.6,27.1,13.0,15.4,14.5,14.1,13.0
20260531,リバースザトレンド,54.7,39.9,26.2,12.9,14.8,13.7,13.3,12.9
20260531,シンショク,68.0,50.1,32.6,16.1,17.9,17.5,16.5,16.1
20260531,デスサイズ,59.1,42.9,28.1,13.5,16.2,14.8,14.6,13.5
20260531,ベルウッドピース,55.6,40.6,26.8,12.9,15.0,13.8,13.9,12.9
20260531,ロジケープ,59.7,44.0,29.0,14.8,15.7,15.0,14.2,14.8
20260531,ハスカップジャム,59.5,43.7,29.0,14.2,15.8,14.7,14.8,14.2
20260531,アンチェーン,55.8,41.1,26.8,12.9,14.7,14.3,13.9,12.9
20260531,ノリマル,69.5,50.3,33.1,16.5,19.2,17.2,16.6,16.5
20260531,ガーディアンテイル,56.9,41.7,27.7,13.3,15.2,14.0,14.4,13.3
20260531,サノノキセキ,59.1,43.0,28.1,13.7,16.1,14.9,14.4,13.7
20260531,ハイトラクション,55.0,40.1,26.3,13.0,14.9,13.8,13.3,13.0
20260531,スカイズザリミット,61.6,45.1,29.5,14.0,16.5,15.6,15.5,14.0
20260531,ソプラノクイーン,55.0,40.0,26.4,13.0,15.0,13.6,13.4,13.0
20260531,セイルトゥグローリ,54.8,40.0,26.0,12.5,14.8,14.0,13.5,12.5
20260531,フミサウンド,62.7,46.1,30.7,14.8,16.6,15.4,15.9,14.8
20260531,ベネスピラ,58.7,42.2,27.0,12.8,16.5,15.2,14.2,12.8
20260531,チギリ,63.1,46.2,30.8,15.0,16.9,15.4,15.8,15.0
20260531,パラダイスフェイス,54.2,39.4,25.6,12.7,14.8,13.8,12.9,12.7
20260531,ライヴレッドアイ,54.3,39.9,24.9,12.0,14.4,15.0,12.9,12.0
20260531,ムーンブランシュ,53.4,38.8,24.8,12.4,14.6,14.0,12.4,12.4
20260531,コンティ,55.0,40.4,26.1,12.6,14.6,14.3,13.5,12.6
20260531,ブザービーター,55.2,40.8,26.6,12.9,14.4,14.2,13.7,12.9
20260531,ウインファイネスト,63.7,47.1,30.9,15.0,16.6,16.2,15.9,15.0
20260531,ポセイドンテソーロ,54.6,39.7,25.8,12.7,14.9,13.9,13.1,12.7
20260531,エヴィーヴァ,64.5,47.2,31.0,15.9,17.3,16.2,15.1,15.9
20260531,レオリアライズ,53.8,39.1,25.1,12.5,14.7,14.0,12.6,12.5
20260531,ゴールデンハニビー,55.3,40.7,26.6,12.9,14.6,14.1,13.7,12.9
20260531,キセキノエンジェル,57.3,42.1,27.9,13.6,15.2,14.2,14.3,13.6
20260531,バグラダス,66.4,49.1,32.1,15.9,17.3,17.0,16.2,15.9
20260531,イゾラフェリーチェ,54.6,39.8,25.0,12.4,14.8,14.8,12.6,12.4
20260531,タイセイデクスター,75.4,55.6,36.4,18.1,19.8,19.2,18.3,18.1
20260531,ローズマイスター,66.2,47.9,30.9,15.0,18.3,17.0,15.9,15.0
20260531,ピカピカサンダー,55.9,39.4,25.4,13.0,16.5,14.0,12.4,13.0
20260531,ニシノギャルズ,69.7,51.8,34.2,16.9,17.9,17.6,17.3,16.9
20260531,ラインクインビー,69.9,51.4,34.5,17.3,18.5,16.9,17.2,17.3
20260531,ハデステソーロ,68.4,49.9,33.0,16.8,18.5,16.9,16.2,16.8
20260531,フュチュール,66.8,48.7,31.5,15.4,18.1,17.2,16.1,15.4
20260531,ヴァルカンテソーロ,66.4,48.4,31.1,14.9,18.0,17.3,16.2,14.9
20260531,アーバーバイティ,55.0,40.2,26.8,13.6,14.8,13.4,13.2,13.6
20260531,ウインワーグナー,54.9,40.1,26.7,13.6,14.8,13.4,13.1,13.6
20260531,リッチハンター,71.7,52.1,34.6,17.2,19.6,17.5,17.4,17.2
20260531,ソニックライン,74.6,53.1,34.5,16.7,21.5,18.6,17.8,16.7
20260531,トリプティーク,64.5,46.8,30.5,14.7,17.7,16.3,15.8,14.7
20260531,カシノヴィタ,64.0,46.7,30.4,14.5,17.3,16.3,15.9,14.5
20260531,ロサンゼルス,56.7,41.5,26.9,12.8,15.2,14.6,14.1,12.8
20260531,レザンノワール,58.0,42.4,27.9,13.6,15.6,14.5,14.3,13.6
20260531,ルージュカエラ,54.8,38.8,25.1,12.4,16.0,13.7,12.7,12.4
20260531,イージーブリージー,56.0,41.0,27.0,12.4,15.0,14.0,14.6,12.4
20260531,アイファーアイドル,73.1,53.5,35.3,17.4,19.6,18.2,17.9,17.4
20260531,アオイミズホ,54.9,39.1,25.3,12.3,15.8,13.8,13.0,12.3
20260531,タマモブレイキン,56.7,41.6,26.9,12.8,15.1,14.7,14.1,12.8
20260531,ラヴァブルロマン,56.1,40.0,25.9,12.8,16.1,14.1,13.1,12.8
20260531,サンクレセント,56.0,40.0,25.9,12.8,16.0,14.1,13.1,12.8
20260531,スードランダム,57.3,41.6,27.6,13.7,15.7,14.0,13.9,13.7
20260531,ラードンチェイス,54.8,38.9,25.2,12.3,15.9,13.7,12.9,12.3
20260531,ジョドレルバンク,54.6,39.9,25.6,12.0,14.7,14.3,13.6,12.0
20260531,レガメデルヴェント,56.9,41.6,27.2,12.7,15.3,14.4,14.5,12.7
20260531,スペルキャスター,67.1,50.4,33.8,17.2,16.7,16.6,16.6,17.2
20260531,ホークマン,65.4,48.2,31.2,15.5,17.2,17.0,15.7,15.5
20260531,キョウエイカンセ,56.2,40.9,26.6,13.5,15.3,14.3,13.1,13.5
20260531,カリーシ,55.9,40.6,26.4,12.8,15.3,14.2,13.6,12.8
20260531,ゴールデンルーキー,58.3,43.0,28.6,13.9,15.3,14.4,14.7,13.9
20260531,ヌクレオチド,65.6,47.4,30.8,15.6,18.2,16.6,15.2,15.6
20260531,サクセスゴールド,67.2,50.2,32.9,16.3,17.0,17.3,16.6,16.3
20260531,ダイメイビッグボス,54.0,39.5,26.2,12.5,14.5,13.3,13.7,12.5
20260531,ヌーンベルク,53.2,38.8,25.4,12.7,14.4,13.4,12.7,12.7
20260531,サイモンルモンド,79.2,57.9,38.4,19.1,21.3,19.5,19.3,19.1
20260531,サイモンカーチス,72.9,52.9,34.9,17.5,20.0,18.0,17.4,17.5
20260531,ゴキゲンサン,57.7,42.4,28.2,14.2,15.3,14.2,14.0,14.2
20260531,クロシェットノエル,63.5,44.0,28.3,13.9,19.5,15.7,14.4,13.9
20260531,アルナイル,56.2,40.9,27.0,13.5,15.3,13.9,13.5,13.5
20260531,クリアクォーツ,76.5,56.5,37.5,18.8,20.0,19.0,18.7,18.8
20260531,エムティエスターテ,67.4,49.8,32.8,16.3,17.6,17.0,16.5,16.3
20260531,サラスヴァティー,55.4,40.6,26.0,12.9,14.8,14.6,13.1,12.9
20260531,スパークルレイ,72.9,53.7,35.4,17.3,19.2,18.3,18.1,17.3
20260531,マインセーラ,75.9,55.6,36.7,18.1,20.3,18.9,18.6,18.1
20260531,カガラプンツェル,68.5,50.2,32.7,16.0,18.3,17.5,16.7,16.0
20260531,エッジランナー,65.6,47.7,30.7,15.1,17.9,17.0,15.6,15.1
20260531,ヨーゼフ,70.0,50.5,32.6,16.4,19.5,17.9,16.2,16.4
20260531,カシノユメミヅキ,91.1,66.8,44.5,22.1,24.3,22.3,22.4,22.1
20260531,プリヴィレッジ,60.2,44.7,29.3,14.3,15.5,15.4,15.0,14.3
20260531,ヴェットビルズ,75.0,55.1,36.2,17.8,19.9,18.9,18.4,17.8
20260531,コナパームス,54.6,40.0,25.3,12.5,14.6,14.7,12.8,12.5
20260531,ダノンコレクト,55.9,41.0,26.2,12.9,14.9,14.8,13.3,12.9
20260531,タクティシアン,54.4,39.7,25.1,12.4,14.7,14.6,12.7,12.4
20260531,アドミラルシップ,66.2,47.7,31.3,15.2,18.5,16.4,16.1,15.2
20260531,サンセットブライト,65.2,47.6,31.5,15.5,17.6,16.1,16.0,15.5
20260531,パンジャ,55.7,40.3,26.3,12.7,15.4,14.0,13.6,12.7
20260531,シーニックビュー,56.6,41.4,26.6,12.8,15.2,14.8,13.8,12.8
20260531,サンダーユニバンス,73.7,53.6,34.7,16.8,20.1,18.9,17.9,16.8
20260531,ブライトエアリー,66.1,48.1,32.3,16.5,18.0,15.8,15.8,16.5
20260531,ルクソンライト,73.5,53.0,34.6,16.7,20.5,18.4,17.9,16.7
20260531,レイズレガシー,57.6,42.4,27.8,13.1,15.2,14.6,14.7,13.1
20260531,ティナンヴァランタ,55.8,40.6,26.4,13.0,15.2,14.2,13.4,13.0
20260531,リコラピッド,55.7,40.6,26.3,13.0,15.1,14.3,13.3,13.0
20260531,エコールナヴァール,57.7,41.6,26.4,12.9,16.1,15.2,13.5,12.9
20260531,ジュンヴォルティス,56.7,41.7,27.6,13.2,15.0,14.1,14.4,13.2
20260531,アシャカタカ,55.3,39.5,25.2,11.9,15.8,14.3,13.3,11.9
20260531,サザンホクトベガ,55.8,40.5,26.2,12.7,15.3,14.3,13.5,12.7
20260531,アシャカロッケ,56.5,41.2,26.7,12.8,15.3,14.5,13.9,12.8
20260531,ヤクジョ,54.6,39.3,25.8,12.9,15.3,13.5,12.9,12.9
20260531,ハイヤーマーク,55.1,40.1,26.0,12.8,15.0,14.1,13.2,12.8
20260531,カセノソレイユ,56.2,40.4,26.0,12.6,15.8,14.4,13.4,12.6
20260531,テリオスルミ,56.5,41.1,27.4,14.1,15.4,13.7,13.3,14.1
20260531,サリードゥ,56.2,40.9,26.5,12.7,15.3,14.4,13.8,12.7
20260531,ランドジャイアンツ,58.5,42.1,27.4,13.5,16.4,14.7,13.9,13.5
20260531,ノヴァフォルス,58.6,42.2,27.5,13.6,16.4,14.7,13.9,13.6
20260531,オーディンスピア,58.2,43.0,27.8,12.9,15.2,15.2,14.9,12.9
20260531,アルシミスト,58.3,43.4,29.0,13.9,14.9,14.4,15.1,13.9
20260531,アラスカフレイバー,68.5,51.0,34.0,17.3,17.5,17.0,16.7,17.3
20260531,ゴールドブレイズ,56.8,41.4,27.0,12.9,15.4,14.4,14.1,12.9
20260531,ピースサイン,61.8,45.7,30.1,15.1,16.1,15.6,15.0,15.1
20260531,オメガディコン,57.2,41.9,27.0,13.0,15.3,14.9,14.0,13.0
20260531,コスモナエマ,56.0,41.8,27.9,14.1,14.2,13.9,13.8,14.1
20260531,クラウンロムパイア,56.7,41.3,26.6,12.5,15.4,14.7,14.1,12.5
20260531,キチロクタワー,56.2,40.8,26.1,12.4,15.4,14.7,13.7,12.4
20260531,ルークウォーム,55.1,39.9,25.5,12.6,15.2,14.4,12.9,12.6
20260531,ニシノアイオーン,55.7,40.6,26.7,13.0,15.1,13.9,13.7,13.0
20260531,レッドインサイト,55.6,39.8,25.6,12.6,15.8,14.2,13.0,12.6
20260531,ピクシーゲイル,61.1,43.9,28.2,12.7,17.2,15.7,15.5,12.7
20260531,レヴェンドール,58.7,43.5,28.5,13.6,15.2,15.0,14.9,13.6
20260531,ヴィクトリドライブ,59.0,43.7,28.5,14.0,15.3,15.2,14.5,14.0
20260531,ワインレッドハート,64.4,46.9,30.6,14.6,17.5,16.3,16.0,14.6
20260531,ヴィスクレス,56.9,41.5,27.4,13.3,15.4,14.1,14.1,13.3
20260531,ブルージンジャー,55.4,40.4,26.5,13.1,15.0,13.9,13.4,13.1
20260531,ローブリッター,67.0,50.0,33.4,16.6,17.0,16.6,16.8,16.6
20260531,ラブトゥエニイワン,56.0,41.2,26.9,13.0,14.8,14.3,13.9,13.0
20260531,アッシズオブローズ,55.2,40.2,27.1,13.4,15.0,13.1,13.7,13.4
20260531,ブラッククラウズ,64.6,46.2,30.0,14.8,18.4,16.2,15.2,14.8
20260531,ソウカイウォーリア,65.9,46.8,30.1,14.4,19.1,16.7,15.7,14.4
20260531,ヒロピアーナ,69.3,50.3,32.9,16.3,19.0,17.4,16.6,16.3
20260531,ロジキセキ,57.5,42.0,27.2,12.9,15.5,14.8,14.3,12.9
20260531,チョウブク,62.0,46.5,32.2,16.4,15.5,14.3,15.8,16.4
20260531,タイセイエムロード,56.4,41.1,26.3,12.6,15.3,14.8,13.7,12.6
20260531,ロケットチャンバー,61.3,45.7,30.9,16.0,15.6,14.8,14.9,16.0
20260531,ウィルソンテソーロ,56.7,41.7,26.5,12.6,15.0,15.2,13.9,12.6
20260531,アイウィル,57.7,41.3,25.9,11.8,16.4,15.4,14.1,11.8
20260531,エフエイト,60.5,44.0,29.2,14.4,16.5,14.8,14.8,14.4
20260531,キャストロププ,56.0,41.2,26.6,13.0,14.8,14.6,13.6,13.0
20260531,タイキオーベロン,57.2,42.0,26.4,12.1,15.2,15.6,14.3,12.1
20260531,ニシノモリミチ,57.9,42.2,26.9,12.5,15.7,15.3,14.4,12.5
20260531,ユキノサイエンス,59.9,43.4,28.6,14.3,16.5,14.8,14.3,14.3
20260531,サファイアテソーロ,56.9,41.3,26.3,12.5,15.6,15.0,13.8,12.5
20260531,ウキヨノサンシロウ,60.7,44.2,29.5,14.9,16.5,14.7,14.6,14.9
20260531,ストーリーオブラブ,60.9,43.8,29.2,14.6,17.1,14.6,14.6,14.6
20260531,アルアンダルス,60.8,44.2,29.4,14.9,16.6,14.8,14.5,14.9
20260531,ディルイーヤ,58.0,42.2,27.1,13.0,15.8,15.1,14.1,13.0
20260531,ウェスケンジントン,67.0,49.9,33.6,16.8,17.1,16.3,16.8,16.8
20260531,マイネルモメンタム,72.0,52.7,34.3,16.9,19.3,18.4,17.4,16.9
20260531,サクセスゴールド,62.1,45.3,29.5,14.6,16.8,15.8,14.9,14.6
20260531,ガンバルマン,65.9,46.5,29.6,14.4,19.4,16.9,15.2,14.4
20260531,タイセイデクスター,64.7,47.2,30.9,15.2,17.5,16.3,15.7,15.2
20260531,オルグジェシダ,56.1,40.1,25.9,12.8,16.0,14.2,13.1,12.8
20260531,エヴァンスベイ,55.9,40.3,26.0,12.7,15.6,14.3,13.3,12.7
20260531,ブーケドリス,67.7,49.6,32.8,16.0,18.1,16.8,16.8,16.0
20260531,パウンドザロック,56.1,40.4,26.2,12.7,15.7,14.2,13.5,12.7
20260531,コレクテイニア,62.6,45.5,29.9,14.7,17.1,15.6,15.2,14.7
20260531,アドマイヤパープル,73.3,51.5,32.4,16.0,21.8,19.1,16.4,16.0
20260531,クインズシフォン,57.2,42.8,28.2,13.4,14.4,14.6,14.8,13.4
20260531,クインズヒマワリ,59.0,43.4,28.5,14.0,15.6,14.9,14.5,14.0
20260531,ペリバジャ,57.5,42.4,28.0,13.6,15.1,14.4,14.4,13.6
20260531,ウインリスノアール,60.0,44.4,29.5,14.7,15.6,14.9,14.8,14.7
20260531,サイモンカーチス,57.7,41.8,26.8,12.3,15.9,15.0,14.5,12.3
20260531,スパークルレイ,68.1,50.2,33.5,17.1,17.9,16.7,16.4,17.1
20260531,ルクソンライト,66.0,47.6,30.6,15.0,18.4,17.0,15.6,15.0
20260531,サウンドファミリエ,63.0,45.8,29.9,15.1,17.2,15.9,14.8,15.1
20260531,ヴェットビルズ,60.7,43.9,29.1,14.4,16.8,14.8,14.7,14.4
20260531,ティアップドライブ,75.8,55.7,37.3,18.6,20.1,18.4,18.7,18.6
20260531,ヒドラテソーロ,73.5,52.9,35.1,17.6,20.6,17.8,17.5,17.6
20260531,ムーチョピカンテ,73.6,53.1,35.1,17.6,20.5,18.0,17.5,17.6
20260531,クレセントウイング,70.7,52.5,34.4,17.3,18.2,18.1,17.1,17.3
20260531,トラストボス,71.1,52.4,34.5,17.3,18.7,17.9,17.2,17.3
20260531,アラスカフレイバー,56.4,40.5,26.0,11.9,15.9,14.5,14.1,11.9
20260531,ハイバーニアン,67.8,49.5,32.4,15.9,18.3,17.1,16.5,15.9
20260531,ファインコンダクト,54.9,39.9,26.1,12.9,15.0,13.8,13.2,12.9
20260531,パンパネイラ,69.5,50.4,32.8,16.2,19.1,17.6,16.6,16.2
20260531,カレリアフレイバー,55.6,40.1,26.0,12.7,15.5,14.1,13.3,12.7
20260531,アオイレイラ,70.8,51.2,33.9,17.2,19.6,17.3,16.7,17.2
20260531,サトノヴィレ,55.6,40.5,26.3,12.8,15.1,14.2,13.5,12.8
20260531,ノーブルラホーヤ,56.8,40.5,27.2,13.8,16.3,13.3,13.4,13.8
20260531,コスモマウイ,57.7,39.7,24.9,11.9,18.0,14.8,13.0,11.9
20260531,メーテルリンク,58.8,40.9,25.9,12.7,17.9,15.0,13.2,12.7
20260531,ドッカイッチャッテ,64.0,45.7,29.8,14.6,18.3,15.9,15.2,14.6
20260531,ワンキャンパス,64.0,45.7,29.8,14.6,18.3,15.9,15.2,14.6
20260531,ユイノキャッツアイ,57.0,39.2,24.4,11.9,17.8,14.8,12.5,11.9
20260531,イモータルバード,55.9,41.0,27.2,13.3,14.9,13.8,13.9,13.3
20260531,ニシノイストワール,54.4,39.3,25.4,12.5,15.1,13.9,12.9,12.5
20260531,クイーンズレイン,71.5,51.4,33.6,16.7,20.1,17.8,16.9,16.7
20260531,カルダモン,56.1,40.9,26.7,13.2,15.2,14.2,13.5,13.2
20260531,ルクリーシア,56.3,41.3,27.0,13.4,15.0,14.3,13.6,13.4
20260531,ドナシュネル,55.3,40.6,26.9,13.2,14.7,13.7,13.7,13.2
20260531,ゼノスフィア,70.5,52.2,34.4,16.8,18.3,17.8,17.6,16.8
20260531,ゼットターム,70.9,52.4,34.5,16.8,18.5,17.9,17.7,16.8
20260531,レインボーフライト,75.2,55.8,37.2,18.2,19.4,18.6,19.0,18.2
20260531,セフィロ,66.2,48.5,32.0,15.7,17.7,16.5,16.3,15.7
20260531,レーウィン,56.9,42.0,27.8,13.8,14.9,14.2,14.0,13.8
20260531,ミダース,55.9,40.7,26.6,12.8,15.2,14.1,13.8,12.8
20260531,シークレットイスラ,60.0,44.5,29.6,14.7,15.5,14.9,14.9,14.7
20260531,ユーディキウム,60.5,43.8,29.0,14.5,16.7,14.8,14.5,14.5
20260531,ホウオウゴールド,57.7,42.3,27.1,13.0,15.4,15.2,14.1,13.0
20260531,アオハルブルース,57.3,41.5,27.1,13.3,15.8,14.4,13.8,13.3
20260531,グランフルス,67.5,50.2,33.0,16.4,17.3,17.2,16.6,16.4
20260531,フクオトコ,67.0,48.2,31.2,15.2,18.8,17.0,16.0,15.2
20260531,タマモチョコチップ,58.6,42.7,28.3,13.6,15.9,14.4,14.7,13.6
20260531,イブキ,67.6,50.0,32.9,16.2,17.6,17.1,16.7,16.2
20260531,メーゼ,66.0,48.0,31.6,15.4,18.0,16.4,16.2,15.4
20260531,アエログラム,65.2,47.4,30.4,14.7,17.8,17.0,15.7,14.7
20260531,フォルナカリア,56.4,40.4,26.8,13.4,16.0,13.6,13.4,13.4
20260531,デザートスピリット,59.5,44.0,29.3,14.6,15.5,14.7,14.7,14.6
20260531,レッドテリオス,66.7,48.9,32.3,15.9,17.8,16.6,16.4,15.9
20260531,ゴールドハンマー,62.6,46.7,30.7,14.7,15.9,16.0,16.0,14.7
20260531,クインズスズラン,56.9,41.8,27.9,13.0,15.1,13.9,14.9,13.0
20260531,ディーズメンフィス,55.5,39.5,25.8,13.0,16.0,13.7,12.8,13.0
20260531,レイランディ,70.6,51.6,33.7,16.5,19.0,17.9,17.2,16.5
20260531,アイスアンドスノー,71.0,51.9,34.3,17.1,19.1,17.6,17.2,17.1
20260531,ベッラモレーン,65.4,47.7,31.2,15.1,17.7,16.5,16.1,15.1
20260531,シルバーアックス,58.0,41.3,26.8,13.2,16.7,14.5,13.6,13.2
20260531,センカンナガト,70.9,51.8,34.4,17.4,19.1,17.4,17.0,17.4
20260531,ギーロカスタル,55.6,41.4,27.3,13.6,14.2,14.1,13.7,13.6
20260531,インビンシブルパパ,56.5,42.3,28.0,14.2,14.2,14.3,13.8,14.2
20260531,ピコアーガイル,55.6,42.0,27.7,13.6,13.6,14.3,14.1,13.6
20260531,ルシード,69.3,50.4,32.8,16.5,18.9,17.6,16.3,16.5
20260531,テリオスララ,71.2,52.0,34.2,16.9,19.2,17.8,17.3,16.9
20260531,デアプリームス,69.9,50.6,33.6,16.4,19.3,17.0,17.2,16.4
20260531,ラヴトリガー,66.0,46.6,29.6,13.3,19.4,17.0,16.3,13.3
20260531,ゴーゼンチュー,74.6,55.2,36.9,18.1,19.4,18.3,18.8,18.1
20260531,アヴィアトーレ,72.1,51.9,34.0,16.9,20.2,17.9,17.1,16.9
20260531,スプリングデイ,66.2,49.6,32.6,15.9,16.6,17.0,16.7,15.9
20260531,マカナ,66.6,49.5,32.8,15.8,17.1,16.7,17.0,15.8
20260531,ニシノマーレ,66.7,48.6,31.6,15.4,18.1,17.0,16.2,15.4
20260531,ノリキング,65.5,48.7,32.7,16.8,16.8,16.0,15.9,16.8
20260531,ディマイザキッド,70.4,51.5,34.0,16.9,18.9,17.5,17.1,16.9
20260531,エターナルシルバー,68.8,50.1,32.5,15.9,18.7,17.6,16.6,15.9
20260531,ミツカネメルクリオ,71.1,51.8,34.5,17.4,19.3,17.3,17.1,17.4
20260531,ナンヨーロイヤル,68.9,50.2,32.5,16.0,18.7,17.7,16.5,16.0
20260531,エリンヘラクレス,70.4,51.5,34.4,17.5,18.9,17.1,16.9,17.5
20260531,ラーテル,54.1,38.9,25.2,12.3,15.2,13.7,12.9,12.3
20260531,マーキュリーダイム,54.5,38.9,25.0,12.3,15.6,13.9,12.7,12.3
20260531,シャンパンカラー,58.8,44.0,29.1,14.2,14.8,14.9,14.9,14.2
20260531,ディアスポラ,55.9,41.2,27.0,13.4,14.7,14.2,13.6,13.4
20260531,イミグラントソング,123.2,90.6,58.6,28.0,32.6,32.0,30.6,28.0
20260531,アルティシエル,112.4,82.5,53.7,26.5,29.9,28.8,27.2,26.5
20260531,シークレットシティ,113.0,82.7,54.0,26.6,30.3,28.7,27.4,26.6
20260531,キョウエイアート,69.1,51.5,34.2,17.1,17.6,17.3,17.1,17.1
20260531,ハウディープ,60.2,44.4,29.6,14.9,15.8,14.8,14.7,14.9
20260531,ラプユフラット,64.9,48.0,31.7,15.6,16.9,16.3,16.1,15.6
20260531,リベラリズモ,68.6,50.9,33.7,16.5,17.7,17.2,17.2,16.5
20260531,プルメリアビーチ,61.1,45.3,30.4,15.6,15.8,14.9,14.8,15.6
20260531,アルバニクス,70.1,50.9,33.0,16.4,19.2,17.9,16.6,16.4
20260531,スティールヴォーグ,69.6,51.3,33.4,16.7,18.3,17.9,16.7,16.7
20260531,テンノルーキー,70.1,51.7,34.3,16.7,18.4,17.4,17.6,16.7
20260531,ブルーエ,69.7,49.0,29.9,14.9,20.7,19.1,15.0,14.9
20260531,ドルチェテソーロ,66.0,48.4,32.2,16.5,17.6,16.2,15.7,16.5
20260531,アーリマックス,57.9,42.2,27.1,13.1,15.7,15.1,14.0,13.1
20260531,ヌビアン,58.1,42.2,27.3,13.3,15.9,14.9,14.0,13.3
20260531,ソナタテソーロ,66.7,50.7,33.6,16.7,16.0,17.1,16.9,16.7
20260531,アンティミスト,71.5,52.2,34.2,16.5,19.3,18.0,17.7,16.5
20260531,フルオール,65.5,47.7,31.1,15.2,17.8,16.6,15.9,15.2
20260531,トラストボス,58.7,42.0,28.0,14.0,16.7,14.0,14.0,14.0
20260531,トレンドマーチ,68.5,49.6,31.8,14.8,18.9,17.8,17.0,14.8
20260531,リアルクウカイ,69.4,51.7,34.0,16.6,17.7,17.7,17.4,16.6
20260531,スワローシチー,70.1,50.8,33.5,16.2,19.3,17.3,17.3,16.2
20260531,マイネルアレス,68.4,50.7,33.7,17.3,17.7,17.0,16.4,17.3
20260531,シャルムグリーン,65.5,48.4,32.1,15.9,17.1,16.3,16.2,15.9
20260531,ツマヤ,61.4,45.6,30.4,15.4,15.8,15.2,15.0,15.4
20260531,カネラフィーナ,56.7,41.5,27.0,13.2,15.2,14.5,13.8,13.2
20260531,エアトベーレ,56.3,41.5,27.9,13.7,14.8,13.6,14.2,13.7
20260531,デルマシラカミ,71.2,52.3,34.3,17.2,18.9,18.0,17.1,17.2
20260531,リケアマカロニ,58.1,42.3,27.7,14.0,15.8,14.6,13.7,14.0
20260531,アイムスティルミー,67.0,49.8,33.2,16.9,17.2,16.6,16.3,16.9
20260531,マツリダシリウス,70.2,52.3,34.5,16.9,17.9,17.8,17.6,16.9
20260531,ジーティーフクジ,69.0,50.4,33.3,16.3,18.6,17.1,17.0,16.3
20260531,スナッチアップ,70.0,52.5,34.5,17.1,17.5,18.0,17.4,17.1
20260531,ライクアフラワー,80.6,56.8,36.6,18.1,23.8,20.2,18.5,18.1
20260531,クリノゴッホ,68.9,49.9,32.6,16.4,19.0,17.3,16.2,16.4
20260531,スムースベルベット,56.0,40.9,27.0,13.3,15.1,13.9,13.7,13.3
20260531,エンジェルサン,55.3,40.5,26.1,12.8,14.8,14.4,13.3,12.8
20260531,アマイクチヅケ,59.3,43.3,28.4,14.1,16.0,14.9,14.3,14.1
20260531,アテナブレイブ,66.4,48.1,31.1,15.4,18.3,17.0,15.7,15.4
20260531,ポストトゥルース,68.1,49.7,32.5,16.0,18.4,17.2,16.5,16.0
20260531,レッドロスタム,67.3,48.9,31.8,15.7,18.4,17.1,16.1,15.7
20260531,ゴールドストーム,57.3,42.1,27.3,13.2,15.2,14.8,14.1,13.2
20260531,ブライトラン,65.3,48.7,32.3,16.4,16.6,16.4,15.9,16.4
20260531,イバラヒメ,68.9,50.1,32.5,16.2,18.8,17.6,16.3,16.2
20260531,リュウカルネ,69.9,51.6,33.2,16.2,18.3,18.4,17.0,16.2
20260531,キタノドンカルロ,64.1,47.4,31.4,15.8,16.7,16.0,15.6,15.8
20260531,グラデュエール,57.6,42.3,27.7,13.6,15.3,14.6,14.1,13.6
20260531,ダイユウヴェンティ,70.1,51.2,32.8,16.0,18.9,18.4,16.8,16.0
20260531,エレガントステップ,60.2,43.8,28.1,13.8,16.4,15.7,14.3,13.8
20260531,エリンヘラクレス,73.2,54.7,36.4,18.7,18.5,18.3,17.7,18.7
20260531,ファンシーズ,55.7,40.2,25.8,12.6,15.5,14.4,13.2,12.6
20260531,タイキブリッツェン,72.3,52.7,34.8,17.0,19.6,17.9,17.8,17.0
20260531,アルティソナンテ,55.9,40.2,26.3,13.2,15.7,13.9,13.1,13.2
20260531,エリプティクカーブ,56.1,41.5,27.4,13.6,14.6,14.1,13.8,13.6
20260531,フジサン,57.1,40.9,26.3,13.0,16.2,14.6,13.3,13.0
20260531,ポッドエステラ,72.2,52.4,34.7,17.1,19.8,17.7,17.6,17.1
20260531,フェリスセンダ,57.5,42.1,27.5,13.7,15.4,14.6,13.8,13.7
20260531,プリンセスロッティ,72.7,52.7,35.3,18.0,20.0,17.4,17.3,18.0
20260531,ドーンコーラス,67.7,49.9,33.5,17.3,17.8,16.4,16.2,17.3
20260531,スティールヴォーグ,69.5,50.6,32.7,15.9,18.9,17.9,16.8,15.9
20260531,ハッピーラッキー,64.8,48.1,32.1,16.1,16.7,16.0,16.0,16.1
20260531,ハイランダー,69.8,51.3,33.8,17.0,18.5,17.5,16.8,17.0
20260531,ダークドゥオーフ,68.8,50.5,33.1,16.5,18.3,17.4,16.6,16.5
20260531,ヴァンドレスト,68.5,50.0,32.9,16.4,18.5,17.1,16.5,16.4
20260531,ゼアズノープレイス,71.9,52.3,34.5,17.1,19.6,17.8,17.4,17.1
20260531,アイファーファイト,74.3,53.9,34.9,17.3,20.4,19.0,17.6,17.3
20260531,ウインドオブヘヴン,81.1,59.5,39.3,19.9,21.6,20.2,19.4,19.9
20260531,デルマテイネ,70.6,52.5,34.7,17.5,18.1,17.8,17.2,17.5
20260531,アルバニクス,70.5,51.7,33.5,16.6,18.8,18.2,16.9,16.6
20260531,テンノルーキー,70.1,51.0,33.2,16.5,19.1,17.8,16.7,16.5
20260531,ロードリュイール,62.1,44.6,28.7,14.0,17.5,15.9,14.7,14.0
20260531,ブルーエ,70.1,50.0,31.5,14.7,20.1,18.5,16.8,14.7
20260531,チャロ,55.3,40.2,26.8,13.4,15.1,13.4,13.4,13.4
20260531,フィーチャリング,63.8,46.1,29.9,14.7,17.7,16.2,15.2,14.7
20260531,ドナカルナバル,56.9,41.8,26.6,12.6,15.1,15.2,14.0,12.6
20260531,ウインアベリア,72.7,54.6,36.4,18.6,18.1,18.2,17.8,18.6
20260531,レイジングサージ,66.6,48.5,31.7,16.1,18.1,16.8,15.6,16.1
20260531,テイクケア,55.8,40.6,26.8,13.3,15.2,13.8,13.5,13.3
20260531,フルオール,56.9,41.4,26.7,12.5,15.5,14.7,14.2,12.5
20260531,メイショウソムリエ,68.5,50.9,34.1,17.0,17.6,16.8,17.1,17.0
20260531,フェリスチカ,73.6,51.6,31.5,14.9,22.0,20.1,16.6,14.9
20260531,ヤコブセン,57.0,42.2,27.1,13.2,14.8,15.1,13.9,13.2
20260531,タニセンローマ,56.9,41.6,26.8,12.7,15.3,14.8,14.1,12.7
20260531,フィーユレアル,57.6,42.0,27.4,13.6,15.6,14.6,13.8,13.6
20260531,ミリオングローリー,58.9,43.4,27.7,13.2,15.5,15.7,14.5,13.2
20260531,ブリックアブラック,71.1,52.3,33.8,16.9,18.8,18.5,16.9,16.9
20260531,アゲンストオッズ,58.3,43.1,28.0,13.7,15.2,15.1,14.3,13.7
20260531,コイオステソーロ,70.5,52.5,34.1,16.8,18.0,18.4,17.3,16.8
20260531,ネイティヴプライド,57.5,41.2,26.7,13.0,16.3,14.5,13.7,13.0
20260531,ロードクラシコ,57.0,41.7,26.9,12.6,15.3,14.8,14.3,12.6
20260531,バレンタインビスタ,57.8,41.9,27.5,13.5,15.9,14.4,14.0,13.5
20260531,ヴンダーバール,57.9,42.0,27.3,13.2,15.9,14.7,14.1,13.2
20260531,ラッキースウィッチ,68.4,51.4,34.6,17.4,17.0,16.8,17.2,17.4
20260531,ラヴァレード,58.7,42.3,27.3,12.9,16.4,15.0,14.4,12.9
20260531,ゴールドテソーロ,57.8,42.1,26.5,12.5,15.7,15.6,14.0,12.5
20260531,アイスブレイカー,71.0,51.5,33.1,16.1,19.5,18.4,17.0,16.1
20260531,スワローシチー,54.5,39.5,25.0,12.2,15.0,14.5,12.8,12.2
20260531,ペイシャオーヴァル,73.8,54.1,35.5,17.6,19.7,18.6,17.9,17.6
20260531,カズノダイジョウ,60.4,44.8,30.0,14.9,15.6,14.8,15.1,14.9
20260531,ノボリフジ,73.9,54.3,36.4,18.4,19.6,17.9,18.0,18.4
20260531,レゲンデ,64.4,47.4,31.6,16.1,17.0,15.8,15.5,16.1
20260531,エコロセレナ,64.3,47.4,31.5,15.5,16.9,15.9,16.0,15.5
20260531,ﾒｶﾞﾐﾁｬﾝの24,73.6,54.7,36.4,18.5,18.9,18.3,17.9,18.5
20260531,ゴートゥービッツン,75.0,55.2,36.8,18.7,19.8,18.4,18.1,18.7
20260531,アッチャゴーラ,65.9,48.8,31.5,15.9,17.1,17.3,15.6,15.9
20260531,バンオンタイム,59.0,43.5,28.1,13.8,15.5,15.4,14.3,13.8
20260531,シアルナーレ,59.1,43.5,28.2,14.0,15.6,15.3,14.2,14.0
20260531,ノアソノマ,63.6,45.2,27.5,12.6,18.4,17.7,14.9,12.6
20260531,ジャストキュート,71.1,51.2,32.9,16.0,19.9,18.3,16.9,16.0
20260531,パッションノーヴァ,62.2,45.3,28.7,13.9,16.9,16.6,14.8,13.9
20260531,シャインフォード,63.8,46.6,30.0,14.5,17.2,16.6,15.5,14.5
20260531,コウソクレムリア,65.9,47.6,31.1,15.3,18.3,16.5,15.8,15.3
20260531,アニゴザントス,56.3,40.6,26.3,12.9,15.7,14.3,13.4,12.9
20260531,タートルインメイ,63.6,46.3,30.3,15.2,17.3,16.0,15.1,15.2
20260531,シュペルリング,56.4,41.6,27.7,13.6,14.8,13.9,14.1,13.6
20260531,ディル,65.4,47.8,31.4,15.9,17.6,16.4,15.5,15.9
20260531,ギムナシオン,69.6,51.6,34.3,17.0,18.0,17.3,17.3,17.0
20260531,マイセイバー,64.5,47.5,31.2,15.6,17.0,16.3,15.6,15.6
20260531,サラサシンシアズ,64.3,47.0,30.6,14.8,17.3,16.4,15.8,14.8
20260531,ヴェントセラーレ,66.3,48.5,31.9,16.2,17.8,16.6,15.7,16.2
20260531,サンカルミア,67.2,48.6,31.6,15.9,18.6,17.0,15.7,15.9
20260531,ホウオウデンファレ,60.8,43.0,27.5,13.4,17.8,15.5,14.1,13.4
20260531,プリヴィマーク,60.8,42.9,27.5,13.4,17.9,15.4,14.1,13.4
20260531,グレイスザクラウン,57.7,42.9,28.0,13.6,14.8,14.9,14.4,13.6
20260531,デルマテイネ,57.4,42.5,28.9,14.5,14.9,13.6,14.4,14.5
20260531,ゼアズノープレイス,59.1,43.4,28.5,13.7,15.7,14.9,14.8,13.7
20260531,アイファーファイト,59.9,44.6,29.3,13.7,15.3,15.3,15.6,13.7
20260531,スマートブル,66.3,49.0,32.8,16.6,17.3,16.2,16.2,16.6
20260531,グランフォワイエ,68.3,50.2,33.0,16.4,18.1,17.2,16.6,16.4
20260531,ツァガーンサル,66.6,49.5,32.6,16.2,17.1,16.9,16.4,16.2
20260531,ジェイエルトランプ,68.4,50.1,33.0,16.6,18.3,17.1,16.4,16.6
20260531,ゼラニウム,71.1,52.7,35.1,17.2,18.4,17.6,17.9,17.2
20260531,ポッドレーヴ,70.6,52.3,34.9,17.0,18.3,17.4,17.9,17.0
20260531,オストラヴァ,53.7,39.6,25.1,11.7,14.1,14.5,13.4,11.7
20260531,ミクニインスパイア,55.6,41.1,25.9,12.3,14.5,15.2,13.6,12.3
20260531,エストゥペンダ,67.7,49.1,31.4,14.9,18.6,17.7,16.5,14.9
20260531,ビービーエフォート,67.7,49.1,31.8,15.6,18.6,17.3,16.2,15.6
20260531,ザローズハーツ,56.7,42.1,27.4,12.7,14.6,14.7,14.7,12.7
20260531,タイセイフレッサ,56.9,41.6,27.2,12.9,15.3,14.4,14.3,12.9
20260531,サトノワーグナー,57.4,42.6,27.7,13.5,14.8,14.9,14.2,13.5
20260531,ララニューディー,58.1,42.5,28.0,13.7,15.6,14.5,14.3,13.7
20260531,ショウナンマルチ,56.9,42.0,27.3,12.8,14.9,14.7,14.5,12.8
20260531,アリアス,57.6,42.4,27.3,13.2,15.2,15.1,14.1,13.2
20260531,シェリーシュシュ,60.1,44.3,28.3,13.8,15.8,16.0,14.5,13.8
20260531,マンサニージャ,57.8,42.9,28.5,14.2,14.9,14.4,14.3,14.2
20260531,ルージュフィーリア,57.0,41.9,27.0,12.9,15.1,14.9,14.1,12.9
20260531,サクラトゥジュール,55.9,40.1,25.8,12.7,15.8,14.3,13.1,12.7
20260531,シテフローラル,55.6,40.8,25.9,12.7,14.8,14.9,13.2,12.7
20260531,ホウキボシ,58.8,43.1,27.7,13.8,15.7,15.4,13.9,13.8
20260531,ゴールデンオスカー,60.1,43.1,28.0,13.8,17.0,15.1,14.2,13.8
20260531,エコロレイズ,54.3,39.4,25.4,12.1,14.9,14.0,13.3,12.1
20260531,ミーントゥビー,59.0,43.1,27.7,13.1,15.9,15.4,14.6,13.1
20260531,クオンタムスター,55.8,40.9,26.1,12.8,14.9,14.8,13.3,12.8
20260531,フジガイフウ,54.7,39.7,25.6,12.2,15.0,14.1,13.4,12.2
20260531,オーキーベルセルク,88.5,64.2,42.5,21.1,24.3,21.7,21.4,21.1
20260531,レジオンポレール,58.7,42.5,27.5,13.6,16.2,15.0,13.9,13.6
20260531,クカイリモク,57.9,42.4,27.1,13.6,15.5,15.3,13.5,13.6
20260531,ナムラコハル,60.7,43.4,28.4,14.2,17.3,15.0,14.2,14.2
20260531,マイネルシュラハト,59.9,44.3,29.0,14.6,15.6,15.3,14.4,14.6
20260531,ザンテソーロ,59.2,43.0,27.8,13.8,16.2,15.2,14.0,13.8
20260531,ホウオウザロイヤル,55.6,40.8,25.9,12.7,14.8,14.9,13.2,12.7
20260531,リュウノタキノボリ,66.3,48.1,31.4,15.7,18.2,16.7,15.7,15.7
20260531,コスモハナミズキ,59.1,43.9,29.6,15.0,15.2,14.3,14.6,15.0
20260531,ウイングレイテスト,56.6,40.6,25.9,12.9,16.0,14.7,13.0,12.9
20260531,マイネルイグザルト,67.4,50.5,33.5,16.7,16.9,17.0,16.8,16.7
20260531,ルクソールカフェ,64.7,47.7,31.6,16.0,17.0,16.1,15.6,16.0
20260531,ゴールドドレッサ,59.9,44.8,30.9,15.6,15.1,13.9,15.3,15.6
20260531,メテオレムナント,69.8,51.8,33.8,16.1,18.0,18.0,17.7,16.1
20260531,タカラエイティ,87.0,63.7,41.6,20.4,23.3,22.1,21.2,20.4
20260531,ポッドジーク,57.1,40.9,26.0,12.9,16.2,14.9,13.1,12.9
20260531,ノーブルブロウ,60.7,45.1,30.7,15.4,15.6,14.4,15.3,15.4
20260531,ベイビールビオ,58.1,42.5,27.3,13.2,15.6,15.2,14.1,13.2
20260531,オーサムデアラー,74.5,54.9,35.9,17.5,19.6,19.0,18.4,17.5
20260531,アンバーニードル,71.2,53.0,35.2,17.1,18.2,17.8,18.1,17.1
20260531,フクチャントウメイ,70.5,52.2,34.3,17.0,18.3,17.9,17.3,17.0
20260531,ルージュラナキラ,70.2,52.5,34.2,17.2,17.7,18.3,17.0,17.2
20260531,ウインディナナコ,57.8,41.4,27.1,13.2,16.4,14.3,13.9,13.2
20260531,マメーアップル,66.8,49.2,32.4,15.9,17.6,16.8,16.5,15.9
20260531,ラッキーキッド,70.8,52.3,34.4,17.1,18.5,17.9,17.3,17.1
20260531,エビスディアーナ,71.1,53.1,35.1,17.2,18.0,18.0,17.9,17.2
20260531,シラカワゴウ,55.0,40.3,26.0,12.5,14.7,14.3,13.5,12.5
20260531,ルージュカルデア,71.5,52.7,34.5,16.8,18.8,18.2,17.7,16.8
20260531,テンハートビート,58.4,43.1,28.0,13.7,15.3,15.1,14.3,13.7
20260531,ツウキンカイソク,67.8,50.7,33.0,16.1,17.1,17.7,16.9,16.1
20260531,ジーティーフクフク,58.5,42.4,27.6,13.7,16.1,14.8,13.9,13.7
20260531,ラグアイリータ,66.9,49.2,32.3,15.8,17.7,16.9,16.5,15.8
20260531,クアロアランチ,58.2,42.6,27.8,13.9,15.6,14.8,13.9,13.9
20260531,アイムイン,71.3,52.5,34.4,16.3,18.8,18.1,18.1,16.3
20260531,ゼフィリア,66.8,48.8,32.5,16.2,18.0,16.3,16.3,16.2
20260531,イトウカカリチョウ,67.8,50.4,33.3,16.2,17.4,17.1,17.1,16.2
20260531,モーモーゼロ,62.4,46.4,30.6,14.9,16.0,15.8,15.7,14.9
20260531,トム,64.2,47.5,31.0,15.2,16.7,16.5,15.8,15.2
20260531,リリエンフェルト,65.7,48.3,31.9,16.0,17.4,16.4,15.9,16.0
20260531,カサビセンス,66.8,48.8,31.5,15.5,18.0,17.3,16.0,15.5
20260531,ウインイザナミ,64.9,47.8,31.5,15.8,17.1,16.3,15.7,15.8
20260531,リオンアンサー,66.7,50.0,33.1,16.7,16.7,16.9,16.4,16.7
20260531,カゼノオモイデ,60.0,44.4,28.9,14.5,15.6,15.5,14.4,14.5
20260531,ポッドデスペア,66.1,47.0,29.9,14.3,19.1,17.1,15.6,14.3
20260531,ダノンケリー,55.7,41.2,26.9,12.9,14.5,14.3,14.0,12.9
20260531,ウカテンセイ,61.2,45.1,30.2,15.0,16.1,14.9,15.2,15.0
20260531,マルガリート,57.5,42.3,27.6,13.6,15.2,14.7,14.0,13.6
20260531,ローディアマント,54.5,39.4,26.1,13.0,15.1,13.3,13.1,13.0
20260531,エクセルゴールド,53.9,39.2,25.8,12.9,14.7,13.4,12.9,12.9
20260531,ゴールドアローン,59.3,44.9,30.1,14.8,14.4,14.8,15.3,14.8
20260531,ウィゾマニア,56.3,41.5,26.9,13.0,14.8,14.6,13.9,13.0
20260531,ライトアファイア,56.6,42.0,27.8,13.7,14.6,14.2,14.1,13.7
20260531,ティスマイル,56.7,42.1,27.9,13.8,14.6,14.2,14.1,13.8
20260531,ヴァルク,60.1,44.6,29.2,14.3,15.5,15.4,14.9,14.3
20260531,ペイトー,53.2,39.2,25.9,12.8,14.0,13.3,13.1,12.8
20260531,ヴェイルドハート,55.4,40.1,26.4,13.1,15.3,13.7,13.3,13.1
20260531,エムアイブレイズ,60.3,45.2,30.0,14.3,15.1,15.2,15.7,14.3
20260531,コスモフィデリタス,60.5,45.3,30.0,14.5,15.2,15.3,15.5,14.5
20260531,タイセイルビー,54.6,39.3,24.7,11.9,15.3,14.6,12.8,11.9
20260531,ファンタイムギフト,60.1,43.7,28.4,14.5,16.4,15.3,13.9,14.5
20260531,レッドシュトラール,55.6,40.9,26.6,12.9,14.7,14.3,13.7,12.9
20260531,シンギュラリティ,65.3,48.8,32.5,16.2,16.5,16.3,16.3,16.2
20260531,スイープセレニティ,55.8,41.1,26.7,12.9,14.7,14.4,13.8,12.9
20260531,ニシノツムジカゼ,56.9,42.1,27.6,13.5,14.8,14.5,14.1,13.5
20260531,レッドキングリー,71.8,52.8,34.5,16.6,19.0,18.3,17.9,16.6
20260531,コッシーブリリアン,65.7,48.8,32.7,16.2,16.9,16.1,16.5,16.2
20260531,ロスパレドネス,71.7,53.5,35.8,17.6,18.2,17.7,18.2,17.6
20260531,ジュナベーラ,60.0,43.6,28.5,14.0,16.4,15.1,14.5,14.0
20260531,カシノスワッグ,74.2,54.4,36.1,18.4,19.8,18.3,17.7,18.4
20260531,ヴァストマーレ,76.0,55.9,37.1,18.6,20.1,18.8,18.5,18.6
20260531,フェスタベラ,75.3,55.2,36.3,18.2,20.1,18.9,18.1,18.2
20260531,ホウオウビリーヴ,58.2,43.3,28.6,14.0,14.9,14.7,14.6,14.0
20260531,リリコイ,75.7,55.5,36.9,18.6,20.2,18.6,18.3,18.6
20260531,ジュベルシャムス,75.9,56.0,37.3,18.7,19.9,18.7,18.6,18.7
20260531,トライデント,62.3,46.4,31.4,16.3,15.9,15.0,15.1,16.3
20260531,リマーカブル,65.1,47.7,31.1,15.6,17.4,16.6,15.5,15.6
20260531,アーバンアート,66.9,49.8,33.3,16.9,17.1,16.5,16.4,16.9
20260531,コントラポスト,73.1,54.5,35.7,17.7,18.6,18.8,18.0,17.7
20260531,プチブール,53.9,38.9,25.2,12.6,15.0,13.7,12.6,12.6
20260531,ヴェサリウス,66.7,49.1,32.5,16.1,17.6,16.6,16.4,16.1
20260531,セントメモリーズ,55.4,40.6,26.6,12.9,14.8,14.0,13.7,12.9
20260531,コガネノソラ,68.6,51.0,33.3,16.3,17.6,17.7,17.0,16.3
20260531,ステートオブロック,54.9,39.8,26.1,12.9,15.1,13.7,13.2,12.9
20260531,タビニュ,63.8,46.8,30.4,14.8,17.0,16.4,15.6,14.8
20260531,ジェイエルモーダル,54.4,39.6,25.9,12.8,14.8,13.7,13.1,12.8
20260531,ハッピーロンドン,69.7,51.5,33.8,16.4,18.2,17.7,17.4,16.4
20260531,シャパリュ,70.5,52.5,34.7,16.6,18.0,17.8,18.1,16.6
20260531,ダイユウサルターレ,68.5,49.9,32.3,16.2,18.6,17.6,16.1,16.2
20260531,エラン,67.4,49.4,32.7,16.1,18.0,16.7,16.6,16.1
20260531,スミッコディスコ,58.7,42.5,27.6,13.6,16.2,14.9,14.0,13.6
20260531,ビルバンテ,68.5,50.0,32.6,15.9,18.5,17.4,16.7,15.9
20260531,アールグレイ,70.2,51.4,34.0,16.7,18.8,17.4,17.3,16.7
20260531,アイムインディ,67.5,49.8,32.9,16.5,17.7,16.9,16.4,16.5
20260531,ルナロマンティカ,67.4,49.3,32.4,16.3,18.1,16.9,16.1,16.3
20260531,グーテンベルク,70.2,51.2,32.9,16.2,19.0,18.3,16.7,16.2
20260531,シャドウメテオ,73.8,54.5,35.8,17.9,19.3,18.7,17.9,17.9
20260531,ショウナンヤッホー,56.2,41.3,26.6,13.1,14.9,14.7,13.5,13.1
20260531,ジュワネング,56.2,40.7,26.2,12.5,15.5,14.5,13.7,12.5
20260531,スタールーラー,66.7,49.1,32.9,17.5,17.6,16.2,15.4,17.5
20260531,タルタロス,68.4,51.2,33.4,16.6,17.2,17.8,16.8,16.6
20260531,サンブライト,72.4,52.2,33.3,16.2,20.2,18.9,17.1,16.2
20260531,モズクルードラゴン,69.8,52.1,35.1,18.0,17.7,17.0,17.1,18.0
20260531,ミサトレジーナ,65.4,48.9,31.9,15.8,16.5,17.0,16.1,15.8
20260531,ジーティーヒラリ,58.1,40.6,25.9,12.5,17.5,14.7,13.4,12.5
20260531,カルフ,56.9,41.7,27.3,13.4,15.2,14.4,13.9,13.4
20260531,フクチャントウメイ,57.7,42.1,27.8,14.1,15.6,14.3,13.7,14.1
20260531,ノアレジェンド,71.4,52.3,34.5,17.1,19.1,17.8,17.4,17.1
20260531,ショービット,60.1,44.6,29.7,14.5,15.5,14.9,15.2,14.5
20260531,オンザギャラクシー,57.5,42.1,27.6,13.4,15.4,14.5,14.2,13.4
20260531,コンフィグシス,70.9,51.7,34.0,17.0,19.2,17.7,17.0,17.0
20260531,ウォータースパウト,59.2,43.1,27.9,13.3,16.1,15.2,14.6,13.3
20260531,ボーントゥラブユー,58.5,43.3,28.4,14.2,15.2,14.9,14.2,14.2
20260531,アイムイン,56.8,41.7,27.4,14.0,15.1,14.3,13.4,14.0
20260531,アンバーニードル,60.1,44.9,29.9,14.9,15.2,15.0,15.0,14.9
20260531,ルージュラナキラ,59.2,44.3,29.5,14.8,14.9,14.8,14.7,14.8
20260531,エビスディアーナ,60.3,45.1,29.9,15.2,15.2,15.2,14.7,15.2
20260531,ケルンミッチー,69.9,51.4,33.9,17.1,18.5,17.5,16.8,17.1
20260531,ゴールデンパゴーダ,57.1,42.3,26.6,13.1,14.8,15.7,13.5,13.1
20260531,ニシノティアモ,59.9,44.3,29.6,15.1,15.6,14.7,14.5,15.1
20260531,オペラプラージュ,56.2,41.4,26.4,12.5,14.8,15.0,13.9,12.5
20260531,カシオペア,55.9,41.2,26.2,12.4,14.7,15.0,13.8,12.4
20260531,リナクィーンアスク,69.3,50.9,33.3,16.2,18.4,17.6,17.1,16.2
20260531,アンジェラス,56.3,40.8,26.5,13.3,15.5,14.3,13.2,13.3
20260531,レダアトミカ,57.0,41.4,27.3,13.7,15.6,14.1,13.6,13.7
20260531,ビップムーラン,64.8,48.0,31.5,15.7,16.8,16.5,15.8,15.7
20260531,シャオママル,54.2,39.4,25.1,12.7,14.8,14.3,12.4,12.7
20260531,スウェーバック,58.4,41.5,27.0,13.0,16.9,14.5,14.0,13.0
20260531,パッサージュワイズ,63.3,46.3,30.7,15.2,17.0,15.6,15.5,15.2
20260531,マオノアラシ,55.2,40.8,26.6,12.9,14.4,14.2,13.7,12.9
20260531,スペイドアン,56.2,40.8,26.2,12.5,15.4,14.6,13.7,12.5
20260531,ワイルドゴーア,55.9,40.5,27.0,12.9,15.4,13.5,14.1,12.9
20260531,サッポロイクコ,57.8,42.6,28.0,13.5,15.2,14.6,14.5,13.5
20260531,カグヤヒメ,59.1,43.5,28.7,14.0,15.6,14.8,14.7,14.0
20260531,カタフラクト,56.5,41.3,27.2,13.4,15.2,14.1,13.8,13.4
20260531,インペリアルライン,57.3,42.1,27.9,13.9,15.2,14.2,14.0,13.9
20260531,ハッピーロンドン,56.2,41.7,27.2,13.3,14.5,14.5,13.9,13.3
20260531,ヴェサリウス,59.8,44.2,29.3,14.7,15.6,14.9,14.6,14.7
20260531,コガネノソラ,57.5,42.7,27.8,13.5,14.8,14.9,14.3,13.5
20260531,ブリックンクリック,55.0,40.3,25.8,12.7,14.7,14.5,13.1,12.7
20260531,ハクシンブライアン,65.1,46.9,29.4,14.1,18.2,17.5,15.3,14.1
20260531,シーグルロス,65.5,48.1,31.4,15.2,17.4,16.7,16.2,15.2
20260531,クリムゾンリーフ,59.4,44.1,29.3,14.5,15.3,14.8,14.8,14.5
20260531,エスシーレイジュ,67.5,49.0,32.1,16.0,18.5,16.9,16.1,16.0
20260531,スタームーンナイト,57.0,41.8,27.6,13.7,15.2,14.2,13.9,13.7
20260531,ビービーアジャイル,55.4,40.6,26.0,13.0,14.8,14.6,13.0,13.0
20260531,サノノソルジャー,65.3,48.0,31.4,15.8,17.3,16.6,15.6,15.8
20260531,ライヴバーボン,65.4,48.0,31.7,15.5,17.4,16.3,16.2,15.5
20260531,ランプリサージュ,69.3,51.7,34.2,16.7,17.6,17.5,17.5,16.7
20260531,ﾃｨｱｰﾓの24,68.9,51.5,34.1,16.6,17.4,17.4,17.5,16.6
20260531,ジップスパーク,68.8,51.2,33.6,16.1,17.6,17.6,17.5,16.1
20260531,ラヴレイン,62.5,46.1,30.7,15.3,16.4,15.4,15.4,15.3
20260531,カゴシマ,56.9,41.6,27.0,13.6,15.3,14.6,13.4,13.6
20260531,コントラポスト,67.2,49.8,32.2,15.6,17.4,17.6,16.6,15.6
20260531,シャパリュ,60.1,44.0,29.0,14.4,16.1,15.0,14.6,14.4
20260531,コスモバルムンク,74.1,55.9,37.3,19.0,18.2,18.6,18.3,19.0
20260531,ニシノマティーニ,70.6,52.1,34.8,17.6,18.5,17.3,17.2,17.6
20260531,ライジンマル,57.8,42.1,27.0,12.9,15.7,15.1,14.1,12.9
20260531,トラスコンガーデン,66.4,47.5,31.2,15.2,18.9,16.3,16.0,15.2
20260531,ユイノエスポワール,62.3,45.7,29.8,14.5,16.6,15.9,15.3,14.5
20260531,ガーシュウィン,54.6,39.9,26.4,13.4,14.7,13.5,13.0,13.4
20260531,エニシングゴース,54.7,39.9,26.4,13.4,14.8,13.5,13.0,13.4
20260531,タイキバルドル,57.9,41.4,26.5,12.9,16.5,14.9,13.6,12.9
20260531,サイモンナイスラン,59.3,43.6,29.1,14.8,15.7,14.5,14.3,14.8
20260531,ジーティージェミル,57.1,41.9,27.9,13.9,15.2,14.0,14.0,13.9
20260531,シュヴァルボヌール,71.5,53.0,34.9,17.6,18.5,18.1,17.3,17.6
20260531,ヤングアメリカンズ,69.9,51.7,34.5,17.2,18.2,17.2,17.3,17.2
20260531,デスティネ,71.7,53.5,35.8,17.8,18.2,17.7,18.0,17.8
20260531,ツウカイウォリアー,59.0,44.3,29.0,14.5,14.7,15.3,14.5,14.5
20260531,ファイアリービート,66.4,49.4,32.0,16.1,17.0,17.4,15.9,16.1
20260531,ジェイエルサーベイ,58.5,43.4,28.2,13.7,15.1,15.2,14.5,13.7
20260531,ウォーレーションズ,58.4,43.4,28.1,13.6,15.0,15.3,14.5,13.6
20260531,スウィット,56.2,40.9,26.3,13.2,15.3,14.6,13.1,13.2
20260531,マイネルクロカータ,72.3,53.5,35.3,17.6,18.8,18.2,17.7,17.6
20260531,モーモーワン,67.3,49.5,32.1,15.1,17.8,17.4,17.0,15.1
20260531,キタノバトゥーキ,72.5,53.6,35.5,17.7,18.9,18.1,17.8,17.7
20260531,ニシノキフジン,67.7,50.0,32.5,15.6,17.7,17.5,16.9,15.6
20260531,グラスクラージュ,59.6,42.7,27.8,13.4,16.9,14.9,14.4,13.4
20260531,セイウンガジュマル,56.5,41.2,26.4,13.0,15.3,14.8,13.4,13.0
20260531,キントリヒ,68.4,48.8,32.6,16.7,19.6,16.2,15.9,16.7
20260531,ウインオーディン,63.9,48.5,33.8,17.0,15.4,14.7,16.8,17.0
20260531,レイフロレット,80.5,59.4,39.7,19.4,21.1,19.7,20.3,19.4
20260531,フェスタリア,67.5,50.1,33.1,16.3,17.4,17.0,16.8,16.3
20260531,ピックデムッシュ,66.1,48.4,31.6,15.4,17.7,16.8,16.2,15.4
20260531,サムシングニュー,69.3,50.9,33.7,16.6,18.4,17.2,17.1,16.6
20260531,カンレイスター,67.7,49.6,32.9,16.1,18.1,16.7,16.8,16.1
20260531,ファイナルフォーム,66.2,47.8,31.2,14.9,18.4,16.6,16.3,14.9
20260531,ノヴェルアレイア,70.5,51.1,34.2,17.2,19.4,16.9,17.0,17.2
20260531,デヴィーア,70.3,51.5,33.6,16.8,18.8,17.9,16.8,16.8
20260531,ドミナートル,70.3,51.8,34.6,17.4,18.5,17.2,17.2,17.4
20260531,ヒットミー,56.6,40.1,25.3,12.2,16.5,14.8,13.1,12.2
20260531,コムユンプリュム,55.1,39.7,25.5,12.3,15.4,14.2,13.2,12.3
20260531,コスモアルペジオ,54.8,39.2,25.5,12.6,15.6,13.7,12.9,12.6
20260531,コスモマルーン,60.5,45.5,30.1,14.9,15.0,15.4,15.2,14.9
20260531,ゴルトレオパルト,72.4,54.4,36.2,17.6,18.0,18.2,18.6,17.6
20260531,オオゾラヒバリ,59.7,44.4,29.1,14.3,15.3,15.3,14.8,14.3
20260531,ブライトライツ,60.4,44.6,29.6,14.7,15.8,15.0,14.9,14.7
20260531,イデアクリスタル,55.7,41.2,26.8,12.8,14.5,14.4,14.0,12.8
20260531,ワンダリングスター,75.5,55.9,37.4,18.7,19.6,18.5,18.7,18.7
20260531,アラータス,63.1,46.6,31.1,15.2,16.5,15.5,15.9,15.2
20260531,シャンドゥレール,65.2,47.2,30.8,15.2,18.0,16.4,15.6,15.2
20260531,ナスノソナタ,62.3,46.5,31.2,15.6,15.8,15.3,15.6,15.6
20260531,レディトゥランブル,65.9,49.2,32.6,17.0,16.7,16.6,15.6,17.0
20260531,アイファーティアラ,68.9,50.9,33.7,16.8,18.0,17.2,16.9,16.8
20260531,テングカゼ,71.4,53.7,36.1,18.0,17.7,17.6,18.1,18.0
20260531,パイシャオピン,72.7,53.0,35.2,17.8,19.7,17.8,17.4,17.8
20260531,シャトーホークビル,63.8,47.4,31.7,15.4,16.4,15.7,16.3,15.4
20260531,ローズブーケ,73.0,54.1,36.3,18.7,18.9,17.8,17.6,18.7
20260531,キタノソブリン,69.3,51.6,34.1,17.3,17.7,17.5,16.8,17.3
20260531,モリノヤマセミ,73.4,54.5,36.7,18.8,18.9,17.8,17.9,18.8
20260531,クイーンレグナント,69.4,50.4,32.8,16.3,19.0,17.6,16.5,16.3
20260531,モデレートゲイル,72.3,52.3,34.5,17.2,20.0,17.8,17.3,17.2
20260531,セキテイロックス,71.7,53.5,35.3,17.3,18.2,18.2,18.0,17.3
20260531,ブラックゲイル,61.5,46.4,31.4,15.8,15.1,15.0,15.6,15.8
20260531,メジェグレイス,71.0,51.9,34.0,16.6,19.1,17.9,17.4,16.6
20260531,ロードアマデウス,70.2,52.4,35.3,17.4,17.8,17.1,17.9,17.4
20260531,ﾍﾟﾙﾍﾟﾄｩｵの24,69.5,50.3,32.7,16.3,19.2,17.6,16.4,16.3
20260531,アージェント,54.9,39.8,25.8,12.5,15.1,14.0,13.3,12.5
20260531,ワンダラー,64.1,47.0,30.7,15.0,17.1,16.3,15.7,15.0
20260531,ステラノヴァ,67.0,49.6,32.6,16.3,17.4,17.0,16.3,16.3
20260531,コンサートマスター,55.7,40.5,26.2,12.9,15.2,14.3,13.3,12.9
20260531,セイントクーヤ,66.5,48.2,30.9,14.9,18.3,17.3,16.0,14.9
20260531,レイヒストリコ,55.6,40.6,26.5,13.1,15.0,14.1,13.4,13.1
20260531,コスモシグナス,70.0,51.8,34.1,16.4,18.2,17.7,17.7,16.4
20260531,ホワイトフレアー,56.8,41.5,26.9,13.2,15.3,14.6,13.7,13.2
20260531,サルヴァトーレ,59.3,43.9,28.8,14.3,15.4,15.1,14.5,14.3
20260531,ミニョンマルーン,66.3,48.8,31.8,15.5,17.5,17.0,16.3,15.5
20260531,オンクラウドナイン,57.4,41.9,27.3,13.4,15.5,14.6,13.9,13.4
20260531,リスペクトライト,66.9,48.8,32.4,16.7,18.1,16.4,15.7,16.7
20260531,ダイシンレスター,70.2,51.2,33.2,16.4,19.0,18.0,16.8,16.4
20260531,マスカルポーネ,64.5,47.8,31.7,15.7,16.7,16.1,16.0,15.7
20260531,ダイユウアドバンス,56.9,41.7,27.3,13.4,15.2,14.4,13.9,13.4
20260531,ガミーヌ,73.5,53.4,34.6,17.0,20.1,18.8,17.6,17.0
20260531,ピーエムキンチャン,66.8,49.1,32.5,16.8,17.7,16.6,15.7,16.8
20260531,メイヨシュア,66.5,49.7,33.8,17.0,16.8,15.9,16.8,17.0
20260531,カペラテソーロ,68.4,50.4,33.3,16.6,18.0,17.1,16.7,16.6
20260531,アートオブブライト,67.1,49.8,33.3,16.5,17.3,16.5,16.8,16.5
20260531,モミスケ,69.7,51.2,33.7,16.3,18.5,17.5,17.4,16.3
20260531,ピリナカピリナ,71.2,52.3,34.5,17.3,18.9,17.8,17.2,17.3
20260531,シュネルアステリア,67.9,50.2,32.9,16.8,17.7,17.3,16.1,16.8
20260531,ライフゲート,69.4,51.3,33.9,17.2,18.1,17.4,16.7,17.2
20260531,ハッピーカーン,70.5,50.8,33.8,17.0,19.7,17.0,16.8,17.0
20260531,ビレッジルイーザ,70.5,50.7,32.8,15.8,19.8,17.9,17.0,15.8
20260531,ソーマッチ,67.7,49.1,32.2,16.1,18.6,16.9,16.1,16.1
20260531,ウィナーズチェック,58.0,42.9,28.4,13.8,15.1,14.5,14.6,13.8
20260531,インサイドエッジ,58.6,43.2,28.6,13.9,15.4,14.6,14.7,13.9
20260531,ゴールデンステップ,65.6,48.7,31.7,15.9,16.9,17.0,15.8,15.9
20260531,レイアポポ,64.7,47.2,30.2,14.9,17.5,17.0,15.3,14.9
20260531,ベイビーキッス,64.3,47.6,31.5,15.8,16.7,16.1,15.7,15.8
20260531,キタイノホシ,52.6,38.9,25.6,12.8,13.7,13.3,12.8,12.8
20260531,キタノシオン,56.4,41.3,26.8,13.0,15.1,14.5,13.8,13.0
20260531,シャトーベスト,65.5,49.7,33.7,17.2,15.8,16.0,16.5,17.2
20260531,ハートホイップ,64.0,46.9,31.4,15.7,17.1,15.5,15.7,15.7
20260531,アクロスザリバー,56.4,41.8,27.5,13.1,14.6,14.3,14.4,13.1
20260531,シュヴァルボヌール,58.8,43.6,28.8,14.2,15.2,14.8,14.6,14.2
20260531,ベンメリア,64.2,47.3,31.3,15.8,16.9,16.0,15.5,15.8
20260531,ヤングアメリカンズ,59.8,44.6,29.4,14.6,15.2,15.2,14.8,14.6
20260531,グレイテストソング,58.0,42.4,27.7,13.3,15.6,14.7,14.4,13.3
20260531,スカイリッチ,60.4,44.0,28.3,13.5,16.4,15.7,14.8,13.5
20260531,ハタノグランクリュ,68.6,50.0,32.6,16.3,18.6,17.4,16.3,16.3
20260531,レイナデルアイレ,62.3,45.9,29.9,14.7,16.4,16.0,15.2,14.7
20260531,クロダテ,62.6,46.5,30.4,15.2,16.1,16.1,15.2,15.2
20260531,ヴェントリナ,67.4,49.8,32.6,16.1,17.6,17.2,16.5,16.1
20260531,オーケーエース,66.9,49.1,32.5,16.0,17.8,16.6,16.5,16.0
20260531,エーアイクワイ,70.7,52.1,34.7,17.4,18.6,17.4,17.3,17.4
20260531,レイシャル,70.8,52.1,34.6,17.4,18.7,17.5,17.2,17.4
20260531,ウィンターブリーズ,58.2,42.8,27.7,13.7,15.4,15.1,14.0,13.7
20260531,レッジェランツァ,58.2,42.8,27.6,13.6,15.4,15.2,14.0,13.6
20260531,キントリヒ,55.3,40.8,27.0,13.3,14.5,13.8,13.7,13.3
20260531,マルチャン,64.4,47.0,31.2,15.3,17.4,15.8,15.9,15.3
20260531,フェスタリア,54.8,40.0,25.9,12.1,14.8,14.1,13.8,12.1
20260531,スペルビア,65.9,49.0,32.5,16.4,16.9,16.5,16.1,16.4
20260531,ドルンレースツェン,57.1,42.3,27.8,13.2,14.8,14.5,14.6,13.2
20260531,ウインビギニング,65.9,49.1,32.3,16.2,16.8,16.8,16.1,16.2
20260531,ドゥーニ,61.4,45.0,29.0,13.9,16.4,16.0,15.1,13.9
20260531,カンレイスター,55.6,40.3,25.8,12.3,15.3,14.5,13.5,12.3
20260531,ファイナルフォーム,55.6,40.4,25.9,12.2,15.2,14.5,13.7,12.2
20260531,マイバラード,56.4,40.4,26.1,12.6,16.0,14.3,13.5,12.6
20260531,マーゴットレーヴ,56.7,40.5,26.0,12.8,16.2,14.5,13.2,12.8
20260531,アテナガール,65.8,47.9,31.2,15.6,17.9,16.7,15.6,15.6
20260531,アシタバスピリッツ,65.6,48.0,31.3,15.5,17.6,16.7,15.8,15.5
20260531,ジュンヴィヴァン,56.2,40.9,26.4,12.4,15.3,14.5,14.0,12.4
20260531,サングラント,69.9,51.3,34.0,17.0,18.6,17.3,17.0,17.0
20260531,アルーリングボーイ,69.6,51.5,33.9,16.7,18.1,17.6,17.2,16.7
20260531,テスタ,70.0,51.9,33.9,16.7,18.1,18.0,17.2,16.7
20260531,スタンピー,54.8,39.6,26.1,13.1,15.2,13.5,13.0,13.1
20260531,ハートチャン,65.0,47.6,31.6,16.2,17.4,16.0,15.4,16.2
20260531,ユマハム,57.3,42.2,27.8,14.2,15.1,14.4,13.6,14.2
20260531,ロックユアライフ,56.5,40.9,26.9,13.3,15.6,14.0,13.6,13.3
20260531,コールドスリープ,55.0,39.7,26.0,13.2,15.3,13.7,12.8,13.2
20260531,グランドストーリー,66.8,48.7,32.0,15.9,18.1,16.7,16.1,15.9
20260531,ブリスフル,64.8,48.1,31.8,16.0,16.7,16.3,15.8,16.0
20260531,アルティーノ,69.9,51.3,33.7,16.6,18.6,17.6,17.1,16.6
20260531,ガビーズメロディ,59.6,43.6,29.1,14.4,16.0,14.5,14.7,14.4
20260531,オルッス,59.4,43.6,29.2,14.5,15.8,14.4,14.7,14.5
20260531,シルトホルン,67.5,49.9,32.7,16.3,17.6,17.2,16.4,16.3
20260531,オセアエクスプレス,60.5,45.4,29.8,15.0,15.1,15.6,14.8,15.0
20260531,マンモスホームラン,70.1,52.3,34.5,17.1,17.8,17.8,17.4,17.1
20260531,テンバコウクウ,66.9,49.3,32.4,16.0,17.6,16.9,16.4,16.0
20260531,ダブルブロッサム,60.3,44.9,29.7,14.9,15.4,15.2,14.8,14.9
20260531,ゴルトレオパルト,68.1,51.0,33.0,15.6,17.1,18.0,17.4,15.6
20260531,ワンダリングスター,67.0,50.3,32.8,15.8,16.7,17.5,17.0,15.8
20260531,テングカゼ,68.9,51.2,34.3,17.3,17.7,16.9,17.0,17.3
20260531,バトルモクオ,66.5,49.2,33.1,16.7,17.3,16.1,16.4,16.7
20260531,メトロポリターナ,58.1,40.8,26.2,12.9,17.3,14.6,13.3,12.9
20260531,シュハリ,57.5,42.5,28.2,13.8,15.0,14.3,14.4,13.8
20260531,フレンドモナコ,59.7,44.2,28.8,13.6,15.5,15.4,15.2,13.6
20260531,ソラティオ,58.9,43.9,28.7,13.9,15.0,15.2,14.8,13.9
20260531,キタノエフロレス,59.0,43.9,28.8,13.9,15.1,15.1,14.9,13.9
20260531,アルカンサス,62.6,47.6,31.9,16.0,15.0,15.7,15.9,16.0
20260531,ミカッテヨンデイイ,58.7,42.7,28.3,14.3,16.0,14.4,14.0,14.3
20260531,グランドフォレスト,58.3,42.5,28.0,13.7,15.8,14.5,14.3,13.7
20260531,ピコローズ,65.6,49.3,32.2,15.4,16.3,17.1,16.8,15.4
20260531,タイキフィアリーベ,58.0,42.3,27.8,13.6,15.7,14.5,14.2,13.6
20260531,オメガストリーム,60.5,44.8,29.2,14.1,15.7,15.6,15.1,14.1
20260531,ブライトビギニング,72.9,52.3,33.6,16.6,20.6,18.7,17.0,16.6
20260531,キタノローズ,58.1,42.2,27.7,13.6,15.9,14.5,14.1,13.6
20260531,キコリータ,60.9,44.8,29.3,14.6,16.1,15.5,14.7,14.6
20260531,ホカミテダメ,61.6,45.6,30.4,15.2,16.0,15.2,15.2,15.2
20260531,マイネルディザイア,69.6,50.7,33.8,17.1,18.9,16.9,16.7,17.1
20260531,ベルウッドディープ,66.6,48.1,31.2,15.5,18.5,16.9,15.7,15.5
20260531,ﾍﾞｽﾄｲﾝﾊﾟｸﾄの24,64.6,46.6,30.0,14.8,18.0,16.6,15.2,14.8
20260531,オレデイイノカ,57.4,41.4,26.7,13.1,16.0,14.7,13.6,13.1
20260531,キボウノホシ,83.2,60.5,39.6,19.7,22.7,20.9,19.9,19.7
20260531,ベラジオワールド,57.6,43.2,28.5,14.5,14.4,14.7,14.0,14.5
20260531,デルマカイモン,55.5,40.1,26.5,13.3,15.4,13.6,13.2,13.3
20260531,ノヴェルピアーチェ,57.8,41.5,26.7,13.0,16.3,14.8,13.7,13.0
20260531,ミッドナイトドア,58.5,43.0,28.3,14.2,15.5,14.7,14.1,14.2
20260531,メジャーシンガー,58.2,42.9,28.3,13.8,15.3,14.6,14.5,13.8
20260531,ハンデンブレイズ,60.3,44.5,29.4,14.4,15.8,15.1,15.0,14.4
20260531,エクストラノート,60.8,44.9,29.4,14.4,15.9,15.5,15.0,14.4
20260531,ジーティーオウジャ,59.8,44.2,28.9,14.4,15.6,15.3,14.5,14.4
20260531,サトノラポール,62.5,46.3,30.3,15.3,16.2,16.0,15.0,15.3
20260531,ミライヘノティアラ,58.2,42.6,27.6,14.1,15.6,15.0,13.5,14.1
20260531,ノヴァルクス,61.2,45.4,29.8,15.3,15.8,15.6,14.5,15.3
20260531,ビップマリク,68.1,49.8,32.6,16.0,18.3,17.2,16.6,16.0
20260531,ファインサマーデイ,64.9,46.8,29.9,14.9,18.1,16.9,15.0,14.9
20260531,ルクスマグナ,59.7,43.9,28.3,13.2,15.8,15.6,15.1,13.2
20260531,テリオスノバ,71.7,53.0,35.2,16.7,18.7,17.8,18.5,16.7
20260531,インプロペリア,56.3,40.8,26.1,12.7,15.5,14.7,13.4,12.7
20260531,タイセイアストロ,57.4,41.4,25.9,12.8,16.0,15.5,13.1,12.8
20260531,ルージュフローラ,57.6,41.6,26.3,13.0,16.0,15.3,13.3,13.0
20260531,ピアス,53.5,39.0,25.5,12.9,14.5,13.5,12.6,12.9
20260531,ゴディアーモ,56.4,41.1,26.8,13.1,15.3,14.3,13.7,13.1
20260531,シャンデヴァーグ,53.8,39.2,25.4,13.0,14.6,13.8,12.4,13.0
20260531,ヤマタケボニータ,68.0,50.3,33.3,16.5,17.7,17.0,16.8,16.5
20260531,アンニャンクッキー,55.8,40.6,26.3,13.0,15.2,14.3,13.3,13.0
20260531,レッドリアライズ,56.2,40.8,26.6,13.1,15.4,14.2,13.5,13.1
20260531,ヤマタケゲンジ,66.5,48.5,32.1,15.8,18.0,16.4,16.3,15.8
20260531,デルマザオウ,64.8,47.6,31.2,15.7,17.2,16.4,15.5,15.7
20260531,チュラヴェール,68.9,51.8,34.3,17.0,17.1,17.5,17.3,17.0
20260531,ハクサンミレイ,65.1,47.3,30.6,14.9,17.8,16.7,15.7,14.9
20260531,ショウナンハクウン,55.3,40.5,26.2,12.9,14.8,14.3,13.3,12.9
20260531,ピースワンデュック,57.0,41.7,27.3,13.3,15.3,14.4,14.0,13.3
20260531,ダノンホイットニー,55.1,40.2,25.8,12.4,14.9,14.4,13.4,12.4
20260531,レイヤードレッド,56.4,41.7,28.2,14.0,14.7,13.5,14.2,14.0
20260531,フィーリウス,56.2,41.4,27.4,13.4,14.8,14.0,14.0,13.4
20260531,スナッピードレッサ,55.8,40.7,25.8,12.2,15.1,14.9,13.6,12.2
20260531,マルターズドン,56.3,41.4,27.9,13.8,14.9,13.5,14.1,13.8
20260531,スクリプトール,56.5,41.7,27.0,12.8,14.8,14.7,14.2,12.8
20260531,ゴールドシーン,59.5,44.2,29.0,14.1,15.3,15.2,14.9,14.1
20260531,バレンタインガール,59.7,43.9,29.0,14.5,15.8,14.9,14.5,14.5
20260531,レイユール,56.1,40.8,26.1,12.9,15.3,14.7,13.2,12.9
20260531,ファイタージェット,56.4,41.0,26.2,12.7,15.4,14.8,13.5,12.7
20260531,デイズインザサン,69.1,52.0,35.0,17.8,17.1,17.0,17.2,17.8
20260531,レガリーノ,71.9,52.0,33.7,16.7,19.9,18.3,17.0,16.7
20260531,ミスチヴマリアンヌ,71.7,52.4,34.4,17.3,19.3,18.0,17.1,17.3
20260531,コーリンクレア,67.8,50.3,34.0,17.5,17.5,16.3,16.5,17.5
20260531,テンムス,54.3,40.1,26.1,13.0,14.2,14.0,13.1,13.0
20260531,エムノビアンカ,53.4,39.1,25.5,12.5,14.3,13.6,13.0,12.5
20260531,テンカムテキ,56.4,40.8,25.7,12.5,15.6,15.1,13.2,12.5
20260531,ブルーリファール,72.0,52.7,34.5,17.1,19.3,18.2,17.4,17.1
20260531,バスキュール,55.1,39.6,25.0,11.9,15.5,14.6,13.1,11.9
20260531,ニシノリリックス,71.9,52.4,34.1,16.7,19.5,18.3,17.4,16.7
20260531,カリボール,57.7,41.0,26.6,13.0,16.7,14.4,13.6,13.0
20260531,リリージェーン,54.8,40.2,26.3,13.0,14.6,13.9,13.3,13.0
20260531,メリザンド,57.2,42.2,27.7,13.6,15.0,14.5,14.1,13.6
20260531,モストロ,68.8,50.7,34.1,17.3,18.1,16.6,16.8,17.3
20260531,メビウスロマンス,70.8,52.4,33.7,15.9,18.4,18.7,17.8,15.9
20260531,サラサチャチャチャ,57.4,42.3,27.5,13.6,15.1,14.8,13.9,13.6
20260531,エリザベスタウン,72.8,53.3,34.3,16.7,19.5,19.0,17.6,16.7
20260531,ゾネブルーム,71.9,52.8,34.2,16.5,19.1,18.6,17.7,16.5
20260531,コックニー,57.6,42.6,27.5,13.9,15.0,15.1,13.6,13.9
20260531,サザンヴィターレ,60.3,44.6,29.5,14.6,15.7,15.1,14.9,14.6
20260531,タイセイソアリング,71.9,52.4,33.7,16.4,19.5,18.7,17.3,16.4
20260531,シャンパンアワー,59.3,44.0,28.9,14.4,15.3,15.1,14.5,14.4
20260531,ステラガーネット,56.8,42.0,27.5,13.5,14.8,14.5,14.0,13.5
20260531,サノノファイター,61.2,45.4,30.0,14.7,15.8,15.4,15.3,14.7
20260531,コンクレデンツァ,60.9,44.9,28.9,14.4,16.0,16.0,14.5,14.4
20260531,ペントザリス,61.5,44.8,29.1,14.2,16.7,15.7,14.9,14.2
20260531,ウインドワンピース,70.6,51.3,33.2,16.1,19.3,18.1,17.1,16.1
20260531,タンゴバイラリン,69.7,50.7,33.6,16.6,19.0,17.1,17.0,16.6
20260531,モナコブル,68.3,51.1,34.5,17.2,17.2,16.6,17.3,17.2
20260531,デルマノリクラ,69.3,50.9,33.9,17.4,18.4,17.0,16.5,17.4
20260531,ヴェガリア,69.8,52.1,34.4,17.4,17.7,17.7,17.0,17.4
20260531,ゴコウコイコイ,67.8,49.7,33.0,17.0,18.1,16.7,16.0,17.0
20260531,スカット,67.6,49.2,31.6,15.4,18.4,17.6,16.2,15.4
20260531,アルペンローゼ,70.6,52.5,35.3,17.4,18.1,17.2,17.9,17.4
20260531,ウインテラジーナ,66.5,49.2,32.7,17.1,17.3,16.5,15.6,17.1
20260531,ゼータレティクル,70.5,51.4,33.6,16.3,19.1,17.8,17.3,16.3
20260531,スマイルカーブ,56.7,41.6,27.3,13.5,15.1,14.3,13.8,13.5
20260531,ホーナー,69.7,50.0,33.4,16.5,19.7,16.6,16.9,16.5
20260531,ショパンコンクール,55.1,40.7,26.7,13.2,14.4,14.0,13.5,13.2
20260531,マナベラ,55.1,40.7,26.7,13.2,14.4,14.0,13.5,13.2
20260531,エイシンウルクンデ,69.8,50.9,33.8,17.2,18.9,17.1,16.6,17.2
20260531,ドリーミングアップ,67.9,50.3,33.0,16.2,17.6,17.3,16.8,16.2
20260531,グルーヴィーオン,79.5,57.8,38.1,18.6,21.7,19.7,19.5,18.6
20260531,モーニングダリア,64.2,45.9,29.6,14.9,18.3,16.3,14.7,14.9
20260531,ヒケヤイワフネ,66.2,48.7,32.0,16.0,17.5,16.7,16.0,16.0
20260531,ニチヤヲツイデ,68.7,50.7,33.2,16.5,18.0,17.5,16.7,16.5
20260531,カンフーヒーロー,72.0,53.0,34.4,16.6,19.0,18.6,17.8,16.6
20260531,イントゥザウインド,56.5,41.3,27.2,13.6,15.2,14.1,13.6,13.6
20260531,スチョウプリンセス,72.8,53.8,35.6,17.8,19.0,18.2,17.8,17.8
20260531,イベリスアマラ,67.6,49.7,33.1,16.5,17.9,16.6,16.6,16.5
20260531,ハルガスミ,68.6,50.1,32.6,16.1,18.5,17.5,16.5,16.1
20260531,ウイニングレイ,68.8,49.6,31.5,15.1,19.2,18.1,16.4,15.1
20260531,ドンレパルス,56.6,41.4,26.1,12.3,15.2,15.3,13.8,12.3
20260531,ウフドゥウフ,67.9,49.0,31.8,15.7,18.9,17.2,16.1,15.7
20260531,ラルガメンテ,68.3,49.3,31.9,15.9,19.0,17.4,16.0,15.9
20260531,タツナナイロ,72.3,53.6,35.9,18.3,18.7,17.7,17.6,18.3
20260531,ユニオンジャック,54.6,40.2,25.8,12.8,14.4,14.4,13.0,12.8
20260531,プルヴォワール,56.4,40.9,26.8,13.1,15.5,14.1,13.7,13.1
20260531,オオセイケイ,55.7,40.2,26.3,13.0,15.5,13.9,13.3,13.0
20260531,ピクニックマーチ,60.1,43.8,28.5,14.0,16.3,15.3,14.5,14.0
20260531,イサチルサリーレ,54.7,40.3,25.9,12.9,14.4,14.4,13.0,12.9
20260531,パーレンチャン,60.4,43.9,28.4,14.0,16.5,15.5,14.4,14.0
20260531,ローザヴェローナ,69.0,50.2,32.7,16.1,18.8,17.5,16.6,16.1
20260531,ムーランブルー,72.3,53.9,35.6,17.7,18.4,18.3,17.9,17.7
20260531,ルグランヴァン,56.0,40.8,26.6,12.8,15.2,14.2,13.8,12.8
20260531,カーボフリオ,57.4,41.7,26.5,12.7,15.7,15.2,13.8,12.7
20260531,オレンジキャンパス,66.0,48.3,31.7,15.6,17.7,16.6,16.1,15.6
20260531,マイネルスラーヴァ,56.8,41.5,26.6,12.9,15.3,14.9,13.7,12.9
20260531,フェンリル,55.9,40.7,26.8,12.9,15.2,13.9,13.9,12.9
20260531,エーオープリマ,71.9,54.1,35.7,17.9,17.8,18.4,17.8,17.9
20260531,ブラックボイス,57.6,42.4,27.1,13.0,15.2,15.3,14.1,13.0
20260531,アフィーリア,60.0,44.9,29.6,14.7,15.1,15.3,14.9,14.7
20260531,ビーオンザカバー,69.6,50.5,33.6,17.0,19.1,16.9,16.6,17.0
20260531,ミクストベリーズ,55.5,40.3,26.5,13.1,15.2,13.8,13.4,13.1
20260531,レオスキーム,68.8,49.8,32.5,16.3,19.0,17.3,16.2,16.3
20260531,テムファイア,71.2,52.3,34.5,16.8,18.9,17.8,17.7,16.8
20260531,フレイコン,61.8,45.0,28.9,14.0,16.8,16.1,14.9,14.0
20260531,タイセイアドーレ,71.1,52.3,34.5,16.7,18.8,17.8,17.8,16.7
20260531,アルニタク,61.8,44.6,28.8,14.0,17.2,15.8,14.8,14.0
20260531,バトルクライ,70.5,51.3,33.4,16.5,19.2,17.9,16.9,16.5
20260531,ウインガネーシャ,71.2,51.9,34.0,17.0,19.3,17.9,17.0,17.0
20260531,ｺｳｾｲｵﾘｰｳﾞの24,70.1,50.9,33.4,16.5,19.2,17.5,16.9,16.5
20260531,ロケットパンチ,65.1,46.9,30.2,14.8,18.2,16.7,15.4,14.8
20260531,ライングッドマン,72.6,52.1,33.3,15.9,20.5,18.8,17.4,15.9
20260531,ホウオウフロイト,88.2,63.4,40.9,20.6,24.8,22.5,20.3,20.6
20260531,ポッドベイダー,56.4,40.9,26.8,13.7,15.5,14.1,13.1,13.7
20260531,ブルドッグドン,73.1,52.9,34.4,16.7,20.2,18.5,17.7,16.7
20260531,ポールセン,64.1,47.2,31.3,15.4,16.9,15.9,15.9,15.4
20260531,ヤマトスイフト,65.1,48.1,31.5,15.3,17.0,16.6,16.2,15.3
20260531,ミヤカグラ,69.8,51.7,33.4,16.6,18.1,18.3,16.8,16.6
20260531,ヴァルボナ,70.7,51.3,33.5,16.7,19.4,17.8,16.8,16.7
20260531,アラクラン,64.5,48.2,31.4,15.4,16.3,16.8,16.0,15.4
20260531,エコロガレル,70.3,51.0,33.6,16.6,19.3,17.4,17.0,16.6
20260531,サクラトップラック,69.7,52.2,34.4,17.5,17.5,17.8,16.9,17.5
20260531,クシェドゥソレイユ,70.4,52.0,34.3,17.2,18.4,17.7,17.1,17.2
20260531,アゴルディーノ,70.0,51.1,33.6,16.8,18.9,17.5,16.8,16.8
20260531,ディースプレマシー,68.4,51.0,33.9,17.4,17.4,17.1,16.5,17.4
20260531,リザードアイランド,102.4,73.5,46.9,22.5,28.9,26.6,24.4,22.5
20260531,ヨシウッドテール,67.0,50.0,33.4,17.0,17.0,16.6,16.4,17.0
20260531,カーニバルウェイ,68.8,51.0,33.8,17.3,17.8,17.2,16.5,17.3
20260531,プリンセスダーコ,66.5,49.6,33.0,16.8,16.9,16.6,16.2,16.8
20260531,ボールドハーテッド,55.7,40.5,26.6,13.1,15.2,13.9,13.5,13.1
20260531,イマジェリーナ,70.2,51.7,35.1,18.4,18.5,16.6,16.7,18.4
20260531,リネンタイリン,58.6,43.4,28.7,14.4,15.2,14.7,14.3,14.4
20260531,サザンウォリアー,63.0,47.4,31.7,15.8,15.6,15.7,15.9,15.8
20260531,ロココ,62.5,45.2,29.9,15.1,17.3,15.3,14.8,15.1
20260531,ラブマイティー,62.2,46.1,30.9,15.3,16.1,15.2,15.6,15.3
20260531,ドリーミングアップ,66.8,48.7,31.6,15.7,18.1,17.1,15.9,15.7
20260531,スチョウプリンセス,59.0,44.5,29.8,14.5,14.5,14.7,15.3,14.5
20260531,ワールドブレイヴ,60.8,44.9,30.0,14.9,15.9,14.9,15.1,14.9
20260531,イベリスアマラ,56.3,40.7,27.3,13.8,15.6,13.4,13.5,13.8
20260531,トキメキジニア,65.6,47.6,31.6,16.0,18.0,16.0,15.6,16.0
20260531,カキュウ,76.5,56.1,36.7,18.2,20.4,19.4,18.5,18.2
20260531,トワニ,59.5,43.7,27.8,13.2,15.8,15.9,14.6,13.2
20260531,ブラックナザレ,71.5,53.1,35.0,17.0,18.4,18.1,18.0,17.0
20260531,サードアイ,59.4,43.7,28.4,13.7,15.7,15.3,14.7,13.7
20260531,ブルージャイアント,69.7,50.8,32.7,16.1,18.9,18.1,16.6,16.1
20260531,ライヴマルガリータ,64.2,47.8,31.6,15.4,16.4,16.2,16.2,15.4
20260531,ロジシーザ,56.6,41.2,26.8,12.9,15.4,14.4,13.9,12.9
20260531,タイセイネクサス,58.3,42.3,27.8,14.0,16.0,14.5,13.8,14.0
20260531,ペリプルス,58.4,43.1,28.5,13.5,15.3,14.6,15.0,13.5
20260531,ブラックトルネード,58.4,43.3,28.2,14.1,15.1,15.1,14.1,14.1
20260531,ヴァールザーゲン,75.4,53.0,34.4,17.2,22.4,18.6,17.2,17.2
20260531,モンドシュピーゲル,73.2,53.8,35.2,17.4,19.4,18.6,17.8,17.4
20260531,ムチャスグラシアス,58.9,44.3,29.1,14.3,14.6,15.2,14.8,14.3
20260531,シックスペンス,61.9,45.7,29.4,14.3,16.2,16.3,15.1,14.3
20260531,ゴートゥーバラモン,73.1,55.3,37.1,19.0,17.8,18.2,18.1,19.0
20260531,ハピナスター,74.3,54.9,36.5,18.1,19.4,18.4,18.4,18.1
20260531,プリティーミズホ,62.5,47.9,32.6,16.5,14.6,15.3,16.1,16.5
20260531,シーギリヤロック,61.1,45.4,29.8,14.9,15.7,15.6,14.9,14.9
20260531,オーバーゼア,73.5,55.9,38.5,19.1,17.6,17.4,19.4,19.1
20260531,カップッチョ,72.3,53.5,35.2,17.2,18.8,18.3,18.0,17.2
20260531,クモヒトツナイ,57.1,40.0,25.6,12.5,17.1,14.4,13.1,12.5
20260531,マイネルアウルム,73.3,53.6,34.9,16.8,19.7,18.7,18.1,16.8
20260531,ファインブライト,73.3,53.9,35.1,17.7,19.4,18.8,17.4,17.7
20260531,キョウエイボニータ,67.9,50.2,33.2,16.7,17.7,17.0,16.5,16.7
20260531,ダノンファンスター,61.6,45.4,29.5,14.7,16.2,15.9,14.8,14.7
20260531,インザダーク,69.9,51.9,34.2,17.1,18.0,17.7,17.1,17.1
20260531,ポールセン,57.3,42.2,27.3,13.4,15.1,14.9,13.9,13.4
20260531,ヤマトスイフト,54.1,39.6,26.3,13.1,14.5,13.3,13.2,13.1
20260531,インナーパッション,57.1,42.2,27.3,13.3,14.9,14.9,14.0,13.3
20260531,ミヤカグラ,70.1,51.1,33.2,16.1,19.0,17.9,17.1,16.1
20260531,アラクラン,53.7,39.3,26.0,12.7,14.4,13.3,13.3,12.7
20260531,ディーヴァレギオン,56.8,42.1,27.0,13.2,14.7,15.1,13.8,13.2
20260531,メタルスピード,63.2,47.2,31.0,15.7,16.0,16.2,15.3,15.7
20260531,アースイオス,55.5,40.0,26.1,12.8,15.5,13.9,13.3,12.8
20260531,モルトマエストーソ,54.8,39.4,25.5,12.7,15.4,13.9,12.8,12.7
20260531,サンタアニタ,57.4,42.2,27.2,13.5,15.2,15.0,13.7,13.5
20260531,ディースプレマシー,68.6,51.2,33.3,16.3,17.4,17.9,17.0,16.3
20260531,ナクライト,55.8,40.5,26.3,12.5,15.3,14.2,13.8,12.5
20260531,シュヴァルツシルト,70.5,52.0,34.2,16.8,18.5,17.8,17.4,16.8
20260531,ドッグウッド,57.5,42.5,27.7,13.6,15.0,14.8,14.1,13.6
20260531,クラックアスマイル,69.3,51.2,33.6,16.4,18.1,17.6,17.2,16.4
20260531,クラオルグジェシダ,67.7,49.7,32.2,16.2,18.0,17.5,16.0,16.2
20260531,ノドゥス,56.8,41.9,26.9,13.2,14.9,15.0,13.7,13.2
20260531,アイデアルカット,63.1,46.3,30.5,15.3,16.8,15.8,15.2,15.3
20260531,クールストラッチン,67.6,49.2,32.9,16.5,18.4,16.3,16.4,16.5
20260531,ジュネストレイル,58.6,42.9,27.9,13.8,15.7,15.0,14.1,13.8
20260531,リアライズグロリア,63.2,47.0,30.4,14.9,16.2,16.6,15.5,14.9
20260531,ビップヴィーナス,68.3,50.0,33.0,16.1,18.3,17.0,16.9,16.1
20260531,サツキレジーナ,63.6,47.4,31.3,15.8,16.2,16.1,15.5,15.8
20260531,サツキジュエル,63.6,46.8,30.4,15.0,16.8,16.4,15.4,15.0
20260531,ナムラドガ,64.0,47.3,30.8,15.2,16.7,16.5,15.6,15.2
20260531,プリンセスダーコ,65.0,47.8,31.1,15.8,17.2,16.7,15.3,15.8
20260531,ダノンマスタング,64.0,46.2,29.8,14.7,17.8,16.4,15.1,14.7
20260531,ブライトマン,66.4,49.6,32.6,15.9,16.8,17.0,16.7,15.9
20260531,ヴァルキリーバース,60.6,43.8,28.5,14.3,16.8,15.3,14.2,14.3
20260531,コックオーヴァン,67.0,48.6,31.1,14.6,18.4,17.5,16.5,14.6
20260531,モーニングマジック,66.3,47.6,30.9,15.1,18.7,16.7,15.8,15.1
20260531,コパノエビータ,56.4,41.9,27.3,13.6,14.5,14.6,13.7,13.6
20260531,ツインピークス,62.2,44.6,29.3,14.7,17.6,15.3,14.6,14.7
20260531,マクリール,56.2,41.3,27.1,13.3,14.9,14.2,13.8,13.3
20260531,ジョワリヴレ,64.9,47.2,31.5,16.1,17.7,15.7,15.4,16.1
20260531,レーベンスティール,52.2,38.5,25.7,12.9,13.7,12.8,12.8,12.9
20260531,ミスエル,65.7,48.6,31.6,15.6,17.1,17.0,16.0,15.6
20260531,エルアン,59.9,43.7,28.9,14.3,16.2,14.8,14.6,14.3
20260531,リアライズタキオン,68.0,50.4,33.2,16.4,17.6,17.2,16.8,16.4
20260531,ノルトハウゼン,66.0,48.4,31.4,15.4,17.6,17.0,16.0,15.4
20260531,トーセンマスラオ,66.1,48.2,31.0,15.4,17.9,17.2,15.6,15.4
20260531,クラウンフリード,62.4,44.5,28.8,14.3,17.9,15.7,14.5,14.3
20260531,ラーナローザ,62.1,43.0,26.8,12.8,19.1,16.2,14.0,12.8
20260531,デルマハルナ,61.0,45.9,30.8,15.4,15.1,15.1,15.4,15.4
20260531,モンドシュピーゲル,63.5,46.3,30.0,14.9,17.2,16.3,15.1,14.9
20260531,サノノベリー,64.2,45.9,30.5,15.7,18.3,15.4,14.8,15.7
20260531,ラピッドテソーロ,61.6,42.5,26.4,12.6,19.1,16.1,13.8,12.6
20260531,リリカルフレア,61.7,42.6,26.5,12.7,19.1,16.1,13.8,12.7
20260531,ﾘﾘｰｱﾒﾘｶの24,63.1,45.3,29.6,14.7,17.8,15.7,14.9,14.7
20260531,コブラ,64.9,47.4,30.7,15.0,17.5,16.7,15.7,15.0
20260531,トゥラッタッタ,72.2,53.6,35.5,17.9,18.6,18.1,17.6,17.9
20260531,ルクスジニア,54.3,39.3,25.5,12.5,15.0,13.8,13.0,12.5
20260531,ジェイエルキャリア,54.5,39.5,25.6,12.5,15.0,13.9,13.1,12.5
20260531,エコロテラ,70.2,51.5,33.6,16.8,18.7,17.9,16.8,16.8
20260531,サパテアール,65.2,48.8,32.4,16.2,16.4,16.4,16.2,16.2
20260531,ペプチドドリーム,56.0,41.4,27.3,13.4,14.6,14.1,13.9,13.4
20260531,アジーザム,55.9,40.9,26.9,13.3,15.0,14.0,13.6,13.3
20260531,タイセイジェンマ,56.5,41.7,27.6,13.5,14.8,14.1,14.1,13.5
20260531,ブライトシーン,56.8,41.9,27.7,13.7,14.9,14.2,14.0,13.7
20260531,パッカパッカブー,57.7,41.5,26.5,12.8,16.2,15.0,13.7,12.8
20260531,タイドグラフ,66.1,48.6,32.2,16.4,17.5,16.4,15.8,16.4
20260531,ホットゥトロット,57.7,42.0,26.9,13.2,15.7,15.1,13.7,13.2
20260531,サイコウダネ,76.2,55.6,36.6,18.4,20.6,19.0,18.2,18.4
20260531,ラムールデュヴォン,76.1,55.7,36.1,17.2,20.4,19.6,18.9,17.2
20260531,ダノンファンスター,57.2,42.3,27.6,13.7,14.9,14.7,13.9,13.7
20260531,リケアチャチャチャ,78.0,57.5,38.2,19.0,20.5,19.3,19.2,19.0
20260531,ティアラスピリット,77.5,57.3,38.0,19.4,20.2,19.3,18.6,19.4
20260531,ズイウンゴサイ,65.4,49.3,32.5,15.7,16.1,16.8,16.8,15.7
20260531,シュヴァルツシルト,69.0,50.7,33.6,16.6,18.3,17.1,17.0,16.6
20260531,ダノンマスタング,56.0,40.8,27.2,13.4,15.2,13.6,13.8,13.4
20260531,クールストラッチン,70.7,51.8,33.7,16.4,18.9,18.1,17.3,16.4
20260531,ヴァルキリーバース,58.0,42.1,27.4,13.7,15.9,14.7,13.7,13.7
20260531,イケイケドンドン,69.7,49.8,31.6,15.3,19.9,18.2,16.3,15.3
20260531,エターナルホープ,66.2,48.6,31.6,16.2,17.6,17.0,15.4,16.2
20260531,レヴェランジェ,64.5,46.7,30.4,14.5,17.8,16.3,15.9,14.5
20260531,ソウカイファミリア,67.7,50.5,33.6,16.7,17.2,16.9,16.9,16.7
20260531,ブリングライト,69.7,52.8,35.3,17.8,16.9,17.5,17.5,17.8
20260531,ジーティーストーム,69.6,53.4,36.0,18.5,16.2,17.4,17.5,18.5
20260531,ポッドベル,58.3,43.2,28.0,13.1,15.1,15.2,14.9,13.1
20260531,アグネスブリッツ,57.5,42.2,27.8,12.7,15.3,14.4,15.1,12.7
20260531,ビタミンドロップ,103.2,72.9,46.9,23.2,30.3,26.0,23.7,23.2
20260531,ハリペオ,64.0,48.3,33.1,17.3,15.7,15.2,15.8,17.3
20260531,ニューロファイター,55.0,40.1,26.3,12.5,14.9,13.8,13.8,12.5
20260531,ラブデウザ,61.2,45.8,30.2,14.3,15.4,15.6,15.9,14.3
20260531,ホウオウガイア,55.1,40.2,26.4,12.6,14.9,13.8,13.8,12.6
20260531,ヴィクトリーマンボ,57.6,42.5,27.9,13.3,15.1,14.6,14.6,13.3
20260531,ビンバラ,57.8,42.6,27.5,13.2,15.2,15.1,14.3,13.2
20260531,ロンギングフォユー,56.7,41.6,26.0,12.5,15.1,15.6,13.5,12.5
20260531,ダノンプレサージュ,57.2,42.1,27.2,13.1,15.1,14.9,14.1,13.1
20260531,チャックネイト,57.8,42.2,26.9,13.1,15.6,15.3,13.8,13.1
20260531,サイルーン,56.1,40.6,26.0,12.9,15.5,14.6,13.1,12.9
20260531,ダノンエアズロック,58.4,42.3,27.1,13.3,16.1,15.2,13.8,13.3
20260531,ジューングレイス,58.1,42.5,27.4,13.7,15.6,15.1,13.7,13.7
20260531,タヤスロレンヌ,65.8,49.7,33.5,17.1,16.1,16.2,16.4,17.1
20260531,ゴールドビリーヴ,69.4,51.7,33.4,16.5,17.7,18.3,16.9,16.5
20260531,ビタミンドロップ,55.5,40.7,26.2,12.8,14.8,14.5,13.4,12.8
20260531,エコロシード,58.5,42.3,27.0,13.4,16.2,15.3,13.6,13.4
20260531,フェスティヴビーム,65.0,47.8,31.4,15.6,17.2,16.4,15.8,15.6
20260531,ヴィクトリーロード,69.6,50.7,32.7,16.4,18.9,18.0,16.3,16.4
20260531,ピンキープロミス,66.9,49.3,31.6,15.5,17.6,17.7,16.1,15.5
20260531,ワレモコウ,61.8,45.3,29.6,14.0,16.5,15.7,15.6,14.0
20260531,ホーフアイゼン,61.8,45.3,29.6,14.1,16.5,15.7,15.5,14.1
20260531,アドミ,65.8,49.4,32.9,16.4,16.4,16.5,16.5,16.4
20260531,カドドゥディエ,65.0,47.5,31.3,15.8,17.5,16.2,15.5,15.8
20260531,リオダプラタ,65.8,48.4,32.1,16.1,17.4,16.3,16.0,16.1
20260531,クールフィデル,55.9,41.0,27.1,13.7,14.9,13.9,13.4,13.7
20260531,アジュアカレンツ,65.6,48.1,31.7,15.8,17.5,16.4,15.9,15.8
20260531,ゴシックレイラ,69.0,51.4,33.8,16.9,17.6,17.6,16.9,16.9
20260531,ギンケイ,58.0,42.2,27.2,13.5,15.8,15.0,13.7,13.5
20260531,ヒズストーリー,61.1,45.6,30.7,15.2,15.5,14.9,15.5,15.2
20260531,テイクユアタイム,61.8,46.1,31.1,15.4,15.7,15.0,15.7,15.4
20260531,ルークスイテルム,62.1,46.4,31.2,15.5,15.7,15.2,15.7,15.5
20260531,ディアファザー,58.0,42.2,27.3,13.4,15.8,14.9,13.9,13.4
20260531,カツノテンス,69.1,51.3,33.8,16.9,17.8,17.5,16.9,16.9
20260531,メリディアンスター,64.3,47.2,31.0,15.3,17.1,16.2,15.7,15.3
20260531,パーティーガール,73.7,53.9,35.3,18.0,19.8,18.6,17.3,18.0
20260531,トーセンリョウ,65.1,47.7,31.0,15.4,17.4,16.7,15.6,15.4
20260531,ヘニーガイスト,67.5,49.6,32.2,16.3,17.9,17.4,15.9,16.3
20260531,フロリメル,69.0,51.5,33.6,16.5,17.5,17.9,17.1,16.5
20260531,ニシノオールワン,67.1,50.4,32.7,16.1,16.7,17.7,16.6,16.1
20260531,トーセンアミューズ,67.1,49.5,32.2,16.2,17.6,17.3,16.0,16.2
20260531,ボスヒッツ,67.8,50.0,32.8,16.5,17.8,17.2,16.3,16.5
20260531,レッドマウロア,67.8,50.1,32.8,16.6,17.7,17.3,16.2,16.6
20260531,アドマイヤミラ,67.5,50.8,33.2,16.7,16.7,17.6,16.5,16.7
20260531,コスモキュランダ,54.4,39.6,25.7,12.8,14.8,13.9,12.9,12.8
20260531,アヴァランチ,55.2,40.5,26.1,13.1,14.7,14.4,13.0,13.1
20260531,マジッククッキー,55.6,40.8,26.7,13.0,14.8,14.1,13.7,13.0
20260531,ミアルーチェ,55.8,40.7,26.6,13.3,15.1,14.1,13.3,13.3
20260531,ラキアーヴェ,56.6,41.0,27.0,13.0,15.6,14.0,14.0,13.0
20260531,ミリオンヴォイス,60.9,45.0,30.0,15.2,15.9,15.0,14.8,15.2
20260531,ショウナンアビアス,56.4,38.3,25.1,12.3,18.1,13.2,12.8,12.3
20260531,リアライズオーラム,55.6,40.7,25.6,12.6,14.9,15.1,13.0,12.6
20260531,ルナーファントム,56.1,41.0,26.0,12.6,15.1,15.0,13.4,12.6
20260531,ファリーザ,61.2,45.1,29.0,13.8,16.1,16.1,15.2,13.8
20260531,モンドデラモーレ,61.1,43.8,28.2,13.6,17.3,15.6,14.6,13.6
20260531,ロミオ,55.6,40.4,25.8,12.8,15.2,14.6,13.0,12.8
20260531,ジャスフォール,56.1,40.7,26.0,12.7,15.4,14.7,13.3,12.7
20260531,ロゼル,65.8,47.7,30.9,15.1,18.1,16.8,15.8,15.1
20260531,ジェッディンデデン,56.6,41.2,26.4,12.9,15.4,14.8,13.5,12.9
20260531,ビリキナータ,71.9,52.1,34.1,17.0,19.8,18.0,17.1,17.0
20260531,シーズザチャンス,56.5,41.5,27.3,13.6,15.0,14.2,13.7,13.6
20260531,リーデレクオーレ,59.6,43.3,28.2,14.0,16.3,15.1,14.2,14.0
20260531,レオホー,63.5,47.0,30.9,15.4,16.5,16.1,15.5,15.4
20260531,リングスター,64.5,47.4,31.4,15.7,17.1,16.0,15.7,15.7
20260531,コウユーネロガ,72.1,52.9,34.9,17.5,19.2,18.0,17.4,17.5
20260531,エクスプレスナイト,70.1,51.6,34.4,17.5,18.5,17.2,16.9,17.5
20260531,ミルトメロディー,64.6,48.3,31.4,15.4,16.3,16.9,16.0,15.4
20260531,ミスターマーボー,65.5,48.4,32.3,16.6,17.1,16.1,15.7,16.6
20260531,ペルラビアンカ,62.2,46.6,30.3,14.8,15.6,16.3,15.5,14.8
20260531,エンセリオ,61.0,44.9,29.8,14.5,16.1,15.1,15.3,14.5
20260531,ファナティカル,56.9,42.0,27.3,13.2,14.9,14.7,14.1,13.2
20260531,スミレファースト,68.8,50.8,33.4,16.5,18.0,17.4,16.9,16.5
20260531,タイセイエキサイト,66.6,49.7,32.9,16.4,16.9,16.8,16.5,16.4
20260531,ウルウノマーズ,69.6,52.6,34.8,17.5,17.0,17.8,17.3,17.5
20260531,コパノストーム,72.7,53.6,35.2,17.4,19.1,18.4,17.8,17.4
20260531,セイウンハーデス,53.1,38.6,24.9,12.2,14.5,13.7,12.7,12.2
20260531,バッデレイト,55.5,39.7,25.6,12.7,15.8,14.1,12.9,12.7
20260531,パンジャタワー,53.5,38.7,25.0,12.3,14.8,13.7,12.7,12.3
20260531,ガウディ,54.9,39.1,25.1,12.6,15.8,14.0,12.5,12.6
20260531,ゴルデールスカー,60.1,43.2,27.7,13.1,16.9,15.5,14.6,13.1
20260531,フリームファクシ,55.6,39.0,24.9,12.0,16.6,14.1,12.9,12.0
20260531,レイワサンサン,65.8,47.3,30.2,14.5,18.5,17.1,15.7,14.5
20260531,ベルメサイア,64.2,47.0,31.2,15.5,17.2,15.8,15.7,15.5
20260531,フェリーニ,56.6,41.2,26.5,13.1,15.4,14.7,13.4,13.1
20260531,アサクサグレース,60.9,44.3,29.2,14.4,16.6,15.1,14.8,14.4
20260531,ジャスパーノベル,55.9,39.4,25.4,12.6,16.5,14.0,12.8,12.6
20260531,ガウラディスコ,57.7,41.6,27.5,14.1,16.1,14.1,13.4,14.1
20260531,トラカイキャッスル,64.1,46.7,30.9,15.8,17.4,15.8,15.1,15.8
20260531,マーゴットデイズ,56.8,40.7,26.4,13.0,16.1,14.3,13.4,13.0
20260531,グランドオーパス,55.7,40.3,26.4,13.2,15.4,13.9,13.2,13.2
20260531,キタノファーンヒル,61.0,44.3,29.1,14.5,16.7,15.2,14.6,14.5
20260531,キトゥンズラスター,56.0,40.4,26.8,13.6,15.6,13.6,13.2,13.6
20260531,リヒトミューレ,56.5,41.4,25.8,12.1,15.1,15.6,13.7,12.1
20260531,ジャスパーブレイズ,52.3,37.8,24.1,12.0,14.5,13.7,12.1,12.0
20260531,ジャスパーレオン,53.6,39.4,25.4,12.4,14.2,14.0,13.0,12.4
20260531,カッタッパ,56.2,41.3,26.8,13.2,14.9,14.5,13.6,13.2
20260531,エルダークローネ,57.3,41.0,26.1,12.5,16.3,14.9,13.6,12.5
20260531,アークレオン,61.4,43.0,26.4,12.4,18.4,16.6,14.0,12.4
20260531,ジーティーアツモリ,56.0,40.6,26.7,13.2,15.4,13.9,13.5,13.2
20260531,ダノンキューブ,55.8,40.6,26.8,13.2,15.2,13.8,13.6,13.2
20260531,ハイウェイワン,66.1,48.2,31.0,15.6,17.9,17.2,15.4,15.6
20260531,ニクスルーナ,56.7,40.7,26.6,13.4,16.0,14.1,13.2,13.4
20260531,ガイアフォース,58.2,42.1,27.2,13.3,16.1,14.9,13.9,13.3
20260531,スマートフォルス,56.0,40.1,25.2,12.7,15.9,14.9,12.5,12.7
20260531,タッチャブル,64.2,47.5,31.7,15.7,16.7,15.8,16.0,15.7
20260531,キャピタルサックス,56.4,40.6,26.6,13.1,15.8,14.0,13.5,13.1
20260531,オフトレイル,57.1,40.6,25.8,12.7,16.5,14.8,13.1,12.7
20260531,キュクロープス,60.6,43.8,28.1,13.8,16.8,15.7,14.3,13.8
20260531,グランドプラージュ,58.7,42.9,28.0,13.5,15.8,14.9,14.5,13.5
20260531,ニューオーリンズ,57.1,41.4,27.2,13.5,15.7,14.2,13.7,13.5
20260531,ファムエレガンテ,59.8,43.3,28.2,13.6,16.5,15.1,14.6,13.6
20260531,マヤノイマジン,60.5,43.7,29.1,13.9,16.8,14.6,15.2,13.9
20260531,インディクイーン,66.9,48.4,32.2,15.8,18.5,16.2,16.4,15.8
20260531,カフジエメンタール,57.2,41.9,27.3,13.3,15.3,14.6,14.0,13.3
20260531,フウセン,57.7,42.3,27.3,13.8,15.4,15.0,13.5,13.8
20260531,ルージュアイラ,57.9,42.5,27.9,13.3,15.4,14.6,14.6,13.3
20260531,ピカキウイ,58.9,41.9,26.7,12.6,17.0,15.2,14.1,12.6
20260531,ココプレミア,64.4,47.5,31.5,15.7,16.9,16.0,15.8,15.7
20260531,コティノス,55.4,40.3,25.7,12.5,15.1,14.6,13.2,12.5
20260531,アトリ,53.7,39.6,25.9,12.7,14.1,13.7,13.2,12.7
20260531,ヴィンテール,61.8,44.2,27.7,13.1,17.6,16.5,14.6,13.1
20260531,リベッチオ,58.1,41.9,27.0,13.3,16.2,14.9,13.7,13.3
20260531,ディアーモルタル,56.9,40.5,25.8,12.1,16.4,14.7,13.7,12.1
20260531,カンフージョン,56.6,40.5,26.3,12.8,16.1,14.2,13.5,12.8
20260531,カフラー,58.3,42.5,27.7,13.6,15.8,14.8,14.1,13.6
20260531,アテンド,59.8,42.8,27.9,13.3,17.0,14.9,14.6,13.3
20260531,テラメリタ,58.4,41.3,26.5,13.2,17.1,14.8,13.3,13.2
20260531,ブエナオンダ,63.6,45.4,29.5,14.3,18.2,15.9,15.2,14.3
20260531,ファウストラーゼン,57.8,41.1,26.7,13.5,16.7,14.4,13.2,13.5
20260531,ショウナンバルドル,65.3,48.0,31.3,15.8,17.3,16.7,15.5,15.8
20260531,ジェゼロ,65.4,45.8,29.7,15.3,19.6,16.1,14.4,15.3
20260531,ジョイエッロ,66.9,47.6,31.2,15.6,19.3,16.4,15.6,15.6
20260531,アンビアンス,70.8,50.7,33.3,16.3,20.1,17.4,17.0,16.3
20260531,ゴールデンクラウド,70.7,51.7,34.1,16.9,19.0,17.6,17.2,16.9
20260531,ハピネスサンライズ,58.9,42.6,27.8,13.7,16.3,14.8,14.1,13.7
20260531,グランブリーゼ,68.9,50.4,32.1,15.8,18.5,18.3,16.3,15.8
20260531,グランセンチュリ,65.2,47.7,31.5,15.8,17.5,16.2,15.7,15.8
20260531,ペンダント,59.6,40.8,25.3,12.6,18.8,15.5,12.7,12.6
20260531,ファイナルコマンド,54.4,39.2,25.5,12.8,15.2,13.7,12.7,12.8
20260531,アンガーザガール,54.7,38.6,24.9,11.9,16.1,13.7,13.0,11.9
20260531,アスクコモンタレヴ,59.7,41.6,26.2,12.5,18.1,15.4,13.7,12.5
20260531,ハイビッグゴールド,54.0,38.8,25.2,12.5,15.2,13.6,12.7,12.5
20260531,インフィオラータ,67.8,49.3,32.0,15.6,18.5,17.3,16.4,15.6
20260531,リアライズグリント,58.0,42.2,27.5,13.4,15.8,14.7,14.1,13.4
20260531,タガノラヴズワン,62.8,45.3,29.4,14.1,17.5,15.9,15.3,14.1
20260531,スズカローズキング,55.6,40.4,26.3,13.0,15.2,14.1,13.3,13.0
20260531,メイショウルーク,58.2,41.5,27.0,13.1,16.7,14.5,13.9,13.1
20260531,ランダムナンバー,59.0,42.7,28.1,13.9,16.3,14.6,14.2,13.9
20260531,ハロナ,62.0,45.5,29.0,14.1,16.5,16.5,14.9,14.1
20260531,フランヴィア,70.5,51.3,33.8,16.6,19.2,17.5,17.2,16.6
20260531,フォルトナレガーロ,70.4,51.3,33.2,16.0,19.1,18.1,17.2,16.0
20260531,ヨドノゴールド,72.7,53.8,36.5,17.6,18.9,17.3,18.9,17.6
20260531,ピースオブザライフ,59.6,43.8,28.9,14.5,15.8,14.9,14.4,14.5
20260531,ニホンピロゴルディ,71.5,52.8,35.0,17.2,18.7,17.8,17.8,17.2
20260531,ダノンデサイル,54.5,39.5,25.7,12.9,15.0,13.8,12.8,12.9
20260531,カエルム,55.9,41.3,26.8,13.3,14.6,14.5,13.5,13.3
20260531,ダノンフェルゼン,68.0,49.4,32.6,16.1,18.6,16.8,16.5,16.1
20260531,スパルタンエックス,67.6,49.0,32.6,15.9,18.6,16.4,16.7,15.9
20260531,ロードファイター,69.7,51.2,34.3,16.2,18.5,16.9,18.1,16.2
20260531,ヨカオウ,62.3,45.0,30.2,15.2,17.3,14.8,15.0,15.2
20260531,マーゴットデウス,57.6,41.9,27.8,14.0,15.7,14.1,13.8,14.0
20260531,ニミッツハイウェイ,59.4,41.5,26.1,12.6,17.9,15.4,13.5,12.6
20260531,ティアーズクィーン,62.5,44.5,29.1,14.3,18.0,15.4,14.8,14.3
20260531,リュネヴィル,57.4,40.2,25.2,12.0,17.2,15.0,13.2,12.0
20260531,エイシンウィスパー,55.5,40.1,26.4,13.4,15.4,13.7,13.0,13.4
20260531,グラマラス,55.0,40.0,25.9,12.7,15.0,14.1,13.2,12.7
20260531,スカイストライプス,66.9,49.2,31.9,15.3,17.7,17.3,16.6,15.3
20260531,ココフルール,67.0,49.4,33.0,16.5,17.6,16.4,16.5,16.5
20260531,アスクコンナモンダ,54.0,38.1,24.1,11.9,15.9,14.0,12.2,11.9
20260531,サリュエ,69.9,50.6,32.5,16.1,19.3,18.1,16.4,16.1
20260531,クインズシャウラ,69.5,51.0,32.7,15.7,18.5,18.3,17.0,15.7
20260531,モズナナスター,67.8,50.0,33.5,16.6,17.8,16.5,16.9,16.6
20260531,ファイティンアスク,58.1,42.5,27.6,13.5,15.6,14.9,14.1,13.5
20260531,グランフィエルテ,74.7,54.2,35.3,17.2,20.5,18.9,18.1,17.2
20260531,オンザムービー,59.7,44.7,29.7,14.6,15.0,15.0,15.1,14.6
20260531,ビナハイバン,69.6,51.6,34.2,16.8,18.0,17.4,17.4,16.8
20260531,サマーブリザード,73.8,52.7,33.7,16.7,21.1,19.0,17.0,16.7
20260531,テーオーナタリー,67.8,48.9,31.5,15.0,18.9,17.4,16.5,15.0
20260531,アウトリュコス,71.4,50.2,31.5,15.3,21.2,18.7,16.2,15.3
20260531,ペイシャマイデイズ,71.2,51.1,33.0,16.5,20.1,18.1,16.5,16.5
20260531,ウインガウェイン,74.4,53.3,33.9,16.1,21.1,19.4,17.8,16.1
20260531,ハギノサステナブル,77.6,56.8,37.5,18.5,20.8,19.3,19.0,18.5
20260531,トウカイエルデ,52.2,37.4,24.9,12.5,14.8,12.5,12.4,12.5
20260531,クインズショコラ,57.6,40.5,25.8,12.7,17.1,14.7,13.1,12.7
20260531,イリフィ,74.3,53.5,35.1,17.0,20.8,18.4,18.1,17.0
20260531,ロングホリデー,57.2,41.9,27.5,13.1,15.3,14.4,14.4,13.1
20260531,タイキルッジェーロ,74.9,54.9,36.1,17.5,20.0,18.8,18.6,17.5
20260531,ロールスワン,55.8,41.3,26.7,13.0,14.5,14.6,13.7,13.0
20260531,フレアオブセンス,73.7,53.1,34.6,16.4,20.6,18.5,18.2,16.4
20260531,セラサイト,54.1,39.7,25.7,12.2,14.4,14.0,13.5,12.2
20260531,ラジャブルック,75.4,55.7,37.1,18.3,19.7,18.6,18.8,18.3
20260531,レッドピアレス,54.9,40.4,25.8,12.2,14.5,14.6,13.6,12.2
20260531,カラクニダケ,58.8,43.3,28.4,14.4,15.5,14.9,14.0,14.4
20260531,レヴヴィ,62.0,44.1,29.0,14.5,17.9,15.1,14.5,14.5
20260531,ルーメンルーナエ,55.7,41.4,26.8,13.1,14.3,14.6,13.7,13.1
20260531,プリンキピッサ,72.5,51.1,32.2,16.7,21.4,18.9,15.5,16.7
20260531,ブラックドレス,62.9,45.1,29.2,14.3,17.8,15.9,14.9,14.3
20260531,メイショウヤーキス,68.0,49.6,32.3,15.7,18.4,17.3,16.6,15.7
20260531,キングツェッペリン,58.3,42.9,28.2,13.2,15.4,14.7,15.0,13.2
20260531,マダムイグレイン,57.0,39.7,24.3,11.9,17.3,15.4,12.4,11.9
20260531,メイショウタイピン,65.2,46.5,29.3,14.5,18.7,17.2,14.8,14.5
20260531,クリコファルコン,69.5,50.3,33.4,16.5,19.2,16.9,16.9,16.5
20260531,レーヴドリュヌ,57.1,40.8,26.2,12.8,16.3,14.6,13.4,12.8
20260531,ブラッドムーン,70.8,51.4,34.3,17.1,19.4,17.1,17.2,17.1
20260531,フレンズプラス,57.1,41.3,27.0,13.4,15.8,14.3,13.6,13.4
20260531,バンブラボー,66.9,48.8,31.8,15.8,18.1,17.0,16.0,15.8
20260531,ブルーザー,68.0,49.4,32.2,15.7,18.6,17.2,16.5,15.7
20260531,ダイナマイク,55.8,41.0,26.7,13.0,14.8,14.3,13.7,13.0
20260531,ピーコパーコ,64.6,45.8,29.2,14.1,18.8,16.6,15.1,14.1
20260531,タカモリ,58.9,43.4,28.5,14.2,15.5,14.9,14.3,14.2
20260531,テラステラ,57.7,41.7,27.3,13.4,16.0,14.4,13.9,13.4
20260531,ロカヒ,69.2,49.7,31.5,15.9,19.5,18.2,15.6,15.9
20260531,クリーンブーケ,61.6,42.3,26.9,13.3,19.3,15.4,13.6,13.3
20260531,マルベック,58.2,40.7,25.9,12.4,17.5,14.8,13.5,12.4
20260531,フィデリス,65.8,48.1,31.2,15.9,17.7,16.9,15.3,15.9
20260531,コニーアイランド,60.9,43.3,27.5,13.2,17.6,15.8,14.3,13.2
20260531,レゾルーティオ,58.7,42.8,27.5,13.4,15.9,15.3,14.1,13.4
20260531,ダノンヴェルサイユ,59.4,43.2,27.9,13.6,16.2,15.3,14.3,13.6
20260531,キャプテンシー,65.7,48.0,31.7,15.7,17.7,16.3,16.0,15.7
20260531,センリョウヤクシャ,60.0,44.3,29.2,15.0,15.7,15.1,14.2,15.0
20260531,プリンセスモコ,57.6,41.0,26.8,13.0,16.6,14.2,13.8,13.0
20260531,シンゼンノト,64.9,47.3,31.7,16.2,17.6,15.6,15.5,16.2
20260531,ヤマニンサンパ,89.8,64.5,41.9,20.6,25.3,22.6,21.3,20.6
20260531,アットアブラスト,59.4,42.0,26.8,13.0,17.4,15.2,13.8,13.0
20260531,クルゼイロドスル,57.3,41.2,26.8,13.2,16.1,14.4,13.6,13.2
20260531,ヴェロクオーレ,59.1,42.5,28.1,14.1,16.6,14.4,14.0,14.1
20260531,ラウダブル,53.6,38.4,25.1,12.5,15.2,13.3,12.6,12.5
20260531,メイショウアイル,56.0,40.2,25.3,12.2,15.8,14.9,13.1,12.2
20260531,カルプスペルシュ,58.2,42.1,26.3,12.2,16.1,15.8,14.1,12.2
20260531,ブレスドナイル,69.8,50.9,32.8,16.1,18.9,18.1,16.7,16.1
20260531,メイワメジェール,70.6,50.9,32.9,16.0,19.7,18.0,16.9,16.0
20260531,エースフライト,58.1,42.1,26.5,12.7,16.0,15.6,13.8,12.7
20260531,マーゴットバディ,58.9,42.8,26.8,12.3,16.1,16.0,14.5,12.3
20260531,コマチチャン,55.5,40.2,26.3,12.4,15.3,13.9,13.9,12.4
20260531,ダノンアズール,70.5,50.8,32.9,15.9,19.7,17.9,17.0,15.9
20260531,アンドヴェローナ,59.5,43.3,28.0,13.7,16.2,15.3,14.3,13.7
20260531,ヴィヴァン,59.2,41.8,27.9,13.7,17.4,13.9,14.2,13.7
20260531,ティニア,60.5,43.2,28.0,13.5,17.3,15.2,14.5,13.5
20260531,ハイディージェン,56.0,40.8,25.8,12.6,15.2,15.0,13.2,12.6
20260531,クルミナーレ,58.7,41.1,25.7,12.4,17.6,15.4,13.3,12.4
20260531,シュテルンビルト,55.9,40.1,26.0,12.9,15.8,14.1,13.1,12.9
20260531,エイユーファイヤー,54.9,40.3,25.7,12.5,14.6,14.6,13.2,12.5
20260531,オドラニャソンソン,57.0,41.0,26.6,13.4,16.0,14.4,13.2,13.4
20260531,スネーフリンガ,55.1,40.2,25.7,12.8,14.9,14.5,12.9,12.8
20260531,メディテラニアン,57.5,40.0,25.2,12.1,17.5,14.8,13.1,12.1
20260531,エイユーサクラ,59.6,43.1,27.7,13.7,16.5,15.4,14.0,13.7
20260531,マイバレンタイン,56.6,40.0,25.1,12.2,16.6,14.9,12.9,12.2
20260531,グランビスタ,58.4,42.3,27.4,13.4,16.1,14.9,14.0,13.4
20260531,サトノトリニティ,62.9,44.8,28.7,14.1,18.1,16.1,14.6,14.1
20260531,メイショウユズルハ,56.3,40.7,26.6,13.1,15.6,14.1,13.5,13.1
20260531,ケーヴァラ,68.2,49.9,32.8,16.3,18.3,17.1,16.5,16.3
20260531,セイフウサツキ,60.3,44.8,29.6,14.8,15.5,15.2,14.8,14.8
20260531,ファイアプレイス,56.7,40.2,25.4,12.3,16.5,14.8,13.1,12.3
20260531,ルージュシャラポワ,60.4,43.4,28.1,13.3,17.0,15.3,14.8,13.3
20260531,ケイアイクウガ,57.2,40.5,25.6,12.3,16.7,14.9,13.3,12.3
20260531,リサシテーション,55.9,40.4,26.2,12.2,15.5,14.2,14.0,12.2
20260531,クロスボーダー,60.0,43.0,27.8,13.5,17.0,15.2,14.3,13.5
20260531,ブラックブレット,68.2,50.3,33.5,16.6,17.9,16.8,16.9,16.6
20260531,ジュンヴァグネル,73.4,53.6,34.7,17.1,19.8,18.9,17.6,17.1
20260531,ミロワール,57.5,41.2,26.2,12.5,16.3,15.0,13.7,12.5
20260531,コスモストーム,57.7,41.8,27.1,13.3,15.9,14.7,13.8,13.3
20260531,ゴールデンカイト,58.3,43.2,28.5,14.0,15.1,14.7,14.5,14.0
20260531,ベルラフィネ,56.0,39.5,25.6,13.0,16.5,13.9,12.6,13.0
20260531,フルムーン,63.3,46.0,30.1,15.3,17.3,15.9,14.8,15.3
20260531,バロニアル,57.1,42.5,28.3,14.1,14.6,14.2,14.2,14.1
20260531,エコロゼルダ,56.9,41.4,27.1,13.4,15.5,14.3,13.7,13.4
20260531,ウルフ,56.5,41.5,27.4,13.6,15.0,14.1,13.8,13.6
20260531,メイショウタカネ,55.6,39.2,25.5,12.9,16.4,13.7,12.6,12.9
20260531,メイショウコシュウ,66.5,49.7,33.3,16.5,16.8,16.4,16.8,16.5
20260531,ジーティーメティオ,57.5,41.3,26.4,12.4,16.2,14.9,14.0,12.4
20260531,サリエンテ,58.6,42.9,27.7,13.8,15.7,15.2,13.9,13.8
20260531,パノラマステージ,55.0,40.1,26.2,12.7,14.9,13.9,13.5,12.7
20260531,レジェルテ,67.6,49.2,32.1,15.3,18.4,17.1,16.8,15.3
20260531,ポルトブルー,72.9,53.4,35.8,18.0,19.5,17.6,17.8,18.0
20260531,シックパラソル,60.0,44.8,30.3,15.1,15.2,14.5,15.2,15.1
20260531,カレンハウ,65.8,47.4,30.8,14.9,18.4,16.6,15.9,14.9
20260531,スピークロウ,74.2,53.7,35.3,17.7,20.5,18.4,17.6,17.7
20260531,ブラックミューズ,59.0,43.6,28.6,13.8,15.4,15.0,14.8,13.8
20260531,クリスレグナム,58.5,42.9,28.5,14.2,15.6,14.4,14.3,14.2
20260531,サイモンコーラル,54.5,39.1,25.5,12.8,15.4,13.6,12.7,12.8
20260531,ロードオールライト,55.4,39.8,26.0,12.9,15.6,13.8,13.1,12.9
20260531,ビーグラッド,73.9,52.2,33.8,17.0,21.7,18.4,16.8,17.0
20260531,アスクアイルビゼア,67.6,49.6,32.8,16.2,18.0,16.8,16.6,16.2
20260531,トウカイポワール,58.5,42.4,27.0,13.1,16.1,15.4,13.9,13.1
20260531,ヒルノドゴール,57.7,41.6,26.8,13.0,16.1,14.8,13.8,13.0
20260531,ゴールデンクラウド,57.1,42.0,27.4,13.4,15.1,14.6,14.0,13.4
20260531,サンライズロイ,66.5,48.7,31.9,15.8,17.8,16.8,16.1,15.8
20260531,ミッションルース,66.8,48.4,31.5,15.4,18.4,16.9,16.1,15.4
20260531,ポエットリー,61.8,44.3,28.0,13.7,17.5,16.3,14.3,13.7
20260531,ビザンチンドリーム,59.0,41.4,26.7,13.4,17.6,14.7,13.3,13.4
20260531,シンエンペラー,57.1,42.2,27.6,13.8,14.9,14.6,13.8,13.8
20260531,ヴリトラハン,72.1,53.4,35.7,17.2,18.7,17.7,18.5,17.2
20260531,レッドレベンディス,59.2,43.1,28.5,14.2,16.1,14.6,14.3,14.2
20260531,スマートエスコート,59.7,44.0,28.7,14.1,15.7,15.3,14.6,14.1
20260531,ケイアイトリノ,65.6,47.9,31.2,15.6,17.7,16.7,15.6,15.6
20260531,ユイパルティ,65.3,46.5,30.3,15.3,18.8,16.2,15.0,15.3
20260531,クロジシジョー,58.6,41.8,26.3,12.6,16.8,15.5,13.7,12.6
20260531,ラケマーダ,72.9,52.6,34.1,16.4,20.3,18.5,17.7,16.4
20260531,ブリオメンテ,73.2,53.8,35.4,17.5,19.4,18.4,17.9,17.5
20260531,キャットテイル,74.3,53.2,34.8,16.7,21.1,18.4,18.1,16.7
20260531,ワンダーアンレール,69.6,51.0,33.7,16.6,18.6,17.3,17.1,16.6
20260531,アイニードユー,67.9,49.1,32.5,16.4,18.8,16.6,16.1,16.4
20260531,スーパービジー,67.8,49.7,32.7,16.3,18.1,17.0,16.4,16.3
20260531,メイショウコマチ,70.7,52.0,34.5,17.1,18.7,17.5,17.4,17.1
20260531,ヴェネラブル,68.4,49.6,32.6,16.5,18.8,17.0,16.1,16.5
20260531,エンジェルボイス,67.5,48.8,32.1,15.8,18.7,16.7,16.3,15.8
20260531,ダノンステート,71.3,52.3,34.5,17.0,19.0,17.8,17.5,17.0
20260531,メイショウペルル,69.1,50.4,33.2,16.6,18.7,17.2,16.6,16.6
20260531,ルガル,60.3,43.3,27.7,13.5,17.0,15.6,14.2,13.5
20260531,ファミリータイム,56.6,41.0,26.7,13.1,15.6,14.3,13.6,13.1
20260531,アガシ,58.3,41.7,27.2,13.4,16.6,14.5,13.8,13.4
20260531,ワンダージェム,55.4,40.4,26.1,13.1,15.0,14.3,13.0,13.1
20260531,アミラル,69.7,51.7,34.0,16.6,18.0,17.7,17.4,16.6
20260531,ケンブリッジグレイ,58.3,42.3,27.7,13.7,16.0,14.6,14.0,13.7
20260531,マルモリスペシャル,56.3,40.5,26.4,13.0,15.8,14.1,13.4,13.0
20260531,カネコメファミリー,59.4,44.0,28.9,14.6,15.4,15.1,14.3,14.6
20260531,タマモフリージア,59.1,42.8,27.5,13.6,16.3,15.3,13.9,13.6
20260531,ロスニーニョス,61.4,45.1,29.6,14.2,16.3,15.5,15.4,14.2
20260531,カヴァティーナ,70.5,51.6,33.2,15.8,18.9,18.4,17.4,15.8
20260531,メイショウノヴァス,72.7,53.8,35.2,17.5,18.9,18.6,17.7,17.5
20260531,リアルジャパン,57.0,41.1,26.3,12.8,15.9,14.8,13.5,12.8
20260531,タイガーストリート,56.9,41.0,26.2,12.9,15.9,14.8,13.3,12.9
20260531,スズハローム,60.4,44.1,28.9,14.0,16.3,15.2,14.9,14.0
20260531,ハギノサステナブル,56.7,40.8,26.4,12.6,15.9,14.4,13.8,12.6
20260531,メイショウコナン,65.6,47.5,30.9,14.9,18.1,16.6,16.0,14.9
20260531,イリフィ,56.7,40.8,26.4,12.7,15.9,14.4,13.7,12.7
20260531,マウンテンバローズ,68.6,50.9,34.1,17.0,17.7,16.8,17.1,17.0
20260531,ラヴネヴァーダイズ,58.7,43.3,27.8,13.3,15.4,15.5,14.5,13.3
20260531,タイキルッジェーロ,57.8,41.3,26.5,12.7,16.5,14.8,13.8,12.7
20260531,ワイルドカグラ,65.1,47.8,31.4,15.4,17.3,16.4,16.0,15.4
20260531,コイバナ,57.8,40.7,25.4,12.1,17.1,15.3,13.3,12.1
20260531,エコロアビス,55.0,39.9,26.1,12.7,15.1,13.8,13.4,12.7
20260531,レッドパラジウム,71.5,52.6,34.7,17.1,18.9,17.9,17.6,17.1
20260531,トリーア,57.8,40.7,25.4,12.1,17.1,15.3,13.3,12.1
20260531,ジュンドラドラ,73.4,53.8,35.3,17.3,19.6,18.5,18.0,17.3
20260531,ハッピーローヴァー,57.9,41.1,25.7,12.2,16.8,15.4,13.5,12.2
20260531,フレアオブセンス,57.7,41.0,26.2,12.8,16.7,14.8,13.4,12.8
20260531,ラジャブルック,57.6,41.1,26.3,12.6,16.5,14.8,13.7,12.6
20260531,ヤマトクオーレ,69.0,50.3,33.0,16.7,18.7,17.3,16.3,16.7
20260531,ヤマトデュノール,70.3,52.3,35.3,18.0,18.0,17.0,17.3,18.0
20260531,プリンキピッサ,57.8,41.2,26.3,12.8,16.6,14.9,13.5,12.8
20260531,シュガークン,81.7,59.5,38.5,18.7,22.2,21.0,19.8,18.7
20260531,ブリーズオンチーク,62.4,44.7,27.9,13.2,17.7,16.8,14.7,13.2
20260531,カンシン,58.1,42.1,27.3,13.4,16.0,14.8,13.9,13.4
20260531,ブルーミングローズ,68.1,48.6,31.4,15.5,19.5,17.2,15.9,15.5
20260531,カセノコンコルド,69.3,50.1,33.0,16.1,19.2,17.1,16.9,16.1
20260531,マーゴットミスト,70.2,52.6,34.6,16.4,17.6,18.0,18.2,16.4
20260531,ハギノデュア,60.7,43.8,28.1,13.4,16.9,15.7,14.7,13.4
20260531,ウルトラハート,68.7,51.6,34.7,17.6,17.1,16.9,17.1,17.6
20260531,ローレルアイビー,57.5,42.2,27.2,13.0,15.3,15.0,14.2,13.0
20260531,リアンマカ,57.6,42.7,27.5,12.9,14.9,15.2,14.6,12.9
20260531,レイデアルマス,56.7,41.1,26.6,12.9,15.6,14.5,13.7,12.9
20260531,マリオロード,56.8,40.8,26.9,13.5,16.0,13.9,13.4,13.5
20260531,ジュウオウ,64.1,47.4,31.6,15.8,16.7,15.8,15.8,15.8
20260531,スレッドザニードル,60.2,43.1,27.5,13.2,17.1,15.6,14.3,13.2
20260531,ウイントワイライト,60.1,44.5,29.0,14.4,15.6,15.5,14.6,14.4
20260531,タガノバビロン,58.7,41.7,27.0,13.0,17.0,14.7,14.0,13.0
20260531,リピ,59.1,43.1,27.1,12.9,16.0,16.0,14.2,12.9
20260531,ワイドシャッフエン,67.7,48.2,31.1,15.1,19.5,17.1,16.0,15.1
20260531,レウコテア,60.0,44.4,29.7,14.7,15.6,14.7,15.0,14.7
20260531,チョウスター,66.6,47.9,32.0,16.0,18.7,15.9,16.0,16.0
20260531,カナタコナタ,57.5,41.6,26.8,13.2,15.9,14.8,13.6,13.2
20260531,ジュディーイメル,66.9,48.5,31.3,14.8,18.4,17.2,16.5,14.8
20260531,カツダルマ,67.2,47.8,31.6,15.4,19.4,16.2,16.2,15.4
20260531,ワーズワース,60.4,44.0,28.5,14.1,16.4,15.5,14.4,14.1
20260531,ナムラブーニン,71.1,50.9,32.6,16.0,20.2,18.3,16.6,16.0
20260531,ライラックデューン,60.5,43.9,28.7,13.8,16.6,15.2,14.9,13.8
20260531,ウインリベラシオン,61.3,44.5,29.0,14.3,16.8,15.5,14.7,14.3
20260531,スリーケイ,57.2,42.1,27.1,13.2,15.1,15.0,13.9,13.2
20260531,ミヤノラングリー,57.6,42.3,28.0,13.9,15.3,14.3,14.1,13.9
20260531,ファントムグレース,70.5,52.2,34.3,16.6,18.3,17.9,17.7,16.6
20260531,シュネードリーム,59.0,42.9,27.7,13.5,16.1,15.2,14.2,13.5
20260531,ラパンドール,61.4,42.3,26.3,12.7,19.1,16.0,13.6,12.7
20260531,オンザ,60.3,44.5,28.8,14.2,15.8,15.7,14.6,14.2
20260531,メイショウヴィータ,60.6,44.2,28.9,14.0,16.4,15.3,14.9,14.0
20260531,メイショウノゾミ,73.4,54.7,36.8,18.1,18.7,17.9,18.7,18.1
20260531,ルイスイメル,67.2,49.7,33.1,16.8,17.5,16.6,16.3,16.8
20260531,エイカイソウル,58.2,42.6,27.3,13.0,15.6,15.3,14.3,13.0
20260531,グロリアスグレイス,68.5,50.3,33.7,16.8,18.2,16.6,16.9,16.8
20260531,リオンプライム,60.4,44.5,29.3,14.7,15.9,15.2,14.6,14.7
20260531,アライブテーラー,66.8,48.3,31.1,15.1,18.5,17.2,16.0,15.1
20260531,ブラストオフ,68.5,50.6,33.7,16.8,17.9,16.9,16.9,16.8
20260531,ゼルダ,59.9,43.6,28.7,14.1,16.3,14.9,14.6,14.1
20260531,ウィスカーパッド,60.4,44.8,29.5,14.5,15.6,15.3,15.0,14.5
20260531,リリーサンダー,66.5,48.9,31.9,15.6,17.6,17.0,16.3,15.6
20260531,エバイダンス,60.7,44.0,28.8,14.1,16.7,15.2,14.7,14.1
20260531,テーオーグレーザー,68.8,50.2,32.7,16.4,18.6,17.5,16.3,16.4
20260531,ムソウテンセイ,58.4,42.4,27.7,14.1,16.0,14.7,13.6,14.1
20260531,スマートピナクル,72.3,53.2,34.7,17.4,19.1,18.5,17.3,17.4
20260531,ﾒｲｼｮｳﾗｯｼｭの24,73.9,54.8,36.4,17.6,19.1,18.4,18.8,17.6
20260531,オオキニ,67.8,50.1,33.1,16.1,17.7,17.0,17.0,16.1
20260531,スズカハービン,55.6,40.3,26.5,13.2,15.3,13.8,13.3,13.2
20260531,アスクガンバーレ,57.5,41.5,27.3,13.9,16.0,14.2,13.4,13.9
20260531,アスクヴォルテージ,56.3,40.1,25.3,12.6,16.2,14.8,12.7,12.6
20260531,エトワールブルー,70.4,49.3,31.6,15.9,21.1,17.7,15.7,15.9
20260531,リアルアルバ,66.2,48.6,32.5,15.9,17.6,16.1,16.6,15.9
20260531,ミリタリータトゥー,67.4,50.0,32.6,16.0,17.4,17.4,16.6,16.0
20260531,デルニエジョイ,66.0,48.1,31.8,15.7,17.9,16.3,16.1,15.7
20260531,メイショウハッケイ,55.8,40.8,26.4,12.9,15.0,14.4,13.5,12.9
20260531,ナリタエスペランサ,52.9,38.0,24.1,12.1,14.9,13.9,12.0,12.1
20260531,グレイトソン,70.8,51.2,33.6,16.7,19.6,17.6,16.9,16.7
20260531,ベルセクレト,73.0,54.4,37.1,18.7,18.6,17.3,18.4,18.7
20260531,バレエマスター,58.7,42.2,27.3,13.7,16.5,14.9,13.6,13.7
20260531,チムグクル,64.5,47.0,31.2,15.2,17.5,15.8,16.0,15.2
20260531,メッチャエエヤン,54.1,39.4,25.2,12.8,14.7,14.2,12.4,12.8
20260531,イニシオ,61.8,46.3,30.8,15.4,15.5,15.5,15.4,15.4
20260531,ルージュバロン,70.6,51.8,34.3,17.5,18.8,17.5,16.8,17.5
20260531,シェイクユアハート,59.0,42.8,27.5,13.5,16.2,15.3,14.0,13.5
20260531,シンドリームシン,64.9,46.6,30.1,14.7,18.3,16.5,15.4,14.7
20260531,ドゥラエテルノ,60.5,43.5,28.1,13.8,17.0,15.4,14.3,13.8
20260531,ペンテリコン,69.0,49.9,31.9,15.6,19.1,18.0,16.3,15.6
20260531,リラエンブレム,60.3,42.4,27.0,13.4,17.9,15.4,13.6,13.4
20260531,プレゼンティーア,55.5,40.0,25.6,12.2,15.5,14.4,13.4,12.2
20260531,パヴィーア,55.6,40.2,25.7,12.3,15.4,14.5,13.4,12.3
20260531,ヤマニンサンパ,57.1,41.2,25.3,12.2,15.9,15.9,13.1,12.2
20260531,カテリーナ,56.3,41.3,27.0,12.9,15.0,14.3,14.1,12.9
20260531,ラップトップ,60.4,43.5,28.1,13.5,16.9,15.4,14.6,13.5
20260531,ダンデノン,56.8,41.6,26.6,12.7,15.2,15.0,13.9,12.7
20260531,ヒロノラメール,55.5,40.0,25.7,12.4,15.5,14.3,13.3,12.4
20260531,スマイリングスカイ,59.4,44.2,30.5,16.3,15.2,13.7,14.2,16.3
20260531,オーケーエレガンス,60.9,45.1,29.1,14.7,15.8,16.0,14.4,14.7
20260531,ブルークレスト,55.3,39.4,25.7,12.6,15.9,13.7,13.1,12.6
20260531,ボーントゥウォリア,59.6,44.1,29.0,14.4,15.5,15.1,14.6,14.4
20260531,ジーティーピカソ,54.8,38.6,25.0,12.0,16.2,13.6,13.0,12.0
20260531,リネアベルタ,59.7,42.6,27.2,13.4,17.1,15.4,13.8,13.4
20260531,エグジスタンス,59.4,44.1,29.0,14.3,15.3,15.1,14.7,14.3
20260531,シャンジュマン,61.1,45.6,29.7,15.2,15.5,15.9,14.5,15.2
20260531,サウンドヴィヴァン,76.8,56.2,37.3,18.4,20.6,18.9,18.9,18.4
20260531,タガノランパート,59.3,44.1,30.3,16.1,15.2,13.8,14.2,16.1
20260531,レッドブライトン,62.3,45.8,30.0,15.1,16.5,15.8,14.9,15.1
20260531,マンナット,76.7,56.5,37.4,18.7,20.2,19.1,18.7,18.7
20260531,シスキンブルーム,77.0,56.6,37.4,18.7,20.4,19.2,18.7,18.7
20260531,ダルマパワー,76.7,56.5,37.3,18.6,20.2,19.2,18.7,18.6
20260531,ワイドアラジン,65.9,48.0,31.1,15.5,17.9,16.9,15.6,15.5
20260531,マサノカナリア,53.1,37.9,24.7,12.4,15.2,13.2,12.3,12.4
20260531,セヴェンヌ,55.9,39.7,25.6,13.1,16.2,14.1,12.5,13.1
20260531,ウォーターブビンガ,58.3,42.2,28.4,14.1,16.1,13.8,14.3,14.1
20260531,ネッカーズルム,60.4,42.2,26.2,12.3,18.2,16.0,13.9,12.3
20260531,ラケマーダ,56.9,41.6,26.9,13.2,15.3,14.7,13.7,13.2
20260531,ブリオメンテ,56.5,41.1,26.7,13.0,15.4,14.4,13.7,13.0
20260531,コルレオニス,64.1,46.9,30.5,15.3,17.2,16.4,15.2,15.3
20260531,ユウェンタース,57.2,41.9,26.9,13.4,15.3,15.0,13.5,13.4
20260531,ウインラブソング,61.1,44.6,29.3,14.5,16.5,15.3,14.8,14.5
20260531,テーオーエリーナ,56.3,40.7,26.4,13.3,15.6,14.3,13.1,13.3
20260531,ショコラリーヴ,56.3,40.8,26.4,13.2,15.5,14.4,13.2,13.2
20260531,パウンドフォーワン,66.5,49.3,32.4,16.1,17.2,16.9,16.3,16.1
20260531,ロードマンハイム,53.8,38.8,25.3,12.4,15.0,13.5,12.9,12.4
20260531,エリカヴェローナ,54.3,39.0,25.3,12.4,15.3,13.7,12.9,12.4
20260531,サウスバンク,57.9,42.9,29.0,14.7,15.0,13.9,14.3,14.7
20260531,アドマイヤズーム,55.8,39.6,25.2,12.1,16.2,14.4,13.1,12.1
20260531,アメリカンコール,61.2,45.5,30.0,14.7,15.7,15.5,15.3,14.7
20260531,ホワイトフレイムス,53.3,38.6,24.8,12.1,14.7,13.8,12.7,12.1
20260531,ノーブルロジャー,67.7,48.4,31.3,15.0,19.3,17.1,16.3,15.0
20260531,トゥレネヴェリテ,53.4,39.2,25.5,12.7,14.2,13.7,12.8,12.7
20260531,マイカラー,63.0,46.5,30.4,15.0,16.5,16.1,15.4,15.0
20260531,ナルキッソス,66.5,47.6,30.7,15.0,18.9,16.9,15.7,15.0
20260531,ロードメガロポリス,58.5,42.7,28.2,13.9,15.8,14.5,14.3,13.9
20260531,メイケイリチャード,58.5,43.5,29.5,14.5,15.0,14.0,15.0,14.5
20260531,ルガルデ,58.7,43.8,29.1,14.5,14.9,14.7,14.6,14.5
20260531,ペイシャモノノフ,55.6,40.3,26.8,13.6,15.3,13.5,13.2,13.6
20260531,トールキン,56.6,39.5,25.8,13.0,17.1,13.7,12.8,13.0
20260531,ピースフルナイト,57.4,40.7,26.2,12.9,16.7,14.5,13.3,12.9
20260531,ザラタン,68.8,49.4,32.2,15.9,19.4,17.2,16.3,15.9
20260531,システマソラー,59.4,43.6,28.3,14.2,15.8,15.3,14.1,14.2
20260531,セキゾウ,55.7,40.4,26.5,13.0,15.3,13.9,13.5,13.0
20260531,ココロヅヨサ,55.2,39.8,26.2,13.0,15.4,13.6,13.2,13.0
20260531,アマノガワギンガ,67.7,49.3,32.8,16.4,18.4,16.5,16.4,16.4
20260531,オウケンブラッド,70.4,51.6,34.0,16.8,18.8,17.6,17.2,16.8
20260531,ウメヒナタ,60.8,43.8,28.4,14.4,17.0,15.4,14.0,14.4
20260531,モックモック,58.8,43.2,28.1,13.8,15.6,15.1,14.3,13.8
20260531,クリスタルタワー,60.8,45.0,29.6,14.5,15.8,15.4,15.1,14.5
20260531,ハナコトバ,66.9,49.0,32.5,15.5,17.9,16.5,17.0,15.5
20260531,カラバッシュ,62.8,46.2,30.3,15.0,16.6,15.9,15.3,15.0
20260531,クリアストライク,65.9,48.5,32.3,16.2,17.4,16.2,16.1,16.2
20260531,スティンガーグラス,55.7,39.9,26.3,13.4,15.8,13.6,12.9,13.4
20260531,ハギノコラソン,68.1,50.4,33.4,16.3,17.7,17.0,17.1,16.3
20260531,ダノンテムズ,61.4,45.0,29.8,14.8,16.4,15.2,15.0,14.8
20260531,ジュンクロノシップ,58.1,41.9,27.3,13.1,16.2,14.6,14.2,13.1
20260531,リトセア,69.5,50.4,32.8,16.3,19.1,17.6,16.5,16.3
20260531,タイセイアビオン,78.1,55.8,36.3,17.6,22.3,19.5,18.7,17.6
20260531,ファミリーツリー,53.5,38.9,25.2,12.8,14.6,13.7,12.4,12.8
20260531,ミッドタウンナイト,66.1,48.6,31.8,15.8,17.5,16.8,16.0,15.8
20260531,マイティマイティー,66.0,49.0,33.1,16.1,17.0,15.9,17.0,16.1
20260531,レーヴドアンジュ,53.7,39.1,24.9,12.3,14.6,14.2,12.6,12.3
20260531,マカナアネラ,59.5,43.4,28.3,14.2,16.1,15.1,14.1,14.2
20260531,メイショウソラリス,65.4,46.5,29.9,14.7,18.9,16.6,15.2,14.7
20260531,ミライハーモニー,73.3,54.3,36.4,18.0,19.0,17.9,18.4,18.0
20260531,ギマール,57.5,41.3,27.2,13.6,16.2,14.1,13.6,13.6
20260531,ダイアナクイーン,66.8,48.2,31.2,15.4,18.6,17.0,15.8,15.4
20260531,ジャストグレース,55.1,39.7,25.2,12.7,15.4,14.5,12.5,12.7
20260531,ホウオウスカイハイ,59.8,44.2,28.9,14.0,15.6,15.3,14.9,14.0
20260531,ピゲ,56.6,41.0,26.3,13.1,15.6,14.7,13.2,13.1
20260531,モズイージス,68.0,49.6,32.3,15.7,18.4,17.3,16.6,15.7
20260531,モアニ,67.0,49.1,32.0,15.7,17.9,17.1,16.3,15.7
20260531,ブライアーヒル,58.9,42.5,28.3,14.5,16.4,14.2,13.8,14.5
20260531,コイタマチャン,60.9,43.3,27.8,13.5,17.6,15.5,14.3,13.5
20260531,セイウンダイフク,58.6,41.0,26.4,13.3,17.6,14.6,13.1,13.3
20260531,ブライトアゲイン,63.6,47.2,31.7,16.0,16.4,15.5,15.7,16.0
20260531,コズミックダンサー,67.5,48.7,31.6,15.1,18.8,17.1,16.5,15.1
20260531,オトメナシャチョウ,64.7,47.5,31.1,15.1,17.2,16.4,16.0,15.1
20260531,シャインゴーツ,67.7,48.2,31.4,14.6,19.5,16.8,16.8,14.6
20260531,ゴールドヴィーナス,63.2,47.1,31.1,15.2,16.1,16.0,15.9,15.2
20260531,エンジョイドライブ,82.4,58.5,37.2,18.2,23.9,21.3,19.0,18.2
20260531,エコロガイア,64.1,45.0,29.6,15.2,19.1,15.4,14.4,15.2
20260531,マイネルチケット,61.7,45.3,29.6,14.6,16.4,15.7,15.0,14.6
20260531,ユウファラオ,70.2,52.1,34.5,17.2,18.1,17.6,17.3,17.2
20260531,シュヴァルツリーベ,53.9,39.3,25.4,12.5,14.6,13.9,12.9,12.5
20260531,トウカイフルーレ,54.1,39.5,25.6,12.8,14.6,13.9,12.8,12.8
20260531,プリュイドール,64.7,47.2,31.2,15.8,17.5,16.0,15.4,15.8
20260531,ラッキーシグネチャ,64.5,47.0,31.1,15.6,17.5,15.9,15.5,15.6
20260531,ボンボンベイビー,64.2,47.3,30.6,15.1,16.9,16.7,15.5,15.1
20260531,ランズエンド,65.0,47.4,30.0,15.6,17.6,17.4,14.4,15.6
20260531,シュガーハウス,64.8,47.4,29.8,15.7,17.4,17.6,14.1,15.7
20260531,ブルーノート,61.3,42.7,27.2,13.3,18.6,15.5,13.9,13.3
20260531,クリノクリスタル,61.1,45.7,29.9,14.3,15.4,15.8,15.6,14.3
20260531,モンシェリ,59.1,42.7,27.8,13.8,16.4,14.9,14.0,13.8
20260531,ベルピルエット,65.3,48.0,31.5,15.6,17.3,16.5,15.9,15.6
20260531,ケイアイブラック,58.5,41.8,26.8,13.3,16.7,15.0,13.5,13.3
20260531,ライツェントライゼ,59.0,41.7,27.0,13.3,17.3,14.7,13.7,13.3
20260531,ベストレイク,68.0,50.6,33.0,16.1,17.4,17.6,16.9,16.1
20260531,サンマルパトロール,57.4,41.4,26.9,13.4,16.0,14.5,13.5,13.4
20260531,ベルジュロネット,58.7,43.2,28.9,14.8,15.5,14.3,14.1,14.8
20260531,キタノハイテイル,65.2,47.5,31.3,15.7,17.7,16.2,15.6,15.7
20260531,ロードラディウス,55.2,40.7,26.4,13.1,14.5,14.3,13.3,13.1
20260531,タカサンフェイス,54.6,40.2,26.3,13.0,14.4,13.9,13.3,13.0
20260531,スマートスピア,60.6,43.5,28.7,13.8,17.1,14.8,14.9,13.8
20260531,ルクスメンデス,55.2,40.3,27.0,13.8,14.9,13.3,13.2,13.8
20260531,スイートポメロ,55.0,38.6,25.0,12.6,16.4,13.6,12.4,12.6
20260531,リリークリスタル,59.0,43.6,28.6,14.3,15.4,15.0,14.3,14.3
20260531,パゴスピグイノス,54.7,38.3,24.9,12.5,16.4,13.4,12.4,12.5
20260531,ゼンカイナダル,59.0,43.3,28.2,13.1,15.7,15.1,15.1,13.1
20260531,モカラマーズ,62.9,43.9,26.9,12.5,19.0,17.0,14.4,12.5
20260531,アロマフェリス,57.8,41.6,26.2,12.9,16.2,15.4,13.3,12.9
20260531,ミュージアムマイル,62.1,43.3,26.4,12.3,18.8,16.9,14.1,12.3
20260531,アンズアメ,66.5,47.9,30.6,15.1,18.6,17.3,15.5,15.1
20260531,ラヴィアンコール,65.3,46.9,30.7,14.9,18.4,16.2,15.8,14.9
20260531,タイキジュビリー,59.3,43.9,29.1,14.2,15.4,14.8,14.9,14.2
20260531,アイアン,57.4,42.3,27.5,13.7,15.1,14.8,13.8,13.7
20260531,メリオルヴィア,67.7,48.1,31.1,16.0,19.6,17.0,15.1,16.0
20260531,ワンダーリュクス,58.0,42.5,27.6,13.1,15.5,14.9,14.5,13.1
20260531,グローリーバローズ,57.4,41.4,26.1,12.9,16.0,15.3,13.2,12.9
20260531,フォルナックス,57.6,42.6,28.2,14.0,15.0,14.4,14.2,14.0
20260531,ハピ,56.5,41.9,28.2,14.0,14.6,13.7,14.2,14.0
20260531,ゴールドサーベル,57.5,41.6,26.0,13.2,15.9,15.6,12.8,13.2
20260531,ミエノクラウン,55.6,40.1,26.3,13.0,15.5,13.8,13.3,13.0
20260531,ビップヴォルフ,61.2,44.1,28.5,13.9,17.1,15.6,14.6,13.9
20260531,アンミックス,68.9,49.6,31.9,15.2,19.3,17.7,16.7,15.2
20260531,クイーンズドリーム,65.5,47.3,31.0,15.2,18.2,16.3,15.8,15.2
20260531,ジキトウライ,59.6,44.0,29.2,14.1,15.6,14.8,15.1,14.1
20260531,ゼンノインヴォーク,68.7,50.2,32.9,16.2,18.5,17.3,16.7,16.2
20260531,シギーコルエンド,70.0,51.9,33.9,16.6,18.1,18.0,17.3,16.6
20260531,キングスペード,69.8,52.1,35.0,17.7,17.7,17.1,17.3,17.7
20260531,ドラゴンドール,69.4,51.4,33.6,16.8,18.0,17.8,16.8,16.8
20260531,ピエナオルカ,65.9,48.5,32.5,16.5,17.4,16.0,16.0,16.5
20260531,メイショウナナユキ,59.8,43.6,28.8,14.4,16.2,14.8,14.4,14.4
20260531,ゴールドアーク,70.9,53.9,36.3,18.6,17.0,17.6,17.7,18.6
20260531,ダンツシタン,58.0,42.1,27.9,13.9,15.9,14.2,14.0,13.9
20260531,クリコキアナ,59.8,43.4,28.1,13.7,16.4,15.3,14.4,13.7
20260531,ウォーターリヒト,66.1,48.2,31.8,15.7,17.9,16.4,16.1,15.7
20260531,ガーデンカメリア,66.8,49.7,33.1,16.6,17.1,16.6,16.5,16.6
20260531,アンティスマ,67.2,49.0,32.0,15.6,18.2,17.0,16.4,15.6
20260531,スマートティアナ,65.7,48.1,31.6,15.7,17.6,16.5,15.9,15.7
20260531,クレマチス,57.0,41.8,26.8,12.6,15.2,15.0,14.2,12.6
20260531,ファニーバニー,64.9,46.9,31.2,15.8,18.0,15.7,15.4,15.8
20260531,マーゴットオネイロ,60.6,42.1,27.2,13.6,18.5,14.9,13.6,13.6
20260531,ダークエクリプス,57.8,40.4,25.9,12.9,17.4,14.5,13.0,12.9
20260531,グレーヌドジョワ,57.2,42.1,28.4,14.5,15.1,13.7,13.9,14.5
20260531,デルマモイワ,60.6,43.3,28.1,14.3,17.3,15.2,13.8,14.3
20260531,シオンダンサー,71.5,51.5,33.3,16.2,20.0,18.2,17.1,16.2
20260531,ヴィータリッカ,59.3,42.6,27.0,12.9,16.7,15.6,14.1,12.9
20260531,メアグローリア,58.4,42.0,26.5,12.5,16.4,15.5,14.0,12.5
20260531,シャイニングスター,62.7,45.1,29.5,14.6,17.6,15.6,14.9,14.6
20260531,メイショウタバル,68.0,50.5,33.7,16.9,17.5,16.8,16.8,16.9
20260531,タイムレスフレアー,64.1,47.2,30.7,15.0,16.9,16.5,15.7,15.0
20260531,ノリノリソックス,60.3,44.2,29.3,14.6,16.1,14.9,14.7,14.6
20260531,ノブレスラブリエ,54.3,39.5,25.7,12.9,14.8,13.8,12.8,12.9
20260531,エバーグルーヴ,59.6,44.4,29.4,14.5,15.2,15.0,14.9,14.5
20260531,シャドウルーラー,60.0,44.4,29.3,14.3,15.6,15.1,15.0,14.3
20260531,ハクサンテドリガワ,54.9,40.3,26.0,12.5,14.6,14.3,13.5,12.5
20260531,フォーオール,68.9,50.9,32.6,15.7,18.0,18.3,16.9,15.7
20260531,モカプウイング,55.9,40.5,25.8,11.9,15.4,14.7,13.9,11.9
20260531,モーデン,72.0,52.9,34.8,17.5,19.1,18.1,17.3,17.5
20260531,ショウナンバンライ,59.7,44.6,29.5,14.5,15.1,15.1,15.0,14.5
20260531,アイゼンフォルク,60.9,44.4,28.9,14.4,16.5,15.5,14.5,14.4
20260531,ウィテカービート,56.6,41.2,26.6,13.2,15.4,14.6,13.4,13.2
20260531,プレデンシア,71.0,52.7,34.8,17.3,18.3,17.9,17.5,17.3
20260531,チュオンソン,55.7,40.8,26.5,13.1,14.9,14.3,13.4,13.1
20260531,セルヴァジオ,60.1,43.5,28.9,14.1,16.6,14.6,14.8,14.1
20260531,ベヒル,72.0,52.8,34.6,17.5,19.2,18.2,17.1,17.5
20260531,バティック,59.5,43.2,28.1,13.7,16.3,15.1,14.4,13.7
20260531,コルベータ,66.8,49.8,33.4,17.1,17.0,16.4,16.3,17.1
20260531,ハッピーラブソング,63.3,47.3,31.5,15.7,16.0,15.8,15.8,15.7
20260531,ベラジオヴァレル,62.4,45.9,30.6,15.5,16.5,15.3,15.1,15.5
20260531,マイケルバローズ,65.4,48.5,32.0,15.8,16.9,16.5,16.2,15.8
20260531,リフルフォース,66.2,47.5,30.7,15.1,18.7,16.8,15.6,15.1
20260531,アリュウ,55.6,40.4,25.9,12.6,15.2,14.5,13.3,12.6
20260531,タマモマリアージュ,55.1,38.0,24.7,12.9,17.1,13.3,11.8,12.9
20260531,ナポリ,57.6,42.4,27.6,13.2,15.2,14.8,14.4,13.2
20260531,シャインラブ,56.8,41.1,26.9,13.2,15.7,14.2,13.7,13.2
20260531,イミュータブル,78.7,58.1,39.0,19.9,20.6,19.1,19.1,19.9
20260531,アイルドゥレーヴェ,58.1,42.1,27.0,13.0,16.0,15.1,14.0,13.0
20260531,トゥインクルピカ,58.2,41.5,24.8,12.5,16.7,16.7,12.3,12.5
20260531,アイルシャイン,57.9,40.6,25.2,12.5,17.3,15.4,12.7,12.5
20260531,ダーリンダーリン,69.4,49.4,30.8,15.0,20.0,18.6,15.8,15.0
20260531,サンタカリス,67.8,49.3,33.1,17.1,18.5,16.2,16.0,17.1
20260531,ダイメイクマモト,67.6,50.8,33.9,17.2,16.8,16.9,16.7,17.2
20260531,バディ,74.5,54.2,34.2,16.1,20.3,20.0,18.1,16.1
20260531,パッションシーザー,77.5,56.1,36.8,17.6,21.4,19.3,19.2,17.6
20260531,アワードストーリー,77.7,56.1,36.9,17.6,21.6,19.2,19.3,17.6
20260531,イグニアスロック,66.8,49.0,32.3,16.0,17.8,16.7,16.3,16.0
20260531,ラガッタレアーレ,71.9,52.0,33.8,16.5,19.9,18.2,17.3,16.5
20260531,ソルトアイリス,57.2,42.6,27.8,13.6,14.6,14.8,14.2,13.6
20260531,ルージュルガーノ,67.7,50.4,33.9,17.2,17.3,16.5,16.7,17.2
20260531,アクアアイ,57.9,41.1,26.7,12.7,16.8,14.4,14.0,12.7
20260531,レッドネビュラ,56.0,39.9,25.5,12.3,16.1,14.4,13.2,12.3
20260531,ゴールデンドラゴン,58.6,42.3,26.9,12.5,16.3,15.4,14.4,12.5
20260531,オースミライト,69.3,49.3,31.9,15.7,20.0,17.4,16.2,15.7
20260531,ダノンミッドナイト,65.1,48.0,31.8,15.7,17.1,16.2,16.1,15.7
20260531,サンシュエール,66.0,47.5,31.5,16.0,18.5,16.0,15.5,16.0
20260531,コンセントリコ,66.9,47.7,31.7,15.6,19.2,16.0,16.1,15.6
20260531,キングリア,64.3,46.6,31.0,15.6,17.7,15.6,15.4,15.6
20260531,マジックサンズ,57.5,41.6,27.1,13.7,15.9,14.5,13.4,13.7
20260531,タガノアビー,72.9,53.0,34.8,17.2,19.9,18.2,17.6,17.2
20260531,ボールドペイト,70.5,52.0,33.8,16.9,18.5,18.2,16.9,16.9
20260531,ジェンティール,58.2,42.4,27.7,13.6,15.8,14.7,14.1,13.6
20260531,リアララ,61.4,43.9,28.7,14.3,17.5,15.2,14.4,14.3
20260531,ホールネス,57.3,41.3,27.7,14.3,16.0,13.6,13.4,14.3
20260531,ウィルサヴァイブ,55.9,40.2,26.7,13.8,15.7,13.5,12.9,13.8
20260531,エスティヴァリス,61.2,43.5,27.5,13.4,17.7,16.0,14.1,13.4
20260531,インジケーター,65.4,47.4,31.0,15.5,18.0,16.4,15.5,15.5
20260531,ビーチボール,61.6,43.7,28.4,14.6,17.9,15.3,13.8,14.6
20260531,ラインオブソウル,55.1,39.9,25.9,13.0,15.2,14.0,12.9,13.0
20260531,マリアナトレンチ,55.3,39.9,26.2,13.3,15.4,13.7,12.9,13.3
20260531,ジーティーウタマロ,55.6,40.3,27.1,13.7,15.3,13.2,13.4,13.7
20260531,マクノス,64.8,47.4,31.7,16.1,17.4,15.7,15.6,16.1
20260531,ウインドトリック,53.1,40.2,28.3,15.7,12.9,11.9,12.6,15.7
20260531,ポルトドール,54.3,39.3,25.9,12.9,15.0,13.4,13.0,12.9
20260531,ワンコールアウェイ,59.2,43.0,27.9,14.1,16.2,15.1,13.8,14.1
20260531,アート,58.8,43.3,28.5,13.9,15.5,14.8,14.6,13.9
20260531,テイエムスティール,60.2,45.0,30.2,15.2,15.2,14.8,15.0,15.2
20260531,ゲタリア,58.3,42.6,27.4,13.4,15.7,15.2,14.0,13.4
20260531,ウイルソン,68.3,49.3,32.2,15.9,19.0,17.1,16.3,15.9
20260531,クロリス,60.6,44.9,29.1,14.0,15.7,15.8,15.1,14.0
20260531,ノチェブエナ,58.6,42.0,26.6,12.5,16.6,15.4,14.1,12.5
20260531,アセンシオン,65.5,48.1,31.0,15.1,17.4,17.1,15.9,15.1
20260531,メイショウカスガイ,59.8,43.2,27.8,12.9,16.6,15.4,14.9,12.9
20260531,スマートイデアル,66.0,48.5,32.2,16.1,17.5,16.3,16.1,16.1
20260531,ボクマダネムイヨ,77.3,56.0,36.5,18.0,21.3,19.5,18.5,18.0
20260531,レーヌペスカ,58.9,42.6,27.8,13.4,16.3,14.8,14.4,13.4
20260531,ミナデオロ,59.6,43.1,27.9,13.8,16.5,15.2,14.1,13.8
20260531,ヒデノレインボー,59.4,43.1,29.3,15.3,16.3,13.8,14.0,15.3
20260531,テーオーカメリア,59.7,43.3,28.3,13.9,16.4,15.0,14.4,13.9
20260531,ジョウゲンノツキ,78.1,54.3,33.7,15.4,23.8,20.6,18.3,15.4
20260531,リノルアナ,57.3,41.5,27.3,14.0,15.8,14.2,13.3,14.0
20260531,ジャストアダッシュ,57.7,41.8,26.6,12.6,15.9,15.2,14.0,12.6
20260531,チカバリエンテ,57.3,41.0,25.8,12.4,16.3,15.2,13.4,12.4
20260531,ラブシンフォニー,57.6,41.4,26.6,12.7,16.2,14.8,13.9,12.7
20260531,エボルヴィング,54.9,38.9,25.2,12.5,16.0,13.7,12.7,12.5
20260531,シバノパージャン,63.4,46.8,30.3,15.1,16.6,16.5,15.2,15.1
20260531,タマモエース,55.9,40.4,26.6,13.5,15.5,13.8,13.1,13.5
20260531,ボールドペイト,60.3,43.6,28.2,13.4,16.7,15.4,14.8,13.4
20260531,キタノガイヤール,67.0,49.3,32.6,16.4,17.7,16.7,16.2,16.4
20260531,キタノコウセイ,65.9,48.0,31.2,15.7,17.9,16.8,15.5,15.7
20260531,タマモパルファン,60.6,44.2,28.9,14.5,16.4,15.3,14.4,14.5
20260531,モズナツノジン,60.9,44.5,29.5,15.1,16.4,15.0,14.4,15.1
20260531,リジル,62.6,45.6,29.5,14.0,17.0,16.1,15.5,14.0
20260531,タマモキャリコ,55.7,40.9,26.6,13.1,14.8,14.3,13.5,13.1
20260531,ポイントネモ,67.1,49.1,32.1,15.8,18.0,17.0,16.3,15.8
20260531,シンヒダカゴールド,66.9,48.4,31.8,15.8,18.5,16.6,16.0,15.8
20260531,インクレイブル,59.4,43.5,28.6,13.9,15.9,14.9,14.7,13.9
20260531,ドゥボヌール,64.6,47.4,31.5,15.6,17.2,15.9,15.9,15.6
20260531,ブライトエンジェル,67.0,49.6,32.9,16.4,17.4,16.7,16.5,16.4
20260531,サマーナジュム,67.8,49.5,32.9,16.3,18.3,16.6,16.6,16.3
20260531,テムルーラー,57.8,42.9,28.1,14.0,14.9,14.8,14.1,14.0
20260531,ティフォシ,57.8,43.0,28.2,14.1,14.8,14.8,14.1,14.1
20260531,ボルセーナ,66.4,48.2,32.2,16.4,18.2,16.0,15.8,16.4
20260531,ジャスティンカレラ,54.8,39.3,26.1,13.3,15.5,13.2,12.8,13.3
20260531,サトノフレイ,56.2,40.5,25.7,12.4,15.7,14.8,13.3,12.4
20260531,メイショウヒュウガ,62.2,45.1,28.7,13.8,17.1,16.4,14.9,13.8
20260531,ロードフォアエース,66.2,48.2,32.1,16.1,18.0,16.1,16.0,16.1
20260531,ロジクラウン,63.6,45.0,29.1,14.4,18.6,15.9,14.7,14.4
20260531,グルード,59.2,42.9,27.8,14.0,16.3,15.1,13.8,14.0
20260531,グレートキリシマ,58.9,42.7,27.8,13.9,16.2,14.9,13.9,13.9
20260531,ロードフロンティア,58.2,42.7,28.1,13.8,15.5,14.6,14.3,13.8
20260531,ビップデイジー,57.9,42.7,28.4,14.1,15.2,14.3,14.3,14.1
20260531,クールブレーブ,72.0,52.7,34.5,17.2,19.3,18.2,17.3,17.2
20260531,サガルマータ,55.6,40.4,26.3,13.0,15.2,14.1,13.3,13.0
20260531,ビッグヒーロー,54.8,40.0,26.1,13.4,14.8,13.9,12.7,13.4
20260531,ビップアリス,69.4,51.9,34.3,17.2,17.5,17.6,17.1,17.2
20260531,ラクホマレ,63.0,46.5,30.6,15.4,16.5,15.9,15.2,15.4
20260531,グランブーケ,55.3,40.5,25.8,12.4,14.8,14.7,13.4,12.4
20260531,ケイアイドリー,56.5,41.4,27.4,14.0,15.1,14.0,13.4,14.0
20260531,アウェイクネス,63.3,45.3,28.4,13.5,18.0,16.9,14.9,13.5
20260531,ミハテヌユメ,64.3,48.6,32.4,16.2,15.7,16.2,16.2,16.2
20260531,レヴォントゥレット,66.8,48.5,31.6,15.8,18.3,16.9,15.8,15.8
20260531,サンライズグラシア,66.8,48.5,31.6,15.8,18.3,16.9,15.8,15.8
20260531,エコロデュラン,63.5,47.1,31.1,15.5,16.4,16.0,15.6,15.5
20260531,ジーゲスツーク,55.2,40.1,26.6,13.3,15.1,13.5,13.3,13.3
20260531,オメガヒストリー,55.2,40.9,26.5,12.9,14.3,14.4,13.6,12.9
20260531,サンセットゴールド,63.3,46.8,30.8,15.6,16.5,16.0,15.2,15.6
20260531,スプレンドーレ,65.6,48.3,31.6,15.7,17.3,16.7,15.9,15.7
20260531,ラルヴァンダード,56.2,41.9,27.1,13.2,14.3,14.8,13.9,13.2
20260531,ヴェールダムール,65.6,48.3,31.5,15.6,17.3,16.8,15.9,15.6
20260531,リチュアル,63.4,46.3,30.7,15.4,17.1,15.6,15.3,15.4
20260531,ラファル,63.0,45.8,30.4,15.0,17.2,15.4,15.4,15.0
20260531,デルマリシリ,62.5,46.1,30.3,15.1,16.4,15.8,15.2,15.1
20260531,シェーネエルデ,66.3,49.6,34.0,17.7,16.7,15.6,16.3,17.7
20260531,キャンディリヒト,65.2,47.7,31.8,16.2,17.5,15.9,15.6,16.2
20260531,オメガマサヤ,69.5,52.0,34.4,17.2,17.5,17.6,17.2,17.2
20260531,アイボリータワー,71.3,52.7,34.5,16.7,18.6,18.2,17.8,16.7
20260531,テイエムリステット,77.8,55.3,35.1,16.6,22.5,20.2,18.5,16.6
20260531,ホウオウレイヴン,64.4,45.9,29.8,14.7,18.5,16.1,15.1,14.7
20260531,ショウナンアデイブ,71.3,52.3,34.5,17.0,19.0,17.8,17.5,17.0
20260531,セブンマジシャン,71.1,51.7,34.0,16.7,19.4,17.7,17.3,16.7
20260531,ハミルトン,74.9,54.1,35.2,17.4,20.8,18.9,17.8,17.4
20260531,アンリミテッド,72.1,52.0,33.7,16.6,20.1,18.3,17.1,16.6
20260531,ミルボナー,73.6,52.7,33.8,16.5,20.9,18.9,17.3,16.5
20260531,エイル,73.2,53.0,34.4,16.7,20.2,18.6,17.7,16.7
20260531,ミティリーニ,72.3,51.6,33.4,16.3,20.7,18.2,17.1,16.3
20260531,ファヴォーニアン,74.3,53.2,34.6,17.5,21.1,18.6,17.1,17.5
20260531,ヴィヴェローネ,74.1,53.8,35.3,17.3,20.3,18.5,18.0,17.3
20260531,ヒューザー,68.7,50.4,32.8,16.4,18.3,17.6,16.4,16.4
20260531,サンライズアムール,76.5,54.9,36.3,17.9,21.6,18.6,18.4,17.9
20260531,セミマル,61.1,44.1,28.0,13.3,17.0,16.1,14.7,13.3
20260531,スズカダブル,67.3,50.3,33.7,16.9,17.0,16.6,16.8,16.9
20260531,ベラジオボンド,54.0,39.8,25.9,13.0,14.2,13.9,12.9,13.0
20260531,レイザリオ,57.5,42.2,27.8,13.7,15.3,14.4,14.1,13.7
20260531,ベルアズーロ,63.6,45.6,28.5,13.0,18.0,17.1,15.5,13.0
20260531,ペルセポネ,56.2,41.3,26.8,12.9,14.9,14.5,13.9,12.9
20260531,モチモチチャン,53.6,40.2,27.2,14.1,13.4,13.0,13.1,14.1
20260531,チェファルー,66.1,48.6,32.1,15.7,17.5,16.5,16.4,15.7
20260531,エドウィンナルコ,63.0,46.1,29.3,13.7,16.9,16.8,15.6,13.7
20260531,レットミーゴー,56.7,41.4,27.0,13.2,15.3,14.4,13.8,13.2
20260531,ナムラクララ,53.2,38.8,24.9,12.4,14.4,13.9,12.5,12.4
20260531,トラヴェリンバンド,60.3,44.3,29.7,15.4,16.0,14.6,14.3,15.4
20260531,レディネス,53.7,38.4,24.3,12.0,15.3,14.1,12.3,12.0
20260531,ヴァンアグレアブル,53.8,39.5,26.0,13.1,14.3,13.5,12.9,13.1
20260531,ハヤブサオヒメサマ,57.3,41.4,27.0,13.3,15.9,14.4,13.7,13.3
20260531,リザレクティア,60.4,43.4,28.4,14.3,17.0,15.0,14.1,14.3
20260531,ライトオブヌカタ,55.4,40.7,27.0,13.6,14.7,13.7,13.4,13.6
20260531,ウェイヴムーン,55.0,39.5,25.9,12.8,15.5,13.6,13.1,12.8
20260531,フェルギナス,62.4,46.9,30.6,15.3,15.5,16.3,15.3,15.3
20260531,シャマレル,62.4,45.2,28.9,14.2,17.2,16.3,14.7,14.2
20260531,ニシノサリーナ,55.1,40.1,25.6,12.7,15.0,14.5,12.9,12.7
20260531,ステインアライヴ,57.9,41.6,27.2,13.7,16.3,14.4,13.5,13.7
20260531,ルージュビバーチェ,58.1,42.7,27.4,13.3,15.4,15.3,14.1,13.3
20260531,ショウナンアデイブ,55.7,40.4,26.1,12.7,15.3,14.3,13.4,12.7
20260531,ハギノアルデバラン,55.6,40.1,25.9,12.8,15.5,14.2,13.1,12.8
20260531,セブンマジシャン,55.7,40.4,26.0,12.7,15.3,14.4,13.3,12.7
20260531,ウインデイジー,61.7,45.5,30.1,15.2,16.2,15.4,14.9,15.2
20260531,ワキノノーブル,54.6,39.4,25.8,12.5,15.2,13.6,13.3,12.5
20260531,レイピカケ,60.9,45.1,30.2,14.8,15.8,14.9,15.4,14.8
20260531,ハミルトン,57.1,41.4,26.6,12.6,15.7,14.8,14.0,12.6
20260531,リアンドゥクール,58.8,43.4,28.5,14.3,15.4,14.9,14.2,14.3
20260531,アンリミテッド,57.9,41.2,25.9,12.5,16.7,15.3,13.4,12.5
20260531,エイシンリーガル,66.5,48.6,32.1,15.6,17.9,16.5,16.5,15.6
20260531,アルジェンタム,68.0,50.9,33.3,16.4,17.1,17.6,16.9,16.4
20260531,ミルボナー,56.9,41.2,26.6,12.5,15.7,14.6,14.1,12.5
20260531,エイル,56.4,41.0,26.7,13.0,15.4,14.3,13.7,13.0
20260531,シルバーレシオ,66.9,49.3,31.7,15.2,17.6,17.6,16.5,15.2
20260531,ミティリーニ,56.5,41.2,26.8,13.2,15.3,14.4,13.6,13.2
20260531,サトノビダーヤ,67.0,49.3,32.8,16.2,17.7,16.5,16.6,16.2
20260531,ノリヤンモーニン,55.0,40.0,25.7,12.7,15.0,14.3,13.0,12.7
20260531,トウカイヘスティア,64.1,47.0,30.1,15.0,17.1,16.9,15.1,15.0
20260531,スナークルーベンス,64.4,47.1,30.2,15.1,17.3,16.9,15.1,15.1
20260531,ビスケットサンド,55.1,39.7,25.4,12.4,15.4,14.3,13.0,12.4
20260531,ファヴォーニアン,58.1,41.4,26.0,12.6,16.7,15.4,13.4,12.6
20260531,ヴィヴェローネ,58.0,41.8,26.2,12.4,16.2,15.6,13.8,12.4
20260531,ナオミガサイキョウ,55.3,39.9,25.8,12.8,15.4,14.1,13.0,12.8
20260531,メイショウマントル,60.4,44.6,29.1,14.5,15.8,15.5,14.6,14.5
20260531,チャンネルトンネル,54.9,40.2,26.5,12.9,14.7,13.7,13.6,12.9
20260531,サンライズナスカ,56.4,41.6,26.7,13.4,14.8,14.9,13.3,13.4
20260531,マーゴットガイア,57.6,42.5,27.7,13.6,15.1,14.8,14.1,13.6
20260531,タナブイハチターボ,66.8,47.6,31.2,15.8,19.2,16.4,15.4,15.8
20260531,トモジャプレジール,57.5,41.4,26.6,13.1,16.1,14.8,13.5,13.1
20260531,ヒューザー,57.1,41.5,26.8,13.4,15.6,14.7,13.4,13.4
20260531,キングズテイル,56.8,41.1,26.8,13.2,15.7,14.3,13.6,13.2
20260531,ヴェルメロディ,55.4,40.7,25.7,12.6,14.7,15.0,13.1,12.6
20260531,ワカワカ,55.9,40.4,26.8,13.3,15.5,13.6,13.5,13.3
20260531,ブルーチップ,67.3,50.2,33.0,16.4,17.1,17.2,16.6,16.4
20260531,トモジャクリエ,63.4,48.2,32.2,15.7,15.2,16.0,16.5,15.7
20260531,テーオーローズ,66.1,48.8,31.9,15.9,17.3,16.9,16.0,15.9
20260531,ゴコウサス,55.5,41.7,27.5,13.4,13.8,14.2,14.1,13.4
20260531,マーベリックシチー,63.9,47.4,31.8,16.0,16.5,15.6,15.8,16.0
20260531,スウィートリワード,58.0,41.4,26.6,12.8,16.6,14.8,13.8,12.8
20260531,ティンティンデオ,55.0,41.4,27.1,13.6,13.6,14.3,13.5,13.6
20260531,リネアグローリア,53.1,38.8,25.1,12.3,14.3,13.7,12.8,12.3
20260531,トップオンザヒル,56.4,41.1,26.8,13.3,15.3,14.3,13.5,13.3
20260531,ブルーレース,62.4,45.0,29.4,14.9,17.4,15.6,14.5,14.9
20260531,ヤマヤロード,54.1,40.3,26.7,13.1,13.8,13.6,13.6,13.1
20260531,トッピワールド,57.5,42.2,28.0,14.3,15.3,14.2,13.7,14.3
20260531,ユーコンノオトコ,61.2,43.8,28.8,13.7,17.4,15.0,15.1,13.7
20260531,コワンニシタガウ,59.7,43.4,28.9,14.9,16.3,14.5,14.0,14.9
20260531,シュネープリンセス,59.5,43.0,28.3,13.7,16.5,14.7,14.6,13.7
20260531,キュールエフウジン,67.9,50.4,33.7,16.8,17.5,16.7,16.9,16.8
20260531,キーパフォーマー,61.2,44.5,29.3,14.8,16.7,15.2,14.5,14.8
20260531,ベルギューン,58.8,43.4,28.5,14.1,15.4,14.9,14.4,14.1
20260531,ディニトーソ,58.1,42.4,28.0,14.3,15.7,14.4,13.7,14.3
20260531,フェブリノ,63.7,47.0,30.9,15.6,16.7,16.1,15.3,15.6
20260531,ファランギーナ,64.3,47.4,31.1,15.7,16.9,16.3,15.4,15.7
20260531,ミスティックレナン,67.7,49.2,31.9,15.8,18.5,17.3,16.1,15.8
20260531,スマートポーション,65.5,48.2,32.0,15.2,17.3,16.2,16.8,15.2
20260531,プライムウィザード,68.2,50.9,34.0,17.0,17.3,16.9,17.0,17.0
20260531,マルモタワー,67.7,51.1,34.0,17.1,16.6,17.1,16.9,17.1
20260531,エコロメジャー,59.2,43.2,28.4,14.2,16.0,14.8,14.2,14.2
20260531,スピーディスピン,65.4,48.1,31.9,15.1,17.3,16.2,16.8,15.1
20260531,ファラオクィーン,58.5,42.5,27.5,13.5,16.0,15.0,14.0,13.5
20260531,サンライズアムール,60.1,44.4,30.1,15.3,15.7,14.3,14.8,15.3
20260531,フラッシング,64.1,46.6,30.2,14.8,17.5,16.4,15.4,14.8
20260531,クアトロジャック,68.9,50.2,32.7,15.5,18.7,17.5,17.2,15.5
20260531,オーシンエス,51.9,38.2,25.0,12.7,13.7,13.2,12.3,12.7
20260531,テーオーシーザー,52.5,38.3,25.1,12.8,14.2,13.2,12.3,12.8
20260531,フローマジック,66.3,48.2,31.1,14.9,18.1,17.1,16.2,14.9
20260531,アーリーハーベスト,58.0,42.7,27.3,13.0,15.3,15.4,14.3,13.0
20260531,ペガサスジルシ,61.7,45.2,29.8,15.0,16.5,15.4,14.8,15.0
20260531,キーチラナキラ,68.4,51.6,33.5,16.5,16.8,18.1,17.0,16.5
20260531,リラカリス,60.1,44.9,30.4,15.3,15.2,14.5,15.1,15.3
20260531,マーゴットマシェリ,57.3,42.1,27.0,12.9,15.2,15.1,14.1,12.9
20260531,エコロヴァルド,67.5,50.2,32.8,15.9,17.3,17.4,16.9,15.9
20260531,グランテレーズ,58.2,41.8,27.5,13.9,16.4,14.3,13.6,13.9
20260531,ウィップスティッチ,64.8,46.7,30.6,15.2,18.1,16.1,15.4,15.2
20260531,ダノンマッキンリー,55.6,39.0,24.6,12.4,16.6,14.4,12.2,12.4
20260531,セルズパワー,65.1,47.6,30.8,15.0,17.5,16.8,15.8,15.0
20260531,ケイテンアイジン,65.3,48.4,32.3,15.9,16.9,16.1,16.4,15.9
20260531,テイエムオオアラシ,58.9,43.4,28.2,13.5,15.5,15.2,14.7,13.5
20260531,ライフイズカラフル,58.2,42.8,27.8,13.2,15.4,15.0,14.6,13.2
20260531,ボンボンブーケ,58.7,42.1,26.9,13.0,16.6,15.2,13.9,13.0
20260531,タカスタカスタカス,59.3,42.6,27.2,13.2,16.7,15.4,14.0,13.2
20260531,ニシノキヅイタラ,64.7,47.8,31.8,15.9,16.9,16.0,15.9,15.9
20260531,トシミチ,65.0,47.8,31.9,16.2,17.2,15.9,15.7,16.2
20260531,ディーエストッキー,64.5,47.5,31.1,15.7,17.0,16.4,15.4,15.7
20260531,ウインヘリオドール,59.3,42.7,28.0,14.1,16.6,14.7,13.9,14.1
20260531,モンシーク,69.4,50.1,32.8,16.0,19.3,17.3,16.8,16.0
20260531,マーブルパレス,53.2,38.5,24.8,12.3,14.7,13.7,12.5,12.3
20260531,ウインビスタ,56.0,41.6,27.5,13.9,14.4,14.1,13.6,13.9
20260531,プペアンビスキュイ,56.6,40.8,26.9,13.5,15.8,13.9,13.4,13.5
20260531,ロコラッテ,68.7,49.3,31.6,16.0,19.4,17.7,15.6,16.0
20260531,スクワミッシュ,58.2,42.6,27.8,13.2,15.6,14.8,14.6,13.2
20260531,シャンデルナゴル,59.1,42.7,27.8,13.9,16.4,14.9,13.9,13.9
20260531,ライジン,57.6,42.3,28.6,14.3,15.3,13.7,14.3,14.3
20260531,サタデーサンライズ,65.4,46.5,29.5,14.5,18.9,17.0,15.0,14.5
20260531,サリーチェ,57.8,42.9,28.5,14.6,14.9,14.4,13.9,14.6
20260531,スマートコーラル,65.2,47.3,30.8,15.3,17.9,16.5,15.5,15.3
20260531,グーフィー,69.6,49.7,32.9,15.6,19.9,16.8,17.3,15.6
20260531,バートラガッツ,59.8,43.7,28.7,14.2,16.1,15.0,14.5,14.2
20260531,サイモンレガシー,64.2,48.1,32.2,16.1,16.1,15.9,16.1,16.1
20260531,イッソス,64.3,47.0,31.0,15.2,17.3,16.0,15.8,15.2
20260531,ママコチャ,58.9,41.4,26.1,12.8,17.5,15.3,13.3,12.8
20260531,フランキーバローズ,59.1,41.2,25.8,12.6,17.9,15.4,13.2,12.6
20260531,スカイスプレンダー,59.6,42.7,27.2,12.8,16.9,15.5,14.4,12.8
20260531,ジュエルシップ,64.6,47.4,31.1,15.0,17.2,16.3,16.1,15.0
20260531,ダノンフィガロ,61.0,43.8,28.4,13.8,17.2,15.4,14.6,13.8
20260531,トゥーレジット,59.8,42.5,27.1,13.3,17.3,15.4,13.8,13.3
20260531,プッシュザリミット,65.5,48.1,31.8,15.6,17.4,16.3,16.2,15.6
20260531,タガノデュード,57.3,41.2,26.1,12.4,16.1,15.1,13.7,12.4
20260531,フィオラーノ,70.1,51.0,33.3,15.9,19.1,17.7,17.4,15.9
20260531,テーオードレフォン,59.8,42.3,26.9,13.1,17.5,15.4,13.8,13.1
20260531,オアシスアラン,67.1,48.7,32.4,16.0,18.4,16.3,16.4,16.0
20260531,テンタイムトップ,67.1,49.0,32.3,16.2,18.1,16.7,16.1,16.2
20260531,ヴァニーユ,67.6,49.1,32.2,16.3,18.5,16.9,15.9,16.3
20260531,ビーテリオス,71.2,51.2,33.2,16.1,20.0,18.0,17.1,16.1
20260531,ラホーヤアイズ,58.7,43.5,28.8,14.6,15.2,14.7,14.2,14.6
20260531,マサノブルスカイ,68.9,50.8,33.5,16.6,18.1,17.3,16.9,16.6
20260531,イイデカンタロウ,54.9,39.7,26.8,13.3,15.2,12.9,13.5,13.3
20260531,モズリバーシャトー,54.5,39.2,25.6,12.8,15.3,13.6,12.8,12.8
20260531,プレダトゥール,63.3,45.6,29.6,14.9,17.7,16.0,14.7,14.9
20260531,ヒルノアラゴン,66.8,48.8,32.2,15.7,18.0,16.6,16.5,15.7
20260531,ファームツエンティ,70.0,49.3,31.4,15.4,20.7,17.9,16.0,15.4
20260531,プリンセッサ,59.4,42.9,27.9,14.0,16.5,15.0,13.9,14.0
20260531,メイショウホウレン,62.1,44.6,29.2,14.4,17.5,15.4,14.8,14.4
20260531,スリーラーケン,80.0,58.7,37.8,18.3,21.3,20.9,19.5,18.3
20260531,ツーエムクロノス,73.2,54.3,36.4,18.0,18.9,17.9,18.4,18.0
20260531,ジョイフルサンデー,59.5,44.0,29.1,14.7,15.5,14.9,14.4,14.7
20260531,キーテーマ,63.6,46.7,30.9,15.6,16.9,15.8,15.3,15.6
20260531,ｴｸｽﾁｪﾝｼﾞの24,57.2,42.2,28.0,14.1,15.0,14.2,13.9,14.1
20260531,ヒグマドン,57.3,42.3,28.0,14.1,15.0,14.3,13.9,14.1
20260531,ピエマンソン,64.6,44.2,27.5,13.3,20.4,16.7,14.2,13.3
20260531,オンザマーチ,59.1,42.5,27.2,13.5,16.6,15.3,13.7,13.5
20260531,アルギエバ,68.9,50.4,33.4,16.1,18.5,17.0,17.3,16.1
20260531,タガノマルアフ,68.2,48.3,31.4,15.1,19.9,16.9,16.3,15.1
20260531,エイシンインアウト,60.5,44.3,30.0,15.2,16.2,14.3,14.8,15.2
20260531,レイセツ,61.2,46.0,30.9,15.4,15.2,15.1,15.5,15.4
20260531,メイショウラウルス,69.2,50.5,33.6,16.6,18.7,16.9,17.0,16.6
20260531,ダディーズトリップ,71.7,51.9,33.6,16.3,19.8,18.3,17.3,16.3
20260531,エンブレムボム,0.0,0.0,0.0,0.0,0.0,0.0,0.0,0.0
20260531,サンマルノヴェル,57.3,41.6,26.5,12.8,15.7,15.1,13.7,12.8
20260531,ユウトザイシン,70.2,50.6,32.8,16.2,19.6,17.8,16.6,16.2
20260531,イーグルチョイス,72.2,52.5,34.0,16.5,19.7,18.5,17.5,16.5
20260531,ナムラヒナギク,68.7,49.4,32.5,16.2,19.3,16.9,16.3,16.2
20260531,アクートゥス,57.8,42.3,27.9,13.8,15.5,14.4,14.1,13.8
20260531,テイクザクラウン,65.2,46.9,30.0,14.8,18.3,16.9,15.2,14.8
20260531,タントレーベル,66.7,49.1,31.7,15.8,17.6,17.4,15.9,15.8
20260531,レイサンソク,66.0,48.3,31.2,15.4,17.7,17.1,15.8,15.4
20260531,タガノシルフィー,56.2,41.4,27.6,13.9,14.8,13.8,13.7,13.9
20260531,エイシンティザー,66.2,48.0,31.0,15.7,18.2,17.0,15.3,15.7
20260531,サマーキューピッド,67.1,49.7,31.9,15.9,17.4,17.8,16.0,15.9
20260531,ウィンザーローズ,67.4,49.2,32.0,15.9,18.2,17.2,16.1,15.9
20260531,エスヴェドラ,67.5,49.6,32.4,15.9,17.9,17.2,16.5,15.9
20260531,ハナウマビーチ,60.8,45.6,30.6,15.2,15.2,15.0,15.4,15.2
20260531,インカルナータ,59.6,42.9,27.7,13.9,16.7,15.2,13.8,13.9
20260531,メイショウシナノ,65.7,49.3,32.7,16.0,16.4,16.6,16.7,16.0
20260531,ウインロズパレード,70.3,53.1,36.6,18.4,17.2,16.5,18.2,18.4
20260531,フィオラーノ,65.7,48.2,31.2,14.9,17.5,17.0,16.3,14.9
20260531,オラロア,57.6,42.3,27.5,12.7,15.3,14.8,14.8,12.7
20260531,ダイシンヨーク,72.8,53.0,35.4,17.4,19.8,17.6,18.0,17.4
20260531,ゴールドアクセス,55.2,41.0,26.6,12.7,14.2,14.4,13.9,12.7
20260531,カデナボニータ,64.1,47.2,31.6,15.8,16.9,15.6,15.8,15.8
20260531,ルマンサルト,71.8,51.7,33.3,16.3,20.1,18.4,17.0,16.3
20260531,ウィモウェ,71.6,52.7,34.7,17.4,18.9,18.0,17.3,17.4
20260531,メイショウリリー,60.7,44.5,29.4,14.3,16.2,15.1,15.1,14.3
20260531,シホノペルフェット,56.2,40.6,26.2,12.4,15.6,14.4,13.8,12.4
20260531,レフティサーリ,65.4,46.5,29.4,14.9,18.9,17.1,14.5,14.9
20260531,アーサーバローズ,56.3,40.4,25.9,12.5,15.9,14.5,13.4,12.5
20260531,タイガースパーク,68.1,50.4,33.6,16.6,17.7,16.8,17.0,16.6
20260531,メイショウヘール,59.7,44.6,29.7,15.1,15.1,14.9,14.6,15.1
20260531,アスゴッド,66.5,48.1,31.8,15.6,18.4,16.3,16.2,15.6
20260531,スピードリッチ,57.1,41.8,27.5,13.5,15.3,14.3,14.0,13.5
20260531,オリーボーレン,58.2,43.7,28.8,14.2,14.5,14.9,14.6,14.2
20260531,スリーラーケン,70.2,51.5,33.5,16.4,18.7,18.0,17.1,16.4
20260531,エイプリルインパリ,54.0,39.3,25.7,12.5,14.7,13.6,13.2,12.5
20260531,ヴィラーニ,59.2,44.0,29.3,14.5,15.2,14.7,14.8,14.5
20260531,グディンナ,70.4,51.5,34.0,16.7,18.9,17.5,17.3,16.7
20260531,ケリフレッドアスク,65.3,47.6,31.4,15.7,17.7,16.2,15.7,15.7
20260531,コンフォルツァ,58.1,42.8,27.8,13.6,15.3,15.0,14.2,13.6
20260531,ワンモアスマイル,72.4,54.0,35.3,17.2,18.4,18.7,18.1,17.2
20260531,ダノンオブアイデア,68.5,49.7,32.7,16.3,18.8,17.0,16.4,16.3
20260531,マテンロウアルカナ,60.5,44.1,29.2,14.4,16.4,14.9,14.8,14.4
20260531,エムズマインド,58.9,42.7,28.0,14.1,16.2,14.7,13.9,14.1
20260531,ルクスビッグスター,70.4,51.8,34.3,17.3,18.6,17.5,17.0,17.3
20260531,バロンドール,64.9,47.5,31.3,15.6,17.4,16.2,15.7,15.6
20260531,ルクスフレンジー,61.1,44.7,29.5,14.6,16.4,15.2,14.9,14.6
20260531,シャルクハフト,70.9,52.5,35.0,17.5,18.4,17.5,17.5,17.5
20260531,ピエタンツァ,66.4,48.1,31.7,15.6,18.3,16.4,16.1,15.6
20260531,フレイムスター,69.0,50.0,32.8,16.5,19.0,17.2,16.3,16.5
20260531,アヴレディール,65.4,48.0,31.7,15.9,17.4,16.3,15.8,15.9
20260531,ロードアルディート,56.3,41.3,27.4,13.7,15.0,13.9,13.7,13.7
20260531,メイショウアボット,65.6,47.5,31.7,16.0,18.1,15.8,15.7,16.0
20260531,サイモンゴージャス,53.8,39.9,26.5,13.3,13.9,13.4,13.2,13.3
20260531,アンソニー,63.3,45.2,29.1,14.6,18.1,16.1,14.5,14.6
20260531,リリーボレア,59.0,43.5,28.5,14.3,15.5,15.0,14.2,14.3
20260531,ワンダフルデイズ,54.7,40.3,26.3,13.0,14.4,14.0,13.3,13.0
20260531,ギャルズマインド,65.8,47.5,31.2,15.2,18.3,16.3,16.0,15.2
20260531,セントールビースト,66.6,48.5,32.3,16.2,18.1,16.2,16.1,16.2
20260531,ダイメイミラクル,69.2,51.3,34.1,17.3,17.9,17.2,16.8,17.3
20260531,ノリノドラゴン,64.5,48.2,32.2,16.4,16.3,16.0,15.8,16.4
20260531,メイショウツキヨ,59.5,42.9,27.5,13.5,16.6,15.4,14.0,13.5
20260531,ブラックシャリマー,59.8,43.7,27.9,13.2,16.1,15.8,14.7,13.2
20260531,クレスコフェーヴ,66.9,48.8,32.1,16.0,18.1,16.7,16.1,16.0
20260531,ゴールデンバランス,58.7,42.7,27.4,13.4,16.0,15.3,14.0,13.4
20260531,モズアンタレス,64.4,48.6,32.9,16.0,15.8,15.7,16.9,16.0
20260531,エンヤラヴフェイス,65.6,47.9,32.0,15.6,17.7,15.9,16.4,15.6
20260531,モズナイスバディー,58.3,42.5,27.6,13.2,15.8,14.9,14.4,13.2
20260531,オーロクリューソス,61.3,45.0,30.6,15.5,16.3,14.4,15.1,15.5
20260531,メイショウローゼ,55.8,40.2,26.4,13.2,15.6,13.8,13.2,13.2
20260531,マイトグラッド,65.1,47.5,31.1,15.5,17.6,16.4,15.6,15.5
20260531,ブレットパス,54.6,39.7,25.4,12.5,14.9,14.3,12.9,12.5
20260531,クールデイトナ,52.9,39.1,25.4,12.6,13.8,13.7,12.8,12.6
20260531,ルージュプルーヴ,55.2,40.0,26.2,13.3,15.2,13.8,12.9,13.3
20260531,チェサピークベイ,53.6,39.9,27.1,14.1,13.7,12.8,13.0,14.1
20260531,クールタロウ,54.3,39.6,25.3,12.5,14.7,14.3,12.8,12.5
20260531,ジーティーキャメル,54.4,39.7,25.4,12.5,14.7,14.3,12.9,12.5
20260531,ミッキーツインクル,61.5,44.7,29.1,14.6,16.8,15.6,14.5,14.6
20260531,メイショウクーガー,61.3,44.3,28.8,14.3,17.0,15.5,14.5,14.3
20260531,ジャーナーリア,70.0,48.9,31.7,15.5,21.1,17.2,16.2,15.5
20260531,フェリチタ,60.3,44.2,28.7,13.9,16.1,15.5,14.8,13.9
20260531,ダノンデスティニー,65.8,48.5,32.2,16.5,17.3,16.3,15.7,16.5
20260531,リュウトウコヤク,60.4,44.2,28.7,13.9,16.2,15.5,14.8,13.9
20260531,パシアンジャン,62.8,47.0,30.9,15.7,15.8,16.1,15.2,15.7
20260531,ヴァージル,57.1,41.6,27.3,12.7,15.5,14.3,14.6,12.7
20260531,ブルームザスマイル,58.0,43.5,28.8,14.2,14.5,14.7,14.6,14.2
20260531,タイキエクセロン,58.2,42.1,27.1,13.6,16.1,15.0,13.5,13.6
20260531,フェイトブレイカー,57.9,42.1,27.6,13.8,15.8,14.5,13.8,13.8
20260531,サクライロマウコロ,88.5,65.5,43.6,21.4,23.0,21.9,22.2,21.4
20260531,ダノンベルビュー,57.3,41.3,27.1,13.2,16.0,14.2,13.9,13.2
20260531,レーヴドヒロイン,64.1,46.8,30.8,15.5,17.3,16.0,15.3,15.5
20260531,ダディーズトリップ,57.5,40.9,26.0,12.6,16.6,14.9,13.4,12.6
20260531,ダイメイプリンス,54.8,40.0,25.4,12.4,14.8,14.6,13.0,12.4
20260531,イーグルチョイス,60.0,43.1,27.6,13.7,16.9,15.5,13.9,13.7
20260531,レイワノキセキ,67.7,48.7,31.5,16.1,19.0,17.2,15.4,16.1
20260531,マイベスティー,62.5,45.9,29.9,14.6,16.6,16.0,15.3,14.6
20260531,グランピアン,55.2,40.2,25.4,12.3,15.0,14.8,13.1,12.3
20260531,セレブトーチ,64.9,46.8,30.1,15.0,18.1,16.7,15.1,15.0
20260531,インペリアルライツ,66.2,48.5,31.1,15.9,17.7,17.4,15.2,15.9
20260531,ルクスラモン,61.9,45.9,29.8,14.4,16.0,16.1,15.4,14.4
20260531,ストライクアロー,61.8,45.9,29.9,14.6,15.9,16.0,15.3,14.6
20260531,マイユニバース,54.9,39.9,25.2,12.2,15.0,14.7,13.0,12.2
20260531,カルロット,63.8,46.1,29.9,14.8,17.7,16.2,15.1,14.8
20260531,エルトンバローズ,59.9,43.6,28.9,14.1,16.3,14.7,14.8,14.1
20260531,シンギタイ,53.4,39.4,25.9,13.3,14.0,13.5,12.6,13.3
20260531,シャロン,58.7,42.9,26.8,13.2,15.8,16.1,13.6,13.2
20260531,ヤマカツレオン,68.0,49.3,32.2,16.0,18.7,17.1,16.2,16.0
20260531,ブラックシールド,66.9,48.9,32.0,15.6,18.0,16.9,16.4,15.6
20260531,プライベートアイズ,58.6,43.5,28.6,13.9,15.1,14.9,14.7,13.9
20260531,ビーウィナー,54.0,38.9,25.3,12.9,15.1,13.6,12.4,12.9
20260531,ビートル,57.7,41.6,27.2,13.5,16.1,14.4,13.7,13.5
20260531,フードマン,69.4,50.4,33.3,16.3,19.0,17.1,17.0,16.3
20260531,メイケイバートン,55.1,41.2,27.6,13.9,13.9,13.6,13.7,13.9
20260531,ニシノジェダイ,59.1,42.4,27.1,13.1,16.7,15.3,14.0,13.1
20260531,ラスカルキッド,56.2,42.1,27.8,14.1,14.1,14.3,13.7,14.1
20260531,カクシンゴールド,57.1,42.7,28.3,14.1,14.4,14.4,14.2,14.1
20260531,ミスティックレイン,68.1,49.4,32.5,16.1,18.7,16.9,16.4,16.1
20260531,メリオーレム,60.1,44.2,29.4,15.3,15.9,14.8,14.1,15.3
20260531,エブリデイ,60.7,43.5,28.6,14.1,17.2,14.9,14.5,14.1
20260531,エムズグレイ,61.1,45.5,30.2,15.0,15.6,15.3,15.2,15.0
20260531,ロードフェイスオフ,60.7,45.4,30.1,14.9,15.3,15.3,15.2,14.9
20260531,セルリアンゲーゲン,67.4,49.1,32.4,16.0,18.3,16.7,16.4,16.0
20260531,ゼンダンハヤブサ,59.6,43.0,27.7,13.4,16.6,15.3,14.3,13.4
20260531,プリメラエストレラ,59.0,43.1,28.1,13.7,15.9,15.0,14.4,13.7
20260531,ビッグシーザー,67.6,48.8,32.0,16.1,18.8,16.8,15.9,16.1
20260531,アシャカブラーヴ,67.4,49.3,32.0,15.4,18.1,17.3,16.6,15.4
20260531,デルマトカチ,64.9,47.9,31.2,15.4,17.0,16.7,15.8,15.4
20260531,グラスゴー,54.7,40.0,25.9,12.5,14.7,14.1,13.4,12.5
20260531,レヴロード,56.9,40.8,26.2,13.3,16.1,14.6,12.9,13.3
20260531,セブンサークル,65.9,47.8,31.2,15.3,18.1,16.6,15.9,15.3
20260531,ゲインサポート,66.1,47.8,31.3,15.5,18.3,16.5,15.8,15.5
20260531,カネコメブライト,62.8,45.9,30.3,14.9,16.9,15.6,15.4,14.9
20260531,ジョヴィアン,59.5,43.4,28.5,14.2,16.1,14.9,14.3,14.2
20260531,サンダーバース,54.8,38.9,25.3,13.0,15.9,13.6,12.3,13.0
20260531,テラレガル,62.8,47.3,31.8,16.0,15.5,15.5,15.8,16.0
20260531,ウンディーネ,57.4,42.0,27.5,13.6,15.4,14.5,13.9,13.6
20260531,タイセイレグノ,58.3,41.1,26.6,12.8,17.2,14.5,13.8,12.8
20260531,オスカーレイア,65.2,47.2,30.4,15.8,18.0,16.8,14.6,15.8
20260531,プリュスエクラ,64.9,46.0,29.3,13.9,18.9,16.7,15.4,13.9
20260531,ミッキークレスト,58.5,43.4,28.9,14.3,15.1,14.5,14.6,14.3
20260531,レッドフロイデ,62.4,45.3,30.2,14.9,17.1,15.1,15.3,14.9
20260531,レッドプロフェシー,64.3,47.3,31.1,15.1,17.0,16.2,16.0,15.1
20260531,アウトレンジ,64.1,47.1,31.3,15.4,17.0,15.8,15.9,15.4
20260531,アイブリンク,62.2,45.9,30.4,15.7,16.3,15.5,14.7,15.7
20260531,ランツフート,63.2,46.0,30.2,15.1,17.2,15.8,15.1,15.1
20260531,キンダープンシュ,63.5,46.5,30.4,15.5,17.0,16.1,14.9,15.5
20260531,ジーティーダーリン,68.5,49.2,31.9,15.8,19.3,17.3,16.1,15.8
20260531,メイショウサザナミ,66.3,48.3,32.2,16.3,18.0,16.1,15.9,16.3
20260531,マカホウ,63.0,46.8,31.0,15.4,16.2,15.8,15.6,15.4
20260531,メイショウタダツグ,61.2,45.7,30.1,14.9,15.5,15.6,15.2,14.9
20260531,ラウニウ,65.9,49.4,32.9,16.5,16.5,16.5,16.4,16.5
20260531,ショウグンマサムネ,59.5,43.2,28.0,13.7,16.3,15.2,14.3,13.7
20260531,ワンダーゾルダート,72.1,52.9,34.6,17.2,19.2,18.3,17.4,17.2
20260531,ラヴァブル,66.3,48.7,32.7,16.2,17.6,16.0,16.5,16.2
20260531,テリオスリコ,58.2,42.5,28.2,14.4,15.7,14.3,13.8,14.4
20260531,チェルヴァーラ,70.0,50.3,32.6,15.9,19.7,17.7,16.7,15.9
20260531,ジーティービキニ,55.9,40.7,26.7,13.3,15.2,14.0,13.4,13.3
20260531,テリオスベラ,62.1,46.0,30.4,15.0,16.1,15.6,15.4,15.0
20260531,ショウナンザナドゥ,67.0,49.3,32.1,15.7,17.7,17.2,16.4,15.7
20260531,ジーニアスバローズ,58.1,42.8,28.3,14.0,15.3,14.5,14.3,14.0
20260531,ポッドドンナー,55.4,39.8,25.4,12.5,15.6,14.4,12.9,12.5
20260531,ドマーネ,57.5,41.4,27.2,13.6,16.1,14.2,13.6,13.6
20260531,ロードインヴォーグ,57.1,42.7,29.1,14.8,14.4,13.6,14.3,14.8
20260531,プリマアルバ,57.5,40.9,26.2,13.3,16.6,14.7,12.9,13.3
20260531,ヴィルダースヴィル,58.8,41.6,27.2,13.5,17.2,14.4,13.7,13.5
20260531,ボードゥロレーヌ,58.9,41.7,27.3,13.7,17.2,14.4,13.6,13.7
20260531,ロードオルデン,57.5,41.1,26.8,13.4,16.4,14.3,13.4,13.4
20260531,マテンロウノカゼ,67.8,50.6,34.1,17.5,17.2,16.5,16.6,17.5
20260531,リテラシー,67.6,49.3,32.9,15.9,18.3,16.4,17.0,15.9
20260531,シャンパンライフ,65.2,48.2,32.1,16.6,17.0,16.1,15.5,16.6
20260531,リン,68.3,50.0,32.9,16.3,18.3,17.1,16.6,16.3
20260531,テンカオーライ,58.2,42.5,27.4,13.6,15.7,15.1,13.8,13.6
