年月日,馬名,Time1,Time2,Time3,Time4,Lap4,Lap3,Lap2,Lap1
20260529,メイショウソムリエ,61.6,45.2,29.5,14.6,16.4,15.7,14.9,14.6
20260529,エラン,62.9,46.5,30.8,15.1,16.4,15.7,15.7,15.1
20260529,トロヴァトーレ,60.0,44.9,29.9,14.7,15.1,15.0,15.2,14.7
20260529,トワニ,61.8,45.7,30.2,14.7,16.1,15.5,15.5,14.7
20260529,バレンタインビスタ,61.3,45.4,29.6,14.7,15.9,15.8,14.9,14.7
20260529,サトノヴィレ,60.9,45.0,29.5,14.8,15.9,15.5,14.7,14.8
20260529,イゾラフェリーチェ,60.4,45.1,29.6,14.9,15.3,15.5,14.7,14.9
20260529,カイトヴィント,62.7,46.3,30.2,15.2,16.4,16.1,15.0,15.2
20260529,ディースプレマシー,54.7,40.0,25.7,12.8,14.7,14.3,12.9,12.8
20260529,マックスキュー,62.2,45.8,30.0,14.6,16.4,15.8,15.4,14.6
20260529,ゲンジ,62.8,46.2,30.3,15.2,16.6,15.9,15.1,15.2
20260529,ピカピカサンダー,61.5,45.2,29.8,14.9,16.3,15.4,14.9,14.9
20260529,ニシノイストワール,62.4,46.0,30.0,14.9,16.4,16.0,15.1,14.9
20260529,シンショク,65.3,48.2,31.5,15.7,17.1,16.7,15.8,15.7
20260529,ケナゲ,63.6,46.9,31.4,15.7,16.7,15.5,15.7,15.7
20260529,ホウオウバトラー,68.3,49.9,32.5,16.5,18.4,17.4,16.0,16.5
20260529,ロジケープ,67.7,49.5,32.1,16.2,18.2,17.4,15.9,16.2
20260529,ノリマル,67.8,49.3,31.9,16.0,18.5,17.4,15.9,16.0
20260529,コスモアルペジオ,62.3,46.0,30.0,15.0,16.3,16.0,15.0,15.0
20260529,エッチェレンテ,60.6,44.6,29.0,14.5,16.0,15.6,14.5,14.5
20260529,サノノキセキ,67.7,49.5,32.4,16.1,18.2,17.1,16.3,16.1
20260529,カペラテソーロ,54.2,39.7,25.6,12.8,14.5,14.1,12.8,12.8
20260529,キュータンチャン,63.2,47.0,31.0,15.6,16.2,16.0,15.4,15.6
20260529,フミサウンド,64.9,47.5,31.7,16.0,17.4,15.8,15.7,16.0
20260529,サンセットブライト,69.7,51.6,33.9,16.6,18.1,17.7,17.3,16.6
20260529,ヴァズレーヌ,65.3,47.5,31.6,15.5,17.8,15.9,16.1,15.5
20260529,スピニンググローブ,65.5,48.5,31.5,15.6,17.0,17.0,15.9,15.6
20260529,コスモクラシック,65.4,47.7,31.5,15.3,17.7,16.2,16.2,15.3
20260529,チャンピオンホープ,70.7,52.4,34.8,17.5,18.3,17.6,17.3,17.5
20260529,コンティ,61.5,45.1,29.6,14.9,16.4,15.5,14.7,14.9
20260529,ヴァルカンテソーロ,67.4,48.7,31.5,15.4,18.7,17.2,16.1,15.4
20260529,ゴーラッキー,65.9,47.6,30.4,14.8,18.3,17.2,15.6,14.8
20260529,ウップヘリーア,61.4,44.9,29.4,14.6,16.5,15.5,14.8,14.6
20260529,ゴールデンハニビー,61.1,44.4,29.2,14.6,16.7,15.2,14.6,14.6
20260529,ウイングレイテスト,59.1,42.9,28.0,14.6,16.2,14.9,13.4,14.6
20260529,ベイビールビオ,67.2,49.7,32.9,16.2,17.5,16.8,16.7,16.2
20260529,リッチハンター,69.9,51.2,33.4,16.2,18.7,17.8,17.2,16.2
20260529,アッチャゴーラ,66.6,48.8,31.5,15.8,17.8,17.3,15.7,15.8
20260529,ヒロピアーナ,68.1,50.2,33.2,16.5,17.9,17.0,16.7,16.5
20260529,シリウスコルト,63.6,46.9,30.8,15.2,16.7,16.1,15.6,15.2
20260529,ショウナンタハティ,68.8,51.1,33.6,16.9,17.7,17.5,16.7,16.9
20260529,トレインザマインド,67.0,49.7,32.4,16.2,17.3,17.3,16.2,16.2
20260529,スワローシチー,69.3,51.3,34.2,17.2,18.0,17.1,17.0,17.2
20260529,ベルウッドピース,67.5,49.4,32.5,16.3,18.1,16.9,16.2,16.3
20260529,フクスケ,71.6,51.2,33.6,17.0,20.4,17.6,16.6,17.0
20260529,ブライトエアリー,69.9,51.4,34.2,17.1,18.5,17.2,17.1,17.1
20260529,ナズドゥラヴィ,64.6,48.4,31.8,15.7,16.2,16.6,16.1,15.7
20260529,カワイクテゴメン,63.7,47.8,31.2,15.3,15.9,16.6,15.9,15.3
20260529,ガヤーズベース,65.1,48.0,31.6,15.3,17.1,16.4,16.3,15.3
20260529,スタームーンナイト,67.1,49.4,32.4,16.5,17.7,17.0,15.9,16.5
20260529,ビービーアジャイル,68.5,50.8,33.4,16.7,17.7,17.4,16.7,16.7
20260529,ザンテソーロ,59.9,43.7,28.9,14.6,16.2,14.8,14.3,14.6
20260529,ヘクトルテソーロ,67.6,49.5,33.1,16.6,18.1,16.4,16.5,16.6
20260529,ヴァンデスペランス,66.4,49.4,32.0,16.2,17.0,17.4,15.8,16.2
20260529,ランドジャイアンツ,69.5,50.6,33.0,16.3,18.9,17.6,16.7,16.3
20260529,ノヴァフォルス,69.0,51.3,33.7,16.2,17.7,17.6,17.5,16.2
20260529,フェリスセンダ,68.7,50.8,33.3,16.4,17.9,17.5,16.9,16.4
20260529,レオンティウス,64.1,47.1,31.0,14.8,17.0,16.1,16.2,14.8
20260529,ホークマン,69.1,51.9,34.5,17.3,17.2,17.4,17.2,17.3
20260529,トライデント,66.2,48.3,31.2,15.6,17.9,17.1,15.6,15.6
20260529,レガレイラ,70.8,52.3,34.5,16.8,18.5,17.8,17.7,16.8
20260529,アウルムレガリア,68.8,51.2,33.7,17.1,17.6,17.5,16.6,17.1
20260529,タイセイデクスター,70.2,51.6,34.2,16.9,18.6,17.4,17.3,16.9
20260529,クライスレリアーナ,67.3,49.6,32.2,16.1,17.7,17.4,16.1,16.1
20260529,ラインクインビー,76.0,56.7,37.7,19.1,19.3,19.0,18.6,19.1
20260529,グローリアスダンス,69.0,51.6,34.3,17.5,17.4,17.3,16.8,17.5
20260529,カシマライフウ,69.4,51.0,33.7,17.4,18.4,17.3,16.3,17.4
20260529,エイシンニラク,66.9,49.7,32.9,16.7,17.2,16.8,16.2,16.7
20260529,グランマエストロ,70.4,52.1,34.0,16.6,18.3,18.1,17.4,16.6
20260529,パントルナイーフ,69.4,51.1,33.3,16.4,18.3,17.8,16.9,16.4
20260529,ソラティオ,69.4,51.6,34.4,17.7,17.8,17.2,16.7,17.7
20260529,キタノエフロレス,68.7,51.1,33.6,17.0,17.6,17.5,16.6,17.0
20260529,デルマタモン,67.2,49.7,32.7,16.3,17.5,17.0,16.4,16.3
20260529,タシット,72.8,53.3,34.8,17.4,19.5,18.5,17.4,17.4
20260529,オリオアルセーリオ,70.9,51.4,33.9,17.5,19.5,17.5,16.4,17.5
20260529,ライネリーベ,69.1,50.6,33.0,15.9,18.5,17.6,17.1,15.9
20260529,コスモグラニット,73.0,53.7,35.7,17.9,19.3,18.0,17.8,17.9
20260529,ロッシニアーナ,70.2,51.7,33.9,16.8,18.5,17.8,17.1,16.8
20260529,ニシノギャルズ,68.9,51.0,33.5,16.8,17.9,17.5,16.7,16.8
20260529,ウインルナロッサ,73.3,53.5,35.4,17.4,19.8,18.1,18.0,17.4
20260529,カーニバルウェイ,73.8,54.2,35.8,18.1,19.6,18.4,17.7,18.1
20260529,エルファリス,67.2,49.0,32.0,16.0,18.2,17.0,16.0,16.0
20260529,ポッドデスペア,70.7,50.7,33.1,16.3,20.0,17.6,16.8,16.3
20260529,ハルノアメ,69.2,50.1,32.7,16.0,19.1,17.4,16.7,16.0
20260529,スカイドリーマー,71.2,51.7,33.5,16.7,19.5,18.2,16.8,16.7
20260529,カリヨンアヴォン,69.0,51.0,33.7,16.9,18.0,17.3,16.8,16.9
20260529,エコロガレル,65.2,47.5,30.9,15.3,17.7,16.6,15.6,15.3
20260529,サクラトップラック,65.0,47.4,30.9,15.1,17.6,16.5,15.8,15.1
20260529,スカイズザリミット,71.2,52.1,34.8,17.3,19.1,17.3,17.5,17.3
20260529,フィリオソラーレ,71.8,53.4,35.4,17.0,18.4,18.0,18.4,17.0
20260529,アドミ,68.9,50.5,33.5,17.3,18.4,17.0,16.2,17.3
20260529,ゴットタレント,69.3,50.9,33.3,16.2,18.4,17.6,17.1,16.2
20260529,アイファーアイドル,70.6,51.9,33.7,17.0,18.7,18.2,16.7,17.0
20260529,スミレノハナ,71.4,53.3,35.5,17.5,18.1,17.8,18.0,17.5
20260529,ヒコボシ,70.6,51.6,34.0,16.7,19.0,17.6,17.3,16.7
20260529,ゴールドドレッサ,69.1,50.8,33.7,17.1,18.3,17.1,16.6,17.1
20260529,メテオレムナント,69.3,51.7,33.9,16.9,17.6,17.8,17.0,16.9
20260529,レイズテンペスト,69.5,51.9,34.3,17.1,17.6,17.6,17.2,17.1
20260529,ジーティージェミル,71.7,52.7,34.3,17.3,19.0,18.4,17.0,17.3
20260529,ガミーヌ,69.8,50.9,33.6,16.8,18.9,17.3,16.8,16.8
20260529,ヴァルボナ,70.9,52.6,34.5,17.1,18.3,18.1,17.4,17.1
20260529,ファナティカル,69.3,51.2,33.5,16.8,18.1,17.7,16.7,16.8
20260529,モウレツ,67.9,49.9,32.3,16.1,18.0,17.6,16.2,16.1
20260529,ダイチマイスター,69.5,51.8,34.4,17.3,17.7,17.4,17.1,17.3
20260529,アゴルディーノ,70.6,51.5,33.6,16.6,19.1,17.9,17.0,16.6
20260529,モミスケ,65.5,48.5,31.7,15.3,17.0,16.8,16.4,15.3
20260529,ライーリーアース,68.3,49.8,31.9,16.0,18.5,17.9,15.9,16.0
20260529,レガメデルヴェント,65.5,48.2,31.2,15.2,17.3,17.0,16.0,15.2
20260529,サイモンルモンド,70.8,52.1,34.2,17.1,18.7,17.9,17.1,17.1
20260529,サイモンカーチス,72.1,51.6,33.4,16.2,20.5,18.2,17.2,16.2
20260529,イージーブリージー,64.7,47.7,30.9,15.0,17.0,16.8,15.9,15.0
20260529,カリーシ,64.9,47.8,31.4,15.5,17.1,16.4,15.9,15.5
20260529,クリアクォーツ,71.0,52.1,34.0,17.0,18.9,18.1,17.0,17.0
20260529,ミスエベレスト,64.6,47.5,31.1,15.4,17.1,16.4,15.7,15.4
20260529,ヴェンデボヌール,65.0,48.0,31.9,16.5,17.0,16.1,15.4,16.5
20260529,ワンダーブリッツ,64.7,47.6,31.5,15.9,17.1,16.1,15.6,15.9
20260529,テンムス,64.1,47.4,30.7,14.8,16.7,16.7,15.9,14.8
20260529,エムノビアンカ,60.3,44.3,29.0,14.2,16.0,15.3,14.8,14.2
20260529,スチョウプリンセス,72.1,51.4,33.4,16.2,20.7,18.0,17.2,16.2
20260529,スードランダム,64.7,48.0,31.5,15.4,16.7,16.5,16.1,15.4
20260529,ブロンクス,64.8,47.6,31.4,15.6,17.2,16.2,15.8,15.6
20260529,ﾒﾗﾝｺﾘｱの24,65.1,48.2,31.3,15.3,16.9,16.9,16.0,15.3
20260529,ファブリック,63.6,47.4,31.5,15.5,16.2,15.9,16.0,15.5
20260529,エストレアボニータ,64.7,47.6,31.3,15.7,17.1,16.3,15.6,15.7
20260529,ムーヴ,67.4,49.6,32.8,16.3,17.8,16.8,16.5,16.3
20260529,ディズレーリ,67.3,49.6,33.1,16.5,17.7,16.5,16.6,16.5
20260529,アンバーニードル,69.6,51.6,34.1,16.3,18.0,17.5,17.8,16.3
20260529,スミレファースト,69.9,51.3,33.0,16.4,18.6,18.3,16.6,16.4
20260529,トキメキジニア,65.1,47.7,31.0,15.7,17.4,16.7,15.3,15.7
20260529,ミスティマウンテン,66.4,48.8,32.2,16.1,17.6,16.6,16.1,16.1
20260529,ルージュラナキラ,69.8,51.2,33.2,16.4,18.6,18.0,16.8,16.4
20260529,タイセイプランセス,74.8,55.3,36.6,18.2,19.5,18.7,18.4,18.2
20260529,ブラックトルネード,64.7,46.8,31.6,17.6,17.9,15.2,14.0,17.6
20260529,リオンアンサー,68.3,50.5,33.3,17.7,17.8,17.2,15.6,17.7
20260529,アラムベイ,69.2,48.9,30.7,15.1,20.3,18.2,15.6,15.1
20260529,ハートチャン,65.7,48.3,32.2,16.0,17.4,16.1,16.2,16.0
20260529,フォーエバーラブ,65.9,48.3,31.9,15.8,17.6,16.4,16.1,15.8
20260529,ヴェロシスタ,66.9,48.1,31.4,15.9,18.8,16.7,15.5,15.9
20260529,エレクトロン,66.7,49.4,32.7,16.4,17.3,16.7,16.3,16.4
20260529,サングラント,64.7,47.4,30.7,14.7,17.3,16.7,16.0,14.7
20260529,プリヴィマーク,66.4,48.9,32.6,16.6,17.5,16.3,16.0,16.6
20260529,ベアハンドキャッチ,66.4,48.9,32.3,16.0,17.5,16.6,16.3,16.0
20260529,ボスヒッツ,70.4,52.0,34.3,16.8,18.4,17.7,17.5,16.8
20260529,ブラックナザレ,68.0,50.0,33.1,17.4,18.0,16.9,15.7,17.4
20260529,シークレットタワー,65.4,47.7,31.5,15.4,17.7,16.2,16.1,15.4
20260529,サウザンサニー,68.3,50.1,32.5,16.1,18.2,17.6,16.4,16.1
20260529,ズイウンゴサイ,56.1,41.2,26.8,13.0,14.9,14.4,13.8,13.0
20260529,キョウエイカンセ,65.5,48.6,32.4,16.3,16.9,16.2,16.1,16.3
20260529,ロサンゼルス,67.3,49.0,31.7,15.2,18.3,17.3,16.5,15.2
20260529,ブリスフル,61.3,45.5,29.9,14.8,15.8,15.6,15.1,14.8
20260529,コガネノソラ,64.4,47.5,30.5,14.4,16.9,17.0,16.1,14.4
20260529,カゼノオモイデ,70.2,52.0,34.0,17.5,18.2,18.0,16.5,17.5
20260529,カスターニエ,66.8,49.0,31.9,15.5,17.8,17.1,16.4,15.5
20260529,スーパーガール,65.5,48.6,32.4,15.8,16.9,16.2,16.6,15.8
20260529,ルクソンライト,69.7,50.0,32.7,16.4,19.7,17.3,16.3,16.4
20260529,カガラプンツェル,65.7,48.4,31.6,15.6,17.3,16.8,16.0,15.6
20260529,タマモブレイキン,67.9,49.6,32.2,15.6,18.3,17.4,16.6,15.6
20260529,ヴェネチアンキング,67.5,49.3,32.3,15.7,18.2,17.0,16.6,15.7
20260529,フィールマイプラン,69.6,50.8,33.1,16.4,18.8,17.7,16.7,16.4
20260529,タマモチョコチップ,67.1,48.8,32.3,15.9,18.3,16.5,16.4,15.9
20260529,ヘルモソブレード,70.1,51.2,33.8,16.7,18.9,17.4,17.1,16.7
20260529,ラベンダーヘイズ,69.8,51.2,33.4,16.6,18.6,17.8,16.8,16.6
20260529,ノボリフジ,68.2,50.0,33.1,16.6,18.2,16.9,16.5,16.6
20260529,エッジランナー,56.2,41.4,27.3,13.1,14.8,14.1,14.2,13.1
20260529,アンティミスト,55.9,41.1,27.2,13.5,14.8,13.9,13.7,13.5
20260529,マルガリート,68.4,50.4,33.3,16.9,18.0,17.1,16.4,16.9
20260529,ベルイストワール,63.7,46.3,30.0,14.5,17.4,16.3,15.5,14.5
20260529,アラスカフレイバー,68.1,50.5,33.7,16.2,17.6,16.8,17.5,16.2
20260529,ナムラジミー,68.0,50.4,33.2,15.7,17.6,17.2,17.5,15.7
20260529,ベアダイヤモンド,62.3,45.4,29.4,14.0,16.9,16.0,15.4,14.0
20260529,アシャカロッケ,68.0,49.5,32.4,16.0,18.5,17.1,16.4,16.0
20260529,リバージュエル,68.8,50.7,33.4,16.6,18.1,17.3,16.8,16.6
20260529,ベネファクター,65.2,48.1,31.6,16.1,17.1,16.5,15.5,16.1
20260529,ラプランセス,65.2,48.1,31.6,16.1,17.1,16.5,15.5,16.1
20260529,ミツカネルナ,68.0,48.8,32.1,16.0,19.2,16.7,16.1,16.0
20260529,ルージュボニート,67.9,49.9,33.2,16.5,18.0,16.7,16.7,16.5
20260529,サリードゥ,70.1,51.1,33.3,16.8,19.0,17.8,16.5,16.8
20260529,モリノヤマセミ,70.3,51.3,33.6,16.9,19.0,17.7,16.7,16.9
20260529,キングズパレス,67.3,48.5,31.0,15.1,18.8,17.5,15.9,15.1
20260529,マルチャン,65.2,48.1,32.4,16.5,17.1,15.7,15.9,16.5
20260529,サンダーユニバンス,67.2,48.4,30.8,15.0,18.8,17.6,15.8,15.0
20260529,キョウエイグッド,76.6,54.1,34.7,16.4,22.5,19.4,18.3,16.4
20260529,ファリーザ,67.4,49.5,32.6,15.8,17.9,16.9,16.8,15.8
20260529,ハッピーラッキー,54.3,39.8,25.7,12.4,14.5,14.1,13.3,12.4
20260529,リアライズシリウス,64.8,48.1,31.3,15.3,16.7,16.8,16.0,15.3
20260529,キャリアビジョン,65.8,49.1,31.8,16.1,16.7,17.3,15.7,16.1
20260529,ピクシーゲイル,63.6,46.6,30.1,14.8,17.0,16.5,15.3,14.8
20260529,アマイクチヅケ,67.9,48.6,31.4,15.2,19.3,17.2,16.2,15.2
20260529,ユーゲットミー,64.3,47.1,30.9,14.9,17.2,16.2,16.0,14.9
20260529,アウダーシア,65.9,49.4,32.7,16.0,16.5,16.7,16.7,16.0
20260529,ニシノツムジカゼ,64.4,47.3,30.7,14.7,17.1,16.6,16.0,14.7
20260529,ベアゲイル,77.4,56.2,36.3,17.8,21.2,19.9,18.5,17.8
20260529,チャックネイト,67.9,50.1,33.4,16.8,17.8,16.7,16.6,16.8
20260529,ジェイパームス,67.6,50.5,33.4,16.8,17.1,17.1,16.6,16.8
20260529,ピースサイン,65.9,48.5,32.1,15.6,17.4,16.4,16.5,15.6
20260529,クカイリモク,64.6,47.7,30.7,15.5,16.9,17.0,15.2,15.5
20260529,アクアマーズ,66.8,48.6,31.3,15.2,18.2,17.3,16.1,15.2
20260529,コパノエビータ,68.5,50.4,33.2,17.1,18.1,17.2,16.1,17.1
20260529,ジオセントリック,68.1,50.4,33.7,16.6,17.7,16.7,17.1,16.6
20260529,レイユール,67.8,50.8,33.8,17.0,17.0,17.0,16.8,17.0
20260529,マルターズドン,66.3,49.3,33.0,16.3,17.0,16.3,16.7,16.3
20260529,エアトベーレ,65.3,48.6,32.2,16.0,16.7,16.4,16.2,16.0
20260529,ハイヤーマーク,66.5,48.9,32.2,16.0,17.6,16.7,16.2,16.0
20260529,ワインレッドハート,67.3,49.5,32.1,15.6,17.8,17.4,16.5,15.6
20260529,ジーティーヒラリ,65.8,46.7,30.2,15.1,19.1,16.5,15.1,15.1
20260529,クラウンロムパイア,65.5,47.8,31.2,15.5,17.7,16.6,15.7,15.5
20260529,キチロクタワー,65.5,48.0,31.2,15.6,17.5,16.8,15.6,15.6
20260529,フェリスチカ,68.6,48.4,30.3,14.3,20.2,18.1,16.0,14.3
20260529,ヘインズポイント,67.7,51.6,35.1,17.7,16.1,16.5,17.4,17.7
20260529,ミダース,62.5,45.9,30.3,14.9,16.6,15.6,15.4,14.9
20260529,ウェスケンジントン,59.9,44.7,29.6,14.9,15.2,15.1,14.7,14.9
20260529,コーリンクレア,56.8,41.5,26.2,12.7,15.3,15.3,13.5,12.7
20260529,ブッチギレ,63.3,46.3,30.3,15.0,17.0,16.0,15.3,15.0
20260529,リケアマカロニ,68.2,50.0,32.6,16.6,18.2,17.4,16.0,16.6
20260529,ネイティヴプライド,73.0,54.6,36.2,17.8,18.4,18.4,18.4,17.8
20260529,ジュピターテソーロ,71.5,53.6,35.8,17.8,17.9,17.8,18.0,17.8
20260529,ウキヨノサンシロウ,68.3,50.3,33.2,16.5,18.0,17.1,16.7,16.5
20260529,クレパスキュラー,61.3,44.7,29.4,15.2,16.6,15.3,14.2,15.2
20260529,ラヴァレード,72.8,54.3,36.1,17.9,18.5,18.2,18.2,17.9
20260529,トウカイファクター,65.1,48.2,31.7,15.8,16.9,16.5,15.9,15.8
20260529,トクシーカイザー,61.0,44.3,29.2,14.7,16.7,15.1,14.5,14.7
20260529,クリニクラウン,66.1,48.7,32.0,15.1,17.4,16.7,16.9,15.1
20260529,アデランテ,65.5,48.7,32.0,16.0,16.8,16.7,16.0,16.0
20260529,ゴールデンステップ,65.9,48.7,31.9,15.7,17.2,16.8,16.2,15.7
20260529,プチブール,67.0,49.2,32.2,16.0,17.8,17.0,16.2,16.0
20260529,トーアマリシテン,60.5,43.9,28.8,14.2,16.6,15.1,14.6,14.2
20260529,サンドブラスト,70.3,50.3,32.3,15.4,20.0,18.0,16.9,15.4
20260529,トラストボス,66.8,49.4,32.4,16.1,17.4,17.0,16.3,16.1
20260529,メリザンド,65.7,48.7,32.4,15.5,17.0,16.3,16.9,15.5
20260529,クラウンアバンティ,65.1,48.2,32.0,15.7,16.9,16.2,16.3,15.7
20260529,ファイアリービート,72.4,52.5,34.1,16.5,19.9,18.4,17.6,16.5
20260529,ハイバーニアン,68.9,51.1,33.6,16.6,17.8,17.5,17.0,16.6
20260529,アグネスブリッツ,69.0,51.1,33.1,15.7,17.9,18.0,17.4,15.7
20260529,ブレイブシュガー,66.3,49.3,32.5,16.5,17.0,16.8,16.0,16.5
20260529,ニットウライズ,67.9,49.5,32.8,16.4,18.4,16.7,16.4,16.4
20260529,マンサニージャ,65.8,48.9,32.3,15.6,16.9,16.6,16.7,15.6
20260529,ｺｳｷﾞｮｳﾏｼｪﾘの24,69.1,50.8,33.4,16.6,18.3,17.4,16.8,16.6
20260529,トゥザファイナル,60.8,44.2,29.2,14.6,16.6,15.0,14.6,14.6
20260529,ウインドワンピース,70.0,51.2,32.7,15.9,18.8,18.5,16.8,15.9
20260529,シルトホルン,67.8,50.2,33.5,16.5,17.6,16.7,17.0,16.5
20260529,マイネルケレリウス,67.6,49.6,33.3,16.8,18.0,16.3,16.5,16.8
20260529,ゴールデンオスカー,65.7,47.4,30.2,14.7,18.3,17.2,15.5,14.7
20260529,ゴールドスター,61.2,44.5,29.7,14.8,16.7,14.8,14.9,14.8
20260529,タイセイピューマ,69.4,52.1,34.4,17.0,17.3,17.7,17.4,17.0
20260529,シャオシンユン,62.7,45.8,30.0,15.0,16.9,15.8,15.0,15.0
20260529,スピットブレイク,68.1,50.6,33.4,16.8,17.5,17.2,16.6,16.8
20260529,ロジキセキ,69.4,51.9,34.9,17.2,17.5,17.0,17.7,17.2
20260529,ホウオウバトラー,66.8,49.4,32.2,15.7,17.4,17.2,16.5,15.7
20260529,ホウオウファラオ,62.2,45.2,29.6,14.7,17.0,15.6,14.9,14.7
20260529,ショウナンサイオウ,61.5,44.9,29.5,14.8,16.6,15.4,14.7,14.8
20260529,ヴォートセレスト,62.0,45.3,29.6,14.4,16.7,15.7,15.2,14.4
20260529,キュータンチャン,67.2,50.2,33.0,16.3,17.0,17.2,16.7,16.3
20260529,トモジャシャトー,56.8,41.3,26.5,13.0,15.5,14.8,13.5,13.0
20260529,ビップチェイス,70.8,51.9,35.2,17.4,18.9,16.7,17.8,17.4
20260529,ルシード,71.3,52.6,35.1,17.4,18.7,17.5,17.7,17.4
20260529,サラスヴァティー,66.1,48.9,31.3,15.0,17.2,17.6,16.3,15.0
20260529,ミーントゥビー,75.2,53.5,33.8,16.2,21.7,19.7,17.6,16.2
20260529,スワローシチー,65.0,49.0,30.9,14.2,16.0,18.1,16.7,14.2
20260529,グレイテストソング,68.7,50.4,33.9,17.3,18.3,16.5,16.6,17.3
20260529,ノアレジェンド,56.8,41.3,26.5,13.0,15.5,14.8,13.5,13.0
20260529,ブライトエアリー,67.3,50.4,32.9,16.8,16.9,17.5,16.1,16.8
20260529,ショウナンダイン,65.8,47.7,30.6,14.5,18.1,17.1,16.1,14.5
20260529,ケントン,66.6,49.2,32.5,16.0,17.4,16.7,16.5,16.0
20260529,ルージュフローラ,66.8,49.1,31.4,15.1,17.7,17.7,16.3,15.1
20260529,ナムラコハル,75.4,53.4,33.6,16.2,22.0,19.8,17.4,16.2
20260529,ボーントゥラブユー,64.8,47.4,30.9,15.4,17.4,16.5,15.5,15.4
20260529,リコラピッド,67.2,50.1,32.1,15.6,17.1,18.0,16.5,15.6
20260529,アンディラメナ,68.4,50.5,32.8,16.5,17.9,17.7,16.3,16.5
20260529,レーベンスティール,72.6,52.6,34.2,16.7,20.0,18.4,17.5,16.7
20260529,アマンテビアンコ,63.2,45.9,30.0,14.6,17.3,15.9,15.4,14.6
20260529,ゴールドアローン,65.7,48.0,31.5,15.6,17.7,16.5,15.9,15.6
20260529,キングプロフィット,68.0,49.6,32.5,16.3,18.4,17.1,16.2,16.3
20260529,インターステラ,69.2,50.6,33.2,16.5,18.6,17.4,16.7,16.5
20260529,タイセイデクスター,66.5,49.2,32.4,16.0,17.3,16.8,16.4,16.0
20260529,テリオスララ,68.0,49.0,31.8,15.7,19.0,17.2,16.1,15.7
20260529,タートルインメイ,64.1,47.7,31.6,16.2,16.4,16.1,15.4,16.2
20260529,ゴールドフリーダム,65.8,48.2,31.6,15.5,17.6,16.6,16.1,15.5
20260529,グリオンヴール,63.0,45.9,29.8,14.6,17.1,16.1,15.2,14.6
20260529,キボウノホシ,90.1,66.2,43.5,21.9,23.9,22.7,21.6,21.9
20260529,シャンドゥレール,64.5,47.0,31.2,15.3,17.5,15.8,15.9,15.3
20260529,スムースベルベット,66.7,48.6,31.8,15.8,18.1,16.8,16.0,15.8
20260529,レッドレナート,65.5,47.1,31.1,15.9,18.4,16.0,15.2,15.9
20260529,カルフ,64.8,46.9,30.8,15.2,17.9,16.1,15.6,15.2
20260529,オルグジェシダ,64.6,45.8,29.5,14.4,18.8,16.3,15.1,14.4
20260529,レッドシュトラール,64.4,47.8,31.0,15.2,16.6,16.8,15.8,15.2
20260529,スイープセレニティ,65.5,47.4,30.5,15.0,18.1,16.9,15.5,15.0
20260529,エコロガレル,57.6,42.4,27.7,13.6,15.2,14.7,14.1,13.6
20260529,サクラトップラック,57.7,42.4,27.7,13.6,15.3,14.7,14.1,13.6
20260529,ユタライト,66.0,48.1,31.4,15.4,17.9,16.7,16.0,15.4
20260529,ウィルソンテソーロ,70.8,50.7,32.6,16.2,20.1,18.1,16.4,16.2
20260529,バトルクライ,69.9,51.1,33.1,16.2,18.8,18.0,16.9,16.2
20260529,タイキオーベロン,71.7,51.6,33.6,16.8,20.1,18.0,16.8,16.8
20260529,ゴットタレント,69.0,50.9,33.0,16.2,18.1,17.9,16.8,16.2
20260529,シンデレラカラー,65.9,49.2,32.8,16.6,16.7,16.4,16.2,16.6
20260529,ゴーゴーパンチ,62.8,46.2,30.4,15.3,16.6,15.8,15.1,15.3
20260529,ヴァルボナ,69.8,51.1,33.0,16.2,18.7,18.1,16.8,16.2
20260529,ココソラーレ,68.7,49.9,32.7,16.6,18.8,17.2,16.1,16.6
20260529,アゴルディーノ,69.6,51.8,33.8,16.6,17.8,18.0,17.2,16.6
20260529,ディルイーヤ,70.3,50.5,32.6,16.2,19.8,17.9,16.4,16.2
20260529,サイモンルモンド,67.0,48.3,31.6,15.8,18.7,16.7,15.8,15.8
20260529,サイモンカーチス,69.1,50.1,32.6,15.8,19.0,17.5,16.8,15.8
20260529,ミカッテヨンデイイ,74.9,55.8,36.9,18.7,19.1,18.9,18.2,18.7
20260529,スチョウプリンセス,68.6,50.9,33.8,16.9,17.7,17.1,16.9,16.9
20260529,マイバラード,64.7,47.4,31.3,15.8,17.3,16.1,15.5,15.8
20260529,ルージュダズリング,63.3,47.1,31.3,14.9,16.2,15.8,16.4,14.9
20260529,ウインアプローチ,75.0,54.5,34.5,16.4,20.5,20.0,18.1,16.4
20260529,グラスブランシュ,69.7,51.0,32.9,16.4,18.7,18.1,16.5,16.4
20260529,ハクシンブライアン,69.0,50.6,32.5,15.9,18.4,18.1,16.6,15.9
20260529,デルマザオウ,68.2,49.4,32.1,15.8,18.8,17.3,16.3,15.8
20260529,ドッグウッド,63.3,46.5,30.4,14.9,16.8,16.1,15.5,14.9
20260529,フィーユレアル,63.3,46.6,30.1,15.0,16.7,16.5,15.1,15.0
20260529,アゲンストオッズ,63.7,46.8,30.2,15.1,16.9,16.6,15.1,15.1
20260529,ウッケン,68.2,50.1,32.6,16.2,18.1,17.5,16.4,16.2
20260529,ベネファクター,63.8,47.5,31.5,15.7,16.3,16.0,15.8,15.7
20260529,ビタミンドロップ,71.5,52.6,34.5,17.1,18.9,18.1,17.4,17.1
20260529,ハクサンミレイ,68.2,49.1,31.9,15.7,19.1,17.2,16.2,15.7
20260529,ボーンディスウェイ,63.8,47.1,30.7,15.1,16.7,16.4,15.6,15.1
20260529,サクセスゴールド,65.3,48.1,31.9,15.8,17.2,16.2,16.1,15.8
20260529,ルシアージュ,68.0,49.9,32.6,16.2,18.1,17.3,16.4,16.2
20260529,カレリアフレイバー,68.9,49.3,30.6,14.4,19.6,18.7,16.2,14.4
20260529,ノドゥス,68.3,50.3,32.9,15.8,18.0,17.4,17.1,15.8
20260529,キャピタルストーン,68.5,51.0,33.7,17.4,17.5,17.3,16.3,17.4
20260529,ディーヴァレギオン,67.8,50.4,33.2,15.9,17.4,17.2,17.3,15.9
20260529,デミアン,68.4,50.4,32.8,15.8,18.0,17.6,17.0,15.8
20260529,カンレイスキー,55.1,39.1,25.2,12.1,16.0,13.9,13.1,12.1
20260529,トランスマーレ,68.1,49.0,32.0,15.7,19.1,17.0,16.3,15.7
20260529,ユキノエミリオ,66.0,47.0,30.7,14.3,19.0,16.3,16.4,14.3
20260529,トラスコンガーデン,66.5,47.1,30.2,14.8,19.4,16.9,15.4,14.8
20260529,ゴールドエンバー,67.7,49.0,31.9,15.6,18.7,17.1,16.3,15.6
20260529,フレンドモナコ,66.2,49.7,33.2,16.6,16.5,16.5,16.6,16.6
20260529,イサチルサリーレ,69.5,49.6,32.0,15.6,19.9,17.6,16.4,15.6
20260529,ユイノジカンカセギ,56.3,40.7,26.5,13.0,15.6,14.2,13.5,13.0
20260529,シャンパンカラー,67.9,49.8,32.1,15.6,18.1,17.7,16.5,15.6
20260529,ソクヅモドラドラ,63.0,46.7,30.6,14.9,16.3,16.1,15.7,14.9
20260529,セキテイリノ,70.8,52.1,33.8,17.0,18.7,18.3,16.8,17.0
20260529,マッドゲイル,62.7,46.2,30.8,14.9,16.5,15.4,15.9,14.9
20260529,エイシンジザイテン,70.9,52.3,34.0,16.7,18.6,18.3,17.3,16.7
20260529,スロノス,64.4,47.9,31.2,15.0,16.5,16.7,16.2,15.0
20260529,ロジリオン,58.5,42.6,27.5,13.1,15.9,15.1,14.4,13.1
20260529,アオイミズホ,57.4,41.7,27.4,13.5,15.7,14.3,13.9,13.5
20260529,ノヴェルピアーチェ,57.7,41.3,26.7,13.0,16.4,14.6,13.7,13.0
20260529,グランドフォレスト,65.8,48.9,32.6,15.6,16.9,16.3,17.0,15.6
20260529,トラストボス,65.2,47.7,31.4,15.6,17.5,16.3,15.8,15.6
20260529,タイキフィアリーベ,60.2,45.0,30.0,14.9,15.2,15.0,15.1,14.9
20260529,キタノローズ,65.5,48.5,31.6,15.4,17.0,16.9,16.2,15.4
20260529,ハイバーニアン,67.3,49.2,31.9,15.7,18.1,17.3,16.2,15.7
20260529,センカンナガト,69.6,52.5,35.6,18.0,17.1,16.9,17.6,18.0
20260529,トリプティーク,68.1,50.7,33.7,16.6,17.4,17.0,17.1,16.6
20260529,カシノヴィタ,68.2,50.9,34.0,17.0,17.3,16.9,17.0,17.0
20260529,タマモトリノ,72.0,51.8,33.7,16.4,20.2,18.1,17.3,16.4
20260529,トワイライトビュー,66.3,49.6,33.6,17.5,16.7,16.0,16.1,17.5
20260529,ノルドヴェスト,63.1,46.1,30.5,15.3,17.0,15.6,15.2,15.3
20260529,スピンザブラッド,62.9,46.0,30.5,15.1,16.9,15.5,15.4,15.1
20260529,ドーンコーラス,70.8,52.4,34.7,16.9,18.4,17.7,17.8,16.9
20260529,サトノアインス,61.0,45.0,29.5,14.6,16.0,15.5,14.9,14.6
20260529,グッバイウェーブ,65.1,47.2,31.4,16.1,17.9,15.8,15.3,16.1
20260529,アルティソナンテ,63.3,46.6,31.0,15.7,16.7,15.6,15.3,15.7
20260529,ラショナルポイント,65.0,47.3,30.8,14.9,17.7,16.5,15.9,14.9
20260529,カルダモン,61.1,44.8,29.8,15.1,16.3,15.0,14.7,15.1
20260529,ビップチェイス,69.5,50.1,32.4,15.6,19.4,17.7,16.8,15.6
20260529,マーガレットクレア,65.0,47.2,30.3,14.9,17.8,16.9,15.4,14.9
20260529,ユーディキウム,66.0,49.2,31.4,15.3,16.8,17.8,16.1,15.3
20260529,デリシューズマン,71.9,52.4,34.7,17.2,19.5,17.7,17.5,17.2
20260529,デザートスピリット,66.1,48.9,32.2,15.8,17.2,16.7,16.4,15.8
20260529,ブラックゲイル,66.5,49.8,34.0,17.5,16.7,15.8,16.5,17.5
20260529,シックスペンス,60.3,44.0,28.9,14.4,16.3,15.1,14.5,14.4
20260529,ウインイザナミ,69.8,51.9,34.7,17.8,17.9,17.2,16.9,17.8
20260529,パシーヴ,62.6,46.4,30.7,15.5,16.2,15.7,15.2,15.5
20260529,シラカワゴウ,67.3,50.1,33.4,17.0,17.2,16.7,16.4,17.0
20260529,ラフレードピエル,69.4,49.8,32.3,15.9,19.6,17.5,16.4,15.9
20260529,ゲンパチムサシ,66.4,48.1,31.6,16.4,18.3,16.5,15.2,16.4
20260529,キョウエイスレーヴ,67.4,50.1,33.5,17.1,17.3,16.6,16.4,17.1
20260529,オストラヴァ,81.3,60.9,40.0,19.8,20.4,20.9,20.2,19.8
20260529,キョウエイシュバル,67.7,50.5,33.4,16.9,17.2,17.1,16.5,16.9
20260529,ファイタージェット,80.9,60.5,39.9,19.8,20.4,20.6,20.1,19.8
20260529,ヤマニンジェンナ,67.1,49.0,32.9,16.7,18.1,16.1,16.2,16.7
20260529,バスキュール,81.0,60.5,39.9,19.8,20.5,20.6,20.1,19.8
20260529,レオホー,69.2,50.5,33.2,16.4,18.7,17.3,16.8,16.4
20260529,リアルクウカイ,67.8,50.8,34.5,17.6,17.0,16.3,16.9,17.6
20260529,コスモマルーン,67.4,48.8,31.3,15.7,18.6,17.5,15.6,15.7
20260529,フライングビーナス,61.7,45.8,30.0,15.1,15.9,15.8,14.9,15.1
20260529,ユマハム,60.5,44.9,29.9,14.9,15.6,15.0,15.0,14.9
20260529,ロックユアライフ,61.9,45.3,29.8,14.7,16.6,15.5,15.1,14.7
20260529,リングスター,72.3,52.9,35.2,17.2,19.4,17.7,18.0,17.2
20260529,ウィンターブリーズ,59.1,43.2,28.4,14.5,15.9,14.8,13.9,14.5
20260529,セイロンジェムズ,67.7,50.5,33.6,17.1,17.2,16.9,16.5,17.1
20260529,ツウカイウォリアー,67.3,49.8,32.6,16.1,17.5,17.2,16.5,16.1
20260529,ゴールドビリーヴ,69.0,50.5,33.0,16.6,18.5,17.5,16.4,16.6
20260529,アトラクティーボ,68.6,50.6,32.8,15.9,18.0,17.8,16.9,15.9
20260529,ダンツファイター,63.8,47.8,32.1,15.9,16.0,15.7,16.2,15.9
20260529,ウィゾマニア,63.9,46.1,30.1,15.3,17.8,16.0,14.8,15.3
20260529,ジョイグリーン,67.3,50.0,32.9,16.5,17.3,17.1,16.4,16.5
20260529,ミリオングローリー,60.4,44.7,29.4,14.3,15.7,15.3,15.1,14.3
20260529,エーデルハイ,68.6,50.1,33.0,16.7,18.5,17.1,16.3,16.7
20260529,カシノスパーク,64.8,48.2,31.2,14.9,16.6,17.0,16.3,14.9
20260529,ヒャクレツケン,68.6,50.8,33.6,16.8,17.8,17.2,16.8,16.8
20260529,パッションノーヴァ,69.1,51.0,33.2,15.9,18.1,17.8,17.3,15.9
20260529,シャインフォード,70.2,51.4,34.0,16.7,18.8,17.4,17.3,16.7
20260529,ソウカイファミリア,69.8,51.5,33.6,17.0,18.3,17.9,16.6,17.0
20260529,コウソクレムリア,70.4,51.3,34.6,17.4,19.1,16.7,17.2,17.4
20260529,ルナロマンティカ,69.7,51.4,34.0,17.1,18.3,17.4,16.9,17.1
20260529,ペルラビアンカ,66.6,50.2,33.5,16.8,16.4,16.7,16.7,16.8
20260529,ユキノロイヤル,68.1,50.4,33.0,16.2,17.7,17.4,16.8,16.2
20260529,コーシューパンジャ,70.5,51.8,34.0,17.2,18.7,17.8,16.8,17.2
20260529,ヴァルキリーバース,63.0,45.7,29.7,14.9,17.3,16.0,14.8,14.9
20260529,ブライトラン,63.4,47.2,30.7,15.0,16.2,16.5,15.7,15.0
20260529,ファンシーズ,62.9,46.5,30.8,15.2,16.4,15.7,15.6,15.2
20260529,リラ,62.5,45.0,29.1,14.0,17.5,15.9,15.1,14.0
20260529,アールグレイ,62.8,46.0,30.3,14.8,16.8,15.7,15.5,14.8
20260529,アイムインディ,69.0,51.6,34.7,17.8,17.4,16.9,16.9,17.8
20260529,ベルチュガダン,64.4,47.2,31.1,15.4,17.2,16.1,15.7,15.4
20260529,キタイノホシ,66.6,48.3,31.3,15.7,18.3,17.0,15.6,15.7
20260529,ミスチヴマリアンヌ,58.3,41.6,26.8,12.9,16.7,14.8,13.9,12.9
20260529,チャームジュネーヴ,67.3,49.0,31.6,15.8,18.3,17.4,15.8,15.8
20260529,バトルモクオ,67.8,49.9,33.3,16.6,17.9,16.6,16.7,16.6
20260529,スパークルレイ,71.6,53.1,35.5,18.1,18.5,17.6,17.4,18.1
20260529,ウイニングレイ,74.3,53.2,34.0,16.5,21.1,19.2,17.5,16.5
20260529,スティールブルー,64.6,47.8,31.3,15.9,16.8,16.5,15.4,15.9
20260529,ダイユウヴェンティ,61.9,46.2,30.4,15.0,15.7,15.8,15.4,15.0
20260529,オウケンサクラコ,64.2,47.8,31.2,15.8,16.4,16.6,15.4,15.8
20260529,ホカミテダメ,63.9,47.4,31.3,15.5,16.5,16.1,15.8,15.5
20260529,ミセスジョーンズ,67.5,49.4,32.4,16.2,18.1,17.0,16.2,16.2
20260529,ムードメーカー,64.1,47.3,31.6,15.8,16.8,15.7,15.8,15.8
20260529,ロジマンボ,61.6,45.1,29.4,14.7,16.5,15.7,14.7,14.7
20260529,アドミラルシップ,65.3,47.9,31.8,15.9,17.4,16.1,15.9,15.9
20260529,タイセイネクサス,60.3,44.3,28.5,14.1,16.0,15.8,14.4,14.1
20260529,タイキバルドル,68.2,51.1,34.0,17.0,17.1,17.1,17.0,17.0
20260529,カフェブーケット,65.8,48.3,31.6,15.6,17.5,16.7,16.0,15.6
20260529,チャチャット,65.4,48.2,31.9,15.9,17.2,16.3,16.0,15.9
20260529,ドナシュネル,64.7,46.8,30.7,15.5,17.9,16.1,15.2,15.5
20260529,ﾏﾘｰﾁの24,65.5,48.1,31.1,15.3,17.4,17.0,15.8,15.3
20260529,ステラガーネット,68.8,49.4,32.2,15.6,19.4,17.2,16.6,15.6
20260529,ヴェントベローチェ,72.1,52.2,33.8,16.3,19.9,18.4,17.5,16.3
20260529,トリニタリオ,70.9,52.8,35.6,18.1,18.1,17.2,17.5,18.1
20260529,ゼアズノープレイス,72.7,53.5,34.7,17.1,19.2,18.8,17.6,17.1
20260529,マインセーラ,73.4,54.5,36.0,18.0,18.9,18.5,18.0,18.0
20260529,ヴァールザーゲン,69.9,52.4,35.0,17.1,17.5,17.4,17.9,17.1
20260529,ヴェットビルズ,70.3,51.1,33.7,16.9,19.2,17.4,16.8,16.9
20260529,ラヴレイン,70.6,52.9,35.6,17.9,17.7,17.3,17.7,17.9
20260529,ホウオウフロイト,82.6,59.8,37.9,18.1,22.8,21.9,19.8,18.1
20260529,ドントゥザムーン,70.0,51.2,34.0,16.4,18.8,17.2,17.6,16.4
20260529,ルグランヴァン,67.7,49.8,32.9,16.1,17.9,16.9,16.8,16.1
20260529,ドナカルナバル,71.7,52.8,34.5,17.9,18.9,18.3,16.6,17.9
20260529,マイネルスラーヴァ,70.5,52.2,33.9,17.1,18.3,18.3,16.8,17.1
20260529,アイムスティルミー,67.6,50.6,34.1,17.3,17.0,16.5,16.8,17.3
20260529,モンスターラッシュ,70.5,52.2,35.0,17.4,18.3,17.2,17.6,17.4
20260529,コーシューパンジャ,64.8,48.0,31.3,15.1,16.8,16.7,16.2,15.1
20260529,ヒケヤイワフネ,67.5,48.4,31.6,15.7,19.1,16.8,15.9,15.7
20260529,トラストレガート,67.6,48.6,31.8,15.7,19.0,16.8,16.1,15.7
20260529,コスモナエマ,69.8,51.9,34.4,17.4,17.9,17.5,17.0,17.4
20260529,ローザドーロ,70.1,52.3,34.8,17.5,17.8,17.5,17.3,17.5
20260529,パレスラン,67.5,50.5,33.7,17.2,17.0,16.8,16.5,17.2
20260529,カサビセンス,68.2,50.4,33.3,16.6,17.8,17.1,16.7,16.6
20260529,ハタノグランクリュ,66.0,47.3,30.9,15.0,18.7,16.4,15.9,15.0
20260529,コスモアマデウス,69.8,51.2,34.2,17.3,18.6,17.0,16.9,17.3
20260529,ロケットチャンバー,67.9,50.8,33.6,16.5,17.1,17.2,17.1,16.5
20260529,エクストラノート,64.6,48.1,31.9,15.6,16.5,16.2,16.3,15.6
20260529,クイーンレグナント,70.0,50.4,32.5,15.9,19.6,17.9,16.6,15.9
20260529,キミガハマ,67.5,49.7,32.5,15.6,17.8,17.2,16.9,15.6
20260529,ホットゥトロット,67.7,49.3,32.5,15.4,18.4,16.8,17.1,15.4
20260529,ギーロカスタル,66.0,49.6,32.8,16.1,16.4,16.8,16.7,16.1
20260529,ラルフテソーロ,65.6,47.2,30.9,15.0,18.4,16.3,15.9,15.0
20260529,ウレシイゴサン,66.0,49.0,32.1,15.7,17.0,16.9,16.4,15.7
20260529,ハンデンブレイズ,66.1,49.0,32.2,15.7,17.1,16.8,16.5,15.7
20260529,カツノテンス,70.1,52.1,34.2,17.3,18.0,17.9,16.9,17.3
20260529,ツインピークス,69.5,50.0,32.7,16.4,19.5,17.3,16.3,16.4
20260529,ベアブルージュ,68.2,50.2,32.8,16.6,18.0,17.4,16.2,16.6
20260529,エラガバリウム,66.5,48.7,31.6,15.4,17.8,17.1,16.2,15.4
20260529,アイスブレイカー,72.8,52.9,34.2,16.5,19.9,18.7,17.7,16.5
20260529,デディカス,65.0,47.7,31.6,15.7,17.3,16.1,15.9,15.7
20260529,コッツォリーノ,65.6,47.9,31.1,15.7,17.7,16.8,15.4,15.7
20260529,キョウエイボニータ,75.4,55.7,36.8,18.5,19.7,18.9,18.3,18.5
20260529,スパークルレイ,70.4,52.0,34.1,17.0,18.4,17.9,17.1,17.0
20260529,アルマフレイヤ,82.5,60.7,39.3,18.9,21.8,21.4,20.4,18.9
20260529,ウフドゥウフ,89.2,64.1,42.6,22.0,25.1,21.5,20.6,22.0
20260529,アイファーシャドー,64.9,47.6,31.1,15.5,17.3,16.5,15.6,15.5
20260529,モズタンケ,64.1,46.6,30.5,15.0,17.5,16.1,15.5,15.0
20260529,フォルナカリア,60.8,44.6,29.2,14.3,16.2,15.4,14.9,14.3
20260529,ヒロノゴウカイ,62.6,46.8,30.7,15.4,15.8,16.1,15.3,15.4
20260529,スペルビア,64.3,48.0,31.6,16.2,16.3,16.4,15.4,16.2
20260529,サザンヴィターレ,68.4,50.9,34.2,17.4,17.5,16.7,16.8,17.4
20260529,サノノファイター,69.6,51.5,34.3,17.5,18.1,17.2,16.8,17.5
20260529,ジョリュウジャンシ,69.1,49.9,32.9,16.5,19.2,17.0,16.4,16.5
20260529,セイカユウヒ,68.2,49.5,32.5,16.1,18.7,17.0,16.4,16.1
20260529,サツキジュエル,66.7,48.1,31.3,15.4,18.6,16.8,15.9,15.4
20260529,クリノゴッホ,70.9,52.3,34.5,17.5,18.6,17.8,17.0,17.5
20260529,ウィクトルウェルス,64.2,46.7,30.3,14.5,17.5,16.4,15.8,14.5
20260529,ホウオウガイア,60.0,43.3,27.9,13.5,16.7,15.4,14.4,13.5
20260529,ニチヤヲツイデ,70.7,52.0,34.4,17.1,18.7,17.6,17.3,17.1
20260529,ディル,66.3,48.6,32.1,16.0,17.7,16.5,16.1,16.0
20260529,アドマイヤウルトラ,63.2,45.8,29.6,14.7,17.4,16.2,14.9,14.7
20260529,ミルキープリンセス,66.9,49.1,32.0,15.6,17.8,17.1,16.4,15.6
20260529,レイクストライプス,67.9,49.7,32.6,16.1,18.2,17.1,16.5,16.1
20260529,ヴィクトリーマンボ,67.8,50.1,32.8,16.3,17.7,17.3,16.5,16.3
20260529,ジングアップ,67.5,49.0,32.0,15.8,18.5,17.0,16.2,15.8
20260529,ジーティーホクサイ,67.0,48.9,31.7,15.5,18.1,17.2,16.2,15.5
20260529,イズルード,70.0,52.0,33.7,16.4,18.0,18.3,17.3,16.4
20260529,クラックアスマイル,67.2,50.1,32.9,16.4,17.1,17.2,16.5,16.4
20260529,ダイシンレスター,72.0,51.9,33.7,17.0,20.1,18.2,16.7,17.0
20260529,コンクレデンツァ,72.3,52.2,33.4,17.1,20.1,18.8,16.3,17.1
20260529,キッショウダラニ,76.1,42.8,24.8,12.0,33.3,18.0,12.8,12.0
20260529,ニシノティアモ,65.7,48.1,31.5,15.3,17.6,16.6,16.2,15.3
20260529,アンジェラス,71.9,52.4,34.0,16.8,19.5,18.4,17.2,16.8
20260529,レダアトミカ,69.3,50.8,33.2,16.3,18.5,17.6,16.9,16.3
20260529,フェイトロード,61.5,45.4,29.7,14.5,16.1,15.7,15.2,14.5
20260529,カップッチョ,75.2,55.8,36.6,17.7,19.4,19.2,18.9,17.7
20260529,テラシエスタ,63.9,45.9,29.3,14.6,18.0,16.6,14.7,14.6
20260529,スタートレイン,64.6,47.3,30.5,15.3,17.3,16.8,15.2,15.3
20260529,フェスタベラ,73.2,53.7,35.9,18.0,19.5,17.8,17.9,18.0
20260529,リリコイ,70.2,52.3,34.4,17.1,17.9,17.9,17.3,17.1
20260529,ラヴァブルロマン,67.7,49.5,32.8,15.8,18.2,16.7,17.0,15.8
20260529,サンクレセント,68.4,49.7,32.7,15.7,18.7,17.0,17.0,15.7
20260529,エクセルゴールド,66.6,49.6,33.3,17.2,17.0,16.3,16.1,17.2
20260529,カーマンライン,60.3,43.8,28.4,14.0,16.5,15.4,14.4,14.0
20260529,クインズデネブ,68.1,50.7,34.1,17.0,17.4,16.6,17.1,17.0
20260529,ビッグデイメイク,64.2,47.2,30.8,15.0,17.0,16.4,15.8,15.0
20260529,シアワセチョウサン,66.8,47.9,31.5,16.1,18.9,16.4,15.4,16.1
20260529,セイントエルモズ,62.6,46.3,30.6,15.0,16.3,15.7,15.6,15.0
20260529,ジーティーフクジ,68.2,49.7,32.5,16.7,18.5,17.2,15.8,16.7
20260529,ニースケンス,60.6,45.2,29.6,14.8,15.4,15.6,14.8,14.8
20260529,ジャメビュ,67.2,49.9,33.1,16.6,17.3,16.8,16.5,16.6
20260529,ニチヤヲツイデ,55.0,39.0,25.7,12.6,16.0,13.3,13.1,12.6
20260529,ダイユウサルターレ,65.6,48.0,30.9,15.1,17.6,17.1,15.8,15.1
20260529,ディル,55.0,39.0,25.7,12.9,16.0,13.3,12.8,12.9
20260529,ウカテンセイ,66.5,49.5,33.4,17.1,17.0,16.1,16.3,17.1
20260529,イマジェリーナ,72.0,53.7,35.1,17.6,18.3,18.6,17.5,17.6
20260529,サザンウォリアー,67.8,49.8,33.5,16.9,18.0,16.3,16.6,16.9
20260529,アーバンアート,69.6,52.4,35.4,18.1,17.2,17.0,17.3,18.1
20260529,ラブマイティー,71.9,53.1,34.8,17.9,18.8,18.3,16.9,17.9
20260529,キャストロププ,68.0,50.8,33.8,17.1,17.2,17.0,16.7,17.1
20260529,シーグルロス,67.5,49.2,32.5,15.9,18.3,16.7,16.6,15.9
20260529,トウシンライオット,67.8,50.4,33.3,16.7,17.4,17.1,16.6,16.7
20260529,アイリーノリチャン,68.0,49.8,32.6,16.0,18.2,17.2,16.6,16.0
20260529,ガーディアンテイル,65.6,48.2,31.8,16.0,17.4,16.4,15.8,16.0
20260529,ラブデウザ,66.2,50.1,33.6,17.1,16.1,16.5,16.5,17.1
20260529,サノノソルジャー,67.6,49.9,32.7,16.1,17.7,17.2,16.6,16.1
20260529,キーチパティーナ,67.5,50.3,33.9,17.3,17.2,16.4,16.6,17.3
20260529,アブリコース,67.2,50.0,32.8,16.3,17.2,17.2,16.5,16.3
20260529,ウィルレーヴィア,66.3,49.4,33.0,16.8,16.9,16.4,16.2,16.8
20260529,ニシノマティーニ,71.8,53.8,35.6,17.8,18.0,18.2,17.8,17.8
20260529,レイフロレット,64.7,48.1,31.6,16.1,16.6,16.5,15.5,16.1
20260529,クモヒトツナイ,61.6,43.6,28.1,14.2,18.0,15.5,13.9,14.2
20260529,イズルード,66.1,48.6,31.2,15.1,17.5,17.4,16.1,15.1
20260529,クラックアスマイル,67.0,49.8,32.4,15.9,17.2,17.4,16.5,15.9
20260529,ファインブライト,70.8,52.6,35.4,18.0,18.2,17.2,17.4,18.0
20260529,インヴェスター,66.9,49.0,32.1,16.2,17.9,16.9,15.9,16.2
20260529,ガールネクストドア,68.9,51.2,33.4,16.8,17.7,17.8,16.6,16.8
20260529,ウインビギニング,69.5,51.9,34.7,17.5,17.6,17.2,17.2,17.5
20260529,ディマイザキッド,71.8,52.7,34.6,17.3,19.1,18.1,17.3,17.3
20260529,マイネルクロカータ,68.6,50.7,33.2,15.9,17.9,17.5,17.3,15.9
20260529,キタノバトゥーキ,69.0,51.0,33.4,16.0,18.0,17.6,17.4,16.0
20260529,ヴィヴァクラウン,69.9,51.0,34.1,16.9,18.9,16.9,17.2,16.9
20260529,カノープス,69.9,50.8,32.7,15.7,19.1,18.1,17.0,15.7
20260529,シークレットシティ,70.3,50.7,33.2,16.0,19.6,17.5,17.2,16.0
20260529,メイヨシュア,69.2,50.9,33.5,16.6,18.3,17.4,16.9,16.6
20260529,コスモシグナス,71.3,51.5,33.8,16.7,19.8,17.7,17.1,16.7
20260529,アートオブブライト,69.2,50.8,33.7,16.8,18.4,17.1,16.9,16.8
20260529,ピリナカピリナ,73.7,53.5,35.3,18.0,20.2,18.2,17.3,18.0
20260529,トナリティ,69.5,49.3,31.1,14.5,20.2,18.2,16.6,14.5
20260529,ガーシュウィン,63.1,46.8,31.0,15.5,16.3,15.8,15.5,15.5
20260529,エニシングゴース,62.8,46.7,31.0,15.4,16.1,15.7,15.6,15.4
20260529,ヴェントリナ,68.1,50.6,33.8,16.8,17.5,16.8,17.0,16.8
20260529,シュアシング,67.6,49.6,33.1,16.7,18.0,16.5,16.4,16.7
20260529,ブラボーワン,68.0,50.3,32.9,16.1,17.7,17.4,16.8,16.1
20260529,オーケーエース,68.2,50.5,33.3,16.4,17.7,17.2,16.9,16.4
20260529,オーケーマドンナ,67.6,50.9,33.7,16.9,16.7,17.2,16.8,16.9
20260529,アイファーファイト,71.6,52.3,34.7,17.4,19.3,17.6,17.3,17.4
20260529,ワンダリングスター,71.7,52.8,35.3,17.7,18.9,17.5,17.6,17.7
20260529,デルマテイネ,74.1,55.2,37.2,19.1,18.9,18.0,18.1,19.1
20260529,オセアバトルプラン,63.0,46.7,30.8,15.4,16.3,15.9,15.4,15.4
20260529,ムチャスグラシアス,64.1,47.4,30.7,14.6,16.7,16.7,16.1,14.6
20260529,サトノビーツ,63.0,45.9,29.3,13.9,17.1,16.6,15.4,13.9
20260529,ペイシャラム,65.2,48.3,32.0,15.8,16.9,16.3,16.2,15.8
20260529,フレイコン,67.2,49.8,32.9,16.4,17.4,16.9,16.5,16.4
20260529,マイネルアルディ,63.3,47.3,31.3,15.5,16.0,16.0,15.8,15.5
20260529,コスモハナミズキ,66.4,49.9,33.4,17.1,16.5,16.5,16.3,17.1
20260529,ダブルブロッサム,67.2,50.6,33.6,17.1,16.6,17.0,16.5,17.1
20260529,テキサス,65.6,48.7,31.7,16.0,16.9,17.0,15.7,16.0
20260529,ﾗﾐｱの24,67.3,49.9,33.1,16.2,17.4,16.8,16.9,16.2
20260529,キャストロププ,66.7,49.8,33.1,16.6,16.9,16.7,16.5,16.6
20260529,ビーオンザカバー,65.9,47.8,31.7,16.2,18.1,16.1,15.5,16.2
20260529,ミクストベリーズ,66.7,49.3,32.3,15.6,17.4,17.0,16.7,15.6
20260529,ライトアファイア,73.8,54.0,35.1,16.8,19.8,18.9,18.3,16.8
20260529,アイリーノリチャン,66.0,49.0,32.4,16.3,17.0,16.6,16.1,16.3
20260529,クロダテ,67.7,50.1,32.8,16.2,17.6,17.3,16.6,16.2
20260529,シアルナーレ,59.7,43.8,28.7,14.4,15.9,15.1,14.3,14.4
20260529,ステートオブロック,67.5,48.7,32.0,15.4,18.8,16.7,16.6,15.4
20260529,ルクスジニア,68.3,50.2,32.8,15.7,18.1,17.4,17.1,15.7
20260529,ホウオウファミリー,57.4,42.3,27.7,14.0,15.1,14.6,13.7,14.0
20260529,チャイボーグ,72.1,52.5,34.1,15.7,19.6,18.4,18.4,15.7
20260529,ゴルトレオパルト,71.2,52.6,34.9,16.2,18.6,17.7,18.7,16.2
20260529,レースクイーン,62.7,46.0,30.0,15.1,16.7,16.0,14.9,15.1
20260529,キタノオンザバス,67.8,50.8,33.0,16.1,17.0,17.8,16.9,16.1
20260529,ブルーミーティア,74.8,52.8,33.2,15.8,22.0,19.6,17.4,15.8
20260529,ナムラドガ,64.3,46.9,30.6,15.2,17.4,16.3,15.4,15.2
20260529,サトミノホマレ,76.2,54.7,34.6,17.0,21.5,20.1,17.6,17.0
20260529,サツキレジーナ,66.3,48.9,31.8,15.5,17.4,17.1,16.3,15.5
20260529,クラウンフリード,69.8,50.7,33.3,16.8,19.1,17.4,16.5,16.8
20260529,サマースプラッシュ,66.4,48.8,31.9,15.6,17.6,16.9,16.3,15.6
20260529,ミサトレジーナ,68.9,50.4,32.6,16.1,18.5,17.8,16.5,16.1
20260529,パッサージュワイズ,68.3,50.0,33.2,16.5,18.3,16.8,16.7,16.5
20260529,サノノベリー,66.6,47.7,30.6,14.6,18.9,17.1,16.0,14.6
20260529,ハーツコンチェルト,61.1,45.3,30.0,15.0,15.8,15.3,15.0,15.0
20260529,ゴーゴータカシ,66.5,49.7,32.9,16.5,16.8,16.8,16.4,16.5
20260529,ピードモント,65.7,48.5,32.4,16.0,17.2,16.1,16.4,16.0
20260529,カシノスワッグ,72.8,54.1,35.1,17.1,18.7,19.0,18.0,17.1
20260529,ジョドレルバンク,62.4,46.2,30.9,16.0,16.2,15.3,14.9,16.0
20260529,ベネスピラ,62.2,45.8,29.8,14.8,16.4,16.0,15.0,14.8
20260529,ヒットミー,61.0,44.4,29.0,14.1,16.6,15.4,14.9,14.1
20260529,サトノラポール,65.1,47.9,31.2,15.6,17.2,16.7,15.6,15.6
20260529,チギリ,61.0,44.9,29.8,15.0,16.1,15.1,14.8,15.0
20260529,ウインファイネスト,61.6,45.4,29.4,15.0,16.2,16.0,14.4,15.0
20260529,ジュンヴィヴァン,70.1,51.6,33.9,16.7,18.5,17.7,17.2,16.7
20260529,ノヴァルクス,63.3,47.0,31.3,16.0,16.3,15.7,15.3,16.0
20260529,パーティーガール,67.7,49.6,33.1,16.5,18.1,16.5,16.6,16.5
20260529,サムシングニュー,69.0,50.8,33.2,16.6,18.2,17.6,16.6,16.6
20260529,ペイシャオーヴァル,68.1,50.2,33.1,16.2,17.9,17.1,16.9,16.2
20260529,ﾒｶﾞﾐﾁｬﾝの24,68.1,50.8,33.2,16.4,17.3,17.6,16.8,16.4
20260529,オーバーゼア,70.6,51.2,33.7,16.6,19.4,17.5,17.1,16.6
20260529,レイアポポ,65.3,49.1,32.2,16.2,16.2,16.9,16.0,16.2
20260529,ベイビーキッス,67.3,49.8,32.7,16.1,17.5,17.1,16.6,16.1
20260529,ラウターユーベル,63.5,47.7,32.2,16.1,15.8,15.5,16.1,16.1
20260529,チュラヴェール,68.1,49.9,32.9,16.4,18.2,17.0,16.5,16.4
20260529,アーティラリー,66.8,48.6,31.5,15.7,18.2,17.1,15.8,15.7
20260529,エムアイブレイズ,64.3,47.7,32.1,16.4,16.6,15.6,15.7,16.4
20260529,ビーアストニッシド,59.2,43.0,27.7,13.4,16.2,15.3,14.3,13.4
20260529,パッカパッカブー,65.6,47.9,30.9,14.8,17.7,17.0,16.1,14.8
20260529,ガビーズメロディ,65.7,48.9,32.1,15.7,16.8,16.8,16.4,15.7
20260529,マーゴットパラディ,61.5,44.7,28.9,14.0,16.8,15.8,14.9,14.0
20260529,リリエンフェルト,62.2,45.7,29.9,14.8,16.5,15.8,15.1,14.8
20260529,フォンドルレール,70.9,53.1,35.3,17.8,17.8,17.8,17.5,17.8
20260529,ﾃﾞｨｰｽﾞﾌﾟﾘﾓの24,70.8,52.8,35.1,17.5,18.0,17.7,17.6,17.5
20260529,モーモーワン,70.9,52.9,35.1,17.4,18.0,17.8,17.7,17.4
20260529,レッドテリオス,60.3,44.2,29.0,14.4,16.1,15.2,14.6,14.4
20260529,コンサートマスター,64.3,47.3,30.5,15.2,17.0,16.8,15.3,15.2
20260529,アイスアンドスノー,59.7,43.5,28.5,14.1,16.2,15.0,14.4,14.1
20260529,レッドリアライズ,64.8,47.1,30.4,15.1,17.7,16.7,15.3,15.1
20260529,レイヒストリコ,60.3,44.1,29.4,14.7,16.2,14.7,14.7,14.7
20260529,ブラボーワン,66.4,48.4,32.0,15.7,18.0,16.4,16.3,15.7
20260529,オーケーマドンナ,67.9,50.7,33.6,16.7,17.2,17.1,16.9,16.7
20260529,ホワイトフレアー,61.0,44.7,29.5,14.8,16.3,15.2,14.7,14.8
20260529,アルカンサス,66.9,49.0,32.1,15.6,17.9,16.9,16.5,15.6
20260529,アスクドリームモア,63.3,47.0,31.0,15.6,16.3,16.0,15.4,15.6
20260529,アースイオス,63.7,46.9,30.8,15.2,16.8,16.1,15.6,15.2
20260529,モルトマエストーソ,66.2,49.0,32.6,15.9,17.2,16.4,16.7,15.9
20260529,ワンダラー,68.7,50.6,33.9,16.6,18.1,16.7,17.3,16.6
20260529,スマートブル,67.4,49.6,32.4,16.6,17.8,17.2,15.8,16.6
20260529,マーズオデッセイ,65.7,49.2,32.3,16.0,16.5,16.9,16.3,16.0
20260529,ナクライト,63.5,47.6,31.5,15.4,15.9,16.1,16.1,15.4
20260529,タケショウカイザー,61.1,45.3,29.6,14.3,15.8,15.7,15.3,14.3
20260529,キタノソブリン,68.0,50.6,33.6,16.9,17.4,17.0,16.7,16.9
20260529,イデアクリスタル,63.8,46.6,30.4,14.7,17.2,16.2,15.7,14.7
20260529,レイナデルアイレ,66.4,48.9,31.9,16.0,17.5,17.0,15.9,16.0
20260529,グランマズドリーム,66.5,48.6,31.8,15.5,17.9,16.8,16.3,15.5
20260529,グランフォワイエ,66.4,49.0,32.2,16.5,17.4,16.8,15.7,16.5
20260529,ブルージンジャー,65.3,47.8,30.8,15.3,17.5,17.0,15.5,15.3
20260529,ラードンチェイス,59.9,43.7,28.9,13.9,16.2,14.8,15.0,13.9
20260529,ﾍﾞｽﾄｲﾝﾊﾟｸﾄの24,67.5,49.4,32.3,16.1,18.1,17.1,16.2,16.1
20260529,ミリオ,67.1,49.3,32.3,15.7,17.8,17.0,16.6,15.7
20260529,アイファーファイト,69.2,51.8,34.3,16.7,17.4,17.5,17.6,16.7
20260529,ポッドベル,64.3,47.4,31.4,15.9,16.9,16.0,15.5,15.9
20260529,デルマテイネ,68.7,51.5,35.1,18.0,17.2,16.4,17.1,18.0
20260529,キタノシオン,71.7,52.8,34.4,17.3,18.9,18.4,17.1,17.3
20260529,ラスティングスノー,66.9,48.9,31.8,15.7,18.0,17.1,16.1,15.7
20260529,フレアリングベリー,66.9,49.0,31.7,15.9,17.9,17.3,15.8,15.9
20260529,ワンダリングスター,69.0,52.1,34.8,17.1,16.9,17.3,17.7,17.1
20260529,ウィールズアップ,67.9,49.6,32.2,15.7,18.3,17.4,16.5,15.7
20260529,テウメッサ,65.1,48.4,32.2,16.2,16.7,16.2,16.0,16.2
20260529,ファンタイムギフト,61.2,45.2,29.9,15.3,16.0,15.3,14.6,15.3
20260529,レヴェランジェ,60.3,45.5,30.5,15.3,14.8,15.0,15.2,15.3
20260529,ホウオウデンファレ,68.5,50.2,32.8,16.4,18.3,17.4,16.4,16.4
20260529,グランドストーリー,66.8,50.0,33.7,17.0,16.8,16.3,16.7,17.0
20260529,クレオズニードル,65.0,48.1,32.2,16.3,16.9,15.9,15.9,16.3
20260529,テルケンレンタッチ,69.0,51.4,35.1,17.7,17.6,16.3,17.4,17.7
20260529,ヤマカンドリーミン,70.0,51.2,32.8,16.0,18.8,18.4,16.8,16.0
20260529,エイシンウルクンデ,75.5,55.7,37.4,18.9,19.8,18.3,18.5,18.9
20260529,コンティオ,66.7,48.8,32.1,16.1,17.9,16.7,16.0,16.1
20260529,ブルージャイアント,66.4,48.5,32.4,16.6,17.9,16.1,15.8,16.6
20260529,ビルバンテ,61.5,45.6,29.6,14.6,15.9,16.0,15.0,14.6
20260529,タイドグラフ,61.5,45.4,29.9,15.0,16.1,15.5,14.9,15.0
20260529,ナイスプレーアスク,69.9,51.5,33.4,16.4,18.4,18.1,17.0,16.4
20260529,ラッキースウィッチ,62.8,46.4,30.6,15.0,16.4,15.8,15.6,15.0
20260529,サードアイ,65.9,48.8,32.3,15.8,17.1,16.5,16.5,15.8
20260529,キリミツ,73.9,54.1,35.6,17.8,19.8,18.5,17.8,17.8
20260529,アルバニクス,70.1,52.0,33.6,16.6,18.1,18.4,17.0,16.6
20260529,キセキノエンジェル,68.2,49.8,32.8,16.4,18.4,17.0,16.4,16.4
20260529,シャトーホークビル,66.9,49.1,32.3,16.0,17.8,16.8,16.3,16.0
20260529,コックオーヴァン,64.3,46.8,30.2,14.2,17.5,16.6,16.0,14.2
20260529,ヨシヒロ,64.9,47.8,31.6,15.5,17.1,16.2,16.1,15.5
20260529,イバラヒメ,69.3,50.8,33.6,16.9,18.5,17.2,16.7,16.9
20260529,ハッピーカーン,63.9,47.1,31.3,16.1,16.8,15.8,15.2,16.1
20260529,クールフィデル,65.1,48.4,32.0,16.3,16.7,16.4,15.7,16.3
20260529,チョウブク,70.2,51.7,34.1,17.4,18.5,17.6,16.7,17.4
20260529,タイセイエムロード,69.7,51.3,33.6,16.9,18.4,17.7,16.7,16.9
20260529,ダイユウアドバンス,63.7,47.1,31.3,16.0,16.6,15.8,15.3,16.0
20260529,アーバーバイティ,70.2,51.5,34.2,17.1,18.7,17.3,17.1,17.1
20260529,ウインワーグナー,67.4,50.3,33.4,16.7,17.1,16.9,16.7,16.7
20260529,ミラクルオーラ,66.6,49.3,32.8,16.3,17.3,16.5,16.5,16.3
20260529,ニューロファイター,62.6,46.2,30.3,14.9,16.4,15.9,15.4,14.9
20260529,ｵｳｹﾝｻﾞﾊﾟｰﾙの24,66.5,49.0,32.3,15.9,17.5,16.7,16.4,15.9
20260529,デルマカイモン,67.8,50.0,32.9,16.5,17.8,17.1,16.4,16.5
20260529,ツルマウカタチ,67.1,49.4,31.8,15.4,17.7,17.6,16.4,15.4
20260529,ツマヤ,68.3,50.7,33.7,16.8,17.6,17.0,16.9,16.8
20260529,エフエイト,68.6,51.7,34.7,17.3,16.9,17.0,17.4,17.3
20260529,サムシャイン,69.0,50.9,32.5,16.1,18.1,18.4,16.4,16.1
20260529,ユキノサイエンス,67.0,49.5,33.2,17.0,17.5,16.3,16.2,17.0
20260529,パラダイスフェイス,63.0,46.9,31.1,15.5,16.1,15.8,15.6,15.5
20260529,ニシノヒノトリ,65.5,48.7,32.0,15.8,16.8,16.7,16.2,15.8
20260529,アルアンダルス,66.2,48.2,32.0,16.3,18.0,16.2,15.7,16.3
20260529,ネイチャーシップ,63.8,46.6,30.5,15.0,17.2,16.1,15.5,15.0
20260529,ゴガツノアマノガワ,65.7,48.9,32.1,15.8,16.8,16.8,16.3,15.8
20260529,ラーナローザ,62.3,45.5,29.6,14.6,16.8,15.9,15.0,14.6
20260529,ポールセン,63.8,47.5,31.3,15.5,16.3,16.2,15.8,15.5
20260529,ミツカネメルクリオ,66.0,48.8,32.0,15.8,17.2,16.8,16.2,15.8
20260529,ミクロスギガース,65.4,48.3,31.4,15.7,17.1,16.9,15.7,15.7
20260529,テンハートビート,65.6,48.8,32.2,16.2,16.8,16.6,16.0,16.2
20260529,フェスティヴハート,63.6,46.2,30.3,14.7,17.4,15.9,15.6,14.7
20260529,ポッドジーク,63.5,46.7,30.6,14.8,16.8,16.1,15.8,14.8
20260529,ナイスプレーアスク,70.3,51.4,33.5,16.5,18.9,17.9,17.0,16.5
20260529,ジーティーフクフク,65.5,48.4,31.9,16.1,17.1,16.5,15.8,16.1
20260529,ポセイドンテソーロ,68.6,51.3,34.5,18.2,17.3,16.8,16.3,18.2
20260529,クアロアランチ,65.8,49.0,32.2,16.2,16.8,16.8,16.0,16.2
20260529,スウィット,67.9,50.9,33.6,17.1,17.0,17.3,16.5,17.1
20260529,グラスクラージュ,68.3,51.0,33.6,17.2,17.3,17.4,16.4,17.2
20260529,クラウンフラッグ,63.0,47.0,30.8,14.9,16.0,16.2,15.9,14.9
20260529,ディアファザー,62.9,46.8,30.8,15.0,16.1,16.0,15.8,15.0
20260529,セイウンガジュマル,68.4,51.1,33.9,17.4,17.3,17.2,16.5,17.4
20260529,クロドラバール,63.1,46.4,30.7,15.3,16.7,15.7,15.4,15.3
20260529,レッドライトニング,64.5,48.2,32.5,16.0,16.3,15.7,16.5,16.0
20260529,トゥラッタッタ,62.6,46.4,30.1,14.8,16.2,16.3,15.3,14.8
20260529,ペロ,67.8,50.2,33.0,16.2,17.6,17.2,16.8,16.2
20260529,レヴィテーション,63.3,46.6,31.5,16.3,16.7,15.1,15.2,16.3
20260529,ヨシウッドテール,69.6,51.3,34.1,17.4,18.3,17.2,16.7,17.4
20260529,マジックファイヤー,67.6,50.1,32.6,16.2,17.5,17.5,16.4,16.2
20260529,アーリマックス,70.0,51.5,34.5,17.3,18.5,17.0,17.2,17.3
20260529,アンニャンクッキー,61.2,44.7,29.5,14.9,16.5,15.2,14.6,14.9
20260529,イナンナ,63.5,47.5,31.8,15.8,16.0,15.7,16.0,15.8
20260529,アッシュグレイス,71.0,53.0,35.7,17.8,18.0,17.3,17.9,17.8
20260529,アルバニクス,70.1,52.0,34.2,16.6,18.1,17.8,17.6,16.6
20260529,ヌビアン,68.8,50.5,33.4,16.8,18.3,17.1,16.6,16.8
20260529,オメガディコン,67.2,49.7,32.3,15.7,17.5,17.4,16.6,15.7
20260529,レッドリファインド,62.1,46.1,30.4,14.8,16.0,15.7,15.6,14.8
20260529,エフハリスト,69.7,50.9,34.1,17.7,18.8,16.8,16.4,17.7
20260529,レゲンデ,69.1,50.9,33.5,16.9,18.2,17.4,16.6,16.9
20260529,ルクリーシア,61.5,45.0,29.6,14.9,16.5,15.4,14.7,14.9
20260529,プリンセスダーコ,68.6,50.8,33.8,17.3,17.8,17.0,16.5,17.3
20260529,ドンレパルス,69.7,51.5,34.3,17.5,18.2,17.2,16.8,17.5
20260529,ボールドゾーン,72.2,53.1,34.9,17.2,19.1,18.2,17.7,17.2
20260529,アイウィル,68.7,50.7,33.6,16.8,18.0,17.1,16.8,16.8
20260529,サトノパトリオット,71.5,52.1,34.6,17.1,19.4,17.5,17.5,17.1
20260529,ニシノモリミチ,69.2,51.0,33.8,17.1,18.2,17.2,16.7,17.1
20260529,ハチマン,65.7,47.3,29.8,14.4,18.4,17.5,15.4,14.4
20260529,カフェプラウド,66.8,48.2,30.9,14.7,18.6,17.3,16.2,14.7
20260529,モリガン,67.8,49.5,32.5,15.8,18.3,17.0,16.7,15.8
20260529,レイズレガシー,66.1,48.6,31.8,15.7,17.5,16.8,16.1,15.7
20260529,ルクスマグナ,68.1,50.7,33.6,16.5,17.4,17.1,17.1,16.5
20260529,ワイプユアアイズ,68.3,49.7,32.4,16.2,18.6,17.3,16.2,16.2
20260529,セイウンコハルタ,67.9,49.2,32.4,16.1,18.7,16.8,16.3,16.1
20260529,ヴァストマーレ,71.4,52.7,35.2,17.2,18.7,17.5,18.0,17.2
20260529,ホウオウビリーヴ,71.9,53.1,35.1,17.2,18.8,18.0,17.9,17.2
20260529,スターフラッシュ,71.0,52.1,34.4,16.7,18.9,17.7,17.7,16.7
20260529,シュレン,68.6,49.6,32.5,16.4,19.0,17.1,16.1,16.4
20260529,チェストー,68.7,50.2,33.0,16.4,18.5,17.2,16.6,16.4
20260529,トウカイティエラ,70.5,53.4,33.4,16.0,17.1,20.0,17.4,16.0
20260529,マジェステラ,70.5,51.3,33.6,16.4,19.2,17.7,17.2,16.4
20260529,サファイアテソーロ,67.8,50.1,32.9,16.8,17.7,17.2,16.1,16.8
20260529,ニシノランペイジ,69.6,50.0,31.9,16.0,19.6,18.1,15.9,16.0
20260529,フェンリル,68.9,50.7,33.5,16.7,18.2,17.2,16.8,16.7
20260529,イベリスアマラ,67.8,49.2,32.5,16.4,18.6,16.7,16.1,16.4
20260529,ジャスティンシカゴ,59.8,44.1,28.9,14.3,15.7,15.2,14.6,14.3
20260529,キョウエイアート,66.9,49.6,33.1,17.1,17.3,16.5,16.0,17.1
20260529,ジョワリヴレ,70.9,52.0,34.2,16.9,18.9,17.8,17.3,16.9
20260529,カゴシマ,70.2,50.9,32.7,16.5,19.3,18.2,16.2,16.5
20260529,オレデイイノカ,58.4,42.5,27.5,13.4,15.9,15.0,14.1,13.4
20260529,ルージュカエラ,58.5,42.7,28.0,13.8,15.8,14.7,14.2,13.8
20260529,アロンズロッド,66.3,47.6,30.7,15.2,18.7,16.9,15.5,15.2
20260529,カンフーヒーロー,72.0,52.8,35.0,17.3,19.2,17.8,17.7,17.3
20260529,ロジシーザ,60.4,43.7,29.0,14.8,16.7,14.7,14.2,14.8
20260529,ルージュアリスタ,65.9,47.5,31.1,15.3,18.4,16.4,15.8,15.3
20260529,レイランディ,57.9,42.2,27.4,13.2,15.7,14.8,14.2,13.2
20260529,タツナナイロ,78.8,61.1,40.9,21.2,17.7,20.2,19.7,21.2
20260529,モンドシュピーゲル,74.2,55.0,36.8,18.3,19.2,18.2,18.5,18.3
20260529,アイファーティアラ,71.1,52.5,34.9,17.3,18.6,17.6,17.6,17.3
20260529,ﾌﾟﾘﾓｽﾍﾟｰﾄﾞの24,70.9,52.2,34.8,17.2,18.7,17.4,17.6,17.2
20260529,デルマハルナ,65.1,47.6,31.6,15.8,17.5,16.0,15.8,15.8
20260529,アイアムアヒーロー,66.1,49.2,32.8,16.3,16.9,16.4,16.5,16.3
20260529,カシノスパーク,62.8,45.8,30.3,15.3,17.0,15.5,15.0,15.3
20260529,ミョンソクコムドリ,66.1,49.3,32.4,15.9,16.8,16.9,16.5,15.9
20260529,アイアムキレマスネ,65.9,48.9,32.4,16.2,17.0,16.5,16.2,16.2
20260529,ロンバスブレス,69.1,50.2,33.0,16.3,18.9,17.2,16.7,16.3
20260529,キミハスコール,67.9,49.9,33.2,16.2,18.0,16.7,17.0,16.2
20260529,ラファールドール,70.2,51.4,33.9,17.3,18.8,17.5,16.6,17.3
20260529,エコロブルーム,66.3,48.9,32.3,16.1,17.4,16.6,16.2,16.1
20260529,ヴァルク,66.0,49.7,33.3,16.2,16.3,16.4,17.1,16.2
20260529,ハデステソーロ,70.4,52.5,35.4,17.7,17.9,17.1,17.7,17.7
20260529,スウェーバック,70.7,51.3,33.0,16.0,19.4,18.3,17.0,16.0
20260529,アリストクラット,70.1,51.9,34.3,16.5,18.2,17.6,17.8,16.5
20260529,アヴィアトーレ,70.8,51.7,33.9,17.0,19.1,17.8,16.9,17.0
20260529,スナッチアップ,65.8,49.4,33.0,16.3,16.4,16.4,16.7,16.3
20260529,ファインコンダクト,77.7,55.5,34.6,16.7,22.2,20.9,17.9,16.7
20260529,リナクィーンアスク,73.8,53.7,35.4,18.2,20.1,18.3,17.2,18.2
20260529,ライトハウス,64.6,47.7,31.4,15.5,16.9,16.3,15.9,15.5
20260529,デアプリームス,70.3,52.2,34.9,18.3,18.1,17.3,16.6,18.3
20260529,クラオルグジェシダ,70.0,52.1,34.6,16.7,17.9,17.5,17.9,16.7
20260529,ラヴトリガー,72.4,53.3,35.0,17.3,19.1,18.3,17.7,17.3
20260529,クールストラッチン,72.2,53.1,34.7,17.1,19.1,18.4,17.6,17.1
20260529,ノーブルエース,64.7,48.2,31.8,15.8,16.5,16.4,16.0,15.8
20260529,ユリア,64.6,47.9,31.4,15.2,16.7,16.5,16.2,15.2
20260529,レッチュベルク,65.3,48.7,32.1,16.3,16.6,16.6,15.8,16.3
20260529,プルーヴンウィナー,66.6,50.1,33.6,16.1,16.5,16.5,17.5,16.1
20260529,ミアネーロ,86.2,63.8,42.0,20.3,22.4,21.8,21.7,20.3
20260529,イラーナ,67.3,49.9,33.0,16.6,17.4,16.9,16.4,16.6
20260529,メッエフアパラ,70.6,51.2,33.1,15.8,19.4,18.1,17.3,15.8
20260529,イミグラントソング,70.1,50.5,32.1,15.6,19.6,18.4,16.5,15.6
20260529,ザーフィル,89.4,66.4,44.1,21.8,23.0,22.3,22.3,21.8
20260529,ゴヴェルナーレリコ,69.8,50.8,32.9,15.9,19.0,17.9,17.0,15.9
20260529,ヨシウッドテール,68.5,51.0,33.9,16.8,17.5,17.1,17.1,16.8
20260529,ヌビアン,68.8,51.2,34.0,17.0,17.6,17.2,17.0,17.0
20260529,プリンセスダーコ,67.9,50.6,33.6,16.4,17.3,17.0,17.2,16.4
20260529,サンタアニタ,63.3,46.9,31.0,15.0,16.4,15.9,16.0,15.0
20260529,ポールセン,63.4,47.1,31.1,15.2,16.3,16.0,15.9,15.2
20260529,タイセイフレッサ,63.4,47.4,31.6,15.2,16.0,15.8,16.4,15.2
20260529,タニセンローマ,63.5,47.3,31.1,15.1,16.2,16.2,16.0,15.1
20260529,インナーパッション,63.1,47.1,31.0,15.2,16.0,16.1,15.8,15.2
20260529,ロードクラシコ,63.0,47.0,30.9,15.4,16.0,16.1,15.5,15.4
20260529,ヴンダーバール,63.4,47.2,31.4,15.3,16.2,15.8,16.1,15.3
20260529,アミナス,63.8,45.7,30.0,15.0,18.1,15.7,15.0,15.0
20260529,キコリータ,65.5,47.3,31.2,15.7,18.2,16.1,15.5,15.7
20260529,ボールドゾーン,70.0,51.6,33.3,16.6,18.4,18.3,16.7,16.6
20260529,チェストー,67.3,49.5,32.9,16.2,17.8,16.6,16.7,16.2
20260529,イベリスアマラ,63.7,47.2,31.1,16.0,16.5,16.1,15.1,16.0
20260529,モンドシュピーゲル,67.3,50.0,33.0,16.4,17.3,17.0,16.6,16.4
20260529,スターフラッシュ,70.7,52.3,33.7,16.5,18.4,18.6,17.2,16.5
20260529,カンフーヒーロー,69.1,51.1,33.4,16.4,18.0,17.7,17.0,16.4
20260529,アイファーティアラ,66.2,49.8,33.5,16.7,16.4,16.3,16.8,16.7
20260529,ﾌﾟﾘﾓｽﾍﾟｰﾄﾞの24,66.5,50.1,33.7,16.7,16.4,16.4,17.0,16.7
20260529,ミスターマーボー,65.3,47.8,31.5,16.2,17.5,16.3,15.3,16.2
20260529,シンクシビリティ,65.5,47.7,31.3,15.3,17.8,16.4,16.0,15.3
20260529,タイセイエキサイト,64.7,47.7,31.7,16.1,17.0,16.0,15.6,16.1
20260529,マイネルリコルディ,65.4,48.5,32.2,16.2,16.9,16.3,16.0,16.2
20260529,コスモフィデリタス,65.4,48.3,31.3,15.5,17.1,17.0,15.8,15.5
20260529,タツナナイロ,102.2,79.3,53.1,27.7,22.9,26.2,25.4,27.7
20260529,リナクィーンアスク,71.7,51.6,33.2,16.3,20.1,18.4,16.9,16.3
20260529,ヴィクトリーロード,66.9,48.8,31.8,15.7,18.1,17.0,16.1,15.7
20260529,ピンキープロミス,67.0,48.8,31.7,15.9,18.2,17.1,15.8,15.9
20260529,レイワサンサン,56.8,40.0,25.1,12.3,16.8,14.9,12.8,12.3
20260529,アイブリンク,53.0,37.6,24.2,12.4,15.4,13.4,11.8,12.4
20260529,ランツフート,53.6,38.1,24.5,12.5,15.5,13.6,12.0,12.5
20260529,マウンテンバローズ,51.7,37.1,24.3,12.2,14.6,12.8,12.1,12.2
20260529,アイニードユー,53.1,38.3,24.5,12.1,14.8,13.8,12.4,12.1
20260529,ジュンドラドラ,53.5,38.8,24.5,11.7,14.7,14.3,12.8,11.7
20260529,アスクアイルビゼア,54.0,39.3,25.6,12.7,14.7,13.7,12.9,12.7
20260529,エコロガイア,51.4,36.5,24.2,12.2,14.9,12.3,12.0,12.2
20260529,モズナナスター,66.0,48.2,31.6,15.6,17.8,16.6,16.0,15.6
20260529,ストラテージュ,63.3,46.3,30.4,15.1,17.0,15.9,15.3,15.1
20260529,ラッキーバック,65.5,46.8,29.6,13.7,18.7,17.2,15.9,13.7
20260529,スターシップ,65.5,48.1,32.0,16.2,17.4,16.1,15.8,16.2
20260529,サラサチャーミング,66.0,47.8,31.5,16.1,18.2,16.3,15.4,16.1
20260529,ラッキーシグネチャ,63.1,46.5,30.4,15.2,16.6,16.1,15.2,15.2
20260529,ゴールドヴィーナス,53.5,39.4,25.5,12.6,14.1,13.9,12.9,12.6
20260529,カスタニッチャ,66.1,48.0,31.7,16.1,18.1,16.3,15.6,16.1
20260529,ジリアート,63.6,46.9,30.5,15.2,16.7,16.4,15.3,15.2
20260529,ジャスパーレオン,63.8,48.0,32.1,16.0,15.8,15.9,16.1,16.0
20260529,カフラー,63.6,46.8,30.3,15.2,16.8,16.5,15.1,15.2
20260529,テムグロリア,64.4,46.3,30.3,14.9,18.1,16.0,15.4,14.9
20260529,エルダークローネ,64.5,47.1,30.8,15.8,17.4,16.3,15.0,15.8
20260529,タッチャブル,64.4,47.3,30.9,15.1,17.1,16.4,15.8,15.1
20260529,ネグレスコ,64.6,47.5,32.1,15.9,17.1,15.4,16.2,15.9
20260529,グレイスフルマーチ,54.8,39.8,25.8,12.7,15.0,14.0,13.1,12.7
20260529,ダイアナクイーン,58.1,42.3,27.1,13.4,15.8,15.2,13.7,13.4
20260529,ゴッドエスパーダ,65.7,48.1,31.9,15.6,17.6,16.2,16.3,15.6
20260529,ジャスパーノベル,67.0,48.9,31.8,15.5,18.1,17.1,16.3,15.5
20260529,ゼンカイナダル,66.4,48.9,32.3,15.9,17.5,16.6,16.4,15.9
20260529,ロードファイター,63.8,47.2,31.0,15.5,16.6,16.2,15.5,15.5
20260529,ヴェインズマン,65.9,48.1,31.8,15.4,17.8,16.3,16.4,15.4
20260529,ワルトシュタイン,64.7,47.4,31.4,15.3,17.3,16.0,16.1,15.3
20260529,リュネヴィル,65.5,47.2,31.2,15.5,18.3,16.0,15.7,15.5
20260529,マーゴットデイズ,68.4,50.2,33.2,16.5,18.2,17.0,16.7,16.5
20260529,ステインアライヴ,68.9,51.1,34.0,17.2,17.8,17.1,16.8,17.2
20260529,ココプレミア,65.3,47.8,31.5,15.6,17.5,16.3,15.9,15.6
20260529,ルビーブロンド,65.1,48.3,31.4,15.5,16.8,16.9,15.9,15.5
20260529,アメリカンイズム,64.6,47.4,30.6,14.6,17.2,16.8,16.0,14.6
20260529,ｽﾏｰﾄｱｴﾛの24,67.8,50.4,32.3,16.0,17.4,18.1,16.3,16.0
20260529,ニシノフランケン,69.1,49.4,31.7,14.5,19.7,17.7,17.2,14.5
20260529,ヨッシーフレアー,68.2,49.8,32.2,15.8,18.4,17.6,16.4,15.8
20260529,アテンド,69.1,51.4,34.2,17.1,17.7,17.2,17.1,17.1
20260529,バレエマスター,64.1,47.0,31.6,15.9,17.1,15.4,15.7,15.9
20260529,シュガークン,69.0,51.5,34.0,17.4,17.5,17.5,16.6,17.4
20260529,キュクヌス,65.7,48.5,31.7,15.6,17.2,16.8,16.1,15.6
20260529,アスクコモンタレヴ,65.5,47.2,30.8,14.8,18.3,16.4,16.0,14.8
20260529,アンビアンス,67.3,47.9,31.5,15.8,19.4,16.4,15.7,15.8
20260529,ゴールデンクラウド,64.6,47.1,31.1,15.4,17.5,16.0,15.7,15.4
20260529,スパルタンエックス,65.4,46.3,29.7,14.5,19.1,16.6,15.2,14.5
20260529,テーオーナタリー,61.4,44.0,28.5,13.9,17.4,15.5,14.6,13.9
20260529,ディアーモルタル,64.9,46.3,30.5,15.2,18.6,15.8,15.3,15.2
20260529,アヴレディール,67.8,49.1,32.3,16.1,18.7,16.8,16.2,16.1
20260529,シックパラソル,67.6,49.2,32.4,16.0,18.4,16.8,16.4,16.0
20260529,ショウナンカノア,70.8,52.5,34.8,17.3,18.3,17.7,17.5,17.3
20260529,ダークエクリプス,66.8,48.6,32.1,15.9,18.2,16.5,16.2,15.9
20260529,ヴェロクオーレ,66.2,48.3,31.5,15.5,17.9,16.8,16.0,15.5
20260529,ヘルモーズ,64.9,46.2,31.1,15.4,18.7,15.1,15.7,15.4
20260529,ディニトーソ,63.8,46.4,30.0,14.5,17.4,16.4,15.5,14.5
20260529,アンピュルシオン,67.0,49.2,32.6,16.4,17.8,16.6,16.2,16.4
20260529,アロマフェリス,62.9,46.0,29.8,14.7,16.9,16.2,15.1,14.7
20260529,ミラージュナイト,63.6,46.1,29.7,14.2,17.5,16.4,15.5,14.2
20260529,サンライズナスカ,67.7,49.1,31.8,15.2,18.6,17.3,16.6,15.2
20260529,ウィスピア,66.3,48.5,31.5,15.2,17.8,17.0,16.3,15.2
20260529,アイアン,62.7,46.0,30.3,14.9,16.7,15.7,15.4,14.9
20260529,リアライズグリント,63.5,46.3,30.4,15.1,17.2,15.9,15.3,15.1
20260529,メリオルヴィア,65.1,46.3,29.9,14.9,18.8,16.4,15.0,14.9
20260529,タガノプディング,64.8,47.0,31.0,15.7,17.8,16.0,15.3,15.7
20260529,グローリーバローズ,63.4,46.0,30.5,14.8,17.4,15.5,15.7,14.8
20260529,エイシンウィスパー,66.5,49.2,33.1,16.7,17.3,16.1,16.4,16.7
20260529,スウィートリワード,63.8,46.7,31.0,15.3,17.1,15.7,15.7,15.3
20260529,タイキジュビリー,65.4,47.6,30.8,15.5,17.8,16.8,15.3,15.5
20260529,アイルトン,64.4,46.8,31.1,14.8,17.6,15.7,16.3,14.8
20260529,インフィオラータ,62.5,46.1,29.8,14.8,16.4,16.3,15.0,14.8
20260529,ベラジオヴァレル,63.7,47.4,30.4,14.8,16.3,17.0,15.6,14.8
20260529,ティアーズクィーン,61.7,45.6,30.2,14.6,16.1,15.4,15.6,14.6
20260529,ローゾフィア,68.1,49.9,33.2,17.0,18.2,16.7,16.2,17.0
20260529,マイケルバローズ,65.2,47.7,31.3,15.5,17.5,16.4,15.8,15.5
20260529,スズカローズキング,65.2,47.4,30.8,15.5,17.8,16.6,15.3,15.5
20260529,トラステッド,63.4,45.0,28.8,13.8,18.4,16.2,15.0,13.8
20260529,オメガヒストリー,75.3,53.2,33.8,16.6,22.1,19.4,17.2,16.6
20260529,リフルフォース,64.8,47.3,30.1,14.4,17.5,17.2,15.7,14.4
20260529,ラルヴァンダード,70.3,50.4,33.5,16.7,19.9,16.9,16.8,16.7
20260529,デアヴェローチェ,63.0,45.4,29.4,14.3,17.6,16.0,15.1,14.3
20260529,シェーネエルデ,52.4,37.8,24.4,12.3,14.6,13.4,12.1,12.3
20260529,ユイリノベーション,63.2,46.4,30.5,15.0,16.8,15.9,15.5,15.0
20260529,ランダムナンバー,65.0,47.7,31.5,15.8,17.3,16.2,15.7,15.8
20260529,ケイアイトリノ,63.6,46.6,30.5,14.9,17.0,16.1,15.6,14.9
20260529,アームズラムレイ,64.0,47.3,31.0,15.1,16.7,16.3,15.9,15.1
20260529,オメガマサヤ,70.7,50.5,33.2,16.8,20.2,17.3,16.4,16.8
20260529,エティエンヌ,79.0,58.4,38.5,19.3,20.6,19.9,19.2,19.3
20260529,タカサンフェイス,69.4,50.7,32.8,15.6,18.7,17.9,17.2,15.6
20260529,メイショウクーガー,62.4,45.9,30.5,15.1,16.5,15.4,15.4,15.1
20260529,ロードシュヴァリエ,63.2,46.2,30.2,15.2,17.0,16.0,15.0,15.2
20260529,メイショウセイロウ,66.0,48.9,31.8,15.6,17.1,17.1,16.2,15.6
20260529,ウィルサヴァイブ,63.0,46.4,30.4,14.9,16.6,16.0,15.5,14.9
20260529,アルテヴェローチェ,64.1,46.6,30.2,14.8,17.5,16.4,15.4,14.8
20260529,ジョイエッロ,66.5,48.2,30.9,14.9,18.3,17.3,16.0,14.9
20260529,ブレスドナイル,67.2,48.5,31.7,15.2,18.7,16.8,16.5,15.2
20260529,プレデンシア,72.2,53.5,35.4,17.6,18.7,18.1,17.8,17.6
20260529,タイセイバウンス,73.6,52.9,34.8,17.4,20.7,18.1,17.4,17.4
20260529,テイケイウェリナ,64.5,47.9,31.6,15.6,16.6,16.3,16.0,15.6
20260529,ラルス,66.9,48.1,30.6,14.4,18.8,17.5,16.2,14.4
20260529,ギフテッドスペック,65.1,47.9,30.9,14.3,17.2,17.0,16.6,14.3
20260529,アンビエントポップ,66.4,48.6,31.8,15.8,17.8,16.8,16.0,15.8
20260529,タガノラヴズワン,65.0,47.2,30.6,15.0,17.8,16.6,15.6,15.0
20260529,カデナボニータ,67.3,48.4,30.8,14.8,18.9,17.6,16.0,14.8
20260529,センリョウヤクシャ,70.8,52.6,34.3,16.9,18.2,18.3,17.4,16.9
20260529,ナムラステラ,65.9,48.2,31.2,15.3,17.7,17.0,15.9,15.3
20260529,ルマンサルト,66.7,48.3,31.3,15.7,18.4,17.0,15.6,15.7
20260529,ウインガウェイン,66.7,48.2,31.2,15.6,18.5,17.0,15.6,15.6
20260529,ハロナ,64.3,47.2,30.8,15.2,17.1,16.4,15.6,15.2
20260529,ルクスグレイス,61.3,45.4,30.4,15.7,15.9,15.0,14.7,15.7
20260529,テラステラ,64.2,47.9,32.0,16.0,16.3,15.9,16.0,16.0
20260529,メイショウコナン,68.0,49.3,32.4,16.0,18.7,16.9,16.4,16.0
20260529,ハリウッドパーク,65.5,48.0,32.0,16.1,17.5,16.0,15.9,16.1
20260529,ユキノクラウン,66.0,48.1,32.0,16.1,17.9,16.1,15.9,16.1
20260529,ソルトハッピー,67.7,48.8,32.3,16.2,18.9,16.5,16.1,16.2
20260529,クリーンブーケ,65.1,47.6,31.2,15.4,17.5,16.4,15.8,15.4
20260529,シャイニングスター,65.8,48.0,31.7,15.7,17.8,16.3,16.0,15.7
20260529,パスリヤージュ,69.1,49.7,32.5,16.2,19.4,17.2,16.3,16.2
20260529,トップアタック,65.9,47.8,31.5,15.4,18.1,16.3,16.1,15.4
20260529,ロールスワン,60.7,45.2,29.5,14.9,15.5,15.7,14.6,14.9
20260529,ブルーザー,60.7,44.5,28.8,14.3,16.2,15.7,14.5,14.3
20260529,ポニーテール,54.5,39.7,25.7,12.5,14.8,14.0,13.2,12.5
20260529,シバノパージャン,56.1,41.2,25.6,12.3,14.9,15.6,13.3,12.3
20260529,シンゼンノト,66.3,47.9,31.1,15.5,18.4,16.8,15.6,15.5
20260529,キングツェッペリン,63.5,47.1,30.4,15.0,16.4,16.7,15.4,15.0
20260529,クインズショコラ,64.0,45.8,29.5,14.5,18.2,16.3,15.0,14.5
20260529,メイショウタイピン,65.7,47.9,30.7,15.9,17.8,17.2,14.8,15.9
20260529,レディネス,64.6,47.8,31.0,15.0,16.8,16.8,16.0,15.0
20260529,ゴールデンカイト,63.3,46.0,29.6,15.0,17.3,16.4,14.6,15.0
20260529,ピエナオルカ,65.3,47.5,31.2,15.6,17.8,16.3,15.6,15.6
20260529,キタノハイテイル,63.7,47.0,30.9,15.6,16.7,16.1,15.3,15.6
20260529,ビナハイバン,65.7,48.3,30.8,15.1,17.4,17.5,15.7,15.1
20260529,ワンダフルデイズ,63.7,46.3,30.3,15.0,17.4,16.0,15.3,15.0
20260529,コニーアイランド,62.1,45.2,29.6,15.0,16.9,15.6,14.6,15.0
20260529,カラクニダケ,67.1,49.7,32.8,15.8,17.4,16.9,17.0,15.8
20260529,グルード,72.3,50.8,32.3,16.3,21.5,18.5,16.0,16.3
20260529,グレートキリシマ,71.0,50.7,32.5,16.4,20.3,18.2,16.1,16.4
20260529,トシミチ,67.0,49.3,33.0,16.0,17.7,16.3,17.0,16.0
20260529,ダディーズトリップ,70.2,52.1,33.8,15.8,18.1,18.3,18.0,15.8
20260529,ブリオメンテ,70.2,51.4,33.6,16.6,18.8,17.8,17.0,16.6
20260529,ジョウゲンノツキ,65.9,47.0,30.4,15.0,18.9,16.6,15.4,15.0
20260529,ミライハーモニー,69.1,51.1,33.3,16.3,18.0,17.8,17.0,16.3
20260529,ヴリトラハン,66.8,49.2,31.7,15.7,17.6,17.5,16.0,15.7
20260529,クリノリキオー,69.9,51.0,33.5,16.4,18.9,17.5,17.1,16.4
20260529,ハッピーリオン,66.5,49.0,32.2,15.8,17.5,16.8,16.4,15.8
20260529,ワルツプリンセス,67.0,48.6,31.0,15.8,18.4,17.6,15.2,15.8
20260529,スワトウ,68.0,50.0,32.7,16.4,18.0,17.3,16.3,16.4
20260529,キングスペード,64.9,47.9,31.7,15.5,17.0,16.2,16.2,15.5
20260529,コラカオ,53.9,38.8,24.8,12.3,15.1,14.0,12.5,12.3
20260529,クリコキアナ,66.6,49.1,31.8,15.5,17.5,17.3,16.3,15.5
20260529,ヴィヴァン,64.9,47.6,31.4,15.8,17.3,16.2,15.6,15.8
20260529,ハイディージェン,67.9,49.8,32.8,16.4,18.1,17.0,16.4,16.4
20260529,ベルジュロネット,66.1,48.3,31.9,16.2,17.8,16.4,15.7,16.2
20260529,ヨカオウ,63.1,47.2,31.1,15.4,15.9,16.1,15.7,15.4
20260529,ユーコンノオトコ,63.8,46.9,30.9,15.1,16.9,16.0,15.8,15.1
20260529,ピカラ,65.4,47.8,30.9,15.2,17.6,16.9,15.7,15.2
20260529,アスクイキゴミ,68.8,50.3,33.0,16.4,18.5,17.3,16.6,16.4
20260529,パノラマステージ,62.4,46.4,30.7,15.0,16.0,15.7,15.7,15.0
20260529,ビップジーニー,68.6,49.5,32.2,15.8,19.1,17.3,16.4,15.8
20260529,サンライズグラシア,65.0,47.5,31.4,15.8,17.5,16.1,15.6,15.8
20260529,ララドゥージエム,66.7,48.2,31.2,15.7,18.5,17.0,15.5,15.7
20260529,プシュパ,69.7,51.9,34.4,16.8,17.8,17.5,17.6,16.8
20260529,ララディアーブル,65.0,47.7,31.5,15.7,17.3,16.2,15.8,15.7
20260529,ゴールドアーチ,64.9,47.0,30.1,14.6,17.9,16.9,15.5,14.6
20260529,カフジエメンタール,64.3,47.2,31.4,15.9,17.1,15.8,15.5,15.9
20260529,ショウナンバンライ,67.3,49.5,32.6,15.9,17.8,16.9,16.7,15.9
20260529,セラサイト,64.2,46.5,30.7,14.9,17.7,15.8,15.8,14.9
20260529,バロンドール,64.0,47.0,30.9,15.1,17.0,16.1,15.8,15.1
20260529,オドラニャソンソン,69.5,51.8,34.3,17.0,17.7,17.5,17.3,17.0
20260529,クロワデュノール,81.4,59.0,39.1,18.7,22.4,19.9,20.4,18.7
20260529,ドラゴン,62.8,45.5,29.9,14.9,17.3,15.6,15.0,14.9
20260529,リバーソニック,67.3,49.5,33.0,16.3,17.8,16.5,16.7,16.3
20260529,ダイメイプリンス,69.7,50.8,33.5,16.2,18.9,17.3,17.3,16.2
20260529,テリオスリコ,70.0,51.2,33.3,16.3,18.8,17.9,17.0,16.3
20260529,ラパンドール,66.6,48.3,31.2,15.0,18.3,17.1,16.2,15.0
20260529,メイショウコシュウ,68.7,50.5,33.6,16.7,18.2,16.9,16.9,16.7
20260529,ワンインザスカイ,67.6,49.6,32.5,16.5,18.0,17.1,16.0,16.5
20260529,リトセア,60.2,44.1,29.2,14.9,16.1,14.9,14.3,14.9
20260529,ケンタッキーホーム,67.3,48.0,30.1,15.0,19.3,17.9,15.1,15.0
20260529,ジーティーキャリー,69.4,51.1,33.1,16.2,18.3,18.0,16.9,16.2
20260529,メイショウヤーキス,67.3,49.4,32.3,15.9,17.9,17.1,16.4,15.9
20260529,メイショウフウドウ,61.7,44.4,28.4,13.5,17.3,16.0,14.9,13.5
20260529,ラウダブル,66.6,48.6,31.7,15.4,18.0,16.9,16.3,15.4
20260529,ミスタージーティー,64.5,46.4,30.0,14.7,18.1,16.4,15.3,14.7
20260529,スピントロニクス,66.4,48.5,31.8,15.7,17.9,16.7,16.1,15.7
20260529,リトルスカーレット,67.2,47.7,30.5,14.7,19.5,17.2,15.8,14.7
20260529,フララナキラ,67.1,48.6,31.3,15.1,18.5,17.3,16.2,15.1
20260529,メイショウライガ,66.1,48.0,31.4,15.4,18.1,16.6,16.0,15.4
20260529,ミリタリータトゥー,71.6,53.6,36.4,18.9,18.0,17.2,17.5,18.9
20260529,サトノアグード,60.1,42.9,27.5,13.3,17.2,15.4,14.2,13.3
20260529,ピョイットハレルヤ,73.3,54.2,36.1,17.9,19.1,18.1,18.2,17.9
20260529,レジェルテ,54.1,39.2,25.2,12.6,14.9,14.0,12.6,12.6
20260529,ベルセクレト,71.2,53.4,35.9,18.8,17.8,17.5,17.1,18.8
20260529,ジョディーズマロン,69.5,50.3,32.8,16.1,19.2,17.5,16.7,16.1
20260529,テーオーダヴィンチ,60.1,43.8,29.0,14.7,16.3,14.8,14.3,14.7
20260529,シーリュウシー,61.9,45.5,29.8,14.6,16.4,15.7,15.2,14.6
20260529,コスモストーム,67.4,49.1,32.4,16.4,18.3,16.7,16.0,16.4
20260529,ドンレミラピュセル,66.2,47.2,30.3,14.5,19.0,16.9,15.8,14.5
20260529,ニホンピロローカス,63.2,46.8,30.8,15.5,16.4,16.0,15.3,15.5
20260529,リサシテーション,62.4,45.8,30.1,14.7,16.6,15.7,15.4,14.7
20260529,ﾏﾘｱﾝの24,70.6,50.6,33.0,16.5,20.0,17.6,16.5,16.5
20260529,タイゲン,62.1,45.0,29.5,14.8,17.1,15.5,14.7,14.8
20260529,ディアドコス,60.8,43.9,28.7,14.3,16.9,15.2,14.4,14.3
20260529,ユメハハテシナク,67.8,49.2,32.0,15.7,18.6,17.2,16.3,15.7
20260529,トウカイポワール,66.2,48.1,31.3,15.4,18.1,16.8,15.9,15.4
20260529,ヒルノドゴール,64.7,46.7,31.0,15.3,18.0,15.7,15.7,15.3
20260529,アジュマン,64.2,46.5,30.4,15.2,17.7,16.1,15.2,15.2
20260529,ビービークローサー,69.1,49.9,33.5,16.1,19.2,16.4,17.4,16.1
20260529,ミリオンアップ,68.8,49.7,33.5,16.1,19.1,16.2,17.4,16.1
20260529,オレンジフィールド,66.7,48.6,31.8,15.4,18.1,16.8,16.4,15.4
20260529,シャインゴーツ,66.2,48.0,31.5,15.4,18.2,16.5,16.1,15.4
20260529,ウェイヴムーン,64.0,46.2,30.3,15.0,17.8,15.9,15.3,15.0
20260529,アルムアポジェ,65.5,47.1,30.6,14.7,18.4,16.5,15.9,14.7
20260529,ストロングボーイ,67.9,50.8,34.0,17.2,17.1,16.8,16.8,17.2
20260529,スマートメモリー,63.9,46.4,31.0,15.5,17.5,15.4,15.5,15.5
20260529,ヘルモーズ,69.2,50.0,32.8,16.2,19.2,17.2,16.6,16.2
20260529,ヤマヤロード,65.6,48.6,31.3,15.5,17.0,17.3,15.8,15.5
20260529,ワイルドカグラ,66.9,48.9,32.2,15.9,18.0,16.7,16.3,15.9
20260529,ルクスドリーム,66.5,48.6,32.0,15.9,17.9,16.6,16.1,15.9
20260529,ベリベリハッピー,64.1,46.2,30.8,15.3,17.9,15.4,15.5,15.3
20260529,トリーア,66.1,49.1,32.0,15.9,17.0,17.1,16.1,15.9
20260529,エレノアサンライズ,69.7,50.5,32.7,16.1,19.2,17.8,16.6,16.1
20260529,ベストレイク,71.1,51.5,33.6,16.6,19.6,17.9,17.0,16.6
20260529,ヴェルミセル,66.3,48.6,31.1,15.3,17.7,17.5,15.8,15.3
20260529,パープルクラウド,64.7,47.1,30.0,15.3,17.6,17.1,14.7,15.3
20260529,スズカハービン,65.1,47.7,31.5,15.5,17.4,16.2,16.0,15.5
20260529,ワンダーカモン,64.5,46.7,29.5,14.8,17.8,17.2,14.7,14.8
20260529,ゴールデンクラウド,69.8,50.7,33.2,16.3,19.1,17.5,16.9,16.3
20260529,タントレーベル,66.7,49.3,32.0,15.9,17.4,17.3,16.1,15.9
20260529,ヴェネラブル,67.0,49.0,31.9,15.5,18.0,17.1,16.4,15.5
20260529,カヴァティーナ,68.4,49.9,32.2,15.6,18.5,17.7,16.6,15.6
20260529,メランコリニスタ,66.4,48.7,31.1,15.2,17.7,17.6,15.9,15.2
20260529,ﾊﾞﾝﾄﾞｩｯﾁの24,67.6,49.5,32.5,15.7,18.1,17.0,16.8,15.7
20260529,クリノクリスタル,68.7,50.9,33.6,16.4,17.8,17.3,17.2,16.4
20260529,キャピタルサックス,71.3,52.3,34.9,17.5,19.0,17.4,17.4,17.5
20260529,アート,70.2,51.3,34.1,16.8,18.9,17.2,17.3,16.8
20260529,ノヴァレジーナ,65.4,48.1,32.0,15.9,17.3,16.1,16.1,15.9
20260529,リベッチオ,70.4,52.1,35.0,17.0,18.3,17.1,18.0,17.0
20260529,ガイアフォース,69.0,49.5,32.6,16.2,19.5,16.9,16.4,16.2
20260529,サンマルパトロール,67.8,48.9,31.9,15.8,18.9,17.0,16.1,15.8
20260529,ミュージシャン,67.2,49.4,32.9,16.4,17.8,16.5,16.5,16.4
20260529,ライツユーアップ,64.5,47.1,30.7,15.2,17.4,16.4,15.5,15.2
20260529,ステラネージュ,67.7,49.3,32.1,15.7,18.4,17.2,16.4,15.7
20260529,メイショウソラリス,53.8,38.8,25.3,12.5,15.0,13.5,12.8,12.5
20260529,ゴッドアミーラ,67.2,48.4,31.7,15.6,18.8,16.7,16.1,15.6
20260529,ジーティーメティオ,63.3,46.2,29.4,13.8,17.1,16.8,15.6,13.8
20260529,ドンテスタマスター,74.1,52.6,33.8,16.6,21.5,18.8,17.2,16.6
20260529,ロックターミガン,63.9,46.8,30.4,14.8,17.1,16.4,15.6,14.8
20260529,パクスフェリーチェ,66.2,48.4,32.1,16.2,17.8,16.3,15.9,16.2
20260529,グランドプラージュ,65.9,49.3,33.0,16.5,16.6,16.3,16.5,16.5
20260529,アンジュプロミス,66.5,49.5,32.7,15.8,17.0,16.8,16.9,15.8
20260529,ウルトラハート,68.5,50.8,34.1,17.2,17.7,16.7,16.9,17.2
20260529,シャロン,68.4,49.1,31.9,15.9,19.3,17.2,16.0,15.9
20260529,メイショウオーロラ,66.0,48.7,32.6,16.5,17.3,16.1,16.1,16.5
20260529,メイワメジェール,66.2,47.6,30.9,15.3,18.6,16.7,15.6,15.3
20260529,パンキー,66.2,47.8,31.0,15.4,18.4,16.8,15.6,15.4
20260529,コイバナ,68.1,49.5,32.4,15.8,18.6,17.1,16.6,15.8
20260529,ロブチェン,67.5,48.9,31.9,15.9,18.6,17.0,16.0,15.9
20260529,スターリーデー,65.9,47.7,30.9,15.4,18.2,16.8,15.5,15.4
20260529,ショウナンアンバー,75.0,54.8,36.1,18.0,20.2,18.7,18.1,18.0
20260529,リアルアルバ,68.4,51.2,34.7,17.3,17.2,16.5,17.4,17.3
20260529,メイショウプレマ,65.6,48.1,31.4,15.8,17.5,16.7,15.6,15.8
20260529,チェリヴェント,70.7,51.1,33.6,16.7,19.6,17.5,16.9,16.7
20260529,レッドパラジウム,70.1,50.1,32.5,16.3,20.0,17.6,16.2,16.3
20260529,コマチチャン,66.0,47.5,30.5,15.2,18.5,17.0,15.3,15.2
20260529,ルージュルガーノ,71.9,52.8,34.2,17.2,19.1,18.6,17.0,17.2
20260529,コサージュ,69.3,50.3,32.3,16.3,19.0,18.0,16.0,16.3
20260529,シャインラブ,68.6,51.1,33.4,16.4,17.5,17.7,17.0,16.4
20260529,エトワールブルー,74.4,54.0,35.0,17.0,20.4,19.0,18.0,17.0
20260529,サイモンゴージャス,65.5,47.8,31.0,14.9,17.7,16.8,16.1,14.9
20260529,サンダーバース,68.2,49.8,32.8,16.1,18.4,17.0,16.7,16.1
20260529,トラペジスト,69.2,50.1,33.1,16.5,19.1,17.0,16.6,16.5
20260529,スリーケイ,69.3,51.8,34.4,16.7,17.5,17.4,17.7,16.7
20260529,ジーティーウタマロ,66.9,48.8,32.6,16.4,18.1,16.2,16.2,16.4
20260529,ブレッティレディ,67.5,49.0,31.6,15.6,18.5,17.4,16.0,15.6
20260529,カーリキュー,74.7,54.3,35.0,16.9,20.4,19.3,18.1,16.9
20260529,ファントムグレース,68.9,50.5,32.9,16.1,18.4,17.6,16.8,16.1
20260529,ギオンバヤシ,65.6,48.6,32.6,16.4,17.0,16.0,16.2,16.4
20260529,ゼルダ,65.9,47.7,30.9,15.1,18.2,16.8,15.8,15.1
20260529,エバイダンス,68.5,50.0,32.9,16.4,18.5,17.1,16.5,16.4
20260529,クロンヌジャン,67.7,50.1,33.1,16.4,17.6,17.0,16.7,16.4
20260529,ルージュビバーチェ,66.7,48.7,31.6,15.6,18.0,17.1,16.0,15.6
20260529,メイショウノゾミ,80.7,59.2,38.5,18.9,21.5,20.7,19.6,18.9
20260529,ルイスイメル,80.7,59.2,38.5,18.7,21.5,20.7,19.8,18.7
20260529,ハギノサステナブル,69.7,50.4,33.0,16.1,19.3,17.4,16.9,16.1
20260529,ジュウオウ,66.6,49.6,32.7,16.2,17.0,16.9,16.5,16.2
20260529,サンタカリス,68.8,49.7,32.9,16.8,19.1,16.8,16.1,16.8
20260529,タイキルッジェーロ,68.9,49.1,32.1,15.9,19.8,17.0,16.2,15.9
20260529,ワイドシャッフエン,69.1,50.1,33.0,16.4,19.0,17.1,16.6,16.4
20260529,ドローイング,71.6,51.9,33.9,16.2,19.7,18.0,17.7,16.2
20260529,アンリミテッド,70.3,51.0,33.5,16.4,19.3,17.5,17.1,16.4
20260529,ミルボナー,71.1,51.0,33.3,16.7,20.1,17.7,16.6,16.7
20260529,エイル,70.7,51.2,33.5,16.8,19.5,17.7,16.7,16.8
20260529,コンジェスタス,68.9,49.7,32.6,16.4,19.2,17.1,16.2,16.4
20260529,フレアオブセンス,70.4,50.8,32.9,16.1,19.6,17.9,16.8,16.1
20260529,ラジャブルック,69.3,49.7,32.6,16.2,19.6,17.1,16.4,16.2
20260529,オスカーレイア,66.7,48.4,31.4,15.7,18.3,17.0,15.7,15.7
20260529,フリームファクシ,59.2,41.7,27.4,13.8,17.5,14.3,13.6,13.8
20260529,シャンパンスター,63.7,46.0,30.6,15.4,17.7,15.4,15.2,15.4
20260529,グランドオーパス,67.3,48.0,31.4,15.5,19.3,16.6,15.9,15.5
20260529,シュネープリンセス,63.8,46.6,31.0,15.8,17.2,15.6,15.2,15.8
20260529,サリカリーフォリア,65.4,47.2,31.4,15.6,18.2,15.8,15.8,15.6
20260529,コティノス,63.3,46.4,30.7,14.8,16.9,15.7,15.9,14.8
20260529,ロコラッテ,72.3,52.6,34.3,16.9,19.7,18.3,17.4,16.9
20260529,アクートゥス,64.8,47.3,30.7,14.7,17.5,16.6,16.0,14.7
20260529,フルムーン,64.1,46.6,30.7,15.5,17.5,15.9,15.2,15.5
20260529,フローレンスフーガ,65.7,48.3,31.1,15.8,17.4,17.2,15.3,15.8
20260529,ウィスカーパッド,65.3,47.9,31.3,15.3,17.4,16.6,16.0,15.3
20260529,テーオーグレーザー,65.9,47.1,31.0,15.3,18.8,16.1,15.7,15.3
20260529,アレナパラシオ,66.5,47.9,31.2,15.5,18.6,16.7,15.7,15.5
20260529,ドウアドバンテージ,65.6,47.7,30.8,15.2,17.9,16.9,15.6,15.2
20260529,サヴォンリンナ,65.5,48.3,31.8,15.8,17.2,16.5,16.0,15.8
20260529,パヴィーア,67.0,48.7,32.1,16.0,18.3,16.6,16.1,16.0
20260529,タナブイハチターボ,69.8,50.4,33.3,16.7,19.4,17.1,16.6,16.7
20260529,ダンデノン,65.2,47.3,30.8,14.7,17.9,16.5,16.1,14.7
20260529,アドフランマム,69.5,51.4,33.8,16.8,18.1,17.6,17.0,16.8
20260529,パウンドフォーワン,66.8,49.0,32.6,16.7,17.8,16.4,15.9,16.7
20260529,エスペシャリー,67.1,49.0,31.8,15.9,18.1,17.2,15.9,15.9
20260529,キービート,66.4,48.7,31.6,15.6,17.7,17.1,16.0,15.6
20260529,ウインラブソング,67.1,49.6,32.3,16.1,17.5,17.3,16.2,16.1
20260529,エアヴァイブス,68.6,50.4,32.9,16.2,18.2,17.5,16.7,16.2
20260529,シンドリームシン,65.1,47.5,31.1,15.2,17.6,16.4,15.9,15.2
20260529,ドゥラエテルノ,64.9,47.6,31.6,15.5,17.3,16.0,16.1,15.5
20260529,ペンテリコン,55.3,39.0,24.7,12.2,16.3,14.3,12.5,12.2
20260529,ネッカーズルム,67.8,49.6,32.6,16.3,18.2,17.0,16.3,16.3
20260529,カルロット,64.9,47.3,30.6,14.9,17.6,16.7,15.7,14.9
20260529,タマコイファルコン,70.3,51.0,33.4,16.5,19.3,17.6,16.9,16.5
20260529,レッドネビュラ,67.2,48.7,32.0,15.9,18.5,16.7,16.1,15.9
20260529,エコテーラー,67.1,49.4,32.5,15.9,17.7,16.9,16.6,15.9
20260529,グロリアラウス,68.7,49.7,32.3,15.5,19.0,17.4,16.8,15.5
20260529,フェイトライン,72.9,52.8,34.2,16.8,20.1,18.6,17.4,16.8
20260529,クロワデュノール,69.2,49.9,32.3,15.5,19.3,17.6,16.8,15.5
20260529,ドンパッショーネ,69.1,49.8,32.2,15.3,19.3,17.6,16.9,15.3
20260529,イクオクコウネン,68.9,49.7,32.2,15.5,19.2,17.5,16.7,15.5
20260529,ロサルゴサ,73.3,52.9,34.2,16.8,20.4,18.7,17.4,16.8
20260529,マンナット,72.7,52.8,34.0,16.7,19.9,18.8,17.3,16.7
20260529,クラウスーラ,71.4,51.8,34.0,16.6,19.6,17.8,17.4,16.6
20260529,メリオーレム,69.1,50.6,33.1,16.8,18.5,17.5,16.3,16.8
20260529,ビーウィナー,72.9,54.3,36.3,18.3,18.6,18.0,18.0,18.3
20260529,アンバーウェイヴス,68.0,49.3,32.3,16.1,18.7,17.0,16.2,16.1
20260529,エムズグレイ,68.4,50.6,32.8,16.3,17.8,17.8,16.5,16.3
20260529,ジーティーキャメル,65.8,48.3,31.9,16.0,17.5,16.4,15.9,16.0
20260529,ルーストカール,71.1,53.6,35.7,18.2,17.5,17.9,17.5,18.2
20260529,ワイドアラジン,72.9,51.8,33.5,16.5,21.1,18.3,17.0,16.5
20260529,エグジスタンス,70.8,51.6,33.6,16.8,19.2,18.0,16.8,16.8
20260529,スマイリングスカイ,67.9,49.6,33.0,16.8,18.3,16.6,16.2,16.8
20260529,システマソラー,62.0,45.5,30.4,15.2,16.5,15.1,15.2,15.2
20260529,テーオーアルアイン,68.1,48.2,30.8,14.8,19.9,17.4,16.0,14.8
20260529,フォルナックス,66.2,48.8,32.2,16.1,17.4,16.6,16.1,16.1
20260529,プリメラエストレラ,62.7,45.7,29.9,14.8,17.0,15.8,15.1,14.8
20260529,ウメヒナタ,69.0,50.5,33.1,16.2,18.5,17.4,16.9,16.2
20260529,ﾚｰｳﾞﾄﾞﾘｰﾌﾞの24,68.3,50.4,33.1,16.2,17.9,17.3,16.9,16.2
20260529,ケイアイアニラ,63.9,46.7,30.1,14.6,17.2,16.6,15.5,14.6
20260529,オーシンエス,69.0,49.9,32.7,16.3,19.1,17.2,16.4,16.3
20260529,ディアウス,63.4,47.0,30.9,15.0,16.4,16.1,15.9,15.0
20260529,ライラ,65.7,48.4,31.1,15.5,17.3,17.3,15.6,15.5
20260529,マイユニバース,61.6,45.0,29.2,14.4,16.6,15.8,14.8,14.4
20260529,サンセバ,64.2,47.0,30.7,14.6,17.2,16.3,16.1,14.6
20260529,オラヴィンリンナ,63.6,46.1,29.2,13.7,17.5,16.9,15.5,13.7
20260529,テーオーエリーナ,72.3,52.5,34.2,17.1,19.8,18.3,17.1,17.1
20260529,ホウオウワイズ,64.0,46.2,29.9,14.5,17.8,16.3,15.4,14.5
20260529,ジーティーサクラ,64.3,46.7,31.0,14.5,17.6,15.7,16.5,14.5
20260529,コルレオニス,82.9,57.6,36.6,17.3,25.3,21.0,19.3,17.3
20260529,タガノデュード,68.9,48.6,30.8,14.6,20.3,17.8,16.2,14.6
20260529,マダムイグレイン,68.7,50.5,33.1,16.1,18.2,17.4,17.0,16.1
20260529,ジーヴル,77.7,56.4,37.4,18.2,21.3,19.0,19.2,18.2
20260529,シュネーグロッケン,68.7,50.8,33.4,16.3,17.9,17.4,17.1,16.3
20260529,オウケンブラッド,74.6,54.2,35.5,17.3,20.4,18.7,18.2,17.3
20260529,メモリーデイズ,72.2,51.5,34.3,16.8,20.7,17.2,17.5,16.8
20260529,タガノアバンドーネ,63.5,45.5,29.5,14.4,18.0,16.0,15.1,14.4
20260529,ダイチノナポリ,70.9,51.3,34.2,16.5,19.6,17.1,17.7,16.5
20260529,ジョーローリット,52.0,37.1,23.9,12.2,14.9,13.2,11.7,12.2
20260529,ファミリーツリー,68.8,49.8,32.6,16.1,19.0,17.2,16.5,16.1
20260529,ラウニウ,66.0,49.1,32.3,16.0,16.9,16.8,16.3,16.0
20260529,ウイントワイライト,68.0,50.1,33.3,16.4,17.9,16.8,16.9,16.4
20260529,ダリアフレイバー,66.9,48.5,31.8,15.8,18.4,16.7,16.0,15.8
20260529,ミルトメテオ,73.8,53.6,35.4,17.0,20.2,18.2,18.4,17.0
20260529,レウコテア,65.3,48.2,31.8,15.9,17.1,16.4,15.9,15.9
20260529,タガノアラリア,67.1,49.5,32.7,16.0,17.6,16.8,16.7,16.0
20260529,アパレイユ,66.3,48.8,32.5,15.6,17.5,16.3,16.9,15.6
20260529,モズイージス,55.6,43.0,30.5,17.0,12.6,12.5,13.5,17.0
20260529,コイタマチャン,67.1,48.6,31.5,15.6,18.5,17.1,15.9,15.6
20260529,ビーチボール,69.0,50.5,32.9,16.3,18.5,17.6,16.6,16.3
20260529,ブラッドムーン,69.2,50.0,33.0,16.3,19.2,17.0,16.7,16.3
20260529,フレンズプラス,65.1,46.8,30.5,15.2,18.3,16.3,15.3,15.2
20260529,ギマール,69.7,50.8,33.0,16.2,18.9,17.8,16.8,16.2
20260529,カネコメファミリー,67.2,49.9,33.2,16.3,17.3,16.7,16.9,16.3
20260529,マイネルチケット,70.2,51.5,34.0,17.0,18.7,17.5,17.0,17.0
20260529,ブルーワール,65.2,47.5,31.6,16.3,17.7,15.9,15.3,16.3
20260529,ヴァニーユ,71.6,52.8,34.2,16.5,18.8,18.6,17.7,16.5
20260529,ハイウェイワン,74.2,54.2,35.2,16.5,20.0,19.0,18.7,16.5
20260529,ニクスルーナ,71.6,52.8,34.7,16.9,18.8,18.1,17.8,16.9
20260529,ジューンマーチ,66.5,48.7,32.2,16.0,17.8,16.5,16.2,16.0
20260529,ショールミーズ,68.4,50.1,34.0,17.4,18.3,16.1,16.6,17.4
20260529,ユウファラオ,67.8,50.1,33.9,16.6,17.7,16.2,17.3,16.6
20260529,トモジャクリエ,68.7,50.5,33.2,16.7,18.2,17.3,16.5,16.7
20260529,アシャカブラーヴ,68.8,50.3,33.0,16.5,18.5,17.3,16.5,16.5
20260529,コルベータ,66.4,48.5,32.2,16.2,17.9,16.3,16.0,16.2
20260529,ケンシロウワールド,64.3,48.0,31.9,16.0,16.3,16.1,15.9,16.0
20260529,ビップディラン,66.6,48.6,31.8,15.9,18.0,16.8,15.9,15.9
20260529,オトメナシャチョウ,66.1,48.1,31.7,16.0,18.0,16.4,15.7,16.0
20260529,カネコメブライト,62.4,46.3,31.1,15.8,16.1,15.2,15.3,15.8
20260529,アウラニ,69.4,49.9,32.4,16.0,19.5,17.5,16.4,16.0
20260529,ジュディーイメル,67.1,49.9,32.7,16.5,17.2,17.2,16.2,16.5
20260529,ナポリ,80.6,59.4,38.0,18.5,21.2,21.4,19.5,18.5
20260529,ウンディーネ,69.5,51.1,33.4,16.6,18.4,17.7,16.8,16.6
20260529,マイネルビスマルク,64.6,47.2,32.0,16.5,17.4,15.2,15.5,16.5
20260529,テーオーシュタイン,65.6,47.1,31.1,15.3,18.5,16.0,15.8,15.3
20260529,タガノシルフィー,64.2,47.7,31.9,15.6,16.5,15.8,16.3,15.6
20260529,テーオーカメリア,71.8,52.1,34.3,16.9,19.7,17.8,17.4,16.9
20260529,ウォーターガーベラ,68.7,50.2,33.0,16.4,18.5,17.2,16.6,16.4
20260529,イコミキマル,67.1,49.3,33.0,16.6,17.8,16.3,16.4,16.6
20260529,ノボリスマイル,68.2,49.9,32.4,15.7,18.3,17.5,16.7,15.7
20260529,サイモンゼスト,69.8,51.5,34.3,16.9,18.3,17.2,17.4,16.9
20260529,カフジミモレット,65.8,48.6,32.4,16.2,17.2,16.2,16.2,16.2
20260529,スクワミッシュ,72.8,51.6,32.9,15.9,21.2,18.7,17.0,15.9
20260529,メイショウシナノ,68.0,50.5,33.6,16.6,17.5,16.9,17.0,16.6
20260529,サンマルノヴェル,70.4,51.5,33.8,16.9,18.9,17.7,16.9,16.9
20260529,シャイニーデイ,62.6,46.5,31.1,15.9,16.1,15.4,15.2,15.9
20260529,シュネードリーム,68.3,49.0,31.5,15.2,19.3,17.5,16.3,15.2
20260529,ワンダーリュクス,64.7,46.6,30.2,14.9,18.1,16.4,15.3,14.9
20260529,タカモリ,65.6,47.8,31.0,15.2,17.8,16.8,15.8,15.2
20260529,リアルジャパン,70.7,52.0,34.3,16.8,18.7,17.7,17.5,16.8
20260529,タイガーストリート,70.4,51.5,34.1,16.7,18.9,17.4,17.4,16.7
20260529,ミッキークレスト,66.7,48.2,31.8,15.4,18.5,16.4,16.4,15.4
20260529,チョウギャル,66.8,49.1,32.8,16.4,17.7,16.3,16.4,16.4
20260529,ルージュマデイラ,66.8,48.3,31.7,15.9,18.5,16.6,15.8,15.9
20260529,バティック,68.1,49.6,32.9,16.6,18.5,16.7,16.3,16.6
20260529,スズハローム,62.8,45.9,30.3,14.8,16.9,15.6,15.5,14.8
20260529,メイショウヒュウガ,67.4,49.7,33.2,16.6,17.7,16.5,16.6,16.6
20260529,ブラックドレス,70.5,51.2,33.1,16.2,19.3,18.1,16.9,16.2
20260529,プリュスエクラ,67.8,49.2,32.6,16.2,18.6,16.6,16.4,16.2
20260529,アーリーハーベスト,66.4,48.2,31.4,15.7,18.2,16.8,15.7,15.7
20260529,メイショウミリオレ,65.0,47.8,31.7,16.2,17.2,16.1,15.5,16.2
20260529,シャドウルーラー,63.1,47.0,31.4,15.5,16.1,15.6,15.9,15.5
20260529,キープシャイニング,64.8,47.4,30.6,15.0,17.4,16.8,15.6,15.0
20260529,クリムゾンバースト,64.8,47.5,30.9,15.0,17.3,16.6,15.9,15.0
20260529,タガノアルトゥーラ,65.0,47.6,30.9,15.1,17.4,16.7,15.8,15.1
20260529,ナムラロダン,68.8,49.3,32.2,15.9,19.5,17.1,16.3,15.9
20260529,メイショウイサミ,65.2,47.9,31.8,15.5,17.3,16.1,16.3,15.5
20260529,ブルーノート,72.4,52.6,34.7,16.9,19.8,17.9,17.8,16.9
20260529,レイピカケ,67.9,50.0,33.0,16.5,17.9,17.0,16.5,16.5
20260529,ヤマニンサンパ,69.6,50.4,33.0,16.4,19.2,17.4,16.6,16.4
20260529,ソウテン,69.5,50.3,33.0,16.4,19.2,17.3,16.6,16.4
20260529,シオンダンサー,69.3,50.2,33.0,16.4,19.1,17.2,16.6,16.4
20260529,ハイソリア,68.4,50.4,32.6,15.8,18.0,17.8,16.8,15.8
20260529,モモンウールー,63.3,45.8,29.8,14.9,17.5,16.0,14.9,14.9
20260529,セスティーナ,65.0,48.2,31.6,15.6,16.8,16.6,16.0,15.6
20260529,スナークシャラク,66.2,48.6,31.5,15.4,17.6,17.1,16.1,15.4
20260529,カミノレアル,66.5,48.8,31.7,15.1,17.7,17.1,16.6,15.1
20260529,マーゴットデウス,65.7,48.0,31.9,15.9,17.7,16.1,16.0,15.9
20260529,ステラクラウン,62.2,45.4,29.8,15.0,16.8,15.6,14.8,15.0
20260529,ベラジオボンド,63.3,46.1,30.7,15.6,17.2,15.4,15.1,15.6
20260529,トウカイフルーレ,68.0,49.5,32.4,15.7,18.5,17.1,16.7,15.7
20260529,グレースジェンヌ,68.0,49.6,32.2,16.0,18.4,17.4,16.2,16.0
20260529,アームズレジェンド,64.2,46.6,30.5,14.9,17.6,16.1,15.6,14.9
20260529,ゴルデールスカー,66.2,48.5,31.4,15.4,17.7,17.1,16.0,15.4
20260529,モカプウイング,68.9,49.5,31.3,14.7,19.4,18.2,16.6,14.7
20260529,ポルトブルー,74.5,54.0,36.0,18.0,20.5,18.0,18.0,18.0
20260529,スピークロウ,74.1,53.9,35.4,18.0,20.2,18.5,17.4,18.0
20260529,ジュンヴァグネル,73.5,54.5,37.0,19.0,19.0,17.5,18.0,19.0
20260529,フェリーニ,70.1,50.5,32.1,15.9,19.6,18.4,16.2,15.9
20260529,マーウォルス,73.7,53.4,34.8,17.0,20.3,18.6,17.8,17.0
20260529,オースミライト,70.3,50.5,33.1,16.3,19.8,17.4,16.8,16.3
20260529,ゴールデンドラゴン,66.2,47.6,30.8,14.9,18.6,16.8,15.9,14.9
20260529,ミッキーツインクル,56.6,41.0,26.0,12.6,15.6,15.0,13.4,12.6
20260529,ウィテカービート,68.9,50.0,32.4,15.9,18.9,17.6,16.5,15.9
20260529,サトノディヴァイン,68.1,49.8,32.4,16.1,18.3,17.4,16.3,16.1
20260529,マリアナトレンチ,63.0,45.6,30.2,15.0,17.4,15.4,15.2,15.0
20260529,ドリームキャリー,64.7,47.2,31.0,14.9,17.5,16.2,16.1,14.9
20260529,シャプシュ,68.2,48.4,31.1,15.6,19.8,17.3,15.5,15.6
20260529,ラインオブソウル,70.4,51.0,33.1,16.1,19.4,17.9,17.0,16.1
20260529,ブエナオンダ,65.8,47.6,31.2,15.7,18.2,16.4,15.5,15.7
20260529,ジェゼロ,68.1,49.0,31.6,15.4,19.1,17.4,16.2,15.4
20260529,サニーサルサ,68.5,50.1,32.8,16.5,18.4,17.3,16.3,16.5
20260529,ルージュプルーヴ,67.5,48.6,31.9,15.9,18.9,16.7,16.0,15.9
20260529,ピゲ,66.1,49.3,32.6,16.0,16.8,16.7,16.6,16.0
20260529,メイショウカシワデ,71.3,51.1,32.5,15.4,20.2,18.6,17.1,15.4
20260529,ラグナトーレ,64.0,46.5,30.6,15.3,17.5,15.9,15.3,15.3
20260529,タガノマルアフ,66.3,48.1,31.8,15.6,18.2,16.3,16.2,15.6
20260529,ビーチェ,64.5,47.7,31.8,15.6,16.8,15.9,16.2,15.6
20260529,レーヌペスカ,66.1,47.7,31.6,15.3,18.4,16.1,16.3,15.3
20260529,ロードオルデン,62.9,46.3,30.0,15.1,16.6,16.3,14.9,15.1
20260529,タマモエース,65.6,48.4,31.8,15.8,17.2,16.6,16.0,15.8
20260529,ダノンフェルゼン,67.5,48.8,31.6,15.3,18.7,17.2,16.3,15.3
20260529,ハピネスサンライズ,67.1,48.7,31.8,15.4,18.4,16.9,16.4,15.4
20260529,ロードインヴォーグ,65.3,45.7,29.3,14.6,19.6,16.4,14.7,14.6
20260529,ファイナルコマンド,65.7,47.6,30.9,15.4,18.1,16.7,15.5,15.4
20260529,ロードヴォイジャー,66.3,48.4,31.4,15.2,17.9,17.0,16.2,15.2
20260529,テイエムファントム,66.7,48.5,32.2,16.0,18.2,16.3,16.2,16.0
20260529,ロードフロンティア,68.9,50.2,33.3,16.7,18.7,16.9,16.6,16.7
20260529,ストリートクイーン,67.0,49.6,32.9,16.1,17.4,16.7,16.8,16.1
20260529,リノルアナ,63.9,47.3,31.0,15.5,16.6,16.3,15.5,15.5
20260529,テイエムスティール,70.3,51.5,33.8,16.3,18.8,17.7,17.5,16.3
20260529,マテンロウプリンス,66.4,49.0,32.1,16.3,17.4,16.9,15.8,16.3
20260529,クロリス,66.4,48.6,32.2,16.1,17.8,16.4,16.1,16.1
20260529,プラヤデルカルメン,69.5,51.3,33.5,16.4,18.2,17.8,17.1,16.4
20260529,フウセン,69.0,49.9,32.7,15.8,19.1,17.2,16.9,15.8
20260529,ウイルソン,69.9,50.9,33.2,16.3,19.0,17.7,16.9,16.3
20260529,アウェイクネス,62.4,45.5,29.6,14.8,16.9,15.9,14.8,14.8
20260529,ラヴネヴァーダイズ,71.1,51.5,33.2,16.1,19.6,18.3,17.1,16.1
20260529,ペルセポネ,69.1,51.8,33.6,16.0,17.3,18.2,17.6,16.0
20260529,レヴォントゥレット,63.7,45.9,29.7,14.6,17.8,16.2,15.1,14.6
20260529,オリーブグリーン,63.7,46.0,29.7,14.7,17.7,16.3,15.0,14.7
20260529,マヤノイマジン,65.7,48.4,31.3,15.5,17.3,17.1,15.8,15.5
20260529,メイショウナナユキ,62.6,45.8,29.8,14.8,16.8,16.0,15.0,14.8
20260529,プリュイドール,63.3,45.5,29.3,14.3,17.8,16.2,15.0,14.3
20260529,ベルアズーロ,66.0,48.1,31.1,15.0,17.9,17.0,16.1,15.0
20260529,サマーブリザード,53.8,38.9,25.4,12.6,14.9,13.5,12.8,12.6
20260529,スプレンドーレ,63.7,47.2,31.1,15.3,16.5,16.1,15.8,15.3
20260529,シルバーレシオ,52.7,37.8,24.7,12.2,14.9,13.1,12.5,12.2
20260529,ワカワカ,64.4,46.2,30.6,15.2,18.2,15.6,15.4,15.2
20260529,サンシルヴァリー,61.4,44.6,29.5,14.5,16.8,15.1,15.0,14.5
20260529,レットミーゴー,64.3,47.2,31.3,15.4,17.1,15.9,15.9,15.4
20260529,ヴェールダムール,65.1,47.9,31.3,15.7,17.2,16.6,15.6,15.7
20260529,ベルギューン,62.2,45.5,29.7,14.7,16.7,15.8,15.0,14.7
20260529,キングスコール,63.4,47.2,31.5,15.5,16.2,15.7,16.0,15.5
20260529,アスクデッドヒート,62.3,46.1,30.5,15.0,16.2,15.6,15.5,15.0
20260529,エコロデュラン,62.7,46.8,30.5,15.4,15.9,16.3,15.1,15.4
20260529,ヴェルメロディ,66.8,49.6,32.5,15.4,17.2,17.1,17.1,15.4
20260529,ルージュバロン,53.5,39.4,25.7,12.5,14.1,13.7,13.2,12.5
20260529,クロレ,67.8,50.0,33.5,17.3,17.8,16.5,16.2,17.3
20260529,キャンディリヒト,71.5,52.9,34.4,17.2,18.6,18.5,17.2,17.2
20260529,エコロメジャー,63.5,47.0,30.5,15.1,16.5,16.5,15.4,15.1
20260529,ウィモウェ,65.4,49.1,32.8,16.7,16.3,16.3,16.1,16.7
20260529,ファラオクィーン,64.1,47.5,30.9,15.0,16.6,16.6,15.9,15.0
20260529,ノボリショウリュウ,66.8,49.1,32.2,16.1,17.7,16.9,16.1,16.1
20260529,ハヤブサオヒメサマ,67.6,50.5,33.6,16.6,17.1,16.9,17.0,16.6
20260529,ガンマジーティーピ,68.6,50.4,33.2,16.4,18.2,17.2,16.8,16.4
20260529,マイネルフルムーン,65.5,48.2,32.0,15.1,17.3,16.2,16.9,15.1
20260529,メイショウショカツ,66.5,48.2,31.1,15.0,18.3,17.1,16.1,15.0
20260529,ペイシャトサモア,67.5,50.4,33.4,16.5,17.1,17.0,16.9,16.5
20260529,ヘクセンハウス,70.0,51.3,33.2,15.9,18.7,18.1,17.3,15.9
20260529,メイショウトウコウ,66.1,48.6,31.7,15.5,17.5,16.9,16.2,15.5
20260529,アイボリータワー,79.4,58.1,37.9,18.8,21.3,20.2,19.1,18.8
20260529,チャンネルトンネル,65.4,47.8,31.3,15.4,17.6,16.5,15.9,15.4
20260529,ラッキーダイヤ,63.3,45.9,30.1,14.8,17.4,15.8,15.3,14.8
20260529,ラクホマレ,61.7,45.6,30.3,15.6,16.1,15.3,14.7,15.6
20260529,トモジャプレジール,67.5,49.4,32.7,16.4,18.1,16.7,16.3,16.4
20260529,セキゾウ,63.7,46.7,30.8,15.3,17.0,15.9,15.5,15.3
20260529,ココロヅヨサ,64.6,48.6,32.6,16.1,16.0,16.0,16.5,16.1
20260529,ナリタエスペランサ,66.7,48.9,32.4,16.4,17.8,16.5,16.0,16.4
20260529,ペイシャモノノフ,68.0,49.8,33.4,16.8,18.2,16.4,16.6,16.8
20260529,ピースフルナイト,68.9,50.7,33.7,16.7,18.2,17.0,17.0,16.7
20260529,エーデルヴェーグ,69.3,50.2,32.6,16.3,19.1,17.6,16.3,16.3
20260529,クァンタムウェーブ,64.9,47.4,31.0,15.0,17.5,16.4,16.0,15.0
20260529,ファイアプレイス,65.9,48.1,31.5,15.8,17.8,16.6,15.7,15.8
20260529,アイビーミャーオ,66.8,48.7,31.9,16.0,18.1,16.8,15.9,16.0
20260529,キングオブストーム,64.7,48.1,31.7,15.7,16.6,16.4,16.0,15.7
20260529,ルージュエピック,65.3,47.8,31.5,15.7,17.5,16.3,15.8,15.7
20260529,アイルドフルール,66.1,48.7,32.2,15.9,17.4,16.5,16.3,15.9
20260529,コンテナライン,65.8,48.0,31.0,15.2,17.8,17.0,15.8,15.2
20260529,テンタイムトップ,66.3,48.8,32.0,15.9,17.5,16.8,16.1,15.9
20260529,エナジーイッセイ,67.3,49.6,32.4,15.9,17.7,17.2,16.5,15.9
20260529,コンクイスタ,64.1,46.8,30.4,14.7,17.3,16.4,15.7,14.7
20260529,ジーティーアメリカ,65.0,46.8,29.5,14.1,18.2,17.3,15.4,14.1
20260529,ルースソラール,63.8,47.1,30.8,15.1,16.7,16.3,15.7,15.1
20260529,テラレガル,74.0,54.7,36.3,18.1,19.3,18.4,18.2,18.1
20260529,ルージュシャラポワ,64.6,46.9,31.2,15.3,17.7,15.7,15.9,15.3
20260529,マスティカーレ,68.1,51.1,34.1,17.0,17.0,17.0,17.1,17.0
20260529,ケイアイクウガ,67.7,48.2,31.2,15.4,19.5,17.0,15.8,15.4
20260529,ノブレスラブリエ,64.7,48.1,31.3,15.5,16.6,16.8,15.8,15.5
20260529,ライジン,70.2,50.8,33.2,15.9,19.4,17.6,17.3,15.9
20260529,スマートスピア,65.1,47.4,31.7,16.4,17.7,15.7,15.3,16.4
20260529,ファツアップ,66.4,49.0,32.7,16.0,17.4,16.3,16.7,16.0
20260529,ピースオブザライフ,67.2,49.9,33.7,16.6,17.3,16.2,17.1,16.6
20260529,ウインビスタ,66.2,48.2,31.5,15.6,18.0,16.7,15.9,15.6
20260529,テーオードレフォン,69.5,49.7,32.6,15.8,19.8,17.1,16.8,15.8
20260529,グランテレーズ,64.1,46.3,30.6,15.5,17.8,15.7,15.1,15.5
20260529,スリールミニョン,66.4,48.0,30.9,15.2,18.4,17.1,15.7,15.2
20260529,メイショウルーク,65.5,47.0,30.9,15.2,18.5,16.1,15.7,15.2
20260529,サトノビダーヤ,68.5,49.5,32.7,16.2,19.0,16.8,16.5,16.2
20260529,ジョヴィアン,62.8,46.0,30.6,15.2,16.8,15.4,15.4,15.2
20260529,ジューンテイク,64.6,46.7,30.4,14.9,17.9,16.3,15.5,14.9
20260529,アルゴナヴィス,65.1,46.7,29.7,14.0,18.4,17.0,15.7,14.0
20260529,エンマ,65.6,48.1,31.9,16.1,17.5,16.2,15.8,16.1
20260529,リガーレ,67.4,49.2,31.8,15.2,18.2,17.4,16.6,15.2
20260529,ボンボンブーケ,65.0,48.0,31.9,15.3,17.0,16.1,16.6,15.3
20260529,ショウナンアデイブ,69.2,50.3,33.0,16.1,18.9,17.3,16.9,16.1
20260529,セブンマジシャン,67.2,49.5,32.5,16.1,17.7,17.0,16.4,16.1
20260529,ペプチドアバンス,71.9,53.5,35.8,18.0,18.4,17.7,17.8,18.0
20260529,インディクイーン,73.1,54.0,36.9,19.0,19.1,17.1,17.9,19.0
20260529,ジューンマロン,73.8,54.2,36.1,18.0,19.6,18.1,18.1,18.0
20260529,ミュージアムマイル,68.9,49.7,32.8,16.3,19.2,16.9,16.5,16.3
20260529,オアシスアラン,67.1,48.9,32.1,15.8,18.2,16.8,16.3,15.8
20260529,シギーコルエンド,70.6,52.0,34.7,17.4,18.6,17.3,17.3,17.4
20260529,ミスターエメラルド,67.8,49.6,32.8,16.3,18.2,16.8,16.5,16.3
20260529,ヤマニンイハナ,69.8,52.0,34.7,17.5,17.8,17.3,17.2,17.5
20260529,ヤマカツレオン,67.1,49.5,33.0,16.1,17.6,16.5,16.9,16.1
20260529,ゲインサポート,65.7,47.3,30.7,15.0,18.4,16.6,15.7,15.0
20260529,クリコファルコン,69.5,50.1,33.1,16.6,19.4,17.0,16.5,16.6
20260529,トッピワールド,67.0,48.9,31.7,15.4,18.1,17.2,16.3,15.4
20260529,マイラヴノリピー,65.2,47.0,30.4,15.1,18.2,16.6,15.3,15.1
20260529,エマヌエーレ,64.4,47.7,30.8,14.4,16.7,16.9,16.4,14.4
20260529,ハイビッグゴールド,67.8,49.4,32.3,16.4,18.4,17.1,15.9,16.4
20260529,アースグリッパー,67.0,50.0,32.9,16.4,17.0,17.1,16.5,16.4
20260529,ウインリベラシオン,66.6,48.1,32.4,16.5,18.5,15.7,15.9,16.5
20260529,アライブテーラー,64.8,47.3,31.4,15.8,17.5,15.9,15.6,15.8
20260529,リリークリスタル,67.6,48.3,31.2,15.1,19.3,17.1,16.1,15.1
20260529,スマートワイス,62.7,46.3,30.4,14.8,16.4,15.9,15.6,14.8
20260529,セルズパワー,66.6,49.6,32.4,16.0,17.0,17.2,16.4,16.0
20260529,レーヴドリュヌ,61.9,44.9,29.5,14.4,17.0,15.4,15.1,14.4
20260529,アルギエバ,64.8,48.5,32.3,16.2,16.3,16.2,16.1,16.2
20260529,シュタールヴィント,63.4,46.8,31.1,15.7,16.6,15.7,15.4,15.7
20260529,ブルクトーア,67.4,49.6,32.3,15.9,17.8,17.3,16.4,15.9
20260529,ベルラフィネ,66.1,48.6,32.0,16.1,17.5,16.6,15.9,16.1
20260529,ソルチェリア,66.5,48.0,31.5,15.3,18.5,16.5,16.2,15.3
20260529,メイショウタカネ,67.6,48.8,31.7,15.6,18.8,17.1,16.1,15.6
20260529,テーオーローズ,67.7,48.9,31.8,15.7,18.8,17.1,16.1,15.7
20260529,サンタンカ,74.0,55.1,36.8,18.4,18.9,18.3,18.4,18.4
20260529,マーゴットガイア,62.6,45.8,29.9,14.8,16.8,15.9,15.1,14.8
20260529,イーグルチョイス,67.2,49.6,33.1,16.6,17.6,16.5,16.5,16.6
20260529,ラケマーダ,69.0,51.4,34.7,17.3,17.6,16.7,17.4,17.3
20260529,トップオンザヒル,69.1,50.1,32.9,16.4,19.0,17.2,16.5,16.4
20260529,ショウナンバルドル,66.7,49.0,31.8,16.0,17.7,17.2,15.8,16.0
20260529,ダンツウルス,64.5,46.9,31.5,15.5,17.6,15.4,16.0,15.5
20260529,キングメーカー,58.4,42.1,27.5,13.7,16.3,14.6,13.8,13.7
20260529,ロジクラウン,63.2,43.6,27.8,13.4,19.6,15.8,14.4,13.4
20260529,メイショウツキヨ,69.3,51.0,34.0,16.7,18.3,17.0,17.3,16.7
20260529,ルクスメンデス,64.0,47.6,31.6,15.9,16.4,16.0,15.7,15.9
20260529,マーブルパレス,70.4,50.6,32.3,15.5,19.8,18.3,16.8,15.5
20260529,ハオカノア,67.9,49.1,32.2,16.2,18.8,16.9,16.0,16.2
20260529,ミルフィーユ,70.5,52.5,35.3,17.7,18.0,17.2,17.6,17.7
20260529,メイショウマントル,68.5,50.4,33.0,16.2,18.1,17.4,16.8,16.2
20260529,バッデレイト,64.0,46.4,30.7,15.4,17.6,15.7,15.3,15.4
20260529,テーオーグランビル,63.6,45.6,29.7,14.5,18.0,15.9,15.2,14.5
20260529,シラヌイ,65.8,47.5,30.7,14.9,18.3,16.8,15.8,14.9
20260529,ガウディ,64.4,46.7,30.7,15.6,17.7,16.0,15.1,15.6
20260529,ミスティックレナン,63.8,46.1,29.6,14.8,17.7,16.5,14.8,14.8
20260529,スタークラウン,67.3,49.2,32.1,15.8,18.1,17.1,16.3,15.8
20260529,ピエマンソン,70.1,49.7,31.6,15.0,20.4,18.1,16.6,15.0
20260529,ホウオウタイタン,70.0,50.8,32.8,15.9,19.2,18.0,16.9,15.9
20260529,ロットブラータ,63.8,46.3,30.3,14.8,17.5,16.0,15.5,14.8
20260529,マテンロウノカゼ,69.3,51.8,34.8,17.7,17.5,17.0,17.1,17.7
20260529,ブライアーヒル,65.9,49.8,33.6,16.8,16.1,16.2,16.8,16.8
20260529,エトワールブーケ,65.9,48.5,32.6,16.3,17.4,15.9,16.3,16.3
20260529,フォーオール,66.7,49.1,32.3,15.8,17.6,16.8,16.5,15.8
20260529,サクセスアイ,68.3,50.3,33.3,16.3,18.0,17.0,17.0,16.3
20260529,ファミリータイム,65.8,48.3,31.5,15.3,17.5,16.8,16.2,15.3
20260529,カルプスペルシュ,65.0,47.8,31.1,14.9,17.2,16.7,16.2,14.9
20260529,エムフォー,65.0,47.1,30.2,14.7,17.9,16.9,15.5,14.7
20260529,クールブレーブ,54.7,39.9,26.4,13.3,14.8,13.5,13.1,13.3
20260529,シャンデルナゴル,65.9,47.7,30.9,15.1,18.2,16.8,15.8,15.1
20260529,ショウナンザナドゥ,64.7,47.4,31.2,15.2,17.3,16.2,16.0,15.2
20260529,ビップデイジー,67.0,48.4,31.4,15.4,18.6,17.0,16.0,15.4
20260529,エブリデイ,67.1,48.3,31.8,16.0,18.8,16.5,15.8,16.0
20260529,マーゴットバディ,68.8,49.6,31.8,15.6,19.2,17.8,16.2,15.6
20260529,ジーティービキニ,66.7,48.7,31.6,15.7,18.0,17.1,15.9,15.7
20260529,ヒルノアラゴン,68.3,49.3,32.4,16.0,19.0,16.9,16.4,16.0
20260529,オンユアマークス,65.8,49.0,32.8,16.3,16.8,16.2,16.5,16.3
20260529,ブラックミューズ,65.5,48.8,32.4,16.1,16.7,16.4,16.3,16.1
20260529,ファームツエンティ,73.9,51.9,33.9,17.1,22.0,18.0,16.8,17.1
20260529,ブリックワーク,61.5,45.2,29.8,14.7,16.3,15.4,15.1,14.7
20260529,ポッドドンナー,61.6,44.5,28.3,13.8,17.1,16.2,14.5,13.8
20260529,ドマーネ,61.2,45.3,29.8,15.0,15.9,15.5,14.8,15.0
20260529,ディニテ,60.3,44.4,29.3,14.6,15.9,15.1,14.7,14.6
20260529,チェルヴァーラ,68.4,49.6,32.0,15.6,18.8,17.6,16.4,15.6
20260529,ジーニアスバローズ,62.6,45.1,29.5,14.6,17.5,15.6,14.9,14.6
20260529,マンオブザマッチ,83.0,59.7,38.8,19.0,23.3,20.9,19.8,19.0
20260529,ヴェントステラーレ,63.8,46.5,30.8,15.4,17.3,15.7,15.4,15.4
20260529,エイシンインアウト,67.7,49.9,33.5,17.0,17.8,16.4,16.5,17.0
20260529,レイセツ,67.0,50.7,33.5,16.4,16.3,17.2,17.1,16.4
20260529,ヨドノゴールド,55.3,39.5,25.3,12.3,15.8,14.2,13.0,12.3
20260529,アマキヒ,63.1,46.2,30.8,15.6,16.9,15.4,15.2,15.6
20260529,ジョイフルサンデー,65.5,48.8,32.6,16.5,16.7,16.2,16.1,16.5
20260529,テーオーシーザー,65.4,48.7,32.3,16.6,16.7,16.4,15.7,16.6
20260529,ゼットクイン,64.5,48.2,32.4,16.6,16.3,15.8,15.8,16.6
20260529,ｴｸｽﾁｪﾝｼﾞの24,67.9,49.7,33.2,16.6,18.2,16.5,16.6,16.6
20260529,ヒグマドン,67.7,49.7,33.2,16.6,18.0,16.5,16.6,16.6
20260529,ショコラリーヴ,66.2,48.9,32.4,16.4,17.3,16.5,16.0,16.4
20260529,コンフォルツァ,63.8,46.3,30.6,15.6,17.5,15.7,15.0,15.6
20260529,アセンシオン,54.0,38.6,24.8,12.2,15.4,13.8,12.6,12.2
20260529,マテンロウアルカナ,66.6,48.1,31.4,15.5,18.5,16.7,15.9,15.5
20260529,レットフィールマン,66.3,48.6,32.4,15.6,17.7,16.2,16.8,15.6
20260529,サマーナジュム,56.4,41.3,27.2,13.3,15.1,14.1,13.9,13.3
20260529,ホールネス,65.1,47.8,31.3,15.3,17.3,16.5,16.0,15.3
20260529,ケリフレッドアスク,64.0,46.9,31.2,15.5,17.1,15.7,15.7,15.5
20260529,ウルスクローム,66.8,48.6,32.1,15.8,18.2,16.5,16.3,15.8
20260529,タマモフリージア,66.4,48.5,32.0,15.8,17.9,16.5,16.2,15.8
20260529,リジル,67.3,48.3,31.5,15.6,19.0,16.8,15.9,15.6
20260529,オフトレイル,66.2,47.3,30.2,14.6,18.9,17.1,15.6,14.6
20260529,ワイドクリーガー,67.2,48.9,31.3,15.9,18.3,17.6,15.4,15.9
20260529,クロノスバレット,66.0,48.0,30.8,15.1,18.0,17.2,15.7,15.1
20260529,ボーントゥウォリア,65.6,48.3,31.6,15.8,17.3,16.7,15.8,15.8
20260529,シャンジュマン,66.0,48.3,31.6,15.9,17.7,16.7,15.7,15.9
20260529,エンジェルボイス,66.4,48.4,31.1,15.6,18.0,17.3,15.5,15.6
20260529,ニシノエビガタメ,65.9,47.9,30.8,15.2,18.0,17.1,15.6,15.2
20260529,スカイストライプス,70.9,52.1,34.5,17.1,18.8,17.6,17.4,17.1
20260529,カンフージョン,65.4,47.0,30.0,15.1,18.4,17.0,14.9,15.1
20260529,タカスタカスタカス,61.9,46.3,30.4,14.9,15.6,15.9,15.5,14.9
20260529,キュールエフウジン,64.8,48.3,32.6,17.0,16.5,15.7,15.6,17.0
20260529,エムズマインド,65.4,47.9,31.8,16.1,17.5,16.1,15.7,16.1
20260529,マイネルエンペラー,74.7,55.4,36.5,18.4,19.3,18.9,18.1,18.4
20260529,コンテナヒーロー,64.5,46.6,30.0,14.7,17.9,16.6,15.3,14.7
20260529,マテンロウゼロ,64.8,46.8,31.0,15.7,18.0,15.8,15.3,15.7
20260529,テムルーラー,67.6,49.5,32.9,16.2,18.1,16.6,16.7,16.2
20260529,ﾌﾞﾗﾝﾀﾞﾙｼﾞｬﾝの24,67.7,49.6,32.9,16.3,18.1,16.7,16.6,16.3
20260529,ブリュットミレジメ,67.0,48.6,32.2,15.7,18.4,16.4,16.5,15.7
20260529,ロードガレリア,65.7,48.5,32.1,16.0,17.2,16.4,16.1,16.0
20260529,クリコイーコ,65.8,48.4,32.5,16.0,17.4,15.9,16.5,16.0
20260529,メイショウマドンナ,65.3,47.5,31.5,15.6,17.8,16.0,15.9,15.6
20260529,メイショウイブキ,65.2,48.0,32.0,16.0,17.2,16.0,16.0,16.0
20260529,ヴィラーニ,64.8,48.2,32.1,16.0,16.6,16.1,16.1,16.0
20260529,ヤブサメ,65.4,48.6,32.1,15.9,16.8,16.5,16.2,15.9
20260529,スピードリッチ,63.8,47.3,30.8,15.1,16.5,16.5,15.7,15.1
20260529,エバーグルーヴ,63.3,46.6,30.5,15.1,16.7,16.1,15.4,15.1
20260529,スターペスショウマ,67.2,49.6,32.2,16.3,17.6,17.4,15.9,16.3
20260529,オーロクリューソス,63.5,46.9,31.3,15.7,16.6,15.6,15.6,15.7
20260529,クリノフィガロ,63.8,47.3,32.0,16.3,16.5,15.3,15.7,16.3
20260529,ロードアルディート,66.4,47.3,30.4,14.7,19.1,16.9,15.7,14.7
20260529,ワンモアスマイル,54.9,39.3,25.0,12.2,15.6,14.3,12.8,12.2
20260529,メイショウランケイ,66.4,47.5,30.9,15.4,18.9,16.6,15.5,15.4
20260529,アンソニー,66.0,47.5,31.4,15.3,18.5,16.1,16.1,15.3
20260529,ルクスビッグスター,68.5,49.6,32.5,16.2,18.9,17.1,16.3,16.2
20260529,ジョーメッドヴィン,68.8,51.1,33.9,17.1,17.7,17.2,16.8,17.1
20260529,シンギタイ,65.9,49.8,33.4,16.7,16.1,16.4,16.7,16.7
20260529,シャルクハフト,68.3,49.5,32.3,16.1,18.8,17.2,16.2,16.1
20260529,アイランド,66.4,49.3,32.5,16.3,17.1,16.8,16.2,16.3
20260529,テリコス,63.4,46.9,31.4,15.8,16.5,15.5,15.6,15.8
20260529,パッションシーザー,71.3,52.2,34.0,16.8,19.1,18.2,17.2,16.8
20260529,ヨシノイースター,64.5,48.5,33.7,17.7,16.0,14.8,16.0,17.7
20260529,カルチャーデイ,67.1,48.3,31.5,15.6,18.8,16.8,15.9,15.6
20260529,セルリアンゲーゲン,69.6,50.6,33.1,15.8,19.0,17.5,17.3,15.8
20260529,イイデカンタロウ,66.1,47.6,30.6,15.1,18.5,17.0,15.5,15.1
20260529,ツーエムクロノス,69.0,51.1,34.3,17.2,17.9,16.8,17.1,17.2
20260529,ジャーナーリア,70.4,50.1,32.1,15.7,20.3,18.0,16.4,15.7
20260529,シエルブリエ,65.2,47.4,31.4,15.7,17.8,16.0,15.7,15.7
20260529,グラスゴー,70.6,51.6,34.0,16.8,19.0,17.6,17.2,16.8
20260529,タイセイレグノ,73.5,52.4,33.2,16.1,21.1,19.2,17.1,16.1
20260529,ニミッツハイウェイ,65.6,47.5,31.4,15.6,18.1,16.1,15.8,15.6
20260529,ケーヴァラ,65.1,47.4,31.2,15.4,17.7,16.2,15.8,15.4
20260529,メイショウドライブ,66.4,48.4,31.8,16.1,18.0,16.6,15.7,16.1
20260529,ウインドオルフェ,67.1,49.2,32.8,17.0,17.9,16.4,15.8,17.0
20260529,ブルームザスマイル,67.6,49.3,32.3,15.5,18.3,17.0,16.8,15.5
20260529,アリュウ,66.4,48.2,32.0,16.2,18.2,16.2,15.8,16.2
20260529,ムソウテンセイ,70.4,50.8,33.3,17.0,19.6,17.5,16.3,17.0
20260529,アスクヴォルテージ,63.9,46.4,29.9,14.7,17.5,16.5,15.2,14.7
20260529,パゴスピグイノス,67.4,50.4,33.3,16.9,17.0,17.1,16.4,16.9
20260529,セイウンハーデス,65.0,46.8,30.2,15.0,18.2,16.6,15.2,15.0
20260529,ヴァンアグレアブル,66.1,48.9,32.2,15.8,17.2,16.7,16.4,15.8
20260529,サンオブザサン,64.4,47.7,31.5,15.4,16.7,16.2,16.1,15.4
20260529,ペプチドマッハ,68.5,49.5,32.0,15.6,19.0,17.5,16.4,15.6
20260529,モンシーク,69.5,50.3,32.6,15.9,19.2,17.7,16.7,15.9
20260529,キトゥンズラスター,71.4,50.7,32.7,15.8,20.7,18.0,16.9,15.8
20260529,ダイシンドラゴン,67.7,49.3,32.2,16.2,18.4,17.1,16.0,16.2
20260529,パフュームセント,66.6,47.3,30.4,15.1,19.3,16.9,15.3,15.1
20260529,タガノエルピーダ,66.3,47.2,30.3,15.0,19.1,16.9,15.3,15.0
20260529,ルージュスプリヤ,66.6,47.2,30.3,15.1,19.4,16.9,15.2,15.1
20260529,ヴィータリッカ,66.1,47.0,30.2,15.0,19.1,16.8,15.2,15.0
20260529,ヴァージル,67.3,48.6,31.7,15.3,18.7,16.9,16.4,15.3
20260529,ニシノジェダイ,69.5,50.1,32.4,15.8,19.4,17.7,16.6,15.8
20260529,サクライロマウコロ,64.5,47.6,31.8,15.5,16.9,15.8,16.3,15.5
20260529,サイモンコーラル,64.5,46.9,31.0,15.4,17.6,15.9,15.6,15.4
20260529,ビザンチンドリーム,66.5,47.1,30.7,15.1,19.4,16.4,15.6,15.1
20260529,フェイトブレイカー,65.4,48.0,31.9,15.9,17.4,16.1,16.0,15.9
20260529,チョウスター,64.9,47.1,30.7,15.3,17.8,16.4,15.4,15.3
20260529,プルーフリーディン,63.9,46.3,30.2,14.9,17.6,16.1,15.3,14.9
20260529,ワンダーゾルダート,70.7,52.1,34.4,17.3,18.6,17.7,17.1,17.3
20260529,オラロア,67.9,50.1,33.3,16.8,17.8,16.8,16.5,16.8
20260529,インカルナータ,65.7,48.1,31.9,15.7,17.6,16.2,16.2,15.7
20260529,マーゴットマシェリ,64.3,47.2,31.1,15.3,17.1,16.1,15.8,15.3
20260529,セイカンサンラン,66.1,50.7,35.0,17.5,15.4,15.7,17.5,17.5
20260529,ビスケットアソート,70.4,52.9,34.7,17.0,17.5,18.2,17.7,17.0
20260529,テイクザスローン,62.7,44.3,29.5,14.5,18.4,14.8,15.0,14.5
20260529,ウインルーティン,66.2,47.9,31.5,15.8,18.3,16.4,15.7,15.8
20260529,チムグクル,65.0,48.4,31.9,15.6,16.6,16.5,16.3,15.6
20260529,ジーティーダーリン,77.3,56.4,36.7,17.8,20.9,19.7,18.9,17.8
20260529,キタノガイヤール,67.5,50.2,33.9,16.9,17.3,16.3,17.0,16.9
20260529,モズナツノジン,71.2,50.6,32.9,15.9,20.6,17.7,17.0,15.9
20260529,レヴロード,70.5,51.9,33.7,16.3,18.6,18.2,17.4,16.3
20260529,セブンサークル,70.8,51.2,33.1,16.2,19.6,18.1,16.9,16.2
20260529,セールヴォラン,68.2,50.0,32.1,15.2,18.2,17.9,16.9,15.2
20260529,ラヴァブル,55.7,40.3,25.8,12.3,15.4,14.5,13.5,12.3
20260529,エルトンバローズ,70.7,52.0,34.6,17.2,18.7,17.4,17.4,17.2
20260529,フィオレストラーダ,71.3,51.8,32.9,15.5,19.5,18.9,17.4,15.5
20260529,ニューオーリンズ,68.9,50.5,33.3,16.7,18.4,17.2,16.6,16.7
20260529,ゲタリア,69.8,51.6,34.3,16.8,18.2,17.3,17.5,16.8
20260529,ビップアリス,67.2,49.2,32.6,16.6,18.0,16.6,16.0,16.6
20260529,サイモンコーラル,64.6,47.3,30.4,15.0,17.3,16.9,15.4,15.0
20260529,ワンコールアウェイ,69.6,50.6,33.2,16.3,19.0,17.4,16.9,16.3
20260529,ピカキウイ,68.7,50.7,33.2,16.6,18.0,17.5,16.6,16.6
20260529,ローレルアイビー,65.3,47.7,30.8,15.5,17.6,16.9,15.3,15.5
20260529,メイショウヘール,69.8,50.1,32.6,16.2,19.7,17.5,16.4,16.2
20260529,リアルスター,67.0,49.2,32.3,16.0,17.8,16.9,16.3,16.0
20260529,ナムラヒナギク,71.0,51.8,34.2,17.3,19.2,17.6,16.9,17.3
20260529,ラファル,62.8,45.5,29.8,14.6,17.3,15.7,15.2,14.6
20260529,ヴォワラクテ,62.5,45.8,30.4,15.0,16.7,15.4,15.4,15.0
20260529,シートゥサミット,65.4,47.7,31.6,15.8,17.7,16.1,15.8,15.8
20260529,ジャスティンビスタ,65.5,47.1,30.9,15.2,18.4,16.2,15.7,15.2
20260529,パピヨンヴェール,63.5,46.6,29.6,14.3,16.9,17.0,15.3,14.3
20260529,メイショウシンタケ,70.0,50.1,32.3,15.8,19.9,17.8,16.5,15.8
20260529,ボールドペイト,72.1,53.3,35.4,17.7,18.8,17.9,17.7,17.7
20260529,メイショウタダツグ,66.3,49.4,32.4,16.2,16.9,17.0,16.2,16.2
20260528,アールプロスト,54.9,39.7,25.8,12.3,15.2,13.9,13.5,12.3
20260528,ライヴレッドアイ,68.9,50.5,33.2,16.7,18.4,17.3,16.5,16.7
20260528,ジップスパーク,55.6,40.2,25.9,12.5,15.4,14.3,13.4,12.5
20260528,ソプラノクイーン,55.4,40.1,25.8,12.5,15.3,14.3,13.3,12.5
20260528,バグラダス,67.6,49.6,33.1,16.6,18.0,16.5,16.5,16.6
20260528,トレインザマインド,65.6,49.0,32.4,15.9,16.6,16.6,16.5,15.9
20260528,ブライトエアリー,69.9,51.3,33.9,17.0,18.6,17.4,16.9,17.0
20260528,アンチェーン,67.4,49.6,32.9,16.1,17.8,16.7,16.8,16.1
20260528,ブザービーター,55.2,40.1,26.1,12.8,15.1,14.0,13.3,12.8
20260528,マイネルヴェーゼン,68.8,50.3,33.2,16.4,18.5,17.1,16.8,16.4
20260528,ビービーアジャイル,67.6,49.5,32.8,16.2,18.1,16.7,16.6,16.2
20260528,ホワイトフレアー,65.2,47.4,30.4,14.8,17.8,17.0,15.6,14.8
20260528,トーセンリョウ,70.9,52.3,34.4,16.9,18.6,17.9,17.5,16.9
20260528,メリディアンスター,70.7,52.4,34.6,17.0,18.3,17.8,17.6,17.0
20260528,キープサインオン,70.5,52.0,34.0,16.4,18.5,18.0,17.6,16.4
20260528,ルージュカルデア,71.8,53.0,34.9,17.0,18.8,18.1,17.9,17.0
20260528,ボスヒッツ,70.6,52.2,34.4,16.7,18.4,17.8,17.7,16.7
20260528,スマートブライド,70.2,51.8,34.0,16.4,18.4,17.8,17.6,16.4
20260528,エコロナイン,70.7,52.3,34.5,17.0,18.4,17.8,17.5,17.0
20260528,フームスムート,76.5,57.2,38.3,19.3,19.3,18.9,19.0,19.3
20260528,カリーシ,69.6,51.4,33.8,16.7,18.2,17.6,17.1,16.7
20260528,ブラックトルネード,73.2,53.3,34.6,17.0,19.9,18.7,17.6,17.0
20260528,パーティーガール,75.9,55.9,36.9,18.7,20.0,19.0,18.2,18.7
20260528,ナインオブレター,71.9,51.4,33.3,16.0,20.5,18.1,17.3,16.0
20260528,ﾒｶﾞﾐﾁｬﾝの24,76.7,55.4,35.8,17.6,21.3,19.6,18.2,17.6
20260528,ゴートゥービッツン,76.0,55.4,36.2,18.5,20.6,19.2,17.7,18.5
20260528,オーバーゼア,75.8,55.5,36.4,18.4,20.3,19.1,18.0,18.4
20260528,ワンダーブリッツ,63.7,47.1,31.2,15.5,16.6,15.9,15.7,15.5
20260528,マスカルポーネ,67.2,49.1,31.8,15.2,18.1,17.3,16.6,15.2
20260528,ナイスプレーアスク,69.9,50.8,32.8,16.0,19.1,18.0,16.8,16.0
20260528,エコロガレル,70.1,51.3,33.3,16.4,18.8,18.0,16.9,16.4
20260528,サクラトップラック,69.7,51.7,34.2,16.8,18.0,17.5,17.4,16.8
20260528,レッチュベルク,63.9,47.1,31.2,15.5,16.8,15.9,15.7,15.5
20260528,ゴルトレオパルト,72.2,52.2,33.7,16.7,20.0,18.5,17.0,16.7
20260528,コレクテイニア,69.8,50.9,33.2,16.5,18.9,17.7,16.7,16.5
20260528,シーニックビュー,54.4,39.2,25.4,12.4,15.2,13.8,13.0,12.4
20260528,セギレエルビエント,52.6,38.5,24.9,12.4,14.1,13.6,12.5,12.4
20260528,アイファーアイドル,72.9,54.0,36.4,18.9,18.9,17.6,17.5,18.9
20260528,アデルフィー,65.3,47.6,31.2,14.8,17.7,16.4,16.4,14.8
20260528,アルーリングボーイ,55.8,40.7,26.8,13.2,15.1,13.9,13.6,13.2
20260528,テスタ,55.9,40.7,26.8,13.3,15.2,13.9,13.5,13.3
20260528,ﾒﾗﾝｺﾘｱの24,70.2,51.3,33.8,16.8,18.9,17.5,17.0,16.8
20260528,ヴェットビルズ,72.3,53.7,35.3,17.7,18.6,18.4,17.6,17.7
20260528,ワンダリングスター,73.3,53.9,34.8,17.3,19.4,19.1,17.5,17.3
20260528,ﾌﾟﾘﾓｽﾍﾟｰﾄﾞの24,73.2,54.1,35.2,17.2,19.1,18.9,18.0,17.2
20260528,モミスケ,70.0,51.5,34.1,16.5,18.5,17.4,17.6,16.5
20260528,アシャカタカ,56.7,40.8,25.9,12.7,15.9,14.9,13.2,12.7
20260528,オーキーベルセルク,72.6,52.8,33.5,16.6,19.8,19.3,16.9,16.6
20260528,カセノソレイユ,56.2,40.4,25.7,12.6,15.8,14.7,13.1,12.6
20260528,サウザンサニー,66.7,48.7,31.9,15.6,18.0,16.8,16.3,15.6
20260528,クロシェットノエル,56.5,40.7,26.4,12.6,15.8,14.3,13.8,12.6
20260528,キョウエイカンセ,65.5,48.4,31.9,16.2,17.1,16.5,15.7,16.2
20260528,ザローズハーツ,57.8,42.0,27.7,13.1,15.8,14.3,14.6,13.1
20260528,カガラプンツェル,64.7,46.8,30.6,14.9,17.9,16.2,15.7,14.9
20260528,フィールマイプラン,66.4,48.3,31.9,15.6,18.1,16.4,16.3,15.6
20260528,ショウナンマルチ,57.4,42.2,27.8,13.6,15.2,14.4,14.2,13.6
20260528,シンギュラリティ,64.6,47.8,31.4,15.1,16.8,16.4,16.3,15.1
20260528,ミツカネルナ,70.3,50.1,32.6,16.5,20.2,17.5,16.1,16.5
20260528,アジュアカレンツ,66.0,48.7,32.2,16.3,17.3,16.5,15.9,16.3
20260528,ラベンダーヘイズ,66.9,48.7,32.2,15.9,18.2,16.5,16.3,15.9
20260528,シェリーシュシュ,57.5,42.2,28.0,13.5,15.3,14.2,14.5,13.5
20260528,ヴェロシスタ,66.3,48.3,31.3,15.9,18.0,17.0,15.4,15.9
20260528,エッジランナー,66.2,48.4,31.6,15.9,17.8,16.8,15.7,15.9
20260528,コッツォリーノ,66.1,48.2,31.4,15.8,17.9,16.8,15.6,15.8
20260528,ルージュフィーリア,60.0,43.7,29.0,14.1,16.3,14.7,14.9,14.1
20260528,アンティミスト,68.3,48.6,30.7,14.6,19.7,17.9,16.1,14.6
20260528,ウィールズアップ,65.9,48.1,31.2,15.5,17.8,16.9,15.7,15.5
20260528,フルオール,64.2,47.0,30.9,14.9,17.2,16.1,16.0,14.9
20260528,レザンノワール,58.8,42.7,27.1,13.1,16.1,15.6,14.0,13.1
20260528,リバージュエル,72.3,51.1,32.9,16.6,21.2,18.2,16.3,16.6
20260528,アリアス,55.9,41.0,26.4,12.5,14.9,14.6,13.9,12.5
20260528,モーニングマジック,53.3,38.4,24.5,12.0,14.9,13.9,12.5,12.0
20260528,ウェスケンジントン,64.8,47.4,30.4,14.6,17.4,17.0,15.8,14.6
20260528,ジャストキュート,54.6,38.7,25.4,12.5,15.9,13.3,12.9,12.5
20260528,マキシマムドライブ,71.5,51.6,33.2,16.4,19.9,18.4,16.8,16.4
20260528,エルアン,57.9,42.4,28.1,14.0,15.5,14.3,14.1,14.0
20260528,ゴールドブレイズ,59.6,44.5,29.3,15.0,15.1,15.2,14.3,15.0
20260528,トリアングルレディ,54.5,40.1,27.1,12.5,14.4,13.0,14.6,12.5
20260528,オメガディコン,70.6,51.8,33.6,16.6,18.8,18.2,17.0,16.6
20260528,ローブリッター,72.1,53.6,35.8,18.4,18.5,17.8,17.4,18.4
20260528,メリザンド,70.2,52.0,34.8,17.2,18.2,17.2,17.6,17.2
20260528,デスサイズ,65.1,47.9,31.4,15.2,17.2,16.5,16.2,15.2
20260528,ガーディアンテイル,66.1,48.8,32.8,15.9,17.3,16.0,16.9,15.9
20260528,クレセントウイング,69.5,51.0,32.8,16.0,18.5,18.2,16.8,16.0
20260528,ドリーミングアップ,67.8,49.7,32.5,15.9,18.1,17.2,16.6,15.9
20260528,フェリスチカ,69.4,49.2,31.3,14.4,20.2,17.9,16.9,14.4
20260528,トヨサカエ,69.3,50.7,33.0,16.3,18.6,17.7,16.7,16.3
20260528,イベリスアマラ,67.7,49.3,31.9,15.6,18.4,17.4,16.3,15.6
20260528,パンパネイラ,69.2,50.3,32.8,16.4,18.9,17.5,16.4,16.4
20260528,シルトホルン,66.8,49.3,32.1,15.7,17.5,17.2,16.4,15.7
20260528,コガネノソラ,71.5,51.8,33.2,16.1,19.7,18.6,17.1,16.1
20260528,チェストー,69.2,49.8,32.5,16.2,19.4,17.3,16.3,16.2
20260528,デルマシラカミ,71.3,51.9,33.8,16.8,19.4,18.1,17.0,16.8
20260528,ディル,68.3,50.2,32.5,15.7,18.1,17.7,16.8,15.7
20260528,ウキヨノサンシロウ,71.8,52.5,34.3,17.1,19.3,18.2,17.2,17.1
20260528,アエログラム,68.6,50.7,33.0,15.7,17.9,17.7,17.3,15.7
20260528,トーセンマスラオ,68.1,50.5,32.8,15.8,17.6,17.7,17.0,15.8
20260528,ウインドワンピース,70.7,51.0,33.1,16.4,19.7,17.9,16.7,16.4
20260528,ヨシヒロ,65.1,48.0,31.5,15.5,17.1,16.5,16.0,15.5
20260528,カサビセンス,66.1,48.9,32.7,15.9,17.2,16.2,16.8,15.9
20260528,タケショウカイザー,69.8,50.6,33.5,17.2,19.2,17.1,16.3,17.2
20260528,チョウブク,71.9,54.0,36.6,18.3,17.9,17.4,18.3,18.3
20260528,ライヴレッドアイ,54.1,39.7,25.9,12.7,14.4,13.8,13.2,12.7
20260528,ネイティヴプライド,72.6,53.5,35.6,17.8,19.1,17.9,17.8,17.8
20260528,レッドリファインド,68.7,50.5,33.4,16.9,18.2,17.1,16.5,16.9
20260528,ペイシャラム,71.0,51.4,33.7,16.3,19.6,17.7,17.4,16.3
20260528,マイネルヴェーゼン,56.2,41.7,26.8,12.8,14.5,14.9,14.0,12.8
20260528,ミラクルオーラ,66.4,49.0,32.8,15.9,17.4,16.2,16.9,15.9
20260528,ｵｳｹﾝｻﾞﾊﾟｰﾙの24,65.6,48.2,31.6,15.4,17.4,16.6,16.2,15.4
20260528,ヴィクトリーロード,71.5,51.4,33.2,16.4,20.1,18.2,16.8,16.4
20260528,メリディアンスター,52.9,38.2,25.2,12.7,14.7,13.0,12.5,12.7
20260528,ブライトエアリー,65.9,48.2,31.8,15.3,17.7,16.4,16.5,15.3
20260528,ミスチヴマリアンヌ,70.8,50.8,33.1,16.8,20.0,17.7,16.3,16.8
20260528,ウインスターリング,59.1,41.8,26.7,12.6,17.3,15.1,14.1,12.6
20260528,トーセンリョウ,56.9,42.1,27.9,13.5,14.8,14.2,14.4,13.5
20260528,サイコウダネ,70.4,50.9,31.1,14.6,19.5,19.8,16.5,14.6
20260528,ラーナローザ,74.8,53.0,33.8,16.3,21.8,19.2,17.5,16.3
20260528,キープサインオン,53.6,39.1,25.6,12.3,14.5,13.5,13.3,12.3
20260528,ファンダム,113.0,82.9,54.0,26.2,30.1,28.9,27.8,26.2
20260528,ルージュカルデア,54.5,39.2,25.7,12.8,15.3,13.5,12.9,12.8
20260528,ワインレッドハート,73.4,53.1,34.4,16.8,20.3,18.7,17.6,16.8
20260528,ジャスティンシカゴ,68.6,49.9,32.7,16.4,18.7,17.2,16.3,16.4
20260528,カシノスワッグ,72.4,52.5,34.2,16.4,19.9,18.3,17.8,16.4
20260528,エコロナイン,54.1,39.5,25.9,12.7,14.6,13.6,13.2,12.7
20260528,ウラノグラフィア,66.8,48.2,31.5,15.4,18.6,16.7,16.1,15.4
20260528,ジオ,66.1,47.5,31.2,15.4,18.6,16.3,15.8,15.4
20260528,ピンキープロミス,77.7,57.8,38.9,20.3,19.9,18.9,18.6,20.3
20260528,カルフ,70.7,51.8,33.7,16.3,18.9,18.1,17.4,16.3
20260528,ナイスプレーアスク,70.0,50.7,32.7,15.8,19.3,18.0,16.9,15.8
20260528,スイープセレニティ,68.4,48.9,30.8,14.2,19.5,18.1,16.6,14.2
20260528,エコロガレル,69.8,50.9,32.6,15.5,18.9,18.3,17.1,15.5
20260528,サクラトップラック,70.2,51.3,33.1,16.1,18.9,18.2,17.0,16.1
20260528,アトミックリーチ,69.0,50.4,33.0,16.3,18.6,17.4,16.7,16.3
20260528,シーズザチャンス,57.5,42.0,27.6,13.6,15.5,14.4,14.0,13.6
20260528,キボウノホシ,96.5,70.0,45.1,22.1,26.5,24.9,23.0,22.1
20260528,シュヴァルツシルト,74.7,54.9,36.2,17.9,19.8,18.7,18.3,17.9
20260528,タートルインメイ,66.8,49.5,32.6,15.8,17.3,16.9,16.8,15.8
20260528,クラオルグジェシダ,75.8,55.9,36.0,17.7,19.9,19.9,18.3,17.7
20260528,ジェイエルキャリア,58.4,41.9,27.0,12.9,16.5,14.9,14.1,12.9
20260528,アルカンサス,66.2,48.4,32.1,16.2,17.8,16.3,15.9,16.2
20260528,ゴルトレオパルト,68.0,49.6,32.8,16.2,18.4,16.8,16.6,16.2
20260528,ステートオブロック,68.6,49.0,30.7,14.7,19.6,18.3,16.0,14.7
20260528,ルクスジニア,67.2,48.9,31.9,15.6,18.3,17.0,16.3,15.6
20260528,ヴェットビルズ,66.9,48.8,31.9,16.4,18.1,16.9,15.5,16.4
20260528,ワンダリングスター,66.6,48.8,32.1,15.9,17.8,16.7,16.2,15.9
20260528,ﾌﾟﾘﾓｽﾍﾟｰﾄﾞの24,66.4,48.7,31.9,15.7,17.7,16.8,16.2,15.7
20260528,ブルージャイアント,67.6,48.8,32.0,16.2,18.8,16.8,15.8,16.2
20260528,アールグレイ,66.7,48.0,31.0,15.2,18.7,17.0,15.8,15.2
20260528,アイムインディ,68.7,51.0,33.5,16.8,17.7,17.5,16.7,16.8
20260528,オウケンサクラコ,66.0,48.0,31.5,15.8,18.0,16.5,15.7,15.8
20260528,ホカミテダメ,65.3,47.5,31.2,15.4,17.8,16.3,15.8,15.4
20260528,ムードメーカー,65.1,46.6,30.8,15.5,18.5,15.8,15.3,15.5
20260528,フルオール,56.8,41.6,26.8,12.8,15.2,14.8,14.0,12.8
20260528,ヤコブセン,56.0,41.0,26.7,12.7,15.0,14.3,14.0,12.7
20260528,サトノワーグナー,56.1,41.1,26.6,12.7,15.0,14.5,13.9,12.7
20260528,ヴァールザーゲン,70.2,52.8,35.6,18.0,17.4,17.2,17.6,18.0
20260528,ラヴレイン,69.7,51.2,34.1,17.1,18.5,17.1,17.0,17.1
20260528,ジョリュウジャンシ,62.3,46.2,30.0,14.9,16.1,16.2,15.1,14.9
20260528,ユニオンジャック,67.5,49.1,31.7,15.6,18.4,17.4,16.1,15.6
20260528,ピクニックマーチ,72.0,52.1,33.7,16.4,19.9,18.4,17.3,16.4
20260528,ユイノジカンカセギ,65.4,47.9,30.7,15.1,17.5,17.2,15.6,15.1
20260528,ノーブルラホーヤ,58.4,41.5,27.1,13.4,16.9,14.4,13.7,13.4
20260528,カリボール,53.7,38.7,25.1,12.3,15.0,13.6,12.8,12.3
20260528,ブリスフル,65.8,49.7,32.8,16.4,16.1,16.9,16.4,16.4
20260528,ハッピーラッキー,68.3,51.4,34.1,16.0,16.9,17.3,18.1,16.0
20260528,グッバイウェーブ,65.8,48.3,31.7,16.0,17.5,16.6,15.7,16.0
20260528,サラサチャチャチャ,54.8,39.9,25.3,12.4,14.9,14.6,12.9,12.4
20260528,コックニー,54.9,40.0,25.5,12.5,14.9,14.5,13.0,12.5
20260528,キョウエイシュバル,66.4,48.9,31.8,15.7,17.5,17.1,16.1,15.7
20260528,ゴールドストーム,56.8,41.7,27.0,13.1,15.1,14.7,13.9,13.1
20260528,イニスフェイル,56.0,40.7,26.7,12.9,15.3,14.0,13.8,12.9
20260528,スケルツォテソーロ,65.0,49.3,32.8,15.9,15.7,16.5,16.9,15.9
20260528,ソラティオ,67.6,49.9,32.8,15.8,17.7,17.1,17.0,15.8
20260528,キタノエフロレス,67.7,49.8,32.7,15.8,17.9,17.1,16.9,15.8
20260528,クリフハンガー,65.0,48.4,32.1,16.3,16.6,16.3,15.8,16.3
20260528,ジェイエルライナー,66.6,48.9,31.8,16.1,17.7,17.1,15.7,16.1
20260528,ミルトメロディー,67.9,49.6,32.4,15.8,18.3,17.2,16.6,15.8
20260528,シンクシビリティ,66.7,49.3,31.6,16.1,17.4,17.7,15.5,16.1
20260528,エクスプレスナイト,66.3,48.4,31.9,16.2,17.9,16.5,15.7,16.2
20260528,ミライヘノティアラ,64.1,46.9,31.4,15.7,17.2,15.5,15.7,15.7
20260528,ウレシイゴサン,69.8,51.7,33.8,16.7,18.1,17.9,17.1,16.7
20260528,ソウカイファミリア,68.2,50.2,33.2,16.5,18.0,17.0,16.7,16.5
20260528,ルナロマンティカ,67.4,49.9,33.2,16.6,17.5,16.7,16.6,16.6
20260528,ハンデンブレイズ,69.7,51.7,33.7,16.6,18.0,18.0,17.1,16.6
20260528,ペルラビアンカ,66.5,48.6,32.0,16.3,17.9,16.6,15.7,16.3
20260528,ジューングレイス,54.9,40.1,26.4,12.9,14.8,13.7,13.5,12.9
20260528,エターナルホープ,71.6,51.1,33.0,16.0,20.5,18.1,17.0,16.0
20260528,レヴェランジェ,67.8,49.1,32.1,16.5,18.7,17.0,15.6,16.5
20260528,ニチヤヲツイデ,69.6,51.2,33.6,15.9,18.4,17.6,17.7,15.9
20260528,ｺｳｷﾞｮｳﾏｼｪﾘの24,69.9,51.3,33.9,16.4,18.6,17.4,17.5,16.4
20260528,アオイレイラ,73.3,54.0,35.3,17.7,19.3,18.7,17.6,17.7
20260528,クモヒトツナイ,66.6,48.0,31.3,15.7,18.6,16.7,15.6,15.7
20260528,ロココ,54.2,38.8,25.2,12.4,15.4,13.6,12.8,12.4
20260528,イマジェリーナ,67.9,49.8,32.3,16.3,18.1,17.5,16.0,16.3
20260528,サザンウォリアー,67.7,49.6,32.7,16.4,18.1,16.9,16.3,16.4
20260528,レイナデルアイレ,64.5,47.1,30.8,15.1,17.4,16.3,15.7,15.1
20260528,ラブマイティー,74.7,53.1,34.5,17.2,21.6,18.6,17.3,17.2
20260528,ゴールドシーン,66.5,49.2,32.4,15.9,17.3,16.8,16.5,15.9
20260528,コーリンクレア,70.2,51.3,32.8,16.1,18.9,18.5,16.7,16.1
20260528,ウインビギニング,101.4,75.3,51.7,27.0,26.1,23.6,24.7,27.0
20260528,ロジキセキ,68.9,51.5,34.2,17.1,17.4,17.3,17.1,17.1
20260528,センカンナガト,78.8,55.7,35.2,16.9,23.1,20.5,18.3,16.9
20260528,トリプティーク,77.7,54.5,34.2,16.5,23.2,20.3,17.7,16.5
20260528,カシノヴィタ,78.3,54.6,34.1,16.3,23.7,20.5,17.8,16.3
20260528,カペラテソーロ,71.5,53.1,35.2,17.6,18.4,17.9,17.6,17.6
20260528,グラスクラージュ,71.7,53.1,35.2,17.9,18.6,17.9,17.3,17.9
20260528,ハクシンブライアン,69.1,50.1,31.8,15.4,19.0,18.3,16.4,15.4
20260528,アーリマックス,66.0,48.6,32.3,16.2,17.4,16.3,16.1,16.2
20260528,エスシーレイジュ,66.2,48.5,32.0,15.8,17.7,16.5,16.2,15.8
20260528,デルマザオウ,65.7,48.6,32.3,16.3,17.1,16.3,16.0,16.3
20260528,ハクサンミレイ,67.8,50.5,33.8,17.4,17.3,16.7,16.4,17.4
20260528,ガビーズメロディ,64.8,47.9,31.4,15.6,16.9,16.5,15.8,15.6
20260528,マーゴットパラディ,66.5,48.6,31.4,15.5,17.9,17.2,15.9,15.5
20260528,ブルーフレア,57.1,41.8,26.9,13.0,15.3,14.9,13.9,13.0
20260528,トナリティ,70.3,50.8,32.1,15.4,19.5,18.7,16.7,15.4
20260528,シアワセチョウサン,68.2,49.9,33.0,16.2,18.3,16.9,16.8,16.2
20260528,ソパデアホ,55.9,41.5,27.4,13.3,14.4,14.1,14.1,13.3
20260528,ゴーントゥファー,60.4,45.0,30.1,15.0,15.4,14.9,15.1,15.0
20260528,ドナシュネル,63.1,46.0,30.0,14.7,17.1,16.0,15.3,14.7
20260528,サザンヴィターレ,69.4,51.2,33.8,16.7,18.2,17.4,17.1,16.7
20260528,ステラガーネット,68.9,50.4,33.5,16.6,18.5,16.9,16.9,16.6
20260528,プリヴィレッジ,65.5,48.6,32.5,16.4,16.9,16.1,16.1,16.4
20260528,モーモーゼロ,64.2,46.7,30.0,14.6,17.5,16.7,15.4,14.6
20260528,スカット,72.0,51.6,32.2,15.5,20.4,19.4,16.7,15.5
20260528,ポッドエステラ,56.1,40.8,26.6,12.8,15.3,14.2,13.8,12.8
20260528,プリンセスロッティ,56.0,40.9,26.6,12.8,15.1,14.3,13.8,12.8
20260528,ミーントゥビー,68.9,49.6,32.0,15.8,19.3,17.6,16.2,15.8
20260528,ハルガスミ,77.6,55.9,36.4,17.9,21.7,19.5,18.5,17.9
20260528,サイモンナイスラン,54.0,39.0,25.1,12.1,15.0,13.9,13.0,12.1
20260528,ミリオンヴォイス,52.0,37.9,24.9,12.4,14.1,13.0,12.5,12.4
20260528,サッポロイクコ,55.3,40.6,26.2,12.4,14.7,14.4,13.8,12.4
20260528,カグヤヒメ,51.9,38.0,25.0,12.5,13.9,13.0,12.5,12.5
20260528,クリムゾンリーフ,64.3,46.9,31.0,15.5,17.4,15.9,15.5,15.5
20260528,ミアルーチェ,55.6,41.0,26.7,12.8,14.6,14.3,13.9,12.8
20260528,ホウオウフロイト,80.5,59.8,39.4,19.7,20.7,20.4,19.7,19.7
20260528,ホウオウガイア,66.7,49.4,32.5,15.0,17.3,16.9,17.5,15.0
20260528,ララニューディー,64.5,46.7,30.4,15.1,17.8,16.3,15.3,15.1
20260528,コンクレデンツァ,72.6,53.8,35.6,17.6,18.8,18.2,18.0,17.6
20260528,ペントザリス,71.0,52.5,33.9,16.1,18.5,18.6,17.8,16.1
20260528,ウイニングレイ,72.0,53.2,34.6,17.1,18.8,18.6,17.5,17.1
20260528,ショウナンアビアス,52.1,37.3,24.7,12.5,14.8,12.6,12.2,12.5
20260528,ニシノランペイジ,75.4,53.7,33.8,16.4,21.7,19.9,17.4,16.4
20260528,ニシノティアモ,65.3,48.1,31.1,15.0,17.2,17.0,16.1,15.0
20260528,ハルノアメ,68.9,50.2,32.9,16.0,18.7,17.3,16.9,16.0
20260528,キャストロププ,67.9,50.4,33.2,16.4,17.5,17.2,16.8,16.4
20260528,トウシンライオット,66.8,49.6,33.0,16.4,17.2,16.6,16.6,16.4
20260528,サノノソルジャー,68.5,50.6,33.0,16.4,17.9,17.6,16.6,16.4
20260528,ウィルレーヴィア,66.2,48.5,31.9,15.7,17.7,16.6,16.2,15.7
20260528,セイウンパシュート,71.5,52.8,34.6,17.0,18.7,18.2,17.6,17.0
20260528,ベンサレム,87.1,63.6,41.5,21.3,23.5,22.1,20.2,21.3
20260528,グレイスザクラウン,60.3,45.5,30.2,14.9,14.8,15.3,15.3,14.9
20260528,コンサートマスター,64.8,47.5,30.9,15.4,17.3,16.6,15.5,15.4
20260528,レッドリアライズ,66.6,48.1,30.9,15.1,18.5,17.2,15.8,15.1
20260528,アッシュグレイス,76.8,57.0,37.8,18.7,19.8,19.2,19.1,18.7
20260528,ロックユアライフ,62.4,46.0,30.3,14.9,16.4,15.7,15.4,14.9
20260528,ダノンファンスター,59.8,43.8,28.5,13.8,16.0,15.3,14.7,13.8
20260528,スミレファースト,68.9,50.6,33.2,16.6,18.3,17.4,16.6,16.6
20260528,アルタティール,55.8,40.3,26.1,12.6,15.5,14.2,13.5,12.6
20260528,ラガリーガ,55.2,39.8,25.9,12.5,15.4,13.9,13.4,12.5
20260528,アドミラルシップ,70.8,52.4,33.7,16.6,18.4,18.7,17.1,16.6
20260528,オーケーエース,67.6,49.9,32.5,15.8,17.7,17.4,16.7,15.8
20260528,キャストロププ,67.0,49.7,32.9,16.6,17.3,16.8,16.3,16.6
20260528,ベネスピラ,62.4,45.9,29.9,14.5,16.5,16.0,15.4,14.5
20260528,ヒットミー,63.6,46.9,30.7,15.2,16.7,16.2,15.5,15.2
20260528,チギリ,64.5,47.8,31.6,15.4,16.7,16.2,16.2,15.4
20260528,ピカピカサンダー,62.4,46.5,31.0,16.1,15.9,15.5,14.9,16.1
20260528,ノヴァルクス,63.9,47.4,31.3,15.8,16.5,16.1,15.5,15.8
20260528,クラウンフリード,69.2,51.3,33.9,17.1,17.9,17.4,16.8,17.1
20260528,スチョウプリンセス,73.6,54.5,35.8,17.6,19.1,18.7,18.2,17.6
20260528,ミサトレジーナ,68.8,50.8,33.6,16.8,18.0,17.2,16.8,16.8
20260528,パッサージュワイズ,68.8,51.0,33.8,17.1,17.8,17.2,16.7,17.1
20260528,アイファーティアラ,73.5,54.5,35.9,18.1,19.0,18.6,17.8,18.1
20260528,スパークルレイ,80.1,59.8,40.0,20.3,20.3,19.8,19.7,20.3
20260528,チャイボーグ,71.1,51.2,33.4,16.4,19.9,17.8,17.0,16.4
20260528,ズイウンゴサイ,66.0,49.3,32.7,16.4,16.7,16.6,16.3,16.4
20260528,アーバーバイティ,65.4,47.9,31.7,15.4,17.5,16.2,16.3,15.4
20260528,ウインワーグナー,65.4,47.8,31.7,15.4,17.6,16.1,16.3,15.4
20260528,ロサンゼルス,70.8,51.0,32.9,16.2,19.8,18.1,16.7,16.2
20260528,タイセイデクスター,72.6,53.5,35.4,17.6,19.1,18.1,17.8,17.6
20260528,レフィノス,53.4,38.3,24.9,12.5,15.1,13.4,12.4,12.5
20260528,フレイコン,66.1,48.2,31.7,15.4,17.9,16.5,16.3,15.4
20260528,ﾗﾐｱの24,66.4,48.5,31.9,15.5,17.9,16.6,16.4,15.5
20260528,インサイドエッジ,55.3,40.3,27.0,13.7,15.0,13.3,13.3,13.7
20260528,アイスブレイカー,73.4,54.6,36.5,18.3,18.8,18.1,18.2,18.3
20260528,コンティオ,66.7,49.1,32.4,15.8,17.6,16.7,16.6,15.8
20260528,ペイシャオーヴァル,72.6,53.3,35.6,17.7,19.3,17.7,17.9,17.7
20260528,ミョンソクコムドリ,65.8,48.7,32.2,16.1,17.1,16.5,16.1,16.1
20260528,アイアムキレマスネ,63.5,47.0,31.3,15.2,16.5,15.7,16.1,15.2
20260528,ﾃﾞｨｰｽﾞﾌﾟﾘﾓの24,70.0,51.9,34.8,17.5,18.1,17.1,17.3,17.5
20260528,モーモーワン,69.9,51.8,34.7,17.4,18.1,17.1,17.3,17.4
20260528,スマートブル,69.9,51.4,33.4,16.4,18.5,18.0,17.0,16.4
20260528,タイキフィアリーベ,69.0,50.7,33.1,16.2,18.3,17.6,16.9,16.2
20260528,アースイオス,64.5,46.8,30.1,14.8,17.7,16.7,15.3,14.8
20260528,アスクドリームモア,67.7,49.8,32.6,16.0,17.9,17.2,16.6,16.0
20260528,スムースベルベット,66.1,48.4,31.3,15.8,17.7,17.1,15.5,15.8
20260528,キタノシオン,70.0,51.2,33.4,16.8,18.8,17.8,16.6,16.8
20260528,イデアクリスタル,63.9,46.6,30.8,15.1,17.3,15.8,15.7,15.1
20260528,ルヴァレドクール,64.6,46.9,30.8,15.4,17.7,16.1,15.4,15.4
20260528,フィーチャリング,62.6,45.7,30.0,14.9,16.9,15.7,15.1,14.9
20260528,イバラヒメ,69.8,51.6,34.4,16.8,18.2,17.2,17.6,16.8
20260528,ニシノトップダノン,64.7,48.1,31.1,15.1,16.6,17.0,16.0,15.1
20260528,スパークルレイ,67.4,50.4,33.8,17.1,17.0,16.6,16.7,17.1
20260528,スチョウプリンセス,67.5,50.0,33.4,16.9,17.5,16.6,16.5,16.9
20260528,アイファーティアラ,67.8,50.5,33.5,17.1,17.3,17.0,16.4,17.1
20260528,スペルビア,69.5,51.4,33.7,16.9,18.1,17.7,16.8,16.9
20260528,バトンロード,55.5,40.1,25.6,12.7,15.4,14.5,12.9,12.7
20260528,ステキサプライズ,57.4,42.0,26.8,12.9,15.4,15.2,13.9,12.9
20260528,アルケミラモリス,57.6,42.1,27.4,13.1,15.5,14.7,14.3,13.1
20260528,ホワイトドラゴン,52.5,39.2,26.2,13.2,13.3,13.0,13.0,13.2
20260528,ウスズミザクラ,56.0,40.7,26.3,12.9,15.3,14.4,13.4,12.9
20260528,ココニイルヨ,56.0,40.7,26.4,13.0,15.3,14.3,13.4,13.0
20260528,ピースワンデュック,62.2,45.5,29.3,14.1,16.7,16.2,15.2,14.1
20260528,ルヴァレドクール,52.8,38.7,25.4,12.4,14.1,13.3,13.0,12.4
20260528,ノアソノマ,55.3,40.1,26.0,12.8,15.2,14.1,13.2,12.8
20260528,デルマカイモン,67.1,50.2,32.8,16.2,16.9,17.4,16.6,16.2
20260528,コウソクルリアン,57.5,41.9,27.0,13.4,15.6,14.9,13.6,13.4
20260528,クカイリモク,64.9,48.4,31.7,15.7,16.5,16.7,16.0,15.7
20260528,ニシノトップダノン,53.2,39.3,26.3,13.1,13.9,13.0,13.2,13.1
20260528,パッションノーヴァ,67.3,48.7,32.3,15.9,18.6,16.4,16.4,15.9
20260528,チャックネイト,69.8,51.9,34.5,17.2,17.9,17.4,17.3,17.2
20260528,イケイケドンドン,70.7,50.4,31.7,15.6,20.3,18.7,16.1,15.6
20260528,レイワサンサン,65.4,46.9,30.2,15.1,18.5,16.7,15.1,15.1
20260528,ラヴオントップ,54.1,38.9,24.6,12.1,15.2,14.3,12.5,12.1
20260528,モカラマーズ,53.6,38.5,24.7,12.4,15.1,13.8,12.3,12.4
20260528,ファムエレガンテ,53.8,38.0,24.8,12.3,15.8,13.2,12.5,12.3
20260528,レッドフロイデ,55.8,39.9,25.3,12.3,15.9,14.6,13.0,12.3
20260528,キンダープンシュ,55.3,39.5,25.0,12.2,15.8,14.5,12.8,12.2
20260528,エドウィンナルコ,54.6,39.1,24.7,12.0,15.5,14.4,12.7,12.0
20260528,リヒトミューレ,56.3,39.9,25.1,12.3,16.4,14.8,12.8,12.3
20260528,カッタッパ,52.9,38.6,24.8,12.3,14.3,13.8,12.5,12.3
20260528,アークレオン,54.8,39.7,25.7,13.1,15.1,14.0,12.6,13.1
20260528,スマートフォルス,53.5,38.2,24.8,12.4,15.3,13.4,12.4,12.4
20260528,アスクアイルビゼア,65.9,49.0,32.4,16.0,16.9,16.6,16.4,16.0
20260528,グレイスフルマーチ,67.7,50.0,32.9,16.1,17.7,17.1,16.8,16.1
20260528,エコロデュラン,64.6,46.5,31.5,15.8,18.1,15.0,15.7,15.8
20260528,マーゴットデイズ,68.7,50.6,33.6,16.8,18.1,17.0,16.8,16.8
20260528,ラッキーシグネチャ,65.9,48.2,31.8,15.8,17.7,16.4,16.0,15.8
20260528,ムテキシャチョウ,58.6,43.0,28.4,13.7,15.6,14.6,14.7,13.7
20260528,カフラー,65.9,48.3,31.8,15.7,17.6,16.5,16.1,15.7
20260528,ルガル,52.6,36.3,23.3,11.7,16.3,13.0,11.6,11.7
20260528,トウカイエルデ,56.6,40.8,26.1,12.8,15.8,14.7,13.3,12.8
20260528,モズナナスター,65.1,48.5,31.9,15.7,16.6,16.6,16.2,15.7
20260528,ダイアナクイーン,64.9,47.5,30.9,15.0,17.4,16.6,15.9,15.0
20260528,ロングホリデー,55.7,39.8,25.1,12.2,15.9,14.7,12.9,12.2
20260528,ヴァンロゼ,53.4,38.9,25.2,12.5,14.5,13.7,12.7,12.5
20260528,エイシンビーコン,58.0,41.5,26.8,13.4,16.5,14.7,13.4,13.4
20260528,グーフィー,62.8,45.1,30.0,15.0,17.7,15.1,15.0,15.0
20260528,アンガーザガール,53.3,38.8,24.9,12.4,14.5,13.9,12.5,12.4
20260528,ｽﾏｰﾄｱｴﾛの24,64.7,48.2,32.0,15.4,16.5,16.2,16.6,15.4
20260528,サマーキューピッド,57.0,41.2,26.3,12.7,15.8,14.9,13.6,12.7
20260528,ウィンザーローズ,57.0,41.1,26.2,12.6,15.9,14.9,13.6,12.6
20260528,ソゲソゲスマイル,65.2,48.3,31.9,15.9,16.9,16.4,16.0,15.9
20260528,シュガークン,73.0,53.5,35.2,17.2,19.5,18.3,18.0,17.2
20260528,ペイドラロワール,69.4,51.1,34.6,17.4,18.3,16.5,17.2,17.4
20260528,アンビアンス,70.2,50.7,33.0,16.1,19.5,17.7,16.9,16.1
20260528,ロードファイター,69.0,50.0,32.4,15.8,19.0,17.6,16.6,15.8
20260528,ショウナンアワード,68.3,49.6,33.3,16.5,18.7,16.3,16.8,16.5
20260528,ケイアイセナ,53.8,39.5,26.0,13.1,14.3,13.5,12.9,13.1
20260528,ブルーノート,64.8,45.3,29.4,14.7,19.5,15.9,14.7,14.7
20260528,エティエンヌ,85.9,62.6,40.5,19.9,23.3,22.1,20.6,19.9
20260528,マーゴットデウス,65.1,46.7,30.6,15.2,18.4,16.1,15.4,15.2
20260528,グレーヌドジョワ,58.7,42.0,27.2,13.1,16.7,14.8,14.1,13.1
20260528,ベラジオヴァレル,67.1,49.4,33.0,16.0,17.7,16.4,17.0,16.0
20260528,マイケルバローズ,67.2,48.8,32.2,16.4,18.4,16.6,15.8,16.4
20260528,グラマラス,57.3,42.1,27.1,13.1,15.2,15.0,14.0,13.1
20260528,ラルヴァンダード,73.6,54.1,36.0,18.0,19.5,18.1,18.0,18.0
20260528,シェーネエルデ,73.9,54.3,35.9,17.8,19.6,18.4,18.1,17.8
20260528,アームズラムレイ,66.6,48.8,32.0,15.4,17.8,16.8,16.6,15.4
20260528,ニホンピロゴルディ,72.0,53.1,35.5,17.6,18.9,17.6,17.9,17.6
20260528,ヒーローインチーフ,67.0,48.6,31.8,15.6,18.4,16.8,16.2,15.6
20260528,ショウナンバルドル,67.1,48.8,31.6,15.2,18.3,17.2,16.4,15.2
20260528,ウィルサヴァイブ,70.1,50.4,33.3,16.2,19.7,17.1,17.1,16.2
20260528,マーゴットガイア,63.8,47.3,31.2,15.1,16.5,16.1,16.1,15.1
20260528,セスティーナ,66.2,49.2,32.5,16.2,17.0,16.7,16.3,16.2
20260528,サマーブリザード,66.1,47.7,30.8,15.0,18.4,16.9,15.8,15.0
20260528,アルギエバ,68.2,50.7,33.7,16.8,17.5,17.0,16.9,16.8
20260528,ハロナ,71.1,51.5,34.3,16.8,19.6,17.2,17.5,16.8
20260528,ルクスグレイス,65.6,49.0,33.1,16.6,16.6,15.9,16.5,16.6
20260528,ピースオブザライフ,55.8,40.5,26.1,13.3,15.3,14.4,12.8,13.3
20260528,クリノフィガロ,67.5,51.0,34.3,16.9,16.5,16.7,17.4,16.9
20260528,メイショウコナン,67.4,48.6,32.0,15.7,18.8,16.6,16.3,15.7
20260528,ファイティンアスク,55.3,40.7,26.6,13.0,14.6,14.1,13.6,13.0
20260528,テイケイウェリナ,66.4,48.3,32.0,15.7,18.1,16.3,16.3,15.7
20260528,パスリヤージュ,66.2,48.4,32.0,15.8,17.8,16.4,16.2,15.8
20260528,ページターナー,54.3,39.7,25.4,12.4,14.6,14.3,13.0,12.4
20260528,コスモファーブロス,66.6,48.0,30.9,14.7,18.6,17.1,16.2,14.7
20260528,ブレットパス,56.3,40.7,25.2,11.9,15.6,15.5,13.3,11.9
20260528,グランビスタ,64.9,47.4,30.9,14.9,17.5,16.5,16.0,14.9
20260528,シンゼンノト,65.9,48.4,32.7,16.7,17.5,15.7,16.0,16.7
20260528,ルーメンルーナエ,55.1,40.6,26.5,13.0,14.5,14.1,13.5,13.0
20260528,ダイナマイク,56.0,41.0,25.2,12.1,15.0,15.8,13.1,12.1
20260528,セルズパワー,67.6,49.8,33.3,16.3,17.8,16.5,17.0,16.3
20260528,キタノシリウス,54.7,39.7,25.6,12.5,15.0,14.1,13.1,12.5
20260528,メメボス,53.5,37.4,23.5,11.8,16.1,13.9,11.7,11.8
20260528,スマイルガルーダ,54.9,38.5,24.4,12.5,16.4,14.1,11.9,12.5
20260528,オンザムービー,57.1,42.3,26.8,12.2,14.8,15.5,14.6,12.2
20260528,ビナハイバン,69.2,50.5,33.1,16.0,18.7,17.4,17.1,16.0
20260528,チェサピークベイ,56.2,40.4,26.8,13.3,15.8,13.6,13.5,13.3
20260528,グルード,72.2,53.0,34.9,17.3,19.2,18.1,17.6,17.3
20260528,ダノンヴェルサイユ,54.8,39.8,25.8,12.6,15.0,14.0,13.2,12.6
20260528,グレートキリシマ,72.1,52.9,34.9,17.3,19.2,18.0,17.6,17.3
20260528,ジョウゲンノツキ,65.3,47.3,31.1,15.6,18.0,16.2,15.5,15.6
20260528,ルクスディグニティ,66.6,49.7,33.1,15.8,16.9,16.6,17.3,15.8
20260528,ピエナオルカ,65.7,48.3,31.9,15.6,17.4,16.4,16.3,15.6
20260528,シャイニングスター,63.8,46.4,31.1,15.3,17.4,15.3,15.8,15.3
20260528,テラレガル,69.1,50.3,33.4,16.8,18.8,16.9,16.6,16.8
20260528,ニシノキヅイタラ,68.9,49.8,33.2,16.7,19.1,16.6,16.5,16.7
20260528,トシミチ,68.8,49.6,33.0,16.6,19.2,16.6,16.4,16.6
20260528,カンシン,55.0,38.6,24.5,12.1,16.4,14.1,12.4,12.1
20260528,リピ,52.3,37.9,24.5,12.1,14.4,13.4,12.4,12.1
20260528,エイユーサクラ,59.8,43.3,28.1,13.9,16.5,15.2,14.2,13.9
20260528,ピョイットハレルヤ,72.0,52.5,34.5,16.9,19.5,18.0,17.6,16.9
20260528,リトセア,71.9,52.5,34.6,17.1,19.4,17.9,17.5,17.1
20260528,ポルトブルー,76.4,55.6,36.4,18.6,20.8,19.2,17.8,18.6
20260528,メイショウヤーキス,67.0,49.3,32.2,15.9,17.7,17.1,16.3,15.9
20260528,ラウダブル,67.1,48.7,31.6,15.5,18.4,17.1,16.1,15.5
20260528,メイショウアイル,59.4,42.6,27.5,13.4,16.8,15.1,14.1,13.4
20260528,カッサンドラ,56.9,39.7,25.4,12.8,17.2,14.3,12.6,12.8
20260528,ハヤブサブロー,57.5,41.0,26.6,13.0,16.5,14.4,13.6,13.0
20260528,アーリーハーベスト,67.2,48.7,31.9,15.9,18.5,16.8,16.0,15.9
20260528,サトノトリニティ,67.0,48.1,31.2,15.0,18.9,16.9,16.2,15.0
20260528,ﾏﾘｱﾝの24,70.7,51.6,33.9,16.9,19.1,17.7,17.0,16.9
20260528,ラヴァブル,64.8,46.9,30.6,15.0,17.9,16.3,15.6,15.0
20260528,コンフォルツァ,66.2,48.3,31.6,15.5,17.9,16.7,16.1,15.5
20260528,ベルジュロネット,65.9,48.3,31.9,16.2,17.6,16.4,15.7,16.2
20260528,メイショウコシュウ,67.7,50.1,33.1,16.3,17.6,17.0,16.8,16.3
20260528,コニーアイランド,68.9,50.9,34.3,16.9,18.0,16.6,17.4,16.9
20260528,メイショウノゾミ,76.2,54.8,36.2,17.6,21.4,18.6,18.6,17.6
20260528,ダンツダコタ,75.7,54.7,36.1,17.5,21.0,18.6,18.6,17.5
20260528,ホールネス,69.6,50.4,32.8,16.3,19.2,17.6,16.5,16.3
20260528,メイショウライガ,74.6,54.6,35.6,17.6,20.0,19.0,18.0,17.6
20260528,ジャストグレース,65.7,48.7,32.7,16.1,17.0,16.0,16.6,16.1
20260528,ショールミーズ,64.4,48.4,32.5,16.3,16.0,15.9,16.2,16.3
20260528,ミッションルース,65.7,47.9,31.1,15.3,17.8,16.8,15.8,15.3
20260528,アイブリンク,65.5,48.3,31.4,15.4,17.2,16.9,16.0,15.4
20260528,ランツフート,66.8,49.4,32.0,15.4,17.4,17.4,16.6,15.4
20260528,ミリタリータトゥー,78.9,58.4,39.0,19.7,20.5,19.4,19.3,19.7
20260528,バロニアル,52.9,37.9,24.2,11.7,15.0,13.7,12.5,11.7
20260528,レジェルテ,66.4,48.1,31.1,15.3,18.3,17.0,15.8,15.3
20260528,ベルセクレト,78.7,58.4,38.9,20.0,20.3,19.5,18.9,20.0
20260528,タカスタカスタカス,63.6,46.8,31.0,15.4,16.8,15.8,15.6,15.4
20260528,アスクアイルビゼア,62.9,46.1,30.7,15.8,16.8,15.4,14.9,15.8
20260528,ポエットリー,65.2,47.9,31.4,15.4,17.3,16.5,16.0,15.4
20260528,グロリアスグレイス,53.6,38.7,24.9,12.4,14.9,13.8,12.5,12.4
20260528,フクキタテーラー,57.7,41.9,26.9,12.8,15.8,15.0,14.1,12.8
20260528,ウインリベラシオン,67.1,48.9,32.4,16.1,18.2,16.5,16.3,16.1
20260528,シャインゴーツ,68.0,49.1,32.5,16.0,18.9,16.6,16.5,16.0
20260528,プレダトゥール,70.9,51.7,33.4,16.8,19.2,18.3,16.6,16.8
20260528,リリーサンダー,56.5,40.8,25.8,12.7,15.7,15.0,13.1,12.7
20260528,ヒルノアラゴン,70.2,50.8,33.0,16.4,19.4,17.8,16.6,16.4
20260528,シャマル,71.9,52.8,34.9,17.4,19.1,17.9,17.5,17.4
20260528,シーリュウシー,66.7,49.0,32.4,16.0,17.7,16.6,16.4,16.0
20260528,エクストラバック,54.5,39.3,25.5,12.3,15.2,13.8,13.2,12.3
20260528,メイショウソラリス,68.0,49.8,33.1,16.7,18.2,16.7,16.4,16.7
20260528,ペアスターロード,57.0,41.7,27.6,13.5,15.3,14.1,14.1,13.5
20260528,ロックウイズミー,69.2,50.6,33.1,16.5,18.6,17.5,16.6,16.5
20260528,サノノマリーナ,58.1,43.2,28.0,13.7,14.9,15.2,14.3,13.7
20260528,アセンシオン,66.2,49.0,32.0,15.5,17.2,17.0,16.5,15.5
20260528,パープルクラウド,68.2,49.5,32.5,16.1,18.7,17.0,16.4,16.1
20260528,アイニードユー,67.5,48.9,32.0,16.0,18.6,16.9,16.0,16.0
20260528,ハギノデュア,56.6,41.4,26.9,13.5,15.2,14.5,13.4,13.5
20260528,エンジェルボイス,65.5,46.8,29.6,14.6,18.7,17.2,15.0,14.6
20260528,ニシノエビガタメ,66.0,46.8,29.8,14.9,19.2,17.0,14.9,14.9
20260528,パクスフェリーチェ,69.4,51.0,34.0,16.6,18.4,17.0,17.4,16.6
20260528,ﾊﾞﾝﾄﾞｩｯﾁの24,67.4,48.5,31.5,15.9,18.9,17.0,15.6,15.9
20260528,ワンコールアウェイ,68.6,50.2,33.3,16.6,18.4,16.9,16.7,16.6
20260528,ラヴネヴァーダイズ,69.1,51.9,34.8,17.1,17.2,17.1,17.7,17.1
20260528,エコロアビス,58.6,42.6,27.7,13.5,16.0,14.9,14.2,13.5
20260528,エコロゼルダ,56.8,41.1,26.6,13.1,15.7,14.5,13.5,13.1
20260528,アート,69.4,50.1,33.3,16.8,19.3,16.8,16.5,16.8
20260528,シャロン,68.6,50.1,32.9,17.0,18.5,17.2,15.9,17.0
20260528,コティノス,67.8,50.0,32.5,15.6,17.8,17.5,16.9,15.6
20260528,ホールオブミラーズ,80.9,56.7,36.5,17.8,24.2,20.2,18.7,17.8
20260528,クロジシジョー,65.9,48.3,32.3,16.0,17.6,16.0,16.3,16.0
20260528,リアルスター,68.5,49.6,31.7,15.7,18.9,17.9,16.0,15.7
20260528,シャルクハフト,66.6,49.5,33.1,16.9,17.1,16.4,16.2,16.9
20260528,ジュンドラドラ,72.8,54.9,35.9,17.6,17.9,19.0,18.3,17.6
20260528,クロナ,53.6,38.6,24.9,12.3,15.0,13.7,12.6,12.3
20260528,ヘスティア,54.1,39.1,25.1,12.4,15.0,14.0,12.7,12.4
20260528,ルクスビッグスター,74.8,55.6,36.9,18.5,19.2,18.7,18.4,18.5
20260528,シュガークン,68.8,51.0,33.5,16.7,17.8,17.5,16.8,16.7
20260528,グランドプラージュ,66.0,48.3,33.5,17.6,17.7,14.8,15.9,17.6
20260528,マウンテンバローズ,69.1,51.2,34.2,16.8,17.9,17.0,17.4,16.8
20260528,チェリヴェント,77.5,56.7,36.9,18.1,20.8,19.8,18.8,18.1
20260528,タマモマリアージュ,51.8,37.0,24.6,12.8,14.8,12.4,11.8,12.8
20260528,カネコメファミリー,67.2,50.1,33.0,16.4,17.1,17.1,16.6,16.4
20260528,オリーボーレン,54.0,40.1,26.6,13.3,13.9,13.5,13.3,13.3
20260528,ゲタリア,69.8,51.7,34.1,17.0,18.1,17.6,17.1,17.0
20260528,コムアンエクレール,64.5,49.4,34.0,17.6,15.1,15.4,16.4,17.6
20260528,ロスニーニョス,65.2,47.8,31.5,15.6,17.4,16.3,15.9,15.6
20260528,アクートゥス,64.4,47.0,30.6,15.1,17.4,16.4,15.5,15.1
20260528,リネアグローリア,53.8,39.2,25.5,12.6,14.6,13.7,12.9,12.6
20260528,トウカイフルーレ,69.1,51.2,33.5,16.6,17.9,17.7,16.9,16.6
20260528,ベルピルエット,64.4,47.5,31.4,15.6,16.9,16.1,15.8,15.6
20260528,ワイドシャッフエン,69.5,50.3,31.9,15.2,19.2,18.4,16.7,15.2
20260528,ミリオンアップ,69.4,50.8,33.4,16.4,18.6,17.4,17.0,16.4
20260528,ホープレイジング,64.8,47.3,31.1,15.3,17.5,16.2,15.8,15.3
20260528,シルバーレシオ,63.3,46.4,29.8,14.5,16.9,16.6,15.3,14.5
20260528,アースグリッパー,70.1,51.8,34.1,17.0,18.3,17.7,17.1,17.0
20260528,ブレッティレディ,66.0,48.6,32.4,16.2,17.4,16.2,16.2,16.2
20260528,アラビアンジョイ,57.8,42.5,26.8,13.0,15.3,15.7,13.8,13.0
20260528,マリオロード,57.4,42.2,27.9,13.7,15.2,14.3,14.2,13.7
20260528,レステダンルヴァン,61.4,45.1,29.8,15.0,16.3,15.3,14.8,15.0
20260528,タイキエクセロン,53.7,38.0,24.8,12.5,15.7,13.2,12.3,12.5
20260528,マキシマムビスタ,66.8,47.6,31.0,15.2,19.2,16.6,15.8,15.2
20260528,ペンテリコン,64.9,47.3,31.3,15.5,17.6,16.0,15.8,15.5
20260528,ヴァージル,64.7,46.3,30.2,14.8,18.4,16.1,15.4,14.8
20260528,ﾚｰｳﾞﾄﾞﾘｰﾌﾞの24,66.6,48.3,32.3,16.3,18.3,16.0,16.0,16.3
20260528,フェリーニ,63.3,46.2,30.0,15.1,17.1,16.2,14.9,15.1
20260528,マイエレメント,63.1,47.4,31.6,15.7,15.7,15.8,15.9,15.7
20260528,ラファル,63.8,46.5,31.0,15.4,17.3,15.5,15.6,15.4
20260528,キトゥンズラスター,62.2,45.5,30.0,15.1,16.7,15.5,14.9,15.1
20260528,パウンドフォーワン,64.1,47.5,31.5,15.8,16.6,16.0,15.7,15.8
20260528,ロコラッテ,67.2,48.8,31.8,16.1,18.4,17.0,15.7,16.1
20260528,クレスコフェーヴ,53.9,39.2,25.2,12.5,14.7,14.0,12.7,12.5
20260528,マカナアネラ,54.2,38.9,25.2,12.2,15.3,13.7,13.0,12.2
20260528,タマモパルファン,54.0,39.3,25.5,12.3,14.7,13.8,13.2,12.3
20260528,プレゼンティーア,50.8,37.3,24.6,12.2,13.5,12.7,12.4,12.2
20260528,ベトルス,51.4,37.4,24.3,12.1,14.0,13.1,12.2,12.1
20260528,サトノフレイ,57.0,41.8,26.8,12.9,15.2,15.0,13.9,12.9
20260528,ワイドアルバ,53.5,38.8,25.7,13.1,14.7,13.1,12.6,13.1
20260528,フォルナックス,70.0,51.4,34.0,16.8,18.6,17.4,17.2,16.8
20260528,レッドブライトン,56.1,40.7,27.2,13.8,15.4,13.5,13.4,13.8
20260528,ドラゴンブースト,51.3,37.1,24.1,12.2,14.2,13.0,11.9,12.2
20260528,ビーウィナー,69.2,50.7,33.7,17.3,18.5,17.0,16.4,17.3
20260528,チカバリエンテ,57.6,41.5,26.4,12.9,16.1,15.1,13.5,12.9
20260528,タイドビート,51.7,37.5,24.3,12.3,14.2,13.2,12.0,12.3
20260528,ラブシンフォニー,57.5,41.4,26.9,12.9,16.1,14.5,14.0,12.9
20260528,ヨドノゴールド,70.2,52.2,35.0,17.4,18.0,17.2,17.6,17.4
20260528,システマソラー,65.9,48.0,31.4,15.5,17.9,16.6,15.9,15.5
20260528,テムルーラー,64.2,46.7,31.2,15.6,17.5,15.5,15.6,15.6
20260528,ﾌﾞﾗﾝﾀﾞﾙｼﾞｬﾝの24,64.1,46.6,31.2,15.5,17.5,15.4,15.7,15.5
20260528,エンブレムボム,53.9,38.4,25.1,12.6,15.5,13.3,12.5,12.6
20260528,ハクサンテドリガワ,54.9,40.1,25.7,12.6,14.8,14.4,13.1,12.6
20260528,シェイクユアハート,54.7,39.0,25.2,12.6,15.7,13.8,12.6,12.6
20260528,グッデイ,54.0,39.3,26.3,13.5,14.7,13.0,12.8,13.5
20260528,ウイントワイライト,66.9,49.3,32.6,16.1,17.6,16.7,16.5,16.1
20260528,レウコテア,71.8,51.6,34.0,16.1,20.2,17.6,17.9,16.1
20260528,メッチャエエヤン,57.7,41.9,26.7,12.6,15.8,15.2,14.1,12.6
20260528,ジーヴル,76.3,56.3,37.9,19.5,20.0,18.4,18.4,19.5
20260528,キタノガイヤール,63.4,46.5,31.0,15.3,16.9,15.5,15.7,15.3
20260528,レヴロード,65.6,48.1,32.2,16.3,17.5,15.9,15.9,16.3
20260528,セブンサークル,66.8,48.3,32.1,16.2,18.5,16.2,15.9,16.2
20260528,タガノデュード,68.9,48.2,30.5,14.7,20.7,17.7,15.8,14.7
20260528,ラウニウ,64.0,47.9,31.2,15.6,16.1,16.7,15.6,15.6
20260528,シンフォーエバー,55.3,38.4,24.5,12.4,16.9,13.9,12.1,12.4
20260528,コイタマチャン,66.8,48.5,32.0,15.9,18.3,16.5,16.1,15.9
20260528,フレンズプラス,66.6,48.2,31.8,15.5,18.4,16.4,16.3,15.5
20260528,サンライズナスカ,69.6,50.8,33.3,16.5,18.8,17.5,16.8,16.5
20260528,マーゴットユーカー,69.2,50.4,33.2,16.3,18.8,17.2,16.9,16.3
20260528,リバティユニバンス,69.4,50.8,33.8,16.9,18.6,17.0,16.9,16.9
20260528,コズミックダンサー,64.8,46.9,30.6,14.4,17.9,16.3,16.2,14.4
20260528,サマーナジュム,72.9,52.7,33.7,16.0,20.2,19.0,17.7,16.0
20260528,パノラマステージ,62.7,45.9,30.2,15.1,16.8,15.7,15.1,15.1
20260528,シンギタイ,63.7,46.5,30.9,15.3,17.2,15.6,15.6,15.3
20260528,テーオーナタリー,64.1,46.3,30.6,15.2,17.8,15.7,15.4,15.2
20260528,ゴールドヴィーナス,63.5,47.3,31.0,15.3,16.2,16.3,15.7,15.3
20260528,サイモングレイス,70.8,50.8,33.4,16.3,20.0,17.4,17.1,16.3
20260528,スクワミッシュ,70.6,50.6,33.3,16.2,20.0,17.3,17.1,16.2
20260528,テンタイムトップ,65.9,47.7,30.7,15.2,18.2,17.0,15.5,15.2
20260528,エンヤラヴフェイス,71.8,52.0,34.3,16.8,19.8,17.7,17.5,16.8
20260528,ハイディージェン,64.2,47.7,31.8,15.9,16.5,15.9,15.9,15.9
20260528,ルフトブリュッケ,55.2,39.9,25.7,12.9,15.3,14.2,12.8,12.9
20260528,ヴァニーユ,71.3,52.0,33.6,16.4,19.3,18.4,17.2,16.4
20260528,ハイウェイワン,69.8,51.9,34.3,16.7,17.9,17.6,17.6,16.7
20260528,ヘキレキ,57.5,40.7,26.1,13.0,16.8,14.6,13.1,13.0
20260528,エコロガイア,63.0,46.6,31.3,15.7,16.4,15.3,15.6,15.7
20260528,シュテルンビルト,51.9,37.7,25.0,12.8,14.2,12.7,12.2,12.8
20260528,トッピワールド,69.5,51.4,33.9,16.9,18.1,17.5,17.0,16.9
20260528,イザベル,55.3,39.6,25.6,12.7,15.7,14.0,12.9,12.7
20260528,ラホーヤアイズ,55.2,39.7,25.6,12.7,15.5,14.1,12.9,12.7
20260528,バティック,68.2,49.2,32.7,16.7,19.0,16.5,16.0,16.7
20260528,サンライズアムール,78.4,57.8,38.2,18.9,20.6,19.6,19.3,18.9
20260528,ライラックデューン,78.4,58.1,38.2,18.5,20.3,19.9,19.7,18.5
20260528,ヒューザー,74.9,54.9,35.7,17.5,20.0,19.2,18.2,17.5
20260528,ビッグシーザー,52.0,37.3,24.4,12.0,14.7,12.9,12.4,12.0
20260528,セミマル,53.2,38.4,24.7,12.3,14.8,13.7,12.4,12.3
20260528,テーオーグランビル,63.6,46.0,29.8,14.8,17.6,16.2,15.0,14.8
20260528,オセアスターライト,53.6,39.3,25.7,13.0,14.3,13.6,12.7,13.0
20260528,リアンドゥクール,52.2,37.5,24.3,12.2,14.7,13.2,12.1,12.2
20260528,ファイナルコマンド,63.6,46.5,30.6,15.3,17.1,15.9,15.3,15.3
20260528,サンライズアムール,50.4,36.6,23.6,11.8,13.8,13.0,11.8,11.8
20260528,プライベートアイズ,71.2,52.8,34.8,17.0,18.4,18.0,17.8,17.0
20260528,エイプリルインパリ,51.6,37.2,24.3,12.2,14.4,12.9,12.1,12.2
20260528,ヒューザー,54.0,38.7,24.6,12.2,15.3,14.1,12.4,12.2
20260528,ケイアイドリー,52.5,38.2,24.7,12.2,14.3,13.5,12.5,12.2
20260528,テラメリタ,55.1,39.4,25.0,12.1,15.7,14.4,12.9,12.1
20260528,タイセイレグノ,71.3,52.2,35.2,18.0,19.1,17.0,17.2,18.0
20260528,フードマン,74.0,52.3,34.4,17.0,21.7,17.9,17.4,17.0
20260528,ジェンティール,53.5,38.6,24.7,12.2,14.9,13.9,12.5,12.2
20260528,アシャカブラーヴ,67.6,50.9,34.4,17.5,16.7,16.5,16.9,17.5
20260528,サンタンジェロ,54.4,39.0,24.7,12.0,15.4,14.3,12.7,12.0
20260528,オースミライト,71.5,51.8,33.7,16.5,19.7,18.1,17.2,16.5
20260528,ジェゼロ,63.3,45.3,29.7,14.7,18.0,15.6,15.0,14.7
20260528,プシュパ,58.7,43.6,29.5,15.5,15.1,14.1,14.0,15.5
20260528,ケリフレッドアスク,65.8,47.9,31.6,15.8,17.9,16.3,15.8,15.8
20260528,レフティサーリ,56.8,40.5,26.3,12.7,16.3,14.2,13.6,12.7
20260528,ノリノリソックス,55.7,40.4,25.8,12.8,15.3,14.6,13.0,12.8
20260528,セディバン,69.1,50.2,33.6,16.6,18.9,16.6,17.0,16.6
20260528,ダノンフェルゼン,67.4,48.0,31.0,15.0,19.4,17.0,16.0,15.0
20260528,ウインロズパレード,73.5,53.9,35.8,17.6,19.6,18.1,18.2,17.6
20260528,ジーニアスバローズ,70.3,51.5,34.2,17.1,18.8,17.3,17.1,17.1
20260528,ドマーネ,66.3,48.4,31.6,15.7,17.9,16.8,15.9,15.7
20260528,アスクワンタイム,52.4,37.3,24.1,12.0,15.1,13.2,12.1,12.0
20260528,ショウナンザナドゥ,67.4,49.4,32.0,15.4,18.0,17.4,16.6,15.4
20260528,クールブレーブ,69.8,51.5,33.5,16.5,18.3,18.0,17.0,16.5
20260528,チェルヴァーラ,68.6,50.0,32.4,15.8,18.6,17.6,16.6,15.8
20260528,コルベータ,64.5,47.2,31.3,15.2,17.3,15.9,16.1,15.2
20260528,マリリンバローズ,56.8,40.6,26.8,12.3,16.2,13.8,14.5,12.3
20260528,ローズラフィネ,66.4,49.1,32.6,16.2,17.3,16.5,16.4,16.2
20260528,メリオーレム,63.4,46.2,30.9,15.6,17.2,15.3,15.3,15.6
20260528,エルモサカスターノ,56.3,40.3,26.3,12.7,16.0,14.0,13.6,12.7
20260528,ライツェントライゼ,55.1,39.2,24.8,12.1,15.9,14.4,12.7,12.1
20260528,ウインロズパレード,53.6,38.3,24.4,12.2,15.3,13.9,12.2,12.2
20260528,シバノパージャン,64.4,48.7,32.2,16.2,15.7,16.5,16.0,16.2
20260528,マサノカナリア,59.0,43.1,0.0,13.8,15.9,0.0,0.0,13.8
20260528,ワイドアイリー,58.5,43.0,28.1,13.7,15.5,14.9,14.4,13.7
20260528,グランフィエルテ,54.3,39.7,25.8,12.3,14.6,13.9,13.5,12.3
20260528,ダイシンヨーク,54.4,39.8,25.8,12.4,14.6,14.0,13.4,12.4
20260528,タマモエース,65.3,47.9,31.7,16.0,17.4,16.2,15.7,16.0
20260528,チャンネルトンネル,66.2,48.7,32.2,16.0,17.5,16.5,16.2,16.0
20260528,グランブーケ,63.8,48.7,33.8,16.9,15.1,14.9,16.9,16.9
20260528,サガルマータ,67.1,50.6,33.9,17.1,16.5,16.7,16.8,17.1
20260528,ルージュバロン,63.9,47.2,31.2,15.7,16.7,16.0,15.5,15.7
20260528,キャンディリヒト,76.1,56.3,37.4,18.5,19.8,18.9,18.9,18.5
20260528,オメガマサヤ,71.3,52.6,34.7,17.2,18.7,17.9,17.5,17.2
20260528,アイボリータワー,76.6,56.2,37.3,18.3,20.4,18.9,19.0,18.3
20260528,エリカヴェローナ,56.5,42.3,27.2,13.2,14.2,15.1,14.0,13.2
20260528,ホワイトフレイムス,57.2,41.3,27.1,13.6,15.9,14.2,13.5,13.6
20260528,ロードメガロポリス,68.3,49.7,32.4,16.0,18.6,17.3,16.4,16.0
20260528,セディバン,51.3,37.6,24.7,12.5,13.7,12.9,12.2,12.5
20260528,ニューオーリンズ,68.1,50.3,32.3,15.8,17.8,18.0,16.5,15.8
20260528,モズジェネラル,75.7,55.3,36.2,17.6,20.4,19.1,18.6,17.6
20260528,ウイルソン,68.6,50.5,33.2,16.7,18.1,17.3,16.5,16.7
20260528,ピカキウイ,75.1,55.1,36.3,17.7,20.0,18.8,18.6,17.7
20260528,ノチェセラーダ,54.6,39.5,25.2,12.4,15.1,14.3,12.8,12.4
20260528,レイデアルマス,57.1,41.8,26.8,13.2,15.3,15.0,13.6,13.2
20260528,キングスペード,69.6,51.6,33.7,16.3,18.0,17.9,17.4,16.3
20260528,トップチェッカー,67.2,49.3,32.1,15.9,17.9,17.2,16.2,15.9
20260528,ジュディーイメル,72.2,53.0,35.2,17.6,19.2,17.8,17.6,17.6
20260528,ヤマニンイハナ,73.1,54.5,36.4,17.8,18.6,18.1,18.6,17.8
20260528,ビップヴォルフ,64.6,47.0,30.9,15.2,17.6,16.1,15.7,15.2
20260528,イーグルチョイス,55.5,40.6,27.0,13.8,14.9,13.6,13.2,13.8
20260528,ゴウオン,67.7,49.9,31.8,15.8,17.8,18.1,16.0,15.8
20260528,ジューンテイク,70.0,50.7,33.5,16.1,19.3,17.2,17.4,16.1
20260528,ﾒｲｼｮｳｾﾞｯｹｲの24,68.4,50.1,33.3,16.7,18.3,16.8,16.6,16.7
20260528,シギーコルエンド,72.5,52.5,34.3,16.9,20.0,18.2,17.4,16.9
20260528,トウカイポワール,67.8,48.3,31.2,14.6,19.5,17.1,16.6,14.6
20260528,ガウラディスコ,53.6,37.9,24.6,12.2,15.7,13.3,12.4,12.2
20260528,ママコチャ,55.6,40.0,25.5,12.4,15.6,14.5,13.1,12.4
20260528,ティニア,62.3,45.7,30.5,15.4,16.6,15.2,15.1,15.4
20260528,メディテラニアン,55.7,39.6,25.4,12.3,16.1,14.2,13.1,12.3
20260528,アイルドゥレーヴェ,64.4,47.0,30.8,15.1,17.4,16.2,15.7,15.1
20260528,ウインモンクール,66.4,48.2,31.2,15.2,18.2,17.0,16.0,15.2
20260528,フォーオール,63.8,47.8,31.0,15.1,16.0,16.8,15.9,15.1
20260528,ミライハーモニー,65.8,48.8,32.2,16.1,17.0,16.6,16.1,16.1
20260528,ファイアプレイス,66.0,49.2,32.9,16.3,16.8,16.3,16.6,16.3
20260528,メイショウツキヨ,65.3,46.9,30.3,14.8,18.4,16.6,15.5,14.8
20260528,ケイアイクウガ,65.0,46.5,30.5,15.0,18.5,16.0,15.5,15.0
20260528,エトワールブーケ,69.1,48.4,31.0,15.4,20.7,17.4,15.6,15.4
20260528,マーゴットマシェリ,65.8,47.7,31.4,15.7,18.1,16.3,15.7,15.7
20260528,オーシンエス,66.9,48.7,31.9,15.6,18.2,16.8,16.3,15.6
20260528,マテンロウノカゼ,68.7,50.2,33.2,16.6,18.5,17.0,16.6,16.6
20260528,アメリカンコール,64.1,46.3,29.3,14.1,17.8,17.0,15.2,14.1
20260528,スピードリッチ,64.3,47.0,30.2,14.4,17.3,16.8,15.8,14.4
20260528,ワンモアスマイル,73.8,54.9,36.4,18.1,18.9,18.5,18.3,18.1
20260528,メイショウホウレン,55.1,39.8,26.2,12.8,15.3,13.6,13.4,12.8
20260528,マーゴットオネイロ,53.1,39.5,26.7,13.2,13.6,12.8,13.5,13.2
20260528,トモジャカトゥーラ,55.5,38.8,25.3,12.9,16.7,13.5,12.4,12.9
20260528,シュヴァルツリーベ,53.7,37.7,24.4,12.3,16.0,13.3,12.1,12.3
20260528,セントールビースト,55.0,39.1,25.0,12.4,15.9,14.1,12.6,12.4
20260528,メイショウヘール,71.8,52.7,34.5,17.0,19.1,18.2,17.5,17.0
20260527,アマンテビアンコ,52.9,37.8,24.6,12.1,15.1,13.2,12.5,12.1
20260527,アドマイヤウルトラ,53.4,38.3,25.0,12.2,15.1,13.3,12.8,12.2
20260527,ボーンディスウェイ,59.1,44.0,29.0,14.2,15.1,15.0,14.8,14.2
20260527,ガジュノリ,54.0,39.3,25.1,12.2,14.7,14.2,12.9,12.2
20260527,エラン,68.2,49.7,32.2,16.2,18.5,17.5,16.0,16.2
20260527,アルヴィア,68.9,50.5,32.9,16.5,18.4,17.6,16.4,16.5
20260527,カワイクテゴメン,54.9,40.3,26.1,12.6,14.6,14.2,13.5,12.6
20260527,アールグレイ,66.8,48.9,32.2,15.3,17.9,16.7,16.9,15.3
20260527,キミガハマ,53.9,38.3,24.3,12.0,15.6,14.0,12.3,12.0
20260527,ガヤーズベース,55.1,40.5,26.4,12.9,14.6,14.1,13.5,12.9
20260527,バレンタインビスタ,55.6,40.2,25.5,12.5,15.4,14.7,13.0,12.5
20260527,アイリーノリチャン,53.6,38.9,25.0,12.3,14.7,13.9,12.7,12.3
20260527,ラッキースウィッチ,68.3,50.5,33.6,16.7,17.8,16.9,16.9,16.7
20260527,ソナタテソーロ,53.2,38.6,25.3,12.4,14.6,13.3,12.9,12.4
20260527,キュータンチャン,65.5,48.5,32.7,15.9,17.0,15.8,16.8,15.9
20260527,ゴキゲンサン,67.7,50.1,33.5,16.6,17.6,16.6,16.9,16.6
20260527,イモータルバード,62.9,46.3,30.4,15.0,16.6,15.9,15.4,15.0
20260527,ミダース,71.4,52.2,34.3,16.9,19.2,17.9,17.4,16.9
20260527,ボナーテソーロ,67.1,49.6,33.0,16.9,17.5,16.6,16.1,16.9
20260527,セントラルヴァレー,72.2,54.0,35.9,18.1,18.2,18.1,17.8,18.1
20260527,インビンシブルパパ,68.1,50.2,32.8,16.2,17.9,17.4,16.6,16.2
20260527,ホウオウゴールド,63.7,46.8,30.8,15.5,16.9,16.0,15.3,15.5
20260527,ホウオウバトラー,68.5,51.3,34.0,16.5,17.2,17.3,17.5,16.5
20260527,パラダイスフェイス,66.9,50.0,33.2,16.6,16.9,16.8,16.6,16.6
20260527,ムーンブランシュ,68.0,50.1,33.7,16.9,17.9,16.4,16.8,16.9
20260527,フォルナカリア,71.7,53.5,35.3,17.5,18.2,18.2,17.8,17.5
20260527,ドルチェテソーロ,68.1,50.5,33.4,16.7,17.6,17.1,16.7,16.7
20260527,インペリアルライン,67.5,49.6,32.7,16.1,17.9,16.9,16.6,16.1
20260527,アッチャゴーラ,68.1,49.7,33.0,16.7,18.4,16.7,16.3,16.7
20260527,アンバーニードル,69.4,51.5,34.0,16.6,17.9,17.5,17.4,16.6
20260527,シュヴァルボヌール,70.8,52.0,34.0,17.0,18.8,18.0,17.0,17.0
20260527,グレヴィレア,72.8,52.9,34.6,17.2,19.9,18.3,17.4,17.2
20260527,フォースミラクル,69.4,51.6,34.1,16.9,17.8,17.5,17.2,16.9
20260527,ラッキーキッド,69.6,51.4,34.2,16.9,18.2,17.2,17.3,16.9
20260527,ブライトエアリー,69.4,51.8,34.2,17.5,17.6,17.6,16.7,17.5
20260527,ピースサイン,71.5,52.0,33.8,16.4,19.5,18.2,17.4,16.4
20260527,ロイヤルアデレード,70.5,52.1,33.9,16.9,18.4,18.2,17.0,16.9
20260527,マイネルヴェーゼン,70.2,51.8,34.3,16.9,18.4,17.5,17.4,16.9
20260527,アイムイン,71.2,52.7,35.0,17.5,18.5,17.7,17.5,17.5
20260527,ロジヴィジョン,70.8,52.6,35.0,17.6,18.2,17.6,17.4,17.6
20260527,ジップスパーク,67.4,49.6,32.7,16.2,17.8,16.9,16.5,16.2
20260527,イチゴワタアメ,67.7,49.9,32.7,16.7,17.8,17.2,16.0,16.7
20260527,トライデント,58.1,43.0,28.6,14.3,15.1,14.4,14.3,14.3
20260527,アクアマリーナ,53.1,38.8,25.2,12.5,14.3,13.6,12.7,12.5
20260527,パーティーガール,71.5,53.3,35.6,17.9,18.2,17.7,17.7,17.9
20260527,アルマフレイヤ,71.5,53.3,36.0,18.0,18.2,17.3,18.0,18.0
20260527,アルバニクス,64.5,47.5,31.7,15.8,17.0,15.8,15.9,15.8
20260527,コックピットサイト,52.5,37.9,24.6,12.0,14.6,13.3,12.6,12.0
20260527,エルファリス,53.9,39.7,25.2,12.3,14.2,14.5,12.9,12.3
20260527,ナイスプレーアスク,69.8,51.1,33.5,16.5,18.7,17.6,17.0,16.5
20260527,フレンドモナコ,55.5,40.5,26.3,12.8,15.0,14.2,13.5,12.8
20260527,ジーティージェミル,70.6,51.8,34.5,17.7,18.8,17.3,16.8,17.7
20260527,ノーブルブロウ,64.3,48.3,31.7,15.3,16.0,16.6,16.4,15.3
20260527,ヴァルボナ,64.7,48.0,32.3,15.8,16.7,15.7,16.5,15.8
20260527,エッチェレンテ,52.9,38.2,24.9,12.1,14.7,13.3,12.8,12.1
20260527,ﾒｶﾞﾐﾁｬﾝの24,71.2,52.0,34.5,16.7,19.2,17.5,17.8,16.7
20260527,エコロガレル,70.0,51.4,33.5,16.4,18.6,17.9,17.1,16.4
20260527,サクラトップラック,70.1,51.5,33.6,16.5,18.6,17.9,17.1,16.5
20260527,ヌーンベルク,65.2,49.2,32.9,16.5,16.0,16.3,16.4,16.5
20260527,ゴートゥービッツン,62.3,46.0,30.1,15.4,16.3,15.9,14.7,15.4
20260527,ハイネスプラウド,65.6,49.3,32.9,16.4,16.3,16.4,16.5,16.4
20260527,オーバーゼア,62.2,46.0,30.1,15.3,16.2,15.9,14.8,15.3
20260527,サイモンルモンド,71.6,52.2,34.4,17.4,19.4,17.8,17.0,17.4
20260527,バンフィエルド,55.7,40.6,26.5,13.2,15.1,14.1,13.3,13.2
20260527,ディマイザキッド,70.3,52.0,34.4,17.1,18.3,17.6,17.3,17.1
20260527,ゴガツノアマノガワ,71.2,53.9,36.6,18.4,17.3,17.3,18.2,18.4
20260527,ガールネクストドア,53.5,39.3,25.6,12.7,14.2,13.7,12.9,12.7
20260527,ミツカネメルクリオ,70.5,53.6,36.4,18.3,16.9,17.2,18.1,18.3
20260527,グローリアスダンス,55.7,40.7,26.4,13.2,15.0,14.3,13.2,13.2
20260527,ミラビリオン,53.5,39.3,24.7,12.2,14.2,14.6,12.5,12.2
20260527,ウインルナロッサ,74.5,55.1,36.6,18.4,19.4,18.5,18.2,18.4
20260527,エレクトロン,53.8,39.4,25.8,12.7,14.4,13.6,13.1,12.7
20260527,スードランダム,65.9,48.5,31.9,15.6,17.4,16.6,16.3,15.6
20260527,ヒログリーン,71.0,51.6,33.8,16.9,19.4,17.8,16.9,16.9
20260527,ﾒﾗﾝｺﾘｱの24,68.1,50.3,33.6,16.8,17.8,16.7,16.8,16.8
20260527,モミスケ,68.4,51.0,33.6,16.8,17.4,17.4,16.8,16.8
20260527,フームスムート,65.6,48.2,31.5,16.2,17.4,16.7,15.3,16.2
20260527,タイセイデクスター,54.1,39.4,25.8,12.5,14.7,13.6,13.3,12.5
20260527,カンフーヒーロー,71.9,52.4,33.7,16.6,19.5,18.7,17.1,16.6
20260527,マインセーラ,72.5,54.1,35.3,17.3,18.4,18.8,18.0,17.3
20260527,ロジシーザ,55.2,39.8,25.5,12.5,15.4,14.3,13.0,12.5
20260527,スーパーガール,53.9,39.6,25.0,12.0,14.3,14.6,13.0,12.0
20260527,グラデュエール,58.2,43.0,28.1,13.6,15.2,14.9,14.5,13.6
20260527,ヴェネチアンキング,53.9,39.5,25.0,12.1,14.4,14.5,12.9,12.1
20260527,ラヴァブルロマン,57.0,41.4,26.6,13.3,15.6,14.8,13.3,13.3
20260527,サンクレセント,57.1,41.5,26.6,13.2,15.6,14.9,13.4,13.2
20260527,ブラックナザレ,57.5,42.2,28.0,13.7,15.3,14.2,14.3,13.7
20260527,ウカテンセイ,60.0,44.7,30.3,15.6,15.3,14.4,14.7,15.6
20260527,クラウンフラッグ,57.6,41.7,27.2,13.1,15.9,14.5,14.1,13.1
20260527,ディアファザー,57.3,41.6,27.1,13.1,15.7,14.5,14.0,13.1
20260527,マルガリート,56.9,41.8,27.2,13.3,15.1,14.6,13.9,13.3
20260527,モーリッシュ,56.7,41.0,26.8,12.9,15.7,14.2,13.9,12.9
20260527,キセキノエンジェル,53.9,39.6,25.8,12.6,14.3,13.8,13.2,12.6
20260527,アルプスオジョー,54.2,39.1,25.2,12.1,15.1,13.9,13.1,12.1
20260527,キョウエイカンセ,65.7,48.4,31.6,15.8,17.3,16.8,15.8,15.8
20260527,ニシノギャルズ,67.5,50.2,33.5,16.6,17.3,16.7,16.9,16.6
20260527,ヴァルク,55.6,40.9,26.8,13.3,14.7,14.1,13.5,13.3
20260527,カセノソレイユ,62.1,45.4,30.1,15.3,16.7,15.3,14.8,15.3
20260527,チルチャンプ,54.5,39.4,25.4,12.2,15.1,14.0,13.2,12.2
20260527,コッシーブリリアン,56.3,41.2,27.2,13.4,15.1,14.0,13.8,13.4
20260527,ジーティーフクフク,55.0,40.5,26.2,12.6,14.5,14.3,13.6,12.6
20260527,デアプリームス,53.4,38.9,24.9,12.2,14.5,14.0,12.7,12.2
20260527,メイヨシュア,67.3,49.5,32.8,15.8,17.8,16.7,17.0,15.8
20260527,ニシノツムジカゼ,55.4,40.8,26.4,12.7,14.6,14.4,13.7,12.7
20260527,クールストラッチン,53.5,39.0,25.0,12.2,14.5,14.0,12.8,12.2
20260527,ジーティーフクジ,54.1,39.6,25.8,12.7,14.5,13.8,13.1,12.7
20260527,スナッチアップ,55.7,41.0,26.9,13.3,14.7,14.1,13.6,13.3
20260527,セフィロ,66.9,49.9,32.6,16.2,17.0,17.3,16.4,16.2
20260527,サウザンサニー,65.0,48.3,31.9,16.3,16.7,16.4,15.6,16.3
20260527,ベルイストワール,53.1,38.5,25.2,12.5,14.6,13.3,12.7,12.5
20260527,ビップチェイス,56.0,41.1,26.3,12.7,14.9,14.8,13.6,12.7
20260527,ミッキーソルジャー,52.8,38.4,25.1,12.4,14.4,13.3,12.7,12.4
20260527,バトルモクオ,69.7,50.9,32.9,16.6,18.8,18.0,16.3,16.6
20260527,ペプチドドリーム,52.5,38.1,24.9,12.4,14.4,13.2,12.5,12.4
20260527,ベアダイヤモンド,52.5,38.7,25.9,13.5,13.8,12.8,12.4,13.5
20260527,トップオブザキング,55.5,40.9,26.7,13.0,14.6,14.2,13.7,13.0
20260527,フォンドルレール,71.3,52.2,34.1,17.6,19.1,18.1,16.5,17.6
20260527,ミツカネルナ,66.3,48.2,31.5,15.3,18.1,16.7,16.2,15.3
20260527,エコロバロン,52.7,38.5,25.1,12.5,14.2,13.4,12.6,12.5
20260527,ジェイエルモーダル,52.1,38.3,25.4,13.0,13.8,12.9,12.4,13.0
20260527,モウレツ,55.6,41.1,26.8,13.0,14.5,14.3,13.8,13.0
20260527,ダイチマイスター,59.3,43.0,28.2,13.6,16.3,14.8,14.6,13.6
20260527,クロシェットノエル,69.8,50.8,33.1,16.7,19.0,17.7,16.4,16.7
20260527,プチブール,53.1,38.5,24.9,12.4,14.6,13.6,12.5,12.4
20260527,ベルブリエ,53.4,38.7,25.5,12.8,14.7,13.2,12.7,12.8
20260527,アラスカフレイバー,69.3,51.7,34.4,17.5,17.6,17.3,16.9,17.5
20260527,セイラダンサー,52.0,38.0,25.2,12.7,14.0,12.8,12.5,12.7
20260527,テリオスルミ,71.2,52.8,34.7,17.7,18.4,18.1,17.0,17.7
20260527,タイセイジェンマ,58.8,43.8,28.9,13.9,15.0,14.9,15.0,13.9
20260527,ルージュボニート,52.8,38.0,25.1,12.7,14.8,12.9,12.4,12.7
20260527,ルシアージュ,53.9,38.9,25.6,12.7,15.0,13.3,12.9,12.7
20260527,アサカラキング,64.5,47.7,31.3,15.5,16.8,16.4,15.8,15.5
20260527,ダノンホイットニー,66.2,47.5,30.7,14.5,18.7,16.8,16.2,14.5
20260527,バスターコール,54.2,38.3,25.2,12.7,15.9,13.1,12.5,12.7
20260527,ザローズハーツ,65.2,46.6,30.1,14.4,18.6,16.5,15.7,14.4
20260527,アグネスブリッツ,55.5,40.3,26.1,13.1,15.2,14.2,13.0,13.1
20260527,イデアジュアンイハ,58.2,41.7,26.3,12.5,16.5,15.4,13.8,12.5
20260527,ベネファクター,64.3,47.6,31.2,15.7,16.7,16.4,15.5,15.7
20260527,ショウナンマルチ,65.9,47.7,30.9,15.1,18.2,16.8,15.8,15.1
20260527,ウィナーズチェック,55.3,40.2,26.1,13.1,15.1,14.1,13.0,13.1
20260527,ツルマウカタチ,54.7,39.5,25.0,12.3,15.2,14.5,12.7,12.3
20260527,デスサイズ,66.5,48.5,31.8,16.1,18.0,16.7,15.7,16.1
20260527,ライトハウス,53.0,39.6,25.9,12.5,13.4,13.7,13.4,12.5
20260527,アイムスティルミー,55.4,40.1,25.6,12.7,15.3,14.5,12.9,12.7
20260527,エバーシャンティ,52.8,39.3,25.9,12.6,13.5,13.4,13.3,12.6
20260527,カレリアフレイバー,52.3,39.1,26.0,12.7,13.2,13.1,13.3,12.7
20260527,ガーディアンテイル,65.8,47.8,31.4,16.2,18.0,16.4,15.2,16.2
20260527,アクアマーズ,59.6,44.2,29.2,14.2,15.4,15.0,15.0,14.2
20260527,ランドジャイアンツ,55.6,41.0,27.4,13.9,14.6,13.6,13.5,13.9
20260527,ニシノアナベル,55.3,40.8,27.3,13.9,14.5,13.5,13.4,13.9
20260527,ノヴァフォルス,57.3,42.7,29.1,15.5,14.6,13.6,13.6,15.5
20260527,インサイドエッジ,64.2,47.0,31.4,15.8,17.2,15.6,15.6,15.8
20260527,レイユール,54.9,40.2,26.3,12.6,14.7,13.9,13.7,12.6
20260527,ロジキセキ,67.4,49.6,32.6,16.5,17.8,17.0,16.1,16.5
20260527,エアトベーレ,54.6,39.9,26.2,12.5,14.7,13.7,13.7,12.5
20260527,ゴールドブレイズ,70.0,52.2,33.7,17.1,17.8,18.5,16.6,17.1
20260527,ピクシーゲイル,55.8,40.3,26.0,12.9,15.5,14.3,13.1,12.9
20260527,ジーティーヒラリ,56.0,39.6,25.7,12.7,16.4,13.9,13.0,12.7
20260527,ミセスジョーンズ,58.9,41.8,26.4,13.0,17.1,15.4,13.4,13.0
20260527,クラウンロムパイア,58.8,41.6,26.3,12.9,17.2,15.3,13.4,12.9
20260527,キチロクタワー,55.8,40.2,25.6,12.4,15.6,14.6,13.2,12.4
20260527,キングズパレス,72.8,54.0,35.1,17.4,18.8,18.9,17.7,17.4
20260527,エンファサイズ,53.6,39.2,25.8,13.0,14.4,13.4,12.8,13.0
20260527,オールマイデイズ,53.4,39.0,25.0,12.4,14.4,14.0,12.6,12.4
20260527,サンダーユニバンス,74.0,53.4,34.1,16.7,20.6,19.3,17.4,16.7
20260527,フェリスチカ,68.6,49.0,31.3,15.4,19.6,17.7,15.9,15.4
20260527,ベルチュガダン,53.5,39.0,25.0,12.4,14.5,14.0,12.6,12.4
20260527,メリーサウンド,53.6,39.3,25.7,12.9,14.3,13.6,12.8,12.9
20260527,メビウスロマンス,69.2,49.9,32.7,16.2,19.3,17.2,16.5,16.2
20260527,ミクニフラッシュ,56.5,41.4,26.9,13.0,15.1,14.5,13.9,13.0
20260527,レディソフィア,51.9,37.9,25.3,12.9,14.0,12.6,12.4,12.9
20260527,ダイシンレスター,72.5,52.7,34.0,16.9,19.8,18.7,17.1,16.9
20260527,ドゥーニ,67.4,48.8,31.8,15.8,18.6,17.0,16.0,15.8
20260527,ボーントゥラブユー,51.9,38.0,25.3,12.9,13.9,12.7,12.4,12.9
20260527,ウィルソンテソーロ,71.4,53.1,34.8,18.1,18.3,18.3,16.7,18.1
20260527,アイウィル,71.1,52.7,34.7,17.6,18.4,18.0,17.1,17.6
20260527,アデランテ,54.5,40.6,27.1,13.3,13.9,13.5,13.8,13.3
20260527,ヘインズポイント,52.7,38.5,25.4,12.7,14.2,13.1,12.7,12.7
20260527,トラストボス,67.5,49.6,32.4,16.2,17.9,17.2,16.2,16.2
20260527,ショービット,64.7,47.8,32.1,16.1,16.9,15.7,16.0,16.1
20260527,テンレディーゴー,64.8,48.1,31.7,15.9,16.7,16.4,15.8,15.9
20260527,ブレイブシュガー,63.4,46.7,30.8,15.7,16.7,15.9,15.1,15.7
20260527,クルビデンス,65.0,48.2,31.8,16.1,16.8,16.4,15.7,16.1
20260527,ベルウッドバイオ,66.9,48.2,30.9,15.0,18.7,17.3,15.9,15.0
20260527,ニットウライズ,67.3,49.4,32.5,15.9,17.9,16.9,16.6,15.9
20260527,パンパネイラ,67.0,49.6,32.2,15.3,17.4,17.4,16.9,15.3
20260527,モンスターラッシュ,53.6,39.1,25.7,12.8,14.5,13.4,12.9,12.8
20260527,ラヴァレード,56.2,40.7,26.2,12.8,15.5,14.5,13.4,12.8
20260527,アオイレイラ,68.2,49.6,33.3,17.0,18.6,16.3,16.3,17.0
20260527,ディルイーヤ,69.6,51.2,33.3,16.6,18.4,17.9,16.7,16.6
20260527,シャンドゥレール,55.4,39.7,25.5,12.4,15.7,14.2,13.1,12.4
20260527,サトノアルペジオ,54.9,39.5,25.1,12.1,15.4,14.4,13.0,12.1
20260527,スムースベルベット,69.2,51.1,33.4,16.5,18.1,17.7,16.9,16.5
20260527,レッドレナート,54.6,39.1,25.2,12.3,15.5,13.9,12.9,12.3
20260527,ベイビーベリッシモ,54.4,39.8,26.1,13.0,14.6,13.7,13.1,13.0
20260527,ブリリアンス,53.7,39.1,25.5,12.6,14.6,13.6,12.9,12.6
20260527,ハイバーニアン,68.2,50.2,32.8,15.9,18.0,17.4,16.9,15.9
20260527,ホウオウバトラー,55.0,40.1,26.3,12.8,14.9,13.8,13.5,12.8
20260527,エヴァンスベイ,64.6,47.7,31.2,15.3,16.9,16.5,15.9,15.3
20260527,セルリア,53.8,39.3,25.3,12.4,14.5,14.0,12.9,12.4
20260527,キセログラフィカ,55.4,39.8,25.5,12.4,15.6,14.3,13.1,12.4
20260527,ジェッディンデデン,54.7,40.0,25.9,12.6,14.7,14.1,13.3,12.6
20260527,ブルーグラビティ,55.0,40.2,26.2,13.1,14.8,14.0,13.1,13.1
20260527,キュータンチャン,54.4,39.8,25.7,12.6,14.6,14.1,13.1,12.6
20260527,パウンドザロック,64.4,46.7,29.3,13.8,17.7,17.4,15.5,13.8
20260527,シュヴァルボヌール,53.3,38.9,25.4,12.6,14.4,13.5,12.8,12.6
20260527,フォースミラクル,52.6,37.8,24.8,12.3,14.8,13.0,12.5,12.3
20260527,ラッキーキッド,52.8,38.6,25.0,12.3,14.2,13.6,12.7,12.3
20260527,ギンケイ,70.6,52.0,34.7,17.8,18.6,17.3,16.9,17.8
20260527,パラダイスフェイス,54.7,39.4,25.0,12.4,15.3,14.4,12.6,12.4
20260527,ムーンブランシュ,55.0,39.6,25.1,12.5,15.4,14.5,12.6,12.5
20260527,アイムイン,53.2,38.3,25.3,12.7,14.9,13.0,12.6,12.7
20260527,アンバーニードル,53.3,38.4,25.2,12.5,14.9,13.2,12.7,12.5
20260527,グレヴィレア,55.0,39.7,26.2,13.4,15.3,13.5,12.8,13.4
20260527,ウェスケンジントン,66.9,49.1,32.0,15.5,17.8,17.1,16.5,15.5
20260527,アルバニクス,53.1,39.4,26.4,13.5,13.7,13.0,12.9,13.5
20260527,コーリンクレア,67.1,49.4,32.4,15.9,17.7,17.0,16.5,15.9
20260527,ロイヤルアデレード,53.8,38.7,25.4,12.6,15.1,13.3,12.8,12.6
20260527,レッドリファインド,63.7,46.9,30.4,14.9,16.8,16.5,15.5,14.9
20260527,マイネルヴェーゼン,64.5,47.7,31.5,15.6,16.8,16.2,15.9,15.6
20260527,ヴァルボナ,52.8,39.1,26.1,13.3,13.7,13.0,12.8,13.3
20260527,ロジヴィジョン,57.1,42.1,27.7,13.9,15.0,14.4,13.8,13.9
20260527,ヴィクトリーロード,69.0,49.6,30.9,15.3,19.4,18.7,15.6,15.3
20260527,ブライトエアリー,65.4,48.6,32.5,16.2,16.8,16.1,16.3,16.2
20260527,タートルインメイ,60.9,45.1,29.6,15.0,15.8,15.5,14.6,15.0
20260527,ナイスプレーアスク,69.8,51.3,33.2,15.7,18.5,18.1,17.5,15.7
20260527,エコロガレル,70.5,51.8,33.7,16.7,18.7,18.1,17.0,16.7
20260527,サクラトップラック,70.5,51.8,33.8,16.7,18.7,18.0,17.1,16.7
20260527,キボウノホシ,86.8,62.6,40.8,20.2,24.2,21.8,20.6,20.2
20260527,シャンパンカラー,67.7,49.9,32.3,15.5,17.8,17.6,16.8,15.5
20260527,アイアムアヒーロー,79.7,58.1,38.0,18.4,21.6,20.1,19.6,18.4
20260527,テンオンスゴールド,68.1,50.1,32.8,15.9,18.0,17.3,16.9,15.9
20260527,エリステソーロ,72.6,53.9,35.8,18.1,18.7,18.1,17.7,18.1
20260527,コントラポスト,65.7,47.2,30.8,15.3,18.5,16.4,15.5,15.3
20260527,リスペクトライト,56.0,40.6,26.4,12.9,15.4,14.2,13.5,12.9
20260527,ペリバジャ,56.1,41.0,26.6,12.9,15.1,14.4,13.7,12.9
20260527,ウインアベリア,57.6,41.6,27.0,12.8,16.0,14.6,14.2,12.8
20260527,トーセンマスラオ,66.3,48.0,30.8,15.1,18.3,17.2,15.7,15.1
20260527,マイバラード,55.8,39.7,25.8,12.6,16.1,13.9,13.2,12.6
20260527,アラスカフレイバー,54.0,39.2,24.8,11.7,14.8,14.4,13.1,11.7
20260527,クインズサクラ,66.2,48.2,31.3,15.4,18.0,16.9,15.9,15.4
20260527,ニシノティアモ,64.8,47.7,30.5,15.0,17.1,17.2,15.5,15.0
20260527,ゴーイントゥスカイ,64.2,47.6,31.7,16.1,16.6,15.9,15.6,16.1
20260527,グリーンエナジー,64.3,47.9,31.7,16.0,16.4,16.2,15.7,16.0
20260527,フォルテアンジェロ,63.4,46.4,30.3,14.9,17.0,16.1,15.4,14.9
20260527,アサカラキング,53.4,39.2,25.7,12.6,14.2,13.5,13.1,12.6
20260527,エスシーレイジュ,65.8,48.8,32.3,16.2,17.0,16.5,16.1,16.2
20260527,ヴァールザーゲン,66.8,49.8,33.1,16.5,17.0,16.7,16.6,16.5
20260527,ラヴレイン,70.9,51.7,33.8,16.6,19.2,17.9,17.2,16.6
20260527,タケルゴールド,58.3,43.6,28.7,13.8,14.7,14.9,14.9,13.8
20260527,マクミランテソーロ,52.9,38.8,25.2,12.7,14.1,13.6,12.5,12.7
20260527,ディアスポラ,53.7,39.0,25.2,12.6,14.7,13.8,12.6,12.6
20260527,サトノワーグナー,63.9,47.2,31.4,15.7,16.7,15.8,15.7,15.7
20260527,アゲンストオッズ,53.6,39.3,25.4,12.6,14.3,13.9,12.8,12.6
20260527,ベネファクター,53.3,39.1,25.2,12.5,14.2,13.9,12.7,12.5
20260527,イッテラッシャイ,53.2,38.4,24.9,12.1,14.8,13.5,12.8,12.1
20260527,エイシンジザイテン,58.3,43.0,28.5,14.0,15.3,14.5,14.5,14.0
20260527,ポタリング,70.2,50.6,32.6,16.1,19.6,18.0,16.5,16.1
20260527,ユキノエミリオ,51.5,38.1,25.6,13.2,13.4,12.5,12.4,13.2
20260527,カミカクシ,52.3,38.8,26.0,13.2,13.5,12.8,12.8,13.2
20260527,カンレイスキー,71.8,53.1,35.3,17.6,18.7,17.8,17.7,17.6
20260527,ウインターブレス,69.8,50.1,32.2,15.8,19.7,17.9,16.4,15.8
20260527,ルージュカエラ,58.7,42.5,27.4,13.4,16.2,15.1,14.0,13.4
20260527,スマートブル,67.7,49.6,32.9,16.4,18.1,16.7,16.5,16.4
20260527,ミリオンクラウン,69.5,51.1,33.8,16.9,18.4,17.3,16.9,16.9
20260527,グランフルス,65.4,48.3,32.3,16.6,17.1,16.0,15.7,16.6
20260527,ハウディープ,67.1,48.7,31.5,15.9,18.4,17.2,15.6,15.9
20260527,ダンシングアワー,68.7,50.2,32.5,15.9,18.5,17.7,16.6,15.9
20260527,トリプティーク,71.3,51.8,33.7,16.6,19.5,18.1,17.1,16.6
20260527,ラプユフラット,67.2,48.8,31.6,15.9,18.4,17.2,15.7,15.9
20260527,プルメリアビーチ,69.0,50.4,32.5,16.0,18.6,17.9,16.5,16.0
20260527,カシノヴィタ,71.5,51.9,33.8,16.7,19.6,18.1,17.1,16.7
20260527,サトノヴィレ,55.7,39.4,25.0,12.2,16.3,14.4,12.8,12.2
20260527,フォルテフィオーレ,54.4,39.6,26.3,12.7,14.8,13.3,13.6,12.7
20260527,ロジリオン,66.8,48.8,31.7,16.1,18.0,17.1,15.6,16.1
20260527,レッドテリオス,62.3,45.1,29.6,14.7,17.2,15.5,14.9,14.7
20260527,トラストボス,54.6,39.1,25.6,12.9,15.5,13.5,12.7,12.9
20260527,スタンピー,55.2,40.0,26.5,12.9,15.2,13.5,13.6,12.9
20260527,ソクヅモドラドラ,54.6,39.8,26.4,12.8,14.8,13.4,13.6,12.8
20260527,ニシノイストワール,56.0,39.7,25.3,12.2,16.3,14.4,13.1,12.2
20260527,ハイバーニアン,54.5,38.9,25.6,12.9,15.6,13.3,12.7,12.9
20260527,スチールギターラグ,56.0,40.7,26.6,12.9,15.3,14.1,13.7,12.9
20260527,フォーチュンローズ,54.9,40.2,26.6,12.9,14.7,13.6,13.7,12.9
20260527,タイセイネクサス,63.0,45.2,28.9,14.3,17.8,16.3,14.6,14.3
20260527,カンレイスター,66.2,48.1,31.0,14.7,18.1,17.1,16.3,14.7
20260527,コールドスリープ,55.4,40.3,26.9,13.2,15.1,13.4,13.7,13.2
20260527,ユイノキャッツアイ,54.0,39.1,25.9,12.7,14.9,13.2,13.2,12.7
20260527,モーニングマジック,65.1,47.9,31.2,15.7,17.2,16.7,15.5,15.7
20260527,ジャストキュート,71.4,51.8,33.9,16.7,19.6,17.9,17.2,16.7
20260527,クインズスズラン,55.2,39.8,26.2,12.8,15.4,13.6,13.4,12.8
20260527,ディーズメンフィス,54.6,39.6,25.5,12.7,15.0,14.1,12.8,12.7
20260527,ロングミックス,54.0,39.4,25.8,12.5,14.6,13.6,13.3,12.5
20260527,シルバーアックス,57.4,42.8,27.6,13.3,14.6,15.2,14.3,13.3
20260527,オオゾラヒバリ,67.1,48.6,31.7,15.8,18.5,16.9,15.9,15.8
20260527,フェスタリア,66.9,50.4,33.8,16.9,16.5,16.6,16.9,16.9
20260527,スピニンググローブ,54.2,39.5,25.4,12.4,14.7,14.1,13.0,12.4
20260527,スタートレイン,53.9,39.3,25.2,12.3,14.6,14.1,12.9,12.3
20260527,リーデレクオーレ,67.4,48.6,31.8,15.5,18.8,16.8,16.3,15.5
20260527,イブキ,66.0,49.1,32.2,16.3,16.9,16.9,15.9,16.3
20260527,セランディア,54.8,40.0,25.7,12.5,14.8,14.3,13.2,12.5
20260527,ダイアモンドダネ,72.3,52.8,35.3,17.4,19.5,17.5,17.9,17.4
20260527,ニシノヴィヴィ,67.2,50.0,33.5,16.6,17.2,16.5,16.9,16.6
20260527,レーウィン,72.7,52.8,34.4,16.9,19.9,18.4,17.5,16.9
20260527,ワールドブレイヴ,71.1,51.4,32.8,16.2,19.7,18.6,16.6,16.2
20260527,キョウエイシュバル,67.4,50.1,32.7,16.5,17.3,17.4,16.2,16.5
20260527,カガラプンツェル,67.4,50.0,33.3,16.6,17.4,16.7,16.7,16.6
20260527,クラウンフリード,68.0,49.5,32.7,16.3,18.5,16.8,16.4,16.3
20260527,デルマハルナ,57.5,43.2,29.0,14.5,14.3,14.2,14.5,14.5
20260527,ホウオウライセンス,53.9,39.0,25.2,12.2,14.9,13.8,13.0,12.2
20260527,ミサトレジーナ,68.5,49.2,33.0,16.7,19.3,16.2,16.3,16.7
20260527,パッサージュワイズ,68.4,49.5,32.8,16.4,18.9,16.7,16.4,16.4
20260527,キミハスコール,70.6,52.0,34.2,16.6,18.6,17.8,17.6,16.6
20260527,フクチャントウメイ,70.9,52.3,34.5,17.0,18.6,17.8,17.5,17.0
20260527,エコロブルーム,70.4,51.9,34.2,16.7,18.5,17.7,17.5,16.7
20260527,バンオンタイム,62.9,46.9,30.7,15.2,16.0,16.2,15.5,15.2
20260527,ダノンファンスター,62.1,45.9,29.7,14.8,16.2,16.2,14.9,14.8
20260527,レッジェランツァ,62.3,46.1,29.8,14.7,16.2,16.3,15.1,14.7
20260527,スミレノハナ,58.2,43.6,29.2,14.7,14.6,14.4,14.5,14.7
20260527,ブラックゲイル,57.9,43.3,29.8,15.1,14.6,13.5,14.7,15.1
20260527,ダノンマスタング,65.6,48.3,31.6,15.6,17.3,16.7,16.0,15.6
20260527,アストリル,55.0,40.0,26.3,13.0,15.0,13.7,13.3,13.0
20260527,ミスチヴマリアンヌ,69.9,51.4,33.7,17.0,18.5,17.7,16.7,17.0
20260527,ライーリーアース,55.9,41.9,27.1,13.4,14.0,14.8,13.7,13.4
20260527,チャームジュネーヴ,56.2,42.0,27.3,13.4,14.2,14.7,13.9,13.4
20260527,ジェイエルライナー,65.5,48.3,31.8,15.9,17.2,16.5,15.9,15.9
20260527,ミルトメロディー,65.8,48.5,31.8,16.3,17.3,16.7,15.5,16.3
20260527,ジューングレイス,64.6,47.6,31.6,16.0,17.0,16.0,15.6,16.0
20260527,レヴェランジェ,65.7,48.5,31.6,16.3,17.2,16.9,15.3,16.3
20260527,エクスプレスナイト,66.2,50.3,33.5,16.8,15.9,16.8,16.7,16.8
20260527,ソウカイファミリア,68.5,51.2,33.6,16.5,17.3,17.6,17.1,16.5
20260527,ルナロマンティカ,65.7,47.7,31.5,15.8,18.0,16.2,15.7,15.8
20260527,ペルラビアンカ,66.5,49.3,32.9,16.7,17.2,16.4,16.2,16.7
20260527,ロジリオン,55.8,41.4,27.1,13.0,14.4,14.3,14.1,13.0
20260527,アルタティール,68.8,51.0,33.1,16.5,17.8,17.9,16.6,16.5
20260527,ラガリーガ,70.1,52.2,33.6,16.8,17.9,18.6,16.8,16.8
20260527,サイモンカーチス,71.4,51.6,34.1,17.2,19.8,17.5,16.9,17.2
20260527,デルマテイネ,72.8,54.2,36.3,18.2,18.6,17.9,18.1,18.2
20260527,レイナデルアイレ,68.4,50.0,32.7,16.3,18.4,17.3,16.4,16.3
20260527,エンジェルサン,67.9,49.8,32.4,15.7,18.1,17.4,16.7,15.7
20260527,ﾌﾟﾘﾓｽﾍﾟｰﾄﾞの24,74.2,54.3,36.0,18.2,19.9,18.3,17.8,18.2
20260527,ジャクソン,70.7,51.3,33.6,16.2,19.4,17.7,17.4,16.2
20260527,ショウナンタヅナ,68.0,50.5,33.4,16.3,17.5,17.1,17.1,16.3
20260527,ニャンタロウ,65.3,47.2,31.1,15.3,18.1,16.1,15.8,15.3
20260527,マルチャン,66.4,50.4,33.6,16.7,16.0,16.8,16.9,16.7
20260527,ナムラジミー,66.7,50.1,34.7,17.7,16.6,15.4,17.0,17.7
20260527,アマイクチヅケ,55.7,40.1,26.1,12.8,15.6,14.0,13.3,12.8
20260527,ウインドワンピース,69.0,50.6,32.9,16.4,18.4,17.7,16.5,16.4
20260527,スタンダールロマン,54.4,40.0,26.7,13.3,14.4,13.3,13.4,13.3
20260527,ナムラコハル,54.8,40.3,26.9,13.4,14.5,13.4,13.5,13.4
20260527,ニチヤヲツイデ,72.0,53.2,34.7,17.1,18.8,18.5,17.6,17.1
20260527,トラストレガート,74.1,53.8,35.4,17.8,20.3,18.4,17.6,17.8
20260527,クリエープキー,66.4,50.2,33.0,16.5,16.2,17.2,16.5,16.5
20260527,ガミーヌ,69.9,51.5,33.4,16.6,18.4,18.1,16.8,16.6
20260527,ポセイドンテソーロ,66.3,48.9,31.7,15.8,17.4,17.2,15.9,15.8
20260527,クリスタルドレス,70.9,52.1,33.8,17.3,18.8,18.3,16.5,17.3
20260527,レオリアライズ,68.0,50.9,33.7,16.7,17.1,17.2,17.0,16.7
20260527,テムファイア,69.7,50.5,32.6,15.6,19.2,17.9,17.0,15.6
20260527,ポッドエステラ,69.8,50.8,32.6,15.7,19.0,18.2,16.9,15.7
20260527,タイセイアドーレ,70.2,50.9,32.9,15.8,19.3,18.0,17.1,15.8
20260527,プリンセスロッティ,66.3,48.1,31.2,15.1,18.2,16.9,16.1,15.1
20260527,クインズシフォン,55.6,41.0,26.4,12.4,14.6,14.6,14.0,12.4
20260527,マーゴットゲイン,56.3,41.0,26.7,13.3,15.3,14.3,13.4,13.3
20260527,フィーチャリング,66.7,47.4,30.3,14.9,19.3,17.1,15.4,14.9
20260527,クインズヒマワリ,57.6,42.4,27.1,12.7,15.2,15.3,14.4,12.7
20260527,カフェラバー,55.6,40.9,26.5,12.8,14.7,14.4,13.7,12.8
20260527,テイクケア,57.1,42.2,27.4,13.6,14.9,14.8,13.8,13.6
20260527,レザンノワール,72.1,52.7,34.2,16.6,19.4,18.5,17.6,16.6
20260527,ジュピターテソーロ,72.2,52.7,34.6,17.5,19.5,18.1,17.1,17.5
20260527,マイネルスラーヴァ,71.4,52.8,34.7,17.1,18.6,18.1,17.6,17.1
20260527,ホウオウプレミア,69.3,51.5,34.7,17.7,17.8,16.8,17.0,17.7
20260527,サイモンカーチス,54.5,39.7,25.9,12.6,14.8,13.8,13.3,12.6
20260527,ドントゥザムーン,54.5,39.7,25.6,12.4,14.8,14.1,13.2,12.4
20260527,デルマテイネ,56.9,41.8,27.5,13.4,15.1,14.3,14.1,13.4
20260527,ベセル,68.4,50.3,32.7,16.0,18.1,17.6,16.7,16.0
20260527,ﾌﾟﾘﾓｽﾍﾟｰﾄﾞの24,67.4,50.2,33.0,16.8,17.2,17.2,16.2,16.8
20260527,ウイニングレイ,70.5,52.3,34.5,17.3,18.2,17.8,17.2,17.3
20260527,サードアイ,67.1,50.5,32.7,16.1,16.6,17.8,16.6,16.1
20260527,エクストラノート,58.2,43.7,29.1,14.5,14.5,14.6,14.6,14.5
20260527,トワニ,66.5,49.1,32.1,15.9,17.4,17.0,16.2,15.9
20260527,ブレイズランナー,69.5,51.5,33.9,16.9,18.0,17.6,17.0,16.9
20260527,リラ,67.2,49.0,32.3,16.0,18.2,16.7,16.3,16.0
20260527,ネイティヴプライド,71.9,53.6,35.4,17.3,18.3,18.2,18.1,17.3
20260527,エコロストーム,71.0,50.4,32.7,15.5,20.6,17.7,17.2,15.5
20260527,ラブデウザ,56.6,40.6,26.7,13.1,16.0,13.9,13.6,13.1
20260527,ベイビールビオ,71.8,52.1,34.5,17.6,19.7,17.6,16.9,17.6
20260527,ヒロピアーナ,69.5,49.9,32.3,16.0,19.6,17.6,16.3,16.0
20260527,タイセイルビー,72.4,53.5,35.4,17.9,18.9,18.1,17.5,17.9
20260527,ハクシンブライアン,67.1,48.8,31.7,15.7,18.3,17.1,16.0,15.7
20260527,デルマザオウ,67.5,48.9,31.9,15.9,18.6,17.0,16.0,15.9
20260527,ハクサンミレイ,68.2,49.4,31.9,15.7,18.8,17.5,16.2,15.7
20260527,レイズレガシー,54.1,38.7,25.4,12.3,15.4,13.3,13.1,12.3
20260527,トクシーカイザー,54.4,39.9,25.8,12.4,14.5,14.1,13.4,12.4
20260527,ミルキープリンセス,54.8,39.8,25.3,12.2,15.0,14.5,13.1,12.2
20260527,レイクストライプス,54.5,39.5,25.1,12.1,15.0,14.4,13.0,12.1
20260527,タッカージーティー,53.8,38.5,24.8,11.8,15.3,13.7,13.0,11.8
20260527,ビップジョワ,57.6,42.6,27.3,13.1,15.0,15.3,14.2,13.1
20260527,ロジケープ,53.8,38.8,24.8,12.1,15.0,14.0,12.7,12.1
20260527,トゥザファイナル,54.7,40.0,25.9,12.4,14.7,14.1,13.5,12.4
20260527,ニースケンス,55.2,40.4,26.1,12.5,14.8,14.3,13.6,12.5
20260527,エストゥペンダ,66.8,48.5,31.4,15.4,18.3,17.1,16.0,15.4
20260527,アシャカロッケ,55.8,41.2,27.3,13.5,14.6,13.9,13.8,13.5
20260527,サリードゥ,55.7,41.1,26.9,13.4,14.6,14.2,13.5,13.4
20260527,プリヴィレッジ,66.7,49.4,32.3,15.7,17.3,17.1,16.6,15.7
20260527,モーモーゼロ,65.9,49.3,32.7,16.3,16.6,16.6,16.4,16.3
20260527,アニゴザントス,55.9,41.2,27.0,13.2,14.7,14.2,13.8,13.2
20260527,ワディアルリヤハ,64.7,47.5,30.6,15.1,17.2,16.9,15.5,15.1
20260527,カサビセンス,67.1,50.5,33.2,16.1,16.6,17.3,17.1,16.1
20260527,タイキバルドル,55.9,40.8,26.3,12.8,15.1,14.5,13.5,12.8
20260527,サノノワンダー,52.8,38.7,25.1,12.0,14.1,13.6,13.1,12.0
20260527,モズタンケ,53.3,38.9,24.8,12.1,14.4,14.1,12.7,12.1
20260527,シーガルワールド,53.4,39.0,25.5,12.4,14.4,13.5,13.1,12.4
20260527,ブッチギレ,53.7,39.3,25.3,12.5,14.4,14.0,12.8,12.5
20260527,サイモンナイスラン,70.0,52.2,34.7,17.5,17.8,17.5,17.2,17.5
20260527,エフォートレス,65.2,48.5,31.9,16.1,16.7,16.6,15.8,16.1
20260527,コスモキュランダ,54.8,40.3,25.8,12.6,14.5,14.5,13.2,12.6
20260527,アンチェーン,66.8,49.7,32.7,16.2,17.1,17.0,16.5,16.2
20260527,ショウナンカリス,52.3,38.5,25.4,12.6,13.8,13.1,12.8,12.6
20260527,スノーキャップ,66.5,49.1,32.2,16.0,17.4,16.9,16.2,16.0
20260527,ヴェントセラーレ,66.5,49.0,32.2,15.9,17.5,16.8,16.3,15.9
20260527,シャオママル,55.3,40.2,25.9,12.6,15.1,14.3,13.3,12.6
20260527,ショウナンバーボン,57.6,42.5,27.4,13.1,15.1,15.1,14.3,13.1
20260527,ガラベイヤ,54.1,39.0,25.2,12.1,15.1,13.8,13.1,12.1
20260527,シンギュラリティ,64.9,47.9,31.7,15.9,17.0,16.2,15.8,15.9
20260527,アジュアカレンツ,64.7,47.5,31.5,15.8,17.2,16.0,15.7,15.8
20260527,インヴェスター,54.6,39.4,25.2,12.3,15.2,14.2,12.9,12.3
20260527,トキメキジニア,55.9,41.4,27.5,13.8,14.5,13.9,13.7,13.8
20260527,ブラックトルネード,67.9,49.7,32.5,16.4,18.2,17.2,16.1,16.4
20260527,シーニックビュー,68.7,50.4,33.4,16.5,18.3,17.0,16.9,16.5
20260527,ラルフテソーロ,52.1,38.0,24.6,11.8,14.1,13.4,12.8,11.8
20260527,ポッドベイダー,63.0,46.0,29.8,14.8,17.0,16.2,15.0,14.8
20260527,アデルフィー,67.4,49.4,32.0,15.6,18.0,17.4,16.4,15.6
20260527,カシオペア,68.8,50.8,33.1,16.4,18.0,17.7,16.7,16.4
20260527,ライヒスアドラー,64.6,47.3,30.2,14.5,17.3,17.1,15.7,14.5
20260527,ピコアーガイル,56.8,41.7,27.1,13.3,15.1,14.6,13.8,13.3
20260527,エナノムスメ,53.8,40.4,26.7,13.4,13.4,13.7,13.3,13.4
20260527,ミッドナイトドア,55.5,41.2,27.2,13.3,14.3,14.0,13.9,13.3
20260527,メジャーシンガー,55.4,41.2,27.1,13.4,14.2,14.1,13.7,13.4
20260527,トナリティ,70.8,51.3,32.4,15.3,19.5,18.9,17.1,15.3
20260527,ベラジオワールド,62.6,45.9,30.5,15.5,16.7,15.4,15.0,15.5
20260527,ホワイトドラゴン,62.8,45.9,30.4,15.4,16.9,15.5,15.0,15.4
20260527,ミライヘノティアラ,63.4,47.1,30.8,15.7,16.3,16.3,15.1,15.7
20260527,ワディアルリヤハ,53.1,38.6,25.2,12.3,14.5,13.4,12.9,12.3
20260527,ドナカルナバル,54.4,39.8,25.6,12.6,14.6,14.2,13.0,12.6
20260527,バトルクライ,55.3,39.9,25.6,12.4,15.4,14.3,13.2,12.4
20260527,クモヒトツナイ,67.4,48.4,31.6,15.5,19.0,16.8,16.1,15.5
20260527,ルグランヴァン,54.7,39.2,24.9,12.1,15.5,14.3,12.8,12.1
20260527,イマジェリーナ,68.0,49.7,32.5,16.5,18.3,17.2,16.0,16.5
20260527,サザンウォリアー,69.1,50.1,32.7,16.6,19.0,17.4,16.1,16.6
20260527,アルティシエル,68.3,49.5,32.4,15.9,18.8,17.1,16.5,15.9
20260527,トウカイティエラ,53.6,39.8,25.5,12.8,13.8,14.3,12.7,12.8
20260527,ロココ,67.6,49.6,32.3,16.0,18.0,17.3,16.3,16.0
20260527,マーズウェーブ,65.4,47.5,31.0,14.9,17.9,16.5,16.1,14.9
20260527,ラブマイティー,66.2,49.1,32.0,16.2,17.1,17.1,15.8,16.2
20260527,ノルドヴェスト,53.0,38.7,25.3,12.6,14.3,13.4,12.7,12.6
20260527,キャストロププ,68.3,51.0,34.0,16.9,17.3,17.0,17.1,16.9
20260527,ラショナルポイント,52.5,38.4,25.1,12.6,14.1,13.3,12.5,12.6
20260527,ベルウッドピース,68.6,50.1,32.8,16.0,18.5,17.3,16.8,16.0
20260527,アルティソナンテ,57.1,41.8,27.0,13.3,15.3,14.8,13.7,13.3
20260527,ハイトラクション,68.8,50.3,32.8,16.1,18.5,17.5,16.7,16.1
20260527,ソプラノクイーン,68.8,50.2,32.7,16.2,18.6,17.5,16.5,16.2
20260527,コーカサスゴールド,74.7,56.7,37.8,18.9,18.0,18.9,18.9,18.9
20260527,ブリックンクリック,67.7,49.5,33.1,16.5,18.2,16.4,16.6,16.5
20260527,リバースザトレンド,68.0,49.7,33.2,16.5,18.3,16.5,16.7,16.5
20260527,ビービーアジャイル,67.8,49.5,33.0,16.4,18.3,16.5,16.6,16.4
20260527,ファンシーズ,58.7,43.5,28.0,13.9,15.2,15.5,14.1,13.9
20260527,トウシンライオット,56.8,41.7,26.7,12.7,15.1,15.0,14.0,12.7
20260527,サノノソルジャー,68.4,50.2,33.2,16.6,18.2,17.0,16.6,16.6
20260527,ウィルレーヴィア,56.4,41.0,26.5,12.7,15.4,14.5,13.8,12.7
20260527,シックスペンス,63.8,46.8,30.8,15.2,17.0,16.0,15.6,15.2
20260527,カペラテソーロ,68.4,50.1,32.5,15.6,18.3,17.6,16.9,15.6
20260527,グラスクラージュ,67.9,49.9,32.4,15.5,18.0,17.5,16.9,15.5
20260527,ゼアズノープレイス,71.6,54.4,37.0,19.0,17.2,17.4,18.0,19.0
20260527,アイファーファイト,69.9,52.5,34.6,16.5,17.4,17.9,18.1,16.5
20260527,アドミラルシップ,68.6,50.8,33.5,16.6,17.8,17.3,16.9,16.6
20260527,シュテルン,56.0,40.4,26.3,13.2,15.6,14.1,13.1,13.2
20260527,ガーシュウィン,56.9,41.2,26.9,13.5,15.7,14.3,13.4,13.5
20260527,エニシングゴース,56.8,41.1,26.8,13.4,15.7,14.3,13.4,13.4
20260527,オーケーエース,68.4,50.7,32.9,16.2,17.7,17.8,16.7,16.2
20260527,ヴェットビルズ,71.8,53.5,36.3,18.4,18.3,17.2,17.9,18.4
20260527,ワンダリングスター,72.1,54.3,36.5,18.5,17.8,17.8,18.0,18.5
20260527,ウインボレロ,71.6,53.4,36.0,18.5,18.2,17.4,17.5,18.5
20260527,マスカルポーネ,67.4,50.2,33.1,16.6,17.2,17.1,16.5,16.6
20260527,コスモシグナス,71.2,52.1,34.7,17.6,19.1,17.4,17.1,17.6
20260527,アートオブブライト,71.6,52.8,35.4,17.7,18.8,17.4,17.7,17.7
20260527,ピリナカピリナ,72.1,52.6,34.7,17.1,19.5,17.9,17.6,17.1
20260527,メイショウソムリエ,68.3,50.6,33.2,16.6,17.7,17.4,16.6,16.6
20260527,ベネスピラ,61.8,45.4,29.4,14.4,16.4,16.0,15.0,14.4
20260527,ダンツファイター,68.6,50.6,33.5,16.3,18.0,17.1,17.2,16.3
20260527,ヒットミー,65.4,48.3,31.4,14.9,17.1,16.9,16.5,14.9
20260527,チギリ,62.9,46.4,30.4,15.1,16.5,16.0,15.3,15.1
20260527,ラパンチュール,67.2,49.0,32.5,16.0,18.2,16.5,16.5,16.0
20260527,ミリオングローリー,68.7,50.0,32.7,16.1,18.7,17.3,16.6,16.1
20260527,ビルバンテ,71.8,53.1,34.9,17.4,18.7,18.2,17.5,17.4
20260527,ウインファイネスト,57.7,42.8,28.4,14.4,14.9,14.4,14.0,14.4
20260527,ノヴァルクス,64.0,47.6,31.4,15.9,16.4,16.2,15.5,15.9
20260527,キャストロププ,68.4,50.5,33.3,16.5,17.9,17.2,16.8,16.5
20260527,コーカサスゴールド,51.6,37.8,24.6,12.3,13.8,13.2,12.3,12.3
20260527,セイウンアズール,63.3,45.8,29.9,14.5,17.5,15.9,15.4,14.5
20260527,セイウンパシュート,68.0,50.1,33.1,16.5,17.9,17.0,16.6,16.5
20260527,スターウェーブ,65.2,48.3,31.7,15.8,16.9,16.6,15.9,15.8
20260527,エジプシャンマウ,63.5,47.4,31.9,16.2,16.1,15.5,15.7,16.2
20260527,ダイメイビッグボス,67.1,49.4,32.5,16.2,17.7,16.9,16.3,16.2
20260527,シュートザワークス,65.3,47.5,30.7,14.8,17.8,16.8,15.9,14.8
20260527,キタイノホシ,52.9,38.6,25.1,12.6,14.3,13.5,12.5,12.6
20260527,アシャカタカ,65.3,47.6,30.9,15.3,17.7,16.7,15.6,15.3
20260527,ベリーベリーベリー,65.1,47.9,31.1,15.3,17.2,16.8,15.8,15.3
20260527,ノアソノマ,68.5,49.9,33.3,17.1,18.6,16.6,16.2,17.1
20260527,キタノシオン,69.1,50.7,33.2,16.6,18.4,17.5,16.6,16.6
20260527,アオハルブルース,64.4,47.5,31.7,15.7,16.9,15.8,16.0,15.7
20260527,ドナシュネル,64.5,47.3,32.0,16.0,17.2,15.3,16.0,16.0
20260527,サトミノホマレ,68.9,51.2,34.0,16.8,17.7,17.2,17.2,16.8
20260527,ショーツヨシ,67.7,49.9,32.5,16.3,17.8,17.4,16.2,16.3
20260527,シャインフォード,66.7,49.1,32.2,15.9,17.6,16.9,16.3,15.9
20260527,ステラガーネット,66.7,49.3,32.6,16.4,17.4,16.7,16.2,16.4
20260527,モリノヤマセミ,69.1,50.9,33.9,17.0,18.2,17.0,16.9,17.0
20260527,サトノドルチェ,67.9,49.1,33.2,17.4,18.8,15.9,15.8,17.4
20260527,ハルノアメ,75.4,55.1,36.4,18.3,20.3,18.7,18.1,18.3
20260527,ガビーズメロディ,65.7,48.3,32.0,16.3,17.4,16.3,15.7,16.3
20260527,パッションノーヴァ,70.3,51.7,34.3,17.1,18.6,17.4,17.2,17.1
20260527,マーゴットパラディ,65.8,47.7,31.6,15.6,18.1,16.1,16.0,15.6
20260527,フェイトロード,71.4,53.1,35.1,17.4,18.3,18.0,17.7,17.4
20260527,リリコイ,72.2,53.6,35.5,17.7,18.6,18.1,17.8,17.7
20260527,ポッドベル,57.7,41.8,26.9,12.7,15.9,14.9,14.2,12.7
20260527,スカイズザリミット,71.1,52.6,34.6,17.0,18.5,18.0,17.6,17.0
20260527,フェスタベラ,78.5,56.9,38.2,19.1,21.6,18.7,19.1,19.1
20260527,ビーアストニッシド,53.7,38.8,25.6,12.4,14.9,13.2,13.2,12.4
20260527,マリンバンカー,56.6,41.2,26.8,12.9,15.4,14.4,13.9,12.9
20260527,マーガレットクレア,55.7,41.2,26.8,13.0,14.5,14.4,13.8,13.0
20260527,テラシエスタ,54.0,39.3,26.1,13.0,14.7,13.2,13.1,13.0
20260527,スカット,69.4,49.5,32.1,15.5,19.9,17.4,16.6,15.5
20260527,ブザービーター,64.5,46.5,29.4,14.5,18.0,17.1,14.9,14.5
20260527,ホットゥトロット,54.1,39.2,25.7,12.5,14.9,13.5,13.2,12.5
20260527,マーゴットレーヴ,58.4,42.3,27.4,13.5,16.1,14.9,13.9,13.5
20260527,ミーントゥビー,70.2,50.7,33.2,16.6,19.5,17.5,16.6,16.6
20260527,チョウブク,68.0,50.2,33.0,16.8,17.8,17.2,16.2,16.8
20260527,カシマライフウ,71.1,51.8,34.0,16.7,19.3,17.8,17.3,16.7
20260527,ユイノカタリベ,64.2,46.1,29.4,14.3,18.1,16.7,15.1,14.3
20260527,ノボリフジ,73.0,53.2,35.5,17.7,19.8,17.7,17.8,17.7
20260527,フレイコン,71.2,52.3,34.3,17.1,18.9,18.0,17.2,17.1
20260527,ﾗﾐｱの24,70.7,52.2,34.4,17.1,18.5,17.8,17.3,17.1
20260527,カリボール,71.1,50.7,33.0,15.8,20.4,17.7,17.2,15.8
20260527,ゼアズノープレイス,54.7,41.2,26.5,12.9,13.5,14.7,13.6,12.9
20260527,アイファーファイト,55.7,41.4,26.7,13.0,14.3,14.7,13.7,13.0
20260527,ラーテル,66.5,48.5,32.0,16.3,18.0,16.5,15.7,16.3
20260527,マーキュリーダイム,66.8,48.4,31.5,15.5,18.4,16.9,16.0,15.5
20260527,ヘイマー,67.6,50.2,33.0,16.7,17.4,17.2,16.3,16.7
20260527,サマースプラッシュ,56.1,41.0,26.6,12.9,15.1,14.4,13.7,12.9
20260527,ナムラドガ,54.6,40.0,25.7,12.6,14.6,14.3,13.1,12.6
20260527,コックオーヴァン,65.3,47.6,31.3,15.6,17.7,16.3,15.7,15.6
20260527,ベルウッドディープ,66.4,48.5,31.9,15.6,17.9,16.6,16.3,15.6
20260527,コンクレデンツァ,68.3,49.8,32.5,16.3,18.5,17.3,16.2,16.3
20260527,ペントザリス,70.6,50.8,33.1,15.8,19.8,17.7,17.3,15.8
20260527,カツノテンス,68.2,50.8,33.7,16.9,17.4,17.1,16.8,16.9
20260527,タキノボリ,71.6,51.9,33.5,16.3,19.7,18.4,17.2,16.3
20260527,ドルンレースツェン,65.2,47.8,31.8,15.8,17.4,16.0,16.0,15.8
20260527,ヨシヒロ,58.5,41.6,26.5,12.8,16.9,15.1,13.7,12.8
20260527,ペイシャオーヴァル,67.1,50.2,33.6,16.8,16.9,16.6,16.8,16.8
20260527,オーキーベルセルク,78.6,58.0,38.2,18.9,20.6,19.8,19.3,18.9
20260527,ダイユウアドバンス,57.7,42.6,28.1,14.1,15.1,14.5,14.0,14.1
20260527,ヴェットビルズ,69.4,50.7,32.6,16.2,18.7,18.1,16.4,16.2
20260527,ワンダリングスター,70.4,51.4,33.4,16.6,19.0,18.0,16.8,16.6
20260527,ミラクルオーラ,63.0,46.6,30.8,15.3,16.4,15.8,15.5,15.3
20260527,ｵｳｹﾝｻﾞﾊﾟｰﾙの24,62.9,46.5,30.7,15.2,16.4,15.8,15.5,15.2
20260527,コレクテイニア,73.7,55.0,36.4,17.9,18.7,18.6,18.5,17.9
20260527,キタノソブリン,56.9,41.3,26.4,12.9,15.6,14.9,13.5,12.9
20260527,タイキブリッツェン,65.5,48.5,31.0,15.3,17.0,17.5,15.7,15.3
20260527,グレイスザクラウン,68.0,49.2,32.1,15.8,18.8,17.1,16.3,15.8
20260527,アジーザム,52.5,38.0,25.4,12.8,14.5,12.6,12.6,12.8
20260527,ジェイエルキャリア,70.0,51.5,34.3,17.4,18.5,17.2,16.9,17.4
20260527,ﾃﾞｨｰｽﾞﾌﾟﾘﾓの24,68.6,50.6,33.6,17.1,18.0,17.0,16.5,17.1
20260527,モーモーワン,68.6,50.7,33.8,17.2,17.9,16.9,16.6,17.2
20260527,ケープアグラス,67.8,49.8,32.5,16.0,18.0,17.3,16.5,16.0
20260527,ルクスジニア,64.6,47.5,30.9,15.3,17.1,16.6,15.6,15.3
20260527,テルケンレンジシ,72.5,54.2,36.3,18.3,18.3,17.9,18.0,18.3
20260527,アルーリングボーイ,67.7,49.6,32.8,16.5,18.1,16.8,16.3,16.5
20260527,テスタ,66.9,49.2,32.0,15.9,17.7,17.2,16.1,15.9
20260527,アースイオス,63.0,46.7,30.6,15.1,16.3,16.1,15.5,15.1
20260527,アオイミズホ,63.7,46.7,30.4,14.9,17.0,16.3,15.5,14.9
20260527,レイランディ,64.3,46.9,30.9,15.3,17.4,16.0,15.6,15.3
20260527,ノヴェルピアーチェ,64.5,46.5,30.7,15.0,18.0,15.8,15.7,15.0
20260527,イデアクリスタル,65.0,47.5,31.0,15.6,17.5,16.5,15.4,15.6
20260527,エターナルホープ,65.0,47.7,31.6,15.9,17.3,16.1,15.7,15.9
20260527,ウォーレーションズ,64.6,47.6,31.3,15.6,17.0,16.3,15.7,15.6
20260527,ルージュロマーナ,63.8,46.9,31.2,15.6,16.9,15.7,15.6,15.6
20260527,アイデアルカット,63.2,46.7,31.1,15.2,16.5,15.6,15.9,15.2
20260527,ジュネストレイル,62.7,46.6,30.8,14.9,16.1,15.8,15.9,14.9
20260527,アテナブレイブ,63.4,46.6,30.9,15.6,16.8,15.7,15.3,15.6
20260527,ヨイチコネクト,92.0,68.6,45.9,23.6,23.4,22.7,22.3,23.6
20260527,ヒコボシ,64.5,47.1,30.9,15.4,17.4,16.2,15.5,15.4
20260527,ビタミンドロップ,81.4,59.7,38.7,19.4,21.7,21.0,19.3,19.4
20260527,アゴルディーノ,65.0,48.1,31.2,15.3,16.9,16.9,15.9,15.3
20260527,フィリップバローズ,64.0,46.3,30.2,15.2,17.7,16.1,15.0,15.2
20260527,ショウナンライシン,54.2,39.8,25.7,12.6,14.4,14.1,13.1,12.6
20260527,ライヴマルガリータ,69.0,51.5,34.3,17.0,17.5,17.2,17.3,17.0
20260527,ビンバラ,67.8,50.1,32.6,15.6,17.7,17.5,17.0,15.6
20260527,ショウナンダイン,55.0,39.5,24.8,12.4,15.5,14.7,12.4,12.4
20260527,ティナンヴァランタ,65.9,48.3,31.6,15.2,17.6,16.7,16.4,15.2
20260527,ピアス,65.4,48.1,31.4,15.2,17.3,16.7,16.2,15.2
20260527,スウィット,55.3,39.9,25.9,12.7,15.4,14.0,13.2,12.7
20260527,セイウンガジュマル,55.4,39.9,26.0,12.9,15.5,13.9,13.1,12.9
20260527,コナパームス,65.2,47.7,31.0,15.5,17.5,16.7,15.5,15.5
20260527,ダノンコレクト,65.8,48.9,32.2,15.8,16.9,16.7,16.4,15.8
20260527,シュネルアステリア,69.0,51.4,34.6,16.9,17.6,16.8,17.7,16.9
20260527,コブラ,66.3,48.7,31.3,15.1,17.6,17.4,16.2,15.1
20260527,ペロ,70.1,52.2,34.5,17.3,17.9,17.7,17.2,17.3
20260527,コンサートマスター,65.5,48.2,31.3,15.4,17.3,16.9,15.9,15.4
20260527,コスモグラニット,69.9,51.7,34.1,17.5,18.2,17.6,16.6,17.5
20260527,ルクソールカフェ,65.4,48.1,31.3,15.4,17.3,16.8,15.9,15.4
20260527,ヨシウッドテール,71.4,53.0,35.2,17.8,18.4,17.8,17.4,17.8
20260527,マジックファイヤー,70.0,51.8,33.7,16.6,18.2,18.1,17.1,16.6
20260527,クオンタムスター,65.3,48.1,31.2,15.6,17.2,16.9,15.6,15.6
20260527,アーリマックス,70.0,51.3,34.1,17.3,18.7,17.2,16.8,17.3
20260527,ララニューディー,70.8,51.6,34.1,16.5,19.2,17.5,17.6,16.5
20260527,カズシ,70.2,51.8,34.4,17.4,18.4,17.4,17.0,17.4
20260527,ユキノサイエンス,54.1,39.7,26.1,13.1,14.4,13.6,13.0,13.1
20260527,レジオンポレール,65.4,48.2,31.3,15.5,17.2,16.9,15.8,15.5
20260527,ライヴレッドアイ,75.0,56.2,37.4,18.4,18.8,18.8,19.0,18.4
20260527,アリアス,66.5,49.5,33.0,16.2,17.0,16.5,16.8,16.2
20260527,メーゼ,66.8,47.6,30.8,15.3,19.2,16.8,15.5,15.3
20260527,パチクリベスクリ,70.0,51.9,34.1,17.6,18.1,17.8,16.5,17.6
20260527,アルアンダルス,54.1,39.6,26.1,13.2,14.5,13.5,12.9,13.2
20260527,シテフローラル,67.9,49.9,33.0,16.8,18.0,16.9,16.2,16.8
20260527,トーセンリョウ,65.3,48.3,32.0,15.8,17.0,16.3,16.2,15.8
20260527,サイルーン,66.7,48.7,32.4,16.2,18.0,16.3,16.2,16.2
20260527,ダノンエアズロック,67.6,49.9,33.1,16.6,17.7,16.8,16.5,16.6
20260527,メリディアンスター,66.6,48.8,31.7,16.0,17.8,17.1,15.7,16.0
20260527,ベアエクスプレス,73.2,52.1,33.5,16.5,21.1,18.6,17.0,16.5
20260527,クカイリモク,66.7,49.3,33.0,16.6,17.4,16.3,16.4,16.6
20260527,ホカミテダメ,65.7,48.0,31.0,15.5,17.7,17.0,15.5,15.5
20260527,レヴェンドール,68.4,48.8,31.1,15.0,19.6,17.7,16.1,15.0
20260527,ホウオウザロイヤル,67.9,49.9,33.1,16.8,18.0,16.8,16.3,16.8
20260527,ムードメーカー,66.0,48.6,31.7,15.9,17.4,16.9,15.8,15.9
20260527,ゲンパチムサシ,55.1,40.0,25.9,12.7,15.1,14.1,13.2,12.7
20260527,キープサインオン,67.5,49.8,33.5,16.8,17.7,16.3,16.7,16.8
20260527,ポールセン,66.8,49.3,31.9,15.7,17.5,17.4,16.2,15.7
20260527,スコアレジーナ,67.8,49.2,31.5,14.9,18.6,17.7,16.6,14.9
20260527,ヒコボシ,56.1,41.0,27.0,13.3,15.1,14.0,13.7,13.3
20260527,シュンポシオン,68.5,49.6,32.2,15.5,18.9,17.4,16.7,15.5
20260527,ヌビアン,54.9,40.2,26.1,12.8,14.7,14.1,13.3,12.8
20260527,ルージュカルデア,69.0,50.8,33.4,16.5,18.2,17.4,16.9,16.5
20260527,ヤマニンジェンナ,55.4,40.2,26.1,12.7,15.2,14.1,13.4,12.7
20260527,フェアリーキャット,53.5,39.5,25.7,12.3,14.0,13.8,13.4,12.3
20260527,ビタミンドロップ,57.1,41.8,27.6,13.8,15.3,14.2,13.8,13.8
20260527,ニシノランペイジ,67.8,50.4,34.0,17.0,17.4,16.4,17.0,17.0
20260527,ジェイエルサーベイ,67.1,49.4,32.3,16.6,17.7,17.1,15.7,16.6
20260527,プリンセスダーコ,54.3,39.8,25.8,12.8,14.5,14.0,13.0,12.8
20260527,ボスヒッツ,67.4,49.7,33.1,16.8,17.7,16.6,16.3,16.8
20260527,スマートブライド,67.3,49.7,32.9,16.5,17.6,16.8,16.4,16.5
20260527,アゴルディーノ,56.1,41.1,26.9,13.2,15.0,14.2,13.7,13.2
20260527,エコロナイン,67.5,50.1,32.9,16.1,17.4,17.2,16.8,16.1
20260527,カゴシマ,57.5,42.2,28.0,13.9,15.3,14.2,14.1,13.9
20260527,シルトホルン,68.9,50.4,33.0,16.5,18.5,17.4,16.5,16.5
20260527,レッドライトニング,53.7,39.2,26.0,13.0,14.5,13.2,13.0,13.0
20260527,シュヴァルツシルト,72.4,53.5,36.1,18.0,18.9,17.4,18.1,18.0
20260527,エルアン,69.4,51.0,33.5,16.6,18.4,17.5,16.9,16.6
20260527,イバラヒメ,68.6,49.9,32.9,16.4,18.7,17.0,16.5,16.4
20260527,フィールマイプラン,68.6,50.8,34.1,17.2,17.8,16.7,16.9,17.2
20260527,カズノダイジョウ,58.2,42.8,27.3,13.1,15.4,15.5,14.2,13.1
20260527,アラータス,68.4,50.3,33.4,16.9,18.1,16.9,16.5,16.9
20260527,ドンレパルス,53.4,39.2,25.9,13.0,14.2,13.3,12.9,13.0
20260527,レヴィテーション,54.6,39.2,25.6,12.6,15.4,13.6,13.0,12.6
20260527,イントゥザウインド,67.5,49.9,33.0,16.3,17.6,16.9,16.7,16.3
20260527,トリアングルレディ,69.5,51.2,34.4,17.4,18.3,16.8,17.0,17.4
20260527,トワイライトビュー,53.4,38.2,25.0,12.3,15.2,13.2,12.7,12.3
20260527,フェンリル,54.0,39.6,26.1,13.0,14.4,13.5,13.1,13.0
20260527,ファナティカル,54.3,38.9,25.5,12.5,15.4,13.4,13.0,12.5
20260527,ラブトゥエニイワン,67.8,49.7,32.9,16.5,18.1,16.8,16.4,16.5
20260527,ヴェイルドハート,66.8,50.0,33.1,16.4,16.8,16.9,16.7,16.4
20260527,ローブリッター,72.0,53.8,35.7,17.8,18.2,18.1,17.9,17.8
20260527,ソウカイウォーリア,67.0,49.9,32.6,16.0,17.1,17.3,16.6,16.0
20260527,ラーナローザ,68.0,48.7,31.2,15.4,19.3,17.5,15.8,15.4
20260527,タイキオーベロン,54.1,39.0,25.3,12.5,15.1,13.7,12.8,12.5
20260527,フローレスカラーズ,54.4,40.1,26.2,12.9,14.3,13.9,13.3,12.9
20260527,トヨサカエ,69.7,50.4,32.1,15.9,19.3,18.3,16.2,15.9
20260527,サファイアテソーロ,54.7,39.5,25.9,13.0,15.2,13.6,12.9,13.0
20260527,クレセントウイング,70.9,52.6,34.3,17.0,18.3,18.3,17.3,17.0
20260527,ドリーミングアップ,69.2,51.3,33.9,16.8,17.9,17.4,17.1,16.8
20260527,チェストー,69.7,50.4,33.0,16.3,19.3,17.4,16.7,16.3
20260527,ゴーゴーパンチ,71.5,53.2,35.2,17.7,18.3,18.0,17.5,17.7
20260527,ディル,63.9,47.9,31.9,16.0,16.0,16.0,15.9,16.0
20260527,ココソラーレ,60.0,44.7,29.6,14.3,15.3,15.1,15.3,14.3
20260527,モンドシュピーゲル,72.2,53.5,35.3,17.4,18.7,18.2,17.9,17.4
20260527,ｺｳｷﾞｮｳﾏｼｪﾘの24,69.1,51.2,33.7,16.8,17.9,17.5,16.9,16.8
20260527,ズイウンゴサイ,69.3,51.9,33.5,16.3,17.4,18.4,17.2,16.3
20260527,アーバーバイティ,64.8,48.0,32.2,16.3,16.8,15.8,15.9,16.3
20260527,ウインワーグナー,64.9,48.1,32.3,16.4,16.8,15.8,15.9,16.4
20260527,ゴルトレオパルト,71.4,51.8,34.4,17.3,19.6,17.4,17.1,17.3
20260527,ステレンボッシュ,62.3,46.4,31.0,15.6,15.9,15.4,15.4,15.6
20260527,イズルード,54.4,39.9,26.1,12.6,14.5,13.8,13.5,12.6
20260527,リナクィーンアスク,55.1,40.2,26.3,12.6,14.9,13.9,13.7,12.6
20260527,スイープセレニティ,69.2,50.4,32.5,15.9,18.8,17.9,16.6,15.9
20260527,アトミックリーチ,66.5,48.8,31.5,15.5,17.7,17.3,16.0,15.5
20260527,ウラノグラフィア,65.7,48.6,31.9,15.9,17.1,16.7,16.0,15.9
20260527,ジオ,65.4,47.5,31.0,15.6,17.9,16.5,15.4,15.6
20260527,ベンメリア,65.7,49.0,33.0,16.8,16.7,16.0,16.2,16.8
20260527,スパークルレイ,74.2,55.5,36.9,18.5,18.7,18.6,18.4,18.5
20260527,スチョウプリンセス,69.3,51.4,33.9,17.0,17.9,17.5,16.9,17.0
20260527,ウインアプローチ,51.5,37.8,24.7,12.5,13.7,13.1,12.2,12.5
20260527,カゼノオモイデ,67.7,50.3,33.6,17.0,17.4,16.7,16.6,17.0
20260527,ジャメビュ,73.5,54.4,35.7,17.8,19.1,18.7,17.9,17.8
20260527,ハッピーラッキー,66.5,49.5,31.7,15.6,17.0,17.8,16.1,15.6
20260527,イケイケドンドン,69.5,50.3,32.1,15.8,19.2,18.2,16.3,15.8
20260527,フロウアンドライム,54.3,39.4,25.9,12.8,14.9,13.5,13.1,12.8
20260527,スペードギニー,53.6,39.5,25.6,12.7,14.1,13.9,12.9,12.7
20260527,ファリーザ,56.9,41.3,26.4,12.6,15.6,14.9,13.8,12.6
20260527,オンザギャラクシー,54.5,40.2,26.3,13.2,14.3,13.9,13.1,13.2
20260527,カルフ,63.9,46.2,29.9,14.7,17.7,16.3,15.2,14.7
20260527,ミクストベリーズ,53.7,38.4,24.8,12.3,15.3,13.6,12.5,12.3
20260527,カスターニエ,54.2,38.9,25.0,12.5,15.3,13.9,12.5,12.5
20260527,スウェーバック,54.6,39.4,25.2,12.6,15.2,14.2,12.6,12.6
20260527,ビリキナータ,63.4,45.8,30.2,14.8,17.6,15.6,15.4,14.8
20260527,シーズザチャンス,66.9,49.3,32.3,16.0,17.6,17.0,16.3,16.0
20260527,ミニョンマルーン,71.2,51.8,33.9,16.5,19.4,17.9,17.4,16.5
20260527,ビレッジルイーザ,71.5,52.7,33.9,16.5,18.8,18.8,17.4,16.5
20260527,フェリスセンダ,57.2,41.5,27.3,13.7,15.7,14.2,13.6,13.7
20260527,ダンシングリリー,57.2,41.5,27.3,13.7,15.7,14.2,13.6,13.7
20260527,オペラプラージュ,62.9,46.5,30.2,15.0,16.4,16.3,15.2,15.0
20260527,リアライズオーラム,63.3,46.8,30.5,14.9,16.5,16.3,15.6,14.9
20260527,ロミオ,68.4,50.2,33.1,16.2,18.2,17.1,16.9,16.2
20260527,ジャスフォール,63.7,47.2,30.8,15.0,16.5,16.4,15.8,15.0
20260527,ルナーファントム,63.3,46.6,30.3,15.0,16.7,16.3,15.3,15.0
20260527,スロノス,68.2,50.0,32.7,16.4,18.2,17.3,16.3,16.4
20260527,ノーブルラホーヤ,69.3,50.6,33.7,16.5,18.7,16.9,17.2,16.5
20260527,サンタアニタ,57.6,42.5,27.8,13.2,15.1,14.7,14.6,13.2
20260527,ポールセン,53.7,39.1,25.7,12.9,14.6,13.4,12.8,12.9
20260527,タイセイフレッサ,57.2,42.3,27.5,13.1,14.9,14.8,14.4,13.1
20260527,ラプランセス,53.3,38.7,25.3,12.8,14.6,13.4,12.5,12.8
20260527,ヴンダーバール,57.3,42.6,28.0,13.5,14.7,14.6,14.5,13.5
20260527,ゴーゴーパンチ,53.8,40.1,26.3,12.8,13.7,13.8,13.5,12.8
20260527,モンドシュピーゲル,53.0,39.7,26.1,12.7,13.3,13.6,13.4,12.7
20260527,クニノハッピー,53.2,39.1,25.7,12.5,14.1,13.4,13.2,12.5
20260527,ゴルトレオパルト,69.2,52.0,34.7,17.1,17.2,17.3,17.6,17.1
20260527,セイカユウヒ,58.7,42.8,27.9,13.8,15.9,14.9,14.1,13.8
20260527,スチョウプリンセス,67.5,50.4,33.9,16.9,17.1,16.5,17.0,16.9
20260527,スパークルレイ,68.7,51.1,34.2,17.6,17.6,16.9,16.6,17.6
20260527,レッドリアライズ,66.0,47.3,30.8,15.3,18.7,16.5,15.5,15.3
20260527,ピュアクローム,54.8,40.4,26.2,13.0,14.4,14.2,13.2,13.0
20260527,クラウンアバンティ,54.9,40.5,26.5,13.1,14.4,14.0,13.4,13.1
20260527,シエルライズ,53.9,39.9,26.0,12.8,14.0,13.9,13.2,12.8
20260527,ピンキープロミス,70.0,52.3,34.9,17.9,17.7,17.4,17.0,17.9
20260527,ウインスターリング,72.6,53.3,35.2,18.4,19.3,18.1,16.8,18.4
20260527,イラーナ,54.2,39.2,24.9,12.0,15.0,14.3,12.9,12.0
20260527,シェーンシュティア,52.9,38.7,25.2,12.4,14.2,13.5,12.8,12.4
20260527,ウィッキドピケット,67.2,50.3,33.3,16.4,16.9,17.0,16.9,16.4
20260527,テンカムテキ,67.0,50.2,33.2,16.3,16.8,17.0,16.9,16.3
20260527,バスキュール,54.5,39.4,25.1,12.0,15.1,14.3,13.1,12.0
20260527,アルカンサス,63.8,47.2,30.9,15.6,16.6,16.3,15.3,15.6
20260527,オウケンサクラコ,64.0,47.3,31.1,15.5,16.7,16.2,15.6,15.5
20260527,サッポロイクコ,61.9,45.0,29.6,14.5,16.9,15.4,15.1,14.5
20260527,クリムゾンリーフ,63.9,46.9,30.6,15.1,17.0,16.3,15.5,15.1
20260527,マジッククッキー,62.2,45.8,30.4,15.1,16.4,15.4,15.3,15.1
20260527,フリームファクシ,54.3,38.4,24.7,12.1,15.9,13.7,12.6,12.1
20260527,テーオーパスワード,53.5,38.9,25.1,11.5,14.6,13.8,13.6,11.5
20260527,バッデレイト,56.7,40.8,25.7,12.3,15.9,15.1,13.4,12.3
20260527,ブルーワール,54.3,39.7,26.0,12.8,14.6,13.7,13.2,12.8
20260527,シュネーグロッケン,53.4,38.1,25.0,12.7,15.3,13.1,12.3,12.7
20260527,オアシスアラン,55.3,40.2,25.4,12.2,15.1,14.8,13.2,12.2
20260527,サトノディヴァイン,53.6,38.5,25.7,13.1,15.1,12.8,12.6,13.1
20260527,サリカリーフォリア,52.9,38.3,25.5,13.0,14.6,12.8,12.5,13.0
20260527,ゴッドアイ,52.7,38.8,25.2,12.4,13.9,13.6,12.8,12.4
20260527,レッドパラジウム,56.3,39.3,25.3,11.9,17.0,14.0,13.4,11.9
20260527,ブリリアンブルーム,64.4,47.4,31.4,15.2,17.0,16.0,16.2,15.2
20260527,デアヴェローチェ,56.2,40.4,25.4,12.1,15.8,15.0,13.3,12.1
20260527,ニクスルーナ,55.4,40.2,25.4,12.2,15.2,14.8,13.2,12.2
20260527,タッチャブル,53.2,38.3,24.5,12.2,14.9,13.8,12.3,12.2
20260527,スマートワイス,51.0,37.5,24.4,12.0,13.5,13.1,12.4,12.0
20260527,ブルクトーア,55.1,40.5,26.2,12.4,14.6,14.3,13.8,12.4
20260527,ジャスパーノベル,52.3,37.5,24.4,12.2,14.8,13.1,12.2,12.2
20260527,マクローリン,54.5,38.9,24.9,12.4,15.6,14.0,12.5,12.4
20260527,ピースビート,53.4,38.4,24.5,12.2,15.0,13.9,12.3,12.2
20260527,フィアーブル,55.2,40.0,25.6,12.2,15.2,14.4,13.4,12.2
20260527,ファムマルキーズ,55.7,40.5,25.6,12.1,15.2,14.9,13.5,12.1
20260527,タガノアバンドーネ,53.7,38.3,24.6,11.8,15.4,13.7,12.8,11.8
20260527,キタノファーンヒル,53.2,38.6,25.2,12.6,14.6,13.4,12.6,12.6
20260527,ミッキーロビン,0.0,0.0,0.0,0.0,14.5,13.5,12.9,0.0
20260527,ココプレミア,52.0,37.7,25.2,12.8,14.3,12.5,12.4,12.8
20260527,カスタニッチャ,60.6,44.4,29.3,14.2,16.2,15.1,15.1,14.2
20260527,ジャスパーブレイズ,51.5,37.7,24.8,12.4,13.8,12.9,12.4,12.4
20260527,ジャスパーレオン,52.3,38.4,25.5,13.1,13.9,12.9,12.4,13.1
20260527,アドバンスモダン,50.8,36.9,24.2,12.2,13.9,12.7,12.0,12.2
20260527,ジキトウライ,53.8,39.6,26.0,13.2,14.2,13.6,12.8,13.2
20260527,プランシングホース,54.9,39.9,25.5,12.9,15.0,14.4,12.6,12.9
20260527,エコロラーダ,53.4,39.1,25.5,12.6,14.3,13.6,12.9,12.6
20260527,ファンビッチャン,54.8,39.8,25.4,12.8,15.0,14.4,12.6,12.8
20260527,ケンシロウワールド,51.1,37.3,24.6,12.6,13.8,12.7,12.0,12.6
20260527,アイファーラピッド,52.2,37.5,24.3,12.4,14.7,13.2,11.9,12.4
20260527,ガイアフォース,50.3,36.4,23.7,11.8,13.9,12.7,11.9,11.8
20260527,ゴルデールスカー,56.3,41.2,26.2,12.9,15.1,15.0,13.3,12.9
20260527,ヴェルミセル,53.2,38.6,25.4,12.7,14.6,13.2,12.7,12.7
20260527,ユメハハテシナク,53.3,38.1,24.2,11.9,15.2,13.9,12.3,11.9
20260527,ワンダーカモン,52.9,37.8,24.6,12.1,15.1,13.2,12.5,12.1
20260527,ヴェロクオーレ,52.9,37.8,24.0,11.8,15.1,13.8,12.2,11.8
20260527,チュウワダイオウ,55.4,40.1,25.9,12.3,15.3,14.2,13.6,12.3
20260527,ジーティーパワー,56.5,41.0,26.8,13.1,15.5,14.2,13.7,13.1
20260527,アジュマン,55.9,40.8,26.0,12.0,15.1,14.8,14.0,12.0
20260527,ストラテージュ,53.1,38.3,24.8,12.2,14.8,13.5,12.6,12.2
20260527,キュクロープス,54.9,39.2,25.1,12.1,15.7,14.1,13.0,12.1
20260527,キングスコール,54.1,39.3,25.5,12.3,14.8,13.8,13.2,12.3
20260527,ベイリークロア,52.8,38.2,25.1,12.4,14.6,13.1,12.7,12.4
20260527,オリーブグリーン,51.6,37.8,24.4,12.2,13.8,13.4,12.2,12.2
20260527,ヒシアイラ,54.2,39.2,25.4,12.0,15.0,13.8,13.4,12.0
20260527,プラヤデルカルメン,51.1,37.2,24.0,11.9,13.9,13.2,12.1,11.9
20260527,タントレーベル,54.1,39.1,25.1,12.4,15.0,14.0,12.7,12.4
20260527,ヴェインズマン,56.5,41.6,27.4,13.4,14.9,14.2,14.0,13.4
20260527,インディクイーン,59.6,42.9,27.5,13.4,16.7,15.4,14.1,13.4
20260527,スタークラウン,54.4,39.3,25.3,12.5,15.1,14.0,12.8,12.5
20260527,リアライズグリント,52.9,38.3,25.2,12.7,14.6,13.1,12.5,12.7
20260527,カフジエメンタール,51.2,37.6,24.1,12.1,13.6,13.5,12.0,12.1
20260527,ステインアライヴ,56.3,41.8,27.4,13.2,14.5,14.4,14.2,13.2
20260527,ジーティーメティオ,52.7,37.8,24.5,12.1,14.9,13.3,12.4,12.1
20260527,カンフージョン,54.0,39.1,25.1,12.5,14.9,14.0,12.6,12.5
20260527,アテンド,56.4,41.8,27.4,13.3,14.6,14.4,14.1,13.3
20260527,ダークエクリプス,55.0,38.2,24.6,12.1,16.8,13.6,12.5,12.1
20260527,ハギノアルデバラン,59.8,43.2,28.2,13.7,16.6,15.0,14.5,13.7
20260527,レッドリベルタ,55.0,40.3,26.6,13.0,14.7,13.7,13.6,13.0
20260527,ベルダイナフェロー,54.0,39.2,25.0,12.4,14.8,14.2,12.6,12.4
20260527,ネグレスコ,54.9,38.6,24.8,12.1,16.3,13.8,12.7,12.1
20260527,ダノンスウィッチ,53.7,38.0,24.6,12.2,15.7,13.4,12.4,12.2
20260527,キャピタルサックス,55.3,40.4,26.4,12.8,14.9,14.0,13.6,12.8
20260527,ビップディラン,56.1,40.8,26.9,13.0,15.3,13.9,13.9,13.0
20260527,アスクコモンタレヴ,54.9,39.1,25.2,12.4,15.8,13.9,12.8,12.4
20260527,ダイアナクイーン,66.1,48.2,31.4,15.7,17.9,16.8,15.7,15.7
20260527,アンピュルシオン,54.1,38.8,25.2,12.5,15.3,13.6,12.7,12.5
20260527,ヴェントステラーレ,55.2,39.6,25.9,13.0,15.6,13.7,12.9,13.0
20260527,ゼンカイナダル,53.2,38.6,24.9,12.4,14.6,13.7,12.5,12.4
20260527,スパルタンエックス,54.3,39.2,25.0,12.4,15.1,14.2,12.6,12.4
20260527,レッドレベンディス,52.5,37.9,24.8,12.3,14.6,13.1,12.5,12.3
20260527,ヴァンロゼ,67.0,49.3,32.5,15.7,17.7,16.8,16.8,15.7
20260527,ギフテッドスペック,54.0,38.5,24.2,12.1,15.5,14.3,12.1,12.1
20260527,アンジュプロミス,52.6,37.7,24.3,11.8,14.9,13.4,12.5,11.8
20260527,クボウサマ,53.8,39.4,25.8,12.9,14.4,13.6,12.9,12.9
20260527,ワルトシュタイン,54.4,39.2,25.7,12.5,15.2,13.5,13.2,12.5
20260527,コワンニシタガウ,52.6,38.1,24.9,12.4,14.5,13.2,12.5,12.4
20260527,トップアタック,53.9,38.8,25.0,12.1,15.1,13.8,12.9,12.1
20260527,ドンテスタマスター,55.2,40.0,26.1,12.7,15.2,13.9,13.4,12.7
20260527,スナークゴーギャン,55.3,39.7,26.1,13.1,15.6,13.6,13.0,13.1
20260527,ロンドンガーズ,52.5,37.9,24.9,12.6,14.6,13.0,12.3,12.6
20260527,フルーツバスケット,53.8,38.8,25.5,13.1,15.0,13.3,12.4,13.1
20260527,ケイアイシェルビー,52.5,38.3,25.0,12.4,14.2,13.3,12.6,12.4
20260527,ブルーノート,58.2,41.3,27.5,14.4,16.9,13.8,13.1,14.4
20260527,サンライズアムール,64.1,46.7,30.8,16.0,17.4,15.9,14.8,16.0
20260527,ヴァンドーム,53.2,39.7,25.6,12.6,13.5,14.1,13.0,12.6
20260527,スウィートリワード,52.5,37.5,24.5,12.3,15.0,13.0,12.2,12.3
20260527,レイワサンサン,65.4,47.5,30.7,14.9,17.9,16.8,15.8,14.9
20260527,ダノンデサイル,51.9,37.6,24.8,12.3,14.3,12.8,12.5,12.3
20260527,クラッチプレイヤー,53.9,38.9,25.2,12.8,15.0,13.7,12.4,12.8
20260527,ピューロマジック,51.1,37.0,24.2,12.2,14.1,12.8,12.0,12.2
20260527,ピエマンソン,52.4,37.7,25.1,12.6,14.7,12.6,12.5,12.6
20260527,ディニトーソ,54.5,39.7,25.7,12.5,14.8,14.0,13.2,12.5
20260527,ロットブラータ,51.9,37.6,24.8,12.6,14.3,12.8,12.2,12.6
20260527,ミラージュナイト,54.9,39.8,25.1,12.4,15.1,14.7,12.7,12.4
20260527,ニシノジェダイ,54.7,38.3,25.0,12.3,16.4,13.3,12.7,12.3
20260527,ストラーダ,51.1,38.0,24.7,12.5,13.1,13.3,12.2,12.5
20260527,ヨカオウ,52.8,38.2,25.1,12.4,14.6,13.1,12.7,12.4
20260527,アイルトン,53.4,38.5,25.1,12.8,14.9,13.4,12.3,12.8
20260527,アイアン,53.2,39.1,25.4,12.7,14.1,13.7,12.7,12.7
20260527,ティアーズクィーン,56.1,41.2,27.6,13.9,14.9,13.6,13.7,13.9
20260527,ヒューザー,66.7,49.4,33.1,16.4,17.3,16.3,16.7,16.4
20260527,タガノラヴズワン,52.9,38.2,24.9,12.8,14.7,13.3,12.1,12.8
20260527,トラステッド,54.2,38.6,25.1,12.4,15.6,13.5,12.7,12.4
20260527,オメガヒストリー,51.5,38.1,24.7,12.3,13.4,13.4,12.4,12.3
20260527,アンガーザガール,61.9,45.3,29.6,14.8,16.6,15.7,14.8,14.8
20260527,ユイリノベーション,53.4,38.5,25.1,12.9,14.9,13.4,12.2,12.9
20260527,エティエンヌ,68.6,49.8,33.4,17.6,18.8,16.4,15.8,17.6
20260527,ゴートゥファースト,51.2,36.8,23.8,12.0,14.4,13.0,11.8,12.0
20260527,アスクヴォルテージ,54.4,39.6,25.5,12.6,14.8,14.1,12.9,12.6
20260527,セディバン,70.1,52.0,34.5,16.9,18.1,17.5,17.6,16.9
20260527,ハミルトン,73.1,53.3,35.1,17.1,19.8,18.2,18.0,17.1
20260527,アルテヴェローチェ,53.9,38.6,24.2,11.9,15.3,14.4,12.3,11.9
20260527,エイヘンハールト,73.5,53.5,35.4,17.3,20.0,18.1,18.1,17.3
20260527,ボッチョ,58.4,42.6,27.1,12.9,15.8,15.5,14.2,12.9
20260527,タイキルッジェーロ,73.2,53.0,34.6,17.7,20.2,18.4,16.9,17.7
20260527,リアンドゥクール,65.7,47.4,30.7,15.0,18.3,16.7,15.7,15.0
20260527,エレノアサンライズ,58.1,42.5,27.7,13.5,15.6,14.8,14.2,13.5
20260527,エイル,74.0,53.5,35.6,17.6,20.5,17.9,18.0,17.6
20260527,コンジェスタス,73.0,53.0,34.5,17.1,20.0,18.5,17.4,17.1
20260527,フレアオブセンス,72.5,52.4,33.7,16.3,20.1,18.7,17.4,16.3
20260527,ニドヅケキンシ,69.4,51.1,35.1,18.0,18.3,16.0,17.1,18.0
20260527,ノリヤンモーニン,68.2,49.9,33.1,16.6,18.3,16.8,16.5,16.6
20260527,ｽﾏｰﾄｱｴﾛの24,69.2,50.4,33.0,16.9,18.8,17.4,16.1,16.9
20260527,スマートメモリー,58.3,42.7,27.1,12.9,15.6,15.6,14.2,12.9
20260527,ハロナ,65.0,47.9,31.5,16.0,17.1,16.4,15.5,16.0
20260527,ビスケットサンド,65.9,48.6,32.5,16.9,17.3,16.1,15.6,16.9
20260527,ナオミガサイキョウ,62.8,47.1,31.2,15.8,15.7,15.9,15.4,15.8
20260527,ソゲソゲスマイル,64.2,47.6,31.3,15.4,16.6,16.3,15.9,15.4
20260527,バレエマスター,54.2,39.5,25.6,12.5,14.7,13.9,13.1,12.5
20260527,ニホンピロゴルディ,71.0,52.5,35.1,17.4,18.5,17.4,17.7,17.4
20260527,メイショウフウドウ,54.0,39.7,25.6,12.5,14.3,14.1,13.1,12.5
20260527,フィオレストラーダ,54.1,39.1,25.0,12.2,15.0,14.1,12.8,12.2
20260527,エアニゲラ,54.2,39.4,25.0,12.4,14.8,14.4,12.6,12.4
20260527,オンザムービー,66.0,49.4,32.6,15.9,16.6,16.8,16.7,15.9
20260527,サトノアグード,53.1,39.2,25.2,12.2,13.9,14.0,13.0,12.2
20260527,アイゼンフォルク,54.5,39.6,25.1,12.4,14.9,14.5,12.7,12.4
20260527,フライングブレード,55.6,40.5,26.3,12.8,15.1,14.2,13.5,12.8
20260527,テラステラ,54.2,39.0,25.2,12.7,15.2,13.8,12.5,12.7
20260527,クインズショコラ,54.4,38.6,24.6,12.4,15.8,14.0,12.2,12.4
20260527,サイモンイロハニー,64.0,47.9,32.0,16.0,16.1,15.9,16.0,16.0
20260527,ダノンシーマ,53.7,38.9,25.6,12.7,14.8,13.3,12.9,12.7
20260527,ロンドボス,53.6,38.2,24.5,11.9,15.4,13.7,12.6,11.9
20260527,ソルトハッピー,53.5,38.7,25.1,12.7,14.8,13.6,12.4,12.7
20260527,エルモサカスターノ,65.2,47.7,30.5,14.6,17.5,17.2,15.9,14.6
20260527,ルージュプルーヴ,54.8,39.1,25.7,12.9,15.7,13.4,12.8,12.9
20260527,ロールスワン,55.2,40.0,25.6,12.3,15.2,14.4,13.3,12.3
20260527,ニシノキヅイタラ,68.2,49.9,33.1,17.0,18.3,16.8,16.1,17.0
20260527,トシミチ,68.6,50.0,33.2,16.7,18.6,16.8,16.5,16.7
20260527,ラブリーリディア,54.1,38.5,25.1,12.7,15.6,13.4,12.4,12.7
20260527,メイショウタイピン,57.3,40.5,26.2,12.5,16.8,14.3,13.7,12.5
20260527,オーロクリューソス,55.5,40.1,25.8,12.8,15.4,14.3,13.0,12.8
20260527,ドンレミラピュセル,53.6,38.8,25.4,13.0,14.8,13.4,12.4,13.0
20260527,ワルツプリンセス,57.9,42.6,27.9,12.8,15.3,14.7,15.1,12.8
20260527,パスリヤージュ,64.6,47.1,32.2,16.7,17.5,14.9,15.5,16.7
20260527,ピカラ,54.2,39.2,24.3,11.7,15.0,14.9,12.6,11.7
20260527,マテンロウプリンス,53.8,39.5,26.0,12.8,14.3,13.5,13.2,12.8
20260527,エナジーアユ,55.8,40.2,25.7,12.8,15.6,14.5,12.9,12.8
20260527,ナムラステラ,55.1,39.5,25.5,12.8,15.6,14.0,12.7,12.8
20260527,プリンセスモコ,53.4,38.6,25.2,12.2,14.8,13.4,13.0,12.2
20260527,シンゼンノト,62.6,44.6,29.0,13.8,18.0,15.6,15.2,13.8
20260527,マーブルロック,56.0,40.7,25.5,12.3,15.3,15.2,13.2,12.3
20260527,マダムイグレイン,57.5,41.9,26.7,12.8,15.6,15.2,13.9,12.8
20260527,フェイトライン,80.8,58.7,37.8,17.9,22.1,20.9,19.9,17.9
20260527,ベルジュロネット,64.6,47.8,32.1,16.3,16.8,15.7,15.8,16.3
20260527,ウーマンズパワー,52.5,38.9,25.7,13.4,13.6,13.2,12.3,13.4
20260527,マーブルパレス,60.8,44.9,30.0,14.5,15.9,14.9,15.5,14.5
20260527,センリョウヤクシャ,52.8,39.2,25.9,13.6,13.6,13.3,12.3,13.6
20260527,テラレガル,67.7,50.5,33.7,16.7,17.2,16.8,17.0,16.7
20260527,クルゼイロドスル,54.1,38.5,24.8,12.4,15.6,13.7,12.4,12.4
20260527,アクートゥス,64.6,46.7,30.6,14.8,17.9,16.1,15.8,14.8
20260527,スネーフリンガ,53.2,38.2,24.8,12.1,15.0,13.4,12.7,12.1
20260527,パンキー,59.4,43.4,28.3,14.1,16.0,15.1,14.2,14.1
20260527,カフジミモレット,53.9,39.0,24.9,12.0,14.9,14.1,12.9,12.0
20260527,トリーア,54.1,39.2,25.2,12.3,14.9,14.0,12.9,12.3
20260527,メイショウタイザン,56.0,39.9,26.3,13.3,16.1,13.6,13.0,13.3
20260527,ペアスターロード,66.0,47.9,31.3,15.6,18.1,16.6,15.7,15.6
20260527,サノノマリーナ,69.0,50.8,33.2,16.2,18.2,17.6,17.0,16.2
20260527,ゴコウサス,51.9,38.5,25.2,12.6,13.4,13.3,12.6,12.6
20260527,ハイディージェン,66.0,48.2,31.7,15.9,17.8,16.5,15.8,15.9
20260527,プリズマジコ,56.9,40.9,25.9,12.1,16.0,15.0,13.8,12.1
20260527,メディテラニアン,65.4,47.0,30.7,15.1,18.4,16.3,15.6,15.1
20260527,ビズロード,53.8,39.3,25.5,12.6,14.5,13.8,12.9,12.6
20260527,クリノリキオー,55.4,39.9,25.8,12.7,15.5,14.1,13.1,12.7
20260527,ムーランオランジュ,55.3,39.4,25.3,12.7,15.9,14.1,12.6,12.7
20260527,ライトニングロッド,56.0,38.7,24.4,12.0,17.3,14.3,12.4,12.0
20260527,キヨタリート,55.0,39.7,25.6,12.8,15.3,14.1,12.8,12.8
20260527,ルクスドリーム,52.9,38.5,24.5,12.1,14.4,14.0,12.4,12.1
20260527,スマートエラン,68.5,49.3,31.8,16.2,19.2,17.5,15.6,16.2
20260527,マイバレンタイン,66.0,47.5,30.7,15.0,18.5,16.8,15.7,15.0
20260527,ワンダフルデイズ,55.5,40.1,25.2,12.3,15.4,14.9,12.9,12.3
20260527,ベストレイク,52.3,38.7,25.2,12.7,13.6,13.5,12.5,12.7
20260527,ユウトザイノセント,53.6,38.7,24.4,12.0,14.9,14.3,12.4,12.0
20260527,ビップジーニー,59.6,43.6,28.5,13.4,16.0,15.1,15.1,13.4
20260527,ワールズエンド,57.3,40.9,25.6,12.5,16.4,15.3,13.1,12.5
20260527,チリーゴールド,54.4,38.6,25.0,12.3,15.8,13.6,12.7,12.3
20260527,グリミスティ,70.4,52.3,34.5,16.6,18.1,17.8,17.9,16.6
20260527,ホッコームジカ,56.6,40.1,25.7,12.8,16.5,14.4,12.9,12.8
20260527,テリオスリコ,56.0,40.6,26.0,12.6,15.4,14.6,13.4,12.6
20260527,タガノアラリア,54.1,38.8,24.1,11.9,15.3,14.7,12.2,11.9
20260527,ワンインザスカイ,55.1,40.1,25.5,12.4,15.0,14.6,13.1,12.4
20260527,ナムラソラン,56.2,40.9,26.5,13.0,15.3,14.4,13.5,13.0
20260527,ノブレスラブリエ,54.2,39.2,25.1,12.6,15.0,14.1,12.5,12.6
20260527,ケンタッキーホーム,54.6,39.1,25.4,12.4,15.5,13.7,13.0,12.4
20260527,ブラックミューズ,55.5,40.4,25.6,12.4,15.1,14.8,13.2,12.4
20260527,テーオーダヴィンチ,52.3,37.4,24.3,12.2,14.9,13.1,12.1,12.2
20260527,アスクコンナモンダ,56.0,39.8,24.9,12.4,16.2,14.9,12.5,12.4
20260527,ディアドコス,55.3,39.7,25.5,12.4,15.6,14.2,13.1,12.4
20260527,プロミシングスター,54.4,39.8,25.5,12.5,14.6,14.3,13.0,12.5
20260527,テラメリタ,61.1,44.1,28.4,13.9,17.0,15.7,14.5,13.9
20260527,ブエナオンダ,63.1,45.5,29.5,14.1,17.6,16.0,15.4,14.1
20260527,ウィルサヴァイブ,63.7,46.1,30.1,15.0,17.6,16.0,15.1,15.0
20260527,ライトオブジアース,64.1,47.3,30.9,15.4,16.8,16.4,15.5,15.4
20260527,ピョイットハレルヤ,71.2,51.9,34.1,17.1,19.3,17.8,17.0,17.1
20260527,コティノス,63.7,46.5,30.5,14.6,17.2,16.0,15.9,14.6
20260527,イッペイ,61.6,45.0,29.6,14.3,16.6,15.4,15.3,14.3
20260527,サンタンジェロ,60.9,44.1,28.6,14.4,16.8,15.5,14.2,14.4
20260527,メイショウユズルハ,69.3,51.7,34.3,16.6,17.6,17.4,17.7,16.6
20260527,ハートメテオ,52.2,38.3,24.8,12.2,13.9,13.5,12.6,12.2
20260527,シャンパンスター,55.4,39.4,25.5,12.6,16.0,13.9,12.9,12.6
20260527,ディーリライズ,53.1,38.2,24.5,12.0,14.9,13.7,12.5,12.0
20260527,アライブテーラー,55.3,41.0,26.3,13.0,14.3,14.7,13.3,13.0
20260527,ミリタリータトゥー,72.5,54.2,36.2,17.5,18.3,18.0,18.7,17.5
20260527,スマイルガルーダ,69.6,49.1,31.9,16.1,20.5,17.2,15.8,16.1
20260527,ダイヤモンドエルザ,55.2,39.7,25.9,12.9,15.5,13.8,13.0,12.9
20260527,ワダツミ,53.5,39.2,25.4,12.5,14.3,13.8,12.9,12.5
20260527,シュネードリーム,54.9,39.7,25.4,12.6,15.2,14.3,12.8,12.6
20260527,メイショウピュルテ,55.5,39.9,26.2,12.9,15.6,13.7,13.3,12.9
20260527,ルビーブロンド,54.8,39.8,25.5,12.3,15.0,14.3,13.2,12.3
20260527,ポニーテール,65.7,47.6,30.9,15.2,18.1,16.7,15.7,15.2
20260527,ベルセクレト,68.9,51.1,34.4,17.4,17.8,16.7,17.0,17.4
20260527,プラニスフェリオ,58.4,42.7,27.7,13.5,15.7,15.0,14.2,13.5
20260527,ホルトバージ,56.2,39.6,25.1,12.3,16.6,14.5,12.8,12.3
20260527,ヒルノドゴール,52.9,37.8,24.2,12.1,15.1,13.6,12.1,12.1
20260527,フェンダー,57.0,41.3,26.5,12.9,15.7,14.8,13.6,12.9
20260527,グロリアスグレイス,65.5,47.1,30.6,15.6,18.4,16.5,15.0,15.6
20260527,ダガーリング,53.7,37.9,24.4,12.1,15.8,13.5,12.3,12.1
20260527,ワンダージェム,58.4,42.0,27.1,13.4,16.4,14.9,13.7,13.4
20260527,オレンジフィールド,56.3,40.9,26.8,13.4,15.4,14.1,13.4,13.4
20260527,リリーサンダー,66.2,47.6,30.7,15.4,18.6,16.9,15.3,15.4
20260527,アルムアポジェ,54.8,39.4,24.9,12.1,15.4,14.5,12.8,12.1
20260527,ジェンティール,61.9,44.9,29.0,13.8,17.0,15.9,15.2,13.8
20260527,シャンティフレーズ,56.2,40.2,25.6,12.7,16.0,14.6,12.9,12.7
20260527,ロックウイズミー,66.6,47.6,30.7,15.3,19.0,16.9,15.4,15.3
20260527,サンライズアムール,69.6,51.5,34.1,17.3,18.1,17.4,16.8,17.3
20260527,モズマーヴェリック,55.6,41.1,26.8,13.0,14.5,14.3,13.8,13.0
20260527,ファイアプレイス,68.5,50.5,33.2,16.5,18.0,17.3,16.7,16.5
20260527,ミリオンアップ,67.3,49.5,32.8,16.1,17.8,16.7,16.7,16.1
20260527,ジャストグレース,68.1,51.2,34.7,17.4,16.9,16.5,17.3,17.4
20260527,エコロゼルダ,66.1,48.4,32.0,15.6,17.7,16.4,16.4,15.6
20260527,ヒューザー,70.6,52.1,34.1,16.8,18.5,18.0,17.3,16.8
20260527,ペンダント,65.0,47.5,30.3,14.8,17.5,17.2,15.5,14.8
20260527,ケイアイクウガ,65.9,48.6,32.1,16.1,17.3,16.5,16.0,16.1
20260527,ジュエルシップ,68.0,49.9,32.6,16.1,18.1,17.3,16.5,16.1
20260527,スマートフォルス,63.8,47.0,30.6,15.1,16.8,16.4,15.5,15.1
20260527,パープルクラウド,61.4,44.6,29.3,14.3,16.8,15.3,15.0,14.3
20260527,タイセイバウンス,54.8,39.4,25.0,12.2,15.4,14.4,12.8,12.2
20260527,タイキルッジェーロ,55.4,40.1,26.1,12.2,15.3,14.0,13.9,12.2
20260527,ヴェネラブル,58.3,43.5,28.5,14.2,14.8,15.0,14.3,14.2
20260527,メイショウジンライ,53.4,38.4,24.8,12.3,15.0,13.6,12.5,12.3
20260527,ブルースプレイヤー,53.7,38.6,25.0,12.4,15.1,13.6,12.6,12.4
20260527,エンジェルボイス,64.9,47.9,31.1,15.3,17.0,16.8,15.8,15.3
20260527,マルベック,67.2,48.7,31.1,14.6,18.5,17.6,16.5,14.6
20260527,ニシノエビガタメ,64.5,47.0,29.9,14.8,17.5,17.1,15.1,14.8
20260527,エイル,57.2,41.4,25.8,12.2,15.8,15.6,13.6,12.2
20260527,コンジェスタス,54.1,38.7,25.4,12.6,15.4,13.3,12.8,12.6
20260527,ダノンベルビュー,69.4,49.8,31.8,15.6,19.6,18.0,16.2,15.6
20260527,ヤブサメ,52.8,38.2,24.3,11.8,14.6,13.9,12.5,11.8
20260527,キングツェッペリン,54.1,40.1,25.9,12.5,14.0,14.2,13.4,12.5
20260527,ハミルトン,59.9,43.1,27.8,13.3,16.8,15.3,14.5,13.3
20260527,エイヘンハールト,56.6,40.4,25.8,12.3,16.2,14.6,13.5,12.3
20260527,ビーチェ,53.6,38.6,25.1,12.4,15.0,13.5,12.7,12.4
20260527,レーヌペスカ,54.8,39.7,25.7,12.6,15.1,14.0,13.1,12.6
20260527,ゴッドアミーラ,53.8,39.8,25.2,12.4,14.0,14.6,12.8,12.4
20260527,ハヤブサブロー,75.5,54.4,35.0,16.4,21.1,19.4,18.6,16.4
20260527,メイショウトウコウ,52.7,38.1,24.3,11.7,14.6,13.8,12.6,11.7
20260527,フレアオブセンス,56.6,40.5,25.9,12.3,16.1,14.6,13.6,12.3
20260527,グルード,64.1,46.9,31.2,16.0,17.2,15.7,15.2,16.0
20260527,グレートキリシマ,64.5,47.4,31.0,15.7,17.1,16.4,15.3,15.7
20260527,キタサンダムール,54.3,39.4,26.2,13.1,14.9,13.2,13.1,13.1
20260527,ルガル,70.9,51.6,33.4,16.2,19.3,18.2,17.2,16.2
20260527,シャルクハフト,73.0,53.1,34.6,16.7,19.9,18.5,17.9,16.7
20260527,アート,69.2,49.8,33.3,16.5,19.4,16.5,16.8,16.5
20260527,タマモパルファン,72.6,52.3,33.5,16.1,20.3,18.8,17.4,16.1
20260527,ブライトエンジェル,65.3,47.7,31.6,15.7,17.6,16.1,15.9,15.7
20260527,サマーナジュム,66.8,49.1,32.4,15.9,17.7,16.7,16.5,15.9
20260527,クロジシジョー,63.8,46.7,30.8,15.1,17.1,15.9,15.7,15.1
20260527,メイショウシナノ,55.0,40.6,26.1,12.6,14.4,14.5,13.5,12.6
20260527,ケリフレッドアスク,66.5,47.9,30.9,15.1,18.6,17.0,15.8,15.1
20260527,ミヤノラングリー,54.4,39.6,25.7,12.6,14.8,13.9,13.1,12.6
20260527,ノボリスマイル,54.3,39.5,25.6,12.5,14.8,13.9,13.1,12.5
20260527,ロスニーニョス,66.7,48.7,32.3,15.8,18.0,16.4,16.5,15.8
20260527,ルフトブリュッケ,69.8,50.3,32.7,16.0,19.5,17.6,16.7,16.0
20260527,コムアンエクレール,69.9,50.6,32.9,16.1,19.3,17.7,16.8,16.1
20260527,ﾏﾘｱﾝの24,71.1,52.0,34.5,17.4,19.1,17.5,17.1,17.4
20260527,ヘキレキ,66.9,48.7,32.6,15.9,18.2,16.1,16.7,15.9
20260527,ナイトアクアリウム,56.2,40.2,25.7,12.5,16.0,14.5,13.2,12.5
20260527,オリーボーレン,66.7,49.4,32.9,16.5,17.3,16.5,16.4,16.5
20260527,ジュウオウ,59.3,44.4,29.5,14.9,14.9,14.9,14.6,14.9
20260527,ダンツエラン,55.4,40.2,25.5,12.6,15.2,14.7,12.9,12.6
20260527,イサギ,67.9,48.0,30.1,14.8,19.9,17.9,15.3,14.8
20260527,グランディマージュ,56.3,41.2,25.6,12.3,15.1,15.6,13.3,12.3
20260527,ギオンバヤシ,55.3,40.1,25.7,12.5,15.2,14.4,13.2,12.5
20260527,ボクサークラブ,55.0,39.3,25.1,12.5,15.7,14.2,12.6,12.5
20260527,クロンヌジャン,55.9,40.6,26.2,12.6,15.3,14.4,13.6,12.6
20260527,ノチェセラーダ,65.4,47.7,30.9,14.9,17.7,16.8,16.0,14.9
20260527,アメリカンダンス,55.0,41.0,26.5,13.0,14.0,14.5,13.5,13.0
20260527,マイネルフルムーン,69.2,49.2,32.1,16.0,20.0,17.1,16.1,16.0
20260527,アラビアンジョイ,65.4,48.4,32.0,15.7,17.0,16.4,16.3,15.7
20260527,クレバーキュート,77.1,56.7,38.3,19.2,20.4,18.4,19.1,19.2
20260527,カナタコナタ,67.8,49.2,32.6,15.8,18.6,16.6,16.8,15.8
20260527,リアンマカ,65.0,46.8,30.9,15.6,18.2,15.9,15.3,15.6
20260527,ピースオブザライフ,67.7,50.4,32.9,16.0,17.3,17.5,16.9,16.0
20260527,ロングホリデー,69.0,50.6,32.5,15.9,18.4,18.1,16.6,15.9
20260527,シルバーレシオ,69.4,51.3,33.6,16.6,18.1,17.7,17.0,16.6
20260527,ダンツダコタ,55.9,39.8,26.2,13.2,16.1,13.6,13.0,13.2
20260527,ルイスイメル,55.8,39.7,26.1,13.1,16.1,13.6,13.0,13.1
20260527,パピヨンヴェール,56.5,42.1,27.8,13.4,14.4,14.3,14.4,13.4
20260527,ペンテリコン,67.5,48.3,31.0,15.0,19.2,17.3,16.0,15.0
20260527,ジーティーマン,53.2,38.2,24.8,12.4,15.0,13.4,12.4,12.4
20260527,ディープスリー,53.4,38.6,25.2,12.5,14.8,13.4,12.7,12.5
20260527,ビートル,54.8,39.5,25.7,12.7,15.3,13.8,13.0,12.7
20260527,ルージュスタニング,53.7,38.1,24.3,12.1,15.6,13.8,12.2,12.1
20260527,ドゥラエテルノ,53.2,38.5,25.0,12.6,14.7,13.5,12.4,12.6
20260527,モノノケ,55.2,40.2,25.8,13.1,15.0,14.4,12.7,13.1
20260527,ミーンアロット,54.7,40.1,25.9,13.2,14.6,14.2,12.7,13.2
20260527,アリハム,53.1,38.4,24.9,12.5,14.7,13.5,12.4,12.5
20260527,サガルマータ,63.4,46.7,30.7,15.2,16.7,16.0,15.5,15.2
20260527,マリオロード,70.7,51.2,33.3,15.6,19.5,17.9,17.7,15.6
20260527,カテリーナ,64.7,46.9,31.2,15.6,17.8,15.7,15.6,15.6
20260527,リラエンブレム,52.7,38.5,25.2,12.6,14.2,13.3,12.6,12.6
20260527,ヴォワラクテ,56.5,41.7,27.4,13.5,14.8,14.3,13.9,13.5
20260527,ルージュエピック,56.3,41.4,27.1,13.4,14.9,14.3,13.7,13.4
20260527,ジュンゴールド,55.1,39.6,25.7,12.5,15.5,13.9,13.2,12.5
20260527,ジャスティンカレラ,53.8,38.5,25.9,13.6,15.3,12.6,12.3,13.6
20260527,アメリカンコール,61.5,46.0,30.7,15.4,15.5,15.3,15.3,15.4
20260527,フェイトライン,57.2,40.3,25.3,12.1,16.9,15.0,13.2,12.1
20260527,ドンパッショーネ,55.4,39.4,24.7,12.0,16.0,14.7,12.7,12.0
20260527,フォーゲル,56.7,39.9,25.0,12.1,16.8,14.9,12.9,12.1
20260527,ルージュスプリヤ,54.7,38.9,24.2,11.8,15.8,14.7,12.4,11.8
20260527,ライラ,58.3,42.8,28.0,14.2,15.5,14.8,13.8,14.2
20260527,テーオーシーザー,56.0,41.3,26.8,13.6,14.7,14.5,13.2,13.6
20260527,オラヴィンリンナ,56.7,42.0,28.1,13.8,14.7,13.9,14.3,13.8
20260527,キービート,54.7,40.0,25.5,12.5,14.7,14.5,13.0,12.5
20260527,ルースソラール,58.0,43.0,28.5,14.2,15.0,14.5,14.3,14.2
20260527,ディアウス,59.6,44.0,29.1,14.4,15.6,14.9,14.7,14.4
20260527,サイモンゼスト,54.9,40.3,26.0,12.8,14.6,14.3,13.2,12.8
20260527,ホウオウワイズ,58.6,43.2,28.4,13.8,15.4,14.8,14.6,13.8
20260527,クリコキアナ,54.6,39.9,26.0,12.9,14.7,13.9,13.1,12.9
20260527,ジーティーサクラ,59.5,43.6,29.3,14.9,15.9,14.3,14.4,14.9
20260527,バトンインディ,57.2,42.2,27.9,13.7,15.0,14.3,14.2,13.7
20260527,チェリヴェント,68.3,49.8,32.7,15.8,18.5,17.1,16.9,15.8
20260527,メイショウハチロー,55.4,39.6,25.5,12.4,15.8,14.1,13.1,12.4
20260527,レーヴドアンジュ,53.9,38.7,24.7,12.5,15.2,14.0,12.2,12.5
20260527,ムーンライトダイヤ,53.8,38.5,24.6,12.5,15.3,13.9,12.1,12.5
20260527,ナムラヴンダー,56.9,40.7,25.9,12.4,16.2,14.8,13.5,12.4
20260527,メイケイバートン,52.9,38.3,24.7,12.6,14.6,13.6,12.1,12.6
20260527,ティムール,53.2,38.8,25.4,12.8,14.4,13.4,12.6,12.8
20260527,ザラタン,55.4,40.8,27.0,13.0,14.6,13.8,14.0,13.0
20260527,マリノエステーラ,52.7,38.8,25.6,12.8,13.9,13.2,12.8,12.8
20260527,ミルトメテオ,54.1,39.1,25.3,12.6,15.0,13.8,12.7,12.6
20260527,カクシンゴールド,54.7,40.3,26.2,13.0,14.4,14.1,13.2,13.0
20260527,ルガルデ,53.8,39.7,26.0,13.0,14.1,13.7,13.0,13.0
20260527,テイエムオオアラシ,67.6,49.4,33.4,17.1,18.2,16.0,16.3,17.1
20260527,ラウニウ,67.0,49.8,32.9,16.5,17.2,16.9,16.4,16.5
20260527,ニホンピロローカス,54.9,38.8,24.6,11.9,16.1,14.2,12.7,11.9
20260527,モズイージス,55.8,40.3,26.0,12.9,15.5,14.3,13.1,12.9
20260527,ピゲ,54.7,40.1,26.1,12.9,14.6,14.0,13.2,12.9
20260527,ウインルーティン,56.3,40.3,26.5,13.0,16.0,13.8,13.5,13.0
20260527,ユキノクラウン,53.7,39.2,26.1,12.9,14.5,13.1,13.2,12.9
20260527,レーヴドリュヌ,54.7,39.2,25.6,12.5,15.5,13.6,13.1,12.5
20260527,グラマラス,66.5,49.3,32.5,16.4,17.2,16.8,16.1,16.4
20260527,シェーネエルデ,65.4,48.2,32.0,15.8,17.2,16.2,16.2,15.8
20260527,キングゴールド,56.8,41.3,26.9,13.4,15.5,14.4,13.5,13.4
20260527,エイシンインアウト,54.2,39.5,25.7,13.1,14.7,13.8,12.6,13.1
20260527,レイセツ,55.3,40.3,26.3,13.2,15.0,14.0,13.1,13.2
20260527,モンシェリ,66.0,47.6,31.4,15.7,18.4,16.2,15.7,15.7
20260527,モカラマーズ,70.1,51.5,33.9,16.7,18.6,17.6,17.2,16.7
20260527,ウンナターシャ,67.5,48.9,30.9,15.1,18.6,18.0,15.8,15.1
20260527,アークレオン,68.6,49.1,31.2,15.3,19.5,17.9,15.9,15.3
20260527,サダメ,52.7,37.9,25.0,12.5,14.8,12.9,12.5,12.5
20260527,ジュンクロノシップ,70.1,50.3,32.9,16.3,19.8,17.4,16.6,16.3
20260527,リトセア,70.6,51.7,34.4,17.2,18.9,17.3,17.2,17.2
20260527,モズナツノジン,54.1,38.8,25.4,12.9,15.3,13.4,12.5,12.9
20260527,オウケンブラッド,53.4,38.6,25.1,12.6,14.8,13.5,12.5,12.6
20260527,ダイチノナポリ,56.7,38.5,24.0,12.3,18.2,14.5,11.7,12.3
20260527,コズミックダンサー,65.9,47.5,30.7,14.9,18.4,16.8,15.8,14.9
20260527,スターペスショウマ,53.8,40.1,26.3,12.7,13.7,13.8,13.6,12.7
20260527,メイショウショカツ,55.1,40.1,25.9,12.0,15.0,14.2,13.9,12.0
20260527,ジューンマーチ,57.0,41.6,26.9,13.2,15.4,14.7,13.7,13.2
20260527,テンタイムトップ,68.3,50.3,33.0,16.3,18.0,17.3,16.7,16.3
20260527,プリメラエストレラ,69.9,50.3,32.5,15.2,19.6,17.8,17.3,15.2
20260527,ﾚｰｳﾞﾄﾞﾘｰﾌﾞの24,70.1,50.4,32.6,15.2,19.7,17.8,17.4,15.2
20260527,ヒデノレインボー,57.8,41.6,27.0,13.1,16.2,14.6,13.9,13.1
20260527,ウォーターガーベラ,53.3,38.8,24.7,12.0,14.5,14.1,12.7,12.0
20260527,ララディアーブル,55.6,40.1,25.3,12.4,15.5,14.8,12.9,12.4
20260527,カムアップローゼス,61.3,44.8,29.3,14.6,16.5,15.5,14.7,14.6
20260527,ロサルゴサ,56.0,40.0,25.2,12.2,16.0,14.8,13.0,12.2
20260527,サイモングレイス,63.4,45.6,29.5,14.5,17.8,16.1,15.0,14.5
20260527,テーオーカメリア,58.3,42.1,27.4,13.1,16.2,14.7,14.3,13.1
20260527,スクワミッシュ,63.4,45.6,29.5,14.5,17.8,16.1,15.0,14.5
20260527,ジーティーキャリー,54.8,39.9,25.5,12.7,14.9,14.4,12.8,12.7
20260527,コルベータ,62.6,45.7,30.4,15.6,16.9,15.3,14.8,15.6
20260527,ペプチドヤマト,55.8,39.0,24.6,12.1,16.8,14.4,12.5,12.1
20260527,エーティーマクフィ,55.3,38.7,24.4,12.1,16.6,14.3,12.3,12.1
20260527,アウラニ,54.8,39.4,25.1,12.5,15.4,14.3,12.6,12.5
20260527,ダイメイクマモト,66.8,50.6,33.4,16.8,16.2,17.2,16.6,16.8
20260527,ルナノーヴァ,54.8,39.4,25.7,13.1,15.4,13.7,12.6,13.1
20260527,ファイネクローネ,54.9,39.4,25.4,12.8,15.5,14.0,12.6,12.8
20260527,テイクザスローン,54.2,39.0,25.0,12.5,15.2,14.0,12.5,12.5
20260527,ラージギャラリー,66.6,48.6,32.6,16.5,18.0,16.0,16.1,16.5
20260527,ペプチドアバンス,58.4,39.9,25.2,12.5,18.5,14.7,12.7,12.5
20260527,ハッピーリオン,55.2,39.4,25.1,12.6,15.8,14.3,12.5,12.6
20260527,メイショウゼルク,55.2,39.9,25.7,13.0,15.3,14.2,12.7,13.0
20260527,シラヌイ,56.0,40.6,25.5,12.2,15.4,15.1,13.3,12.2
20260527,マルモリキャスター,56.4,41.6,27.0,13.3,14.8,14.6,13.7,13.3
20260527,ヨシノイースター,52.2,37.5,23.9,11.9,14.7,13.6,12.0,11.9
20260527,シュヴァルツリーベ,61.3,43.7,28.2,13.9,17.6,15.5,14.3,13.9
20260527,ダズリングノット,57.0,41.1,25.8,12.6,15.9,15.3,13.2,12.6
20260527,タマモマリアージュ,64.0,46.9,31.4,15.9,17.1,15.5,15.5,15.9
20260527,ウンディーネ,56.5,40.8,25.7,12.6,15.7,15.1,13.1,12.6
20260527,ダイメイプリンス,56.6,42.8,27.3,13.0,13.8,15.5,14.3,13.0
20260527,グランピアン,57.6,43.2,27.5,13.1,14.4,15.7,14.4,13.1
20260527,イトカワサクラ,55.9,40.3,26.1,12.6,15.6,14.2,13.5,12.6
20260527,オセアスターライト,63.5,47.4,31.7,15.9,16.1,15.7,15.8,15.9
20260527,ウインドオルフェ,53.1,38.0,25.1,12.8,15.1,12.9,12.3,12.8
20260527,ショウナンアワード,65.2,47.8,31.8,16.0,17.4,16.0,15.8,16.0
20260527,イコミキマル,54.3,39.3,25.5,12.5,15.0,13.8,13.0,12.5
20260527,ラッキーダイヤ,56.7,40.9,26.4,12.9,15.8,14.5,13.5,12.9
20260527,スマートスピア,68.3,48.8,31.1,15.3,19.5,17.7,15.8,15.3
20260527,サトノトリニティ,67.5,49.6,32.0,15.4,17.9,17.6,16.6,15.4
20260527,バティック,67.0,48.9,32.6,16.4,18.1,16.3,16.2,16.4
20260527,ヘルモーズ,71.6,52.4,34.0,16.3,19.2,18.4,17.7,16.3
20260527,シャドウルーラー,56.0,41.1,26.8,13.4,14.9,14.3,13.4,13.4
20260527,バークシャーシチー,54.4,40.4,26.5,13.1,14.0,13.9,13.4,13.1
20260527,ゴールデンクラウド,70.3,51.6,34.1,17.0,18.7,17.5,17.1,17.0
20260527,トライアンフパス,58.7,43.1,28.0,13.7,15.6,15.1,14.3,13.7
20260527,マカナアネラ,72.5,53.5,35.0,17.1,19.0,18.5,17.9,17.1
20260527,ロードフロンティア,52.2,37.8,24.8,12.5,14.4,13.0,12.3,12.5
20260527,フェリーニ,66.2,48.1,31.0,15.5,18.1,17.1,15.5,15.5
20260527,ロコラッテ,64.9,48.2,31.4,15.6,16.7,16.8,15.8,15.6
20260527,ショールミーズ,66.1,50.2,33.8,17.2,15.9,16.4,16.6,17.2
20260527,アシャカブラーヴ,67.3,50.4,33.8,17.2,16.9,16.6,16.6,17.2
20260527,セミマル,63.3,45.6,28.9,14.0,17.7,16.7,14.9,14.0
20260527,ハピ,51.7,37.9,24.8,12.6,13.8,13.1,12.2,12.6
20260527,エルトンバローズ,53.2,37.9,24.0,11.6,15.3,13.9,12.4,11.6
20260527,キュピドン,54.3,38.3,24.6,12.4,16.0,13.7,12.2,12.4
20260527,グランテレーズ,53.9,39.9,25.6,12.4,14.0,14.3,13.2,12.4
20260527,ミッキークレスト,52.4,38.3,25.1,12.7,14.1,13.2,12.4,12.7
20260527,ムーンライトラガー,52.6,38.2,24.9,12.6,14.4,13.3,12.3,12.6
20260527,ハヤブサオヒメサマ,56.9,40.7,25.8,12.4,16.2,14.9,13.4,12.4
20260527,ラグナトーレ,56.6,41.3,26.5,12.3,15.3,14.8,14.2,12.3
20260527,ゴッドエスパーダ,56.5,41.0,25.9,12.2,15.5,15.1,13.7,12.2
20260527,ステラネージュ,54.3,38.9,25.1,12.5,15.4,13.8,12.6,12.5
20260527,サウンドディアナ,55.5,41.2,26.1,12.7,14.3,15.1,13.4,12.7
20260527,ボンボンブーケ,55.6,41.4,26.3,12.8,14.2,15.1,13.5,12.8
20260527,エイシンディード,52.3,38.0,24.0,11.7,14.3,14.0,12.3,11.7
20260527,ロイガヴェーグル,55.1,39.9,25.6,12.6,15.2,14.3,13.0,12.6
20260527,セールヴォラン,52.7,38.0,24.9,12.4,14.7,13.1,12.5,12.4
20260527,レヴォントゥレット,54.4,39.3,25.2,12.4,15.1,14.1,12.8,12.4
20260527,スナークラファエロ,53.1,38.1,24.7,12.2,15.0,13.4,12.5,12.2
20260527,エイカイソウル,53.8,38.6,24.8,12.4,15.2,13.8,12.4,12.4
20260527,ミスタージーティー,53.9,38.9,25.2,12.4,15.0,13.7,12.8,12.4
20260527,イガッチ,56.7,41.2,26.9,13.2,15.5,14.3,13.7,13.2
20260527,フィドルファドル,54.1,39.1,24.9,11.9,15.0,14.2,13.0,11.9
20260527,ヴァンアグレアブル,54.6,39.4,25.6,12.8,15.2,13.8,12.8,12.8
20260527,アスクデッドヒート,54.2,39.6,25.5,12.4,14.6,14.1,13.1,12.4
20260527,デュアルロール,53.6,38.7,24.8,12.1,14.9,13.9,12.7,12.1
20260527,ビービークローサー,54.8,39.6,25.5,12.4,15.2,14.1,13.1,12.4
20260527,マテンロウゲイル,54.4,39.1,25.4,12.4,15.3,13.7,13.0,12.4
20260527,ダンツウルス,54.3,39.0,24.9,12.2,15.3,14.1,12.7,12.2
20260527,アルトラムス,52.5,37.3,24.2,12.3,15.2,13.1,11.9,12.3
20260527,フルールドール,54.2,39.0,25.3,12.5,15.2,13.7,12.8,12.5
20260527,モンシーク,53.7,38.7,25.0,12.5,15.0,13.7,12.5,12.5
20260527,コマチチャン,53.5,38.6,24.8,12.2,14.9,13.8,12.6,12.2
20260527,ナムラロダン,54.7,39.7,25.6,12.5,15.0,14.1,13.1,12.5
20260527,ラインオブソウル,53.7,38.8,24.7,12.3,14.9,14.1,12.4,12.3
20260527,マリアナトレンチ,53.4,38.8,24.7,12.4,14.6,14.1,12.3,12.4
20260527,ハリウッドパーク,53.1,38.4,25.2,12.9,14.7,13.2,12.3,12.9
20260527,カミノレアル,54.6,39.4,25.2,12.5,15.2,14.2,12.7,12.5
20260527,サニーサルサ,55.6,39.3,24.6,12.0,16.3,14.7,12.6,12.0
20260527,スリールミニョン,55.0,39.1,24.4,12.0,15.9,14.7,12.4,12.0
20260527,ダイシンリンク,53.4,39.2,25.5,12.5,14.2,13.7,13.0,12.5
20260527,エムフォー,55.7,39.6,25.6,12.6,16.1,14.0,13.0,12.6
20260527,バトルアックス,54.6,39.1,25.2,12.2,15.5,13.9,13.0,12.2
20260527,サラサチャーミング,52.5,38.1,24.9,12.7,14.4,13.2,12.2,12.7
20260527,スナークシャラク,57.6,41.4,25.6,12.5,16.2,15.8,13.1,12.5
20260527,ヤマニンコルザ,54.8,40.2,25.7,12.6,14.6,14.5,13.1,12.6
20260527,エナジーイッセイ,52.7,38.3,24.9,12.6,14.4,13.4,12.3,12.6
20260527,エコロボルト,52.9,38.7,26.1,13.5,14.2,12.6,12.6,13.5
20260527,ヨウシタンレイ,56.1,41.4,26.5,13.0,14.7,14.9,13.5,13.0
20260527,オーシンハーフ,54.1,39.4,25.4,12.4,14.7,14.0,13.0,12.4
20260527,ヘルモーズ,55.4,40.3,26.2,12.8,15.1,14.1,13.4,12.8
20260527,スナークピカソ,53.5,39.3,25.2,12.4,14.2,14.1,12.8,12.4
20260527,モルビド,56.3,40.8,26.5,12.8,15.5,14.3,13.7,12.8
20260527,ゴールデンクラウド,54.4,39.5,25.7,12.7,14.9,13.8,13.0,12.7
20260527,スイーヴル,63.5,46.0,29.8,14.6,17.5,16.2,15.2,14.6
20260527,アイビーミャーオ,54.6,39.1,25.2,12.3,15.5,13.9,12.9,12.3
20260527,グレーヌドジョワ,65.8,47.4,31.0,15.3,18.4,16.4,15.7,15.3
20260527,ルージュシャラポワ,55.1,39.5,25.3,12.5,15.6,14.2,12.8,12.5
20260527,プリュスエクラ,55.7,40.3,25.8,12.6,15.4,14.5,13.2,12.6
20260527,グロリアスマーチ,54.8,38.4,24.5,12.1,16.4,13.9,12.4,12.1
20260527,タガノプディング,54.1,38.6,24.9,12.3,15.5,13.7,12.6,12.3
20260527,サトノビダーヤ,65.9,48.5,32.3,15.9,17.4,16.2,16.4,15.9
20260527,リアララ,50.9,37.3,24.6,12.3,13.6,12.7,12.3,12.3
20260527,アームズラムレイ,65.0,47.7,32.0,15.9,17.3,15.7,16.1,15.9
20260527,ソルテヴェローチェ,66.3,48.1,32.3,15.8,18.2,15.8,16.5,15.8
20260527,ミッキーツインクル,64.8,47.4,31.0,15.0,17.4,16.4,16.0,15.0
20260527,ベンダバール,56.2,40.6,26.3,12.8,15.6,14.3,13.5,12.8
20260527,ホウオウタイタン,55.4,41.0,26.7,12.8,14.4,14.3,13.9,12.8
20260527,オースミライト,67.3,48.5,31.5,15.7,18.8,17.0,15.8,15.7
20260527,リバーソニック,53.5,39.5,26.1,13.0,14.0,13.4,13.1,13.0
20260527,メイショウハチコウ,56.4,41.0,26.2,12.8,15.4,14.8,13.4,12.8
20260527,トッピワールド,61.5,45.4,29.6,14.6,16.1,15.8,15.0,14.6
20260527,ゴールデンドラゴン,53.4,38.9,25.4,13.0,14.5,13.5,12.4,13.0
20260527,ページターナー,59.5,43.8,28.6,14.4,15.7,15.2,14.2,14.4
20260527,ライジン,54.3,39.0,25.7,13.1,15.3,13.3,12.6,13.1
20260527,ロードヴォイジャー,53.4,38.7,24.7,12.1,14.7,14.0,12.6,12.1
20260527,メイショウカスガイ,67.1,48.7,32.7,15.9,18.4,16.0,16.8,15.9
20260527,シンヒダカゴールド,66.0,48.9,33.1,16.0,17.1,15.8,17.1,16.0
20260527,マテンロウオリジン,55.1,39.3,24.9,12.2,15.8,14.4,12.7,12.2
20260527,ゴールドアーチ,53.6,38.9,24.9,12.1,14.7,14.0,12.8,12.1
20260527,オラロア,52.9,38.6,25.4,13.1,14.3,13.2,12.3,13.1
20260527,マスティカーレ,55.8,40.3,25.7,12.4,15.5,14.6,13.3,12.4
20260527,ジュンウィンダム,56.5,40.9,26.3,12.7,15.6,14.6,13.6,12.7
20260527,テイエムファントム,54.4,39.8,25.7,12.4,14.6,14.1,13.3,12.4
20260527,ゼルダ,54.3,39.7,25.6,12.3,14.6,14.1,13.3,12.3
20260527,ノチェブエナ,52.9,38.5,24.8,12.3,14.4,13.7,12.5,12.3
20260527,ゲレーロアスール,54.7,39.8,25.4,12.5,14.9,14.4,12.9,12.5
20260527,クラウスーラ,54.0,39.0,24.9,12.4,15.0,14.1,12.5,12.4
20260527,ジーニアスバローズ,64.4,47.0,30.3,14.8,17.4,16.7,15.5,14.8
20260527,ブリックワーク,52.5,37.9,24.7,12.4,14.6,13.2,12.3,12.4
20260527,ヤマニンレセディ,57.3,40.8,25.8,12.5,16.5,15.0,13.3,12.5
20260527,テイエムスティール,65.4,49.2,32.6,15.5,16.2,16.6,17.1,15.5
20260527,グローリーバローズ,53.1,38.5,25.1,12.7,14.6,13.4,12.4,12.7
20260527,カネコメブライト,53.6,39.1,25.6,13.1,14.5,13.5,12.5,13.1
20260527,マテンロウブレイブ,54.5,38.5,24.7,12.2,16.0,13.8,12.5,12.2
20260527,カネコメファミリー,66.8,49.8,33.2,16.5,17.0,16.6,16.7,16.5
20260527,アロマフェリス,55.2,39.9,25.6,12.6,15.3,14.3,13.0,12.6
20260527,アチーヴァー,57.1,40.4,25.0,12.2,16.7,15.4,12.8,12.2
20260527,ミッドタウンナイト,56.2,40.6,26.3,13.1,15.6,14.3,13.2,13.1
20260527,メイワキラリ,56.4,40.7,26.0,12.5,15.7,14.7,13.5,12.5
20260527,リトゥリア,55.3,39.9,25.7,12.7,15.4,14.2,13.0,12.7
20260527,ダイシンヨーク,70.8,51.4,33.4,16.3,19.4,18.0,17.1,16.3
20260527,マリリンバローズ,63.3,45.7,31.2,15.8,17.6,14.5,15.4,15.8
20260527,マイネルビスマルク,53.2,38.6,25.3,12.7,14.6,13.3,12.6,12.7
20260527,テーオーシュタイン,56.7,40.1,25.4,12.2,16.6,14.7,13.2,12.2
20260527,メイショウルーク,54.3,38.7,24.8,12.1,15.6,13.9,12.7,12.1
20260527,ヒロノラメール,55.7,40.1,25.6,12.3,15.6,14.5,13.3,12.3
20260527,ペガサスウィンド,54.0,39.8,25.7,12.7,14.2,14.1,13.0,12.7
20260527,クールタロウ,54.8,40.3,25.7,12.6,14.5,14.6,13.1,12.6
20260527,ベトルス,60.9,45.4,30.6,15.2,15.5,14.8,15.4,15.2
20260527,ジュピターバローズ,55.2,40.3,26.0,12.5,14.9,14.3,13.5,12.5
20260527,アムールリーベ,54.9,38.9,25.0,12.4,16.0,13.9,12.6,12.4
20260527,メイショウヒュウガ,55.5,40.2,25.8,12.5,15.3,14.4,13.3,12.5
20260527,アンタレス,55.1,40.1,25.9,12.8,15.0,14.2,13.1,12.8
20260527,ペイシャモノノフ,52.4,38.3,25.3,12.9,14.1,13.0,12.4,12.9
20260527,キタノズエッジ,52.4,38.1,25.0,12.4,14.3,13.1,12.6,12.4
20260527,スターシップ,55.6,41.0,26.9,13.3,14.6,14.1,13.6,13.3
20260527,エコロデュラン,61.4,45.7,30.0,15.1,15.7,15.7,14.9,15.1
20260527,カフラー,61.9,45.9,30.3,15.0,16.0,15.6,15.3,15.0
20260527,キャンディリヒト,77.9,57.4,37.8,19.1,20.5,19.6,18.7,19.1
20260527,アイボリータワー,79.5,58.5,38.5,19.2,21.0,20.0,19.3,19.2
20260527,シートゥサミット,58.9,43.4,28.6,13.9,15.5,14.8,14.7,13.9
20260527,ジャスティンビスタ,58.1,42.5,28.1,14.0,15.6,14.4,14.1,14.0
20260527,グランブーケ,67.4,49.0,31.4,15.8,18.4,17.6,15.6,15.8
20260527,インユアスカイ,74.8,55.1,36.7,18.2,19.7,18.4,18.5,18.2
20260527,ロードメガロポリス,71.3,52.9,35.0,17.3,18.4,17.9,17.7,17.3
20260527,アスクエジンバラ,57.1,40.1,25.1,12.1,17.0,15.0,13.0,12.1
20260527,セブンマジシャン,71.3,51.4,33.7,16.4,19.9,17.7,17.3,16.4
20260527,ハギノサステナブル,72.7,52.7,33.9,16.5,20.0,18.8,17.4,16.5
20260527,ゴディアンフィンチ,54.2,39.9,26.0,12.8,14.3,13.9,13.2,12.8
20260527,アンリミテッド,73.4,53.9,35.3,17.4,19.5,18.6,17.9,17.4
20260527,ミルボナー,72.5,52.3,34.1,16.6,20.2,18.2,17.5,16.6
20260527,ルージュバロン,69.9,50.8,33.3,16.4,19.1,17.5,16.9,16.4
20260527,ミティリーニ,71.3,52.8,34.8,16.5,18.5,18.0,18.3,16.5
20260527,ラジャブルック,71.3,51.6,33.6,16.4,19.7,18.0,17.2,16.4
20260527,トラッドロア,73.4,54.1,34.5,16.0,19.3,19.6,18.5,16.0
20260527,ファヴォーニアン,72.9,52.7,34.7,17.1,20.2,18.0,17.6,17.1
20260527,ヴィヴェローネ,74.1,53.7,35.2,18.0,20.4,18.5,17.2,18.0
20260527,キャンドルマス,54.4,39.5,25.7,12.7,14.9,13.8,13.0,12.7
20260527,ミレニアルピンク,51.8,38.5,26.2,13.5,13.3,12.3,12.7,13.5
20260527,ビシェノ,53.6,39.7,25.8,12.8,13.9,13.9,13.0,12.8
20260527,オメガマサヤ,66.6,49.8,33.3,17.1,16.8,16.5,16.2,17.1
20260527,ハクサンテドリガワ,68.2,50.2,32.9,16.3,18.0,17.3,16.6,16.3
20260527,ハオカノア,55.0,39.4,25.4,12.6,15.6,14.0,12.8,12.6
20260527,チュウワメロディー,54.3,39.2,25.5,12.9,15.1,13.7,12.6,12.9
20260527,クロスボーダー,64.4,47.3,30.8,15.1,17.1,16.5,15.7,15.1
20260527,ティンティンデオ,69.7,51.1,34.2,17.7,18.6,16.9,16.5,17.7
20260527,リネアグローリア,66.2,48.6,32.4,16.3,17.6,16.2,16.1,16.3
20260527,ガウラディスコ,68.7,50.7,33.7,16.6,18.0,17.0,17.1,16.6
20260527,ヴァニーユ,74.1,53.4,34.8,17.2,20.7,18.6,17.6,17.2
20260527,ハイウェイワン,75.0,54.4,35.6,17.3,20.6,18.8,18.3,17.3
20260527,ルフトクス,56.2,41.3,26.7,13.4,14.9,14.6,13.3,13.4
20260527,カステッロトゥーレ,58.8,41.6,26.8,13.3,17.2,14.8,13.5,13.3
20260527,エンマ,56.2,40.3,26.4,13.0,15.9,13.9,13.4,13.0
20260527,シグレ,56.4,40.6,26.5,13.1,15.8,14.1,13.4,13.1
20260527,モズリバーシャトー,53.8,39.9,26.8,13.6,13.9,13.1,13.2,13.6
20260527,グランセンチュリ,70.6,52.7,35.1,17.8,17.9,17.6,17.3,17.8
20260527,ファツアップ,54.9,40.3,25.7,12.4,14.6,14.6,13.3,12.4
20260527,ラジャブルック,56.5,40.9,26.5,12.8,15.6,14.4,13.7,12.8
20260527,フランヴィア,73.5,54.0,35.5,17.2,19.5,18.5,18.3,17.2
20260527,セブンマジシャン,58.3,41.9,27.1,13.3,16.4,14.8,13.8,13.3
20260527,ハギノサステナブル,57.1,41.4,26.9,12.9,15.7,14.5,14.0,12.9
20260527,ブラックドレス,55.6,40.4,26.3,13.0,15.2,14.1,13.3,13.0
20260527,ハイビッグゴールド,55.2,40.7,27.0,13.7,14.5,13.7,13.3,13.7
20260527,アンリミテッド,54.9,39.2,25.3,12.4,15.7,13.9,12.9,12.4
20260527,ミルボナー,57.6,41.4,26.5,12.8,16.2,14.9,13.7,12.8
20260527,ミティリーニ,57.6,41.4,26.4,12.7,16.2,15.0,13.7,12.7
20260527,トラッドロア,56.7,41.6,27.4,13.3,15.1,14.2,14.1,13.3
20260527,ファヴォーニアン,55.2,40.1,26.0,12.6,15.1,14.1,13.4,12.6
20260527,ヴィヴェローネ,56.4,40.8,26.2,12.6,15.6,14.6,13.6,12.6
20260527,サカキ,56.7,41.5,27.1,13.5,15.2,14.4,13.6,13.5
20260527,エスティヴァリス,54.7,39.0,24.9,12.5,15.7,14.1,12.4,12.5
20260527,ユウファラオ,64.4,46.3,30.3,15.2,18.1,16.0,15.1,15.2
20260527,アスクアイルビゼア,64.7,47.4,31.2,15.5,17.3,16.2,15.7,15.5
20260527,ユーコンノオトコ,54.8,40.5,26.6,13.4,14.3,13.9,13.2,13.4
20260527,カッタッパ,63.5,46.9,31.3,15.8,16.6,15.6,15.5,15.8
20260527,ムテキシャチョウ,63.8,47.8,31.7,15.9,16.0,16.1,15.8,15.9
20260527,キーチラナキラ,68.6,51.0,33.5,16.8,17.6,17.5,16.7,16.8
20260527,クリスレグナム,74.2,55.4,37.4,18.7,18.8,18.0,18.7,18.7
20260527,ファラオクィーン,71.3,52.6,35.5,18.1,18.7,17.1,17.4,18.1
20260527,アスクワンタイム,65.4,46.7,30.2,14.8,18.7,16.5,15.4,14.8
20260527,エコロアビス,66.9,49.2,32.3,15.9,17.7,16.9,16.4,15.9
20260527,エコロルーク,66.8,48.9,32.6,16.3,17.9,16.3,16.3,16.3
20260527,ロードディグニティ,67.2,49.0,32.8,16.5,18.2,16.2,16.3,16.5
20260527,トムクリオーザ,66.5,48.4,32.2,16.2,18.1,16.2,16.0,16.2
20260527,ランツフート,64.2,47.7,31.9,16.1,16.5,15.8,15.8,16.1
20260527,ゼンノトヨタマヒメ,67.0,48.8,32.1,15.9,18.2,16.7,16.2,15.9
20260527,クイーンズドリーム,62.8,46.8,30.9,15.3,16.0,15.9,15.6,15.3
20260527,タプティ,72.3,52.4,34.5,16.6,19.9,17.9,17.9,16.6
20260527,ヤマニンイハナ,68.8,51.0,33.9,16.8,17.8,17.1,17.1,16.8
20260527,トゥーレジット,72.2,52.3,34.3,16.8,19.9,18.0,17.5,16.8
20260527,ジョヴィアン,52.0,37.9,24.8,12.2,14.1,13.1,12.6,12.2
20260527,トラペジスト,57.3,41.5,26.2,12.6,15.8,15.3,13.6,12.6
20260527,バッケンレコード,56.3,40.9,25.8,12.6,15.4,15.1,13.2,12.6
20260527,プレダトゥール,63.2,45.9,29.6,14.0,17.3,16.3,15.6,14.0
20260527,ヒルノアラゴン,63.2,45.9,29.6,14.1,17.3,16.3,15.5,14.1
20260527,ローゾフィア,53.0,38.8,25.5,13.0,14.2,13.3,12.5,13.0
20260527,アリュウ,53.2,39.0,25.8,13.1,14.2,13.2,12.7,13.1
20260527,ライツェントライゼ,66.8,47.5,30.3,15.0,19.3,17.2,15.3,15.0
20260527,ディアーモルタル,53.3,39.0,25.6,13.0,14.3,13.4,12.6,13.0
20260527,ナポリ,54.8,40.8,27.6,14.3,14.0,13.2,13.3,14.3
20260527,タマモキャロル,64.3,46.3,31.2,15.5,18.0,15.1,15.7,15.5
20260527,タナブイハチターボ,66.8,48.8,32.7,16.2,18.0,16.1,16.5,16.2
20260527,パンデアスカル,68.9,50.2,32.8,16.0,18.7,17.4,16.8,16.0
20260527,スカイメテオ,69.7,50.5,33.4,16.6,19.2,17.1,16.8,16.6
20260527,エマヌエーレ,53.7,38.4,24.8,11.9,15.3,13.6,12.9,11.9
20260527,マハートマーベル,54.9,39.1,25.2,12.4,15.8,13.9,12.8,12.4
20260527,ミュージアムマイル,54.5,38.8,25.5,12.8,15.7,13.3,12.7,12.8
20260527,ラッキーバック,55.4,39.7,25.6,12.8,15.7,14.1,12.8,12.8
20260527,ベルアズーロ,54.2,39.6,25.6,12.7,14.6,14.0,12.9,12.7
20260527,リッチブラック,63.8,46.4,29.8,14.4,17.4,16.6,15.4,14.4
20260527,タイゲン,53.0,37.7,24.6,12.4,15.3,13.1,12.2,12.4
20260527,ドットクルー,52.5,38.4,25.0,12.5,14.1,13.4,12.5,12.5
20260527,サクセスアイ,53.9,39.0,25.3,12.7,14.9,13.7,12.6,12.7
20260527,ジョーメッドヴィン,52.7,38.2,24.8,12.4,14.5,13.4,12.4,12.4
20260527,アガシ,51.4,36.9,24.8,12.9,14.5,12.1,11.9,12.9
20260527,ジンセイ,54.2,38.8,24.7,11.9,15.4,14.1,12.8,11.9
20260527,ザブライド,64.8,46.7,30.2,14.7,18.1,16.5,15.5,14.7
20260527,キュクヌス,53.2,40.0,26.1,12.6,13.2,13.9,13.5,12.6
20260527,スレッドザニードル,54.1,38.9,25.4,12.8,15.2,13.5,12.6,12.8
20260527,トラヴェリンバンド,63.7,46.6,31.2,15.9,17.1,15.4,15.3,15.9
20260527,エイカイカッシーナ,53.6,39.0,25.6,12.6,14.6,13.4,13.0,12.6
20260527,アイランド,55.4,39.3,25.3,12.6,16.1,14.0,12.7,12.6
20260527,ワンダーアスク,53.4,39.2,25.6,12.7,14.2,13.6,12.9,12.7
20260527,スーパーブラザー,55.4,40.3,26.6,13.7,15.1,13.7,12.9,13.7
20260527,エドウィンナルコ,67.0,48.1,30.8,15.1,18.9,17.3,15.7,15.1
20260527,ナギサモデラート,58.9,44.2,29.5,15.0,14.7,14.7,14.5,15.0
20260527,ホットリップス,56.1,40.0,25.8,12.7,16.1,14.2,13.1,12.7
20260527,シュタールヴィント,52.9,38.2,24.5,12.1,14.7,13.7,12.4,12.1
20260527,マーベリックシチー,56.4,40.9,26.2,12.9,15.5,14.7,13.3,12.9
20260527,シュガークン,78.7,57.5,37.5,18.6,21.2,20.0,18.9,18.6
20260527,ダノンマッキンリー,52.1,37.5,25.0,12.8,14.6,12.5,12.2,12.8
20260527,イイデカンタロウ,55.0,39.5,25.3,12.3,15.5,14.2,13.0,12.3
20260527,ユーヴェリア,54.3,39.3,24.8,12.1,15.0,14.5,12.7,12.1
20260527,マンオブザマッチ,54.5,39.7,25.7,12.9,14.8,14.0,12.8,12.9
20260527,ムイ,54.1,38.5,24.5,11.9,15.6,14.0,12.6,11.9
20260527,ホウオウレイヴン,54.6,39.7,25.9,12.7,14.9,13.8,13.2,12.7
20260527,トップオンザヒル,53.3,38.6,24.9,12.4,14.7,13.7,12.5,12.4
20260527,クロノスバレット,54.0,39.0,25.0,12.1,15.0,14.0,12.9,12.1
20260527,ベルラフィネ,53.2,38.6,25.0,12.5,14.6,13.6,12.5,12.5
20260527,アルビオン,55.5,41.1,26.4,12.6,14.4,14.7,13.8,12.6
20260527,ガロピーネ,56.3,41.3,26.4,12.9,15.0,14.9,13.5,12.9
20260527,バロニアル,63.4,46.3,29.9,14.3,17.1,16.4,15.6,14.3
20260527,ドットカモン,57.1,41.4,26.6,12.9,15.7,14.8,13.7,12.9
20260527,メイショウタカネ,56.8,41.3,26.4,13.0,15.5,14.9,13.4,13.0
20260527,アルギエバ,0.0,0.0,0.0,0.0,0.0,0.0,0.0,0.0
20260527,カローナ,54.0,39.5,25.7,13.1,14.5,13.8,12.6,13.1
20260527,トリオノチカラ,56.0,41.1,26.5,13.0,14.9,14.6,13.5,13.0
20260527,ラストモーメント,56.1,41.0,26.5,13.0,15.1,14.5,13.5,13.0
20260527,カレンハウ,64.9,47.5,31.0,15.2,17.4,16.5,15.8,15.2
20260527,カシノクロサイト,56.1,40.4,26.1,12.9,15.7,14.3,13.2,12.9
20260527,ヤマニンサンパ,78.3,57.9,38.1,18.6,20.4,19.8,19.5,18.6
20260527,ロードオルデン,54.4,38.9,25.4,12.8,15.5,13.5,12.6,12.8
20260527,リトルスカーレット,54.4,38.9,25.3,12.4,15.5,13.6,12.9,12.4
20260527,フララナキラ,54.7,39.1,25.1,12.7,15.6,14.0,12.4,12.7
20260527,グロリアス,57.2,40.8,26.3,12.9,16.4,14.5,13.4,12.9
20260527,バースデイフライト,55.8,39.6,25.0,12.0,16.2,14.6,13.0,12.0
20260527,ママコチャ,65.6,46.6,30.3,14.9,19.0,16.3,15.4,14.9
20260527,ティニア,65.1,47.2,30.8,14.8,17.9,16.4,16.0,14.8
20260527,トモジャザーン,52.9,37.5,24.5,12.5,15.4,13.0,12.0,12.5
20260527,クルミナーレ,65.7,47.4,30.6,14.9,18.3,16.8,15.7,14.9
20260527,フランキーバローズ,64.2,46.6,30.7,14.8,17.6,15.9,15.9,14.8
20260527,プルーフリーディン,55.0,39.7,25.8,12.5,15.3,13.9,13.3,12.5
20260527,ウィスピア,54.6,39.4,25.5,12.6,15.2,13.9,12.9,12.6
20260527,エースフライト,65.5,47.3,30.5,14.8,18.2,16.8,15.7,14.8
20260527,ニミッツハイウェイ,57.3,40.8,26.6,13.3,16.5,14.2,13.3,13.3
20260527,ミライチケット,56.6,40.8,26.1,12.6,15.8,14.7,13.5,12.6
20260527,ウインハルフォード,55.6,40.5,25.4,12.2,15.1,15.1,13.2,12.2
20260527,アパレイユ,55.0,39.0,24.7,12.0,16.0,14.3,12.7,12.0
20260527,ルクスグレイス,60.7,45.8,31.0,15.9,14.9,14.8,15.1,15.9
20260527,ケイアイセナ,66.5,49.1,32.9,16.5,17.4,16.2,16.4,16.5
20260527,オリンポスカズマ,68.6,49.7,32.1,15.5,18.9,17.6,16.6,15.5
20260527,ジョイフルサンデー,54.4,40.2,26.3,13.4,14.2,13.9,12.9,13.4
20260527,アイニードユー,67.1,48.6,31.3,15.5,18.5,17.3,15.8,15.5
20260527,マーゴットガイア,64.4,47.0,31.5,15.8,17.4,15.5,15.7,15.8
20260527,エイシンビーコン,66.8,48.4,31.1,15.6,18.4,17.3,15.5,15.6
20260527,シャンクスレガシー,59.4,43.5,29.2,14.4,15.9,14.3,14.8,14.4
20260527,ゼットクイン,57.3,41.1,26.1,12.8,16.2,15.0,13.3,12.8
20260527,サマーキューピッド,67.7,49.4,31.9,15.6,18.3,17.5,16.3,15.6
20260527,ショコラリーヴ,54.6,40.3,26.4,13.4,14.3,13.9,13.0,13.4
20260527,ウィンザーローズ,67.5,48.9,31.6,15.4,18.6,17.3,16.2,15.4
20260527,ﾊﾞﾝﾄﾞｩｯﾁの24,67.8,49.4,31.9,15.7,18.4,17.5,16.2,15.7
20260527,オーシンエス,69.2,51.9,34.6,17.1,17.3,17.3,17.5,17.1
20260527,マーゴットデウス,64.5,47.4,31.0,15.1,17.1,16.4,15.9,15.1
20260527,ワイドアラジン,56.4,41.4,26.9,13.5,15.0,14.5,13.4,13.5
20260527,メイショウホウレン,64.8,47.1,31.6,15.9,17.7,15.5,15.7,15.9
20260527,テーオーマルコーニ,54.8,39.4,25.4,12.6,15.4,14.0,12.8,12.6
20260527,ビップデイジー,56.6,41.0,26.5,12.9,15.6,14.5,13.6,12.9
20260527,ワイドクリーガー,56.3,41.2,26.8,13.5,15.1,14.4,13.3,13.5
20260527,リネアベルタ,53.8,39.1,25.0,12.9,14.7,14.1,12.1,12.9
20260527,クールブレーブ,66.0,48.3,31.7,16.3,17.7,16.6,15.4,16.3
20260527,スリーキズナヒメ,55.6,40.7,27.1,13.7,14.9,13.6,13.4,13.7
20260527,レッドブライトン,64.9,47.3,30.8,15.3,17.6,16.5,15.5,15.3
20260527,メイショウメゴヒメ,55.2,39.6,25.7,12.9,15.6,13.9,12.8,12.9
20260527,テムルーラー,64.3,46.8,30.7,15.1,17.5,16.1,15.6,15.1
20260527,ﾌﾞﾗﾝﾀﾞﾙｼﾞｬﾝの24,64.3,46.8,30.7,15.2,17.5,16.1,15.5,15.2
20260527,ヨドノゴールド,68.9,50.4,34.1,16.6,18.5,16.3,17.5,16.6
20260527,メイショウカイト,53.2,38.3,25.2,12.9,14.9,13.1,12.3,12.9
20260527,ブリュットミレジメ,53.4,38.4,24.2,12.0,15.0,14.2,12.2,12.0
20260527,エムズマインド,54.1,39.0,25.1,12.8,15.1,13.9,12.3,12.8
20260527,スピードリッチ,64.2,47.2,30.3,14.6,17.0,16.9,15.7,14.6
20260527,コモンスナイプ,53.2,38.9,25.5,12.9,14.3,13.4,12.6,12.9
20260527,クリコイーコ,55.3,39.6,25.7,12.6,15.7,13.9,13.1,12.6
20260527,ウインロズパレード,69.4,50.3,32.2,15.4,19.1,18.1,16.8,15.4
20260527,ウィスカーパッド,53.2,38.9,25.5,12.9,14.3,13.4,12.6,12.9
20260527,メイショウマドンナ,54.8,39.5,25.4,12.6,15.3,14.1,12.8,12.6
20260527,メイショウイブキ,54.6,39.7,26.8,13.5,14.9,12.9,13.3,13.5
20260527,ダノンロワール,55.5,40.8,26.3,12.6,14.7,14.5,13.7,12.6
20260527,メイショウマントル,64.7,47.3,31.1,15.7,17.4,16.2,15.4,15.7
20260527,メイショウカシワデ,55.9,40.6,26.7,13.0,15.3,13.9,13.7,13.0
20260527,タガノマルアフ,55.1,40.5,26.7,13.2,14.6,13.8,13.5,13.2
20260527,レットフィールマン,55.3,40.0,26.1,12.9,15.3,13.9,13.2,12.9
20260527,メイショウソラリス,66.7,48.0,31.4,15.7,18.7,16.6,15.7,15.7
20260527,パクスフェリーチェ,63.9,47.1,30.9,15.1,16.8,16.2,15.8,15.1
20260527,ルクスビッグスター,71.4,52.7,35.1,17.6,18.7,17.6,17.5,17.6
20260527,レインボーステート,64.7,45.9,30.2,15.1,18.8,15.7,15.1,15.1
20260527,マーゴットユーカー,68.5,49.8,33.2,16.7,18.7,16.6,16.5,16.7
20260527,マーゴットマシェリ,66.6,48.6,32.4,16.3,18.0,16.2,16.1,16.3
20260527,リバティユニバンス,67.3,48.5,31.8,15.8,18.8,16.7,16.0,15.8
20260527,キュールエフウジン,55.5,40.5,26.5,13.7,15.0,14.0,12.8,13.7
20260527,タガノデュード,80.0,57.0,36.6,17.5,23.0,20.4,19.1,17.5
20260527,トモジャプレジール,54.4,39.2,25.4,12.7,15.2,13.8,12.7,12.7
20260527,コンフォルツァ,60.6,44.2,28.4,13.7,16.4,15.8,14.7,13.7
20260527,ドラゴン,55.5,40.0,25.7,12.4,15.5,14.3,13.3,12.4
20260527,シーズザスローン,65.8,49.7,32.9,16.5,16.1,16.8,16.4,16.5
20260527,チャーチルデュース,57.6,41.8,27.6,13.7,15.8,14.2,13.9,13.7
20260527,シャンデルナゴル,71.5,52.5,33.8,16.3,19.0,18.7,17.5,16.3
20260527,ワイドシャッフエン,69.1,51.6,34.7,17.1,17.5,16.9,17.6,17.1
20260527,ウェイヴムーン,68.6,49.4,32.4,16.0,19.2,17.0,16.4,16.0
20260527,モンテパステル,54.9,40.0,25.7,12.6,14.9,14.3,13.1,12.6
20260527,アクアアイ,54.5,39.8,25.6,12.6,14.7,14.2,13.0,12.6
20260527,チェサピークベイ,62.4,45.3,29.5,14.2,17.1,15.8,15.3,14.2
20260527,ゴンフィンガー,63.4,46.4,30.7,15.5,17.0,15.7,15.2,15.5
20260527,ルーメンルーナエ,65.9,47.4,30.7,15.1,18.5,16.7,15.6,15.1
20260527,ダイナマイク,63.0,45.1,29.7,14.7,17.9,15.4,15.0,14.7
20260527,メイショウドライブ,54.6,39.7,25.3,12.3,14.9,14.4,13.0,12.3
20260527,エイプリルインパリ,65.3,47.8,31.6,15.5,17.5,16.2,16.1,15.5
20260527,クラスペディア,53.3,38.2,25.5,13.0,15.1,12.7,12.5,13.0
20260527,トゥインクルピカ,69.2,50.4,32.8,15.6,18.8,17.6,17.2,15.6
20260527,シュガークン,76.6,56.1,36.8,17.9,20.5,19.3,18.9,17.9
20260527,パシアンジャン,55.2,40.1,25.7,12.7,15.1,14.4,13.0,12.7
20260527,エバイダンス,53.8,39.4,25.0,12.2,14.4,14.4,12.8,12.2
20260527,ロックターミガン,58.8,42.9,27.6,13.5,15.9,15.3,14.1,13.5
20260527,ムソウテンセイ,53.8,39.6,25.1,12.4,14.2,14.5,12.7,12.4
20260527,アドフランマム,54.1,39.5,26.0,12.9,14.6,13.5,13.1,12.9
20260527,グッデイ,67.0,49.0,32.4,16.4,18.0,16.6,16.0,16.4
20260527,セーニョレガーレ,66.3,48.9,32.3,16.4,17.4,16.6,15.9,16.4
20260527,エイユーサクラ,67.7,50.6,33.6,16.8,17.1,17.0,16.8,16.8
20260527,ララドゥージエム,54.8,39.7,25.1,12.5,15.1,14.6,12.6,12.5
20260527,フェイトブレイカー,53.8,39.1,25.1,12.8,14.7,14.0,12.3,12.8
20260527,キタノシリウス,66.4,47.8,30.5,14.6,18.6,17.3,15.9,14.6
20260527,レゾルーティオ,71.1,51.0,33.3,16.3,20.1,17.7,17.0,16.3
20260527,ダノンヴェルサイユ,65.3,47.3,30.0,14.3,18.0,17.3,15.7,14.3
20260527,ヤマニンサンパ,56.0,39.9,25.1,12.4,16.1,14.8,12.7,12.4
20260527,パフュームセント,56.7,39.6,25.2,12.2,17.1,14.4,13.0,12.2
20260527,ワンダースアン,56.3,39.4,25.1,12.2,16.9,14.3,12.9,12.2
20260527,ビナハイバン,64.9,47.7,31.1,15.3,17.2,16.6,15.8,15.3
20260527,ヴィータリッカ,54.6,39.0,24.5,12.1,15.6,14.5,12.4,12.1
20260527,フレイミングパイ,52.0,39.5,27.3,14.5,12.5,12.2,12.8,14.5
20260527,レイピア,50.4,36.7,24.7,13.0,13.7,12.0,11.7,13.0
20260527,トゥレネヴェリテ,57.2,42.9,28.8,14.7,14.3,14.1,14.1,14.7
20260527,ジュンラトゥール,61.1,45.1,29.2,14.2,16.0,15.9,15.0,14.2
20260527,ブライアーヒル,53.4,38.4,25.1,12.9,15.0,13.3,12.2,12.9
20260527,バルナバ,80.3,55.3,36.1,18.1,25.0,19.2,18.0,18.1
20260527,カンシン,65.7,47.6,31.2,15.6,18.1,16.4,15.6,15.6
20260527,リピ,67.1,50.4,33.9,16.8,16.7,16.5,17.1,16.8
20260527,レウコテア,67.4,50.7,33.9,17.1,16.7,16.8,16.8,17.1
20260527,チョウスター,55.2,40.3,26.1,12.8,14.9,14.2,13.3,12.8
20260527,ロードマンハイム,64.4,46.2,30.0,15.0,18.2,16.2,15.0,15.0
20260527,セントールビースト,66.6,48.5,31.9,15.8,18.1,16.6,16.1,15.8
20260527,ローズラフィネ,63.0,45.5,29.3,14.6,17.5,16.2,14.7,14.6
20260527,クレスコフェーヴ,67.0,48.9,31.9,15.1,18.1,17.0,16.8,15.1
20260527,シュガークン,70.9,52.1,34.3,17.0,18.8,17.8,17.3,17.0
20260527,ロードラディウス,53.9,38.8,25.1,12.6,15.1,13.7,12.5,12.6
20260527,イグニション,69.3,49.7,32.7,16.2,19.6,17.0,16.5,16.2
20260527,ロードシュヴァリエ,53.0,38.1,24.7,12.3,14.9,13.4,12.4,12.3
20260527,ニューオーリンズ,67.7,49.3,32.3,16.1,18.4,17.0,16.2,16.1
20260527,キタノガイヤール,66.2,48.8,31.9,15.3,17.4,16.9,16.6,15.3
20260527,セブンサークル,69.4,49.9,32.7,15.9,19.5,17.2,16.8,15.9
20260527,ビッグシーザー,67.2,49.0,32.2,15.6,18.2,16.8,16.6,15.6
20260527,ワンコールアウェイ,68.4,50.0,32.9,16.4,18.4,17.1,16.5,16.4
20260527,スイートポメロ,54.9,39.3,25.9,13.2,15.6,13.4,12.7,13.2
20260527,ブラックシャリマー,68.7,50.7,33.4,16.6,18.0,17.3,16.8,16.6
20260527,パゴスピグイノス,55.3,40.1,26.0,13.0,15.2,14.1,13.0,13.0
20260527,ウイルソン,68.8,50.5,33.8,17.0,18.3,16.7,16.8,17.0
20260527,ケイアイドリー,65.5,48.2,31.8,15.9,17.3,16.4,15.9,15.9
20260527,ケーブパール,61.2,45.5,30.1,14.3,15.7,15.4,15.8,14.3
20260527,ノヴァレジーナ,54.5,39.6,25.6,12.6,14.9,14.0,13.0,12.6
20260527,サイモンコーラル,53.0,39.0,25.5,12.8,14.0,13.5,12.7,12.8
20260527,デプレ,55.4,40.6,26.4,13.4,14.8,14.2,13.0,13.4
20260527,バミューダブーケ,54.1,39.6,25.6,12.7,14.5,14.0,12.9,12.7
20260527,イーグルチョイス,66.0,48.0,31.6,15.5,18.0,16.4,16.1,15.5
20260527,レイデアルマス,63.9,47.1,30.8,14.6,16.8,16.3,16.2,14.6
20260527,カワキタマナレア,54.9,39.7,25.6,12.6,15.2,14.1,13.0,12.6
20260527,ミスジェイド,56.9,41.0,26.5,13.3,15.9,14.5,13.2,13.3
20260527,ラヴァブル,67.6,48.9,31.9,15.4,18.7,17.0,16.5,15.4
20260527,ジーティービキニ,55.8,40.8,26.7,13.2,15.0,14.1,13.5,13.2
20260527,リチュアル,65.4,48.8,32.4,15.9,16.6,16.4,16.5,15.9
20260527,プレゼンティーア,65.8,48.5,31.9,16.0,17.3,16.6,15.9,16.0
20260527,ラファル,64.6,47.8,32.0,16.0,16.8,15.8,16.0,16.0
20260527,ビップアリス,59.5,43.9,28.9,14.3,15.6,15.0,14.6,14.3
20260527,エリカヴェローナ,65.9,47.1,30.4,14.7,18.8,16.7,15.7,14.7
20260527,マカホウ,57.7,41.5,27.3,13.6,16.2,14.2,13.7,13.6
20260527,セイカンサンラン,56.9,42.8,28.9,14.8,14.1,13.9,14.1,14.8
20260527,ケイアイアニラ,59.5,43.9,28.8,14.2,15.6,15.1,14.6,14.2
20260527,コンクイスタ,58.5,43.0,28.3,13.9,15.5,14.7,14.4,13.9
20260527,サンセバ,58.0,43.4,28.4,14.1,14.6,15.0,14.3,14.1
20260527,ホワイトフレイムス,65.2,47.7,30.7,14.7,17.5,17.0,16.0,14.7
20260527,メモリアデルレ,58.3,43.1,28.6,14.1,15.2,14.5,14.5,14.1
20260527,ノリノリソックス,64.1,47.2,31.4,15.8,16.9,15.8,15.6,15.8
20260526,エラン,63.4,46.8,30.9,15.2,16.6,15.9,15.7,15.2
20260526,トロヴァトーレ,60.5,44.9,29.7,14.6,15.6,15.2,15.1,14.6
20260526,アルヴィア,69.1,50.2,32.7,16.0,18.9,17.5,16.7,16.0
20260526,カイトヴィント,62.4,46.1,30.6,15.2,16.3,15.5,15.4,15.2
20260526,ゲンジ,67.3,49.6,32.4,16.5,17.7,17.2,15.9,16.5
20260526,ホウオウバトラー,68.0,50.3,32.6,16.5,17.7,17.7,16.1,16.5
20260526,トワニ,62.9,46.2,29.9,14.7,16.7,16.3,15.2,14.7
20260526,ロジケープ,67.4,50.2,33.2,16.7,17.2,17.0,16.5,16.7
20260526,パラダイスフェイス,62.7,46.7,30.9,15.3,16.0,15.8,15.6,15.3
20260526,リラ,63.1,45.4,29.3,14.5,17.7,16.1,14.8,14.5
20260526,アイリーノリチャン,67.5,49.8,32.4,16.0,17.7,17.4,16.4,16.0
20260526,サノノキセキ,67.0,49.3,32.5,16.1,17.7,16.8,16.4,16.1
20260526,キュータンチャン,67.0,49.3,32.5,16.2,17.7,16.8,16.3,16.2
20260526,ボーンディスウェイ,66.2,49.1,32.6,16.1,17.1,16.5,16.5,16.1
20260526,オーサムデアラー,68.4,50.6,33.4,16.9,17.8,17.2,16.5,16.9
20260526,サトノヴィレ,60.9,44.7,29.5,14.6,16.2,15.2,14.9,14.6
20260526,レイベリング,61.1,45.0,29.3,14.6,16.1,15.7,14.7,14.6
20260526,ヴァズレーヌ,64.2,47.6,31.9,15.7,16.6,15.7,16.2,15.7
20260526,シュヴァルノワール,62.9,46.4,30.6,15.0,16.5,15.8,15.6,15.0
20260526,ベネスピラ,61.6,45.1,29.7,14.9,16.5,15.4,14.8,14.9
20260526,マックスキュー,61.6,45.5,29.7,14.2,16.1,15.8,15.5,14.2
20260526,チギリ,62.5,46.1,30.5,15.5,16.4,15.6,15.0,15.5
20260526,ニシノイストワール,60.9,45.3,29.7,14.6,15.6,15.6,15.1,14.6
20260526,スチールギターラグ,61.5,45.0,30.2,15.3,16.5,14.8,14.9,15.3
20260526,コックピットサイト,61.9,46.0,30.3,15.0,15.9,15.7,15.3,15.0
20260526,コスモクラシック,62.9,46.4,30.6,15.5,16.5,15.8,15.1,15.5
20260526,チャンピオンホープ,72.4,54.0,36.0,18.4,18.4,18.0,17.6,18.4
20260526,フュチュール,64.7,48.2,32.0,16.1,16.5,16.2,15.9,16.1
20260526,エッチェレンテ,60.8,45.0,29.8,14.9,15.8,15.2,14.9,14.9
20260526,スノーキャップ,65.6,48.5,32.2,15.8,17.1,16.3,16.4,15.8
20260526,リッチハンター,66.5,49.6,32.6,16.0,16.9,17.0,16.6,16.0
20260526,ギーロカスタル,63.5,47.3,31.5,15.9,16.2,15.8,15.6,15.9
20260526,ゴキゲンサン,63.2,46.8,31.3,15.6,16.4,15.5,15.7,15.6
20260526,アルナイル,63.7,47.3,31.0,15.4,16.4,16.3,15.6,15.4
20260526,インビンシブルパパ,61.8,45.7,30.4,15.0,16.1,15.3,15.4,15.0
20260526,リバースザトレンド,67.6,50.5,33.7,16.9,17.1,16.8,16.8,16.9
20260526,ベラジオワールド,69.6,50.4,33.0,16.7,19.2,17.4,16.3,16.7
20260526,スピニンググローブ,61.9,46.0,30.3,15.3,15.9,15.7,15.0,15.3
20260526,ハスカップジャム,67.6,49.9,33.1,16.5,17.7,16.8,16.6,16.5
20260526,コンティ,61.9,45.4,29.7,14.7,16.5,15.7,15.0,14.7
20260526,スタームーンナイト,67.6,50.3,33.5,16.8,17.3,16.8,16.7,16.8
20260526,ビービーアジャイル,67.8,50.3,33.5,16.6,17.5,16.8,16.9,16.6
20260526,ゴーラッキー,61.5,46.0,30.3,15.1,15.5,15.7,15.2,15.1
20260526,カリヨンアヴォン,67.2,51.2,33.3,16.1,16.0,17.9,17.2,16.1
20260526,クラウントリオンフ,69.3,51.6,34.0,17.3,17.7,17.6,16.7,17.3
20260526,ランドジャイアンツ,68.0,50.0,33.1,16.5,18.0,16.9,16.6,16.5
20260526,ゴールデンハニビー,61.7,45.2,29.8,14.6,16.5,15.4,15.2,14.6
20260526,ソプラノクイーン,67.5,49.8,32.9,16.3,17.7,16.9,16.6,16.3
20260526,イチゴワタアメ,67.2,49.9,33.0,16.8,17.3,16.9,16.2,16.8
20260526,アップルザビート,72.1,53.1,35.0,17.4,19.0,18.1,17.6,17.4
20260526,マルチャン,60.9,45.0,29.8,14.9,15.9,15.2,14.9,14.9
20260526,ズイウンゴサイ,62.6,46.4,30.7,15.5,16.2,15.7,15.2,15.5
20260526,レガレイラ,71.8,53.3,35.3,17.2,18.5,18.0,18.1,17.2
20260526,サノノワンダー,63.5,47.4,31.8,16.4,16.1,15.6,15.4,16.4
20260526,コンサートマスター,67.5,49.8,32.7,16.2,17.7,17.1,16.5,16.2
20260526,ショウナンヤッホー,64.6,47.6,31.1,15.4,17.0,16.5,15.7,15.4
20260526,クライスレリアーナ,71.5,52.6,34.3,16.9,18.9,18.3,17.4,16.9
20260526,ブッチギレ,63.0,46.6,30.6,15.4,16.4,16.0,15.2,15.4
20260526,ヘクトルテソーロ,66.2,48.5,32.3,16.3,17.7,16.2,16.0,16.3
20260526,グランマエストロ,69.1,50.7,32.6,15.9,18.4,18.1,16.7,15.9
20260526,パントルナイーフ,69.0,50.5,32.9,16.3,18.5,17.6,16.6,16.3
20260526,フェイトロード,70.6,52.8,34.1,16.7,17.8,18.7,17.4,16.7
20260526,フィリオソラーレ,72.4,53.7,35.6,17.2,18.7,18.1,18.4,17.2
20260526,ウイングレイテスト,62.3,44.6,27.9,13.9,17.7,16.7,14.0,13.9
20260526,タシット,69.4,51.1,32.9,16.3,18.3,18.2,16.6,16.3
20260526,アンバーニードル,65.9,48.8,31.8,15.5,17.1,17.0,16.3,15.5
20260526,イモータルバード,70.3,51.1,33.4,16.4,19.2,17.7,17.0,16.4
20260526,ミダース,69.8,50.7,32.8,15.8,19.1,17.9,17.0,15.8
20260526,メリディアンスター,67.6,50.2,32.8,16.5,17.4,17.4,16.3,16.5
20260526,ホウオウゴールド,70.9,52.2,34.2,17.1,18.7,18.0,17.1,17.1
20260526,スワローシチー,69.9,51.9,34.2,16.7,18.0,17.7,17.5,16.7
20260526,ロッシニアーナ,70.4,52.2,34.2,17.0,18.2,18.0,17.2,17.0
20260526,ニシノギャルズ,68.5,50.5,33.3,16.5,18.0,17.2,16.8,16.5
20260526,ラッキーキッド,66.3,49.1,32.2,15.6,17.2,16.9,16.6,15.6
20260526,ピースサイン,70.2,51.4,33.5,16.5,18.8,17.9,17.0,16.5
20260526,ナズドゥラヴィ,63.3,46.1,30.2,14.9,17.2,15.9,15.3,14.9
20260526,スカイドリーマー,71.1,52.3,33.8,16.6,18.8,18.5,17.2,16.6
20260526,カワイクテゴメン,63.4,46.3,30.5,15.1,17.1,15.8,15.4,15.1
20260526,ガヤーズベース,63.0,46.2,30.2,15.1,16.8,16.0,15.1,15.1
20260526,サマースプラッシュ,69.0,50.9,33.8,16.6,18.1,17.1,17.2,16.6
20260526,フレンドモナコ,64.0,49.0,33.4,16.7,15.0,15.6,16.7,16.7
20260526,フォルナカリア,69.8,51.1,33.4,16.5,18.7,17.7,16.9,16.5
20260526,テスタ,68.0,50.3,33.3,16.5,17.7,17.0,16.8,16.5
20260526,トーセンリョウ,68.6,50.3,33.1,16.1,18.3,17.2,17.0,16.1
20260526,トライデント,64.3,47.6,31.4,15.4,16.7,16.2,16.0,15.4
20260526,ベルチュガダン,66.9,49.0,32.2,16.0,17.9,16.8,16.2,16.0
20260526,パーティーガール,69.8,51.7,33.9,17.5,18.1,17.8,16.4,17.5
20260526,コスモグラニット,69.7,52.3,34.9,17.5,17.4,17.4,17.4,17.5
20260526,ヨシウッドテール,68.7,50.9,33.8,17.0,17.8,17.1,16.8,17.0
20260526,アルマフレイヤ,70.1,51.1,33.3,16.7,19.0,17.8,16.6,16.7
20260526,ウインルナロッサ,68.2,50.6,33.5,16.8,17.6,17.1,16.7,16.8
20260526,ヌビアン,69.8,51.2,33.5,16.7,18.6,17.7,16.8,16.7
20260526,ルージュカルデア,72.3,53.5,36.1,18.4,18.8,17.4,17.7,18.4
20260526,エンジェルサン,66.9,48.4,31.9,15.9,18.5,16.5,16.0,15.9
20260526,レイズテンペスト,64.8,47.9,31.6,15.9,16.9,16.3,15.7,15.9
20260526,ティブロン,65.5,47.8,31.0,15.2,17.7,16.8,15.8,15.2
20260526,カシマライフウ,69.1,50.8,33.5,17.4,18.3,17.3,16.1,17.4
20260526,パチクリベスクリ,69.7,51.3,33.6,16.5,18.4,17.7,17.1,16.5
20260526,ファナティカル,64.3,47.6,31.3,15.5,16.7,16.3,15.8,15.5
20260526,アイムイン,68.1,50.1,33.3,16.4,18.0,16.8,16.9,16.4
20260526,ロジヴィジョン,71.9,52.7,35.7,18.3,19.2,17.0,17.4,18.3
20260526,ディアファザー,65.6,48.6,32.1,16.2,17.0,16.5,15.9,16.2
20260526,エコロナイン,72.3,53.8,36.2,18.4,18.5,17.6,17.8,18.4
20260526,オーバーゼア,69.6,51.2,33.6,17.4,18.4,17.6,16.2,17.4
20260526,デルマタモン,67.0,49.3,32.3,16.0,17.7,17.0,16.3,16.0
20260526,バンフィエルド,64.7,47.9,30.8,15.1,16.8,17.1,15.7,15.1
20260526,セブンマイスター,66.3,48.5,31.6,15.5,17.8,16.9,16.1,15.5
20260526,トキメキジニア,70.6,52.2,34.5,17.0,18.4,17.7,17.5,17.0
20260526,ビッグデイメイク,64.1,46.3,29.8,14.6,17.8,16.5,15.2,14.6
20260526,バトンロード,65.0,48.2,31.2,15.6,16.8,17.0,15.6,15.6
20260526,カゼノオモイデ,70.9,52.3,34.7,18.0,18.6,17.6,16.7,18.0
20260526,ベアブルージュ,70.4,51.1,32.3,15.8,19.3,18.8,16.5,15.8
20260526,ステキサプライズ,65.5,48.8,31.4,16.0,16.7,17.4,15.4,16.0
20260526,グローリアスダンス,65.5,48.9,31.6,15.8,16.6,17.3,15.8,15.8
20260526,ミラビリオン,65.7,48.4,31.1,14.9,17.3,17.3,16.2,14.9
20260526,トップオブザキング,67.7,50.4,33.6,17.0,17.3,16.8,16.6,17.0
20260526,エルファリス,66.9,49.1,32.3,16.4,17.8,16.8,15.9,16.4
20260526,エイシンニラク,66.3,48.9,32.1,16.3,17.4,16.8,15.8,16.3
20260526,ジーティーヒラリ,66.3,48.0,31.0,15.4,18.3,17.0,15.6,15.4
20260526,エレクトロン,66.1,48.5,31.7,15.5,17.6,16.8,16.2,15.5
20260526,ノーブルブロウ,65.9,48.5,32.1,16.4,17.4,16.4,15.7,16.4
20260526,モウレツ,67.4,48.9,30.6,14.8,18.5,18.3,15.8,14.8
20260526,トリプティーク,67.7,49.7,32.8,16.6,18.0,16.9,16.2,16.6
20260526,ブラックナザレ,68.7,51.3,34.2,17.3,17.4,17.1,16.9,17.3
20260526,マルガリート,70.9,51.8,33.9,16.5,19.1,17.9,17.4,16.5
20260526,モーリッシュ,65.9,48.7,32.4,16.3,17.2,16.3,16.1,16.3
20260526,レガメデルヴェント,66.1,48.3,30.9,15.1,17.8,17.4,15.8,15.1
20260526,カシノヴィタ,67.2,50.0,33.1,16.3,17.2,16.9,16.8,16.3
20260526,ムーヴ,67.2,49.3,31.9,15.8,17.9,17.4,16.1,15.8
20260526,ディズレーリ,66.1,49.2,32.4,15.9,16.9,16.8,16.5,15.9
20260526,キョウエイカンセ,65.2,48.4,31.8,15.4,16.8,16.6,16.4,15.4
20260526,ミスティマウンテン,66.4,48.7,32.3,15.6,17.7,16.4,16.7,15.6
20260526,キョウエイスレーヴ,64.4,48.3,32.1,16.0,16.1,16.2,16.1,16.0
20260526,セギレエルビエント,65.1,48.4,31.5,15.3,16.7,16.9,16.2,15.3
20260526,キタイノホシ,68.2,49.9,32.7,15.9,18.3,17.2,16.8,15.9
20260526,アラムベイ,67.4,49.6,32.5,15.9,17.8,17.1,16.6,15.9
20260526,タイセイルビー,67.4,49.0,32.1,15.4,18.4,16.9,16.7,15.4
20260526,ガビーズメロディ,65.8,48.5,31.2,15.4,17.3,17.3,15.8,15.4
20260526,ガミーヌ,68.0,49.9,32.5,16.5,18.1,17.4,16.0,16.5
20260526,プリヴィマーク,68.2,50.3,32.9,16.0,17.9,17.4,16.9,16.0
20260526,ベアハンドキャッチ,68.1,50.2,32.9,16.0,17.9,17.3,16.9,16.0
20260526,スードランダム,64.8,48.4,31.1,15.1,16.4,17.3,16.0,15.1
20260526,ダイチマイスター,68.9,50.6,33.9,16.8,18.3,16.7,17.1,16.8
20260526,サイモンルモンド,70.9,52.1,34.5,17.6,18.8,17.6,16.9,17.6
20260526,ジェイパームス,68.4,50.4,32.9,16.3,18.0,17.5,16.6,16.3
20260526,ホウキボシ,65.3,48.7,32.1,15.5,16.6,16.6,16.6,15.5
20260526,ダノンエアズロック,68.4,50.5,33.4,16.5,17.9,17.1,16.9,16.5
20260526,クリアクォーツ,70.5,51.6,33.9,17.2,18.9,17.7,16.7,17.2
20260526,ミルキープリンセス,64.4,47.4,30.7,14.2,17.0,16.7,16.5,14.2
20260526,ファイアンクランツ,66.0,49.1,31.9,15.6,16.9,17.2,16.3,15.6
20260526,レイクストライプス,64.8,48.2,31.0,15.2,16.6,17.2,15.8,15.2
20260526,ヴェンデボヌール,66.0,49.1,32.4,16.4,16.9,16.7,16.0,16.4
20260526,クオンタムスター,68.5,50.6,33.4,16.4,17.9,17.2,17.0,16.4
20260526,カンフーヒーロー,71.9,52.9,34.4,16.8,19.0,18.5,17.6,16.8
20260526,マインセーラ,71.7,52.6,34.5,16.9,19.1,18.1,17.6,16.9
20260526,インタノン,66.2,49.1,31.7,15.2,17.1,17.4,16.5,15.2
20260526,フーミーボニータ,65.4,48.5,31.3,15.6,16.9,17.2,15.7,15.6
20260526,ロンギングフォユー,65.4,48.1,31.1,14.7,17.3,17.0,16.4,14.7
20260526,レジオンポレール,68.1,50.7,33.6,16.8,17.4,17.1,16.8,16.8
20260526,クカイリモク,67.6,50.6,33.7,16.9,17.0,16.9,16.8,16.9
20260526,ヒシアムルーズ,65.9,48.8,31.8,15.8,17.1,17.0,16.0,15.8
20260526,アッシズオブローズ,65.4,48.7,31.7,15.2,16.7,17.0,16.5,15.2
20260526,ノーブルエース,66.9,49.6,32.9,16.3,17.3,16.7,16.6,16.3
20260526,ユリア,67.2,49.2,32.2,16.1,18.0,17.0,16.1,16.1
20260526,キャピタルストーン,65.8,48.7,32.0,16.1,17.1,16.7,15.9,16.1
20260526,ケープアグラス,65.9,49.5,33.1,16.7,16.4,16.4,16.4,16.7
20260526,ゴールデンオスカー,67.9,49.2,32.0,15.6,18.7,17.2,16.4,15.6
20260526,アデランテ,65.3,49.1,32.5,16.4,16.2,16.6,16.1,16.4
20260526,エコロレイズ,68.0,50.7,33.8,16.9,17.3,16.9,16.9,16.9
20260526,アラスカフレイバー,65.5,48.7,32.4,16.4,16.8,16.3,16.0,16.4
20260526,ミーントゥビー,68.8,49.7,32.3,16.0,19.1,17.4,16.3,16.0
20260526,フジガイフウ,66.2,48.4,31.9,16.5,17.8,16.5,15.4,16.5
20260526,ロンドンオービタル,67.9,50.4,34.1,17.1,17.5,16.3,17.0,17.1
20260526,ジングアップ,67.2,49.2,32.2,15.3,18.0,17.0,16.9,15.3
20260526,フィールマイプラン,65.3,48.2,32.1,16.3,17.1,16.1,15.8,16.3
20260526,ポッドデスペア,64.8,48.1,31.9,16.2,16.7,16.2,15.7,16.2
20260526,クルビデンス,66.1,49.4,32.7,16.6,16.7,16.7,16.1,16.6
20260526,ヴィビーム,68.1,50.4,34.2,17.8,17.7,16.2,16.4,17.8
20260526,ユニバーサルラヴ,65.7,49.0,32.2,15.7,16.7,16.8,16.5,15.7
20260526,エコロゼット,66.1,48.5,32.1,16.5,17.6,16.4,15.6,16.5
20260526,ナムラコハル,67.6,48.9,31.5,15.4,18.7,17.4,16.1,15.4
20260526,マンサニージャ,65.7,49.4,33.0,16.3,16.3,16.4,16.7,16.3
20260526,サングラント,66.6,49.1,32.2,16.4,17.5,16.9,15.8,16.4
20260526,ジーティーホクサイ,68.0,49.2,32.0,15.2,18.8,17.2,16.8,15.2
20260526,ショパンコンクール,65.7,48.3,31.8,16.5,17.4,16.5,15.3,16.5
20260526,パネヴァ,68.9,51.0,33.7,17.2,17.9,17.3,16.5,17.2
20260526,マイネルアルディ,67.0,49.9,33.1,16.7,17.1,16.8,16.4,16.7
20260526,コスモハナミズキ,64.6,48.8,33.1,16.7,15.8,15.7,16.4,16.7
20260526,キングズパレス,64.5,47.1,30.2,14.4,17.4,16.9,15.8,14.4
20260526,クロシェットノエル,67.9,49.0,31.5,15.6,18.9,17.5,15.9,15.6
20260526,ラッキーヤース,61.9,45.1,29.5,14.8,16.8,15.6,14.7,14.8
20260526,アドミラルシップ,67.3,49.7,32.6,16.4,17.6,17.1,16.2,16.4
20260526,サンダーユニバンス,66.8,47.7,30.8,15.1,19.1,16.9,15.7,15.1
20260526,サマースイートピー,63.7,47.3,30.7,14.9,16.4,16.6,15.8,14.9
20260526,カスターニエ,65.5,47.9,30.7,15.0,17.6,17.2,15.7,15.0
20260526,ビレッジルイーザ,66.0,47.8,31.4,15.6,18.2,16.4,15.8,15.6
20260526,タイキブリッツェン,65.0,47.5,31.0,15.2,17.5,16.5,15.8,15.2
20260526,ブライトエアリー,69.4,51.3,33.8,17.1,18.1,17.5,16.7,17.1
20260526,ビップジョワ,68.2,50.2,33.1,16.3,18.0,17.1,16.8,16.3
20260526,スーパーガール,65.4,47.4,31.0,15.1,18.0,16.4,15.9,15.1
20260526,タマモブレイキン,66.0,48.5,31.7,15.8,17.5,16.8,15.9,15.8
20260526,ヴェネチアンキング,66.7,48.3,31.0,14.4,18.4,17.3,16.6,14.4
20260526,アマイクチヅケ,65.3,47.9,31.3,15.5,17.4,16.6,15.8,15.5
20260526,アッチャゴーラ,64.2,47.2,30.8,15.7,17.0,16.4,15.1,15.7
20260526,ツルマウカタチ,67.7,50.0,33.4,16.8,17.7,16.6,16.6,16.8
20260526,ペロ,65.6,48.2,31.1,15.1,17.4,17.1,16.0,15.1
20260526,カフェブーケット,68.0,49.7,32.1,15.8,18.3,17.6,16.3,15.8
20260526,タッカージーティー,62.8,45.2,29.4,15.0,17.6,15.8,14.4,15.0
20260526,ポールセン,65.2,48.4,31.5,15.4,16.8,16.9,16.1,15.4
20260526,エアトベーレ,66.1,48.6,32.1,16.4,17.5,16.5,15.7,16.4
20260526,アシャカロッケ,63.2,45.6,29.5,14.6,17.6,16.1,14.9,14.6
20260526,ベネファクター,65.2,48.6,32.3,16.2,16.6,16.3,16.1,16.2
20260526,アルバニクス,69.8,51.7,34.1,17.0,18.1,17.6,17.1,17.0
20260526,リアライズシリウス,64.6,47.5,31.2,15.7,17.1,16.3,15.5,15.7
20260526,カズノダイジョウ,68.0,49.9,33.0,16.7,18.1,16.9,16.3,16.7
20260526,ミツカネルナ,63.1,44.6,28.8,14.5,18.5,15.8,14.3,14.5
20260526,ニシノヒノトリ,67.7,50.1,33.5,16.6,17.6,16.6,16.9,16.6
20260526,ヴァルボナ,70.0,51.4,33.9,16.6,18.6,17.5,17.3,16.6
20260526,アウダーシア,66.9,49.5,32.8,16.1,17.4,16.7,16.7,16.1
20260526,ハチマン,67.6,48.9,31.8,16.1,18.7,17.1,15.7,16.1
20260526,カフェプラウド,66.2,48.2,31.4,15.5,18.0,16.8,15.9,15.5
20260526,フクスケ,69.9,51.1,33.2,16.8,18.8,17.9,16.4,16.8
20260526,ジャストキュート,68.5,49.8,32.2,16.0,18.7,17.6,16.2,16.0
20260526,フォンドルレール,71.1,52.4,34.5,17.2,18.7,17.9,17.3,17.2
20260526,ピクシーゲイル,65.6,47.9,31.4,15.7,17.7,16.5,15.7,15.7
20260526,クラウンロムパイア,65.3,48.0,31.1,15.3,17.3,16.9,15.8,15.3
20260526,キチロクタワー,65.9,48.5,31.7,15.7,17.4,16.8,16.0,15.7
20260526,コウソクレムリア,67.4,49.1,32.4,16.2,18.3,16.7,16.2,16.2
20260526,マイティドレイブン,69.4,50.2,32.8,15.9,19.2,17.4,16.9,15.9
20260526,ヴァンデエス,81.2,59.6,38.8,20.1,21.6,20.8,18.7,20.1
20260526,エランヴィータ,67.5,48.7,32.0,16.0,18.8,16.7,16.0,16.0
20260526,ドリーミングアップ,68.3,50.1,32.6,16.0,18.2,17.5,16.6,16.0
20260526,ビーコング,63.3,46.3,30.2,14.6,17.0,16.1,15.6,14.6
20260526,ウインアルドーレ,76.8,57.1,38.2,19.0,19.7,18.9,19.2,19.0
20260526,トラストボス,67.2,49.4,32.0,15.6,17.8,17.4,16.4,15.6
20260526,フジレイメイ,65.7,48.3,32.2,16.1,17.4,16.1,16.1,16.1
20260526,フェリスチカ,71.4,51.5,33.6,16.4,19.9,17.9,17.2,16.4
20260526,デスサイズ,65.5,47.6,31.0,15.1,17.9,16.6,15.9,15.1
20260526,ショービット,65.6,48.3,32.8,16.2,17.3,15.5,16.6,16.2
20260526,トヨサカエ,67.8,48.6,31.2,15.4,19.2,17.4,15.8,15.4
20260526,ニットウライズ,68.0,50.5,32.7,16.1,17.5,17.8,16.6,16.1
20260526,ボーントゥラブユー,66.3,47.8,31.4,15.4,18.5,16.4,16.0,15.4
20260526,ロングラン,66.0,48.6,31.6,15.6,17.4,17.0,16.0,15.6
20260526,レイニング,66.0,48.0,30.9,15.3,18.0,17.1,15.6,15.3
20260526,メリーサウンド,69.7,50.7,32.9,16.6,19.0,17.8,16.3,16.6
20260526,ピュアクローム,65.7,47.9,31.4,15.6,17.8,16.5,15.8,15.6
20260526,シエルライズ,65.1,47.8,31.4,16.0,17.3,16.4,15.4,16.0
20260526,ショウナンダイン,66.5,48.6,31.6,15.4,17.9,17.0,16.2,15.4
20260526,レディソフィア,63.9,47.2,31.7,15.8,16.7,15.5,15.9,15.8
20260526,コンフィグシス,67.5,50.9,34.7,18.2,16.6,16.2,16.5,18.2
20260526,ビーチイン,68.4,50.6,33.4,16.4,17.8,17.2,17.0,16.4
20260526,エコールナヴァール,65.8,48.0,30.9,15.2,17.8,17.1,15.7,15.2
20260526,ウィナーズチェック,65.8,48.5,32.0,16.2,17.3,16.5,15.8,16.2
20260526,シャンデヴァーグ,65.5,47.6,30.2,14.7,17.9,17.4,15.5,14.7
20260526,ダノンコレクト,65.9,48.2,31.0,15.3,17.7,17.2,15.7,15.3
20260526,ボーンディスウェイ,66.0,49.3,32.5,16.0,16.7,16.8,16.5,16.0
20260526,シャンドゥレール,62.4,46.4,30.4,14.6,16.0,16.0,15.8,14.6
20260526,スムースベルベット,65.4,48.6,31.7,15.6,16.8,16.9,16.1,15.6
20260526,イデアクリスタル,65.3,48.7,31.9,15.7,16.6,16.8,16.2,15.7
20260526,アグネスブリッツ,67.6,49.2,32.1,16.1,18.4,17.1,16.0,16.1
20260526,ホウオウバトラー,66.1,48.6,32.1,15.8,17.5,16.5,16.3,15.8
20260526,ブレイブシュガー,64.3,46.9,30.9,15.4,17.4,16.0,15.5,15.4
20260526,ロジケープ,65.7,48.6,31.8,15.9,17.1,16.8,15.9,15.9
20260526,チルチャンプ,63.7,47.2,31.0,15.6,16.5,16.2,15.4,15.6
20260526,パンパネイラ,68.9,50.7,33.1,16.0,18.2,17.6,17.1,16.0
20260526,ルージュロマーナ,64.9,48.3,31.8,15.9,16.6,16.5,15.9,15.9
20260526,アイデアルカット,63.9,47.2,31.1,15.6,16.7,16.1,15.5,15.6
20260526,アテナブレイブ,62.7,46.7,30.6,15.3,16.0,16.1,15.3,15.3
20260526,アオイレイラ,69.0,50.9,33.5,16.9,18.1,17.4,16.6,16.9
20260526,ウィルソンテソーロ,69.2,50.7,32.9,16.0,18.5,17.8,16.9,16.0
20260526,マイネルケレリウス,62.6,45.4,30.2,15.0,17.2,15.2,15.2,15.0
20260526,ベルイストワール,63.1,46.2,30.3,15.5,16.9,15.9,14.8,15.5
20260526,ゴールドスター,62.5,45.7,30.0,15.0,16.8,15.7,15.0,15.0
20260526,ヘインズポイント,68.8,51.9,34.1,17.1,16.9,17.8,17.0,17.1
20260526,シャオシンユン,60.0,44.6,29.9,14.8,15.4,14.7,15.1,14.8
20260526,タイキオーベロン,71.5,52.9,34.1,16.6,18.6,18.8,17.5,16.6
20260526,ルグランヴァン,69.1,50.3,32.3,15.5,18.8,18.0,16.8,15.5
20260526,マイネルゼウス,61.4,44.6,29.2,14.8,16.8,15.4,14.4,14.8
20260526,ギンケイ,63.8,48.0,32.3,16.2,15.8,15.7,16.1,16.2
20260526,レッドリファインド,64.6,47.3,31.2,15.5,17.3,16.1,15.7,15.5
20260526,ジェイエルモーダル,64.0,47.6,31.5,15.6,16.4,16.1,15.9,15.6
20260526,マイネルスラーヴァ,70.7,52.7,34.3,16.9,18.0,18.4,17.4,16.9
20260526,ショウナンサイオウ,62.5,45.4,30.0,15.2,17.1,15.4,14.8,15.2
20260526,モンスターラッシュ,70.3,51.0,32.9,16.9,19.3,18.1,16.0,16.9
20260526,ディルイーヤ,70.9,51.7,33.2,16.7,19.2,18.5,16.5,16.7
20260526,シルトホルン,70.0,51.6,33.8,16.5,18.4,17.8,17.3,16.5
20260526,カルフ,64.9,48.5,31.8,15.6,16.4,16.7,16.2,15.6
20260526,タイセイピューマ,69.1,51.6,34.0,16.5,17.5,17.6,17.5,16.5
20260526,ベイビーベリッシモ,66.5,48.7,31.6,15.4,17.8,17.1,16.2,15.4
20260526,タイセイルヴァン,67.9,50.0,32.9,16.5,17.9,17.1,16.4,16.5
20260526,スピットブレイク,68.9,51.0,33.6,16.5,17.9,17.4,17.1,16.5
20260526,ロジキセキ,67.3,49.3,32.6,15.9,18.0,16.7,16.7,15.9
20260526,ブリリアンス,67.5,49.4,32.3,15.9,18.1,17.1,16.4,15.9
20260526,ウェスケンジントン,65.2,48.1,31.4,15.1,17.1,16.7,16.3,15.1
20260526,セルリア,66.8,48.5,31.5,15.2,18.3,17.0,16.3,15.2
20260526,キセログラフィカ,66.1,48.3,31.5,15.6,17.8,16.8,15.9,15.6
20260526,ジェッディンデデン,63.7,46.6,30.5,14.9,17.1,16.1,15.6,14.9
20260526,ポセイドンテソーロ,64.3,47.4,30.8,14.7,16.9,16.6,16.1,14.7
20260526,ブルーグラビティ,69.0,50.2,32.7,16.1,18.8,17.5,16.6,16.1
20260526,ビップチェイス,69.5,50.9,33.2,16.1,18.6,17.7,17.1,16.1
20260526,ゴールドアローン,64.8,47.3,31.1,15.5,17.5,16.2,15.6,15.5
20260526,ルシード,68.1,49.4,32.3,16.0,18.7,17.1,16.3,16.0
20260526,インプロペリア,66.2,48.8,31.4,15.0,17.4,17.4,16.4,15.0
20260526,ライヴマルガリータ,63.6,46.9,30.8,15.1,16.7,16.1,15.7,15.1
20260526,ラウターユーベル,65.3,48.5,32.1,16.0,16.8,16.4,16.1,16.0
20260526,レヴェランジェ,65.8,48.8,32.2,15.8,17.0,16.6,16.4,15.8
20260526,ゴーゴーパンチ,65.1,48.0,31.4,15.6,17.1,16.6,15.8,15.6
20260526,コーディアリー,64.0,47.1,31.0,15.3,16.9,16.1,15.7,15.3
20260526,フェアリーキャット,66.7,49.4,32.4,16.3,17.3,17.0,16.1,16.3
20260526,ムーンブランシュ,64.1,47.3,31.0,15.2,16.8,16.3,15.8,15.2
20260526,ココソラーレ,65.8,48.5,32.0,15.9,17.3,16.5,16.1,15.9
20260526,ドルチェテソーロ,64.4,46.8,30.3,14.9,17.6,16.5,15.4,14.9
20260526,シュネルアステリア,63.4,46.8,31.1,15.5,16.6,15.7,15.6,15.5
20260526,ピンキープロミス,68.2,50.8,33.9,17.4,17.4,16.9,16.5,17.4
20260526,ミダース,64.4,47.2,30.6,15.6,17.2,16.6,15.0,15.6
20260526,ベンメリア,66.3,49.2,32.2,16.3,17.1,17.0,15.9,16.3
20260526,ウィクトルウェルス,64.7,47.1,30.5,15.2,17.6,16.6,15.3,15.2
20260526,テリオスララ,67.0,49.3,32.3,15.8,17.7,17.0,16.5,15.8
20260526,スワローシチー,65.8,48.4,31.5,16.0,17.4,16.9,15.5,16.0
20260526,アイアムアヒーロー,66.4,49.6,32.9,16.6,16.8,16.7,16.3,16.6
20260526,サクラドール,69.6,50.5,32.6,16.4,19.1,17.9,16.2,16.4
20260526,ピースサイン,66.1,49.2,32.0,16.0,16.9,17.2,16.0,16.0
20260526,グリオンヴール,63.3,47.2,31.0,15.3,16.1,16.2,15.7,15.3
20260526,フォルナカリア,64.1,47.3,30.4,15.8,16.8,16.9,14.6,15.8
20260526,ソチミルコ,63.3,46.9,30.4,15.3,16.4,16.5,15.1,15.3
20260526,アンディラメナ,68.6,50.2,32.3,16.1,18.4,17.9,16.2,16.1
20260526,パウンドザロック,65.1,47.8,30.9,15.2,17.3,16.9,15.7,15.2
20260526,ユタライト,66.2,48.5,31.3,15.4,17.7,17.2,15.9,15.4
20260526,キボウノホシ,80.0,57.3,36.6,18.0,22.7,20.7,18.6,18.0
20260526,プチブール,65.0,47.5,30.9,15.0,17.5,16.6,15.9,15.0
20260526,ロッシニアーナ,70.0,51.2,33.5,16.4,18.8,17.7,17.1,16.4
20260526,ヨシウッドテール,69.2,51.3,33.8,16.8,17.9,17.5,17.0,16.8
20260526,ミリオンクラウン,77.6,56.7,37.1,18.6,20.9,19.6,18.5,18.6
20260526,ベアダイヤモンド,64.3,46.5,30.3,15.0,17.8,16.2,15.3,15.0
20260526,シンデレラカラー,62.7,47.2,31.6,16.1,15.5,15.6,15.5,16.1
20260526,ヌビアン,69.1,51.0,33.4,16.6,18.1,17.6,16.8,16.6
20260526,タイセイジェンマ,67.8,49.0,32.3,16.2,18.8,16.7,16.1,16.2
20260526,ウインアプローチ,62.9,46.0,29.8,14.4,16.9,16.2,15.4,14.4
20260526,マイバラード,71.5,50.9,33.1,16.4,20.6,17.8,16.7,16.4
20260526,クインズシフォン,64.8,48.1,31.9,15.7,16.7,16.2,16.2,15.7
20260526,フィーチャリング,67.5,49.7,32.8,16.4,17.8,16.9,16.4,16.4
20260526,ウインアベリア,63.4,46.7,30.8,15.3,16.7,15.9,15.5,15.3
20260526,レッドテリオス,67.0,49.6,32.7,16.3,17.4,16.9,16.4,16.3
20260526,キングプロフィット,68.7,50.8,33.3,16.7,17.9,17.5,16.6,16.7
20260526,インターステラ,71.7,53.0,35.2,17.6,18.7,17.8,17.6,17.6
20260526,アイスアンドスノー,66.9,49.1,32.4,16.2,17.8,16.7,16.2,16.2
20260526,ケントン,64.9,47.6,31.4,15.5,17.3,16.2,15.9,15.5
20260526,ラードンチェイス,67.1,49.4,32.9,15.9,17.7,16.5,17.0,15.9
20260526,ルーラーリッチ,59.8,44.2,29.1,14.3,15.6,15.1,14.8,14.3
20260526,スパークリシャール,61.7,45.7,29.9,14.8,16.0,15.8,15.1,14.8
20260526,カンレイスキー,64.7,47.5,31.3,15.3,17.2,16.2,16.0,15.3
20260526,セイントエルモズ,62.3,46.1,30.2,14.9,16.2,15.9,15.3,14.9
20260526,アルティソナンテ,65.9,48.4,32.0,15.9,17.5,16.4,16.1,15.9
20260526,エスシーレイジュ,65.4,48.0,31.7,15.8,17.4,16.3,15.9,15.8
20260526,チュラヴェール,66.8,48.7,32.3,16.0,18.1,16.4,16.3,16.0
20260526,フジサン,62.1,46.9,31.2,16.0,15.2,15.7,15.2,16.0
20260526,ヴァールザーゲン,69.0,51.7,34.4,17.4,17.3,17.3,17.0,17.4
20260526,ラヴレイン,70.9,52.1,34.3,17.0,18.8,17.8,17.3,17.0
20260526,カミカクシ,66.6,49.3,32.6,16.5,17.3,16.7,16.1,16.5
20260526,ライトハウス,66.3,48.4,31.2,15.6,17.9,17.2,15.6,15.6
20260526,クインズサクラ,64.6,47.5,31.5,15.8,17.1,16.0,15.7,15.8
20260526,サクセスゴールド,65.8,48.2,31.5,15.6,17.6,16.7,15.9,15.6
20260526,エバーシャンティ,65.7,48.0,31.0,15.4,17.7,17.0,15.6,15.4
20260526,カレリアフレイバー,65.8,46.4,29.2,14.3,19.4,17.2,14.9,14.3
20260526,ユニオンジャック,66.4,48.6,32.2,16.2,17.8,16.4,16.0,16.2
20260526,イサチルサリーレ,66.8,50.0,33.3,16.7,16.8,16.7,16.6,16.7
20260526,セーヌデローヴ,68.7,50.3,32.4,15.9,18.4,17.9,16.5,15.9
20260526,ニュークリアス,64.7,48.1,31.3,15.3,16.6,16.8,16.0,15.3
20260526,ルクリーシア,61.3,45.0,29.5,14.6,16.3,15.5,14.9,14.6
20260526,ポールセン,63.1,47.0,30.8,15.2,16.1,16.2,15.6,15.2
20260526,ドッグウッド,63.4,46.6,30.4,15.1,16.8,16.2,15.3,15.1
20260526,ベネファクター,63.5,47.5,31.5,15.9,16.0,16.0,15.6,15.9
20260526,アルバニクス,70.1,52.0,34.3,17.1,18.1,17.7,17.2,17.1
20260526,イッテラッシャイ,64.8,47.9,31.4,15.7,16.9,16.5,15.7,15.7
20260526,トランスマーレ,67.3,48.4,31.7,15.2,18.9,16.7,16.5,15.2
20260526,テリオスルミ,69.3,51.0,33.2,15.9,18.3,17.8,17.3,15.9
20260526,ヴァルボナ,70.1,51.5,34.3,17.1,18.6,17.2,17.2,17.1
20260526,サンタアニタ,64.9,48.0,31.7,15.7,16.9,16.3,16.0,15.7
20260526,タイセイフレッサ,63.5,47.4,31.6,15.5,16.1,15.8,16.1,15.5
20260526,フィーユレアル,62.9,46.7,31.0,15.2,16.2,15.7,15.8,15.2
20260526,アゲンストオッズ,63.2,46.9,31.2,15.5,16.3,15.7,15.7,15.5
20260526,ラプランセス,63.5,47.0,31.2,15.5,16.5,15.8,15.7,15.5
20260526,ニシノスフィンクス,69.7,51.6,34.4,17.1,18.1,17.2,17.3,17.1
20260526,ノドゥス,68.1,49.8,33.1,16.6,18.3,16.7,16.5,16.6
20260526,ディーヴァレギオン,68.0,50.0,33.0,16.6,18.0,17.0,16.4,16.6
20260526,デミアン,66.5,49.2,32.9,16.3,17.3,16.3,16.6,16.3
20260526,ニシノティアモ,64.7,47.7,30.9,15.1,17.0,16.8,15.8,15.1
20260526,ポッドベイダー,65.4,48.0,31.7,15.7,17.4,16.3,16.0,15.7
20260526,フォーチュンローズ,65.2,47.7,30.9,15.1,17.5,16.8,15.8,15.1
20260526,ゴーイントゥスカイ,65.3,47.6,30.7,15.1,17.7,16.9,15.6,15.1
20260526,グリーンエナジー,67.6,49.5,32.8,16.3,18.1,16.7,16.5,16.3
20260526,フォルテアンジェロ,65.9,48.0,31.2,14.9,17.9,16.8,16.3,14.9
20260526,スマートブル,63.3,46.1,30.2,15.2,17.2,15.9,15.0,15.2
20260526,エリプティクカーブ,65.9,48.9,32.5,16.1,17.0,16.4,16.4,16.1
20260526,ハウディープ,69.7,50.8,33.2,16.5,18.9,17.6,16.7,16.5
20260526,ダンシングアワー,69.9,50.8,33.0,16.4,19.1,17.8,16.6,16.4
20260526,ラプユフラット,69.7,50.8,33.2,16.5,18.9,17.6,16.7,16.5
20260526,プルメリアビーチ,70.0,50.9,33.0,16.5,19.1,17.9,16.5,16.5
20260526,ハッピーロンドン,68.6,50.3,32.9,16.2,18.3,17.4,16.7,16.2
20260526,シャパリュ,65.4,47.8,31.3,14.9,17.6,16.5,16.4,14.9
20260526,ゴヴェルナーレリコ,70.4,50.6,32.4,15.7,19.8,18.2,16.7,15.7
20260526,イミグラントソング,70.1,50.1,32.0,15.4,20.0,18.1,16.6,15.4
20260526,ミッキーソルジャー,63.7,47.2,31.4,15.4,16.5,15.8,16.0,15.4
20260526,アルティシエル,70.1,51.6,33.7,16.1,18.5,17.9,17.6,16.1
20260526,シークレットシティ,70.0,50.9,33.1,16.1,19.1,17.8,17.0,16.1
20260526,トーセンマスラオ,66.3,48.9,30.8,15.0,17.4,18.1,15.8,15.0
20260526,コントラポスト,66.4,48.8,31.6,14.9,17.6,17.2,16.7,14.9
20260526,モーニングマジック,64.6,47.8,31.3,15.5,16.8,16.5,15.8,15.5
20260526,レヴィテーション,64.2,48.0,32.0,16.2,16.2,16.0,15.8,16.2
20260526,キョウエイシュバル,64.8,48.2,31.7,16.2,16.6,16.5,15.5,16.2
20260526,クールベイビー,66.2,49.7,32.9,16.2,16.5,16.8,16.7,16.2
20260526,タマモトリノ,70.2,51.5,33.7,16.4,18.7,17.8,17.3,16.4
20260526,ターフクリスタル,66.4,48.6,30.8,15.0,17.8,17.8,15.8,15.0
20260526,イブキ,66.0,49.2,32.3,16.2,16.8,16.9,16.1,16.2
20260526,ラフレードピエル,70.0,49.7,31.5,15.0,20.3,18.2,16.5,15.0
20260526,アールプロスト,64.7,47.1,30.6,15.1,17.6,16.5,15.5,15.1
20260526,ブラックゲイル,67.2,49.3,33.3,16.9,17.9,16.0,16.4,16.9
20260526,スミレノハナ,70.2,51.9,35.0,17.5,18.3,16.9,17.5,17.5
20260526,カガラプンツェル,68.5,49.9,32.7,16.6,18.6,17.2,16.1,16.6
20260526,ﾃﾞｨｰｽﾞﾌﾟﾘﾓの24,70.5,51.7,34.5,17.5,18.8,17.2,17.0,17.5
20260526,レッドラパルマ,62.9,46.1,29.9,14.9,16.8,16.2,15.0,14.9
20260526,ユーディキウム,63.8,46.8,30.8,15.1,17.0,16.0,15.7,15.1
20260526,ワールドブレイヴ,63.3,46.8,30.6,15.4,16.5,16.2,15.2,15.4
20260526,デリシューズマン,66.4,49.5,32.4,16.0,16.9,17.1,16.4,16.0
20260526,デザートスピリット,63.9,47.1,30.8,15.2,16.8,16.3,15.6,15.2
20260526,リリエンフェルト,64.3,47.3,30.8,15.0,17.0,16.5,15.8,15.0
20260526,コスモキュランダ,63.3,46.3,30.3,14.9,17.0,16.0,15.4,14.9
20260526,オストラヴァ,59.4,43.8,28.8,14.0,15.6,15.0,14.8,14.0
20260526,ウインイザナミ,64.8,48.0,32.1,16.4,16.8,15.9,15.7,16.4
20260526,マイネルアイフェル,65.7,48.5,32.3,16.3,17.2,16.2,16.0,16.3
20260526,シラカワゴウ,66.1,48.5,32.3,16.4,17.6,16.2,15.9,16.4
20260526,マジッククッキー,63.7,47.3,31.6,16.3,16.4,15.7,15.3,16.3
20260526,ラキアーヴェ,63.0,46.9,30.8,15.4,16.1,16.1,15.4,15.4
20260526,ミクニインスパイア,59.4,43.8,28.9,14.1,15.6,14.9,14.8,14.1
20260526,ファイタージェット,62.3,46.3,30.2,14.8,16.0,16.1,15.4,14.8
20260526,バスキュール,66.8,48.7,31.7,15.9,18.1,17.0,15.8,15.9
20260526,オウケンボルト,64.7,46.6,29.9,14.5,18.1,16.7,15.4,14.5
20260526,ゲンパチムサシ,69.1,49.5,31.8,15.7,19.6,17.7,16.1,15.7
20260526,ダイユウヴェンティ,67.8,50.5,34.0,17.4,17.3,16.5,16.6,17.4
20260526,ミセスジョーンズ,65.7,48.4,31.6,15.5,17.3,16.8,16.1,15.5
20260526,ロジリオン,65.3,48.6,32.2,15.9,16.7,16.4,16.3,15.9
20260526,メイショウソムリエ,63.9,47.4,31.2,15.6,16.5,16.2,15.6,15.6
20260526,ルージュカエラ,66.3,49.0,32.4,16.0,17.3,16.6,16.4,16.0
20260526,クレオズニードル,63.2,47.8,32.0,16.4,15.4,15.8,15.6,16.4
20260526,ブラーヴジャン,63.6,47.6,31.7,16.4,16.0,15.9,15.3,16.4
20260526,レフィノス,64.0,47.3,31.1,16.1,16.7,16.2,15.0,16.1
20260526,ヤマニンジェンナ,70.3,50.6,32.8,16.5,19.7,17.8,16.3,16.5
20260526,アールグレイ,63.6,46.8,30.9,15.5,16.8,15.9,15.4,15.5
20260526,イールーファー,70.3,50.6,32.9,16.2,19.7,17.7,16.7,16.2
20260526,ダイアモンドダネ,70.8,51.5,33.7,16.3,19.3,17.8,17.4,16.3
20260526,サードアイ,65.1,48.1,31.5,15.3,17.0,16.6,16.2,15.3
20260526,ゴヴェルナーレリコ,67.2,49.5,32.0,15.3,17.7,17.5,16.7,15.3
20260526,フィンガー,56.5,41.2,26.8,13.0,15.3,14.4,13.8,13.0
20260526,エーデルハイ,67.9,49.5,32.5,15.9,18.4,17.0,16.6,15.9
20260526,カシノスパーク,64.9,48.4,32.1,16.3,16.5,16.3,15.8,16.3
20260526,ミルトメロディー,67.5,49.0,32.4,15.9,18.5,16.6,16.5,15.9
20260526,フライングビーナス,61.5,45.1,29.5,14.7,16.4,15.6,14.8,14.7
20260526,エクスプレスナイト,65.0,49.4,33.4,17.3,15.6,16.0,16.1,17.3
20260526,ゴールドフリーダム,66.2,49.3,32.7,16.6,16.9,16.6,16.1,16.6
20260526,エムアイブレイズ,66.3,49.4,33.0,16.8,16.9,16.4,16.2,16.8
20260526,コスモフィデリタス,65.1,48.6,32.8,16.7,16.5,15.8,16.1,16.7
20260526,ユキノロイヤル,68.4,50.1,33.0,16.3,18.3,17.1,16.7,16.3
20260526,セイロンジェムズ,64.1,47.4,30.8,15.7,16.7,16.6,15.1,15.7
20260526,アストリル,62.8,46.1,30.1,14.7,16.7,16.0,15.4,14.7
20260526,ルナロマンティカ,64.9,48.1,32.2,16.0,16.8,15.9,16.2,16.0
20260526,シアルナーレ,59.4,43.7,28.7,14.3,15.7,15.0,14.4,14.3
20260526,ゴルトレオパルト,73.6,54.4,36.1,17.5,19.2,18.3,18.6,17.5
20260526,デルマテイネ,68.4,51.5,34.8,17.8,16.9,16.7,17.0,17.8
20260526,ニシノアナベル,73.4,54.2,35.7,17.7,19.2,18.5,18.0,17.7
20260526,ノヴァフォルス,69.3,51.3,33.9,16.7,18.0,17.4,17.2,16.7
20260526,ﾌﾟﾘﾓｽﾍﾟｰﾄﾞの24,74.2,54.4,36.7,17.8,19.8,17.7,18.9,17.8
20260526,ヴィヴァクラウン,66.1,49.4,32.5,16.6,16.7,16.9,15.9,16.6
20260526,レイユール,67.6,50.7,33.4,16.8,16.9,17.3,16.6,16.8
20260526,アンニャンクッキー,62.1,45.3,29.8,14.9,16.8,15.5,14.9,14.9
20260526,スタートレイン,62.3,45.9,30.4,15.0,16.4,15.5,15.4,15.0
20260526,ハイヤーマーク,65.9,49.0,32.7,15.9,16.9,16.3,16.8,15.9
20260526,アルタティール,65.2,48.1,31.7,15.9,17.1,16.4,15.8,15.9
20260526,アイムスティルミー,66.5,49.5,33.2,16.2,17.0,16.3,17.0,16.2
20260526,スクリプトール,68.1,50.0,33.3,16.7,18.1,16.7,16.6,16.7
20260526,ユマハム,60.4,44.7,29.5,14.7,15.7,15.2,14.8,14.7
20260526,シーギリヤロック,62.1,46.1,29.8,14.7,16.0,16.3,15.1,14.7
20260526,テキサス,60.2,44.7,29.5,14.8,15.5,15.2,14.7,14.8
20260526,コパノエビータ,69.0,50.6,33.3,16.9,18.4,17.3,16.4,16.9
20260526,タイドグラフ,62.2,45.6,29.9,14.9,16.6,15.7,15.0,14.9
20260526,タイキバルドル,68.0,51.4,34.1,16.9,16.6,17.3,17.2,16.9
20260526,アルケミラモリス,66.5,49.5,32.9,16.7,17.0,16.6,16.2,16.7
20260526,トリニタリオ,70.6,51.9,34.6,17.6,18.7,17.3,17.0,17.6
20260526,ソラティオ,66.8,49.6,33.1,16.9,17.2,16.5,16.2,16.9
20260526,ウスズミザクラ,66.6,49.1,32.7,16.7,17.5,16.4,16.0,16.7
20260526,ココニイルヨ,66.0,48.5,32.4,16.6,17.5,16.1,15.8,16.6
20260526,トラストレガート,67.3,49.0,31.8,15.6,18.3,17.2,16.2,15.6
20260526,ヴェントベローチェ,73.7,54.2,35.4,17.5,19.5,18.8,17.9,17.5
20260526,ウイニングレイ,71.5,52.1,33.6,16.4,19.4,18.5,17.2,16.4
20260526,エクストラノート,62.6,47.1,31.1,15.6,15.5,16.0,15.5,15.6
20260526,ベリーベリーベリー,67.9,48.8,30.5,14.9,19.1,18.3,15.6,14.9
20260526,ニチヤヲツイデ,69.6,51.7,34.1,17.0,17.9,17.6,17.1,17.0
20260526,ディル,68.4,50.5,33.2,16.4,17.9,17.3,16.8,16.4
20260526,ホウオウファラオ,62.1,46.4,30.2,14.6,15.7,16.2,15.6,14.6
20260526,ドンレパルス,71.4,51.9,33.2,16.9,19.5,18.7,16.3,16.9
20260526,スティールブルー,65.6,47.0,30.8,15.5,18.6,16.2,15.3,15.5
20260526,ドナカルナバル,71.4,52.0,33.4,17.0,19.4,18.6,16.4,17.0
20260526,アミナス,65.9,47.6,31.1,15.5,18.3,16.5,15.6,15.5
20260526,イナンナ,62.2,45.0,29.4,15.2,17.2,15.6,14.2,15.2
20260526,ヤマニンアレシス,67.2,49.1,31.2,15.1,18.1,17.9,16.1,15.1
20260526,ネイティヴプライド,71.8,52.6,33.8,16.7,19.2,18.8,17.1,16.7
20260526,ジュピターテソーロ,70.4,52.2,33.5,16.8,18.2,18.7,16.7,16.8
20260526,サンシュノジンギ,62.5,46.3,30.2,15.1,16.2,16.1,15.1,15.1
20260526,オウケンサクラコ,65.6,47.0,30.8,15.3,18.6,16.2,15.5,15.3
20260526,スタンダールロマン,67.0,49.2,31.5,15.1,17.8,17.7,16.4,15.1
20260526,ラヴァレード,72.1,52.6,33.7,16.7,19.5,18.9,17.0,16.7
20260526,レオンティウス,65.8,47.3,31.0,15.6,18.5,16.3,15.4,15.6
20260526,ウインドワンピース,69.5,50.3,32.5,16.1,19.2,17.8,16.4,16.1
20260526,キミハスコール,67.1,49.5,32.6,16.7,17.6,16.9,15.9,16.7
20260526,カサビセンス,66.4,49.3,32.3,15.3,17.1,17.0,17.0,15.3
20260526,ガジュノリ,64.2,47.5,31.3,15.8,16.7,16.2,15.5,15.8
20260526,テウメッサ,65.0,47.1,30.7,15.6,17.9,16.4,15.1,15.6
20260526,シュヴァルボヌール,69.1,51.0,33.5,16.7,18.1,17.5,16.8,16.7
20260526,ファンシーズ,65.8,48.7,32.3,16.0,17.1,16.4,16.3,16.0
20260526,ハートチャン,65.8,48.2,31.4,15.6,17.6,16.8,15.8,15.6
20260526,ショウナンタヅナ,66.7,50.5,32.9,15.4,16.2,17.6,17.5,15.4
20260526,ラブデウザ,66.7,49.4,32.4,16.1,17.3,17.0,16.3,16.1
20260526,アーバーバイティ,71.0,52.4,34.8,17.3,18.6,17.6,17.5,17.3
20260526,ウインワーグナー,70.8,52.1,34.7,17.1,18.7,17.4,17.6,17.1
20260526,ベイビールビオ,63.3,46.9,31.6,16.0,16.4,15.3,15.6,16.0
20260526,カーマンライン,64.5,47.2,31.2,15.6,17.3,16.0,15.6,15.6
20260526,クインズデネブ,66.7,49.2,32.3,16.0,17.5,16.9,16.3,16.0
20260526,フクシマコウヨウ,65.2,47.7,31.5,16.1,17.5,16.2,15.4,16.1
20260526,シアワセチョウサン,67.8,49.6,32.3,15.8,18.2,17.3,16.5,15.8
20260526,タイヨウノユビワ,66.0,49.1,32.2,16.2,16.9,16.9,16.0,16.2
20260526,ファリーザ,63.4,46.5,30.0,14.9,16.9,16.5,15.1,14.9
20260526,セイウンアズール,65.2,47.3,30.8,15.4,17.9,16.5,15.4,15.4
20260526,エラガバリウム,66.2,48.4,31.8,15.4,17.8,16.6,16.4,15.4
20260526,タイセイデクスター,67.9,49.5,32.4,16.3,18.4,17.1,16.1,16.3
20260526,チャロ,65.1,47.5,31.1,15.2,17.6,16.4,15.9,15.2
20260526,リスペクトライト,65.0,47.4,31.1,15.1,17.6,16.3,16.0,15.1
20260526,メイアイリス,69.2,51.3,32.7,16.2,17.9,18.6,16.5,16.2
20260526,クインズヒマワリ,64.9,47.2,31.2,15.4,17.7,16.0,15.8,15.4
20260526,ペリバジャ,66.1,47.9,31.6,16.1,18.2,16.3,15.5,16.1
20260526,コスモマウイ,66.5,49.0,32.3,16.3,17.5,16.7,16.0,16.3
20260526,ポッドエステラ,69.1,50.5,33.0,16.4,18.6,17.5,16.6,16.4
20260526,ユイノキャッツアイ,68.8,51.2,34.2,16.8,17.6,17.0,17.4,16.8
20260526,テイクケア,65.5,47.6,31.2,15.6,17.9,16.4,15.6,15.6
20260526,ウインリスノアール,65.2,47.5,31.4,15.7,17.7,16.1,15.7,15.7
20260526,プリンセスロッティ,69.0,50.3,33.2,16.2,18.7,17.1,17.0,16.2
20260526,ゴルトレオパルト,71.6,52.5,33.7,17.0,19.1,18.8,16.7,17.0
20260526,ラルフテソーロ,64.6,46.4,30.1,14.7,18.2,16.3,15.4,14.7
20260526,マーゴットゲイン,67.1,49.0,31.8,16.1,18.1,17.2,15.7,16.1
20260526,デディカス,70.7,52.5,34.8,17.7,18.2,17.7,17.1,17.7
20260526,デルマテイネ,69.1,51.6,34.7,17.7,17.5,16.9,17.0,17.7
20260526,モリガン,64.9,47.8,31.4,15.5,17.1,16.4,15.9,15.5
20260526,ジーティージェミル,63.4,46.9,30.6,15.1,16.5,16.3,15.5,15.1
20260526,ワイプユアアイズ,65.2,48.1,31.5,15.6,17.1,16.6,15.9,15.6
20260526,タイセイソアリング,70.7,52.5,34.8,17.7,18.2,17.7,17.1,17.7
20260526,ﾌﾟﾘﾓｽﾍﾟｰﾄﾞの24,71.5,52.3,33.8,16.8,19.2,18.5,17.0,16.8
20260526,ミクストベリーズ,68.7,50.2,32.8,16.1,18.5,17.4,16.7,16.1
20260526,クリエープキー,65.4,48.5,31.8,15.6,16.9,16.7,16.2,15.6
20260526,ルージュダズリング,63.1,46.7,31.4,15.8,16.4,15.3,15.6,15.8
20260526,レーヴルーバ,61.5,44.8,29.4,14.9,16.7,15.4,14.5,14.9
20260526,ライーリーアース,65.9,48.3,31.4,15.3,17.6,16.9,16.1,15.3
20260526,チャームジュネーヴ,69.9,49.8,32.3,15.5,20.1,17.5,16.8,15.5
20260526,スマイルアップ,68.0,50.4,33.4,16.9,17.6,17.0,16.5,16.9
20260526,ハクシンブライアン,69.2,50.6,32.8,16.5,18.6,17.8,16.3,16.5
20260526,デルマザオウ,69.3,50.9,33.6,16.4,18.4,17.3,17.2,16.4
20260526,ハクサンミレイ,69.7,51.0,33.3,16.4,18.7,17.7,16.9,16.4
20260526,エストゥペンダ,69.2,50.2,32.5,15.9,19.0,17.7,16.6,15.9
20260526,モズタンケ,64.4,47.3,30.7,14.9,17.1,16.6,15.8,14.9
20260526,クリオロゴールド,67.6,49.8,32.9,16.0,17.8,16.9,16.9,16.0
20260526,セントラルヴァレー,63.9,47.6,32.1,16.3,16.3,15.5,15.8,16.3
20260526,シーガルワールド,63.5,46.4,30.6,15.5,17.1,15.8,15.1,15.5
20260526,ドナシュネル,64.2,46.7,30.4,15.5,17.5,16.3,14.9,15.5
20260526,ステラガーネット,70.0,51.4,33.4,16.4,18.6,18.0,17.0,16.4
20260526,モナコブル,68.0,50.2,33.2,16.4,17.8,17.0,16.8,16.4
20260526,リケアマカロニ,69.0,50.6,33.2,16.9,18.4,17.4,16.3,16.9
20260526,ローディアマント,66.2,48.6,31.4,15.6,17.6,17.2,15.8,15.6
20260526,オクトーバーナイン,64.4,47.7,31.4,15.5,16.7,16.3,15.9,15.5
20260526,フリーリターン,63.8,47.3,31.2,15.3,16.5,16.1,15.9,15.3
20260526,プリヴィレッジ,66.2,48.3,31.7,14.9,17.9,16.6,16.8,14.9
20260526,イトウカカリチョウ,68.6,50.5,33.3,16.3,18.1,17.2,17.0,16.3
20260526,モーモーゼロ,66.2,48.3,31.5,14.8,17.9,16.8,16.7,14.8
20260526,ロジアデレード,52.5,38.3,24.7,12.3,14.2,13.6,12.4,12.3
20260526,アクアマリーナ,65.9,48.7,32.1,15.6,17.2,16.6,16.5,15.6
20260526,フォーマルノーチス,85.8,63.2,41.9,21.3,22.6,21.3,20.6,21.3
20260526,オリオアルセーリオ,71.7,52.9,34.5,17.0,18.8,18.4,17.5,17.0
20260526,ライネリーベ,71.6,53.3,35.1,17.4,18.3,18.2,17.7,17.4
20260526,フェスタベラ,74.3,54.6,35.8,18.0,19.7,18.8,17.8,18.0
20260526,ショウナンライシン,65.1,48.2,31.2,15.4,16.9,17.0,15.8,15.4
20260526,ピースワンデュック,68.1,49.8,31.3,14.9,18.3,18.5,16.4,14.9
20260526,タイキヴィグルーズ,64.7,46.6,30.2,14.9,18.1,16.4,15.3,14.9
20260526,シェリーシュシュ,65.0,47.1,30.4,14.9,17.9,16.7,15.5,14.9
20260526,ダイシンレスター,75.9,55.0,35.4,17.3,20.9,19.6,18.1,17.3
20260526,イズルード,74.0,54.8,36.2,18.3,19.2,18.6,17.9,18.3
20260526,グレイスザクラウン,69.4,50.4,32.5,16.1,19.0,17.9,16.4,16.1
20260526,クールストラッチン,71.3,52.8,34.2,16.7,18.5,18.6,17.5,16.7
20260526,エフォートレス,62.2,46.0,30.4,15.0,16.2,15.6,15.4,15.0
20260526,アイウィル,71.6,52.2,34.7,17.4,19.4,17.5,17.3,17.4
20260526,トウカイティエラ,71.4,52.1,34.4,17.7,19.3,17.7,16.7,17.7
20260526,ロードアマデウス,65.8,48.8,32.2,16.1,17.0,16.6,16.1,16.1
20260526,ヴェントセラーレ,65.7,48.8,32.1,16.0,16.9,16.7,16.1,16.0
20260526,ステレンボッシュ,61.3,45.2,29.9,15.0,16.1,15.3,14.9,15.0
20260526,アマンテビアンコ,61.9,44.7,28.9,14.2,17.2,15.8,14.7,14.2
20260526,キミガハマ,66.2,48.4,31.3,15.6,17.8,17.1,15.7,15.6
20260526,アトミックリーチ,70.7,52.3,34.5,17.0,18.4,17.8,17.5,17.0
20260526,ウラノグラフィア,69.2,50.9,33.8,16.9,18.3,17.1,16.9,16.9
20260526,ジオ,69.2,50.3,32.6,16.1,18.9,17.7,16.5,16.1
20260526,フォルテフィオーレ,65.3,48.3,31.3,14.9,17.0,17.0,16.4,14.9
20260526,オペラプラージュ,65.4,48.6,31.6,15.4,16.8,17.0,16.2,15.4
20260526,リアライズオーラム,67.5,49.8,33.1,16.6,17.7,16.7,16.5,16.6
20260526,ライヒスアドラー,64.5,47.6,30.8,15.1,16.9,16.8,15.7,15.1
20260526,アデルフィー,65.7,48.5,31.4,15.4,17.2,17.1,16.0,15.4
20260526,アルーリングボーイ,69.7,50.3,33.0,16.7,19.4,17.3,16.3,16.7
20260526,シークレットタワー,69.5,50.5,32.9,16.6,19.0,17.6,16.3,16.6
20260526,ピコアーガイル,63.4,46.5,30.4,15.5,16.9,16.1,14.9,15.5
20260526,ホワイトドラゴン,63.4,47.5,31.6,16.1,15.9,15.9,15.5,16.1
20260526,ミライヘノティアラ,65.6,48.9,32.0,16.1,16.7,16.9,15.9,16.1
20260526,スーパーハイウェイ,63.7,47.2,30.7,15.1,16.5,16.5,15.6,15.1
20260526,ミッドナイトドア,63.7,47.6,31.7,16.4,16.1,15.9,15.3,16.4
20260526,メジャーシンガー,64.5,47.3,30.8,15.3,17.2,16.5,15.5,15.3
20260526,ダイユウサルターレ,69.0,50.2,32.6,16.1,18.8,17.6,16.5,16.1
20260526,エターナルホープ,65.0,48.3,31.3,15.5,16.7,17.0,15.8,15.5
20260526,ソウカイファミリア,67.6,50.6,33.5,16.4,17.0,17.1,17.1,16.4
20260526,クモヒトツナイ,68.0,49.3,32.7,16.6,18.7,16.6,16.1,16.6
20260526,イマジェリーナ,71.1,53.0,36.3,20.1,18.1,16.7,16.2,20.1
20260526,サザンウォリアー,68.7,50.1,32.9,16.2,18.6,17.2,16.7,16.2
20260526,ロココ,67.9,49.5,32.9,16.5,18.4,16.6,16.4,16.5
20260526,トウシンライオット,67.0,49.4,32.6,16.0,17.6,16.8,16.6,16.0
20260526,サノノソルジャー,68.8,50.9,33.6,16.7,17.9,17.3,16.9,16.7
20260526,ウィルレーヴィア,66.5,49.1,32.1,15.8,17.4,17.0,16.3,15.8
20260526,ラブマイティー,69.2,51.3,33.6,16.5,17.9,17.7,17.1,16.5
20260526,クレパスキュラー,62.1,45.9,30.2,15.2,16.2,15.7,15.0,15.2
20260526,レイフロレット,65.9,49.0,32.2,16.2,16.9,16.8,16.0,16.2
20260526,ショウナンタハティ,70.4,52.1,34.3,17.3,18.3,17.8,17.0,17.3
20260526,ケナゲ,65.8,48.9,32.1,16.2,16.9,16.8,15.9,16.2
20260526,ヴァンデスペランス,67.4,49.9,32.9,16.2,17.5,17.0,16.7,16.2
20260526,ハイトラクション,70.4,52.1,34.3,17.4,18.3,17.8,16.9,17.4
20260526,エクラドリオン,69.3,51.8,34.3,17.4,17.5,17.5,16.9,17.4
20260526,コーカサスゴールド,72.4,54.7,36.0,17.9,17.7,18.7,18.1,17.9
20260526,イズルード,73.7,54.7,35.8,17.7,19.0,18.9,18.1,17.7
20260526,ブリックンクリック,67.3,50.0,32.7,16.3,17.3,17.3,16.4,16.3
20260526,ジャメビュ,70.7,51.5,33.1,16.2,19.2,18.4,16.9,16.2
20260526,ウカテンセイ,71.5,52.5,34.4,17.2,19.0,18.1,17.2,17.2
20260526,クールストラッチン,69.4,50.8,33.4,16.4,18.6,17.4,17.0,16.4
20260526,ジップスパーク,66.8,49.5,33.0,16.6,17.3,16.5,16.4,16.6
20260526,クリニクラウン,65.7,48.4,31.3,15.2,17.3,17.1,16.1,15.2
20260526,リリージェーン,66.3,48.8,32.2,16.0,17.5,16.6,16.2,16.0
20260526,トゥモローズウェイ,67.2,49.6,32.2,15.8,17.6,17.4,16.4,15.8
20260526,アブリコース,67.0,49.6,32.6,16.0,17.4,17.0,16.6,16.0
20260526,メイヨシュア,72.7,53.1,36.4,18.4,19.6,16.7,18.0,18.4
20260526,コスモシグナス,72.1,53.7,35.6,17.5,18.4,18.1,18.1,17.5
20260526,アートオブブライト,72.7,54.2,36.1,17.9,18.5,18.1,18.2,17.9
20260526,モミスケ,71.4,52.0,33.6,16.8,19.4,18.4,16.8,16.8
20260526,ピリナカピリナ,73.1,54.0,35.1,17.2,19.1,18.9,17.9,17.2
20260526,トクシーカイザー,61.9,45.1,29.5,14.5,16.8,15.6,15.0,14.5
20260526,インヴェスター,65.4,47.9,32.1,16.0,17.5,15.8,16.1,16.0
20260526,トーアマリシテン,61.9,45.2,29.8,14.6,16.7,15.4,15.2,14.6
20260526,ガールネクストドア,65.8,48.5,31.8,15.8,17.3,16.7,16.0,15.8
20260526,トゥザファイナル,61.7,45.1,29.5,14.8,16.6,15.6,14.7,14.8
20260526,ニースケンス,61.9,45.1,29.5,14.7,16.8,15.6,14.8,14.7
20260526,ゼアズノープレイス,72.7,52.7,35.0,17.4,20.0,17.7,17.6,17.4
20260526,ガーシュウィン,65.3,47.9,31.2,15.5,17.4,16.7,15.7,15.5
20260526,エニシングゴース,65.4,48.1,31.2,15.6,17.3,16.9,15.6,15.6
20260526,アイファーファイト,69.7,52.1,34.7,17.6,17.6,17.4,17.1,17.6
20260526,アイファーシャドー,71.4,51.7,33.1,16.0,19.7,18.6,17.1,16.0
20260526,ヒログリーン,70.0,51.4,33.7,16.8,18.6,17.7,16.9,16.8
20260526,ヴェットビルズ,71.9,54.1,35.6,17.8,17.8,18.5,17.8,17.8
20260526,ワンダリングスター,69.8,51.3,33.7,16.8,18.5,17.6,16.9,16.8
20260526,ヒロノゴウカイ,65.9,49.2,32.4,15.7,16.7,16.8,16.7,15.7
20260526,シュテルン,65.6,48.0,31.6,15.7,17.6,16.4,15.9,15.7
20260526,デルマハルナ,66.3,50.1,33.9,17.1,16.2,16.2,16.8,17.1
20260526,モンドシュピーゲル,69.6,52.0,34.2,17.1,17.6,17.8,17.1,17.1
20260526,サノノベリー,69.2,52.1,34.5,17.5,17.1,17.6,17.0,17.5
20260526,ウィンターブリーズ,58.3,43.2,28.4,14.1,15.1,14.8,14.3,14.1
20260526,サトノビーツ,61.3,45.4,29.4,14.6,15.9,16.0,14.8,14.6
20260526,バンオンタイム,63.1,46.5,30.4,15.3,16.6,16.1,15.1,15.3
20260526,キョウエイアート,67.2,50.6,33.8,16.9,16.6,16.8,16.9,16.9
20260526,ダノンマスタング,63.5,46.2,30.1,14.7,17.3,16.1,15.4,14.7
20260526,マイネルクロカータ,66.7,50.0,33.6,17.1,16.7,16.4,16.5,17.1
20260526,モーモーワン,70.4,52.6,35.3,17.6,17.8,17.3,17.7,17.6
20260526,キタノバトゥーキ,66.7,50.0,33.6,17.1,16.7,16.4,16.5,17.1
20260526,イゾラフェリーチェ,60.1,44.4,29.0,14.4,15.7,15.4,14.6,14.4
20260526,ウインファイネスト,61.1,45.7,30.1,14.9,15.4,15.6,15.2,14.9
20260526,コスモアルペジオ,62.2,45.9,30.0,15.0,16.3,15.9,15.0,15.0
20260526,スマートクラッセ,63.1,47.2,31.8,16.0,15.9,15.4,15.8,16.0
20260526,ノヴァルクス,63.3,47.3,31.6,15.9,16.0,15.7,15.7,15.9
20260526,オセアバトルプラン,64.3,47.9,31.8,16.1,16.4,16.1,15.7,16.1
20260526,ムチャスグラシアス,63.0,47.0,30.7,15.5,16.0,16.3,15.2,15.5
20260526,テンレディーゴー,64.0,47.6,31.5,15.9,16.4,16.1,15.6,15.9
20260526,ドゥーニ,66.4,49.1,32.2,16.3,17.3,16.9,15.9,16.3
20260526,ヴィスクレス,69.7,50.9,32.8,16.2,18.8,18.1,16.6,16.2
20260526,ブラボーワン,68.8,52.0,34.6,17.5,16.8,17.4,17.1,17.5
20260526,オーケーエース,66.2,48.8,32.1,16.3,17.4,16.7,15.8,16.3
20260526,ハーツコンチェルト,63.3,47.4,31.4,15.7,15.9,16.0,15.7,15.7
20260526,コーカサスゴールド,68.5,50.7,33.5,16.5,17.8,17.2,17.0,16.5
20260526,コーシューパンジャ,70.2,51.4,33.9,17.1,18.8,17.5,16.8,17.1
20260526,スターウェーブ,65.3,47.9,31.5,15.4,17.4,16.4,16.1,15.4
20260526,メビウスロマンス,67.8,49.6,32.5,16.1,18.2,17.1,16.4,16.1
20260526,エジプシャンマウ,62.3,45.3,29.4,14.5,17.0,15.9,14.9,14.5
20260526,ピードモント,63.2,46.9,31.2,15.8,16.3,15.7,15.4,15.8
20260526,ダイメイビッグボス,63.8,47.3,31.0,15.3,16.5,16.3,15.7,15.3
20260526,ジョドレルバンク,63.2,47.4,31.3,15.7,15.8,16.1,15.6,15.7
20260526,ソウルアンドジャズ,70.0,52.4,34.6,17.6,17.6,17.8,17.0,17.6
20260526,ゴーゴータカシ,65.8,48.8,31.4,15.6,17.0,17.4,15.8,15.6
20260526,ウィッキドピケット,66.8,50.0,32.8,15.9,16.8,17.2,16.9,15.9
20260526,ナムラドガ,65.2,48.3,32.2,16.1,16.9,16.1,16.1,16.1
20260526,ウモラダエピカ,72.3,54.0,35.7,17.6,18.3,18.3,18.1,17.6
20260526,ザーフィル,71.6,52.6,35.1,17.3,19.0,17.5,17.8,17.3
20260526,ゼノスフィア,72.8,54.6,36.3,18.2,18.2,18.3,18.1,18.2
20260526,ゼットターム,72.9,54.5,36.4,18.4,18.4,18.1,18.0,18.4
20260526,イージーブリージー,66.9,48.9,31.7,15.5,18.0,17.2,16.2,15.5
20260526,ジュンヴィヴァン,66.1,48.2,30.9,15.3,17.9,17.3,15.6,15.3
20260526,ﾒﾗﾝｺﾘｱの24,69.3,51.4,33.5,16.7,17.9,17.9,16.8,16.7
20260526,オールマイデイズ,69.1,50.0,32.2,15.9,19.1,17.8,16.3,15.9
20260526,ノアソノマ,71.5,52.8,34.9,17.4,18.7,17.9,17.5,17.4
20260526,ミクニフラッシュ,66.4,48.4,31.5,15.4,18.0,16.9,16.1,15.4
20260526,パッションノーヴァ,70.9,51.3,33.5,16.4,19.6,17.8,17.1,16.4
20260526,シャインフォード,69.2,50.5,33.0,16.2,18.7,17.5,16.8,16.2
20260526,ブルーミーティア,64.2,46.6,30.2,15.0,17.6,16.4,15.2,15.0
20260526,サリードゥ,68.3,50.3,32.7,16.3,18.0,17.6,16.4,16.3
20260526,サトミノホマレ,68.8,50.7,33.8,16.8,18.1,16.9,17.0,16.8
20260526,ショーツヨシ,67.8,49.2,31.7,15.4,18.6,17.5,16.3,15.4
20260526,モリノヤマセミ,68.7,50.4,33.0,16.5,18.3,17.4,16.5,16.5
20260526,レッドリアライズ,70.8,51.7,33.7,16.5,19.1,18.0,17.2,16.5
20260526,レイヒストリコ,63.2,46.4,30.6,15.5,16.8,15.8,15.1,15.5
20260526,ウップヘリーア,63.0,46.3,30.3,15.1,16.7,16.0,15.2,15.1
20260526,ヴェントリナ,71.6,52.6,34.8,17.2,19.0,17.8,17.6,17.2
20260526,シュアシング,69.6,51.2,34.1,17.0,18.4,17.1,17.1,17.0
20260526,カリボール,64.8,46.5,30.2,14.5,18.3,16.3,15.7,14.5
20260526,ビーアストニッシド,57.5,42.4,27.9,13.6,15.1,14.5,14.3,13.6
20260526,オーキーベルセルク,78.9,57.4,36.8,18.4,21.5,20.6,18.4,18.4
20260526,スカット,65.4,47.2,30.3,14.9,18.2,16.9,15.4,14.9
20260526,ホットゥトロット,67.0,48.5,31.7,15.6,18.5,16.8,16.1,15.6
20260526,サンレガート,62.2,45.5,29.8,15.1,16.7,15.7,14.7,15.1
20260526,ペントザリス,67.6,49.5,32.6,16.3,18.1,16.9,16.3,16.3
20260526,ネイチャーシップ,65.1,47.7,31.1,15.3,17.4,16.6,15.8,15.3
20260526,ゴールドエンバー,65.1,47.7,31.4,15.5,17.4,16.3,15.9,15.5
20260526,ウインターブレス,68.1,49.1,32.1,15.3,19.0,17.0,16.8,15.3
20260526,コスモアマデウス,65.3,47.9,31.3,15.4,17.4,16.6,15.9,15.4
20260526,コンクレデンツァ,68.4,50.3,32.8,16.0,18.1,17.5,16.8,16.0
20260526,ゼアズノープレイス,68.4,51.0,34.1,17.3,17.4,16.9,16.8,17.3
20260526,アイファーファイト,66.3,48.6,31.7,15.7,17.7,16.9,16.0,15.7
20260526,マーズオデッセイ,64.4,47.3,31.2,15.4,17.1,16.1,15.8,15.4
20260526,ハッピーカーン,65.2,48.1,31.6,15.8,17.1,16.5,15.8,15.8
20260526,ダイユウアドバンス,65.1,48.0,31.7,15.8,17.1,16.3,15.9,15.8
20260526,ヒログリーン,69.5,51.7,33.7,16.4,17.8,18.0,17.3,16.4
20260526,ヴェットビルズ,67.8,50.0,32.5,16.5,17.8,17.5,16.0,16.5
20260526,ワンダリングスター,69.3,51.6,33.7,16.4,17.7,17.9,17.3,16.4
20260526,ミリオ,64.8,47.1,31.1,15.5,17.7,16.0,15.6,15.5
20260526,ミカッテヨンデイイ,64.8,46.8,29.8,14.8,18.0,17.0,15.0,14.8
20260526,カツノテンス,65.2,48.3,31.8,16.1,16.9,16.5,15.7,16.1
20260526,コスモコンフェルマ,65.8,48.1,31.3,15.3,17.7,16.8,16.0,15.3
20260526,ペイシャオーヴァル,67.9,50.8,33.8,17.3,17.1,17.0,16.5,17.3
20260526,ジョイグリーン,63.8,47.0,30.8,15.5,16.8,16.2,15.3,15.5
20260526,グランマズドリーム,65.1,47.7,31.3,15.3,17.4,16.4,16.0,15.3
20260526,ホカミテダメ,65.1,47.5,31.3,15.6,17.6,16.2,15.7,15.6
20260526,ホールドザデイ,64.7,47.4,31.1,15.3,17.3,16.3,15.8,15.3
20260526,ウォーレーションズ,65.3,48.4,31.5,15.7,16.9,16.9,15.8,15.7
20260526,ノボリフジ,73.2,54.3,36.0,18.0,18.9,18.3,18.0,18.0
20260526,ウチュウノセカイ,64.7,48.0,32.1,16.4,16.7,15.9,15.7,16.4
20260526,ヒャクレツケン,64.8,47.1,30.3,15.1,17.7,16.8,15.2,15.1
20260526,ﾒｶﾞﾐﾁｬﾝの24,73.7,54.6,36.6,18.5,19.1,18.0,18.1,18.5
20260526,マイネルリコルディ,64.6,47.6,30.9,15.4,17.0,16.7,15.5,15.4
20260526,ゴートゥービッツン,74.2,55.0,36.9,18.4,19.2,18.1,18.5,18.4
20260526,ムードメーカー,64.9,47.3,31.0,15.3,17.6,16.3,15.7,15.3
20260526,ペルラビアンカ,65.7,48.2,31.5,15.4,17.5,16.7,16.1,15.4
20260526,アルプスオジョー,63.5,47.0,31.2,15.6,16.5,15.8,15.6,15.6
20260526,アースイオス,62.0,45.3,30.2,15.5,16.7,15.1,14.7,15.5
20260526,レッドレナート,62.5,46.2,30.1,15.0,16.3,16.1,15.1,15.0
20260526,スピンザブラッド,65.8,48.8,32.6,16.3,17.0,16.2,16.3,16.3
20260526,モルトマエストーソ,62.5,46.8,31.2,15.6,15.7,15.6,15.6,15.6
20260526,マーキュリーダイム,68.3,50.4,33.1,17.3,17.9,17.3,15.8,17.3
20260526,ビーオンザカバー,65.9,47.7,30.8,15.2,18.2,16.9,15.6,15.2
20260526,バトルモクオ,67.6,49.7,32.4,16.1,17.9,17.3,16.3,16.1
20260526,ラショナルポイント,61.1,45.6,29.4,14.6,15.5,16.2,14.8,14.6
20260526,ラヴァブルロマン,65.2,47.4,30.6,15.3,17.8,16.8,15.3,15.3
20260526,サンクレセント,65.2,47.9,31.0,15.2,17.3,16.9,15.8,15.2
20260526,フレイコン,68.7,50.3,33.2,16.4,18.4,17.1,16.8,16.4
20260526,ベルウッドディープ,65.6,48.0,31.2,15.5,17.6,16.8,15.7,15.5
20260526,ダークドゥオーフ,66.3,48.1,31.5,16.2,18.2,16.6,15.3,16.2
20260526,ジュネストレイル,62.8,47.0,31.0,15.3,15.8,16.0,15.7,15.3
20260526,ﾗﾐｱの24,69.2,50.5,33.2,16.2,18.7,17.3,17.0,16.2
20260526,ヴァンドレスト,66.8,48.9,32.8,16.7,17.9,16.1,16.1,16.7
20260526,ラーテル,68.5,50.1,33.1,16.6,18.4,17.0,16.5,16.6
20260526,ルクスジニア,63.6,46.9,30.6,15.4,16.7,16.3,15.2,15.4
20260526,ジャサルディア,60.3,44.7,29.0,13.8,15.6,15.7,15.2,13.8
20260526,ペプチドドリーム,64.8,48.0,31.5,15.8,16.8,16.5,15.7,15.8
20260526,キタノソブリン,68.1,50.4,33.3,16.5,17.7,17.1,16.8,16.5
20260526,キタノシオン,68.4,50.1,32.5,15.8,18.3,17.6,16.7,15.8
20260526,ブライトシーン,64.4,47.6,31.4,15.4,16.8,16.2,16.0,15.4
20260526,ダンシングリリー,72.9,53.7,35.2,17.5,19.2,18.5,17.7,17.5
20260526,ヨシヒロ,65.5,48.5,32.0,16.2,17.0,16.5,15.8,16.2
20260526,ミラクルオーラ,65.8,48.3,32.0,16.2,17.5,16.3,15.8,16.2
20260526,ｵｳｹﾝｻﾞﾊﾟｰﾙの24,65.5,48.2,31.9,16.0,17.3,16.3,15.9,16.0
20260526,カサブランカキッド,69.8,51.3,33.9,17.1,18.5,17.4,16.8,17.1
20260526,ヴァルク,66.7,50.6,33.8,17.1,16.1,16.8,16.7,17.1
20260526,クールフィデル,64.2,47.8,32.3,16.4,16.4,15.5,15.9,16.4
20260526,サイモンナイスラン,67.4,50.1,33.5,16.6,17.3,16.6,16.9,16.6
20260526,スナッチアップ,65.8,48.6,32.6,16.4,17.2,16.0,16.2,16.4
20260526,ニューロファイター,62.3,46.2,29.9,15.4,16.1,16.3,14.5,15.4
20260526,コーシューパンジャ,64.3,47.7,30.6,14.9,16.6,17.1,15.7,14.9
20260526,ゴットタレント,70.2,52.2,33.9,16.8,18.0,18.3,17.1,16.8
20260526,ヒコボシ,69.0,50.0,32.6,16.1,19.0,17.4,16.5,16.1
20260526,テルケンレンジシ,75.8,55.4,36.5,18.2,20.4,18.9,18.3,18.2
20260526,エコロガレル,70.0,51.0,33.6,16.6,19.0,17.4,17.0,16.6
20260526,サクラトップラック,69.8,50.9,33.2,16.1,18.9,17.7,17.1,16.1
20260526,クシェドゥソレイユ,70.2,51.6,33.3,16.0,18.6,18.3,17.3,16.0
20260526,アゴルディーノ,69.4,50.3,32.5,16.3,19.1,17.8,16.2,16.3
20260526,ダンツファイター,63.0,46.2,30.1,14.8,16.8,16.1,15.3,14.8
20260526,ヨイチコネクト,87.7,64.7,42.8,21.5,23.0,21.9,21.3,21.5
20260526,ミリオングローリー,63.5,46.9,30.7,14.9,16.6,16.2,15.8,14.9
20260526,チョウブク,68.3,51.4,34.5,17.7,16.9,16.9,16.8,17.7
20260526,ビルバンテ,62.7,46.6,30.4,14.8,16.1,16.2,15.6,14.8
20260526,タイセイエムロード,66.2,49.2,32.5,15.9,17.0,16.7,16.6,15.9
20260526,ラッキースウィッチ,63.2,46.3,30.1,14.8,16.9,16.2,15.3,14.8
20260526,ロジパンドラ,66.5,49.2,32.3,16.1,17.3,16.9,16.2,16.1
20260526,ロケットチャンバー,66.4,48.7,31.9,15.5,17.7,16.8,16.4,15.5
20260526,ファンタイムギフト,66.1,48.4,31.8,16.2,17.7,16.6,15.6,16.2
20260526,ウッケン,67.6,48.8,31.9,15.9,18.8,16.9,16.0,15.9
20260526,ビーストウォーズ,69.1,51.2,34.1,16.6,17.9,17.1,17.5,16.6
20260526,ビタミンドロップ,74.0,53.7,35.0,16.8,20.3,18.7,18.2,16.8
20260526,カゴシマ,72.7,53.3,34.9,16.8,19.4,18.4,18.1,16.8
20260526,タキノボリ,77.8,56.9,37.6,19.0,20.9,19.3,18.6,19.0
20260526,コックオーヴァン,63.9,45.9,29.9,14.5,18.0,16.0,15.4,14.5
20260526,フィリップバローズ,65.7,48.7,31.8,15.4,17.0,16.9,16.4,15.4
20260526,サラスヴァティー,65.5,47.9,30.9,15.1,17.6,17.0,15.8,15.1
20260526,レイズレガシー,67.0,49.4,32.4,16.0,17.6,17.0,16.4,16.0
20260526,ゴディアーモ,65.0,47.8,30.5,14.8,17.2,17.3,15.7,14.8
20260526,ルクスマグナ,68.2,50.5,32.7,16.1,17.7,17.8,16.6,16.1
20260526,オーディンスピア,67.6,50.0,32.2,15.8,17.6,17.8,16.4,15.8
20260526,コナパームス,65.4,47.9,30.5,14.8,17.5,17.4,15.7,14.8
20260526,タクティシアン,65.5,47.7,30.5,14.9,17.8,17.2,15.6,14.9
20260526,ルドヴィクス,62.4,45.8,29.7,14.8,16.6,16.1,14.9,14.8
20260526,アサカラキング,64.1,47.5,31.6,15.9,16.6,15.9,15.7,15.9
20260526,ベニシア,68.5,50.7,32.8,16.9,17.8,17.9,15.9,16.9
20260526,ラオラシオン,63.0,47.0,31.1,15.6,16.0,15.9,15.5,15.6
20260526,ジオセントリック,65.1,48.1,32.0,16.2,17.0,16.1,15.8,16.2
20260526,サンドブラスト,78.9,57.6,37.2,17.8,21.3,20.4,19.4,17.8
20260526,ゴールドストーム,68.6,50.9,33.6,17.0,17.7,17.3,16.6,17.0
20260526,サムシャイン,64.3,47.7,31.2,15.8,16.6,16.5,15.4,15.8
20260526,ゴットタレント,69.8,51.1,32.8,16.1,18.7,18.3,16.7,16.1
20260526,マルターズドン,65.0,48.9,32.5,16.1,16.1,16.4,16.4,16.1
20260526,ワンダーブリッツ,62.3,46.0,29.8,14.8,16.3,16.2,15.0,14.8
20260526,グラデュエール,68.8,50.9,33.5,17.1,17.9,17.4,16.4,17.1
20260526,アリアス,65.2,47.9,31.1,15.2,17.3,16.8,15.9,15.2
20260526,ソフィアプルーマ,65.7,48.4,31.9,15.5,17.3,16.5,16.4,15.5
20260526,マイネルシュラハト,67.2,50.0,33.7,16.9,17.2,16.3,16.8,16.9
20260526,コスモナエマ,66.7,49.8,32.7,16.4,16.9,17.1,16.3,16.4
20260526,ルージュボニート,68.6,50.1,32.8,16.2,18.5,17.3,16.6,16.2
20260526,ラピッドテソーロ,66.9,50.0,33.5,16.9,16.9,16.5,16.6,16.9
20260526,クシェドゥソレイユ,69.7,50.9,33.2,16.6,18.8,17.7,16.6,16.6
20260526,レッドインサイト,67.5,49.1,32.3,16.4,18.4,16.8,15.9,16.4
20260526,ノースブリッジ,61.9,46.0,30.0,15.0,15.9,16.0,15.0,15.0
20260526,ボナーテソーロ,63.5,47.0,30.5,15.0,16.5,16.5,15.5,15.0
20260526,テンユウ,62.2,45.1,28.8,14.4,17.1,16.3,14.4,14.4
20260526,ポッドジーク,65.3,47.4,30.9,15.7,17.9,16.5,15.2,15.7
20260526,ヴォートセレスト,60.3,44.9,29.3,14.0,15.4,15.6,15.3,14.0
20260526,カペラテソーロ,69.4,51.9,34.2,17.3,17.5,17.7,16.9,17.3
20260526,スウィット,67.0,50.6,33.1,16.8,16.4,17.5,16.3,16.8
20260526,レオリアライズ,66.8,50.2,32.6,16.2,16.6,17.6,16.4,16.2
20260526,グラスクラージュ,69.5,52.0,34.6,17.4,17.5,17.4,17.2,17.4
20260526,ニシノアイオーン,67.5,50.1,32.9,16.2,17.4,17.2,16.7,16.2
20260526,セイウンガジュマル,67.9,50.8,33.6,16.8,17.1,17.2,16.8,16.8
20260526,ローザドーロ,67.6,50.1,33.1,16.3,17.5,17.0,16.8,16.3
20260526,リリカルフレア,64.6,47.3,30.8,15.2,17.3,16.5,15.6,15.2
20260526,パレスラン,66.2,49.1,32.5,16.2,17.1,16.6,16.3,16.2
20260526,ボールドゾーン,71.0,53.1,34.5,17.1,17.9,18.6,17.4,17.1
20260526,レッドライトニング,64.6,48.6,32.3,16.0,16.0,16.3,16.3,16.0
20260526,ディマイザキッド,68.8,50.8,33.3,16.7,18.0,17.5,16.6,16.7
20260526,ゴガツノアマノガワ,67.9,50.4,32.9,16.6,17.5,17.5,16.3,16.6
20260526,サトノパトリオット,70.9,52.3,34.2,16.5,18.6,18.1,17.7,16.5
20260526,スナッピードレッサ,63.7,47.1,30.2,14.7,16.6,16.9,15.5,14.7
20260526,マジックファイヤー,65.5,47.9,31.1,15.0,17.6,16.8,16.1,15.0
20260526,ミツカネメルクリオ,67.4,49.9,32.9,16.4,17.5,17.0,16.5,16.4
20260526,ラスティングスノー,65.3,48.5,31.6,15.9,16.8,16.9,15.7,15.9
20260526,エムノビアンカ,66.4,49.0,32.4,16.5,17.4,16.6,15.9,16.5
20260526,ホウオウデンファレ,67.0,49.4,31.8,15.8,17.6,17.6,16.0,15.8
20260526,ルージュフィーリア,69.4,51.0,33.2,16.1,18.4,17.8,17.1,16.1
20260526,アクアマーズ,65.4,48.0,30.9,15.4,17.4,17.1,15.5,15.4
20260526,フレアリングベリー,66.3,48.5,30.9,15.3,17.8,17.6,15.6,15.3
20260526,プリンセスダーコ,65.0,48.6,32.1,16.1,16.4,16.5,16.0,16.1
20260526,ｴﾘﾝｱｸﾄﾚｽの24,66.5,49.7,33.0,16.5,16.8,16.7,16.5,16.5
20260526,スカイズザリミット,69.9,52.1,33.7,16.9,17.8,18.4,16.8,16.9
20260526,ホウオウビリーヴ,71.1,52.2,34.1,16.5,18.9,18.1,17.6,16.5
20260526,リリコイ,69.7,51.4,33.6,16.8,18.3,17.8,16.8,16.8
20260526,スターフラッシュ,71.6,52.8,34.7,16.9,18.8,18.1,17.8,16.9
20260526,エンセリオ,64.6,47.8,31.6,15.8,16.8,16.2,15.8,15.8
20260526,トモジャシャトー,66.1,48.4,31.9,16.1,17.7,16.5,15.8,16.1
20260526,フクチャントウメイ,70.3,51.9,34.2,17.1,18.4,17.7,17.1,17.1
20260526,エコロブルーム,65.5,48.3,31.5,15.7,17.2,16.8,15.8,15.7
20260526,キープサインオン,67.8,49.9,33.0,16.5,17.9,16.9,16.5,16.5
20260526,グレヴィレア,68.8,50.2,32.2,16.2,18.6,18.0,16.0,16.2
20260526,フォースミラクル,65.8,48.7,32.0,15.9,17.1,16.7,16.1,15.9
20260526,グレイテストソング,66.5,49.2,32.5,16.3,17.3,16.7,16.2,16.3
20260526,エルアン,66.9,49.0,31.9,15.9,17.9,17.1,16.0,15.9
20260526,ロングミックス,63.7,47.1,31.2,15.6,16.6,15.9,15.6,15.6
20260526,コーリンクレア,67.2,50.3,33.4,16.5,16.9,16.9,16.9,16.5
20260526,シルバーアックス,63.2,46.2,30.6,15.3,17.0,15.6,15.3,15.3
20260526,ロイヤルアデレード,70.2,51.3,34.2,17.7,18.9,17.1,16.5,17.7
20260526,ウキヨノサンシロウ,69.2,50.9,33.7,16.8,18.3,17.2,16.9,16.8
20260526,アルアンダルス,65.8,48.6,32.6,16.9,17.2,16.0,15.7,16.9
20260526,ボスヒッツ,70.2,51.8,34.2,17.0,18.4,17.6,17.2,17.0
20260526,スマートブライド,70.3,51.9,34.2,17.0,18.4,17.7,17.2,17.0
20260526,ワレモコウ,67.5,50.3,33.5,16.6,17.2,16.8,16.9,16.6
20260526,ホーフアイゼン,68.7,50.5,33.4,16.6,18.2,17.1,16.8,16.6
20260526,バトルクライ,69.8,50.7,33.4,16.6,19.1,17.3,16.8,16.6
20260526,ゴールドハンマー,64.6,47.8,31.4,15.6,16.8,16.4,15.8,15.6
20260526,ディーズメンフィス,64.6,47.1,31.0,15.4,17.5,16.1,15.6,15.4
20260526,イントゥザウインド,71.0,52.8,34.9,17.9,18.2,17.9,17.0,17.9
20260526,ファーザーアウェイ,70.9,53.2,35.5,17.8,17.7,17.7,17.7,17.8
20260526,トワイライトビュー,62.7,47.0,31.9,16.3,15.7,15.1,15.6,16.3
20260526,ナイア,68.2,50.4,33.9,17.4,17.8,16.5,16.5,17.4
20260526,ラブトゥエニイワン,71.3,53.0,35.2,18.0,18.3,17.8,17.2,18.0
20260526,ヴェイルドハート,71.9,53.6,36.1,18.3,18.3,17.5,17.8,18.3
20260526,ヒズストーリー,70.8,52.5,34.8,17.0,18.3,17.7,17.8,17.0
20260526,ローブリッター,68.5,50.9,34.5,17.8,17.6,16.4,16.7,17.8
20260526,テイクユアタイム,70.7,52.9,35.4,17.5,17.8,17.5,17.9,17.5
20260526,ルークスイテルム,70.1,51.9,34.3,16.6,18.2,17.6,17.7,16.6
20260526,ソウカイウォーリア,70.9,52.8,34.9,17.5,18.1,17.9,17.4,17.5
20260526,クラウンフラッグ,69.5,51.9,34.4,17.2,17.6,17.5,17.2,17.2
20260526,サクラトゥジュール,65.8,48.6,32.2,16.2,17.2,16.4,16.0,16.2
20260526,サイルーン,67.1,50.0,33.6,16.8,17.1,16.4,16.8,16.8
20260526,クレセントウイング,68.5,50.6,33.3,16.6,17.9,17.3,16.7,16.6
20260526,ツマヤ,71.6,52.5,34.1,16.9,19.1,18.4,17.2,16.9
20260526,ドントゥザムーン,70.0,51.4,33.9,17.0,18.6,17.5,16.9,17.0
20260526,ルクソールカフェ,67.0,49.8,32.9,16.6,17.2,16.9,16.3,16.6
20260526,マメーアップル,66.1,49.8,32.9,16.4,16.3,16.9,16.5,16.4
20260526,ハイバーニアン,67.4,49.7,32.4,16.1,17.7,17.3,16.3,16.1
20260526,アンジュリオ,68.8,50.0,32.2,15.9,18.8,17.8,16.3,15.9
20260526,ベルウッドバイオ,72.0,52.8,34.9,17.5,19.2,17.9,17.4,17.5
20260526,サファイアテソーロ,69.3,51.3,33.5,17.1,18.0,17.8,16.4,17.1
20260526,フェンリル,69.9,51.0,33.8,16.9,18.9,17.2,16.9,16.9
20260526,マナベラ,66.0,49.6,33.2,16.5,16.4,16.4,16.7,16.5
20260526,ｺｳｷﾞｮｳﾏｼｪﾘの24,75.9,56.8,37.5,17.1,19.1,19.3,20.4,17.1
20260526,プルーヴンウィナー,67.8,49.8,32.6,16.3,18.0,17.2,16.3,16.3
20260526,アロンズロッド,64.2,45.9,29.1,14.4,18.3,16.8,14.7,14.4
20260526,レッドシュトラール,65.2,47.0,30.4,15.1,18.2,16.6,15.3,15.1
20260526,ルージュアリスタ,63.4,46.1,30.2,14.8,17.3,15.9,15.4,14.8
20260526,アドマイヤウルトラ,64.4,46.7,30.2,14.9,17.7,16.5,15.3,14.9
20260526,イケイケドンドン,69.6,50.6,32.4,16.0,19.0,18.2,16.4,16.0
20260526,テラシエスタ,65.6,47.4,30.4,15.0,18.2,17.0,15.4,15.0
20260526,フェリスセンダ,67.3,49.8,32.7,16.1,17.5,17.1,16.6,16.1
20260526,サイモンカーチス,72.3,53.2,35.2,17.2,19.1,18.0,18.0,17.2
20260526,マーガレットクレア,66.7,49.4,32.1,16.0,17.3,17.3,16.1,16.0
20260526,スパークルレイ,70.0,52.1,35.3,17.4,17.9,16.8,17.9,17.4
20260526,スチョウプリンセス,68.2,51.0,34.3,17.4,17.2,16.7,16.9,17.4
20260526,スウェーバック,69.4,49.6,32.1,15.7,19.8,17.5,16.4,15.7
20260526,コルヴィル,64.8,47.3,30.9,15.5,17.5,16.4,15.4,15.5
20260526,クラウンフリード,68.6,50.1,33.2,16.7,18.5,16.9,16.5,16.7
20260526,ベアエクスプレス,62.9,46.2,30.6,14.9,16.7,15.6,15.7,14.9
20260526,ゴールドパレード,67.0,49.6,32.5,16.2,17.4,17.1,16.3,16.2
20260526,レヴェンドール,62.8,47.0,31.1,15.6,15.8,15.9,15.5,15.6
20260526,ミサトレジーナ,67.1,49.6,32.7,16.2,17.5,16.9,16.5,16.2
20260526,パッサージュワイズ,68.3,50.1,33.2,16.8,18.2,16.9,16.4,16.8
20260526,ﾏﾘｰﾁの24,63.3,46.7,30.6,14.7,16.6,16.1,15.9,14.7
20260526,トクシースタローン,69.6,51.2,33.6,16.2,18.4,17.6,17.4,16.2
20260526,メッエフアパラ,70.2,51.2,32.8,15.9,19.0,18.4,16.9,15.9
20260526,カノープス,68.9,50.1,32.3,15.7,18.8,17.8,16.6,15.7
20260526,セイウンコハルタ,64.8,47.8,30.9,15.0,17.0,16.9,15.9,15.0
20260526,ヤマニンガラッシア,115.7,84.9,54.5,26.9,30.8,30.4,27.6,26.9
20260526,アルデバローズ,66.8,49.1,32.0,15.9,17.7,17.1,16.1,15.9
20260526,ファンシーシェイプ,66.8,48.5,32.1,15.3,18.3,16.4,16.8,15.3
20260526,サトノアルペジオ,59.0,43.5,29.0,14.5,15.5,14.5,14.5,14.5
20260526,ラファールドール,78.0,58.5,38.9,19.4,19.5,19.6,19.5,19.4
20260526,フロウアンドライム,63.8,47.0,30.2,14.5,16.8,16.8,15.7,14.5
20260526,オンザギャラクシー,65.8,48.0,30.7,14.7,17.8,17.3,16.0,14.7
20260526,クラックアスマイル,68.9,51.2,33.4,16.4,17.7,17.8,17.0,16.4
20260526,リナクィーンアスク,70.6,49.6,31.7,15.8,21.0,17.9,15.9,15.8
20260526,アリストクラット,66.5,49.6,32.7,16.5,16.9,16.9,16.2,16.5
20260526,デアプリームス,66.7,49.2,32.3,16.2,17.5,16.9,16.1,16.2
20260526,アヴィアトーレ,68.5,51.4,34.5,17.3,17.1,16.9,17.2,17.3
20260526,キセキノエンジェル,67.9,50.5,33.2,16.5,17.4,17.3,16.7,16.5
20260526,アドアプローズ,66.8,49.5,32.6,16.0,17.3,16.9,16.6,16.0
20260526,スペードギニー,64.1,45.9,30.0,14.9,18.2,15.9,15.1,14.9
20260526,クラウンアバンティ,67.1,49.9,33.4,16.4,17.2,16.5,17.0,16.4
20260526,カズシ,62.3,43.8,27.5,13.4,18.5,16.3,14.1,13.4
20260526,ビリキナータ,64.0,46.6,31.0,15.4,17.4,15.6,15.6,15.4
20260526,キーチパティーナ,67.3,49.9,33.1,16.3,17.4,16.8,16.8,16.3
20260526,セイウンオオゾラ,66.5,48.9,31.8,15.2,17.6,17.1,16.6,15.2
20260526,ジーティーフクジ,69.2,50.2,32.7,16.0,19.0,17.5,16.7,16.0
20260526,トナリティ,76.9,56.6,37.0,18.5,20.3,19.6,18.5,18.5
20260526,ニシノマティーニ,73.3,54.8,36.5,18.7,18.5,18.3,17.8,18.7
20260526,サルヴァトーレ,64.2,47.0,31.6,15.6,17.2,15.4,16.0,15.6
20260526,アサカラキング,62.9,47.0,30.7,15.1,15.9,16.3,15.6,15.1
20260526,ラオラシオン,60.5,44.8,29.2,14.4,15.7,15.6,14.8,14.4
20260526,オンクラウドナイン,64.7,47.8,32.0,15.9,16.9,15.8,16.1,15.9
20260526,タニセンローマ,62.3,46.3,30.3,14.6,16.0,16.0,15.7,14.6
20260526,ニシノランペイジ,67.2,50.9,34.0,16.8,16.3,16.9,17.2,16.8
20260526,ソクヅモドラドラ,64.7,47.9,31.1,15.2,16.8,16.8,15.9,15.2
20260526,ジャスフォール,64.9,47.8,31.1,15.1,17.1,16.7,16.0,15.1
20260526,インナーパッション,63.9,47.2,31.2,15.3,16.7,16.0,15.9,15.3
20260526,オルフセン,64.6,48.0,31.7,15.6,16.6,16.3,16.1,15.6
20260526,ロードクラシコ,64.4,47.8,31.8,15.4,16.6,16.0,16.4,15.4
20260526,ヴンダーバール,65.4,48.2,31.6,15.6,17.2,16.6,16.0,15.6
20260526,プリンセスダーコ,63.1,46.4,30.8,15.6,16.7,15.6,15.2,15.6
20260526,ｴﾘﾝｱｸﾄﾚｽの24,70.0,51.9,35.0,18.2,18.1,16.9,16.8,18.2
20260526,サッポロイクコ,62.5,46.5,30.6,15.1,16.0,15.9,15.5,15.1
20260526,カグヤヒメ,65.1,48.2,31.5,15.3,16.9,16.7,16.2,15.3
20260526,クリムゾンリーフ,63.7,47.1,31.0,15.5,16.6,16.1,15.5,15.5
20260526,ロンバスブレス,73.2,52.9,34.5,17.4,20.3,18.4,17.1,17.4
20260526,ショウナンバーボン,63.6,47.0,31.3,15.9,16.6,15.7,15.4,15.9
20260526,レーウィン,65.5,47.9,31.4,15.2,17.6,16.5,16.2,15.2
20260526,ボールドハーテッド,66.3,48.5,31.5,15.4,17.8,17.0,16.1,15.4
20260526,コブラ,67.3,49.4,32.0,15.9,17.9,17.4,16.1,15.9
20260526,レーベンスティール,53.5,39.5,26.3,13.3,14.0,13.2,13.0,13.3
20260526,フクチャントウメイ,68.0,49.8,32.7,16.2,18.2,17.1,16.5,16.2
20260526,リーデレクオーレ,67.0,48.7,31.6,15.4,18.3,17.1,16.2,15.4
20260526,アーティラリー,70.4,51.2,33.2,16.3,19.2,18.0,16.9,16.3
20260526,レオホー,69.6,50.5,33.3,16.8,19.1,17.2,16.5,16.8
20260526,リングスター,71.5,52.5,35.1,16.6,19.0,17.4,18.5,16.6
20260526,ノルトハウゼン,67.2,49.0,32.3,15.7,18.2,16.7,16.6,15.7
20260526,ロジマンボ,66.3,49.2,31.9,15.8,17.1,17.3,16.1,15.8
20260526,タイセイネクサス,68.7,50.4,33.4,16.4,18.3,17.0,17.0,16.4
20260526,スタンピー,65.9,49.1,32.3,15.7,16.8,16.8,16.6,15.7
20260526,セイカユウヒ,66.5,48.6,31.6,15.3,17.9,17.0,16.3,15.3
20260526,スチョウプリンセス,68.0,50.2,33.0,15.9,17.8,17.2,17.1,15.9
20260526,サイモンカーチス,66.7,48.9,31.9,16.0,17.8,17.0,15.9,16.0
20260526,スパークルレイ,69.0,52.2,34.6,17.6,16.8,17.6,17.0,17.6
20260526,カノープス,64.6,47.7,30.6,15.1,16.9,17.1,15.5,15.1
20260526,オオゾラヒバリ,65.4,47.9,32.1,16.6,17.5,15.8,15.5,16.6
20260526,リナクィーンアスク,72.8,51.7,33.8,17.2,21.1,17.9,16.6,17.2
20260526,ゴールデンルーキー,67.7,50.7,34.1,17.0,17.0,16.6,17.1,17.0
20260526,レイヤードレッド,72.1,53.0,35.4,17.6,19.1,17.6,17.8,17.6
20260526,アウルムレガリア,67.2,50.2,34.1,17.6,17.0,16.1,16.5,17.6
20260526,ルークウォーム,65.0,48.4,32.3,15.9,16.6,16.1,16.4,15.9
20260526,エレガントステップ,67.7,50.7,34.2,17.2,17.0,16.5,17.0,17.2
20260526,キタノエフロレス,67.5,50.4,34.1,17.8,17.1,16.3,16.3,17.8
20260526,ダノンファンスター,60.1,44.1,29.1,14.5,16.0,15.0,14.6,14.5
20260526,シックスペンス,59.7,44.2,29.2,14.4,15.5,15.0,14.8,14.4
20260526,ホウオウファミリー,62.7,45.9,29.6,14.5,16.8,16.3,15.1,14.5
20260526,クロドラバール,62.9,46.1,30.7,15.1,16.8,15.4,15.6,15.1
20260526,エフハリスト,63.9,46.2,30.7,15.8,17.7,15.5,14.9,15.8
20260526,クリスタルドレス,79.2,57.9,37.9,18.9,21.3,20.0,19.0,18.9
20260526,ハタノグランクリュ,59.9,43.9,29.0,14.8,16.0,14.9,14.2,14.8
20260526,ウインスターリング,67.2,49.1,31.5,15.6,18.1,17.6,15.9,15.6
20260526,スターシップ,66.2,48.5,31.9,15.8,17.7,16.6,16.1,15.8
20260526,カスタニッチャ,67.1,49.4,32.6,16.2,17.7,16.8,16.4,16.2
20260526,ブリリアンブルーム,66.8,48.5,31.5,15.3,18.3,17.0,16.2,15.3
20260526,ニクスルーナ,67.2,49.9,33.0,16.4,17.3,16.9,16.6,16.4
20260526,テーオーパスワード,64.1,46.8,30.4,15.1,17.3,16.4,15.3,15.1
20260526,チュウワダイオウ,66.4,48.5,31.4,15.4,17.9,17.1,16.0,15.4
20260526,レイワサンサン,65.6,47.6,30.5,15.1,18.0,17.1,15.4,15.1
20260526,エコロガイア,62.3,45.7,30.6,16.1,16.6,15.1,14.5,16.1
20260526,フィドルファドル,61.3,45.8,30.5,15.3,15.5,15.3,15.2,15.3
20260526,ゴッドエスパーダ,65.9,48.5,32.1,15.6,17.4,16.4,16.5,15.6
20260526,ダイシンリンク,62.4,46.5,31.2,15.5,15.9,15.3,15.7,15.5
20260526,ピースビート,68.4,50.4,32.3,16.0,18.0,18.1,16.3,16.0
20260526,インディクイーン,67.4,50.1,33.9,17.2,17.3,16.2,16.7,17.2
20260526,ジャスパーレオン,61.8,46.0,30.0,15.1,15.8,16.0,14.9,15.1
20260526,アドバンスモダン,60.8,44.3,28.9,14.3,16.5,15.4,14.6,14.3
20260526,ヤマニンイハナ,66.5,49.0,32.2,15.7,17.5,16.8,16.5,15.7
20260526,アテンド,69.1,49.6,31.4,15.1,19.5,18.2,16.3,15.1
20260526,ケンシロウワールド,70.0,51.7,34.7,17.4,18.3,17.0,17.3,17.4
20260526,エンデュミオン,67.8,48.4,31.8,16.0,19.4,16.6,15.8,16.0
20260526,シュタールヴィント,63.8,46.9,31.1,15.7,16.9,15.8,15.4,15.7
20260526,マイネルエンペラー,65.1,47.2,31.3,15.6,17.9,15.9,15.7,15.6
20260526,シュガークン,68.7,50.0,32.6,16.4,18.7,17.4,16.2,16.4
20260526,ジーティーパワー,64.7,46.3,29.7,14.4,18.4,16.6,15.3,14.4
20260526,アスクコモンタレヴ,65.1,46.9,30.6,15.1,18.2,16.3,15.5,15.1
20260526,キングスコール,63.2,46.7,31.0,15.4,16.5,15.7,15.6,15.4
20260526,アスクデッドヒート,64.0,47.9,31.4,15.6,16.1,16.5,15.8,15.6
20260526,マヤノイマジン,63.7,46.7,30.9,15.4,17.0,15.8,15.5,15.4
20260526,マクローリン,64.5,47.1,31.6,15.3,17.4,15.5,16.3,15.3
20260526,キタノファーンヒル,67.6,49.3,32.7,16.2,18.3,16.6,16.5,16.2
20260526,メイショウルーク,62.5,45.2,30.5,15.4,17.3,14.7,15.1,15.4
20260526,ミライチケット,63.8,45.6,29.9,14.7,18.2,15.7,15.2,14.7
20260526,ステインアライヴ,65.3,48.3,31.7,15.6,17.0,16.6,16.1,15.6
20260526,ココプレミア,64.6,46.8,31.2,15.6,17.8,15.6,15.6,15.6
20260526,スピーディスピン,65.8,47.4,31.5,15.9,18.4,15.9,15.6,15.9
20260526,エマヌエーレ,59.3,43.3,28.0,13.3,16.0,15.3,14.7,13.3
20260526,ネグレスコ,72.3,52.4,33.7,16.1,19.9,18.7,17.6,16.1
20260526,キュクロープス,66.1,48.8,32.2,15.6,17.3,16.6,16.6,15.6
20260526,オリーブグリーン,68.0,50.4,32.5,15.7,17.6,17.9,16.8,15.7
20260526,ショウナンアワード,69.4,50.7,33.4,16.7,18.7,17.3,16.7,16.7
20260526,パンチャマハブータ,75.7,54.7,35.1,16.9,21.0,19.6,18.2,16.9
20260526,フィオラーノ,71.1,51.4,32.9,15.9,19.7,18.5,17.0,15.9
20260526,グランフィエルテ,72.7,52.4,34.4,17.1,20.3,18.0,17.3,17.1
20260526,ラルス,79.9,58.1,37.5,18.4,21.8,20.6,19.1,18.4
20260526,マーゴットデウス,65.1,46.5,30.4,15.1,18.6,16.1,15.3,15.1
20260526,テンタイムトップ,73.9,53.6,34.9,16.8,20.3,18.7,18.1,16.8
20260526,ダイシンヨーク,73.1,53.6,35.3,17.7,19.5,18.3,17.6,17.7
20260526,ヘクセンハウス,72.8,52.3,33.1,16.1,20.5,19.2,17.0,16.1
20260526,サトノビダーヤ,65.5,47.9,31.9,15.7,17.6,16.0,16.2,15.7
20260526,スナークゴーギャン,65.7,47.8,31.6,15.7,17.9,16.2,15.9,15.7
20260526,サンライズアムール,65.1,47.4,31.0,15.6,17.7,16.4,15.4,15.6
20260526,ヴァンドーム,67.1,50.1,33.1,16.3,17.0,17.0,16.8,16.3
20260526,スウィートリワード,62.9,46.0,30.7,15.3,16.9,15.3,15.4,15.3
20260526,ベルダイナフェロー,64.2,47.2,31.5,15.8,17.0,15.7,15.7,15.8
20260526,ヘルモーズ,64.7,47.0,31.5,15.9,17.7,15.5,15.6,15.9
20260526,ダイアナクイーン,67.3,48.1,31.1,15.4,19.2,17.0,15.7,15.4
20260526,アンピュルシオン,65.3,46.3,30.1,15.0,19.0,16.2,15.1,15.0
20260526,ニシノジェダイ,66.5,48.6,31.6,15.2,17.9,17.0,16.4,15.2
20260526,スパルタンエックス,66.1,46.8,30.3,14.7,19.3,16.5,15.6,14.7
20260526,ファイアプレイス,67.1,49.9,33.2,16.7,17.2,16.7,16.5,16.7
20260526,アイビーミャーオ,68.7,51.3,33.7,16.6,17.4,17.6,17.1,16.6
20260526,アイルトン,65.1,48.3,32.0,16.0,16.8,16.3,16.0,16.0
20260526,ゴディアンフィンチ,65.3,48.0,31.7,15.8,17.3,16.3,15.9,15.8
20260526,ヒューザー,67.2,49.0,31.7,15.6,18.2,17.3,16.1,15.6
20260526,タガノプディング,64.5,47.7,32.2,16.3,16.8,15.5,15.9,16.3
20260526,スズカローズキング,64.7,47.7,31.5,15.8,17.0,16.2,15.7,15.8
20260526,バトゥカーダ,66.8,48.8,32.3,15.9,18.0,16.5,16.4,15.9
20260526,アンガーザガール,64.7,47.7,31.1,15.4,17.0,16.6,15.7,15.4
20260526,ベイビーブラザー,65.6,49.0,32.8,16.0,16.6,16.2,16.8,16.0
20260526,ステラクラウン,65.0,47.9,31.7,16.0,17.1,16.2,15.7,16.0
20260526,ニホンピロゴルディ,67.9,49.7,32.3,15.9,18.2,17.4,16.4,15.9
20260526,ディニトーソ,62.3,45.3,29.8,14.6,17.0,15.5,15.2,14.6
20260526,ウィルサヴァイブ,64.1,46.4,30.3,15.2,17.7,16.1,15.1,15.2
20260526,アルテヴェローチェ,65.2,47.7,30.6,14.8,17.5,17.1,15.8,14.8
20260526,ミラージュナイト,62.0,45.3,29.4,14.3,16.7,15.9,15.1,14.3
20260526,タイキジュビリー,63.7,46.6,30.2,14.9,17.1,16.4,15.3,14.9
20260526,アイアン,64.5,46.6,30.2,15.0,17.9,16.4,15.2,15.0
20260526,ティアーズクィーン,64.4,46.2,30.1,14.6,18.2,16.1,15.5,14.6
20260526,タガノラヴズワン,64.4,46.2,29.8,14.3,18.2,16.4,15.5,14.3
20260526,トラステッド,61.8,45.2,29.5,14.5,16.6,15.7,15.0,14.5
20260526,デアヴェローチェ,63.7,46.7,30.3,15.0,17.0,16.4,15.3,15.0
20260526,アームズラムレイ,64.8,47.1,31.3,15.6,17.7,15.8,15.7,15.6
20260526,バティック,63.3,46.5,30.7,15.4,16.8,15.8,15.3,15.4
20260526,サンタンジェロ,62.3,45.3,29.4,14.6,17.0,15.9,14.8,14.6
20260526,ビップディラン,62.5,45.1,29.6,14.9,17.4,15.5,14.7,14.9
20260526,アスタウイン,68.0,48.9,32.5,15.8,19.1,16.4,16.7,15.8
20260526,トゥルパーニ,63.9,46.1,29.9,15.0,17.8,16.2,14.9,15.0
20260526,トップアタック,66.0,47.7,30.8,15.0,18.3,16.9,15.8,15.0
20260526,ページターナー,61.4,45.8,30.5,16.2,15.6,15.3,14.3,16.2
20260526,キングツェッペリン,62.1,46.7,30.8,15.0,15.4,15.9,15.8,15.0
20260526,レディトゥフライト,65.4,47.6,31.2,15.4,17.8,16.4,15.8,15.4
20260526,エルモサカスターノ,69.4,51.6,34.6,16.9,17.8,17.0,17.7,16.9
20260526,ミッキーテネシー,64.1,47.5,31.7,16.0,16.6,15.8,15.7,16.0
20260526,オンザムービー,64.1,48.4,32.3,15.9,15.7,16.1,16.4,15.9
20260526,サイモンゼスト,71.1,52.6,34.8,17.6,18.5,17.8,17.2,17.6
20260526,ビナハイバン,65.7,49.0,32.4,16.1,16.7,16.6,16.3,16.1
20260526,ワンダーリュクス,65.3,47.9,31.9,15.9,17.4,16.0,16.0,15.9
20260526,クリコキアナ,69.5,51.4,33.7,16.6,18.1,17.7,17.1,16.6
20260526,ニシノキヅイタラ,70.9,52.4,34.4,17.2,18.5,18.0,17.2,17.2
20260526,トシミチ,69.2,50.4,33.2,16.2,18.8,17.2,17.0,16.2
20260526,ゴートゥファースト,59.8,43.0,28.4,13.9,16.8,14.6,14.5,13.9
20260526,モズマーヴェリック,65.7,47.4,30.9,15.2,18.3,16.5,15.7,15.2
20260526,メイショウセイロウ,67.9,50.3,33.3,16.7,17.6,17.0,16.6,16.7
20260526,ソルトハッピー,70.3,50.9,33.5,16.8,19.4,17.4,16.7,16.8
20260526,オーロクリューソス,60.7,44.5,30.0,15.2,16.2,14.5,14.8,15.2
20260526,グロリアス,61.5,44.5,28.7,14.4,17.0,15.8,14.3,14.4
20260526,スワトウ,65.8,48.1,31.6,15.0,17.7,16.5,16.6,15.0
20260526,パスリヤージュ,64.5,47.4,31.6,15.9,17.1,15.8,15.7,15.9
20260526,ルージュプルーヴ,63.1,45.5,29.4,14.7,17.6,16.1,14.7,14.7
20260526,ゴールドアクセス,64.4,46.3,29.7,14.5,18.1,16.6,15.2,14.5
20260526,マテンロウプリンス,63.8,45.7,29.7,14.3,18.1,16.0,15.4,14.3
20260526,エナジーアユ,64.0,46.9,31.3,15.4,17.1,15.6,15.9,15.4
20260526,ウインアトム,67.5,48.8,31.4,14.4,18.7,17.4,17.0,14.4
20260526,ナムラステラ,65.2,47.8,31.9,15.9,17.4,15.9,16.0,15.9
20260526,シンゼンノト,70.3,51.1,33.8,17.0,19.2,17.3,16.8,17.0
20260526,グレートキリシマ,66.8,48.8,32.7,16.5,18.0,16.1,16.2,16.5
20260526,クルゼイロドスル,66.0,47.8,31.0,15.3,18.2,16.8,15.7,15.3
20260526,テラステラ,63.3,46.9,30.9,15.1,16.4,16.0,15.8,15.1
20260526,ハリウッドパーク,65.7,49.0,32.5,16.2,16.7,16.5,16.3,16.2
20260526,マダムイグレイン,66.0,48.0,31.5,15.4,18.0,16.5,16.1,15.4
20260526,サンライズバレット,64.4,46.2,30.7,15.3,18.2,15.5,15.4,15.3
20260526,メイショウタイピン,64.9,45.3,28.9,14.4,19.6,16.4,14.5,14.4
20260526,ユキノクラウン,66.4,49.0,32.4,16.0,17.4,16.6,16.4,16.0
20260526,ダノンカゼルタ,61.9,45.6,30.1,14.8,16.3,15.5,15.3,14.8
20260526,ララドゥージエム,65.2,47.3,30.9,15.4,17.9,16.4,15.5,15.4
20260526,ワルツプリンセス,63.3,48.4,32.4,15.7,14.9,16.0,16.7,15.7
20260526,クリムゾンバースト,66.1,49.1,32.4,16.1,17.0,16.7,16.3,16.1
20260526,ワンダフルデイズ,64.8,48.3,31.8,15.4,16.5,16.5,16.4,15.4
20260526,レゾルーティオ,66.7,48.4,32.3,16.1,18.3,16.1,16.2,16.1
20260526,グレイイングリーン,65.7,46.5,29.9,14.4,19.2,16.6,15.5,14.4
20260526,ティニア,66.4,47.9,30.8,14.7,18.5,17.1,16.1,14.7
20260526,プロミシングスター,64.6,46.8,30.4,15.0,17.8,16.4,15.4,15.0
20260526,プリズマジコ,63.1,45.7,29.5,14.5,17.4,16.2,15.0,14.5
20260526,フランキーバローズ,66.5,47.0,30.0,14.1,19.5,17.0,15.9,14.1
20260526,リガーレ,64.2,47.1,30.4,14.6,17.1,16.7,15.8,14.6
20260526,フェイトライン,75.9,54.8,35.4,17.1,21.1,19.4,18.3,17.1
20260526,クロワデュノール,75.9,54.9,35.4,17.1,21.0,19.5,18.3,17.1
20260526,クリノリキオー,64.1,47.3,31.0,15.4,16.8,16.3,15.6,15.4
20260526,ライトニングロッド,66.9,47.8,30.5,14.9,19.1,17.3,15.6,14.9
20260526,ハッピーリオン,67.0,49.3,32.2,15.6,17.7,17.1,16.6,15.6
20260526,ペプチドマッハ,64.6,47.4,31.3,15.5,17.2,16.1,15.8,15.5
20260526,カローナ,65.0,48.4,32.1,15.9,16.6,16.3,16.2,15.9
20260526,ヴィヴァン,64.6,47.9,32.0,15.5,16.7,15.9,16.5,15.5
20260526,ハイディージェン,65.3,47.2,30.6,15.2,18.1,16.6,15.4,15.2
20260526,キュクヌス,67.0,49.5,32.3,15.6,17.5,17.2,16.7,15.6
20260526,スピントロニクス,64.1,47.3,31.4,15.3,16.8,15.9,16.1,15.3
20260526,コンフォルツァ,64.6,47.6,31.1,15.5,17.0,16.5,15.6,15.5
20260526,ドラゴン,62.6,46.1,30.1,15.0,16.5,16.0,15.1,15.0
20260526,ダイメイプリンス,66.9,48.6,31.6,15.6,18.3,17.0,16.0,15.6
20260526,ララディアーブル,65.9,49.2,32.8,16.3,16.7,16.4,16.5,16.3
20260526,ジューンマーチ,68.5,50.0,32.9,16.5,18.5,17.1,16.4,16.5
20260526,ドンレミラピュセル,62.9,46.1,30.3,14.9,16.8,15.8,15.4,14.9
20260526,エースフライト,65.1,47.1,30.2,14.6,18.0,16.9,15.6,14.6
20260526,フルールドール,63.3,46.6,30.3,14.9,16.7,16.3,15.4,14.9
20260526,スマートエラン,65.7,48.2,31.3,15.1,17.5,16.9,16.2,15.1
20260526,サトノトリニティ,64.4,46.9,30.2,14.5,17.5,16.7,15.7,14.5
20260526,プリンセスモコ,64.8,47.6,31.4,15.0,17.2,16.2,16.4,15.0
20260526,アメリカンイズム,63.1,46.5,30.9,15.1,16.6,15.6,15.8,15.1
20260526,イッペイ,63.3,47.8,31.6,15.7,15.5,16.2,15.9,15.7
20260526,アヴレディール,62.9,47.0,31.5,15.5,15.9,15.5,16.0,15.5
20260526,コルベータ,63.5,46.4,30.2,15.0,17.1,16.2,15.2,15.0
20260526,トゥーレジット,70.0,50.6,33.4,16.6,19.4,17.2,16.8,16.6
20260526,レヴォントゥレット,63.6,47.1,31.3,15.7,16.5,15.8,15.6,15.7
20260526,ティンティンデオ,64.3,47.5,32.2,16.0,16.8,15.3,16.2,16.0
20260526,ロンドボス,62.2,44.6,28.8,14.3,17.6,15.8,14.5,14.3
20260526,ヨカオウ,61.1,45.1,30.2,15.2,16.0,14.9,15.0,15.2
20260526,ルクスドリーム,63.1,46.1,30.3,15.0,17.0,15.8,15.3,15.0
20260526,ライトオブジアース,64.5,48.1,31.6,16.2,16.4,16.5,15.4,16.2
20260526,カフジミモレット,65.5,48.2,32.0,15.9,17.3,16.2,16.1,15.9
20260526,カフジエメンタール,62.9,46.6,30.5,15.0,16.3,16.1,15.5,15.0
20260526,ワンインザスカイ,64.7,48.3,32.0,16.0,16.4,16.3,16.0,16.0
20260526,グランピアン,66.0,49.0,32.7,16.5,17.0,16.3,16.2,16.5
20260526,チュウワメロディー,65.1,47.3,31.4,15.9,17.8,15.9,15.5,15.9
20260526,ロンドンガーズ,63.8,46.6,30.6,15.3,17.2,16.0,15.3,15.3
20260526,シックパラソル,64.4,47.9,32.2,15.9,16.5,15.7,16.3,15.9
20260526,ブラックミューズ,63.7,47.5,31.7,15.6,16.2,15.8,16.1,15.6
20260526,エイカイカッシーナ,70.2,49.7,32.2,15.8,20.5,17.5,16.4,15.8
20260526,グリミスティ,71.9,53.2,34.4,17.3,18.7,18.8,17.1,17.3
20260526,ニホンピロローカス,68.6,50.1,32.5,16.2,18.5,17.6,16.3,16.2
20260526,サトノアグード,67.3,49.7,33.1,16.3,17.6,16.6,16.8,16.3
20260526,リトセア,69.4,51.7,34.7,17.0,17.7,17.0,17.7,17.0
20260526,センリョウヤクシャ,67.5,50.5,34.4,17.1,17.0,16.1,17.3,17.1
20260526,ケイアイシェルビー,60.9,44.8,29.6,14.9,16.1,15.2,14.7,14.9
20260526,タイゲン,62.3,45.1,30.1,15.5,17.2,15.0,14.6,15.5
20260526,ディアドコス,64.3,46.4,30.4,14.9,17.9,16.0,15.5,14.9
20260526,ユメハハテシナク,65.1,47.4,30.3,14.5,17.7,17.1,15.8,14.5
20260526,ヴェロクオーレ,64.9,47.9,31.7,15.2,17.0,16.2,16.5,15.2
20260526,ミッキークレスト,64.8,48.1,31.5,15.4,16.7,16.6,16.1,15.4
20260526,ギャンブルルーム,65.5,47.7,31.3,15.2,17.8,16.4,16.1,15.2
20260526,スマートワイス,65.6,48.6,32.5,15.6,17.0,16.1,16.9,15.6
20260526,ピエマンソン,60.6,44.2,29.2,13.8,16.4,15.0,15.4,13.8
20260526,セントールビースト,66.9,48.7,31.9,15.8,18.2,16.8,16.1,15.8
20260526,ミリオンアップ,67.6,50.0,33.4,16.3,17.6,16.6,17.1,16.3
20260526,レッドフロイデ,65.0,47.4,31.0,15.1,17.6,16.4,15.9,15.1
20260526,コワンニシタガウ,63.0,45.5,29.9,14.8,17.5,15.6,15.1,14.8
20260526,サラサダンディー,65.9,47.3,30.6,14.7,18.6,16.7,15.9,14.7
20260526,エイシンディード,63.8,47.4,31.6,15.7,16.4,15.8,15.9,15.7
20260526,サンライズオスカー,65.4,47.3,30.5,14.7,18.1,16.8,15.8,14.7
20260526,ナムラソラン,64.2,46.9,30.6,15.0,17.3,16.3,15.6,15.0
20260526,キンダープンシュ,63.0,46.2,29.8,14.3,16.8,16.4,15.5,14.3
20260526,ユイリノベーション,61.0,44.9,29.7,15.0,16.1,15.2,14.7,15.0
20260526,スマートメモリー,65.9,48.5,31.5,15.4,17.4,17.0,16.1,15.4
20260526,ルクスグレイス,60.8,45.2,30.4,15.3,15.6,14.8,15.1,15.3
20260526,ジョディーズマロン,66.4,48.9,32.2,16.1,17.5,16.7,16.1,16.1
20260526,セールヴォラン,65.6,48.4,31.8,15.5,17.2,16.6,16.3,15.5
20260526,レッドリベルタ,64.3,47.0,31.2,15.8,17.3,15.8,15.4,15.8
20260526,ヒルノドゴール,64.3,46.5,30.9,15.2,17.8,15.6,15.7,15.2
20260526,フェンダー,64.1,46.9,30.6,14.8,17.2,16.3,15.8,14.8
20260526,アイブリンク,63.5,46.5,30.5,15.2,17.0,16.0,15.3,15.2
20260526,ダガーリング,64.1,46.6,30.8,15.4,17.5,15.8,15.4,15.4
20260526,エアニゲラ,63.1,46.1,29.7,14.4,17.0,16.4,15.3,14.4
20260526,コスモストーム,63.5,46.1,30.8,15.7,17.4,15.3,15.1,15.7
20260526,オレンジフィールド,64.4,47.1,31.3,15.3,17.3,15.8,16.0,15.3
20260526,リベンジャー,64.3,47.5,31.2,15.3,16.8,16.3,15.9,15.3
20260526,アルムアポジェ,64.2,47.5,30.9,15.0,16.7,16.6,15.9,15.0
20260526,ドットカモン,64.1,47.3,31.1,15.5,16.8,16.2,15.6,15.5
20260526,シャンティフレーズ,66.8,48.7,32.2,15.7,18.1,16.5,16.5,15.7
20260526,クイーンズドリーム,63.5,46.8,30.6,15.1,16.7,16.2,15.5,15.1
20260526,ジキトウライ,64.5,47.8,31.8,15.5,16.7,16.0,16.3,15.5
20260526,ジュエルシップ,67.0,49.2,32.2,16.2,17.8,17.0,16.0,16.2
20260526,クロジシジョー,62.5,45.7,29.8,14.7,16.8,15.9,15.1,14.7
20260526,レジェンドシップ,63.8,47.3,31.0,15.3,16.5,16.3,15.7,15.3
20260526,マーベリックシチー,63.5,47.2,31.5,15.8,16.3,15.7,15.7,15.8
20260526,ムイ,62.7,46.0,29.6,14.7,16.7,16.4,14.9,14.7
20260526,ハートメテオ,63.8,47.1,30.8,15.0,16.7,16.3,15.8,15.0
20260526,レッドレベンディス,64.0,46.3,30.6,15.5,17.7,15.7,15.1,15.5
20260526,ダイヤモンドエルザ,65.3,47.9,31.2,15.3,17.4,16.7,15.9,15.3
20260526,ワイルドカグラ,63.2,46.0,29.9,14.4,17.2,16.1,15.5,14.4
20260526,ワダツミ,62.8,46.0,29.9,14.5,16.8,16.1,15.4,14.5
20260526,クボウサマ,64.2,47.2,31.4,15.7,17.0,15.8,15.7,15.7
20260526,ワルトシュタイン,64.4,47.6,30.9,15.1,16.8,16.7,15.8,15.1
20260526,リアンドゥクール,67.0,47.4,30.7,14.8,19.6,16.7,15.9,14.8
20260526,ベリベリハッピー,63.4,46.0,29.9,14.4,17.4,16.1,15.5,14.4
20260526,メイショウピュルテ,62.6,45.4,29.7,14.8,17.2,15.7,14.9,14.8
20260526,ノヴァレジーナ,62.3,46.4,31.1,15.3,15.9,15.3,15.8,15.3
20260526,ルビーブロンド,65.1,48.2,30.6,15.0,16.9,17.6,15.6,15.0
20260526,トリーア,65.8,48.8,32.0,15.5,17.0,16.8,16.5,15.5
20260526,リサシテーション,61.1,44.5,29.3,14.8,16.6,15.2,14.5,14.8
20260526,ノリヤンモーニン,65.7,48.1,31.1,14.9,17.6,17.0,16.2,14.9
20260526,サンライズアムール,71.6,52.5,34.3,17.0,19.1,18.2,17.3,17.0
20260526,マーブルロック,65.5,48.3,31.4,15.3,17.2,16.9,16.1,15.3
20260526,フリームファクシ,63.0,43.1,27.5,13.7,19.9,15.6,13.8,13.7
20260526,ヘルモーズ,68.5,50.1,33.5,16.3,18.4,16.6,17.2,16.3
20260526,リアライズグリント,64.2,47.2,31.3,15.5,17.0,15.9,15.8,15.5
20260526,ヒューザー,69.2,50.2,33.2,16.4,19.0,17.0,16.8,16.4
20260526,ロックターミガン,65.0,47.4,30.3,14.6,17.6,17.1,15.7,14.6
20260526,ガイアフォース,67.5,49.7,31.9,15.9,17.8,17.8,16.0,15.9
20260526,エルトンバローズ,70.1,51.7,34.0,16.8,18.4,17.7,17.2,16.8
20260526,スマートフォルス,64.8,47.7,30.1,14.9,17.1,17.6,15.2,14.9
20260526,ヴェルミセル,66.1,48.2,31.0,15.3,17.9,17.2,15.7,15.3
20260526,ワンダーカモン,64.6,47.5,30.2,15.4,17.1,17.3,14.8,15.4
20260526,アリエスキング,68.0,50.0,32.1,15.4,18.0,17.9,16.7,15.4
20260526,キャピタルサックス,71.0,52.8,35.5,18.5,18.2,17.3,17.0,18.5
20260526,カルプスペルシュ,64.8,47.7,31.4,15.4,17.1,16.3,16.0,15.4
20260526,クロノスバレット,65.5,47.5,30.6,15.3,18.0,16.9,15.3,15.3
20260526,ピカラ,67.2,50.6,33.8,17.6,16.6,16.8,16.2,17.6
20260526,エンジェルボイス,64.5,47.1,30.2,15.1,17.4,16.9,15.1,15.1
20260526,リベッチオ,66.2,48.7,32.0,15.1,17.5,16.7,16.9,15.1
20260526,ビッグシーザー,66.8,48.0,32.0,16.4,18.8,16.0,15.6,16.4
20260526,サンマルパトロール,65.4,48.4,31.6,15.5,17.0,16.8,16.1,15.5
20260526,レディネス,63.8,46.8,30.2,14.8,17.0,16.6,15.4,14.8
20260526,オリーブグリーン,63.3,47.4,31.8,15.8,15.9,15.6,16.0,15.8
20260526,アート,66.0,48.2,31.9,15.8,17.8,16.3,16.1,15.8
20260526,フウセン,68.1,50.3,32.5,16.0,17.8,17.8,16.5,16.0
20260526,メランコリニスタ,66.6,48.2,31.1,15.2,18.4,17.1,15.9,15.2
20260526,ドンテスタマスター,66.1,47.9,30.7,15.1,18.2,17.2,15.6,15.1
20260526,サマーキューピッド,67.7,49.1,31.8,15.6,18.6,17.3,16.2,15.6
20260526,ﾊﾞﾝﾄﾞｩｯﾁの24,67.0,48.7,31.5,15.4,18.3,17.2,16.1,15.4
20260526,カネトシフラム,69.5,50.5,32.8,16.1,19.0,17.7,16.7,16.1
20260526,ジュウオウ,68.1,50.4,32.4,15.6,17.7,18.0,16.8,15.6
20260526,サンマルノヴェル,73.0,53.0,35.1,17.3,20.0,17.9,17.8,17.3
20260526,シャルクハフト,72.3,52.2,34.3,16.8,20.1,17.9,17.5,16.8
20260526,シュネーグロッケン,67.7,49.6,33.1,16.6,18.1,16.5,16.5,16.6
20260526,ステラネージュ,69.8,50.5,33.0,16.1,19.3,17.5,16.9,16.1
20260526,アイランド,67.8,49.9,33.2,16.6,17.9,16.7,16.6,16.6
20260526,レッドパラジウム,67.4,48.7,32.3,16.7,18.7,16.4,15.6,16.7
20260526,ジェンティール,70.0,49.7,31.6,15.4,20.3,18.1,16.2,15.4
20260526,ロブチェン,72.8,53.7,34.4,16.8,19.1,19.3,17.6,16.8
20260526,ショウナンカノア,69.0,51.0,33.9,17.0,18.0,17.1,16.9,17.0
20260526,ジョヴィアン,66.2,48.0,31.9,16.0,18.2,16.1,15.9,16.0
20260526,トーレス,65.0,49.0,33.5,16.9,16.0,15.5,16.6,16.9
20260526,クレバーキュート,74.0,54.1,35.5,17.1,19.9,18.6,18.4,17.1
20260526,ドローイング,64.1,48.0,32.2,15.8,16.1,15.8,16.4,15.8
20260526,チェリヴェント,69.8,50.3,32.4,15.9,19.5,17.9,16.5,15.9
20260526,ナポリ,66.6,48.7,32.0,15.7,17.9,16.7,16.3,15.7
20260526,オスカーレイア,69.3,50.3,32.9,16.2,19.0,17.4,16.7,16.2
20260526,ﾏﾘｱﾝの24,68.0,49.6,32.7,16.4,18.4,16.9,16.3,16.4
20260526,シャインラブ,67.2,49.8,32.3,15.6,17.4,17.5,16.7,15.6
20260526,ジーティーウタマロ,66.2,48.4,32.1,16.0,17.8,16.3,16.1,16.0
20260526,ブラストオフ,65.3,48.9,32.8,16.6,16.4,16.1,16.2,16.6
20260526,ミヤノラングリー,68.0,49.9,32.5,16.3,18.1,17.4,16.2,16.3
20260526,グランディマージュ,65.1,47.9,31.0,15.2,17.2,16.9,15.8,15.2
20260526,ギオンバヤシ,65.5,48.1,32.0,16.0,17.4,16.1,16.0,16.0
20260526,クロンヌジャン,68.1,50.1,32.8,16.3,18.0,17.3,16.5,16.3
20260526,グレイトソン,66.4,49.4,32.7,16.4,17.0,16.7,16.3,16.4
20260526,ナイトアクアリウム,66.5,48.4,31.2,14.7,18.1,17.2,16.5,14.7
20260526,ウォーターリヒト,65.4,48.2,31.7,15.5,17.2,16.5,16.2,15.5
20260526,ライラ,65.3,47.5,31.3,15.2,17.8,16.2,16.1,15.2
20260526,アンティスマ,65.7,48.2,31.8,15.7,17.5,16.4,16.1,15.7
20260526,イサギ,65.5,47.3,30.1,15.0,18.2,17.2,15.1,15.0
20260526,グランドフィナーレ,64.6,46.9,30.8,15.2,17.7,16.1,15.6,15.2
20260526,ボクサークラブ,66.1,48.4,31.5,15.2,17.7,16.9,16.3,15.2
20260526,サウンドディアナ,64.8,47.7,31.5,16.0,17.1,16.2,15.5,16.0
20260526,エバイダンス,64.1,47.0,30.0,14.7,17.1,17.0,15.3,14.7
20260526,ヘリオポリス,66.4,48.6,31.4,14.9,17.8,17.2,16.5,14.9
20260526,サリカリーフォリア,62.2,45.2,29.7,15.4,17.0,15.5,14.3,15.4
20260526,パピヨンヴェール,63.6,46.4,29.7,14.2,17.2,16.7,15.5,14.2
20260526,メイショウフウドウ,66.2,48.3,32.0,15.8,17.9,16.3,16.2,15.8
20260526,コモンスナイプ,62.7,45.8,30.1,15.9,16.9,15.7,14.2,15.9
20260526,タイキルッジェーロ,72.8,53.2,35.2,17.2,19.6,18.0,18.0,17.2
20260526,ロスニーニョス,64.8,47.9,31.7,15.7,16.9,16.2,16.0,15.7
20260526,ケンブリッジグレイ,66.3,48.2,31.9,15.8,18.1,16.3,16.1,15.8
20260526,アドフランマム,68.4,49.6,32.1,15.7,18.8,17.5,16.4,15.7
20260526,コンジェスタス,73.1,53.5,34.8,17.3,19.6,18.7,17.5,17.3
20260526,フレアオブセンス,70.9,51.7,34.0,17.0,19.2,17.7,17.0,17.0
20260526,エルハーベン,63.1,47.0,31.8,16.1,16.1,15.2,15.7,16.1
20260526,リアルジャパン,70.7,52.0,33.7,16.4,18.7,18.3,17.3,16.4
20260526,ダンツダコタ,68.9,49.7,32.4,15.9,19.2,17.3,16.5,15.9
20260526,コムアンエクレール,65.7,48.5,32.0,15.5,17.2,16.5,16.5,15.5
20260526,タイガーストリート,70.1,51.0,33.6,16.5,19.1,17.4,17.1,16.5
20260526,ルイスイメル,68.9,49.8,32.4,16.0,19.1,17.4,16.4,16.0
20260526,ヴィラーニ,62.7,46.8,31.6,16.2,15.9,15.2,15.4,16.2
20260526,ソメデイストワール,69.5,51.0,33.7,16.8,18.5,17.3,16.9,16.8
20260526,ヘキレキ,68.0,50.0,33.5,16.6,18.0,16.5,16.9,16.6
20260526,メイケイバートン,67.1,49.9,33.5,16.7,17.2,16.4,16.8,16.7
20260526,ガンウルフ,61.3,44.3,29.4,14.6,17.0,14.9,14.8,14.6
20260526,ザラタン,66.4,48.1,31.1,15.3,18.3,17.0,15.8,15.3
20260526,ディーリライズ,62.8,45.5,30.0,15.1,17.3,15.5,14.9,15.1
20260526,ビービークローサー,67.7,49.1,32.1,15.8,18.6,17.0,16.3,15.8
20260526,リアルケンチャン,63.9,46.2,30.3,15.0,17.7,15.9,15.3,15.0
20260526,リリーサンダー,63.7,46.9,31.0,15.2,16.8,15.9,15.8,15.2
20260526,トゥレネヴェリテ,67.2,50.0,33.6,17.2,17.2,16.4,16.4,17.2
20260526,テーオーグレーザー,61.8,44.7,29.7,15.0,17.1,15.0,14.7,15.0
20260526,ゼンノゾンターク,64.3,47.0,30.6,14.9,17.3,16.4,15.7,14.9
20260526,ストロングボーイ,67.6,49.8,32.8,16.0,17.8,17.0,16.8,16.0
20260526,シルバーレシオ,66.6,49.1,32.0,15.8,17.5,17.1,16.2,15.8
20260526,ベルセクレト,64.9,47.9,32.5,16.7,17.0,15.4,15.8,16.7
20260526,カクシンゴールド,67.4,49.5,32.3,16.6,17.9,17.2,15.7,16.6
20260526,ﾌｪﾚｯﾃｨの24,65.3,48.8,32.9,16.3,16.5,15.9,16.6,16.3
20260526,ルガルデ,65.2,48.9,32.3,16.4,16.3,16.6,15.9,16.4
20260526,シャンパンスター,65.4,47.8,31.4,15.8,17.6,16.4,15.6,15.8
20260526,スリーケイ,62.9,46.8,30.8,15.2,16.1,16.0,15.6,15.2
20260526,アライブテーラー,65.9,48.2,31.1,15.8,17.7,17.1,15.3,15.8
20260526,サンオブザサン,67.9,48.8,32.2,15.8,19.1,16.6,16.4,15.8
20260526,シュネードリーム,63.6,46.3,30.3,15.1,17.3,16.0,15.2,15.1
20260526,サイモンゴージャス,63.1,47.2,31.3,15.4,15.9,15.9,15.9,15.4
20260526,カナタコナタ,69.6,50.8,33.3,16.2,18.8,17.5,17.1,16.2
20260526,キングブルー,65.6,48.1,31.3,15.2,17.5,16.8,16.1,15.2
20260526,ロードアルディート,66.3,48.2,31.3,15.5,18.1,16.9,15.8,15.5
20260526,ドゥラエテルノ,65.4,47.7,31.3,15.6,17.7,16.4,15.7,15.6
20260526,ペンテリコン,65.9,48.2,31.5,15.0,17.7,16.7,16.5,15.0
20260526,ジーティーメティオ,65.9,48.7,31.7,15.3,17.2,17.0,16.4,15.3
20260526,エボルヴィング,62.3,45.1,29.8,14.7,17.2,15.3,15.1,14.7
20260526,タガノエルピーダ,67.2,48.7,31.7,15.6,18.5,17.0,16.1,15.6
20260526,ジェミート,67.1,49.4,32.2,15.8,17.7,17.2,16.4,15.8
20260526,フェイトライン,69.3,49.9,32.9,16.5,19.4,17.0,16.4,16.5
20260526,クロワデュノール,69.1,50.0,32.9,16.6,19.1,17.1,16.3,16.6
20260526,ドンパッショーネ,69.6,50.0,33.0,16.4,19.6,17.0,16.6,16.4
20260526,ファントムグレース,68.8,50.8,33.7,16.5,18.0,17.1,17.2,16.5
20260526,ソルトアイリス,63.0,46.7,30.9,15.1,16.3,15.8,15.8,15.1
20260526,イクオクコウネン,69.2,50.0,32.9,16.5,19.2,17.1,16.4,16.5
20260526,スクールディーヴァ,67.2,48.9,31.8,15.6,18.3,17.1,16.2,15.6
20260526,メアグローリア,66.8,48.9,31.7,15.6,17.9,17.2,16.1,15.6
20260526,カテリーナ,64.8,47.2,30.9,15.1,17.6,16.3,15.8,15.1
20260526,ラファル,65.3,47.4,31.1,15.4,17.9,16.3,15.7,15.4
20260526,パヴィーア,64.3,47.6,31.4,15.4,16.7,16.2,16.0,15.4
20260526,ルージュエピック,65.3,47.4,30.9,15.4,17.9,16.5,15.5,15.4
20260526,アクアアイ,67.2,48.9,31.2,15.0,18.3,17.7,16.2,15.0
20260526,アイルドフルール,63.6,46.7,30.5,15.2,16.9,16.2,15.3,15.2
20260526,ディアウス,63.8,45.9,29.8,14.6,17.9,16.1,15.2,14.6
20260526,ヴェルメロディ,64.6,47.8,31.9,15.6,16.8,15.9,16.3,15.6
20260526,ルージュスタニング,64.6,46.4,29.6,14.4,18.2,16.8,15.2,14.4
20260526,マイエレメント,61.8,45.2,31.0,15.9,16.6,14.2,15.1,15.9
20260526,シートゥサミット,62.3,45.2,29.9,14.9,17.1,15.3,15.0,14.9
20260526,オラヴィンリンナ,60.9,43.6,28.6,13.6,17.3,15.0,15.0,13.6
20260526,ルージュバロン,63.3,46.1,31.6,16.0,17.2,14.5,15.6,16.0
20260526,ホウオウワイズ,61.5,43.7,28.6,13.7,17.8,15.1,14.9,13.7
20260526,ジーティーサクラ,64.3,45.8,29.4,13.9,18.5,16.4,15.5,13.9
20260526,ゴコウサス,65.8,47.9,31.7,15.8,17.9,16.2,15.9,15.8
20260526,ビズロード,62.4,45.5,30.0,15.2,16.9,15.5,14.8,15.2
20260526,キヨタリート,64.9,48.2,32.2,15.9,16.7,16.0,16.3,15.9
20260526,ユウトザイノセント,66.6,50.4,33.2,16.4,16.2,17.2,16.8,16.4
20260526,タイセイカイザー,64.2,46.6,30.4,14.8,17.6,16.2,15.6,14.8
20260526,ボーントゥウォリア,69.4,50.8,32.6,16.1,18.6,18.2,16.5,16.1
20260526,シャンジュマン,68.6,50.0,32.9,16.4,18.6,17.1,16.5,16.4
20260526,タガノランパート,68.8,50.2,32.8,16.4,18.6,17.4,16.4,16.4
20260526,テーオーアルアイン,67.7,48.3,30.2,14.6,19.4,18.1,15.6,14.6
20260526,マリオロード,70.0,51.5,33.9,15.9,18.5,17.6,18.0,15.9
20260526,ロードマンハイム,63.5,45.9,30.1,15.0,17.6,15.8,15.1,15.0
20260526,ワイドアラジン,65.6,48.5,31.7,15.9,17.1,16.8,15.8,15.9
20260526,ランスオブセヘル,64.3,47.2,31.5,15.5,17.1,15.7,16.0,15.5
20260526,マイユニバース,65.0,48.0,31.3,15.1,17.0,16.7,16.2,15.1
20260526,テーオーシーザー,70.5,53.4,36.0,18.1,17.1,17.4,17.9,18.1
20260526,キービート,66.2,49.2,32.0,15.5,17.0,17.2,16.5,15.5
20260526,テーオーエリーナ,65.9,49.1,32.8,16.5,16.8,16.3,16.3,16.5
20260526,クレスコフェーヴ,62.1,46.0,30.5,15.6,16.1,15.5,14.9,15.6
20260526,チョウスター,61.2,44.7,29.7,14.8,16.5,15.0,14.9,14.8
20260526,セキゾウ,64.2,47.9,32.1,16.1,16.3,15.8,16.0,16.1
20260526,ココロヅヨサ,66.1,49.3,32.9,16.4,16.8,16.4,16.5,16.4
20260526,クリアストライク,62.5,45.0,29.1,14.5,17.5,15.9,14.6,14.5
20260526,ヨドノゴールド,68.4,49.6,32.8,16.3,18.8,16.8,16.5,16.3
20260526,ペガサスウィンド,63.1,46.2,30.5,15.4,16.9,15.7,15.1,15.4
20260526,ジーティーピカソ,62.4,46.2,31.3,15.5,16.2,14.9,15.8,15.5
20260526,リネアベルタ,66.9,48.4,31.3,15.3,18.5,17.1,16.0,15.3
20260526,プリメラエストレラ,68.0,49.0,32.4,16.1,19.0,16.6,16.3,16.1
20260526,クールタロウ,62.8,46.7,31.7,16.0,16.1,15.0,15.7,16.0
20260526,スリールーディカ,65.6,48.2,31.7,15.6,17.4,16.5,16.1,15.6
20260526,ランダムナンバー,62.9,46.1,30.6,15.4,16.8,15.5,15.2,15.4
20260526,ウメヒナタ,63.2,46.1,30.7,15.5,17.1,15.4,15.2,15.5
20260526,カムアップローゼス,64.3,47.3,31.2,15.6,17.0,16.1,15.6,15.6
20260526,ピョイットハレルヤ,69.9,50.8,33.3,16.6,19.1,17.5,16.7,16.6
20260526,タニセンゴールド,67.9,48.3,31.4,15.5,19.6,16.9,15.9,15.5
20260526,ミッドタウンナイト,67.6,48.4,31.3,15.4,19.2,17.1,15.9,15.4
20260526,ムーンライトダイヤ,69.9,50.4,32.7,16.0,19.5,17.7,16.7,16.0
20260526,ナムラヴンダー,66.5,49.1,32.2,15.9,17.4,16.9,16.3,15.9
20260526,エコロボルト,62.8,44.8,29.1,14.7,18.0,15.7,14.4,14.7
20260526,インカルナータ,65.7,49.0,33.0,16.3,16.7,16.0,16.7,16.3
20260526,アドバンスファラオ,64.0,46.8,31.0,15.1,17.2,15.8,15.9,15.1
20260526,カンシン,65.4,48.8,33.3,17.0,16.6,15.5,16.3,17.0
20260526,リピ,67.4,50.1,32.2,16.0,17.3,17.9,16.2,16.0
20260526,レウコテア,65.1,48.2,31.9,15.9,16.9,16.3,16.0,15.9
20260526,テンレッドサン,68.4,50.3,32.9,16.5,18.1,17.4,16.4,16.5
20260526,ノブレスラブリエ,67.4,50.4,33.6,16.6,17.0,16.8,17.0,16.6
20260526,ワイドウィンザー,68.3,51.2,33.7,16.7,17.1,17.5,17.0,16.7
20260526,ジャスパーノベル,63.1,46.0,30.9,15.3,17.1,15.1,15.6,15.3
20260526,メモリーデイズ,62.9,44.8,30.3,15.0,18.1,14.5,15.3,15.0
20260526,ナオミライトニング,66.6,47.2,30.7,15.0,19.4,16.5,15.7,15.0
20260526,ロードベルファスト,60.5,43.9,28.8,14.4,16.6,15.1,14.4,14.4
20260526,メイショウイサミ,67.5,50.2,33.9,17.2,17.3,16.3,16.7,17.2
20260526,オウケンブラッド,65.6,47.5,30.9,15.0,18.1,16.6,15.9,15.0
20260526,アイシテルヨナオミ,63.7,46.3,30.3,15.2,17.4,16.0,15.1,15.2
20260526,アイファーラピッド,67.0,49.3,32.4,16.2,17.7,16.9,16.2,16.2
20260526,メイショウカシワデ,66.4,46.6,29.9,14.3,19.8,16.7,15.6,14.3
20260526,タガノマルアフ,66.3,48.3,31.8,16.0,18.0,16.5,15.8,16.0
20260526,ブライトエンジェル,64.1,47.4,31.6,15.8,16.7,15.8,15.8,15.8
20260526,ゴウオン,72.6,51.5,33.4,16.4,21.1,18.1,17.0,16.4
20260526,ﾒｲｼｮｳｾﾞｯｹｲの24,69.4,50.8,33.2,16.5,18.6,17.6,16.7,16.5
20260526,レーヌペスカ,66.5,48.9,32.4,15.9,17.6,16.5,16.5,15.9
20260526,ゴッドアミーラ,64.1,47.1,31.2,15.7,17.0,15.9,15.5,15.7
20260526,タマモパルファン,72.6,52.8,34.3,16.2,19.8,18.5,18.1,16.2
20260526,ジャスパーブレイズ,66.3,49.1,32.3,16.1,17.2,16.8,16.2,16.1
20260526,パクスフェリーチェ,64.2,47.6,31.3,15.2,16.6,16.3,16.1,15.2
20260526,コイタマチャン,63.2,46.2,30.6,15.1,17.0,15.6,15.5,15.1
20260526,ストームサンダー,66.1,49.2,33.2,16.6,16.9,16.0,16.6,16.6
20260526,ゴールデンテティス,61.9,45.5,30.1,15.8,16.4,15.4,14.3,15.8
20260526,キングゴールド,63.3,46.9,31.3,15.6,16.4,15.6,15.7,15.6
20260526,ビップジーニー,67.7,48.8,31.9,15.6,18.9,16.9,16.3,15.6
20260526,ギマール,63.9,46.3,30.2,15.1,17.6,16.1,15.1,15.1
20260526,テリオスリコ,64.5,46.9,30.1,14.8,17.6,16.8,15.3,14.8
20260526,レーヴドリュヌ,63.6,44.7,29.0,14.5,18.9,15.7,14.5,14.5
20260526,ケンタッキーホーム,67.7,48.7,32.0,16.0,19.0,16.7,16.0,16.0
20260526,スイートモンブラン,70.6,52.5,34.8,17.1,18.1,17.7,17.7,17.1
20260526,ジーティーキャリー,66.5,48.6,31.1,14.9,17.9,17.5,16.2,14.9
20260526,エスティヴァリス,101.5,71.1,44.1,20.7,30.4,27.0,23.4,20.7
20260526,ヒデノレインボー,67.3,49.3,33.1,16.9,18.0,16.2,16.2,16.9
20260526,テーオーシュタイン,62.7,45.1,30.1,15.1,17.6,15.0,15.0,15.1
20260526,サイモングレイス,65.0,47.8,30.6,14.7,17.2,17.2,15.9,14.7
20260526,テーオーカメリア,65.6,47.2,30.8,15.4,18.4,16.4,15.4,15.4
20260526,スクワミッシュ,65.0,47.9,30.7,14.8,17.1,17.2,15.9,14.8
20260526,ブルーワール,65.7,48.9,32.5,15.8,16.8,16.4,16.7,15.8
20260526,カネコメブライト,61.2,45.8,31.0,15.7,15.4,14.8,15.3,15.7
20260526,サラサチャーミング,66.0,47.8,31.2,15.4,18.2,16.6,15.8,15.4
20260526,ウンナターシャ,65.1,47.4,31.0,15.2,17.7,16.4,15.8,15.2
20260526,キュールエフウジン,66.1,49.4,33.2,16.9,16.7,16.2,16.3,16.9
20260526,コマチチャン,65.5,47.7,31.2,15.3,17.8,16.5,15.9,15.3
20260526,スズハローム,62.1,45.9,30.0,14.5,16.2,15.9,15.5,14.5
20260526,ウォーターガーベラ,65.5,48.5,32.3,16.2,17.0,16.2,16.1,16.2
20260526,メイショウプレマ,65.5,48.8,32.3,16.4,16.7,16.5,15.9,16.4
20260526,ウインドオルフェ,64.7,49.0,33.2,16.8,15.7,15.8,16.4,16.8
20260526,イコミキマル,63.6,47.5,31.6,15.6,16.1,15.9,16.0,15.6
20260526,タマモフリージア,66.0,48.5,31.8,15.8,17.5,16.7,16.0,15.8
20260526,ムスクレスト,62.3,45.4,30.0,14.9,16.9,15.4,15.1,14.9
20260526,マルモリキャスター,66.3,48.7,32.0,15.8,17.6,16.7,16.2,15.8
20260526,パゴスピグイノス,64.0,48.5,32.4,15.9,15.5,16.1,16.5,15.9
20260526,シェーネエルデ,67.2,49.3,32.4,16.3,17.9,16.9,16.1,16.3
20260526,サイモンコーラル,63.4,46.2,30.6,15.3,17.2,15.6,15.3,15.3
20260526,メイショウシナノ,66.6,49.5,32.6,16.2,17.1,16.9,16.4,16.2
20260526,ジョイフルサンデー,68.2,50.0,33.0,16.5,18.2,17.0,16.5,16.5
20260526,エコテーラー,66.6,49.4,32.6,16.0,17.2,16.8,16.6,16.0
20260526,ヤマニンレセディ,60.7,43.4,28.1,13.8,17.3,15.3,14.3,13.8
20260526,マーブルパレス,67.2,48.4,31.0,14.9,18.8,17.4,16.1,14.9
20260526,イトカワサクラ,66.0,48.9,32.2,15.7,17.1,16.7,16.5,15.7
20260526,ライジン,62.9,43.5,28.5,14.0,19.4,15.0,14.5,14.0
20260526,ベンダバール,59.2,44.6,29.7,14.9,14.6,14.9,14.8,14.9
20260526,メイショウナナユキ,63.1,46.3,30.3,14.9,16.8,16.0,15.4,14.9
20260526,メイショウハチコウ,66.0,47.7,30.3,14.9,18.3,17.4,15.4,14.9
20260526,ワカワカ,62.0,45.6,30.2,15.3,16.4,15.4,14.9,15.3
20260526,ベルギューン,63.1,46.1,30.5,15.1,17.0,15.6,15.4,15.1
20260526,ロードフロンティア,74.2,54.1,36.1,17.9,20.1,18.0,18.2,17.9
20260526,トライアンフパス,64.5,47.0,30.8,15.3,17.5,16.2,15.5,15.3
20260526,プルーフリーディン,64.4,47.0,31.2,15.6,17.4,15.8,15.6,15.6
20260526,プリュスエクラ,66.2,47.9,31.6,15.5,18.3,16.3,16.1,15.5
20260526,アリュウ,65.5,46.8,30.6,15.4,18.7,16.2,15.2,15.4
20260526,ルージュスプリヤ,71.4,51.8,33.5,16.3,19.6,18.3,17.2,16.3
20260526,ロサルゴサ,71.6,51.9,33.6,16.4,19.7,18.3,17.2,16.4
20260526,ウンディーネ,64.6,46.8,30.5,15.4,17.8,16.3,15.1,15.4
20260526,ルージュシャラポワ,65.6,47.6,31.6,15.7,18.0,16.0,15.9,15.7
20260526,エバーグルーヴ,63.5,47.4,31.5,15.6,16.1,15.9,15.9,15.6
20260526,シャドウルーラー,63.5,47.3,31.7,15.4,16.2,15.6,16.3,15.4
20260526,トラペジスト,68.3,48.5,31.2,15.4,19.8,17.3,15.8,15.4
20260526,ダイメイアゲイン,70.1,51.5,33.3,16.3,18.6,18.2,17.0,16.3
20260526,ダークエクリプス,65.5,47.7,31.1,15.0,17.8,16.6,16.1,15.0
20260526,スナークラファエロ,64.7,48.1,31.5,15.7,16.6,16.6,15.8,15.7
20260526,カミノレアル,65.7,48.0,31.0,15.2,17.7,17.0,15.8,15.2
20260526,バトルアックス,61.8,45.0,29.6,14.8,16.8,15.4,14.8,14.8
20260526,ダンツウルス,66.1,47.9,31.8,15.9,18.2,16.1,15.9,15.9
20260526,アルトラムス,65.1,47.8,31.2,15.5,17.3,16.6,15.7,15.5
20260526,ショールミーズ,62.8,46.2,30.7,15.5,16.6,15.5,15.2,15.5
20260526,スナークシャラク,66.0,48.2,32.2,16.3,17.8,16.0,15.9,16.3
20260526,エナジーイッセイ,68.7,50.5,33.1,15.9,18.2,17.4,17.2,15.9
20260526,ルフトブリュッケ,61.5,44.8,29.4,14.6,16.7,15.4,14.8,14.6
20260526,アシャカブラーヴ,61.8,45.0,29.4,14.6,16.8,15.6,14.8,14.6
20260526,マテンロウゲイル,66.5,47.8,30.8,15.0,18.7,17.0,15.8,15.0
20260526,コンテナヒーロー,65.0,47.0,30.1,14.6,18.0,16.9,15.5,14.6
20260526,モモンウールー,64.5,47.4,31.5,15.7,17.1,15.9,15.8,15.7
20260526,ダノンロワール,64.4,46.8,31.5,16.2,17.6,15.3,15.3,16.2
20260526,パンキー,64.8,47.8,31.5,15.9,17.0,16.3,15.6,15.9
20260526,ゴルデールスカー,64.0,46.9,30.7,14.9,17.1,16.2,15.8,14.9
20260526,モカプウイング,68.8,49.5,31.9,15.1,19.3,17.6,16.8,15.1
20260526,マリアナトレンチ,64.4,47.0,30.9,14.8,17.4,16.1,16.1,14.8
20260526,ルージュビバーチェ,66.3,48.3,31.2,15.6,18.0,17.1,15.6,15.6
20260526,バッデレイト,64.2,47.6,31.2,15.4,16.6,16.4,15.8,15.4
20260526,ソルテヴェローチェ,64.8,48.3,31.9,15.7,16.5,16.4,16.2,15.7
20260526,ハギノアルデバラン,71.3,51.5,33.8,16.5,19.8,17.7,17.3,16.5
20260526,ドットクルー,64.8,47.6,30.8,15.0,17.2,16.8,15.8,15.0
20260526,イガッチ,65.3,48.1,31.2,15.3,17.2,16.9,15.9,15.3
20260526,デュアルロール,62.6,45.8,29.7,14.5,16.8,16.1,15.2,14.5
20260526,ルージュマデイラ,64.2,47.6,31.0,15.2,16.6,16.6,15.8,15.2
20260526,トッピワールド,64.9,48.0,31.7,15.3,16.9,16.3,16.4,15.3
20260526,ガロピーネ,62.5,46.0,30.0,14.9,16.5,16.0,15.1,14.9
20260526,グレースジェンヌ,64.3,47.5,31.8,15.5,16.8,15.7,16.3,15.5
20260526,ガウディ,65.8,47.7,31.2,15.7,18.1,16.5,15.5,15.7
20260526,ニドヅケキンシ,71.1,52.2,34.3,17.0,18.9,17.9,17.3,17.0
20260526,ビスケットサンド,70.9,51.9,33.7,16.5,19.0,18.2,17.2,16.5
20260526,ナオミガサイキョウ,69.8,51.3,32.9,15.9,18.5,18.4,17.0,15.9
20260526,カネコメファミリー,65.5,48.6,32.6,16.4,16.9,16.0,16.2,16.4
20260526,オースミライト,66.0,47.6,31.3,15.3,18.4,16.3,16.0,15.3
20260526,モヴシエラ,69.0,49.8,32.6,15.8,19.2,17.2,16.8,15.8
20260526,ゴールデンドラゴン,68.9,49.5,32.5,15.8,19.4,17.0,16.7,15.8
20260526,プリマアルバ,68.8,49.7,32.6,15.7,19.1,17.1,16.9,15.7
20260526,ヴィルダースヴィル,67.9,49.3,32.3,15.8,18.6,17.0,16.5,15.8
20260526,ボードゥロレーヌ,68.8,49.9,32.6,15.8,18.9,17.3,16.8,15.8
20260526,ペンナヴェローチェ,66.0,47.3,30.7,15.0,18.7,16.6,15.7,15.0
20260526,テラメリタ,61.8,44.6,29.2,14.5,17.2,15.4,14.7,14.5
20260526,セディバン,72.3,52.3,33.7,16.2,20.0,18.6,17.5,16.2
20260526,ホウオウタイタン,64.2,47.3,31.7,16.1,16.9,15.6,15.6,16.1
20260526,グロリアスマーチ,62.8,45.0,29.6,14.6,17.8,15.4,15.0,14.6
20260526,ハロナ,65.1,47.5,31.7,16.1,17.6,15.8,15.6,16.1
20260526,アロマフェリス,63.3,46.4,30.4,14.6,16.9,16.0,15.8,14.6
20260526,グローリーバローズ,63.6,47.0,31.2,15.2,16.6,15.8,16.0,15.2
20260526,ロールスワン,61.1,45.3,29.8,15.1,15.8,15.5,14.7,15.1
20260526,リアララ,64.8,47.4,31.1,15.7,17.4,16.3,15.4,15.7
20260526,キングリア,62.9,46.4,31.0,15.8,16.5,15.4,15.2,15.8
20260526,サムハンター,66.1,49.9,32.7,16.2,16.2,17.2,16.5,16.2
20260526,メイショウカスガイ,65.1,47.8,31.4,15.7,17.3,16.4,15.7,15.7
20260526,サニーサルサ,65.5,46.7,30.8,15.7,18.8,15.9,15.1,15.7
20260526,モルビド,64.6,47.0,30.9,15.4,17.6,16.1,15.5,15.4
20260526,ラグナトーレ,64.9,47.3,31.1,15.6,17.6,16.2,15.5,15.6
20260526,ハピネスサンライズ,62.8,46.2,30.4,15.2,16.6,15.8,15.2,15.2
20260526,テイエムファントム,66.3,48.5,32.2,16.0,17.8,16.3,16.2,16.0
20260526,ゼルダ,62.9,46.0,30.3,14.8,16.9,15.7,15.5,14.8
20260526,ゲレーロアスール,65.1,48.4,32.4,16.1,16.7,16.0,16.3,16.1
20260526,ピゲ,61.7,45.8,30.8,15.3,15.9,15.0,15.5,15.3
20260526,ブレットパス,63.7,46.7,31.0,15.1,17.0,15.7,15.9,15.1
20260526,ヴィヴィアンリーチ,63.3,46.8,29.9,14.9,16.5,16.9,15.0,14.9
20260526,アセンシオン,64.7,47.8,31.5,15.3,16.9,16.3,16.2,15.3
20260526,ラインオブソウル,62.5,46.8,31.0,15.4,15.7,15.8,15.6,15.4
20260526,ヒロノラメール,64.1,47.2,31.2,15.6,16.9,16.0,15.6,15.6
20260526,モノノケ,64.2,47.0,30.8,15.1,17.2,16.2,15.7,15.1
20260526,バークシャーシチー,60.5,45.3,30.1,15.0,15.2,15.2,15.1,15.0
20260526,セヴェンヌ,63.0,46.3,31.1,15.7,16.7,15.2,15.4,15.7
20260526,ミーンアロット,62.6,46.5,30.9,15.2,16.1,15.6,15.7,15.2
20260526,ダノンベルビュー,66.0,47.4,30.8,15.4,18.6,16.6,15.4,15.4
20260526,ダノンヴェルサイユ,66.3,48.0,31.2,15.2,18.3,16.8,16.0,15.2
20260526,ガットネロ,66.9,48.6,31.7,16.1,18.3,16.9,15.6,16.1
20260526,レディントン,66.6,48.3,31.9,15.8,18.3,16.4,16.1,15.8
20260526,マイネルビスマルク,63.4,46.3,31.6,16.4,17.1,14.7,15.2,16.4
20260526,テイエムスティール,65.4,47.7,30.6,15.4,17.7,17.1,15.2,15.4
20260526,ライツェントライゼ,63.3,45.4,29.9,14.2,17.9,15.5,15.7,14.2
20260526,オーシンハーフ,64.3,46.9,30.4,14.4,17.4,16.5,16.0,14.4
20260526,プラヤデルカルメン,73.8,52.7,34.2,16.2,21.1,18.5,18.0,16.2
20260526,ブラックシャリマー,68.9,51.1,33.6,16.9,17.8,17.5,16.7,16.9
20260526,ウイルソン,69.5,51.8,34.8,17.6,17.7,17.0,17.2,17.6
20260526,リッチブラック,64.8,47.0,30.2,14.6,17.8,16.8,15.6,14.6
20260526,セミマル,63.6,46.3,29.6,14.2,17.3,16.7,15.4,14.2
20260526,ペイシャトサモア,56.2,41.3,26.4,12.6,14.9,14.9,13.8,12.6
20260526,エドウィンナルコ,63.9,46.8,30.2,14.9,17.1,16.6,15.3,14.9
20260526,ウィモウェ,56.0,39.6,25.7,12.8,16.4,13.9,12.9,12.8
20260526,ザブライド,65.1,47.3,31.3,15.6,17.8,16.0,15.7,15.6
20260526,トラヴェリンバンド,61.5,44.6,29.3,14.6,16.9,15.3,14.7,14.6
20260526,マハートマーベル,62.1,45.4,29.9,14.9,16.7,15.5,15.0,14.9
20260526,ガンマジーティーピ,68.4,50.4,33.5,16.3,18.0,16.9,17.2,16.3
20260526,ラッキーバック,63.5,46.2,29.6,14.5,17.3,16.6,15.1,14.5
20260526,ノボリスマイル,65.9,48.2,31.1,15.5,17.7,17.1,15.6,15.5
20260526,ベルアズーロ,63.7,46.5,30.6,15.0,17.2,15.9,15.6,15.0
20260526,タガノシルフィー,67.3,49.6,32.7,15.8,17.7,16.9,16.9,15.8
20260526,スーパーブラザー,68.3,50.3,33.0,16.0,18.0,17.3,17.0,16.0
20260526,キャンディリヒト,69.6,51.6,33.7,16.6,18.0,17.9,17.1,16.6
20260526,オメガマサヤ,70.8,53.5,35.2,17.2,17.3,18.3,18.0,17.2
20260526,アイボリータワー,69.7,52.0,33.7,16.4,17.7,18.3,17.3,16.4
20260526,コンクイスタ,63.4,46.6,30.1,14.6,16.8,16.5,15.5,14.6
20260526,アートフォーム,66.3,48.2,32.3,15.9,18.1,15.9,16.4,15.9
20260526,サヴォンリンナ,63.2,46.4,31.0,15.4,16.8,15.4,15.6,15.4
20260526,ヴォワラクテ,63.4,47.1,31.4,15.4,16.3,15.7,16.0,15.4
20260526,ラッキーダイヤ,63.7,46.7,30.8,15.2,17.0,15.9,15.6,15.2
20260526,スマートティアナ,65.3,47.7,31.3,15.7,17.6,16.4,15.6,15.7
20260526,ジャスティンビスタ,63.3,46.1,30.4,14.8,17.2,15.7,15.6,14.8
20260526,ダンデノン,63.3,46.4,31.1,15.1,16.9,15.3,16.0,15.1
20260526,ルースソラール,62.1,44.9,29.2,14.2,17.2,15.7,15.0,14.2
20260526,タカモリ,63.1,46.5,31.0,15.0,16.6,15.5,16.0,15.0
20260526,ワンダーイロネ,66.8,48.9,32.1,15.7,17.9,16.8,16.4,15.7
20260526,ハヤブサオヒメサマ,62.7,45.7,29.9,14.5,17.0,15.8,15.4,14.5
20260526,ゴールデンクラウド,64.8,47.4,31.0,15.3,17.4,16.4,15.7,15.3
20260526,クレマチス,69.7,50.9,32.5,16.1,18.8,18.4,16.4,16.1
20260526,デプレ,64.7,47.3,30.6,14.9,17.4,16.7,15.7,14.9
20260526,バミューダブーケ,66.1,48.6,31.8,15.0,17.5,16.8,16.8,15.0
20260526,ロジクラウン,62.3,44.0,28.1,14.0,18.3,15.9,14.1,14.0
20260526,エイカイソウル,60.0,45.4,30.7,15.0,14.6,14.7,15.7,15.0
20260526,アスクヴォルテージ,63.0,46.4,30.8,15.3,16.6,15.6,15.5,15.3
20260526,ウィスピア,68.2,50.3,32.9,16.2,17.9,17.4,16.7,16.2
20260526,ラパンドール,64.2,46.7,30.3,15.1,17.5,16.4,15.2,15.1
20260526,ナリタエスペランサ,65.9,48.8,31.6,15.7,17.1,17.2,15.9,15.7
20260526,クロレ,66.9,50.3,32.7,16.2,16.6,17.6,16.5,16.2
20260526,マーゴットユーカー,67.8,50.0,33.5,17.1,17.8,16.5,16.4,17.1
20260526,リバティユニバンス,68.1,50.2,33.6,16.6,17.9,16.6,17.0,16.6
20260526,キャンドルマス,66.4,48.8,31.7,15.5,17.6,17.1,16.2,15.5
20260526,ムーランオランジュ,63.6,46.7,31.0,15.7,16.9,15.7,15.3,15.7
20260526,グランブーケ,62.7,46.8,30.8,15.9,15.9,16.0,14.9,15.9
20260526,ペイシャモノノフ,68.4,50.6,33.9,16.9,17.8,16.7,17.0,16.9
20260526,キタノズエッジ,67.8,50.6,33.9,17.0,17.2,16.7,16.9,17.0
20260526,ダディーズトリップ,67.0,49.8,32.6,16.1,17.2,17.2,16.5,16.1
20260526,ブリオメンテ,68.9,51.0,33.5,16.7,17.9,17.5,16.8,16.7
20260526,ミレニアルピンク,65.6,49.0,33.0,16.1,16.6,16.0,16.9,16.1
20260526,ビシェノ,65.1,49.0,32.6,15.5,16.1,16.4,17.1,15.5
20260526,ガウラディスコ,67.7,49.6,32.9,16.2,18.1,16.7,16.7,16.2
20260526,キングオブストーム,63.0,46.1,30.5,15.0,16.9,15.6,15.5,15.0
20260526,ヴァニーユ,72.5,52.1,33.5,16.5,20.4,18.6,17.0,16.5
20260526,ハイウェイワン,72.5,51.6,33.9,17.0,20.9,17.7,16.9,17.0
20260526,ミスタージーティー,65.3,47.0,30.5,14.9,18.3,16.5,15.6,14.9
20260526,ストラテージュ,65.1,47.1,30.5,15.0,18.0,16.6,15.5,15.0
20260526,サンライズグラシア,65.2,47.0,30.5,14.8,18.2,16.5,15.7,14.8
20260526,ボンボンブーケ,66.5,47.9,32.5,15.8,18.6,15.4,16.7,15.8
20260526,ジリアート,65.0,46.9,30.3,14.9,18.1,16.6,15.4,14.9
20260526,カフラー,65.0,47.0,30.4,14.8,18.0,16.6,15.6,14.8
20260526,メイショウヒュウガ,64.2,47.5,31.6,16.0,16.7,15.9,15.6,16.0
20260526,グランテレーズ,66.1,48.5,32.1,16.1,17.6,16.4,16.0,16.1
20260526,ペプチドプラタ,68.1,50.4,32.9,16.3,17.7,17.5,16.6,16.3
20260526,アウラニ,67.6,49.5,32.8,15.8,18.1,16.7,17.0,15.8
20260526,マスティカーレ,70.5,53.2,35.3,17.6,17.3,17.9,17.7,17.6
20260526,ビエントゾンダ,67.9,50.3,33.4,16.7,17.6,16.9,16.7,16.7
20260526,オラロア,67.8,50.5,33.4,16.4,17.3,17.1,17.0,16.4
20260526,グロリアスグレイス,67.1,48.9,32.4,16.1,18.2,16.5,16.3,16.1
20260526,ゴールデンクラウド,71.7,52.2,34.5,17.3,19.5,17.7,17.2,17.3
20260526,ウィスピア,68.3,50.8,33.9,16.7,17.5,16.9,17.2,16.7
20260526,ハピ,64.1,46.4,30.5,15.0,17.7,15.9,15.5,15.0
20260526,ペイシャモノノフ,64.8,48.0,31.9,16.0,16.8,16.1,15.9,16.0
20260526,キタノズエッジ,64.1,47.8,31.8,16.0,16.3,16.0,15.8,16.0
20260526,ホウオウレイヴン,63.1,45.2,29.9,15.1,17.9,15.3,14.8,15.1
20260526,グランセンチュリ,68.1,50.0,33.5,16.9,18.1,16.5,16.6,16.9
20260526,フランヴィア,69.6,51.6,33.8,16.6,18.0,17.8,17.2,16.6
20260526,セブンマジシャン,72.0,52.3,33.9,16.5,19.7,18.4,17.4,16.5
20260526,ハミルトン,72.4,52.6,34.2,16.8,19.8,18.4,17.4,16.8
20260526,ベイリークロア,63.2,46.3,30.5,15.1,16.9,15.8,15.4,15.1
20260526,シーミハットク,63.3,46.0,30.2,15.1,17.3,15.8,15.1,15.1
20260526,アンリミテッド,72.6,52.5,34.0,16.6,20.1,18.5,17.4,16.6
20260526,カラバッシュ,64.8,47.2,30.3,15.0,17.6,16.9,15.3,15.0
20260526,ドラゴンドール,64.7,47.0,31.1,15.9,17.7,15.9,15.2,15.9
20260526,ハギノサステナブル,73.4,53.8,35.0,17.0,19.6,18.8,18.0,17.0
20260526,エイヘンハールト,71.8,51.9,33.5,16.5,19.9,18.4,17.0,16.5
20260526,クァンタムウェーブ,64.6,47.5,31.1,15.5,17.1,16.4,15.6,15.5
20260526,アーサーバローズ,69.6,48.0,30.7,15.0,21.6,17.3,15.7,15.0
20260526,ミルボナー,73.1,52.8,34.7,17.0,20.3,18.1,17.7,17.0
20260526,ラジャブルック,68.4,50.3,33.0,16.2,18.1,17.3,16.8,16.2
20260526,ファヴォーニアン,73.0,52.5,34.2,16.7,20.5,18.3,17.5,16.7
20260526,インフローレ,65.2,47.7,31.1,15.2,17.5,16.6,15.9,15.2
20260526,ペプチドヤマト,68.5,50.6,33.2,16.3,17.9,17.4,16.9,16.3
20260526,タッチャブル,65.1,48.2,31.8,15.7,16.9,16.4,16.1,15.7
20260526,アスクアイルビゼア,64.6,47.6,31.5,15.7,17.0,16.1,15.8,15.7
20260526,グレイスフルマーチ,68.6,50.2,32.9,16.3,18.4,17.3,16.6,16.3
20260526,バッケンレコード,68.8,52.0,35.3,18.1,16.8,16.7,17.2,18.1
20260526,ダイメイクマモト,69.5,52.1,35.0,17.3,17.4,17.1,17.7,17.3
20260526,アンジュプロミス,67.1,49.4,32.7,16.2,17.7,16.7,16.5,16.2
20260526,マイラヴノリピー,68.1,51.1,35.0,18.1,17.0,16.1,16.9,18.1
20260526,テラレガル,69.1,52.3,34.7,17.5,16.8,17.6,17.2,17.5
20260526,レディーミコノス,65.1,46.6,30.1,14.6,18.5,16.5,15.5,14.6
20260526,ファムエレガンテ,68.9,50.0,32.1,15.6,18.9,17.9,16.5,15.6
20260526,ヴェインズマン,67.5,50.0,34.0,17.5,17.5,16.0,16.5,17.5
20260526,プラニスフェリオ,65.4,47.4,30.4,15.3,18.0,17.0,15.1,15.3
20260526,キーチラナキラ,68.1,50.4,33.1,16.3,17.7,17.3,16.8,16.3
20260526,エコロメジャー,65.3,47.7,31.2,15.6,17.6,16.5,15.6,15.6
20260526,クリスレグナム,70.9,53.3,35.5,17.9,17.6,17.8,17.6,17.9
20260526,ファラオクィーン,66.8,49.5,32.8,16.3,17.3,16.7,16.5,16.3
20260526,ニホンピロデヴィン,64.9,48.9,32.4,16.1,16.0,16.5,16.3,16.1
20260526,オアシスアラン,66.0,48.2,31.6,15.8,17.8,16.6,15.8,15.8
20260526,ユーコンノオトコ,64.1,47.6,31.2,15.6,16.5,16.4,15.6,15.6
20260526,シュネープリンセス,64.2,47.9,32.2,16.1,16.3,15.7,16.1,16.1
20260526,ファツアップ,65.9,49.1,32.2,16.0,16.8,16.9,16.2,16.0
20260526,ディアーモルタル,63.1,45.2,29.9,15.1,17.9,15.3,14.8,15.1
20260526,ロックウイズミー,66.8,49.2,32.3,16.1,17.6,16.9,16.2,16.1
20260526,ピースオブザライフ,66.1,48.3,32.0,15.8,17.8,16.3,16.2,15.8
20260526,インディゴ,63.5,46.9,31.5,15.3,16.6,15.4,16.2,15.3
20260526,ムーンライトラガー,65.8,48.4,31.9,15.7,17.4,16.5,16.2,15.7
20260526,エコロラーダ,65.0,47.7,31.5,15.7,17.3,16.2,15.8,15.7
20260526,ウインルーティン,69.8,51.4,34.1,17.0,18.4,17.3,17.1,17.0
20260526,ローゾフィア,64.3,46.6,30.7,15.3,17.7,15.9,15.4,15.3
20260526,メイショウハンター,68.4,51.0,33.4,16.4,17.4,17.6,17.0,16.4
20260526,ブラックドレス,62.5,44.8,28.6,14.1,17.7,16.2,14.5,14.1
20260526,ジンセイ,67.1,49.2,32.3,16.1,17.9,16.9,16.2,16.1
20260526,ブライアーヒル,68.1,49.8,32.6,16.4,18.3,17.2,16.2,16.4
20260526,ハッピーラブソング,61.6,45.0,29.6,14.8,16.6,15.4,14.8,14.8
20260526,メイショウタカネ,64.0,47.1,31.3,15.8,16.9,15.8,15.5,15.8
20260526,タプティ,63.9,47.2,31.3,15.9,16.7,15.9,15.4,15.9
20260526,トップオンザヒル,66.8,47.9,31.4,15.5,18.9,16.5,15.9,15.5
20260526,ベルラフィネ,64.2,47.4,31.5,15.6,16.8,15.9,15.9,15.6
20260526,アスクワンタイム,64.3,45.1,29.2,14.3,19.2,15.9,14.9,14.3
20260526,モズイージス,66.7,50.0,32.5,15.6,16.7,17.5,16.9,15.6
20260526,スリールミニョン,65.4,47.5,31.2,15.2,17.9,16.3,16.0,15.2
20260526,ユーヴェリア,63.2,46.4,30.5,15.3,16.8,15.9,15.2,15.3
20260526,アルビオン,62.6,45.0,29.1,14.3,17.6,15.9,14.8,14.3
20260526,ワンダーアスク,66.9,48.8,31.7,15.6,18.1,17.1,16.1,15.6
20260526,ｽﾏｰﾄｱｴﾛの24,66.2,48.7,31.7,15.6,17.5,17.0,16.1,15.6
20260526,ソゲソゲスマイル,66.1,48.7,31.6,15.6,17.4,17.1,16.0,15.6
20260526,ラージギャラリー,63.5,47.1,31.7,16.1,16.4,15.4,15.6,16.1
20260526,プリンセッサ,66.3,48.0,31.4,15.5,18.3,16.6,15.9,15.5
20260526,ハイビッグゴールド,67.3,48.7,31.4,15.7,18.6,17.3,15.7,15.7
20260526,エイシンインアウト,66.9,49.5,32.2,15.7,17.4,17.3,16.5,15.7
20260526,メイショウマントル,68.4,50.3,33.1,16.5,18.1,17.2,16.6,16.5
20260526,リネアグローリア,66.1,48.2,32.2,16.2,17.9,16.0,16.0,16.2
20260526,タナブイハチターボ,69.2,50.4,33.5,16.8,18.8,16.9,16.7,16.8
20260526,ハオカノア,65.3,48.2,31.8,16.1,17.1,16.4,15.7,16.1
20260526,ベストレイク,66.8,49.4,32.2,16.1,17.4,17.2,16.1,16.1
20260526,レイセツ,66.7,50.7,34.0,17.1,16.0,16.7,16.9,17.1
20260526,ラヴァブル,65.7,47.1,31.1,15.3,18.6,16.0,15.8,15.3
20260526,ロットブラータ,64.8,47.7,31.8,15.8,17.1,15.9,16.0,15.8
20260526,ビップアリス,68.6,50.0,33.1,16.5,18.6,16.9,16.6,16.5
20260526,ジーティービキニ,66.7,48.6,32.0,15.8,18.1,16.6,16.2,15.8
20260526,アルギエバ,65.0,48.2,32.1,16.2,16.8,16.1,15.9,16.2
20260526,ロードオルデン,63.7,46.8,30.8,15.7,16.9,16.0,15.1,15.7
20260526,エティエンヌ,68.7,49.3,32.5,16.2,19.4,16.8,16.3,16.2
20260526,ジーニアスバローズ,60.1,43.6,28.1,14.0,16.5,15.5,14.1,14.0
20260526,ウインリュクス,70.3,51.0,33.2,16.6,19.3,17.8,16.6,16.6
20260526,サクセスアイ,63.2,46.1,31.2,15.6,17.1,14.9,15.6,15.6
20260526,ブリックワーク,62.9,45.8,30.2,15.4,17.1,15.6,14.8,15.4
20260526,ポッドドンナー,63.4,46.1,30.0,15.0,17.3,16.1,15.0,15.0
20260526,パンデアスカル,69.7,50.9,33.2,16.4,18.8,17.7,16.8,16.4
20260526,イイデカンタロウ,66.9,48.0,31.5,15.1,18.9,16.5,16.4,15.1
20260526,トモジャプレジール,64.9,48.2,32.7,16.8,16.7,15.5,15.9,16.8
20260526,スカイメテオ,69.7,51.4,33.8,16.7,18.3,17.6,17.1,16.7
20260526,ヒルノアラゴン,67.5,49.7,32.8,15.8,17.8,16.9,17.0,15.8
20260526,トリオノチカラ,67.6,49.8,32.9,15.9,17.8,16.9,17.0,15.9
20260526,ラストモーメント,64.8,47.8,31.3,15.7,17.0,16.5,15.6,15.7
20260526,カシノクロサイト,65.0,47.8,31.2,15.6,17.2,16.6,15.6,15.6
20260526,リトルスカーレット,65.2,46.5,30.3,14.7,18.7,16.2,15.6,14.7
20260526,フララナキラ,65.6,48.2,31.9,15.7,17.4,16.3,16.2,15.7
20260526,バロニアル,65.0,48.1,31.4,15.4,16.9,16.7,16.0,15.4
20260526,アルサック,66.9,48.7,32.5,16.2,18.2,16.2,16.3,16.2
20260526,クイーンズアイ,65.5,48.0,31.3,15.4,17.5,16.7,15.9,15.4
20260526,カレンハウ,64.1,46.6,30.4,15.3,17.5,16.2,15.1,15.3
20260526,ファームツエンティ,67.3,48.3,31.6,16.2,19.0,16.7,15.4,16.2
20260526,サタデーサンライズ,67.8,49.5,32.9,16.1,18.3,16.6,16.8,16.1
20260526,オーシンエス,64.2,47.5,32.0,15.6,16.7,15.5,16.4,15.6
20260526,ウェイヴムーン,64.9,46.5,30.4,15.0,18.4,16.1,15.4,15.0
20260526,ゼットクイン,62.5,45.8,30.7,15.4,16.7,15.1,15.3,15.4
20260526,エレノアサンライズ,65.5,48.0,31.5,15.5,17.5,16.5,16.0,15.5
20260526,ｱﾑｰﾙﾘﾝｸｽの24,64.3,47.2,30.7,15.0,17.1,16.5,15.7,15.0
20260526,ショコラリーヴ,64.3,47.6,32.0,16.0,16.7,15.6,16.0,16.0
20260526,スマートスピア,65.2,48.1,31.9,16.2,17.1,16.2,15.7,16.2
20260526,クルミナーレ,63.9,46.6,30.4,14.8,17.3,16.2,15.6,14.8
20260526,アルゴナヴィス,65.4,47.3,29.8,14.0,18.1,17.5,15.8,14.0
20260526,マンオブザマッチ,79.6,59.2,38.6,19.6,20.4,20.6,19.0,19.6
20260526,メディテラニアン,66.5,47.6,30.3,14.8,18.9,17.3,15.5,14.8
20260526,ヒシアイラ,65.1,47.7,31.5,15.2,17.4,16.2,16.3,15.2
20260526,タイセイバウンス,76.8,57.4,37.7,19.3,19.4,19.7,18.4,19.3
20260526,スタークラウン,65.1,47.8,31.2,15.4,17.3,16.6,15.8,15.4
20260526,ルージュアイラ,67.1,48.5,31.7,15.4,18.6,16.8,16.3,15.4
20260526,マイバレンタイン,63.1,45.9,29.8,14.6,17.2,16.1,15.2,14.6
20260526,ヴィンテール,67.2,48.3,31.1,15.3,18.9,17.2,15.8,15.3
20260526,ヤマニンサンパ,77.0,55.6,36.6,18.4,21.4,19.0,18.2,18.4
20260526,パープルクラウド,63.9,46.8,30.0,14.8,17.1,16.8,15.2,14.8
20260526,オフトレイル,64.9,47.1,30.3,15.0,17.8,16.8,15.3,15.0
20260526,タントレーベル,66.9,48.8,31.9,15.7,18.1,16.9,16.2,15.7
20260526,エイシンビーコン,65.3,47.5,30.0,15.0,17.8,17.5,15.0,15.0
20260526,カンフージョン,65.9,47.3,30.1,15.0,18.6,17.2,15.1,15.0
20260526,ウィンザーローズ,66.8,48.8,31.9,15.7,18.0,16.9,16.2,15.7
20260526,ファミリータイム,66.3,48.7,32.3,15.9,17.6,16.4,16.4,15.9
20260526,ケリフレッドアスク,64.2,46.5,30.6,15.5,17.7,15.9,15.1,15.5
20260526,ミキノバカラ,62.0,46.3,31.0,15.6,15.7,15.3,15.4,15.6
20260526,ウルスクローム,70.6,51.7,34.0,16.9,18.9,17.7,17.1,16.9
20260526,キモンミナリッチ,67.4,49.2,32.4,16.1,18.2,16.8,16.3,16.1
20260526,マオノファースト,67.4,49.1,32.3,16.1,18.3,16.8,16.2,16.1
20260526,マルモリスペシャル,66.2,47.8,31.2,15.1,18.4,16.6,16.1,15.1
20260526,ドリームキャリー,65.6,47.8,31.5,15.3,17.8,16.3,16.2,15.3
20260526,メイショウショカツ,67.5,48.9,31.9,15.7,18.6,17.0,16.2,15.7
20260526,バースデイフライト,64.6,46.6,30.5,15.0,18.0,16.1,15.5,15.0
20260526,タマモイカロス,61.9,44.9,29.4,14.0,17.0,15.5,15.4,14.0
20260526,メイショウトウコウ,65.8,48.6,32.4,16.2,17.2,16.2,16.2,16.2
20260526,シャプシュ,64.8,46.7,30.7,15.1,18.1,16.0,15.6,15.1
20260526,スピードリッチ,63.3,46.8,30.7,15.3,16.5,16.1,15.4,15.3
20260526,ロードガレリア,65.3,47.4,31.2,15.9,17.9,16.2,15.3,15.9
20260526,ビーチェ,65.6,48.0,31.7,15.0,17.6,16.3,16.7,15.0
20260526,ウィスカーパッド,65.1,48.1,31.6,15.3,17.0,16.5,16.3,15.3
20260526,サマーナジュム,65.7,48.2,31.5,15.7,17.5,16.7,15.8,15.7
20260526,アメリカンダンス,64.2,47.4,31.1,15.5,16.8,16.3,15.6,15.5
20260526,ｴｸｽﾁｪﾝｼﾞの24,66.3,49.7,33.4,16.5,16.6,16.3,16.9,16.5
20260526,ヒグマドン,66.5,49.7,33.3,16.5,16.8,16.4,16.8,16.5
20260526,ルクスビッグスター,66.7,48.9,32.2,16.1,17.8,16.7,16.1,16.1
20260526,ジョーメッドヴィン,66.6,48.7,32.1,16.2,17.9,16.6,15.9,16.2
20260526,リジル,66.0,48.2,32.1,15.9,17.8,16.1,16.2,15.9
20260526,テーオーマルコーニ,64.6,47.4,31.0,15.3,17.2,16.4,15.7,15.3
20260526,ワイドクリーガー,66.1,48.6,31.7,16.0,17.5,16.9,15.7,16.0
20260526,スターアスコット,65.0,47.6,31.6,16.0,17.4,16.0,15.6,16.0
20260526,ショウナンアンバー,72.1,52.0,34.4,17.4,20.1,17.6,17.0,17.4
20260526,スイーヴル,70.5,51.0,33.6,17.5,19.5,17.4,16.1,17.5
20260526,レットフィールマン,69.3,50.7,33.7,16.5,18.6,17.0,17.2,16.5
20260526,エグジスタンス,64.7,47.7,31.4,15.7,17.0,16.3,15.7,15.7
20260526,レディトゥアタック,72.0,51.4,34.1,16.9,20.6,17.3,17.2,16.9
20260526,シーズザスローン,67.0,49.5,33.1,16.1,17.5,16.4,17.0,16.1
20260526,マテンロウゼロ,65.8,47.7,31.1,15.5,18.1,16.6,15.6,15.5
20260526,タガノアバンドーネ,66.0,48.4,31.9,15.8,17.6,16.5,16.1,15.8
20260526,ホットリップス,71.5,51.7,33.9,17.5,19.8,17.8,16.4,17.5
20260526,オンユアマークス,65.2,47.1,30.8,15.4,18.1,16.3,15.4,15.4
20260526,ブルークレスト,66.7,48.2,32.5,16.5,18.5,15.7,16.0,16.5
20260526,ミルトメテオ,65.6,49.2,32.5,16.2,16.4,16.7,16.3,16.2
20260526,メイショウタイザン,64.2,46.4,30.8,15.6,17.8,15.6,15.2,15.6
20260526,ラスカルキッド,67.5,49.5,32.8,16.3,18.0,16.7,16.5,16.3
20260526,テムルーラー,65.0,47.0,30.9,15.2,18.0,16.1,15.7,15.2
20260526,ﾌﾞﾗﾝﾀﾞﾙｼﾞｬﾝの24,65.1,47.1,31.0,15.3,18.0,16.1,15.7,15.3
20260526,アンドヴェローナ,65.3,47.4,31.6,15.8,17.9,15.8,15.8,15.8
20260526,メイショウオーロラ,64.9,47.0,31.0,15.3,17.9,16.0,15.7,15.3
20260526,ダイメイミラクル,67.5,49.2,32.4,16.1,18.3,16.8,16.3,16.1
20260526,ニミッツハイウェイ,66.8,47.5,31.0,15.7,19.3,16.5,15.3,15.7
20260526,メイショウホウレン,68.8,49.4,32.0,15.6,19.4,17.4,16.4,15.6
20260526,エスペシャリー,66.2,48.3,31.9,16.2,17.9,16.4,15.7,16.2
20260526,アチーヴァー,71.3,53.2,34.7,16.7,18.1,18.5,18.0,16.7
20260526,モンテパステル,66.2,48.3,31.5,15.4,17.9,16.8,16.1,15.4
20260526,エムズマインド,64.8,47.5,31.7,15.7,17.3,15.8,16.0,15.7
20260526,カルチャーデイ,66.2,47.8,30.8,15.0,18.4,17.0,15.8,15.0
20260526,クリコイーコ,62.7,46.0,30.4,15.6,16.7,15.6,14.8,15.6
20260526,メイショウマドンナ,62.6,45.0,29.5,14.8,17.6,15.5,14.7,14.8
20260526,タイニーワンダー,63.7,48.4,32.2,15.9,15.3,16.2,16.3,15.9
20260526,メイショウイブキ,62.2,45.7,30.1,15.5,16.5,15.6,14.6,15.5
20260526,エコロルーク,64.3,47.9,31.5,15.5,16.4,16.4,16.0,15.5
20260526,ロードディグニティ,65.5,48.4,32.0,16.1,17.1,16.4,15.9,16.1
20260526,レイワノキセキ,68.0,49.3,32.3,16.1,18.7,17.0,16.2,16.1
20260526,ビーテリオス,66.3,49.7,33.2,16.4,16.6,16.5,16.8,16.4
20260526,イザベル,64.7,47.9,31.9,16.0,16.8,16.0,15.9,16.0
20260526,マサノブルスカイ,67.1,49.6,32.6,16.2,17.5,17.0,16.4,16.2
20260526,トムクリオーザ,63.6,47.0,31.6,16.0,16.6,15.4,15.6,16.0
20260526,タイドビート,63.0,45.7,30.2,15.3,17.3,15.5,14.9,15.3
20260526,ヨシノイースター,63.7,47.3,32.0,16.4,16.4,15.3,15.6,16.4
20260526,マンオブザマッチ,66.8,49.0,32.4,15.7,17.8,16.6,16.7,15.7
20260526,タイセイバウンス,66.1,48.8,32.6,16.4,17.3,16.2,16.2,16.4
20260526,ウインドトリック,52.9,39.2,25.9,13.2,13.7,13.3,12.7,13.2
20260526,リリークリスタル,61.6,44.2,28.8,13.9,17.4,15.4,14.9,13.9
20260526,ムソウテンセイ,63.0,46.7,31.5,15.9,16.3,15.2,15.6,15.9
20260526,セイウンハーデス,67.1,49.1,32.2,15.9,18.0,16.9,16.3,15.9
20260526,パシアンジャン,64.8,47.9,31.5,15.5,16.9,16.4,16.0,15.5
20260526,ドウアドバンテージ,64.1,46.9,30.4,14.8,17.2,16.5,15.6,14.8
20260526,メイショウドライブ,65.6,47.2,30.4,15.0,18.4,16.8,15.4,15.0
20260526,アマキヒ,66.2,48.9,33.0,16.9,17.3,15.9,16.1,16.9
20260526,フェリチタ,65.0,47.3,31.1,15.5,17.7,16.2,15.6,15.5
20260526,リュウトウコヤク,65.3,49.0,31.8,15.9,16.3,17.2,15.9,15.9
20260526,ケイアイドリー,63.3,46.6,30.8,15.3,16.7,15.8,15.5,15.3
20260526,タイキエクセロン,64.6,47.3,31.1,15.1,17.3,16.2,16.0,15.1
20260526,エムフォー,65.0,47.2,30.6,15.2,17.8,16.6,15.4,15.2
20260526,チェサピークベイ,61.5,45.8,29.8,14.1,15.7,16.0,15.7,14.1
20260526,パンジャケリー,64.2,48.1,31.5,15.8,16.1,16.6,15.7,15.8
20260526,ルーメンルーナエ,64.7,47.1,30.7,15.2,17.6,16.4,15.5,15.2
20260526,ダイナマイク,62.4,46.1,30.6,15.2,16.3,15.5,15.4,15.2
20260526,ﾚｰｳﾞﾄﾞﾘｰﾌﾞの24,64.5,46.3,30.5,15.6,18.2,15.8,14.9,15.6
20260526,モンシーク,71.2,51.1,32.8,15.8,20.1,18.3,17.0,15.8
20260526,リアンマカ,67.7,50.1,33.4,16.8,17.6,16.7,16.6,16.8
20260526,スナークピカソ,65.4,47.8,30.9,15.0,17.6,16.9,15.9,15.0
20260526,アラビアンジョイ,66.1,49.4,32.3,15.8,16.7,17.1,16.5,15.8
20260526,ダイシンドラゴン,64.7,47.4,31.0,15.3,17.3,16.4,15.7,15.3
20260526,ヤマニンサンパ,68.2,48.2,31.1,15.3,20.0,17.1,15.8,15.3
20260526,ソウテン,68.2,48.2,31.1,15.4,20.0,17.1,15.7,15.4
20260526,ロードラディウス,65.2,47.4,31.3,15.4,17.8,16.1,15.9,15.4
20260526,パフュームセント,68.0,48.2,31.2,15.3,19.8,17.0,15.9,15.3
20260526,ロードシュヴァリエ,66.6,49.1,32.0,16.1,17.5,17.1,15.9,16.1
20260526,クラスペディア,65.1,48.0,32.4,16.1,17.1,15.6,16.3,16.1
20260526,ヴィータリッカ,67.7,48.2,31.0,15.2,19.5,17.2,15.8,15.2
20260526,シスキンブルーム,67.5,48.2,31.0,15.2,19.3,17.2,15.8,15.2
20260526,ロードオールライト,64.0,47.7,31.5,15.5,16.3,16.2,16.0,15.5
20260526,スネーフリンガ,65.2,48.6,31.9,15.4,16.6,16.7,16.5,15.4
20260526,スイートポメロ,65.4,47.4,31.2,15.5,18.0,16.2,15.7,15.5
20260526,サンライズコナー,67.2,49.2,32.1,15.8,18.0,17.1,16.3,15.8
20260526,マテンロウオリジン,72.4,51.6,34.0,16.5,20.8,17.6,17.5,16.5
20260526,セイカンサンラン,66.4,49.1,33.0,16.8,17.3,16.1,16.2,16.8
20260526,ジュンラトゥール,62.3,45.5,29.5,14.6,16.8,16.0,14.9,14.6
20260526,リバーソニック,67.0,48.2,32.1,16.1,18.8,16.1,16.0,16.1
20260526,ブリュットミレジメ,66.4,48.7,32.4,15.9,17.7,16.3,16.5,15.9
20260526,エイシンイグニース,66.3,49.9,33.2,16.3,16.4,16.7,16.9,16.3
20260526,クロスボーダー,66.6,48.4,31.6,15.3,18.2,16.8,16.3,15.3
20260526,スナークルーベンス,70.4,52.5,34.5,17.4,17.9,18.0,17.1,17.4
20260526,ランズエンド,71.4,53.4,36.0,17.7,18.0,17.4,18.3,17.7
20260526,シュガーハウス,70.8,53.1,35.8,17.9,17.7,17.3,17.9,17.9
20260526,トウカイヘスティア,73.5,53.8,36.0,18.3,19.7,17.8,17.7,18.3
20260526,ソルチェリア,65.5,47.4,31.6,15.6,18.1,15.8,16.0,15.6
20260526,アパレイユ,67.6,49.7,32.3,15.9,17.9,17.4,16.4,15.9
20260526,タガノアラリア,66.3,48.8,31.6,15.5,17.5,17.2,16.1,15.5
20260526,ブルクトーア,68.2,49.9,32.3,15.8,18.3,17.6,16.5,15.8
20260526,コズミックダンサー,66.4,49.1,32.4,15.8,17.3,16.7,16.6,15.8
20260526,シャイニーデイ,63.1,46.5,30.8,15.8,16.6,15.7,15.0,15.8
20260526,ゴールドアーチ,64.7,47.9,31.4,15.6,16.8,16.5,15.8,15.6
20260526,ロードヴォイジャー,64.6,47.8,31.8,15.9,16.8,16.0,15.9,15.9
20260526,チョウギャル,66.1,48.0,31.6,15.5,18.1,16.4,16.1,15.5
20260526,キタノガイヤール,64.6,48.3,32.8,16.3,16.3,15.5,16.5,16.3
20260526,キタノボニータ,70.8,51.8,34.5,16.5,19.0,17.3,18.0,16.5
20260526,アマノガワギンガ,68.4,49.7,33.0,16.2,18.7,16.7,16.8,16.2
20260526,モズナツノジン,71.5,52.2,34.6,16.6,19.3,17.6,18.0,16.6
20260526,ダイチノナポリ,67.9,49.5,32.9,15.8,18.4,16.6,17.1,15.8
20260526,セブンサークル,71.3,52.3,34.6,16.6,19.0,17.7,18.0,16.6
20260526,ルガル,68.8,50.1,33.0,16.2,18.7,17.1,16.8,16.2
20260526,フィオレストラーダ,70.7,51.0,32.2,15.4,19.7,18.8,16.8,15.4
20260526,ミュージシャン,67.7,50.3,33.4,16.5,17.4,16.9,16.9,16.5
20260526,ワンコールアウェイ,68.4,50.4,33.0,16.4,18.0,17.4,16.6,16.4
20260526,コルレオニス,65.6,45.7,29.5,14.4,19.9,16.2,15.1,14.4
20260526,メイショウハチロー,64.5,48.4,32.6,16.7,16.1,15.8,15.9,16.7
20260526,ビッグヒーロー,59.4,44.0,29.1,14.6,15.4,14.9,14.5,14.6
20260526,ビップデイジー,66.8,48.6,31.9,15.7,18.2,16.7,16.2,15.7
20260526,クールブレーブ,65.9,47.5,31.4,15.4,18.4,16.1,16.0,15.4
20260526,カワキタマナレア,66.9,48.1,31.1,15.3,18.8,17.0,15.8,15.3
20260526,カステッロトゥーレ,66.8,48.3,31.4,15.7,18.5,16.9,15.7,15.7
20260526,ミスジェイド,66.8,48.7,31.6,16.0,18.1,17.1,15.6,16.0
20260526,サンタンカ,68.9,50.3,32.8,16.3,18.6,17.5,16.5,16.3
20260526,メイショウシンタケ,66.1,47.7,30.4,14.7,18.4,17.3,15.7,14.7
20260526,ザムーン,65.7,48.8,32.3,15.4,16.9,16.5,16.9,15.4
20260526,メイショウタバル,64.9,48.1,31.9,15.9,16.8,16.2,16.0,15.9
20260526,スターペスショウマ,68.4,50.6,33.1,15.9,17.8,17.5,17.2,15.9
20260526,ヤブサメ,67.0,48.9,32.5,16.2,18.1,16.4,16.3,16.2
20260526,メイショウメゴヒメ,68.1,50.2,32.7,16.0,17.9,17.5,16.7,16.0
20260526,リチュアル,66.4,49.2,32.4,16.1,17.2,16.8,16.3,16.1
20260526,プレゼンティーア,64.1,47.1,30.9,15.3,17.0,16.2,15.6,15.3
20260526,エーデルヴェーグ,67.9,49.8,33.1,16.4,18.1,16.7,16.7,16.4
20260526,ケイアイアニラ,65.4,47.9,30.7,14.8,17.5,17.2,15.9,14.8
20260526,サンセバ,64.8,47.4,30.2,14.4,17.4,17.2,15.8,14.4
20260526,インユアスカイ,69.7,52.3,33.9,16.5,17.4,18.4,17.4,16.5
20260526,ロードメガロポリス,71.2,51.5,33.2,16.3,19.7,18.3,16.9,16.3
20260526,メモリアデルレ,64.5,47.2,30.7,14.5,17.3,16.5,16.2,14.5
20260526,ノラリクラリ,66.2,49.5,33.1,16.8,16.7,16.4,16.3,16.8
20260526,ミリタリータトゥー,67.1,50.5,33.5,17.0,16.6,17.0,16.5,17.0
20260526,オーラエグザート,66.3,48.9,32.4,15.7,17.4,16.5,16.7,15.7
20260526,メイショウタダツグ,66.0,48.7,32.3,15.7,17.3,16.4,16.6,15.7
20260526,ジーティーダーリン,57.3,41.7,27.6,13.6,15.6,14.1,14.0,13.6
20260524,ビーコング,54.9,39.7,25.6,12.7,15.2,14.1,12.9,12.7
20260524,レガレイラ,54.5,39.7,25.5,12.5,14.8,14.2,13.0,12.5
20260524,アドアプローズ,54.7,39.1,25.3,12.6,15.6,13.8,12.7,12.6
20260524,クライスレリアーナ,53.3,38.5,24.2,11.6,14.8,14.3,12.6,11.6
20260524,オリオアルセーリオ,59.0,43.7,29.0,14.3,15.3,14.7,14.7,14.3
20260524,ロッシニアーナ,54.7,40.1,25.8,12.5,14.6,14.3,13.3,12.5
20260524,ピュアクローム,55.5,39.9,25.9,12.7,15.6,14.0,13.2,12.7
20260524,シエルライズ,55.5,40.3,25.9,12.8,15.2,14.4,13.1,12.8
20260524,スカイドリーマー,56.5,41.6,27.0,13.2,14.9,14.6,13.8,13.2
20260524,グランマエストロ,54.4,39.9,26.1,12.8,14.5,13.8,13.3,12.8
20260524,パントルナイーフ,52.4,38.2,24.7,12.0,14.2,13.5,12.7,12.0
20260524,フィリオソラーレ,55.2,40.1,25.8,12.8,15.1,14.3,13.0,12.8
20260524,ベネスピラ,62.4,45.8,30.0,14.6,16.6,15.8,15.4,14.6
20260524,ライネリーベ,61.8,46.6,29.5,14.1,15.2,17.1,15.4,14.1
20260524,ブリックンクリック,55.5,40.7,26.5,12.8,14.8,14.2,13.7,12.8
20260524,チギリ,64.5,47.1,31.4,15.9,17.4,15.7,15.5,15.9
20260524,リバースザトレンド,56.6,41.3,26.8,13.3,15.3,14.5,13.5,13.3
20260524,ホウオウバトラー,70.9,51.7,34.2,16.7,19.2,17.5,17.5,16.7
20260524,スタートレイン,54.8,39.9,25.6,12.1,14.9,14.3,13.5,12.1
20260524,ロジケープ,69.5,51.0,33.5,16.7,18.5,17.5,16.8,16.7
20260524,パラダイスフェイス,53.5,39.0,25.6,12.7,14.5,13.4,12.9,12.7
20260524,ハスカップジャム,54.8,40.2,26.5,13.0,14.6,13.7,13.5,13.0
20260524,シュペルリング,55.4,40.7,26.4,12.8,14.7,14.3,13.6,12.8
20260524,ムーンブランシュ,53.9,39.3,25.7,12.8,14.6,13.6,12.9,12.8
20260524,スタームーンナイト,57.6,42.9,28.4,13.8,14.7,14.5,14.6,13.8
20260524,キュータンチャン,68.7,49.5,32.6,15.9,19.2,16.9,16.7,15.9
20260524,ゴールデンハニビー,55.7,40.9,26.6,13.0,14.8,14.3,13.6,13.0
20260524,ソプラノクイーン,56.6,41.2,26.7,13.1,15.4,14.5,13.6,13.1
20260524,イチゴワタアメ,56.5,41.2,26.8,13.2,15.3,14.4,13.6,13.2
20260524,セイルトゥグローリ,57.9,43.1,28.6,14.1,14.8,14.5,14.5,14.1
20260524,ボーンディスウェイ,69.4,52.2,34.8,17.6,17.2,17.4,17.2,17.6
20260524,リッチハンター,66.8,49.4,33.0,16.3,17.4,16.4,16.7,16.3
20260524,シリウスコルト,59.6,44.0,29.1,14.5,15.6,14.9,14.6,14.5
20260524,レイフロレット,61.7,45.4,30.0,15.3,16.3,15.4,14.7,15.3
20260524,ヴァズレーヌ,54.3,39.5,25.0,12.5,14.8,14.5,12.5,12.5
20260524,アルヴィア,69.2,50.0,32.3,15.9,19.2,17.7,16.4,15.9
20260524,ゴーゴータカシ,54.8,39.4,25.4,12.3,15.4,14.0,13.1,12.3
20260524,ベルチュガダン,71.6,52.8,35.2,17.3,18.8,17.6,17.9,17.3
20260524,スワローシチー,69.2,51.0,33.9,16.7,18.2,17.1,17.2,16.7
20260524,カワイクテゴメン,73.3,54.0,36.8,18.7,19.3,17.2,18.1,18.7
20260524,オウケンサクラコ,62.6,45.3,29.4,14.5,17.3,15.9,14.9,14.5
20260524,フュチュール,60.9,44.9,29.4,14.3,16.0,15.5,15.1,14.3
20260524,ピードモント,55.9,40.4,26.0,12.5,15.5,14.4,13.5,12.5
20260524,ダイメイビッグボス,54.1,39.1,25.6,12.4,15.0,13.5,13.2,12.4
20260524,ジョドレルバンク,54.9,39.1,25.2,12.2,15.8,13.9,13.0,12.2
20260524,マルチャン,54.6,39.8,26.5,13.4,14.8,13.3,13.1,13.4
20260524,サトノヴィレ,58.4,41.9,27.1,13.1,16.5,14.8,14.0,13.1
20260524,レイベリング,53.3,38.0,24.4,12.4,15.3,13.6,12.0,12.4
20260524,アールプロスト,56.3,41.6,27.5,13.8,14.7,14.1,13.7,13.8
20260524,マックスキュー,55.1,39.9,25.0,11.8,15.2,14.9,13.2,11.8
20260524,ショウナンタヅナ,55.0,39.8,25.5,12.7,15.2,14.3,12.8,12.7
20260524,エッチェレンテ,54.0,38.7,24.9,12.5,15.3,13.8,12.4,12.5
20260524,ウインワーグナー,64.3,47.9,32.0,16.2,16.4,15.9,15.8,16.2
20260524,スナッチアップ,60.0,44.7,29.4,14.7,15.3,15.3,14.7,14.7
20260524,ズイウンゴサイ,64.4,48.0,31.9,16.2,16.4,16.1,15.7,16.2
20260524,アクロスザリバー,71.4,52.2,33.6,16.5,19.2,18.6,17.1,16.5
20260524,スーパーガール,54.8,40.1,26.3,13.0,14.7,13.8,13.3,13.0
20260524,ヴェネチアンキング,54.9,40.2,26.5,13.1,14.7,13.7,13.4,13.1
20260524,トリプティーク,69.8,50.2,32.5,15.6,19.6,17.7,16.9,15.6
20260524,ライーリーアース,59.4,43.6,28.3,14.0,15.8,15.3,14.3,14.0
20260524,チャームジュネーヴ,59.5,43.8,28.4,14.1,15.7,15.4,14.3,14.1
20260524,カシノヴィタ,69.9,50.4,32.7,15.7,19.5,17.7,17.0,15.7
20260524,ゴールデンルーキー,57.4,41.8,27.1,13.2,15.6,14.7,13.9,13.2
20260524,バトンロード,57.5,41.7,27.1,13.4,15.8,14.6,13.7,13.4
20260524,タイセイデクスター,57.0,41.6,27.3,13.2,15.4,14.3,14.1,13.2
20260524,セギレエルビエント,55.1,40.1,26.0,12.9,15.0,14.1,13.1,12.9
20260524,ステキサプライズ,57.8,42.0,27.3,13.4,15.8,14.7,13.9,13.4
20260524,ジーティージェミル,58.0,43.1,29.1,15.2,14.9,14.0,13.9,15.2
20260524,ラヴァブルロマン,59.1,42.5,27.5,13.2,16.6,15.0,14.3,13.2
20260524,サンクレセント,59.1,42.4,27.4,13.2,16.7,15.0,14.2,13.2
20260524,スードランダム,61.9,46.0,30.6,15.3,15.9,15.4,15.3,15.3
20260524,レガメデルヴェント,56.5,41.3,26.9,13.1,15.2,14.4,13.8,13.1
20260524,バンフィエルド,65.7,49.1,33.4,17.1,16.6,15.7,16.3,17.1
20260524,マルディランダ,56.7,41.3,27.0,13.1,15.4,14.3,13.9,13.1
20260524,ディズレーリ,58.4,42.5,27.6,13.7,15.9,14.9,13.9,13.7
20260524,テウメッサ,56.4,40.9,26.7,13.0,15.5,14.2,13.7,13.0
20260524,ミスティマウンテン,58.1,42.2,27.5,13.6,15.9,14.7,13.9,13.6
20260524,アルマフレイヤ,70.5,52.1,34.5,17.4,18.4,17.6,17.1,17.4
20260524,トップオブザキング,67.9,50.1,33.4,16.5,17.8,16.7,16.9,16.5
20260524,ベアハンドキャッチ,57.8,42.1,27.5,13.6,15.7,14.6,13.9,13.6
20260524,サイモンルモンド,75.1,54.8,36.9,18.5,20.3,17.9,18.4,18.5
20260524,クリアクォーツ,72.4,52.5,34.1,16.7,19.9,18.4,17.4,16.7
20260524,マインセーラ,72.4,53.6,35.1,17.5,18.8,18.5,17.6,17.5
20260524,エトワールフィーユ,56.6,40.7,26.6,13.4,15.9,14.1,13.2,13.4
20260524,ミクロスギガース,56.6,41.3,27.0,13.1,15.3,14.3,13.9,13.1
20260524,キャリアビジョン,56.3,40.5,26.5,13.1,15.8,14.0,13.4,13.1
20260524,カシノスパーク,58.8,42.9,28.7,14.5,15.9,14.2,14.2,14.5
20260524,ユーゲットミー,53.4,39.1,26.3,13.4,14.3,12.8,12.9,13.4
20260524,サングラント,65.6,47.9,30.5,15.0,17.7,17.4,15.5,15.0
20260524,ベリーベリーベリー,53.4,38.6,24.9,12.5,14.8,13.7,12.4,12.5
20260524,クールベイビー,67.7,50.0,33.4,16.4,17.7,16.6,17.0,16.4
20260524,ブルーミーティア,53.1,38.4,24.8,12.5,14.7,13.6,12.3,12.5
20260524,スパークルレイ,68.4,50.5,33.4,17.0,17.9,17.1,16.4,17.0
20260524,カンフーヒーロー,72.3,52.3,34.8,17.4,20.0,17.5,17.4,17.4
20260524,ブライトエアリー,64.7,47.7,31.4,15.2,17.0,16.3,16.2,15.2
20260524,アリアス,61.9,45.3,29.0,14.6,16.6,16.3,14.4,14.6
20260524,ファイナルフォーム,57.8,41.9,27.2,12.9,15.9,14.7,14.3,12.9
20260524,ランドジャイアンツ,59.5,43.9,29.3,14.6,15.6,14.6,14.7,14.6
20260524,ニシノアナベル,59.4,43.8,29.3,14.6,15.6,14.5,14.7,14.6
20260524,ノヴァフォルス,59.7,44.2,29.6,15.0,15.5,14.6,14.6,15.0
20260524,ジュンヴォルティス,58.3,42.7,27.9,13.2,15.6,14.8,14.7,13.2
20260524,ハーツコンチェルト,64.0,47.5,31.6,16.0,16.5,15.9,15.6,16.0
20260524,ラッキーヤース,62.5,45.2,29.8,14.8,17.3,15.4,15.0,14.8
20260524,ツルマウカタチ,59.9,43.7,28.6,13.8,16.2,15.1,14.8,13.8
20260524,コパノエビータ,70.7,51.9,34.4,17.1,18.8,17.5,17.3,17.1
20260524,アラスカフレイバー,69.5,51.8,34.2,17.3,17.7,17.6,16.9,17.3
20260524,タッカージーティー,62.1,43.5,28.1,14.0,18.6,15.4,14.1,14.0
20260524,アシャカロッケ,57.7,42.7,28.5,14.1,15.0,14.2,14.4,14.1
20260524,リアライズシリウス,56.0,40.7,26.5,12.9,15.3,14.2,13.6,12.9
20260524,アイムスティルミー,67.6,50.2,33.6,17.1,17.4,16.6,16.5,17.1
20260524,アウダーシア,56.2,40.0,26.2,13.1,16.2,13.8,13.1,13.1
20260524,クラウンロムパイア,59.7,43.7,28.5,13.5,16.0,15.2,15.0,13.5
20260524,キチロクタワー,59.0,42.9,27.6,13.1,16.1,15.3,14.5,13.1
20260524,コレクテイニア,69.4,50.7,33.7,17.0,18.7,17.0,16.7,17.0
20260524,キングズパレス,74.7,55.6,37.1,19.1,19.1,18.5,18.0,19.1
20260524,ティブロン,73.7,54.8,36.4,17.9,18.9,18.4,18.5,17.9
20260524,ヴィスクレス,71.8,52.9,35.2,17.7,18.9,17.7,17.5,17.7
20260524,フェリスチカ,71.8,53.5,34.4,16.8,18.3,19.1,17.6,16.8
20260524,ニシノギャルズ,68.1,50.6,33.3,16.3,17.5,17.3,17.0,16.3
20260524,ピクシーゲイル,63.2,45.7,30.3,15.9,17.5,15.4,14.4,15.9
20260524,ドゥーニ,71.5,52.3,34.3,16.8,19.2,18.0,17.5,16.8
20260524,ガミーヌ,69.7,52.3,34.8,17.4,17.4,17.5,17.4,17.4
20260524,メイヨシュア,68.4,50.6,34.2,17.6,17.8,16.4,16.6,17.6
20260524,オウケンボルト,54.4,38.9,25.1,12.6,15.5,13.8,12.5,12.6
20260524,ポッドロルフ,59.0,44.1,30.0,15.3,14.9,14.1,14.7,15.3
20260524,ユキノサイエンス,58.6,44.0,29.6,15.1,14.6,14.4,14.5,15.1
20260524,アルアンダルス,57.9,43.0,28.9,14.5,14.9,14.1,14.4,14.5
20260524,ウィルソンテソーロ,56.7,42.0,26.8,13.1,14.7,15.2,13.7,13.1
20260524,ヘインズポイント,56.7,41.0,26.1,12.7,15.7,14.9,13.4,12.7
20260524,バトルモクオ,71.3,51.4,32.3,15.7,19.9,19.1,16.6,15.7
20260524,マイネルスラーヴァ,56.9,41.2,26.5,13.0,15.7,14.7,13.5,13.0
20260524,フェンリル,58.2,43.2,28.1,13.0,15.0,15.1,15.1,13.0
20260524,ラヴァレード,58.2,43.2,28.1,13.0,15.0,15.1,15.1,13.0
20260524,ディルイーヤ,57.2,42.2,27.9,13.1,15.0,14.3,14.8,13.1
20260524,ホウオウバトラー,59.9,44.3,30.2,15.3,15.6,14.1,14.9,15.3
20260524,ロジケープ,57.9,43.1,28.0,13.9,14.8,15.1,14.1,13.9
20260524,キュータンチャン,59.5,44.4,30.0,15.1,15.1,14.4,14.9,15.1
20260524,ボーンディスウェイ,55.1,40.7,26.4,12.8,14.4,14.3,13.6,12.8
20260524,ベルチュガダン,55.8,41.2,27.1,13.4,14.6,14.1,13.7,13.4
20260524,スワローシチー,54.5,39.6,25.9,13.0,14.9,13.7,12.9,13.0
20260524,ウェスケンジントン,69.1,52.1,34.9,17.3,17.0,17.2,17.6,17.3
20260524,シュネルアステリア,63.2,47.0,30.4,14.8,16.2,16.6,15.6,14.8
20260524,ポセイドンテソーロ,65.2,48.2,32.0,15.6,17.0,16.2,16.4,15.6
20260524,ドリーミングアップ,69.2,50.7,32.9,16.3,18.5,17.8,16.6,16.3
20260524,トラストボス,68.9,50.8,33.1,16.4,18.1,17.7,16.7,16.4
20260524,ライヴマルガリータ,64.4,47.0,30.5,14.5,17.4,16.5,16.0,14.5
20260524,トヨサカエ,71.1,51.6,33.2,16.6,19.5,18.4,16.6,16.6
20260524,ニットウライズ,69.7,51.3,33.8,16.8,18.4,17.5,17.0,16.8
20260524,ディアスポラ,57.5,41.7,27.2,13.5,15.8,14.5,13.7,13.5
20260524,エイシンジザイテン,61.6,44.9,30.0,15.0,16.7,14.9,15.0,15.0
20260524,エリステソーロ,59.6,44.0,29.3,14.5,15.6,14.7,14.8,14.5
20260524,キボウノホシ,75.6,54.8,35.8,17.8,20.8,19.0,18.0,17.8
20260524,サルヴァトーレ,61.6,45.8,30.3,14.8,15.8,15.5,15.5,14.8
20260524,リスペクトライト,57.1,41.2,26.9,13.2,15.9,14.3,13.7,13.2
20260524,アイアムアヒーロー,69.1,50.6,33.6,17.2,18.5,17.0,16.4,17.2
20260524,ブレイブシュガー,67.2,49.3,32.6,16.3,17.9,16.7,16.3,16.3
20260524,パンパネイラ,69.9,51.1,33.3,16.2,18.8,17.8,17.1,16.2
20260524,アオイレイラ,68.8,50.5,33.5,16.7,18.3,17.0,16.8,16.7
20260524,テイクケア,58.0,42.0,27.7,13.8,16.0,14.3,13.9,13.8
20260524,マイバラード,60.0,42.2,27.1,13.4,17.8,15.1,13.7,13.4
20260524,クインズサクラ,73.9,53.7,35.3,17.9,20.2,18.4,17.4,17.9
20260524,スウェーバック,73.6,53.1,34.6,16.6,20.5,18.5,18.0,16.6
20260524,フューチャプライム,58.8,42.5,27.4,13.5,16.3,15.1,13.9,13.5
20260524,アラスカフレイバー,58.2,42.2,27.4,13.2,16.0,14.8,14.2,13.2
20260524,テラシエスタ,55.6,40.5,26.8,13.5,15.1,13.7,13.3,13.5
20260524,ウップヘリーア,55.3,40.3,26.4,13.0,15.0,13.9,13.4,13.0
20260524,スタンピー,56.1,40.4,26.8,13.7,15.7,13.6,13.1,13.7
20260524,ライトハウス,55.3,40.2,25.9,12.5,15.1,14.3,13.4,12.5
20260524,ニシノスフィンクス,58.2,41.3,27.1,13.3,16.9,14.2,13.8,13.3
20260524,エバーシャンティ,55.8,40.5,26.2,12.6,15.3,14.3,13.6,12.6
20260524,コールドスリープ,56.0,40.3,26.8,13.6,15.7,13.5,13.2,13.6
20260524,ユイノキャッツアイ,56.5,41.4,27.4,13.6,15.1,14.0,13.8,13.6
20260524,ノーブルエース,56.1,41.7,27.7,13.8,14.4,14.0,13.9,13.8
20260524,ユリア,56.0,41.6,27.6,13.7,14.4,14.0,13.9,13.7
20260524,ミダース,57.0,41.3,26.6,12.9,15.7,14.7,13.7,12.9
20260524,セントラルヴァレー,57.4,42.0,27.4,13.7,15.4,14.6,13.7,13.7
20260524,モズタンケ,55.7,40.3,27.0,13.1,15.4,13.3,13.9,13.1
20260524,トランスマーレ,54.5,40.0,26.2,13.0,14.5,13.8,13.2,13.0
20260524,クリオロゴールド,58.7,42.6,28.2,13.8,16.1,14.4,14.4,13.8
20260524,ルクスマグナ,59.0,43.2,28.5,13.8,15.8,14.7,14.7,13.8
20260524,イモータルバード,69.8,51.1,33.9,17.1,18.7,17.2,16.8,17.1
20260524,ロジリオン,69.1,50.9,33.8,17.0,18.2,17.1,16.8,17.0
20260524,ショウナンヤッホー,69.6,52.3,34.5,16.9,17.3,17.8,17.6,16.9
20260524,ホウオウゴールド,68.9,51.2,33.5,16.5,17.7,17.7,17.0,16.5
20260524,アイスアンドスノー,68.0,50.6,33.3,16.7,17.4,17.3,16.6,16.7
20260524,ギーロカスタル,56.8,41.9,27.9,14.0,14.9,14.0,13.9,14.0
20260524,イミグラントソング,69.9,50.0,31.4,15.4,19.9,18.6,16.0,15.4
20260524,シュテルン,70.6,50.8,32.8,15.8,19.8,18.0,17.0,15.8
20260524,アルティシエル,69.7,49.8,32.3,15.9,19.9,17.5,16.4,15.9
20260524,ピコアーガイル,56.9,42.3,27.6,13.8,14.6,14.7,13.8,13.8
20260524,ラブリーガール,79.0,58.2,38.4,19.1,20.8,19.8,19.3,19.1
20260524,ホワイトドラゴン,57.7,43.0,28.2,13.7,14.7,14.8,14.5,13.7
20260524,メジャーシンガー,59.7,44.5,29.7,14.6,15.2,14.8,15.1,14.6
20260524,ビップチェイス,70.0,50.7,33.3,16.9,19.3,17.4,16.4,16.9
20260524,ルシード,70.0,50.8,33.7,16.7,19.2,17.1,17.0,16.7
20260524,クラックアスマイル,69.6,51.4,34.0,16.9,18.2,17.4,17.1,16.9
20260524,アンディラメナ,68.2,50.5,32.9,16.3,17.7,17.6,16.6,16.3
20260524,デアプリームス,69.3,50.8,33.6,17.3,18.5,17.2,16.3,17.3
20260524,クールストラッチン,72.9,53.4,34.8,17.3,19.5,18.6,17.5,17.3
20260524,ハッピーロンドン,61.5,44.8,29.6,14.3,16.7,15.2,15.3,14.3
20260524,スマートブル,69.3,50.0,32.3,16.0,19.3,17.7,16.3,16.0
20260524,コックピットサイト,55.2,40.1,26.4,13.1,15.1,13.7,13.3,13.1
20260524,メーゼ,58.6,42.3,27.9,13.8,16.3,14.4,14.1,13.8
20260524,ハウディープ,69.5,50.8,33.6,16.5,18.7,17.2,17.1,16.5
20260524,ダンシングアワー,70.9,51.1,33.3,16.1,19.8,17.8,17.2,16.1
20260524,ラプユフラット,69.6,50.8,33.6,16.5,18.8,17.2,17.1,16.5
20260524,プルメリアビーチ,71.0,51.3,33.3,16.2,19.7,18.0,17.1,16.2
20260524,トラストボス,58.1,41.5,27.1,13.6,16.6,14.4,13.5,13.6
20260524,トヨサカエ,68.0,48.9,31.4,15.4,19.1,17.5,16.0,15.4
20260524,キョウエイカンセ,72.2,52.6,34.2,16.8,19.6,18.4,17.4,16.8
20260524,タマモトリノ,114.6,84.2,55.5,27.2,30.4,28.7,28.3,27.2
20260524,ゴットタレント,70.8,51.7,33.5,16.7,19.1,18.2,16.8,16.7
20260524,アルバニクス,65.5,47.9,31.0,15.2,17.6,16.9,15.8,15.2
20260524,ニシノトップダノン,65.1,47.7,31.6,15.7,17.4,16.1,15.9,15.7
20260524,クシェドゥソレイユ,70.4,51.4,33.9,16.9,19.0,17.5,17.0,16.9
20260524,キングプロフィット,69.7,50.7,33.2,16.4,19.0,17.5,16.8,16.4
20260524,ヴァンデエス,70.9,51.2,33.7,17.0,19.7,17.5,16.7,17.0
20260524,タキノボリ,79.8,58.9,39.1,19.7,20.9,19.8,19.4,19.7
20260524,ブレイブシュガー,66.2,48.9,32.4,16.2,17.3,16.5,16.2,16.2
20260524,パンパネイラ,66.5,48.6,31.7,15.7,17.9,16.9,16.0,15.7
20260524,ディマイザキッド,75.2,55.1,36.2,18.2,20.1,18.9,18.0,18.2
20260524,ヨシウッドテール,74.9,56.0,37.6,19.1,18.9,18.4,18.5,19.1
20260524,ウインルナロッサ,75.7,55.4,36.5,18.0,20.3,18.9,18.5,18.0
20260524,ゴーゴーパンチ,59.4,44.4,30.2,15.4,15.0,14.2,14.8,15.4
20260524,アマイクチヅケ,69.4,50.1,32.2,15.7,19.3,17.9,16.5,15.7
20260524,パチクリベスクリ,74.5,55.2,36.3,17.9,19.3,18.9,18.4,17.9
20260524,ココソラーレ,60.5,45.0,30.1,15.0,15.5,14.9,15.1,15.0
20260524,フィリップバローズ,55.6,40.6,25.9,13.2,15.0,14.7,12.7,13.2
20260524,ゴディアーモ,54.8,40.0,25.5,12.6,14.8,14.5,12.9,12.6
20260524,タクティシアン,55.3,40.4,25.7,12.6,14.9,14.7,13.1,12.6
20260524,ジオセントリック,56.9,40.9,26.8,13.6,16.0,14.1,13.2,13.6
20260524,レイユール,58.4,42.2,27.9,13.9,16.2,14.3,14.0,13.9
20260524,シュヴァルツシルト,89.8,65.7,43.8,21.4,24.1,21.9,22.4,21.4
20260524,エアトベーレ,56.7,41.0,27.0,13.8,15.7,14.0,13.2,13.8
20260524,ハイヤーマーク,56.6,41.7,27.4,13.4,14.9,14.3,14.0,13.4
20260524,ロジリオン,57.0,42.1,27.8,13.7,14.9,14.3,14.1,13.7
20260524,ツマヤ,59.3,43.6,28.4,14.2,15.7,15.2,14.2,14.2
20260524,アイスアンドスノー,56.8,41.9,27.4,13.3,14.9,14.5,14.1,13.3
20260524,アウルムレガリア,57.5,42.3,27.7,13.7,15.2,14.6,14.0,13.7
20260524,デルマテイネ,72.3,53.8,35.8,18.4,18.5,18.0,17.4,18.4
20260524,リケアマカロニ,72.3,52.8,35.1,17.6,19.5,17.7,17.5,17.6
20260524,ニュークリアス,53.8,39.4,26.1,13.2,14.4,13.3,12.9,13.2
20260524,ウスズミザクラ,58.3,42.7,28.2,13.9,15.6,14.5,14.3,13.9
20260524,ダンシングリリー,60.3,44.5,29.4,14.8,15.8,15.1,14.6,14.8
20260524,ココニイルヨ,58.0,42.6,28.4,13.7,15.4,14.2,14.7,13.7
20260524,ノルドヴェスト,54.3,39.7,25.7,12.8,14.6,14.0,12.9,12.8
20260524,サトノアインス,56.8,41.2,26.9,13.5,15.6,14.3,13.4,13.5
20260524,イヌボウノウタゴエ,65.9,48.8,32.2,15.8,17.1,16.6,16.4,15.8
20260524,アルティソナンテ,67.3,49.4,32.4,16.4,17.9,17.0,16.0,16.4
20260524,ダイユウヴェンティ,67.5,50.8,33.4,16.6,16.7,17.4,16.8,16.6
20260524,コンティ,57.2,42.0,27.8,13.9,15.2,14.2,13.9,13.9
20260524,ルクリーシア,56.2,41.1,27.3,13.4,15.1,13.8,13.9,13.4
20260524,デアプリームス,60.6,46.0,30.2,15.4,14.6,15.8,14.8,15.4
20260524,クラックアスマイル,59.5,44.7,29.4,14.6,14.8,15.3,14.8,14.6
20260524,クールストラッチン,58.8,43.2,28.5,13.6,15.6,14.7,14.9,13.6
20260524,アルバニクス,54.8,40.9,26.9,13.1,13.9,14.0,13.8,13.1
20260524,ニシノトップダノン,54.7,40.8,26.9,13.0,13.9,13.9,13.9,13.0
20260524,ミセスジョーンズ,68.5,50.7,34.0,17.4,17.8,16.7,16.6,17.4
20260524,アイファーファイト,70.9,53.1,35.1,17.2,17.8,18.0,17.9,17.2
20260524,サイモンカーチス,73.4,54.5,35.0,16.9,18.9,19.5,18.1,16.9
20260524,ビーオンザカバー,69.7,51.5,34.0,17.1,18.2,17.5,16.9,17.1
20260524,タマモブレイキン,70.8,51.9,34.2,16.9,18.9,17.7,17.3,16.9
20260524,フームスムート,69.7,51.5,34.2,17.0,18.2,17.3,17.2,17.0
20260524,ミクストベリーズ,70.8,51.5,33.8,16.8,19.3,17.7,17.0,16.8
20260524,テムファイア,71.2,52.4,34.8,17.7,18.8,17.6,17.1,17.7
20260524,タイセイアドーレ,71.6,52.5,35.0,17.9,19.1,17.5,17.1,17.9
20260524,ルドヴィクス,67.4,50.3,33.6,16.6,17.1,16.7,17.0,16.6
20260524,レッドラパルマ,59.6,43.0,28.8,14.2,16.6,14.2,14.6,14.2
20260524,ルミノメテオール,55.6,40.4,25.8,12.5,15.2,14.6,13.3,12.5
20260524,シャーンゴッセ,59.2,43.6,28.6,13.3,15.6,15.0,15.3,13.3
20260524,レーウィン,59.9,44.1,29.8,14.6,15.8,14.3,15.2,14.6
20260524,デザートスピリット,60.3,44.4,29.6,14.5,15.9,14.8,15.1,14.5
20260524,アイウィル,56.6,41.1,26.0,12.1,15.5,15.1,13.9,12.1
20260524,ドナカルナバル,56.8,41.4,26.6,12.9,15.4,14.8,13.7,12.9
20260524,フローレスカラーズ,56.5,41.8,26.8,12.8,14.7,15.0,14.0,12.8
20260524,ネイティヴプライド,71.0,52.4,34.5,16.9,18.6,17.9,17.6,16.9
20260524,モンスターラッシュ,56.1,41.1,27.2,12.9,15.0,13.9,14.3,12.9
20260524,エラン,68.2,50.1,32.3,15.8,18.1,17.8,16.5,15.8
20260524,ダンツファイター,68.7,50.6,32.9,16.0,18.1,17.7,16.9,16.0
20260524,キタイノホシ,58.3,42.1,27.1,13.6,16.2,15.0,13.5,13.6
20260524,ダイチマイスター,64.3,48.4,32.8,16.8,15.9,15.6,16.0,16.8
20260524,ナムラジミー,66.6,49.1,32.2,16.1,17.5,16.9,16.1,16.1
20260524,トワニ,68.1,51.3,34.0,17.1,16.8,17.3,16.9,17.1
20260524,リラ,70.7,51.6,34.0,17.1,19.1,17.6,16.9,17.1
20260524,カリボール,63.5,44.4,28.4,13.9,19.1,16.0,14.5,13.9
20260524,ダイシンレスター,75.3,54.9,35.9,17.5,20.4,19.0,18.4,17.5
20260524,デルマテイネ,59.3,44.0,29.3,14.7,15.3,14.7,14.6,14.7
20260524,ﾏﾘｰﾁの24,65.5,47.6,31.0,15.3,17.9,16.6,15.7,15.3
20260524,ワイプユアアイズ,65.6,47.6,31.0,15.5,18.0,16.6,15.5,15.5
20260524,ガジュノリ,66.6,49.2,32.6,16.0,17.4,16.6,16.6,16.0
20260524,ファンシーズ,65.7,49.0,32.7,16.8,16.7,16.3,15.9,16.8
20260524,ドルチェテソーロ,63.4,46.9,30.6,14.6,16.5,16.3,16.0,14.6
20260524,ノアソノマ,63.9,44.7,27.0,12.6,19.2,17.7,14.4,12.6
20260524,ニチヤヲツイデ,72.0,52.8,34.5,17.3,19.2,18.3,17.2,17.3
20260524,テンオンスゴールド,55.5,41.6,27.4,13.6,13.9,14.2,13.8,13.6
20260524,クリスタルドレス,74.7,54.7,36.1,18.3,20.0,18.6,17.8,18.3
20260524,パッションノーヴァ,67.5,48.9,31.6,15.2,18.6,17.3,16.4,15.2
20260524,シャインフォード,67.5,48.9,31.6,15.2,18.6,17.3,16.4,15.2
20260524,オールマイデイズ,55.8,40.7,26.3,13.3,15.1,14.4,13.0,13.3
20260524,マクミランテソーロ,61.9,45.0,29.3,14.9,16.9,15.7,14.4,14.9
20260524,ドルンレースツェン,58.3,42.5,28.1,14.2,15.8,14.4,13.9,14.2
20260524,メイアイリス,57.8,41.0,26.8,12.9,16.8,14.2,13.9,12.9
20260524,コスモマウイ,57.0,40.4,26.6,12.9,16.6,13.8,13.7,12.9
20260524,スクリプトール,59.4,43.0,28.3,13.9,16.4,14.7,14.4,13.9
20260524,デディカス,70.0,51.9,34.3,17.6,18.1,17.6,16.7,17.6
20260524,ロジシーザ,62.8,46.0,29.7,14.4,16.8,16.3,15.3,14.4
20260524,アニゴザントス,70.5,51.8,34.3,16.7,18.7,17.5,17.6,16.7
20260524,タイセイソアリング,69.8,51.7,34.3,17.3,18.1,17.4,17.0,17.3
20260524,パーティーガール,76.1,55.9,36.4,18.3,20.2,19.5,18.1,18.3
20260524,カシマライフウ,71.8,52.7,35.1,17.8,19.1,17.6,17.3,17.8
20260524,キョウエイマクフィ,68.6,51.2,33.8,17.1,17.4,17.4,16.7,17.1
20260524,オーバーゼア,72.0,52.9,34.9,17.8,19.1,18.0,17.1,17.8
20260524,アイファーファイト,66.4,50.1,33.5,16.6,16.3,16.6,16.9,16.6
20260524,サイモンカーチス,58.7,43.1,27.5,12.8,15.6,15.6,14.7,12.8
20260524,フェイトロード,71.4,53.5,35.0,17.4,17.9,18.5,17.6,17.4
20260524,スターフラッシュ,72.1,53.2,35.0,17.1,18.9,18.2,17.9,17.1
20260524,マーゴットゲイン,66.6,48.7,31.7,15.8,17.9,17.0,15.9,15.8
20260524,ガビーズメロディ,69.0,50.9,33.8,17.5,18.1,17.1,16.3,17.5
20260524,サトノパトリオット,54.0,39.5,25.8,12.9,14.5,13.7,12.9,12.9
20260524,レイクストライプス,56.1,41.7,27.2,12.8,14.4,14.5,14.4,12.8
20260524,ビンバラ,56.4,41.9,27.4,13.2,14.5,14.5,14.2,13.2
20260524,ジングアップ,56.5,42.2,27.5,13.1,14.3,14.7,14.4,13.1
20260524,ホウキボシ,55.5,40.3,25.7,13.0,15.2,14.6,12.7,13.0
20260524,エコロレイズ,55.2,39.7,25.7,12.4,15.5,14.0,13.3,12.4
20260524,ダノンエアズロック,55.7,40.4,25.8,12.9,15.3,14.6,12.9,12.9
20260524,イラーナ,56.0,40.5,26.0,12.3,15.5,14.5,13.7,12.3
20260524,クオンタムスター,55.6,40.6,25.6,12.9,15.0,15.0,12.7,12.9
20260524,ファイタージェット,68.9,50.8,33.4,16.3,18.1,17.4,17.1,16.3
20260524,セイントエルモズ,55.7,41.1,27.0,13.4,14.6,14.1,13.6,13.4
20260524,フジガイフウ,55.5,39.9,25.9,12.4,15.6,14.0,13.5,12.4
20260524,エリカビアリッツ,58.6,43.1,27.8,13.5,15.5,15.3,14.3,13.5
20260524,ロンギングフォユー,61.1,44.7,28.8,14.0,16.4,15.9,14.8,14.0
20260524,レジオンポレール,55.8,40.8,25.7,12.9,15.0,15.1,12.8,12.9
20260524,フィールマイプラン,66.0,48.2,31.7,16.1,17.8,16.5,15.6,16.1
20260524,テリオスルミ,58.5,43.0,28.0,13.8,15.5,15.0,14.2,13.8
20260524,シェリーシュシュ,64.0,47.7,31.5,15.7,16.3,16.2,15.8,15.7
20260524,バスキュール,57.2,41.9,26.5,12.8,15.3,15.4,13.7,12.8
20260524,ホウオウビリーヴ,58.4,43.0,28.2,13.7,15.4,14.8,14.5,13.7
20260524,スターフラッシュ,56.5,41.3,27.0,13.3,15.2,14.3,13.7,13.3
20260524,アデランテ,58.7,44.2,29.6,14.7,14.5,14.6,14.9,14.7
20260524,ベルブリエ,55.3,40.6,27.3,13.2,14.7,13.3,14.1,13.2
20260524,シュヴァルム,55.2,40.8,26.9,13.4,14.4,13.9,13.5,13.4
20260524,セイラダンサー,55.8,40.8,27.2,13.0,15.0,13.6,14.2,13.0
20260524,テンレディーゴー,55.2,40.4,26.3,13.0,14.8,14.1,13.3,13.0
20260524,クルビデンス,55.2,40.4,26.3,13.0,14.8,14.1,13.3,13.0
20260524,ヴィビーム,65.5,47.8,32.0,15.8,17.7,15.8,16.2,15.8
20260524,ソフィアプルーマ,62.5,46.5,31.0,15.7,16.0,15.5,15.3,15.7
20260524,エコロゼット,65.9,48.0,32.2,16.0,17.9,15.8,16.2,16.0
20260524,ラブトゥエニイワン,55.6,40.8,27.0,13.1,14.8,13.8,13.9,13.1
20260524,ソウカイウォーリア,55.5,40.7,27.0,13.2,14.8,13.7,13.8,13.2
20260524,フェイトロード,62.6,46.9,31.1,15.4,15.7,15.8,15.7,15.4
20260524,ウイングレイテスト,57.2,41.4,26.4,13.4,15.8,15.0,13.0,13.4
20260524,フェスティヴビーム,65.2,47.5,30.9,15.4,17.7,16.6,15.5,15.4
20260524,シルトホルン,68.1,50.3,33.8,16.7,17.8,16.5,17.1,16.7
20260524,ピンキープロミス,63.2,46.8,31.6,16.0,16.4,15.2,15.6,16.0
20260524,キミハスコール,70.2,52.4,34.9,17.0,17.8,17.5,17.9,17.0
20260524,キープサインオン,71.1,52.6,34.8,17.7,18.5,17.8,17.1,17.7
20260524,フォースミラクル,71.5,53.5,35.9,18.1,18.0,17.6,17.8,18.1
20260524,エルアン,70.0,51.6,33.8,16.8,18.4,17.8,17.0,16.8
20260524,ピースサイン,72.2,53.2,34.8,16.9,19.0,18.4,17.9,16.9
20260524,ポッドデスペア,60.7,44.5,29.1,14.6,16.2,15.4,14.5,14.6
20260524,フェスティヴハート,67.4,48.9,31.8,15.7,18.5,17.1,16.1,15.7
20260524,ポッドジーク,57.5,41.6,26.6,13.3,15.9,15.0,13.3,13.3
20260524,ロケットチャンバー,69.1,50.7,33.9,17.2,18.4,16.8,16.7,17.2
20260524,セフィロ,68.0,49.6,32.6,16.3,18.4,17.0,16.3,16.3
20260524,タイキバルドル,57.0,41.7,26.7,13.0,15.3,15.0,13.7,13.0
20260524,ペロ,59.2,43.2,28.7,14.4,16.0,14.5,14.3,14.4
20260524,フクチャントウメイ,70.7,52.5,34.6,17.9,18.2,17.9,16.7,17.9
20260524,トキメキジニア,66.4,48.7,31.5,15.2,17.7,17.2,16.3,15.2
20260524,ラルフテソーロ,70.8,52.6,35.0,17.6,18.2,17.6,17.4,17.6
20260524,シュヴァルボヌール,71.2,52.8,34.8,17.4,18.4,18.0,17.4,17.4
20260524,ベンメリア,64.5,47.6,31.6,16.2,16.9,16.0,15.4,16.2
20260524,グレイスザクラウン,76.0,56.3,36.6,18.0,19.7,19.7,18.6,18.0
20260524,マジックファイヤー,59.2,44.1,29.2,14.2,15.1,14.9,15.0,14.2
20260524,ラッキーキッド,71.1,52.6,34.7,17.8,18.5,17.9,16.9,17.8
20260524,ジャメビュ,57.2,42.0,27.7,14.0,15.2,14.3,13.7,14.0
20260524,カテドラルクォーツ,67.0,49.6,33.4,17.4,17.4,16.2,16.0,17.4
20260524,フォンドルレール,74.2,54.4,35.5,18.1,19.8,18.9,17.4,18.1
20260524,カズノダイジョウ,60.3,44.2,29.6,14.7,16.1,14.6,14.9,14.7
20260524,エコロバロン,68.0,50.6,34.4,18.2,17.4,16.2,16.2,18.2
20260524,サイモンナイスラン,56.4,40.9,27.3,13.6,15.5,13.6,13.7,13.6
20260524,エレクトロン,58.7,43.4,28.4,14.4,15.3,15.0,14.0,14.4
20260524,ノーブルブロウ,57.0,42.2,28.7,15.0,14.8,13.5,13.7,15.0
20260524,ファナティカル,56.6,42.0,28.4,14.6,14.6,13.6,13.8,14.6
20260524,ブラックナザレ,57.6,42.4,27.9,14.1,15.2,14.5,13.8,14.1
20260524,ロジヴィジョン,71.2,52.8,34.9,17.4,18.4,17.9,17.5,17.4
20260524,モーリッシュ,57.6,42.0,27.6,13.3,15.6,14.4,14.3,13.3
20260524,シュヴァルノワール,64.7,48.1,31.5,15.1,16.6,16.6,16.4,15.1
20260524,ガールネクストドア,72.2,53.4,35.7,17.8,18.8,17.7,17.9,17.8
20260524,オクトーバーナイン,67.5,49.7,33.4,17.2,17.8,16.3,16.2,17.2
20260524,キミガハマ,70.7,51.0,32.8,15.7,19.7,18.2,17.1,15.7
20260524,ロードアマデウス,67.7,50.5,34.0,17.0,17.2,16.5,17.0,17.0
20260524,ヴェントセラーレ,64.4,47.8,31.0,15.0,16.6,16.8,16.0,15.0
20260524,アロンズロッド,55.9,39.9,25.8,12.4,16.0,14.1,13.4,12.4
20260524,グリオンヴール,56.3,40.9,26.3,12.6,15.4,14.6,13.7,12.6
20260524,セブンマイスター,57.9,42.0,27.5,13.6,15.9,14.5,13.9,13.6
20260524,スモーキーゴッド,56.1,40.1,25.5,12.3,16.0,14.6,13.2,12.3
20260524,ジャサルディア,55.8,40.6,26.3,13.0,15.2,14.3,13.3,13.0
20260524,モルニケ,55.2,40.1,26.3,13.4,15.1,13.8,12.9,13.4
20260524,トライデント,63.3,47.3,31.7,16.4,16.0,15.6,15.3,16.4
20260524,ポールセン,65.5,48.0,31.6,15.6,17.5,16.4,16.0,15.6
20260524,ベネファクター,65.3,47.8,31.4,15.5,17.5,16.4,15.9,15.5
20260524,コスモコンフェルマ,59.1,43.1,28.3,14.1,16.0,14.8,14.2,14.1
20260524,シャトーホークビル,66.3,49.3,33.0,16.9,17.0,16.3,16.1,16.9
20260524,スミレノハナ,67.2,50.5,33.9,17.8,16.7,16.6,16.1,17.8
20260524,エルファリス,59.4,41.3,26.7,12.5,18.1,14.6,14.2,12.5
20260524,ジーティーヒラリ,67.3,49.4,32.2,16.1,17.9,17.2,16.1,16.1
20260524,サムシャイン,57.8,42.6,28.2,13.8,15.2,14.4,14.4,13.8
20260524,クロシェットノエル,72.4,53.1,34.6,17.2,19.3,18.5,17.4,17.2
20260524,グレイテストソング,56.7,41.4,27.6,13.4,15.3,13.8,14.2,13.4
20260524,ショービット,59.2,45.0,30.4,15.4,14.2,14.6,15.0,15.4
20260524,フジレイメイ,56.4,41.3,26.6,12.9,15.1,14.7,13.7,12.9
20260524,ダイユウサルターレ,67.9,49.4,32.2,16.4,18.5,17.2,15.8,16.4
20260524,スムースベルベット,68.3,50.4,33.1,16.4,17.9,17.3,16.7,16.4
20260524,チルチャンプ,66.2,48.8,31.8,16.0,17.4,17.0,15.8,16.0
20260524,ベルイストワール,57.9,41.6,27.2,13.6,16.3,14.4,13.6,13.6
20260524,ベアダイヤモンド,55.6,41.0,26.9,13.6,14.6,14.1,13.3,13.6
20260524,タイセイジェンマ,60.2,43.8,29.0,14.7,16.4,14.8,14.3,14.7
20260524,ジェイエルモーダル,56.0,41.2,27.0,13.5,14.8,14.2,13.5,13.5
20260524,モントリオール,60.0,43.7,28.8,14.5,16.3,14.9,14.3,14.5
20260524,ベイビーベリッシモ,57.1,41.8,27.2,13.5,15.3,14.6,13.7,13.5
20260524,ブリリアンス,56.2,41.6,27.1,13.3,14.6,14.5,13.8,13.3
20260524,セルリア,54.8,39.8,25.8,12.4,15.0,14.0,13.4,12.4
20260524,セイカユウヒ,73.6,52.2,32.8,16.1,21.4,19.4,16.7,16.1
20260524,キセログラフィカ,55.2,40.4,26.3,12.7,14.8,14.1,13.6,12.7
20260524,ジェッディンデデン,56.8,41.6,27.1,13.4,15.2,14.5,13.7,13.4
20260524,ブルーグラビティ,57.8,43.0,27.7,13.7,14.8,15.3,14.0,13.7
20260524,テリオスララ,71.2,52.2,33.5,16.5,19.0,18.7,17.0,16.5
20260524,シンデレラカラー,56.6,41.9,27.5,13.7,14.7,14.4,13.8,13.7
20260524,メイショウソムリエ,58.6,42.9,27.5,13.4,15.7,15.4,14.1,13.4
20260524,ミリオングローリー,58.8,43.1,27.8,13.5,15.7,15.3,14.3,13.5
20260524,レッドリファインド,69.8,51.2,33.4,16.7,18.6,17.8,16.7,16.7
20260524,バレンタインビスタ,57.2,41.7,27.6,13.9,15.5,14.1,13.7,13.9
20260524,フクチャントウメイ,58.0,42.9,28.3,14.1,15.1,14.6,14.2,14.1
20260524,ラルフテソーロ,53.7,39.2,25.6,12.8,14.5,13.6,12.8,12.8
20260524,セフィロ,59.0,43.0,27.7,13.4,16.0,15.3,14.3,13.4
20260524,キミハスコール,60.1,44.3,29.4,15.0,15.8,14.9,14.4,15.0
20260524,シュヴァルボヌール,59.0,43.6,28.7,14.2,15.4,14.9,14.5,14.2
20260524,キープサインオン,60.1,44.5,29.5,14.9,15.6,15.0,14.6,14.9
20260524,フォースミラクル,60.4,45.1,30.1,15.2,15.3,15.0,14.9,15.2
20260524,ラッキーキッド,60.2,44.6,29.6,14.5,15.6,15.0,15.1,14.5
20260524,カテドラルクォーツ,58.7,42.8,27.5,13.3,15.9,15.3,14.2,13.3
20260524,エコロバロン,58.3,42.3,26.7,12.6,16.0,15.6,14.1,12.6
20260524,ガーシュウィン,55.4,41.3,28.1,14.8,14.1,13.2,13.3,14.8
20260524,エニシングゴース,55.4,41.3,28.1,14.8,14.1,13.2,13.3,14.8
20260524,ロジヴィジョン,59.6,44.5,29.6,15.0,15.1,14.9,14.6,15.0
20260524,スペイドアン,57.1,42.0,27.6,13.7,15.1,14.4,13.9,13.7
20260524,ミリオンヴォイス,59.6,45.0,29.5,14.6,14.6,15.5,14.9,14.6
20260524,サッポロイクコ,60.8,45.0,29.7,14.6,15.8,15.3,15.1,14.6
20260524,マイトビーウォン,69.7,52.3,35.1,17.5,17.4,17.2,17.6,17.5
20260524,クリムゾンリーフ,66.3,48.6,32.4,16.4,17.7,16.2,16.0,16.4
20260524,ショウナンカリス,53.3,38.6,25.7,13.0,14.7,12.9,12.7,13.0
20260524,クリニクラウン,54.4,39.1,25.4,12.7,15.3,13.7,12.7,12.7
20260524,リリージェーン,58.4,42.6,27.6,13.9,15.8,15.0,13.7,13.9
20260524,ギンケイ,58.3,42.2,27.1,14.0,16.1,15.1,13.1,14.0
20260524,トゥモローズウェイ,66.3,48.7,31.4,15.7,17.6,17.3,15.7,15.7
20260524,ショウナンバーボン,69.5,50.6,33.0,16.1,18.9,17.6,16.9,16.1
20260524,アブリコース,67.0,49.1,31.7,15.8,17.9,17.4,15.9,15.8
20260524,ショウナンタハティ,56.5,41.5,27.2,13.5,15.0,14.3,13.7,13.5
20260524,ベルウッドピース,68.1,50.4,33.1,16.3,17.7,17.3,16.8,16.3
20260524,ビービーアジャイル,68.4,51.0,33.4,16.6,17.4,17.6,16.8,16.6
20260524,ヴァンデスペランス,55.6,40.5,26.2,12.5,15.1,14.3,13.7,12.5
20260524,ハイトラクション,55.8,41.1,26.9,13.3,14.7,14.2,13.6,13.3
20260524,ジップスパーク,68.2,50.5,33.2,16.7,17.7,17.3,16.5,16.7
20260524,エクラドリオン,68.2,50.8,33.3,16.5,17.4,17.5,16.8,16.5
20260524,サンタアニタ,64.2,47.3,31.5,15.5,16.9,15.8,16.0,15.5
20260524,ポールセン,59.1,43.8,28.6,14.4,15.3,15.2,14.2,14.4
20260524,タイセイフレッサ,63.2,47.3,31.4,15.4,15.9,15.9,16.0,15.4
20260524,タニセンローマ,64.9,48.2,32.0,15.6,16.7,16.2,16.4,15.6
20260524,ドッグウッド,57.7,42.2,27.1,13.1,15.5,15.1,14.0,13.1
20260524,フィーユレアル,57.5,41.8,27.0,13.5,15.7,14.8,13.5,13.5
20260524,アゲンストオッズ,57.3,41.6,26.9,13.4,15.7,14.7,13.5,13.4
20260524,ベネファクター,58.9,43.6,28.4,14.1,15.3,15.2,14.3,14.1
20260524,イッテラッシャイ,57.7,42.3,27.3,13.4,15.4,15.0,13.9,13.4
20260524,ラプランセス,58.1,42.7,27.5,13.8,15.4,15.2,13.7,13.8
20260524,エスシーレイジュ,62.1,46.0,30.7,15.5,16.1,15.3,15.2,15.5
20260524,チュラヴェール,58.0,43.0,28.3,14.0,15.0,14.7,14.3,14.0
20260524,ヴンダーバール,64.7,48.2,31.8,15.6,16.5,16.4,16.2,15.6
20260524,デミアン,58.9,43.4,28.5,14.1,15.5,14.9,14.4,14.1
20260524,ヨイチコネクト,69.8,52.7,35.5,18.2,17.1,17.2,17.3,18.2
20260524,ソクヅモドラドラ,57.0,41.5,27.8,13.8,15.5,13.7,14.0,13.8
20260524,フォーチュンローズ,56.3,41.4,27.3,13.3,14.9,14.1,14.0,13.3
20260524,ライヒスアドラー,55.7,40.3,26.5,12.9,15.4,13.8,13.6,12.9
20260524,ゴーイントゥスカイ,55.9,40.7,26.3,13.0,15.2,14.4,13.3,13.0
20260524,アイリーノリチャン,57.7,42.6,28.6,14.5,15.1,14.0,14.1,14.5
20260524,フォルテアンジェロ,56.5,40.7,26.3,13.3,15.8,14.4,13.0,13.3
20260524,ラヴレイン,70.3,51.8,33.6,16.4,18.5,18.2,17.2,16.4
20260524,ウィルレーヴィア,59.3,44.0,29.1,14.2,15.3,14.9,14.9,14.2
20260524,ヒロピアーナ,68.1,50.1,33.0,16.3,18.0,17.1,16.7,16.3
20260524,ライジンマル,56.3,40.9,27.0,13.4,15.4,13.9,13.6,13.4
20260524,キョウエイスレーヴ,69.9,51.7,34.7,17.4,18.2,17.0,17.3,17.4
20260524,トウシンライオット,68.9,51.1,33.3,16.4,17.8,17.8,16.9,16.4
20260524,プリヴィレッジ,77.2,55.5,36.1,18.0,21.7,19.4,18.1,18.0
20260524,サノノソルジャー,70.2,51.4,33.5,16.7,18.8,17.9,16.8,16.7
20260524,マイネルクロカータ,70.0,51.9,34.4,17.4,18.1,17.5,17.0,17.4
20260524,ユイノエスポワール,57.8,41.6,26.8,12.4,16.2,14.8,14.4,12.4
20260524,キタノバトゥーキ,70.0,51.9,34.3,17.4,18.1,17.6,16.9,17.4
20260524,サノノワンダー,56.2,40.7,26.3,12.8,15.5,14.4,13.5,12.8
20260524,エスシービクトリア,59.9,43.7,28.3,13.7,16.2,15.4,14.6,13.7
20260524,ヤマニンルーバス,59.7,43.8,28.6,13.7,15.9,15.2,14.9,13.7
20260524,ロングミックス,57.3,42.7,28.9,14.5,14.6,13.8,14.4,14.5
20260524,バーヴァンシー,60.0,43.4,28.4,13.4,16.6,15.0,15.0,13.4
20260524,イゾラフェリーチェ,55.2,40.0,25.0,12.3,15.2,15.0,12.7,12.3
20260524,キョウエイシュバル,65.3,48.5,32.0,16.2,16.8,16.5,15.8,16.2
20260524,シルバーアックス,67.7,50.8,33.7,17.0,16.9,17.1,16.7,17.0
20260524,ラフレードピエル,66.3,46.7,29.8,14.4,19.6,16.9,15.4,14.4
20260524,ウォーレーションズ,75.6,55.9,36.6,18.4,19.7,19.3,18.2,18.4
20260524,オーサムデアラー,68.8,50.0,31.6,15.5,18.8,18.4,16.1,15.5
20260524,テンミラクルスター,57.5,42.1,27.0,13.1,15.4,15.1,13.9,13.1
20260524,パシーヴ,64.8,48.1,31.5,15.4,16.7,16.6,16.1,15.4
20260524,ニシノイストワール,57.9,41.9,27.2,13.6,16.0,14.7,13.6,13.6
20260524,コスモアルペジオ,58.3,42.2,26.8,13.3,16.1,15.4,13.5,13.3
20260524,スマートクラッセ,59.8,43.6,28.4,14.3,16.2,15.2,14.1,14.3
20260524,シーギリヤロック,66.9,49.4,32.1,15.8,17.5,17.3,16.3,15.8
20260524,モンドシュピーゲル,77.3,57.3,38.2,19.2,20.0,19.1,19.0,19.2
20260524,デルマハルナ,62.7,46.0,30.2,15.0,16.7,15.8,15.2,15.0
20260524,ゴールドパレード,60.5,45.0,30.3,15.0,15.5,14.7,15.3,15.0
20260524,サンドブラスト,58.9,43.8,28.2,14.3,15.1,15.6,13.9,14.3
20260524,ソウカイファミリア,64.3,47.8,31.9,16.2,16.5,15.9,15.7,16.2
20260524,サトノドルチェ,62.1,46.6,31.5,16.1,15.5,15.1,15.4,16.1
20260524,ヒロノゴウカイ,63.8,47.3,31.2,15.5,16.5,16.1,15.7,15.5
20260524,モウレツ,58.3,42.3,27.0,13.2,16.0,15.3,13.8,13.2
20260524,サトミノマロン,70.6,51.3,33.8,17.0,19.3,17.5,16.8,17.0
20260524,ロジキセキ,66.8,49.2,32.2,16.5,17.6,17.0,15.7,16.5
20260524,アストリル,68.2,48.5,31.0,15.3,19.7,17.5,15.7,15.3
20260524,ブラックゲイル,65.1,48.6,32.7,16.8,16.5,15.9,15.9,16.8
20260524,サリードゥ,76.0,55.9,36.2,18.3,20.1,19.7,17.9,18.3
20260524,サトミノホマレ,76.5,56.8,37.0,18.8,19.7,19.8,18.2,18.8
20260524,ショーツヨシ,72.8,52.5,34.0,16.8,20.3,18.5,17.2,16.8
20260524,モリノヤマセミ,76.8,56.4,37.2,18.9,20.4,19.2,18.3,18.9
20260524,ゲンパチムサシ,55.6,40.7,27.0,13.5,14.9,13.7,13.5,13.5
20260524,ヤマニンジェンナ,67.0,49.1,33.0,17.1,17.9,16.1,15.9,17.1
20260524,レオホー,69.4,51.7,34.7,17.7,17.7,17.0,17.0,17.7
20260524,イールーファー,72.4,53.2,35.1,17.5,19.2,18.1,17.6,17.5
20260524,シアルナーレ,56.7,41.1,25.9,12.4,15.6,15.2,13.5,12.4
20260524,ジャクソン,70.7,52.8,34.3,17.1,17.9,18.5,17.2,17.1
20260524,キタノソブリン,69.2,51.2,33.7,17.1,18.0,17.5,16.6,17.1
20260524,ホウオウファミリー,54.9,40.6,26.5,13.1,14.3,14.1,13.4,13.1
20260524,ゼアズノープレイス,72.9,53.4,34.9,17.5,19.5,18.5,17.4,17.5
20260524,クインズシフォン,56.1,42.2,28.6,14.4,13.9,13.6,14.2,14.4
20260524,ヴァルキリーバース,56.4,40.6,26.4,13.2,15.8,14.2,13.2,13.2
20260524,フィーチャリング,69.7,49.9,32.1,15.9,19.8,17.8,16.2,15.9
20260524,ペリバジャ,57.4,42.5,27.8,13.9,14.9,14.7,13.9,13.9
20260524,ﾌﾟﾘﾓｽﾍﾟｰﾄﾞの24,73.1,54.4,35.9,18.0,18.7,18.5,17.9,18.0
20260524,アルナイル,56.1,42.0,28.3,14.1,14.1,13.7,14.2,14.1
20260524,オンクラウドナイン,64.7,48.0,31.9,15.8,16.7,16.1,16.1,15.8
20260524,スチョウプリンセス,67.4,50.3,34.2,17.3,17.1,16.1,16.9,17.3
20260524,ミライヘノティアラ,72.0,53.1,34.9,17.2,18.9,18.2,17.7,17.2
20260524,フレンドモナコ,60.0,44.6,29.6,14.5,15.4,15.0,15.1,14.5
20260524,アクアマーズ,69.6,51.0,33.9,16.8,18.6,17.1,17.1,16.8
20260524,ヒログリーン,71.8,53.0,35.4,18.0,18.8,17.6,17.4,18.0
20260524,ミッドナイトドア,67.1,49.3,32.8,16.4,17.8,16.5,16.4,16.4
20260524,ワンダリングスター,71.9,53.1,35.5,18.1,18.8,17.6,17.4,18.1
20260524,キタノシオン,69.8,51.2,33.3,16.3,18.6,17.9,17.0,16.3
20260524,レオリアライズ,62.0,46.9,31.0,14.8,15.1,15.9,16.2,14.8
20260524,ブラボーワン,70.6,51.7,33.5,16.6,18.9,18.2,16.9,16.6
20260524,オーケーエース,71.0,52.3,33.9,16.6,18.7,18.4,17.3,16.6
20260524,ウイニングレイ,70.1,51.2,33.3,16.3,18.9,17.9,17.0,16.3
20260524,コンクレデンツァ,68.7,50.2,32.4,16.0,18.5,17.8,16.4,16.0
20260524,ペントザリス,69.8,51.2,33.6,16.7,18.6,17.6,16.9,16.7
20260524,ウォーレーションズ,58.5,43.5,28.2,13.8,15.0,15.3,14.4,13.8
20260524,ミルトメロディー,65.9,47.8,31.4,15.6,18.1,16.4,15.8,15.6
20260524,ラウターユーベル,64.0,47.6,31.8,16.5,16.4,15.8,15.3,16.5
20260524,モンドシュピーゲル,65.6,48.6,31.8,15.3,17.0,16.8,16.5,15.3
20260524,ペルラビアンカ,65.3,48.5,32.5,16.4,16.8,16.0,16.1,16.4
20260524,クールフィデル,55.9,41.2,27.4,13.8,14.7,13.8,13.6,13.8
20260524,ビーチイン,57.3,41.8,27.3,13.7,15.5,14.5,13.6,13.7
20260524,カツノテンス,70.7,52.9,35.2,17.8,17.8,17.7,17.4,17.8
20260524,アクアマリーナ,54.8,39.4,25.4,12.7,15.4,14.0,12.7,12.7
20260524,ハッピーカーン,71.1,52.6,34.4,17.3,18.5,18.2,17.1,17.3
20260524,ﾒｶﾞﾐﾁｬﾝの24,70.3,52.7,35.2,17.8,17.6,17.5,17.4,17.8
20260524,コスモシグナス,75.5,55.8,37.1,18.6,19.7,18.7,18.5,18.6
20260524,ゴートゥービッツン,70.7,53.3,35.5,17.5,17.4,17.8,18.0,17.5
20260524,アートオブブライト,75.3,55.8,37.0,18.4,19.5,18.8,18.6,18.4
20260524,モミスケ,74.8,55.9,37.6,19.0,18.9,18.3,18.6,19.0
20260524,ピリナカピリナ,75.3,56.6,37.6,19.0,18.7,19.0,18.6,19.0
20260524,イージーブリージー,57.3,42.1,28.1,13.6,15.2,14.0,14.5,13.6
20260524,ボナーテソーロ,63.4,46.5,30.3,15.3,16.9,16.2,15.0,15.3
20260524,ケナゲ,63.4,47.6,31.9,16.2,15.8,15.7,15.7,16.2
20260524,ジュンヴィヴァン,56.9,41.4,27.0,12.7,15.5,14.4,14.3,12.7
20260524,カペラテソーロ,69.4,50.6,33.0,16.8,18.8,17.6,16.2,16.8
20260524,グラスクラージュ,68.6,49.8,32.6,16.6,18.8,17.2,16.0,16.6
20260524,ファンタイムギフト,68.6,50.6,33.6,17.2,18.0,17.0,16.4,17.2
20260524,ヨシヒロ,58.3,43.0,28.7,14.5,15.3,14.3,14.2,14.5
20260524,ミリオ,58.2,42.9,28.6,14.5,15.3,14.3,14.1,14.5
20260524,シャンパンカラー,54.2,39.3,25.0,12.4,14.9,14.3,12.6,12.4
20260524,クニノハッピー,60.7,45.8,30.1,15.0,14.9,15.7,15.1,15.0
20260524,アミナス,64.8,46.9,30.9,15.4,17.9,16.0,15.5,15.4
20260524,グランマズドリーム,60.1,43.9,29.1,14.0,16.2,14.8,15.1,14.0
20260524,ミラクルオーラ,61.4,45.5,30.1,14.7,15.9,15.4,15.4,14.7
20260524,ｵｳｹﾝｻﾞﾊﾟｰﾙの24,61.4,45.5,30.1,14.7,15.9,15.4,15.4,14.7
20260524,ビッグデイメイク,59.3,43.6,29.1,14.9,15.7,14.5,14.2,14.9
20260524,ミクニフラッシュ,59.9,43.6,28.4,14.1,16.3,15.2,14.3,14.1
20260524,コックオーヴァン,71.7,49.5,31.2,14.8,22.2,18.3,16.4,14.8
20260524,カスターニエ,66.9,49.0,31.9,15.5,17.9,17.1,16.4,15.5
20260524,ビレッジルイーザ,66.5,48.5,31.9,15.4,18.0,16.6,16.5,15.4
20260524,ポッドエステラ,71.3,51.9,34.1,17.0,19.4,17.8,17.1,17.0
20260524,プリンセスロッティ,70.9,52.1,34.3,16.8,18.8,17.8,17.5,16.8
20260524,ゼアズノープレイス,59.9,44.6,29.4,14.2,15.3,15.2,15.2,14.2
20260524,トウカイファクター,60.8,45.5,30.3,15.5,15.3,15.2,14.8,15.5
20260524,オセアエクスプレス,60.3,44.9,29.9,15.0,15.4,15.0,14.9,15.0
20260524,デルマザオウ,68.8,50.6,32.8,16.5,18.2,17.8,16.3,16.5
20260524,ヌビアン,55.9,40.6,26.5,13.0,15.3,14.1,13.5,13.0
20260524,エリンフレーム,54.8,39.7,25.8,12.6,15.1,13.9,13.2,12.6
20260524,ハクサンミレイ,68.9,50.6,33.1,16.6,18.3,17.5,16.5,16.6
20260524,ヒログリーン,59.9,44.6,29.4,14.2,15.3,15.2,15.2,14.2
20260524,ルージュカエラ,68.3,50.4,33.3,16.5,17.9,17.1,16.8,16.5
20260524,コスモアミマネラ,66.5,49.6,33.0,16.3,16.9,16.6,16.7,16.3
20260524,アオイミズホ,68.7,50.6,33.4,16.5,18.1,17.2,16.9,16.5
20260524,スチールギターラグ,63.3,46.7,31.1,16.0,16.6,15.6,15.1,16.0
20260524,ベアエクスプレス,64.2,47.2,31.8,16.2,17.0,15.4,15.6,16.2
20260524,ウインファイネスト,64.0,47.6,31.4,15.7,16.4,16.2,15.7,15.7
20260524,マイティドレイブン,67.1,49.8,33.6,16.9,17.3,16.2,16.7,16.9
20260524,ワンダリングスター,69.4,51.1,33.8,16.7,18.3,17.3,17.1,16.7
20260524,エランヴィータ,66.8,49.3,33.0,16.8,17.5,16.3,16.2,16.8
20260524,ﾌﾟﾘﾓｽﾍﾟｰﾄﾞの24,69.2,51.0,33.8,16.7,18.2,17.2,17.1,16.7
20260524,ノヴァルクス,64.4,48.1,31.9,16.2,16.3,16.2,15.7,16.2
20260524,カンレイスター,73.3,53.5,34.6,17.0,19.8,18.9,17.6,17.0
20260524,ミカッテヨンデイイ,57.7,41.3,26.3,12.9,16.4,15.0,13.4,12.9
20260524,ラーテル,58.9,42.6,27.8,13.9,16.3,14.8,13.9,13.9
20260524,フェスタリア,66.7,49.2,32.8,16.4,17.5,16.4,16.4,16.4
20260524,マーキュリーダイム,54.4,39.2,25.3,12.4,15.2,13.9,12.9,12.4
20260524,ゴールデンボート,66.5,48.4,32.1,16.2,18.1,16.3,15.9,16.2
20260524,アイムイン,66.8,49.3,32.3,15.6,17.5,17.0,16.7,15.6
20260524,ベルウッドディープ,59.2,43.0,27.6,13.5,16.2,15.4,14.1,13.5
20260524,ニシノアイオーン,57.9,41.9,27.3,13.4,16.0,14.6,13.9,13.4
20260524,レッドインサイト,57.1,41.2,26.6,13.3,15.9,14.6,13.3,13.3
20260524,ルージュカルデア,73.1,53.7,35.8,18.2,19.4,17.9,17.6,18.2
20260524,スカット,68.8,50.1,32.9,16.0,18.7,17.2,16.9,16.0
20260524,スタンダールロマン,64.4,45.6,29.8,14.8,18.8,15.8,15.0,14.8
20260524,ローザドーロ,71.6,52.8,35.2,16.9,18.8,17.6,18.3,16.9
20260524,パレスラン,70.5,52.1,34.6,17.4,18.4,17.5,17.2,17.4
20260524,ビップジョワ,57.8,43.2,28.5,13.2,14.6,14.7,15.3,13.2
20260524,カズシ,65.9,47.8,31.6,15.5,18.1,16.2,16.1,15.5
20260524,レイズレガシー,67.3,49.6,32.4,16.0,17.7,17.2,16.4,16.0
20260524,カガラプンツェル,68.0,50.3,33.5,16.5,17.7,16.8,17.0,16.5
20260524,エコールナヴァール,56.1,41.3,26.7,13.3,14.8,14.6,13.4,13.3
20260524,モーモーワン,66.8,48.9,32.1,16.2,17.9,16.8,15.9,16.2
20260524,シャンデヴァーグ,55.9,41.0,26.7,13.5,14.9,14.3,13.2,13.5
20260524,オーディンスピア,67.7,50.1,32.7,16.0,17.6,17.4,16.7,16.0
20260524,コナパームス,57.7,42.7,28.5,14.7,15.0,14.2,13.8,14.7
20260524,エクストラノート,74.0,54.0,35.5,18.2,20.0,18.5,17.3,18.2
20260524,スピニンググローブ,55.9,41.0,26.9,13.4,14.9,14.1,13.5,13.4
20260524,アンニャンクッキー,56.2,41.7,27.5,13.9,14.5,14.2,13.6,13.9
20260524,ショウナンライシン,54.7,40.3,26.4,13.1,14.4,13.9,13.3,13.1
20260524,ショウナンハクウン,56.8,42.3,27.2,13.4,14.5,15.1,13.8,13.4
20260524,ダノンホイットニー,56.9,42.0,27.0,13.1,14.9,15.0,13.9,13.1
20260524,フェスタリア,52.9,38.7,25.9,13.0,14.2,12.8,12.9,13.0
20260524,ゴールデンボート,52.9,38.7,25.9,13.0,14.2,12.8,12.9,13.0
20260524,カンレイスター,53.1,38.9,26.1,13.0,14.2,12.8,13.1,13.0
20260524,ユニバーサルラヴ,55.3,40.4,26.2,13.1,14.9,14.2,13.1,13.1
20260524,ザーフィル,55.9,40.7,26.6,12.6,15.2,14.1,14.0,12.6
20260524,クラウントリオンフ,69.2,51.2,33.4,16.5,18.0,17.8,16.9,16.5
20260524,ニシノツムジカゼ,61.9,45.2,29.8,14.9,16.7,15.4,14.9,14.9
20260524,レッドテリオス,63.7,46.6,30.9,15.5,17.1,15.7,15.4,15.5
20260524,マーガレットクレア,69.3,50.9,33.4,17.0,18.4,17.5,16.4,17.0
20260524,テンハートビート,62.1,45.5,29.8,14.9,16.6,15.7,14.9,14.9
20260524,シンギュラリティ,66.5,48.8,32.3,16.4,17.7,16.5,15.9,16.4
20260524,テンムス,57.2,42.1,27.1,13.2,15.1,15.0,13.9,13.2
20260524,コッシーブリリアン,71.9,53.6,35.4,17.5,18.3,18.2,17.9,17.5
20260524,ジーティーフクフク,60.1,45.1,30.1,14.9,15.0,15.0,15.2,14.9
20260524,アッシズオブローズ,54.3,39.7,26.1,13.0,14.6,13.6,13.1,13.0
20260524,テルケンレンジシ,67.9,50.4,34.3,17.9,17.5,16.1,16.4,17.9
20260524,アップルザビート,70.1,52.4,34.7,17.1,17.7,17.7,17.6,17.1
20260524,クレセントウイング,68.0,51.0,33.9,17.0,17.0,17.1,16.9,17.0
20260524,インターステラ,72.2,53.6,35.5,17.9,18.6,18.1,17.6,17.9
20260524,チャロ,60.2,44.8,29.8,14.9,15.4,15.0,14.9,14.9
20260524,ハイバーニアン,68.6,50.7,33.6,16.9,17.9,17.1,16.7,16.9
20260524,トラストレガート,72.9,53.0,34.3,17.3,19.9,18.7,17.0,17.3
20260524,グローリアスダンス,62.9,45.7,29.7,15.0,17.2,16.0,14.7,15.0
20260524,アンジュリオ,72.5,52.9,34.0,16.8,19.6,18.9,17.2,16.8
20260524,ラスティングスノー,59.6,42.5,27.7,13.5,17.1,14.8,14.2,13.5
20260524,ベルウッドバイオ,74.6,54.7,35.9,18.0,19.9,18.8,17.9,18.0
20260524,ディル,68.8,50.9,33.1,16.3,17.9,17.8,16.8,16.3
20260524,ウインアベリア,65.5,49.3,32.9,16.9,16.2,16.4,16.0,16.9
20260524,トリニタリオ,72.9,53.6,35.1,17.8,19.3,18.5,17.3,17.8
20260524,コスモアマデウス,66.6,49.3,32.4,16.0,17.3,16.9,16.4,16.0
20260524,フレアリングベリー,59.9,42.4,27.7,13.8,17.5,14.7,13.9,13.8
20260524,ソラティオ,63.3,46.0,30.0,15.1,17.3,16.0,14.9,15.1
20260524,キタノエフロレス,63.7,46.1,30.3,15.0,17.6,15.8,15.3,15.0
20260524,マルガリート,61.4,45.9,30.5,15.4,15.5,15.4,15.1,15.4
20260524,ウインリスノアール,66.5,49.7,33.3,17.2,16.8,16.4,16.1,17.2
20260524,キセキノエンジェル,54.5,39.7,25.9,13.1,14.8,13.8,12.8,13.1
20260524,ソルトブリーズ,60.3,44.8,29.8,14.9,15.5,15.0,14.9,14.9
20260524,ジーティーオウジャ,63.8,46.9,30.4,14.3,16.9,16.5,16.1,14.3
20260524,エコロブルーム,71.7,53.3,35.4,17.8,18.4,17.9,17.6,17.8
20260524,レヴィテーション,58.7,43.1,28.6,14.1,15.6,14.5,14.5,14.1
20260524,ヴァルク,66.3,48.9,32.3,16.2,17.4,16.6,16.1,16.2
20260524,サラサチャチャチャ,54.2,39.7,25.7,12.6,14.5,14.0,13.1,12.6
20260524,ホウオウデンファレ,67.6,50.2,33.3,16.3,17.4,16.9,17.0,16.3
20260524,プリヴィマーク,67.7,50.4,33.4,16.4,17.3,17.0,17.0,16.4
20260524,アーバーバイティ,68.4,51.3,34.2,17.4,17.1,17.1,16.8,17.4
20260524,ジーティーフクジ,54.6,39.9,25.9,13.3,14.7,14.0,12.6,13.3
20260524,ドンレパルス,56.6,41.3,26.5,12.7,15.3,14.8,13.8,12.7
20260524,ドントゥザムーン,72.9,54.2,36.1,18.4,18.7,18.1,17.7,18.4
20260524,タイキオーベロン,56.8,40.9,26.7,12.6,15.9,14.2,14.1,12.6
20260524,ヴェンデボヌール,57.2,41.5,26.7,12.8,15.7,14.8,13.9,12.8
20260524,マメーアップル,64.2,46.9,31.1,16.0,17.3,15.8,15.1,16.0
20260524,ゴールドエンバー,57.7,41.4,27.1,13.6,16.3,14.3,13.5,13.6
20260524,ロンドンオービタル,64.1,47.0,31.4,16.0,17.1,15.6,15.4,16.0
20260524,マカイゾウ,57.9,42.3,28.1,13.9,15.6,14.2,14.2,13.9
20260524,サファイアテソーロ,57.3,41.3,26.7,12.9,16.0,14.6,13.8,12.9
20260524,サクセスゴールド,63.8,47.3,31.5,16.0,16.5,15.8,15.5,16.0
20260524,ユニオンジャック,57.4,41.7,27.7,13.8,15.7,14.0,13.9,13.8
20260524,プルヴォワール,58.2,42.6,28.1,14.3,15.6,14.5,13.8,14.3
20260524,オオセイケイ,57.2,41.3,27.0,13.3,15.9,14.3,13.7,13.3
20260524,イサチルサリーレ,56.8,40.9,26.9,13.6,15.9,14.0,13.3,13.6
20260524,キャピタルストーン,57.0,41.4,26.5,12.9,15.6,14.9,13.6,12.9
20260524,ゴルトレオパルト,74.7,55.8,37.2,19.2,18.9,18.6,18.0,19.2
20260524,リリエンフェルト,55.2,41.4,28.0,14.0,13.8,13.4,14.0,14.0
20260524,インプロペリア,65.4,47.9,30.9,15.2,17.5,17.0,15.7,15.2
20260524,サラスヴァティー,56.3,40.6,26.2,13.0,15.7,14.4,13.2,13.0
20260524,ヴェットビルズ,74.0,55.7,36.9,19.1,18.3,18.8,17.8,19.1
20260524,ダノンコレクト,56.5,40.8,26.3,13.1,15.7,14.5,13.2,13.1
20260524,レーベンスティール,64.5,47.1,30.7,15.5,17.4,16.4,15.2,15.5
20260524,サンダーユニバンス,62.2,44.7,29.1,14.6,17.5,15.6,14.5,14.6
20260524,クラウンフリード,63.3,45.1,29.5,14.8,18.2,15.6,14.7,14.8
20260524,マルターズドン,56.2,41.5,27.1,13.6,14.7,14.4,13.5,13.6
20260524,オーキーベルセルク,75.6,54.9,36.4,18.8,20.7,18.5,17.6,18.8
20260524,パッサージュワイズ,63.7,45.3,29.4,14.7,18.4,15.9,14.7,14.7
20260524,ルークウォーム,56.4,41.6,27.4,13.5,14.8,14.2,13.9,13.5
20260524,ステレンボッシュ,56.9,41.7,27.3,13.3,15.2,14.4,14.0,13.3
20260524,タイキブリッツェン,71.4,52.7,34.6,17.2,18.7,18.1,17.4,17.2
20260524,ビーストウォーズ,57.5,42.7,27.2,14.2,14.8,15.5,13.0,14.2
20260524,フレイコン,71.6,52.7,34.5,17.1,18.9,18.2,17.4,17.1
20260524,ﾗﾐｱの24,71.9,53.1,35.0,17.3,18.8,18.1,17.7,17.3
20260524,カゴシマ,59.3,44.1,29.2,14.6,15.2,14.9,14.6,14.6
20260524,ウィクトルウェルス,55.5,39.9,25.6,12.2,15.6,14.3,13.4,12.2
20260524,クラウンアバンティ,60.8,44.0,28.9,14.7,16.8,15.1,14.2,14.7
20260524,セイウンオオゾラ,60.9,44.1,29.0,14.5,16.8,15.1,14.5,14.5
20260524,ゴールドハンマー,58.6,42.4,27.3,13.1,16.2,15.1,14.2,13.1
20260524,デスサイズ,67.8,49.7,32.5,16.1,18.1,17.2,16.4,16.1
20260524,ヒコボシ,69.4,51.1,33.2,16.6,18.3,17.9,16.6,16.6
20260524,クインズスズラン,59.9,44.9,29.9,15.0,15.0,15.0,14.9,15.0
20260524,ヴァルボナ,70.2,51.5,34.2,16.9,18.7,17.3,17.3,16.9
20260524,キーチパティーナ,84.2,62.9,41.2,20.3,21.3,21.7,20.9,20.3
20260524,ニシノマティーニ,83.8,62.6,41.5,20.6,21.2,21.1,20.9,20.6
20260524,カサビセンス,67.5,50.0,32.8,16.7,17.5,17.2,16.1,16.7
20260524,エコロガレル,70.5,51.7,34.3,17.0,18.8,17.4,17.3,17.0
20260524,サクラトップラック,70.0,51.6,33.8,17.2,18.4,17.8,16.6,17.2
20260524,アゴルディーノ,70.8,51.7,34.3,17.1,19.1,17.4,17.2,17.1
20260524,アルプスオジョー,54.5,39.9,26.3,13.4,14.6,13.6,12.9,13.4
20260524,アースイオス,64.2,48.3,31.8,15.2,15.9,16.5,16.6,15.2
20260524,イデアクリスタル,64.8,47.3,31.2,15.5,17.5,16.1,15.7,15.5
20260524,スピンザブラッド,62.8,45.1,29.3,14.4,17.7,15.8,14.9,14.4
20260524,トラストレガート,61.2,44.5,29.6,15.2,16.7,14.9,14.4,15.2
20260524,クレセントウイング,56.3,40.8,26.1,12.8,15.5,14.7,13.3,12.8
20260524,ドゥマーヴェリック,69.9,51.2,33.7,16.4,18.7,17.5,17.3,16.4
20260524,ハイバーニアン,66.3,48.6,32.1,15.9,17.7,16.5,16.2,15.9
20260524,ベルウッドバイオ,67.9,49.2,32.9,16.6,18.7,16.3,16.3,16.6
20260524,ディル,67.5,49.5,32.3,16.0,18.0,17.2,16.3,16.0
20260524,ダークドゥオーフ,71.6,52.1,34.4,17.7,19.5,17.7,16.7,17.7
20260524,ヴァンドレスト,72.8,53.1,34.4,17.6,19.7,18.7,16.8,17.6
20260524,エコロブルーム,59.0,43.6,28.5,14.3,15.4,15.1,14.2,14.3
20260524,イズルード,68.8,50.4,32.8,16.3,18.4,17.6,16.5,16.3
20260524,サクラドール,68.7,50.1,32.4,16.4,18.6,17.7,16.0,16.4
20260524,ケントン,68.6,50.1,32.2,15.7,18.5,17.9,16.5,15.7
20260524,フジサン,68.2,49.9,32.9,16.5,18.3,17.0,16.4,16.5
20260524,カシノユメミヅキ,73.3,54.1,35.6,17.5,19.2,18.5,18.1,17.5
20260524,アヴィアトーレ,68.9,50.7,33.3,16.2,18.2,17.4,17.1,16.2
20260524,ラファールドール,70.6,51.6,33.9,16.5,19.0,17.7,17.4,16.5
20260524,カイトヴィント,64.6,47.9,31.8,16.0,16.7,16.1,15.8,16.0
20260524,ミッキーソルジャー,69.6,52.1,34.6,17.1,17.5,17.5,17.5,17.1
20260524,コスモグラニット,69.4,50.9,33.7,17.3,18.5,17.2,16.4,17.3
20260524,ミツカネメルクリオ,68.8,50.9,33.5,17.1,17.9,17.4,16.4,17.1
20260524,サザンウォリアー,66.5,49.3,33.1,16.9,17.2,16.2,16.2,16.9
20260524,リナクィーンアスク,69.3,48.6,31.5,15.9,20.7,17.1,15.6,15.9
20260524,アリストクラット,71.0,52.1,34.4,16.9,18.9,17.7,17.5,16.9
20260524,プリンセスダーコ,69.6,50.8,33.2,16.7,18.8,17.6,16.5,16.7
20260524,ｴﾘﾝｱｸﾄﾚｽの24,70.9,51.9,34.1,17.3,19.0,17.8,16.8,17.3
20260524,ノルトハウゼン,69.8,52.2,34.9,17.3,17.6,17.3,17.6,17.3
20260524,ラブマイティー,72.3,53.5,34.8,17.3,18.8,18.7,17.5,17.3
20260524,ゴルトレオパルト,65.5,49.7,33.8,17.6,15.8,15.9,16.2,17.6
20260524,ボールドゾーン,71.3,52.9,35.2,17.9,18.4,17.7,17.3,17.9
20260524,イマジェリーナ,74.2,54.9,35.0,18.3,19.3,19.9,16.7,18.3
20260524,ロココ,70.5,51.4,33.4,16.5,19.1,18.0,16.9,16.5
20260524,ヴェットビルズ,60.5,44.9,29.2,14.3,15.6,15.7,14.9,14.3
20260524,スカイズザリミット,74.0,55.1,36.9,18.7,18.9,18.2,18.2,18.7
20260524,フェスタベラ,73.8,54.6,35.9,17.9,19.2,18.7,18.0,17.9
20260524,リリコイ,70.4,52.3,34.6,17.6,18.1,17.7,17.0,17.6
20260524,トーセンマスラオ,69.7,51.3,33.9,17.3,18.4,17.4,16.6,17.3
20260524,カサブランカキッド,59.8,43.6,29.2,14.8,16.2,14.4,14.4,14.8
20260524,インヴェスター,67.5,50.2,33.4,17.0,17.3,16.8,16.4,17.0
20260524,シックスペンス,64.8,47.7,31.1,15.1,17.1,16.6,16.0,15.1
20260524,カゼノオモイデ,60.1,45.0,29.4,14.6,15.1,15.6,14.8,14.6
20260524,スウィット,56.3,41.0,26.6,13.5,15.3,14.4,13.1,13.5
20260524,フェリスセンダ,60.5,44.0,29.2,14.8,16.5,14.8,14.4,14.8
20260524,セイウンガジュマル,56.3,40.9,26.4,13.2,15.4,14.5,13.2,13.2
20260524,コーカサスゴールド,71.7,54.0,36.1,18.3,17.7,17.9,17.8,18.3
20260524,ベセル,69.0,51.1,33.5,17.3,17.9,17.6,16.2,17.3
20260524,アールグレイ,67.2,49.2,32.2,15.9,18.0,17.0,16.3,15.9
20260524,ラッキースウィッチ,67.9,50.5,33.5,16.8,17.4,17.0,16.7,16.8
20260524,ウカテンセイ,66.6,49.4,32.7,16.5,17.2,16.7,16.2,16.5
20260524,ロジマンボ,55.4,40.5,26.5,13.2,14.9,14.0,13.3,13.2
20260524,タイセイネクサス,61.9,44.5,29.4,14.9,17.4,15.1,14.5,14.9
20260524,コブラ,68.5,50.1,32.1,15.6,18.4,18.0,16.5,15.6
20260524,オセアバトルプラン,59.7,44.5,29.6,14.7,15.2,14.9,14.9,14.7
20260524,タマモチョコチップ,69.1,50.2,33.0,16.4,18.9,17.2,16.6,16.4
20260524,マイネルアルディ,63.8,46.6,30.8,15.6,17.2,15.8,15.2,15.6
20260524,コスモハナミズキ,59.6,44.4,29.6,14.6,15.2,14.8,15.0,14.6
20260524,ヴァルボナ,70.1,51.2,34.2,17.3,18.9,17.0,16.9,17.3
20260524,エコロガレル,70.5,51.8,34.0,16.7,18.7,17.8,17.3,16.7
20260524,サクラトップラック,70.3,51.2,33.5,16.5,19.1,17.7,17.0,16.5
20260524,アゴルディーノ,71.0,53.7,35.7,18.5,17.3,18.0,17.2,18.5
20260524,ペイシャオーヴァル,74.3,55.3,36.9,19.0,19.0,18.4,17.9,19.0
20260524,アルケミラモリス,67.9,51.9,33.8,16.5,16.0,18.1,17.3,16.5
20260524,ノボリフジ,74.3,55.2,36.9,18.9,19.1,18.3,18.0,18.9
20260524,エレガントステップ,68.1,51.9,34.3,17.2,16.2,17.6,17.1,17.2
20260524,シーガルワールド,55.3,40.2,26.2,13.0,15.1,14.0,13.2,13.0
20260524,ブッチギレ,55.4,40.3,26.6,13.1,15.1,13.7,13.5,13.1
20260524,ドナシュネル,58.2,43.1,28.5,13.8,15.1,14.6,14.7,13.8
20260524,ステラガーネット,58.9,43.9,29.1,14.6,15.0,14.8,14.5,14.6
20260524,ワンモアホリデー,69.8,52.2,35.3,18.0,17.6,16.9,17.3,18.0
20260524,ウィンターブリーズ,55.9,40.2,25.4,12.6,15.7,14.8,12.8,12.6
20260524,ダノンマスタング,60.2,43.5,28.2,13.6,16.7,15.3,14.6,13.6
20260524,ガヤーズベース,62.2,45.7,30.2,15.1,16.5,15.5,15.1,15.1
20260524,ムードメーカー,64.8,47.2,30.8,15.6,17.6,16.4,15.2,15.6
20260524,ボールドハーテッド,55.4,40.7,26.4,13.2,14.7,14.3,13.2,13.2
20260524,デリシューズマン,56.0,41.2,26.6,13.2,14.8,14.6,13.4,13.2
20260524,イズルード,68.0,50.2,32.6,16.5,17.8,17.6,16.1,16.5
20260524,ミッキーソルジャー,61.0,45.3,29.5,14.8,15.7,15.8,14.7,14.8
20260524,プリンセスダーコ,67.5,49.8,32.7,16.8,17.7,17.1,15.9,16.8
20260524,ｴﾘﾝｱｸﾄﾚｽの24,69.9,51.2,33.2,16.5,18.7,18.0,16.7,16.5
20260524,ノルトハウゼン,63.2,46.6,30.4,14.6,16.6,16.2,15.8,14.6
20260524,トーセンマスラオ,65.3,48.0,31.5,15.4,17.3,16.5,16.1,15.4
20260524,モーニングマジック,64.7,47.7,31.6,16.1,17.0,16.1,15.5,16.1
20260524,リナクィーンアスク,72.8,50.5,32.4,15.9,22.3,18.1,16.5,15.9
20260524,コスモナエマ,57.5,42.7,28.1,14.1,14.8,14.6,14.0,14.1
20260524,コーカサスゴールド,57.9,43.4,29.2,14.9,14.5,14.2,14.3,14.9
20260524,プルーヴンウィナー,67.8,50.7,33.9,16.9,17.1,16.8,17.0,16.9
20260524,セイロンジェムズ,59.0,43.7,28.9,14.5,15.3,14.8,14.4,14.5
20260524,ウィッキドピケット,68.0,50.7,33.9,16.8,17.3,16.8,17.1,16.8
20260524,エターナルホープ,68.9,50.2,32.9,16.1,18.7,17.3,16.8,16.1
20260524,セイウンパシュート,65.3,48.8,32.5,16.4,16.5,16.3,16.1,16.4
20260524,ウモラダエピカ,71.6,53.1,35.1,17.2,18.5,18.0,17.9,17.2
20260524,ゼノスフィア,72.1,53.5,35.3,17.7,18.6,18.2,17.6,17.7
20260524,ゼットターム,71.9,53.3,35.3,17.3,18.6,18.0,18.0,17.3
20260524,マイネルアイフェル,74.7,55.0,36.3,18.3,19.7,18.7,18.0,18.3
20260524,ジャストキュート,68.5,50.1,33.0,16.5,18.4,17.1,16.5,16.5
20260524,コウソクレムリア,67.4,48.4,31.2,15.4,19.0,17.2,15.8,15.4
20260524,ファリーザ,72.3,52.7,34.8,17.3,19.6,17.9,17.5,17.3
20260524,ルグランヴァン,57.2,41.4,26.2,12.5,15.8,15.2,13.7,12.5
20260524,トウカイティエラ,57.2,42.0,27.0,13.0,15.2,15.0,14.0,13.0
20260524,ジュピターテソーロ,58.4,42.4,26.7,12.8,16.0,15.7,13.9,12.8
20260524,バトルクライ,71.1,51.6,33.1,16.3,19.5,18.5,16.8,16.3
20260524,カノープス,58.1,42.6,28.4,14.2,15.5,14.2,14.2,14.2
20260524,アトラクティーボ,58.0,42.7,27.8,13.5,15.3,14.9,14.3,13.5
20260524,シークレットシティ,70.0,50.4,32.5,16.0,19.6,17.9,16.5,16.0
20260524,ゴールドアローン,59.0,44.3,29.9,14.8,14.7,14.4,15.1,14.8
20260524,ゴールドフリーダム,68.6,49.6,32.1,16.1,19.0,17.5,16.0,16.1
20260524,ニューロファイター,54.8,39.4,25.2,12.8,15.4,14.2,12.4,12.8
20260524,ポッドベル,66.7,49.7,33.1,16.7,17.0,16.6,16.4,16.7
20260524,ゴヴェルナーレリコ,57.1,42.0,27.5,13.7,15.1,14.5,13.8,13.7
20260524,ミーントゥビー,70.2,51.2,33.0,16.2,19.0,18.2,16.8,16.2
20260524,ペプチドドリーム,55.5,40.8,26.7,13.3,14.7,14.1,13.4,13.3
20260524,アジーザム,56.1,41.4,27.7,14.1,14.7,13.7,13.6,14.1
20260524,ヤマニンアレシス,65.7,47.9,31.5,15.7,17.8,16.4,15.8,15.7
20260524,ナムラコハル,57.7,41.7,26.5,13.0,16.0,15.2,13.5,13.0
20260524,ホットゥトロット,58.4,42.3,27.0,13.1,16.1,15.3,13.9,13.1
20260524,プチブール,57.2,41.3,26.4,13.1,15.9,14.9,13.3,13.1
20260524,ルクスジニア,67.1,49.4,32.4,16.3,17.7,17.0,16.1,16.3
20260524,ハクシンブライアン,68.8,50.5,33.0,16.9,18.3,17.5,16.1,16.9
20260524,ルージュダズリング,57.7,42.5,27.6,13.4,15.2,14.9,14.2,13.4
20260524,ラブデウザ,64.7,47.8,31.1,15.9,16.9,16.7,15.2,15.9
20260524,ブライトシーン,65.5,47.9,31.8,16.0,17.6,16.1,15.8,16.0
20260524,ウッケン,66.6,47.9,31.0,15.9,18.7,16.9,15.1,15.9
20260524,ビタミンドロップ,64.7,46.7,29.8,14.8,18.0,16.9,15.0,14.8
20260524,ナムラドガ,64.6,47.7,31.5,15.9,16.9,16.2,15.6,15.9
20260524,モーモーゼロ,66.5,49.6,32.8,16.6,16.9,16.8,16.2,16.6
20260524,アグネスブリッツ,58.3,43.0,28.5,14.3,15.3,14.5,14.2,14.3
20260524,ブラーヴジャン,66.2,49.3,33.1,16.5,16.9,16.2,16.6,16.5
20260524,ロンバスブレス,78.6,56.8,36.4,17.8,21.8,20.4,18.6,17.8
20260524,ウィナーズチェック,57.2,42.5,28.3,14.4,14.7,14.2,13.9,14.4
20260524,アッチャゴーラ,54.8,39.9,26.2,13.0,14.9,13.7,13.2,13.0
20260524,レッドライトニング,59.0,44.4,29.7,15.1,14.6,14.7,14.6,15.1
20260524,ミルキープリンセス,57.5,42.6,27.6,13.6,14.9,15.0,14.0,13.6
20260524,ザローズハーツ,64.2,48.8,32.5,16.4,15.4,16.3,16.1,16.4
20260524,ショウナンマルチ,70.5,51.6,33.7,16.9,18.9,17.9,16.8,16.9
20260524,フェアリーキャット,68.1,50.2,33.3,17.1,17.9,16.9,16.2,17.1
20260524,ジーティーホクサイ,57.7,42.4,27.5,13.5,15.3,14.9,14.0,13.5
20260524,ルナロマンティカ,67.8,49.4,32.4,17.1,18.4,17.0,15.3,17.1
20260524,ネイチャーシップ,64.3,47.5,31.1,15.9,16.8,16.4,15.2,15.9
20260524,アサカラキング,64.2,48.3,32.4,16.3,15.9,15.9,16.1,16.3
20260524,ラオラシオン,59.3,43.8,28.7,14.2,15.5,15.1,14.5,14.2
20260524,グレヴィレア,59.7,44.5,29.6,14.8,15.2,14.9,14.8,14.8
20260524,メリーサウンド,55.3,39.9,26.6,13.5,15.4,13.3,13.1,13.5
20260524,レディソフィア,57.7,42.1,27.8,13.5,15.6,14.3,14.3,13.5
20260524,ウインアプローチ,56.8,41.0,26.2,12.6,15.8,14.8,13.6,12.6
20260524,マイネルシュラハト,67.1,49.5,32.9,17.1,17.6,16.6,15.8,17.1
20260524,ヘクトルテソーロ,56.4,41.0,25.8,12.7,15.4,15.2,13.1,12.7
20260524,ラピッドテソーロ,60.2,43.8,28.1,13.2,16.4,15.7,14.9,13.2
20260524,リリカルフレア,59.6,43.1,27.7,13.1,16.5,15.4,14.6,13.1
20260524,ジェイパームス,62.4,45.1,29.4,14.2,17.3,15.7,15.2,14.2
20260524,ヒシアムルーズ,61.9,44.5,28.7,13.9,17.4,15.8,14.8,13.9
20260524,サクラトゥジュール,69.0,51.2,34.1,17.2,17.8,17.1,16.9,17.2
20260524,サイルーン,68.5,51.0,33.7,17.0,17.5,17.3,16.7,17.0
20260524,ファイアンクランツ,58.2,42.7,27.2,13.2,15.5,15.5,14.0,13.2
20260524,ルクソールカフェ,58.9,42.9,27.6,13.4,16.0,15.3,14.2,13.4
20260524,インタノン,66.7,49.0,32.4,16.0,17.7,16.6,16.4,16.0
20260524,クカイリモク,67.8,50.3,33.9,17.0,17.5,16.4,16.9,17.0
20260524,ウインイザナミ,65.0,48.1,32.0,16.3,16.9,16.1,15.7,16.3
20260524,ラパンチュール,66.2,49.1,32.7,16.6,17.1,16.4,16.1,16.6
20260524,ビルバンテ,67.9,50.1,33.3,16.7,17.8,16.8,16.6,16.7
20260524,ブレイズランナー,68.1,50.0,32.9,16.9,18.1,17.1,16.0,16.9
20260524,リケアチャチャチャ,66.8,49.6,33.1,16.4,17.2,16.5,16.7,16.4
20260524,ティアラスピリット,64.9,48.5,31.6,15.9,16.4,16.9,15.7,15.9
20260524,サードアイ,68.4,50.2,33.1,16.7,18.2,17.1,16.4,16.7
20260524,チョウブク,66.7,49.9,33.6,17.3,16.8,16.3,16.3,17.3
20260524,タイセイエムロード,68.3,50.2,33.2,16.2,18.1,17.0,17.0,16.2
20260524,ロジパンドラ,69.2,50.4,33.1,16.5,18.8,17.3,16.6,16.5
20260524,トワイライトビュー,57.2,41.8,28.4,14.7,15.4,13.4,13.7,14.7
20260524,クラウンフラッグ,59.3,43.5,29.5,15.1,15.8,14.0,14.4,15.1
20260524,ディアファザー,59.8,43.9,29.7,15.1,15.9,14.2,14.6,15.1
20260524,イントゥザウインド,57.0,41.6,27.0,13.1,15.4,14.6,13.9,13.1
20260524,タイセイルビー,62.3,45.0,29.3,14.8,17.3,15.7,14.5,14.8
20260524,エラガバリウム,58.5,43.4,28.1,14.1,15.1,15.3,14.0,14.1
20260524,ヒズストーリー,71.2,53.2,35.4,18.0,18.0,17.8,17.4,18.0
20260524,ルークスイテルム,71.3,53.6,35.7,17.7,17.7,17.9,18.0,17.7
20260524,ローディアマント,59.1,43.2,28.4,13.9,15.9,14.8,14.5,13.9
20260524,ナイア,60.4,44.2,29.3,14.5,16.2,14.9,14.8,14.5
20260524,ヴェイルドハート,71.8,53.6,35.9,17.8,18.2,17.7,18.1,17.8
20260524,パネヴァ,60.6,44.2,29.4,14.6,16.4,14.8,14.8,14.6
20260524,ローブリッター,71.8,53.7,36.2,17.8,18.1,17.5,18.4,17.8
20260524,ベアゲイル,60.8,45.2,30.2,14.8,15.6,15.0,15.4,14.8
20260524,マオノアラシ,54.8,40.3,27.1,13.3,14.5,13.2,13.8,13.3
20260524,コスモキュランダ,55.7,41.0,26.7,13.1,14.7,14.3,13.6,13.1
20260524,ガラベイヤ,54.2,38.9,24.9,12.5,15.3,14.0,12.4,12.5
20260524,アマンテビアンコ,54.8,39.6,25.5,12.4,15.2,14.1,13.1,12.4
20260524,メリディアンスター,71.2,52.6,34.6,17.5,18.6,18.0,17.1,17.5
20260524,レッドシュトラール,54.5,39.3,25.2,12.4,15.2,14.1,12.8,12.4
20260524,カグヤヒメ,58.4,42.7,28.1,14.2,15.7,14.6,13.9,14.2
20260524,コウソクルリアン,57.2,41.4,26.9,13.0,15.8,14.5,13.9,13.0
20260524,マジッククッキー,55.3,40.5,26.2,12.7,14.8,14.3,13.5,12.7
20260524,ラキアーヴェ,58.1,42.0,27.7,13.7,16.1,14.3,14.0,13.7
20260524,トーセンリョウ,70.6,52.4,34.7,17.4,18.2,17.7,17.3,17.4
20260524,アンバーニードル,71.5,53.0,35.0,17.2,18.5,18.0,17.8,17.2
20260524,フロウアンドライム,55.3,40.1,26.4,13.2,15.2,13.7,13.2,13.2
20260524,スペードギニー,56.9,41.8,27.8,13.8,15.1,14.0,14.0,13.8
20260524,オンザギャラクシー,55.0,39.9,26.2,13.3,15.1,13.7,12.9,13.3
20260524,ニシノオールワン,71.6,51.8,34.9,17.1,19.8,16.9,17.8,17.1
20260524,ロイヤルアデレード,72.5,52.8,35.1,16.8,19.7,17.7,18.3,16.8
20260524,ニシノランペイジ,71.5,50.7,32.3,16.0,20.8,18.4,16.3,16.0
20260524,ヴァールザーゲン,72.2,51.2,33.1,16.8,21.0,18.1,16.3,16.8
20260524,ボスヒッツ,72.3,53.4,35.5,17.7,18.9,17.9,17.8,17.7
20260524,スマートブライド,71.9,53.1,35.3,17.4,18.8,17.8,17.9,17.4
20260524,アトミックリーチ,69.8,51.7,34.2,17.1,18.1,17.5,17.1,17.1
20260524,ウラノグラフィア,63.7,45.8,30.0,15.1,17.9,15.8,14.9,15.1
20260524,ジオ,69.5,51.2,33.8,16.8,18.3,17.4,17.0,16.8
20260524,サトノアルペジオ,56.0,41.2,26.9,13.4,14.8,14.3,13.5,13.4
20260524,ショウナンアビアス,55.0,39.3,26.3,14.0,15.7,13.0,12.3,14.0
20260524,アサカラキング,57.2,41.9,27.2,12.9,15.3,14.7,14.3,12.9
20260524,ラオラシオン,60.1,44.0,28.8,13.9,16.1,15.2,14.9,13.9
20260524,インナーパッション,57.8,43.1,28.3,13.8,14.7,14.8,14.5,13.8
20260524,オルフセン,58.6,43.6,28.6,14.3,15.0,15.0,14.3,14.3
20260524,ロードクラシコ,57.8,42.9,28.1,14.1,14.9,14.8,14.0,14.1
20260524,エコロセレナ,65.6,47.7,31.5,15.7,17.9,16.2,15.8,15.7
20260524,ノドゥス,58.1,42.4,27.3,13.2,15.7,15.1,14.1,13.2
20260524,ディーヴァレギオン,58.1,42.4,27.3,13.2,15.7,15.1,14.1,13.2
20260524,シャンドゥレール,67.6,49.8,32.8,16.1,17.8,17.0,16.7,16.1
20260524,グリームウッド,67.0,48.4,31.5,15.7,18.6,16.9,15.8,15.7
20260524,アイデアルカット,57.8,42.4,27.5,13.2,15.4,14.9,14.3,13.2
20260524,ジュネストレイル,57.5,42.1,27.3,13.2,15.4,14.8,14.1,13.2
20260524,アテナブレイブ,57.8,42.1,26.8,12.8,15.7,15.3,14.0,12.8
20260524,オペラプラージュ,56.3,41.9,26.9,13.0,14.4,15.0,13.9,13.0
20260524,リアライズオーラム,56.1,40.9,26.5,13.2,15.2,14.4,13.3,13.2
20260524,オオゾラヒバリ,67.3,49.2,32.4,15.7,18.1,16.8,16.7,15.7
20260524,コウユーネロガ,71.0,52.9,35.6,17.9,18.1,17.3,17.7,17.9
20260524,リングスター,72.5,53.3,35.6,18.2,19.2,17.7,17.4,18.2
20260524,ダイアモンドダネ,72.2,53.0,35.2,17.8,19.2,17.8,17.4,17.8
20260524,サトノビーツ,62.8,45.3,29.1,14.3,17.5,16.2,14.8,14.3
20260524,ダノンファンスター,62.6,45.7,29.9,15.0,16.9,15.8,14.9,15.0
20260524,リーデレクオーレ,67.9,49.1,31.9,16.0,18.8,17.2,15.9,16.0
20260524,サトノビーツ,57.3,42.5,28.1,14.0,14.8,14.4,14.1,14.0
20260524,ダノンファンスター,60.6,44.4,29.1,14.5,16.2,15.3,14.6,14.5
20260524,アーティラリー,56.3,40.8,26.6,13.5,15.5,14.2,13.1,13.5
20260524,ハタノグランクリュ,67.1,48.2,31.1,15.2,18.9,17.1,15.9,15.2
20260524,ウインスターリング,71.0,51.8,34.1,16.9,19.2,17.7,17.2,16.9
20260524,バッデレイト,63.8,46.6,30.3,14.9,17.2,16.3,15.4,14.9
20260524,タガノアルトゥーラ,53.9,39.2,25.1,12.5,14.7,14.1,12.6,12.5
20260524,グレースジェンヌ,59.0,42.6,27.3,13.1,16.4,15.3,14.2,13.1
20260524,カスタニッチャ,53.1,38.3,24.6,12.3,14.8,13.7,12.3,12.3
20260524,ロックターミガン,53.8,39.2,25.0,12.2,14.6,14.2,12.8,12.2
20260524,デアヴェローチェ,58.7,42.3,27.1,13.0,16.4,15.2,14.1,13.0
20260524,バティック,68.4,49.4,32.6,16.4,19.0,16.8,16.2,16.4
20260524,アトランタ,56.2,40.1,25.4,12.4,16.1,14.7,13.0,12.4
20260524,ニクスルーナ,55.6,39.7,25.0,12.2,15.9,14.7,12.8,12.2
20260524,キュピドン,52.6,38.8,25.8,13.1,13.8,13.0,12.7,13.1
20260524,テーオーパスワード,60.1,43.1,27.4,12.6,17.0,15.7,14.8,12.6
20260524,トラヴェリンバンド,65.2,47.1,30.7,15.2,18.1,16.4,15.5,15.2
20260524,マハートマーベル,61.3,44.8,29.8,14.4,16.5,15.0,15.4,14.4
20260524,ダイシンリンク,52.7,38.5,25.3,12.4,14.2,13.2,12.9,12.4
20260524,マヤノイマジン,58.1,41.2,26.7,13.1,16.9,14.5,13.6,13.1
20260524,グランドフィナーレ,56.1,40.3,26.7,13.1,15.8,13.6,13.6,13.1
20260524,アンジュプロミス,54.1,39.3,25.2,12.4,14.8,14.1,12.8,12.4
20260524,サラサチャーミング,59.7,44.3,29.8,14.5,15.4,14.5,15.3,14.5
20260524,モンシーク,56.5,40.4,26.0,12.8,16.1,14.4,13.2,12.8
20260524,サリカリーフォリア,56.5,40.5,26.9,13.2,16.0,13.6,13.7,13.2
20260524,ブリリアンブルーム,66.3,47.9,31.3,15.6,18.4,16.6,15.7,15.6
20260524,ジャスパーブレイズ,54.2,39.9,26.2,12.8,14.3,13.7,13.4,12.8
20260524,ジャスパーレオン,53.7,39.6,25.5,12.3,14.1,14.1,13.2,12.3
20260524,アドバンスモダン,51.0,37.2,24.4,12.0,13.8,12.8,12.4,12.0
20260524,テムグロリア,60.1,43.3,28.6,13.5,16.8,14.7,15.1,13.5
20260524,アームズラムレイ,60.2,44.5,28.9,14.3,15.7,15.6,14.6,14.3
20260524,ロジクラウン,56.6,40.2,26.2,12.9,16.4,14.0,13.3,12.9
20260524,ソルテヴェローチェ,60.2,44.5,28.9,14.3,15.7,15.6,14.6,14.3
20260524,ケンシロウワールド,58.3,42.3,27.5,13.4,16.0,14.8,14.1,13.4
20260524,ガイアフォース,57.1,42.2,27.2,13.5,14.9,15.0,13.7,13.5
20260524,エティエンヌ,57.6,40.8,26.5,13.3,16.8,14.3,13.2,13.3
20260524,タッチャブル,58.6,42.1,27.8,13.5,16.5,14.3,14.3,13.5
20260524,ワンダーカモン,56.5,40.0,26.1,12.9,16.5,13.9,13.2,12.9
20260524,ベルダイナフェロー,55.8,40.6,26.0,12.7,15.2,14.6,13.3,12.7
20260524,ジーティーパワー,65.3,47.0,30.5,15.0,18.3,16.5,15.5,15.0
20260524,フィドルファドル,57.8,41.1,26.5,13.0,16.7,14.6,13.5,13.0
20260524,ファムエレガンテ,57.7,41.2,26.5,13.0,16.5,14.7,13.5,13.0
20260524,ステラネージュ,58.5,42.2,27.4,13.1,16.3,14.8,14.3,13.1
20260524,ハピネスサンライズ,55.8,40.7,26.2,12.8,15.1,14.5,13.4,12.8
20260524,マクローリン,64.5,47.7,31.8,16.1,16.8,15.9,15.7,16.1
20260524,ピースビート,56.4,41.3,26.7,12.8,15.1,14.6,13.9,12.8
20260524,ステインアライヴ,57.2,41.3,27.1,13.5,15.9,14.2,13.6,13.5
20260524,ココプレミア,58.0,41.0,26.4,12.9,17.0,14.6,13.5,12.9
20260524,ヘクセンハウス,56.9,39.8,25.5,12.7,17.1,14.3,12.8,12.7
20260524,アンガーザガール,56.5,40.6,26.5,13.2,15.9,14.1,13.3,13.2
20260524,リベッチオ,58.0,42.9,27.8,13.1,15.1,15.1,14.7,13.1
20260524,リヒトミューレ,56.0,40.1,25.9,12.7,15.9,14.2,13.2,12.7
20260524,サマーキューピッド,56.8,40.8,26.5,13.2,16.0,14.3,13.3,13.2
20260524,アテンド,58.5,42.0,27.8,13.5,16.5,14.2,14.3,13.5
20260524,ウィンザーローズ,56.9,40.8,26.5,13.2,16.1,14.3,13.3,13.2
20260524,ラインオブソウル,55.6,39.1,25.2,12.3,16.5,13.9,12.9,12.3
20260524,ラブカ,69.3,49.9,31.8,15.2,19.4,18.1,16.6,15.2
20260524,ネグレスコ,72.5,52.7,34.5,17.0,19.8,18.2,17.5,17.0
20260524,ヘルモーズ,57.8,42.0,27.2,12.9,15.8,14.8,14.3,12.9
20260524,アスクコモンタレヴ,59.0,41.6,26.8,13.1,17.4,14.8,13.7,13.1
20260524,アンピュルシオン,58.4,42.4,27.5,13.4,16.0,14.9,14.1,13.4
20260524,ゴールデンクラウド,56.9,41.0,26.9,13.5,15.9,14.1,13.4,13.5
20260524,スパルタンエックス,66.0,47.8,31.2,15.3,18.2,16.6,15.9,15.3
20260524,ファイアプレイス,57.0,41.3,26.7,12.8,15.7,14.6,13.9,12.8
20260524,グランセンチュリ,71.9,52.3,34.8,17.0,19.6,17.5,17.8,17.0
20260524,ティアーズクィーン,62.1,45.0,29.2,14.6,17.1,15.8,14.6,14.6
20260524,リュネヴィル,57.5,40.8,26.7,12.5,16.7,14.1,14.2,12.5
20260524,ヒューザー,57.5,41.3,27.1,13.5,16.2,14.2,13.6,13.5
20260524,メイショウルーク,58.8,42.0,27.7,13.5,16.8,14.3,14.2,13.5
20260524,ミヤジマミコ,57.6,41.8,27.7,13.5,15.8,14.1,14.2,13.5
20260524,ディアーモルタル,58.1,41.9,27.2,13.3,16.2,14.7,13.9,13.3
20260524,ホットリップス,57.5,41.7,26.8,12.7,15.8,14.9,14.1,12.7
20260524,フランヴィア,71.6,51.8,34.5,17.0,19.8,17.3,17.5,17.0
20260524,ヴァンドーム,57.3,41.5,26.9,13.1,15.8,14.6,13.8,13.1
20260524,スウィートリワード,59.5,42.6,27.3,12.8,16.9,15.3,14.5,12.8
20260524,ニホンピロゴルディ,68.3,49.8,32.7,16.1,18.5,17.1,16.6,16.1
20260524,ダノンデサイル,54.1,39.3,25.1,12.4,14.8,14.2,12.7,12.4
20260524,ピューロマジック,54.2,38.6,25.5,13.0,15.6,13.1,12.5,13.0
20260524,キュクロープス,59.7,42.6,27.5,13.7,17.1,15.1,13.8,13.7
20260524,サンライズバレット,57.9,41.5,27.0,13.4,16.4,14.5,13.6,13.4
20260524,アマキヒ,57.1,41.4,27.2,13.6,15.7,14.2,13.6,13.6
20260524,サニーサルサ,65.3,47.2,30.6,15.4,18.1,16.6,15.2,15.4
20260524,ニシノジェダイ,56.5,40.0,25.2,12.3,16.5,14.8,12.9,12.3
20260524,メイショウゼルク,61.4,45.3,28.9,13.9,16.1,16.4,15.0,13.9
20260524,ムスクレスト,58.0,41.6,26.6,13.1,16.4,15.0,13.5,13.1
20260524,オメガヒストリー,58.5,43.0,28.2,13.8,15.5,14.8,14.4,13.8
20260524,ミレニアルピンク,55.6,39.7,26.8,14.0,15.9,12.9,12.8,14.0
20260524,ベイビーブラザー,62.0,44.8,28.4,13.4,17.2,16.4,15.0,13.4
20260524,セブンマジシャン,75.1,55.0,36.3,17.7,20.1,18.7,18.6,17.7
20260524,メイショウクーガー,62.5,45.4,29.8,14.9,17.1,15.6,14.9,14.9
20260524,チュウワダイオウ,65.3,47.1,30.9,14.9,18.2,16.2,16.0,14.9
20260524,ペンナヴェローチェ,67.9,48.4,31.2,14.8,19.5,17.2,16.4,14.8
20260524,ハイウェイスター,60.7,41.1,25.4,12.5,19.6,15.7,12.9,12.5
20260524,エイヘンハールト,73.5,52.8,34.2,16.8,20.7,18.6,17.4,16.8
20260524,アスクアットバット,65.4,47.9,31.2,15.7,17.5,16.7,15.5,15.7
20260524,タイキルッジェーロ,73.7,53.8,35.9,18.0,19.9,17.9,17.9,18.0
20260524,ドラムメジャー,56.4,40.2,25.7,12.1,16.2,14.5,13.6,12.1
20260524,サチノブーケ,56.6,41.7,27.3,13.3,14.9,14.4,14.0,13.3
20260524,キタノファーンヒル,65.9,48.1,31.8,15.8,17.8,16.3,16.0,15.8
20260524,ミライチケット,68.2,49.2,31.9,15.9,19.0,17.3,16.0,15.9
20260524,ミルボナー,74.9,54.1,35.4,17.8,20.8,18.7,17.6,17.8
20260524,エイル,72.8,52.7,34.5,17.3,20.1,18.2,17.2,17.3
20260524,コンジェスタス,73.1,53.5,34.4,16.8,19.6,19.1,17.6,16.8
20260524,フレアオブセンス,73.7,52.7,34.0,16.8,21.0,18.7,17.2,16.8
20260524,プリンキピッサ,74.4,53.5,35.9,17.6,20.9,17.6,18.3,17.6
20260524,スピーディスピン,68.9,49.7,31.7,15.4,19.2,18.0,16.3,15.4
20260524,スナークラファエロ,57.4,41.7,26.7,13.0,15.7,15.0,13.7,13.0
20260524,ビービークローサー,60.6,45.5,30.4,15.3,15.1,15.1,15.1,15.3
20260524,マルモズイルバア,59.5,44.4,29.5,14.4,15.1,14.9,15.1,14.4
20260524,ルージュアイラ,60.2,44.2,29.1,13.9,16.0,15.1,15.2,13.9
20260524,サリエンテ,59.6,42.2,27.3,13.3,17.4,14.9,14.0,13.3
20260524,シルバーレシオ,55.1,39.5,25.5,12.4,15.6,14.0,13.1,12.4
20260524,ブレットパス,54.6,38.5,24.8,12.4,16.1,13.7,12.4,12.4
20260524,サトノトリニティ,64.8,47.5,31.0,14.8,17.3,16.5,16.2,14.8
20260524,キングツェッペリン,66.2,49.0,32.6,15.4,17.2,16.4,17.2,15.4
20260524,メイショウタイピン,64.6,46.0,29.6,14.8,18.6,16.4,14.8,14.8
20260524,メイショウツヨキ,61.3,43.9,27.9,12.9,17.4,16.0,15.0,12.9
20260524,ホッコームジカ,61.8,42.5,26.8,12.6,19.3,15.7,14.2,12.6
20260524,スマイルガルーダ,61.3,43.3,27.8,13.4,18.0,15.5,14.4,13.4
20260524,アスタウイン,57.2,41.8,27.1,12.7,15.4,14.7,14.4,12.7
20260524,ヨカオウ,63.9,46.5,30.8,15.6,17.4,15.7,15.2,15.6
20260524,ルージュプルーヴ,56.3,40.5,26.3,13.1,15.8,14.2,13.2,13.1
20260524,ワンダーリュクス,63.1,46.8,30.7,15.2,16.3,16.1,15.5,15.2
20260524,グルード,66.4,48.5,32.5,15.9,17.9,16.0,16.6,15.9
20260524,テレプシコーラ,58.0,41.9,26.9,13.0,16.1,15.0,13.9,13.0
20260524,ララドゥージエム,58.3,41.4,26.0,12.4,16.9,15.4,13.6,12.4
20260524,オーロクリューソス,60.5,45.1,30.1,15.4,15.4,15.0,14.7,15.4
20260524,ファイティンアスク,55.7,40.5,26.6,12.9,15.2,13.9,13.7,12.9
20260524,マテンロウオリジン,57.6,41.1,26.2,13.0,16.5,14.9,13.2,13.0
20260524,エルモサカスターノ,66.5,48.2,31.5,15.7,18.3,16.7,15.8,15.7
20260524,フェイトブレイカー,57.3,41.3,26.4,13.1,16.0,14.9,13.3,13.1
20260524,ミッキーテネシー,55.9,40.4,26.5,12.8,15.5,13.9,13.7,12.8
20260524,サイモンゼスト,61.8,45.1,29.9,14.7,16.7,15.2,15.2,14.7
20260524,スワトウ,60.5,44.0,28.8,14.5,16.5,15.2,14.3,14.5
20260524,ピカラ,59.4,43.2,28.3,13.7,16.2,14.9,14.6,13.7
20260524,レゾルーティオ,57.9,41.1,25.8,12.4,16.8,15.3,13.4,12.4
20260524,ニシノキヅイタラ,59.4,42.5,27.4,13.9,16.9,15.1,13.5,13.9
20260524,トシミチ,58.9,42.3,27.5,13.9,16.6,14.8,13.6,13.9
20260524,ゴートゥファースト,56.0,38.6,24.3,12.3,17.4,14.3,12.0,12.3
20260524,テラステラ,62.8,46.8,31.3,15.7,16.0,15.5,15.6,15.7
20260524,スイーヴル,58.8,42.3,27.3,13.3,16.5,15.0,14.0,13.3
20260524,オンザムービー,63.4,44.1,27.8,13.4,19.3,16.3,14.4,13.4
20260524,グロリアス,64.7,48.1,31.0,14.8,16.6,17.1,16.2,14.8
20260524,ポニーテール,58.7,43.0,28.5,14.1,15.7,14.5,14.4,14.1
20260524,ヴィヴァン,57.0,40.2,25.1,12.0,16.8,15.1,13.1,12.0
20260524,ロードシュヴァリエ,52.8,38.3,24.5,12.1,14.5,13.8,12.4,12.1
20260524,スネーフリンガ,52.1,37.6,24.2,12.0,14.5,13.4,12.2,12.0
20260524,フェイトライン,85.1,61.5,40.9,20.2,23.6,20.6,20.7,20.2
20260524,アメリカンイズム,57.1,40.6,25.6,12.2,16.5,15.0,13.4,12.2
20260524,グレイイングリーン,57.4,41.2,26.5,13.2,16.2,14.7,13.3,13.2
20260524,ヴェロクオーレ,60.4,43.6,28.6,13.9,16.8,15.0,14.7,13.9
20260524,リガーレ,55.7,39.8,25.5,12.4,15.9,14.3,13.1,12.4
20260524,スピントロニクス,56.7,40.5,25.6,12.5,16.2,14.9,13.1,12.5
20260524,ドラゴン,60.6,44.6,29.5,14.7,16.0,15.1,14.8,14.7
20260524,スイートポメロ,54.7,39.2,25.3,12.4,15.5,13.9,12.9,12.4
20260524,エースフライト,57.8,41.1,25.7,12.3,16.7,15.4,13.4,12.3
20260524,カフジミモレット,55.0,39.6,25.5,12.5,15.4,14.1,13.0,12.5
20260524,シーズザスローン,65.5,49.1,33.2,16.6,16.4,15.9,16.6,16.6
20260524,ワンインザスカイ,59.8,44.5,28.9,14.4,15.3,15.6,14.5,14.4
20260524,サンライズオスカー,57.8,41.6,26.6,13.0,16.2,15.0,13.6,13.0
20260524,イッペイ,59.9,44.0,28.5,14.6,15.9,15.5,13.9,14.6
20260524,ブラックミューズ,59.9,44.0,28.4,14.5,15.9,15.6,13.9,14.5
20260524,レヴォントゥレット,68.2,49.1,31.9,15.9,19.1,17.2,16.0,15.9
20260524,ミスタージーティー,68.4,49.3,32.1,15.8,19.1,17.2,16.3,15.8
20260524,ラパンドール,56.5,39.2,25.1,12.7,17.3,14.1,12.4,12.7
20260524,フルールドール,57.0,39.9,25.8,12.8,17.1,14.1,13.0,12.8
20260524,カフジエメンタール,60.3,43.6,28.6,14.2,16.7,15.0,14.4,14.2
20260524,ミッキーロビン,67.8,48.8,31.9,15.7,19.0,16.9,16.2,15.7
20260524,アヴレディール,64.8,48.0,32.3,16.4,16.8,15.7,15.9,16.4
20260524,ロードオールライト,52.1,38.2,24.5,12.3,13.9,13.7,12.2,12.3
20260524,クァンタムウェーブ,61.1,45.0,29.7,15.1,16.1,15.3,14.6,15.1
20260524,ドンレミラピュセル,64.1,45.0,28.2,13.8,19.1,16.8,14.4,13.8
20260524,サンライズコナー,57.5,41.4,26.7,13.0,16.1,14.7,13.7,13.0
20260524,ダノンロワール,59.0,43.5,28.7,14.2,15.5,14.8,14.5,14.2
20260524,バートラガッツ,58.9,42.7,27.7,13.8,16.2,15.0,13.9,13.8
20260524,プリンセスモコ,62.9,44.5,28.6,13.9,18.4,15.9,14.7,13.9
20260524,ヒルノドゴール,59.2,43.0,28.1,13.7,16.2,14.9,14.4,13.7
20260524,スマートワイス,65.2,47.3,31.4,15.5,17.9,15.9,15.9,15.5
20260524,ダノンシーマ,59.2,42.9,28.0,13.7,16.3,14.9,14.3,13.7
20260524,ロットブラータ,65.1,47.5,31.3,15.3,17.6,16.2,16.0,15.3
20260524,フララナキラ,61.0,44.7,29.3,14.5,16.3,15.4,14.8,14.5
20260524,ハイソリア,58.6,42.0,26.5,12.8,16.6,15.5,13.7,12.8
20260524,オレンジフィールド,64.3,47.1,31.2,15.6,17.2,15.9,15.6,15.6
20260524,アルムアポジェ,66.0,48.4,32.1,15.5,17.6,16.3,16.6,15.5
20260524,チュオンソン,58.3,41.9,26.4,12.8,16.4,15.5,13.6,12.8
20260524,エイシンディード,64.9,46.9,31.0,15.7,18.0,15.9,15.3,15.7
20260524,アルギエバ,64.9,47.9,31.4,15.4,17.0,16.5,16.0,15.4
20260524,ルクスグレイス,64.1,47.4,31.8,16.1,16.7,15.6,15.7,16.1
20260524,スターリーデー,66.2,48.5,32.1,15.6,17.7,16.4,16.5,15.6
20260524,フェンダー,67.0,48.9,31.7,15.2,18.1,17.2,16.5,15.2
20260524,キュクヌス,59.7,43.8,28.8,13.9,15.9,15.0,14.9,13.9
20260524,サタデーサンライズ,56.9,40.2,25.1,12.1,16.7,15.1,13.0,12.1
20260524,クボウサマ,57.2,41.7,27.3,13.6,15.5,14.4,13.7,13.6
20260524,トッピワールド,60.3,44.0,28.6,14.0,16.3,15.4,14.6,14.0
20260524,ゼンノゾンターク,67.6,49.5,32.4,15.7,18.1,17.1,16.7,15.7
20260524,シャンティフレーズ,68.3,49.2,31.5,14.9,19.1,17.7,16.6,14.9
20260524,キャピタルサックス,72.7,53.1,35.1,17.5,19.6,18.0,17.6,17.5
20260524,ゼンカイナダル,56.4,41.2,26.7,13.5,15.2,14.5,13.2,13.5
20260524,レッドレベンディス,58.5,42.4,27.5,13.3,16.1,14.9,14.2,13.3
20260524,コイバナ,54.3,39.7,25.6,12.5,14.6,14.1,13.1,12.5
20260524,ウェイヴムーン,64.6,46.5,30.5,15.2,18.1,16.0,15.3,15.2
20260524,ウルフ,58.2,42.1,26.7,12.6,16.1,15.4,14.1,12.6
20260524,ベリベリハッピー,54.3,39.6,25.6,12.5,14.7,14.0,13.1,12.5
20260524,ドンテスタマスター,75.9,54.6,36.2,17.8,21.3,18.4,18.4,17.8
20260524,トリーア,58.9,42.2,26.8,12.5,16.7,15.4,14.3,12.5
20260524,セディバン,68.9,48.0,30.8,15.0,20.9,17.2,15.8,15.0
20260524,タイキルッジェーロ,56.8,41.2,26.1,12.6,15.6,15.1,13.5,12.6
20260524,コワンニシタガウ,57.6,41.7,27.5,14.0,15.9,14.2,13.5,14.0
20260524,ミルボナー,57.7,41.7,26.5,12.5,16.0,15.2,14.0,12.5
20260524,メイショウイサミ,67.7,50.0,33.5,17.1,17.7,16.5,16.4,17.1
20260524,エイル,57.6,41.6,26.5,12.4,16.0,15.1,14.1,12.4
20260524,コンジェスタス,56.9,41.1,26.2,12.6,15.8,14.9,13.6,12.6
20260524,フレアオブセンス,57.9,41.0,26.2,12.9,16.9,14.8,13.3,12.9
20260524,ゴウオン,67.6,48.9,31.9,15.7,18.7,17.0,16.2,15.7
20260524,ﾒｲｼｮｳｾﾞｯｹｲの24,68.2,49.5,32.6,15.8,18.7,16.9,16.8,15.8
20260524,セブンマジシャン,69.5,50.9,33.4,16.2,18.6,17.5,17.2,16.2
20260524,ジョーメッドヴィン,70.5,51.0,33.4,16.9,19.5,17.6,16.5,16.9
20260524,アスクアイルビゼア,62.9,46.5,31.2,15.7,16.4,15.3,15.5,15.7
20260524,ヘルモーズ,69.8,51.7,34.7,17.3,18.1,17.0,17.4,17.3
20260524,フランキーバローズ,55.0,39.2,25.2,12.8,15.8,14.0,12.4,12.8
20260524,シュネーグロッケン,68.3,50.0,33.0,16.2,18.3,17.0,16.8,16.2
20260524,エイヘンハールト,70.1,50.6,33.0,16.4,19.5,17.6,16.6,16.4
20260524,ゴールデンクラウド,72.7,52.8,35.0,17.6,19.9,17.8,17.4,17.6
20260524,リアライズグリント,64.0,47.3,31.7,15.8,16.7,15.6,15.9,15.8
20260524,ヒューザー,69.7,51.7,34.7,17.3,18.0,17.0,17.4,17.3
20260524,レディトゥアタック,70.6,51.1,34.1,17.2,19.5,17.0,16.9,17.2
20260524,レッドパラジウム,69.9,49.5,32.8,16.0,20.4,16.7,16.8,16.0
20260524,スーパーブラザー,58.7,43.2,28.8,14.1,15.5,14.4,14.7,14.1
20260524,プリンキピッサ,69.3,50.1,32.5,16.0,19.2,17.6,16.5,16.0
20260524,シュガークン,73.1,53.8,35.5,17.7,19.3,18.3,17.8,17.7
20260524,キングスコール,69.5,51.5,34.6,17.5,18.0,16.9,17.1,17.5
20260524,オリーブグリーン,54.9,40.9,26.1,12.2,14.0,14.8,13.9,12.2
20260524,イサギ,55.4,39.9,26.4,13.4,15.5,13.5,13.0,13.4
20260524,マルモリキャスター,58.0,42.4,27.8,13.7,15.6,14.6,14.1,13.7
20260524,エイシンインアウト,60.6,44.2,29.1,14.3,16.4,15.1,14.8,14.3
20260524,レイセツ,60.1,45.2,29.8,14.7,14.9,15.4,15.1,14.7
20260524,ヴェルミセル,66.2,47.9,30.5,14.5,18.3,17.4,16.0,14.5
20260524,マイネルエンペラー,71.3,52.3,34.9,17.6,19.0,17.4,17.3,17.6
20260524,スパークルジョイ,57.2,42.0,27.2,13.3,15.2,14.8,13.9,13.3
20260524,マダムイグレイン,65.7,49.2,32.3,16.2,16.5,16.9,16.1,16.2
20260524,タントレーベル,67.2,48.9,31.9,15.6,18.3,17.0,16.3,15.6
20260524,ヴェネラブル,66.2,48.5,31.5,15.6,17.7,17.0,15.9,15.6
20260524,チェリヴェント,70.1,53.1,35.3,17.2,17.0,17.8,18.1,17.2
20260524,メランコリニスタ,66.5,48.1,31.1,15.0,18.4,17.0,16.1,15.0
20260524,ノヴァレジーナ,58.5,43.7,28.9,14.5,14.8,14.8,14.4,14.5
20260524,ﾏﾘｱﾝの24,71.2,52.7,34.4,17.1,18.5,18.3,17.3,17.1
20260524,ﾊﾞﾝﾄﾞｩｯﾁの24,67.6,49.3,32.6,15.9,18.3,16.7,16.7,15.9
20260524,ケイアイドリー,58.8,43.0,28.1,14.0,15.8,14.9,14.1,14.0
20260524,メイショウズイウン,60.6,43.3,28.3,13.8,17.3,15.0,14.5,13.8
20260524,カンシン,60.7,44.1,28.3,13.4,16.6,15.8,14.9,13.4
20260524,タガノアラリア,58.6,43.1,26.8,12.5,15.5,16.3,14.3,12.5
20260524,ジーティーメティオ,56.5,40.1,25.4,12.2,16.4,14.7,13.2,12.2
20260524,アパレイユ,58.3,40.9,25.7,12.1,17.4,15.2,13.6,12.1
20260524,ノブレスラブリエ,57.9,42.3,27.4,12.9,15.6,14.9,14.5,12.9
20260524,マーブルロック,56.6,41.4,26.7,12.8,15.2,14.7,13.9,12.8
20260524,ディアドコス,63.8,45.4,29.2,14.6,18.4,16.2,14.6,14.6
20260524,メイショウシナノ,67.4,50.8,33.9,17.1,16.6,16.9,16.8,17.1
20260524,アジュマン,58.2,42.1,27.5,13.6,16.1,14.6,13.9,13.6
20260524,ファントムグレース,68.9,50.4,33.1,16.4,18.5,17.3,16.7,16.4
20260524,メイショウノゾミ,71.2,52.7,34.6,16.7,18.5,18.1,17.9,16.7
20260524,ダンツダコタ,57.1,41.1,27.6,13.8,16.0,13.5,13.8,13.8
20260524,ルイスイメル,57.2,41.2,27.7,13.8,16.0,13.5,13.9,13.8
20260524,ソメデイストワール,60.1,44.0,29.0,14.1,16.1,15.0,14.9,14.1
20260524,ガンウルフ,59.0,43.9,28.8,14.8,15.1,15.1,14.0,14.8
20260524,コモンスナイプ,60.5,44.5,29.5,14.5,16.0,15.0,15.0,14.5
20260524,テイエムファントム,57.9,41.9,27.4,13.7,16.0,14.5,13.7,13.7
20260524,ギオンバヤシ,57.7,42.0,27.5,13.8,15.7,14.5,13.7,13.8
20260524,ウィスカーパッド,60.5,44.6,29.5,14.5,15.9,15.1,15.0,14.5
20260524,テーオーグレーザー,58.8,43.8,29.1,14.6,15.0,14.7,14.5,14.6
20260524,ベルセクレト,70.7,52.8,35.8,17.8,17.9,17.0,18.0,17.8
20260524,アシャカブラーヴ,64.1,48.1,32.3,16.7,16.0,15.8,15.6,16.7
20260524,オオキニ,58.7,43.6,28.0,13.6,15.1,15.6,14.4,13.6
20260524,グランディマージュ,58.8,43.0,28.3,14.0,15.8,14.7,14.3,14.0
20260524,ギフテッドスペック,56.1,40.3,26.5,12.8,15.8,13.8,13.7,12.8
20260524,ゼルダ,56.0,40.7,27.2,13.7,15.3,13.5,13.5,13.7
20260524,ボクサークラブ,57.3,41.1,26.0,12.3,16.2,15.1,13.7,12.3
20260524,チョウスター,61.0,43.9,29.3,14.9,17.1,14.6,14.4,14.9
20260524,サウンドディアナ,61.6,44.9,29.3,14.8,16.7,15.6,14.5,14.8
20260524,エバイダンス,56.9,41.2,26.5,13.0,15.7,14.7,13.5,13.0
20260524,クロンヌジャン,59.1,43.8,29.0,14.0,15.3,14.8,15.0,14.0
20260524,ケンブリッジグレイ,58.3,41.7,27.3,13.3,16.6,14.4,14.0,13.3
20260524,バミューダブーケ,56.7,40.6,26.2,12.5,16.1,14.4,13.7,12.5
20260524,シャンパンスター,65.5,48.1,31.9,15.6,17.4,16.2,16.3,15.6
20260524,スリーケイ,59.8,43.3,28.8,14.4,16.5,14.5,14.4,14.4
20260524,アライブテーラー,65.5,48.3,32.1,15.4,17.2,16.2,16.7,15.4
20260524,シュネードリーム,59.8,43.3,28.1,14.2,16.5,15.2,13.9,14.2
20260524,サイモンゴージャス,56.1,40.3,26.8,13.7,15.8,13.5,13.1,13.7
20260524,テイエムスティール,65.4,47.8,31.1,15.1,17.6,16.7,16.0,15.1
20260524,リリーサンダー,63.5,46.0,30.4,15.1,17.5,15.6,15.3,15.1
20260524,カナタコナタ,57.6,41.6,27.6,13.5,16.0,14.0,14.1,13.5
20260524,パピヨンヴェール,63.3,46.5,30.3,14.5,16.8,16.2,15.8,14.5
20260524,エスペシャリー,57.5,42.7,27.8,12.9,14.8,14.9,14.9,12.9
20260524,ドウアドバンテージ,57.2,41.7,27.9,13.5,15.5,13.8,14.4,13.5
20260524,ジェミート,57.0,40.5,25.7,12.4,16.5,14.8,13.3,12.4
20260524,ドラゴンブースト,53.5,39.1,25.3,12.6,14.4,13.8,12.7,12.6
20260524,アンタレス,54.0,39.6,25.8,13.1,14.4,13.8,12.7,13.1
20260524,ソルトアイリス,55.7,40.2,25.6,12.6,15.5,14.6,13.0,12.6
20260524,ジーティースティア,54.2,39.7,26.0,13.2,14.5,13.7,12.8,13.2
20260524,チカバリエンテ,52.4,38.7,25.4,13.1,13.7,13.3,12.3,13.1
20260524,レッドネビュラ,55.8,40.2,25.4,12.4,15.6,14.8,13.0,12.4
20260524,ラブシンフォニー,52.0,38.4,25.1,12.7,13.6,13.3,12.4,12.7
20260524,ラファル,64.3,46.9,30.8,15.0,17.4,16.1,15.8,15.0
20260524,セキゾウ,64.6,46.9,30.5,14.9,17.7,16.4,15.6,14.9
20260524,アクアアイ,67.5,49.1,31.8,15.6,18.4,17.3,16.2,15.6
20260524,ブラックシールド,57.6,41.6,26.8,13.0,16.0,14.8,13.8,13.0
20260524,ジャスティンスカイ,52.5,37.6,24.6,12.0,14.9,13.0,12.6,12.0
20260524,カテリーナ,64.6,47.8,31.8,16.0,16.8,16.0,15.8,16.0
20260524,ソルアマゾン,57.0,41.5,27.4,13.6,15.5,14.1,13.8,13.6
20260524,ロードアルディート,59.3,43.2,27.3,13.4,16.1,15.9,13.9,13.4
20260524,ドゥラエテルノ,61.5,44.0,29.0,14.1,17.5,15.0,14.9,14.1
20260524,リラエンブレム,60.6,44.4,29.2,14.1,16.2,15.2,15.1,14.1
20260524,フェイトライン,58.6,40.8,25.7,12.3,17.8,15.1,13.4,12.3
20260524,パヴィーア,64.5,47.9,31.9,16.0,16.6,16.0,15.9,16.0
20260524,メイショウランケイ,59.1,43.6,29.2,14.1,15.5,14.4,15.1,14.1
20260524,シャンジュマン,65.6,48.5,32.3,16.0,17.1,16.2,16.3,16.0
20260524,ノチェブエナ,57.6,42.7,27.6,13.0,14.9,15.1,14.6,13.0
20260524,アドフランマム,68.4,50.1,32.6,16.1,18.3,17.5,16.5,16.1
20260524,ルージュエピック,63.8,46.6,30.7,15.4,17.2,15.9,15.3,15.4
20260524,アイルドフルール,66.3,49.2,32.6,16.2,17.1,16.6,16.4,16.2
20260524,ビートル,57.7,42.8,27.7,13.2,14.9,15.1,14.5,13.2
20260524,ワイドアラジン,67.8,48.6,31.3,15.4,19.2,17.3,15.9,15.4
20260524,ランスオブセヘル,66.1,47.3,31.1,15.5,18.8,16.2,15.6,15.5
20260524,タイセイカイザー,64.9,47.5,31.3,15.9,17.4,16.2,15.4,15.9
20260524,ペンテリコン,69.6,50.7,33.5,17.2,18.9,17.2,16.3,17.2
20260524,ドンパッショーネ,68.8,50.2,32.8,15.9,18.6,17.4,16.9,15.9
20260524,ボーントゥウォリア,71.0,51.7,33.8,16.3,19.3,17.9,17.5,16.3
20260524,リネアベルタ,56.2,41.0,27.7,14.1,15.2,13.3,13.6,14.1
20260524,タガノランパート,66.2,49.4,33.5,16.2,16.8,15.9,17.3,16.2
20260524,テーオーアルアイン,63.1,44.3,28.1,13.6,18.8,16.2,14.5,13.6
20260524,スクールディーヴァ,69.8,51.1,33.3,16.0,18.7,17.8,17.3,16.0
20260524,クールタロウ,56.6,41.3,27.7,14.0,15.3,13.6,13.7,14.0
20260524,シスキンブルーム,69.8,51.2,33.1,15.9,18.6,18.1,17.2,15.9
20260524,シュガークン,68.4,50.3,32.9,16.2,18.1,17.4,16.7,16.2
20260524,マイエレメント,65.7,49.1,32.4,15.8,16.6,16.7,16.6,15.8
20260524,グランブーケ,56.1,41.1,27.1,13.3,15.0,14.0,13.8,13.3
20260524,ビッグヒーロー,57.8,42.4,28.1,13.8,15.4,14.3,14.3,13.8
20260524,ケイアイアニラ,53.7,38.5,24.5,12.2,15.2,14.0,12.3,12.2
20260524,コンクイスタ,53.4,38.4,24.5,12.3,15.0,13.9,12.2,12.3
20260524,ルースソラール,56.1,40.7,26.9,13.4,15.4,13.8,13.5,13.4
20260524,ジュンゴールド,56.8,40.8,26.6,13.3,16.0,14.2,13.3,13.3
20260524,メイショウハチロー,58.9,44.1,28.6,14.8,14.8,15.5,13.8,14.8
20260524,ジャスティンカレラ,57.5,40.5,25.3,12.7,17.0,15.2,12.6,12.7
20260524,ロードヴェリタス,55.8,40.1,26.1,13.0,15.7,14.0,13.1,13.0
20260524,メイショウイサミ,58.0,42.6,27.5,13.2,15.4,15.1,14.3,13.2
20260524,ビーチェマーレ,55.3,40.7,26.5,13.1,14.6,14.2,13.4,13.1
20260524,ダノンカゼルタ,58.9,43.1,27.9,13.5,15.8,15.2,14.4,13.5
20260524,レディトゥフライト,59.4,43.2,28.8,14.4,16.2,14.4,14.4,14.4
20260524,インディクイーン,69.8,51.1,34.3,17.3,18.7,16.8,17.0,17.3
20260524,トゥルパーニ,58.6,43.2,28.1,14.0,15.4,15.1,14.1,14.0
20260524,アドマイヤズーム,56.3,40.6,25.6,11.9,15.7,15.0,13.7,11.9
20260524,ミッドタウンナイト,67.8,49.3,32.4,15.9,18.5,16.9,16.5,15.9
20260524,クラスペディア,53.1,38.3,24.5,12.2,14.8,13.8,12.3,12.2
20260524,アイルトン,68.3,50.6,33.8,16.4,17.7,16.8,17.4,16.4
20260524,リトゥリア,58.5,43.7,28.7,13.5,14.8,15.0,15.2,13.5
20260524,ウインアトム,58.7,42.7,28.0,14.1,16.0,14.7,13.9,14.1
20260524,マルカスマッシュ,68.2,49.7,32.6,15.9,18.5,17.1,16.7,15.9
20260524,グラスゴー,69.7,51.7,34.6,17.4,18.0,17.1,17.2,17.4
20260524,ピョイットハレルヤ,68.9,50.6,33.2,16.4,18.3,17.4,16.8,16.4
20260524,ジョディーズマロン,57.3,41.8,26.5,12.7,15.5,15.3,13.8,12.7
20260524,ココロヅヨサ,66.8,49.4,33.4,17.0,17.4,16.0,16.4,17.0
20260524,クリアストライク,67.2,49.5,32.9,16.6,17.7,16.6,16.3,16.6
20260524,レディーミコノス,55.3,39.9,25.4,12.2,15.4,14.5,13.2,12.2
20260524,エムズビギン,65.4,47.2,31.3,16.2,18.2,15.9,15.1,16.2
20260524,メモリーデイズ,73.2,53.5,34.6,16.8,19.7,18.9,17.8,16.8
20260524,ナオミライトニング,54.6,38.4,24.2,12.2,16.2,14.2,12.0,12.2
20260524,ロードベルファスト,65.4,47.8,31.4,15.5,17.6,16.4,15.9,15.5
20260524,セキゾウ,57.8,42.6,27.6,13.2,15.2,15.0,14.4,13.2
20260524,オウケンブラッド,65.0,47.9,31.6,15.5,17.1,16.3,16.1,15.5
20260524,アイシテルヨナオミ,68.4,49.6,32.4,16.2,18.8,17.2,16.2,16.2
20260524,メイケイバートン,58.8,43.6,28.6,14.4,15.2,15.0,14.2,14.4
20260524,キャンドルマス,55.1,40.7,26.9,13.5,14.4,13.8,13.4,13.5
20260524,ティンティンデオ,54.2,40.3,26.4,13.5,13.9,13.9,12.9,13.5
20260524,コズミックダンサー,59.8,43.9,28.8,13.9,15.9,15.1,14.9,13.9
20260524,ミルトメテオ,64.9,48.7,30.9,15.0,16.2,17.8,15.9,15.0
20260524,キヨタリート,56.2,41.0,26.5,13.4,15.2,14.5,13.1,13.4
20260524,トゥレネヴェリテ,65.9,49.2,32.9,16.5,16.7,16.3,16.4,16.5
20260524,ハクサンテドリガワ,57.9,41.8,27.7,13.9,16.1,14.1,13.8,13.9
20260524,カクシンゴールド,58.2,43.6,28.9,14.6,14.6,14.7,14.3,14.6
20260524,ﾌｪﾚｯﾃｨの24,64.2,46.6,32.0,16.1,17.6,14.6,15.9,16.1
20260524,ルガルデ,55.0,40.9,27.3,13.8,14.1,13.6,13.5,13.8
20260524,ニホンピロローカス,65.4,48.2,31.4,15.8,17.2,16.8,15.6,15.8
20260524,スリールーディカ,64.4,47.9,31.9,15.8,16.5,16.0,16.1,15.8
20260524,ゴディアンフィンチ,57.7,42.1,27.7,14.1,15.6,14.4,13.6,14.1
20260524,コイタマチャン,61.2,45.0,30.1,15.1,16.2,14.9,15.0,15.1
20260524,ローゾフィア,58.0,42.5,27.8,13.8,15.5,14.7,14.0,13.8
20260524,スズカローズキング,66.0,48.8,32.1,16.1,17.2,16.7,16.0,16.1
20260524,トラステッド,56.7,41.7,27.2,13.4,15.0,14.5,13.8,13.4
20260524,ユウファラオ,60.1,43.8,28.7,14.4,16.3,15.1,14.3,14.4
20260524,ランダムナンバー,64.2,47.3,31.3,15.4,16.9,16.0,15.9,15.4
20260524,プリメラエストレラ,65.1,47.5,31.4,15.5,17.6,16.1,15.9,15.5
20260524,キングゴールド,58.3,42.6,27.7,13.7,15.7,14.9,14.0,13.7
20260524,ブルーワール,69.9,50.7,33.0,16.1,19.2,17.7,16.9,16.1
20260524,ゴールデンテティス,61.3,45.5,30.5,14.9,15.8,15.0,15.6,14.9
20260524,ミリオンアップ,71.9,52.6,34.7,17.2,19.3,17.9,17.5,17.2
20260524,オアシスアラン,54.7,39.4,26.1,13.2,15.3,13.3,12.9,13.2
20260524,ヴァニーユ,72.0,52.5,34.1,16.4,19.5,18.4,17.7,16.4
20260524,ハイウェイワン,73.1,53.5,35.0,16.9,19.6,18.5,18.1,16.9
20260524,アドバンスファラオ,62.7,47.4,32.1,16.4,15.3,15.3,15.7,16.4
20260524,ワールドシリーズ,63.0,44.7,28.9,14.0,18.3,15.8,14.9,14.0
20260524,トーレス,65.6,47.9,31.8,16.1,17.7,16.1,15.7,16.1
20260524,クレバーキュート,57.2,41.1,26.7,13.3,16.1,14.4,13.4,13.3
20260524,エスティヴァリス,66.8,47.5,30.6,14.9,19.3,16.9,15.7,14.9
20260524,エコロボルト,56.4,41.2,27.5,13.9,15.2,13.7,13.6,13.9
20260524,サイモンコーラル,60.2,43.9,29.2,14.6,16.3,14.7,14.6,14.6
20260524,セールヴォラン,66.2,48.4,32.1,15.5,17.8,16.3,16.6,15.5
20260524,エコロガイア,59.6,44.0,30.3,15.9,15.6,13.7,14.4,15.9
20260524,ジャスパーノベル,63.8,47.0,31.0,15.3,16.8,16.0,15.7,15.3
20260524,クリコキアナ,59.4,43.4,28.1,13.7,16.0,15.3,14.4,13.7
20260524,ペプチドヤマト,52.8,38.0,24.8,12.3,14.8,13.2,12.5,12.3
20260524,ハイディージェン,64.0,46.8,30.7,15.4,17.2,16.1,15.3,15.4
20260524,イコミキマル,64.3,47.1,31.4,15.7,17.2,15.7,15.7,15.7
20260524,ジャストグレース,60.4,44.5,29.8,15.3,15.9,14.7,14.5,15.3
20260524,ダンツウルス,67.9,49.2,32.0,15.6,18.7,17.2,16.4,15.6
20260524,シャイニーデイ,56.3,41.7,27.6,13.7,14.6,14.1,13.9,13.7
20260524,アウラニ,65.0,48.6,31.5,15.6,16.4,17.1,15.9,15.6
20260524,テイクザスローン,65.7,48.0,31.5,15.8,17.7,16.5,15.7,15.8
20260524,ヒデノレインボー,63.5,46.4,31.1,15.9,17.1,15.3,15.2,15.9
20260524,メイプルタピット,67.0,48.6,31.7,15.5,18.4,16.9,16.2,15.5
20260524,マイネルビスマルク,57.7,41.9,27.9,14.2,15.8,14.0,13.7,14.2
20260524,ライツェントライゼ,69.4,49.4,33.0,16.9,20.0,16.4,16.1,16.9
20260524,ウインドオルフェ,55.3,41.4,27.0,12.7,13.9,14.4,14.3,12.7
20260524,ルナノーヴァ,62.5,46.2,30.5,14.8,16.3,15.7,15.7,14.8
20260524,ファイネクローネ,60.4,43.5,27.6,13.2,16.9,15.9,14.4,13.2
20260524,パゴスピグイノス,56.7,42.0,27.1,12.8,14.7,14.9,14.3,12.8
20260524,サンマルパトロール,57.9,42.3,27.4,13.3,15.6,14.9,14.1,13.3
20260524,フェリーニ,76.8,55.2,35.7,17.9,21.6,19.5,17.8,17.9
20260524,アルトラムス,60.6,45.1,30.2,14.8,15.5,14.9,15.4,14.8
20260524,サトノディヴァイン,69.1,51.7,35.3,18.0,17.4,16.4,17.3,18.0
20260524,ルージュビバーチェ,64.8,47.8,31.7,16.0,17.0,16.1,15.7,16.0
20260524,ロコラッテ,68.9,50.8,34.0,17.5,18.1,16.8,16.5,17.5
20260524,ピースオブザライフ,66.4,49.4,33.1,16.4,17.0,16.3,16.7,16.4
20260524,アイブリンク,54.9,40.3,25.7,12.8,14.6,14.6,12.9,12.8
20260524,インディゴ,60.9,45.4,30.2,14.8,15.5,15.2,15.4,14.8
20260524,マテンロウゲイル,60.4,45.2,29.1,13.9,15.2,16.1,15.2,13.9
20260524,キンダープンシュ,62.5,46.3,31.1,15.9,16.2,15.2,15.2,15.9
20260524,リアルジャパン,56.4,41.2,27.6,14.2,15.2,13.6,13.4,14.2
20260524,タイガーストリート,56.3,41.1,27.8,14.3,15.2,13.3,13.5,14.3
20260524,ラッキーダイヤ,63.6,46.9,31.5,15.8,16.7,15.4,15.7,15.8
20260524,グレートキリシマ,66.0,48.7,32.2,15.5,17.3,16.5,16.7,15.5
20260524,タカモリ,61.1,45.3,29.8,14.4,15.8,15.5,15.4,14.4
20260524,ジーニアスバローズ,62.7,45.5,30.3,14.9,17.2,15.2,15.4,14.9
20260524,ディニトーソ,60.2,43.4,28.0,13.6,16.8,15.4,14.4,13.6
20260524,アロマフェリス,57.6,42.0,27.6,13.8,15.6,14.4,13.8,13.8
20260524,ボッチョ,64.9,47.9,31.9,15.9,17.0,16.0,16.0,15.9
20260524,タイキジュビリー,57.8,41.7,27.4,14.1,16.1,14.3,13.3,14.1
20260524,アイアン,56.4,40.8,26.7,13.1,15.6,14.1,13.6,13.1
20260524,グローリーバローズ,58.0,41.9,27.2,13.4,16.1,14.7,13.8,13.4
20260524,コマチチャン,56.0,41.0,26.8,13.2,15.0,14.2,13.6,13.2
20260524,マリオロード,63.5,46.5,30.5,15.1,17.0,16.0,15.4,15.1
20260524,エコテーラー,58.5,43.1,28.8,14.4,15.4,14.3,14.4,14.4
20260524,ギマール,57.0,41.6,27.3,13.8,15.4,14.3,13.5,13.8
20260524,カステッロトゥーレ,65.5,47.5,30.3,13.9,18.0,17.2,16.4,13.9
20260524,リサシテーション,56.8,40.9,26.5,12.4,15.9,14.4,14.1,12.4
20260524,デプレ,65.9,48.5,31.5,15.1,17.4,17.0,16.4,15.1
20260524,ハピ,63.8,46.6,30.9,15.1,17.2,15.7,15.8,15.1
20260524,メイショウタカネ,56.1,40.6,26.4,13.1,15.5,14.2,13.3,13.1
20260524,サラサダンディー,55.9,40.4,26.3,13.1,15.5,14.1,13.2,13.1
20260524,クイーンズドリーム,58.5,43.2,28.4,13.8,15.3,14.8,14.6,13.8
20260524,エコロラーダ,0.0,0.0,0.0,0.0,0.0,0.0,0.0,0.0
20260524,キュールエフウジン,57.0,42.7,28.4,14.4,14.3,14.3,14.0,14.4
20260524,シュヴァルツリーベ,54.2,39.3,25.4,12.5,14.9,13.9,12.9,12.5
20260524,スマートスピア,65.0,47.0,31.6,15.5,18.0,15.4,16.1,15.5
20260524,ミリタリータトゥー,66.9,50.7,34.5,17.3,16.2,16.2,17.2,17.3
20260524,ロスニーニョス,65.9,48.4,32.2,16.1,17.5,16.2,16.1,16.1
20260524,レッドフロイデ,64.7,47.4,31.2,15.3,17.3,16.2,15.9,15.3
20260524,ショールミーズ,66.9,50.3,34.3,17.2,16.6,16.0,17.1,17.2
20260524,ジェンティール,57.3,42.5,27.7,13.4,14.8,14.8,14.3,13.4
20260524,ルフトブリュッケ,59.3,42.3,26.9,13.2,17.0,15.4,13.7,13.2
20260524,コムアンエクレール,67.1,50.0,33.8,17.2,17.1,16.2,16.6,17.2
20260524,ハロナ,65.6,48.1,31.6,15.6,17.5,16.5,16.0,15.6
20260524,エイントノーウェイ,65.4,47.7,31.3,15.5,17.7,16.4,15.8,15.5
20260524,ヘキレキ,60.6,43.0,27.5,13.6,17.6,15.5,13.9,13.6
20260524,アルテヴェローチェ,56.8,40.8,25.9,12.7,16.0,14.9,13.2,12.7
20260524,ミッキージャンプ,68.0,49.9,32.5,15.7,18.1,17.4,16.8,15.7
20260524,トゥーレジット,67.6,49.9,32.4,15.6,17.7,17.5,16.8,15.6
20260524,オーラエグザート,60.6,44.6,29.2,14.4,16.0,15.4,14.8,14.4
20260524,ノラリクラリ,59.3,43.7,29.4,15.1,15.6,14.3,14.3,15.1
20260524,ルクスドリーム,64.7,46.7,30.6,15.0,18.0,16.1,15.6,15.0
20260524,ハツアカネ,57.8,43.6,28.6,13.6,14.2,15.0,15.0,13.6
20260524,メイショウタダツグ,60.4,44.6,29.2,14.4,15.8,15.4,14.8,14.4
20260524,チュウワメロディー,65.6,47.5,31.2,15.2,18.1,16.3,16.0,15.2
20260524,ビズロード,65.6,48.2,31.8,15.9,17.4,16.4,15.9,15.9
20260524,マカロンブルー,69.8,50.7,33.0,16.4,19.1,17.7,16.6,16.4
20260524,ノリヤンモーニン,67.7,49.0,31.2,15.1,18.7,17.8,16.1,15.1
20260524,テーオーダヴィンチ,55.4,40.1,25.8,12.7,15.3,14.3,13.1,12.7
20260524,ウインルーティン,71.6,52.1,34.2,16.7,19.5,17.9,17.5,16.7
20260524,ヤマニンレセディ,61.7,46.3,29.9,14.6,15.4,16.4,15.3,14.6
20260524,プルーフリーディン,63.9,46.7,30.6,15.2,17.2,16.1,15.4,15.2
20260524,ルージュシャラポワ,64.7,47.3,31.7,15.4,17.4,15.6,16.3,15.4
20260524,プリュスエクラ,67.0,48.1,31.2,15.5,18.9,16.9,15.7,15.5
20260524,クルゼイロドスル,56.3,41.0,27.1,13.6,15.3,13.9,13.5,13.6
20260524,グランブラーヴ,59.2,42.9,27.9,13.3,16.3,15.0,14.6,13.3
20260524,ヤマニンサンパ,56.2,39.5,25.2,12.4,16.7,14.3,12.8,12.4
20260524,プロミシングスター,54.2,38.6,25.5,13.2,15.6,13.1,12.3,13.2
20260524,ハーバーライト,55.2,40.6,26.9,13.6,14.6,13.7,13.3,13.6
20260524,カミノレアル,56.6,40.8,26.0,12.6,15.8,14.8,13.4,12.6
20260524,クリノリキオー,57.5,41.4,26.5,13.0,16.1,14.9,13.5,13.0
20260524,タイセイバウンス,58.5,43.4,28.3,13.4,15.1,15.1,14.9,13.4
20260524,ジューンマーチ,60.4,44.2,28.9,14.1,16.2,15.3,14.8,14.1
20260524,バトルアックス,56.0,40.4,25.9,12.7,15.6,14.5,13.2,12.7
20260524,ルージュスプリヤ,56.7,39.9,25.2,12.3,16.8,14.7,12.9,12.3
20260524,クイーンズアイ,71.1,51.1,32.5,16.1,20.0,18.6,16.4,16.1
20260524,カローナ,58.4,43.3,28.2,13.3,15.1,15.1,14.9,13.3
20260524,ダークエクリプス,66.0,48.7,32.3,15.7,17.3,16.4,16.6,15.7
20260524,プラニスフェリオ,66.1,48.5,31.7,15.7,17.6,16.8,16.0,15.7
20260524,ベルギューン,57.3,41.8,27.1,13.3,15.5,14.7,13.8,13.3
20260524,メイショウナナユキ,59.4,43.3,28.5,14.4,16.1,14.8,14.1,14.4
20260524,メイショウハチコウ,59.6,43.4,28.2,13.7,16.2,15.2,14.5,13.7
20260524,スナークシャラク,66.2,48.5,31.7,15.7,17.7,16.8,16.0,15.7
20260524,ロサルゴサ,72.2,53.9,35.4,17.2,18.3,18.5,18.2,17.2
20260524,キーチラナキラ,71.2,53.0,35.1,17.1,18.2,17.9,18.0,17.1
20260524,コルベータ,61.2,45.0,29.4,14.6,16.2,15.6,14.8,14.6
20260524,ファラオクィーン,60.1,44.7,29.4,14.8,15.4,15.3,14.6,14.8
20260524,クリスレグナム,74.6,55.2,37.0,18.4,19.4,18.2,18.6,18.4
20260524,テーオーシーザー,56.8,42.8,28.3,13.9,14.0,14.5,14.4,13.9
20260524,マスティカーレ,70.0,52.2,34.5,16.9,17.8,17.7,17.6,16.9
20260524,レウコテア,67.0,50.3,33.2,16.6,16.7,17.1,16.6,16.6
20260524,ジュンクロノシップ,54.8,39.2,25.6,12.8,15.6,13.6,12.8,12.8
20260524,メッチャエエヤン,52.8,39.1,25.9,13.6,13.7,13.2,12.3,13.6
20260524,ロイガヴェーグル,78.9,55.0,36.2,18.4,23.9,18.8,17.8,18.4
20260524,ジョヴィアン,55.7,40.1,26.1,13.1,15.6,14.0,13.0,13.1
20260524,レディネス,55.6,39.5,25.3,12.6,16.1,14.2,12.7,12.6
20260524,ウィテカービート,56.1,40.0,25.7,12.8,16.1,14.3,12.9,12.8
20260524,ナポリ,57.4,42.1,26.9,12.8,15.3,15.2,14.1,12.8
20260524,シャインラブ,56.7,41.3,26.3,12.5,15.4,15.0,13.8,12.5
20260524,カムアップローゼス,69.0,50.6,33.7,16.8,18.4,16.9,16.9,16.8
20260524,ゴルデールスカー,67.5,49.7,31.8,15.5,17.8,17.9,16.3,15.5
20260524,モカプウイング,59.4,43.7,28.8,14.3,15.7,14.9,14.5,14.3
20260524,テーオーエリーナ,56.9,41.5,27.3,13.8,15.4,14.2,13.5,13.8
20260524,ショコラリーヴ,57.0,41.6,27.4,13.8,15.4,14.2,13.6,13.8
20260524,テーオーレガシー,66.9,49.5,32.6,15.8,17.4,16.9,16.8,15.8
20260524,インフローレ,66.5,48.3,31.5,15.8,18.2,16.8,15.7,15.8
20260524,カネコメファミリー,66.1,49.3,32.7,16.1,16.8,16.6,16.6,16.1
20260524,タガノシルフィー,66.8,49.6,33.0,16.1,17.2,16.6,16.9,16.1
20260524,ヨウシタンレイ,59.2,43.3,27.9,13.8,15.9,15.4,14.1,13.8
20260524,ゴールデンドラゴン,59.1,42.0,26.4,12.8,17.1,15.6,13.6,12.8
20260524,サムハンター,65.4,48.2,31.1,15.2,17.2,17.1,15.9,15.2
20260524,シャルクハフト,67.7,49.3,32.4,16.1,18.4,16.9,16.3,16.1
20260524,ピゲ,64.9,48.0,31.3,15.2,16.9,16.7,16.1,15.2
20260524,ダディーズトリップ,66.2,48.4,31.7,15.2,17.8,16.7,16.5,15.2
20260524,ブリオメンテ,65.2,48.1,31.9,15.9,17.1,16.2,16.0,15.9
20260524,イクヒロ,56.7,40.6,26.2,13.1,16.1,14.4,13.1,13.1
20260524,レッドピアレス,53.7,38.5,25.2,12.6,15.2,13.3,12.6,12.6
20260524,ミッキーツインクル,67.8,49.1,32.0,15.9,18.7,17.1,16.1,15.9
20260524,ロールスワン,61.5,45.4,29.8,15.0,16.1,15.6,14.8,15.0
20260524,ダノンデスティニー,67.3,50.0,33.4,17.0,17.3,16.6,16.4,17.0
20260524,キングリア,64.7,48.7,32.8,16.4,16.0,15.9,16.4,16.4
20260524,ガットネロ,56.9,40.6,25.8,12.8,16.3,14.8,13.0,12.8
20260524,メイショウカシワデ,65.8,47.2,30.3,15.0,18.6,16.9,15.3,15.0
20260524,ジーティーウタマロ,55.9,40.0,25.8,13.1,15.9,14.2,12.7,13.1
20260524,ゲレーロアスール,65.4,48.4,32.3,16.1,17.0,16.1,16.2,16.1
20260524,ヴィヴィアンリーチ,56.6,41.0,26.3,12.7,15.6,14.7,13.6,12.7
20260524,ラブリーリディア,55.5,39.9,25.9,12.7,15.6,14.0,13.2,12.7
20260524,モルビド,63.7,46.3,30.3,15.1,17.4,16.0,15.2,15.1
20260524,タガノマルアフ,61.0,45.1,29.9,14.8,15.9,15.2,15.1,14.8
20260524,キタノシリウス,57.0,40.4,26.4,13.9,16.6,14.0,12.5,13.9
20260524,テイエムオオアラシ,57.8,42.2,27.8,14.2,15.6,14.4,13.6,14.2
20260524,ビーチェ,59.8,43.7,28.7,14.1,16.1,15.0,14.6,14.1
20260524,レーヌペスカ,60.2,44.4,29.3,14.2,15.8,15.1,15.1,14.2
20260524,ゴッドアミーラ,59.6,43.3,28.9,14.0,16.3,14.4,14.9,14.0
20260524,レッドホット,57.6,42.0,27.7,14.1,15.6,14.3,13.6,14.1
20260524,マルベック,57.6,40.8,26.8,13.8,16.8,14.0,13.0,13.8
20260524,サトノアグード,64.0,46.8,31.0,15.6,17.2,15.8,15.4,15.6
20260524,ロードヴォイジャー,68.5,49.5,32.2,16.1,19.0,17.3,16.1,16.1
20260524,セヴェンヌ,55.3,39.7,25.4,12.7,15.6,14.3,12.7,12.7
20260524,タマモパルファン,69.5,49.9,33.1,17.3,19.6,16.8,15.8,17.3
20260524,ブライトエンジェル,57.8,42.0,26.9,13.2,15.8,15.1,13.7,13.2
20260524,ダノンヴェルサイユ,69.6,50.2,32.6,16.4,19.4,17.6,16.2,16.4
20260524,パクスフェリーチェ,67.2,49.1,32.3,15.7,18.1,16.8,16.6,15.7
20260524,エボルヴィング,56.5,39.8,25.7,12.7,16.7,14.1,13.0,12.7
20260524,ビッグシーザー,59.4,43.3,27.4,13.7,16.1,15.9,13.7,13.7
20260524,フウセン,60.1,43.8,29.0,14.2,16.3,14.8,14.8,14.2
20260524,アラビアンジョイ,66.4,49.4,32.6,16.0,17.0,16.8,16.6,16.0
20260524,ブラックシャリマー,58.9,43.1,27.7,13.3,15.8,15.4,14.4,13.3
20260524,リアンマカ,58.8,43.8,29.3,15.0,15.0,14.5,14.3,15.0
20260524,ウイルソン,71.4,52.5,34.5,17.0,18.9,18.0,17.5,17.0
20260524,クロリス,58.8,43.3,28.2,13.9,15.5,15.1,14.3,13.9
20260524,ジュウオウ,64.9,48.4,32.4,16.0,16.5,16.0,16.4,16.0
20260524,クロジシジョー,61.7,45.2,30.0,14.9,16.5,15.2,15.1,14.9
20260524,ダイメイアゲイン,67.2,49.7,33.0,16.4,17.5,16.7,16.6,16.4
20260524,テーオーシュタイン,59.8,42.5,28.0,13.8,17.3,14.5,14.2,13.8
20260524,サイモングレイス,67.8,49.9,32.7,16.0,17.9,17.2,16.7,16.0
20260524,テーオーカメリア,61.6,44.7,29.1,14.2,16.9,15.6,14.9,14.2
20260524,スクワミッシュ,69.9,50.3,32.7,16.3,19.6,17.6,16.4,16.3
20260524,ダディーズトリップ,57.6,41.1,26.1,12.7,16.5,15.0,13.4,12.7
20260524,スズハローム,57.4,41.6,26.5,12.9,15.8,15.1,13.6,12.9
20260524,ブリオメンテ,59.0,42.6,26.9,13.5,16.4,15.7,13.4,13.5
20260524,ダイチノナポリ,62.9,42.8,25.3,11.8,20.1,17.5,13.5,11.8
20260524,タケトンボ,57.6,40.5,25.8,12.7,17.1,14.7,13.1,12.7
20260524,カネコメブライト,57.3,42.9,28.6,14.1,14.4,14.3,14.5,14.1
20260524,ソルチェリア,58.6,42.9,28.4,14.2,15.7,14.5,14.2,14.2
20260524,ワカワカ,57.9,42.0,27.6,13.8,15.9,14.4,13.8,13.8
20260524,サンライズグラシア,66.6,48.9,32.2,16.1,17.7,16.7,16.1,16.1
20260524,ヴェルメロディ,55.4,39.7,25.8,12.7,15.7,13.9,13.1,12.7
20260524,ジリアート,64.8,47.9,32.0,16.3,16.9,15.9,15.7,16.3
20260524,カフラー,60.7,44.0,27.5,13.8,16.7,16.5,13.7,13.8
20260524,クロレ,62.5,46.7,30.5,14.4,15.8,16.2,16.1,14.4
20260524,マテンロウアワー,53.5,38.9,25.7,13.0,14.6,13.2,12.7,13.0
20260524,ペイシャモノノフ,57.0,40.8,26.4,13.0,16.2,14.4,13.4,13.0
20260524,ロードフロンティア,59.3,42.6,27.7,14.0,16.7,14.9,13.7,14.0
20260524,キタノズエッジ,55.1,39.3,25.4,12.6,15.8,13.9,12.8,12.6
20260524,ビップジーニー,69.9,50.7,33.3,16.1,19.2,17.4,17.2,16.1
20260524,テリオスリコ,57.6,42.0,27.2,13.7,15.6,14.8,13.5,13.7
20260524,ケンタッキーホーム,58.3,42.5,27.8,13.8,15.8,14.7,14.0,13.8
20260524,スイートモンブラン,70.4,51.9,34.1,16.9,18.5,17.8,17.2,16.9
20260524,アートフォーム,56.8,39.1,25.0,12.6,17.7,14.1,12.4,12.6
20260524,エンダードラゴン,57.0,42.7,28.5,14.3,14.3,14.2,14.2,14.3
20260524,ディアウス,65.2,46.2,29.9,14.9,19.0,16.3,15.0,14.9
20260524,インユアスカイ,74.6,54.1,35.5,17.9,20.5,18.6,17.6,17.9
20260524,ロードメガロポリス,74.9,54.0,35.4,18.2,20.9,18.6,17.2,18.2
20260524,ヴォワラクテ,61.2,44.8,29.9,14.8,16.4,14.9,15.1,14.8
20260524,キングオブストーム,57.1,42.1,27.8,13.9,15.0,14.3,13.9,13.9
20260524,ダンデノン,55.9,39.8,25.7,12.8,16.1,14.1,12.9,12.8
20260524,ニホンピロゴルディ,66.2,49.0,32.2,16.2,17.2,16.8,16.0,16.2
20260524,フリームファクシ,57.4,41.5,27.4,13.7,15.9,14.1,13.7,13.7
20260524,ルージュマデイラ,70.4,52.2,34.5,16.7,18.2,17.7,17.8,16.7
20260524,アームズレジェンド,66.1,48.4,31.4,15.3,17.7,17.0,16.1,15.3
20260524,ホウオウレイヴン,65.4,47.9,31.0,14.7,17.5,16.9,16.3,14.7
20260524,ミエノクラウン,54.1,39.0,25.4,12.7,15.1,13.6,12.7,12.7
20260524,バトゥカーダ,65.2,48.2,32.1,16.3,17.0,16.1,15.8,16.3
20260524,ハミルトン,73.7,53.6,35.2,17.5,20.1,18.4,17.7,17.5
20260524,アンリミテッド,70.6,52.1,34.7,17.2,18.5,17.4,17.5,17.2
20260524,ラジャブルック,70.5,51.3,33.6,16.8,19.2,17.7,16.8,16.8
20260524,ハギノサステナブル,75.2,54.4,35.2,17.2,20.8,19.2,18.0,17.2
20260524,アリュウ,60.4,44.3,29.4,14.4,16.1,14.9,15.0,14.4
20260524,トラッドロア,75.1,54.4,35.1,16.7,20.7,19.3,18.4,16.7
20260524,ファヴォーニアン,72.7,52.7,35.2,17.0,20.0,17.5,18.2,17.0
20260524,ヴィヴェローネ,71.4,51.0,33.5,16.4,20.4,17.5,17.1,16.4
20260524,サンライズアムール,78.5,57.2,37.4,18.7,21.3,19.8,18.7,18.7
20260524,ウンディーネ,59.0,42.6,27.4,13.4,16.4,15.2,14.0,13.4
20260524,ミッキークレスト,60.9,45.5,30.6,15.3,15.4,14.9,15.3,15.3
20260524,ストラーダ,58.1,41.8,27.5,13.1,16.3,14.3,14.4,13.1
20260524,ガウラディスコ,64.9,47.4,31.3,15.5,17.5,16.1,15.8,15.5
20260524,エナジーイッセイ,61.1,45.9,30.7,15.2,15.2,15.2,15.5,15.2
20260524,ビシェノ,56.0,41.2,27.1,13.1,14.8,14.1,14.0,13.1
20260524,シェーネエルデ,69.5,51.5,33.8,16.6,18.0,17.7,17.2,16.6
20260524,キャンディリヒト,83.7,62.8,41.4,20.2,20.9,21.4,21.2,20.2
20260524,アイボリータワー,82.3,61.7,40.8,20.2,20.6,20.9,20.6,20.2
20260524,セミマル,60.2,43.9,27.6,13.3,16.3,16.3,14.3,13.3
20260524,レゾンフォルテ,58.7,42.4,27.3,12.6,16.3,15.1,14.7,12.6
20260524,ヒルノバルデス,58.7,42.5,27.4,12.6,16.2,15.1,14.8,12.6
20260524,ステラクラウン,55.1,40.0,25.6,12.4,15.1,14.4,13.2,12.4
20260524,ザブライド,54.3,38.7,25.0,12.5,15.6,13.7,12.5,12.5
20260524,メイショウカスガイ,55.9,40.0,26.0,12.6,15.9,14.0,13.4,12.6
20260524,ルージュマデイラ,55.5,40.2,25.7,12.5,15.3,14.5,13.2,12.5
20260524,ガウディ,54.5,39.4,25.2,12.6,15.1,14.2,12.6,12.6
20260524,アームズレジェンド,54.3,39.3,25.1,12.6,15.0,14.2,12.5,12.6
20260524,エドウィンナルコ,49.8,37.8,26.0,13.7,12.0,11.8,12.3,13.7
20260524,アセンシオン,56.4,40.4,26.1,12.6,16.0,14.3,13.5,12.6
20260524,リッチブラック,57.9,42.3,27.8,13.6,15.6,14.5,14.2,13.6
20260524,シュタールヴィント,57.8,41.6,27.1,13.4,16.2,14.5,13.7,13.4
20260524,ティニア,64.5,47.8,32.0,16.1,16.7,15.8,15.9,16.1
20260524,モズイージス,56.8,43.3,30.0,16.1,13.5,13.3,13.9,16.1
20260524,ワンウェイトゥヘル,62.5,45.3,30.3,15.2,17.2,15.0,15.1,15.2
20260524,ハミルトン,55.5,40.6,26.2,12.6,14.9,14.4,13.6,12.6
20260524,ミュージアムマイル,55.0,39.6,25.7,12.8,15.4,13.9,12.9,12.8
20260524,スリールミニョン,62.3,44.7,29.1,14.2,17.6,15.6,14.9,14.2
20260524,ラグナトーレ,60.5,44.8,29.8,14.4,15.7,15.0,15.4,14.4
20260524,ラッキーバック,60.2,43.4,28.4,14.1,16.8,15.0,14.3,14.1
20260524,ハイビッグゴールド,57.3,41.9,27.5,13.6,15.4,14.4,13.9,13.6
20260524,バースデイフライト,57.4,42.2,27.9,14.2,15.2,14.3,13.7,14.2
20260524,ヴェインズマン,59.9,44.3,28.9,14.6,15.6,15.4,14.3,14.6
20260524,ベルアズーロ,61.0,44.2,28.5,13.8,16.8,15.7,14.7,13.8
20260524,モヴシエラ,62.5,46.0,30.7,14.9,16.5,15.3,15.8,14.9
20260524,アンリミテッド,55.5,40.6,26.2,12.5,14.9,14.4,13.7,12.5
20260524,ヤマニンイハナ,66.0,49.5,32.9,16.3,16.5,16.6,16.6,16.3
20260524,レットミーゴー,60.0,44.3,29.5,15.1,15.7,14.8,14.4,15.1
20260524,シャプシュ,57.5,42.2,27.9,14.2,15.3,14.3,13.7,14.2
20260524,セイウンハーデス,54.9,39.4,25.6,12.8,15.5,13.8,12.8,12.8
20260524,レジェンドシップ,56.0,40.7,26.3,12.8,15.3,14.4,13.5,12.8
20260524,ハギノサステナブル,59.2,43.1,28.2,13.8,16.1,14.9,14.4,13.8
20260524,モズマーヴェリック,69.5,51.5,34.3,17.4,18.0,17.2,16.9,17.4
20260524,アリエスキング,58.4,43.6,28.9,14.1,14.8,14.7,14.8,14.1
20260524,レッドリベルタ,65.6,48.2,31.8,15.7,17.4,16.4,16.1,15.7
20260524,ハリウッドパーク,54.4,39.7,25.6,12.4,14.7,14.1,13.2,12.4
20260524,ジンセイ,58.1,43.0,28.7,14.0,15.1,14.3,14.7,14.0
20260524,モモンウールー,55.6,40.0,26.3,13.3,15.6,13.7,13.0,13.3
20260524,ハヤブサオヒメサマ,56.7,40.7,26.6,13.2,16.0,14.1,13.4,13.2
20260524,ヒロウッドテール,57.7,42.6,27.7,13.7,15.1,14.9,14.0,13.7
20260524,アイビーミャーオ,58.6,43.0,28.3,14.0,15.6,14.7,14.3,14.0
20260524,リアンドゥクール,57.4,40.7,26.0,12.6,16.7,14.7,13.4,12.6
20260524,タガノプディング,57.6,41.8,27.4,13.1,15.8,14.4,14.3,13.1
20260524,ラジャブルック,57.5,41.0,26.7,12.8,16.5,14.3,13.9,12.8
20260524,トラッドロア,56.8,41.1,26.2,12.7,15.7,14.9,13.5,12.7
20260524,ニドヅケキンシ,55.8,40.8,26.5,13.1,15.0,14.3,13.4,13.1
20260524,アイゼンフォルク,55.2,39.9,26.3,13.3,15.3,13.6,13.0,13.3
20260524,ファヴォーニアン,56.6,41.1,26.1,12.7,15.5,15.0,13.4,12.7
20260524,ヴィヴェローネ,57.5,41.0,26.7,12.9,16.5,14.3,13.8,12.9
20260524,サンライズアムール,57.1,41.5,26.7,13.1,15.6,14.8,13.6,13.1
20260524,イトカワサクラ,60.8,44.5,29.1,14.0,16.3,15.4,15.1,14.0
20260524,ブラックドレス,66.1,47.7,31.2,15.9,18.4,16.5,15.3,15.9
20260524,ワキノノーブル,58.2,41.8,27.1,13.4,16.4,14.7,13.7,13.4
20260524,グロリアスグレイス,73.4,54.3,36.0,17.9,19.1,18.3,18.1,17.9
20260524,パンジャタワー,56.3,40.6,26.1,12.8,15.7,14.5,13.3,12.8
20260524,スタードメイソン,65.4,48.0,31.6,15.5,17.4,16.4,16.1,15.5
20260524,ヒシアイラ,59.5,43.1,27.1,13.0,16.4,16.0,14.1,13.0
20260524,レーヴドリュヌ,58.7,42.2,26.9,13.2,16.5,15.3,13.7,13.2
20260524,ワイルドカグラ,64.1,46.7,30.6,15.1,17.4,16.1,15.5,15.1
20260524,リーベンスヴェルト,60.1,43.6,28.7,13.8,16.5,14.9,14.9,13.8
20260524,グランドオーパス,56.1,40.9,27.2,13.4,15.2,13.7,13.8,13.4
20260524,ニシノサリーナ,54.5,39.9,26.1,12.6,14.6,13.8,13.5,12.6
20260524,ヴィンテール,60.6,44.0,28.6,14.0,16.6,15.4,14.6,14.0
20260524,キモンミナリッチ,62.2,44.9,28.9,14.4,17.3,16.0,14.5,14.4
20260524,マスリュウオー,69.2,50.9,33.5,16.5,18.3,17.4,17.0,16.5
20260524,マオノファースト,62.5,45.1,28.9,14.4,17.4,16.2,14.5,14.4
20260524,テーオーダグラス,60.2,43.8,28.2,13.7,16.4,15.6,14.5,13.7
20260524,アスクワンタイム,60.6,43.1,28.0,13.7,17.5,15.1,14.3,13.7
20260524,テラメリタ,56.6,40.6,26.2,13.2,16.0,14.4,13.0,13.2
20260524,ショウナンガチ,57.5,42.0,27.2,13.3,15.5,14.8,13.9,13.3
20260524,キングメーカー,59.7,43.5,27.8,13.6,16.2,15.7,14.2,13.6
20260524,アスクデッドヒート,64.1,46.7,30.9,15.4,17.4,15.8,15.5,15.4
20260524,グロリアスマーチ,61.8,44.6,29.3,14.3,17.2,15.3,15.0,14.3
20260524,タガノラヴズワン,58.8,43.1,28.0,13.9,15.7,15.1,14.1,13.9
20260524,マーゴットユーカー,65.9,49.0,32.6,16.5,16.9,16.4,16.1,16.5
20260524,サンタンジェロ,56.8,41.4,26.8,13.2,15.4,14.6,13.6,13.2
20260524,ゴコウサス,53.3,39.1,25.4,0.0,14.2,13.7,0.0,0.0
20260524,アガシ,56.8,41.8,27.1,13.3,15.0,14.7,13.8,13.3
20260524,トモジャザーン,58.4,41.1,26.8,13.9,17.3,14.3,12.9,13.9
20260524,リネアグローリア,56.6,41.7,27.7,14.0,14.9,14.0,13.7,14.0
20260524,ワンダーイロネ,64.9,48.2,32.0,15.8,16.7,16.2,16.2,15.8
20260524,オースミライト,66.7,48.1,31.5,15.2,18.6,16.6,16.3,15.2
20260524,ミラージュナイト,58.3,42.8,27.7,13.6,15.5,15.1,14.1,13.6
20260524,ムーランオランジュ,53.0,38.9,25.5,12.9,14.1,13.4,12.6,12.9
20260524,マーゴットデウス,64.0,46.9,31.1,15.7,17.1,15.8,15.4,15.7
20260524,ニミッツハイウェイ,59.6,43.1,28.3,13.9,16.5,14.8,14.4,13.9
20260524,ハオカノア,51.9,38.0,25.0,12.6,13.9,13.0,12.4,12.6
20260524,トライアンフパス,54.0,39.3,25.5,12.7,14.7,13.8,12.8,12.7
20260524,スナークゴーギャン,57.4,41.6,27.5,13.8,15.8,14.1,13.7,13.8
20260524,アルゴナヴィス,57.4,40.7,26.3,13.2,16.7,14.4,13.1,13.2
20260524,ニホンピロデヴィン,63.3,46.3,30.2,15.2,17.0,16.1,15.0,15.2
20260524,ユーコンノオトコ,60.0,43.8,28.7,14.3,16.2,15.1,14.4,14.3
20260524,スタークラウン,60.3,43.4,28.1,13.9,16.9,15.3,14.2,13.9
20260524,コンテナヒーロー,58.8,43.2,27.7,13.0,15.6,15.5,14.7,13.0
20260524,シュネープリンセス,60.3,42.9,28.2,14.1,17.4,14.7,14.1,14.1
20260524,ビーテリオス,72.7,54.0,35.7,17.6,18.7,18.3,18.1,17.6
20260524,イザベル,59.2,43.2,28.0,13.9,16.0,15.2,14.1,13.9
20260524,マサノブルスカイ,70.7,52.5,34.4,17.1,18.2,18.1,17.3,17.1
20260524,タイドビート,59.0,42.6,27.9,13.9,16.4,14.7,14.0,13.9
20260524,スマートケープ,58.0,41.8,27.4,13.4,16.2,14.4,14.0,13.4
20260524,レイワサンサン,66.4,48.9,31.9,15.5,17.5,17.0,16.4,15.5
20260524,ユーヴェリア,54.1,39.1,25.2,12.7,15.0,13.9,12.5,12.7
20260524,エアニゲラ,57.8,42.0,27.2,13.7,15.8,14.8,13.5,13.7
20260524,ブルクトーア,58.2,42.3,27.6,13.8,15.9,14.7,13.8,13.8
20260524,ディニテ,58.7,43.2,28.6,14.0,15.5,14.6,14.6,14.0
20260524,メメボス,69.5,49.7,32.6,15.7,19.8,17.1,16.9,15.7
20260524,ビナハイバン,64.0,47.2,31.2,15.4,16.8,16.0,15.8,15.4
20260524,ファツアップ,67.2,49.1,31.8,14.9,18.1,17.3,16.9,14.9
20260524,ロックウイズミー,68.5,49.9,32.6,15.8,18.6,17.3,16.8,15.8
20260524,グランテレーズ,64.6,47.4,31.4,15.4,17.2,16.0,16.0,15.4
20260524,アルビオン,55.5,40.6,26.7,13.4,14.9,13.9,13.3,13.4
20260524,ボンボンブーケ,60.0,42.9,28.1,14.3,17.1,14.8,13.8,14.3
20260524,ｽﾏｰﾄｱｴﾛの24,63.6,47.3,31.2,14.9,16.3,16.1,16.3,14.9
20260524,ソゲソゲスマイル,58.4,43.1,28.2,14.1,15.3,14.9,14.1,14.1
20260524,ライジン,58.4,41.4,27.2,13.5,17.0,14.2,13.7,13.5
20260524,ベンダバール,65.2,48.2,30.3,15.0,17.0,17.9,15.3,15.0
20260524,メディテラニアン,60.9,44.6,28.9,14.3,16.3,15.7,14.6,14.3
20260524,ラルス,70.0,50.8,32.9,16.1,19.2,17.9,16.8,16.1
20260524,メイショウマントル,66.1,48.6,32.1,16.0,17.5,16.5,16.1,16.0
20260524,バークシャーシチー,55.5,41.1,27.1,13.7,14.4,14.0,13.4,13.7
20260524,グランフィエルテ,71.5,51.8,33.2,16.5,19.7,18.6,16.7,16.5
20260524,センリョウヤクシャ,58.2,43.5,29.1,14.3,14.7,14.4,14.8,14.3
20260524,サクセスアイ,56.6,41.2,27.4,13.6,15.4,13.8,13.8,13.6
20260524,モズマーヴェリック,59.0,43.9,29.3,14.8,15.1,14.6,14.5,14.8
20260524,イイデカンタロウ,58.1,41.4,27.1,13.4,16.7,14.3,13.7,13.4
20260524,ヒルノアラゴン,60.1,42.9,27.6,13.5,17.2,15.3,14.1,13.5
20260524,トリオノチカラ,60.6,44.5,28.3,13.7,16.1,16.2,14.6,13.7
20260524,ラストモーメント,61.0,44.5,28.2,13.7,16.5,16.3,14.5,13.7
20260524,カシノクロサイト,60.0,43.0,27.7,13.5,17.0,15.3,14.2,13.5
20260524,メイショウオーロラ,54.2,39.6,26.1,13.2,14.6,13.5,12.9,13.2
20260524,クルミナーレ,58.3,41.5,26.3,12.7,16.8,15.2,13.6,12.7
20260524,アスクイキゴミ,72.3,53.3,35.0,18.1,19.0,18.3,16.9,18.1
20260524,マイバレンタイン,57.4,40.8,25.9,12.6,16.6,14.9,13.3,12.6
20260524,ファームツエンティ,62.7,45.0,29.4,14.3,17.7,15.6,15.1,14.3
20260524,ビップディラン,63.1,45.8,30.5,15.5,17.3,15.3,15.0,15.5
20260524,リトルスカーレット,62.8,45.7,29.7,14.5,17.1,16.0,15.2,14.5
20260524,バロニアル,58.5,43.0,28.7,14.2,15.5,14.3,14.5,14.2
20260524,トップアタック,68.2,50.1,33.0,16.1,18.1,17.1,16.9,16.1
20260524,アルサック,55.9,41.6,27.1,12.7,14.3,14.5,14.4,12.7
20260524,エレノアサンライズ,56.5,41.2,26.9,13.7,15.3,14.3,13.2,13.7
20260524,スカイメテオ,65.8,48.6,32.1,16.1,17.2,16.5,16.0,16.1
20260524,ｴｸｽﾁｪﾝｼﾞの24,72.4,54.4,36.3,18.3,18.0,18.1,18.0,18.3
20260524,ヒグマドン,72.7,54.4,36.3,18.3,18.3,18.1,18.0,18.3
20260524,ユメハハテシナク,62.8,45.7,29.7,14.8,17.1,16.0,14.9,14.8
20260524,スレッドザニードル,60.0,41.9,26.9,13.5,18.1,15.0,13.4,13.5
20260524,アスクヴォルテージ,62.3,45.7,30.0,14.6,16.6,15.7,15.4,14.6
20260524,ロンドボス,61.2,44.5,28.1,13.6,16.7,16.4,14.5,13.6
20260524,エムフォー,59.4,43.0,28.3,14.0,16.4,14.7,14.3,14.0
20260524,ｱﾑｰﾙﾘﾝｸｽの24,64.7,47.0,30.4,15.0,17.7,16.6,15.4,15.0
20260524,ジュエルシップ,68.8,50.8,33.3,16.7,18.0,17.5,16.6,16.7
20260524,カレンハウ,65.8,47.8,31.2,15.3,18.0,16.6,15.9,15.3
20260524,メイショウシンタケ,67.8,49.1,31.9,15.6,18.7,17.2,16.3,15.6
20260524,ダノンマッキンリー,71.6,52.2,34.0,16.5,19.4,18.2,17.5,16.5
20260524,ダイシンヨーク,64.1,47.2,31.1,15.4,16.9,16.1,15.7,15.4
20260524,ウィモウェ,64.4,47.4,31.6,15.7,17.0,15.8,15.9,15.7
20260524,プリンセッサ,60.2,43.8,28.7,14.1,16.4,15.1,14.6,14.1
20260524,ハッピーラブソング,54.9,40.2,26.0,13.3,14.7,14.2,12.7,13.3
20260524,エコロメジャー,56.9,41.2,26.6,13.1,15.7,14.6,13.5,13.1
20260524,サンタンカ,74.4,54.9,36.1,17.8,19.5,18.8,18.3,17.8
20260524,ミキノバカラ,60.6,44.3,28.9,14.2,16.3,15.4,14.7,14.2
20260524,ザムーン,68.8,50.4,32.4,15.5,18.4,18.0,16.9,15.5
20260524,シーミハットク,57.8,41.4,26.3,12.3,16.4,15.1,14.0,12.3
20260524,アーサーバローズ,58.3,42.7,27.7,13.2,15.6,15.0,14.5,13.2
20260524,カラバッシュ,67.4,48.8,31.1,14.5,18.6,17.7,16.6,14.5
20260524,トラペジスト,63.2,44.4,28.1,13.7,18.8,16.3,14.4,13.7
20260524,バッケンレコード,64.0,46.0,29.6,14.3,18.0,16.4,15.3,14.3
20260524,ダイメイクマモト,68.3,51.7,34.5,17.2,16.6,17.2,17.3,17.2
20260524,マイラヴノリピー,66.9,48.9,32.1,15.8,18.0,16.8,16.3,15.8
20260524,テラレガル,68.9,51.8,34.3,17.3,17.1,17.5,17.0,17.3
20260524,ロードガレリア,61.3,45.0,29.3,14.4,16.3,15.7,14.9,14.4
20260524,コンフォルツァ,62.1,44.9,29.3,15.3,17.2,15.6,14.0,15.3
20260524,リュキア,56.2,40.5,26.6,12.9,15.7,13.9,13.7,12.9
20260524,タマモイカロス,58.2,42.3,27.6,13.6,15.9,14.7,14.0,13.6
20260524,マテンロウゼロ,65.9,48.4,32.2,15.9,17.5,16.2,16.3,15.9
20260524,エルハーベン,58.9,43.5,28.6,14.6,15.4,14.9,14.0,14.6
20260524,ヴィラーニ,61.2,45.0,29.4,14.3,16.2,15.6,15.1,14.3
20260524,マテンロウアルカナ,63.6,46.6,30.4,14.9,17.0,16.2,15.5,14.9
20260524,マルモリスペシャル,57.1,41.5,26.9,13.1,15.6,14.6,13.8,13.1
20260524,セイフウサツキ,62.1,46.1,31.2,15.8,16.0,14.9,15.4,15.8
20260524,チリーゴールド,61.1,44.2,29.2,14.6,16.9,15.0,14.6,14.6
20260524,リピ,58.0,42.3,27.0,12.7,15.7,15.3,14.3,12.7
20260524,アリハム,57.8,42.9,28.2,13.6,14.9,14.7,14.6,13.6
20260524,デルマフジ,59.3,43.7,28.0,13.6,15.6,15.7,14.4,13.6
20260524,ゴールドアクセス,61.0,44.3,29.5,14.8,16.7,14.8,14.7,14.8
20260524,ウインハルフォード,57.0,41.4,26.9,12.9,15.6,14.5,14.0,12.9
20260524,オンユアマークス,61.9,46.1,31.2,15.8,15.8,14.9,15.4,15.8
20260524,エムズマインド,58.2,41.6,26.8,12.9,16.6,14.8,13.9,12.9
20260524,スマートフォルス,54.1,38.5,24.5,12.4,15.6,14.0,12.1,12.4
20260524,クロノスバレット,56.9,40.1,26.1,12.9,16.8,14.0,13.2,12.9
20260524,ジーティーピカソ,56.4,41.4,27.0,13.3,15.0,14.4,13.7,13.3
20260524,ライトオブジアース,65.5,48.4,32.4,16.3,17.1,16.0,16.1,16.3
20260524,メイショウメゴヒメ,60.9,44.4,28.8,14.1,16.5,15.6,14.7,14.1
20260524,テムルーラー,59.9,43.7,28.8,14.5,16.2,14.9,14.3,14.5
20260524,ﾌﾞﾗﾝﾀﾞﾙｼﾞｬﾝの24,59.9,43.7,28.8,14.5,16.2,14.9,14.3,14.5
20260524,シックパラソル,65.5,48.0,31.8,15.9,17.5,16.2,15.9,15.9
20260524,ルクスビッグスター,69.8,50.8,33.5,16.7,19.0,17.3,16.8,16.7
20260524,アイランド,68.4,50.3,33.1,16.1,18.1,17.2,17.0,16.1
20260524,グランフィエルテ,66.0,47.4,31.3,15.3,18.6,16.1,16.0,15.3
20260524,ラルス,69.9,50.3,32.2,15.4,19.6,18.1,16.8,15.4
20260524,タイニーワンダー,59.3,41.9,26.6,13.0,17.4,15.3,13.6,13.0
20260524,トゥインクルピカ,58.5,43.6,28.5,14.3,14.9,15.1,14.2,14.3
20260524,モンテパステル,58.6,43.6,28.6,14.2,15.0,15.0,14.4,14.2
20260524,メイショウセイロウ,61.5,44.4,29.0,14.3,17.1,15.4,14.7,14.3
20260524,ソルトハッピー,68.6,49.3,32.0,15.7,19.3,17.3,16.3,15.7
20260524,レイワノキセキ,70.3,51.0,33.2,16.7,19.3,17.8,16.5,16.7
20260524,パープルクラウド,64.2,46.5,30.3,14.6,17.7,16.2,15.7,14.6
20260524,オフトレイル,65.2,46.9,30.1,14.2,18.3,16.8,15.9,14.2
20260524,テリコス,66.0,47.7,31.0,15.2,18.3,16.7,15.8,15.2
20260524,エンジェルボイス,66.5,48.0,30.6,15.0,18.5,17.4,15.6,15.0
20260524,エイシンビーコン,65.8,47.0,30.4,14.7,18.8,16.6,15.7,14.7
20260524,カンフージョン,65.8,47.6,30.5,14.8,18.2,17.1,15.7,14.8
20260524,モズナイスバディー,58.4,41.9,26.5,12.9,16.5,15.4,13.6,12.9
20260524,カルチャーデイ,58.3,42.2,27.0,12.9,16.1,15.2,14.1,12.9
20260524,クリコイーコ,62.0,44.6,29.3,14.6,17.4,15.3,14.7,14.6
20260524,ダイメイミラクル,69.3,51.5,34.3,16.8,17.8,17.2,17.5,16.8
20260524,フィオレストラーダ,57.5,40.8,26.5,13.0,16.7,14.3,13.5,13.0
20260524,ダイシンドラゴン,60.2,43.7,28.5,13.7,16.5,15.2,14.8,13.7
20260524,ルガル,58.7,41.8,27.4,13.6,16.9,14.4,13.8,13.6
20260524,オーシンハーフ,57.4,41.9,27.1,13.2,15.5,14.8,13.9,13.2
20260524,ジュンラトゥール,54.9,40.1,26.3,13.3,14.8,13.8,13.0,13.3
20260524,レディントン,56.6,41.1,26.3,12.5,15.5,14.8,13.8,12.5
20260524,スナークピカソ,59.1,42.8,27.8,13.9,16.3,15.0,13.9,13.9
20260524,サンオブザサン,60.0,43.6,28.0,13.8,16.4,15.6,14.2,13.8
20260524,ナムラソラン,63.1,46.1,30.2,15.0,17.0,15.9,15.2,15.0
20260524,マイユニバース,60.4,44.0,28.6,14.0,16.4,15.4,14.6,14.0
20260524,グリミスティ,66.4,49.6,33.2,16.3,16.8,16.4,16.9,16.3
20260524,リトセア,70.5,52.2,34.6,17.1,18.3,17.6,17.5,17.1
20260524,ソウテン,69.7,49.8,32.1,15.3,19.9,17.7,16.8,15.3
20260524,パシアンジャン,57.8,42.6,27.5,13.9,15.2,15.1,13.6,13.9
20260524,パフュームセント,58.0,40.5,25.6,12.3,17.5,14.9,13.3,12.3
20260524,ワンダースアン,57.3,40.8,25.6,12.5,16.5,15.2,13.1,12.5
20260524,ヴィータリッカ,56.8,40.1,25.0,12.2,16.7,15.1,12.8,12.2
20260524,チェサピークベイ,62.2,46.3,31.5,15.7,15.9,14.8,15.8,15.7
20260524,ゴンフィンガー,58.4,41.6,26.3,12.8,16.8,15.3,13.5,12.8
20260524,ルーメンルーナエ,67.5,49.3,32.1,15.8,18.2,17.2,16.3,15.8
20260524,ダイナマイク,57.8,41.2,26.2,12.8,16.6,15.0,13.4,12.8
20260524,メイショウドライブ,69.7,50.8,32.9,15.6,18.9,17.9,17.3,15.6
20260524,ウインドトリック,64.0,48.7,32.3,16.0,15.3,16.4,16.3,16.0
20260524,タナブイハチターボ,69.2,50.1,33.0,16.5,19.1,17.1,16.5,16.5
20260524,ムソウテンセイ,67.1,48.6,31.7,15.5,18.5,16.9,16.2,15.5
20260524,フェリチタ,60.4,44.5,29.3,14.5,15.9,15.2,14.8,14.5
20260524,リュウトウコヤク,60.5,44.5,29.3,14.5,16.0,15.2,14.8,14.5
20260524,メイショウシンタケ,56.3,40.5,26.1,13.0,15.8,14.4,13.1,13.0
20260524,タイキエクセロン,54.4,38.5,25.3,12.8,15.9,13.2,12.5,12.8
20260524,サンタンカ,57.3,41.3,26.3,12.9,16.0,15.0,13.4,12.9
20260524,ザムーン,58.9,43.0,27.6,13.4,15.9,15.4,14.2,13.4
20260524,ヨドノゴールド,62.6,44.9,28.8,13.1,17.7,16.1,15.7,13.1
20260524,ロードラディウス,52.2,38.2,24.9,12.5,14.0,13.3,12.4,12.5
20260524,ダイメイプリンス,54.8,39.7,25.5,12.7,15.1,14.2,12.8,12.7
20260524,ゴールドアーチ,57.1,41.7,26.9,13.2,15.4,14.8,13.7,13.2
20260524,グランピアン,54.5,39.8,25.7,13.0,14.7,14.1,12.7,13.0
20260524,スリーキズナヒメ,64.0,46.5,30.7,15.2,17.5,15.8,15.5,15.2
20260524,ウメヒナタ,70.3,51.5,33.6,16.4,18.8,17.9,17.2,16.4
20260524,パンジャケリー,68.1,48.8,32.3,16.3,19.3,16.5,16.0,16.3
20260524,ﾚｰｳﾞﾄﾞﾘｰﾌﾞの24,68.7,48.9,32.3,16.4,19.8,16.6,15.9,16.4
20260524,マテンロウプリンス,64.8,46.8,30.4,14.7,18.0,16.4,15.7,14.7
20260524,ナリタエスペランサ,56.6,41.8,25.9,12.7,14.8,15.9,13.2,12.7
20260524,ブロンザイト,54.1,40.2,26.8,13.4,13.9,13.4,13.4,13.4
20260524,ダノンベルビュー,58.9,42.9,28.4,14.2,16.0,14.5,14.2,14.2
20260524,ヨシノイースター,58.8,43.1,28.7,14.5,15.7,14.4,14.2,14.5
20260524,ビザンチンドリーム,59.2,41.5,27.1,14.0,17.7,14.4,13.1,14.0
20260524,リジル,62.9,46.6,30.6,14.9,16.3,16.0,15.7,14.9
20260524,テーオーマルコーニ,60.5,44.1,28.6,13.9,16.4,15.5,14.7,13.9
20260524,ワイドクリーガー,64.2,48.0,31.6,15.7,16.2,16.4,15.9,15.7
20260524,スターアスコット,61.4,45.2,30.4,15.4,16.2,14.8,15.0,15.4
20260524,インクレイブル,59.5,43.9,29.5,14.5,15.6,14.4,15.0,14.5
20260524,エグジスタンス,58.9,43.9,29.3,14.7,15.0,14.6,14.6,14.7
20260524,タマコイファルコン,58.4,42.3,27.9,13.5,16.1,14.4,14.4,13.5
20260524,クラウスーラ,58.3,42.3,28.0,13.6,16.0,14.3,14.4,13.6
20260524,ティムール,58.5,43.9,28.9,14.4,14.6,15.0,14.5,14.4
20260524,コンテナワールド,62.3,45.2,30.2,15.5,17.1,15.0,14.7,15.5
20260524,インヴォーグ,60.9,45.1,30.1,15.6,15.8,15.0,14.5,15.6
20260524,ブライアーヒル,58.2,43.0,28.9,14.6,15.2,14.1,14.3,14.6
20260524,ルージュバロン,69.8,51.9,34.7,17.4,17.9,17.2,17.3,17.4
20260524,アスクコンナモンダ,62.3,47.1,31.9,16.2,15.2,15.2,15.7,16.2
20260524,トモジャプレジール,64.5,47.3,32.1,16.6,17.2,15.2,15.5,16.6
20260524,スマートエラン,71.7,51.1,32.6,16.0,20.6,18.5,16.6,16.0
20260524,エルトンバローズ,70.7,52.0,34.2,16.9,18.7,17.8,17.3,16.9
20260524,ワンコールアウェイ,71.4,52.6,34.4,17.0,18.8,18.2,17.4,17.0
20260524,キタノガイヤール,59.8,41.3,25.9,13.1,18.5,15.4,12.8,13.1
20260524,キタノボニータ,62.7,43.3,26.1,12.7,19.4,17.2,13.4,12.7
20260524,アート,71.2,50.8,33.6,16.5,20.4,17.2,17.1,16.5
20260524,アマノガワギンガ,62.2,42.8,25.8,12.7,19.4,17.0,13.1,12.7
20260524,モズナツノジン,59.9,41.4,25.8,12.9,18.5,15.6,12.9,12.9
20260524,セブンサークル,66.4,47.7,30.2,14.8,18.7,17.5,15.4,14.8
20260524,ロードマンハイム,53.1,38.3,25.1,12.9,14.8,13.2,12.2,12.9
20260524,ヴェントステラーレ,56.6,41.3,27.4,13.8,15.3,13.9,13.6,13.8
20260524,ワルツプリンセス,65.9,50.1,33.5,17.3,15.8,16.6,16.2,17.3
20260524,オーレアミスト,54.7,40.2,26.2,13.1,14.5,14.0,13.1,13.1
20260524,ダズリングノット,55.3,39.7,26.3,13.3,15.6,13.4,13.0,13.3
20260524,セイカンサンラン,68.9,55.2,38.2,19.4,13.7,17.0,18.8,19.4
20260524,クロスボーダー,63.1,46.1,30.3,15.4,17.0,15.8,14.9,15.4
20260524,グランモンターナ,56.3,0.0,0.0,12.9,0.0,0.0,0.0,12.9
20260524,ファサ,56.3,40.4,25.9,12.8,15.9,14.5,13.1,12.8
20260524,ウルスクローム,60.7,44.6,29.5,14.9,16.1,15.1,14.6,14.9
20260524,ベイリークロア,64.0,45.9,30.3,15.0,18.1,15.6,15.3,15.0
20260524,ドラゴンドール,72.9,51.7,33.7,16.2,21.2,18.0,17.5,16.2
20260524,ベストレイク,64.5,47.9,31.7,15.7,16.6,16.2,16.0,15.7
20260524,ユウトザイノセント,64.3,48.2,31.9,15.8,16.1,16.3,16.1,15.8
20260524,メイショウホウレン,62.8,44.5,28.6,14.2,18.3,15.9,14.4,14.2
20260524,ヤブサメ,64.1,47.8,32.0,16.3,16.3,15.8,15.7,16.3
20260524,スターペスショウマ,59.7,43.8,28.6,14.3,15.9,15.2,14.3,14.3
20260524,メイショウショカツ,71.0,50.6,32.3,15.6,20.4,18.3,16.7,15.6
20260524,メイショウタバル,64.2,48.2,32.4,16.2,16.0,15.8,16.2,16.2
20260524,リチュアル,64.6,48.4,31.9,16.2,16.2,16.5,15.7,16.2
20260524,プレゼンティーア,65.6,48.5,32.2,16.2,17.1,16.3,16.0,16.2
20260524,エーデルヴェーグ,55.5,39.7,26.2,13.2,15.8,13.5,13.0,13.2
20260524,ジーティーダーリン,63.0,45.0,29.6,14.6,18.0,15.4,15.0,14.6
20260524,マーベリックシチー,59.0,42.9,28.1,14.2,16.1,14.8,13.9,14.2
20260524,トップオンザヒル,54.7,40.4,26.1,13.0,14.3,14.3,13.1,13.0
20260524,ベルラフィネ,55.6,40.7,26.2,13.0,14.9,14.5,13.2,13.0
20260524,タプティ,67.2,49.5,32.6,16.4,17.7,16.9,16.2,16.4
20260524,ピュアノーブル,67.4,49.4,32.7,16.2,18.0,16.7,16.5,16.2
20260524,ムーンライトラガー,64.0,47.3,31.4,15.7,16.7,15.9,15.7,15.7
20260524,ファムマルキーズ,64.9,48.3,32.2,16.2,16.6,16.1,16.0,16.2
20260524,キービート,56.5,41.5,26.7,12.9,15.0,14.8,13.8,12.9
20260524,ゼットクイン,53.4,39.0,25.5,12.9,14.4,13.5,12.6,12.9
20260524,ジキトウライ,64.9,47.7,31.8,15.9,17.2,15.9,15.9,15.9
20260524,クインズショコラ,58.0,42.2,27.5,13.4,15.8,14.7,14.1,13.4
20260524,ドリームキャリー,62.0,45.3,29.3,14.0,16.7,16.0,15.3,14.0
20260524,オーシンエス,64.0,46.5,30.8,15.5,17.5,15.7,15.3,15.5
20260524,ジョイフルサンデー,68.6,50.1,33.1,16.5,18.5,17.0,16.6,16.5
20260524,エバーグルーヴ,59.5,44.7,30.0,14.9,14.8,14.7,15.1,14.9
20260524,シャドウルーラー,65.5,49.0,32.8,16.4,16.5,16.2,16.4,16.4
20260524,アメリカンダンス,67.8,50.4,33.2,16.5,17.4,17.2,16.7,16.5
20260524,ウーマンズパワー,63.5,47.5,31.6,15.8,16.0,15.9,15.8,15.8
20260524,テンカオーライ,59.9,43.3,28.2,14.0,16.6,15.1,14.2,14.0
20260524,ラヴァブル,67.5,48.4,32.0,16.1,19.1,16.4,15.9,16.1
20260524,ビップアリス,69.0,50.5,33.4,16.5,18.5,17.1,16.9,16.5
20260524,ジーティービキニ,59.3,43.2,28.2,13.9,16.1,15.0,14.3,13.9
20260524,セントールビースト,66.8,48.0,31.0,15.1,18.8,17.0,15.9,15.1
20260524,チョウギャル,67.5,48.1,30.9,15.4,19.4,17.2,15.5,15.4
20260524,オラロア,55.4,40.3,26.1,12.9,15.1,14.2,13.2,12.9
20260524,ロードオルデン,57.3,42.0,27.8,14.4,15.3,14.2,13.4,14.4
20260524,ブリックワーク,56.7,41.3,26.9,13.6,15.4,14.4,13.3,13.6
20260524,ポッドドンナー,58.4,42.9,27.7,13.2,15.5,15.2,14.5,13.2
20260524,レフティサーリ,67.0,48.5,30.7,14.5,18.5,17.8,16.2,14.5
20260524,ロードインヴォーグ,60.3,44.3,28.9,13.9,16.0,15.4,15.0,13.9
20260524,ストロングボーイ,67.8,50.5,34.0,16.5,17.3,16.5,17.5,16.5
20260524,ランズエンド,65.0,47.5,30.5,15.3,17.5,17.0,15.2,15.3
20260524,スナークルーベンス,70.3,51.6,34.0,17.3,18.7,17.6,16.7,17.3
20260524,シュガーハウス,69.9,51.1,33.6,17.1,18.8,17.5,16.5,17.1
20260524,マンオブザマッチ,68.8,50.7,33.2,16.4,18.1,17.5,16.8,16.4
20260524,メイショウタイザン,64.5,45.7,29.9,14.1,18.8,15.8,15.8,14.1
20260524,アンドヴェローナ,69.2,50.3,32.9,16.0,18.9,17.4,16.9,16.0
20260524,マーゴットオネイロ,55.9,40.1,27.5,14.5,15.8,12.6,13.0,14.5
20260524,ライトニングロッド,68.7,48.1,30.7,15.2,20.6,17.4,15.5,15.2
20260524,エイプリルインパリ,57.2,40.5,25.6,12.4,16.7,14.9,13.2,12.4
20260524,シンヒダカゴールド,59.4,44.6,30.6,15.4,14.8,14.0,15.2,15.4
20260524,ゴッドエスパーダ,66.2,48.8,32.3,15.9,17.4,16.5,16.4,15.9
20260524,サマーナジュム,67.3,49.9,33.1,16.6,17.4,16.8,16.5,16.6
20260524,ビップデイジー,57.0,41.7,27.5,13.9,15.3,14.2,13.6,13.9
20260524,クールブレーブ,67.1,48.9,31.7,15.8,18.2,17.2,15.9,15.8
