年月日,馬名,Time1,Time2,Time3,Time4,Lap4,Lap3,Lap2,Lap1
20260703,ジャガード,67.8,49.0,31.7,15.7,18.8,17.3,16.0,15.7
20260703,ユキマル,66.9,48.5,31.6,16.1,18.4,16.9,15.5,16.1
20260703,サトノヴィレ,62.9,46.3,30.3,15.2,16.6,16.0,15.1,15.2
20260703,カイトヴィント,63.6,46.9,31.2,15.9,16.7,15.7,15.3,15.9
20260703,チギリ,63.2,46.5,30.8,15.2,16.7,15.7,15.6,15.2
20260703,ホノボノ,68.2,51.3,35.0,18.0,16.9,16.3,17.0,18.0
20260703,アイアンナックル,67.4,49.8,33.3,16.7,17.6,16.5,16.6,16.7
20260703,テキサスバローズ,66.6,48.7,31.9,16.2,17.9,16.8,15.7,16.2
20260703,アマンヘセル,63.5,46.7,30.9,15.4,16.8,15.8,15.5,15.4
20260703,ロジケープ,67.3,49.3,32.6,16.2,18.0,16.7,16.4,16.2
20260703,アイムインディ,63.6,47.3,31.7,15.8,16.3,15.6,15.9,15.8
20260703,ノリマル,65.8,47.8,31.0,15.4,18.0,16.8,15.6,15.4
20260703,ラッキースウィッチ,62.9,45.6,29.4,14.7,17.3,16.2,14.7,14.7
20260703,ライヴバーボン,67.9,49.3,32.6,16.5,18.6,16.7,16.1,16.5
20260703,エスクアドラ,62.7,46.1,30.2,15.0,16.6,15.9,15.2,15.0
20260703,カンピオーネ,65.0,47.8,31.7,15.6,17.2,16.1,16.1,15.6
20260703,イゾラフェリーチェ,65.8,48.7,32.1,16.1,17.1,16.6,16.0,16.1
20260703,ヴァズレーヌ,64.6,47.9,32.2,16.1,16.7,15.7,16.1,16.1
20260703,ポッドロワール,67.7,49.1,32.3,16.4,18.6,16.8,15.9,16.4
20260703,アタリダイキチ,68.7,51.7,34.0,16.8,17.0,17.7,17.2,16.8
20260703,スピニンググローブ,65.7,48.2,31.1,15.1,17.5,17.1,16.0,15.1
20260703,ゼファーテソーロ,65.3,47.9,32.1,16.1,17.4,15.8,16.0,16.1
20260703,メイショウバリスタ,68.8,51.0,34.3,16.7,17.8,16.7,17.6,16.7
20260703,キミガハマ,65.1,48.6,32.1,15.5,16.5,16.5,16.6,15.5
20260703,ルストラーレ,62.0,44.7,28.8,14.4,17.3,15.9,14.4,14.4
20260703,ゴールデンハニビー,64.3,46.8,30.5,14.9,17.5,16.3,15.6,14.9
20260703,リサナウト,62.8,45.7,30.2,15.4,17.1,15.5,14.8,15.4
20260703,ロワデュモンド,69.3,51.0,34.2,16.9,18.3,16.8,17.3,16.9
20260703,ブレイクフォース,67.7,49.8,32.6,15.9,17.9,17.2,16.7,15.9
20260703,レッドロスタム,69.4,51.0,33.0,16.0,18.4,18.0,17.0,16.0
20260703,アドミラルシップ,69.7,51.5,33.7,16.6,18.2,17.8,17.1,16.6
20260703,ケープウィッカム,67.4,49.5,32.7,16.4,17.9,16.8,16.3,16.4
20260703,エマージェンス,62.2,45.7,30.4,14.9,16.5,15.3,15.5,14.9
20260703,ハルノアラシ,69.9,51.3,34.0,17.3,18.6,17.3,16.7,17.3
20260703,エターナルシルバー,67.3,49.4,32.7,16.0,17.9,16.7,16.7,16.0
20260703,セイウンヤオヨロズ,63.6,45.3,29.1,14.1,18.3,16.2,15.0,14.1
20260703,ウインテラジーナ,70.1,51.7,33.9,16.9,18.4,17.8,17.0,16.9
20260703,ワインダークシー,67.4,49.6,32.9,16.2,17.8,16.7,16.7,16.2
20260703,ジーナグレイス,65.4,47.2,30.7,15.3,18.2,16.5,15.4,15.3
20260703,ショウナンハーヴェ,69.6,51.1,33.8,16.8,18.5,17.3,17.0,16.8
20260703,アルーアウインド,69.7,50.9,33.1,16.1,18.8,17.8,17.0,16.1
20260703,サノノファイター,70.0,51.7,33.9,16.7,18.3,17.8,17.2,16.7
20260703,タシット,67.9,49.9,32.5,16.0,18.0,17.4,16.5,16.0
20260703,ブリッツアロング,70.2,51.6,34.4,17.1,18.6,17.2,17.3,17.1
20260703,スマイルディシー,64.1,47.3,31.3,15.8,16.8,16.0,15.5,15.8
20260703,フェデルミエール,70.9,51.9,33.7,16.7,19.0,18.2,17.0,16.7
20260703,コンヴァージョン,66.1,49.0,32.3,15.9,17.1,16.7,16.4,15.9
20260703,ミツカネメルクリオ,71.8,52.4,34.8,17.2,19.4,17.6,17.6,17.2
20260703,ミエスタ,70.3,51.9,34.0,16.7,18.4,17.9,17.3,16.7
20260703,ヌビアン,72.1,52.8,35.1,17.7,19.3,17.7,17.4,17.7
20260703,エルミー,62.5,45.5,30.0,14.6,17.0,15.5,15.4,14.6
20260703,アロハオエ,64.6,47.7,31.7,16.2,16.9,16.0,15.5,16.2
20260703,コパノエイダン,80.0,58.7,37.9,18.5,21.3,20.8,19.4,18.5
20260703,ゴバド,71.8,53.0,34.9,17.2,18.8,18.1,17.7,17.2
20260703,パチクリベスクリ,0.0,54.2,35.3,17.7,0.0,18.9,17.6,17.7
20260703,ヴァルフォース,71.2,52.6,34.5,16.9,18.6,18.1,17.6,16.9
20260703,ヴァストマーレ,64.9,47.3,30.8,15.1,17.6,16.5,15.7,15.1
20260703,ソーロブスト,64.9,47.4,30.9,15.0,17.5,16.5,15.9,15.0
20260703,ボールドゾーン,72.1,53.3,35.4,17.1,18.8,17.9,18.3,17.1
20260703,アンパドゥ,72.6,53.5,35.4,17.6,19.1,18.1,17.8,17.6
20260703,ラストシャリナ,67.2,48.7,31.2,14.7,18.5,17.5,16.5,14.7
20260703,クリアクォーツ,72.3,52.4,34.2,16.7,19.9,18.2,17.5,16.7
20260703,ガラク,56.9,41.5,27.2,13.2,15.4,14.3,14.0,13.2
20260703,ノクターン,72.1,52.9,34.8,17.2,19.2,18.1,17.6,17.2
20260703,フィールドノート,71.9,53.4,35.4,17.2,18.5,18.0,18.2,17.2
20260703,カンフーヒーロー,72.0,52.2,34.3,16.8,19.8,17.9,17.5,16.8
20260703,ヨドノティアラ,76.8,56.9,37.8,19.2,19.9,19.1,18.6,19.2
20260703,サイモングリーマン,70.0,52.6,34.1,16.3,17.4,18.5,17.8,16.3
20260703,スティールヴォーグ,70.9,51.5,33.2,16.0,19.4,18.3,17.2,16.0
20260703,ペールデュクラン,71.3,52.3,34.0,16.8,19.0,18.3,17.2,16.8
20260703,レイナデルアイレ,73.4,54.0,35.5,18.0,19.4,18.5,17.5,18.0
20260703,スカイドリーマー,71.9,52.0,34.6,16.7,19.9,17.4,17.9,16.7
20260703,タマモチョコチップ,71.0,51.8,33.5,16.4,19.2,18.3,17.1,16.4
20260703,パーフェクトスノー,69.8,50.7,33.3,16.4,19.1,17.4,16.9,16.4
20260703,ジュンヴィヴァン,57.0,41.5,27.1,13.2,15.5,14.4,13.9,13.2
20260703,ディヴァインスペル,71.7,52.8,34.6,17.0,18.9,18.2,17.6,17.0
20260703,ノーブルクライ,70.0,51.5,33.8,17.0,18.5,17.7,16.8,17.0
20260703,ラーナローザ,67.0,48.8,32.1,15.9,18.2,16.7,16.2,15.9
20260703,マイネルボス,65.0,46.9,30.4,14.8,18.1,16.5,15.6,14.8
20260703,イマジェリーナ,70.4,50.6,33.9,17.3,19.8,16.7,16.6,17.3
20260703,ジャメビュ,70.5,51.1,32.9,16.4,19.4,18.2,16.5,16.4
20260703,ケンブリッジ,70.6,51.2,33.5,16.4,19.4,17.7,17.1,16.4
20260703,モーニンムスメ,70.7,52.3,35.0,17.3,18.4,17.3,17.7,17.3
20260703,シルバーゴールド,72.5,53.1,34.8,17.5,19.4,18.3,17.3,17.5
20260703,サイモンセレーノ,70.4,50.6,32.4,16.2,19.8,18.2,16.2,16.2
20260703,カシマライフウ,71.5,52.9,35.3,17.4,18.6,17.6,17.9,17.4
20260703,ジーティージェミル,73.0,53.8,35.8,17.9,19.2,18.0,17.9,17.9
20260703,コスモノーチラス,70.1,51.7,34.3,16.6,18.4,17.4,17.7,16.6
20260703,ライングラウス,71.6,51.2,33.4,16.6,20.4,17.8,16.8,16.6
20260703,モミスケ,70.3,51.1,33.4,16.5,19.2,17.7,16.9,16.5
20260703,ピリナカピリナ,73.5,54.2,35.7,18.0,19.3,18.5,17.7,18.0
20260703,レガメデルヴェント,68.5,50.1,32.4,15.2,18.4,17.7,17.2,15.2
20260703,マイネルモメンタム,67.1,48.8,31.9,16.2,18.3,16.9,15.7,16.2
20260703,モンツァフレイバー,70.7,53.0,35.2,17.3,17.7,17.8,17.9,17.3
20260703,フランシスガリバー,67.4,47.8,30.3,14.9,19.6,17.5,15.4,14.9
20260703,アイファーアイドル,69.9,51.6,34.4,17.3,18.3,17.2,17.1,17.3
20260703,ブルーサーマル,66.8,49.0,32.6,16.3,17.8,16.4,16.3,16.3
20260703,フロステリオン,65.9,49.6,32.6,16.3,16.3,17.0,16.3,16.3
20260703,ノーブルクラウド,69.8,52.4,34.8,17.2,17.4,17.6,17.6,17.2
20260703,ココニーナ,71.7,52.4,34.5,17.5,19.3,17.9,17.0,17.5
20260703,レオスキーム,70.3,51.3,33.6,17.0,19.0,17.7,16.6,17.0
20260703,イセッセイ,73.2,53.5,34.3,17.2,19.7,19.2,17.1,17.2
20260703,ファインブライト,73.4,54.2,35.8,18.3,19.2,18.4,17.5,18.3
20260703,テスタ,68.8,50.6,32.9,16.3,18.2,17.7,16.6,16.3
20260703,トムキャット,70.0,51.6,34.2,17.1,18.4,17.4,17.1,17.1
20260703,ステラルミノーザ,71.6,51.7,34.0,17.1,19.9,17.7,16.9,17.1
20260703,インザダーク,73.3,53.4,35.1,17.7,19.9,18.3,17.4,17.7
20260703,セイウンリリーナ,71.6,53.5,35.6,18.0,18.1,17.9,17.6,18.0
20260703,チャームジュネーヴ,75.2,55.6,37.3,18.5,19.6,18.3,18.8,18.5
20260703,サトノスプレマシー,70.4,52.4,34.7,17.2,18.0,17.7,17.5,17.2
20260703,エコロレイズ,68.9,50.8,32.9,16.2,18.1,17.9,16.7,16.2
20260703,シュラフ,69.6,51.5,33.9,16.8,18.1,17.6,17.1,16.8
20260703,スワローシチー,65.1,47.1,30.5,14.7,18.0,16.6,15.8,14.7
20260703,アンプイットアップ,71.4,52.1,34.0,17.2,19.3,18.1,16.8,17.2
20260703,コウジハラ,67.5,49.9,32.4,16.2,17.6,17.5,16.2,16.2
20260703,リアルパラダイス,67.4,49.8,32.7,16.3,17.6,17.1,16.4,16.3
20260703,リーディンアクター,66.8,47.7,30.6,15.0,19.1,17.1,15.6,15.0
20260703,ハルガスミ,71.4,51.5,33.1,16.0,19.9,18.4,17.1,16.0
20260703,ドリームユー,65.0,48.1,31.7,15.7,16.9,16.4,16.0,15.7
20260703,ウカテンセイ,68.0,49.5,32.1,16.1,18.5,17.4,16.0,16.1
20260703,エーアイクワイ,73.2,53.6,35.1,17.7,19.6,18.5,17.4,17.7
20260703,アルスラーン,74.1,54.7,35.9,17.9,19.4,18.8,18.0,17.9
20260703,マルガリート,73.7,54.3,36.0,17.8,19.4,18.3,18.2,17.8
20260703,ニシキギミッチー,69.0,50.4,33.0,16.3,18.6,17.4,16.7,16.3
20260703,ライトアファイア,67.7,49.3,32.1,15.8,18.4,17.2,16.3,15.8
20260703,カスターニエ,67.5,49.2,31.8,15.7,18.3,17.4,16.1,15.7
20260703,スラッシュコード,66.9,47.7,30.4,14.9,19.2,17.3,15.5,14.9
20260703,トリスティ,73.0,52.9,34.7,17.2,20.1,18.2,17.5,17.2
20260703,ラヴィングリー,73.0,53.3,35.1,18.3,19.7,18.2,16.8,18.3
20260703,イントゥザウインド,70.6,52.0,33.9,16.2,18.6,18.1,17.7,16.2
20260703,クツワエターナル,69.7,51.0,33.4,16.6,18.7,17.6,16.8,16.6
20260703,アッシズオブローズ,68.1,50.7,33.5,16.1,17.4,17.2,17.4,16.1
20260703,カセノメロス,69.9,51.2,33.5,16.8,18.7,17.7,16.7,16.8
20260703,プレシャスローズ,73.8,53.7,34.2,15.9,20.1,19.5,18.3,15.9
20260703,ミコウェイ,69.9,51.3,33.6,16.8,18.6,17.7,16.8,16.8
20260703,エレクトス,73.9,54.1,35.5,17.2,19.8,18.6,18.3,17.2
20260703,ニンニン,75.1,54.3,35.1,17.0,20.8,19.2,18.1,17.0
20260703,ホウオウプレシャス,66.6,49.1,32.8,16.6,17.5,16.3,16.2,16.6
20260703,フラムリンガム,68.0,49.5,32.7,16.4,18.5,16.8,16.3,16.4
20260703,スーパーホース,56.4,40.7,26.6,13.0,15.7,14.1,13.6,13.0
20260703,ステイアンビシャス,71.0,51.6,33.3,16.0,19.4,18.3,17.3,16.0
20260703,カフェブーケット,66.8,48.4,32.1,15.8,18.4,16.3,16.3,15.8
20260703,ブルータス,68.3,50.3,32.8,16.0,18.0,17.5,16.8,16.0
20260703,ホープエトワール,68.9,50.8,33.7,16.7,18.1,17.1,17.0,16.7
20260703,ランドスター,68.8,49.7,31.8,15.8,19.1,17.9,16.0,15.8
20260703,ヘルヴィッツ,67.0,48.6,31.6,15.5,18.4,17.0,16.1,15.5
20260703,トモジャオーリー,69.7,50.5,32.7,15.9,19.2,17.8,16.8,15.9
20260703,ゴールドパレード,63.1,46.8,31.5,16.2,16.3,15.3,15.3,16.2
20260703,チャチャット,70.0,51.1,33.1,16.2,18.9,18.0,16.9,16.2
20260703,モーモーゼロ,67.4,49.6,32.8,16.3,17.8,16.8,16.5,16.3
20260703,ソニックウェーブ,68.7,50.2,33.1,16.4,18.5,17.1,16.7,16.4
20260703,ベールダウン,65.9,48.5,32.0,15.9,17.4,16.5,16.1,15.9
20260703,キミヘノメロディー,65.1,47.2,30.2,14.5,17.9,17.0,15.7,14.5
20260703,ダイユウファリーナ,65.9,48.2,31.5,15.5,17.7,16.7,16.0,15.5
20260703,フォルラニーニ,68.0,49.9,32.8,16.5,18.1,17.1,16.3,16.5
20260703,ルディドゥゲンジ,68.6,51.2,34.1,16.7,17.4,17.1,17.4,16.7
20260703,ジーティーヒラリ,65.2,46.4,29.9,14.7,18.8,16.5,15.2,14.7
20260703,スカイレックス,64.2,47.8,31.6,16.1,16.4,16.2,15.5,16.1
20260703,リアライズグロリア,67.3,50.3,33.4,16.2,17.0,16.9,17.2,16.2
20260703,ショーマンフリート,68.6,50.1,32.9,16.4,18.5,17.2,16.5,16.4
20260703,ノーブルオリンポス,70.7,51.2,33.0,16.0,19.5,18.2,17.0,16.0
20260703,レイユール,71.8,52.3,33.7,16.2,19.5,18.6,17.5,16.2
20260703,ビリングス,68.5,50.8,33.9,17.0,17.7,16.9,16.9,17.0
20260703,ダイユウサルターレ,69.0,50.5,33.8,17.1,18.5,16.7,16.7,17.1
20260703,ヤマニンジェンナ,72.6,52.9,34.9,17.9,19.7,18.0,17.0,17.9
20260703,ヌンエリン,74.3,54.1,35.1,17.3,20.2,19.0,17.8,17.3
20260703,リアンディール,74.4,54.3,35.2,17.4,20.1,19.1,17.8,17.4
20260703,ヴェルバーニア,68.4,49.9,32.3,16.0,18.5,17.6,16.3,16.0
20260703,ヨシヒロ,68.8,50.3,33.1,16.9,18.5,17.2,16.2,16.9
20260703,ビタークレス,81.7,60.2,39.0,19.6,21.5,21.2,19.4,19.6
20260703,メリークリスマス,66.6,48.2,31.2,15.5,18.4,17.0,15.7,15.5
20260703,ディスペアーホープ,65.7,48.4,31.8,15.5,17.3,16.6,16.3,15.5
20260703,ムーチョピカンテ,70.5,52.1,34.6,17.3,18.4,17.5,17.3,17.3
20260703,ジンクピリチオン,71.3,53.1,35.7,17.4,18.2,17.4,18.3,17.4
20260703,サトノトルネード,61.6,45.5,30.6,15.2,16.1,14.9,15.4,15.2
20260703,ヴォンヌヴォー,70.3,50.4,32.9,15.6,19.9,17.5,17.3,15.6
20260703,ノブダブルホワイト,64.9,47.7,30.8,14.8,17.2,16.9,16.0,14.8
20260703,ショウナンサムデイ,65.5,48.0,31.6,15.6,17.5,16.4,16.0,15.6
20260703,ウェスケンジントン,66.8,48.9,32.4,16.5,17.9,16.5,15.9,16.5
20260703,セントリアン,70.8,51.9,34.6,17.7,18.9,17.3,16.9,17.7
20260703,フロムドーン,69.0,50.9,33.7,16.6,18.1,17.2,17.1,16.6
20260703,フォワードシャッセ,62.3,45.1,29.2,14.8,17.2,15.9,14.4,14.8
20260703,サンヴァンガード,69.7,50.7,33.7,16.7,19.0,17.0,17.0,16.7
20260703,タッケンエリカ,70.1,50.9,34.3,17.2,19.2,16.6,17.1,17.2
20260703,マイネルモーント,71.1,52.5,34.5,17.2,18.6,18.0,17.3,17.2
20260703,アイウィル,70.8,52.5,34.0,16.8,18.3,18.5,17.2,16.8
20260703,ポッドロルフ,67.9,51.0,33.9,17.1,16.9,17.1,16.8,17.1
20260703,ナックエルドラド,67.8,49.7,32.3,16.3,18.1,17.4,16.0,16.3
20260703,フローレスカラーズ,71.7,53.7,35.2,17.0,18.0,18.5,18.2,17.0
20260703,レッドフリーマン,68.2,50.0,33.4,16.0,18.2,16.6,17.4,16.0
20260703,ガーネットテソーロ,71.2,52.1,34.2,16.6,19.1,17.9,17.6,16.6
20260703,ゴールドテソーロ,71.4,53.2,34.8,17.0,18.2,18.4,17.8,17.0
20260703,グランシュレーム,71.5,52.9,35.0,16.8,18.6,17.9,18.2,16.8
20260703,リントヴルム,69.9,51.5,33.9,16.6,18.4,17.6,17.3,16.6
20260703,トモジャシャトー,54.3,39.0,25.3,12.6,15.3,13.7,12.7,12.6
20260703,ゲレル,70.4,50.6,32.9,16.0,19.8,17.7,16.9,16.0
20260703,サヨノジャンボリー,54.3,39.3,25.5,12.8,15.0,13.8,12.7,12.8
20260703,ホノボノ,67.8,49.9,32.6,15.9,17.9,17.3,16.7,15.9
20260703,アイアンナックル,66.2,49.4,32.3,16.2,16.8,17.1,16.1,16.2
20260703,シャインネージュ,72.3,52.5,33.9,16.7,19.8,18.6,17.2,16.7
20260703,プラチナムディスク,54.6,39.4,25.7,12.6,15.2,13.7,13.1,12.6
20260703,ロジケープ,67.1,49.4,32.5,16.2,17.7,16.9,16.3,16.2
20260703,ナックレジーナ,72.1,52.1,34.1,17.1,20.0,18.0,17.0,17.1
20260703,トーセンブリラーレ,54.5,39.4,25.7,12.6,15.1,13.7,13.1,12.6
20260703,ネクストドア,71.3,53.2,35.7,18.2,18.1,17.5,17.5,18.2
20260703,ライヴバーボン,65.6,48.4,31.5,16.3,17.2,16.9,15.2,16.3
20260703,カピリナ,68.9,50.7,33.3,17.0,18.2,17.4,16.3,17.0
20260703,ポッドロワール,66.5,48.8,32.1,16.1,17.7,16.7,16.0,16.1
20260703,イズルード,74.7,54.2,35.1,17.4,20.5,19.1,17.7,17.4
20260703,ボンヌソワレ,66.3,48.7,32.0,16.0,17.6,16.7,16.0,16.0
20260703,モーニングダリア,66.6,49.1,32.6,16.5,17.5,16.5,16.1,16.5
20260703,ホウオウヘッセン,74.9,55.0,35.5,17.2,19.9,19.5,18.3,17.2
20260703,アンジュリオ,66.3,48.6,31.9,15.9,17.7,16.7,16.0,15.9
20260703,クリスタルドレス,72.2,53.5,35.4,17.8,18.7,18.1,17.6,17.8
20260703,デフィレドール,69.2,50.6,33.3,16.6,18.6,17.3,16.7,16.6
20260703,オウケンボルト,65.4,47.2,30.1,14.5,18.2,17.1,15.6,14.5
20260703,レザンノワール,71.8,52.6,33.7,16.4,19.2,18.9,17.3,16.4
20260703,レディリリス,70.0,50.5,32.8,16.3,19.5,17.7,16.5,16.3
20260703,ミツカネメルクリオ,66.3,49.2,32.8,16.7,17.1,16.4,16.1,16.7
20260703,ミエスタ,53.7,38.5,25.6,12.6,15.2,12.9,13.0,12.6
20260703,トウシンラヴ,65.1,47.4,30.3,14.2,17.7,17.1,16.1,14.2
20260703,ヌビアン,67.0,49.6,33.0,16.5,17.4,16.6,16.5,16.5
20260703,ロイヤルタイム,58.7,43.0,28.1,13.4,15.7,14.9,14.7,13.4
20260703,パチクリベスクリ,68.0,49.7,32.8,16.4,18.3,16.9,16.4,16.4
20260703,クールチェンジ,62.8,46.2,29.4,14.7,16.6,16.8,14.7,14.7
20260703,グラニット,72.9,53.2,34.8,16.8,19.7,18.4,18.0,16.8
20260703,ボールドゾーン,70.2,51.1,33.5,16.4,19.1,17.6,17.1,16.4
20260703,ブランフォルテ,140.7,100.8,64.2,30.7,39.9,36.6,33.5,30.7
20260703,スティールヴォーグ,69.4,50.7,32.7,15.9,18.7,18.0,16.8,15.9
20260703,シークレットシティ,140.3,100.2,63.6,30.2,40.1,36.6,33.4,30.2
20260703,パーフェクトスノー,69.4,50.9,33.7,16.5,18.5,17.2,17.2,16.5
20260703,スウィフトミモザ,140.8,101.1,64.5,31.1,39.7,36.6,33.4,31.1
20260703,エクセルウィザード,73.2,53.6,35.0,17.1,19.6,18.6,17.9,17.1
20260703,アルプスオジョー,71.0,51.8,34.1,17.0,19.2,17.7,17.1,17.0
20260703,アテナブレイブ,73.6,54.0,36.2,18.5,19.6,17.8,17.7,18.5
20260703,ノーブルクライ,69.6,51.7,33.9,16.8,17.9,17.8,17.1,16.8
20260703,ピコレッド,68.3,50.7,33.3,16.3,17.6,17.4,17.0,16.3
20260703,グラスアロー,70.6,52.3,34.9,17.3,18.3,17.4,17.6,17.3
20260703,コスモノーチラス,70.1,52.2,33.9,16.8,17.9,18.3,17.1,16.8
20260703,パルセノスミハ,70.1,52.0,34.7,17.3,18.1,17.3,17.4,17.3
20260703,ウッケン,68.9,50.6,32.9,16.4,18.3,17.7,16.5,16.4
20260703,ハクサンミレイ,68.3,50.0,32.2,16.0,18.3,17.8,16.2,16.0
20260703,テリオスレイ,70.4,51.8,33.9,16.8,18.6,17.9,17.1,16.8
20260703,メタルスピード,62.4,46.1,30.3,14.9,16.3,15.8,15.4,14.9
20260703,フミサウンド,64.9,47.6,31.4,15.9,17.3,16.2,15.5,15.9
20260703,フィーユレアル,64.6,47.9,32.1,16.3,16.7,15.8,15.8,16.3
20260703,スカイレックス,63.1,46.8,31.0,15.3,16.3,15.8,15.7,15.3
20260703,レッドカロン,65.1,47.8,31.4,15.7,17.3,16.4,15.7,15.7
20260703,ニシノイサリビ,68.5,50.8,34.2,17.3,17.7,16.6,16.9,17.3
20260703,ヘリオトロープ,68.7,49.9,33.3,16.7,18.8,16.6,16.6,16.7
20260703,ケイアイギルス,62.5,45.8,30.1,15.1,16.7,15.7,15.0,15.1
20260703,タクミオジュウ,62.1,45.3,30.0,15.2,16.8,15.3,14.8,15.2
20260703,ダイユウファリーナ,61.3,45.6,30.3,15.5,15.7,15.3,14.8,15.5
20260703,アルティソナンテ,66.1,49.1,32.2,16.0,17.0,16.9,16.2,16.0
20260703,ユニオンジャック,64.2,47.2,30.8,15.3,17.0,16.4,15.5,15.3
20260703,コウユーキミガイテ,64.5,47.3,30.8,15.2,17.2,16.5,15.6,15.2
20260703,ナインオブレター,67.3,49.6,33.1,16.6,17.7,16.5,16.5,16.6
20260703,ラスティレッド,72.7,53.3,34.5,17.1,19.4,18.8,17.4,17.1
20260703,センカンナガト,69.0,50.2,33.1,17.0,18.8,17.1,16.1,17.0
20260703,ハクタカ,67.0,50.1,33.6,17.2,16.9,16.5,16.4,17.2
20260703,ゴーゼンチュー,69.8,51.8,34.6,17.5,18.0,17.2,17.1,17.5
20260703,スルーインアード,71.2,52.7,34.8,17.2,18.5,17.9,17.6,17.2
20260703,ブルスカメンテ,60.5,45.2,30.4,15.0,15.3,14.8,15.4,15.0
20260703,アドミ,69.4,51.6,33.9,17.1,17.8,17.7,16.8,17.1
20260703,レアリゼソンレーヴ,63.5,46.5,30.6,14.7,17.0,15.9,15.9,14.7
20260703,トルタパスカリーナ,61.3,45.0,29.9,15.2,16.3,15.1,14.7,15.2
20260703,フジサン,73.1,52.5,34.3,17.4,20.6,18.2,16.9,17.4
20260703,イズルード,69.0,50.5,33.2,16.4,18.5,17.3,16.8,16.4
20260703,メディチパワー,72.2,53.8,35.9,18.2,18.4,17.9,17.7,18.2
20260703,ウェイワードアクト,65.7,48.5,31.7,15.6,17.2,16.8,16.1,15.6
20260703,レザンノワール,64.4,47.5,30.9,15.3,16.9,16.6,15.6,15.3
20260703,クイーンズレイン,70.7,53.1,35.1,17.3,17.6,18.0,17.8,17.3
20260703,ラヴノー,71.9,53.1,34.9,17.0,18.8,18.2,17.9,17.0
20260703,ミクニブレイブ,73.8,55.0,36.0,17.1,18.8,19.0,18.9,17.1
20260703,スタースポット,75.4,56.0,37.0,18.0,19.4,19.0,19.0,18.0
20260703,グランオギュール,75.4,56.0,37.2,17.9,19.4,18.8,19.3,17.9
20260703,ランスノーブル,61.0,43.8,27.9,13.6,17.2,15.9,14.3,13.6
20260703,クロニクル,66.2,48.4,31.8,15.8,17.8,16.6,16.0,15.8
20260703,ヒラボクヒーロー,68.3,50.1,32.2,16.2,18.2,17.9,16.0,16.2
20260703,モウエエデショー,68.8,50.9,32.9,16.3,17.9,18.0,16.6,16.3
20260703,イキフン,68.0,50.5,32.8,16.4,17.5,17.7,16.4,16.4
20260703,ニシノキフジン,68.8,50.9,33.5,16.9,17.9,17.4,16.6,16.9
20260703,シャンパンマーク,69.8,51.9,33.7,16.4,17.9,18.2,17.3,16.4
20260703,デルマアポロニア,65.6,48.6,32.4,16.0,17.0,16.2,16.4,16.0
20260703,トウシンライオット,69.1,51.1,33.7,16.8,18.0,17.4,16.9,16.8
20260703,サノノキセキ,67.9,49.2,32.1,16.2,18.7,17.1,15.9,16.2
20260703,バトルボーン,67.2,50.0,32.8,16.1,17.2,17.2,16.7,16.1
20260703,マーシヴィガラス,71.2,52.3,33.4,16.4,18.9,18.9,17.0,16.4
20260703,コパノミラノ,70.3,52.0,34.5,17.5,18.3,17.5,17.0,17.5
20260703,ワンダリングスター,68.0,49.8,32.8,16.2,18.2,17.0,16.6,16.2
20260703,ヴェットビルズ,70.6,52.4,34.7,17.5,18.2,17.7,17.2,17.5
20260703,テングカゼ,70.4,52.8,35.1,17.7,17.6,17.7,17.4,17.7
20260703,ロックユアライフ,64.3,47.2,31.5,15.9,17.1,15.7,15.6,15.9
20260703,ペアレンツハート,64.4,46.9,30.7,15.5,17.5,16.2,15.2,15.5
20260703,フェスティヴビーム,66.0,48.5,32.0,16.0,17.5,16.5,16.0,16.0
20260703,ルイステソーロ,67.9,49.2,32.2,16.0,18.7,17.0,16.2,16.0
20260703,クラウンテック,64.5,46.8,30.6,14.9,17.7,16.2,15.7,14.9
20260703,シャルムグリーン,64.3,47.4,31.2,15.7,16.9,16.2,15.5,15.7
20260703,オーケーグリット,64.8,48.3,30.7,15.4,16.5,17.6,15.3,15.4
20260703,ダイユウルミナス,66.4,48.6,32.1,16.2,17.8,16.5,15.9,16.2
20260703,コスモシグナス,68.4,50.8,33.9,16.6,17.6,16.9,17.3,16.6
20260703,ゲキザル,67.2,49.7,32.3,16.0,17.5,17.4,16.3,16.0
20260703,ウェイワードアクト,60.3,44.4,29.2,14.6,15.9,15.2,14.6,14.6
20260703,クイーンズワーフ,65.2,48.5,32.0,16.3,16.7,16.5,15.7,16.3
20260703,テンペストヒロイン,71.0,52.1,33.4,16.2,18.9,18.7,17.2,16.2
20260703,ミスターマーボー,67.9,50.1,33.4,17.2,17.8,16.7,16.2,17.2
20260703,フライスカイハイ,66.8,49.5,33.0,16.1,17.3,16.5,16.9,16.1
20260703,スイートハイデン,66.6,49.6,32.6,16.3,17.0,17.0,16.3,16.3
20260703,チェイサー,70.1,51.7,34.2,17.5,18.4,17.5,16.7,17.5
20260703,ウナギノボリ,71.3,52.6,34.2,17.2,18.7,18.4,17.0,17.2
20260703,フラッシュポイント,64.6,47.7,31.4,15.6,16.9,16.3,15.8,15.6
20260703,フォンドルレール,73.7,54.6,36.1,18.0,19.1,18.5,18.1,18.0
20260703,シルバープレミア,65.3,47.9,31.4,15.6,17.4,16.5,15.8,15.6
20260703,ユイノサダハル,61.6,45.3,28.6,13.7,16.3,16.7,14.9,13.7
20260703,ツイストマインド,68.0,50.8,33.7,16.7,17.2,17.1,17.0,16.7
20260703,ユーティジャーニー,74.0,54.0,35.6,17.6,20.0,18.4,18.0,17.6
20260703,カーラデマドレ,69.9,51.3,33.7,16.5,18.6,17.6,17.2,16.5
20260703,デルマツルギ,66.9,49.3,32.0,15.4,17.6,17.3,16.6,15.4
20260703,カタカムナ,72.9,54.2,36.1,17.9,18.7,18.1,18.2,17.9
20260703,サヴァビアン,68.7,50.1,32.9,15.7,18.6,17.2,17.2,15.7
20260703,ジーティーフクフク,66.5,49.4,32.7,16.3,17.1,16.7,16.4,16.3
20260703,カラマティアノス,61.2,45.3,29.7,14.7,15.9,15.6,15.0,14.7
20260703,ザバルガド,60.8,44.7,29.6,14.7,16.1,15.1,14.9,14.7
20260703,バダジェフスカ,60.9,44.6,29.2,14.2,16.3,15.4,15.0,14.2
20260703,ソワンドヴィクター,65.8,48.1,31.6,15.9,17.7,16.5,15.7,15.9
20260703,エメラルファイン,73.0,54.7,37.1,19.2,18.3,17.6,17.9,19.2
20260703,マイトリックスター,63.8,47.3,30.8,15.4,16.5,16.5,15.4,15.4
20260703,メイショウミズホ,64.2,47.4,31.3,16.0,16.8,16.1,15.3,16.0
20260703,サイモンナイスラン,71.2,53.2,35.7,18.1,18.0,17.5,17.6,18.1
20260703,ユイノスレチガイ,69.5,51.4,34.0,16.7,18.1,17.4,17.3,16.7
20260703,コールドスリープ,69.0,51.5,34.6,17.2,17.5,16.9,17.4,17.2
20260703,ナムラダックス,67.1,50.0,33.6,17.1,17.1,16.4,16.5,17.1
20260703,トム,67.8,50.4,34.0,17.2,17.4,16.4,16.8,17.2
20260703,ニシノコマチムスメ,72.3,52.3,33.8,16.6,20.0,18.5,17.2,16.6
20260703,デルマザオウ,68.7,50.2,33.3,16.0,18.5,16.9,17.3,16.0
20260703,ヒーローシー,70.6,51.5,33.8,17.6,19.1,17.7,16.2,17.6
20260703,サノノキセキ,66.3,49.0,32.5,16.3,17.3,16.5,16.2,16.3
20260703,トウシンライオット,66.6,49.1,32.2,16.0,17.5,16.9,16.2,16.0
20260703,スノーランス,64.1,46.7,30.6,15.1,17.4,16.1,15.5,15.1
20260703,ミエノストロング,63.9,47.8,31.7,15.7,16.1,16.1,16.0,15.7
20260703,ファウナード,63.1,47.2,30.6,14.6,15.9,16.6,16.0,14.6
20260703,レッドアバンドーネ,63.6,47.5,30.9,15.3,16.1,16.6,15.6,15.3
20260703,マーシヴィガラス,68.4,50.5,32.9,16.0,17.9,17.6,16.9,16.0
20260703,ファイアリービート,66.3,47.8,31.1,15.7,18.5,16.7,15.4,15.7
20260703,サクラモンストール,67.8,49.7,32.6,16.0,18.1,17.1,16.6,16.0
20260703,ドナソラーレ,61.8,44.6,28.9,14.3,17.2,15.7,14.6,14.3
20260703,フレイコン,67.5,48.9,31.7,16.1,18.6,17.2,15.6,16.1
20260703,テングカゼ,68.8,51.3,34.2,17.2,17.5,17.1,17.0,17.2
20260703,アルニタク,66.8,49.7,33.1,16.4,17.1,16.6,16.7,16.4
20260703,バトルクライ,71.0,52.0,33.7,16.8,19.0,18.3,16.9,16.8
20260703,メイリー,66.9,49.0,32.2,16.4,17.9,16.8,15.8,16.4
20260703,コスモメイウェザー,71.1,52.2,33.9,17.0,18.9,18.3,16.9,17.0
20260703,スタレネルヴェント,71.2,52.6,34.1,17.4,18.6,18.5,16.7,17.4
20260703,イニシャルポイント,70.7,52.2,33.8,16.8,18.5,18.4,17.0,16.8
20260703,エリカカリーナ,61.6,44.6,28.9,14.1,17.0,15.7,14.8,14.1
20260703,クリフハンガー,70.9,53.4,36.0,18.4,17.5,17.4,17.6,18.4
20260703,キョウエイボニータ,80.8,59.9,39.6,20.1,20.9,20.3,19.5,20.1
20260703,オルグジェシダ,63.7,46.3,29.5,14.8,17.4,16.8,14.7,14.8
20260703,マカナ,68.1,51.5,34.0,16.7,16.6,17.5,17.3,16.7
20260703,ココナッツコースト,72.6,53.2,34.8,17.1,19.4,18.4,17.7,17.1
20260703,プリモヴィータ,72.7,54.0,35.7,17.2,18.7,18.3,18.5,17.2
20260703,フィールザウィル,68.0,51.2,34.0,17.1,16.8,17.2,16.9,17.1
20260703,カツノテンス,72.8,54.8,36.8,18.8,18.0,18.0,18.0,18.8
20260703,メイショウヨゾラ,67.4,49.6,32.4,16.0,17.8,17.2,16.4,16.0
20260703,テリオスサラ,67.8,49.6,32.0,16.1,18.2,17.6,15.9,16.1
20260703,ルージュアベリア,62.0,46.3,30.2,14.4,15.7,16.1,15.8,14.4
20260703,マタミカンサン,63.2,48.1,31.4,15.1,15.1,16.7,16.3,15.1
20260703,クリムゾンリーフ,63.8,47.5,31.1,15.2,16.3,16.4,15.9,15.2
20260703,ベルトラッキ,63.5,47.0,30.8,14.7,16.5,16.2,16.1,14.7
20260703,フッカツノジャンボ,70.7,52.9,35.1,17.4,17.8,17.8,17.7,17.4
20260703,フキョウワオン,68.4,49.3,32.2,16.2,19.1,17.1,16.0,16.2
20260703,ショウナンバッカス,71.2,52.5,34.8,17.3,18.7,17.7,17.5,17.3
20260703,ブレッシングロード,70.0,51.9,34.5,17.2,18.1,17.4,17.3,17.2
20260703,フォンテキアーラ,71.8,53.4,35.1,17.3,18.4,18.3,17.8,17.3
20260703,ステラガーネット,69.5,51.4,34.1,16.9,18.1,17.3,17.2,16.9
20260703,ショウナンライシン,64.5,48.3,30.4,14.5,16.2,17.9,15.9,14.5
20260703,スカイプライド,64.5,47.1,30.2,14.7,17.4,16.9,15.5,14.7
20260703,ジョブックボー,60.1,44.8,29.9,14.9,15.3,14.9,15.0,14.9
20260703,ダノングローバル,65.2,48.0,31.2,15.2,17.2,16.8,16.0,15.2
20260703,ヤマタケボニータ,67.5,50.4,34.0,17.6,17.1,16.4,16.4,17.6
20260703,ドリームクルーズ,73.6,54.8,35.9,17.7,18.8,18.9,18.2,17.7
20260703,アオゾラランチ,73.2,54.0,35.3,17.2,19.2,18.7,18.1,17.2
20260703,トレンドマーチ,68.1,51.0,33.7,17.1,17.1,17.3,16.6,17.1
20260703,エッジランナー,67.7,49.4,32.4,15.9,18.3,17.0,16.5,15.9
20260703,ウイニングレイ,70.8,52.0,34.1,16.3,18.8,17.9,17.8,16.3
20260703,モンドシュピーゲル,74.4,54.7,36.2,18.1,19.7,18.5,18.1,18.1
20260703,アデルフィー,67.1,49.0,32.3,16.0,18.1,16.7,16.3,16.0
20260703,サングラント,66.9,48.6,31.9,15.5,18.3,16.7,16.4,15.5
20260703,ラヴィサンエール,66.5,49.1,32.4,16.0,17.4,16.7,16.4,16.0
20260703,ビースターリー,67.6,50.2,32.9,15.9,17.4,17.3,17.0,15.9
20260703,フィニート,67.9,50.7,33.5,16.6,17.2,17.2,16.9,16.6
20260703,グラティアム,63.4,47.5,31.5,15.7,15.9,16.0,15.8,15.7
20260703,ヴァルカンテソーロ,64.0,47.9,31.8,15.9,16.1,16.1,15.9,15.9
20260703,ペタルズダンス,63.8,47.7,31.7,15.9,16.1,16.0,15.8,15.9
20260703,ビップラージャ,67.1,50.0,33.2,16.7,17.1,16.8,16.5,16.7
20260703,ロードアマデウス,66.3,49.1,32.9,16.0,17.2,16.2,16.9,16.0
20260703,ミリオンクラウン,69.9,51.9,34.6,17.6,18.0,17.3,17.0,17.6
20260703,エースオブゴールド,66.1,47.6,30.4,14.9,18.5,17.2,15.5,14.9
20260703,マーゴットブロー,64.7,47.2,30.4,15.4,17.5,16.8,15.0,15.4
20260703,ジュングロワール,69.1,49.8,32.5,15.7,19.3,17.3,16.8,15.7
20260703,ニシノタカオ,67.8,48.7,31.4,15.3,19.1,17.3,16.1,15.3
20260703,ヴォルールドクール,63.2,46.0,30.5,14.9,17.2,15.5,15.6,14.9
20260703,オルッス,63.4,46.0,30.5,14.9,17.4,15.5,15.6,14.9
20260703,クモヒトツナイ,62.8,45.7,29.7,14.5,17.1,16.0,15.2,14.5
20260703,ロココ,88.2,64.8,42.3,20.8,23.4,22.5,21.5,20.8
20260703,アーバンアート,67.5,49.2,31.7,15.1,18.3,17.5,16.6,15.1
20260703,ウマッター,65.2,49.0,32.5,16.7,16.2,16.5,15.8,16.7
20260703,シーグルロス,66.9,50.6,33.6,16.9,16.3,17.0,16.7,16.9
20260703,グレイスルーラー,67.4,50.3,32.9,16.1,17.1,17.4,16.8,16.1
20260703,ブルーリボン,67.2,50.0,33.1,16.5,17.2,16.9,16.6,16.5
20260703,フェアリースノー,68.6,51.0,34.0,17.3,17.6,17.0,16.7,17.3
20260703,ポテ,67.1,49.9,33.0,16.5,17.2,16.9,16.5,16.5
20260703,キングクレオール,59.6,44.2,29.0,14.4,15.4,15.2,14.6,14.4
20260703,モンドシュピーゲル,67.3,50.3,33.2,16.2,17.0,17.1,17.0,16.2
20260703,トリプティーク,67.1,50.7,34.3,17.8,16.4,16.4,16.5,17.8
20260703,サスケソルトバーン,61.8,46.6,31.0,15.5,15.2,15.6,15.5,15.5
20260703,ルーラーリッチ,62.9,46.3,30.7,15.1,16.6,15.6,15.6,15.1
20260703,グランプラネッタ,65.5,47.9,30.9,14.9,17.6,17.0,16.0,14.9
20260703,ノブピースオブラブ,63.3,45.7,29.6,14.4,17.6,16.1,15.2,14.4
20260703,ノヴァカーラ,66.5,49.3,32.5,16.4,17.2,16.8,16.1,16.4
20260703,トーアトリニダー,65.1,47.1,30.6,15.0,18.0,16.5,15.6,15.0
20260703,スノーリン,65.8,48.8,32.2,16.1,17.0,16.6,16.1,16.1
20260703,イケイケルノワール,66.9,50.0,33.3,16.5,16.9,16.7,16.8,16.5
20260703,ラルコ,66.2,49.8,33.0,16.5,16.4,16.8,16.5,16.5
20260703,トランサルピナ,66.7,49.8,32.9,16.4,16.9,16.9,16.5,16.4
20260703,プリンキパトゥス,67.0,50.0,33.2,16.4,17.0,16.8,16.8,16.4
20260703,クリノゴッホ,66.4,48.6,31.3,15.4,17.8,17.3,15.9,15.4
20260703,ブレトワルダ,66.2,48.4,31.6,15.2,17.8,16.8,16.4,15.2
20260703,ディマイザキッド,65.0,48.1,31.8,16.0,16.9,16.3,15.8,16.0
20260703,フクオトコ,69.6,50.9,32.9,16.2,18.7,18.0,16.7,16.2
20260703,クラシオン,69.4,51.1,33.5,16.7,18.3,17.6,16.8,16.7
20260703,スペーストラベラー,69.6,51.3,33.5,16.6,18.3,17.8,16.9,16.6
20260703,ケイジャーダ,68.9,51.4,34.2,17.5,17.5,17.2,16.7,17.5
20260703,カラスアゲハ,69.2,51.5,34.3,17.5,17.7,17.2,16.8,17.5
20260703,クロースコンバット,67.7,50.4,33.5,16.8,17.3,16.9,16.7,16.8
20260703,ヴィンチェローズ,67.5,49.9,33.2,16.9,17.6,16.7,16.3,16.9
20260703,クールランナー,67.2,49.8,33.0,16.6,17.4,16.8,16.4,16.6
20260703,コヴェナント,67.3,50.5,33.0,16.5,16.8,17.5,16.5,16.5
20260703,ルブラッシュノモー,68.3,51.8,34.7,17.8,16.5,17.1,16.9,17.8
20260703,エーデルクラフト,69.8,51.1,33.3,16.2,18.7,17.8,17.1,16.2
20260703,サヴマ,69.7,50.3,33.0,16.1,19.4,17.3,16.9,16.1
20260703,キーチジャステン,66.9,48.6,31.5,15.6,18.3,17.1,15.9,15.6
20260703,ゴルタン,64.8,47.3,30.4,15.2,17.5,16.9,15.2,15.2
20260703,サウンズオーサム,65.4,47.3,30.2,14.7,18.1,17.1,15.5,14.7
20260703,セイウンパシュート,66.9,50.2,33.5,16.8,16.7,16.7,16.7,16.8
20260703,ニシノギャルズ,67.8,50.8,34.1,17.5,17.0,16.7,16.6,17.5
20260703,パストゥザスターズ,65.1,48.9,31.7,15.6,16.2,17.2,16.1,15.6
20260703,ハイテイラオユエ,113.4,82.7,53.3,26.2,30.7,29.4,27.1,26.2
20260703,セイウンサイフィー,68.4,50.8,34.0,17.2,17.6,16.8,16.8,17.2
20260703,コパノフラメンコ,69.5,51.2,34.0,17.2,18.3,17.2,16.8,17.2
20260703,フームスムート,68.4,50.6,33.8,16.7,17.8,16.8,17.1,16.7
20260703,グランシャット,57.0,41.9,27.5,13.7,15.1,14.4,13.8,13.7
20260703,リコルディオーロ,70.0,51.0,33.8,16.7,19.0,17.2,17.1,16.7
20260703,ジオパークカツキ,67.9,50.6,34.3,17.6,17.3,16.3,16.7,17.6
20260703,アオイゲート,70.1,51.3,32.8,16.0,18.8,18.5,16.8,16.0
20260703,ウインカーネリアン,62.0,46.5,30.4,15.3,15.5,16.1,15.1,15.3
20260703,ヒットミー,63.4,46.7,30.7,15.6,16.7,16.0,15.1,15.6
20260703,フォンデネージュ,61.8,45.9,30.2,15.1,15.9,15.7,15.1,15.1
20260703,ヘルメスギャング,65.8,48.6,31.8,15.8,17.2,16.8,16.0,15.8
20260703,スチールギターラグ,60.7,44.7,30.0,15.4,16.0,14.7,14.6,15.4
20260703,コスモアルペジオ,61.6,45.8,30.6,15.3,15.8,15.2,15.3,15.3
20260703,リーズメイリー,69.7,51.5,33.5,16.3,18.2,18.0,17.2,16.3
20260703,ピュアレスト,64.7,48.3,32.0,15.8,16.4,16.3,16.2,15.8
20260703,ワイドカリオン,64.0,47.8,31.3,15.6,16.2,16.5,15.7,15.6
20260703,ゼアズノープレイス,72.7,54.9,37.2,18.6,17.8,17.7,18.6,18.6
20260703,サトノドルチェ,67.2,48.8,31.6,16.0,18.4,17.2,15.6,16.0
20260703,エーティータキオン,69.8,53.1,36.2,18.4,16.7,16.9,17.8,18.4
20260703,ウインオーディン,61.1,45.4,30.4,15.8,15.7,15.0,14.6,15.8
20260703,デルマジュテーム,70.2,51.7,33.6,15.6,18.5,18.1,18.0,15.6
20260703,デルマテイネ,69.8,53.1,35.8,17.7,16.7,17.3,18.1,17.7
20260703,フェスティヴハート,55.6,41.1,26.7,13.3,14.5,14.4,13.4,13.3
20260703,セイカタカキヤチク,65.3,48.2,31.9,15.7,17.1,16.3,16.2,15.7
20260703,コスモモノポリー,60.6,44.5,29.4,14.5,16.1,15.1,14.9,14.5
20260703,ブーケドグレイス,65.7,48.0,31.5,15.9,17.7,16.5,15.6,15.9
20260703,マイネルヴェーゼン,68.0,49.6,32.6,16.0,18.4,17.0,16.6,16.0
20260703,サンアンドスターズ,71.9,54.4,36.5,17.9,17.5,17.9,18.6,17.9
20260703,マスターボリューム,65.3,49.5,32.7,16.4,15.8,16.8,16.3,16.4
20260703,レーゲンシャウアー,67.7,49.8,32.8,16.7,17.9,17.0,16.1,16.7
20260703,サザンキンレンカ,67.1,49.7,32.7,16.4,17.4,17.0,16.3,16.4
20260703,アンナモエ,69.0,51.3,33.9,17.0,17.7,17.4,16.9,17.0
20260703,ケルピー,67.8,50.2,33.2,16.6,17.6,17.0,16.6,16.6
20260703,トーケンギムレット,65.5,48.4,31.9,16.0,17.1,16.5,15.9,16.0
20260703,テンカタイヘイ,65.3,48.0,31.7,16.1,17.3,16.3,15.6,16.1
20260703,モリノレッドスター,68.7,50.1,32.7,16.0,18.6,17.4,16.7,16.0
20260703,クラウンウルル,66.0,48.7,31.6,15.8,17.3,17.1,15.8,15.8
20260703,モリノアミーゴ,69.9,49.4,31.4,15.9,20.5,18.0,15.5,15.9
20260703,ルンベーラ,67.6,50.3,33.4,16.6,17.3,16.9,16.8,16.6
20260703,プリティーミズホ,67.0,49.5,32.1,15.8,17.5,17.4,16.3,15.8
20260703,アンティミスト,69.7,51.4,33.8,17.0,18.3,17.6,16.8,17.0
20260703,オペレッタテソーロ,70.4,52.6,34.8,17.4,17.8,17.8,17.4,17.4
20260703,ヨドノプレミアム,66.9,49.0,32.2,16.2,17.9,16.8,16.0,16.2
20260703,テールエメール,67.9,50.6,33.4,16.5,17.3,17.2,16.9,16.5
20260703,ラフエルガ,69.2,51.1,33.9,16.6,18.1,17.2,17.3,16.6
20260703,デルマハッコウダ,63.9,47.3,30.9,15.1,16.6,16.4,15.8,15.1
20260703,ニシノブレイゼスト,70.3,51.6,33.8,16.8,18.7,17.8,17.0,16.8
20260703,ネイティヴプライド,70.8,53.2,35.6,17.9,17.6,17.6,17.7,17.9
20260703,ラヴァレード,70.1,52.0,34.7,17.1,18.1,17.3,17.6,17.1
20260703,セイリュウ,70.0,52.0,34.5,17.0,18.0,17.5,17.5,17.0
20260703,グランレーヴ,69.2,51.6,34.4,17.2,17.6,17.2,17.2,17.2
20260703,ニシノアトール,68.4,51.1,34.1,17.2,17.3,17.0,16.9,17.2
20260703,ラウンドアバウト,69.2,51.6,34.5,17.2,17.6,17.1,17.3,17.2
20260703,ファーストアライヴ,70.8,52.9,35.5,17.7,17.9,17.4,17.8,17.7
20260703,ピコシー,62.0,46.0,30.3,14.8,16.0,15.7,15.5,14.8
20260703,シェリアドレ,69.2,51.3,34.1,17.0,17.9,17.2,17.1,17.0
20260703,グッドミキサー,66.7,49.8,33.2,16.2,16.9,16.6,17.0,16.2
20260703,クレイターレイク,62.6,46.3,30.9,15.6,16.3,15.4,15.3,15.6
20260703,ルヴァンアレー,66.2,49.8,33.0,16.5,16.4,16.8,16.5,16.5
20260703,ライクアフラワー,61.7,43.9,28.3,13.9,17.8,15.6,14.4,13.9
20260703,ライジンマル,53.2,37.9,24.6,12.2,15.3,13.3,12.4,12.2
20260703,アイスブレイカー,68.1,50.6,33.0,15.8,17.5,17.6,17.2,15.8
20260703,ポッドソル,64.7,46.8,30.2,15.1,17.9,16.6,15.1,15.1
20260703,ペイシャオーヴァル,71.3,53.5,35.5,17.9,17.8,18.0,17.6,17.9
20260703,キンバリー,80.2,59.5,39.0,18.7,20.7,20.5,20.3,18.7
20260703,コスモデュアリズム,79.4,58.6,38.1,18.1,20.8,20.5,20.0,18.1
20260703,イサチルサリーレ,55.5,40.3,25.7,12.4,15.2,14.6,13.3,12.4
20260703,コスモチプリア,66.4,47.8,30.8,14.8,18.6,17.0,16.0,14.8
20260703,キョウエイブリッサ,66.5,47.7,31.0,15.2,18.8,16.7,15.8,15.2
20260703,ネオアンボウ,58.1,41.9,26.8,12.4,16.2,15.1,14.4,12.4
20260703,サンマルオブウォー,74.8,56.0,36.7,18.8,18.8,19.3,17.9,18.8
20260703,ニシノアナベル,73.4,55.0,36.6,18.2,18.4,18.4,18.4,18.2
20260703,テンクウジョー,64.5,47.5,31.4,15.7,17.0,16.1,15.7,15.7
20260703,アイアムイチバン,85.7,61.2,38.9,18.8,24.5,22.3,20.1,18.8
20260703,サトノビーツ,62.8,46.4,30.8,15.4,16.4,15.6,15.4,15.4
20260703,ジェイエルキャリア,64.6,46.9,30.3,14.5,17.7,16.6,15.8,14.5
20260703,バルボアパーク,64.1,46.7,30.1,14.7,17.4,16.6,15.4,14.7
20260703,カミノテイオー,71.5,52.7,34.7,17.1,18.8,18.0,17.6,17.1
20260703,シルクドマルス,65.5,48.1,31.6,15.6,17.4,16.5,16.0,15.6
20260703,オンザボー,62.8,46.4,30.9,15.5,16.4,15.5,15.4,15.5
20260703,ブライトシーン,66.8,48.7,31.6,15.4,18.1,17.1,16.2,15.4
20260703,ダノンダックス,60.3,44.3,29.0,14.2,16.0,15.3,14.8,14.2
20260703,ゴットランド,59.4,44.3,29.4,14.3,15.1,14.9,15.1,14.3
20260703,キョウキランブ,65.9,48.4,31.9,15.9,17.5,16.5,16.0,15.9
20260703,ノクターナルハント,68.9,51.0,33.5,16.9,17.9,17.5,16.6,16.9
20260703,レスター,55.9,41.0,26.8,13.0,14.9,14.2,13.8,13.0
20260703,ノドゥス,66.6,49.5,32.7,16.1,17.1,16.8,16.6,16.1
20260703,エイシンウルクンデ,71.3,53.3,35.9,18.1,18.0,17.4,17.8,18.1
20260703,アイデアルカット,67.8,49.9,33.1,16.6,17.9,16.8,16.5,16.6
20260703,レッドマスキュラー,61.6,44.8,29.4,14.6,16.8,15.4,14.8,14.6
20260703,ラインホルト,68.1,50.0,32.7,16.2,18.1,17.3,16.5,16.2
20260703,ウィルステート,62.1,45.3,29.9,14.9,16.8,15.4,15.0,14.9
20260703,ギルデッドグロス,68.5,51.2,34.4,16.7,17.3,16.8,17.7,16.7
20260703,ランパディアス,61.7,45.0,29.6,14.7,16.7,15.4,14.9,14.7
20260703,サトノセレナーデ,60.1,43.1,27.6,13.7,17.0,15.5,13.9,13.7
20260703,トランセンコ,63.7,46.7,30.3,14.6,17.0,16.4,15.7,14.6
20260703,ゴールドプレイヤー,59.6,42.7,27.8,13.8,16.9,14.9,14.0,13.8
20260703,ロスパレドネス,70.4,52.2,34.4,17.1,18.2,17.8,17.3,17.1
20260703,グランマエストロ,70.3,52.2,34.0,17.0,18.1,18.2,17.0,17.0
20260703,サンダーストラック,68.9,50.7,33.7,17.0,18.2,17.0,16.7,17.0
20260703,ユイノキャッツアイ,68.8,51.6,34.8,17.6,17.2,16.8,17.2,17.6
20260703,セイウンイーリス,68.1,50.4,33.4,16.6,17.7,17.0,16.8,16.6
20260703,ノシェリー,80.1,60.1,39.5,19.2,20.0,20.6,20.3,19.2
20260703,マイネルジェロディ,66.5,48.8,32.3,16.1,17.7,16.5,16.2,16.1
20260703,シャンクス,53.6,38.9,25.3,12.9,14.7,13.6,12.4,12.9
20260703,レレリオーナ,67.1,49.3,32.3,16.0,17.8,17.0,16.3,16.0
20260703,サクラボーベル,66.4,48.3,31.0,15.2,18.1,17.3,15.8,15.2
20260703,コックオーヴァン,75.6,54.5,35.4,17.3,21.1,19.1,18.1,17.3
20260703,ヒットアンドロール,62.7,46.4,30.3,15.1,16.3,16.1,15.2,15.1
20260703,サフランルージュ,66.6,48.4,32.0,15.7,18.2,16.4,16.3,15.7
20260703,デルマキタカミ,66.0,48.3,32.1,15.8,17.7,16.2,16.3,15.8
20260703,ニシノマキロイ,63.9,47.4,31.3,16.0,16.5,16.1,15.3,16.0
20260703,マデイラシトリン,63.5,46.9,31.2,15.7,16.6,15.7,15.5,15.7
20260703,ミカミッチー,63.2,46.5,30.8,15.2,16.7,15.7,15.6,15.2
20260703,ゼアズノープレイス,69.8,51.9,34.8,17.4,17.9,17.1,17.4,17.4
20260703,エーティータキオン,67.2,50.6,33.9,17.3,16.6,16.7,16.6,17.3
20260703,デルマテイネ,65.9,49.7,33.0,16.5,16.2,16.7,16.5,16.5
20260703,ブーケドリス,71.5,52.1,33.8,16.6,19.4,18.3,17.2,16.6
20260703,ナックカナロア,71.8,53.6,35.5,17.8,18.2,18.1,17.7,17.8
20260703,アレックスケー,69.9,52.7,35.2,17.7,17.2,17.5,17.5,17.7
20260703,ネオマイスター,72.0,53.8,35.6,17.8,18.2,18.2,17.8,17.8
20260703,アインザッツ,74.1,54.6,36.3,18.4,19.5,18.3,17.9,18.4
20260703,ランギヌイ,73.9,54.2,36.0,18.4,19.7,18.2,17.6,18.4
20260703,メリーサウンド,68.5,50.8,33.3,16.7,17.7,17.5,16.6,16.7
20260703,キタノシオン,68.7,50.4,32.9,16.2,18.3,17.5,16.7,16.2
20260703,ハクサンレイホウ,66.3,48.5,31.8,15.9,17.8,16.7,15.9,15.9
20260703,ドーンレイド,66.6,48.6,32.1,16.3,18.0,16.5,15.8,16.3
20260703,グロリアススマイル,68.2,50.6,33.2,16.2,17.6,17.4,17.0,16.2
20260703,アドバンスアゲイン,66.3,48.0,31.4,15.9,18.3,16.6,15.5,15.9
20260703,アジアントレジャー,62.6,46.3,30.7,15.3,16.3,15.6,15.4,15.3
20260703,オンナキュヌヴィ,65.6,48.9,31.5,15.6,16.7,17.4,15.9,15.6
20260703,メダルボーイ,68.0,49.8,32.4,16.2,18.2,17.4,16.2,16.2
20260703,アーティラリー,68.7,50.2,32.9,16.2,18.5,17.3,16.7,16.2
20260703,ベアエクスプレス,68.1,49.7,32.0,15.8,18.4,17.7,16.2,15.8
20260703,ベルオーシャン,66.0,48.5,31.3,15.2,17.5,17.2,16.1,15.2
20260703,ブロント,72.4,53.5,35.2,17.7,18.9,18.3,17.5,17.7
20260703,レヴェンドール,67.0,49.4,31.7,15.6,17.6,17.7,16.1,15.6
20260703,ルビーサンセット,66.9,49.2,32.0,15.9,17.7,17.2,16.1,15.9
20260703,ノワドゥココ,67.7,50.5,33.4,16.6,17.2,17.1,16.8,16.6
20260703,ダノンアドラー,69.6,52.2,34.7,17.4,17.4,17.5,17.3,17.4
20260703,サムシングニュー,67.8,50.1,33.3,16.9,17.7,16.8,16.4,16.9
20260703,ルージュラベル,64.3,47.6,31.5,15.2,16.7,16.1,16.3,15.2
20260703,アッティーヤ,63.5,46.7,31.3,15.6,16.8,15.4,15.7,15.6
20260703,ニシノミヤダシ,64.5,48.0,31.8,16.0,16.5,16.2,15.8,16.0
20260703,マイネルリシャール,62.1,46.0,30.2,14.9,16.1,15.8,15.3,14.9
20260703,デリシュー,62.7,45.5,29.8,14.6,17.2,15.7,15.2,14.6
20260703,ラッキーダンス,68.5,50.0,33.1,16.2,18.5,16.9,16.9,16.2
20260703,サムハラ,71.0,52.5,35.1,17.3,18.5,17.4,17.8,17.3
20260703,アスパラゴ,69.4,51.9,34.1,17.2,17.5,17.8,16.9,17.2
20260703,リケアチャチャチャ,72.9,53.8,35.5,17.6,19.1,18.3,17.9,17.6
20260703,ティアラスピリット,71.8,52.6,34.6,17.4,19.2,18.0,17.2,17.4
20260703,ビーンスターク,65.3,48.5,31.4,15.5,16.8,17.1,15.9,15.5
20260703,ペイシャダンシング,65.1,48.6,31.5,15.5,16.5,17.1,16.0,15.5
20260703,キャピタルストーン,67.7,49.6,32.7,16.0,18.1,16.9,16.7,16.0
20260703,カゼノロマン,66.3,49.0,32.3,16.3,17.3,16.7,16.0,16.3
20260703,リポジノ,66.5,48.2,31.3,15.6,18.3,16.9,15.7,15.6
20260703,ドナビッグベン,66.5,48.1,31.0,15.5,18.4,17.1,15.5,15.5
20260703,アンクエンチャブル,67.6,49.6,32.5,16.1,18.0,17.1,16.4,16.1
20260703,ルシアージュ,68.0,50.1,32.6,16.2,17.9,17.5,16.4,16.2
20260703,ボーンディスウェイ,62.4,45.9,30.2,14.9,16.5,15.7,15.3,14.9
20260703,ポッドデスペア,65.9,48.4,31.8,15.8,17.5,16.6,16.0,15.8
20260703,ザンテソーロ,64.0,46.7,30.9,15.4,17.3,15.8,15.5,15.4
20260703,カペラテソーロ,62.9,46.8,30.9,15.7,16.1,15.9,15.2,15.7
20260703,スウィット,62.9,47.0,30.7,15.4,15.9,16.3,15.3,15.4
20260703,ピュアクローム,65.3,48.1,31.3,15.7,17.2,16.8,15.6,15.7
20260703,ゼンノスタニング,70.4,51.9,34.6,17.5,18.5,17.3,17.1,17.5
20260703,ミナヅキ,65.6,47.8,31.7,16.0,17.8,16.1,15.7,16.0
20260703,ノワールブレイブ,67.3,49.4,32.9,16.8,17.9,16.5,16.1,16.8
20260703,エリンヘラクレス,68.1,50.5,33.8,17.4,17.6,16.7,16.4,17.4
20260703,ロゼフェリシア,64.2,47.5,30.6,15.0,16.7,16.9,15.6,15.0
20260703,ラヴィプランドール,68.6,50.9,33.5,16.6,17.7,17.4,16.9,16.6
20260703,ドンエレクトス,72.7,52.7,34.2,17.5,20.0,18.5,16.7,17.5
20260703,ベルゼビュート,73.3,54.0,35.3,17.9,19.3,18.7,17.4,17.9
20260703,ブルーダイヤシチー,71.0,52.4,34.2,16.9,18.6,18.2,17.3,16.9
20260703,ジュリ,64.2,47.5,31.3,15.5,16.7,16.2,15.8,15.5
20260703,ローレルエース,65.9,47.8,31.5,15.8,18.1,16.3,15.7,15.8
20260703,キョウエイシャトル,64.9,48.0,32.1,16.3,16.9,15.9,15.8,16.3
20260703,ﾏﾛﾝﾍﾞﾙの24,66.9,47.9,31.8,16.0,19.0,16.1,15.8,16.0
20260703,ミラクルオーラ,66.4,48.0,31.5,15.7,18.4,16.5,15.8,15.7
20260703,ロイヤルガンモ,67.8,49.8,32.9,16.4,18.0,16.9,16.5,16.4
20260703,ファナティカル,68.8,49.1,32.2,16.1,19.7,16.9,16.1,16.1
20260703,レーヴマジック,69.5,51.9,34.2,17.4,17.6,17.7,16.8,17.4
20260703,テキエロ,69.3,51.4,34.3,17.3,17.9,17.1,17.0,17.3
20260703,ビーズスティンガー,68.9,51.1,34.1,17.2,17.8,17.0,16.9,17.2
20260703,ルークスイテルム,69.6,51.4,33.6,17.0,18.2,17.8,16.6,17.0
20260703,ディアファザー,71.7,51.7,33.9,17.3,20.0,17.8,16.6,17.3
20260703,シャイニースイフト,67.4,49.4,32.7,16.1,18.0,16.7,16.6,16.1
20260703,ヴァイオスペース,65.3,47.9,30.9,15.2,17.4,17.0,15.7,15.2
20260703,ロックフラワー,65.7,49.0,32.2,16.2,16.7,16.8,16.0,16.2
20260703,セーヌデローヴ,60.9,44.9,29.7,14.8,16.0,15.2,14.9,14.8
20260703,アジュアカレンツ,65.7,48.1,31.7,16.1,17.6,16.4,15.6,16.1
20260703,コスモペンタス,64.7,48.2,31.7,15.4,16.5,16.5,16.3,15.4
20260703,トレフォイルノット,65.5,48.3,31.8,15.9,17.2,16.5,15.9,15.9
20260703,マウンテンジョオー,65.2,48.5,32.2,15.6,16.7,16.3,16.6,15.6
20260703,エルエシック,65.3,48.3,31.8,15.8,17.0,16.5,16.0,15.8
20260703,ワザモノ,72.2,54.4,36.4,18.2,17.8,18.0,18.2,18.2
20260703,コルチェスター,69.1,51.0,34.1,17.0,18.1,16.9,17.1,17.0
20260703,ガムラスタン,67.7,51.2,33.9,16.8,16.5,17.3,17.1,16.8
20260703,トップデュオ,72.2,53.8,35.6,17.8,18.4,18.2,17.8,17.8
20260703,ジーネキング,66.0,49.3,32.7,16.3,16.7,16.6,16.4,16.3
20260703,タケルムサシ,64.5,47.7,31.7,15.7,16.8,16.0,16.0,15.7
20260703,モーゲンセン,63.3,47.2,31.1,15.1,16.1,16.1,16.0,15.1
20260703,アームテイル,66.0,49.0,32.2,16.0,17.0,16.8,16.2,16.0
20260703,アスパラゴ,70.2,51.9,33.7,17.0,18.3,18.2,16.7,17.0
20260703,アニエーネ,67.2,48.9,32.2,16.2,18.3,16.7,16.0,16.2
20260703,ジェットブレード,65.6,47.9,31.7,15.6,17.7,16.2,16.1,15.6
20260703,ミズノミヤコ,65.5,48.3,31.6,15.8,17.2,16.7,15.8,15.8
20260703,スルーザゴールド,66.5,48.3,31.4,15.7,18.2,16.9,15.7,15.7
20260703,マイネルリコルディ,65.9,48.9,32.3,16.0,17.0,16.6,16.3,16.0
20260703,リキマル,68.0,49.9,32.9,16.6,18.1,17.0,16.3,16.6
20260703,アイファーリーベン,72.4,53.0,34.8,17.4,19.4,18.2,17.4,17.4
20260703,ルージュベルベット,54.7,39.6,25.7,12.7,15.1,13.9,13.0,12.7
20260703,スチョウプリンセス,72.2,53.4,35.0,17.4,18.8,18.4,17.6,17.4
20260703,アイファーティアラ,73.1,53.5,35.3,18.2,19.6,18.2,17.1,18.2
20260703,ミラビリスマジック,66.9,49.1,32.0,15.4,17.8,17.1,16.6,15.4
20260703,ナツミカンチャン,68.8,49.4,31.5,15.1,19.4,17.9,16.4,15.1
20260703,ミナヅキ,68.6,50.6,33.6,17.1,18.0,17.0,16.5,17.1
20260703,ノワールブレイブ,68.9,50.7,33.5,16.9,18.2,17.2,16.6,16.9
20260703,エリンヘラクレス,68.9,50.7,33.5,16.9,18.2,17.2,16.6,16.9
20260703,ユイノササヤキ,68.3,49.3,32.2,16.9,19.0,17.1,15.3,16.9
20260703,マイホームパパ,70.3,50.9,33.7,17.7,19.4,17.2,16.0,17.7
20260703,ルーチェルナーレ,63.6,47.3,31.6,15.7,16.3,15.7,15.9,15.7
20260703,フレイムオブキング,63.8,47.7,31.7,15.9,16.1,16.0,15.8,15.9
20260703,サンタンヌ,63.5,47.4,31.5,16.0,16.1,15.9,15.5,16.0
20260703,ビップムーラン,68.5,50.5,32.5,16.0,18.0,18.0,16.5,16.0
20260703,ディヴァインスカイ,68.7,50.1,32.5,16.1,18.6,17.6,16.4,16.1
20260703,マリノマーベラス,67.2,49.1,32.2,16.1,18.1,16.9,16.1,16.1
20260703,グラスフェザー,70.2,52.0,34.1,17.2,18.2,17.9,16.9,17.2
20260703,デアプリームス,68.5,50.2,33.3,16.5,18.3,16.9,16.8,16.5
20260703,エスコルチア,87.5,65.4,43.7,21.8,22.1,21.7,21.9,21.8
20260703,コスモティタノ,67.7,50.0,33.5,16.6,17.7,16.5,16.9,16.6
20260703,コスモイェーガー,67.2,48.2,31.9,16.9,19.0,16.3,15.0,16.9
20260703,ジーティーフクジ,55.2,40.2,26.3,13.2,15.0,13.9,13.1,13.2
20260703,ガラスノブルース,64.5,48.0,31.6,15.7,16.5,16.4,15.9,15.7
20260703,キャラメルプリン,65.2,48.6,32.2,16.9,16.6,16.4,15.3,16.9
20260703,ナムラドガ,64.4,47.8,31.7,16.0,16.6,16.1,15.7,16.0
20260703,セブンワンダーズ,62.6,46.5,30.4,15.3,16.1,16.1,15.1,15.3
20260703,インナーパッション,62.4,46.3,30.4,15.2,16.1,15.9,15.2,15.2
20260703,タケルムサシ,62.1,45.8,30.1,14.7,16.3,15.7,15.4,14.7
20260703,アイファーリーベン,67.5,48.5,31.5,15.6,19.0,17.0,15.9,15.6
20260703,スチョウプリンセス,69.7,51.2,33.7,16.5,18.5,17.5,17.2,16.5
20260703,トゥラッタッタ,68.9,50.8,33.3,16.0,18.1,17.5,17.3,16.0
20260703,ウインドワンピース,66.4,49.0,31.5,15.5,17.4,17.5,16.0,15.5
20260703,グッバイウェーブ,71.8,52.2,34.1,16.8,19.6,18.1,17.3,16.8
20260703,スイートオレンジ,68.7,50.0,32.3,16.1,18.7,17.7,16.2,16.1
20260703,バセリーナ,70.5,50.1,32.4,16.3,20.4,17.7,16.1,16.3
20260703,ミリオ,65.8,49.1,32.5,16.0,16.7,16.6,16.5,16.0
20260703,ミクニルミナス,66.6,49.5,32.8,16.0,17.1,16.7,16.8,16.0
20260703,ミエノヴィヴィッド,65.7,48.4,32.0,16.1,17.3,16.4,15.9,16.1
20260703,ガヤーズアモーレ,65.1,48.4,32.1,16.2,16.7,16.3,15.9,16.2
20260703,コスモルトチェコ,79.3,59.6,39.6,19.3,19.7,20.0,20.3,19.3
20260703,ベルメサイア,66.2,48.3,31.9,15.8,17.9,16.4,16.1,15.8
20260703,ベランジェール,63.9,46.5,30.4,14.9,17.4,16.1,15.5,14.9
20260703,トラカイキャッスル,63.2,45.9,30.0,14.8,17.3,15.9,15.2,14.8
20260703,ベラジオヴァレル,69.5,50.5,33.7,17.1,19.0,16.8,16.6,17.1
20260703,グランスプリント,65.9,47.7,30.5,15.0,18.2,17.2,15.5,15.0
20260703,ロードフリューゲル,67.7,48.9,31.6,15.4,18.8,17.3,16.2,15.4
20260703,スマイルガーデン,65.5,48.5,31.1,14.7,17.0,17.4,16.4,14.7
20260703,フィオッコローザ,64.6,47.5,31.1,15.3,17.1,16.4,15.8,15.3
20260703,エヒト,65.2,48.2,32.0,15.8,17.0,16.2,16.2,15.8
20260703,ジャスパーゴールド,56.4,41.5,27.2,13.5,14.9,14.3,13.7,13.5
20260703,モアニ,59.5,43.2,27.7,13.4,16.3,15.5,14.3,13.4
20260703,エルフストラック,66.6,49.2,32.6,16.7,17.4,16.6,15.9,16.7
20260703,キュクロープス,59.8,43.1,27.5,13.7,16.7,15.6,13.8,13.7
20260703,ベルジュロネット,55.2,40.2,26.2,12.9,15.0,14.0,13.3,12.9
20260703,ウォーターデライト,67.7,48.7,32.1,15.5,19.0,16.6,16.6,15.5
20260703,シギーコルエンド,55.2,39.8,25.9,12.8,15.4,13.9,13.1,12.8
20260703,リヒトミューレ,67.8,49.4,32.6,16.0,18.4,16.8,16.6,16.0
20260703,ジリアート,65.3,48.9,32.6,16.3,16.4,16.3,16.3,16.3
20260703,グランエール,69.1,50.1,32.7,16.4,19.0,17.4,16.3,16.4
20260703,ココフルール,64.7,47.7,31.5,15.4,17.0,16.2,16.1,15.4
20260703,アトランタ,69.6,50.0,32.9,16.3,19.6,17.1,16.6,16.3
20260703,ケンシロウワールド,54.7,39.4,25.5,12.6,15.3,13.9,12.9,12.6
20260703,モーデン,72.0,51.7,33.7,16.5,20.3,18.0,17.2,16.5
20260703,レヴァンテシチー,70.1,51.1,33.2,16.2,19.0,17.9,17.0,16.2
20260703,エコロアゼル,69.5,50.1,32.7,16.0,19.4,17.4,16.7,16.0
20260703,ペイシャシス,69.6,49.8,32.2,15.8,19.8,17.6,16.4,15.8
20260703,デルマタイセツ,71.6,52.5,34.2,16.9,19.1,18.3,17.3,16.9
20260703,ルージュソムニウム,69.6,50.1,32.3,15.7,19.5,17.8,16.6,15.7
20260703,キャッチアシーフ,64.3,47.4,31.1,15.0,16.9,16.3,16.1,15.0
20260703,アテンド,66.6,48.7,31.8,16.0,17.9,16.9,15.8,16.0
20260703,スクワミッシュ,57.0,40.2,25.9,12.4,16.8,14.3,13.5,12.4
20260703,ミネットドール,71.2,53.1,34.7,16.7,18.1,18.4,18.0,16.7
20260703,タイトニット,69.5,49.8,32.3,15.6,19.7,17.5,16.7,15.6
20260703,ベルファスト,67.6,48.9,31.4,15.0,18.7,17.5,16.4,15.0
20260703,タイセイレスポンス,53.9,39.4,26.2,13.0,14.5,13.2,13.2,13.0
20260703,ハイクオリティ,68.2,49.1,32.0,16.1,19.1,17.1,15.9,16.1
20260703,サカトクフェイス,68.3,50.1,33.3,16.8,18.2,16.8,16.5,16.8
20260703,カトマンズゴールド,65.9,46.5,29.6,14.9,19.4,16.9,14.7,14.9
20260703,ラピス,54.8,40.2,26.2,13.0,14.6,14.0,13.2,13.0
20260703,サマーブリザード,67.7,48.1,31.5,15.5,19.6,16.6,16.0,15.5
20260703,オースミサイファー,67.4,48.5,32.0,15.6,18.9,16.5,16.4,15.6
20260703,ﾚｰﾇｼﾞｬﾙﾀﾞﾝの24,69.5,51.5,33.7,16.9,18.0,17.8,16.8,16.9
20260703,コパノサントス,70.1,50.5,32.7,16.2,19.6,17.8,16.5,16.2
20260703,ハレアカラフラ,71.2,51.4,32.9,15.9,19.8,18.5,17.0,15.9
20260703,ホウオウタイタン,61.9,45.0,29.1,14.3,16.9,15.9,14.8,14.3
20260703,カウンティフェア,77.2,55.8,36.7,18.4,21.4,19.1,18.3,18.4
20260703,ヴァンドゥーヴル,66.3,48.9,32.2,16.0,17.4,16.7,16.2,16.0
20260703,プレスバーン,65.1,47.9,32.3,16.2,17.2,15.6,16.1,16.2
20260703,マスアンジュ,67.8,48.6,31.1,14.8,19.2,17.5,16.3,14.8
20260703,ウインビスタ,72.6,52.6,34.5,16.8,20.0,18.1,17.7,16.8
20260703,ユイリノベーション,64.3,47.1,30.8,14.5,17.2,16.3,16.3,14.5
20260703,エクセルブリーズ,64.6,47.1,30.4,14.5,17.5,16.7,15.9,14.5
20260703,サイモンレガシー,66.7,48.7,31.4,15.5,18.0,17.3,15.9,15.5
20260703,アヴレディール,64.5,46.2,30.1,15.0,18.3,16.1,15.1,15.0
20260703,シックパラソル,68.4,50.1,33.1,16.2,18.3,17.0,16.9,16.2
20260703,ヴィヴァラレヴォ,74.6,54.4,35.5,16.5,20.2,18.9,19.0,16.5
20260703,マリナーヴァレイ,64.8,47.6,31.8,16.1,17.2,15.8,15.7,16.1
20260703,ルクスグレイス,64.4,46.7,30.5,15.0,17.7,16.2,15.5,15.0
20260703,ブレイズフォート,80.8,58.8,38.7,18.9,22.0,20.1,19.8,18.9
20260703,ジョワイユノエル,63.4,45.9,29.9,14.7,17.5,16.0,15.2,14.7
20260703,ファイアプレイス,66.3,48.5,31.7,15.9,17.8,16.8,15.8,15.9
20260703,ルージュマデイラ,64.8,47.4,31.7,15.5,17.4,15.7,16.2,15.5
20260703,ライトオブヌカタ,66.7,48.8,32.6,16.0,17.9,16.2,16.6,16.0
20260703,アイアン,62.4,46.0,30.7,15.6,16.4,15.3,15.1,15.6
20260703,ベルトナリテ,63.3,46.3,30.0,14.5,17.0,16.3,15.5,14.5
20260703,クータモ,64.0,46.6,30.7,15.2,17.4,15.9,15.5,15.2
20260703,ドットカモン,65.4,48.1,31.8,16.3,17.3,16.3,15.5,16.3
20260703,セルヴァジオ,66.5,48.0,31.0,15.3,18.5,17.0,15.7,15.3
20260703,デアヴェローチェ,66.9,47.9,31.1,15.6,19.0,16.8,15.5,15.6
20260703,キシュウマミー,71.9,52.7,35.2,17.6,19.2,17.5,17.6,17.6
20260703,フェリシタル,63.5,46.4,31.0,16.0,17.1,15.4,15.0,16.0
20260703,ソリドゥス,62.8,46.3,30.4,15.0,16.5,15.9,15.4,15.0
20260703,フラッシングルビー,64.8,48.1,31.7,15.9,16.7,16.4,15.8,15.9
20260703,トーラスシャイン,53.0,38.1,24.4,12.1,14.9,13.7,12.3,12.1
20260703,ヴィヴァシャス,71.0,51.8,33.7,16.6,19.2,18.1,17.1,16.6
20260703,カレンラップスター,64.6,47.3,31.8,15.8,17.3,15.5,16.0,15.8
20260703,アルミラージ,68.8,50.7,34.1,17.4,18.1,16.6,16.7,17.4
20260703,アメジストブリエ,65.4,48.0,32.3,16.3,17.4,15.7,16.0,16.3
20260703,チェサピークベイ,69.3,50.3,33.6,16.6,19.0,16.7,17.0,16.6
20260703,ショウナンバラモン,65.6,47.3,30.8,15.2,18.3,16.5,15.6,15.2
20260703,ﾀｹｼｮｳﾒｰｶｰの24,70.3,50.8,32.9,16.4,19.5,17.9,16.5,16.4
20260703,ｱﾆﾒｲﾄﾊﾞｲｵの24,71.2,51.8,34.1,17.0,19.4,17.7,17.1,17.0
20260703,モズプリヴェール,74.3,54.4,35.7,17.6,19.9,18.7,18.1,17.6
20260703,シンゼンカガ,66.1,48.4,32.3,15.5,17.7,16.1,16.8,15.5
20260703,ララアヴリル,58.1,42.2,26.6,13.1,15.9,15.6,13.5,13.1
20260703,ハーブドーレ,66.1,47.6,31.2,15.7,18.5,16.4,15.5,15.7
20260703,サーバルマインド,72.1,53.0,34.9,17.2,19.1,18.1,17.7,17.2
20260703,パラチー,73.9,53.3,34.9,17.1,20.6,18.4,17.8,17.1
20260703,ブライトキングダム,62.8,46.5,30.5,15.2,16.3,16.0,15.3,15.2
20260703,メイショウマドンナ,66.0,48.1,32.3,16.3,17.9,15.8,16.0,16.3
20260703,ペコリズム,71.8,52.6,35.3,17.3,19.2,17.3,18.0,17.3
20260703,ロンリーマン,67.6,50.2,33.6,16.9,17.4,16.6,16.7,16.9
20260703,ナムラサフラン,66.3,47.6,31.6,16.0,18.7,16.0,15.6,16.0
20260703,ビエントゾンダ,67.4,49.2,32.2,15.0,18.2,17.0,17.2,15.0
20260703,ハマナスノサクコロ,68.5,49.8,32.0,15.3,18.7,17.8,16.7,15.3
20260703,プウスカンドゥール,67.0,48.1,30.2,14.7,18.9,17.9,15.5,14.7
20260703,アンリーベイビー,68.0,49.8,33.0,16.4,18.2,16.8,16.6,16.4
20260703,レディネス,65.1,48.7,32.1,15.9,16.4,16.6,16.2,15.9
20260703,セガンティーニ,56.0,40.5,26.6,13.0,15.5,13.9,13.6,13.0
20260703,ラッキーダイヤ,68.6,49.2,32.2,15.9,19.4,17.0,16.3,15.9
20260703,カラクニダケ,65.4,49.2,33.0,16.4,16.2,16.2,16.6,16.4
20260703,ディープナイト,65.6,48.1,31.9,16.2,17.5,16.2,15.7,16.2
20260703,ゴールドアーク,65.4,47.1,31.0,15.7,18.3,16.1,15.3,15.7
20260703,ジューンアヲニヨシ,67.5,48.5,31.3,15.2,19.0,17.2,16.1,15.2
20260703,マーブルロック,67.3,49.7,32.3,15.7,17.6,17.4,16.6,15.7
20260703,グッジョブ,63.6,46.5,30.2,15.0,17.1,16.3,15.2,15.0
20260703,メイショウツキヨ,72.1,51.9,34.2,16.9,20.2,17.7,17.3,16.9
20260703,ヨカオウ,63.5,47.8,33.1,17.1,15.7,14.7,16.0,17.1
20260703,チュオンソン,68.9,50.1,32.4,16.1,18.8,17.7,16.3,16.1
20260703,エトワールブーケ,65.1,47.3,30.8,15.4,17.8,16.5,15.4,15.4
20260703,エコロヴァルド,70.3,52.4,34.8,17.4,17.9,17.6,17.4,17.4
20260703,サンデーファンデー,64.3,46.7,30.3,15.0,17.6,16.4,15.3,15.0
20260703,サンライズジュピタ,68.3,49.2,31.8,15.7,19.1,17.4,16.1,15.7
20260703,ウーマンズパワー,63.7,47.4,31.8,16.0,16.3,15.6,15.8,16.0
20260703,ギブアンドギブ,56.1,40.7,26.7,13.3,15.4,14.0,13.4,13.3
20260703,アサカラゴキゲン,56.0,40.6,26.7,13.3,15.4,13.9,13.4,13.3
20260703,フライングブレード,67.4,48.3,30.9,15.3,19.1,17.4,15.6,15.3
20260703,メイショウリリー,71.7,51.8,33.4,16.6,19.9,18.4,16.8,16.6
20260703,シビックアスコット,65.8,48.1,31.9,15.7,17.7,16.2,16.2,15.7
20260703,リーベラーリア,66.7,48.2,31.3,15.5,18.5,16.9,15.8,15.5
20260703,ゾンニッヒ,64.4,45.1,29.9,14.9,19.3,15.2,15.0,14.9
20260703,ムルソー,67.4,48.7,32.0,15.9,18.7,16.7,16.1,15.9
20260703,メイショウホウレン,68.3,49.6,32.7,16.3,18.7,16.9,16.4,16.3
20260703,ヤマニンアルリフラ,83.8,60.7,39.4,19.2,23.1,21.3,20.2,19.2
20260703,ヤマニンソロイスト,83.3,60.8,40.0,19.6,22.5,20.8,20.4,19.6
20260703,エンヴェロップ,66.0,48.0,32.1,16.2,18.0,15.9,15.9,16.2
20260703,マッセート,66.4,48.7,31.8,15.8,17.7,16.9,16.0,15.8
20260703,テムスターオー,65.5,47.8,31.4,15.8,17.7,16.4,15.6,15.8
20260703,ダノンフィガロ,69.2,49.2,32.4,16.1,20.0,16.8,16.3,16.1
20260703,ヤマニンループ,65.1,47.5,31.2,15.5,17.6,16.3,15.7,15.5
20260703,キャプテンシー,63.9,46.6,30.6,15.3,17.3,16.0,15.3,15.3
20260703,フェンダー,67.9,49.6,32.5,16.2,18.3,17.1,16.3,16.2
20260703,コスモストーム,70.2,50.8,33.3,16.6,19.4,17.5,16.7,16.6
20260703,ワンダーゾルダート,66.2,48.8,32.2,15.4,17.4,16.6,16.8,15.4
20260703,グレンセロース,63.1,45.2,29.2,14.6,17.9,16.0,14.6,14.6
20260703,ブルーザー,67.2,48.7,32.0,15.8,18.5,16.7,16.2,15.8
20260703,レジェルテ,68.6,50.1,32.1,15.4,18.5,18.0,16.7,15.4
20260703,バートラガッツ,65.4,47.6,31.2,15.4,17.8,16.4,15.8,15.4
20260703,アメリカンスタイル,67.4,49.6,32.7,16.3,17.8,16.9,16.4,16.3
20260703,ペプチドカトレア,73.4,53.9,35.0,17.1,19.5,18.9,17.9,17.1
20260703,ニシノフランケン,56.2,40.4,26.2,12.9,15.8,14.2,13.3,12.9
20260703,ゴールデンレシオ,74.0,54.3,35.5,17.0,19.7,18.8,18.5,17.0
20260703,ユメハハテシナク,67.7,48.7,32.1,16.0,19.0,16.6,16.1,16.0
20260703,ローマンレイク,64.1,47.1,30.7,15.3,17.0,16.4,15.4,15.3
20260703,イイデカンタロウ,68.5,49.7,32.7,16.9,18.8,17.0,15.8,16.9
20260703,シャインベック,67.3,49.1,32.2,15.6,18.2,16.9,16.6,15.6
20260703,アーリントンロウ,74.9,54.8,37.0,18.5,20.1,17.8,18.5,18.5
20260703,ハリーケーン,68.8,51.2,33.9,16.9,17.6,17.3,17.0,16.9
20260703,クープグラッセ,66.6,48.7,32.0,15.7,17.9,16.7,16.3,15.7
20260703,ダノンオブアイデア,63.8,46.0,29.8,14.8,17.8,16.2,15.0,14.8
20260703,アルムアポジェ,66.1,47.2,30.8,15.3,18.9,16.4,15.5,15.3
20260703,メイショウタカネ,67.2,48.4,31.6,15.8,18.8,16.8,15.8,15.8
20260703,ストロベリーツリー,65.6,47.1,30.6,15.2,18.5,16.5,15.4,15.2
20260703,ベルメサージュ,69.6,51.8,34.9,17.5,17.8,16.9,17.4,17.5
20260703,ミリオンカラー,66.1,47.2,30.7,15.3,18.9,16.5,15.4,15.3
20260703,ヤマトクオーレ,68.7,50.4,33.5,16.7,18.3,16.9,16.8,16.7
20260703,ヤマトデュノール,67.9,50.8,34.5,17.8,17.1,16.3,16.7,17.8
20260703,ホールネス,67.5,49.2,32.0,15.7,18.3,17.2,16.3,15.7
20260703,サフィラ,66.7,49.3,33.0,16.9,17.4,16.3,16.1,16.9
20260703,エイカイカッシーナ,66.7,47.1,30.5,14.6,19.6,16.6,15.9,14.6
20260703,ルージュソリテール,70.9,51.7,33.7,17.0,19.2,18.0,16.7,17.0
20260703,スナークホクサイ,69.0,51.1,34.1,17.0,17.9,17.0,17.1,17.0
20260703,マテンロウルクス,66.6,47.7,31.3,15.4,18.9,16.4,15.9,15.4
20260703,アトゥア,65.7,48.8,32.1,15.9,16.9,16.7,16.2,15.9
20260703,ワイドブラーヴ,69.6,52.0,35.2,17.7,17.6,16.8,17.5,17.7
20260703,イグナイトフィール,69.6,52.0,35.2,17.8,17.6,16.8,17.4,17.8
20260703,ジュエルハウス,66.3,47.8,30.9,15.1,18.5,16.9,15.8,15.1
20260703,エイシンキタールン,67.7,48.6,31.6,15.2,19.1,17.0,16.4,15.2
20260703,システマソラー,65.9,48.5,32.1,15.8,17.4,16.4,16.3,15.8
20260703,エイズルブルーム,73.7,54.2,35.9,17.4,19.5,18.3,18.5,17.4
20260703,ゴリョウセイ,56.1,40.8,26.1,12.1,15.3,14.7,14.0,12.1
20260703,リトセア,74.7,54.5,36.9,19.5,20.2,17.6,17.4,19.5
20260703,ショウナンバンライ,55.5,40.3,26.1,12.5,15.2,14.2,13.6,12.5
20260703,ポルトブルー,70.9,52.9,36.1,17.6,18.0,16.8,18.5,17.6
20260703,シュガーハウス,67.8,49.9,33.3,16.5,17.9,16.6,16.8,16.5
20260703,バーケンティン,65.3,47.6,30.7,15.0,17.7,16.9,15.7,15.0
20260703,サンライズハリー,66.0,48.6,32.7,16.8,17.4,15.9,15.9,16.8
20260703,ブライトベリル,64.5,46.3,29.8,14.9,18.2,16.5,14.9,14.9
20260703,ロンドンガーズ,66.4,48.4,31.5,15.7,18.0,16.9,15.8,15.7
20260703,ホットロッドハート,65.3,48.4,31.9,15.7,16.9,16.5,16.2,15.7
20260703,エルトンバローズ,69.5,50.3,32.6,16.0,19.2,17.7,16.6,16.0
20260703,タガノミスト,66.4,48.3,31.0,15.0,18.1,17.3,16.0,15.0
20260703,ドルチェリターン,70.5,51.9,34.0,16.8,18.6,17.9,17.2,16.8
20260703,メイショウバルキア,69.3,51.0,33.9,16.8,18.3,17.1,17.1,16.8
20260703,ワイルドカグラ,69.9,51.6,33.9,16.5,18.3,17.7,17.4,16.5
20260703,ベリベリハッピー,69.3,51.4,33.3,16.3,17.9,18.1,17.0,16.3
20260703,フウセン,69.4,50.8,33.1,16.3,18.6,17.7,16.8,16.3
20260703,サトノアイボリー,66.7,50.1,33.8,16.8,16.6,16.3,17.0,16.8
20260703,ロードスタニング,65.8,47.5,30.9,15.1,18.3,16.6,15.8,15.1
20260703,インブロリオ,67.2,49.2,32.1,15.7,18.0,17.1,16.4,15.7
20260703,ニシノミチアキ,66.6,48.2,31.4,15.5,18.4,16.8,15.9,15.5
20260703,ダークマルス,65.3,47.4,30.9,15.8,17.9,16.5,15.1,15.8
20260703,エイシンビーコン,66.5,48.7,31.4,14.9,17.8,17.3,16.5,14.9
20260703,エイシンニケ,67.6,49.3,32.2,15.8,18.3,17.1,16.4,15.8
20260703,ティンティンデオ,56.5,41.3,27.4,13.8,15.2,13.9,13.6,13.8
20260703,アンドリーナ,65.8,48.8,32.2,16.0,17.0,16.6,16.2,16.0
20260703,レイデラティエラ,64.6,47.1,32.3,16.1,17.5,14.8,16.2,16.1
20260703,アスクハッピーマン,65.4,48.5,32.4,16.2,16.9,16.1,16.2,16.2
20260703,ウルトラハート,70.6,52.2,33.8,16.5,18.4,18.4,17.3,16.5
20260703,ティグリス,74.2,54.1,35.0,16.6,20.1,19.1,18.4,16.6
20260703,ノヴァレジーナ,65.3,48.0,31.9,15.9,17.3,16.1,16.0,15.9
20260703,メイショウメゴヒメ,71.0,52.2,33.9,16.7,18.8,18.3,17.2,16.7
20260703,ナギサモデラート,73.5,53.7,35.0,16.8,19.8,18.7,18.2,16.8
20260703,ユウトザユウト,66.4,48.6,32.0,15.7,17.8,16.6,16.3,15.7
20260703,チェカ,69.1,49.6,33.1,16.8,19.5,16.5,16.3,16.8
20260703,ゴルディアス,67.4,49.7,33.3,16.8,17.7,16.4,16.5,16.8
20260703,マテンロウスカイ,69.3,49.7,32.6,15.8,19.6,17.1,16.8,15.8
20260703,ムーヴザニードル,68.0,48.9,32.1,15.8,19.1,16.8,16.3,15.8
20260703,レオナルドスター,73.1,53.2,35.0,17.1,19.9,18.2,17.9,17.1
20260703,サンタカリス,75.5,55.2,35.7,17.6,20.3,19.5,18.1,17.6
20260703,リントゥラウル,70.1,52.1,34.5,17.2,18.0,17.6,17.3,17.2
20260703,ロードトレイル,68.0,50.3,33.7,16.8,17.7,16.6,16.9,16.8
20260703,ファイツオン,66.2,48.2,32.0,16.2,18.0,16.2,15.8,16.2
20260703,スナークラファエロ,68.7,49.9,33.2,16.4,18.8,16.7,16.8,16.4
20260703,ケイアイワイラーパ,67.6,49.9,32.7,15.9,17.7,17.2,16.8,15.9
20260703,セイントホース,68.7,49.1,32.6,16.2,19.6,16.5,16.4,16.2
20260703,アスタールテニウム,61.3,45.5,30.2,15.1,15.8,15.3,15.1,15.1
20260703,コンドゥイア,72.9,53.1,35.3,17.0,19.8,17.8,18.3,17.0
20260703,カセノナユタ,63.5,47.2,31.3,15.4,16.3,15.9,15.9,15.4
20260703,カセノコンコルド,65.6,48.0,31.6,15.8,17.6,16.4,15.8,15.8
20260703,カレントゥルーシー,70.4,51.8,34.0,16.8,18.6,17.8,17.2,16.8
20260703,スーサンコルティナ,68.6,50.1,33.3,16.5,18.5,16.8,16.8,16.5
20260703,タガノレクシア,69.3,49.6,32.2,16.1,19.7,17.4,16.1,16.1
20260703,オールナット,69.7,51.1,33.6,16.5,18.6,17.5,17.1,16.5
20260703,ルディック,71.8,52.1,34.4,17.2,19.7,17.7,17.2,17.2
20260703,ルクスコスモス,68.0,50.3,32.7,15.7,17.7,17.6,17.0,15.7
20260703,リヴァイ,71.5,51.1,33.0,16.1,20.4,18.1,16.9,16.1
20260703,リテラシー,65.0,47.2,31.0,15.7,17.8,16.2,15.3,15.7
20260703,オタルエバー,66.0,47.7,30.8,15.3,18.3,16.9,15.5,15.3
20260703,ノボリリア,67.5,49.4,32.6,16.2,18.1,16.8,16.4,16.2
20260703,ノボリスマイル,65.9,47.1,31.3,15.5,18.8,15.8,15.8,15.5
20260703,メイショウマグナ,68.6,50.3,33.3,16.8,18.3,17.0,16.5,16.8
20260703,サヨノパララックス,54.6,40.4,27.1,14.2,14.2,13.3,12.9,14.2
20260703,ライラックデューン,62.7,45.5,30.4,15.3,17.2,15.1,15.1,15.3
20260703,ブルーサンセット,65.4,47.0,30.9,15.3,18.4,16.1,15.6,15.3
20260703,タガノアニマシオン,66.7,48.6,32.3,16.2,18.1,16.3,16.1,16.2
20260703,ストップヤーニング,68.9,49.4,32.5,16.1,19.5,16.9,16.4,16.1
20260703,シャンパンスター,66.3,48.0,31.3,15.3,18.3,16.7,16.0,15.3
20260703,スターアスコット,65.3,47.4,31.4,15.8,17.9,16.0,15.6,15.8
20260703,ジャスティンレビン,64.3,47.5,31.0,14.8,16.8,16.5,16.2,14.8
20260703,リリーサンダー,66.0,47.8,31.1,15.1,18.2,16.7,16.0,15.1
20260703,タガノランパート,66.9,48.8,32.1,16.4,18.1,16.7,15.7,16.4
20260703,スレイクイーン,64.3,47.3,31.7,16.0,17.0,15.6,15.7,16.0
20260703,ダノンアトラス,64.9,47.5,31.4,15.8,17.4,16.1,15.6,15.8
20260703,ヤマニンアルリフラ,71.0,51.4,33.5,16.3,19.6,17.9,17.2,16.3
20260703,クラウディアイ,65.7,48.4,31.4,15.8,17.3,17.0,15.6,15.8
20260703,ダノンプリマ,66.3,48.6,31.9,15.7,17.7,16.7,16.2,15.7
20260703,センツブラッド,72.0,53.4,35.2,17.4,18.6,18.2,17.8,17.4
20260703,タンテドヴィーヴル,70.8,52.8,35.1,17.4,18.0,17.7,17.7,17.4
20260703,カラペルソナ,72.5,53.5,35.2,17.4,19.0,18.3,17.8,17.4
20260703,サウンドヴィヴァン,72.8,53.5,35.2,17.4,19.3,18.3,17.8,17.4
20260703,ヤマニンエルファバ,67.7,48.8,31.6,15.3,18.9,17.2,16.3,15.3
20260703,ヤマニンソロイスト,70.8,51.5,33.4,16.1,19.3,18.1,17.3,16.1
20260703,リアライズルミナス,69.8,50.9,33.0,16.2,18.9,17.9,16.8,16.2
20260703,ゴーイングムーン,67.2,49.2,32.3,15.9,18.0,16.9,16.4,15.9
20260703,リメンバーシドニー,64.5,47.0,30.5,15.2,17.5,16.5,15.3,15.2
20260703,スクールディーヴァ,70.9,51.4,33.4,16.2,19.5,18.0,17.2,16.2
20260703,エルドボルグ,71.1,51.4,33.5,16.3,19.7,17.9,17.2,16.3
20260703,リカンカブール,69.4,51.2,34.0,17.1,18.2,17.2,16.9,17.1
20260703,プレゼンティーア,68.6,50.7,33.2,16.1,17.9,17.5,17.1,16.1
20260703,マナエトレ,72.8,53.3,35.8,17.9,19.5,17.5,17.9,17.9
20260703,ジーティーアリア,70.3,51.4,33.5,16.7,18.9,17.9,16.8,16.7
20260703,レインインザスカイ,69.0,51.0,33.5,16.4,18.0,17.5,17.1,16.4
20260703,レインオンミー,67.8,50.4,34.2,17.1,17.4,16.2,17.1,17.1
20260703,ベルコート,55.8,39.1,25.0,12.7,16.7,14.1,12.3,12.7
20260703,ズバットマサムネ,68.9,50.0,32.8,15.9,18.9,17.2,16.9,15.9
20260703,トップオブザライン,67.1,48.0,31.1,15.3,19.1,16.9,15.8,15.3
20260703,ジョーカー,63.9,46.2,30.2,14.6,17.7,16.0,15.6,14.6
20260703,レッドラージャ,64.0,47.0,31.1,15.7,17.0,15.9,15.4,15.7
20260703,キーウェーブ,65.1,47.8,31.4,15.8,17.3,16.4,15.6,15.8
20260703,ブルーサン,66.9,50.3,33.2,16.5,16.6,17.1,16.7,16.5
20260703,ランウインディ,67.1,50.3,33.4,16.6,16.8,16.9,16.8,16.6
20260703,ウインデイジー,69.3,52.0,34.3,17.1,17.3,17.7,17.2,17.1
20260703,ブルーセルリアン,70.8,52.9,34.8,17.3,17.9,18.1,17.5,17.3
20260703,ケイアイアニラ,64.1,47.1,30.8,15.2,17.0,16.3,15.6,15.2
20260703,タガノエルー,66.0,49.9,35.3,18.1,16.1,14.6,17.2,18.1
20260703,キシダンチョウ,62.8,46.2,30.2,14.3,16.6,16.0,15.9,14.3
20260703,マハロハ,66.4,48.9,32.3,15.9,17.5,16.6,16.4,15.9
20260703,ファミーリエ,67.0,49.7,33.8,16.7,17.3,15.9,17.1,16.7
20260703,エリカリヴァプール,64.3,46.4,30.2,15.1,17.9,16.2,15.1,15.1
20260703,アスターブジエ,68.4,50.4,33.1,16.1,18.0,17.3,17.0,16.1
20260703,テスティモーネ,67.6,50.2,33.6,16.9,17.4,16.6,16.7,16.9
20260703,レッドアイスピア,53.8,40.8,28.1,14.8,13.0,12.7,13.3,14.8
20260703,シンコーナホチャン,68.3,50.8,34.0,17.0,17.5,16.8,17.0,17.0
20260703,シヴァールバーニ,69.6,50.2,32.4,15.7,19.4,17.8,16.7,15.7
20260703,ヤマニンブークリエ,65.0,47.5,31.0,15.4,17.5,16.5,15.6,15.4
20260703,ビサイレント,69.7,52.1,33.8,16.8,17.6,18.3,17.0,16.8
20260703,ダイアナクイーン,53.5,38.9,25.5,12.9,14.6,13.4,12.6,12.9
20260703,ピゲ,53.8,39.1,25.7,12.9,14.7,13.4,12.8,12.9
20260703,リカンカブール,66.3,49.0,32.5,16.3,17.3,16.5,16.2,16.3
20260703,デュガ,57.6,38.7,24.9,12.9,18.9,13.8,12.0,12.9
20260703,イグニション,55.4,39.7,25.4,12.3,15.7,14.3,13.1,12.3
20260703,ポッドロゴ,67.6,49.1,32.4,16.3,18.5,16.7,16.1,16.3
20260703,フロムザムーン,70.0,51.4,33.4,16.5,18.6,18.0,16.9,16.5
20260703,クロームクロス,74.7,53.9,34.2,16.7,20.8,19.7,17.5,16.7
20260703,タガノカハンカ,67.0,49.0,32.1,15.6,18.0,16.9,16.5,15.6
20260703,レガシーマインド,75.6,53.5,34.0,16.1,22.1,19.5,17.9,16.1
20260703,ヴェルテンベルク,66.1,47.7,30.7,15.0,18.4,17.0,15.7,15.0
20260703,ウインクローバー,70.3,51.3,34.3,16.9,19.0,17.0,17.4,16.9
20260703,エンマ,68.1,50.2,32.7,16.2,17.9,17.5,16.5,16.2
20260703,ジューンエオス,66.5,48.9,32.1,15.9,17.6,16.8,16.2,15.9
20260703,ブルズアイプリンス,64.1,47.6,32.3,15.6,16.5,15.3,16.7,15.6
20260703,アーデルプレミア,79.5,59.2,39.3,19.6,20.3,19.9,19.7,19.6
20260703,バクソウシャチョウ,69.3,51.6,33.2,15.9,17.7,18.4,17.3,15.9
20260703,サウンドモリアーナ,65.4,48.1,32.4,15.8,17.3,15.7,16.6,15.8
20260703,テーオーシュテルン,71.4,51.9,34.0,17.0,19.5,17.9,17.0,17.0
20260703,コパノルーカス,67.8,49.0,32.0,16.0,18.8,17.0,16.0,16.0
20260703,トラステッド,79.7,59.1,39.3,20.8,20.6,19.8,18.5,20.8
20260703,テーオーカメリア,72.8,54.0,36.4,18.2,18.8,17.6,18.2,18.2
20260703,アージュドール,70.3,51.6,34.4,16.9,18.7,17.2,17.5,16.9
20260703,クルクルミラクル,70.4,53.0,35.3,17.7,17.4,17.7,17.6,17.7
20260703,アンバーライト,71.9,53.3,35.5,18.1,18.6,17.8,17.4,18.1
20260703,グリミスティ,71.4,51.2,32.9,16.4,20.2,18.3,16.5,16.4
20260703,テンタイムトップ,54.2,39.4,25.6,12.5,14.8,13.8,13.1,12.5
20260703,アーデントアイ,64.1,46.8,30.8,15.6,17.3,16.0,15.2,15.6
20260703,シゲルショウグン,72.0,53.0,34.6,17.0,19.0,18.4,17.6,17.0
20260703,サンマルパトロール,70.0,51.7,34.3,17.3,18.3,17.4,17.0,17.3
20260703,メイショウシナノ,68.9,51.6,34.1,17.3,17.3,17.5,16.8,17.3
20260703,サトノソティラス,62.8,46.2,30.9,15.4,16.6,15.3,15.5,15.4
20260703,ボビーザグレート,67.4,48.4,32.0,15.5,19.0,16.4,16.5,15.5
20260703,ジーティーアダマン,66.0,47.7,30.4,14.8,18.3,17.3,15.6,14.8
20260703,ジャスティンガルフ,65.7,48.0,31.9,15.6,17.7,16.1,16.3,15.6
20260703,アメティスタ,68.6,50.1,33.0,16.3,18.5,17.1,16.7,16.3
20260703,クスクス,71.1,50.8,33.2,16.2,20.3,17.6,17.0,16.2
20260703,ミエルモーサ,68.5,49.4,32.8,16.4,19.1,16.6,16.4,16.4
20260703,マヴィ,67.1,50.1,33.1,15.8,17.0,17.0,17.3,15.8
20260703,フォーオール,69.2,50.5,33.2,16.0,18.7,17.3,17.2,16.0
20260703,マーゴットプレ,67.6,50.3,33.2,16.5,17.3,17.1,16.7,16.5
20260703,マーゴットヴィム,67.9,49.8,32.9,16.6,18.1,16.9,16.3,16.6
20260703,サンライズドレイク,68.5,51.1,34.4,17.3,17.4,16.7,17.1,17.3
20260703,ブライトエンジェル,55.4,39.7,25.7,13.1,15.7,14.0,12.6,13.1
20260703,コースタルロード,61.6,45.4,29.9,14.8,16.2,15.5,15.1,14.8
20260703,レーゼドラマ,63.6,45.4,29.6,14.8,18.2,15.8,14.8,14.8
20260703,アイゼンハイム,64.8,46.8,30.6,14.8,18.0,16.2,15.8,14.8
20260703,ルートサーティーン,64.9,47.6,31.3,15.5,17.3,16.3,15.8,15.5
20260703,ミニュイ,69.5,51.5,33.6,16.2,18.0,17.9,17.4,16.2
20260703,ハルカカナタ,69.3,50.6,33.7,17.0,18.7,16.9,16.7,17.0
20260703,テイクザクラウン,65.9,47.7,30.5,15.0,18.2,17.2,15.5,15.0
20260703,ヨウリンケイジュ,68.0,49.7,32.6,16.1,18.3,17.1,16.5,16.1
20260703,グランメドウ,69.1,51.4,34.4,17.0,17.7,17.0,17.4,17.0
20260703,エアロクリスタ,69.1,51.6,34.3,17.2,17.5,17.3,17.1,17.2
20260703,アスクアットバット,64.5,47.9,31.7,15.9,16.6,16.2,15.8,15.9
20260703,スピーディスピン,65.5,48.1,31.7,15.4,17.4,16.4,16.3,15.4
20260703,ダークエクリプス,69.7,50.5,33.3,15.8,19.2,17.2,17.5,15.8
20260703,サイレントグルーヴ,70.7,50.8,32.3,15.9,19.9,18.5,16.4,15.9
20260703,タガノアバンドーネ,69.1,50.9,33.0,16.4,18.2,17.9,16.6,16.4
20260703,サンライズアリオン,58.6,43.2,29.0,14.9,15.4,14.2,14.1,14.9
20260703,ライムシロップ,53.2,39.0,25.5,12.7,14.2,13.5,12.8,12.7
20260703,タガノアルトゥーラ,67.5,49.4,32.1,15.5,18.1,17.3,16.6,15.5
20260703,アイオリスパルス,67.5,49.4,32.1,15.5,18.1,17.3,16.6,15.5
20260703,テーオーライガ,75.2,56.1,37.3,18.3,19.1,18.8,19.0,18.3
20260703,ラッキーハナコ,75.3,55.0,36.0,17.6,20.3,19.0,18.4,17.6
20260703,サンライズプルート,68.8,49.5,32.0,15.7,19.3,17.5,16.3,15.7
20260703,ﾏﾆｸｰﾙの24,69.3,50.2,32.6,16.0,19.1,17.6,16.6,16.0
20260703,ジーティーアダマン,61.5,44.8,29.2,14.7,16.7,15.6,14.5,14.7
20260703,セコンドトゥベスト,63.6,46.0,30.5,15.3,17.6,15.5,15.2,15.3
20260703,リンフレスカンテ,66.4,47.3,31.2,15.8,19.1,16.1,15.4,15.8
20260703,リチャードバローズ,68.5,49.3,32.8,16.3,19.2,16.5,16.5,16.3
20260703,カルパ,62.8,44.8,28.8,14.6,18.0,16.0,14.2,14.6
20260703,スウィートライト,68.8,50.9,33.2,17.0,17.9,17.7,16.2,17.0
20260703,キリマンジェロタフ,69.2,51.4,34.2,17.0,17.8,17.2,17.2,17.0
20260703,アームズラムレイ,66.1,48.3,31.7,15.9,17.8,16.6,15.8,15.9
20260703,ラグーナロサ,66.7,48.7,32.1,16.2,18.0,16.6,15.9,16.2
20260703,エモティコン,65.5,48.5,31.2,15.6,17.0,17.3,15.6,15.6
20260703,エールヴォル,68.6,50.7,34.0,17.2,17.9,16.7,16.8,17.2
20260703,スノースケープ,64.6,47.7,31.4,15.8,16.9,16.3,15.6,15.8
20260703,グランキングオー,65.6,47.6,31.2,15.6,18.0,16.4,15.6,15.6
20260703,ニテンイチリュウ,67.7,49.6,32.8,16.3,18.1,16.8,16.5,16.3
20260703,ラッキーヴォーグ,68.0,49.4,32.3,15.8,18.6,17.1,16.5,15.8
20260703,アレ,63.8,46.9,31.3,15.6,16.9,15.6,15.7,15.6
20260703,ゲッティヴィラ,53.6,38.8,25.4,12.5,14.8,13.4,12.9,12.5
20260703,ブームバップビート,66.2,49.6,32.8,16.0,16.6,16.8,16.8,16.0
20260703,ヨコハマブルース,64.2,47.4,31.6,15.8,16.8,15.8,15.8,15.8
20260703,クーデール,67.1,48.9,32.4,16.2,18.2,16.5,16.2,16.2
20260703,アブキールベイ,62.6,45.8,30.0,14.4,16.8,15.8,15.6,14.4
20260703,ドリームキャリー,64.6,47.3,30.9,15.5,17.3,16.4,15.4,15.5
20260703,ウインロズパレード,67.2,48.2,31.2,15.9,19.0,17.0,15.3,15.9
20260703,タワーオブバベル,68.3,50.8,34.1,17.0,17.5,16.7,17.1,17.0
20260703,ダヌラーサナ,61.9,46.3,30.5,15.5,15.6,15.8,15.0,15.5
20260703,ベルフラム,64.9,47.6,31.0,15.2,17.3,16.6,15.8,15.2
20260703,ジョバンニ,83.2,60.9,39.0,19.2,22.3,21.9,19.8,19.2
20260703,サイモンシャリオ,70.9,52.0,34.2,16.8,18.9,17.8,17.4,16.8
20260703,ゲタリア,71.0,52.7,34.7,17.3,18.3,18.0,17.4,17.3
20260703,モンスエ,67.5,49.7,32.3,15.8,17.8,17.4,16.5,15.8
20260703,サイモンシュバリエ,67.3,48.1,31.4,15.4,19.2,16.7,16.0,15.4
20260703,タイセイドレフォン,53.7,38.5,25.3,12.8,15.2,13.2,12.5,12.8
20260703,マハートマーベル,60.2,44.1,29.2,14.4,16.1,14.9,14.8,14.4
20260703,ヤマニンアストロン,69.4,50.9,33.7,16.6,18.5,17.2,17.1,16.6
20260703,タガノアビー,72.0,52.8,34.9,17.3,19.2,17.9,17.6,17.3
20260703,パピプペピンク,68.7,50.6,33.1,16.1,18.1,17.5,17.0,16.1
20260703,セッシュウ,67.0,49.4,32.0,15.8,17.6,17.4,16.2,15.8
20260703,サンマルマニック,66.0,47.1,31.0,15.4,18.9,16.1,15.6,15.4
20260703,ムーンベリル,71.6,52.2,34.0,16.4,19.4,18.2,17.6,16.4
20260703,ケイテンアイジン,66.3,48.6,31.8,15.3,17.7,16.8,16.5,15.3
20260703,サマーナジュム,54.1,38.7,25.0,12.6,15.4,13.7,12.4,12.6
20260703,アセンシオン,53.4,38.3,25.0,12.7,15.1,13.3,12.3,12.7
20260703,アルピグレン,66.1,48.6,32.1,16.2,17.5,16.5,15.9,16.2
20260703,トシミチ,70.1,50.5,33.1,16.7,19.6,17.4,16.4,16.7
20260703,ニューイントリーグ,71.6,51.9,33.2,16.9,19.7,18.7,16.3,16.9
20260703,メモリーデイズ,67.3,49.4,33.6,17.3,17.9,15.8,16.3,17.3
20260703,エルヴィオラ,64.4,47.1,31.1,15.4,17.3,16.0,15.7,15.4
20260703,レヴロード,68.1,50.9,34.1,17.1,17.2,16.8,17.0,17.1
20260703,ペルセポネ,67.0,49.3,32.8,16.2,17.7,16.5,16.6,16.2
20260703,チュウワメロディー,72.0,51.8,34.5,17.2,20.2,17.3,17.3,17.2
20260703,ベニバナ,68.7,50.6,33.7,17.0,18.1,16.9,16.7,17.0
20260703,ジョン,74.8,54.8,36.4,18.1,20.0,18.4,18.3,18.1
20260703,ロクメイカン,70.6,51.9,34.5,17.2,18.7,17.4,17.3,17.2
20260703,ショールミーズ,69.6,49.8,32.4,15.9,19.8,17.4,16.5,15.9
20260703,キアヌ,55.1,40.9,27.1,13.4,14.2,13.8,13.7,13.4
20260703,サトノグロリア,64.2,47.6,31.4,15.2,16.6,16.2,16.2,15.2
20260703,ジュピターバローズ,64.9,48.1,32.0,15.9,16.8,16.1,16.1,15.9
20260703,クラヴァンス,64.9,48.4,32.2,16.0,16.5,16.2,16.2,16.0
20260703,ワンダフルボンド,63.2,47.8,32.3,16.2,15.4,15.5,16.1,16.2
20260703,ホウオウモノポリー,59.2,43.2,28.8,14.3,16.0,14.4,14.5,14.3
20260703,シャローファースト,70.3,51.6,33.8,16.6,18.7,17.8,17.2,16.6
20260703,グラシアレスインク,69.0,51.2,33.4,16.6,17.8,17.8,16.8,16.6
20260703,アーガイルショア,68.4,49.7,32.5,16.0,18.7,17.2,16.5,16.0
20260703,マニバドラ,68.5,51.0,34.2,17.4,17.5,16.8,16.8,17.4
20260703,ワルトシュタイン,64.5,48.6,32.4,15.8,15.9,16.2,16.6,15.8
20260703,ジューンセクレタ,69.8,50.6,32.9,16.2,19.2,17.7,16.7,16.2
20260703,ペプチドデバイス,70.7,52.6,34.8,17.5,18.1,17.8,17.3,17.5
20260703,バトルナイト,70.8,52.7,34.8,17.0,18.1,17.9,17.8,17.0
20260703,トリオハピネス,64.9,48.7,32.8,16.4,16.2,15.9,16.4,16.4
20260703,カズゴルティス,65.7,48.8,32.0,15.7,16.9,16.8,16.3,15.7
20260703,ノンブルドール,69.0,50.8,33.6,16.5,18.2,17.2,17.1,16.5
20260703,プールナバドラ,62.7,44.4,29.0,14.7,18.3,15.4,14.3,14.7
20260703,ヨシノサンキュー,68.4,49.7,32.0,15.9,18.7,17.7,16.1,15.9
20260703,カフジマリボー,68.2,50.2,32.4,16.2,18.0,17.8,16.2,16.2
20260703,サウンドファイト,65.3,48.1,31.6,15.9,17.2,16.5,15.7,15.9
20260703,ロマノヴェリテ,69.5,50.6,34.1,17.4,18.9,16.5,16.7,17.4
20260703,ヒアカムズザサン,65.4,49.5,33.1,16.4,15.9,16.4,16.7,16.4
20260703,レッドバベル,70.0,51.6,34.0,17.0,18.4,17.6,17.0,17.0
20260703,マーゴットデセオ,78.4,57.9,38.2,19.2,20.5,19.7,19.0,19.2
20260703,ジワールドコア,69.9,51.5,34.5,17.3,18.4,17.0,17.2,17.3
20260703,マイエスタ,80.1,59.1,38.2,19.2,21.0,20.9,19.0,19.2
20260703,テイエムパイロット,73.8,54.4,36.5,18.2,19.4,17.9,18.3,18.2
20260703,ハクサンリング,68.6,49.9,32.6,16.0,18.7,17.3,16.6,16.0
20260703,サントルドパリ,62.8,46.8,31.6,15.9,16.0,15.2,15.7,15.9
20260703,タガノプディング,64.9,48.0,32.0,16.0,16.9,16.0,16.0,16.0
20260703,シーカーク,69.5,52.0,35.3,17.9,17.5,16.7,17.4,17.9
20260703,ジーティールーナ,67.2,48.9,31.7,15.7,18.3,17.2,16.0,15.7
20260703,フェーエンハフト,66.2,49.2,32.0,15.8,17.0,17.2,16.2,15.8
20260703,リアルメッセージ,67.0,49.6,32.7,16.3,17.4,16.9,16.4,16.3
20260703,ミッキーリチャード,72.7,54.0,35.9,18.2,18.7,18.1,17.7,18.2
20260703,トレビスドンナ,71.9,53.0,34.7,17.1,18.9,18.3,17.6,17.1
20260703,スマートクラビ,63.7,46.8,31.3,15.9,16.9,15.5,15.4,15.9
20260703,ポッドリプル,66.0,48.5,31.7,15.6,17.5,16.8,16.1,15.6
20260703,ジョアン,64.8,45.8,29.9,14.9,19.0,15.9,15.0,14.9
20260703,ヤマニンイハナ,65.9,46.8,30.6,15.3,19.1,16.2,15.3,15.3
20260703,ロードフィエロ,67.1,49.3,32.1,15.8,17.8,17.2,16.3,15.8
20260703,スターリーグロウ,67.2,49.3,32.1,15.7,17.9,17.2,16.4,15.7
20260703,フィニステーレ,64.0,46.2,30.9,16.1,17.8,15.3,14.8,16.1
20260703,ワイドクリーガー,65.5,47.1,31.1,15.3,18.4,16.0,15.8,15.3
20260703,ワイドヴィンクルム,65.8,46.6,31.1,15.2,19.2,15.5,15.9,15.2
20260703,アクロフェイズ,68.1,48.7,31.9,15.9,19.4,16.8,16.0,15.9
20260703,ヴォルテックス,66.3,48.9,32.8,16.5,17.4,16.1,16.3,16.5
20260703,セイフウサツキ,63.3,46.7,30.8,15.5,16.6,15.9,15.3,15.5
20260703,メルキオル,62.7,46.6,31.0,15.1,16.1,15.6,15.9,15.1
20260703,イマージョン,70.1,50.0,32.0,15.5,20.1,18.0,16.5,15.5
20260703,アンリミテッド,71.4,51.7,33.3,16.1,19.7,18.4,17.2,16.1
20260703,バラジ,71.6,51.1,33.5,16.6,20.5,17.6,16.9,16.6
20260703,ヴァンヴィーヴ,65.7,48.3,32.0,16.0,17.4,16.3,16.0,16.0
20260703,ベルギューン,64.1,46.8,30.7,14.9,17.3,16.1,15.8,14.9
20260703,コリカンチャ,62.7,46.6,31.1,15.3,16.1,15.5,15.8,15.3
20260703,エアビッグマム,61.0,45.4,30.5,15.6,15.6,14.9,14.9,15.6
20260703,ホシヲミテルンナ,78.0,57.3,37.7,18.5,20.7,19.6,19.2,18.5
20260703,オウドウ,78.2,57.9,38.6,18.8,20.3,19.3,19.8,18.8
20260703,アリエスキング,68.8,50.7,32.7,15.8,18.1,18.0,16.9,15.8
20260703,オデット,64.8,47.4,31.1,15.1,17.4,16.3,16.0,15.1
20260703,ゼンノゾンターク,64.6,45.6,29.4,14.3,19.0,16.2,15.1,14.3
20260703,エアアルチーナ,61.9,45.0,29.8,14.7,16.9,15.2,15.1,14.7
20260703,ウインマスカレード,62.0,44.9,30.2,15.0,17.1,14.7,15.2,15.0
20260703,アズライトアスール,67.1,49.6,32.7,16.3,17.5,16.9,16.4,16.3
20260703,プロットシッケンズ,64.9,48.2,31.5,15.4,16.7,16.7,16.1,15.4
20260703,テーオーレックス,64.9,48.2,31.5,15.4,16.7,16.7,16.1,15.4
20260703,タマモスカイ,68.3,49.8,32.9,16.2,18.5,16.9,16.7,16.2
20260703,テイエムファントム,66.2,49.1,33.1,16.8,17.1,16.0,16.3,16.8
20260703,ゴールデンドラゴン,65.1,46.5,30.1,14.9,18.6,16.4,15.2,14.9
20260703,フィリップヴィル,68.9,50.9,33.6,16.7,18.0,17.3,16.9,16.7
20260703,ファイアエッジ,68.9,50.8,33.6,16.8,18.1,17.2,16.8,16.8
20260703,ワンダーブレット,57.9,42.1,27.9,14.5,15.8,14.2,13.4,14.5
20260703,シャンデルナゴル,64.4,47.2,31.0,15.8,17.2,16.2,15.2,15.8
20260703,マルカオペラ,67.5,48.5,32.1,16.4,19.0,16.4,15.7,16.4
20260703,ベルフィーノ,70.8,51.6,34.1,16.2,19.2,17.5,17.9,16.2
20260703,スピークロウ,72.9,54.1,36.2,17.4,18.8,17.9,18.8,17.4
20260703,メイショウマントル,70.8,50.1,32.3,15.9,20.7,17.8,16.4,15.9
20260703,サンライズフレイム,69.2,46.9,29.4,14.8,22.3,17.5,14.6,14.8
20260703,ゴールデンスラム,61.8,44.6,28.8,13.9,17.2,15.8,14.9,13.9
20260703,ヴェロクオーレ,70.3,51.8,34.1,16.6,18.5,17.7,17.5,16.6
20260703,レガリアーナ,67.2,49.5,33.0,16.7,17.7,16.5,16.3,16.7
20260703,ラウニウ,66.7,50.7,33.8,16.6,16.0,16.9,17.2,16.6
20260703,マダムカマラード,62.0,46.4,30.4,15.0,15.6,16.0,15.4,15.0
20260703,サンライズケヴィン,61.9,46.0,30.9,15.9,15.9,15.1,15.0,15.9
20260703,ルナヴェリタス,65.1,48.9,32.5,16.2,16.2,16.4,16.3,16.2
20260703,オーケーファイター,66.1,49.4,33.0,16.7,16.7,16.4,16.3,16.7
20260703,モルティフレーバー,66.3,49.4,32.7,16.5,16.9,16.7,16.2,16.5
20260703,レーンアジリティ,65.1,48.0,32.0,16.3,17.1,16.0,15.7,16.3
20260703,トップランキング,68.4,50.5,33.4,16.5,17.9,17.1,16.9,16.5
20260703,リンカーンバローズ,67.7,50.4,33.3,16.8,17.3,17.1,16.5,16.8
20260703,シュプレヒコール,67.0,49.5,32.1,15.9,17.5,17.4,16.2,15.9
20260703,トラストエムシー,67.4,48.8,31.9,15.4,18.6,16.9,16.5,15.4
20260703,チャチャピンク,67.4,49.6,32.3,16.2,17.8,17.3,16.1,16.2
20260703,シエーナカラー,66.6,48.1,31.8,16.0,18.5,16.3,15.8,16.0
20260703,トウカイツバキ,67.8,49.3,31.8,15.5,18.5,17.5,16.3,15.5
20260703,メイショウフレア,71.5,53.9,36.0,17.8,17.6,17.9,18.2,17.8
20260703,ｶﾈﾄｼﾊﾟﾘｯｼｭの24,71.3,54.1,36.3,18.0,17.2,17.8,18.3,18.0
20260703,ベルヴェール,62.6,45.4,30.1,15.0,17.2,15.3,15.1,15.0
20260703,メイショウナナシロ,65.6,47.2,31.0,15.3,18.4,16.2,15.7,15.3
20260703,ブルーストレイル,63.0,46.0,30.6,15.3,17.0,15.4,15.3,15.3
20260703,ナリタヒカリ,61.3,45.5,30.7,15.4,15.8,14.8,15.3,15.4
20260703,クリノゴージャス,57.4,42.8,28.9,14.6,14.6,13.9,14.3,14.6
20260703,メイショウアヤカ,66.3,48.6,32.9,16.7,17.7,15.7,16.2,16.7
20260703,メイショウジェンマ,79.8,57.6,37.0,18.2,22.2,20.6,18.8,18.2
20260703,ワンダーカモン,65.6,47.5,30.6,15.2,18.1,16.9,15.4,15.2
20260703,ガールズデイアウト,67.0,49.0,32.2,15.7,18.0,16.8,16.5,15.7
20260703,ドンインザムード,65.2,47.6,31.0,15.1,17.6,16.6,15.9,15.1
20260703,カツラコマチ,67.5,49.3,32.0,15.7,18.2,17.3,16.3,15.7
20260703,アンヘリータス,67.1,49.4,32.3,15.8,17.7,17.1,16.5,15.8
20260703,コパノプリンストン,77.4,56.2,36.2,18.2,21.2,20.0,18.0,18.2
20260703,イーサンマリーン,67.9,49.7,32.3,15.8,18.2,17.4,16.5,15.8
20260703,ダイシンレジウス,78.3,56.9,37.0,18.6,21.4,19.9,18.4,18.6
20260703,サイモンジェセル,76.6,56.3,36.5,18.1,20.3,19.8,18.4,18.1
20260703,オーラムミーティア,66.3,48.8,31.5,15.4,17.5,17.3,16.1,15.4
20260703,エイシンウィスパー,68.4,50.1,32.6,16.1,18.3,17.5,16.5,16.1
20260703,キープライジング,72.6,52.4,33.7,17.1,20.2,18.7,16.6,17.1
20260703,ペイシャトサモア,62.2,44.7,29.1,14.7,17.5,15.6,14.4,14.7
20260703,マルモタワー,64.1,48.5,32.5,16.2,15.6,16.0,16.3,16.2
20260703,カセノシルク,63.3,47.7,32.3,16.4,15.6,15.4,15.9,16.4
20260703,ノトコンゴウ,65.6,49.1,32.7,16.2,16.5,16.4,16.5,16.2
20260703,テーオーソラネル,62.3,44.7,28.1,13.0,17.6,16.6,15.1,13.0
20260703,ガイアメンテ,62.9,44.5,27.9,13.2,18.4,16.6,14.7,13.2
20260703,エコロリンド,61.6,44.6,28.3,13.4,17.0,16.3,14.9,13.4
20260703,ホルトバージ,64.2,47.9,31.2,15.4,16.3,16.7,15.8,15.4
20260703,ジェバーダ,67.3,50.2,33.2,16.4,17.1,17.0,16.8,16.4
20260703,ショウナンライラ,63.6,46.2,30.3,14.6,17.4,15.9,15.7,14.6
20260703,ジョーヴェスタ,67.9,50.1,32.8,16.1,17.8,17.3,16.7,16.1
20260703,ジューンマーチ,67.1,49.2,32.1,15.7,17.9,17.1,16.4,15.7
20260703,カレンハウ,64.0,47.0,30.8,15.0,17.0,16.2,15.8,15.0
20260703,ゼンダンハヤブサ,54.5,39.0,25.4,12.7,15.5,13.6,12.7,12.7
20260703,アンヌグロース,67.4,49.7,32.8,15.8,17.7,16.9,17.0,15.8
20260703,ラッキーシグネチャ,60.3,44.6,29.7,14.9,15.7,14.9,14.8,14.9
20260703,プリメラエストレラ,64.4,47.0,31.1,15.0,17.4,15.9,16.1,15.0
20260703,ジェルブロア,63.6,48.4,32.8,16.7,15.2,15.6,16.1,16.7
20260703,ソニックブーム,63.8,45.8,29.2,13.9,18.0,16.6,15.3,13.9
20260703,サンロンブル,66.9,48.3,30.8,15.1,18.6,17.5,15.7,15.1
20260703,マジックハンド,63.3,47.3,31.8,16.2,16.0,15.5,15.6,16.2
20260703,サンライズジョー,65.3,48.2,31.6,16.0,17.1,16.6,15.6,16.0
20260703,ホーリーブラッサム,66.6,47.4,31.0,15.4,19.2,16.4,15.6,15.4
20260703,ミリタリータトゥー,67.3,48.8,32.4,16.5,18.5,16.4,15.9,16.5
20260703,ホーリーステップ,68.0,49.0,31.8,15.7,19.0,17.2,16.1,15.7
20260703,テーオータウンズ,65.0,48.4,31.8,15.9,16.6,16.6,15.9,15.9
20260703,テルヴィセクス,66.8,47.7,31.1,15.5,19.1,16.6,15.6,15.5
20260703,グラスベルグ,66.7,47.6,31.0,15.4,19.1,16.6,15.6,15.4
20260703,ベルセクレト,66.5,48.5,32.0,16.4,18.0,16.5,15.6,16.4
20260703,ルナパッショーネ,68.2,49.3,32.3,15.9,18.9,17.0,16.4,15.9
20260703,ピースオブザライフ,69.0,51.6,34.2,16.7,17.4,17.4,17.5,16.7
20260703,メイショウトム,71.6,52.0,34.1,17.0,19.6,17.9,17.1,17.0
20260703,テイクオーヴァー,71.3,52.2,34.6,17.2,19.1,17.6,17.4,17.2
20260703,リアライズセレスト,67.5,49.9,33.3,16.6,17.6,16.6,16.7,16.6
20260703,プリズマジコ,54.8,39.8,25.8,12.5,15.0,14.0,13.3,12.5
20260703,バリオス,64.7,46.8,30.6,15.3,17.9,16.2,15.3,15.3
20260703,モンブランミノル,71.0,51.7,34.2,16.8,19.3,17.5,17.4,16.8
20260703,メイショウアボット,66.0,48.5,31.8,15.6,17.5,16.7,16.2,15.6
20260703,バニーラビット,68.8,50.9,34.0,17.2,17.9,16.9,16.8,17.2
20260703,ヒッグスボソン,69.2,50.7,34.0,16.8,18.5,16.7,17.2,16.8
20260703,フィアレスウィル,67.7,50.4,34.0,16.9,17.3,16.4,17.1,16.9
20260703,ブエノスオプティマ,69.8,51.4,34.7,17.5,18.4,16.7,17.2,17.5
20260703,オモイヲノセテ,68.2,50.0,33.5,16.7,18.2,16.5,16.8,16.7
20260703,アイスフォーク,68.2,50.7,33.6,17.1,17.5,17.1,16.5,17.1
20260703,ギャルズマインド,67.3,49.8,32.7,16.0,17.5,17.1,16.7,16.0
20260703,サンマルノヴェル,68.2,50.2,33.2,16.7,18.0,17.0,16.5,16.7
20260703,キービート,64.6,47.5,31.3,15.6,17.1,16.2,15.7,15.6
20260703,レッドパラジウム,66.9,47.3,30.9,15.2,19.6,16.4,15.7,15.2
20260703,ウインラブソング,63.5,47.0,31.6,16.1,16.5,15.4,15.5,16.1
20260703,ラヴァンドローリエ,63.8,47.3,31.6,15.6,16.5,15.7,16.0,15.6
20260703,ロードトレゾール,65.5,48.0,32.4,16.6,17.5,15.6,15.8,16.6
20260703,エスペシャリー,63.5,47.0,31.5,15.5,16.5,15.5,16.0,15.5
20260703,ルージュプルーヴ,62.1,44.9,28.7,14.2,17.2,16.2,14.5,14.2
20260703,メイショウジェード,68.8,50.1,33.0,16.9,18.7,17.1,16.1,16.9
20260703,ツーエムマドンナ,75.4,55.7,37.2,18.8,19.7,18.5,18.4,18.8
20260703,シャインユウ,72.6,52.9,35.7,18.2,19.7,17.2,17.5,18.2
20260703,ワンダーサイファー,67.0,50.9,34.3,17.2,16.1,16.6,17.1,17.2
20260703,コックスコーム,67.5,49.1,32.1,15.8,18.4,17.0,16.3,15.8
20260703,スネーフリンガ,72.4,52.5,34.4,17.1,19.9,18.1,17.3,17.1
20260703,キョウエイクローム,68.2,50.5,33.8,17.1,17.7,16.7,16.7,17.1
20260703,ダノンミッドナイト,63.5,47.4,31.3,16.2,16.1,16.1,15.1,16.2
20260703,リルスー,64.5,47.7,31.8,16.0,16.8,15.9,15.8,16.0
20260703,ケイアイドリー,63.3,47.2,31.6,15.7,16.1,15.6,15.9,15.7
20260703,マジックローズ,59.4,43.4,28.6,14.3,16.0,14.8,14.3,14.3
20260703,フェスティバルヒル,65.7,48.2,31.4,15.8,17.5,16.8,15.6,15.8
20260703,ペアスターロード,65.8,47.9,31.4,15.4,17.9,16.5,16.0,15.4
20260703,パーセンタイル,65.4,48.0,31.7,16.0,17.4,16.3,15.7,16.0
20260703,サンライズジャポネ,64.9,47.5,31.1,15.4,17.4,16.4,15.7,15.4
20260703,サンシュエール,63.8,48.1,32.0,16.0,15.7,16.1,16.0,16.0
20260703,レディマリオン,67.4,49.1,31.8,15.6,18.3,17.3,16.2,15.6
20260703,マテンロウコマンド,65.4,48.1,31.8,15.8,17.3,16.3,16.0,15.8
20260703,サイモンソレアード,67.0,48.7,30.9,14.9,18.3,17.8,16.0,14.9
20260703,ヨシノイースター,62.8,46.3,31.3,15.7,16.5,15.0,15.6,15.7
20260703,ゴッドブルービー,71.8,52.3,33.8,16.8,19.5,18.5,17.0,16.8
20260703,イリスアスール,53.4,38.2,25.2,12.8,15.2,13.0,12.4,12.8
20260703,ラグナトーレ,52.7,37.6,24.9,12.6,15.1,12.7,12.3,12.6
20260703,ソーニーイシュー,63.8,46.2,29.8,14.7,17.6,16.4,15.1,14.7
20260703,ラミエルノムスコ,66.8,48.9,32.5,16.0,17.9,16.4,16.5,16.0
20260703,タガノアルブラック,69.9,51.8,34.1,17.0,18.1,17.7,17.1,17.0
20260703,モンブランミノル,65.9,48.3,31.4,15.3,17.6,16.9,16.1,15.3
20260703,プライベートアイズ,68.1,50.4,33.6,17.0,17.7,16.8,16.6,17.0
20260703,コウセキ,67.9,49.3,32.7,16.1,18.6,16.6,16.6,16.1
20260703,ムーンリットビーチ,67.2,49.5,33.0,16.2,17.7,16.5,16.8,16.2
20260703,メローネ,68.5,50.2,33.2,16.3,18.3,17.0,16.9,16.3
20260703,コスモグローリー,64.5,47.5,31.1,15.2,17.0,16.4,15.9,15.2
20260703,ダノンワンダー,61.4,46.4,31.8,15.9,15.0,14.6,15.9,15.9
20260703,コスモフィレンツェ,64.7,47.2,30.8,14.9,17.5,16.4,15.9,14.9
20260703,レッドタイラント,60.6,44.4,29.7,15.2,16.2,14.7,14.5,15.2
20260703,オーロラエックス,77.1,54.8,35.2,17.1,22.3,19.6,18.1,17.1
20260703,ワンダーヴァレル,74.4,54.9,35.5,17.5,19.5,19.4,18.0,17.5
20260703,セイロンブリーズ,69.2,50.7,32.9,16.1,18.5,17.8,16.8,16.1
20260703,ジャンゴッド,68.1,49.2,31.5,15.8,18.9,17.7,15.7,15.8
20260703,メイショウハチロー,60.5,45.9,31.3,16.3,14.6,14.6,15.0,16.3
20260703,トモジャプレジール,64.7,47.1,31.6,15.9,17.6,15.5,15.7,15.9
20260703,ロードアウォード,61.9,45.1,29.5,14.6,16.8,15.6,14.9,14.6
20260703,ノーブルロジャー,60.6,43.2,27.9,13.7,17.4,15.3,14.2,13.7
20260703,ロードフィレール,60.9,44.6,29.4,14.5,16.3,15.2,14.9,14.5
20260702,ホノボノ,68.4,50.5,33.2,17.0,17.9,17.3,16.2,17.0
20260702,アラビアンドリーム,53.0,38.8,25.1,12.4,14.2,13.7,12.7,12.4
20260702,パースウェイド,54.7,40.4,26.1,12.8,14.3,14.3,13.3,12.8
20260702,アイアンナックル,65.8,48.4,32.7,16.4,17.4,15.7,16.3,16.4
20260702,ヒロイックヴァース,73.1,53.6,34.8,17.0,19.5,18.8,17.8,17.0
20260702,ライヴレッドアイ,66.3,48.9,32.0,15.3,17.4,16.9,16.7,15.3
20260702,ギリーカラム,70.0,51.6,34.0,16.8,18.4,17.6,17.2,16.8
20260702,ブルールチル,58.6,44.0,29.1,13.9,14.6,14.9,15.2,13.9
20260702,シーズアウルフ,73.8,54.5,36.3,18.4,19.3,18.2,17.9,18.4
20260702,ゴールドジェスター,57.5,40.9,27.2,13.5,16.6,13.7,13.7,13.5
20260702,ミエスタ,68.3,50.2,33.2,17.0,18.1,17.0,16.2,17.0
20260702,エビスディアーナ,72.4,52.9,35.1,17.5,19.5,17.8,17.6,17.5
20260702,アトミックブレス,71.6,53.6,35.4,17.6,18.0,18.2,17.8,17.6
20260702,ノーウェアマン,73.1,53.5,34.8,17.0,19.6,18.7,17.8,17.0
20260702,スマートブライド,71.6,53.1,35.0,17.5,18.5,18.1,17.5,17.5
20260702,ニシノレジーナ,67.6,49.5,32.4,15.9,18.1,17.1,16.5,15.9
20260702,ボンジュールパリ,71.6,53.3,35.0,17.4,18.3,18.3,17.6,17.4
20260702,ルージュルフラン,67.9,50.0,32.7,15.9,17.9,17.3,16.8,15.9
20260702,エマルタ,73.3,54.0,35.1,17.2,19.3,18.9,17.9,17.2
20260702,レッドマスキュラー,66.0,48.4,31.6,15.7,17.6,16.8,15.9,15.7
20260702,ウィルステート,66.1,48.5,31.6,15.7,17.6,16.9,15.9,15.7
20260702,ゴールデンハニビー,66.1,47.9,31.2,15.4,18.2,16.7,15.8,15.4
20260702,アイスブレイカー,70.1,52.1,33.8,16.5,18.0,18.3,17.3,16.5
20260702,アウルムレガリア,55.8,41.0,27.0,13.6,14.8,14.0,13.4,13.6
20260702,ユメシルベ,53.9,39.4,25.6,12.7,14.5,13.8,12.9,12.7
20260702,ノアチュロス,65.3,48.4,32.3,16.3,16.9,16.1,16.0,16.3
20260702,アスパラゴ,71.3,51.6,33.0,16.2,19.7,18.6,16.8,16.2
20260702,サンマルオブウォー,59.0,43.9,29.7,15.1,15.1,14.2,14.6,15.1
20260702,アンティミスト,71.3,51.8,34.0,17.0,19.5,17.8,17.0,17.0
20260702,ビスクヴィート,65.4,48.2,31.4,15.5,17.2,16.8,15.9,15.5
20260702,ヴァンデエス,64.6,47.5,31.4,15.6,17.1,16.1,15.8,15.6
20260702,トーセンシントラ,65.2,47.8,31.4,15.6,17.4,16.4,15.8,15.6
20260702,エコロブラン,70.8,52.0,34.1,16.8,18.8,17.9,17.3,16.8
20260702,ガラク,64.9,47.3,30.6,15.0,17.6,16.7,15.6,15.0
20260702,ヘルヴェティオス,53.2,37.7,24.3,12.4,15.5,13.4,11.9,12.4
20260702,ネオシューマン,68.7,50.1,32.9,15.7,18.6,17.2,17.2,15.7
20260702,クツワエターナル,69.4,51.2,33.8,16.6,18.2,17.4,17.2,16.6
20260702,ジュンヴィヴァン,66.6,47.8,30.7,15.3,18.8,17.1,15.4,15.3
20260702,パッセージピーク,65.5,48.0,31.6,15.5,17.5,16.4,16.1,15.5
20260702,カセノメロス,69.4,51.2,33.7,16.5,18.2,17.5,17.2,16.5
20260702,エマーソンズ,66.6,49.2,32.3,16.0,17.4,16.9,16.3,16.0
20260702,ミコウェイ,69.4,51.3,33.8,16.6,18.1,17.5,17.2,16.6
20260702,レガメデルヴェント,58.8,43.0,28.5,13.8,15.8,14.5,14.7,13.8
20260702,セタキト,56.4,39.6,25.0,12.2,16.8,14.6,12.8,12.2
20260702,リントヴルム,74.5,54.8,35.9,17.5,19.7,18.9,18.4,17.5
20260702,マイネルモメンタム,68.6,50.9,33.6,16.5,17.7,17.3,17.1,16.5
20260702,ヴェナートル,55.2,39.4,25.4,12.7,15.8,14.0,12.7,12.7
20260702,シュラフ,67.3,50.0,33.0,16.3,17.3,17.0,16.7,16.3
20260702,ファインブライト,76.3,56.7,37.6,19.1,19.6,19.1,18.5,19.1
20260702,エコロレイズ,71.4,52.4,34.2,16.9,19.0,18.2,17.3,16.9
20260702,アンプイットアップ,70.3,51.4,33.7,16.6,18.9,17.7,17.1,16.6
20260702,コウジハラ,67.2,49.6,32.8,16.4,17.6,16.8,16.4,16.4
20260702,サトノフェンサー,58.2,43.1,28.6,13.8,15.1,14.5,14.8,13.8
20260702,マウンテンジョオー,68.4,50.4,33.4,16.5,18.0,17.0,16.9,16.5
20260702,エルエシック,67.9,50.1,33.3,16.4,17.8,16.8,16.9,16.4
20260702,ルージュベルベット,69.3,51.0,33.0,16.4,18.3,18.0,16.6,16.4
20260702,アミノショコラ,72.6,53.9,36.1,18.1,18.7,17.8,18.0,18.1
20260702,レオライジング,71.9,53.5,35.8,18.2,18.4,17.7,17.6,18.2
20260702,グロリアススマイル,68.2,50.8,33.8,16.9,17.4,17.0,16.9,16.9
20260702,キャネル,55.7,40.2,26.5,13.2,15.5,13.7,13.3,13.2
20260702,ヴィーデ,75.2,53.9,35.3,16.9,21.3,18.6,18.4,16.9
20260702,バトルモクオ,69.2,51.5,33.8,16.6,17.7,17.7,17.2,16.6
20260702,カキュウ,56.2,41.4,26.7,12.7,14.8,14.7,14.0,12.7
20260702,ウインベルチェーロ,55.4,39.9,26.3,13.1,15.5,13.6,13.2,13.1
20260702,ジーティーヒラリ,63.5,46.5,30.4,15.5,17.0,16.1,14.9,15.5
20260702,カリボール,68.0,49.6,32.1,15.8,18.4,17.5,16.3,15.8
20260702,ウインハルモニア,56.2,40.0,25.8,12.6,16.2,14.2,13.2,12.6
20260702,ハッピーエンジェル,54.0,39.2,25.3,12.7,14.8,13.9,12.6,12.7
20260702,アグネスクレスト,53.1,39.1,25.9,12.8,14.0,13.2,13.1,12.8
20260702,ハッピーラッキー,53.3,38.4,24.5,12.1,14.9,13.9,12.4,12.1
20260702,フォンドルレール,69.3,50.1,33.2,17.1,19.2,16.9,16.1,17.1
20260702,チャチャット,67.2,48.7,31.3,15.3,18.5,17.4,16.0,15.3
20260702,レヴェンドール,65.5,48.0,31.8,15.9,17.5,16.2,15.9,15.9
20260702,ロードスカイブルー,64.6,48.0,31.8,16.0,16.6,16.2,15.8,16.0
20260702,ソナタン,55.0,40.0,25.6,12.5,15.0,14.4,13.1,12.5
20260702,ブロント,71.9,53.4,35.9,18.1,18.5,17.5,17.8,18.1
20260702,ゼータレティクル,67.4,49.1,31.9,16.2,18.3,17.2,15.7,16.2
20260702,ビースターリー,68.4,50.3,31.8,16.0,18.1,18.5,15.8,16.0
20260702,フィニート,68.6,50.2,33.1,16.8,18.4,17.1,16.3,16.8
20260702,ホウオウプレシャス,81.7,59.8,39.7,20.0,21.9,20.1,19.7,20.0
20260702,ダカラフェスティヴ,71.0,52.5,34.8,17.8,18.5,17.7,17.0,17.8
20260702,モジャーリオ,65.4,48.0,31.4,15.1,17.4,16.6,16.3,15.1
20260702,ガムラスタン,69.3,50.9,33.2,16.4,18.4,17.7,16.8,16.4
20260702,アイアムキレマスネ,70.8,52.2,34.5,17.4,18.6,17.7,17.1,17.4
20260702,ムーチョピカンテ,71.4,52.6,34.9,17.6,18.8,17.7,17.3,17.6
20260702,ベルヴィヴァン,68.5,50.4,34.4,17.7,18.1,16.0,16.7,17.7
20260702,アイアンナックル,66.6,49.7,33.3,16.5,16.9,16.4,16.8,16.5
20260702,フローレスカラーズ,73.5,54.0,35.1,18.3,19.5,18.9,16.8,18.3
20260702,ウェスケンジントン,68.2,50.2,32.9,16.1,18.0,17.3,16.8,16.1
20260702,コンフィグシス,53.8,40.1,26.6,13.6,13.7,13.5,13.0,13.6
20260702,ネイティヴプライド,72.3,53.3,35.4,17.4,19.0,17.9,18.0,17.4
20260702,ジャスピライト,54.1,40.4,26.9,13.8,13.7,13.5,13.1,13.8
20260702,ソヴリンゲート,66.9,48.8,31.3,16.4,18.1,17.5,14.9,16.4
20260702,フォクセン,70.5,51.7,33.9,17.6,18.8,17.8,16.3,17.6
20260702,グランシュレーム,72.1,53.1,35.6,17.3,19.0,17.5,18.3,17.3
20260702,ベルイストワール,54.5,40.0,26.2,13.1,14.5,13.8,13.1,13.1
20260702,トモジャシャトー,67.7,49.2,32.5,16.3,18.5,16.7,16.2,16.3
20260702,ペプチドドリーム,69.3,50.5,32.9,16.1,18.8,17.6,16.8,16.1
20260702,ウィッシュリスト,54.8,40.3,26.4,13.2,14.5,13.9,13.2,13.2
20260702,トーセンブリラーレ,69.2,51.1,34.1,17.3,18.1,17.0,16.8,17.3
20260702,フォワードシャッセ,70.1,51.1,33.6,16.8,19.0,17.5,16.8,16.8
20260702,サヴァビアン,71.9,50.8,32.5,15.7,21.1,18.3,16.8,15.7
20260702,ヒロイックヴァース,53.0,38.2,25.2,12.7,14.8,13.0,12.5,12.7
20260702,ノーウェアマン,53.4,38.4,25.2,12.7,15.0,13.2,12.5,12.7
20260702,グッドミキサー,72.7,53.4,35.5,17.8,19.3,17.9,17.7,17.8
20260702,スマートブライド,54.6,39.7,26.2,13.1,14.9,13.5,13.1,13.1
20260702,スイートアリッサム,57.5,41.7,27.0,13.1,15.8,14.7,13.9,13.1
20260702,ボンジュールパリ,54.8,39.9,26.2,13.1,14.9,13.7,13.1,13.1
20260702,エマルタ,58.9,44.2,29.1,14.4,14.7,15.1,14.7,14.4
20260702,ルヴァンアレー,72.5,53.2,35.3,17.9,19.3,17.9,17.4,17.9
20260702,エビスディアーナ,59.9,44.4,29.7,14.7,15.5,14.7,15.0,14.7
20260702,アトミックブレス,58.4,43.3,28.5,14.3,15.1,14.8,14.2,14.3
20260702,クワッドマリニン,55.7,40.9,27.0,13.7,14.8,13.9,13.3,13.7
20260702,ソースウィート,54.3,39.5,25.6,12.6,14.8,13.9,13.0,12.6
20260702,エクセルウィザード,75.5,55.6,36.3,18.3,19.9,19.3,18.0,18.3
20260702,キャピタルストーン,65.7,48.0,31.7,15.6,17.7,16.3,16.1,15.6
20260702,サトノスプレマシー,66.5,48.6,32.3,16.0,17.9,16.3,16.3,16.0
20260702,テンクウジョー,67.8,50.0,32.6,16.4,17.8,17.4,16.2,16.4
20260702,ノアチュロス,54.7,39.7,25.7,12.7,15.0,14.0,13.0,12.7
20260702,オルグジェシダ,66.1,48.3,31.6,15.7,17.8,16.7,15.9,15.7
20260702,ボンヌソワレ,66.8,49.5,32.8,16.6,17.3,16.7,16.2,16.6
20260702,ビスクヴィート,58.0,43.0,28.0,13.5,15.0,15.0,14.5,13.5
20260702,アイデアルカット,72.1,52.8,34.7,17.4,19.3,18.1,17.3,17.4
20260702,トーセンシントラ,58.1,42.9,28.0,13.5,15.2,14.9,14.5,13.5
20260702,レザンノワール,68.0,49.6,31.9,15.8,18.4,17.7,16.1,15.8
20260702,スラッシュコード,66.5,48.1,32.0,16.0,18.4,16.1,16.0,16.0
20260702,パッセージピーク,53.9,39.6,26.0,12.6,14.3,13.6,13.4,12.6
20260702,ヴァンデエス,54.3,40.0,26.3,13.0,14.3,13.7,13.3,13.0
20260702,アスパラゴ,70.2,52.4,34.4,17.0,17.8,18.0,17.4,17.0
20260702,シークレットシティ,136.6,100.3,64.7,30.9,36.3,35.6,33.8,30.9
20260702,エコロブラン,69.9,51.3,33.6,16.4,18.6,17.7,17.2,16.4
20260702,イズルード,72.6,52.6,34.4,17.3,20.0,18.2,17.1,17.3
20260702,ディヴァインスカイ,65.5,47.4,30.6,15.0,18.1,16.8,15.6,15.0
20260702,ヒーローシー,72.1,53.3,34.6,17.2,18.8,18.7,17.4,17.2
20260702,モーモーゼロ,69.1,51.4,33.9,16.9,17.7,17.5,17.0,16.9
20260702,スーパーバイザー,55.7,40.4,26.0,12.7,15.3,14.4,13.3,12.7
20260702,フォルマシオン,64.8,46.9,30.2,14.7,17.9,16.7,15.5,14.7
20260702,メダルボーイ,72.2,53.2,35.4,18.5,19.0,17.8,16.9,18.5
20260702,フォンターナドーロ,65.6,47.5,30.7,14.9,18.1,16.8,15.8,14.9
20260702,サンタピア,67.9,50.5,33.8,17.0,17.4,16.7,16.8,17.0
20260702,ビーストウォーズ,55.5,40.3,26.4,13.0,15.2,13.9,13.4,13.0
20260702,テリオスレイ,71.0,51.9,33.5,16.7,19.1,18.4,16.8,16.7
20260702,ラヴレイン,55.2,40.3,26.3,13.1,14.9,14.0,13.2,13.1
20260702,アイアムイチバン,98.0,71.3,46.6,23.8,26.7,24.7,22.8,23.8
20260702,レレリオーナ,74.5,54.1,35.5,17.6,20.4,18.6,17.9,17.6
20260702,ジャストワナダイブ,75.3,54.4,36.2,17.6,20.9,18.2,18.6,17.6
20260702,ミュークチェルシー,62.3,46.5,31.5,16.2,15.8,15.0,15.3,16.2
20260702,ティアップドライブ,67.1,49.3,32.7,16.5,17.8,16.6,16.2,16.5
20260702,モジャーリオ,55.7,40.8,26.3,12.5,14.9,14.5,13.8,12.5
20260702,オーパパ,56.2,41.2,26.8,13.1,15.0,14.4,13.7,13.1
20260702,ラエトゥス,55.4,40.2,25.9,13.0,15.2,14.3,12.9,13.0
20260702,ライジンマル,67.7,51.7,35.5,18.2,16.0,16.2,17.3,18.2
20260702,ピコテンダー,53.4,40.0,26.4,12.7,13.4,13.6,13.7,12.7
20260702,ピコランド,52.7,39.2,26.3,12.6,13.5,12.9,13.7,12.6
20260702,イサチルサリーレ,77.6,56.2,36.5,17.7,21.4,19.7,18.8,17.7
20260702,ウィンターブリーズ,63.1,46.6,30.9,15.4,16.5,15.7,15.5,15.4
20260702,スノーランス,67.9,50.3,33.1,16.6,17.6,17.2,16.5,16.6
20260702,デンプシー,59.6,44.3,30.0,15.2,15.3,14.3,14.8,15.2
20260702,ダゴベルト,57.7,41.2,26.7,13.2,16.5,14.5,13.5,13.2
20260702,コスモブッドレア,80.5,59.4,39.2,19.4,21.1,20.2,19.8,19.4
20260702,ジュリ,67.4,50.6,34.1,17.1,16.8,16.5,17.0,17.1
20260702,ヘリオトロープ,72.9,52.1,33.7,16.6,20.8,18.4,17.1,16.6
20260702,ナックカナロア,71.8,52.4,34.2,17.3,19.4,18.2,16.9,17.3
20260702,アレックスケー,69.7,52.3,34.7,17.5,17.4,17.6,17.2,17.5
20260702,ネオマイスター,71.9,52.4,34.1,17.3,19.5,18.3,16.8,17.3
20260702,メディチパワー,68.2,51.7,35.1,18.0,16.5,16.6,17.1,18.0
20260702,フジサン,63.0,46.2,30.6,15.6,16.8,15.6,15.0,15.6
20260702,ホウオウライセンス,55.0,40.1,25.7,12.6,14.9,14.4,13.1,12.6
20260702,レーゲンシャウアー,68.4,50.5,33.9,17.2,17.9,16.6,16.7,17.2
20260702,アンナモエ,67.7,50.8,33.9,16.8,16.9,16.9,17.1,16.8
20260702,アドミラルシップ,62.2,45.7,30.0,15.1,16.5,15.7,14.9,15.1
20260702,スワローシチー,65.1,47.3,30.9,14.9,17.8,16.4,16.0,14.9
20260702,セイウンパシュート,73.2,52.8,33.7,16.6,20.4,19.1,17.1,16.6
20260702,ノアスペシャル,54.8,40.2,26.6,13.4,14.6,13.6,13.2,13.4
20260702,ラスティレッド,66.7,49.2,32.4,16.2,17.5,16.8,16.2,16.2
20260702,スルーインアード,64.8,48.2,31.6,15.6,16.6,16.6,16.0,15.6
20260702,ゴルタン,70.3,50.4,32.1,15.2,19.9,18.3,16.9,15.2
20260702,ラスカンブレス,75.9,54.6,34.9,17.0,21.3,19.7,17.9,17.0
20260702,マカナ,66.4,49.8,33.0,16.3,16.6,16.8,16.7,16.3
20260702,ピコローズ,65.9,48.4,31.8,15.7,17.5,16.6,16.1,15.7
20260702,ダイヒョウカーク,72.0,52.5,34.2,17.0,19.5,18.3,17.2,17.0
20260702,モドゥットゥイオ,75.8,56.8,38.3,19.3,19.0,18.5,19.0,19.3
20260702,エスコバル,71.6,52.0,33.9,16.9,19.6,18.1,17.0,16.9
20260702,チェストー,74.4,54.2,35.7,17.6,20.2,18.5,18.1,17.6
20260702,ケブラダラボジェラ,84.2,61.2,40.4,21.1,23.0,20.8,19.3,21.1
20260702,キンバリー,84.9,61.8,40.7,20.8,23.1,21.1,19.9,20.8
20260702,イチザサンダー,71.3,52.1,33.8,16.2,19.2,18.3,17.6,16.2
20260702,コスモデュアリズム,85.0,61.7,40.8,20.7,23.3,20.9,20.1,20.7
20260702,ユキマル,71.4,52.6,34.7,17.4,18.8,17.9,17.3,17.4
20260702,アオイノリプー,71.9,52.0,34.7,17.5,19.9,17.3,17.2,17.5
20260702,アークレイリ,74.5,54.6,35.8,17.9,19.9,18.8,17.9,17.9
20260702,ルディドゥゲンジ,72.5,54.3,35.8,18.0,18.2,18.5,17.8,18.0
20260702,ボールドサンダー,69.7,51.5,32.6,16.6,18.2,18.9,16.0,16.6
20260702,ハルマン,74.0,55.1,36.8,18.7,18.9,18.3,18.1,18.7
20260702,ハチキンキリシマ,77.2,57.8,39.0,20.3,19.4,18.8,18.7,20.3
20260702,ゲームチェンジャー,65.6,48.2,31.7,15.6,17.4,16.5,16.1,15.6
20260702,クリフハンガー,68.5,50.9,33.7,17.0,17.6,17.2,16.7,17.0
20260702,ブレトワルダ,65.7,48.0,31.4,15.3,17.7,16.6,16.1,15.3
20260702,ウインドオブヘヴン,57.3,41.3,27.4,13.9,16.0,13.9,13.5,13.9
20260702,エピックジャーニー,68.0,50.9,34.0,17.0,17.1,16.9,17.0,17.0
20260702,コイゾラ,68.9,51.1,33.1,16.6,17.8,18.0,16.5,16.6
20260702,アルーアウインド,67.6,49.5,32.5,16.2,18.1,17.0,16.3,16.2
20260702,サイモンナイスラン,67.3,50.1,33.2,16.6,17.2,16.9,16.6,16.6
20260702,ヴァルカンテソーロ,64.8,47.9,31.8,15.7,16.9,16.1,16.1,15.7
20260702,ロードアマデウス,69.6,51.7,34.4,17.0,17.9,17.3,17.4,17.0
20260702,アルニタク,66.7,49.8,33.2,16.7,16.9,16.6,16.5,16.7
20260702,アーティラリー,70.0,50.7,32.5,15.9,19.3,18.2,16.6,15.9
20260702,エスコバル,54.4,39.8,25.9,12.8,14.6,13.9,13.1,12.8
20260702,チェストー,56.1,41.1,27.0,13.2,15.0,14.1,13.8,13.2
20260702,イチザサンダー,56.4,41.4,27.1,13.2,15.0,14.3,13.9,13.2
20260702,マサノピンクレディ,52.9,39.0,25.7,12.7,13.9,13.3,13.0,12.7
20260702,ノーブルクロンヌ,53.8,38.9,25.6,13.0,14.9,13.3,12.6,13.0
20260702,ノーセット,53.6,38.9,25.8,13.4,14.7,13.1,12.4,13.4
20260702,ワレモコウ,52.9,38.9,25.6,12.7,14.0,13.3,12.9,12.7
20260702,ショウナンアビアス,54.4,40.5,27.9,14.9,13.9,12.6,13.0,14.9
20260702,ガラベイヤ,55.2,39.4,25.0,12.3,15.8,14.4,12.7,12.3
20260702,レーヴドロペラ,63.8,45.9,30.0,15.2,17.9,15.9,14.8,15.2
20260702,タイセイモノリス,69.9,52.2,34.8,16.9,17.7,17.4,17.9,16.9
20260702,リスレジャンデール,74.1,54.1,35.3,17.6,20.0,18.8,17.7,17.6
20260702,ワイワイシャイニー,70.7,51.7,34.3,17.0,19.0,17.4,17.3,17.0
20260702,メイドリーム,70.7,51.7,34.3,17.0,19.0,17.4,17.3,17.0
20260702,ドラゴンヘッド,57.5,41.5,26.6,13.1,16.0,14.9,13.5,13.1
20260702,エーティータキオン,71.8,51.4,33.3,16.5,20.4,18.1,16.8,16.5
20260702,アイファーティアラ,72.0,52.8,34.1,17.1,19.2,18.7,17.0,17.1
20260702,ワンダリングスター,70.3,51.2,33.5,16.9,19.1,17.7,16.6,16.9
20260702,ハルオーブ,65.3,48.0,31.9,16.4,17.3,16.1,15.5,16.4
20260702,ヘルメスギャング,65.3,47.8,31.8,16.1,17.5,16.0,15.7,16.1
20260702,アヴァランチ,57.1,41.4,27.2,13.1,15.7,14.2,14.1,13.1
20260702,アメテュストス,55.4,40.5,26.1,12.9,14.9,14.4,13.2,12.9
20260702,サマースプラッシュ,71.8,52.7,34.5,17.3,19.1,18.2,17.2,17.3
20260702,オスロクィーン,63.8,46.8,31.0,15.7,17.0,15.8,15.3,15.7
20260702,ロードプレリュード,56.5,41.0,26.3,12.8,15.5,14.7,13.5,12.8
20260702,ルーチェルナーレ,66.9,49.8,32.7,16.6,17.1,17.1,16.1,16.6
20260702,フレイムオブキング,66.8,49.6,33.2,16.8,17.2,16.4,16.4,16.8
20260702,ジャメビュ,65.7,48.7,32.3,16.1,17.0,16.4,16.2,16.1
20260702,スチョウプリンセス,71.0,52.5,35.1,17.6,18.5,17.4,17.5,17.6
20260702,エリナ,70.6,51.5,33.9,17.8,19.1,17.6,16.1,17.8
20260702,マッドヘッドラブ,74.6,55.1,36.8,17.9,19.5,18.3,18.9,17.9
20260702,ルージュスエルテ,53.8,39.7,26.0,13.1,14.1,13.7,12.9,13.1
20260702,アルプスオジョー,64.4,47.0,30.5,15.0,17.4,16.5,15.5,15.0
20260702,グレイスルーラー,64.4,47.6,31.6,15.9,16.8,16.0,15.7,15.9
20260702,キョウエイシャトル,69.5,50.7,33.1,16.4,18.8,17.6,16.7,16.4
20260702,ロイヤルガンモ,69.6,50.6,33.3,16.3,19.0,17.3,17.0,16.3
20260702,フレッシュラン,70.3,52.2,34.3,16.9,18.1,17.9,17.4,16.9
20260702,シュガーハイ,70.9,52.1,34.1,16.9,18.8,18.0,17.2,16.9
20260702,ロジケープ,66.6,49.6,32.8,16.5,17.0,16.8,16.3,16.5
20260702,ライヴバーボン,68.2,50.8,33.5,16.9,17.4,17.3,16.6,16.9
20260702,ウマッター,68.7,51.2,34.0,16.9,17.5,17.2,17.1,16.9
20260702,フェアリースノー,69.0,51.0,33.8,17.0,18.0,17.2,16.8,17.0
20260702,ポテ,68.2,50.4,33.4,16.7,17.8,17.0,16.7,16.7
20260702,ニシノアトール,70.0,51.6,33.4,16.2,18.4,18.2,17.2,16.2
20260702,ジーティーフクジ,70.1,52.6,35.0,16.8,17.5,17.6,18.2,16.8
20260702,ケイジャーダ,73.6,55.0,36.7,18.7,18.6,18.3,18.0,18.7
20260702,カラスアゲハ,73.8,54.8,36.7,18.7,19.0,18.1,18.0,18.7
20260702,エーティータキオン,68.3,49.2,32.7,16.3,19.1,16.5,16.4,16.3
20260702,ウインカーネリアン,63.6,47.6,31.7,16.1,16.0,15.9,15.6,16.1
20260702,ネイチャーシップ,68.6,50.1,32.9,16.3,18.5,17.2,16.6,16.3
20260702,フェスティヴハート,69.1,50.5,32.9,16.1,18.6,17.6,16.8,16.1
20260702,ザンテソーロ,63.8,47.2,31.2,15.8,16.6,16.0,15.4,15.8
20260702,サンアンドスターズ,71.1,53.1,35.3,18.2,18.0,17.8,17.1,18.2
20260702,スチールギターラグ,70.1,51.1,33.5,16.7,19.0,17.6,16.8,16.7
20260702,アッティーヤ,64.1,47.0,31.0,15.5,17.1,16.0,15.5,15.5
20260702,ニシノミヤダシ,63.6,46.7,30.8,15.4,16.9,15.9,15.4,15.4
20260702,レスター,72.5,52.9,34.4,16.7,19.6,18.5,17.7,16.7
20260702,ウインロゼライト,55.0,39.9,26.2,12.9,15.1,13.7,13.3,12.9
20260702,ポポラヴィスタ,72.7,53.8,35.2,17.5,18.9,18.6,17.7,17.5
20260702,クシマトゥルー,54.6,39.5,26.0,12.9,15.1,13.5,13.1,12.9
20260702,セプタードアイル,55.9,40.8,26.6,13.3,15.1,14.2,13.3,13.3
20260702,スーパーホース,66.9,48.4,31.3,15.4,18.5,17.1,15.9,15.4
20260702,シャルムグリーン,63.9,46.8,30.6,15.6,17.1,16.2,15.0,15.6
20260702,オーケーエース,70.4,51.5,32.9,16.6,18.9,18.6,16.3,16.6
20260702,アージェント,65.6,48.0,31.3,15.5,17.6,16.7,15.8,15.5
20260702,ショーマンフリート,75.1,55.3,36.3,17.9,19.8,19.0,18.4,17.9
20260702,ルーラーインパクト,71.2,53.7,35.9,17.9,17.5,17.8,18.0,17.9
20260702,サイモンオリエント,72.0,53.5,35.5,17.8,18.5,18.0,17.7,17.8
20260702,ドーンレイド,70.1,52.3,34.8,17.7,17.8,17.5,17.1,17.7
20260702,レイヤードホワイト,71.0,54.1,36.2,17.9,16.9,17.9,18.3,17.9
20260702,ジョーティス,72.1,54.1,35.8,17.9,18.0,18.3,17.9,17.9
20260702,スクリプトール,68.6,50.2,32.7,16.5,18.4,17.5,16.2,16.5
20260702,プラチナムディスク,64.6,47.9,32.0,16.1,16.7,15.9,15.9,16.1
20260702,トコシエノヒトミ,55.5,41.0,27.6,14.2,14.5,13.4,13.4,14.2
20260702,ヤマニンジェンナ,68.0,49.3,33.0,16.8,18.7,16.3,16.2,16.8
20260702,クロースコンバット,68.8,50.2,33.0,16.4,18.6,17.2,16.6,16.4
20260702,クールランナー,69.5,50.3,33.2,16.7,19.2,17.1,16.5,16.7
20260702,メトロポリターナ,59.2,41.6,26.8,13.4,17.6,14.8,13.4,13.4
20260702,ペイシャダンシング,68.1,48.4,32.0,16.1,19.7,16.4,15.9,16.1
20260702,ヌンエリン,70.2,52.4,34.8,17.7,17.8,17.6,17.1,17.7
20260702,ビタークレス,78.6,57.9,38.2,19.5,20.7,19.7,18.7,19.5
20260702,リアンディール,69.7,52.0,34.5,17.2,17.7,17.5,17.3,17.2
20260702,エコロカディス,56.6,41.4,26.8,13.2,15.2,14.6,13.6,13.2
20260702,ショコラキュイ,57.8,42.3,27.1,13.3,15.5,15.2,13.8,13.3
20260702,ムーングレイル,57.3,41.8,26.8,12.9,15.5,15.0,13.9,12.9
20260702,トリエンナーレ,56.4,40.9,26.6,12.7,15.5,14.3,13.9,12.7
20260702,ツキノマバタキ,69.9,52.0,33.9,16.3,17.9,18.1,17.6,16.3
20260702,グッバイウェーブ,73.0,53.5,34.8,17.4,19.5,18.7,17.4,17.4
20260702,レーヴマジック,73.0,53.5,34.7,17.8,19.5,18.8,16.9,17.8
20260702,テキエロ,73.3,53.4,34.7,17.5,19.9,18.7,17.2,17.5
20260702,ショウナンバッカス,70.2,52.0,34.5,17.6,18.2,17.5,16.9,17.6
20260702,ブレッシングロード,70.3,52.0,34.6,17.5,18.3,17.4,17.1,17.5
20260702,フォンテキアーラ,68.5,50.8,33.3,16.7,17.7,17.5,16.6,16.7
20260702,グランルチャドール,55.7,41.6,27.2,13.0,14.1,14.4,14.2,13.0
20260702,チャランダマルツ,55.7,41.6,27.2,13.0,14.1,14.4,14.2,13.0
20260702,レイワサンサン,55.6,39.9,26.3,13.5,15.7,13.6,12.8,13.5
20260702,ラヴオントップ,66.2,48.2,32.2,16.5,18.0,16.0,15.7,16.5
20260702,ベランジェール,63.8,47.0,30.9,15.5,16.8,16.1,15.4,15.5
20260702,アメリカンビヨンド,55.5,39.3,25.3,12.8,16.2,14.0,12.5,12.8
20260702,ゼンノトヨタマヒメ,54.6,39.6,25.1,12.6,15.0,14.5,12.5,12.6
20260702,パラディオン,54.8,39.7,26.0,13.4,15.1,13.7,12.6,13.4
20260702,マリアンデール,71.4,51.5,34.6,17.7,19.9,16.9,16.9,17.7
20260702,ジーベック,74.7,55.5,36.7,18.1,19.2,18.8,18.6,18.1
20260702,フランキーバローズ,55.7,40.4,26.6,13.7,15.3,13.8,12.9,13.7
20260702,ドラゴンテイラー,56.3,40.0,25.2,12.5,16.3,14.8,12.7,12.5
20260702,プシュパ,55.7,39.5,25.1,12.5,16.2,14.4,12.6,12.5
20260702,テクノピーチ,54.8,40.3,25.7,12.8,14.5,14.6,12.9,12.8
20260702,フリーガー,66.6,49.8,33.4,17.3,16.8,16.4,16.1,17.3
20260702,サリカリーフォリア,57.5,42.8,28.4,14.9,14.7,14.4,13.5,14.9
20260702,ミスターエメラルド,58.5,42.1,28.4,14.7,16.4,13.7,13.7,14.7
20260702,ダノンハドソン,54.7,39.3,25.8,13.4,15.4,13.5,12.4,13.4
20260702,ジリアート,65.2,48.3,32.3,16.3,16.9,16.0,16.0,16.3
20260702,アメリカンサクラ,68.2,50.9,34.2,17.5,17.3,16.7,16.7,17.5
20260702,サメーダン,58.7,42.3,28.5,14.8,16.4,13.8,13.7,14.8
20260702,レイクイーン,66.1,47.8,31.6,16.3,18.3,16.2,15.3,16.3
20260702,アスクレコードモア,66.5,49.3,33.1,16.9,17.2,16.2,16.2,16.9
20260702,ミッキーゴージャス,54.9,40.5,26.5,13.3,14.4,14.0,13.2,13.3
20260702,ケイアイアルタイル,53.9,39.0,25.6,13.0,14.9,13.4,12.6,13.0
20260702,デルシエロ,72.9,53.5,35.6,17.8,19.4,17.9,17.8,17.8
20260702,グラフィティアート,54.9,39.4,25.5,12.7,15.5,13.9,12.8,12.7
20260702,ニシノフランケン,72.1,52.8,34.8,17.5,19.3,18.0,17.3,17.5
20260702,ミリオンカラー,69.5,51.3,34.6,17.9,18.2,16.7,16.7,17.9
20260702,イイデカンタロウ,68.7,49.9,32.4,16.4,18.8,17.5,16.0,16.4
20260702,インユアパレス,58.0,40.9,26.0,13.0,17.1,14.9,13.0,13.0
20260702,コスモストーム,66.2,48.4,32.3,16.5,17.8,16.1,15.8,16.5
20260702,アルムアポジェ,71.6,51.5,33.9,17.5,20.1,17.6,16.4,17.5
20260702,プレスバーン,67.7,49.7,33.2,17.0,18.0,16.5,16.2,17.0
20260702,マスアンジュ,77.1,56.4,37.1,18.8,20.7,19.3,18.3,18.8
20260702,テーオーアンジェラ,57.6,40.8,26.3,13.2,16.8,14.5,13.1,13.2
20260702,ナギサモデラート,69.2,51.1,34.2,17.6,18.1,16.9,16.6,17.6
20260702,オーロラトレイル,69.9,51.4,33.9,16.4,18.5,17.5,17.5,16.4
20260702,サンライズプルート,65.8,48.9,32.4,16.4,16.9,16.5,16.0,16.4
20260702,ヒーローインチーフ,76.3,54.1,35.9,18.4,22.2,18.2,17.5,18.4
20260702,ホウオウタイタン,64.0,46.0,30.0,14.9,18.0,16.0,15.1,14.9
20260702,ウインロズパレード,78.1,57.7,38.0,19.1,20.4,19.7,18.9,19.1
20260702,コズミックフレア,75.2,54.2,35.8,17.5,21.0,18.4,18.3,17.5
20260702,フレアオブセンス,77.3,55.7,36.4,18.3,21.6,19.3,18.1,18.3
20260702,ヴィヴァラレヴォ,77.4,56.2,36.6,18.3,21.2,19.6,18.3,18.3
20260702,ミロワール,61.3,43.3,28.1,13.6,18.0,15.2,14.5,13.6
20260702,ダークエクリプス,72.1,52.6,34.2,17.1,19.5,18.4,17.1,17.1
20260702,タイトニット,70.7,51.1,33.8,16.7,19.6,17.3,17.1,16.7
20260702,リアライズステラ,67.2,47.9,31.1,15.9,19.3,16.8,15.2,15.9
20260702,エイシンウィスパー,69.7,51.9,34.4,16.9,17.8,17.5,17.5,16.9
20260702,ショウナンバラモン,67.3,48.6,31.5,16.3,18.7,17.1,15.2,16.3
20260702,セレーネサンライズ,85.3,62.9,42.6,21.1,22.4,20.3,21.5,21.1
20260702,ハロナ,56.3,41.0,26.7,13.5,15.3,14.3,13.2,13.5
20260702,ﾀｹｼｮｳﾒｰｶｰの24,69.4,50.7,33.0,16.1,18.7,17.7,16.9,16.1
20260702,ﾚｰﾇｼﾞｬﾙﾀﾞﾝの24,68.2,49.5,31.6,16.3,18.7,17.9,15.3,16.3
20260702,ダノンミッドナイト,78.0,54.9,36.3,18.1,23.1,18.6,18.2,18.1
20260702,フィリップヴィル,78.5,57.6,37.3,18.4,20.9,20.3,18.9,18.4
20260702,ファイアエッジ,78.1,57.3,37.1,18.2,20.8,20.2,18.9,18.2
20260702,ミネットドール,83.7,63.0,42.7,22.1,20.7,20.3,20.6,22.1
20260702,クリノオリーブ,62.9,45.0,29.3,14.8,17.9,15.7,14.5,14.8
20260702,チュウワチーフ,56.7,41.2,26.4,13.4,15.5,14.8,13.0,13.4
20260702,ビズロード,55.1,40.6,26.8,13.4,14.5,13.8,13.4,13.4
20260702,ダンツウルス,55.3,40.0,26.3,13.2,15.3,13.7,13.1,13.2
20260702,ハツアカネ,56.4,41.7,27.1,13.7,14.7,14.6,13.4,13.7
20260702,ウーマンズパワー,67.3,49.1,32.0,15.7,18.2,17.1,16.3,15.7
20260702,ストロベリーツリー,70.5,52.0,34.5,16.8,18.5,17.5,17.7,16.8
20260702,サラサランラン,70.2,51.3,34.3,17.3,18.9,17.0,17.0,17.3
20260702,アスクゴクジョウ,71.7,52.7,35.3,17.6,19.0,17.4,17.7,17.6
20260702,モズプリヴェール,73.5,53.2,34.8,17.5,20.3,18.4,17.3,17.5
20260702,ルディシャ,76.6,56.9,38.1,19.3,19.7,18.8,18.8,19.3
20260702,メイショウグロリア,60.9,43.4,28.4,14.2,17.5,15.0,14.2,14.2
20260702,バンブラボー,60.9,43.4,28.5,14.3,17.5,14.9,14.2,14.3
20260702,チュウワメロディー,67.1,49.2,32.3,16.3,17.9,16.9,16.0,16.3
20260702,マーゴットヴィム,73.8,54.7,36.4,18.9,19.1,18.3,17.5,18.9
20260702,キープライジング,74.3,54.2,35.9,18.2,20.1,18.3,17.7,18.2
20260702,スネーフリンガ,71.9,51.7,33.6,17.0,20.2,18.1,16.6,17.0
20260702,ペプチドカトレア,72.0,52.3,34.3,17.4,19.7,18.0,16.9,17.4
20260702,ゴールデンレシオ,73.7,54.3,36.3,17.8,19.4,18.0,18.5,17.8
20260702,テムスターオー,69.0,50.4,33.5,15.9,18.6,16.9,17.6,15.9
20260702,ゼットリアン,73.5,52.4,34.0,17.1,21.1,18.4,16.9,17.1
20260702,アンリーベイビー,69.7,50.6,33.8,17.2,19.1,16.8,16.6,17.2
20260702,チュオンソン,76.0,53.9,35.0,17.2,22.1,18.9,17.8,17.2
20260702,クイーンズデイ,59.1,42.4,28.0,14.4,16.7,14.4,13.6,14.4
20260702,メイショウタカネ,66.3,49.0,32.3,16.2,17.3,16.7,16.1,16.2
20260702,サウンドファイト,70.5,51.5,34.7,17.6,19.0,16.8,17.1,17.6
20260702,ラッキーハナコ,72.5,54.2,36.8,19.0,18.3,17.4,17.8,19.0
20260702,ザングウィル,59.9,43.5,28.4,14.0,16.4,15.1,14.4,14.0
20260702,ゴリョウセイ,69.9,51.1,33.7,16.5,18.8,17.4,17.2,16.5
20260702,カフジミモレット,56.3,41.4,27.6,14.0,14.9,13.8,13.6,14.0
20260702,ペコリズム,67.8,50.5,34.1,17.2,17.3,16.4,16.9,17.2
20260702,ショウナンバンライ,68.3,50.4,32.8,16.2,17.9,17.6,16.6,16.2
20260702,タナコクシテンホウ,58.1,41.7,27.2,13.5,16.4,14.5,13.7,13.5
20260702,タナカーン,59.1,42.5,27.8,13.9,16.6,14.7,13.9,13.9
20260702,ミエルモーサ,73.4,53.5,34.7,17.0,19.9,18.8,17.7,17.0
20260702,シャンパンスター,67.0,49.0,32.0,15.7,18.0,17.0,16.3,15.7
20260702,ライムシロップ,63.6,46.3,30.4,15.4,17.3,15.9,15.0,15.4
20260702,サヨノパララックス,67.4,49.3,32.5,16.3,18.1,16.8,16.2,16.3
20260702,ビーウィナー,58.2,42.4,27.8,14.4,15.8,14.6,13.4,14.4
20260702,マッセート,66.8,49.6,32.3,15.9,17.2,17.3,16.4,15.9
20260702,ブラックブレット,58.4,42.7,28.2,14.8,15.7,14.5,13.4,14.8
20260702,ライラックデューン,66.5,48.7,32.7,15.9,17.8,16.0,16.8,15.9
20260702,レッドパラジウム,77.3,56.6,37.4,18.6,20.7,19.2,18.8,18.6
20260702,マーシーラン,55.6,39.5,25.8,12.9,16.1,13.7,12.9,12.9
20260702,オーロルドーレ,60.6,45.3,30.3,15.2,15.3,15.0,15.1,15.2
20260702,テイクザクラウン,68.5,50.4,32.8,16.5,18.1,17.6,16.3,16.5
20260702,スズカミエール,68.2,49.7,32.1,16.1,18.5,17.6,16.0,16.1
20260702,ガールズデイアウト,68.5,49.6,32.1,15.9,18.9,17.5,16.2,15.9
20260702,ビケイムフリー,68.0,49.4,32.2,15.7,18.6,17.2,16.5,15.7
20260702,ベリベリハッピー,69.6,51.4,33.9,17.1,18.2,17.5,16.8,17.1
20260702,イーサンマリーン,68.3,49.6,32.3,16.0,18.7,17.3,16.3,16.0
20260702,ナブッコ,56.7,40.8,26.3,12.9,15.9,14.5,13.4,12.9
20260702,アロハ,73.5,53.2,33.9,16.7,20.3,19.3,17.2,16.7
20260702,プリメラエストレラ,68.7,49.2,32.1,15.9,19.5,17.1,16.2,15.9
20260702,ダノンフィガロ,76.0,53.7,34.8,16.4,22.3,18.9,18.4,16.4
20260702,エルトンバローズ,69.5,52.0,34.5,17.1,17.5,17.5,17.4,17.1
20260702,ノボリクレバー,75.6,55.0,36.6,18.5,20.6,18.4,18.1,18.5
20260702,ヤマニンアストロン,72.5,53.8,36.2,18.1,18.7,17.6,18.1,18.1
20260702,ゴールデンバランス,71.0,51.7,34.2,16.8,19.3,17.5,17.4,16.8
20260702,ロードスタニング,69.6,51.7,34.2,17.1,17.9,17.5,17.1,17.1
20260702,セイロンブリーズ,71.1,51.5,33.9,16.9,19.6,17.6,17.0,16.9
20260702,メイショウシナノ,69.3,51.2,34.1,16.7,18.1,17.1,17.4,16.7
20260702,カセノコンコルド,72.3,54.2,36.1,18.4,18.1,18.1,17.7,18.4
20260702,タマモフリージア,70.0,51.2,33.7,16.9,18.8,17.5,16.8,16.9
20260702,タイセイフリーデン,69.1,51.4,34.1,17.0,17.7,17.3,17.1,17.0
20260702,ウルトラハート,72.5,54.8,36.3,18.5,17.7,18.5,17.8,18.5
20260702,メイショウメゴヒメ,74.4,55.4,36.5,18.2,19.0,18.9,18.3,18.2
20260702,メイショウズイウン,83.2,60.4,39.0,19.3,22.8,21.4,19.7,19.3
20260702,プシュカル,57.0,42.2,27.4,13.4,14.8,14.8,14.0,13.4
20260702,リヴィエラヴィル,57.7,42.6,27.6,13.5,15.1,15.0,14.1,13.5
20260702,ケイアイワイラーパ,59.3,43.8,28.3,13.6,15.5,15.5,14.7,13.6
20260702,カフジマリボー,80.8,60.3,40.1,19.8,20.5,20.2,20.3,19.8
20260702,スナークラファエロ,68.0,50.1,33.6,16.9,17.9,16.5,16.7,16.9
20260702,ロマノヴェリテ,84.7,62.1,41.9,21.3,22.6,20.2,20.6,21.3
20260702,ギブアンドギブ,72.4,52.5,34.6,16.9,19.9,17.9,17.7,16.9
20260702,アサカラゴキゲン,70.8,51.2,33.6,17.0,19.6,17.6,16.6,17.0
20260702,ホウオウモノポリー,62.6,47.3,31.5,16.3,15.3,15.8,15.2,16.3
20260702,ケイアイアニラ,65.8,47.8,31.3,15.7,18.0,16.5,15.6,15.7
20260702,コンドゥイア,76.7,57.0,38.4,18.9,19.7,18.6,19.5,18.9
20260702,ショルタメンテ,62.4,45.6,30.3,14.2,16.8,15.3,16.1,14.2
20260702,エリカリヴァプール,68.0,49.4,32.4,16.4,18.6,17.0,16.0,16.4
20260702,ルーストカール,66.1,48.8,32.6,15.8,17.3,16.2,16.8,15.8
20260702,ノーブルセプター,69.2,49.6,32.0,15.7,19.6,17.6,16.3,15.7
20260702,レインインザスカイ,68.3,49.8,32.7,16.1,18.5,17.1,16.6,16.1
20260702,ジョルティーニ,67.1,49.4,33.1,16.4,17.7,16.3,16.7,16.4
20260702,ティンティンデオ,66.7,48.8,32.1,16.3,17.9,16.7,15.8,16.3
20260702,ビゾー,69.9,50.5,32.6,15.9,19.4,17.9,16.7,15.9
20260702,タンテドヴィーヴル,69.5,50.4,32.7,15.8,19.1,17.7,16.9,15.8
20260702,サラサキングスター,69.6,50.3,32.6,15.8,19.3,17.7,16.8,15.8
20260702,グラスベルグ,76.2,55.3,36.0,17.7,20.9,19.3,18.3,17.7
20260702,ルナパッショーネ,76.0,55.2,36.0,17.5,20.8,19.2,18.5,17.5
20260702,マテンロウスカイ,73.4,53.7,34.9,17.1,19.7,18.8,17.8,17.1
20260702,アスターブジエ,74.5,55.1,36.4,18.1,19.4,18.7,18.3,18.1
20260702,ナムラモモ,52.4,38.4,25.7,12.9,14.0,12.7,12.8,12.9
20260702,ケンシロウワールド,67.1,50.4,34.5,18.3,16.7,15.9,16.2,18.3
20260702,ラッキーシグネチャ,67.7,49.6,32.9,16.4,18.1,16.7,16.5,16.4
20260702,バクソウシャチョウ,71.1,52.4,34.3,16.2,18.7,18.1,18.1,16.2
20260702,マイティキングダム,56.3,40.3,26.4,13.3,16.0,13.9,13.1,13.3
20260702,メローネ,70.8,51.9,34.0,16.9,18.9,17.9,17.1,16.9
20260702,ノンブルドール,71.3,52.4,34.4,17.0,18.9,18.0,17.4,17.0
20260702,ミッドタウンナイト,53.9,39.1,25.7,13.3,14.8,13.4,12.4,13.3
20260702,モアニ,67.0,49.2,32.8,16.7,17.8,16.4,16.1,16.7
20260702,ダイアナクイーン,69.9,50.7,33.0,16.4,19.2,17.7,16.6,16.4
20260702,メモリーデイズ,71.3,52.3,34.6,17.6,19.0,17.7,17.0,17.6
20260702,ピゲ,67.2,49.3,32.7,16.7,17.9,16.6,16.0,16.7
20260702,レヴロード,66.3,49.4,33.4,17.0,16.9,16.0,16.4,17.0
20260702,シーザットガール,71.7,52.2,34.3,16.9,19.5,17.9,17.4,16.9
20260702,アーデルプレミア,83.7,63.5,42.3,21.9,20.2,21.2,20.4,21.9
20260702,ミッキーマーメイド,67.8,50.5,34.0,17.3,17.3,16.5,16.7,17.3
20260702,ルーチェブリラーレ,68.7,51.3,34.4,17.5,17.4,16.9,16.9,17.5
20260702,アンバーライト,78.7,57.7,38.2,19.2,21.0,19.5,19.0,19.2
20260702,ジーティーギャング,68.8,50.9,34.2,17.2,17.9,16.7,17.0,17.2
20260702,ザウリ,72.9,52.7,34.6,17.0,20.2,18.1,17.6,17.0
20260702,グリミスティ,72.1,53.0,33.7,16.6,19.1,19.3,17.1,16.6
20260702,ゼンノインヴォーク,70.4,51.1,33.8,16.7,19.3,17.3,17.1,16.7
20260702,テーオーシュテルン,74.6,55.2,36.6,18.4,19.4,18.6,18.2,18.4
20260702,コパノルーカス,73.6,53.2,34.9,17.8,20.4,18.3,17.1,17.8
20260702,スクワミッシュ,68.3,49.5,32.8,16.1,18.8,16.7,16.7,16.1
20260702,レインオンミー,70.5,51.7,34.5,17.4,18.8,17.2,17.1,17.4
20260702,ジューンセクレタ,66.3,49.2,32.7,16.6,17.1,16.5,16.1,16.6
20260702,バトルナイト,66.0,49.2,32.7,16.6,16.8,16.5,16.1,16.6
20260702,ザカリナン,56.3,41.5,27.1,13.3,14.8,14.4,13.8,13.3
20260702,ジューンエオス,71.0,52.0,35.2,17.4,19.0,16.8,17.8,17.4
20260702,ダイメイプリンス,60.6,44.2,28.9,14.3,16.4,15.3,14.6,14.3
20260702,アージュドール,70.6,51.1,33.8,16.8,19.5,17.3,17.0,16.8
20260702,フェスティバルヒル,66.4,49.2,32.2,15.5,17.2,17.0,16.7,15.5
20260702,マルモズイルバア,55.5,40.1,26.1,13.3,15.4,14.0,12.8,13.3
20260702,スウィートライト,68.8,50.2,32.5,16.0,18.6,17.7,16.5,16.0
20260702,キリマンジェロタフ,68.9,50.3,32.5,16.1,18.6,17.8,16.4,16.1
20260702,エモティコン,66.3,48.5,30.9,15.4,17.8,17.6,15.5,15.4
20260702,エールヴォル,66.2,48.4,31.2,15.3,17.8,17.2,15.9,15.3
20260702,ラッキーヴォーグ,62.7,45.9,30.1,14.5,16.8,15.8,15.6,14.5
20260702,ポッドリプル,69.3,50.2,32.5,15.8,19.1,17.7,16.7,15.8
20260702,スターリーグロウ,70.0,51.2,33.4,16.7,18.8,17.8,16.7,16.7
20260702,トモジャザーン,54.2,39.3,25.7,13.0,14.9,13.6,12.7,13.0
20260702,メイショウキンタイ,56.1,40.5,26.6,13.6,15.6,13.9,13.0,13.6
20260702,ジーティーエスピ,54.4,38.7,25.2,12.9,15.7,13.5,12.3,12.9
20260702,エイカイカッシーナ,66.6,47.5,31.1,15.1,19.1,16.4,16.0,15.1
20260702,メイショウケンゴウ,56.1,40.6,26.7,13.7,15.5,13.9,13.0,13.7
20260702,タイセイドゥマーニ,55.5,40.1,25.9,12.7,15.4,14.2,13.2,12.7
20260702,クランズクラウン,55.3,40.0,25.8,12.8,15.3,14.2,13.0,12.8
20260702,ライトオブヌカタ,67.2,49.2,32.5,15.8,18.0,16.7,16.7,15.8
20260702,セコンドトゥベスト,66.6,49.3,32.2,16.3,17.3,17.1,15.9,16.3
20260702,サンライズマシュー,58.5,43.3,28.7,14.3,15.2,14.6,14.4,14.3
20260702,カネフラ,54.2,39.2,25.2,12.6,15.0,14.0,12.6,12.6
20260702,フィラーエ,54.5,39.5,25.3,12.6,15.0,14.2,12.7,12.6
20260702,シャリキモン,69.4,51.6,34.2,16.7,17.8,17.4,17.5,16.7
20260702,ウインガウェイン,69.7,51.6,34.2,17.1,18.1,17.4,17.1,17.1
20260702,レオナルドスター,79.9,58.1,38.0,18.4,21.8,20.1,19.6,18.4
20260702,リントゥラウル,77.1,56.4,36.9,18.3,20.7,19.5,18.6,18.3
20260702,ゼンノツキヨミ,77.1,56.1,37.5,19.0,21.0,18.6,18.5,19.0
20260702,トーラスシャイン,69.2,50.9,33.3,16.3,18.3,17.6,17.0,16.3
20260702,エイズルブルーム,70.4,52.1,34.4,16.8,18.3,17.7,17.6,16.8
20260702,サイモンシャリオ,67.6,49.7,33.0,16.4,17.9,16.7,16.6,16.4
20260702,コパノプリンストン,75.7,54.1,34.7,17.2,21.6,19.4,17.5,17.2
20260702,ダイシンレジウス,75.7,54.1,34.7,17.2,21.6,19.4,17.5,17.2
20260702,サイモンジェセル,76.0,56.4,36.3,18.1,19.6,20.1,18.2,18.1
20260702,レヴァンテシチー,65.8,48.4,31.9,16.0,17.4,16.5,15.9,16.0
20260702,キャッチアシーフ,65.0,48.1,31.9,15.8,16.9,16.2,16.1,15.8
20260702,エンヴェロップ,64.5,48.4,32.2,15.8,16.1,16.2,16.4,15.8
20260702,カレンハウ,65.6,47.7,30.8,15.0,17.9,16.9,15.8,15.0
20260702,ベルフラム,67.0,49.1,31.8,15.6,17.9,17.3,16.2,15.6
20260702,ナルキッソス,57.5,43.2,28.5,13.9,14.3,14.7,14.6,13.9
20260702,アルピグレン,65.6,48.2,31.8,15.8,17.4,16.4,16.0,15.8
20260702,ニューイントリーグ,75.4,56.2,37.0,18.3,19.2,19.2,18.7,18.3
20260702,キアヌ,65.6,48.7,31.9,15.3,16.9,16.8,16.6,15.3
20260702,ルクスドリーム,65.8,49.2,33.5,17.0,16.6,15.7,16.5,17.0
20260702,ダノンフィーゴ,56.3,41.3,27.3,13.9,15.0,14.0,13.4,13.9
20260702,ハクサンテドリガワ,56.9,41.6,27.6,14.1,15.3,14.0,13.5,14.1
20260702,ブルーサン,68.9,51.7,34.4,17.4,17.2,17.3,17.0,17.4
20260702,アーガイルショア,65.8,48.8,32.6,16.4,17.0,16.2,16.2,16.4
20260702,ルナヴェリタス,65.2,48.9,32.6,16.5,16.3,16.3,16.1,16.5
20260702,シャローフォレスト,73.4,54.5,35.9,18.1,18.9,18.6,17.8,18.1
20260702,オーケーファイター,64.6,48.4,32.4,16.4,16.2,16.0,16.0,16.4
20260702,オデット,64.9,47.5,31.4,15.3,17.4,16.1,16.1,15.3
20260702,ゼンノゾンターク,68.2,49.9,32.3,16.0,18.3,17.6,16.3,16.0
20260702,ミラージュナイト,56.9,41.1,26.6,13.1,15.8,14.5,13.5,13.1
20260702,カフジラクレット,70.7,52.2,34.6,17.7,18.5,17.6,16.9,17.7
20260702,ズバットマサムネ,68.2,50.3,33.2,16.6,17.9,17.1,16.6,16.6
20260702,キュクロープス,66.7,48.2,31.5,15.5,18.5,16.7,16.0,15.5
20260702,サンライズドレイク,70.4,51.9,34.9,17.8,18.5,17.0,17.1,17.8
20260702,サントルドパリ,66.8,49.9,33.8,17.1,16.9,16.1,16.7,17.1
20260702,マーゴットプレ,66.8,49.5,33.2,16.5,17.3,16.3,16.7,16.5
20260702,シンコーナホチャン,77.7,57.8,38.9,19.3,19.9,18.9,19.6,19.3
20260702,エルヴィオラ,74.5,54.5,36.4,18.1,20.0,18.1,18.3,18.1
20260702,モズナツノジン,74.9,54.8,36.3,17.9,20.1,18.5,18.4,17.9
20260702,メイショウハチロー,65.5,49.3,33.3,16.9,16.2,16.0,16.4,16.9
20260702,ベルコート,71.2,52.3,34.3,16.8,18.9,18.0,17.5,16.8
20260702,ファムエレガンテ,71.7,53.5,35.9,18.1,18.2,17.6,17.8,18.1
20260702,マーゴットデセオ,75.5,55.8,37.4,19.1,19.7,18.4,18.3,19.1
20260702,マイエスタ,73.6,54.7,36.0,17.2,18.9,18.7,18.8,17.2
20260702,ドロップオブライト,65.1,47.6,31.7,15.7,17.5,15.9,16.0,15.7
20260702,チャチャピンク,67.9,50.1,33.1,16.6,17.8,17.0,16.5,16.6
20260702,コスモフィレンツェ,68.0,50.2,33.0,16.3,17.8,17.2,16.7,16.3
20260702,ペイシャヴァルツー,68.3,49.3,32.4,16.2,19.0,16.9,16.2,16.2
20260702,カセノナユタ,70.2,50.8,32.1,15.8,19.4,18.7,16.3,15.8
20260702,ペイシャトサモア,69.3,49.0,31.4,15.5,20.3,17.6,15.9,15.5
20260702,カセノシルク,72.6,53.6,34.9,17.4,19.0,18.7,17.5,17.4
20260702,ホールネス,68.1,49.5,32.4,16.1,18.6,17.1,16.3,16.1
20260702,ルージュソリテール,66.5,47.8,31.5,15.6,18.7,16.3,15.9,15.6
20260702,アイルトン,62.9,45.7,29.5,14.7,17.2,16.2,14.8,14.7
20260702,イリスアスール,69.6,50.8,33.5,17.0,18.8,17.3,16.5,17.0
20260702,ラグナトーレ,68.4,50.1,33.4,16.8,18.3,16.7,16.6,16.8
20260702,ルブリアン,65.6,47.2,30.7,15.5,18.4,16.5,15.2,15.5
20260702,フリッシュ,54.0,40.8,27.8,14.3,13.2,13.0,13.5,14.3
20260702,タガノラヴズワン,54.0,39.9,26.4,13.4,14.1,13.5,13.0,13.4
20260702,フリーレイン,67.9,50.4,33.9,17.2,17.5,16.5,16.7,17.2
20260702,エクセルブリーズ,66.4,47.6,30.8,14.8,18.8,16.8,16.0,14.8
20260702,ｷｮｳﾜｾﾞﾉﾋﾞｱの24,65.3,48.3,32.3,16.0,17.0,16.0,16.3,16.0
20260702,アセンシオン,69.7,51.8,33.7,16.4,17.9,18.1,17.3,16.4
20260702,シュラザック,54.1,38.2,24.7,12.6,15.9,13.5,12.1,12.6
20260702,ヒストリアイ,54.2,39.6,25.8,13.1,14.6,13.8,12.7,13.1
20260702,ゼンダンハヤブサ,68.8,49.7,32.7,16.2,19.1,17.0,16.5,16.2
20260702,ヴィラン,54.9,40.1,26.1,13.1,14.8,14.0,13.0,13.1
20260702,ケイアイドリー,68.7,49.7,32.1,15.5,19.0,17.6,16.6,15.5
20260702,メイショウハボマイ,59.0,42.9,27.3,13.7,16.1,15.6,13.6,13.7
20260702,シャインユウ,81.1,59.7,39.8,20.4,21.4,19.9,19.4,20.4
20260702,ツーエムマドンナ,81.3,59.9,39.3,19.8,21.4,20.6,19.5,19.8
20260702,セガンティーニ,64.7,46.0,29.2,14.4,18.7,16.8,14.8,14.4
20260702,ララアヴリル,68.9,51.1,33.7,16.4,17.8,17.4,17.3,16.4
20260702,イグニション,68.1,49.4,31.7,15.5,18.7,17.7,16.2,15.5
20260702,フロムザムーン,66.2,48.2,31.4,15.7,18.0,16.8,15.7,15.7
20260702,ビサイレント,67.7,49.8,32.9,16.3,17.9,16.9,16.6,16.3
20260702,ロードアウォード,63.3,45.9,30.2,14.9,17.4,15.7,15.3,14.9
20260702,ノーブルロジャー,63.9,45.6,29.0,14.1,18.3,16.6,14.9,14.1
20260701,デルマアポロニア,69.0,51.3,34.1,17.1,17.7,17.2,17.0,17.1
20260701,ミリオングローリー,55.1,39.8,25.7,12.5,15.3,14.1,13.2,12.5
20260701,アマンヘセル,68.4,50.7,33.4,16.5,17.7,17.3,16.9,16.5
20260701,アイムインディ,56.4,41.0,26.9,13.6,15.4,14.1,13.3,13.6
20260701,オンナキュヌヴィ,68.1,50.6,33.2,16.1,17.5,17.4,17.1,16.1
20260701,ウインテラジーナ,53.2,39.1,25.3,12.1,14.1,13.8,13.2,12.1
20260701,セシルブリュネ,53.0,38.3,24.9,12.6,14.7,13.4,12.3,12.6
20260701,インビンシブルパパ,59.8,44.5,29.9,15.2,15.3,14.6,14.7,15.2
20260701,フレッシュラン,67.5,50.6,34.0,17.6,16.9,16.6,16.4,17.6
20260701,ダノンリュラ,55.7,41.5,26.9,12.7,14.2,14.6,14.2,12.7
20260701,ピコレッド,54.5,40.4,25.8,12.5,14.1,14.6,13.3,12.5
20260701,アイアンナックル,67.9,50.8,34.0,17.0,17.1,16.8,17.0,17.0
20260701,ハピネスドリーム,54.5,39.7,26.0,12.9,14.8,13.7,13.1,12.9
20260701,フジコンフィデンス,54.2,40.0,25.4,12.6,14.2,14.6,12.8,12.6
20260701,リトルベルタ,57.2,41.5,27.1,13.6,15.7,14.4,13.5,13.6
20260701,ペールデュクラン,55.4,40.2,26.0,12.6,15.2,14.2,13.4,12.6
20260701,ノーブルスアーク,67.7,50.3,34.0,17.2,17.4,16.3,16.8,17.2
20260701,タマモチョコチップ,55.0,39.9,25.8,12.6,15.1,14.1,13.2,12.6
20260701,ドリーマーズ,55.3,40.3,25.9,12.6,15.0,14.4,13.3,12.6
20260701,フォンターナドーロ,64.2,45.6,29.4,14.8,18.6,16.2,14.6,14.8
20260701,カンピオーネ,71.4,52.0,34.4,17.4,19.4,17.6,17.0,17.4
20260701,サトノヴィレ,61.6,45.4,29.9,14.9,16.2,15.5,15.0,14.9
20260701,ミエノブラボー,55.8,40.5,26.6,13.0,15.3,13.9,13.6,13.0
20260701,マカナ,68.1,50.8,34.3,17.1,17.3,16.5,17.2,17.1
20260701,ステイアンビシャス,79.7,57.8,38.3,18.7,21.9,19.5,19.6,18.7
20260701,パッションディーバ,53.9,37.6,24.6,12.3,16.3,13.0,12.3,12.3
20260701,ヴォンサクレ,67.0,49.0,32.3,16.1,18.0,16.7,16.2,16.1
20260701,スチールギターラグ,62.7,46.8,31.2,15.3,15.9,15.6,15.9,15.3
20260701,チャンピオンホープ,67.5,49.9,32.6,16.2,17.6,17.3,16.4,16.2
20260701,ジーナグレイス,55.8,40.5,26.6,13.3,15.3,13.9,13.3,13.3
20260701,ジュングロワール,79.5,57.7,38.0,18.6,21.8,19.7,19.4,18.6
20260701,モンサンアミュザン,68.5,50.8,33.9,16.7,17.7,16.9,17.2,16.7
20260701,マイネルカピラリス,68.4,50.9,34.5,17.5,17.5,16.4,17.0,17.5
20260701,マンダリンボレロ,74.2,54.7,36.7,18.3,19.5,18.0,18.4,18.3
20260701,プリュノワール,69.5,51.3,34.0,16.8,18.2,17.3,17.2,16.8
20260701,ヤングアメリカンズ,71.3,53.0,35.3,17.6,18.3,17.7,17.7,17.6
20260701,ロートホルン,70.8,52.7,34.8,17.0,18.1,17.9,17.8,17.0
20260701,ラヴィプランドール,70.8,52.5,34.8,17.3,18.3,17.7,17.5,17.3
20260701,テルケンレンタッチ,69.6,51.7,34.4,17.0,17.9,17.3,17.4,17.0
20260701,リオハリソンメリー,71.8,52.7,34.7,17.0,19.1,18.0,17.7,17.0
20260701,ジーティージェミル,73.8,54.1,36.0,18.0,19.7,18.1,18.0,18.0
20260701,サンフラワー,70.7,52.3,34.1,17.3,18.4,18.2,16.8,17.3
20260701,ロジアコース,71.4,53.0,35.5,17.7,18.4,17.5,17.8,17.7
20260701,ブルージェイ,70.3,52.2,34.7,17.5,18.1,17.5,17.2,17.5
20260701,アイスブレイカー,68.7,51.1,33.5,17.0,17.6,17.6,16.5,17.0
20260701,ディマイザキッド,69.4,50.8,33.3,16.7,18.6,17.5,16.6,16.7
20260701,ノアチュロス,70.0,50.4,32.5,16.3,19.6,17.9,16.2,16.3
20260701,バシレイア,53.9,39.1,25.4,12.2,14.8,13.7,13.2,12.2
20260701,ニシノギャルズ,70.9,52.4,34.4,17.2,18.5,18.0,17.2,17.2
20260701,ゴットタレント,70.6,51.0,33.2,16.5,19.6,17.8,16.7,16.5
20260701,アルバニクス,64.8,47.0,31.2,15.0,17.8,15.8,16.2,15.0
20260701,スティールヴォーグ,65.0,47.5,30.6,15.1,17.5,16.9,15.5,15.1
20260701,マーゴットサンズ,55.8,40.4,25.8,12.6,15.4,14.6,13.2,12.6
20260701,ケンブリッジ,73.5,53.3,35.2,18.3,20.2,18.1,16.9,18.3
20260701,ミナヅキ,70.0,51.7,34.1,17.1,18.3,17.6,17.0,17.1
20260701,パーフェクトスノー,65.2,47.5,30.8,14.8,17.7,16.7,16.0,14.8
20260701,トムキャット,55.0,39.9,26.2,12.9,15.1,13.7,13.3,12.9
20260701,カーテシー,56.2,41.2,27.2,13.3,15.0,14.0,13.9,13.3
20260701,ケブラダラボジェラ,56.3,41.3,27.4,13.5,15.0,13.9,13.9,13.5
20260701,コスモシグナス,72.3,53.4,35.3,17.5,18.9,18.1,17.8,17.5
20260701,ライングラウス,75.0,55.3,36.4,18.2,19.7,18.9,18.2,18.2
20260701,モミスケ,72.2,54.1,36.4,18.5,18.1,17.7,17.9,18.5
20260701,アイファーリーベン,72.3,53.6,35.5,18.2,18.7,18.1,17.3,18.2
20260701,マーシヴィガラス,70.7,51.3,33.1,16.4,19.4,18.2,16.7,16.4
20260701,ドゥレイクパセージ,67.5,50.9,34.0,16.4,16.6,16.9,17.6,16.4
20260701,ウインロゼライト,66.7,48.1,31.4,15.3,18.6,16.7,16.1,15.3
20260701,カスターニエ,54.9,40.3,25.7,12.3,14.6,14.6,13.4,12.3
20260701,デルマテイネ,68.6,51.8,34.0,16.5,16.8,17.8,17.5,16.5
20260701,デルマツルギ,53.3,39.8,26.2,12.9,13.5,13.6,13.3,12.9
20260701,サクラモンストール,54.6,40.2,25.6,12.3,14.4,14.6,13.3,12.3
20260701,クシマトゥルー,67.3,48.7,31.5,15.2,18.6,17.2,16.3,15.2
20260701,ヘイジュード,66.7,49.8,32.7,15.8,16.9,17.1,16.9,15.8
20260701,レーヴルーバ,53.4,39.0,25.8,12.8,14.4,13.2,13.0,12.8
20260701,サルワールカミーズ,68.0,49.3,32.3,16.1,18.7,17.0,16.2,16.1
20260701,ヴェットビルズ,73.1,53.4,35.2,17.5,19.7,18.2,17.7,17.5
20260701,チャームジュネーヴ,55.7,41.3,27.2,13.4,14.4,14.1,13.8,13.4
20260701,サトノフルーク,67.8,50.3,33.4,16.8,17.5,16.9,16.6,16.8
20260701,カップッチョ,55.3,40.2,26.5,13.1,15.1,13.7,13.4,13.1
20260701,キセキノエンジェル,52.5,38.0,24.8,12.1,14.5,13.2,12.7,12.1
20260701,キョウエイブリッサ,51.8,37.3,24.3,11.9,14.5,13.0,12.4,11.9
20260701,ロックオブソシジ,66.5,49.2,32.7,16.6,17.3,16.5,16.1,16.6
20260701,モヴレクス,53.8,39.1,25.5,12.8,14.7,13.6,12.7,12.8
20260701,マイネルモメンタム,65.2,48.0,31.7,16.0,17.2,16.3,15.7,16.0
20260701,カキュウ,66.9,49.1,32.0,15.8,17.8,17.1,16.2,15.8
20260701,カラーオブサクセス,53.5,38.6,25.0,12.3,14.9,13.6,12.7,12.3
20260701,エリースノー,53.2,38.4,24.8,12.2,14.8,13.6,12.6,12.2
20260701,フェスティヴハート,68.7,50.3,33.0,16.3,18.4,17.3,16.7,16.3
20260701,ノワドゥココ,71.7,53.6,35.7,17.8,18.1,17.9,17.9,17.8
20260701,ダノンアドラー,72.2,53.7,36.0,18.3,18.5,17.7,17.7,18.3
20260701,スワローシチー,65.1,47.5,30.8,15.1,17.6,16.7,15.7,15.1
20260701,ランドスター,53.8,38.3,24.4,11.9,15.5,13.9,12.5,11.9
20260701,ハッピーエンジェル,66.4,48.7,31.9,15.8,17.7,16.8,16.1,15.8
20260701,ビレッジルイーザ,64.9,47.0,30.6,15.3,17.9,16.4,15.3,15.3
20260701,ブライトエアリー,65.2,47.6,31.5,15.7,17.6,16.1,15.8,15.7
20260701,ベルオーシャン,55.0,39.2,25.0,12.4,15.8,14.2,12.6,12.4
20260701,ブラッククラウズ,52.5,37.6,24.6,12.5,14.9,13.0,12.1,12.5
20260701,ジーティーヒラリ,63.3,45.5,29.6,14.7,17.8,15.9,14.9,14.7
20260701,アリアファブラ,53.2,38.3,25.2,12.9,14.9,13.1,12.3,12.9
20260701,ルビーサンセット,55.3,39.4,25.2,12.4,15.9,14.2,12.8,12.4
20260701,ハーツコンチェルト,59.4,44.1,29.1,14.4,15.3,15.0,14.7,14.4
20260701,アンクエンチャブル,53.7,38.9,24.9,12.2,14.8,14.0,12.7,12.2
20260701,ストラニエーロ,65.6,49.0,32.6,15.8,16.6,16.4,16.8,15.8
20260701,トゥレイス,52.7,38.2,24.4,12.0,14.5,13.8,12.4,12.0
20260701,ジャメビュ,69.4,51.4,34.0,17.4,18.0,17.4,16.6,17.4
20260701,レフィノス,54.3,38.6,25.2,12.7,15.7,13.4,12.5,12.7
20260701,ジャストビコーズ,65.9,49.1,32.5,16.1,16.8,16.6,16.4,16.1
20260701,チャチャット,64.4,47.6,31.0,15.4,16.8,16.6,15.6,15.4
20260701,イセッセイ,75.0,54.4,35.0,17.7,20.6,19.4,17.3,17.7
20260701,ゲンテン,66.8,49.8,32.6,16.0,17.0,17.2,16.6,16.0
20260701,ダイメイビッグボス,67.5,50.1,33.0,16.4,17.4,17.1,16.6,16.4
20260701,カリスマン,66.7,50.2,33.2,16.4,16.5,17.0,16.8,16.4
20260701,レッドカメリア,69.8,51.6,33.4,16.6,18.2,18.2,16.8,16.6
20260701,ピクラリーダ,54.4,39.3,25.9,12.5,15.1,13.4,13.4,12.5
20260701,ソナタン,65.6,48.4,31.4,15.4,17.2,17.0,16.0,15.4
20260701,グランシャット,54.3,39.1,25.3,12.5,15.2,13.8,12.8,12.5
20260701,リナシタ,53.9,38.6,25.2,12.7,15.3,13.4,12.5,12.7
20260701,カシノリアーナ,57.3,41.3,27.1,13.4,16.0,14.2,13.7,13.4
20260701,アグネスクレスト,63.9,47.1,30.9,15.1,16.8,16.2,15.8,15.1
20260701,アーリマックス,53.4,38.2,24.7,12.3,15.2,13.5,12.4,12.3
20260701,ジョイベル,54.8,39.7,26.3,12.9,15.1,13.4,13.4,12.9
20260701,サトノフェンサー,70.2,50.7,32.9,16.0,19.5,17.8,16.9,16.0
20260701,ジェイエルキャリア,53.7,38.6,24.9,12.3,15.1,13.7,12.6,12.3
20260701,ファインブライト,71.4,52.8,34.5,17.4,18.6,18.3,17.1,17.4
20260701,ウカテンセイ,68.4,50.2,32.0,16.0,18.2,18.2,16.0,16.0
20260701,エリンヘラクレス,54.3,39.2,25.8,12.4,15.1,13.4,13.4,12.4
20260701,アルスラーン,68.2,49.9,32.5,16.4,18.3,17.4,16.1,16.4
20260701,モズクルードラゴン,84.2,61.5,40.4,20.0,22.7,21.1,20.4,20.0
20260701,ダイユウファリーナ,67.6,50.1,33.3,16.8,17.5,16.8,16.5,16.8
20260701,カピリナ,52.8,38.7,25.0,11.9,14.1,13.7,13.1,11.9
20260701,レイユール,54.5,39.6,25.5,12.3,14.9,14.1,13.2,12.3
20260701,レッドベルダンス,53.7,39.0,25.0,12.1,14.7,14.0,12.9,12.1
20260701,マスカレードボール,63.9,47.1,30.9,15.3,16.8,16.2,15.6,15.3
20260701,ビップムーラン,53.4,39.1,25.4,12.2,14.3,13.7,13.2,12.2
20260701,ウィッシュリスト,64.8,47.0,30.9,15.2,17.8,16.1,15.7,15.2
20260701,ダイヤモンドパレス,53.3,38.7,24.8,11.9,14.6,13.9,12.9,11.9
20260701,デアプリームス,53.5,39.2,25.4,12.2,14.3,13.8,13.2,12.2
20260701,ウインマイルート,67.5,48.8,32.1,15.7,18.7,16.7,16.4,15.7
20260701,ベルチュガダン,53.7,38.6,24.4,12.0,15.1,14.2,12.4,12.0
20260701,ラッキーダンス,69.1,50.3,33.1,16.9,18.8,17.2,16.2,16.9
20260701,モジャーリオ,65.1,48.0,31.5,15.6,17.1,16.5,15.9,15.6
20260701,ダノンクラウディア,65.8,48.5,31.6,15.7,17.3,16.9,15.9,15.7
20260701,トリエンナーレ,65.6,48.0,31.3,15.3,17.6,16.7,16.0,15.3
20260701,エンジェルサン,54.2,38.9,24.7,12.0,15.3,14.2,12.7,12.0
20260701,モーゲンセン,64.5,47.5,31.2,15.3,17.0,16.3,15.9,15.3
20260701,リョウランリノ,56.1,41.0,26.4,13.1,15.1,14.6,13.3,13.1
20260701,トーケンギムレット,56.1,41.0,26.5,13.2,15.1,14.5,13.3,13.2
20260701,スルーインアード,69.6,50.2,32.6,15.8,19.4,17.6,16.8,15.8
20260701,ノアスペシャル,64.5,47.9,31.2,15.7,16.6,16.7,15.5,15.7
20260701,オーキーベルセルク,69.0,49.3,31.7,16.0,19.7,17.6,15.7,16.0
20260701,ヨーゼフ,71.2,52.2,34.7,17.4,19.0,17.5,17.3,17.4
20260701,ラスティレッド,64.3,47.3,31.1,15.6,17.0,16.2,15.5,15.6
20260701,ジュネストレイル,62.8,45.7,29.9,14.8,17.1,15.8,15.1,14.8
20260701,プレママドンナ,68.4,50.8,33.4,16.3,17.6,17.4,17.1,16.3
20260701,ウイニングレイ,69.1,49.9,32.2,16.3,19.2,17.7,15.9,16.3
20260701,バトルクライ,71.0,52.4,34.5,17.3,18.6,17.9,17.2,17.3
20260701,ピックアップライン,54.8,40.1,25.6,12.1,14.7,14.5,13.5,12.1
20260701,ポッドロルフ,68.9,50.6,33.3,16.9,18.3,17.3,16.4,16.9
20260701,ミズノミヤコ,54.4,39.9,25.6,12.6,14.5,14.3,13.0,12.6
20260701,コスモメイウェザー,71.5,52.9,34.9,17.7,18.6,18.0,17.2,17.7
20260701,スルーザゴールド,55.5,40.7,26.4,12.6,14.8,14.3,13.8,12.6
20260701,ゴールドテソーロ,71.2,52.4,34.8,17.2,18.8,17.6,17.6,17.2
20260701,エクスマキナ,71.6,51.1,33.4,16.5,20.5,17.7,16.9,16.5
20260701,ファーストアライヴ,71.3,52.7,34.9,17.2,18.6,17.8,17.7,17.2
20260701,クラウンテック,54.5,40.0,25.8,12.4,14.5,14.2,13.4,12.4
20260701,チェストー,71.2,52.4,34.3,16.6,18.8,18.1,17.7,16.6
20260701,ダイユウサルターレ,52.4,38.0,24.8,12.1,14.4,13.2,12.7,12.1
20260701,アンジュリオ,70.9,52.5,34.4,17.8,18.4,18.1,16.6,17.8
20260701,ベルゼビュート,56.3,40.5,25.8,12.3,15.8,14.7,13.5,12.3
20260701,ミサダメキメル,71.1,52.4,34.3,17.5,18.7,18.1,16.8,17.5
20260701,アンヴデット,70.2,51.6,33.8,17.2,18.6,17.8,16.6,17.2
20260701,アルティシモ,57.5,42.4,28.4,14.3,15.1,14.0,14.1,14.3
20260701,ウンスイ,55.4,40.9,27.1,13.4,14.5,13.8,13.7,13.4
20260701,トモジャシャトー,69.6,51.2,33.3,16.6,18.4,17.9,16.7,16.6
20260701,フレッシュラン,53.2,38.3,24.3,11.7,14.9,14.0,12.6,11.7
20260701,アイアンナックル,66.5,50.0,33.5,17.0,16.5,16.5,16.5,17.0
20260701,アイアムアッパレ,72.7,53.2,35.4,18.0,19.5,17.8,17.4,18.0
20260701,マサノピンクレディ,72.6,53.5,35.4,17.7,19.1,18.1,17.7,17.7
20260701,ノーブルスアーク,54.2,39.1,24.9,12.0,15.1,14.2,12.9,12.0
20260701,ウインガネーシャ,70.7,52.2,34.0,17.1,18.5,18.2,16.9,17.1
20260701,ジャスピライト,69.7,51.1,33.3,16.2,18.6,17.8,17.1,16.2
20260701,ジンクピリチオン,74.7,55.0,36.4,18.3,19.7,18.6,18.1,18.3
20260701,グランシュレーム,70.4,52.2,33.9,17.4,18.2,18.3,16.5,17.4
20260701,ビッグノエルルーフ,54.6,40.4,26.6,12.9,14.2,13.8,13.7,12.9
20260701,レディホークダイヤ,54.6,40.3,26.5,12.8,14.3,13.8,13.7,12.8
20260701,プリュノワール,53.3,38.4,24.6,11.9,14.9,13.8,12.7,11.9
20260701,ロートホルン,52.8,37.7,25.0,12.4,15.1,12.7,12.6,12.4
20260701,ラヴィプランドール,54.4,40.1,26.4,13.4,14.3,13.7,13.0,13.4
20260701,リオハリソンメリー,53.8,38.7,25.8,12.9,15.1,12.9,12.9,12.9
20260701,サンフラワー,53.9,38.9,26.2,13.1,15.0,12.7,13.1,13.1
20260701,ロジアコース,53.2,38.1,25.3,12.6,15.1,12.8,12.7,12.6
20260701,マフィン,54.3,39.2,25.9,12.8,15.1,13.3,13.1,12.8
20260701,エリカカリーナ,53.5,38.4,24.4,11.9,15.1,14.0,12.5,11.9
20260701,ニコ,53.5,38.3,25.2,12.4,15.2,13.1,12.8,12.4
20260701,ヤングアメリカンズ,56.7,41.7,27.8,13.7,15.0,13.9,14.1,13.7
20260701,ライヴギムレット,53.9,38.8,25.6,12.6,15.1,13.2,13.0,12.6
20260701,アルバニクス,54.6,39.8,25.9,13.1,14.8,13.9,12.8,13.1
20260701,スティールヴォーグ,53.8,39.0,25.3,12.1,14.8,13.7,13.2,12.1
20260701,パーフェクトスノー,54.1,39.3,25.4,12.6,14.8,13.9,12.8,12.6
20260701,ブルージェイ,56.5,41.6,27.8,13.8,14.9,13.8,14.0,13.8
20260701,ノアチュロス,69.7,50.1,32.7,16.3,19.6,17.4,16.4,16.3
20260701,アロンズロッド,62.3,44.8,28.7,14.0,17.5,16.1,14.7,14.0
20260701,ダノンセンチュリー,63.8,46.9,30.7,15.0,16.9,16.2,15.7,15.0
20260701,オルグジェシダ,64.7,48.0,31.0,15.2,16.7,17.0,15.8,15.2
20260701,ゴットタレント,65.5,48.0,30.8,15.3,17.5,17.2,15.5,15.3
20260701,マッドヘッドラブ,70.8,50.1,31.9,14.9,20.7,18.2,17.0,14.9
20260701,アイファーリーベン,54.9,40.0,26.1,12.8,14.9,13.9,13.3,12.8
20260701,マーシヴィガラス,54.5,39.6,25.8,12.7,14.9,13.8,13.1,12.7
20260701,アオゾラランチ,77.3,56.7,36.6,18.0,20.6,20.1,18.6,18.0
20260701,エッジランナー,78.4,57.1,36.9,18.3,21.3,20.2,18.6,18.3
20260701,フィーユレアル,52.8,38.7,25.2,12.5,14.1,13.5,12.7,12.5
20260701,モーゲンセン,52.9,38.8,25.3,12.5,14.1,13.5,12.8,12.5
20260701,ダイユウファリーナ,54.4,39.2,25.4,12.7,15.2,13.8,12.7,12.7
20260701,モジャーリオ,65.0,48.0,31.8,15.6,17.0,16.2,16.2,15.6
20260701,カミカクシ,54.6,38.8,25.1,12.5,15.8,13.7,12.6,12.5
20260701,ハリコミチュウ,51.9,37.9,24.7,12.3,14.0,13.2,12.4,12.3
20260701,ラエトゥス,64.1,47.3,31.1,15.3,16.8,16.2,15.8,15.3
20260701,ユニオンジャック,51.2,37.4,24.5,12.2,13.8,12.9,12.3,12.2
20260701,ローズガーデン,55.5,39.6,25.8,12.9,15.9,13.8,12.9,12.9
20260701,ユイチャンファイト,56.4,39.7,25.8,13.0,16.7,13.9,12.8,13.0
20260701,グランルチャドール,63.5,46.6,30.9,15.1,16.9,15.7,15.8,15.1
20260701,ピコチャンブラック,64.5,47.4,31.2,15.7,17.1,16.2,15.5,15.7
20260701,ロマンス,62.9,46.6,30.3,15.3,16.3,16.3,15.0,15.3
20260701,ドナルンバ,62.9,46.9,31.0,15.8,16.0,15.9,15.2,15.8
20260701,チャランダマルツ,63.6,46.6,30.2,15.2,17.0,16.4,15.0,15.2
20260701,ディアスポラ,54.3,39.9,25.2,12.3,14.4,14.7,12.9,12.3
20260701,アテンスマイル,54.2,39.4,25.9,13.0,14.8,13.5,12.9,13.0
20260701,ランフォースマイル,60.1,43.7,28.5,14.2,16.4,15.2,14.3,14.2
20260701,マネーマネー,55.0,41.9,28.8,14.9,13.1,13.1,13.9,14.9
20260701,アンジュリオ,55.2,39.7,25.9,12.5,15.5,13.8,13.4,12.5
20260701,ミサダメキメル,54.4,38.8,25.2,12.3,15.6,13.6,12.9,12.3
20260701,アンヴデット,54.9,39.4,25.7,12.4,15.5,13.7,13.3,12.4
20260701,デルマキタカミ,54.5,39.7,26.0,13.0,14.8,13.7,13.0,13.0
20260701,ジャストワナダイブ,67.5,49.2,32.5,16.2,18.3,16.7,16.3,16.2
20260701,メディチパワー,69.1,52.9,35.9,18.4,16.2,17.0,17.5,18.4
20260701,トウシンマジック,67.5,49.1,31.9,15.6,18.4,17.2,16.3,15.6
20260701,チギリ,53.7,38.7,25.0,12.4,15.0,13.7,12.6,12.4
20260701,ニシノイストワール,53.9,38.9,25.2,12.4,15.0,13.7,12.8,12.4
20260701,アッティーヤ,64.0,47.3,31.4,15.6,16.7,15.9,15.8,15.6
20260701,ニシノミヤダシ,64.9,48.5,32.1,15.8,16.4,16.4,16.3,15.8
20260701,アドミラルシップ,70.4,52.0,33.8,16.8,18.4,18.2,17.0,16.8
20260701,パーシヴァル,70.9,52.2,34.2,17.1,18.7,18.0,17.1,17.1
20260701,レイナエヴィータ,61.8,45.3,29.9,15.0,16.5,15.4,14.9,15.0
20260701,シアルナーレ,61.2,44.7,29.3,14.3,16.5,15.4,15.0,14.3
20260701,ホウオウシュウ,61.9,45.4,29.9,14.9,16.5,15.5,15.0,14.9
20260701,ペアレンツハート,64.5,47.4,31.0,15.3,17.1,16.4,15.7,15.3
20260701,ゴールドジェスター,69.9,52.0,34.8,18.0,17.9,17.2,16.8,18.0
20260701,ゴーゴーパンチ,76.7,57.9,38.5,19.6,18.8,19.4,18.9,19.6
20260701,オンザヴィーナス,54.5,39.6,25.7,12.7,14.9,13.9,13.0,12.7
20260701,ヒラボクヒーロー,55.1,39.7,25.5,12.9,15.4,14.2,12.6,12.9
20260701,ボールドハーテッド,56.2,41.0,27.0,13.5,15.2,14.0,13.5,13.5
20260701,エースオブゴールド,70.2,51.4,33.1,16.1,18.8,18.3,17.0,16.1
20260701,ポッドレーヴ,55.1,40.1,26.7,13.4,15.0,13.4,13.3,13.4
20260701,グロスビーク,62.5,46.2,29.9,14.8,16.3,16.3,15.1,14.8
20260701,ディエスルージュ,69.0,50.4,32.7,16.4,18.6,17.7,16.3,16.4
20260701,ミッキーファイト,72.6,54.0,35.8,18.0,18.6,18.2,17.8,18.0
20260701,ココニーナ,82.8,60.5,40.0,20.5,22.3,20.5,19.5,20.5
20260701,スローブギ,54.0,39.3,25.7,13.0,14.7,13.6,12.7,13.0
20260701,ランドフォートレス,55.2,40.4,26.7,13.0,14.8,13.7,13.7,13.0
20260701,レッドロスタム,69.2,51.1,33.8,17.0,18.1,17.3,16.8,17.0
20260701,ロゼフェリシア,70.7,52.2,34.5,17.3,18.5,17.7,17.2,17.3
20260701,ローグアン,69.4,51.3,34.1,17.0,18.1,17.2,17.1,17.0
20260701,アレクレア,55.2,39.7,25.4,12.3,15.5,14.3,13.1,12.3
20260701,カタカムナ,55.4,40.5,26.4,12.6,14.9,14.1,13.8,12.6
20260701,アドミラルシップ,64.8,48.0,31.3,15.6,16.8,16.7,15.7,15.6
20260701,パーシヴァル,64.5,47.8,31.7,15.7,16.7,16.1,16.0,15.7
20260701,ゴーゴーパンチ,52.6,38.6,25.3,12.8,14.0,13.3,12.5,12.8
20260701,ノブダブルホワイト,58.8,43.0,28.1,13.3,15.8,14.9,14.8,13.3
20260701,ミセスジョーンズ,58.9,43.0,27.9,13.5,15.9,15.1,14.4,13.5
20260701,ﾏﾛﾝﾍﾞﾙの24,60.2,44.3,29.5,14.1,15.9,14.8,15.4,14.1
20260701,アトラクティーボ,65.0,47.8,31.3,15.1,17.2,16.5,16.2,15.1
20260701,マッシブショット,55.7,40.5,26.2,13.0,15.2,14.3,13.2,13.0
20260701,コスモフラムオット,66.8,49.6,32.3,15.3,17.2,17.3,17.0,15.3
20260701,プラチナムディスク,66.9,50.1,32.8,17.1,16.8,17.3,15.7,17.1
20260701,パッカパッカブー,54.1,38.9,25.6,12.8,15.2,13.3,12.8,12.8
20260701,エースオブゴールド,53.9,38.8,25.5,12.8,15.1,13.3,12.7,12.8
20260701,ペイシャダンシング,65.9,48.9,32.2,16.1,17.0,16.7,16.1,16.1
20260701,ユメシルベ,65.2,47.9,30.7,15.1,17.3,17.2,15.6,15.1
20260701,ニシノタカオ,58.2,42.1,26.8,13.0,16.1,15.3,13.8,13.0
20260701,ヴァイザーバルコ,56.6,40.8,26.7,13.3,15.8,14.1,13.4,13.3
20260701,コスモアンソロジー,64.7,48.3,32.2,15.8,16.4,16.1,16.4,15.8
20260701,トワイライトサイト,64.6,48.5,32.3,16.0,16.1,16.2,16.3,16.0
20260701,ロードアマデウス,68.1,50.2,33.3,16.7,17.9,16.9,16.6,16.7
20260701,ショウナンタヅナ,70.1,51.6,33.5,16.5,18.5,18.1,17.0,16.5
20260701,メイショウバリスタ,67.3,49.7,32.7,16.6,17.6,17.0,16.1,16.6
20260701,アルティマローネ,70.9,52.0,34.2,16.9,18.9,17.8,17.3,16.9
20260701,イヴナンバーフォー,73.2,53.8,35.6,17.8,19.4,18.2,17.8,17.8
20260701,トワニ,68.4,50.2,33.0,16.7,18.2,17.2,16.3,16.7
20260701,デルマジュテーム,70.5,51.4,34.4,17.0,19.1,17.0,17.4,17.0
20260701,スマートフランキー,72.8,53.6,34.9,17.1,19.2,18.7,17.8,17.1
20260701,モーニングダリア,70.7,51.7,34.1,17.0,19.0,17.6,17.1,17.0
20260701,ネクストドア,71.3,52.5,34.8,17.5,18.8,17.7,17.3,17.5
20260701,セイクリッドシチー,55.4,40.4,25.8,12.7,15.0,14.6,13.1,12.7
20260701,ローズオブジャパン,55.4,40.7,26.0,12.7,14.7,14.7,13.3,12.7
20260701,エイシンキーンラン,55.3,40.1,25.7,12.5,15.2,14.4,13.2,12.5
20260701,ファータカリーナ,78.9,58.1,38.1,18.7,20.8,20.0,19.4,18.7
20260701,クリフハンガー,70.4,52.7,35.4,17.9,17.7,17.3,17.5,17.9
20260701,フォルテム,65.4,48.3,31.7,15.4,17.1,16.6,16.3,15.4
20260701,ゴルタン,68.3,49.9,32.5,15.8,18.4,17.4,16.7,15.8
20260701,エコロレイズ,66.6,47.6,31.1,15.4,19.0,16.5,15.7,15.4
20260701,キョウエイボニータ,78.4,56.9,37.7,18.8,21.5,19.2,18.9,18.8
20260701,アルニタク,64.4,48.1,32.0,16.8,16.3,16.1,15.2,16.8
20260701,ヒサエノオモカゲ,74.7,54.8,36.0,18.0,19.9,18.8,18.0,18.0
20260701,マーキュリーダイム,65.3,48.2,31.6,15.6,17.1,16.6,16.0,15.6
20260701,ココラッシー,72.9,53.4,34.9,17.8,19.5,18.5,17.1,17.8
20260701,リーズメイリー,66.5,48.7,31.5,15.0,17.8,17.2,16.5,15.0
20260701,アオイゲート,66.9,48.8,31.4,15.0,18.1,17.4,16.4,15.0
20260701,レインボーラッキー,53.7,38.9,25.2,12.4,14.8,13.7,12.8,12.4
20260701,フレキシブル,53.4,38.6,25.0,12.2,14.8,13.6,12.8,12.2
20260701,ヴンダーバール,54.1,39.5,25.6,12.5,14.6,13.9,13.1,12.5
20260701,ヴィーデ,83.5,60.8,39.6,19.8,22.7,21.2,19.8,19.8
20260701,ヒーローシー,79.0,57.1,36.8,18.4,21.9,20.3,18.4,18.4
20260701,トム,76.5,56.3,36.8,18.3,20.2,19.5,18.5,18.3
20260701,ミエスタ,68.3,51.4,34.1,17.1,16.9,17.3,17.0,17.1
20260701,スマートブライド,69.1,51.2,33.6,16.3,17.9,17.6,17.3,16.3
20260701,ブーケドグレイス,56.5,41.5,26.6,13.0,15.0,14.9,13.6,13.0
20260701,ジャグアール,54.9,39.5,25.5,12.6,15.4,14.0,12.9,12.6
20260701,モリノレッドスター,54.1,39.2,25.0,12.2,14.9,14.2,12.8,12.2
20260701,リラゲイル,55.5,40.1,26.1,12.8,15.4,14.0,13.3,12.8
20260701,モリノアミーゴ,54.3,39.4,25.3,12.4,14.9,14.1,12.9,12.4
20260701,シアワセチョウサン,54.4,40.5,27.0,13.6,13.9,13.5,13.4,13.6
20260701,オリエンタルガール,56.3,41.4,26.5,13.0,14.9,14.9,13.5,13.0
20260701,リーデレクオーレ,54.9,40.1,26.2,12.9,14.8,13.9,13.3,12.9
20260701,ノブピースオブラブ,53.9,40.3,26.9,13.5,13.6,13.4,13.4,13.5
20260701,サクラトップリアル,66.2,48.4,31.5,15.5,17.8,16.9,16.0,15.5
20260701,アージェント,63.0,46.4,29.7,14.4,16.6,16.7,15.3,14.4
20260701,シャインフォーミー,52.0,37.6,24.3,12.2,14.4,13.3,12.1,12.2
20260701,ゴールデンハニビー,63.8,46.9,30.3,14.7,16.9,16.6,15.6,14.7
20260701,ルージュアベリア,53.3,39.7,25.6,12.6,13.6,14.1,13.0,12.6
20260701,マタミカンサン,53.5,39.7,25.5,12.5,13.8,14.2,13.0,12.5
20260701,ゼファーテソーロ,53.8,39.3,25.3,12.6,14.5,14.0,12.7,12.6
20260701,ベルトラッキ,53.5,39.6,25.7,12.4,13.9,13.9,13.3,12.4
20260701,グレイシエーション,52.7,38.8,24.8,12.1,13.9,14.0,12.7,12.1
20260701,サノノファイター,53.5,39.1,25.0,12.3,14.4,14.1,12.7,12.3
20260701,サイモンセレーノ,54.2,38.3,24.4,12.0,15.9,13.9,12.4,12.0
20260701,リスレジャンデール,70.2,51.0,33.5,16.5,19.2,17.5,17.0,16.5
20260701,ティーシュペランサ,55.2,41.3,27.0,13.0,13.9,14.3,14.0,13.0
20260701,マイネルヴェスペル,55.3,41.4,27.2,13.2,13.9,14.2,14.0,13.2
20260701,サンタピア,68.0,51.2,34.0,17.4,16.8,17.2,16.6,17.4
20260701,ファイアリービート,65.1,48.3,32.4,16.2,16.8,15.9,16.2,16.2
20260701,ホウライブラック,65.9,48.1,31.6,15.9,17.8,16.5,15.7,15.9
20260701,ピコローズ,67.6,49.6,32.3,16.0,18.0,17.3,16.3,16.0
20260701,ウインドオブヘヴン,71.9,52.0,33.8,16.9,19.9,18.2,16.9,16.9
20260701,サイモンナイスラン,70.1,52.0,34.6,17.4,18.1,17.4,17.2,17.4
20260701,モドゥットゥイオ,71.0,52.8,35.2,18.0,18.2,17.6,17.2,18.0
20260701,ベルヴィヴァン,69.9,50.1,32.1,15.6,19.8,18.0,16.5,15.6
20260701,キングクレオール,54.1,39.4,25.8,12.9,14.7,13.6,12.9,12.9
20260701,グランレーヴ,68.8,52.3,35.0,17.6,16.5,17.3,17.4,17.6
20260701,ヘルヴェティオス,65.5,48.6,32.3,16.4,16.9,16.3,15.9,16.4
20260701,コスモティタノ,66.7,48.8,32.2,16.3,17.9,16.6,15.9,16.3
20260701,コスモイェーガー,69.2,50.7,33.6,17.2,18.5,17.1,16.4,17.2
20260701,サクラトップリアル,53.4,38.9,25.5,12.7,14.5,13.4,12.8,12.7
20260701,ルパヴィヨン,55.8,40.4,26.2,12.6,15.4,14.2,13.6,12.6
20260701,メインテーマ,54.9,40.0,26.3,12.7,14.9,13.7,13.6,12.7
20260701,ペリプルス,54.8,40.2,26.0,12.9,14.6,14.2,13.1,12.9
20260701,シュガーハイ,69.1,50.0,32.5,16.0,19.1,17.5,16.5,16.0
20260701,ウマッター,69.3,50.2,32.6,16.3,19.1,17.6,16.3,16.3
20260701,ロジケープ,55.7,40.7,26.1,13.0,15.0,14.6,13.1,13.0
20260701,フェアリースノー,68.0,50.4,33.3,16.5,17.6,17.1,16.8,16.5
20260701,ポテ,66.5,49.5,32.6,16.3,17.0,16.9,16.3,16.3
20260701,ビーストウォーズ,64.9,48.2,31.7,15.6,16.7,16.5,16.1,15.6
20260701,ショウナンラリー,64.6,48.3,32.2,16.3,16.3,16.1,15.9,16.3
20260701,ガラク,70.5,50.8,33.1,16.2,19.7,17.7,16.9,16.2
20260701,ヴァルカンテソーロ,64.1,48.2,32.0,16.0,15.9,16.2,16.0,16.0
20260701,マイトリックスター,54.1,39.5,26.0,12.7,14.6,13.5,13.3,12.7
20260701,アニエーネ,58.9,42.9,27.3,13.1,16.0,15.6,14.2,13.1
20260701,ショウナンタハティ,68.6,50.5,33.0,16.4,18.1,17.5,16.6,16.4
20260701,パースウェイド,68.2,50.3,32.9,16.1,17.9,17.4,16.8,16.1
20260701,チェルシー,66.0,47.9,31.3,15.7,18.1,16.6,15.6,15.7
20260701,ヴァンデスペランス,68.5,50.9,33.2,16.2,17.6,17.7,17.0,16.2
20260701,コズミックボックス,68.3,50.8,33.1,16.3,17.5,17.7,16.8,16.3
20260701,ブルールチル,66.1,48.0,31.3,15.8,18.1,16.7,15.5,15.8
20260701,コントラポスト,65.9,49.4,32.5,15.4,16.5,16.9,17.1,15.4
20260701,クモヒトツナイ,55.2,39.3,25.5,12.5,15.9,13.8,13.0,12.5
20260701,マーゴットブロー,55.4,39.7,25.1,12.0,15.7,14.6,13.1,12.0
20260701,マーゴットドライ,55.7,40.0,25.4,12.4,15.7,14.6,13.0,12.4
20260701,コヴェナント,54.2,39.7,26.0,12.9,14.5,13.7,13.1,12.9
20260701,ルブラッシュノモー,56.4,41.9,28.2,14.6,14.5,13.7,13.6,14.6
20260701,ピエナフェーヴル,56.4,41.4,26.5,12.7,15.0,14.9,13.8,12.7
20260701,オーシャンミューズ,55.7,40.8,26.4,12.7,14.9,14.4,13.7,12.7
20260701,アーティラリー,66.8,49.7,32.4,15.9,17.1,17.3,16.5,15.9
20260701,ヴェスタル,56.0,41.0,26.6,12.8,15.0,14.4,13.8,12.8
20260701,ケイジャーダ,70.8,53.5,36.5,18.5,17.3,17.0,18.0,18.5
20260701,カラスアゲハ,70.8,52.9,35.4,17.7,17.9,17.5,17.7,17.7
20260701,ロンドンアームズ,55.4,39.7,25.2,12.4,15.7,14.5,12.8,12.4
20260701,フームスムート,71.4,52.6,35.3,18.1,18.8,17.3,17.2,18.1
20260701,キョウキランブ,59.4,43.5,28.4,13.6,15.9,15.1,14.8,13.6
20260701,パストゥザスターズ,66.6,50.3,34.6,17.9,16.3,15.7,16.7,17.9
20260701,キングボーイ,63.6,46.6,29.9,14.9,17.0,16.7,15.0,14.9
20260701,フォルスラヴィ,65.5,48.4,31.7,15.8,17.1,16.7,15.9,15.8
20260701,モンドシュピーゲル,77.5,56.8,37.2,18.3,20.7,19.6,18.9,18.3
20260701,ナムラダックス,76.2,56.4,37.1,19.0,19.8,19.3,18.1,19.0
20260701,キミヘノメロディー,82.9,61.0,40.5,20.2,21.9,20.5,20.3,20.2
20260701,ベルイストワール,65.1,47.1,30.3,15.4,18.0,16.8,14.9,15.4
20260701,ゴールドパレード,73.1,55.0,36.6,18.6,18.1,18.4,18.0,18.6
20260701,ネオロマーネ,55.3,40.6,26.2,12.8,14.7,14.4,13.4,12.8
20260701,シリアスドラマ,55.6,40.7,26.4,12.8,14.9,14.3,13.6,12.8
20260701,ウインカーネリアン,63.9,47.9,32.0,16.1,16.0,15.9,15.9,16.1
20260701,フミサウンド,61.0,44.9,29.6,14.8,16.1,15.3,14.8,14.8
20260701,ウインオーディン,58.3,42.3,27.0,12.9,16.0,15.3,14.1,12.9
20260701,レーゲンシャウアー,65.7,48.9,32.6,16.4,16.8,16.3,16.2,16.4
20260701,アンナモエ,68.6,51.0,34.0,17.3,17.6,17.0,16.7,17.3
20260701,ジーククローネ,66.0,48.3,31.5,15.3,17.7,16.8,16.2,15.3
20260701,ヴァルドルチャ,63.6,47.1,30.7,14.7,16.5,16.4,16.0,14.7
20260701,クリアクォーツ,71.4,52.6,35.0,18.0,18.8,17.6,17.0,18.0
20260701,プリティディーヴァ,63.4,46.2,30.0,14.8,17.2,16.2,15.2,14.8
20260701,アイファーティアラ,68.6,49.7,32.3,16.3,18.9,17.4,16.0,16.3
20260701,ワンダリングスター,69.4,51.1,34.3,17.5,18.3,16.8,16.8,17.5
20260701,テングカゼ,70.0,51.2,33.8,17.0,18.8,17.4,16.8,17.0
20260701,スティルシャイニン,65.6,48.4,32.3,16.1,17.2,16.1,16.2,16.1
20260701,サンブライト,58.4,42.2,27.1,12.9,16.2,15.1,14.2,12.9
20260701,アルティソナンテ,57.5,41.8,27.1,13.3,15.7,14.7,13.8,13.3
20260701,ダゴベルト,60.3,44.0,28.7,14.3,16.3,15.3,14.4,14.3
20260701,デルマハッコウダ,70.8,52.4,33.8,16.7,18.4,18.6,17.1,16.7
20260701,デフィレドール,69.4,50.6,32.8,16.2,18.8,17.8,16.6,16.2
20260701,バタール,54.7,39.2,25.4,12.6,15.5,13.8,12.8,12.6
20260701,コスモアルペジオ,54.4,39.2,25.5,12.5,15.2,13.7,13.0,12.5
20260701,ルージュラベル,55.1,39.6,25.6,12.7,15.5,14.0,12.9,12.7
20260701,ヒットミー,53.8,38.8,24.9,12.4,15.0,13.9,12.5,12.4
20260701,フジサン,64.2,47.5,31.4,15.9,16.7,16.1,15.5,15.9
20260701,キョウエイシャトル,62.9,46.9,31.4,16.6,16.0,15.5,14.8,16.6
20260701,ソーロブスト,71.1,53.6,35.4,17.8,17.5,18.2,17.6,17.8
20260701,ホウオウビリーヴ,72.6,54.5,36.1,17.7,18.1,18.4,18.4,17.7
20260701,ロイヤルガンモ,63.3,47.2,31.8,16.6,16.1,15.4,15.2,16.6
20260701,ヴァストマーレ,70.8,52.4,34.8,17.7,18.4,17.6,17.1,17.7
20260701,ディヴァインスペル,70.9,52.7,34.9,17.3,18.2,17.8,17.6,17.3
20260701,プリモヴィータ,71.6,52.8,35.1,17.4,18.8,17.7,17.7,17.4
20260701,ハルオーブ,66.5,49.5,32.8,17.1,17.0,16.7,15.7,17.1
20260701,ウェスケンジントン,64.8,47.5,30.9,15.3,17.3,16.6,15.6,15.3
20260701,オスロクィーン,64.8,47.7,31.8,15.5,17.1,15.9,16.3,15.5
20260701,ボールドサンダー,68.3,50.7,33.2,17.2,17.6,17.5,16.0,17.2
20260701,ソラニワラエバ,66.1,49.2,32.7,16.3,16.9,16.5,16.4,16.3
20260701,ハルマン,68.5,51.2,33.6,17.3,17.3,17.6,16.3,17.3
20260701,ハチキンキリシマ,66.3,48.7,31.5,15.6,17.6,17.2,15.9,15.6
20260701,ゲームチェンジャー,66.5,48.7,31.8,15.5,17.8,16.9,16.3,15.5
20260701,ベストミーエヴァー,53.7,38.6,24.4,12.1,15.1,14.2,12.3,12.1
20260701,ケルピー,75.6,56.5,37.5,18.9,19.1,19.0,18.6,18.9
20260701,ナックカナロア,74.8,56.2,37.4,19.0,18.6,18.8,18.4,19.0
20260701,アレックスケー,69.4,51.7,34.7,17.6,17.7,17.0,17.1,17.6
20260701,ネオマイスター,72.7,54.5,36.4,18.2,18.2,18.1,18.2,18.2
20260701,マイネルモーント,71.7,53.2,34.5,17.0,18.5,18.7,17.5,17.0
20260701,ドンエレクトス,70.8,52.2,34.0,16.9,18.6,18.2,17.1,16.9
20260701,ムーングレイル,65.0,48.5,31.3,15.0,16.5,17.2,16.3,15.0
20260701,ラヴァレード,70.4,52.0,34.1,16.3,18.4,17.9,17.8,16.3
20260701,セイリュウ,70.2,51.4,33.3,15.9,18.8,18.1,17.4,15.9
20260701,イニシャルポイント,70.1,52.1,34.4,17.3,18.0,17.7,17.1,17.3
20260701,リーゼントジェイド,68.9,49.6,33.6,16.7,19.3,16.0,16.9,16.7
20260701,ニヴルヘイム,65.1,47.9,31.6,15.9,17.2,16.3,15.7,15.9
20260701,セプタードアイル,70.8,52.3,34.6,17.3,18.5,17.7,17.3,17.3
20260701,スタレネルヴェント,56.4,41.8,27.8,13.7,14.6,14.0,14.1,13.7
20260701,ニシノブレイゼスト,70.9,52.6,34.9,17.4,18.3,17.7,17.5,17.4
20260701,フローレスカラーズ,70.9,52.3,34.5,17.1,18.6,17.8,17.4,17.1
20260701,ハッピーカーン,58.4,42.6,27.5,13.5,15.8,15.1,14.0,13.5
20260701,トランセンコ,56.8,41.1,26.6,13.1,15.7,14.5,13.5,13.1
20260701,ゴールドパレード,53.8,39.4,25.6,12.9,14.4,13.8,12.7,12.9
20260701,ローレルエース,63.7,46.1,30.3,15.1,17.6,15.8,15.2,15.1
20260701,ネイティヴプライド,70.8,52.8,35.1,17.5,18.0,17.7,17.6,17.5
20260701,モンドシュピーゲル,54.7,39.7,25.8,12.7,15.0,13.9,13.1,12.7
20260701,アルマロクザン,70.4,51.3,32.8,16.4,19.1,18.5,16.4,16.4
20260701,モルトマエストーソ,62.0,45.2,29.3,14.8,16.8,15.9,14.5,14.8
20260701,キンバリー,58.2,42.9,29.0,14.9,15.3,13.9,14.1,14.9
20260701,コスモデュアリズム,58.3,43.0,29.0,14.8,15.3,14.0,14.2,14.8
20260701,ホウオウプレミア,71.0,52.5,35.1,18.2,18.5,17.4,16.9,18.2
20260701,ペイシャオーヴァル,68.9,50.9,33.9,17.4,18.0,17.0,16.5,17.4
20260701,アズサ,54.8,40.8,27.1,13.6,14.0,13.7,13.5,13.6
20260701,ミスデルマー,57.4,42.8,28.0,14.3,14.6,14.8,13.7,14.3
20260701,グッドミキサー,71.3,53.1,35.5,18.2,18.2,17.6,17.3,18.2
20260701,インザダーク,69.4,51.3,33.8,16.6,18.1,17.5,17.2,16.6
20260701,アルプスオジョー,62.0,45.6,30.4,15.1,16.4,15.2,15.3,15.1
20260701,サベージラヴ,62.9,46.0,30.1,14.6,16.9,15.9,15.5,14.6
20260701,ルージュスエルテ,65.7,48.6,31.8,15.7,17.1,16.8,16.1,15.7
20260701,スリーフラワー,65.6,47.6,30.3,14.7,18.0,17.3,15.6,14.7
20260701,ノクターナルハント,56.2,40.7,26.3,13.0,15.5,14.4,13.3,13.0
20260701,メイショウミズホ,54.9,39.8,25.8,12.7,15.1,14.0,13.1,12.7
20260701,マジカルガール,59.5,43.1,27.9,13.3,16.4,15.2,14.6,13.3
20260701,スティールブルー,63.0,46.2,30.5,15.2,16.8,15.7,15.3,15.2
20260701,エマージェンス,61.7,45.2,29.9,14.7,16.5,15.3,15.2,14.7
20260701,サマースプラッシュ,65.9,48.7,31.9,15.7,17.2,16.8,16.2,15.7
20260701,ドングラミ,54.9,40.2,26.0,12.7,14.7,14.2,13.3,12.7
20260701,クラウントリオンフ,54.9,40.2,26.0,12.8,14.7,14.2,13.2,12.8
20260701,ニシノマキロイ,63.3,46.4,31.0,15.4,16.9,15.4,15.6,15.4
20260701,センターサンテ,60.0,44.0,29.6,14.8,16.0,14.4,14.8,14.8
20260701,マデイラシトリン,63.0,46.1,30.4,15.1,16.9,15.7,15.3,15.1
20260701,アイアムイチバン,78.3,56.2,36.0,17.5,22.1,20.2,18.5,17.5
20260701,ダカラフェスティヴ,66.1,48.7,32.0,16.0,17.4,16.7,16.0,16.0
20260701,アイアムキレマスネ,66.1,49.2,32.9,16.8,16.9,16.3,16.1,16.8
20260701,ムーチョピカンテ,65.1,48.1,32.4,16.9,17.0,15.7,15.5,16.9
20260701,ソヴリンゲート,64.5,47.2,30.9,15.4,17.3,16.3,15.5,15.4
20260701,フォクセン,67.7,49.5,32.2,15.8,18.2,17.3,16.4,15.8
20260701,エリナ,66.5,47.9,30.9,14.8,18.6,17.0,16.1,14.8
20260701,フォンドルレール,69.3,50.5,33.1,16.8,18.8,17.4,16.3,16.8
20260701,シルバーゴールド,55.0,39.1,25.5,12.7,15.9,13.6,12.8,12.7
20260701,ルーラーインパクト,72.3,54.6,36.4,18.4,17.7,18.2,18.0,18.4
20260701,サイモンオリエント,68.9,52.1,34.8,17.4,16.8,17.3,17.4,17.4
20260701,ダイヒョウカーク,69.1,51.9,34.0,18.0,17.2,17.9,16.0,18.0
20260701,ラヴレイン,69.4,50.8,33.1,16.5,18.6,17.7,16.6,16.5
20260701,ノーブルクライ,65.2,48.1,31.3,15.2,17.1,16.8,16.1,15.2
20260701,ダンツファイター,69.1,51.7,34.5,17.2,17.4,17.2,17.3,17.2
20260701,テキサスバローズ,69.2,50.8,33.7,17.1,18.4,17.1,16.6,17.1
20260701,アジアントレジャー,68.8,51.9,34.9,17.6,16.9,17.0,17.3,17.6
20260701,アールグレイ,67.9,50.6,33.5,17.0,17.3,17.1,16.5,17.0
20260701,ラッキースウィッチ,66.3,48.4,31.8,16.0,17.9,16.6,15.8,16.0
20260701,メダルボーイ,70.6,52.2,34.5,17.4,18.4,17.7,17.1,17.4
20260701,アスパラゴ,69.5,51.7,33.5,17.0,17.8,18.2,16.5,17.0
20260701,バトルモクオ,67.3,49.7,32.7,16.4,17.6,17.0,16.3,16.4
20260701,エマーソンズ,68.8,51.2,33.3,16.1,17.6,17.9,17.2,16.1
20260701,マイネルラビリンス,66.1,49.0,32.9,16.2,17.1,16.1,16.7,16.2
20260701,ロカルゼ,68.1,50.8,34.4,16.9,17.3,16.4,17.5,16.9
20260701,エコロブラン,70.1,51.8,33.9,16.7,18.3,17.9,17.2,16.7
20260701,ボーンディスウェイ,58.9,42.2,27.1,13.2,16.7,15.1,13.9,13.2
20260701,フジフォンテ,55.3,40.3,26.0,12.7,15.0,14.3,13.3,12.7
20260701,エイミームーン,55.7,40.9,26.5,12.8,14.8,14.4,13.7,12.8
20260701,キタノドンカルロ,54.0,39.7,26.4,13.3,14.3,13.3,13.1,13.3
20260701,ライヴレッドアイ,66.9,49.5,33.7,16.8,17.4,15.8,16.9,16.8
20260701,カンレイスター,55.5,40.9,26.5,12.7,14.6,14.4,13.8,12.7
20260701,ゼータレティクル,66.0,48.0,31.3,15.5,18.0,16.7,15.8,15.5
20260701,ノーセット,67.8,50.2,33.2,16.2,17.6,17.0,17.0,16.2
20260701,グルーヴェンス,67.7,50.3,33.2,16.1,17.4,17.1,17.1,16.1
20260701,ウスズミザクラ,53.9,39.5,26.3,13.3,14.4,13.2,13.0,13.3
20260701,ビースターリー,67.3,49.5,32.6,16.1,17.8,16.9,16.5,16.1
20260701,フィニート,67.5,49.7,32.7,16.3,17.8,17.0,16.4,16.3
20260701,ワンコール,66.5,50.1,33.6,16.7,16.4,16.5,16.9,16.7
20260701,バトルボーン,54.2,39.0,25.0,12.1,15.2,14.0,12.9,12.1
20260701,グランコネクシオン,53.1,38.3,24.7,12.2,14.8,13.6,12.5,12.2
20260701,ノーブルオリンポス,54.3,40.3,26.8,13.2,14.0,13.5,13.6,13.2
20260701,ブルーダイヤシチー,55.5,40.4,26.4,12.8,15.1,14.0,13.6,12.8
20260701,エアトベーレ,54.6,40.0,26.1,12.6,14.6,13.9,13.5,12.6
20260701,クライングナウ,64.7,47.3,31.4,15.6,17.4,15.9,15.8,15.6
20260701,ティンバーライン,65.8,47.9,31.5,15.8,17.9,16.4,15.7,15.8
20260701,タケルムサシ,64.9,47.9,31.6,15.8,17.0,16.3,15.8,15.8
20260701,リアルパラダイス,55.8,40.8,26.5,12.6,15.0,14.3,13.9,12.6
20260701,スカイレックス,64.1,47.3,30.9,15.6,16.8,16.4,15.3,15.6
20260701,トレフォイルノット,55.6,40.7,26.2,12.7,14.9,14.5,13.5,12.7
20260701,ドリームユー,55.1,40.5,25.9,12.6,14.6,14.6,13.3,12.6
20260701,サザンキンレンカ,56.4,41.1,27.1,13.4,15.3,14.0,13.7,13.4
20260701,スカーレットクラン,57.0,42.0,27.0,13.0,15.0,15.0,14.0,13.0
20260701,ロワデュモンド,54.9,40.3,25.9,12.5,14.6,14.4,13.4,12.5
20260701,スカイダイバー,51.5,38.0,25.5,12.9,13.5,12.5,12.6,12.9
20260701,ミツカネメルクリオ,67.4,49.2,32.7,16.3,18.2,16.5,16.4,16.3
20260701,ミアエッテ,54.7,40.4,26.3,13.0,14.3,14.1,13.3,13.0
20260701,リバーブレーション,67.9,50.0,33.3,16.6,17.9,16.7,16.7,16.6
20260701,サトミノアカリ,65.1,47.7,31.6,15.7,17.4,16.1,15.9,15.7
20260701,クワッドマリニン,64.4,47.5,31.7,16.0,16.9,15.8,15.7,16.0
20260701,プレザントトーン,52.6,39.0,25.8,13.0,13.6,13.2,12.8,13.0
20260701,クツワエターナル,64.8,47.6,31.5,15.4,17.2,16.1,16.1,15.4
20260701,パチクリベスクリ,67.4,49.9,33.1,16.9,17.5,16.8,16.2,16.9
20260701,イゲマジャ,67.3,49.3,32.5,16.3,18.0,16.8,16.2,16.3
20260701,サンアンドスターズ,68.2,50.9,34.4,17.7,17.3,16.5,16.7,17.7
20260701,エピックジャーニー,68.3,50.5,33.1,16.5,17.8,17.4,16.6,16.5
20260701,コイゾラ,70.0,51.3,33.2,16.4,18.7,18.1,16.8,16.4
20260701,マウンテンジョオー,68.0,50.3,33.7,16.7,17.7,16.6,17.0,16.7
20260701,キャピタルストーン,64.9,47.4,31.7,15.3,17.5,15.7,16.4,15.3
20260701,アルデラッシュ,54.6,40.4,26.2,12.9,14.2,14.2,13.3,12.9
20260701,アルーアウインド,68.8,50.1,32.9,16.5,18.7,17.2,16.4,16.5
20260701,エルエシック,67.8,50.1,33.7,16.6,17.7,16.4,17.1,16.6
20260701,サトノスプレマシー,65.5,48.3,31.9,16.3,17.2,16.4,15.6,16.3
20260701,コスモシェルベット,65.5,47.6,31.1,15.3,17.9,16.5,15.8,15.3
20260701,シャルムグリーン,65.1,48.1,32.0,15.9,17.0,16.1,16.1,15.9
20260701,ヌビアン,56.5,41.3,27.1,13.6,15.2,14.2,13.5,13.6
20260701,ザンテソーロ,63.2,46.6,30.8,15.5,16.6,15.8,15.3,15.5
20260701,アンティミスト,68.0,49.9,33.1,16.7,18.1,16.8,16.4,16.7
20260701,サクセスボーイ,65.3,47.8,30.8,15.0,17.5,17.0,15.8,15.0
20260701,レーヴマジック,67.7,51.0,34.7,18.3,16.7,16.3,16.4,18.3
20260701,ノワールブレイブ,57.1,41.9,27.5,13.9,15.2,14.4,13.6,13.9
20260701,リコルディオーロ,65.5,47.5,30.3,15.6,18.0,17.2,14.7,15.6
20260701,ジオパークカツキ,65.5,47.9,31.2,15.1,17.6,16.7,16.1,15.1
20260701,テキエロ,67.2,50.2,33.8,17.7,17.0,16.4,16.1,17.7
20260701,カセノメロス,67.9,49.7,32.8,16.5,18.2,16.9,16.3,16.5
20260701,ワイワイシャイニー,67.0,49.9,33.7,17.5,17.1,16.2,16.2,17.5
20260701,メイドリーム,67.0,49.9,33.7,17.5,17.1,16.2,16.2,17.5
20260701,ミコウェイ,67.8,49.9,32.7,16.4,17.9,17.2,16.3,16.4
20260701,オーケーマドンナ,66.3,49.0,32.1,16.2,17.3,16.9,15.9,16.2
20260701,ブレイクザアイス,62.4,45.5,29.6,14.3,16.9,15.9,15.3,14.3
20260701,ライクアフラワー,92.2,65.5,41.5,20.2,26.7,24.0,21.3,20.2
20260701,ノーブルクライ,55.2,40.2,25.8,12.5,15.0,14.4,13.3,12.5
20260701,ショウナンライシン,54.4,39.2,25.6,12.6,15.2,13.6,13.0,12.6
20260701,ガビーズシスター,64.9,47.7,30.8,14.8,17.2,16.9,16.0,14.8
20260701,マキシマムドライブ,52.4,37.9,24.9,12.2,14.5,13.0,12.7,12.2
20260701,スイートオレンジ,53.3,38.4,25.5,12.8,14.9,12.9,12.7,12.8
20260701,リアンベーレ,56.2,41.7,27.1,13.2,14.5,14.6,13.9,13.2
20260701,アスパラゴ,69.9,52.3,34.7,17.2,17.6,17.6,17.5,17.2
20260701,アドマイヤフク,70.9,52.8,34.5,16.8,18.1,18.3,17.7,16.8
20260701,エビスディアーナ,71.3,53.0,34.9,17.2,18.3,18.1,17.7,17.2
20260701,アトミックブレス,65.7,47.8,32.1,15.9,17.9,15.7,16.2,15.9
20260701,ショコラキュイ,63.0,46.5,30.2,15.0,16.5,16.3,15.2,15.0
20260701,プラネタリーアワー,69.8,51.3,33.6,16.7,18.5,17.7,16.9,16.7
20260701,ミスティユニバンス,69.6,51.3,33.5,16.7,18.3,17.8,16.8,16.7
20260701,ファナティカル,54.2,39.2,25.9,12.9,15.0,13.3,13.0,12.9
20260701,シェンロン,56.4,41.6,27.6,14.1,14.8,14.0,13.5,14.1
20260701,ビーズスティンガー,54.9,39.4,25.9,13.0,15.5,13.5,12.9,13.0
20260701,ニシノレジーナ,69.0,50.6,33.2,16.6,18.4,17.4,16.6,16.6
20260701,ルークスイテルム,54.9,39.4,25.9,13.0,15.5,13.5,12.9,13.0
20260701,エコロブラン,70.6,52.4,34.6,17.1,18.2,17.8,17.5,17.1
20260701,ボンジュールパリ,69.5,51.6,33.8,16.8,17.9,17.8,17.0,16.8
20260701,ｱﾒﾘの24,55.9,41.2,27.3,13.8,14.7,13.9,13.5,13.8
20260701,スーパーバイザー,68.4,51.2,33.8,16.4,17.2,17.4,17.4,16.4
20260701,キャネル,69.6,51.3,33.5,16.6,18.3,17.8,16.9,16.6
20260701,ルールーリマ,64.7,47.8,31.2,15.4,16.9,16.6,15.8,15.4
20260701,ビンバラ,58.7,43.6,28.4,14.2,15.1,15.2,14.2,14.2
20260701,ルールオーヴァー,68.3,48.8,31.5,15.4,19.5,17.3,16.1,15.4
20260701,トゥントゥントゥン,68.9,50.9,33.1,16.7,18.0,17.8,16.4,16.7
20260701,ジーティーブラック,69.5,51.5,33.5,17.0,18.0,18.0,16.5,17.0
20260701,スペーストラベラー,69.6,50.7,33.1,16.3,18.9,17.6,16.8,16.3
20260701,ドーンレイド,69.8,51.3,33.8,16.8,18.5,17.5,17.0,16.8
20260701,レイヤードホワイト,67.6,50.5,33.5,17.0,17.1,17.0,16.5,17.0
20260701,ジョーティス,74.4,55.2,36.2,17.6,19.2,19.0,18.6,17.6
20260701,ルージュルフラン,72.7,53.7,34.9,16.3,19.0,18.8,18.6,16.3
20260701,リントヴルム,70.2,51.9,34.1,16.8,18.3,17.8,17.3,16.8
20260701,スピニンググローブ,54.3,39.7,25.3,12.5,14.6,14.4,12.8,12.5
20260701,ディヴァインスカイ,61.6,45.4,30.1,14.9,16.2,15.3,15.2,14.9
20260701,セーヌデローヴ,54.0,39.4,25.2,12.5,14.6,14.2,12.7,12.5
20260701,フォルマシオン,70.8,52.3,33.8,16.8,18.5,18.5,17.0,16.8
20260701,ハーティーチアーズ,52.6,38.6,25.6,13.0,14.0,13.0,12.6,13.0
20260701,テリオスレイ,78.5,57.4,37.1,17.9,21.1,20.3,19.2,17.9
20260701,ユイノキャッツアイ,56.7,41.7,27.5,13.1,15.0,14.2,14.4,13.1
20260701,ニシノアトール,67.2,50.2,33.0,16.0,17.0,17.2,17.0,16.0
20260701,アズールドーン,68.8,50.6,32.7,16.0,18.2,17.9,16.7,16.0
20260701,ダノンタッチダウン,67.6,50.6,33.1,16.2,17.0,17.5,16.9,16.2
20260701,ブロント,73.1,54.6,35.9,17.9,18.5,18.7,18.0,17.9
20260701,エスコバル,69.8,51.3,33.0,16.2,18.5,18.3,16.8,16.2
20260701,イチザサンダー,70.5,50.5,32.2,15.8,20.0,18.3,16.4,15.8
20260701,アラビアンドリーム,63.6,47.1,31.0,15.1,16.5,16.1,15.9,15.1
20260701,ドゥーニ,69.3,51.1,33.7,16.3,18.2,17.4,17.4,16.3
20260701,ギリーカラム,63.9,48.0,31.5,15.7,15.9,16.5,15.8,15.7
20260701,アンバーバレット,68.1,50.2,33.0,16.0,17.9,17.2,17.0,16.0
20260701,フォンテキアーラ,69.7,50.6,33.2,16.7,19.1,17.4,16.5,16.7
20260701,シーズアウルフ,64.3,47.2,31.8,16.1,17.1,15.4,15.7,16.1
20260701,グラニット,54.0,39.1,25.3,12.1,14.9,13.8,13.2,12.1
20260701,ロゼル,55.1,40.8,26.4,12.8,14.3,14.4,13.6,12.8
20260701,カーヌスティ,54.3,39.3,25.5,12.2,15.0,13.8,13.3,12.2
20260701,シーズザチャンス,55.5,41.0,26.5,12.9,14.5,14.5,13.6,12.9
20260701,クムシラコ,63.0,45.5,29.5,14.3,17.5,16.0,15.2,14.3
20260701,スイートアリッサム,63.7,47.0,31.0,15.7,16.7,16.0,15.3,15.7
20260701,リアルセンター,64.1,46.9,30.6,15.2,17.2,16.3,15.4,15.2
20260701,エリーニック,65.4,48.3,31.6,16.2,17.1,16.7,15.4,16.2
20260701,レッドエモーション,63.5,46.6,30.2,15.1,16.9,16.4,15.1,15.1
20260701,テンユメノオーロラ,55.9,40.6,26.8,13.5,15.3,13.8,13.3,13.5
20260701,デモリションマン,56.2,40.6,26.8,13.5,15.6,13.8,13.3,13.5
20260701,ヴァルカモニカ,68.6,50.0,32.6,15.9,18.6,17.4,16.7,15.9
20260701,シークレットイスラ,68.9,51.2,33.2,16.8,17.7,18.0,16.4,16.8
20260701,ピコテンダー,63.8,46.3,30.4,15.4,17.5,15.9,15.0,15.4
20260701,オブラプリーマ,64.6,48.0,31.1,15.1,16.6,16.9,16.0,15.1
20260701,デンプシー,65.4,48.2,31.1,15.2,17.2,17.1,15.9,15.2
20260701,ピコランド,63.4,47.1,31.0,15.8,16.3,16.1,15.2,15.8
20260701,ジーティーフクジ,69.9,52.6,34.9,17.5,17.3,17.7,17.4,17.5
20260701,サヴァビアン,65.8,47.5,30.6,15.0,18.3,16.9,15.6,15.0
20260701,ガラスノブルース,55.4,40.4,26.2,13.1,15.0,14.2,13.1,13.1
20260701,フリーマントル,53.7,39.5,25.7,12.8,14.2,13.8,12.9,12.8
20260701,クライングナウ,53.6,39.4,25.5,12.5,14.2,13.9,13.0,12.5
20260701,タケルムサシ,53.5,38.7,25.0,12.3,14.8,13.7,12.7,12.3
20260701,キャラメルプリン,60.5,45.1,30.3,15.7,15.4,14.8,14.6,15.7
20260701,ナムラドガ,54.8,40.3,26.0,12.8,14.5,14.3,13.2,12.8
20260701,スカイレックス,53.7,38.8,25.2,12.3,14.9,13.6,12.9,12.3
20260701,ノドゥス,57.6,42.7,27.2,12.8,14.9,15.5,14.4,12.8
20260701,ナーシリーヤ,54.6,40.4,26.3,13.1,14.2,14.1,13.2,13.1
20260701,サラサヴィクトリー,54.3,40.1,26.0,12.8,14.2,14.1,13.2,12.8
20260701,ライクアフラワー,54.5,38.5,24.6,12.0,16.0,13.9,12.6,12.0
20260701,ユイノサダハル,62.4,45.7,28.9,14.3,16.7,16.8,14.6,14.3
20260701,タイセイネクサス,61.5,44.7,29.0,13.7,16.8,15.7,15.3,13.7
20260701,クールボビー,69.2,51.7,34.3,17.6,17.5,17.4,16.7,17.6
20260701,レザンノワール,66.6,47.8,31.2,15.5,18.8,16.6,15.7,15.5
20260701,タイセイアドーレ,71.4,51.8,34.2,16.6,19.6,17.6,17.6,16.6
20260701,ロードベラヴィータ,54.4,39.8,26.5,12.9,14.6,13.3,13.6,12.9
20260701,レッドアバンドーネ,54.2,39.7,26.3,12.9,14.5,13.4,13.4,12.9
20260701,コンフィグシス,65.7,48.2,31.4,15.1,17.5,16.8,16.3,15.1
20260701,ワレモコウ,66.6,48.7,31.5,15.0,17.9,17.2,16.5,15.0
20260701,ペプロス,65.8,47.7,31.8,15.9,18.1,15.9,15.9,15.9
20260701,クリールスル,66.9,48.3,31.3,15.6,18.6,17.0,15.7,15.6
20260701,ジェントルアイズ,69.4,50.6,32.4,15.5,18.8,18.2,16.9,15.5
20260701,サンマルオブウォー,68.4,50.9,33.5,16.7,17.5,17.4,16.8,16.7
20260701,クリスマスパレード,63.0,46.4,30.6,14.8,16.6,15.8,15.8,14.8
20260701,レーヴドロペラ,63.7,47.0,31.2,15.8,16.7,15.8,15.4,15.8
20260701,ヒロイックヴァース,69.2,50.4,32.9,16.5,18.8,17.5,16.4,16.5
20260701,ノーウェアマン,65.4,48.5,31.9,15.8,16.9,16.6,16.1,15.8
20260701,エマルタ,68.3,50.3,32.9,16.1,18.0,17.4,16.8,16.1
20260701,アヴァランチ,62.8,46.5,30.5,15.3,16.3,16.0,15.2,15.3
20260701,アメテュストス,64.2,46.8,30.4,15.1,17.4,16.4,15.3,15.1
20260701,ガラベイヤ,69.9,49.8,31.6,15.1,20.1,18.2,16.5,15.1
20260701,ベランジェール,66.0,48.3,31.9,15.4,17.7,16.4,16.5,15.4
20260701,パピプペピンク,55.0,38.6,24.6,12.3,16.4,14.0,12.3,12.3
20260701,ニシノトリビュート,52.4,37.4,24.3,12.2,15.0,13.1,12.1,12.2
20260701,グランスプリント,55.0,39.9,25.8,12.8,15.1,14.1,13.0,12.8
20260701,スマイルガーデン,54.0,37.8,24.3,12.1,16.2,13.5,12.2,12.1
20260701,リヒトミューレ,52.1,37.9,24.6,12.4,14.2,13.3,12.2,12.4
20260701,マイシドニー,53.0,38.0,24.6,12.2,15.0,13.4,12.4,12.2
20260701,アーデントアイ,53.7,38.8,25.2,12.6,14.9,13.6,12.6,12.6
20260701,タイセイブリオン,55.5,40.6,26.1,12.8,14.9,14.5,13.3,12.8
20260701,ヤマニンイハナ,53.1,38.7,25.6,12.9,14.4,13.1,12.7,12.9
20260701,アテンド,53.0,38.7,25.5,12.9,14.3,13.2,12.6,12.9
20260701,ムスペルヘイム,63.7,47.1,31.1,14.6,16.6,16.0,16.5,14.6
20260701,エヒト,53.6,39.1,25.0,12.1,14.5,14.1,12.9,12.1
20260701,モーデン,53.7,39.0,25.2,12.0,14.7,13.8,13.2,12.0
20260701,サンポーニャ,52.0,37.7,24.7,12.4,14.3,13.0,12.3,12.4
20260701,マニバドラ,53.2,37.7,24.4,12.3,15.5,13.3,12.1,12.3
20260701,サイレントグルーヴ,53.8,38.6,25.3,12.5,15.2,13.3,12.8,12.5
20260701,ボディブロー,52.9,37.9,24.7,12.3,15.0,13.2,12.4,12.3
20260701,ディーエスショウマ,50.8,37.4,24.8,12.7,13.4,12.6,12.1,12.7
20260701,ペガサスノース,54.3,39.4,25.2,12.3,14.9,14.2,12.9,12.3
20260701,マテンロウコマンド,54.7,39.6,25.5,12.6,15.1,14.1,12.9,12.6
20260701,スピリットライズ,55.9,39.9,25.4,12.2,16.0,14.5,13.2,12.2
20260701,エコロアゼル,53.3,38.4,25.3,12.8,14.9,13.1,12.5,12.8
20260701,ジャスパーソレイユ,53.6,38.7,25.0,12.1,14.9,13.7,12.9,12.1
20260701,キープシャイニング,55.0,39.9,25.8,12.8,15.1,14.1,13.0,12.8
20260701,ベルアズーロ,56.6,40.5,26.0,12.4,16.1,14.5,13.6,12.4
20260701,ルージュソムニウム,54.2,39.5,25.5,12.1,14.7,14.0,13.4,12.1
20260701,ヴェルサイユローズ,54.4,39.6,26.4,13.1,14.8,13.2,13.3,13.1
20260701,リフルフォース,54.4,39.5,25.4,12.4,14.9,14.1,13.0,12.4
20260701,セルヴァジオ,56.7,41.5,27.2,13.3,15.2,14.3,13.9,13.3
20260701,デアヴェローチェ,54.1,39.3,25.3,12.4,14.8,14.0,12.9,12.4
20260701,リメンバーシドニー,51.8,37.6,24.8,12.6,14.2,12.8,12.2,12.6
20260701,グランエール,55.8,40.4,26.2,12.8,15.4,14.2,13.4,12.8
20260701,タケルレジェンド,56.0,40.2,26.0,12.6,15.8,14.2,13.4,12.6
20260701,ディーエスシン,51.5,37.2,24.4,12.2,14.3,12.8,12.2,12.2
20260701,アイルエクラ,54.3,39.5,26.0,13.2,14.8,13.5,12.8,13.2
20260701,ジョウショーツヨシ,52.8,38.2,24.8,12.2,14.6,13.4,12.6,12.2
20260701,コパノサントス,53.5,38.4,25.5,13.0,15.1,12.9,12.5,13.0
20260701,ナヴォーナ,53.1,38.1,24.7,12.4,15.0,13.4,12.3,12.4
20260701,サンライズジュピタ,53.5,38.4,25.1,12.5,15.1,13.3,12.6,12.5
20260701,ジョバンニ,53.8,38.6,24.7,12.1,15.2,13.9,12.6,12.1
20260701,ジェルブロア,54.0,39.0,24.9,12.2,15.0,14.1,12.7,12.2
20260701,ステラネージュ,53.9,39.3,25.6,12.7,14.6,13.7,12.9,12.7
20260701,サンライズハリー,52.7,38.4,25.1,12.6,14.3,13.3,12.5,12.6
20260701,タイセイジェイド,53.7,38.5,24.9,12.5,15.2,13.6,12.4,12.5
20260701,ダークマルス,55.0,40.6,26.9,13.2,14.4,13.7,13.7,13.2
20260701,アスクハッピーマン,53.9,38.9,24.9,12.3,15.0,14.0,12.6,12.3
20260701,スピーチバルーン,55.2,39.6,25.7,12.8,15.6,13.9,12.9,12.8
20260701,ルルハート,53.0,38.2,24.6,12.2,14.8,13.6,12.4,12.2
20260701,ティグリス,53.5,39.0,25.1,12.5,14.5,13.9,12.6,12.5
20260701,ホウオウモチーヴ,55.1,39.7,25.0,12.2,15.4,14.7,12.8,12.2
20260701,イットガール,53.6,38.1,24.7,12.3,15.5,13.4,12.4,12.3
20260701,サトノアイボリー,54.5,39.2,25.2,12.6,15.3,14.0,12.6,12.6
20260701,サンライズケヴィン,53.8,39.4,25.7,12.7,14.4,13.7,13.0,12.7
20260701,スプレンドーレ,53.2,37.8,24.4,12.2,15.4,13.4,12.2,12.2
20260701,アンヘリータス,56.6,41.1,26.4,13.0,15.5,14.7,13.4,13.0
20260701,マリナーヴァレイ,53.8,38.7,25.2,12.4,15.1,13.5,12.8,12.4
20260701,ジャンゴッド,54.3,39.2,25.3,12.5,15.1,13.9,12.8,12.5
20260701,フランヴィア,59.0,43.4,28.9,14.5,15.6,14.5,14.4,14.5
20260701,オーラムミーティア,54.6,39.7,25.8,12.9,14.9,13.9,12.9,12.9
20260701,サンライズアリオン,52.7,38.7,25.4,12.7,14.0,13.3,12.7,12.7
20260701,ベルファスト,54.7,39.2,25.0,12.1,15.5,14.2,12.9,12.1
20260701,マナエトレ,53.1,38.3,25.1,12.7,14.8,13.2,12.4,12.7
20260701,マウンテンバローズ,53.8,39.1,25.5,12.4,14.7,13.6,13.1,12.4
20260701,コカボムショット,55.4,40.3,26.5,13.1,15.1,13.8,13.4,13.1
20260701,フィラーエ,63.7,45.4,28.9,14.0,18.3,16.5,14.9,14.0
20260701,カトマンズゴールド,54.9,39.0,25.0,12.2,15.9,14.0,12.8,12.2
20260701,ミヤラティーニ,55.9,40.8,26.7,13.6,15.1,14.1,13.1,13.6
20260701,タガノプディング,55.9,40.5,26.8,13.2,15.4,13.7,13.6,13.2
20260701,オースミサイファー,55.6,39.3,25.5,12.4,16.3,13.8,13.1,12.4
20260701,デュードロップ,51.9,37.5,24.5,12.3,14.4,13.0,12.2,12.3
20260701,ビシェノ,54.4,39.2,25.5,12.7,15.2,13.7,12.8,12.7
20260701,マハロハ,53.4,38.6,25.1,12.5,14.8,13.5,12.6,12.5
20260701,シグロデオロ,63.5,46.3,31.7,15.5,17.2,14.6,16.2,15.5
20260701,シャトンダンス,55.9,40.8,26.2,12.9,15.1,14.6,13.3,12.9
20260701,インユアパレス,63.3,46.1,29.7,13.8,17.2,16.4,15.9,13.8
20260701,コーチェラバレー,54.4,39.0,25.3,12.8,15.4,13.7,12.5,12.8
20260701,イリフィ,72.6,52.5,34.1,16.6,20.1,18.4,17.5,16.6
20260701,アイアン,57.6,42.0,27.3,13.2,15.6,14.7,14.1,13.2
20260701,シュプリームレルム,70.4,52.0,34.7,17.1,18.4,17.3,17.6,17.1
20260701,ベルトナリテ,58.0,41.7,27.1,13.1,16.3,14.6,14.0,13.1
20260701,ラピス,68.1,49.7,32.3,16.0,18.4,17.4,16.3,16.0
20260701,アカウフリューゲル,57.3,41.5,27.1,13.2,15.8,14.4,13.9,13.2
20260701,ポッドリプル,59.2,42.5,27.2,13.1,16.7,15.3,14.1,13.1
20260701,マイネルホウセン,59.3,42.4,27.6,13.5,16.9,14.8,14.1,13.5
20260701,オンアロール,72.6,52.1,34.1,16.2,20.5,18.0,17.9,16.2
20260701,ハロナ,64.6,46.3,29.3,14.1,18.3,17.0,15.2,14.1
20260701,ダノンチャンピオン,54.0,38.9,25.3,12.8,15.1,13.6,12.5,12.8
20260701,ブックオブケルズ,71.3,52.5,34.7,16.9,18.8,17.8,17.8,16.9
20260701,プリンキピッサ,72.0,52.4,34.3,17.0,19.6,18.1,17.3,17.0
20260701,サンデーファンデー,56.0,40.0,26.2,13.2,16.0,13.8,13.0,13.2
20260701,バーケンティン,53.6,39.1,25.5,12.7,14.5,13.6,12.8,12.7
20260701,マイティキングダム,67.9,48.7,31.7,15.6,19.2,17.0,16.1,15.6
20260701,マーゴットガイア,56.7,41.2,26.3,13.0,15.5,14.9,13.3,13.0
20260701,ファイナルコマンド,67.7,49.7,32.7,16.0,18.0,17.0,16.7,16.0
20260701,テーオーアンジェラ,67.4,47.2,30.4,14.6,20.2,16.8,15.8,14.6
20260701,ショウナンバラモン,62.8,46.0,29.9,14.6,16.8,16.1,15.3,14.6
20260701,ﾀｹｼｮｳﾒｰｶｰの24,63.9,46.4,30.6,14.7,17.5,15.8,15.9,14.7
20260701,マーブルロック,66.2,48.8,31.2,15.3,17.4,17.6,15.9,15.3
20260701,ピースオブザライフ,56.0,40.2,25.8,12.6,15.8,14.4,13.2,12.6
20260701,ジョウゲンノツキ,53.5,39.3,25.4,12.7,14.2,13.9,12.7,12.7
20260701,キングツェッペリン,54.1,39.7,25.7,12.7,14.4,14.0,13.0,12.7
20260701,レイデラティエラ,53.6,38.9,25.2,12.7,14.7,13.7,12.5,12.7
20260701,ソリスディエス,54.0,39.3,25.3,12.5,14.7,14.0,12.8,12.5
20260701,タワーオブバベル,52.8,38.5,25.2,12.7,14.3,13.3,12.5,12.7
20260701,ジャストアダッシュ,58.3,40.7,26.0,13.0,17.6,14.7,13.0,13.0
20260701,ヒャクギマル,52.3,38.1,25.0,12.6,14.2,13.1,12.4,12.6
20260701,ナムラオットー,52.1,38.1,25.2,12.8,14.0,12.9,12.4,12.8
20260701,エルル,53.0,38.8,24.9,12.1,14.2,13.9,12.8,12.1
20260701,シンゼンノト,51.7,37.8,25.0,12.8,13.9,12.8,12.2,12.8
20260701,タイドビート,56.8,39.5,25.1,12.4,17.3,14.4,12.7,12.4
20260701,スリリングチェイス,52.4,38.3,24.8,12.2,14.1,13.5,12.6,12.2
20260701,ブルーストレイル,52.8,38.7,25.8,13.2,14.1,12.9,12.6,13.2
20260701,ナリタヒカリ,52.8,38.8,26.0,13.4,14.0,12.8,12.6,13.4
20260701,ラウニウ,53.2,38.5,24.5,11.9,14.7,14.0,12.6,11.9
20260701,ピエナオルカ,54.6,39.3,25.3,12.2,15.3,14.0,13.1,12.2
20260701,アンコ,57.8,41.7,26.7,13.2,16.1,15.0,13.5,13.2
20260701,ハギノクリーガー,56.1,40.5,25.7,12.6,15.6,14.8,13.1,12.6
20260701,クリノゴージャス,56.5,40.8,26.0,12.6,15.7,14.8,13.4,12.6
20260701,ヴェロシオン,57.1,40.9,25.9,12.8,16.2,15.0,13.1,12.8
20260701,ルージュルガーノ,53.6,38.8,24.9,12.0,14.8,13.9,12.9,12.0
20260701,コンセントリコ,55.9,41.1,26.6,13.0,14.8,14.5,13.6,13.0
20260701,ラインエレガント,69.0,50.6,33.0,15.6,18.4,17.6,17.4,15.6
20260701,ロンリーマン,54.8,39.1,25.6,13.0,15.7,13.5,12.6,13.0
20260701,ナムラサフラン,54.4,39.0,25.5,13.0,15.4,13.5,12.5,13.0
20260701,コックスコーム,55.9,41.1,26.7,13.0,14.8,14.4,13.7,13.0
20260701,ブラックドレス,55.2,40.0,26.0,12.8,15.2,14.0,13.2,12.8
20260701,マジックローズ,53.9,38.4,24.8,12.3,15.5,13.6,12.5,12.3
20260701,マドモアゼルアスク,55.9,39.9,26.5,13.5,16.0,13.4,13.0,13.5
20260701,ヨカオウ,54.2,39.7,25.7,12.8,14.5,14.0,12.9,12.8
20260701,ロングジーニアス,59.2,42.0,26.6,12.7,17.2,15.4,13.9,12.7
20260701,ダノンオブアイデア,55.6,40.8,26.8,13.3,14.8,14.0,13.5,13.3
20260701,ナデシコザクラ,58.0,42.9,28.5,14.4,15.1,14.4,14.1,14.4
20260701,ケンブリッジグレイ,57.9,42.1,27.6,13.4,15.8,14.5,14.2,13.4
20260701,メイショウジーニー,60.2,44.4,29.5,15.0,15.8,14.9,14.5,15.0
20260701,パトローナス,52.3,37.8,24.5,12.2,14.5,13.3,12.3,12.2
20260701,アトゥア,57.5,42.2,27.5,13.7,15.3,14.7,13.8,13.7
20260701,ナハティガル,57.0,41.2,26.7,13.0,15.8,14.5,13.7,13.0
20260701,レゾルーティオ,56.6,41.3,26.3,12.9,15.3,15.0,13.4,12.9
20260701,ダークエクリプス,68.8,50.3,32.5,15.6,18.5,17.8,16.9,15.6
20260701,エイカイカッシーナ,65.0,47.1,31.1,15.6,17.9,16.0,15.5,15.6
20260701,プリティウーマン,54.5,39.8,25.6,12.8,14.7,14.2,12.8,12.8
20260701,ダンツウルス,66.8,49.0,31.3,15.4,17.8,17.7,15.9,15.4
20260701,ペアレンツギフト,53.6,39.1,25.3,12.4,14.5,13.8,12.9,12.4
20260701,フェミナンジェンヌ,54.7,39.3,25.6,12.7,15.4,13.7,12.9,12.7
20260701,セレーネサンライズ,79.8,58.9,39.2,19.5,20.9,19.7,19.7,19.5
20260701,ゴールドショーマン,54.3,39.1,25.4,12.7,15.2,13.7,12.7,12.7
20260701,タイトニット,68.9,49.1,31.4,15.4,19.8,17.7,16.0,15.4
20260701,アラタマフェーヴル,54.0,39.0,25.7,12.8,15.0,13.3,12.9,12.8
20260701,メイショウリリー,54.2,39.1,25.2,12.5,15.1,13.9,12.7,12.5
20260701,アンリーベイビー,65.0,48.4,32.0,16.1,16.6,16.4,15.9,16.1
20260701,ポッドロゴ,53.8,39.6,25.3,12.3,14.2,14.3,13.0,12.3
20260701,ヤマニンアルリフラ,82.6,61.0,40.1,19.9,21.6,20.9,20.2,19.9
20260701,メイショウグロリア,70.2,49.3,31.1,15.2,20.9,18.2,15.9,15.2
20260701,クロームクロス,55.1,39.9,25.6,12.7,15.2,14.3,12.9,12.7
20260701,ローザベッラ,55.0,40.3,25.6,12.3,14.7,14.7,13.3,12.3
20260701,タガノカハンカ,55.1,39.9,25.6,12.7,15.2,14.3,12.9,12.7
20260701,ゴールデンレシオ,67.5,50.2,33.4,16.9,17.3,16.8,16.5,16.9
20260701,テムスターオー,67.3,49.9,33.3,16.5,17.4,16.6,16.8,16.5
20260701,ザウリ,49.8,36.8,24.9,13.0,13.0,11.9,11.9,13.0
20260701,サフィラ,54.7,39.2,25.1,12.5,15.5,14.1,12.6,12.5
20260701,フランキーバローズ,64.2,46.8,29.8,14.1,17.4,17.0,15.7,14.1
20260701,ユメシバイ,55.3,39.1,25.1,12.5,16.2,14.0,12.6,12.5
20260701,ヒデガミティアラ,57.5,42.2,27.3,13.3,15.3,14.9,14.0,13.3
20260701,サーバルマインド,57.8,42.3,28.1,14.6,15.5,14.2,13.5,14.6
20260701,ブエノスオプティマ,53.6,38.9,25.3,12.9,14.7,13.6,12.4,12.9
20260701,ミッキージャンプ,65.2,46.9,30.2,15.0,18.3,16.7,15.2,15.0
20260701,リトセア,56.1,40.7,26.1,13.2,15.4,14.6,12.9,13.2
20260701,ララララブソング,70.4,51.2,32.1,15.9,19.2,19.1,16.2,15.9
20260701,テーオーライガ,57.5,42.2,27.3,13.3,15.3,14.9,14.0,13.3
20260701,ペプチドカトレア,66.1,47.6,30.9,15.4,18.5,16.7,15.5,15.4
20260701,アヴレディール,56.0,39.9,25.6,12.4,16.1,14.3,13.2,12.4
20260701,ダノンフィガロ,73.6,52.0,33.8,15.9,21.6,18.2,17.9,15.9
20260701,フローラルセント,57.6,42.6,28.0,13.6,15.0,14.6,14.4,13.6
20260701,テーオーノーベル,52.1,37.2,24.4,12.5,14.9,12.8,11.9,12.5
20260701,マトラコーニッシュ,55.7,40.1,26.4,13.2,15.6,13.7,13.2,13.2
20260701,ジョーヴェスタ,55.4,40.1,25.8,12.7,15.3,14.3,13.1,12.7
20260701,ワンダーサイファー,56.7,40.8,26.4,13.3,15.9,14.4,13.1,13.3
20260701,パラチー,56.9,40.8,26.3,13.1,16.1,14.5,13.2,13.1
20260701,ソニックブーム,53.5,38.2,25.2,12.5,15.3,13.0,12.7,12.5
20260701,バートラガッツ,55.3,40.3,26.2,12.9,15.0,14.1,13.3,12.9
20260701,オヤツノジカン,55.0,39.4,25.5,12.6,15.6,13.9,12.9,12.6
20260701,ココモフィーバー,56.0,40.6,27.0,12.4,15.4,13.6,14.6,12.4
20260701,リーベラーリア,54.6,39.4,25.5,12.5,15.2,13.9,13.0,12.5
20260701,コスモグローリー,55.0,39.9,25.5,12.5,15.1,14.4,13.0,12.5
20260701,プロットシッケンズ,55.1,39.4,25.4,12.5,15.7,14.0,12.9,12.5
20260701,テーオーレックス,55.3,39.5,25.7,0.0,15.8,13.8,0.0,0.0
20260701,シエーナカラー,53.4,38.6,25.0,12.3,14.8,13.6,12.7,12.3
20260701,サントルドパリ,65.1,47.2,31.3,15.7,17.9,15.9,15.6,15.7
20260701,ベイニーニャ,70.1,49.3,32.3,15.9,20.8,17.0,16.4,15.9
20260701,サウンドファイト,69.0,50.4,33.3,15.7,18.6,17.1,17.6,15.7
20260701,サンライズドレイク,69.9,51.6,33.8,17.0,18.3,17.8,16.8,17.0
20260701,コトダマスティール,71.9,52.0,34.5,17.3,19.9,17.5,17.2,17.3
20260701,トリオノチカラ,55.1,39.9,25.6,12.5,15.2,14.3,13.1,12.5
20260701,ミネットドール,72.1,51.7,34.0,17.2,20.4,17.7,16.8,17.2
20260701,イチトゼロノアイダ,58.1,41.8,27.3,13.4,16.3,14.5,13.9,13.4
20260701,シャインベック,54.6,38.7,25.3,12.6,15.9,13.4,12.7,12.6
20260701,ピリカサンライズ,55.9,40.0,25.9,12.6,15.9,14.1,13.3,12.6
20260701,アルウラメファ,53.0,38.9,25.5,13.0,14.1,13.4,12.5,13.0
20260701,ケンフィールド,54.8,38.9,24.9,12.5,15.9,14.0,12.4,12.5
20260701,ララディアーブル,55.5,39.7,25.5,12.4,15.8,14.2,13.1,12.4
20260701,アンヌグロース,55.2,40.0,26.2,13.0,15.2,13.8,13.2,13.0
20260701,アシャカブラーヴ,55.1,39.4,25.4,12.9,15.7,14.0,12.5,12.9
20260701,ヴェッタフィオーレ,55.7,40.0,26.3,13.1,15.7,13.7,13.2,13.1
20260701,ファラオクィーン,53.7,39.1,25.9,13.0,14.6,13.2,12.9,13.0
20260701,オーケーエンジェル,54.8,39.6,26.1,13.1,15.2,13.5,13.0,13.1
20260701,バレンシア,55.3,39.5,25.4,12.6,15.8,14.1,12.8,12.6
20260701,フチサンチャチャ,55.4,40.2,26.5,13.3,15.2,13.7,13.2,13.3
20260701,サンライズレマ,55.0,38.8,24.8,12.2,16.2,14.0,12.6,12.2
20260701,ショウナンバンライ,67.1,49.5,32.3,15.8,17.6,17.2,16.5,15.8
20260701,タナコクシテンホウ,74.4,53.8,34.4,16.7,20.6,19.4,17.7,16.7
20260701,ベルメサージュ,73.9,52.9,33.7,16.2,21.0,19.2,17.5,16.2
20260701,イリフィ,54.4,39.1,25.3,12.0,15.3,13.8,13.3,12.0
20260701,シュプリームレルム,54.2,39.8,26.2,12.6,14.4,13.6,13.6,12.6
20260701,オンアロール,55.6,40.4,26.1,12.6,15.2,14.3,13.5,12.6
20260701,ブックオブケルズ,55.0,39.8,25.2,11.8,15.2,14.6,13.4,11.8
20260701,プリンキピッサ,54.2,39.1,25.5,12.5,15.1,13.6,13.0,12.5
20260701,アスクエピソード,67.9,50.3,33.4,16.3,17.6,16.9,17.1,16.3
20260701,セガンティーニ,63.8,45.6,29.9,15.1,18.2,15.7,14.8,15.1
20260701,ロイドウェバー,70.4,51.3,33.2,16.2,19.1,18.1,17.0,16.2
20260701,アラムシャピラス,73.3,52.8,34.4,16.8,20.5,18.4,17.6,16.8
20260701,ロードスタニング,67.3,49.3,32.0,15.9,18.0,17.3,16.1,15.9
20260701,プシュカル,67.5,50.5,33.5,16.8,17.0,17.0,16.7,16.8
20260701,マーブルロック,55.6,40.9,26.7,13.2,14.7,14.2,13.5,13.2
20260701,ジュエルハウス,56.0,40.7,26.7,13.0,15.3,14.0,13.7,13.0
20260701,システマソラー,53.3,38.8,25.7,12.9,14.5,13.1,12.8,12.9
20260701,アイルトン,56.6,41.1,26.6,12.8,15.5,14.5,13.8,12.8
20260701,スズカローズキング,66.1,48.3,31.2,15.4,17.8,17.1,15.8,15.4
20260701,サンマルパトロール,53.7,39.0,25.5,13.0,14.7,13.5,12.5,13.0
20260701,ヒーローインチーフ,73.8,53.5,35.1,17.0,20.3,18.4,18.1,17.0
20260701,ノヴァレジーナ,54.9,40.0,25.7,12.5,14.9,14.3,13.2,12.5
20260701,マスアンジュ,74.8,54.3,36.1,17.6,20.5,18.2,18.5,17.6
20260701,シャンデルナゴル,64.4,46.6,30.2,15.0,17.8,16.4,15.2,15.0
20260701,メイショウシナノ,67.7,50.4,33.6,16.6,17.3,16.8,17.0,16.6
20260701,カネコメファミリー,54.3,39.6,26.0,13.0,14.7,13.6,13.0,13.0
20260701,カセノコンコルド,68.7,51.5,34.7,17.8,17.2,16.8,16.9,17.8
20260701,タマモフリージア,68.7,50.2,32.9,16.3,18.5,17.3,16.6,16.3
20260701,ウルトラハート,68.6,51.5,34.6,17.5,17.1,16.9,17.1,17.5
20260701,ファイツオン,52.5,38.5,25.1,12.6,14.0,13.4,12.5,12.6
20260701,テーオータウンズ,53.1,39.1,25.6,13.1,14.0,13.5,12.5,13.1
20260701,ツーエムマドンナ,61.7,44.6,28.7,13.9,17.1,15.9,14.8,13.9
20260701,シャインユウ,61.8,44.5,28.6,14.0,17.3,15.9,14.6,14.0
20260701,クロワール,56.0,40.9,26.5,13.0,15.1,14.4,13.5,13.0
20260701,スーサンコルティナ,56.1,41.0,26.6,13.1,15.1,14.4,13.5,13.1
20260701,ワイドブラーヴ,72.4,55.0,37.4,19.2,17.4,17.6,18.2,19.2
20260701,ロードアウォード,66.2,47.8,30.9,15.2,18.4,16.9,15.7,15.2
20260701,マテンロウジョイ,54.8,39.4,25.4,12.6,15.4,14.0,12.8,12.6
20260701,スナークラファエロ,67.5,50.0,33.0,16.3,17.5,17.0,16.7,16.3
20260701,ランズエンド,66.5,48.5,31.0,15.0,18.0,17.5,16.0,15.0
20260701,アスタールテニウム,55.0,39.6,25.3,12.5,15.4,14.3,12.8,12.5
20260701,ジャスティンレビン,56.4,42.0,27.3,13.7,14.4,14.7,13.6,13.7
20260701,ノクスカンパーナ,58.1,43.2,28.4,14.0,14.9,14.8,14.4,14.0
20260701,スレイクイーン,58.5,44.0,28.6,14.2,14.5,15.4,14.4,14.2
20260701,キシダンチョウ,57.5,42.7,28.3,14.1,14.8,14.4,14.2,14.1
20260701,シャンドラファール,55.1,40.5,26.5,13.0,14.6,14.0,13.5,13.0
20260701,ホウオウワイズ,54.6,40.4,26.4,13.2,14.2,14.0,13.2,13.2
20260701,エボニーウイング,54.1,39.9,26.0,12.6,14.2,13.9,13.4,12.6
20260701,ジャンヌローサ,54.6,39.4,25.3,12.7,15.2,14.1,12.6,12.7
20260701,ペンテリコン,53.8,38.4,25.3,12.9,15.4,13.1,12.4,12.9
20260701,バニーラビット,55.2,39.2,25.3,12.6,16.0,13.9,12.7,12.6
20260701,キョラムン,54.7,39.2,25.1,12.4,15.5,14.1,12.7,12.4
20260701,チュオンソン,72.1,51.9,33.0,15.3,20.2,18.9,17.7,15.3
20260701,ナムラモモ,60.8,44.5,29.7,15.1,16.3,14.8,14.6,15.1
20260701,ランフォーヴァウ,53.2,38.4,25.1,12.5,14.8,13.3,12.6,12.5
20260701,ライムシロップ,62.3,46.5,30.4,15.3,15.8,16.1,15.1,15.3
20260701,グランブーケ,53.5,38.8,25.5,12.7,14.7,13.3,12.8,12.7
20260701,ミッキーマーメイド,60.7,44.9,29.9,14.8,15.8,15.0,15.1,14.8
20260701,ブラックブレット,66.5,48.7,32.0,16.0,17.8,16.7,16.0,16.0
20260701,スーパーフラット,68.9,50.5,33.7,16.9,18.4,16.8,16.8,16.9
20260701,ブレイクガール,61.2,43.9,28.2,14.0,17.3,15.7,14.2,14.0
20260701,ビズロード,65.4,47.2,31.3,15.8,18.2,15.9,15.5,15.8
20260701,サトノライトニング,66.8,48.5,31.6,15.2,18.3,16.9,16.4,15.2
20260701,ハツアカネ,66.3,48.1,31.6,16.0,18.2,16.5,15.6,16.0
20260701,ブライトエンジェル,64.8,48.0,32.2,16.5,16.8,15.8,15.7,16.5
20260701,デアアテナ,66.8,48.9,32.2,15.6,17.9,16.7,16.6,15.6
20260701,ギブアンドギブ,65.9,47.9,31.3,16.0,18.0,16.6,15.3,16.0
20260701,メイショウカスガイ,55.2,40.1,26.2,12.8,15.1,13.9,13.4,12.8
20260701,ゴールドアベニュー,53.8,39.5,25.8,13.1,14.3,13.7,12.7,13.1
20260701,カワキタベレッタ,55.8,40.7,26.3,12.8,15.1,14.4,13.5,12.8
20260701,ゴッドアミーラ,55.1,40.0,25.8,12.5,15.1,14.2,13.3,12.5
20260701,ジーティーキンセイ,56.6,41.5,27.5,14.2,15.1,14.0,13.3,14.2
20260701,コスモルミナ,54.7,40.2,26.3,13.2,14.5,13.9,13.1,13.2
20260701,ミネルヴァ,57.0,41.9,27.8,14.5,15.1,14.1,13.3,14.5
20260701,イテルム,66.3,48.9,32.5,15.8,17.4,16.4,16.7,15.8
20260701,ジョルティーニ,66.0,48.7,32.1,15.9,17.3,16.6,16.2,15.9
20260701,ソーニーイシュー,64.8,47.1,30.4,15.0,17.7,16.7,15.4,15.0
20260701,ラブカムーン,58.3,42.3,27.8,13.7,16.0,14.5,14.1,13.7
20260701,タガノアビー,57.2,41.2,26.1,13.0,16.0,15.1,13.1,13.0
20260701,ジョーカー,54.7,39.3,24.8,12.3,15.4,14.5,12.5,12.3
20260701,ゴーイングムーン,58.8,43.5,28.7,14.1,15.3,14.8,14.6,14.1
20260701,レッドラージャ,54.5,39.2,25.3,12.6,15.3,13.9,12.7,12.6
20260701,レッドタイラント,56.1,40.4,25.7,12.9,15.7,14.7,12.8,12.9
20260701,ヤマニンアルリフラ,56.1,40.3,25.4,12.0,15.8,14.9,13.4,12.0
20260701,ハヤテノツバサ,53.8,38.4,25.1,12.6,15.4,13.3,12.5,12.6
20260701,ミラージュナイト,65.2,47.9,31.1,15.2,17.3,16.8,15.9,15.2
20260701,キーガッツ,54.5,39.0,25.3,12.7,15.5,13.7,12.6,12.7
20260701,ワンダフルボンド,55.7,40.4,25.7,12.4,15.3,14.7,13.3,12.4
20260701,ダンツカレン,57.0,41.3,26.9,12.7,15.7,14.4,14.2,12.7
20260701,バックドラフト,56.9,41.1,26.6,13.1,15.8,14.5,13.5,13.1
20260701,ドリームプレミア,55.1,40.3,25.8,12.6,14.8,14.5,13.2,12.6
20260701,サトノロザリー,57.1,40.8,25.6,12.1,16.3,15.2,13.5,12.1
20260701,ジーティーマンフク,57.8,41.8,27.2,12.9,16.0,14.6,14.3,12.9
20260701,ルナパッショーネ,72.7,52.9,35.1,17.3,19.8,17.8,17.8,17.3
20260701,ブクブクー,54.2,39.4,25.7,13.0,14.8,13.7,12.7,13.0
20260701,ビートル,55.1,39.9,26.3,12.9,15.2,13.6,13.4,12.9
20260701,オーリエイト,53.6,38.8,25.5,12.7,14.8,13.3,12.8,12.7
20260701,キャプテンシー,63.8,47.2,31.8,16.2,16.6,15.4,15.6,16.2
20260701,メイショウナルカミ,54.3,39.9,26.0,12.8,14.4,13.9,13.2,12.8
20260701,ケイアイクビラ,54.6,38.8,24.8,12.3,15.8,14.0,12.5,12.3
20260701,ウインガラハッド,71.0,52.1,34.5,17.3,18.9,17.6,17.2,17.3
20260701,ショウナンハクラク,53.9,38.3,25.0,12.7,15.6,13.3,12.3,12.7
20260701,ポルトブルー,55.2,40.2,26.0,12.4,15.0,14.2,13.6,12.4
20260701,スピークロウ,55.6,40.5,26.4,12.8,15.1,14.1,13.6,12.8
20260701,サヴォーナ,51.2,37.4,24.6,12.5,13.8,12.8,12.1,12.5
20260701,タマモビスケット,53.1,39.0,25.5,12.7,14.1,13.5,12.8,12.7
20260701,コルサロ,52.4,38.4,25.3,12.9,14.0,13.1,12.4,12.9
20260701,ヒアカムズザサン,53.1,39.6,26.1,13.1,13.5,13.5,13.0,13.1
20260701,アーデルボーデン,53.2,39.2,26.0,13.6,14.0,13.2,12.4,13.6
20260701,オタルエバー,50.8,37.7,25.8,13.7,13.1,11.9,12.1,13.7
20260701,プルミエールパス,52.7,38.5,25.2,12.5,14.2,13.3,12.7,12.5
20260701,ウーマンズパワー,71.3,53.1,35.2,17.2,18.2,17.9,18.0,17.2
20260701,カモンレイル,59.2,43.4,29.0,14.9,15.8,14.4,14.1,14.9
20260701,レヴロード,66.5,49.8,33.5,16.5,16.7,16.3,17.0,16.5
20260701,ファミリーツリー,56.5,41.3,27.1,13.7,15.2,14.2,13.4,13.7
20260701,ツーピース,55.2,40.7,27.0,13.6,14.5,13.7,13.4,13.6
20260701,ミッドタウンナイト,64.5,47.6,31.1,15.0,16.9,16.5,16.1,15.0
20260701,エイコーンドリーム,70.0,49.9,32.3,16.3,20.1,17.6,16.0,16.3
20260701,ネネキリマル,65.5,47.1,30.8,15.3,18.4,16.3,15.5,15.3
20260701,シュタルク,64.9,48.3,31.9,15.8,16.6,16.4,16.1,15.8
20260701,シーザットガール,66.9,48.7,32.4,16.1,18.2,16.3,16.3,16.1
20260701,ウインデイジー,64.5,47.7,31.7,15.8,16.8,16.0,15.9,15.8
20260701,ルブリアン,65.9,48.4,32.3,15.8,17.5,16.1,16.5,15.8
20260701,ミスティックレイン,54.8,40.0,25.8,12.6,14.8,14.2,13.2,12.6
20260701,ウインクローバー,66.1,48.5,32.4,16.3,17.6,16.1,16.1,16.3
20260701,ビバームス,69.6,51.0,33.6,16.2,18.6,17.4,17.4,16.2
20260701,ケイアイブラック,53.9,38.3,25.4,13.0,15.6,12.9,12.4,13.0
20260701,アーデルプレミア,75.1,56.4,38.5,19.6,18.7,17.9,18.9,19.6
20260701,モアニ,64.3,46.8,30.2,14.8,17.5,16.6,15.4,14.8
20260701,キュクロープス,63.2,45.7,29.5,14.6,17.5,16.2,14.9,14.6
20260701,サウンドモリアーナ,55.4,40.4,25.4,12.5,15.0,15.0,12.9,12.5
20260701,プールナバドラ,65.4,47.6,31.4,16.0,17.8,16.2,15.4,16.0
20260701,アセンシオン,65.9,48.3,31.0,15.1,17.6,17.3,15.9,15.1
20260701,クイーンズデイ,61.9,45.1,29.4,14.7,16.8,15.7,14.7,14.7
20260701,キシュウマミー,56.7,40.9,26.3,13.0,15.8,14.6,13.3,13.0
20260701,ソリドゥス,56.7,40.9,26.3,12.9,15.8,14.6,13.4,12.9
20260701,タガノエルー,54.4,40.0,26.0,13.2,14.4,14.0,12.8,13.2
20260701,コパノマハロ,67.5,50.8,34.0,17.2,16.7,16.8,16.8,17.2
20260701,アーガイルショア,62.9,46.1,30.4,15.1,16.8,15.7,15.3,15.1
20260701,ノンヴェドローラ,69.5,51.8,34.5,17.1,17.7,17.3,17.4,17.1
20260701,ニシノフランケン,67.1,49.0,32.1,15.9,18.1,16.9,16.2,15.9
20260701,ミリオンカラー,68.1,49.5,32.2,15.9,18.6,17.3,16.3,15.9
20260701,アンバーライト,72.1,53.4,35.4,18.0,18.7,18.0,17.4,18.0
20260701,サンマルノヴェル,55.9,40.6,25.7,12.5,15.3,14.9,13.2,12.5
20260701,ケイアイワイラーパ,69.8,52.6,35.1,17.2,17.2,17.5,17.9,17.2
20260701,サンライズマシュー,63.3,46.4,30.1,15.1,16.9,16.3,15.0,15.1
20260701,ローズカリス,54.7,40.2,26.0,12.9,14.5,14.2,13.1,12.9
20260701,サンライズロイ,60.5,44.0,29.3,14.6,16.5,14.7,14.7,14.6
20260701,ゼンノツキヨミ,73.7,54.1,35.9,18.0,19.6,18.2,17.9,18.0
20260701,ダイメイクマモト,68.5,50.3,33.5,16.5,18.2,16.8,17.0,16.5
20260701,アージュドール,75.2,56.1,36.8,17.8,19.1,19.3,19.0,17.8
20260701,ペコリズム,72.5,53.9,35.6,17.4,18.6,18.3,18.2,17.4
20260701,レイワサンサン,64.6,47.1,30.8,15.5,17.5,16.3,15.3,15.5
20260701,シュラザック,67.8,49.9,33.3,16.1,17.9,16.6,17.2,16.1
20260701,メイショウマグナ,56.2,41.1,26.8,13.4,15.1,14.3,13.4,13.4
20260701,パラディオン,66.0,46.9,29.7,14.5,19.1,17.2,15.2,14.5
20260701,タイムレスフレアー,64.7,47.9,31.1,15.7,16.8,16.8,15.4,15.7
20260701,スウィートライト,69.2,51.0,33.5,16.4,18.2,17.5,17.1,16.4
20260701,キリマンジェロタフ,69.2,50.9,33.4,16.3,18.3,17.5,17.1,16.3
20260701,エモティコン,68.5,49.5,31.3,14.7,19.0,18.2,16.6,14.7
20260701,エールヴォル,68.2,49.6,31.3,14.7,18.6,18.3,16.6,14.7
20260701,マイフレダ,63.9,46.1,30.2,15.5,17.8,15.9,14.7,15.5
20260701,ゲームイズマイン,62.0,45.1,30.1,15.4,16.9,15.0,14.7,15.4
20260701,レクスノヴァス,66.9,47.9,31.0,14.8,19.0,16.9,16.2,14.8
20260701,アルディメント,67.1,48.3,31.4,15.4,18.8,16.9,16.0,15.4
20260701,チェファルー,67.0,47.9,31.2,15.1,19.1,16.7,16.1,15.1
20260701,シュヴァルツリーベ,53.1,38.3,24.7,12.2,14.8,13.6,12.5,12.2
20260701,モンブランミノル,53.6,38.8,25.2,12.5,14.8,13.6,12.7,12.5
20260701,テイエムリステット,51.3,37.5,24.7,12.5,13.8,12.8,12.2,12.5
20260701,インブロリオ,52.9,38.3,25.1,12.4,14.6,13.2,12.7,12.4
20260701,ギュルヴィ,52.7,38.8,25.5,12.6,13.9,13.3,12.9,12.6
20260701,レイノルズナンバー,52.7,38.8,25.6,12.9,13.9,13.2,12.7,12.9
20260701,ベラジオヴァレル,51.6,37.1,24.6,12.5,14.5,12.5,12.1,12.5
20260701,サンタカタリナ,56.5,41.0,26.8,13.1,15.5,14.2,13.7,13.1
20260701,ヴェルヴィエ,55.5,41.1,26.9,13.3,14.4,14.2,13.6,13.3
20260701,タイセイルミナス,54.3,39.3,25.3,12.2,15.0,14.0,13.1,12.2
20260701,メイショウキルギス,51.9,37.7,24.7,12.5,14.2,13.0,12.2,12.5
20260701,ユーヴェリア,53.5,39.5,25.8,12.8,14.0,13.7,13.0,12.8
20260701,ヴィヴァシャス,53.4,39.0,25.4,12.5,14.4,13.6,12.9,12.5
20260701,ドンインザムード,54.2,39.5,25.2,12.2,14.7,14.3,13.0,12.2
20260701,マダムカマラード,51.5,38.3,25.2,12.4,13.2,13.1,12.8,12.4
20260701,ワンダーゾルダート,55.4,40.8,26.5,12.9,14.6,14.3,13.6,12.9
20260701,メイショウゲッコウ,52.7,38.5,25.2,12.4,14.2,13.3,12.8,12.4
20260701,メイショウドキョウ,55.6,41.1,27.2,13.8,14.5,13.9,13.4,13.8
20260701,テイエムファントム,55.8,40.7,26.0,12.9,15.1,14.7,13.1,12.9
20260701,フウセン,58.2,41.8,27.4,13.7,16.4,14.4,13.7,13.7
20260701,ドットカモン,54.7,39.7,25.6,12.4,15.0,14.1,13.2,12.4
20260701,オープンザパンドラ,56.3,40.1,25.4,12.7,16.2,14.7,12.7,12.7
20260701,トリオハピネス,56.2,41.2,26.6,13.2,15.0,14.6,13.4,13.2
20260701,オーバーシュタイン,56.1,40.6,26.5,13.0,15.5,14.1,13.5,13.0
20260701,ルクスグレイス,52.5,38.0,24.9,12.6,14.5,13.1,12.3,12.6
20260701,アレストラウム,56.3,41.2,26.8,13.2,15.1,14.4,13.6,13.2
20260701,ザングウィル,62.9,46.1,30.2,14.9,16.8,15.9,15.3,14.9
20260701,ノーブルスカイ,57.9,42.8,28.5,14.3,15.1,14.3,14.2,14.3
20260701,ユウェンタース,54.8,39.8,26.4,13.3,15.0,13.4,13.1,13.3
20260701,レッドヴァリアート,52.4,38.3,24.9,12.4,14.1,13.4,12.5,12.4
20260701,ギザキズラヴ,53.0,38.8,25.3,12.5,14.2,13.5,12.8,12.5
20260701,メイショウシュハリ,54.7,39.6,25.6,12.6,15.1,14.0,13.0,12.6
20260701,アッセクシー,54.9,40.0,26.0,12.9,14.9,14.0,13.1,12.9
20260701,フェブリノ,56.0,40.6,26.1,12.6,15.4,14.5,13.5,12.6
20260701,ラッキーストーン,54.8,39.5,25.1,12.3,15.3,14.4,12.8,12.3
20260701,ダノンスウィッチ,53.5,37.5,24.2,12.2,16.0,13.3,12.0,12.2
20260701,パレハ,58.1,41.2,25.5,12.4,16.9,15.7,13.1,12.4
20260701,ワンダーリュクス,54.2,39.6,25.6,12.7,14.6,14.0,12.9,12.7
20260701,ティタノマキア,58.6,42.1,26.7,12.9,16.5,15.4,13.8,12.9
20260701,ワカワカ,66.9,48.9,31.8,15.6,18.0,17.1,16.2,15.6
20260701,リラカリス,57.8,41.1,25.5,12.5,16.7,15.6,13.0,12.5
20260701,エンジェルグラース,55.3,40.1,26.3,13.1,15.2,13.8,13.2,13.1
20260701,アレ,56.8,41.7,27.1,13.5,15.1,14.6,13.6,13.5
20260701,ルージュプルーヴ,52.4,38.5,25.9,13.6,13.9,12.6,12.3,13.6
20260701,ブームバップビート,57.2,41.9,26.0,12.3,15.3,15.9,13.7,12.3
20260701,フリッカージャブ,53.1,38.2,24.2,11.9,14.9,14.0,12.3,11.9
20260701,レッドシュテルン,53.1,38.3,24.6,12.6,14.8,13.7,12.0,12.6
20260701,ドラゴンファントム,66.2,48.2,32.4,16.4,18.0,15.8,16.0,16.4
20260701,フィオラーノ,72.3,52.9,34.8,17.2,19.4,18.1,17.6,17.2
20260701,コズミックフレア,71.0,49.8,31.6,15.3,21.2,18.2,16.3,15.3
20260701,ロンバルドシチー,54.7,40.0,25.4,12.5,14.7,14.6,12.9,12.5
20260701,タイセイアビオン,58.9,43.3,28.1,13.7,15.6,15.2,14.4,13.7
20260701,ルマンサルト,70.9,50.5,33.2,16.4,20.4,17.3,16.8,16.4
20260701,リンフレスカンテ,54.7,39.8,25.7,12.7,14.9,14.1,13.0,12.7
20260701,トーラスシャイン,67.6,49.3,32.3,15.7,18.3,17.0,16.6,15.7
20260701,アブキールベイ,53.7,38.6,24.7,12.2,15.1,13.9,12.5,12.2
20260701,ウインマスカレード,53.2,38.6,24.9,12.6,14.6,13.7,12.3,12.6
20260701,ベルフィーノ,51.4,38.0,25.4,13.0,13.4,12.6,12.4,13.0
20260701,メイショウナナシロ,54.6,39.6,25.4,12.5,15.0,14.2,12.9,12.5
20260701,スターペスアンナ,54.6,39.6,25.4,12.5,15.0,14.2,12.9,12.5
20260701,ランウインディ,54.0,39.0,25.0,12.5,15.0,14.0,12.5,12.5
20260701,イツモニコニコ,52.7,37.5,24.2,12.3,15.2,13.3,11.9,12.3
20260701,タマモスカイ,72.4,51.7,33.9,17.1,20.7,17.8,16.8,17.1
20260701,ブルーノート,54.2,38.7,25.2,12.9,15.5,13.5,12.3,12.9
20260701,ホールネス,66.5,48.7,32.6,16.4,17.8,16.1,16.2,16.4
20260701,テーオーカメリア,55.1,39.0,25.2,12.6,16.1,13.8,12.6,12.6
20260701,サイモンジェセル,67.0,48.4,31.4,15.5,18.6,17.0,15.9,15.5
20260701,ウインリュクス,67.7,48.9,31.8,15.4,18.8,17.1,16.4,15.4
20260701,アルトゥーム,51.0,37.3,25.1,13.1,13.7,12.2,12.0,13.1
20260701,グランメドウ,69.2,50.2,32.7,16.3,19.0,17.5,16.4,16.3
20260701,タガノアバンドーネ,75.0,55.7,36.4,18.3,19.3,19.3,18.1,18.3
20260701,ロングトールサリー,62.8,45.6,30.2,15.3,17.2,15.4,14.9,15.3
20260701,ジャスパーグレイト,55.3,40.2,26.3,13.1,15.1,13.9,13.2,13.1
20260701,ベルコート,66.6,48.7,32.0,15.8,17.9,16.7,16.2,15.8
20260701,ケイアイアニラ,63.1,46.1,30.2,14.4,17.0,15.9,15.8,14.4
20260701,アキノビューティー,56.1,40.9,26.8,13.0,15.2,14.1,13.8,13.0
20260701,エリカリヴァプール,63.8,47.2,31.2,15.2,16.6,16.0,16.0,15.2
20260701,アルピグレン,64.4,47.3,31.8,15.9,17.1,15.5,15.9,15.9
20260701,ノーブルセプター,65.2,48.0,31.7,15.8,17.2,16.3,15.9,15.8
20260701,オールナット,71.4,51.8,33.7,16.8,19.6,18.1,16.9,16.8
20260701,ルディック,72.0,51.7,33.7,16.5,20.3,18.0,17.2,16.5
20260701,イマージョン,72.6,52.2,33.6,16.3,20.4,18.6,17.3,16.3
20260701,リヴァイ,71.3,50.9,33.2,16.3,20.4,17.7,16.9,16.3
20260701,アンリミテッド,70.9,51.3,33.6,16.8,19.6,17.7,16.8,16.8
20260701,ジュンプリメーロ,68.0,49.3,32.7,15.9,18.7,16.6,16.8,15.9
20260701,グッドピース,73.5,53.4,34.5,16.8,20.1,18.9,17.7,16.8
20260701,ウィクフォード,71.6,51.7,32.8,16.1,19.9,18.9,16.7,16.1
20260701,シヴァールバーニ,54.3,38.7,25.1,12.7,15.6,13.6,12.4,12.7
20260701,エルヴィオラ,68.1,49.9,33.0,16.2,18.2,16.9,16.8,16.2
20260701,フリーガー,65.0,47.6,31.5,16.0,17.4,16.1,15.5,16.0
20260701,ラッキーシグネチャ,65.6,48.0,31.6,15.8,17.6,16.4,15.8,15.8
20260701,アスクレコードモア,65.6,47.9,31.5,15.8,17.7,16.4,15.7,15.8
20260701,チュウワチーフ,64.9,47.2,31.5,15.6,17.7,15.7,15.9,15.6
20260701,ゴルディアス,52.8,38.6,25.1,12.5,14.2,13.5,12.6,12.5
20260701,ハクサンテドリガワ,65.9,48.5,32.4,16.2,17.4,16.1,16.2,16.2
20260701,ムスクレスト,54.3,39.2,25.6,12.7,15.1,13.6,12.9,12.7
20260701,ルパピヨンブラン,54.3,39.7,25.9,13.2,14.6,13.8,12.7,13.2
20260701,ハヤテノオジョー,54.6,40.0,26.2,13.3,14.6,13.8,12.9,13.3
20260701,ブルーマッキンジー,55.3,39.6,25.5,12.4,15.7,14.1,13.1,12.4
20260701,デルマヨシノ,57.7,41.4,26.6,13.3,16.3,14.8,13.3,13.3
20260701,ミッキーゴージャス,69.2,50.6,32.7,16.2,18.6,17.9,16.5,16.2
20260701,シャローファースト,53.8,39.9,26.8,13.5,13.9,13.1,13.3,13.5
20260701,オールナット,53.2,38.3,24.3,12.0,14.9,14.0,12.3,12.0
20260701,ルディック,53.7,38.7,25.0,12.3,15.0,13.7,12.7,12.3
20260701,イマージョン,52.5,38.2,24.8,12.1,14.3,13.4,12.7,12.1
20260701,リヴァイ,52.3,37.9,24.8,12.4,14.4,13.1,12.4,12.4
20260701,アンリミテッド,53.7,39.2,25.5,12.6,14.5,13.7,12.9,12.6
20260701,グッドピース,54.5,40.1,26.3,12.8,14.4,13.8,13.5,12.8
20260701,ウィクフォード,53.9,39.4,25.6,12.5,14.5,13.8,13.1,12.5
20260701,ペイシャヴァルツー,75.1,55.2,36.3,18.3,19.9,18.9,18.0,18.3
20260701,リントゥラウル,71.5,53.3,35.1,17.5,18.2,18.2,17.6,17.5
20260701,バトルナイト,72.8,53.5,35.3,17.8,19.3,18.2,17.5,17.8
20260701,タマモナポリ,52.1,38.4,25.5,12.9,13.7,12.9,12.6,12.9
20260701,アイファーモービル,55.2,39.7,25.9,12.8,15.5,13.8,13.1,12.8
20260701,カネフラ,65.1,47.0,30.5,15.2,18.1,16.5,15.3,15.2
20260701,シギーコルエンド,64.2,48.4,32.1,15.6,15.8,16.3,16.5,15.6
20260701,カラクニダケ,65.2,50.0,34.2,17.4,15.2,15.8,16.8,17.4
20260701,ティエルニート,68.9,49.5,31.9,15.8,19.4,17.6,16.1,15.8
20260701,リトルハピ,73.6,54.4,35.4,17.1,19.2,19.0,18.3,17.1
20260701,アスコットアイ,55.8,40.2,25.7,12.8,15.6,14.5,12.9,12.8
20260701,スクワミッシュ,67.9,49.1,31.9,15.8,18.8,17.2,16.1,15.8
20260701,レーゼドラマ,53.9,38.6,25.4,12.9,15.3,13.2,12.5,12.9
20260701,ジョワイユノエル,54.8,40.0,26.0,12.6,14.8,14.0,13.4,12.6
20260701,ウォーブレイク,54.9,40.0,25.9,12.5,14.9,14.1,13.4,12.5
20260701,ノーマンデー,70.4,52.4,34.8,17.1,18.0,17.6,17.7,17.1
20260701,ヴェークバイザー,69.8,52.2,34.7,17.0,17.6,17.5,17.7,17.0
20260701,ゼンノトヨタマヒメ,67.7,50.1,34.1,17.4,17.6,16.0,16.7,17.4
20260701,ジーティーリボーン,64.4,47.3,32.0,16.7,17.1,15.3,15.3,16.7
20260701,マーゴットデセオ,74.4,55.8,37.2,18.3,18.6,18.6,18.9,18.3
20260701,レイクイーン,72.3,55.3,37.2,18.2,17.0,18.1,19.0,18.2
20260701,マイエスタ,74.2,55.6,37.2,18.8,18.6,18.4,18.4,18.8
20260701,ニホンピロトッティ,51.3,36.6,24.7,12.9,14.7,11.9,11.8,12.9
20260701,アーブルラーブル,64.8,46.8,30.8,15.2,18.0,16.0,15.6,15.2
20260701,リリーサンダー,58.1,42.4,28.4,14.8,15.7,14.0,13.6,14.8
20260701,エクスマウス,64.2,46.9,30.3,14.9,17.3,16.6,15.4,14.9
20260701,ワンダーシャッフル,55.5,40.2,26.0,12.7,15.3,14.2,13.3,12.7
20260701,ワイルドカグラ,0.0,39.4,25.3,12.6,0.0,14.1,12.7,12.6
20260701,コイバナ,54.7,40.1,26.0,13.3,14.6,14.1,12.7,13.3
20260701,ドゥボヌール,55.3,39.7,25.8,12.4,15.6,13.9,13.4,12.4
20260701,ジージージェット,55.1,39.7,26.0,12.8,15.4,13.7,13.2,12.8
20260701,シーカーク,59.3,43.6,28.3,13.7,15.7,15.3,14.6,13.7
20260701,マーシーラン,70.8,51.9,33.9,16.8,18.9,18.0,17.1,16.8
20260701,オーロルドーレ,69.9,51.6,33.2,16.3,18.3,18.4,16.9,16.3
20260701,ライトオブヌカタ,72.9,54.0,35.6,18.1,18.9,18.4,17.5,18.1
20260701,ブレイクアウェイ,69.1,49.2,32.6,16.0,19.9,16.6,16.6,16.0
20260701,ベラジオパンテーラ,70.2,51.7,33.8,16.5,18.5,17.9,17.3,16.5
20260701,バンブラボー,64.7,47.5,31.6,16.0,17.2,15.9,15.6,16.0
20260701,レッドバベル,70.2,52.1,34.5,16.9,18.1,17.6,17.6,16.9
20260701,フォルストランキル,73.4,53.3,34.9,17.5,20.1,18.4,17.4,17.5
20260701,ジワールドコア,70.4,52.5,34.8,17.0,17.9,17.7,17.8,17.0
20260701,トレビスドンナ,73.7,53.8,34.8,16.7,19.9,19.0,18.1,16.7
20260701,ワンダーブレット,53.6,39.7,26.2,13.3,13.9,13.5,12.9,13.3
20260701,ドットクルー,54.9,39.8,25.4,12.2,15.1,14.4,13.2,12.2
20260701,ユメハハテシナク,53.5,38.7,25.0,12.3,14.8,13.7,12.7,12.3
20260701,ヴェロクオーレ,53.5,38.7,25.0,12.3,14.8,13.7,12.7,12.3
20260701,ミッキーコンドル,54.4,40.0,25.7,12.5,14.4,14.3,13.2,12.5
20260701,オーケーキュート,54.0,39.4,25.0,12.1,14.6,14.4,12.9,12.1
20260701,アーブルラーブル,54.2,39.8,25.7,12.7,14.4,14.1,13.0,12.7
20260701,クープグラッセ,53.4,38.2,24.6,12.4,15.2,13.6,12.2,12.4
20260701,ジャスティンゴッホ,58.6,43.7,28.8,14.1,14.9,14.9,14.7,14.1
20260701,エクスマウス,54.0,39.5,25.4,12.4,14.5,14.1,13.0,12.4
20260701,エンルートフライト,54.4,39.4,25.9,13.3,15.0,13.5,12.6,13.3
20260701,ピースインサイト,55.0,39.7,25.9,13.3,15.3,13.8,12.6,13.3
20260701,ワンダーカモン,53.7,38.6,25.0,12.7,15.1,13.6,12.3,12.7
20260701,ゲイルライダー,54.6,39.1,25.1,12.3,15.5,14.0,12.8,12.3
20260701,トータルクラリティ,54.5,39.8,25.9,12.7,14.7,13.9,13.2,12.7
20260701,アルミラージ,54.4,39.2,25.6,12.6,15.2,13.6,13.0,12.6
20260701,ファイアプレイス,55.7,40.1,26.1,12.7,15.6,14.0,13.4,12.7
20260701,スーパービジー,54.3,40.2,26.8,13.4,14.1,13.4,13.4,13.4
20260701,エアセンチュリー,55.7,40.2,26.1,13.0,15.5,14.1,13.1,13.0
20260701,ルペイドゥロール,55.2,40.0,26.1,13.0,15.2,13.9,13.1,13.0
20260701,ベラジオリン,57.1,40.7,25.6,12.5,16.4,15.1,13.1,12.5
20260701,クスクス,55.2,39.8,25.7,12.6,15.4,14.1,13.1,12.6
20260701,レイナデアルシーラ,51.9,37.3,24.3,12.3,14.6,13.0,12.0,12.3
20260701,モルティフレーバー,52.2,38.1,24.5,12.2,14.1,13.6,12.3,12.2
20260701,アーリントンロウ,53.2,38.7,24.6,12.4,14.5,14.1,12.2,12.4
20260701,ジェバーダ,55.4,39.2,25.0,12.2,16.2,14.2,12.8,12.2
20260701,ドリームキャリー,55.4,40.3,26.1,12.6,15.1,14.2,13.5,12.6
20260701,ギレイ,56.0,40.6,26.2,12.9,15.4,14.4,13.3,12.9
20260701,ダノンハドソン,64.6,46.5,30.4,14.7,18.1,16.1,15.7,14.7
20260701,ユイリノベーション,52.1,38.1,25.4,13.0,14.0,12.7,12.4,13.0
20260701,フライングブレード,64.5,47.8,32.2,16.4,16.7,15.6,15.8,16.4
20260701,ノボリクレバー,54.1,39.4,25.4,12.5,14.7,14.0,12.9,12.5
20260701,カズゴルティス,54.8,40.2,25.7,12.7,14.6,14.5,13.0,12.7
20260701,フェンダー,52.2,37.9,24.8,12.5,14.3,13.1,12.3,12.5
20260701,コウセキ,53.5,38.9,25.3,12.4,14.6,13.6,12.9,12.4
20260701,グランブリーゼ,55.5,41.1,27.0,13.5,14.4,14.1,13.5,13.5
20260701,セッシュウ,54.5,39.5,25.6,12.4,15.0,13.9,13.2,12.4
20260701,ゴリョウセイ,65.1,47.4,31.2,15.3,17.7,16.2,15.9,15.3
20260701,ヴァンドゥーヴル,56.5,40.4,25.9,12.9,16.1,14.5,13.0,12.9
20260701,ムーンリットビーチ,56.0,41.5,26.9,13.2,14.5,14.6,13.7,13.2
20260701,ラブインアクション,63.4,46.2,29.8,14.6,17.2,16.4,15.2,14.6
20260701,ベルヴェール,56.9,40.8,26.2,13.0,16.1,14.6,13.2,13.0
20260701,トラストエムシー,53.1,38.3,25.5,13.1,14.8,12.8,12.4,13.1
20260701,セールヴォラン,52.4,37.7,25.1,12.8,14.7,12.6,12.3,12.8
20260701,メイショウホウレン,54.4,39.9,25.8,12.8,14.5,14.1,13.0,12.8
20260701,ホウオウタイタン,61.7,46.1,30.0,14.5,15.6,16.1,15.5,14.5
20260701,ナムラハリス,54.7,39.9,25.7,12.7,14.8,14.2,13.0,12.7
20260701,テクノピーチ,63.3,46.5,30.1,15.1,16.8,16.4,15.0,15.1
20260701,ヴォメロ,53.5,39.1,25.5,12.5,14.4,13.6,13.0,12.5
20260701,タガノラヴズワン,70.0,51.6,33.8,16.8,18.4,17.8,17.0,16.8
20260701,サリカリーフォリア,61.8,46.1,30.4,15.7,15.7,15.7,14.7,15.7
20260701,エクセルブリーズ,69.7,51.6,34.0,17.0,18.1,17.6,17.0,17.0
20260701,ミロワール,67.9,47.2,28.6,12.8,20.7,18.6,15.8,12.8
20260701,ウインラウダ,54.2,39.1,25.6,12.5,15.1,13.5,13.1,12.5
20260701,サイモンシュバリエ,56.0,39.9,25.4,12.5,16.1,14.5,12.9,12.5
20260701,レヴァンテシチー,65.7,47.9,31.0,14.9,17.8,16.9,16.1,14.9
20260701,アメリカンビヨンド,66.3,48.2,31.3,15.5,18.1,16.9,15.8,15.5
20260701,エイシンウィスパー,66.2,48.2,30.9,15.0,18.0,17.3,15.9,15.0
20260701,サラサランラン,68.2,49.3,31.9,15.9,18.9,17.4,16.0,15.9
20260701,ルナヴェリタス,62.9,45.8,30.2,15.3,17.1,15.6,14.9,15.3
20260701,アスクゴクジョウ,68.0,48.7,31.8,15.8,19.3,16.9,16.0,15.8
20260701,オーケーファイター,62.9,45.7,30.3,15.4,17.2,15.4,14.9,15.4
20260701,テイクザクラウン,64.9,46.9,29.8,14.3,18.0,17.1,15.5,14.3
20260701,スズカミエール,66.4,48.0,31.0,15.3,18.4,17.0,15.7,15.3
20260701,アマキヒ,66.2,48.7,32.4,16.4,17.5,16.3,16.0,16.4
20260701,ドラゴンテイラー,71.9,52.8,34.7,17.8,19.1,18.1,16.9,17.8
20260701,ハーブドーレ,56.1,40.3,26.8,13.8,15.8,13.5,13.0,13.8
20260701,クリコイーコ,54.8,39.3,25.4,13.2,15.5,13.9,12.2,13.2
20260701,シンゼンイセ,55.4,40.2,26.3,13.1,15.2,13.9,13.2,13.1
20260701,ナブッコ,64.8,47.4,31.3,15.6,17.4,16.1,15.7,15.6
20260701,ビケイムフリー,67.4,49.0,32.1,16.0,18.4,16.9,16.1,16.0
20260701,メイショウアヤカ,56.3,40.9,27.4,14.3,15.4,13.5,13.1,14.3
20260701,ナムラステラ,55.0,39.4,25.2,12.9,15.6,14.2,12.3,12.9
20260701,イーサンマリーン,66.4,48.1,31.2,15.3,18.3,16.9,15.9,15.3
20260701,ショールミーズ,54.0,38.9,25.5,13.0,15.1,13.4,12.5,13.0
20260701,サウンドヴィヴァン,55.6,39.1,25.0,12.2,16.5,14.1,12.8,12.2
20260701,ヤマニンソロイスト,56.0,39.5,25.2,12.2,16.5,14.3,13.0,12.2
20260701,アマリス,70.5,51.6,34.5,17.2,18.9,17.1,17.3,17.2
20260701,ミール,69.8,51.6,34.1,16.8,18.2,17.5,17.3,16.8
20260701,ﾎｰﾑｶﾐﾝｸﾞの24,71.7,51.4,33.7,16.4,20.3,17.7,17.3,16.4
20260701,アサカラゴキゲン,66.2,48.3,31.4,15.5,17.9,16.9,15.9,15.5
20260701,コージ,71.5,51.8,33.9,16.8,19.7,17.9,17.1,16.8
20260701,ビゾー,70.6,51.4,33.6,16.5,19.2,17.8,17.1,16.5
20260701,サラサキングスター,70.5,51.4,33.6,16.5,19.1,17.8,17.1,16.5
20260701,トモジャプレジール,55.8,40.4,26.2,13.1,15.4,14.2,13.1,13.1
20260701,ビーウィナー,62.3,45.8,30.6,15.2,16.5,15.2,15.4,15.2
20260701,ルーチェブリラーレ,64.1,46.9,30.4,15.2,17.2,16.5,15.2,15.2
20260701,クロリス,67.9,50.0,33.1,16.6,17.9,16.9,16.5,16.6
20260701,タナカーン,66.9,49.0,32.9,16.8,17.9,16.1,16.1,16.8
20260701,ジーティーギャング,65.3,47.7,31.0,15.5,17.6,16.7,15.5,15.5
20260701,メイショウマントル,57.7,42.5,28.0,14.0,15.2,14.5,14.0,14.0
20260701,サンライズフレイム,60.3,41.7,27.0,13.3,18.6,14.7,13.7,13.3
20260701,ショウナンハウル,51.5,37.4,24.6,12.4,14.1,12.8,12.2,12.4
20260701,ローマンレイク,54.8,39.2,25.3,13.1,15.6,13.9,12.2,13.1
20260701,フリッシュ,60.1,45.1,30.6,15.5,15.0,14.5,15.1,15.5
20260701,ダノンミッドナイト,64.7,48.1,31.5,15.8,16.6,16.6,15.7,15.8
20260701,レッドパラジウム,67.8,49.1,32.4,15.9,18.7,16.7,16.5,15.9
20260701,サンシュエール,54.5,39.1,24.9,12.3,15.4,14.2,12.6,12.3
20260701,ナギサモデラート,72.9,53.8,35.5,17.4,19.1,18.3,18.1,17.4
20260701,フェルヴェンテ,53.7,38.7,25.1,12.4,15.0,13.6,12.7,12.4
20260701,マイネルメモリー,53.5,38.9,25.1,12.8,14.6,13.8,12.3,12.8
20260701,ヒッグスボソン,52.9,38.0,24.8,12.5,14.9,13.2,12.3,12.5
20260701,オモイヲノセテ,54.9,39.6,25.4,12.2,15.3,14.2,13.2,12.2
20260701,イリスアスール,66.3,47.9,32.1,16.6,18.4,15.8,15.5,16.6
20260701,ラグナトーレ,67.5,49.4,32.6,16.4,18.1,16.8,16.2,16.4
20260701,フリーレイン,68.7,51.2,33.9,17.0,17.5,17.3,16.9,17.0
20260701,ｷｮｳﾜｾﾞﾉﾋﾞｱの24,65.8,48.0,31.8,15.7,17.8,16.2,16.1,15.7
20260701,キービート,58.7,43.2,28.0,13.8,15.5,15.2,14.2,13.8
20260701,ロンドンガーズ,56.2,40.8,26.5,12.8,15.4,14.3,13.7,12.8
20260701,ペアスターロード,57.5,41.8,27.2,13.0,15.7,14.6,14.2,13.0
20260701,ヨシノイースター,53.7,39.0,25.1,12.1,14.7,13.9,13.0,12.1
20260701,マルモタワー,55.0,40.5,26.8,13.6,14.5,13.7,13.2,13.6
20260701,ラヴァンドローリエ,54.1,39.7,26.0,12.9,14.4,13.7,13.1,12.9
20260701,ノトコンゴウ,54.4,39.8,26.4,13.4,14.6,13.4,13.0,13.4
20260701,マルカオペラ,55.1,39.0,25.3,12.9,16.1,13.7,12.4,12.9
20260701,カセノナユタ,70.8,51.1,33.8,16.6,19.7,17.3,17.2,16.6
20260701,サンマルマニック,68.0,49.9,33.1,16.6,18.1,16.8,16.5,16.6
20260701,リメンバーヒム,76.9,56.0,36.7,18.1,20.9,19.3,18.6,18.1
20260701,ジュンヴァッテッド,68.9,50.5,33.3,16.6,18.4,17.2,16.7,16.6
20260701,ペルフェツィオーネ,54.8,39.5,26.0,13.4,15.3,13.5,12.6,13.4
20260701,メイショウトッド,53.5,39.5,27.0,14.1,14.0,12.5,12.9,14.1
20260701,ユーダブルワン,53.9,38.6,25.5,12.9,15.3,13.1,12.6,12.9
20260701,インティサール,55.0,40.0,26.0,12.5,15.0,14.0,13.5,12.5
20260701,アイスフォーク,54.0,39.3,25.7,13.0,14.7,13.6,12.7,13.0
20260701,フォルトゥナロッサ,54.0,39.3,25.7,13.0,14.7,13.6,12.7,13.0
20260701,ヒストリアイ,64.9,47.1,31.1,15.5,17.8,16.0,15.6,15.5
20260701,ハッピーダンチャン,64.8,46.1,29.2,14.4,18.7,16.9,14.8,14.4
20260701,アメリカンビヨンド,64.1,46.9,30.7,15.4,17.2,16.2,15.3,15.4
20260701,ヴィラン,66.2,47.3,31.1,15.8,18.9,16.2,15.3,15.8
20260701,アスターブジエ,68.6,50.3,33.1,16.7,18.3,17.2,16.4,16.7
20260701,ララアヴリル,68.7,51.4,34.2,16.6,17.3,17.2,17.6,16.6
20260701,ペプチドクレマチス,64.5,46.8,30.1,14.6,17.7,16.7,15.5,14.6
20260701,アリディプラチノ,66.3,48.8,32.7,16.4,17.5,16.1,16.3,16.4
20260701,メモリーデイズ,67.7,49.5,33.1,17.0,18.2,16.4,16.1,17.0
20260701,ザハント,67.8,49.8,32.9,16.4,18.0,16.9,16.5,16.4
20260701,ジョリープリュム,68.0,50.3,33.2,16.3,17.7,17.1,16.9,16.3
20260701,ジーティーアンバー,67.7,50.1,33.4,16.5,17.6,16.7,16.9,16.5
20260701,ダノンフィーゴ,61.9,45.6,30.6,15.4,16.3,15.0,15.2,15.4
20260701,ダノンアンチュラス,65.8,48.1,31.7,15.9,17.7,16.4,15.8,15.9
20260701,ストロベリーツリー,60.0,42.1,26.6,13.1,17.9,15.5,13.5,13.1
20260701,リヴィエラヴィル,66.9,48.3,31.9,16.0,18.6,16.4,15.9,16.0
20260701,ドントゥール,69.0,49.8,32.9,16.3,19.2,16.9,16.6,16.3
20260701,クランズクラウン,68.7,49.7,32.2,16.3,19.0,17.5,15.9,16.3
20260701,エルトンバローズ,67.0,49.4,33.0,16.2,17.6,16.4,16.8,16.2
20260701,タイセイドゥマーニ,70.0,52.1,34.7,17.0,17.9,17.4,17.7,17.0
20260701,マーゴットプレ,67.3,51.1,34.2,16.8,16.2,16.9,17.4,16.8
20260701,マーゴットヴィム,69.7,51.1,33.8,17.1,18.6,17.3,16.7,17.1
20260701,パープルウインド,55.9,40.1,25.7,12.6,15.8,14.4,13.1,12.6
20260701,ヤマニンアストロン,67.2,48.6,31.8,15.6,18.6,16.8,16.2,15.6
20260701,ウォーターガーベラ,66.3,48.6,32.0,16.0,17.7,16.6,16.0,16.0
20260701,モズタチアガレ,54.3,39.5,25.9,13.0,14.8,13.6,12.9,13.0
20260701,ロードフィレール,59.8,43.9,29.3,14.5,15.9,14.6,14.8,14.5
20260701,ノーブルロジャー,63.2,45.3,29.2,14.1,17.9,16.1,15.1,14.1
20260701,ホワイトフレイムス,57.7,41.3,27.3,13.6,16.4,14.0,13.7,13.6
20260701,ナルキッソス,63.8,45.9,29.5,14.7,17.9,16.4,14.8,14.7
20260701,リーグナイト,54.2,38.9,25.1,12.3,15.3,13.8,12.8,12.3
20260630,ホノボノ,68.9,51.1,33.2,16.5,17.8,17.9,16.7,16.5
20260630,テキサスバローズ,62.4,45.8,29.8,14.7,16.6,16.0,15.1,14.7
20260630,ミリオングローリー,62.5,45.8,30.0,14.9,16.7,15.8,15.1,14.9
20260630,ラッキースウィッチ,61.9,45.6,30.1,15.2,16.3,15.5,14.9,15.2
20260630,ジャガード,68.0,50.1,32.6,16.3,17.9,17.5,16.3,16.3
20260630,サトノヴィレ,61.9,45.8,30.2,15.0,16.1,15.6,15.2,15.0
20260630,グランカンタンテ,61.6,44.8,29.4,15.0,16.8,15.4,14.4,15.0
20260630,フレッシュラン,68.3,49.4,32.4,15.9,18.9,17.0,16.5,15.9
20260630,ニシノイストワール,61.8,45.4,29.5,15.0,16.4,15.9,14.5,15.0
20260630,ブライトラン,70.7,52.4,34.9,17.6,18.3,17.5,17.3,17.6
20260630,トワニ,62.5,46.5,30.6,15.3,16.0,15.9,15.3,15.3
20260630,ノーブルスアーク,68.7,50.5,33.0,16.6,18.2,17.5,16.4,16.6
20260630,アイムインディ,63.1,47.0,30.9,15.8,16.1,16.1,15.1,15.8
20260630,ドングラミ,68.9,50.9,33.1,16.6,18.0,17.8,16.5,16.6
20260630,サノノキセキ,69.3,51.1,33.5,17.1,18.2,17.6,16.4,17.1
20260630,ランドジャイアンツ,70.0,51.2,33.5,16.4,18.8,17.7,17.1,16.4
20260630,ブルーリボン,68.7,51.0,33.3,16.8,17.7,17.7,16.5,16.8
20260630,センターサンテ,69.2,51.0,33.6,16.7,18.2,17.4,16.9,16.7
20260630,エスクアドラ,62.0,46.0,29.9,14.7,16.0,16.1,15.2,14.7
20260630,デアグランツ,61.6,45.6,29.7,14.5,16.0,15.9,15.2,14.5
20260630,アップルザビート,70.0,52.8,35.4,17.6,17.2,17.4,17.8,17.6
20260630,カンピオーネ,64.8,47.7,31.2,15.3,17.1,16.5,15.9,15.3
20260630,イゾラフェリーチェ,61.8,45.6,30.1,14.2,16.2,15.5,15.9,14.2
20260630,インビンシブルパパ,63.9,47.6,31.4,15.6,16.3,16.2,15.8,15.6
20260630,ポッドロワール,66.8,48.6,32.1,16.5,18.2,16.5,15.6,16.5
20260630,ビッグデイメイク,64.9,47.7,31.5,15.6,17.2,16.2,15.9,15.6
20260630,バシレイア,69.9,52.0,34.3,17.1,17.9,17.7,17.2,17.1
20260630,エリーナストーム,61.3,45.5,30.3,15.1,15.8,15.2,15.2,15.1
20260630,チギリ,62.5,46.4,30.8,15.0,16.1,15.6,15.8,15.0
20260630,アタリダイキチ,69.6,51.3,34.0,17.0,18.3,17.3,17.0,17.0
20260630,ゼファーテソーロ,65.1,48.0,31.6,15.7,17.1,16.4,15.9,15.7
20260630,ワイルドカイザー,64.2,47.8,31.7,16.0,16.4,16.1,15.7,16.0
20260630,ドリーマーズ,63.4,47.1,31.2,15.6,16.3,15.9,15.6,15.6
20260630,ニシノミヤダシ,64.4,47.5,31.2,15.3,16.9,16.3,15.9,15.3
20260630,ブレイクフォース,67.5,49.4,32.4,15.5,18.1,17.0,16.9,15.5
20260630,チェルシー,65.7,48.3,32.0,16.6,17.4,16.3,15.4,16.6
20260630,ピコローズ,72.6,52.6,34.2,17.0,20.0,18.4,17.2,17.0
20260630,ショウナンタハティ,67.6,49.5,32.5,16.3,18.1,17.0,16.2,16.3
20260630,ショウナンラリー,65.4,48.4,32.0,16.0,17.0,16.4,16.0,16.0
20260630,スピニンググローブ,60.5,44.6,29.4,14.8,15.9,15.2,14.6,14.8
20260630,グラティアム,63.7,47.8,31.5,15.5,15.9,16.3,16.0,15.5
20260630,ヴァルカンテソーロ,65.2,48.1,31.4,15.4,17.1,16.7,16.0,15.4
20260630,ペタルズダンス,64.5,48.0,32.1,16.0,16.5,15.9,16.1,16.0
20260630,ヴァンデスペランス,67.3,49.1,32.2,16.1,18.2,16.9,16.1,16.1
20260630,コズミックボックス,66.2,48.8,32.2,16.4,17.4,16.6,15.8,16.4
20260630,ボルトライン,62.6,45.4,30.0,15.2,17.2,15.4,14.8,15.2
20260630,トランサルピナ,67.4,49.2,32.3,15.5,18.2,16.9,16.8,15.5
20260630,レオンティウス,62.7,46.1,30.1,15.1,16.6,16.0,15.0,15.1
20260630,リサナウト,62.6,45.6,30.2,15.3,17.0,15.4,14.9,15.3
20260630,ランパディアス,60.7,44.2,29.4,15.1,16.5,14.8,14.3,15.1
20260630,ミエノブラボー,63.2,46.8,30.6,15.3,16.4,16.2,15.3,15.3
20260630,アンパドゥ,72.1,53.5,35.6,17.6,18.6,17.9,18.0,17.6
20260630,ノクターン,68.3,50.0,32.5,16.1,18.3,17.5,16.4,16.1
20260630,キタノアヤカ,66.3,48.2,31.2,15.5,18.1,17.0,15.7,15.5
20260630,スカイドリーマー,71.2,53.0,34.5,16.7,18.2,18.5,17.8,16.7
20260630,モウエエデショー,67.4,49.8,32.6,16.2,17.6,17.2,16.4,16.2
20260630,ドゥーニ,65.6,48.8,32.2,16.4,16.8,16.6,15.8,16.4
20260630,ホカミテダメ,63.1,46.6,30.7,15.2,16.5,15.9,15.5,15.2
20260630,ギャニミード,71.4,52.6,34.4,16.9,18.8,18.2,17.5,16.9
20260630,アローメタル,71.2,52.6,34.6,16.9,18.6,18.0,17.7,16.9
20260630,レッドレガリア,71.5,52.8,34.9,17.3,18.7,17.9,17.6,17.3
20260630,ジーナグレイス,62.7,46.3,30.2,14.7,16.4,16.1,15.5,14.7
20260630,アンバーバレット,66.2,48.9,32.1,15.7,17.3,16.8,16.4,15.7
20260630,ヤマタケゲンジ,67.6,50.1,32.9,16.6,17.5,17.2,16.3,16.6
20260630,ミリオ,63.1,46.4,30.4,15.1,16.7,16.0,15.3,15.1
20260630,ソーロブスト,70.5,52.1,34.6,17.5,18.4,17.5,17.1,17.5
20260630,プリモヴィータ,69.1,51.2,33.5,16.8,17.9,17.7,16.7,16.8
20260630,タシット,69.9,50.5,32.1,15.8,19.4,18.4,16.3,15.8
20260630,ハッスルダンク,68.8,51.2,33.1,16.3,17.6,18.1,16.8,16.3
20260630,ヴォンサクレ,65.5,47.8,31.6,15.8,17.7,16.2,15.8,15.8
20260630,テルケンレンタッチ,69.2,51.6,34.5,17.1,17.6,17.1,17.4,17.1
20260630,エルミー,65.4,48.0,32.1,16.5,17.4,15.9,15.6,16.5
20260630,アロハオエ,65.4,47.7,31.9,16.6,17.7,15.8,15.3,16.6
20260630,アデルフィー,70.0,51.8,34.2,16.9,18.2,17.6,17.3,16.9
20260630,イセッセイ,72.1,53.4,35.5,17.7,18.7,17.9,17.8,17.7
20260630,ジーティージェミル,72.3,54.4,35.9,17.8,17.9,18.5,18.1,17.8
20260630,ファナティカル,63.5,45.9,29.8,15.2,17.6,16.1,14.6,15.2
20260630,トムキャット,71.5,53.4,35.4,17.7,18.1,18.0,17.7,17.7
20260630,エイシンウルクンデ,67.9,50.1,33.5,16.8,17.8,16.6,16.7,16.8
20260630,カーテシー,71.9,53.5,35.8,18.0,18.4,17.7,17.8,18.0
20260630,インザダーク,70.9,53.0,35.3,17.9,17.9,17.7,17.4,17.9
20260630,ケブラダラボジェラ,73.1,54.3,36.3,18.0,18.8,18.0,18.3,18.0
20260630,キタノバトゥーキ,69.9,50.9,33.5,16.6,19.0,17.4,16.9,16.6
20260630,ニシノキフジン,67.3,49.2,32.8,16.8,18.1,16.4,16.0,16.8
20260630,コスモデュアリズム,71.8,53.3,35.9,18.2,18.5,17.4,17.7,18.2
20260630,マイネルモメンタム,69.9,51.9,34.5,17.2,18.0,17.4,17.3,17.2
20260630,ブリッツアロング,71.9,52.6,34.7,17.3,19.3,17.9,17.4,17.3
20260630,フェデルミエール,70.1,52.0,33.9,16.8,18.1,18.1,17.1,16.8
20260630,イマジェリーナ,69.1,49.8,33.3,16.9,19.3,16.5,16.4,16.9
20260630,ニシノギャルズ,69.5,51.4,34.1,17.0,18.1,17.3,17.1,17.0
20260630,アトミックブレス,66.8,49.0,32.1,15.8,17.8,16.9,16.3,15.8
20260630,ヌビアン,71.3,52.0,34.3,17.4,19.3,17.7,16.9,17.4
20260630,シルバーゴールド,71.1,53.0,35.2,17.1,18.1,17.8,18.1,17.1
20260630,アーバンアート,69.0,51.0,34.5,17.5,18.0,16.5,17.0,17.5
20260630,コスモシグナス,69.1,50.6,33.6,17.2,18.5,17.0,16.4,17.2
20260630,ニシノレジーナ,68.6,50.4,33.0,15.6,18.2,17.4,17.4,15.6
20260630,ライングラウス,72.3,52.9,35.2,17.9,19.4,17.7,17.3,17.9
20260630,モミスケ,68.3,50.4,33.6,16.7,17.9,16.8,16.9,16.7
20260630,サンフラワー,69.1,51.1,33.6,16.5,18.0,17.5,17.1,16.5
20260630,ボンジュールパリ,67.4,49.4,32.6,16.3,18.0,16.8,16.3,16.3
20260630,ロジアコース,67.3,49.5,32.5,16.1,17.8,17.0,16.4,16.1
20260630,ブルージェイ,66.6,48.9,32.2,15.7,17.7,16.7,16.5,15.7
20260630,アドミラルシップ,64.5,47.3,30.8,15.3,17.2,16.5,15.5,15.3
20260630,ビーンスターク,65.3,47.6,31.4,16.0,17.7,16.2,15.4,16.0
20260630,ディマイザキッド,70.4,51.3,33.8,17.0,19.1,17.5,16.8,17.0
20260630,ゴールデンルーキー,64.5,47.5,31.5,15.8,17.0,16.0,15.7,15.8
20260630,ルイステソーロ,69.6,50.5,33.0,16.6,19.1,17.5,16.4,16.6
20260630,ラーナローザ,66.8,48.6,31.9,15.8,18.2,16.7,16.1,15.8
20260630,スワローシチー,69.3,50.9,33.5,16.1,18.4,17.4,17.4,16.1
20260630,アイファーアイドル,68.0,49.9,32.9,16.3,18.1,17.0,16.6,16.3
20260630,アーリマックス,70.2,51.0,33.0,16.8,19.2,18.0,16.2,16.8
20260630,ブライトエアリー,64.6,47.4,31.0,15.7,17.2,16.4,15.3,15.7
20260630,カタカムナ,66.2,48.5,32.1,15.9,17.7,16.4,16.2,15.9
20260630,キタノドンカルロ,64.7,47.2,31.3,15.8,17.5,15.9,15.5,15.8
20260630,ケンブリッジ,73.8,53.3,34.3,17.2,20.5,19.0,17.1,17.2
20260630,サイモンセレーノ,69.4,50.2,33.2,16.8,19.2,17.0,16.4,16.8
20260630,ミナヅキ,69.5,50.8,33.5,17.0,18.7,17.3,16.5,17.0
20260630,ユメシルベ,65.3,47.2,30.9,15.5,18.1,16.3,15.4,15.5
20260630,テスタ,65.5,48.6,32.6,15.9,16.9,16.0,16.7,15.9
20260630,エリンヘラクレス,71.5,52.1,34.4,17.6,19.4,17.7,16.8,17.6
20260630,サンアンドスターズ,71.2,52.1,34.6,17.2,19.1,17.5,17.4,17.2
20260630,マイネルラビリンス,64.6,47.0,31.5,16.2,17.6,15.5,15.3,16.2
20260630,サザンキンレンカ,70.0,50.7,33.0,16.1,19.3,17.7,16.9,16.1
20260630,ココニイルヨ,65.3,47.4,31.2,15.9,17.9,16.2,15.3,15.9
20260630,ブルーサーマル,63.9,47.2,31.2,15.8,16.7,16.0,15.4,15.8
20260630,ヨドノティアラ,68.5,50.3,33.1,16.6,18.2,17.2,16.5,16.6
20260630,クシマトゥルー,66.5,48.9,31.7,15.6,17.6,17.2,16.1,15.6
20260630,マーゴットブロー,68.0,49.3,31.8,15.5,18.7,17.5,16.3,15.5
20260630,サルワールカミーズ,67.7,48.6,31.4,15.6,19.1,17.2,15.8,15.6
20260630,ナムラダックス,65.4,48.3,31.9,15.6,17.1,16.4,16.3,15.6
20260630,ソニックウェーブ,66.4,49.0,32.6,16.2,17.4,16.4,16.4,16.2
20260630,プレシャスローズ,67.5,50.4,33.2,16.7,17.1,17.2,16.5,16.7
20260630,エレクトス,66.8,49.9,32.9,16.5,16.9,17.0,16.4,16.5
20260630,ニンニン,67.2,49.5,32.3,15.6,17.7,17.2,16.7,15.6
20260630,レガメデルヴェント,65.6,48.2,30.7,14.7,17.4,17.5,16.0,14.7
20260630,ヴェールネージュ,65.9,48.5,31.2,15.0,17.4,17.3,16.2,15.0
20260630,アイファーリーベン,72.8,53.3,34.5,17.3,19.5,18.8,17.2,17.3
20260630,タイキラフター,63.7,47.6,30.6,14.6,16.1,17.0,16.0,14.6
20260630,グランコネクシオン,68.2,48.4,31.4,15.2,19.8,17.0,16.2,15.2
20260630,クリアクォーツ,72.5,53.4,35.2,17.4,19.1,18.2,17.8,17.4
20260630,ノアチュロス,70.0,51.8,33.6,17.0,18.2,18.2,16.6,17.0
20260630,フォルテム,73.6,54.0,35.5,17.2,19.6,18.5,18.3,17.2
20260630,ディーズゴールド,71.3,51.7,33.4,16.3,19.6,18.3,17.1,16.3
20260630,ゴットタレント,70.0,50.4,32.5,16.1,19.6,17.9,16.4,16.1
20260630,デルマテイネ,70.5,51.4,33.9,17.0,19.1,17.5,16.9,17.0
20260630,タイキアロハ,66.8,48.8,32.0,15.7,18.0,16.8,16.3,15.7
20260630,ホウオウショパン,65.7,48.1,31.5,15.5,17.6,16.6,16.0,15.5
20260630,スティールヴォーグ,69.7,51.1,32.8,16.0,18.6,18.3,16.8,16.0
20260630,オーシャンミューズ,68.4,48.7,31.0,15.2,19.7,17.7,15.8,15.2
20260630,サンクレゾン,65.3,48.0,31.1,15.1,17.3,16.9,16.0,15.1
20260630,アジュアカレンツ,66.9,48.7,32.3,15.7,18.2,16.4,16.6,15.7
20260630,リアルパラダイス,65.8,48.2,31.2,15.2,17.6,17.0,16.0,15.2
20260630,レーヴルーバ,64.0,46.9,30.2,15.0,17.1,16.7,15.2,15.0
20260630,パーフェクトスノー,69.7,50.9,33.3,16.5,18.8,17.6,16.8,16.5
20260630,ヨーゼフ,68.4,50.3,33.1,15.9,18.1,17.2,17.2,15.9
20260630,ステラルミノーザ,67.0,48.8,32.2,16.0,18.2,16.6,16.2,16.0
20260630,ハルガスミ,68.2,49.2,31.6,15.4,19.0,17.6,16.2,15.4
20260630,ヴェットビルズ,74.1,54.5,36.0,17.7,19.6,18.5,18.3,17.7
20260630,スターマイン,65.1,47.9,31.2,15.3,17.2,16.7,15.9,15.3
20260630,テングカゼ,72.4,53.0,35.2,17.5,19.4,17.8,17.7,17.5
20260630,ダノングローバル,65.1,47.5,31.0,15.1,17.6,16.5,15.9,15.1
20260630,ロワデュモンド,66.6,48.4,31.8,15.7,18.2,16.6,16.1,15.7
20260630,カップッチョ,66.8,49.2,32.6,16.3,17.6,16.6,16.3,16.3
20260630,レッドカメリア,68.3,50.5,32.9,16.7,17.8,17.6,16.2,16.7
20260630,ニシキギミッチー,63.1,46.3,31.0,16.1,16.8,15.3,14.9,16.1
20260630,サベージラヴ,67.1,49.9,33.1,16.2,17.2,16.8,16.9,16.2
20260630,エリナ,66.9,49.1,32.2,15.9,17.8,16.9,16.3,15.9
20260630,マッドヘッドラブ,70.3,50.8,32.7,16.0,19.5,18.1,16.7,16.0
20260630,カスターニエ,67.8,50.0,32.8,15.5,17.8,17.2,17.3,15.5
20260630,ビレッジルイーザ,67.5,49.9,33.2,16.4,17.6,16.7,16.8,16.4
20260630,ジャメビュ,68.5,51.3,34.2,17.2,17.2,17.1,17.0,17.2
20260630,カキュウ,67.6,49.6,32.7,16.5,18.0,16.9,16.2,16.5
20260630,ハッピースーニャ,67.6,49.9,32.7,16.4,17.7,17.2,16.3,16.4
20260630,サトミノアカリ,67.6,50.1,32.9,16.5,17.5,17.2,16.4,16.5
20260630,サクラモンストール,70.2,51.0,33.7,16.9,19.2,17.3,16.8,16.9
20260630,フォンドルレール,68.5,50.5,33.9,16.9,18.0,16.6,17.0,16.9
20260630,ファインブライト,72.1,53.2,34.7,17.4,18.9,18.5,17.3,17.4
20260630,フレイコン,67.5,49.7,32.1,15.4,17.8,17.6,16.7,15.4
20260630,ウカテンセイ,67.4,50.7,33.6,17.0,16.7,17.1,16.6,17.0
20260630,アルスラーン,66.8,49.4,31.7,15.2,17.4,17.7,16.5,15.2
20260630,ラフエルガ,67.5,49.7,32.5,16.4,17.8,17.2,16.1,16.4
20260630,サウンズオーサム,72.8,53.2,34.9,16.9,19.6,18.3,18.0,16.9
20260630,シルトホルン,66.5,49.1,31.9,15.4,17.4,17.2,16.5,15.4
20260630,カリーシ,62.0,46.0,30.6,15.7,16.0,15.4,14.9,15.7
20260630,ストレイトトーカー,68.4,50.7,34.4,17.0,17.7,16.3,17.4,17.0
20260630,ホウオウブースター,67.8,49.9,32.7,15.7,17.9,17.2,17.0,15.7
20260630,マイネルシンベリン,64.9,48.5,32.7,16.4,16.4,15.8,16.3,16.4
20260630,エースオブゴールド,67.0,47.7,31.3,15.5,19.3,16.4,15.8,15.5
20260630,トゥレイス,67.4,49.6,32.5,15.7,17.8,17.1,16.8,15.7
20260630,トウシンラヴ,66.6,47.8,31.1,15.7,18.8,16.7,15.4,15.7
20260630,ジャストビコーズ,64.1,47.6,31.4,15.5,16.5,16.2,15.9,15.5
20260630,ホウオウライラック,68.2,49.4,32.3,16.0,18.8,17.1,16.3,16.0
20260630,エコロゼット,68.5,50.8,34.3,17.1,17.7,16.5,17.2,17.1
20260630,ラスタリア,68.3,50.2,32.8,16.5,18.1,17.4,16.3,16.5
20260630,リラベガ,69.7,51.3,33.3,16.7,18.4,18.0,16.6,16.7
20260630,スカイレックス,65.4,48.2,31.8,15.7,17.2,16.4,16.1,15.7
20260630,オウケンハニー,67.8,50.4,33.3,16.9,17.4,17.1,16.4,16.9
20260630,ジュングロワール,68.8,49.6,32.5,15.5,19.2,17.1,17.0,15.5
20260630,モーゲンセン,66.0,48.3,31.9,15.3,17.7,16.4,16.6,15.3
20260630,セレスタイト,67.6,49.9,32.9,16.4,17.7,17.0,16.5,16.4
20260630,ニシノアトール,66.0,49.0,32.5,16.7,17.0,16.5,15.8,16.7
20260630,ジーティーフクジ,65.9,48.7,32.7,16.4,17.2,16.0,16.3,16.4
20260630,ブリスキー,63.0,46.8,31.2,15.3,16.2,15.6,15.9,15.3
20260630,ダイユウファリーナ,66.0,48.6,31.9,15.4,17.4,16.7,16.5,15.4
20260630,ペッレグリーニ,70.9,51.3,33.5,16.4,19.6,17.8,17.1,16.4
20260630,ヨシヒロ,65.7,47.0,30.3,15.2,18.7,16.7,15.1,15.2
20260630,リポジノ,68.0,49.6,32.7,16.3,18.4,16.9,16.4,16.3
20260630,ゼンダンタカ,70.2,51.9,34.1,16.7,18.3,17.8,17.4,16.7
20260630,アスパラゴ,70.3,51.5,33.1,15.6,18.8,18.4,17.5,15.6
20260630,ヒロイックヴァース,68.8,50.3,33.3,16.7,18.5,17.0,16.6,16.7
20260630,ソアサージュ,70.2,51.1,32.9,16.1,19.1,18.2,16.8,16.1
20260630,ノブピースオブラブ,71.1,53.5,35.5,17.7,17.6,18.0,17.8,17.7
20260630,ジーティーヒラリ,68.4,48.6,32.4,16.5,19.8,16.2,15.9,16.5
20260630,タクミオジュウ,69.0,52.7,35.3,17.3,16.3,17.4,18.0,17.3
20260630,ローグアン,68.4,50.0,32.8,16.2,18.4,17.2,16.6,16.2
20260630,トウシンマジック,70.6,51.9,34.0,16.6,18.7,17.9,17.4,16.6
20260630,エンジャムメント,69.4,51.0,33.2,16.2,18.4,17.8,17.0,16.2
20260630,エストレアボニータ,64.8,48.2,32.4,16.1,16.6,15.8,16.3,16.1
20260630,トーアトリニダー,69.3,52.3,35.0,17.3,17.0,17.3,17.7,17.3
20260630,サトノフルーク,66.9,49.6,33.1,16.6,17.3,16.5,16.5,16.6
20260630,レイユール,69.1,51.0,33.4,16.5,18.1,17.6,16.9,16.5
20260630,レッドベルダンス,66.0,49.2,32.6,16.0,16.8,16.6,16.6,16.0
20260630,マスカレードボール,68.5,49.8,32.5,16.1,18.7,17.3,16.4,16.1
20260630,ストラニエーロ,72.2,53.1,34.5,16.5,19.1,18.6,18.0,16.5
20260630,ウェスケンジントン,66.7,49.7,32.8,16.2,17.0,16.9,16.6,16.2
20260630,エアトベーレ,66.5,49.6,32.7,16.7,16.9,16.9,16.0,16.7
20260630,マサノピンクレディ,67.0,49.5,32.5,15.8,17.5,17.0,16.7,15.8
20260630,イントゥザウインド,67.0,49.4,32.5,15.7,17.6,16.9,16.8,15.7
20260630,ブラッククラウズ,71.9,53.4,36.1,18.4,18.5,17.3,17.7,18.4
20260630,アリアファブラ,65.1,47.7,31.9,15.5,17.4,15.8,16.4,15.5
20260630,カーマインジュエル,73.2,54.1,35.8,17.5,19.1,18.3,18.3,17.5
20260630,ダイヤモンドパレス,70.0,50.5,32.9,16.0,19.5,17.6,16.9,16.0
20260630,ヌンエリン,76.9,56.6,37.6,18.8,20.3,19.0,18.8,18.8
20260630,ビタークレス,71.1,52.9,35.0,17.0,18.2,17.9,18.0,17.0
20260630,ヴェルバーニア,68.5,50.6,33.0,16.1,17.9,17.6,16.9,16.1
20260630,ワザモノ,67.2,49.6,33.3,16.0,17.6,16.3,17.3,16.0
20260630,フォーワンセルフ,63.4,46.5,30.1,14.6,16.9,16.4,15.5,14.6
20260630,セイウンデセオ,64.0,47.2,31.2,15.1,16.8,16.0,16.1,15.1
20260630,メリークリスマス,65.8,48.3,31.5,15.4,17.5,16.8,16.1,15.4
20260630,ノブダブルホワイト,60.8,44.7,29.5,14.5,16.1,15.2,15.0,14.5
20260630,ジェットブレード,65.5,48.7,32.0,15.9,16.8,16.7,16.1,15.9
20260630,ウインハルモニア,66.2,48.3,31.9,16.1,17.9,16.4,15.8,16.1
20260630,ダノンクラウディア,65.8,48.2,31.3,15.5,17.6,16.9,15.8,15.5
20260630,ランドスター,63.4,46.6,31.4,16.1,16.8,15.2,15.3,16.1
20260630,ヘルヴィッツ,65.5,47.4,30.6,14.8,18.1,16.8,15.8,14.8
20260630,ピュアクローム,66.8,49.4,32.2,16.1,17.4,17.2,16.1,16.1
20260630,ダイユウサルターレ,66.1,48.6,31.8,16.0,17.5,16.8,15.8,16.0
20260630,サクラボーベル,66.0,48.7,31.2,15.3,17.3,17.5,15.9,15.3
20260630,ベアエクスプレス,65.6,46.7,30.0,14.9,18.9,16.7,15.1,14.9
20260630,トリエンナーレ,66.1,48.3,31.2,15.3,17.8,17.1,15.9,15.3
20260630,ミセスジョーンズ,67.8,49.9,32.6,15.9,17.9,17.3,16.7,15.9
20260630,サトノスターライト,65.9,48.3,31.7,15.4,17.6,16.6,16.3,15.4
20260630,ディスペアーホープ,65.5,48.1,31.5,15.6,17.4,16.6,15.9,15.6
20260630,サヴァビアン,67.3,49.3,31.9,15.9,18.0,17.4,16.0,15.9
20260630,ウインドワンピース,66.0,48.3,31.9,15.4,17.7,16.4,16.5,15.4
20260630,デリシュー,81.2,58.1,36.4,17.2,23.1,21.7,19.2,17.2
20260630,クイーンズワーフ,64.7,48.0,32.2,16.3,16.7,15.8,15.9,16.3
20260630,カラマティアノス,61.1,45.3,29.9,14.9,15.8,15.4,15.0,14.9
20260630,ドンエレクトス,72.0,53.6,34.9,17.9,18.4,18.7,17.0,17.9
20260630,ネイティヴプライド,73.7,54.3,36.0,17.8,19.4,18.3,18.2,17.8
20260630,ウインガネーシャ,72.9,53.9,35.5,17.7,19.0,18.4,17.8,17.7
20260630,スルーザゴールド,65.6,48.8,32.1,15.9,16.8,16.7,16.2,15.9
20260630,サンヴァンガード,71.9,52.4,34.4,16.9,19.5,18.0,17.5,16.9
20260630,ゴールドテソーロ,73.2,54.0,35.8,17.6,19.2,18.2,18.2,17.6
20260630,マイネルリコルディ,65.3,48.5,32.2,15.8,16.8,16.3,16.4,15.8
20260630,シャイニースイフト,67.6,50.2,33.5,16.7,17.4,16.7,16.8,16.7
20260630,ホウオウビスケッツ,62.3,45.5,29.6,15.0,16.8,15.9,14.6,15.0
20260630,クロドラバール,62.1,45.6,30.3,15.1,16.5,15.3,15.2,15.1
20260630,ホープエトワール,68.9,51.1,34.4,17.3,17.8,16.7,17.1,17.3
20260630,フロンテアムーン,62.8,46.2,30.2,14.8,16.6,16.0,15.4,14.8
20260630,ユキノグラス,66.7,48.5,32.0,15.6,18.2,16.5,16.4,15.6
20260630,プリティーミズホ,67.8,50.5,33.7,17.0,17.3,16.8,16.7,17.0
20260630,ダイシンパルス,70.5,52.9,34.9,16.9,17.6,18.0,18.0,16.9
20260630,フライスカイハイ,67.2,50.0,33.4,17.0,17.2,16.6,16.4,17.0
20260630,ゴーゴーパンチ,67.5,50.0,33.1,16.6,17.5,16.9,16.5,16.6
20260630,スイートハイデン,67.1,50.0,33.2,16.8,17.1,16.8,16.4,16.8
20260630,ゴールドパレード,66.8,49.3,32.9,17.0,17.5,16.4,15.9,17.0
20260630,ベルゼビュート,70.9,51.8,33.6,16.7,19.1,18.2,16.9,16.7
20260630,ナディア,67.1,49.8,33.1,16.8,17.3,16.7,16.3,16.8
20260630,クレイターレイク,63.4,46.9,30.9,15.4,16.5,16.0,15.5,15.4
20260630,ジャスピライト,67.1,49.5,31.7,14.9,17.6,17.8,16.8,14.9
20260630,ルヴァンアレー,62.1,46.0,30.1,15.0,16.1,15.9,15.1,15.0
20260630,ポッドロルフ,68.6,50.5,33.5,16.9,18.1,17.0,16.6,16.9
20260630,バシレイア,70.0,51.5,33.6,16.5,18.5,17.9,17.1,16.5
20260630,アタリダイキチ,69.8,51.4,33.6,16.6,18.4,17.8,17.0,16.6
20260630,モーニングダリア,65.5,48.5,32.1,16.1,17.0,16.4,16.0,16.1
20260630,ソワンドヴィクター,68.6,49.9,32.4,15.9,18.7,17.5,16.5,15.9
20260630,シャインフォーミー,69.0,50.7,33.7,16.7,18.3,17.0,17.0,16.7
20260630,ミサダメキメル,68.3,49.9,32.7,16.3,18.4,17.2,16.4,16.3
20260630,ネクストドア,65.9,47.1,30.6,15.2,18.8,16.5,15.4,15.2
20260630,アンヴデット,68.8,50.4,32.8,16.2,18.4,17.6,16.6,16.2
20260630,ネオマイスター,69.0,50.9,33.8,17.0,18.1,17.1,16.8,17.0
20260630,リョウランリノ,68.7,50.0,33.4,16.8,18.7,16.6,16.6,16.8
20260630,トーケンギムレット,70.0,50.6,33.2,16.3,19.4,17.4,16.9,16.3
20260630,グラニット,66.6,48.4,30.9,15.5,18.2,17.5,15.4,15.5
20260630,ロゼル,65.6,47.2,30.8,15.0,18.4,16.4,15.8,15.0
20260630,カピリナ,67.1,48.6,31.6,15.8,18.5,17.0,15.8,15.8
20260630,ポッドロワール,62.7,45.8,30.0,14.7,16.9,15.8,15.3,14.7
20260630,カーヌスティ,65.0,47.9,30.9,15.3,17.1,17.0,15.6,15.3
20260630,アズサ,65.6,48.1,31.6,15.9,17.5,16.5,15.7,15.9
20260630,ライヴギムレット,65.7,48.1,31.7,15.3,17.6,16.4,16.4,15.3
20260630,ホウオウヘッセン,67.2,49.5,33.1,16.3,17.7,16.4,16.8,16.3
20260630,グラスフェザー,70.4,51.6,33.7,16.9,18.8,17.9,16.8,16.9
20260630,ミスデルマー,65.2,48.1,31.5,16.0,17.1,16.6,15.5,16.0
20260630,デアプリームス,68.9,50.9,33.4,16.5,18.0,17.5,16.9,16.5
20260630,ウインマイルート,68.5,50.1,32.5,16.0,18.4,17.6,16.5,16.0
20260630,マフィン,68.2,49.8,32.5,15.9,18.4,17.3,16.6,15.9
20260630,ニコ,64.5,47.5,31.1,15.5,17.0,16.4,15.6,15.5
20260630,ダノンセンチュリー,66.7,49.1,32.4,16.3,17.6,16.7,16.1,16.3
20260630,オルグジェシダ,71.0,51.2,32.2,15.7,19.8,19.0,16.5,15.7
20260630,アイアムアッパレ,64.7,47.7,31.7,16.0,17.0,16.0,15.7,16.0
20260630,ティンバーライン,69.9,51.6,33.3,16.5,18.3,18.3,16.8,16.5
20260630,ゴールドプレイヤー,71.2,52.5,34.5,17.2,18.7,18.0,17.3,17.2
20260630,アデルフィー,67.9,50.1,33.0,16.2,17.8,17.1,16.8,16.2
20260630,カフェオドヴィー,70.5,51.8,34.0,16.9,18.7,17.8,17.1,16.9
20260630,ダノンブレイズ,68.1,49.9,32.9,16.4,18.2,17.0,16.5,16.4
20260630,ラスティレッド,68.2,49.8,32.7,16.3,18.4,17.1,16.4,16.3
20260630,ルージュロマーナ,68.1,49.8,32.7,16.3,18.3,17.1,16.4,16.3
20260630,ジュネストレイル,63.7,46.7,29.9,14.5,17.0,16.8,15.4,14.5
20260630,エクスマキナ,69.3,50.2,33.1,16.8,19.1,17.1,16.3,16.8
20260630,プレママドンナ,69.5,50.3,33.1,16.6,19.2,17.2,16.5,16.6
20260630,スルーインアード,68.9,50.1,32.9,16.4,18.8,17.2,16.5,16.4
20260630,ラッパースヴィル,68.5,49.4,32.6,16.5,19.1,16.8,16.1,16.5
20260630,シーズザチャンス,66.2,48.6,31.4,15.4,17.6,17.2,16.0,15.4
20260630,トレベルオール,70.0,50.7,32.8,15.9,19.3,17.9,16.9,15.9
20260630,ルージュスティーズ,65.9,47.9,30.6,14.7,18.0,17.3,15.9,14.7
20260630,アイアムイチバン,77.3,56.1,36.0,17.9,21.2,20.1,18.1,17.9
20260630,ネオアンボウ,66.0,47.9,31.3,15.6,18.1,16.6,15.7,15.6
20260630,ルージュアリスタ,65.9,48.3,31.3,15.1,17.6,17.0,16.2,15.1
20260630,エーデルクラフト,70.3,51.1,33.2,16.5,19.2,17.9,16.7,16.5
20260630,サヴマ,71.0,50.4,31.6,15.0,20.6,18.8,16.6,15.0
20260630,ジェイエルキャリア,65.2,47.0,30.4,15.1,18.2,16.6,15.3,15.1
20260630,ソチミルコ,68.3,49.7,32.6,16.4,18.6,17.1,16.2,16.4
20260630,シルクドマルス,65.7,48.0,31.0,15.1,17.7,17.0,15.9,15.1
20260630,ベールダウン,66.0,48.5,31.9,16.2,17.5,16.6,15.7,16.2
20260630,ダカラフェスティヴ,65.0,48.4,32.0,16.0,16.6,16.4,16.0,16.0
20260630,バトルモクオ,73.1,54.1,35.8,17.6,19.0,18.3,18.2,17.6
20260630,アーリマックス,68.4,50.5,33.4,16.6,17.9,17.1,16.8,16.6
20260630,ヌビアン,68.6,51.0,34.0,17.6,17.6,17.0,16.4,17.6
20260630,エリンヘラクレス,68.6,50.6,33.6,17.2,18.0,17.0,16.4,17.2
20260630,ボーンディスウェイ,63.1,47.2,31.3,15.7,15.9,15.9,15.6,15.7
20260630,ティアップドライブ,70.7,51.2,33.5,17.1,19.5,17.7,16.4,17.1
20260630,サンタピア,68.6,50.9,34.0,17.4,17.7,16.9,16.6,17.4
20260630,ハクサンミレイ,68.7,50.4,32.8,16.4,18.3,17.6,16.4,16.4
20260630,ピコレッド,63.5,47.7,31.2,15.7,15.8,16.5,15.5,15.7
20260630,マイネルカピラリス,63.9,47.5,31.7,16.0,16.4,15.8,15.7,16.0
20260630,グラスクラージュ,64.1,47.9,31.7,15.9,16.2,16.2,15.8,15.9
20260630,エコロテラ,68.9,51.2,33.5,16.3,17.7,17.7,17.2,16.3
20260630,トーセンマスラオ,69.0,51.0,33.4,16.0,18.0,17.6,17.4,16.0
20260630,コントラポスト,66.9,48.9,32.4,16.5,18.0,16.5,15.9,16.5
20260630,クリアクォーツ,70.2,52.2,34.2,16.9,18.0,18.0,17.3,16.9
20260630,ノアチュロス,69.9,51.5,33.5,16.8,18.4,18.0,16.7,16.8
20260630,ゴットタレント,67.7,49.8,32.7,16.3,17.9,17.1,16.4,16.3
20260630,デルマテイネ,68.0,50.3,32.7,15.9,17.7,17.6,16.8,15.9
20260630,ホウオウライセンス,61.6,45.3,30.1,14.5,16.3,15.2,15.6,14.5
20260630,フクオトコ,66.6,48.9,32.8,16.3,17.7,16.1,16.5,16.3
20260630,スティールヴォーグ,69.1,50.6,32.7,15.7,18.5,17.9,17.0,15.7
20260630,グランフィエスタ,70.2,51.7,34.3,17.3,18.5,17.4,17.0,17.3
20260630,パーフェクトスノー,70.0,51.7,34.1,16.8,18.3,17.6,17.3,16.8
20260630,テングカゼ,70.5,52.6,34.8,17.3,17.9,17.8,17.5,17.3
20260630,アイファーリーベン,67.9,49.6,32.9,16.5,18.3,16.7,16.4,16.5
20260630,シルトホルン,68.6,51.1,33.4,16.2,17.5,17.7,17.2,16.2
20260630,ディーズゴールド,70.2,51.6,33.6,16.6,18.6,18.0,17.0,16.6
20260630,ジョブックボー,59.9,44.3,29.4,14.4,15.6,14.9,15.0,14.4
20260630,ヴェットビルズ,69.9,51.4,33.5,16.6,18.5,17.9,16.9,16.6
20260630,トルタパスカリーナ,63.6,46.5,30.1,15.0,17.1,16.4,15.1,15.0
20260630,ノーブルクラウド,65.6,48.4,32.1,16.2,17.2,16.3,15.9,16.2
20260630,クワッドマリニン,65.3,48.7,32.2,16.3,16.6,16.5,15.9,16.3
20260630,スカイレックス,65.0,48.1,31.6,15.4,16.9,16.5,16.2,15.4
20260630,モーゲンセン,64.6,47.8,31.2,15.1,16.8,16.6,16.1,15.1
20260630,エーオープリマ,65.1,48.2,32.0,15.8,16.9,16.2,16.2,15.8
20260630,サトノスプレマシー,66.5,49.7,32.9,16.4,16.8,16.8,16.5,16.4
20260630,サトノリアン,53.2,38.4,25.3,12.7,14.8,13.1,12.6,12.7
20260630,ゼンダンタカ,70.1,52.1,34.6,16.7,18.0,17.5,17.9,16.7
20260630,レインボーラッキー,65.1,48.0,31.3,15.3,17.1,16.7,16.0,15.3
20260630,アスパラゴ,70.7,52.6,34.8,16.8,18.1,17.8,18.0,16.8
20260630,セブンワンダーズ,64.6,47.8,31.5,15.4,16.8,16.3,16.1,15.4
20260630,フィーユレアル,64.9,47.3,30.6,15.3,17.6,16.7,15.3,15.3
20260630,ラショナルポイント,53.4,38.5,25.4,12.7,14.9,13.1,12.7,12.7
20260630,フレキシブル,65.2,48.3,31.6,15.7,16.9,16.7,15.9,15.7
20260630,ダゴベルト,68.9,50.2,32.6,15.5,18.7,17.6,17.1,15.5
20260630,ヴンダーバール,64.9,47.6,31.0,14.9,17.3,16.6,16.1,14.9
20260630,エンジャムメント,68.6,51.3,33.5,16.5,17.3,17.8,17.0,16.5
20260630,ダイユウファリーナ,62.3,45.9,30.5,15.8,16.4,15.4,14.7,15.8
20260630,アルティソナンテ,66.1,49.1,32.5,16.0,17.0,16.6,16.5,16.0
20260630,アインプロージット,65.6,48.0,31.7,15.4,17.6,16.3,16.3,15.4
20260630,ロマンス,65.3,47.5,30.8,15.1,17.8,16.7,15.7,15.1
20260630,ルージュリリック,65.0,47.9,31.2,15.5,17.1,16.7,15.7,15.5
20260630,ハリコミチュウ,64.8,46.8,30.2,15.1,18.0,16.6,15.1,15.1
20260630,ミエノストロング,65.3,48.2,31.2,15.2,17.1,17.0,16.0,15.2
20260630,ドナディクオーレ,64.9,47.7,31.3,15.6,17.2,16.4,15.7,15.6
20260630,ユニオンジャック,65.3,46.7,30.1,15.2,18.6,16.6,14.9,15.2
20260630,ピクニックマーチ,64.9,46.7,30.7,15.1,18.2,16.0,15.6,15.1
20260630,センカンナガト,68.9,50.4,32.7,16.1,18.5,17.7,16.6,16.1
20260630,ハクタカ,66.9,48.9,32.2,16.2,18.0,16.7,16.0,16.2
20260630,ゴーゼンチュー,68.8,51.0,33.8,16.9,17.8,17.2,16.9,16.9
20260630,ユイチャンファイト,66.3,47.3,30.6,15.1,19.0,16.7,15.5,15.1
20260630,ファウナード,65.6,48.6,31.5,15.2,17.0,17.1,16.3,15.2
20260630,チャランダマルツ,65.2,47.6,30.9,15.2,17.6,16.7,15.7,15.2
20260630,ココラッシー,68.9,50.3,33.4,17.1,18.6,16.9,16.3,17.1
20260630,パラダイスフェイス,64.6,47.8,30.9,15.0,16.8,16.9,15.9,15.0
20260630,ダンシングアワー,68.5,50.1,33.2,16.9,18.4,16.9,16.3,16.9
20260630,ラプユフラット,67.6,49.2,32.3,15.9,18.4,16.9,16.4,15.9
20260630,ジャストワナダイブ,68.1,50.3,33.3,16.6,17.8,17.0,16.7,16.6
20260630,リベラリズモ,66.8,49.6,33.0,16.4,17.2,16.6,16.6,16.4
20260630,アドミ,64.7,47.5,30.9,15.6,17.2,16.6,15.3,15.6
20260630,メディチパワー,69.1,51.9,35.4,18.2,17.2,16.5,17.2,18.2
20260630,レーヴマジック,69.0,51.5,34.8,18.4,17.5,16.7,16.4,18.4
20260630,ウインマイルート,65.3,48.0,31.2,15.3,17.3,16.8,15.9,15.3
20260630,ランスノーブル,67.7,49.6,32.0,15.5,18.1,17.6,16.5,15.5
20260630,レフィノス,65.8,47.2,30.3,15.0,18.6,16.9,15.3,15.0
20260630,ティンバーライン,65.7,48.3,31.3,15.8,17.4,17.0,15.5,15.8
20260630,ランドフォートレス,64.2,47.1,30.9,15.5,17.1,16.2,15.4,15.5
20260630,ロイヤルガンモ,72.1,52.6,35.0,17.4,19.5,17.6,17.6,17.4
20260630,ボーンディスウェイ,63.5,46.8,31.0,15.2,16.7,15.8,15.8,15.2
20260630,エエヤン,62.2,45.5,29.7,14.5,16.7,15.8,15.2,14.5
20260630,ベルランコントル,63.8,47.1,30.9,15.1,16.7,16.2,15.8,15.1
20260630,オーケーグリット,70.0,52.0,34.2,16.9,18.0,17.8,17.3,16.9
20260630,パーシヴァル,69.5,50.6,33.5,16.8,18.9,17.1,16.7,16.8
20260630,プラチナムディスク,72.0,53.8,35.9,17.8,18.2,17.9,18.1,17.8
20260630,トモジャオーリー,68.0,50.1,32.8,16.0,17.9,17.3,16.8,16.0
20260630,クイーンズレイン,64.4,47.9,31.6,15.6,16.5,16.3,16.0,15.6
20260630,ミクニブレイブ,83.7,62.8,42.0,21.2,20.9,20.8,20.8,21.2
20260630,ｲﾍﾞﾘｽﾘｰﾌの24,74.9,55.7,37.0,18.0,19.2,18.7,19.0,18.0
20260630,スタースポット,73.4,54.6,35.2,17.7,18.8,19.4,17.5,17.7
20260630,グランオギュール,75.1,55.8,36.9,18.0,19.3,18.9,18.9,18.0
20260630,モンドプリューム,63.2,47.8,31.7,16.0,15.4,16.1,15.7,16.0
20260630,レオライジング,75.9,55.8,36.7,18.5,20.1,19.1,18.2,18.5
20260630,セイウントレジャ,79.9,57.9,38.1,19.2,22.0,19.8,18.9,19.2
20260630,オリエンタルガール,66.0,49.6,30.9,15.2,16.4,18.7,15.7,15.2
20260630,ココニーナ,66.2,49.8,33.7,17.4,16.4,16.1,16.3,17.4
20260630,レオスキーム,66.6,49.8,33.2,16.8,16.8,16.6,16.4,16.8
20260630,モーモーワン,65.6,48.8,32.3,16.4,16.8,16.5,15.9,16.4
20260630,バイアブランカ,64.3,47.7,30.9,15.1,16.6,16.8,15.8,15.1
20260630,ロジザボード,66.7,48.9,32.7,16.3,17.8,16.2,16.4,16.3
20260630,シエラモレーナ,64.6,47.6,30.8,14.9,17.0,16.8,15.9,14.9
20260630,カフェオリーブ,67.5,49.4,32.7,16.2,18.1,16.7,16.5,16.2
20260630,ヒラボクヒーロー,67.0,49.2,32.1,16.1,17.8,17.1,16.0,16.1
20260630,レッドルイナール,68.5,50.4,32.9,16.3,18.1,17.5,16.6,16.3
20260630,アグネスクレスト,65.9,49.7,32.0,15.7,16.2,17.7,16.3,15.7
20260630,アマンヘセル,62.0,45.9,30.2,14.9,16.1,15.7,15.3,14.9
20260630,アールグレイ,62.8,46.2,30.6,15.1,16.6,15.6,15.5,15.1
20260630,オンナキュヌヴィ,63.2,47.1,30.9,15.5,16.1,16.2,15.4,15.5
20260630,デモリションマン,67.8,50.0,32.8,16.3,17.8,17.2,16.5,16.3
20260630,ヒケヤイワフネ,66.4,49.8,33.2,16.9,16.6,16.6,16.3,16.9
20260630,イキフン,65.9,48.0,31.4,15.3,17.9,16.6,16.1,15.3
20260630,テンユメノオーロラ,68.6,50.3,33.3,16.4,18.3,17.0,16.9,16.4
20260630,レッドロスタム,68.0,50.2,33.3,16.4,17.8,16.9,16.9,16.4
20260630,ロッタリーランド,68.0,49.1,32.9,16.6,18.9,16.2,16.3,16.6
20260630,ノーウェアマン,68.0,49.9,33.2,16.4,18.1,16.7,16.8,16.4
20260630,トム,67.1,50.2,33.2,16.6,16.9,17.0,16.6,16.6
20260630,アルーアウインド,68.0,49.8,33.1,16.3,18.2,16.7,16.8,16.3
20260630,ウィンターブリーズ,58.4,43.0,27.9,14.1,15.4,15.1,13.8,14.1
20260630,マルプリ,54.7,41.6,27.1,12.7,13.1,14.5,14.4,12.7
20260630,ヴァルドルチャ,62.5,46.2,30.3,14.6,16.3,15.9,15.7,14.6
20260630,グロスビーク,60.4,44.5,29.4,14.8,15.9,15.1,14.6,14.8
20260630,クロダテ,59.8,44.8,29.8,15.3,15.0,15.0,14.5,15.3
20260630,ヒーローシー,73.1,53.8,35.5,17.4,19.3,18.3,18.1,17.4
20260630,キミヘノメロディー,63.0,46.4,30.3,14.5,16.6,16.1,15.8,14.5
20260630,ブルスカメンテ,62.1,45.6,29.9,15.3,16.5,15.7,14.6,15.3
20260630,レインボーワールド,65.8,48.5,32.2,16.3,17.3,16.3,15.9,16.3
20260630,スカイプライド,61.6,45.1,29.7,14.9,16.5,15.4,14.8,14.9
20260630,スターリットフレア,63.5,46.2,29.7,14.6,17.3,16.5,15.1,14.6
20260630,ロックユアライフ,64.4,47.0,30.4,15.5,17.4,16.6,14.9,15.5
20260630,マスターボリューム,67.7,48.7,31.6,15.9,19.0,17.1,15.7,15.9
20260630,ゲキザル,65.4,47.7,31.1,15.6,17.7,16.6,15.5,15.6
20260630,コスモチプリア,64.9,47.8,31.4,15.7,17.1,16.4,15.7,15.7
20260630,ゲレル,68.5,50.4,33.0,16.1,18.1,17.4,16.9,16.1
20260630,ナックレジーナ,70.0,50.3,32.7,16.3,19.7,17.6,16.4,16.3
20260630,ダイユウルミナス,65.2,48.1,31.3,15.7,17.1,16.8,15.6,15.7
20260630,エムアイブレイズ,65.4,47.8,31.1,15.8,17.6,16.7,15.3,15.8
20260630,デルマツルギ,65.4,48.4,31.2,15.2,17.0,17.2,16.0,15.2
20260630,フォルラニーニ,68.2,50.3,32.8,16.5,17.9,17.5,16.3,16.5
20260630,オーケーグリット,66.8,49.2,32.6,16.3,17.6,16.6,16.3,16.3
20260630,クラウントリオンフ,68.7,51.1,33.2,16.6,17.6,17.9,16.6,16.6
20260630,フェリスセンダ,66.3,49.2,32.5,16.0,17.1,16.7,16.5,16.0
20260630,スティールブルー,62.5,45.8,30.2,15.3,16.7,15.6,14.9,15.3
20260630,ノーブルオリンポス,67.6,49.8,33.0,16.3,17.8,16.8,16.7,16.3
20260630,エマージェンス,62.8,46.2,30.8,15.6,16.6,15.4,15.2,15.6
20260630,マンモスホームラン,67.9,51.3,34.2,17.5,16.6,17.1,16.7,17.5
20260630,パーシヴァル,65.4,48.3,32.1,16.4,17.1,16.2,15.7,16.4
20260630,チャンピオンホープ,70.8,52.7,35.7,18.3,18.1,17.0,17.4,18.3
20260630,トゥントゥントゥン,68.7,50.8,33.2,16.7,17.9,17.6,16.5,16.7
20260630,ドーンレイド,69.3,51.0,33.6,16.8,18.3,17.4,16.8,16.8
20260630,ミクニルミナス,63.1,46.3,30.6,15.5,16.8,15.7,15.1,15.5
20260630,パッカパッカブー,68.0,48.9,31.9,15.5,19.1,17.0,16.4,15.5
20260630,ウインベルチェーロ,67.0,49.1,33.0,16.6,17.9,16.1,16.4,16.6
20260630,ブライスフェアリー,67.4,48.3,30.8,15.4,19.1,17.5,15.4,15.4
20260630,サングラント,65.4,48.6,31.9,15.7,16.8,16.7,16.2,15.7
20260630,ニシノタカオ,68.3,49.0,31.8,15.5,19.3,17.2,16.3,15.5
20260630,ロカルゼ,65.8,49.2,32.7,16.1,16.6,16.5,16.6,16.1
20260630,マイネルモーント,71.5,53.3,35.6,17.9,18.2,17.7,17.7,17.9
20260630,オンザヴィーナス,63.4,44.9,28.4,14.6,18.5,16.5,13.8,14.6
20260630,フローレスカラーズ,74.6,55.3,36.5,18.3,19.3,18.8,18.2,18.3
20260630,セントリアン,67.2,49.3,32.7,16.4,17.9,16.6,16.3,16.4
20260630,ウッケン,67.6,50.3,33.8,17.0,17.3,16.5,16.8,17.0
20260630,ビーストウォーズ,68.7,50.2,32.1,15.7,18.5,18.1,16.4,15.7
20260630,セイリュウ,70.5,52.5,34.8,17.5,18.0,17.7,17.3,17.5
20260630,スタレネルヴェント,70.5,52.4,34.5,16.9,18.1,17.9,17.6,16.9
20260630,ユキマル,66.2,48.9,32.3,16.0,17.3,16.6,16.3,16.0
20260630,ベルヴィヴァン,64.1,46.5,30.8,15.1,17.6,15.7,15.7,15.1
20260630,デルマザオウ,63.2,46.4,30.5,15.4,16.8,15.9,15.1,15.4
20260630,サイモンナイスラン,71.3,53.9,36.7,18.6,17.4,17.2,18.1,18.6
20260630,アオイノリプー,65.9,48.7,32.2,15.9,17.2,16.5,16.3,15.9
20260630,アークレイリ,67.5,50.1,33.6,17.4,17.4,16.5,16.2,17.4
20260630,ラヴレイン,68.0,49.8,32.5,16.2,18.2,17.3,16.3,16.2
20260630,ラストシャリナ,63.7,47.3,30.4,14.3,16.4,16.9,16.1,14.3
20260630,ベルチュガダン,66.8,48.4,32.0,16.2,18.4,16.4,15.8,16.2
20260630,エンジェルサン,67.5,49.4,32.8,15.8,18.1,16.6,17.0,15.8
20260630,ウイニングレイ,68.3,50.0,31.9,15.5,18.3,18.1,16.4,15.5
20260630,カラーオブサクセス,66.0,49.3,32.9,16.8,16.7,16.4,16.1,16.8
20260630,アンジュリオ,68.1,49.7,32.5,16.4,18.4,17.2,16.1,16.4
20260630,マイネルリーヒム,64.9,47.6,31.7,16.0,17.3,15.9,15.7,16.0
20260630,グランレーヴ,65.1,48.3,31.9,15.7,16.8,16.4,16.2,15.7
20260630,キョウエイブリッサ,67.5,50.2,33.0,16.2,17.3,17.2,16.8,16.2
20260630,リコルディオーロ,70.6,51.7,34.2,16.3,18.9,17.5,17.9,16.3
20260630,ジオパークカツキ,70.1,50.8,33.5,16.1,19.3,17.3,17.4,16.1
20260630,スリーフラワー,69.6,50.7,33.2,16.4,18.9,17.5,16.8,16.4
20260630,トクシーカイザー,63.8,47.0,31.1,15.1,16.8,15.9,16.0,15.1
20260630,エウテルペ,65.4,47.4,31.2,15.4,18.0,16.2,15.8,15.4
20260630,ティティナ,65.2,47.6,31.3,15.4,17.6,16.3,15.9,15.4
20260630,コスモアンソロジー,63.8,47.8,31.0,15.1,16.0,16.8,15.9,15.1
20260630,ヒケヤイワフネ,53.7,40.7,27.5,14.0,13.0,13.2,13.5,14.0
20260630,トワイライトサイト,64.2,48.0,31.1,15.0,16.2,16.9,16.1,15.0
20260630,アルティシモ,64.0,47.2,30.7,15.1,16.8,16.5,15.6,15.1
20260630,ウンスイ,65.0,48.1,31.8,16.0,16.9,16.3,15.8,16.0
20260630,ランフォーザエイジ,69.2,50.9,33.7,16.8,18.3,17.2,16.9,16.8
20260630,ノヴァカーラ,69.7,51.4,34.2,17.5,18.3,17.2,16.7,17.5
20260630,レザンノワール,70.1,51.3,33.1,16.4,18.8,18.2,16.7,16.4
20260630,ライトアファイア,68.3,50.1,32.5,15.9,18.2,17.6,16.6,15.9
20260630,ファイアリービート,68.7,50.2,32.9,15.9,18.5,17.3,17.0,15.9
20260630,モータリゼーション,68.6,50.1,33.1,16.6,18.5,17.0,16.5,16.6
20260630,ロードアマデウス,74.2,55.9,37.0,18.9,18.3,18.9,18.1,18.9
20260630,コヴェナント,67.6,50.2,33.3,16.6,17.4,16.9,16.7,16.6
20260630,ムーンストラック,69.5,52.3,34.5,17.2,17.2,17.8,17.3,17.2
20260630,ワレモコウ,68.0,49.9,32.8,16.4,18.1,17.1,16.4,16.4
20260630,エコロストーム,69.3,51.0,33.5,16.5,18.3,17.5,17.0,16.5
20260630,エリーニック,66.3,47.3,30.9,14.4,19.0,16.4,16.5,14.4
20260630,アピーリングルック,70.0,50.5,32.9,15.6,19.5,17.6,17.3,15.6
20260630,キョウエイボニータ,76.9,56.4,37.7,19.2,20.5,18.7,18.5,19.2
20260630,イサチルシーキング,70.0,50.7,33.2,16.4,19.3,17.5,16.8,16.4
20260630,デルマジュテーム,69.6,52.3,35.3,17.7,17.3,17.0,17.6,17.7
20260630,アロンズロッド,67.6,49.3,32.5,16.2,18.3,16.8,16.3,16.2
20260630,ミセスリリー,63.4,46.4,30.4,14.8,17.0,16.0,15.6,14.8
20260630,デフィレドール,68.8,50.2,32.8,16.5,18.6,17.4,16.3,16.5
20260630,ピンクジン,68.9,50.0,32.8,16.4,18.9,17.2,16.4,16.4
20260630,ロートホルン,67.8,49.9,32.6,16.2,17.9,17.3,16.4,16.2
20260630,メイショウヨゾラ,68.4,50.4,32.3,16.7,18.0,18.1,15.6,16.7
20260630,テリオスサラ,68.0,49.8,33.1,16.3,18.2,16.7,16.8,16.3
20260630,ルージュアベリア,62.4,46.6,30.5,14.8,15.8,16.1,15.7,14.8
20260630,クリスマスパレード,63.0,47.6,31.0,15.1,15.4,16.6,15.9,15.1
20260630,マタミカンサン,63.3,47.3,30.9,14.9,16.0,16.4,16.0,14.9
20260630,アメテュストス,63.1,46.8,31.3,16.0,16.3,15.5,15.3,16.0
20260630,ベルトラッキ,62.4,46.0,29.5,14.8,16.4,16.5,14.7,14.8
20260630,マイネルヴェスペル,62.7,46.6,30.9,15.4,16.1,15.7,15.5,15.4
20260630,ニシノコマチムスメ,64.9,48.0,31.4,16.1,16.9,16.6,15.3,16.1
20260630,カガラプンツェル,66.1,49.2,32.6,16.7,16.9,16.6,15.9,16.7
20260630,レッドフリーマン,67.6,49.6,32.8,16.2,18.0,16.8,16.6,16.2
20260630,セシルブリュネ,63.9,47.7,31.8,15.7,16.2,15.9,16.1,15.7
20260630,ギリーカラム,71.2,52.5,34.7,17.1,18.7,17.8,17.6,17.1
20260630,ガラベイヤ,70.4,51.5,33.2,16.3,18.9,18.3,16.9,16.3
20260630,リスレジャンデール,64.2,46.9,31.1,15.9,17.3,15.8,15.2,15.9
20260630,ボニープリンス,64.8,47.5,30.7,14.9,17.3,16.8,15.8,14.9
20260630,シーズアウルフ,70.7,51.3,34.9,17.0,19.4,16.4,17.9,17.0
20260630,ハルノアラシ,64.1,47.4,31.6,16.2,16.7,15.8,15.4,16.2
20260630,ルールオーヴァー,70.7,53.2,36.0,17.0,17.5,17.2,19.0,17.0
20260630,ゲンテン,71.6,53.4,35.9,17.6,18.2,17.5,18.3,17.6
20260630,サクセスボーイ,64.8,48.3,31.9,16.0,16.5,16.4,15.9,16.0
20260630,チャームジュネーヴ,74.8,54.5,36.6,18.5,20.3,17.9,18.1,18.5
20260630,エメラルファイン,74.0,55.5,38.4,19.4,18.5,17.1,19.0,19.4
20260630,フキョウワオン,70.5,50.9,33.2,17.3,19.6,17.7,15.9,17.3
20260630,ラヴィプランドール,77.1,55.7,36.4,18.2,21.4,19.3,18.2,18.2
20260630,バトルボーン,59.5,43.6,29.0,14.6,15.9,14.6,14.4,14.6
20260630,マイトリックスター,63.6,46.4,30.4,15.3,17.2,16.0,15.1,15.3
20260630,ラヴノー,59.2,43.5,28.8,14.2,15.7,14.7,14.6,14.2
20260630,ウインドオブヘヴン,66.6,49.1,32.2,16.2,17.5,16.9,16.0,16.2
20260630,ロジアデレード,52.0,37.7,24.9,12.4,14.3,12.8,12.5,12.4
20260630,ハピネスドリーム,72.2,53.1,34.3,16.9,19.1,18.8,17.4,16.9
20260630,ハイテイラオユエ,131.9,95.6,60.5,29.2,36.3,35.1,31.3,29.2
20260630,ココナッツコースト,74.5,54.3,35.6,17.5,20.2,18.7,18.1,17.5
20260630,スウィフトミモザ,129.0,95.3,61.6,30.7,33.7,33.7,30.9,30.7
20260630,ハイティー,63.0,46.1,29.7,14.6,16.9,16.4,15.1,14.6
20260630,ヴァストマーレ,69.6,51.4,34.2,16.9,18.2,17.2,17.3,16.9
20260630,ホウオウビリーヴ,71.5,53.0,34.5,17.1,18.5,18.5,17.4,17.1
20260630,ピコチャンブラック,66.1,48.4,31.7,16.1,17.7,16.7,15.6,16.1
20260630,ゴールドジェスター,71.4,53.4,35.7,18.2,18.0,17.7,17.5,18.2
20260630,ドナルンバ,67.0,48.4,31.1,15.2,18.6,17.3,15.9,15.2
20260630,マイネルフォルツァ,64.2,47.4,31.0,15.8,16.8,16.4,15.2,15.8
20260630,ハイラント,63.9,47.2,31.2,15.3,16.7,16.0,15.9,15.3
20260630,ダイナマイトメロン,65.4,47.9,31.9,15.8,17.5,16.0,16.1,15.8
20260630,コスモルトチェコ,74.3,54.5,35.5,17.6,19.8,19.0,17.9,17.6
20260630,モドゥットゥイオ,73.7,55.3,37.1,19.0,18.4,18.2,18.1,19.0
20260630,メジャーシンガー,65.2,47.9,31.6,15.7,17.3,16.3,15.9,15.7
20260630,ハンデンブレイズ,65.3,47.9,31.4,15.6,17.4,16.5,15.8,15.6
20260630,フォルスラヴィ,64.9,48.3,32.0,16.0,16.6,16.3,16.0,16.0
20260630,ペリプルス,64.0,47.7,30.6,15.2,16.3,17.1,15.4,15.2
20260630,カイトヴィント,64.6,47.6,31.5,15.7,17.0,16.1,15.8,15.7
20260630,ロジケープ,67.1,50.0,32.9,16.5,17.1,17.1,16.4,16.5
20260630,フェアリースノー,69.7,52.6,35.2,17.7,17.1,17.4,17.5,17.7
20260630,ポテ,67.1,50.2,33.2,16.8,16.9,17.0,16.4,16.8
20260630,ゼンノスタニング,68.8,51.0,33.7,16.8,17.8,17.3,16.9,16.8
20260630,リトルコリンズ,68.2,50.6,33.6,17.3,17.6,17.0,16.3,17.3
20260630,コスモバルムンク,65.5,48.4,30.7,15.1,17.1,17.7,15.6,15.1
20260630,キングクレオール,65.8,48.1,31.7,15.4,17.7,16.4,16.3,15.4
20260630,サスケソルトバーン,71.0,52.9,34.7,17.4,18.1,18.2,17.3,17.4
20260630,マジックファイト,67.8,50.8,33.9,17.5,17.0,16.9,16.4,17.5
20260630,シュガーハイ,66.8,49.7,33.0,16.3,17.1,16.7,16.7,16.3
20260630,ウマッター,67.5,50.6,33.4,16.9,16.9,17.2,16.5,16.9
20260630,マーゴットサンズ,66.2,47.7,30.7,15.4,18.5,17.0,15.3,15.4
20260630,ジュンヴィヴァン,66.5,47.9,30.8,15.1,18.6,17.1,15.7,15.1
20260630,スードランダム,65.8,47.8,30.0,15.2,18.0,17.8,14.8,15.2
20260630,カフェロワドール,65.0,48.7,32.6,16.1,16.3,16.1,16.5,16.1
20260630,キミガハマ,64.6,48.2,32.5,16.2,16.4,15.7,16.3,16.2
20260630,ビップラージャ,68.1,50.8,33.2,16.1,17.3,17.6,17.1,16.1
20260630,ブルーダイヤシチー,68.7,51.0,33.9,16.8,17.7,17.1,17.1,16.8
20260630,セイウンサイフィー,68.5,50.6,33.7,16.9,17.9,16.9,16.8,16.9
20260630,コパノフラメンコ,69.2,51.4,34.6,17.3,17.8,16.8,17.3,17.3
20260630,ケープウィッカム,67.7,50.1,32.6,16.1,17.6,17.5,16.5,16.1
20260630,スノーリン,67.8,50.2,33.4,16.8,17.6,16.8,16.6,16.8
20260630,エターナルシルバー,68.1,50.1,32.8,15.8,18.0,17.3,17.0,15.8
20260630,ワインダークシー,68.0,50.1,32.8,16.2,17.9,17.3,16.6,16.2
20260630,プリンキパトゥス,68.3,50.3,33.0,16.0,18.0,17.3,17.0,16.0
20260630,ハーツコンチェルト,65.0,47.6,31.4,15.7,17.4,16.2,15.7,15.7
20260630,クモヒトツナイ,65.4,48.1,31.8,15.9,17.3,16.3,15.9,15.9
20260630,ルブラッシュノモー,68.4,51.7,35.3,18.1,16.7,16.4,17.2,18.1
20260630,ブラックナザレ,67.2,50.4,33.8,16.6,16.8,16.6,17.2,16.6
20260630,ヨドノサファイア,66.0,49.1,32.8,16.2,16.9,16.3,16.6,16.2
20260630,ケイジャーダ,71.2,52.7,35.5,18.4,18.5,17.2,17.1,18.4
20260630,カラスアゲハ,71.4,52.7,35.1,17.9,18.7,17.6,17.2,17.9
20260630,サンタンヌ,65.2,47.8,32.6,16.5,17.4,15.2,16.1,16.5
20260630,ステイアンビシャス,70.4,51.6,33.4,15.9,18.8,18.2,17.5,15.9
20260630,リーディンアクター,63.6,45.6,29.9,14.5,18.0,15.7,15.4,14.5
20260630,ヴェスタル,65.4,47.9,31.4,15.7,17.5,16.5,15.7,15.7
20260630,フームスムート,65.8,48.4,31.9,16.1,17.4,16.5,15.8,16.1
20260630,パストゥザスターズ,66.7,50.0,33.5,17.0,16.7,16.5,16.5,17.0
20260630,ロジケープ,66.1,49.5,32.5,16.3,16.6,17.0,16.2,16.3
20260630,フェアリースノー,71.5,53.5,35.8,17.8,18.0,17.7,18.0,17.8
20260630,ポテ,66.2,49.7,33.1,16.6,16.5,16.6,16.5,16.6
20260630,アーティラリー,69.6,50.8,32.6,16.0,18.8,18.2,16.6,16.0
20260630,マーシヴィガラス,70.6,51.7,33.4,16.2,18.9,18.3,17.2,16.2
20260630,リアルセンター,68.8,49.9,32.5,15.6,18.9,17.4,16.9,15.6
20260630,サマースプラッシュ,68.9,50.9,34.0,17.4,18.0,16.9,16.6,17.4
20260630,アイファーティアラ,68.2,50.6,32.9,16.6,17.6,17.7,16.3,16.6
20260630,ワンダリングスター,73.0,54.2,35.9,17.7,18.8,18.3,18.2,17.7
20260630,サラフィエル,63.2,47.5,32.1,16.3,15.7,15.4,15.8,16.3
20260630,グランプラネッタ,62.4,45.5,30.0,14.9,16.9,15.5,15.1,14.9
20260630,シアワセチョウサン,62.4,46.1,30.5,15.3,16.3,15.6,15.2,15.3
20260630,カシノリアーナ,65.8,48.6,32.2,15.7,17.2,16.4,16.5,15.7
20260630,ヤマタケボニータ,65.0,48.5,32.8,16.8,16.5,15.7,16.0,16.8
20260630,トレンドマーチ,67.9,50.5,33.5,16.9,17.4,17.0,16.6,16.9
20260630,ケイアイギルス,63.2,47.0,31.3,16.0,16.2,15.7,15.3,16.0
20260630,ニンジャトットリ,73.7,54.5,36.3,18.4,19.2,18.2,17.9,18.4
20260630,モンドシュピーゲル,65.8,48.6,32.2,16.1,17.2,16.4,16.1,16.1
20260630,サノノベリー,64.8,48.0,31.7,15.7,16.8,16.3,16.0,15.7
20260630,キョウエイシャトル,66.7,50.2,33.5,16.9,16.5,16.7,16.6,16.9
20260630,アンナモエ,64.9,48.7,32.8,16.4,16.2,15.9,16.4,16.4
20260630,フミサウンド,61.1,45.3,29.7,14.8,15.8,15.6,14.9,14.8
20260630,ヒットミー,64.7,47.4,31.0,15.4,17.3,16.4,15.6,15.4
20260630,バタール,61.8,45.6,29.9,15.0,16.2,15.7,14.9,15.0
20260630,コスモアルペジオ,65.6,48.2,31.6,15.6,17.4,16.6,16.0,15.6
20260630,アッティーヤ,68.7,51.2,34.3,17.3,17.5,16.9,17.0,17.3
20260630,ブーケドグレイス,64.1,47.9,32.0,16.5,16.2,15.9,15.5,16.5
20260630,アルティマローネ,66.9,50.1,33.9,17.1,16.8,16.2,16.8,17.1
20260630,オーケーエース,65.5,48.4,32.0,15.7,17.1,16.4,16.3,15.7
20260630,セイカタカキヤチク,65.0,48.0,30.7,14.8,17.0,17.3,15.9,14.8
20260630,コスモモノポリー,64.6,47.9,31.7,15.8,16.7,16.2,15.9,15.8
20260630,レーゲンシャウアー,67.5,49.7,33.0,16.2,17.8,16.7,16.8,16.2
20260630,デルマハッコウダ,62.5,45.4,29.7,14.3,17.1,15.7,15.4,14.3
20260630,ハーツコンチェルト,60.9,44.9,29.4,14.4,16.0,15.5,15.0,14.4
20260630,サトノドルチェ,72.1,51.5,33.1,16.4,20.6,18.4,16.7,16.4
20260630,ニシノマルガリート,69.1,50.6,33.3,16.7,18.5,17.3,16.6,16.7
20260630,ボールドサンダー,66.9,50.7,33.5,16.2,16.2,17.2,17.3,16.2
20260630,ハルマン,72.7,54.6,36.2,18.1,18.1,18.4,18.1,18.1
20260630,カセノメロス,69.2,50.7,33.3,16.2,18.5,17.4,17.1,16.2
20260630,ハチキンキリシマ,71.7,54.0,36.6,18.9,17.7,17.4,17.7,18.9
20260630,ミコウェイ,69.8,51.4,34.0,16.4,18.4,17.4,17.6,16.4
20260630,ゲームチェンジャー,67.1,49.5,32.3,15.4,17.6,17.2,16.9,15.4
20260630,スローブギ,66.2,48.6,32.1,16.3,17.6,16.5,15.8,16.3
20260630,ニューロファイター,61.3,45.8,30.2,15.2,15.5,15.6,15.0,15.2
20260630,ハルオーブ,64.6,47.7,31.4,15.5,16.9,16.3,15.9,15.5
20260630,アルプスオジョー,63.3,47.0,31.4,15.6,16.3,15.6,15.8,15.6
20260630,ルージュスエルテ,64.2,46.8,30.7,14.9,17.4,16.1,15.8,14.9
20260630,フォンデネージュ,64.9,47.9,31.3,15.9,17.0,16.6,15.4,15.9
20260630,モリノアミーゴ,63.9,46.7,30.8,15.8,17.2,15.9,15.0,15.8
20260630,ショウナンタヅナ,66.0,48.0,31.6,16.1,18.0,16.4,15.5,16.1
20260630,クツワエターナル,68.5,50.1,33.1,16.4,18.4,17.0,16.7,16.4
20260630,ブロンクス,64.6,47.6,31.2,15.4,17.0,16.4,15.8,15.4
20260630,ソラニワラエバ,66.5,49.0,32.4,15.9,17.5,16.6,16.5,15.9
20260630,メイクアマーク,62.9,47.1,31.2,15.7,15.8,15.9,15.5,15.7
20260630,イヴナンバーフォー,66.0,48.1,31.7,16.1,17.9,16.4,15.6,16.1
20260630,シアルナーレ,60.1,43.8,29.0,14.4,16.3,14.8,14.6,14.4
20260630,ダノンダックス,59.6,43.5,28.9,14.3,16.1,14.6,14.6,14.3
20260630,カリスマン,61.9,46.1,30.9,15.3,15.8,15.2,15.6,15.3
20260630,ライクアフラワー,64.6,47.0,30.4,14.6,17.6,16.6,15.8,14.6
20260630,アージェント,63.6,47.1,30.9,15.3,16.5,16.2,15.6,15.3
20260630,ハッピーカーン,64.3,46.7,30.2,15.2,17.6,16.5,15.0,15.2
20260630,トランセンコ,64.2,46.3,29.9,14.6,17.9,16.4,15.3,14.6
20260630,ローレルエース,67.3,49.4,32.3,16.0,17.9,17.1,16.3,16.0
20260630,ルストラーレ,61.4,45.0,29.3,14.4,16.4,15.7,14.9,14.4
20260630,クロノスフィア,61.0,44.7,29.4,14.7,16.3,15.3,14.7,14.7
20260630,ミラクルオーラ,64.4,46.8,30.2,15.0,17.6,16.6,15.2,15.0
20260630,ゴールデンハニビー,63.0,46.4,30.2,15.1,16.6,16.2,15.1,15.1
20260630,マンダリンボレロ,69.7,52.4,35.5,18.1,17.3,16.9,17.4,18.1
20260630,アイスブレイカー,67.4,49.7,32.7,16.3,17.7,17.0,16.4,16.3
20260630,ミッキーファイト,61.1,45.5,30.1,14.9,15.6,15.4,15.2,14.9
20260630,アロヒアリイ,59.2,43.1,28.0,13.8,16.1,15.1,14.2,13.8
20260630,ペイシャオーヴァル,70.0,52.1,34.4,17.6,17.9,17.7,16.8,17.6
20260630,ウキヨノサンシロウ,66.7,50.0,33.7,16.8,16.7,16.3,16.9,16.8
20260630,ナックカナロア,69.5,51.4,34.0,16.9,18.1,17.4,17.1,16.9
20260630,アレックスケー,71.3,53.0,34.6,17.4,18.3,18.4,17.2,17.4
20260630,リーズメイリー,66.5,48.0,31.1,15.1,18.5,16.9,16.0,15.1
20260630,キンバリー,70.0,51.9,34.4,17.5,18.1,17.5,16.9,17.5
20260630,アオイゲート,67.4,49.4,31.7,15.4,18.0,17.7,16.3,15.4
20260630,サトノトルネード,62.1,45.8,30.8,15.0,16.3,15.0,15.8,15.0
20260630,ピコシー,62.1,45.3,29.6,14.3,16.8,15.7,15.3,14.3
20260630,ショウナンサムデイ,63.1,46.3,30.1,14.8,16.8,16.2,15.3,14.8
20260630,ミスターマーボー,65.5,48.3,32.1,16.4,17.2,16.2,15.7,16.4
20260630,シャインネージュ,67.9,51.2,34.0,17.1,16.7,17.2,16.9,17.1
20260630,オーキーベルセルク,65.9,47.7,31.1,15.2,18.2,16.6,15.9,15.2
20260630,シェリアドレ,61.9,45.2,29.8,14.9,16.7,15.4,14.9,14.9
20260630,ザバルガド,63.8,46.4,30.1,14.9,17.4,16.3,15.2,14.9
20260630,ナックキャンドル,69.9,52.1,34.2,17.2,17.8,17.9,17.0,17.2
20260630,コスモエルヴァル,64.4,47.6,31.9,16.2,16.8,15.7,15.7,16.2
20260630,エッジランナー,65.8,48.3,31.9,16.1,17.5,16.4,15.8,16.1
20260630,サファイアプレミア,63.0,46.4,31.4,16.3,16.6,15.0,15.1,16.3
20260630,グッドミキサー,64.9,47.8,31.6,15.8,17.1,16.2,15.8,15.8
20260630,ヴィンチェローズ,64.7,47.9,31.7,16.1,16.8,16.2,15.6,16.1
20260630,カームラディアンス,66.4,49.7,33.2,17.0,16.7,16.5,16.2,17.0
20260630,モルトマエストーソ,64.8,47.7,31.4,15.3,17.1,16.3,16.1,15.3
20260630,ポッドソル,74.8,54.5,36.5,18.4,20.3,18.0,18.1,18.4
20260630,ウインイルネージュ,65.5,48.3,31.9,16.1,17.2,16.4,15.8,16.1
20260630,アオゾラランチ,71.6,52.6,34.7,16.8,19.0,17.9,17.9,16.8
20260630,カミカクシ,63.7,47.0,31.4,15.6,16.7,15.6,15.8,15.6
20260630,ユイノリュウギ,65.4,49.0,32.5,16.1,16.4,16.5,16.4,16.1
20260630,ソヴリンゲート,66.7,48.8,32.7,16.8,17.9,16.1,15.9,16.8
20260630,ラインホルト,64.2,46.9,30.3,14.7,17.3,16.6,15.6,14.7
20260630,フォクセン,70.7,52.5,34.4,17.4,18.2,18.1,17.0,17.4
20260630,グランシャット,64.6,47.6,31.5,16.2,17.0,16.1,15.3,16.2
20260630,アイアムキレマスネ,69.1,51.2,33.6,16.5,17.9,17.6,17.1,16.5
20260630,ムーチョピカンテ,67.8,49.9,32.3,14.9,17.9,17.6,17.4,14.9
20260630,ローズガーデン,63.8,46.6,30.6,14.9,17.2,16.0,15.7,14.9
20260630,ブライトシーン,64.6,47.7,31.8,16.1,16.9,15.9,15.7,16.1
20260630,ジンクピリチオン,69.3,50.8,33.3,16.7,18.5,17.5,16.6,16.7
20260630,ネオロマーネ,65.7,48.1,31.8,16.0,17.6,16.3,15.8,16.0
20260630,シリアスドラマ,66.8,49.0,32.5,16.2,17.8,16.5,16.3,16.2
20260630,アルマロクザン,71.7,53.0,34.7,17.6,18.7,18.3,17.1,17.6
20260630,マーシヴィガラス,67.9,50.3,32.6,15.7,17.6,17.7,16.9,15.7
20260630,ワンダリングスター,68.5,50.9,33.6,16.8,17.6,17.3,16.8,16.8
20260630,マイネルジェロディ,66.7,49.6,33.1,17.0,17.1,16.5,16.1,17.0
20260630,ヒットアンドロール,62.0,46.3,30.2,15.1,15.7,16.1,15.1,15.1
20260630,サフランルージュ,66.6,49.4,32.4,16.2,17.2,17.0,16.2,16.2
20260630,ルンベーラ,64.7,48.1,31.6,15.4,16.6,16.5,16.2,15.4
20260630,コールドスリープ,70.7,51.1,33.7,17.3,19.6,17.4,16.4,17.3
20260630,デルマキタカミ,66.4,48.4,31.2,15.3,18.0,17.2,15.9,15.3
20260630,ヤマニンスペッキオ,61.8,46.2,30.3,14.9,15.6,15.9,15.4,14.9
20260630,コスモハナミズキ,63.0,47.1,31.3,15.4,15.9,15.8,15.9,15.4
20260630,セイウンイーリス,65.3,47.4,30.7,14.8,17.9,16.7,15.9,14.8
20260630,ニシノマキロイ,63.7,47.6,31.6,15.7,16.1,16.0,15.9,15.7
20260630,パルセノスミハ,64.5,48.1,31.7,15.3,16.4,16.4,16.4,15.3
20260630,サンプラザマツモト,68.2,50.2,33.2,16.4,18.0,17.0,16.8,16.4
20260630,ミカミッチー,63.0,46.6,30.7,15.0,16.4,15.9,15.7,15.0
20260630,フッカツノジャンボ,70.4,52.3,34.5,17.2,18.1,17.8,17.3,17.2
20260630,オルトパラティウム,63.9,46.6,30.3,14.9,17.3,16.3,15.4,14.9
20260630,エマーソンズ,71.1,52.5,34.8,17.4,18.6,17.7,17.4,17.4
20260630,フレンデル,65.4,48.0,30.9,14.9,17.4,17.1,16.0,14.9
20260630,リーゼントジェイド,65.3,48.2,31.6,15.8,17.1,16.6,15.8,15.8
20260630,ウインロゼライト,66.0,48.2,31.6,15.7,17.8,16.6,15.9,15.7
20260630,ルーラーインパクト,69.9,53.6,35.8,18.2,16.3,17.8,17.6,18.2
20260630,サイモンオリエント,70.6,52.8,34.8,17.6,17.8,18.0,17.2,17.6
20260630,グルドロッティン,65.4,47.9,31.3,15.4,17.5,16.6,15.9,15.4
20260630,トゥラッタッタ,71.3,52.1,33.6,16.5,19.2,18.5,17.1,16.5
20260630,ダンツファイター,61.9,46.2,30.1,14.9,15.7,16.1,15.2,14.9
20260630,デルマアポロニア,63.5,47.0,31.5,15.5,16.5,15.5,16.0,15.5
20260630,アジアントレジャー,62.3,46.4,30.1,15.0,15.9,16.3,15.1,15.0
20260630,シューティングガイ,63.2,46.6,31.0,15.4,16.6,15.6,15.6,15.4
20260630,ロジスカヤ,70.6,52.1,33.6,16.4,18.5,18.5,17.2,16.4
20260630,リアライズグロリア,67.6,50.4,33.6,16.5,17.2,16.8,17.1,16.5
20260630,アイスアイスベイビ,67.5,49.4,32.7,16.2,18.1,16.7,16.5,16.2
20260630,ゼフィリア,67.5,49.6,32.7,16.3,17.9,16.9,16.4,16.3
20260630,ワイワイシャイニー,68.0,50.1,32.7,16.9,17.9,17.4,15.8,16.9
20260630,メイドリーム,68.2,50.1,32.8,16.9,18.1,17.3,15.9,16.9
20260630,レアリゼソンレーヴ,64.1,46.6,30.5,15.1,17.5,16.1,15.4,15.1
20260630,フジサン,68.5,51.0,33.7,16.2,17.5,17.3,17.5,16.2
20260630,ダノンロッキー,65.8,48.5,31.8,15.4,17.3,16.7,16.4,15.4
20260630,テセラリアン,66.1,48.2,31.9,15.7,17.9,16.3,16.2,15.7
20260630,ミッドセンチュリー,70.6,50.9,32.6,15.9,19.7,18.3,16.7,15.9
20260630,サンブライト,65.3,47.1,30.7,15.5,18.2,16.4,15.2,15.5
20260630,ホウライブラック,65.8,48.8,32.2,16.0,17.0,16.6,16.2,16.0
20260630,ノシェリー,64.0,46.9,31.1,15.5,17.1,15.8,15.6,15.5
20260630,ルージュラベル,64.4,47.0,30.3,14.4,17.4,16.7,15.9,14.4
20260630,マイネルリシャール,61.8,46.2,30.4,15.0,15.6,15.8,15.4,15.0
20260630,ジーフォーリア,62.0,46.0,30.5,15.3,16.0,15.5,15.2,15.3
20260630,ショウナンライシン,65.4,49.3,30.5,14.6,16.1,18.8,15.9,14.6
20260630,キングズトゥルー,67.5,49.2,31.8,15.3,18.3,17.4,16.5,15.3
20260630,スティールシップ,67.3,49.1,31.8,15.5,18.2,17.3,16.3,15.5
20260630,ダイヒョウカーク,69.9,50.8,33.4,16.7,19.1,17.4,16.7,16.7
20260630,コスモシェルベット,66.4,49.0,32.3,16.2,17.4,16.7,16.1,16.2
20260630,セイウンリリーナ,69.1,51.5,34.0,17.1,17.6,17.5,16.9,17.1
20260630,モリノレッドスター,74.2,53.5,34.7,16.9,20.7,18.8,17.8,16.9
20260630,ノーブルクライ,69.5,52.0,34.0,17.0,17.5,18.0,17.0,17.0
20260630,ボールドゾーン,71.5,52.8,34.3,16.6,18.7,18.5,17.7,16.6
20260630,フィールドノート,71.5,53.4,35.5,17.4,18.1,17.9,18.1,17.4
20260630,ロスパレドネス,72.1,53.3,34.6,17.0,18.8,18.7,17.6,17.0
20260630,サンダーストラック,68.2,49.4,32.5,16.4,18.8,16.9,16.1,16.4
20260630,エコロブラン,71.2,52.5,34.5,17.1,18.7,18.0,17.4,17.1
20260630,ディヴァインスペル,72.6,54.0,35.6,18.0,18.6,18.4,17.6,18.0
20260630,アンクエンチャブル,68.2,49.5,32.4,15.6,18.7,17.1,16.8,15.6
20260630,レディリリス,68.6,50.1,32.9,15.9,18.5,17.2,17.0,15.9
20260630,アルバニクス,69.8,50.8,32.1,15.7,19.0,18.7,16.4,15.7
20260630,ノーセット,68.5,50.1,32.8,16.2,18.4,17.3,16.6,16.2
20260630,グルーヴェンス,67.3,49.0,31.8,16.0,18.3,17.2,15.8,16.0
20260630,アースミューズ,65.5,48.2,31.3,15.5,17.3,16.9,15.8,15.5
20260630,テイクオンミー,68.7,50.0,32.6,15.9,18.7,17.4,16.7,15.9
20260630,ペイシャダンシング,65.7,48.3,31.7,15.6,17.4,16.6,16.1,15.6
20260630,ディエスルージュ,67.2,49.0,32.3,16.3,18.2,16.7,16.0,16.3
20260630,レディレックス,67.6,48.9,32.0,16.1,18.7,16.9,15.9,16.1
20260630,ウスズミザクラ,65.3,48.3,31.8,15.5,17.0,16.5,16.3,15.5
20260630,ヴァイオスペース,62.4,45.8,30.0,15.0,16.6,15.8,15.0,15.0
20260630,セーヌデローヴ,65.4,47.4,30.5,15.3,18.0,16.9,15.2,15.3
20260630,リーデレクオーレ,68.4,49.3,32.2,16.0,19.1,17.1,16.2,16.0
20260630,コスモフラムオット,69.4,50.8,33.2,16.4,18.6,17.6,16.8,16.4
20260630,アドバンスアゲイン,68.5,50.7,33.0,16.1,17.8,17.7,16.9,16.1
20260630,ミツカネメルクリオ,70.3,51.4,34.0,16.7,18.9,17.4,17.3,16.7
20260630,リバーブレーション,70.8,52.0,34.4,16.9,18.8,17.6,17.5,16.9
20260630,イゲマジャ,70.7,51.8,34.3,16.9,18.9,17.5,17.4,16.9
20260630,ノワールブレイブ,70.7,51.5,34.4,17.1,19.2,17.1,17.3,17.1
20260630,トモジャシャトー,66.0,49.5,33.1,16.5,16.5,16.4,16.6,16.5
20260630,メリーサウンド,67.7,50.8,33.7,16.8,16.9,17.1,16.9,16.8
20260630,メイショウミズホ,66.0,48.7,32.2,15.9,17.3,16.5,16.3,15.9
20260630,アニエーネ,67.2,49.6,33.0,16.6,17.6,16.6,16.4,16.6
20260630,グロリアススマイル,68.1,50.8,33.6,16.6,17.3,17.2,17.0,16.6
20260630,ブレイクザアイス,64.0,46.6,29.8,14.5,17.4,16.8,15.3,14.5
20260630,サトノセレナーデ,65.3,47.9,31.5,16.1,17.4,16.4,15.4,16.1
20260630,ガビーズシスター,65.4,48.0,31.0,15.1,17.4,17.0,15.9,15.1
20260630,アレクレア,68.9,50.5,33.1,16.4,18.4,17.4,16.7,16.4
20260630,コスモアチーブ,65.4,47.6,31.3,15.4,17.8,16.3,15.9,15.4
20260630,シャルムグリーン,65.1,47.7,31.5,15.9,17.4,16.2,15.6,15.9
20260630,ムーングレイル,65.4,48.2,30.8,14.6,17.2,17.4,16.2,14.6
20260630,シュガーシャック,65.6,48.2,31.6,15.7,17.4,16.6,15.9,15.7
20260630,キングボーイ,65.4,48.0,31.3,15.6,17.4,16.7,15.7,15.6
20260630,オーケーマドンナ,66.6,48.4,32.2,16.1,18.2,16.2,16.1,16.1
20260630,ルパヴィヨン,66.1,48.7,32.1,16.3,17.4,16.6,15.8,16.3
20260630,アンコンケラブル,63.2,47.0,30.9,15.1,16.2,16.1,15.8,15.1
20260630,メインテーマ,66.2,49.0,32.6,16.7,17.2,16.4,15.9,16.7
20260630,シュネーバレン,62.6,46.7,30.8,15.1,15.9,15.9,15.7,15.1
20260630,ラヴィサンエール,65.7,48.6,32.3,16.6,17.1,16.3,15.7,16.6
20260630,ビースターリー,66.4,49.0,32.0,16.3,17.4,17.0,15.7,16.3
20260630,フィニート,72.6,54.5,36.2,18.9,18.1,18.3,17.3,18.9
20260630,ワンコール,63.3,47.3,31.1,15.5,16.0,16.2,15.6,15.5
20260630,ダノンタッチダウン,67.8,50.6,33.6,17.1,17.2,17.0,16.5,17.1
20260630,ロックオブソシジ,65.2,47.4,31.1,15.3,17.8,16.3,15.8,15.3
20260630,アパッシメント,68.7,50.9,33.9,17.6,17.8,17.0,16.3,17.6
20260630,ラミアメンテ,66.4,48.8,31.7,15.5,17.6,17.1,16.2,15.5
20260630,マイネルボス,67.4,49.1,31.8,15.7,18.3,17.3,16.1,15.7
20260630,アトラップモア,64.0,48.8,32.6,16.3,15.2,16.2,16.3,16.3
20260630,サトノシュトローム,66.4,49.0,31.7,15.9,17.4,17.3,15.8,15.9
20260630,ノワドゥココ,72.1,54.0,35.8,18.1,18.1,18.2,17.7,18.1
20260630,フェスティヴビーム,66.0,48.8,32.0,15.9,17.2,16.8,16.1,15.9
20260630,フロステリオン,67.3,49.8,32.4,16.0,17.5,17.4,16.4,16.0
20260630,ポッドデスペア,64.3,48.5,31.8,15.9,15.8,16.7,15.9,15.9
20260630,フェスティヴハート,67.9,50.5,32.8,15.9,17.4,17.7,16.9,15.9
20260630,ザンテソーロ,61.0,45.7,30.4,15.3,15.3,15.3,15.1,15.3
20260630,クラウンテック,66.2,47.9,31.2,15.4,18.3,16.7,15.8,15.4
20260630,ザンシュトーム,113.1,83.4,55.3,27.9,29.7,28.1,27.4,27.9
20260630,ヤマニンリンキング,113.2,83.2,55.0,27.7,30.0,28.2,27.3,27.7
20260630,ﾏﾛﾝﾍﾞﾙの24,68.8,50.1,32.4,15.9,18.7,17.7,16.5,15.9
20260630,ミュークゼウス,66.2,48.5,31.7,15.8,17.7,16.8,15.9,15.8
20260630,フレイムオブキング,66.6,49.2,32.5,16.0,17.4,16.7,16.5,16.0
20260630,ファータカリーナ,126.5,92.0,59.4,28.5,34.5,32.6,30.9,28.5
20260630,ヤングアメリカンズ,67.2,50.0,33.0,16.4,17.2,17.0,16.6,16.4
20260630,ロゼフェリシア,67.3,49.8,32.8,16.3,17.5,17.0,16.5,16.3
20260630,ミスティユニバンス,66.9,49.9,33.0,16.3,17.0,16.9,16.7,16.3
20260630,エスコルチア,81.5,61.5,41.1,20.9,20.0,20.4,20.2,20.9
20260630,イケイケルノワール,67.9,49.6,32.4,15.8,18.3,17.2,16.6,15.8
20260630,ルーチェルナーレ,67.9,50.3,33.3,16.5,17.6,17.0,16.8,16.5
20260630,エピックジャーニー,67.7,50.4,33.3,16.6,17.3,17.1,16.7,16.6
20260630,コイゾラ,70.2,51.7,34.0,17.0,18.5,17.7,17.0,17.0
20260630,ドナリー,75.2,56.4,37.4,17.7,18.8,19.0,19.7,17.7
20260630,ラフィキ,75.0,56.2,37.2,17.7,18.8,19.0,19.5,17.7
20260630,スカーレットクラン,74.9,56.0,37.0,17.6,18.9,19.0,19.4,17.6
20260630,スマイルディシー,66.2,49.4,32.9,16.8,16.8,16.5,16.1,16.8
20260630,アドマイヤフク,68.2,50.0,33.8,16.5,18.2,16.2,17.3,16.5
20260630,エビスディアーナ,70.5,51.2,33.7,16.6,19.3,17.5,17.1,16.6
20260630,サンマルオブウォー,65.4,48.5,32.1,16.0,16.9,16.4,16.1,16.0
20260630,プラネタリーアワー,69.7,51.9,34.6,17.2,17.8,17.3,17.4,17.2
20260630,リオハリソンメリー,69.0,49.7,32.7,15.9,19.3,17.0,16.8,15.9
20260630,スマートブライド,70.1,50.6,33.4,16.6,19.5,17.2,16.8,16.6
20260630,テキエロ,66.1,49.6,33.0,16.5,16.5,16.6,16.5,16.5
20260630,ビーズスティンガー,66.0,49.5,33.0,17.0,16.5,16.5,16.0,17.0
20260630,ルークスイテルム,66.5,49.6,32.9,16.8,16.9,16.7,16.1,16.8
20260630,ディアファザー,67.5,50.5,34.0,17.6,17.0,16.5,16.4,17.6
20260630,クムシラコ,65.2,47.7,30.5,14.8,17.5,17.2,15.7,14.8
20260630,ウィルソンテソーロ,72.0,51.5,33.7,17.2,20.5,17.8,16.5,17.2
20260630,バトルクライ,71.1,51.6,33.8,17.0,19.5,17.8,16.8,17.0
20260630,ノーブルクライ,70.5,52.4,34.4,17.2,18.1,18.0,17.2,17.2
20260630,ガラスノブルース,66.9,49.5,32.9,16.5,17.4,16.6,16.4,16.5
20260630,フランシスガリバー,67.0,48.4,30.8,15.0,18.6,17.6,15.8,15.0
20260630,ハルカオル,66.2,47.4,30.1,14.6,18.8,17.3,15.5,14.6
20260630,コスモメイウェザー,71.1,51.7,33.8,16.9,19.4,17.9,16.9,16.9
20260630,キャラメルプリン,65.5,48.9,32.7,16.7,16.6,16.2,16.0,16.7
20260630,ナムラドガ,66.9,49.3,33.0,16.8,17.6,16.3,16.2,16.8
20260630,コスモペンタス,62.5,46.3,30.4,15.1,16.2,15.9,15.3,15.1
20260630,ラヴァレード,71.4,51.5,33.6,16.7,19.9,17.9,16.9,16.7
20260630,ゴルタン,69.2,50.7,33.2,16.4,18.5,17.5,16.8,16.4
20260630,エコロブラン,70.2,52.3,34.4,16.9,17.9,17.9,17.5,16.9
20260630,ファーストアライヴ,71.3,51.7,33.7,16.7,19.6,18.0,17.0,16.7
20260630,グランシュレーム,71.6,51.8,33.9,16.6,19.8,17.9,17.3,16.6
20260630,イニシャルポイント,70.6,51.6,33.6,16.7,19.0,18.0,16.9,16.7
20260630,エスコバル,68.7,50.2,32.9,16.3,18.5,17.3,16.6,16.3
20260630,アルバニクス,70.4,51.4,33.6,17.0,19.0,17.8,16.6,17.0
20260630,クライングナウ,63.4,47.4,31.2,15.4,16.0,16.2,15.8,15.4
20260630,タケルムサシ,63.3,47.4,31.0,15.3,15.9,16.4,15.7,15.3
20260630,シルバープレミア,64.6,47.8,31.6,15.9,16.8,16.2,15.7,15.9
20260630,ドリームユー,64.9,48.2,32.1,16.2,16.7,16.1,15.9,16.2
20260630,イチザサンダー,65.8,48.2,31.6,15.8,17.6,16.6,15.8,15.8
20260630,マウンテンジョオー,63.7,47.4,31.4,15.5,16.3,16.0,15.9,15.5
20260630,エルエシック,65.0,48.3,32.4,16.2,16.7,15.9,16.2,16.2
20260630,キセキノエンジェル,65.6,49.2,32.3,15.7,16.4,16.9,16.6,15.7
20260630,ハッピーラッキー,66.7,50.0,33.1,16.9,16.7,16.9,16.2,16.9
20260630,モンツァフレイバー,68.6,50.8,33.7,16.9,17.8,17.1,16.8,16.9
20260630,グレイシエーション,64.8,48.1,31.1,15.8,16.7,17.0,15.3,15.8
20260630,ヤマメゴリュウ,69.0,51.3,33.7,17.0,17.7,17.6,16.7,17.0
20260630,コスモティタノ,65.5,47.4,31.1,15.7,18.1,16.3,15.4,15.7
20260630,コスモイェーガー,65.6,48.9,32.6,15.8,16.7,16.3,16.8,15.8
20260630,キャピタルストーン,68.2,50.8,33.7,16.7,17.4,17.1,17.0,16.7
20260630,ノーブルグランツ,67.9,50.2,33.1,16.3,17.7,17.1,16.8,16.3
20260630,カゼノロマン,68.5,50.4,33.1,16.5,18.1,17.3,16.6,16.5
20260630,ジョイベル,71.8,53.2,34.9,17.1,18.6,18.3,17.8,17.1
20260630,ラクシオンデクラ,66.8,49.8,33.0,16.2,17.0,16.8,16.8,16.2
20260630,エスシーレイジュ,74.5,53.6,34.9,17.3,20.9,18.7,17.6,17.3
20260630,ウインテラジーナ,68.4,50.9,34.3,17.5,17.5,16.6,16.8,17.5
20260630,シェンロン,66.3,49.2,32.5,15.9,17.1,16.7,16.6,15.9
20260630,ｱﾒﾘの24,67.6,50.0,33.1,16.4,17.6,16.9,16.7,16.4
20260630,フォンテキアーラ,65.0,48.4,32.0,16.1,16.6,16.4,15.9,16.1
20260630,サノノファイター,63.5,47.4,31.7,15.7,16.1,15.7,16.0,15.7
20260630,レッドアヴァンティ,63.9,47.7,31.3,15.6,16.2,16.4,15.7,15.6
20260630,ミツカネメルクリオ,65.0,48.5,31.9,16.2,16.5,16.6,15.7,16.2
20260630,ノワールブレイブ,64.4,47.9,31.6,15.9,16.5,16.3,15.7,15.9
20260630,エリカカリーナ,66.5,48.4,31.6,15.4,18.1,16.8,16.2,15.4
20260630,アルファリラエ,69.7,51.5,33.2,16.7,18.2,18.3,16.5,16.7
20260630,ラウンドヒル,68.9,51.1,34.0,17.0,17.8,17.1,17.0,17.0
20260630,レッドエモーション,64.1,47.5,31.2,15.3,16.6,16.3,15.9,15.3
20260630,ジェニスタ,69.4,50.2,32.7,16.1,19.2,17.5,16.6,16.1
20260630,テリオスブギ,68.8,51.3,33.3,16.4,17.5,18.0,16.9,16.4
20260630,ヴァルカモニカ,70.6,51.7,33.9,17.1,18.9,17.8,16.8,17.1
20260630,ブリスフル,66.2,48.4,31.9,16.1,17.8,16.5,15.8,16.1
20260630,ビップムーラン,71.0,52.0,33.6,16.5,19.0,18.4,17.1,16.5
20260630,マリノマーベラス,68.1,50.1,32.6,16.0,18.0,17.5,16.6,16.0
20260630,グランルチャドール,65.7,48.8,31.9,15.8,16.9,16.9,16.1,15.8
20260630,ピコテンダー,64.8,48.0,31.0,15.4,16.8,17.0,15.6,15.4
20260630,デンプシー,65.6,48.7,31.6,15.4,16.9,17.1,16.2,15.4
20260630,ピコランド,65.7,48.4,30.8,15.1,17.3,17.6,15.7,15.1
20260630,ロードベラヴィータ,65.2,47.6,30.4,15.1,17.6,17.2,15.3,15.1
20260630,レッドアバンドーネ,65.1,47.7,30.3,14.3,17.4,17.4,16.0,14.3
20260630,オンザライン,64.0,47.2,30.0,14.9,16.8,17.2,15.1,14.9
20260630,ニヴルヘイム,68.0,50.0,32.7,16.4,18.0,17.3,16.3,16.4
20260630,パワポケグッド,65.3,47.9,31.5,15.6,17.4,16.4,15.9,15.6
20260630,パワポケウォーズ,63.9,47.0,31.0,15.3,16.9,16.0,15.7,15.3
20260630,セプタードアイル,72.1,53.6,35.4,17.8,18.5,18.2,17.6,17.8
20260630,テラシエスタ,59.4,42.1,26.9,13.3,17.3,15.2,13.6,13.3
20260630,マナイアカラニ,63.7,48.0,31.8,15.4,15.7,16.2,16.4,15.4
20260630,ガヤーズアモーレ,63.3,46.8,31.3,15.4,16.5,15.5,15.9,15.4
20260630,マデイラシトリン,63.2,46.9,30.9,15.3,16.3,16.0,15.6,15.3
20260630,フリーマントル,64.3,47.2,30.8,15.4,17.1,16.4,15.4,15.4
20260630,ゴットランド,64.3,47.2,30.5,15.3,17.1,16.7,15.2,15.3
20260630,ユイノサダハル,66.7,48.4,31.8,15.5,18.3,16.6,16.3,15.5
20260630,クライングナウ,64.0,47.3,30.7,15.0,16.7,16.6,15.7,15.0
20260630,タケルムサシ,61.7,46.3,30.5,15.2,15.4,15.8,15.3,15.2
20260630,タイセイネクサス,68.1,50.0,32.8,16.4,18.1,17.2,16.4,16.4
20260630,ノドゥス,67.9,49.8,33.1,16.5,18.1,16.7,16.6,16.5
20260630,ニシノイサリビ,67.9,50.3,33.2,16.7,17.6,17.1,16.5,16.7
20260630,コンフィグシス,68.9,50.9,33.0,15.8,18.0,17.9,17.2,15.8
20260630,スイートオレンジ,67.3,50.1,33.2,16.9,17.2,16.9,16.3,16.9
20260630,プリュノワール,68.1,49.7,32.7,15.8,18.4,17.0,16.9,15.8
20260630,ベルグラース,69.2,50.6,33.2,16.2,18.6,17.4,17.0,16.2
20260630,エマルタ,69.5,51.0,33.3,16.5,18.5,17.7,16.8,16.5
20260630,バセリーナ,71.1,51.8,33.6,16.0,19.3,18.2,17.6,16.0
20260630,カネショウレジェン,64.2,46.8,30.6,15.3,17.4,16.2,15.3,15.3
20260630,ディメンシア,64.7,47.5,31.1,15.8,17.2,16.4,15.3,15.8
20260630,ウェイワードアクト,60.4,44.4,28.8,14.1,16.0,15.6,14.7,14.1
20260630,レイナエヴィータ,61.4,45.8,29.9,14.9,15.6,15.9,15.0,14.9
20260630,オンザボー,61.4,45.8,30.0,15.2,15.6,15.8,14.8,15.2
20260630,ホウオウシュウ,61.6,45.8,30.3,15.2,15.8,15.5,15.1,15.2
20260630,クリムゾンリーフ,65.4,48.6,31.9,15.7,16.8,16.7,16.2,15.7
20260630,レーヴドロペラ,64.2,47.1,31.1,15.9,17.1,16.0,15.2,15.9
20260630,アヴァランチ,69.7,51.3,33.4,16.5,18.4,17.9,16.9,16.5
20260630,フィドルファドル,69.8,51.1,33.3,16.4,18.7,17.8,16.9,16.4
20260630,ベルアズーロ,63.5,46.3,30.1,14.5,17.2,16.2,15.6,14.5
20260630,グランスプリント,66.8,48.3,31.2,15.2,18.5,17.1,16.0,15.2
20260630,ムスペルヘイム,64.8,47.2,31.0,15.1,17.6,16.2,15.9,15.1
20260630,エヒト,60.2,45.1,29.5,14.9,15.1,15.6,14.6,14.9
20260630,ナヴォーナ,63.3,46.3,30.8,15.7,17.0,15.5,15.1,15.7
20260630,マニバドラ,62.1,45.9,30.8,15.7,16.2,15.1,15.1,15.7
20260630,モアニ,61.9,45.4,30.3,15.6,16.5,15.1,14.7,15.6
20260630,ボディブロー,63.0,47.2,32.2,16.7,15.8,15.0,15.5,16.7
20260630,ペガサスノース,63.8,46.4,30.4,15.0,17.4,16.0,15.4,15.0
20260630,スマートクラビ,66.5,47.9,32.2,16.7,18.6,15.7,15.5,16.7
20260630,ウォーターデライト,66.1,48.2,31.9,15.8,17.9,16.3,16.1,15.8
20260630,フィラーエ,64.5,47.4,31.6,15.7,17.1,15.8,15.9,15.7
20260630,パピプペピンク,66.0,47.5,30.3,15.0,18.5,17.2,15.3,15.0
20260630,ニテンイチリュウ,64.1,47.1,31.3,16.1,17.0,15.8,15.2,16.1
20260630,フリーガー,63.9,47.0,31.2,15.6,16.9,15.8,15.6,15.6
20260630,イットガール,61.7,46.0,30.5,14.9,15.7,15.5,15.6,14.9
20260630,ベルドゥニュイ,64.3,47.2,31.4,15.6,17.1,15.8,15.8,15.6
20260630,ボンボンベイビー,62.8,46.1,30.8,15.7,16.7,15.3,15.1,15.7
20260630,スプレンドーレ,61.1,44.9,29.5,14.8,16.2,15.4,14.7,14.8
20260630,スマイルガーデン,62.5,45.4,29.9,14.5,17.1,15.5,15.4,14.5
20260630,タイセイブリオン,65.0,47.3,31.0,15.0,17.7,16.3,16.0,15.0
20260630,タケルレジェンド,66.9,49.5,32.7,16.5,17.4,16.8,16.2,16.5
20260630,レイクイーン,65.2,47.5,31.5,16.4,17.7,16.0,15.1,16.4
20260630,アトランタ,69.4,51.4,33.8,16.7,18.0,17.6,17.1,16.7
20260630,ケンシロウワールド,66.5,48.0,31.8,15.6,18.5,16.2,16.2,15.6
20260630,バクソウシャチョウ,60.4,44.2,28.8,14.4,16.2,15.4,14.4,14.4
20260630,モーデン,66.4,47.9,32.1,15.6,18.5,15.8,16.5,15.6
20260630,グラフィティアート,66.0,48.3,31.9,15.8,17.7,16.4,16.1,15.8
20260630,レッドヴァリアート,65.4,47.4,30.9,14.9,18.0,16.5,16.0,14.9
20260630,ベンティガオルサ,79.8,58.3,38.8,19.7,21.5,19.5,19.1,19.7
20260630,ペイシャシス,66.7,48.7,32.7,15.8,18.0,16.0,16.9,15.8
20260630,ルージュソムニウム,67.4,48.8,32.6,15.9,18.6,16.2,16.7,15.9
20260630,オックスアイ,78.7,58.7,38.2,18.6,20.0,20.5,19.6,18.6
20260630,サメーダン,68.2,50.7,33.4,16.5,17.5,17.3,16.9,16.5
20260630,マリアンデール,67.3,50.0,33.5,16.5,17.3,16.5,17.0,16.5
20260630,ティエルニート,64.5,47.0,31.4,15.4,17.5,15.6,16.0,15.4
20260630,アテンド,67.5,50.2,33.6,16.9,17.3,16.6,16.7,16.9
20260630,シュプレヒコール,72.3,53.7,35.7,17.0,18.6,18.0,18.7,17.0
20260630,フランヴィア,73.4,52.9,33.7,16.5,20.5,19.2,17.2,16.5
20260630,ドナズエクリプス,76.7,56.9,37.4,18.2,19.8,19.5,19.2,18.2
20260630,ベルファスト,66.7,48.9,31.9,15.7,17.8,17.0,16.2,15.7
20260630,インユアパレス,68.0,49.4,32.3,15.9,18.6,17.1,16.4,15.9
20260630,ミヤラティーニ,62.6,47.0,31.2,15.5,15.6,15.8,15.7,15.5
20260630,ラピス,67.2,49.1,32.1,16.1,18.1,17.0,16.0,16.1
20260630,バチラ,62.9,45.5,29.7,14.2,17.4,15.8,15.5,14.2
20260630,エイシンウィスパー,66.7,49.1,32.3,16.1,17.6,16.8,16.2,16.1
20260630,ファイナルコマンド,65.5,48.6,32.3,15.9,16.9,16.3,16.4,15.9
20260630,ココフルール,65.6,48.5,32.0,15.5,17.1,16.5,16.5,15.5
20260630,フォールライン,68.6,51.0,34.3,17.3,17.6,16.7,17.0,17.3
20260630,ハロナ,63.7,46.0,30.0,14.5,17.7,16.0,15.5,14.5
20260630,シャトンダンス,68.6,50.3,32.6,16.0,18.3,17.7,16.6,16.0
20260630,テーオーソラネル,65.5,47.8,31.1,15.2,17.7,16.7,15.9,15.2
20260630,コパノサントス,65.9,47.5,30.8,15.1,18.4,16.7,15.7,15.1
20260630,シャンデルナゴル,66.3,48.0,31.3,15.7,18.3,16.7,15.6,15.7
20260630,ウインリュクス,72.2,52.5,34.2,16.7,19.7,18.3,17.5,16.7
20260630,マーゴットガイア,64.5,46.9,30.7,15.0,17.6,16.2,15.7,15.0
20260630,フィオラーノ,72.0,52.4,33.4,16.1,19.6,19.0,17.3,16.1
20260630,リアライズパリオ,61.6,45.1,29.7,14.5,16.5,15.4,15.2,14.5
20260630,クータモ,64.3,47.5,31.3,15.1,16.8,16.2,16.2,15.1
20260630,ショウナンバラモン,65.3,47.0,30.2,15.3,18.3,16.8,14.9,15.3
20260630,キシュウマミー,65.9,48.5,32.3,16.1,17.4,16.2,16.2,16.1
20260630,ソリドゥス,64.6,48.7,32.7,16.5,15.9,16.0,16.2,16.5
20260630,ﾀｹｼｮｳﾒｰｶｰの24,65.9,48.4,31.6,15.6,17.5,16.8,16.0,15.6
20260630,シャローフォレスト,66.9,48.9,32.0,16.2,18.0,16.9,15.8,16.2
20260630,フラッシングルビー,63.9,47.2,30.6,15.4,16.7,16.6,15.2,15.4
20260630,テンエースワン,68.0,49.7,32.9,16.2,18.3,16.8,16.7,16.2
20260630,ブルーストレイル,66.9,49.0,32.5,15.9,17.9,16.5,16.6,15.9
20260630,カレンラップスター,67.7,49.9,33.2,16.6,17.8,16.7,16.6,16.6
20260630,ジョワイユノエル,64.2,47.2,31.4,15.8,17.0,15.8,15.6,15.8
20260630,アルミラージ,64.3,47.2,31.5,15.9,17.1,15.7,15.6,15.9
20260630,ファイアプレイス,61.8,44.9,28.5,14.2,16.9,16.4,14.3,14.2
20260630,アイアン,62.7,46.2,30.5,15.4,16.5,15.7,15.1,15.4
20260630,ベルトナリテ,62.9,46.2,29.9,14.5,16.7,16.3,15.4,14.5
20260630,ベラジオヴァレル,68.6,49.0,31.4,15.2,19.6,17.6,16.2,15.2
20260630,メリオルヴィア,62.9,45.5,29.7,14.7,17.4,15.8,15.0,14.7
20260630,タガノプディング,65.9,47.9,31.2,15.6,18.0,16.7,15.6,15.6
20260630,オースミサイファー,67.7,49.3,32.7,16.3,18.4,16.6,16.4,16.3
20260630,セルヴァジオ,67.5,48.9,31.6,15.3,18.6,17.3,16.3,15.3
20260630,エイダンバローズ,67.2,48.9,31.2,15.0,18.3,17.7,16.2,15.0
20260630,ルマンサルト,67.1,48.0,31.0,15.0,19.1,17.0,16.0,15.0
20260630,フェリシタル,63.0,46.4,30.3,14.9,16.6,16.1,15.4,14.9
20260630,ルージュミスティカ,67.4,49.4,32.6,16.5,18.0,16.8,16.1,16.5
20260630,サンライズアリオン,60.3,44.5,29.9,15.0,15.8,14.6,14.9,15.0
20260630,ハギノクリーガー,66.6,49.4,32.8,16.3,17.2,16.6,16.5,16.3
20260630,ルージュマデイラ,65.0,48.6,31.6,15.5,16.4,17.0,16.1,15.5
20260630,クリノゴージャス,66.6,49.7,33.2,16.4,16.9,16.5,16.8,16.4
20260630,カトマンズゴールド,63.6,46.1,30.8,15.8,17.5,15.3,15.0,15.8
20260630,ミッキーロビン,66.6,49.1,32.2,15.9,17.5,16.9,16.3,15.9
20260630,リフルフォース,65.4,47.9,31.2,15.1,17.5,16.7,16.1,15.1
20260630,エピッククイーン,62.1,45.4,29.8,15.0,16.7,15.6,14.8,15.0
20260630,ダノンロワール,67.3,49.1,31.9,15.5,18.2,17.2,16.4,15.5
20260630,デュードロップ,59.4,43.5,29.1,14.6,15.9,14.4,14.5,14.6
20260630,プリモマーレ,59.6,44.7,30.1,15.2,14.9,14.6,14.9,15.2
20260630,デアヴェローチェ,62.9,45.6,29.6,14.8,17.3,16.0,14.8,14.8
20260630,ロンリーマン,67.0,49.7,33.1,16.4,17.3,16.6,16.7,16.4
20260630,アームズラムレイ,63.2,46.7,30.7,15.2,16.5,16.0,15.5,15.2
20260630,ジョウゲンノツキ,64.3,46.1,30.1,14.8,18.2,16.0,15.3,14.8
20260630,キングツェッペリン,64.3,46.6,30.4,15.2,17.7,16.2,15.2,15.2
20260630,サウンドモリアーナ,63.0,46.5,30.8,15.2,16.5,15.7,15.6,15.2
20260630,ナリタヒカリ,63.9,46.2,30.2,15.0,17.7,16.0,15.2,15.0
20260630,タワーオブバベル,64.5,45.8,29.4,14.4,18.7,16.4,15.0,14.4
20260630,グランワールド,63.7,46.0,29.6,14.6,17.7,16.4,15.0,14.6
20260630,サーバルマインド,68.7,50.6,33.3,17.1,18.1,17.3,16.2,17.1
20260630,ヴィエントデコラ,68.1,49.6,32.0,15.4,18.5,17.6,16.6,15.4
20260630,ジャスティンゴッホ,67.7,49.2,32.7,16.5,18.5,16.5,16.2,16.5
20260630,ヴェロシオン,65.0,48.3,32.2,15.8,16.7,16.1,16.4,15.8
20260630,ナムラオットー,63.3,47.5,32.0,15.7,15.8,15.5,16.3,15.7
20260630,チェサピークベイ,65.1,48.2,32.5,16.6,16.9,15.7,15.9,16.6
20260630,ラインエレガント,63.5,46.0,30.0,14.8,17.5,16.0,15.2,14.8
20260630,シンゼンノト,61.1,46.6,32.1,16.6,14.5,14.5,15.5,16.6
20260630,ナムラサフラン,63.9,47.6,31.7,15.7,16.3,15.9,16.0,15.7
20260630,ストレングス,64.0,47.6,31.3,15.5,16.4,16.3,15.8,15.5
20260630,ダノンカゼルタ,67.1,49.3,31.6,15.5,17.8,17.7,16.1,15.5
20260630,エアセンチュリー,64.7,47.4,30.9,15.2,17.3,16.5,15.7,15.2
20260630,ヨカオウ,65.3,47.8,31.4,15.5,17.5,16.4,15.9,15.5
20260630,ルージュプルーヴ,64.1,46.2,29.7,14.3,17.9,16.5,15.4,14.3
20260630,ダノンテムズ,64.4,46.8,30.3,14.5,17.6,16.5,15.8,14.5
20260630,ジョウショーツヨシ,64.3,47.2,30.6,15.4,17.1,16.6,15.2,15.4
20260630,グッジョブ,63.2,46.9,30.8,15.1,16.3,16.1,15.7,15.1
20260630,メイショウグロリア,69.9,51.3,33.7,16.6,18.6,17.6,17.1,16.6
20260630,ダンツウルス,64.0,46.5,30.5,15.2,17.5,16.0,15.3,15.2
20260630,ナデシコザクラ,71.0,52.2,34.0,16.3,18.8,18.2,17.7,16.3
20260630,レゾルーティオ,65.5,48.4,31.9,15.6,17.1,16.5,16.3,15.6
20260630,エコロヴァルド,64.8,48.4,31.9,15.8,16.4,16.5,16.1,15.8
20260630,ブラックドレス,66.3,48.1,31.9,15.7,18.2,16.2,16.2,15.7
20260630,メイショウリリー,65.7,48.2,31.7,15.7,17.5,16.5,16.0,15.7
20260630,キャプテンシー,66.7,48.8,31.9,15.6,17.9,16.9,16.3,15.6
20260630,サンライズジュピタ,67.9,49.2,32.0,15.5,18.7,17.2,16.5,15.5
20260630,ユメシバイ,66.5,48.0,30.9,15.6,18.5,17.1,15.3,15.6
20260630,ケイテンアイジン,67.6,49.7,32.6,16.5,17.9,17.1,16.1,16.5
20260630,シックパラソル,67.6,49.2,32.1,16.0,18.4,17.1,16.1,16.0
20260630,ザウリ,66.2,48.4,31.8,16.0,17.8,16.6,15.8,16.0
20260630,ホールネス,68.4,50.2,32.9,16.4,18.2,17.3,16.5,16.4
20260630,アスクヴォルテージ,68.5,50.4,32.9,16.3,18.1,17.5,16.6,16.3
20260630,シビックアスコット,64.8,47.6,31.6,15.5,17.2,16.0,16.1,15.5
20260630,キョウエイクローム,69.6,51.5,35.2,17.1,18.1,16.3,18.1,17.1
20260630,ブエノスオプティマ,67.7,49.4,32.7,16.0,18.3,16.7,16.7,16.0
20260630,オヤツノジカン,67.4,49.5,32.9,16.2,17.9,16.6,16.7,16.2
20260630,ヴィスタグロッサ,70.7,52.5,34.7,17.4,18.2,17.8,17.3,17.4
20260630,アヴレディール,64.2,46.2,30.1,15.2,18.0,16.1,14.9,15.2
20260630,ゾンニッヒ,65.1,47.7,31.5,15.3,17.4,16.2,16.2,15.3
20260630,サフィラ,64.9,47.2,30.9,15.1,17.7,16.3,15.8,15.1
20260630,ヤマニンアルリフラ,76.2,55.4,35.8,17.6,20.8,19.6,18.2,17.6
20260630,フランキーバローズ,63.7,47.3,30.7,15.3,16.4,16.6,15.4,15.3
20260630,マドモアゼルアスク,66.6,47.6,30.3,14.9,19.0,17.3,15.4,14.9
20260630,ウインロズパレード,56.2,40.3,25.8,12.3,15.9,14.5,13.5,12.3
20260630,パラチー,75.3,54.1,35.1,17.2,21.2,19.0,17.9,17.2
20260630,ダノンオブアイデア,64.5,46.9,31.2,15.4,17.6,15.7,15.8,15.4
20260630,ヴィスメンティス,65.8,48.0,30.9,15.5,17.8,17.1,15.4,15.5
20260630,テルヴィセクス,76.7,56.1,36.1,17.5,20.6,20.0,18.6,17.5
20260630,ヤマニンソロイスト,75.0,54.4,34.9,16.5,20.6,19.5,18.4,16.5
20260630,ゴールデンスラム,64.3,47.0,30.2,14.6,17.3,16.8,15.6,14.6
20260630,ペイシャトサモア,54.3,39.7,26.0,12.8,14.6,13.7,13.2,12.8
20260630,レッドバベル,70.5,51.8,34.0,16.5,18.7,17.8,17.5,16.5
20260630,サトノトリニティ,63.6,46.3,29.7,14.7,17.3,16.6,15.0,14.7
20260630,サラサランラン,65.8,48.5,32.3,16.4,17.3,16.2,15.9,16.4
20260630,エコロルーク,68.3,50.4,33.1,16.2,17.9,17.3,16.9,16.2
20260630,ココモフィーバー,64.4,47.2,31.0,15.2,17.2,16.2,15.8,15.2
20260630,ダノンフィガロ,64.8,47.6,31.1,15.3,17.2,16.5,15.8,15.3
20260630,マーブルロック,62.7,45.9,30.2,15.1,16.8,15.7,15.1,15.1
20260630,クスクス,71.0,50.5,33.1,15.9,20.5,17.4,17.2,15.9
20260630,フローラルセント,64.1,47.4,30.7,14.7,16.7,16.7,16.0,14.7
20260630,ベルウェザー,64.5,47.0,31.5,15.7,17.5,15.5,15.8,15.7
20260630,アーブルラーブル,64.1,47.0,30.5,14.6,17.1,16.5,15.9,14.6
20260630,ジョーヴェスタ,69.1,50.7,33.8,17.0,18.4,16.9,16.8,17.0
20260630,レイノルズナンバー,62.3,45.7,29.6,14.5,16.6,16.1,15.1,14.5
20260630,ララディアーブル,68.3,50.0,33.0,16.3,18.3,17.0,16.7,16.3
20260630,ワルトシュタイン,66.3,47.3,31.7,15.7,19.0,15.6,16.0,15.7
20260630,ニシノトリビュート,60.6,44.3,29.3,14.8,16.3,15.0,14.5,14.8
20260630,アンヌグロース,70.3,50.8,32.9,16.1,19.5,17.9,16.8,16.1
20260630,ストロベリーツリー,64.9,47.5,31.7,16.1,17.4,15.8,15.6,16.1
20260630,パープルウインド,65.1,47.9,31.5,15.4,17.2,16.4,16.1,15.4
20260630,エクスマウス,62.4,45.6,30.0,14.8,16.8,15.6,15.2,14.8
20260630,プッシュバーン,65.1,48.0,31.4,15.6,17.1,16.6,15.8,15.6
20260630,ハギノアルデバラン,72.9,52.7,34.6,16.6,20.2,18.1,18.0,16.6
20260630,スリリングチェイス,64.0,47.4,31.2,15.4,16.6,16.2,15.8,15.4
20260630,フェンダー,65.8,48.3,31.4,15.4,17.5,16.9,16.0,15.4
20260630,タガノミスト,65.2,46.9,30.6,15.3,18.3,16.3,15.3,15.3
20260630,イチトゼロノアイダ,65.8,48.0,31.7,15.7,17.8,16.3,16.0,15.7
20260630,ギュルヴィ,64.1,47.4,31.8,15.9,16.7,15.6,15.9,15.9
20260630,スーパービジー,67.0,48.3,32.1,16.2,18.7,16.2,15.9,16.2
20260630,サンライズレマ,64.2,46.6,30.4,15.0,17.6,16.2,15.4,15.0
20260630,ショウナンバンライ,66.3,49.3,32.2,15.5,17.0,17.1,16.7,15.5
20260630,アトゥア,67.3,49.0,32.2,16.0,18.3,16.8,16.2,16.0
20260630,サウンドファイト,64.7,46.8,30.8,15.1,17.9,16.0,15.7,15.1
20260630,コトダマスティール,68.0,50.3,32.1,16.0,17.7,18.2,16.1,16.0
20260630,オメガダフネ,67.4,49.9,32.7,16.5,17.5,17.2,16.2,16.5
20260630,トリオハピネス,72.5,52.7,35.0,16.9,19.8,17.7,18.1,16.9
20260630,ヤマトクオーレ,69.3,50.7,33.8,16.8,18.6,16.9,17.0,16.8
20260630,ヤマトデュノール,69.1,51.1,34.1,17.2,18.0,17.0,16.9,17.2
20260630,コパノキャンペーン,65.0,47.1,30.6,14.9,17.9,16.5,15.7,14.9
20260630,ロードディグニティ,66.4,48.5,32.0,15.9,17.9,16.5,16.1,15.9
20260630,アスクゴクジョウ,66.2,47.5,31.3,15.6,18.7,16.2,15.7,15.6
20260630,ミネットドール,67.9,50.0,32.4,15.6,17.9,17.6,16.8,15.6
20260630,アスクエピソード,63.3,46.3,30.9,15.2,17.0,15.4,15.7,15.2
20260630,トウカイポワール,67.3,48.9,32.0,15.5,18.4,16.9,16.5,15.5
20260630,シャインベック,67.9,49.8,32.7,15.7,18.1,17.1,17.0,15.7
20260630,ピリカサンライズ,66.4,48.3,31.3,15.5,18.1,17.0,15.8,15.5
20260630,コスモグローリー,66.4,48.5,32.1,16.0,17.9,16.4,16.1,16.0
20260630,トウカイジーク,65.1,47.4,30.8,15.3,17.7,16.6,15.5,15.3
20260630,アルウラメファ,64.0,47.1,31.1,15.5,16.9,16.0,15.6,15.5
20260630,テーオーレックス,67.2,49.7,32.7,16.0,17.5,17.0,16.7,16.0
20260630,ワンダーシャッフル,64.1,47.4,30.7,15.2,16.7,16.7,15.5,15.2
20260630,メイショウバルキア,67.3,48.9,31.9,15.5,18.4,17.0,16.4,15.5
20260630,ワイルドカグラ,65.0,48.0,31.4,15.1,17.0,16.6,16.3,15.1
20260630,シエーナカラー,67.0,48.9,32.1,16.3,18.1,16.8,15.8,16.3
20260630,フリーガー,64.3,47.6,31.2,15.3,16.7,16.4,15.9,15.3
20260630,ブルーチップ,66.4,49.0,32.7,15.9,17.4,16.3,16.8,15.9
20260630,ミリオンカラー,68.6,49.6,32.4,16.0,19.0,17.2,16.4,16.0
20260630,ナハティガル,65.6,48.4,31.9,15.8,17.2,16.5,16.1,15.8
20260630,シーグロリオーゾ,65.0,47.4,31.1,15.2,17.6,16.3,15.9,15.2
20260630,シュガーハウス,67.0,48.5,31.5,15.8,18.5,17.0,15.7,15.8
20260630,アスタールテニウム,64.6,47.5,31.2,15.5,17.1,16.3,15.7,15.5
20260630,ジンセイ,63.4,45.7,30.2,15.1,17.7,15.5,15.1,15.1
20260630,バーケンティン,64.4,47.1,30.3,14.6,17.3,16.8,15.7,14.6
20260630,ジュエルハウス,63.9,46.5,30.8,15.2,17.4,15.7,15.6,15.2
20260630,エイシンキタールン,68.4,49.4,32.4,15.8,19.0,17.0,16.6,15.8
20260630,サンライズハリー,63.5,46.8,30.7,15.8,16.7,16.1,14.9,15.8
20260630,ブライトベリル,65.6,47.4,31.0,15.3,18.2,16.4,15.7,15.3
20260630,ヒッグスボソン,67.5,49.3,32.7,16.5,18.2,16.6,16.2,16.5
20260630,システマソラー,64.8,47.4,31.2,15.7,17.4,16.2,15.5,15.7
20260630,アイルトン,65.8,47.5,31.1,15.3,18.3,16.4,15.8,15.3
20260630,キリオス,66.2,48.7,31.5,15.7,17.5,17.2,15.8,15.7
20260630,テイクオーヴァー,69.4,50.3,33.2,16.4,19.1,17.1,16.8,16.4
20260630,タナコクシテンホウ,63.4,46.2,30.3,15.1,17.2,15.9,15.2,15.1
20260630,タナカーン,62.9,45.8,30.3,15.1,17.1,15.5,15.2,15.1
20260630,ランズエンド,69.4,50.3,33.1,16.4,19.1,17.2,16.7,16.4
20260630,シグロデオロ,63.9,46.9,31.2,15.6,17.0,15.7,15.6,15.6
20260630,ルクスグレイス,65.4,48.0,31.6,15.6,17.4,16.4,16.0,15.6
20260630,ワンダーブレット,64.6,47.7,31.4,15.4,16.9,16.3,16.0,15.4
20260630,サンポーニャ,66.4,49.2,32.5,16.2,17.2,16.7,16.3,16.2
20260630,シャンデルナゴル,66.3,48.4,32.1,15.9,17.9,16.3,16.2,15.9
20260630,リアルペガサス,69.7,51.3,34.0,16.6,18.4,17.3,17.4,16.6
20260630,オーケーエンジェル,64.5,46.8,30.4,15.0,17.7,16.4,15.4,15.0
20260630,モルティフレーバー,70.1,51.5,33.9,16.7,18.6,17.6,17.2,16.7
20260630,バレンシア,65.0,47.6,31.0,15.6,17.4,16.6,15.4,15.6
20260630,ロイドウェバー,66.5,49.4,31.9,15.3,17.1,17.5,16.6,15.3
20260630,サトノアイボリー,66.8,49.7,33.1,16.3,17.1,16.6,16.8,16.3
20260630,ロードスタニング,65.8,47.9,30.6,15.0,17.9,17.3,15.6,15.0
20260630,ロンドンガーズ,62.3,46.1,30.3,15.0,16.2,15.8,15.3,15.0
20260630,ホットロッドハート,65.0,48.1,31.2,15.7,16.9,16.9,15.5,15.7
20260630,スズカミエール,66.7,48.6,31.6,15.8,18.1,17.0,15.8,15.8
20260630,ニシノミチアキ,66.3,47.7,30.5,15.2,18.6,17.2,15.3,15.2
20260630,ドルチェリターン,66.9,48.1,31.0,15.0,18.8,17.1,16.0,15.0
20260630,セガンティーニ,64.9,46.6,30.2,14.7,18.3,16.4,15.5,14.7
20260630,グランブリーゼ,66.0,49.0,32.4,16.4,17.0,16.6,16.0,16.4
20260630,エイシンビーコン,65.0,47.4,30.3,14.9,17.6,17.1,15.4,14.9
20260630,エルトンバローズ,68.3,50.6,34.0,17.4,17.7,16.6,16.6,17.4
20260630,シゲルショウグン,69.4,51.1,33.5,16.9,18.3,17.6,16.6,16.9
20260630,インブロリオ,67.1,49.5,32.6,16.2,17.6,16.9,16.4,16.2
20260630,ホウショウマリス,65.8,48.0,31.1,15.3,17.8,16.9,15.8,15.3
20260630,カレンラップスター,69.3,50.9,33.6,17.1,18.4,17.3,16.5,17.1
20260630,カセノコンコルド,64.6,47.2,30.9,15.3,17.4,16.3,15.6,15.3
20260630,ダークマルス,67.0,49.7,33.0,16.3,17.3,16.7,16.7,16.3
20260630,スピーチバルーン,67.3,49.2,31.9,15.8,18.1,17.3,16.1,15.8
20260630,ウルトラハート,67.2,50.3,33.0,16.7,16.9,17.3,16.3,16.7
20260630,ビケイムフリー,67.6,49.3,32.2,15.8,18.3,17.1,16.4,15.8
20260630,ホウオウモチーヴ,65.3,47.6,31.1,15.3,17.7,16.5,15.8,15.3
20260630,エイシンニケ,67.7,49.6,32.1,15.8,18.1,17.5,16.3,15.8
20260630,ジーティーマローネ,65.4,47.8,31.6,15.8,17.6,16.2,15.8,15.8
20260630,エボニーウイング,65.4,48.2,32.2,16.1,17.2,16.0,16.1,16.1
20260630,オーロラエックス,67.4,49.7,33.0,16.2,17.7,16.7,16.8,16.2
20260630,カネコメファミリー,65.1,48.5,32.2,16.0,16.6,16.3,16.2,16.0
20260630,ステラネージュ,67.1,49.3,32.6,16.3,17.8,16.7,16.3,16.3
20260630,タイセイフリーデン,70.2,52.6,34.7,17.6,17.6,17.9,17.1,17.6
20260630,ドントゥール,66.5,49.2,32.9,16.3,17.3,16.3,16.6,16.3
20260630,ノヴァレジーナ,66.9,49.2,33.0,16.4,17.7,16.2,16.6,16.4
20260630,マルモリムソウ,70.0,52.5,34.9,17.5,17.5,17.6,17.4,17.5
20260630,ティンティンデオ,65.5,48.1,31.4,15.5,17.4,16.7,15.9,15.5
20260630,ダイシンレアレア,66.0,48.2,31.5,15.4,17.8,16.7,16.1,15.4
20260630,ルーセントムーン,63.9,47.9,31.5,15.7,16.0,16.4,15.8,15.7
20260630,マウンテンバローズ,66.4,49.4,33.4,16.6,17.0,16.0,16.8,16.6
20260630,プリティウーマン,66.2,49.8,33.1,16.6,16.4,16.7,16.5,16.6
20260630,レッドパラジウム,68.7,49.9,33.1,16.2,18.8,16.8,16.9,16.2
20260630,ゴールドショーマン,65.0,48.7,32.4,15.8,16.3,16.3,16.6,15.8
20260630,ギブアンドギブ,63.5,47.0,30.8,15.2,16.5,16.2,15.6,15.2
20260630,ロードアウォード,65.2,48.0,30.9,14.8,17.2,17.1,16.1,14.8
20260630,ビズロード,65.3,47.0,31.3,15.5,18.3,15.7,15.8,15.5
20260630,チェカ,66.1,47.1,30.7,15.2,19.0,16.4,15.5,15.2
20260630,フェミナンジェンヌ,66.1,48.7,31.7,15.7,17.4,17.0,16.0,15.7
20260630,ノクスカンパーナ,63.3,46.1,29.6,14.5,17.2,16.5,15.1,14.5
20260630,スレイクイーン,62.3,45.4,29.6,14.7,16.9,15.8,14.9,14.7
20260630,キシダンチョウ,62.1,46.0,30.8,15.3,16.1,15.2,15.5,15.3
20260630,ホウオウワイズ,64.2,47.3,31.1,14.9,16.9,16.2,16.2,14.9
20260630,ゴルディアス,65.1,48.0,31.4,15.3,17.1,16.6,16.1,15.3
20260630,メイショウジェード,68.3,50.6,33.2,16.6,17.7,17.4,16.6,16.6
20260630,ケイアイクビラ,68.2,50.7,33.5,16.8,17.5,17.2,16.7,16.8
20260630,オールナット,69.6,50.3,33.3,16.4,19.3,17.0,16.9,16.4
20260630,カレントゥルーシー,67.8,49.8,32.5,16.1,18.0,17.3,16.4,16.1
20260630,ミヤノラングリー,66.2,49.4,32.7,16.3,16.8,16.7,16.4,16.3
20260630,シュプリームレルム,71.3,51.7,34.0,16.3,19.6,17.7,17.7,16.3
20260630,クロワール,65.1,47.2,31.3,15.7,17.9,15.9,15.6,15.7
20260630,メイショウヴィータ,67.5,49.6,32.7,16.4,17.9,16.9,16.3,16.4
20260630,ナムラメアリー,67.7,49.4,32.3,16.1,18.3,17.1,16.2,16.1
20260630,ツーエムマドンナ,68.5,50.6,33.2,16.5,17.9,17.4,16.7,16.5
20260630,シャインユウ,69.4,50.7,33.2,16.6,18.7,17.5,16.6,16.6
20260630,オタルエバー,65.9,47.9,31.5,15.5,18.0,16.4,16.0,15.5
20260630,ケイアイワイラーパ,63.6,46.6,30.3,15.3,17.0,16.3,15.0,15.3
20260630,イリフィ,72.6,53.0,34.8,17.5,19.6,18.2,17.3,17.5
20260630,スナークホクサイ,66.0,48.6,31.9,15.8,17.4,16.7,16.1,15.8
20260630,リヴァイ,74.9,54.2,35.3,17.4,20.7,18.9,17.9,17.4
20260630,カモンレイル,66.4,49.7,33.1,16.6,16.7,16.6,16.5,16.6
20260630,メイショウジーニー,66.5,49.2,32.4,16.4,17.3,16.8,16.0,16.4
20260630,ルージュルガーノ,68.0,50.2,33.3,16.5,17.8,16.9,16.8,16.5
20260630,ロマノヴェリテ,65.9,48.6,32.3,15.9,17.3,16.3,16.4,15.9
20260630,オンアロール,75.2,54.3,35.7,17.6,20.9,18.6,18.1,17.6
20260630,ハクサンリング,65.3,48.0,31.5,15.5,17.3,16.5,16.0,15.5
20260630,ファーストアタック,67.0,48.8,31.9,15.6,18.2,16.9,16.3,15.6
20260630,ペプチドカトレア,64.6,46.7,30.2,14.5,17.9,16.5,15.7,14.5
20260630,ゴールデンレシオ,65.8,48.7,32.2,15.8,17.1,16.5,16.4,15.8
20260630,テムスターオー,67.0,49.6,32.4,16.4,17.4,17.2,16.0,16.4
20260630,ゼンノツキヨミ,70.6,52.3,35.3,17.7,18.3,17.0,17.6,17.7
20260630,ムーヴザニードル,62.9,44.5,29.0,14.5,18.4,15.5,14.5,14.5
20260630,テーオータウンズ,66.4,50.5,33.8,16.5,15.9,16.7,17.3,16.5
20260630,ウィスカーパッド,64.2,47.7,32.2,16.8,16.5,15.5,15.4,16.8
20260630,セレーネサンライズ,77.4,57.2,38.3,19.3,20.2,18.9,19.0,19.3
20260630,ワイドブラーヴ,70.9,54.4,37.1,18.9,16.5,17.3,18.2,18.9
20260630,フェーエンハフト,66.3,49.6,33.0,16.3,16.7,16.6,16.7,16.3
20260630,マテンロウジョイ,64.8,47.6,31.4,15.6,17.2,16.2,15.8,15.6
20260630,フォーチュンライド,68.3,49.5,32.1,16.1,18.8,17.4,16.0,16.1
20260630,ダンツカレン,66.7,48.4,31.1,15.8,18.3,17.3,15.3,15.8
20260630,ミッキーマーメイド,65.0,49.0,32.2,15.9,16.0,16.8,16.3,15.9
20260630,ファランギーナ,63.4,47.1,31.5,16.0,16.3,15.6,15.5,16.0
20260630,モンテパステル,64.9,48.3,31.1,15.2,16.6,17.2,15.9,15.2
20260630,レイティス,65.3,47.2,31.1,15.2,18.1,16.1,15.9,15.2
20260630,ジーティーマンフク,65.9,48.8,32.4,16.2,17.1,16.4,16.2,16.2
20260630,ムーンノクターン,64.2,46.9,31.0,15.2,17.3,15.9,15.8,15.2
20260630,シンドリームシン,63.6,46.3,30.4,15.3,17.3,15.9,15.1,15.3
20260630,ヴィスマール,67.7,50.4,33.2,16.5,17.3,17.2,16.7,16.5
20260630,ヤマニンアルリフラ,69.2,50.7,33.3,16.5,18.5,17.4,16.8,16.5
20260630,センツブラッド,70.1,51.1,33.6,16.6,19.0,17.5,17.0,16.6
20260630,メイショウアボット,65.1,48.5,32.8,16.9,16.6,15.7,15.9,16.9
20260630,バニーラビット,66.0,47.5,30.4,15.2,18.5,17.1,15.2,15.2
20260630,サウンドムーブ,69.6,50.9,33.4,16.5,18.7,17.5,16.9,16.5
20260630,カワキタベレッタ,64.7,47.2,30.8,15.4,17.5,16.4,15.4,15.4
20260630,ゴッドアミーラ,67.0,49.2,32.5,16.3,17.8,16.7,16.2,16.3
20260630,サウンドヴィヴァン,70.1,51.2,33.8,16.7,18.9,17.4,17.1,16.7
20260630,タガノランパート,66.9,49.8,33.0,16.3,17.1,16.8,16.7,16.3
20260630,テルヴィセクス,68.9,50.8,33.3,16.5,18.1,17.5,16.8,16.5
20260630,ヤマニンソロイスト,68.4,51.0,33.4,16.7,17.4,17.6,16.7,16.7
20260630,アクロフェイズ,67.7,50.4,32.9,16.5,17.3,17.5,16.4,16.5
20260630,アセンシオン,65.6,47.4,30.5,14.7,18.2,16.9,15.8,14.7
20260630,ルナパッショーネ,68.4,50.6,33.1,16.4,17.8,17.5,16.7,16.4
20260630,エルドボルグ,70.3,51.1,33.7,16.6,19.2,17.4,17.1,16.6
20260630,ヴォルテックス,67.3,49.7,33.1,16.1,17.6,16.6,17.0,16.1
20260630,ブレイクガール,66.2,47.7,30.7,15.6,18.5,17.0,15.1,15.6
20260630,リカンカブール,65.2,48.0,31.8,15.9,17.2,16.2,15.9,15.9
20260630,ソーニーイシュー,67.3,48.7,31.4,15.3,18.6,17.3,16.1,15.3
20260630,ラブカムーン,66.0,47.6,31.2,15.6,18.4,16.4,15.6,15.6
20260630,ディーエスショウマ,62.3,45.7,30.0,15.1,16.6,15.7,14.9,15.1
20260630,タガノアビー,71.7,52.2,34.0,16.7,19.5,18.2,17.3,16.7
20260630,サトノライトニング,68.7,50.0,32.7,16.2,18.7,17.3,16.5,16.2
20260630,ブライトココナッツ,67.8,50.1,32.6,16.6,17.7,17.5,16.0,16.6
20260630,ラミエルノムスコ,66.2,48.6,32.4,16.1,17.6,16.2,16.3,16.1
20260630,ショルタメンテ,67.7,49.2,32.4,16.0,18.5,16.8,16.4,16.0
20260630,デアアテナ,67.9,49.4,32.5,16.0,18.5,16.9,16.5,16.0
20260630,カミノトップワン,67.2,49.4,32.3,15.8,17.8,17.1,16.5,15.8
20260630,ジョリープリュム,68.5,50.3,33.3,16.5,18.2,17.0,16.8,16.5
20260630,ディーエスシン,69.2,50.6,33.0,16.2,18.6,17.6,16.8,16.2
20260630,イテルム,67.8,49.9,33.2,16.5,17.9,16.7,16.7,16.5
20260630,メリオーレム,64.5,48.3,31.9,15.6,16.2,16.4,16.3,15.6
20260630,ハヤテノツバサ,65.0,46.6,30.1,14.9,18.4,16.5,15.2,14.9
20260630,ワンダーゾルダート,61.0,44.7,29.6,14.9,16.3,15.1,14.7,14.9
20260630,バックドラフト,65.5,47.8,31.5,15.7,17.7,16.3,15.8,15.7
20260630,トップオブザライン,64.6,47.1,31.3,15.9,17.5,15.8,15.4,15.9
20260630,ゴーイングムーン,63.3,46.9,31.5,15.5,16.4,15.4,16.0,15.5
20260630,サトノグロリア,65.7,48.1,31.9,16.2,17.6,16.2,15.7,16.2
20260630,ハヤテノオジョー,65.2,47.7,30.1,14.3,17.5,17.6,15.8,14.3
20260630,ホープフルロマン,64.3,47.4,31.3,15.6,16.9,16.1,15.7,15.6
20260630,スティルラブハー,65.2,47.0,29.7,14.6,18.2,17.3,15.1,14.6
20260630,インティサール,65.1,47.8,30.7,14.6,17.3,17.1,16.1,14.6
20260630,ナムラハリス,65.4,47.9,31.9,16.4,17.5,16.0,15.5,16.4
20260630,ゴールドアベニュー,63.9,46.6,30.5,15.3,17.3,16.1,15.2,15.3
20260630,テイエムプレミラン,62.5,46.3,31.0,15.8,16.2,15.3,15.2,15.8
20260630,ジーティーキンセイ,64.3,47.7,31.8,16.1,16.6,15.9,15.7,16.1
20260630,コスモルミナ,64.2,47.6,31.7,16.0,16.6,15.9,15.7,16.0
20260630,クラヴァンス,64.7,47.8,31.3,15.5,16.9,16.5,15.8,15.5
20260630,ダノンワンダー,61.5,46.0,31.0,15.5,15.5,15.0,15.5,15.5
20260630,テスティモーネ,66.4,48.6,31.9,15.6,17.8,16.7,16.3,15.6
20260630,ベルメサージュ,66.3,48.7,31.9,15.7,17.6,16.8,16.2,15.7
20260630,アラタマフェーヴル,69.0,50.6,34.4,17.0,18.4,16.2,17.4,17.0
20260630,リトセア,76.6,55.6,36.4,18.0,21.0,19.2,18.4,18.0
20260630,ランウインディ,65.2,49.4,33.2,16.4,15.8,16.2,16.8,16.4
20260630,メルキオル,72.4,53.4,35.4,17.6,19.0,18.0,17.8,17.6
20260630,ペプチドクレマチス,66.7,48.6,32.1,16.1,18.1,16.5,16.0,16.1
20260630,エルヴィオラ,65.3,48.2,32.1,15.7,17.1,16.1,16.4,15.7
20260630,デルマトカチ,64.3,47.2,32.0,16.3,17.1,15.2,15.7,16.3
20260630,レヴロード,63.9,47.9,32.6,16.6,16.0,15.3,16.0,16.6
20260630,シーザットガール,65.5,47.5,31.6,16.2,18.0,15.9,15.4,16.2
20260630,カズゴルティス,66.1,48.8,32.0,15.7,17.3,16.8,16.3,15.7
20260630,コウセキ,68.9,50.0,32.8,16.4,18.9,17.2,16.4,16.4
20260630,ロンバルドシチー,68.7,49.8,32.3,15.5,18.9,17.5,16.8,15.5
20260630,ムーンリットビーチ,67.3,49.7,32.9,16.3,17.6,16.8,16.6,16.3
20260630,トーアライデン,64.8,47.3,31.5,16.0,17.5,15.8,15.5,16.0
20260630,アキノビューティー,75.4,55.3,36.3,17.9,20.1,19.0,18.4,17.9
20260630,ビースペシフィック,69.1,50.2,33.1,16.1,18.9,17.1,17.0,16.1
20260630,リカンカブール,64.4,47.5,31.2,15.6,16.9,16.3,15.6,15.6
20260630,マナエトレ,68.8,50.8,34.1,17.2,18.0,16.7,16.9,17.2
20260630,サニーサルサ,63.1,45.7,30.9,15.7,17.4,14.8,15.2,15.7
20260630,サトノライトニング,63.9,47.1,30.7,15.0,16.8,16.4,15.7,15.0
20260630,マダムカマラード,64.5,47.4,31.3,15.6,17.1,16.1,15.7,15.6
20260630,メイショウカスガイ,65.1,48.0,32.1,16.4,17.1,15.9,15.7,16.4
20260630,ラグナトーレ,67.7,49.3,32.5,16.3,18.4,16.8,16.2,16.3
20260630,キュクロープス,65.6,47.7,31.1,15.5,17.9,16.6,15.6,15.5
20260630,ラウニウ,61.8,45.9,30.1,14.9,15.9,15.8,15.2,14.9
20260630,ジャスパーソレイユ,63.2,47.4,31.4,15.3,15.8,16.0,16.1,15.3
20260630,メイショウフレア,68.4,50.3,33.1,16.3,18.1,17.2,16.8,16.3
20260630,ランゲ,68.1,50.1,33.0,16.2,18.0,17.1,16.8,16.2
20260630,ﾒｲｼｮｳﾏﾝｻｸの24,68.8,50.2,32.7,15.8,18.6,17.5,16.9,15.8
20260630,ヴェルテンベルク,63.9,46.9,30.9,15.2,17.0,16.0,15.7,15.2
20260630,ビエントゾンダ,66.6,48.7,31.7,15.5,17.9,17.0,16.2,15.5
20260630,ハマナスノサクコロ,68.0,49.7,32.9,16.4,18.3,16.8,16.5,16.4
20260630,ウインクローバー,70.7,52.2,35.4,18.1,18.5,16.8,17.3,18.1
20260630,アーデルプレミア,72.3,54.2,36.3,18.2,18.1,17.9,18.1,18.2
20260630,イグニション,73.3,52.6,33.1,15.9,20.7,19.5,17.2,15.9
20260630,アイファーモービル,66.6,48.0,31.4,16.1,18.6,16.6,15.3,16.1
20260630,キョラムン,66.2,48.2,31.8,15.7,18.0,16.4,16.1,15.7
20260630,タガノエルー,68.5,50.7,33.9,16.9,17.8,16.8,17.0,16.9
20260630,コパノマハロ,70.3,52.6,34.8,17.6,17.7,17.8,17.2,17.6
20260630,ノンヴェドローラ,69.2,51.3,34.0,16.9,17.9,17.3,17.1,16.9
20260630,メルキオル,63.5,47.9,31.8,15.8,15.6,16.1,16.0,15.8
20260630,アカウフリューゲル,72.2,52.3,34.6,17.4,19.9,17.7,17.2,17.4
20260630,サンライズビッグ,66.3,48.8,32.3,16.1,17.5,16.5,16.2,16.1
20260630,サンライズエイト,66.6,49.2,32.6,16.1,17.4,16.6,16.5,16.1
20260630,シャローチャンプ,66.6,49.0,32.3,15.8,17.6,16.7,16.5,15.8
20260630,タイセイレスポンス,67.3,49.2,33.0,16.9,18.1,16.2,16.1,16.9
20260630,ファミーリエ,71.9,53.2,35.1,18.0,18.7,18.1,17.1,18.0
20260630,レイデラティエラ,66.2,48.3,31.5,15.7,17.9,16.8,15.8,15.7
20260630,ソリスディエス,66.4,48.8,32.4,16.3,17.6,16.4,16.1,16.3
20260630,コイバナ,67.4,49.3,32.1,16.1,18.1,17.2,16.0,16.1
20260630,ハツアカネ,65.3,48.7,32.2,16.1,16.6,16.5,16.1,16.1
20260630,ヴェルサイユローズ,64.8,47.0,31.4,15.3,17.8,15.6,16.1,15.3
20260630,アージュドール,71.5,51.3,33.9,16.9,20.2,17.4,17.0,16.9
20260630,アオイハルカ,65.9,49.4,32.8,16.6,16.5,16.6,16.2,16.6
20260630,クラリスバローズ,67.4,49.6,32.4,16.2,17.8,17.2,16.2,16.2
20260630,ベニバナ,68.3,50.8,34.3,17.3,17.5,16.5,17.0,17.3
20260630,ナミオトノヒビキ,66.4,49.9,33.8,17.4,16.5,16.1,16.4,17.4
20260630,シュヴァルツリーベ,61.9,45.5,29.9,15.0,16.4,15.6,14.9,15.0
20260630,アンクルクロス,66.0,47.9,31.7,15.8,18.1,16.2,15.9,15.8
20260630,マナエトレ,71.5,51.9,34.2,17.3,19.6,17.7,16.9,17.3
20260630,ライムシロップ,65.8,50.7,33.9,16.6,15.1,16.8,17.3,16.6
20260630,アメティスタ,61.9,44.9,29.9,15.2,17.0,15.0,14.7,15.2
20260630,サンライズロイ,62.7,45.9,29.6,14.9,16.8,16.3,14.7,14.9
20260630,ファラオクィーン,62.8,45.9,30.0,14.7,16.9,15.9,15.3,14.7
20260630,メイショウシュハリ,69.5,50.4,33.1,16.2,19.1,17.3,16.9,16.2
20260630,プロスト,67.5,48.7,31.5,15.5,18.8,17.2,16.0,15.5
20260630,アッセクシー,68.2,49.8,32.9,16.3,18.4,16.9,16.6,16.3
20260630,テーオーカメリア,65.6,47.7,31.2,15.0,17.9,16.5,16.2,15.0
20260630,サイモンジェセル,67.8,48.6,31.5,15.7,19.2,17.1,15.8,15.7
20260630,タマモフリージア,69.0,50.8,33.1,16.6,18.2,17.7,16.5,16.6
20260630,ローズカリス,69.1,50.9,33.4,16.5,18.2,17.5,16.9,16.5
20260630,ベラジオリン,68.2,49.2,31.0,14.7,19.0,18.2,16.3,14.7
20260630,キムタックフェイス,67.0,49.4,32.5,15.9,17.6,16.9,16.6,15.9
20260630,シュラザック,65.6,48.0,31.7,15.4,17.6,16.3,16.3,15.4
20260630,マイフレダ,67.5,49.9,32.9,16.5,17.6,17.0,16.4,16.5
20260630,ゲームイズマイン,71.0,50.9,33.2,16.5,20.1,17.7,16.7,16.5
20260630,ヴェロクオーレ,71.5,51.2,32.6,15.8,20.3,18.6,16.8,15.8
20260630,マリナーヴァレイ,68.3,48.6,31.2,15.3,19.7,17.4,15.9,15.3
20260630,ブラックブレット,65.2,48.6,32.4,16.4,16.6,16.2,16.0,16.4
20260630,ウインデイジー,67.6,49.4,32.6,16.3,18.2,16.8,16.3,16.3
20260630,ノーブルスカイ,63.4,46.5,31.2,15.9,16.9,15.3,15.3,15.9
20260630,スピリットライズ,65.8,48.0,31.3,15.2,17.8,16.7,16.1,15.2
20260630,ワンダーリュクス,65.2,48.0,31.7,16.1,17.2,16.3,15.6,16.1
20260630,ビーアイジーニー,63.4,46.1,30.4,15.2,17.3,15.7,15.2,15.2
20260630,ラッキーストーン,66.2,48.1,31.5,15.1,18.1,16.6,16.4,15.1
20260630,アーデントアイ,65.8,47.4,30.2,14.7,18.4,17.2,15.5,14.7
20260630,グランエール,66.7,48.4,31.8,15.6,18.3,16.6,16.2,15.6
20260630,アイルエクラ,62.7,45.6,30.1,15.4,17.1,15.5,14.7,15.4
20260630,アルトゥーム,61.4,44.6,29.4,14.6,16.8,15.2,14.8,14.6
20260630,レーゼドラマ,61.8,44.6,29.0,14.3,17.2,15.6,14.7,14.3
20260630,コースタルロード,63.7,46.5,29.9,15.1,17.2,16.6,14.8,15.1
20260630,ルートサーティーン,62.4,45.9,30.2,15.0,16.5,15.7,15.2,15.0
20260630,チェファルー,65.5,48.0,31.1,15.3,17.5,16.9,15.8,15.3
20260630,ロードフリューゲル,68.0,49.8,33.2,16.9,18.2,16.6,16.3,16.9
20260630,ブレイクアウェイ,66.9,47.5,30.3,14.5,19.4,17.2,15.8,14.5
20260630,ベラジオパンテーラ,68.1,49.7,32.4,15.9,18.4,17.3,16.5,15.9
20260630,ギザキズラヴ,65.2,46.7,29.9,14.7,18.5,16.8,15.2,14.7
20260630,リカード,67.1,47.5,30.5,14.6,19.6,17.0,15.9,14.6
20260630,フェブリノ,70.5,49.7,30.1,14.7,20.8,19.6,15.4,14.7
20260630,トライアンドエラー,67.4,48.0,30.7,15.1,19.4,17.3,15.6,15.1
20260630,ドンインザムード,66.7,48.5,31.5,15.8,18.2,17.0,15.7,15.8
20260630,エナジーイッセイ,69.1,49.2,32.6,16.3,19.9,16.6,16.3,16.3
20260630,トッレブランカ,66.3,49.3,32.8,16.2,17.0,16.5,16.6,16.2
20260630,エイシンジュウライ,68.1,50.1,33.3,16.6,18.0,16.8,16.7,16.6
20260630,オーバーシュタイン,67.0,48.9,32.3,16.1,18.1,16.6,16.2,16.1
20260630,リンフレスカンテ,64.8,47.6,32.0,16.2,17.2,15.6,15.8,16.2
20260630,ムソウテンセイ,71.5,52.4,34.0,17.0,19.1,18.4,17.0,17.0
20260630,スーサンコルティナ,69.3,51.0,34.0,17.3,18.3,17.0,16.7,17.3
20260630,マコトエウロペ,74.4,53.4,34.6,17.0,21.0,18.8,17.6,17.0
20260630,メイショウドキョウ,63.7,46.5,30.7,15.3,17.2,15.8,15.4,15.3
20260630,ドットカモン,65.9,48.5,32.3,16.3,17.4,16.2,16.0,16.3
20260630,ポニーテール,62.8,45.5,28.9,14.2,17.3,16.6,14.7,14.2
20260630,ドラゴンファントム,65.1,48.1,32.1,16.3,17.0,16.0,15.8,16.3
20260630,コックスコーム,63.9,46.8,30.9,15.5,17.1,15.9,15.4,15.5
20260630,アレ,64.2,47.9,31.9,15.7,16.3,16.0,16.2,15.7
20260630,タイムレスフレアー,64.0,47.4,31.2,16.0,16.6,16.2,15.2,16.0
20260630,ブームバップビート,65.9,48.9,31.6,15.2,17.0,17.3,16.4,15.2
20260630,スウィートライト,70.3,52.4,34.0,16.9,17.9,18.4,17.1,16.9
20260630,キリマンジェロタフ,70.7,52.1,34.0,17.0,18.6,18.1,17.0,17.0
20260630,エモティコン,64.2,46.9,30.3,15.6,17.3,16.6,14.7,15.6
20260630,エールヴォル,68.9,50.1,32.3,16.0,18.8,17.8,16.3,16.0
20260630,タマモナポリ,67.2,49.0,32.1,15.9,18.2,16.9,16.2,15.9
20260630,ヴィヴァシャス,62.9,46.0,30.1,14.9,16.9,15.9,15.2,14.9
20260630,ウインマスカレード,64.6,47.3,31.3,15.5,17.3,16.0,15.8,15.5
20260630,ベルフィーノ,66.2,47.2,31.1,15.9,19.0,16.1,15.2,15.9
20260630,ミスティックレイン,67.9,49.3,32.4,16.3,18.6,16.9,16.1,16.3
20260630,ウィモウェ,68.3,48.6,32.1,16.0,19.7,16.5,16.1,16.0
20260630,サンデーファンデー,64.1,47.1,31.5,15.5,17.0,15.6,16.0,15.5
20260630,プウスカンドゥール,63.1,46.7,30.6,15.2,16.4,16.1,15.4,15.2
20260630,アブキールベイ,63.0,47.2,31.7,15.8,15.8,15.5,15.9,15.8
20260630,ザキノシュガー,63.2,47.0,31.6,16.1,16.2,15.4,15.5,16.1
20260630,ウインガウェイン,69.7,50.3,33.1,16.1,19.4,17.2,17.0,16.1
20260630,ツーエムブレード,65.1,48.1,32.0,15.9,17.0,16.1,16.1,15.9
20260630,グッデイチャイカ,63.1,47.0,31.7,16.1,16.1,15.3,15.6,16.1
20260630,ヴォメロ,64.5,47.4,31.2,15.6,17.1,16.2,15.6,15.6
20260630,ヒャクギマル,64.9,46.7,30.3,14.7,18.2,16.4,15.6,14.7
20260630,フルフィルメント,64.6,47.0,30.7,15.1,17.6,16.3,15.6,15.1
20260630,ミネルヴァ,64.8,47.9,31.5,15.7,16.9,16.4,15.8,15.7
20260630,ブルーノート,62.7,45.2,30.0,15.1,17.5,15.2,14.9,15.1
20260630,サイモンシュバリエ,63.6,45.6,29.9,14.8,18.0,15.7,15.1,14.8
20260630,ウィスピア,69.3,51.0,34.0,17.3,18.3,17.0,16.7,17.3
20260630,ケイアイブラック,65.9,47.9,31.6,15.6,18.0,16.3,16.0,15.6
20260630,クロリス,65.2,47.5,31.8,15.8,17.7,15.7,16.0,15.8
20260630,レディントン,72.8,54.2,36.0,17.8,18.6,18.2,18.2,17.8
20260630,ジョバンニ,76.7,56.0,36.4,17.9,20.7,19.6,18.5,17.9
20260630,レッドシュテルン,70.4,52.6,34.3,16.7,17.8,18.3,17.6,16.7
20260630,サンタカタリナ,72.8,53.8,35.9,17.5,19.0,17.9,18.4,17.5
20260630,ゲタリア,70.9,52.2,34.5,16.8,18.7,17.7,17.7,16.8
20260630,タガノアバンドーネ,69.2,50.8,33.6,17.1,18.4,17.2,16.5,17.1
20260630,ｷｮｳﾜｾﾞﾉﾋﾞｱの24,70.8,52.0,34.8,17.4,18.8,17.2,17.4,17.4
20260630,シャリキモン,52.8,38.7,25.4,12.6,14.1,13.3,12.8,12.6
20260630,プロトポロス,64.0,47.2,30.9,15.2,16.8,16.3,15.7,15.2
20260630,サトノブリジャール,61.7,45.9,30.2,14.9,15.8,15.7,15.3,14.9
20260630,ジェルブロア,63.8,46.8,30.7,15.1,17.0,16.1,15.6,15.1
20260630,ワンダフルボンド,64.6,47.9,31.6,15.2,16.7,16.3,16.4,15.2
20260630,マヴィ,65.6,49.6,33.0,16.3,16.0,16.6,16.7,16.3
20260630,ラッキーシグネチャ,62.9,46.3,30.5,15.3,16.6,15.8,15.2,15.3
20260630,ドリームプレミア,63.0,46.9,30.9,15.5,16.1,16.0,15.4,15.5
20260630,ノーマンデー,68.7,50.9,33.3,16.2,17.8,17.6,17.1,16.2
20260630,ヴェールダムール,63.1,46.5,30.6,15.1,16.6,15.9,15.5,15.1
20260630,ヴェークバイザー,66.9,49.8,32.7,15.9,17.1,17.1,16.8,15.9
20260630,キーガッツ,65.8,48.2,31.1,15.0,17.6,17.1,16.1,15.0
20260630,ジャスティンレビン,63.7,46.7,30.2,15.0,17.0,16.5,15.2,15.0
20260630,ルパピヨンブラン,66.9,50.1,32.9,16.1,16.8,17.2,16.8,16.1
20260630,ブルーマッキンジー,65.5,47.9,30.9,15.1,17.6,17.0,15.8,15.1
20260630,エリカリヴァプール,64.4,45.8,29.7,14.7,18.6,16.1,15.0,14.7
20260630,アリアニコ,65.9,48.9,31.7,15.0,17.0,17.2,16.7,15.0
20260630,ノーブルセプター,67.2,48.9,31.6,15.4,18.3,17.3,16.2,15.4
20260630,ヴァンヴィーヴ,64.6,47.6,31.0,15.4,17.0,16.6,15.6,15.4
20260630,ゲイルライダー,63.3,46.9,30.4,15.0,16.4,16.5,15.4,15.0
20260630,マーゴットショット,63.8,46.8,30.9,14.9,17.0,15.9,16.0,14.9
20260630,ウィスピア,67.2,50.2,33.5,16.8,17.0,16.7,16.7,16.8
20260630,ロングトールサリー,60.6,44.4,30.1,15.5,16.2,14.3,14.6,15.5
20260630,デルマヨシノ,69.1,51.2,33.7,16.2,17.9,17.5,17.5,16.2
20260630,ワイノナオミ,67.3,48.8,32.2,15.8,18.5,16.6,16.4,15.8
20260630,ベルギューン,64.8,48.0,31.3,15.4,16.8,16.7,15.9,15.4
20260630,シヴァールバーニ,65.0,46.2,30.0,14.7,18.8,16.2,15.3,14.7
20260630,ラッキーダイヤ,67.5,48.3,31.7,16.0,19.2,16.6,15.7,16.0
20260630,メイショウマグナ,67.4,49.1,32.2,15.7,18.3,16.9,16.5,15.7
20260630,メイショウナナシロ,67.8,49.3,32.2,16.0,18.5,17.1,16.2,16.0
20260630,リボンインザスカイ,67.4,50.0,33.0,16.7,17.4,17.0,16.3,16.7
20260630,ジーティーギャング,61.4,46.7,31.7,16.3,14.7,15.0,15.4,16.3
20260630,ネブラディスク,59.7,43.7,29.5,15.0,16.0,14.2,14.5,15.0
20260630,ムスクレスト,63.7,47.1,31.6,15.5,16.6,15.5,16.1,15.5
20260630,ラクホマレ,69.1,50.3,34.3,17.0,18.8,16.0,17.3,17.0
20260630,ジャスティンガルフ,64.4,47.0,31.1,15.4,17.4,15.9,15.7,15.4
20260630,エンマ,67.3,49.3,32.5,16.1,18.0,16.8,16.4,16.1
20260630,コルヴァス,65.2,48.8,32.4,16.6,16.4,16.4,15.8,16.6
20260630,バトルナイト,63.6,48.1,32.5,16.4,15.5,15.6,16.1,16.4
20260630,チュウワチーフ,63.0,46.9,31.3,15.3,16.1,15.6,16.0,15.3
20260630,プールナバドラ,70.3,49.4,31.6,15.9,20.9,17.8,15.7,15.9
20260630,エルル,67.1,49.4,32.5,16.2,17.7,16.9,16.3,16.2
20260630,ジョン,65.5,48.0,31.9,16.2,17.5,16.1,15.7,16.2
20260630,ロクメイカン,66.5,48.7,32.2,16.1,17.8,16.5,16.1,16.1
20260630,カネフラ,65.2,47.7,31.6,15.9,17.5,16.1,15.7,15.9
20260630,キアヌ,67.3,48.9,32.2,15.8,18.4,16.7,16.4,15.8
20260630,エンジェルグラース,65.7,46.9,30.8,15.2,18.8,16.1,15.6,15.2
20260630,エコロアゼル,60.6,43.4,28.6,14.3,17.2,14.8,14.3,14.3
20260630,ルルハート,69.3,50.4,33.6,16.5,18.9,16.8,17.1,16.5
20260630,グッドピース,70.1,51.2,33.6,16.7,18.9,17.6,16.9,16.7
20260630,ミッドナイトフレア,67.4,48.9,32.1,16.1,18.5,16.8,16.0,16.1
20260630,ルディック,70.1,50.8,33.0,16.3,19.3,17.8,16.7,16.3
20260630,イマージョン,68.7,50.1,32.5,15.9,18.6,17.6,16.6,15.9
20260630,アンリミテッド,68.7,49.5,32.0,15.6,19.2,17.5,16.4,15.6
20260630,ウィクフォード,69.7,50.5,33.4,16.6,19.2,17.1,16.8,16.6
20260630,ブックオブケルズ,68.9,50.0,32.5,16.1,18.9,17.5,16.4,16.1
20260630,プリンキピッサ,69.5,50.6,32.8,15.9,18.9,17.8,16.9,15.9
20260630,ジャズ,62.2,45.4,29.7,15.0,16.8,15.7,14.7,15.0
20260630,マテンロウコマンド,66.3,49.0,32.2,16.1,17.3,16.8,16.1,16.1
20260630,タイセイジェイド,63.9,47.7,31.7,15.7,16.2,16.0,16.0,15.7
20260630,フィニステーレ,63.9,46.6,30.9,16.2,17.3,15.7,14.7,16.2
20260630,アスクハッピーマン,61.7,46.0,30.8,15.3,15.7,15.2,15.5,15.3
20260630,グローリーバローズ,62.2,44.8,28.8,14.6,17.4,16.0,14.2,14.6
20260630,ポッドリプル,66.6,48.6,31.9,16.3,18.0,16.7,15.6,16.3
20260630,ウォーブレイク,60.9,44.9,29.5,14.3,16.0,15.4,15.2,14.3
20260630,ジーティーメティオ,76.5,56.7,36.6,17.7,19.8,20.1,18.9,17.7
20260630,ケイアイアルタイル,59.5,43.6,28.9,14.5,15.9,14.7,14.4,14.5
20260630,ゼンノトヨタマヒメ,67.7,50.7,33.5,17.0,17.0,17.2,16.5,17.0
20260630,テーオーアンジェラ,61.4,42.9,28.3,14.2,18.5,14.6,14.1,14.2
20260630,シーカーク,68.6,51.1,34.3,17.5,17.5,16.8,16.8,17.5
20260630,マーゴットデセオ,66.3,49.8,33.4,16.6,16.5,16.4,16.8,16.6
20260630,ヤマニンイハナ,69.0,50.8,34.0,17.5,18.2,16.8,16.5,17.5
20260630,マイエスタ,69.2,51.0,34.0,17.2,18.2,17.0,16.8,17.2
20260630,モックモック,68.3,51.0,33.1,16.1,17.3,17.9,17.0,16.1
20260630,コカボムショット,65.6,48.5,32.0,15.6,17.1,16.5,16.4,15.6
20260630,フルドフォルク,64.2,45.8,29.5,14.3,18.4,16.3,15.2,14.3
20260630,ウエストナウ,66.0,48.4,31.2,15.4,17.6,17.2,15.8,15.4
20260630,リントゥラウル,68.7,51.1,33.5,16.2,17.6,17.6,17.3,16.2
20260630,ピコオーバル,69.9,50.3,32.5,15.5,19.6,17.8,17.0,15.5
20260630,ミニュイ,70.0,51.6,33.8,16.6,18.4,17.8,17.2,16.6
20260630,ハルカカナタ,70.3,52.7,34.6,16.8,17.6,18.1,17.8,16.8
20260630,ファータカエリ,69.4,51.5,34.0,16.5,17.9,17.5,17.5,16.5
20260630,パールフロント,61.5,45.1,29.9,14.5,16.4,15.2,15.4,14.5
20260630,レディーミコノス,61.7,44.9,29.2,14.4,16.8,15.7,14.8,14.4
20260630,ハナコトバ,63.5,46.9,30.9,15.6,16.6,16.0,15.3,15.6
20260630,ツーハーツ,63.3,46.8,30.8,15.2,16.5,16.0,15.6,15.2
20260630,ジャンヌローサ,69.1,49.6,32.5,16.2,19.5,17.1,16.3,16.2
20260630,コリカンチャ,67.9,48.7,31.4,15.3,19.2,17.3,16.1,15.3
20260630,ドリームキャリー,65.5,47.1,30.3,14.8,18.4,16.8,15.5,14.8
20260630,リラカリス,64.4,47.8,31.1,15.1,16.6,16.7,16.0,15.1
20260630,ダヌラーサナ,64.8,47.8,31.0,15.0,17.0,16.8,16.0,15.0
20260630,シャインラブ,66.6,49.5,33.0,16.6,17.1,16.5,16.4,16.6
20260630,ミッキークレスト,65.0,47.2,30.6,15.0,17.8,16.6,15.6,15.0
20260630,ジーティーアダマン,63.8,46.7,30.7,14.9,17.1,16.0,15.8,14.9
20260630,オオツカ,63.4,45.6,29.7,14.9,17.8,15.9,14.8,14.9
20260630,レクスノヴァス,64.0,46.9,31.1,15.4,17.1,15.8,15.7,15.4
20260630,プロットシッケンズ,63.7,46.7,30.6,15.7,17.0,16.1,14.9,15.7
20260630,クープグラッセ,62.0,45.1,29.7,14.8,16.9,15.4,14.9,14.8
20260630,クロカミジョウ,68.3,50.0,33.1,16.7,18.3,16.9,16.4,16.7
20260630,ライトオブヌカタ,62.1,45.5,29.9,15.0,16.6,15.6,14.9,15.0
20260630,セイントホース,68.6,50.5,33.6,16.9,18.1,16.9,16.7,16.9
20260630,アルディメント,61.7,44.9,29.3,14.5,16.8,15.6,14.8,14.5
20260630,バンブラボー,63.5,46.8,30.7,15.3,16.7,16.1,15.4,15.3
20260630,キングズテイル,63.9,47.1,31.2,16.1,16.8,15.9,15.1,16.1
20260630,キフクマル,68.7,50.3,32.5,15.6,18.4,17.8,16.9,15.6
20260630,サトノソティラス,65.5,47.2,30.9,15.8,18.3,16.3,15.1,15.8
20260630,ジワールドコア,69.3,51.3,33.8,16.8,18.0,17.5,17.0,16.8
20260630,ドットクルー,65.8,48.3,31.5,15.5,17.5,16.8,16.0,15.5
20260630,ザングウィル,63.3,46.8,31.1,15.6,16.5,15.7,15.5,15.6
20260630,ユーヴェリア,63.2,46.0,30.3,14.8,17.2,15.7,15.5,14.8
20260630,オーケーキュート,64.1,47.1,30.7,15.4,17.0,16.4,15.3,15.4
20260630,アズライトアスール,65.3,48.4,31.9,16.2,16.9,16.5,15.7,16.2
20260630,メイショウゲッコウ,59.5,44.4,29.9,15.7,15.1,14.5,14.2,15.7
20260630,フチサンチャチャ,64.9,48.0,32.2,15.9,16.9,15.8,16.3,15.9
20260630,キャッチアシーフ,66.5,49.1,32.4,16.2,17.4,16.7,16.2,16.2
20260630,ロードムーブオン,65.9,48.7,32.0,16.0,17.2,16.7,16.0,16.0
20260630,アレストラウム,62.5,46.1,30.3,15.2,16.4,15.8,15.1,15.2
20260630,プルミエールパス,65.2,47.4,31.6,16.0,17.8,15.8,15.6,16.0
20260630,ファミリーツリー,65.9,48.0,31.4,15.5,17.9,16.6,15.9,15.5
20260630,ツーピース,64.5,48.6,32.5,16.2,15.9,16.1,16.3,16.2
20260630,テイエムファントム,74.5,54.5,35.4,17.3,20.0,19.1,18.1,17.3
20260630,ユメハハテシナク,60.7,44.7,29.8,15.1,16.0,14.9,14.7,15.1
20260630,ミッキーコンドル,64.0,46.5,31.0,15.2,17.5,15.5,15.8,15.2
20260630,ブルーサンセット,68.6,50.7,33.5,16.6,17.9,17.2,16.9,16.6
20260630,タガノアニマシオン,65.3,48.0,31.6,16.7,17.3,16.4,14.9,16.7
20260630,ワイドヴィンクルム,67.5,49.7,32.7,16.8,17.8,17.0,15.9,16.8
20260630,ヴァンドゥーヴル,65.4,48.3,31.8,15.8,17.1,16.5,16.0,15.8
20260630,ジージージェット,68.1,50.2,33.7,17.1,17.9,16.5,16.6,17.1
20260630,サイモンレガシー,63.8,47.9,31.7,15.9,15.9,16.2,15.8,15.9
20260630,タガノレクシア,65.8,49.3,32.6,15.5,16.5,16.7,17.1,15.5
20260630,ボニカ,68.4,50.6,33.4,16.8,17.8,17.2,16.6,16.8
20260630,パシアンジェンヌ,68.5,50.4,33.1,16.6,18.1,17.3,16.5,16.6
20260630,サンライズフレイム,73.0,49.1,29.7,14.8,23.9,19.4,14.9,14.8
20260630,アストラカ,66.1,48.4,31.3,15.4,17.7,17.1,15.9,15.4
20260630,ボビーザグレート,64.5,47.3,31.0,15.5,17.2,16.3,15.5,15.5
20260630,ベルヴェール,61.1,44.4,29.4,15.2,16.7,15.0,14.2,15.2
20260630,ガイアメンテ,63.6,45.8,29.9,14.3,17.8,15.9,15.6,14.3
20260630,マイネルホウセン,65.3,47.8,31.8,16.1,17.5,16.0,15.7,16.1
20260630,トラゲット,74.2,54.6,36.3,18.3,19.6,18.3,18.0,18.3
20260630,エコロリンド,64.5,46.5,29.5,14.5,18.0,17.0,15.0,14.5
20260630,フォルストランキル,69.5,51.1,33.2,16.3,18.4,17.9,16.9,16.3
20260630,トレビスドンナ,71.5,51.2,33.3,16.4,20.3,17.9,16.9,16.4
20260630,ムルソー,64.6,46.8,30.4,15.1,17.8,16.4,15.3,15.1
20260630,メイショウマントル,67.2,49.0,31.9,15.8,18.2,17.1,16.1,15.8
20260630,ヤマニンループ,65.0,47.1,30.6,15.0,17.9,16.5,15.6,15.0
20260630,ローマンレイク,66.1,47.9,31.6,15.5,18.2,16.3,16.1,15.5
20260630,フォーオール,65.0,48.0,31.7,15.4,17.0,16.3,16.3,15.4
20260630,マルモタワー,63.9,47.5,31.4,15.7,16.4,16.1,15.7,15.7
20260630,ノトコンゴウ,64.6,47.9,31.3,15.1,16.7,16.6,16.2,15.1
20260630,メイショウホウレン,67.8,49.5,32.0,15.8,18.3,17.5,16.2,15.8
20260630,ヒーローインチーフ,71.9,51.6,33.3,16.3,20.3,18.3,17.0,16.3
20260630,ヒストリアイ,65.3,47.8,31.3,15.2,17.5,16.5,16.1,15.2
20260630,アマキヒ,67.1,49.3,33.0,16.7,17.8,16.3,16.3,16.7
20260630,ナブッコ,67.3,48.6,31.8,15.2,18.7,16.8,16.6,15.2
20260630,サンライズケヴィン,62.8,45.9,30.4,15.2,16.9,15.5,15.2,15.2
20260630,ユイリノベーション,60.2,43.8,28.5,13.9,16.4,15.3,14.6,13.9
20260630,エクセルブリーズ,63.7,45.9,30.2,14.8,17.8,15.7,15.4,14.8
20260630,ヴィラン,66.3,47.9,31.4,15.4,18.4,16.5,16.0,15.4
20260630,ペイシャヴァルツー,69.5,51.1,33.9,16.7,18.4,17.2,17.2,16.7
20260630,マイネルブラントン,69.0,50.1,33.4,17.0,18.9,16.7,16.4,17.0
20260630,トラストエムシー,65.7,47.0,31.0,15.1,18.7,16.0,15.9,15.1
20260630,セールヴォラン,64.1,46.9,31.3,15.3,17.2,15.6,16.0,15.3
20260630,レヴァンテシチー,66.0,47.7,31.0,15.1,18.3,16.7,15.9,15.1
20260630,ソニックブーム,66.3,47.2,30.6,15.1,19.1,16.6,15.5,15.1
20260630,マスアンジュ,69.5,50.6,33.5,16.9,18.9,17.1,16.6,16.9
20260630,サンロンブル,67.2,47.9,30.2,14.2,19.3,17.7,16.0,14.2
20260630,レーンアジリティ,67.8,49.2,31.8,15.5,18.6,17.4,16.3,15.5
20260630,ペアスターロード,62.7,45.5,30.5,15.5,17.2,15.0,15.0,15.5
20260630,サンライズジャポネ,62.3,45.2,29.9,15.0,17.1,15.3,14.9,15.0
20260630,ハーブドーレ,64.8,47.6,32.2,16.5,17.2,15.4,15.7,16.5
20260630,クリコイーコ,64.0,47.6,31.4,15.8,16.4,16.2,15.6,15.8
20260630,シンゼンイセ,64.4,47.3,31.4,15.2,17.1,15.9,16.2,15.2
20260630,メイショウアヤカ,67.7,49.1,32.5,16.2,18.6,16.6,16.3,16.2
20260630,ナムラステラ,65.7,47.6,31.3,15.7,18.1,16.3,15.6,15.7
20260630,ファイツオン,62.4,46.2,31.4,15.9,16.2,14.8,15.5,15.9
20260630,ワンダーカモン,65.7,47.1,30.4,15.2,18.6,16.7,15.2,15.2
20260630,アーリントンロウ,65.2,47.7,31.3,15.6,17.5,16.4,15.7,15.6
20260630,アメリカンビヨンド,64.9,46.7,30.6,15.1,18.2,16.1,15.5,15.1
20260630,ジェバーダ,66.4,48.3,31.6,15.7,18.1,16.7,15.9,15.7
20260630,プシュパ,63.4,46.4,30.1,14.7,17.0,16.3,15.4,14.7
20260630,カツラコマチ,67.3,49.3,31.8,15.8,18.0,17.5,16.0,15.8
20260630,ゴリョウセイ,66.2,48.6,31.7,15.8,17.6,16.9,15.9,15.8
20260630,ヨウリンケイジュ,66.8,48.6,31.1,15.4,18.2,17.5,15.7,15.4
20260630,マテンロウルクス,63.1,46.4,30.1,14.6,16.7,16.3,15.5,14.6
20260630,アンヘリータス,66.2,48.5,31.8,15.5,17.7,16.7,16.3,15.5
20260630,アメリカンスタイル,63.1,46.3,30.0,14.6,16.8,16.3,15.4,14.6
20260630,イーサンマリーン,66.7,48.2,31.2,15.2,18.5,17.0,16.0,15.2
20260630,ヴェッタフィオーレ,66.2,48.8,32.4,16.4,17.4,16.4,16.0,16.4
20260630,オーラムミーティア,66.1,48.4,31.2,15.4,17.7,17.2,15.8,15.4
20260630,ルージュソリテール,69.4,49.9,32.6,15.9,19.5,17.3,16.7,15.9
20260630,ドラゴンテイラー,73.4,51.8,33.6,17.5,21.6,18.2,16.1,17.5
20260630,メドウセージ,65.3,48.8,32.6,16.8,16.5,16.2,15.8,16.8
20260630,ヒットザグラウンド,68.8,49.0,31.4,15.4,19.8,17.6,16.0,15.4
20260630,ギレイ,69.3,51.1,33.7,16.8,18.2,17.4,16.9,16.8
20260630,マハロハ,70.5,51.1,32.9,16.6,19.4,18.2,16.3,16.6
20260630,サンマルノヴェル,70.6,52.0,34.0,16.9,18.6,18.0,17.1,16.9
20260630,エスペシャリー,62.9,46.2,30.5,15.5,16.7,15.7,15.0,15.5
20260630,メイショウコハル,62.9,45.6,29.4,14.5,17.3,16.2,14.9,14.5
20260630,サンマルパトロール,67.0,49.9,32.9,16.3,17.1,17.0,16.6,16.3
20260630,メイショウシナノ,68.7,51.4,34.1,16.9,17.3,17.3,17.2,16.9
20260630,タマモジャスミン,68.3,49.3,31.7,15.2,19.0,17.6,16.5,15.2
20260630,マルモリキャスター,67.8,49.9,33.1,16.5,17.9,16.8,16.6,16.5
20260630,ゼットエイト,67.5,49.3,33.1,16.3,18.2,16.2,16.8,16.3
20260630,ラマヌジャン,63.7,47.4,31.9,15.9,16.3,15.5,16.0,15.9
20260630,ルナヴェリタス,64.2,47.4,30.9,15.3,16.8,16.5,15.6,15.3
20260630,オーケーファイター,64.1,47.4,30.9,15.2,16.7,16.5,15.7,15.2
20260630,ペンテリコン,63.7,46.0,29.3,14.4,17.7,16.7,14.9,14.4
20260630,アスクブームキセキ,72.8,52.6,33.7,16.0,20.2,18.9,17.7,16.0
20260630,バリオス,64.3,46.9,30.7,15.4,17.4,16.2,15.3,15.4
20260630,フォルトゥナロッサ,64.8,48.4,31.4,15.5,16.4,17.0,15.9,15.5
20260630,ギャルズマインド,64.6,48.0,30.8,14.9,16.6,17.2,15.9,14.9
20260630,ノボリリア,68.3,49.6,32.1,15.9,18.7,17.5,16.2,15.9
20260630,ビゾー,68.5,49.4,31.8,15.8,19.1,17.6,16.0,15.8
20260630,アットザラヴアスク,67.1,48.1,31.8,16.2,19.0,16.3,15.6,16.2
20260630,アメリカンビキニ,67.8,49.0,31.6,15.7,18.8,17.4,15.9,15.7
20260630,セッシュウ,67.9,49.0,31.7,15.7,18.9,17.3,16.0,15.7
20260630,サラサキングスター,68.5,49.5,31.9,15.9,19.0,17.6,16.0,15.9
20260630,カラペルソナ,68.2,49.3,31.8,15.8,18.9,17.5,16.0,15.8
20260630,スターペスアンナ,68.1,49.4,32.0,15.8,18.7,17.4,16.2,15.8
20260630,ホワイトパンサー,67.5,50.3,33.4,16.7,17.2,16.9,16.7,16.7
20260630,クインズアンジェロ,69.3,51.1,34.1,16.8,18.2,17.0,17.3,16.8
20260630,キービート,72.5,51.7,32.9,16.0,20.8,18.8,16.9,16.0
20260630,ダノンミッドナイト,61.1,45.3,30.3,15.1,15.8,15.0,15.2,15.1
20260630,サンシュエール,65.2,48.2,31.1,15.1,17.0,17.1,16.0,15.1
20260630,コンセントリコ,60.8,45.4,30.4,15.4,15.4,15.0,15.0,15.4
20260630,ルージュアルミーラ,66.1,48.4,32.0,16.3,17.7,16.4,15.7,16.3
20260630,ラヴァンドローリエ,69.1,51.2,34.0,16.8,17.9,17.2,17.2,16.8
20260630,ウインガラハッド,70.8,52.3,34.3,17.0,18.5,18.0,17.3,17.0
20260630,ムービー,66.1,48.5,32.0,16.3,17.6,16.5,15.7,16.3
20260630,ヨコハマブルース,64.2,47.1,31.1,15.6,17.1,16.0,15.5,15.6
20260630,リルスー,64.2,47.1,31.1,15.6,17.1,16.0,15.5,15.6
20260630,セクシーマージュ,64.0,46.7,30.6,15.0,17.3,16.1,15.6,15.0
20260630,サントルドパリ,62.5,46.0,30.5,15.1,16.5,15.5,15.4,15.1
20260630,オープンザパンドラ,65.6,48.5,31.9,15.9,17.1,16.6,16.0,15.9
20260630,マーゴットプレ,66.8,49.8,33.3,16.8,17.0,16.5,16.5,16.8
20260630,ヴェルヴィエ,65.0,47.2,30.6,14.9,17.8,16.6,15.7,14.9
20260630,モンブランミノル,64.6,47.9,31.9,15.7,16.7,16.0,16.2,15.7
20260630,マーゴットヴィム,66.7,48.6,31.9,16.1,18.1,16.7,15.8,16.1
20260630,サンライズドレイク,67.6,49.6,32.9,16.6,18.0,16.7,16.3,16.6
20260630,サイレントグルーヴ,66.4,48.1,31.6,15.8,18.3,16.5,15.8,15.8
20260630,マリノムーンリーフ,68.9,47.9,30.8,15.2,21.0,17.1,15.6,15.2
20260630,ブライトエンジェル,66.0,48.7,32.3,16.1,17.3,16.4,16.2,16.1
20260630,フリーレイン,66.3,49.5,32.7,16.2,16.8,16.8,16.5,16.2
20260630,ダディーズトリップ,68.8,50.0,32.4,15.8,18.8,17.6,16.6,15.8
20260630,ジャーヴィス,68.0,49.7,32.4,16.0,18.3,17.3,16.4,16.0
20260630,テイクザクラウン,65.0,47.8,30.7,15.1,17.2,17.1,15.6,15.1
20260630,マルカオペラ,68.4,49.6,32.4,16.0,18.8,17.2,16.4,16.0
20260630,ダノンプリマ,62.9,46.4,31.1,15.6,16.5,15.3,15.5,15.6
20260630,ヒデガミティアラ,71.7,53.0,35.1,17.5,18.7,17.9,17.6,17.5
20260630,ショールミーズ,63.7,47.9,32.5,16.4,15.8,15.4,16.1,16.4
20260630,スピークロウ,75.0,55.6,37.3,18.5,19.4,18.3,18.8,18.5
20260630,ピースオブザライフ,65.8,48.5,32.0,15.7,17.3,16.5,16.3,15.7
20260630,スナークラファエロ,67.5,49.7,33.3,16.6,17.8,16.4,16.7,16.6
20260630,ペルフェツィオーネ,62.8,46.1,30.1,14.9,16.7,16.0,15.2,14.9
20260630,ユーダブルワン,62.4,45.7,30.3,14.9,16.7,15.4,15.4,14.9
20260630,ペコリズム,68.0,49.5,32.4,16.3,18.5,17.1,16.1,16.3
20260630,クラウディアイ,66.8,49.2,31.4,15.7,17.6,17.8,15.7,15.7
20260630,ヨシノイースター,62.1,45.8,30.9,15.8,16.3,14.9,15.1,15.8
20260630,サイモンソレアード,70.1,50.1,31.7,15.4,20.0,18.4,16.3,15.4
20260630,ファーストステイト,66.4,48.8,31.9,16.1,17.6,16.9,15.8,16.1
20260630,ワンダーサイファー,66.7,49.6,33.2,16.6,17.1,16.4,16.6,16.6
20260630,ビーウィナー,68.8,50.6,33.1,16.1,18.2,17.5,17.0,16.1
20260630,チョウチャンピオン,69.1,51.3,33.8,16.9,17.8,17.5,16.9,16.9
20260630,アンバーライト,66.1,49.3,33.2,16.9,16.8,16.1,16.3,16.9
20260630,サンクサンス,70.3,51.8,33.7,16.6,18.5,18.1,17.1,16.6
20260630,タイセイルミナス,68.1,50.9,34.0,17.2,17.2,16.9,16.8,17.2
20260630,オーリエイト,71.9,53.1,34.8,17.2,18.8,18.3,17.6,17.2
20260630,ラフロレゾン,64.6,48.2,31.4,15.2,16.4,16.8,16.2,15.2
20260630,ワラビガミ,64.3,47.6,31.4,15.2,16.7,16.2,16.2,15.2
20260630,ポッドロゴ,65.9,48.2,31.6,15.7,17.7,16.6,15.9,15.7
20260630,クロームクロス,67.5,49.9,33.0,16.2,17.6,16.9,16.8,16.2
20260630,ローザベッラ,67.9,50.2,33.6,16.5,17.7,16.6,17.1,16.5
20260630,タガノカハンカ,67.7,50.2,33.6,16.6,17.5,16.6,17.0,16.6
20260630,リヴィエラヴィル,66.4,47.2,30.6,15.4,19.2,16.6,15.2,15.4
20260630,サイレントグルーヴ,64.9,46.7,29.8,14.2,18.2,16.9,15.6,14.2
20260630,ダノンアンチュラス,64.9,47.6,30.8,15.5,17.3,16.8,15.3,15.5
20260630,トモジャプレジール,64.4,47.8,32.3,16.5,16.6,15.5,15.8,16.5
20260630,フウセン,67.2,49.2,32.3,16.4,18.0,16.9,15.9,16.4
20260630,タイセイドゥマーニ,67.2,49.4,32.4,16.2,17.8,17.0,16.2,16.2
20260630,ジャンゴッド,68.0,50.0,33.2,16.5,18.0,16.8,16.7,16.5
20260630,ノボリクレバー,66.4,48.5,32.1,16.1,17.9,16.4,16.0,16.1
20260630,ティグリス,69.1,49.3,32.1,15.8,19.8,17.2,16.3,15.8
20260630,ジョーカー,61.5,45.8,30.1,14.7,15.7,15.7,15.4,14.7
20260630,クランズクラウン,69.3,49.9,32.5,16.2,19.4,17.4,16.3,16.2
20260630,ウォーターガーベラ,62.7,45.9,30.7,15.6,16.8,15.2,15.1,15.6
20260630,アンティスマ,65.2,47.3,31.7,16.0,17.9,15.6,15.7,16.0
20260630,ジュンプリメーロ,65.7,48.6,31.9,15.6,17.1,16.7,16.3,15.6
20260630,ケイアイアニラ,62.6,45.8,29.9,14.6,16.8,15.9,15.3,14.6
20260630,ノーブルロジャー,63.9,46.2,29.9,14.6,17.7,16.3,15.3,14.6
20260630,ロードフィレール,59.6,43.5,28.3,13.9,16.1,15.2,14.4,13.9
20260630,ホワイトフレイムス,64.0,46.0,29.3,14.3,18.0,16.7,15.0,14.3
20260630,アルピグレン,66.5,49.2,33.2,17.0,17.3,16.0,16.2,17.0
20260630,ナムラモモ,61.4,44.6,29.1,14.6,16.8,15.5,14.5,14.6
20260630,ジーティーアリア,62.2,46.5,30.6,14.9,15.7,15.9,15.7,14.9
20260630,レインインザスカイ,62.0,45.3,29.8,14.9,16.7,15.5,14.9,14.9
20260630,ジーティーアンバー,62.1,45.6,30.1,15.2,16.5,15.5,14.9,15.2
20260630,ジョルティーニ,62.4,46.5,30.6,15.2,15.9,15.9,15.4,15.2
20260629,ロードクロンヌ,66.3,48.8,32.0,15.5,17.5,16.8,16.5,15.5
20260628,ロスパレドネス,55.3,40.0,25.9,12.7,15.3,14.1,13.2,12.7
20260628,ギャニミード,54.3,39.5,25.2,12.2,14.8,14.3,13.0,12.2
20260628,アローメタル,54.5,39.6,25.4,12.2,14.9,14.2,13.2,12.2
20260628,フォーワンセルフ,58.8,42.7,27.2,13.0,16.1,15.5,14.2,13.0
20260628,ジーククローネ,55.7,40.5,26.1,12.7,15.2,14.4,13.4,12.7
20260628,エリカカリーナ,55.1,39.2,25.1,12.3,15.9,14.1,12.8,12.3
20260628,ノクターン,53.8,38.8,24.9,12.2,15.0,13.9,12.7,12.2
20260628,デルマアポロニア,56.3,40.5,26.5,13.3,15.8,14.0,13.2,13.3
20260628,トワニ,56.5,40.7,26.8,13.1,15.8,13.9,13.7,13.1
20260628,ゼンノスタニング,57.3,42.2,27.6,13.4,15.1,14.6,14.2,13.4
20260628,オンナキュヌヴィ,57.8,41.9,27.3,13.9,15.9,14.6,13.4,13.9
20260628,レッドレガリア,55.1,40.3,26.4,12.9,14.8,13.9,13.5,12.9
20260628,コスモバルムンク,56.7,41.8,27.1,13.4,14.9,14.7,13.7,13.4
20260628,アップルザビート,68.8,50.9,33.5,16.8,17.9,17.4,16.7,16.8
20260628,フミサウンド,63.8,47.3,31.6,15.2,16.5,15.7,16.4,15.2
20260628,サトノヴィレ,63.5,47.1,31.4,15.6,16.4,15.7,15.8,15.6
20260628,ハーツコンチェルト,54.4,39.1,25.3,12.3,15.3,13.8,13.0,12.3
20260628,グランカンタンテ,58.7,42.8,27.6,12.9,15.9,15.2,14.7,12.9
20260628,カリーシ,54.3,39.6,25.9,12.5,14.7,13.7,13.4,12.5
20260628,ステイアンビシャス,76.6,55.3,36.3,17.5,21.3,19.0,18.8,17.5
20260628,ビッグデイメイク,68.0,49.1,31.6,15.6,18.9,17.5,16.0,15.6
20260628,ダノンセンチュリー,57.3,41.8,27.4,13.6,15.5,14.4,13.8,13.6
20260628,チギリ,63.8,46.9,31.3,15.5,16.9,15.6,15.8,15.5
20260628,エースオブゴールド,73.6,54.3,35.6,17.3,19.3,18.7,18.3,17.3
20260628,ワイルドカイザー,57.3,42.0,26.6,12.5,15.3,15.4,14.1,12.5
20260628,ワインダークシー,55.2,40.0,25.3,12.2,15.2,14.7,13.1,12.2
20260628,ジュングロワール,76.4,56.0,36.8,18.2,20.4,19.2,18.6,18.2
20260628,ブロンクス,55.8,40.4,26.4,13.0,15.4,14.0,13.4,13.0
20260628,メイクアマーク,55.5,40.3,26.5,13.1,15.2,13.8,13.4,13.1
20260628,プリンキパトゥス,55.2,40.2,25.5,12.5,15.0,14.7,13.0,12.5
20260628,カリスマン,55.9,40.3,26.4,13.2,15.6,13.9,13.2,13.2
20260628,ビーンスターク,57.3,42.0,26.8,13.1,15.3,15.2,13.7,13.1
20260628,ゴールデンルーキー,54.4,40.9,26.9,13.1,13.5,14.0,13.8,13.1
20260628,ポッドロワール,67.3,48.7,31.8,15.9,18.6,16.9,15.9,15.9
20260628,ブリッツアロング,73.1,53.8,35.4,17.7,19.3,18.4,17.7,17.7
20260628,アウルムレガリア,57.3,42.2,28.1,14.1,15.1,14.1,14.0,14.1
20260628,ピコレッド,57.5,41.6,27.1,13.1,15.9,14.5,14.0,13.1
20260628,スピニンググローブ,54.4,39.7,25.4,12.4,14.7,14.3,13.0,12.4
20260628,フジコンフィデンス,57.3,41.4,27.0,13.1,15.9,14.4,13.9,13.1
20260628,アラビアンドリーム,54.5,39.2,24.8,12.2,15.3,14.4,12.6,12.2
20260628,マーゴットサンズ,57.9,42.8,27.8,13.8,15.1,15.0,14.0,13.8
20260628,ユメシルベ,56.8,41.3,26.7,12.9,15.5,14.6,13.8,12.9
20260628,スードランダム,59.0,43.9,28.6,13.9,15.1,15.3,14.7,13.9
20260628,ボルトライン,57.3,42.0,27.1,13.6,15.3,14.9,13.5,13.6
20260628,トルタパスカリーナ,54.2,39.4,25.4,12.4,14.8,14.0,13.0,12.4
20260628,ランパディアス,56.9,41.5,26.8,13.2,15.4,14.7,13.6,13.2
20260628,ヴェールネージュ,57.7,42.7,27.7,13.7,15.0,15.0,14.0,13.7
20260628,ココニイルヨ,55.0,40.7,26.6,12.9,14.3,14.1,13.7,12.9
20260628,カンピオーネ,56.2,40.8,26.4,12.6,15.4,14.4,13.8,12.6
20260628,オルグジェシダ,68.6,49.6,32.1,16.0,19.0,17.5,16.1,16.0
20260628,ベルチュガダン,71.0,52.1,34.2,16.9,18.9,17.9,17.3,16.9
20260628,タイセイモノリス,56.7,40.8,26.9,13.3,15.9,13.9,13.6,13.3
20260628,ダイナマイトメロン,55.8,41.5,28.2,14.2,14.3,13.3,14.0,14.2
20260628,ゼファーテソーロ,57.4,41.9,27.3,13.7,15.5,14.6,13.6,13.7
20260628,スカイドリーマー,62.6,45.5,29.1,14.6,17.1,16.4,14.5,14.6
20260628,エンジェルサン,71.5,53.1,34.8,17.5,18.4,18.3,17.3,17.5
20260628,イセッセイ,71.6,52.5,34.5,17.6,19.1,18.0,16.9,17.6
20260628,ベルランコントル,57.9,43.0,28.2,13.6,14.9,14.8,14.6,13.6
20260628,ギリーカラム,56.9,41.5,27.0,13.2,15.4,14.5,13.8,13.2
20260628,ソーロブスト,65.2,47.3,30.9,15.1,17.9,16.4,15.8,15.1
20260628,ランスノーブル,58.8,42.8,27.6,13.0,16.0,15.2,14.6,13.0
20260628,イゾラフェリーチェ,55.0,39.8,25.2,12.3,15.2,14.6,12.9,12.3
20260628,インビンシブルパパ,72.7,53.5,35.1,17.7,19.2,18.4,17.4,17.7
20260628,エリーナストーム,54.3,39.1,25.2,12.0,15.2,13.9,13.2,12.0
20260628,イマジェリーナ,57.6,41.8,27.1,13.5,15.8,14.7,13.6,13.5
20260628,アドマイヤフク,71.5,52.6,35.0,17.2,18.9,17.6,17.8,17.2
20260628,アトミックブレス,68.8,50.6,33.5,16.3,18.2,17.1,17.2,16.3
20260628,ヌビアン,69.7,51.2,34.0,17.4,18.5,17.2,16.6,17.4
20260628,アルファリラエ,69.2,51.1,33.7,16.9,18.1,17.4,16.8,16.9
20260628,ココニーナ,60.0,44.1,29.3,14.7,15.9,14.8,14.6,14.7
20260628,ソアサージュ,74.4,54.7,35.5,17.0,19.7,19.2,18.5,17.0
20260628,リオハリソンメリー,71.5,52.1,34.6,17.2,19.4,17.5,17.4,17.2
20260628,グラスフェザー,70.5,51.4,33.8,17.0,19.1,17.6,16.8,17.0
20260628,マイネルアルゴー,69.5,50.7,34.0,17.3,18.8,16.7,16.7,17.3
20260628,ローグアン,69.8,51.6,33.8,16.5,18.2,17.8,17.3,16.5
20260628,アーバンアート,61.9,46.0,30.1,14.6,15.9,15.9,15.5,14.6
20260628,サンフラワー,68.8,50.4,33.1,16.9,18.4,17.3,16.2,16.9
20260628,ボンジュールパリ,70.4,51.6,34.2,16.9,18.8,17.4,17.3,16.9
20260628,デアグランツ,54.5,39.1,25.5,12.4,15.4,13.6,13.1,12.4
20260628,テリオスブギ,67.3,48.8,32.0,15.9,18.5,16.8,16.1,15.9
20260628,ロジアコース,69.4,51.0,33.9,16.7,18.4,17.1,17.2,16.7
20260628,ディマイザキッド,69.2,50.0,33.0,16.8,19.2,17.0,16.2,16.8
20260628,グラウンドビート,64.0,46.5,30.2,15.1,17.5,16.3,15.1,15.1
20260628,ルイステソーロ,66.5,48.7,32.1,16.3,17.8,16.6,15.8,16.3
20260628,ノアチュロス,65.1,47.8,31.6,15.9,17.3,16.2,15.7,15.9
20260628,ラーナローザ,65.3,48.1,31.5,15.4,17.2,16.6,16.1,15.4
20260628,ゼンダンタカ,69.7,51.1,33.4,16.3,18.6,17.7,17.1,16.3
20260628,ゴールドジェスター,57.2,41.2,26.0,12.5,16.0,15.2,13.5,12.5
20260628,ブレゲアン,72.5,53.4,34.7,17.2,19.1,18.7,17.5,17.2
20260628,ダノンクラウディア,55.0,40.1,25.4,12.5,14.9,14.7,12.9,12.5
20260628,アイファーアイドル,57.8,42.0,27.4,13.9,15.8,14.6,13.5,13.9
20260628,ブルーサーマル,68.6,50.5,33.1,16.5,18.1,17.4,16.6,16.5
20260628,ミツカネメルクリオ,69.3,50.0,32.8,16.6,19.3,17.2,16.2,16.6
20260628,カタカムナ,58.9,42.9,28.1,13.9,16.0,14.8,14.2,13.9
20260628,ジャメビュ,70.1,51.4,33.9,16.9,18.7,17.5,17.0,16.9
20260628,キタノアヤカ,66.4,48.2,31.2,15.6,18.2,17.0,15.6,15.6
20260628,サクラボーベル,54.9,39.8,26.0,12.8,15.1,13.8,13.2,12.8
20260628,スティールヴォーグ,70.2,51.7,33.5,16.2,18.5,18.2,17.3,16.2
20260628,サトノスターライト,55.3,40.4,25.5,12.4,14.9,14.9,13.1,12.4
20260628,ヴァンデエス,65.4,47.9,31.1,15.5,17.5,16.8,15.6,15.5
20260628,サンアンドスターズ,68.2,49.6,31.7,15.8,18.6,17.9,15.9,15.8
20260628,サザンキンレンカ,65.3,47.5,30.7,14.7,17.8,16.8,16.0,14.7
20260628,モミスケ,63.4,47.6,32.7,16.5,15.8,14.9,16.2,16.5
20260628,シャイニースイフト,57.3,42.4,28.2,14.2,14.9,14.2,14.0,14.2
20260628,スペルキャスター,60.9,45.4,30.7,15.6,15.5,14.7,15.1,15.6
20260628,シルトホルン,66.5,49.6,33.2,16.4,16.9,16.4,16.8,16.4
20260628,モヴレクス,54.7,40.3,26.5,13.6,14.4,13.8,12.9,13.6
20260628,キョウエイボニータ,68.1,50.5,33.6,17.5,17.6,16.9,16.1,17.5
20260628,セイウンヤオヨロズ,57.2,40.9,26.1,12.2,16.3,14.8,13.9,12.2
20260628,オリジナルアポジー,70.5,51.7,34.7,16.9,18.8,17.0,17.8,16.9
20260628,ビレッジルイーザ,54.9,39.8,26.2,12.9,15.1,13.6,13.3,12.9
20260628,ムーングレイル,64.4,47.3,30.5,14.8,17.1,16.8,15.7,14.8
20260628,プリティーミズホ,60.1,44.5,29.4,14.7,15.6,15.1,14.7,14.7
20260628,サクラモンストール,54.8,39.8,26.2,13.0,15.0,13.6,13.2,13.0
20260628,ナディア,57.6,42.4,28.4,14.0,15.2,14.0,14.4,14.0
20260628,ジーティージェミル,68.5,50.4,32.5,15.7,18.1,17.9,16.8,15.7
20260628,リラベガ,56.9,41.7,26.9,12.5,15.2,14.8,14.4,12.5
20260628,アルティマローネ,64.5,47.6,31.3,15.2,16.9,16.3,16.1,15.2
20260628,オウケンハニー,57.3,41.9,26.9,12.5,15.4,15.0,14.4,12.5
20260628,シュタットパーク,53.8,39.6,25.8,13.1,14.2,13.8,12.7,13.1
20260628,テスタ,54.1,39.7,26.0,13.2,14.4,13.7,12.8,13.2
20260628,カーテシー,66.4,48.5,31.7,15.4,17.9,16.8,16.3,15.4
20260628,ライングラウス,75.0,55.4,38.0,18.9,19.6,17.4,19.1,18.9
20260628,センターサンテ,72.5,53.9,35.5,17.5,18.6,18.4,18.0,17.5
20260628,ダブルブロッサム,60.3,44.8,29.7,14.9,15.5,15.1,14.8,14.9
20260628,グランコネクシオン,60.7,43.8,28.6,14.1,16.9,15.2,14.5,14.1
20260628,スイートオレンジ,56.3,41.0,27.3,13.7,15.3,13.7,13.6,13.7
20260628,アタリダイキチ,56.4,41.0,26.6,13.0,15.4,14.4,13.6,13.0
20260628,パストゥザスターズ,64.0,47.3,30.8,14.9,16.7,16.5,15.9,14.9
20260628,キャラメルプリン,65.7,49.2,33.6,17.9,16.5,15.6,15.7,17.9
20260628,ドングラミ,58.8,42.2,27.5,13.5,16.6,14.7,14.0,13.5
20260628,ファナティカル,59.3,42.3,27.4,13.8,17.0,14.9,13.6,13.8
20260628,フレイコン,55.7,40.0,25.9,12.0,15.7,14.1,13.9,12.0
20260628,ランドジャイアンツ,60.7,44.6,29.8,14.2,16.1,14.8,15.6,14.2
20260628,ビーズスティンガー,58.3,42.3,27.0,13.2,16.0,15.3,13.8,13.2
20260628,ソニックウェーブ,58.8,42.6,28.0,13.8,16.2,14.6,14.2,13.8
20260628,ウカテンセイ,63.0,45.8,30.3,15.3,17.2,15.5,15.0,15.3
20260628,コスモシグナス,66.6,49.4,32.6,16.9,17.2,16.8,15.7,16.9
20260628,セイウンリリーナ,72.7,54.3,36.4,18.0,18.4,17.9,18.4,18.0
20260628,ルークスイテルム,58.4,42.4,27.0,13.3,16.0,15.4,13.7,13.3
20260628,テールエメール,73.5,54.3,36.5,18.7,19.2,17.8,17.8,18.7
20260628,ディアファザー,59.0,42.0,26.9,13.4,17.0,15.1,13.5,13.4
20260628,アルニタク,55.7,40.2,26.2,12.3,15.5,14.0,13.9,12.3
20260628,カップッチョ,68.0,49.6,32.3,15.8,18.4,17.3,16.5,15.8
20260628,インパクトシー,56.0,40.3,25.8,12.3,15.7,14.5,13.5,12.3
20260628,キングズトゥルー,57.1,41.2,26.7,12.5,15.9,14.5,14.2,12.5
20260628,ハーモニーソング,53.0,39.3,25.0,12.3,13.7,14.3,12.7,12.3
20260628,フラッシュポイント,56.2,41.1,26.7,12.8,15.1,14.4,13.9,12.8
20260628,スティールシップ,59.9,44.0,29.3,14.6,15.9,14.7,14.7,14.6
20260628,アクロスメモリア,52.9,39.0,24.5,12.0,13.9,14.5,12.5,12.0
20260628,オーキーベルセルク,58.2,42.7,27.6,13.3,15.5,15.1,14.3,13.3
20260628,サトミノアカリ,59.3,43.2,28.2,13.3,16.1,15.0,14.9,13.3
20260628,オーシャンミューズ,62.8,44.0,28.0,13.5,18.8,16.0,14.5,13.5
20260628,サンクレゾン,60.0,43.5,28.6,14.3,16.5,14.9,14.3,14.3
20260628,フォンドルレール,67.4,49.2,32.2,16.3,18.2,17.0,15.9,16.3
20260628,アジュアカレンツ,56.1,41.5,27.4,13.2,14.6,14.1,14.2,13.2
20260628,レッドフリーマン,57.0,41.4,26.8,12.9,15.6,14.6,13.9,12.9
20260628,ブライスフェアリー,62.8,43.9,27.8,13.4,18.9,16.1,14.4,13.4
20260628,コスモペンタス,56.1,41.1,27.5,13.5,15.0,13.6,14.0,13.5
20260628,ヨーゼフ,67.0,48.7,31.9,16.1,18.3,16.8,15.8,16.1
20260628,キタノバトゥーキ,68.1,50.3,33.2,16.5,17.8,17.1,16.7,16.5
20260628,プレシャスローズ,69.4,50.7,33.0,16.2,18.7,17.7,16.8,16.2
20260628,ミコウェイ,75.2,53.6,33.9,16.2,21.6,19.7,17.7,16.2
20260628,エレクトス,69.3,50.5,33.1,16.3,18.8,17.4,16.8,16.3
20260628,カームラディアンス,69.3,50.6,33.1,16.5,18.7,17.5,16.6,16.5
20260628,ロワデュモンド,56.4,40.9,26.6,12.9,15.5,14.3,13.7,12.9
20260628,アイファーリーベン,72.6,53.1,34.9,17.6,19.5,18.2,17.3,17.6
20260628,レッドカメリア,69.7,50.8,33.6,16.5,18.9,17.2,17.1,16.5
20260628,アドミラルシップ,68.2,50.7,33.4,16.7,17.5,17.3,16.7,16.7
20260628,カピリナ,54.1,39.0,25.0,12.3,15.1,14.0,12.7,12.3
20260628,ヴェナートル,59.7,43.3,28.9,14.6,16.4,14.4,14.3,14.6
20260628,デルマジュテーム,71.6,52.5,33.7,16.2,19.1,18.8,17.5,16.2
20260628,ホウオウブースター,54.5,39.8,25.8,12.9,14.7,14.0,12.9,12.9
20260628,スパークルレイ,70.9,53.3,34.2,16.5,17.6,19.1,17.7,16.5
20260628,トゥレイス,54.4,39.3,26.0,12.8,15.1,13.3,13.2,12.8
20260628,トウシンラヴ,54.9,40.2,25.2,12.4,14.7,15.0,12.8,12.4
20260628,ルージュボニート,54.1,39.5,25.5,12.8,14.6,14.0,12.7,12.8
20260628,ファインブライト,69.6,52.4,34.9,17.7,17.2,17.5,17.2,17.7
20260628,ヴェットビルズ,72.1,53.8,35.7,17.8,18.3,18.1,17.9,17.8
20260628,アルスラーン,68.5,50.7,33.0,16.7,17.8,17.7,16.3,16.7
20260628,ウインマイルート,57.9,43.3,28.4,14.0,14.6,14.9,14.4,14.0
20260628,サラフィエル,58.0,42.6,28.2,14.0,15.4,14.4,14.2,14.0
20260628,ブリスキー,57.3,41.5,26.8,13.0,15.8,14.7,13.8,13.0
20260628,ダイユウファリーナ,64.1,46.9,31.3,16.0,17.2,15.6,15.3,16.0
20260628,モンツァフレイバー,59.5,45.0,29.8,14.8,14.5,15.2,15.0,14.8
20260628,ベルヴィヴァン,74.0,54.8,36.0,17.3,19.2,18.8,18.7,17.3
20260628,ダイユウサルターレ,66.6,49.1,32.4,16.5,17.5,16.7,15.9,16.5
20260628,ベアエクスプレス,58.3,42.5,27.4,13.8,15.8,15.1,13.6,13.8
20260628,ティンバーライン,57.6,42.1,27.5,13.4,15.5,14.6,14.1,13.4
20260628,タケルムサシ,64.6,47.5,31.4,15.6,17.1,16.1,15.8,15.6
20260628,ジェイエルキャリア,52.9,38.2,24.8,12.3,14.7,13.4,12.5,12.3
20260628,ジーティーヒラリ,64.9,47.4,30.8,15.0,17.5,16.6,15.8,15.0
20260628,スカイレックス,65.3,48.1,31.6,15.6,17.2,16.5,16.0,15.6
20260628,ルビーサンセット,56.8,41.3,27.4,13.8,15.5,13.9,13.6,13.8
20260628,ヤマメゴリュウ,59.7,45.0,29.8,14.7,14.7,15.2,15.1,14.7
20260628,ノシェリー,56.7,41.3,26.7,12.9,15.4,14.6,13.8,12.9
20260628,サトノフルーク,56.7,41.1,26.4,13.0,15.6,14.7,13.4,13.0
20260628,ペッレグリーニ,53.8,39.7,25.9,12.5,14.1,13.8,13.4,12.5
20260628,レッドベルダンス,54.4,40.2,26.1,12.7,14.2,14.1,13.4,12.7
20260628,ホープエトワール,78.9,57.6,38.1,18.7,21.3,19.5,19.4,18.7
20260628,ローズバラード,57.8,41.4,26.0,12.5,16.4,15.4,13.5,12.5
20260628,ゴーゴーパンチ,79.0,58.8,38.1,18.6,20.2,20.7,19.5,18.6
20260628,ダイヤモンドパレス,57.3,41.5,26.9,13.2,15.8,14.6,13.7,13.2
20260628,サノノベリー,57.4,41.9,27.8,14.0,15.5,14.1,13.8,14.0
20260628,マイホームパパ,59.1,42.2,26.4,12.5,16.9,15.8,13.9,12.5
20260628,セイウンイーリス,58.8,41.8,26.0,12.1,17.0,15.8,13.9,12.1
20260628,レーゲンシャウアー,72.4,53.9,35.7,17.6,18.5,18.2,18.1,17.6
20260628,デルマハッコウダ,71.4,53.2,35.3,17.6,18.2,17.9,17.7,17.6
20260628,ヴェルバーニア,54.1,40.0,26.0,12.5,14.1,14.0,13.5,12.5
20260628,ワザモノ,56.4,41.3,27.2,13.5,15.1,14.1,13.7,13.5
20260628,プリュノワール,54.0,38.9,25.4,12.3,15.1,13.5,13.1,12.3
20260628,ゲレル,58.5,43.4,29.3,14.6,15.1,14.1,14.7,14.6
20260628,マキシマムドライブ,57.9,42.2,27.7,13.8,15.7,14.5,13.9,13.8
20260628,イントゥザウインド,56.7,41.9,27.7,14.0,14.8,14.2,13.7,14.0
20260628,ファーザーアウェイ,56.3,41.7,27.4,13.6,14.6,14.3,13.8,13.6
20260628,ゴールドパレード,75.0,55.7,36.9,18.6,19.3,18.8,18.3,18.6
20260628,ナックレジーナ,59.8,44.4,30.1,15.6,15.4,14.3,14.5,15.6
20260628,ウキヨノサンシロウ,58.0,42.5,27.3,13.6,15.5,15.2,13.7,13.6
20260628,ブラッククラウズ,56.2,41.3,27.5,13.8,14.9,13.8,13.7,13.8
20260628,ゲンテン,60.0,43.5,28.3,13.8,16.5,15.2,14.5,13.8
20260628,リョウランリノ,58.1,42.3,27.8,13.7,15.8,14.5,14.1,13.7
20260628,ハッピーロンドン,53.2,38.6,25.2,12.6,14.6,13.4,12.6,12.6
20260628,ライクアフラワー,60.3,42.1,26.5,12.7,18.2,15.6,13.8,12.7
20260628,コントラポスト,57.6,42.6,28.1,13.9,15.0,14.5,14.2,13.9
20260628,ヨドノティアラ,60.4,44.0,29.1,14.4,16.4,14.9,14.7,14.4
20260628,カテドラルクォーツ,57.4,42.2,27.9,13.8,15.2,14.3,14.1,13.8
20260628,アリアファブラ,65.7,48.7,32.1,15.8,17.0,16.6,16.3,15.8
20260628,サルワールカミーズ,57.2,42.1,28.1,14.0,15.1,14.0,14.1,14.0
20260628,エコロテラ,57.2,42.2,27.9,13.7,15.0,14.3,14.2,13.7
20260628,トーセンマスラオ,64.9,48.5,32.1,16.3,16.4,16.4,15.8,16.3
20260628,ゲキザル,57.7,42.7,28.0,13.7,15.0,14.7,14.3,13.7
20260628,モーニングダリア,68.5,50.3,32.8,16.5,18.2,17.5,16.3,16.5
20260628,レフィノス,57.7,42.7,29.1,14.5,15.0,13.6,14.6,14.5
20260628,ベルゼビュート,57.9,42.2,27.2,13.0,15.7,15.0,14.2,13.0
20260628,クシマトゥルー,58.9,42.7,28.1,13.6,16.2,14.6,14.5,13.6
20260628,ミサダメキメル,66.7,47.9,31.0,15.6,18.8,16.9,15.4,15.6
20260628,スルーザゴールド,57.7,42.9,28.1,13.8,14.8,14.8,14.3,13.8
20260628,アンヴデット,69.5,50.9,33.1,16.3,18.6,17.8,16.8,16.3
20260628,ゴールドテソーロ,56.5,40.7,25.8,12.0,15.8,14.9,13.8,12.0
20260628,ファルコシニョーラ,69.2,51.4,33.7,16.3,17.8,17.7,17.4,16.3
20260628,ヴィンチェローズ,64.2,47.2,30.9,14.9,17.0,16.3,16.0,14.9
20260628,ヌンエリン,67.7,48.3,32.1,15.8,19.4,16.2,16.3,15.8
20260628,ビタークレス,71.8,53.7,35.7,18.2,18.1,18.0,17.5,18.2
20260628,トウシンマジック,64.4,47.3,30.7,14.8,17.1,16.6,15.9,14.8
20260628,ニューロファイター,68.7,50.4,33.2,16.3,18.3,17.2,16.9,16.3
20260628,ドンエレクトス,57.0,41.8,26.8,13.0,15.2,15.0,13.8,13.0
20260628,ダイシンパルス,57.6,42.6,29.1,15.0,15.0,13.5,14.1,15.0
20260628,ホグホグナナハン,59.7,43.4,28.5,14.1,16.3,14.9,14.4,14.1
20260628,ネイティヴプライド,70.6,52.5,34.8,17.3,18.1,17.7,17.5,17.3
20260628,ジュピターテソーロ,70.6,51.7,33.6,16.6,18.9,18.1,17.0,16.6
20260628,ウインガネーシャ,71.1,52.4,34.5,17.2,18.7,17.9,17.3,17.2
20260628,ジャスピライト,57.9,42.6,27.4,13.4,15.3,15.2,14.0,13.4
20260628,ジーククローネ,67.1,48.9,31.8,15.7,18.2,17.1,16.1,15.7
20260628,マルプリ,60.3,45.0,30.0,14.9,15.3,15.0,15.1,14.9
20260628,マフィン,57.8,42.3,27.7,13.7,15.5,14.6,14.0,13.7
20260628,ステイアンビシャス,60.1,43.1,28.1,13.8,17.0,15.0,14.3,13.8
20260628,エースオブゴールド,59.0,42.8,27.9,13.6,16.2,14.9,14.3,13.6
20260628,ユキノグラス,60.2,44.2,29.1,14.5,16.0,15.1,14.6,14.5
20260628,コンフィグシス,59.6,44.4,29.7,14.9,15.2,14.7,14.8,14.9
20260628,ジュングロワール,60.3,43.2,28.2,13.8,17.1,15.0,14.4,13.8
20260628,シーズザチャンス,68.2,50.2,32.8,16.3,18.0,17.4,16.5,16.3
20260628,バトルモクオ,65.5,47.9,31.4,15.7,17.6,16.5,15.7,15.7
20260628,ベルチュガダン,55.0,40.0,25.8,12.5,15.0,14.2,13.3,12.5
20260628,ティティナ,58.4,42.6,27.8,13.5,15.8,14.8,14.3,13.5
20260628,ウインイルネージュ,57.1,41.7,27.1,13.3,15.4,14.6,13.8,13.3
20260628,アズサ,58.4,42.8,28.2,13.7,15.6,14.6,14.5,13.7
20260628,クイーンズレイン,56.6,41.2,26.9,12.7,15.4,14.3,14.2,12.7
20260628,エンジェルサン,55.2,40.0,25.3,12.0,15.2,14.7,13.3,12.0
20260628,ラヴノー,54.7,39.8,25.3,12.5,14.9,14.5,12.8,12.5
20260628,ｲﾍﾞﾘｽﾘｰﾌの24,74.8,55.8,37.2,18.8,19.0,18.6,18.4,18.8
20260628,ラフィキ,74.9,55.7,37.3,18.6,19.2,18.4,18.7,18.6
20260628,グラウンドビート,55.6,40.8,26.7,13.5,14.8,14.1,13.2,13.5
20260628,ダカラフェスティヴ,67.4,49.6,32.8,16.4,17.8,16.8,16.4,16.4
20260628,アドマイヤフク,59.6,44.4,29.8,14.9,15.2,14.6,14.9,14.9
20260628,ミツカネメルクリオ,66.2,48.8,32.2,15.9,17.4,16.6,16.3,15.9
20260628,ヌビアン,67.1,49.4,32.5,16.6,17.7,16.9,15.9,16.6
20260628,リオハリソンメリー,59.7,44.1,29.5,15.0,15.6,14.6,14.5,15.0
20260628,グラスフェザー,60.0,44.5,29.4,14.9,15.5,15.1,14.5,14.9
20260628,サンフラワー,60.2,45.1,30.0,14.6,15.1,15.1,15.4,14.6
20260628,ボンジュールパリ,59.5,44.2,29.5,14.6,15.3,14.7,14.9,14.6
20260628,ロジアコース,59.5,44.1,29.2,14.5,15.4,14.9,14.7,14.5
20260628,ピックアップライン,64.3,47.0,30.6,15.4,17.3,16.4,15.2,15.4
20260628,トーアモルペウス,70.7,51.9,32.7,15.0,18.8,19.2,17.7,15.0
20260628,シルトホルン,56.1,41.8,26.5,12.5,14.3,15.3,14.0,12.5
20260628,トレベルオール,71.5,51.7,33.5,17.1,19.8,18.2,16.4,17.1
20260628,ノアチュロス,57.0,42.2,27.9,14.0,14.8,14.3,13.9,14.0
20260628,アイアムイチバン,81.5,59.4,38.0,18.5,22.1,21.4,19.5,18.5
20260628,ビッグノエルルーフ,57.9,43.0,28.2,13.7,14.9,14.8,14.5,13.7
20260628,セイクリッドシチー,58.1,43.2,28.7,14.2,14.9,14.5,14.5,14.2
20260628,エーデルクラフト,70.7,52.2,32.8,15.2,18.5,19.4,17.6,15.2
20260628,ヴァンデエス,57.3,42.3,28.1,14.1,15.0,14.2,14.0,14.1
20260628,ディアスポラ,64.7,47.4,30.4,14.7,17.3,17.0,15.7,14.7
20260628,サトノセレナーデ,64.7,46.9,29.9,14.7,17.8,17.0,15.2,14.7
20260628,ルージュブリッツ,56.4,40.7,26.5,13.2,15.7,14.2,13.3,13.2
20260628,バイアブランカ,55.7,40.3,26.1,12.7,15.4,14.2,13.4,12.7
20260628,スウィフトミモザ,0.0,0.0,0.0,0.0,44.6,40.6,39.1,0.0
20260628,ラヴレイン,56.7,41.8,27.4,13.6,14.9,14.4,13.8,13.6
20260628,ヴァイオスペース,55.4,40.0,26.0,13.0,15.4,14.0,13.0,13.0
20260628,ハクサンミレイ,68.2,49.5,31.9,15.4,18.7,17.6,16.5,15.4
20260628,リサナウト,55.2,39.9,26.0,12.9,15.3,13.9,13.1,12.9
20260628,アイファーリーベン,58.6,43.4,28.6,13.9,15.2,14.8,14.7,13.9
20260628,ティアップドライブ,73.8,52.3,34.9,17.9,21.5,17.4,17.0,17.9
20260628,ニシノイストワール,56.6,41.1,27.2,13.3,15.5,13.9,13.9,13.3
20260628,スパークルレイ,55.7,41.5,27.4,13.5,14.2,14.1,13.9,13.5
20260628,スチールギターラグ,65.7,47.3,31.0,15.7,18.4,16.3,15.3,15.7
20260628,ラショナルポイント,71.1,52.9,34.9,17.4,18.2,18.0,17.5,17.4
20260628,ヴェットビルズ,60.3,44.9,29.9,14.5,15.4,15.0,15.4,14.5
20260628,エスクアドラ,56.1,40.7,25.9,12.4,15.4,14.8,13.5,12.4
20260628,ダイユウファリーナ,55.0,40.1,26.2,13.2,14.9,13.9,13.0,13.2
20260628,フリーマントル,58.1,42.5,27.7,13.6,15.6,14.8,14.1,13.6
20260628,フィーユレアル,58.4,42.7,28.0,13.8,15.7,14.7,14.2,13.8
20260628,ハリコミチュウ,56.2,40.6,26.3,12.7,15.6,14.3,13.6,12.7
20260628,タケルムサシ,58.9,43.6,28.8,14.2,15.3,14.8,14.6,14.2
20260628,スカイレックス,58.1,43.1,28.3,14.0,15.0,14.8,14.3,14.0
20260628,ユニオンジャック,55.1,39.7,25.8,12.6,15.4,13.9,13.2,12.6
20260628,ノドゥス,66.7,49.0,32.6,16.0,17.7,16.4,16.6,16.0
20260628,ニシノミヤダシ,68.1,49.5,32.7,16.1,18.6,16.8,16.6,16.1
20260628,ニシノイサリビ,57.3,42.5,27.6,13.7,14.8,14.9,13.9,13.7
20260628,リアライズグロリア,58.4,42.7,28.0,13.9,15.7,14.7,14.1,13.9
20260628,ホープエトワール,65.9,48.6,32.2,16.0,17.3,16.4,16.2,16.0
20260628,ロンドンプライド,61.8,43.4,28.0,13.8,18.4,15.4,14.2,13.8
20260628,ゴーゴーパンチ,58.0,43.1,29.2,14.7,14.9,13.9,14.5,14.7
20260628,ゴールドパレード,57.8,42.4,29.1,14.9,15.4,13.3,14.2,14.9
20260628,グランフィエスタ,70.4,52.3,35.1,17.9,18.1,17.2,17.2,17.9
20260628,ロードプレリュード,57.8,41.3,26.5,13.2,16.5,14.8,13.3,13.2
20260628,アスコットヴェール,62.1,43.7,28.3,13.5,18.4,15.4,14.8,13.5
20260628,ユイノリュウギ,58.2,41.3,26.3,12.5,16.9,15.0,13.8,12.5
20260628,サトノリアン,71.9,53.0,35.3,17.4,18.9,17.7,17.9,17.4
20260628,モスクロッサー,57.5,42.0,27.8,14.1,15.5,14.2,13.7,14.1
20260628,アルティソナンテ,61.2,44.6,29.5,14.5,16.6,15.1,15.0,14.5
20260628,レアリゼソンレーヴ,54.8,39.7,26.2,13.2,15.1,13.5,13.0,13.2
20260628,ダゴベルト,64.2,46.8,30.9,15.8,17.4,15.9,15.1,15.8
20260628,センカンナガト,56.8,42.1,27.8,14.2,14.7,14.3,13.6,14.2
20260628,ハクタカ,56.8,41.9,27.8,14.2,14.9,14.1,13.6,14.2
20260628,モーニングダリア,62.9,47.3,31.7,16.2,15.6,15.6,15.5,16.2
20260628,ミサダメキメル,64.5,47.3,31.8,16.4,17.2,15.5,15.4,16.4
20260628,アンヴデット,66.1,48.8,32.2,16.2,17.3,16.6,16.0,16.2
20260628,ファルコシニョーラ,63.8,47.3,31.2,15.5,16.5,16.1,15.7,15.5
20260628,ゴーゼンチュー,67.0,49.9,33.3,16.8,17.1,16.6,16.5,16.8
20260628,ロマンス,59.3,44.5,29.7,14.4,14.8,14.8,15.3,14.4
20260628,ドナルンバ,56.6,41.6,27.2,13.3,15.0,14.4,13.9,13.3
20260628,ルージュリリック,56.2,41.0,26.4,13.0,15.2,14.6,13.4,13.0
20260628,ミエノストロング,57.0,42.0,27.2,13.5,15.0,14.8,13.7,13.5
20260628,ドナディクオーレ,59.0,44.6,29.6,14.6,14.4,15.0,15.0,14.6
20260628,チャランダマルツ,55.7,41.0,26.2,13.0,14.7,14.8,13.2,13.0
20260628,アロハオエ,58.5,42.9,28.7,14.3,15.6,14.2,14.4,14.3
20260628,エエヤン,57.0,40.3,25.8,12.4,16.7,14.5,13.4,12.4
20260628,ドリーマーズ,58.6,43.1,28.0,13.6,15.5,15.1,14.4,13.6
20260628,ナムラトロム,54.0,39.4,26.4,14.0,14.6,13.0,12.4,14.0
20260628,ヒーローシー,67.1,49.4,32.8,16.3,17.7,16.6,16.5,16.3
20260628,パーシヴァル,73.0,53.7,35.7,18.2,19.3,18.0,17.5,18.2
20260628,カガラプンツェル,62.7,46.8,31.4,15.7,15.9,15.4,15.7,15.7
20260628,モーモーワン,67.7,50.9,33.9,16.7,16.8,17.0,17.2,16.7
20260628,ミリオングローリー,66.8,49.7,32.7,16.1,17.1,17.0,16.6,16.1
20260628,アマンヘセル,67.7,50.0,32.5,16.1,17.7,17.5,16.4,16.1
20260628,アールグレイ,68.1,49.6,32.3,15.9,18.5,17.3,16.4,15.9
20260628,アイムインディ,65.3,48.3,32.3,16.2,17.0,16.0,16.1,16.2
20260628,レッドルイナール,58.0,42.6,27.9,13.6,15.4,14.7,14.3,13.6
20260628,ボールドハーテッド,59.2,43.3,28.3,13.7,15.9,15.0,14.6,13.7
20260628,ナックエルドラド,61.6,45.2,29.5,14.6,16.4,15.7,14.9,14.6
20260628,ナックキャンドル,59.6,44.5,29.8,14.8,15.1,14.7,15.0,14.8
20260628,ポッドレーヴ,56.2,40.5,26.6,13.2,15.7,13.9,13.4,13.2
20260628,イキフン,56.1,41.3,26.8,13.4,14.8,14.5,13.4,13.4
20260628,シークレットイスラ,72.7,53.1,34.3,16.9,19.6,18.8,17.4,16.9
20260628,ジャグアール,68.8,50.3,32.9,16.4,18.5,17.4,16.5,16.4
20260628,クリールスル,69.7,51.1,33.6,17.0,18.6,17.5,16.6,17.0
20260628,エコロガノン,69.3,51.0,33.3,16.7,18.3,17.7,16.6,16.7
20260628,ドミナートル,67.1,48.6,31.9,16.0,18.5,16.7,15.9,16.0
20260628,クールボビー,69.3,51.6,34.2,17.3,17.7,17.4,16.9,17.3
20260628,ノクターナルハント,75.1,57.1,37.7,18.9,18.0,19.4,18.8,18.9
20260628,ジョイベル,56.3,41.7,28.0,13.8,14.6,13.7,14.2,13.8
20260628,アーリマックス,53.3,39.2,25.8,12.8,14.1,13.4,13.0,12.8
20260628,ニシノタチアナ,53.8,39.6,26.0,13.0,14.2,13.6,13.0,13.0
20260628,スカイプライド,55.8,40.7,26.8,13.3,15.1,13.9,13.5,13.3
20260628,レインボーワールド,60.7,44.9,30.0,15.0,15.8,14.9,15.0,15.0
20260628,マサノピンクレディ,57.3,42.0,27.6,12.9,15.3,14.4,14.7,12.9
20260628,ロジザボード,57.9,42.1,27.7,13.6,15.8,14.4,14.1,13.6
20260628,シエラモレーナ,55.3,40.0,25.8,12.7,15.3,14.2,13.1,12.7
20260628,ワレモコウ,56.9,41.7,27.2,12.9,15.2,14.5,14.3,12.9
20260628,マスターボリューム,60.9,44.2,28.9,14.5,16.7,15.3,14.4,14.5
20260628,ウインドワンピース,64.8,48.6,32.6,16.4,16.2,16.0,16.2,16.4
20260628,コスモフラムオット,59.2,42.8,27.7,13.4,16.4,15.1,14.3,13.4
20260628,フォルラニーニ,56.4,41.5,27.3,13.4,14.9,14.2,13.9,13.4
20260628,アロヒアリイ,61.5,44.7,29.2,14.4,16.8,15.5,14.8,14.4
20260628,サイモンナイスラン,71.2,52.7,34.9,17.7,18.5,17.8,17.2,17.7
20260628,マイネルモーント,57.0,40.5,25.9,12.6,16.5,14.6,13.3,12.6
20260628,レイユール,57.8,42.7,28.0,13.6,15.1,14.7,14.4,13.6
20260628,デルマテイネ,68.2,50.5,33.4,16.8,17.7,17.1,16.6,16.8
20260628,タツナナイロ,70.6,52.6,35.4,17.8,18.0,17.2,17.6,17.8
20260628,トゥントゥントゥン,68.7,49.4,31.6,15.3,19.3,17.8,16.3,15.3
20260628,エマージェンス,60.2,44.3,29.6,15.0,15.9,14.7,14.6,15.0
20260628,ニシノブレイゼスト,57.2,40.9,26.2,12.6,16.3,14.7,13.6,12.6
20260628,ブライトラン,56.3,41.5,27.5,13.8,14.8,14.0,13.7,13.8
20260628,フローレスカラーズ,79.3,59.2,39.1,20.1,20.1,20.1,19.0,20.1
20260628,サノノキセキ,67.0,48.7,32.0,16.0,18.3,16.7,16.0,16.0
20260628,セイリュウ,57.7,41.7,26.9,13.3,16.0,14.8,13.6,13.3
20260628,スタレネルヴェント,58.3,43.4,28.0,13.6,14.9,15.4,14.4,13.6
20260628,デルマツルギ,60.4,42.8,27.0,13.0,17.6,15.8,14.0,13.0
20260628,パーシヴァル,71.0,52.1,34.3,17.5,18.9,17.8,16.8,17.5
20260628,ドゥーニ,60.5,44.6,29.7,14.8,15.9,14.9,14.9,14.8
20260628,アンバーバレット,56.7,41.9,27.8,14.0,14.8,14.1,13.8,14.0
20260628,シルバーゴールド,55.1,40.2,26.9,13.6,14.9,13.3,13.3,13.6
20260628,ドリームユー,60.3,44.8,29.8,14.3,15.5,15.0,15.5,14.3
20260628,マウンテンジョオー,65.0,48.2,32.6,16.0,16.8,15.6,16.6,16.0
20260628,エルエシック,65.2,48.3,32.6,16.1,16.9,15.7,16.5,16.1
20260628,ミッドセンチュリー,58.4,42.6,27.4,13.2,15.8,15.2,14.2,13.2
20260628,デルマザオウ,61.0,45.8,31.0,15.2,15.2,14.8,15.8,15.2
20260628,ウイニングレイ,68.9,50.4,32.7,15.9,18.5,17.7,16.8,15.9
20260628,キセキノエンジェル,63.8,47.5,31.8,15.9,16.3,15.7,15.9,15.9
20260628,ジャグアール,55.4,39.6,25.7,12.4,15.8,13.9,13.3,12.4
20260628,クリールスル,55.5,40.6,26.9,13.5,14.9,13.7,13.4,13.5
20260628,エウテルペ,57.3,42.6,28.4,13.9,14.7,14.2,14.5,13.9
20260628,エコロガノン,55.3,40.4,26.6,13.4,14.9,13.8,13.2,13.4
20260628,レヴェンドール,66.2,48.3,31.5,15.4,17.9,16.8,16.1,15.4
20260628,サングラント,64.9,47.8,30.9,14.9,17.1,16.9,16.0,14.9
20260628,アルティシモ,57.0,42.2,27.2,13.1,14.8,15.0,14.1,13.1
20260628,ニシノタカオ,59.4,42.6,27.6,13.3,16.8,15.0,14.3,13.3
20260628,ドミナートル,54.5,39.1,25.7,12.2,15.4,13.4,13.5,12.2
20260628,ウンスイ,57.4,42.3,28.0,13.5,15.1,14.3,14.5,13.5
20260628,クールボビー,56.3,41.5,27.6,13.8,14.8,13.9,13.8,13.8
20260628,ロイヤルグルーヴ,71.1,51.7,33.8,16.7,19.4,17.9,17.1,16.7
20260628,ロカルゼ,65.7,48.5,31.9,15.8,17.2,16.6,16.1,15.8
20260628,ブリスフル,62.8,46.2,29.8,14.7,16.6,16.4,15.1,14.7
20260628,ショウナンタヅナ,68.9,51.6,33.7,16.8,17.3,17.9,16.9,16.8
20260628,ローズオブジャパン,58.2,43.6,29.1,14.5,14.6,14.5,14.6,14.5
20260628,エイシンキーンラン,59.4,44.8,29.7,14.3,14.6,15.1,15.4,14.3
20260628,トワイライトサイト,58.6,43.4,28.3,13.5,15.2,15.1,14.8,13.5
20260628,ペタルズダンス,57.3,42.4,27.8,13.4,14.9,14.6,14.4,13.4
20260628,ロードアマデウス,67.3,50.7,34.2,17.2,16.6,16.5,17.0,17.2
20260628,レガメデルヴェント,66.7,49.6,32.6,16.2,17.1,17.0,16.4,16.2
20260628,セタキト,73.7,53.2,34.7,17.9,20.5,18.5,16.8,17.9
20260628,キーチジャステン,67.4,49.4,32.5,16.2,18.0,16.9,16.3,16.2
20260628,クロダテ,57.3,41.7,26.2,12.5,15.6,15.5,13.7,12.5
20260628,トムキャット,68.7,50.3,32.0,15.5,18.4,18.3,16.5,15.5
20260628,インザダーク,68.1,51.0,34.0,16.9,17.1,17.0,17.1,16.9
20260628,ゴルタン,69.4,50.9,33.1,16.3,18.5,17.8,16.8,16.3
20260628,ケブラダラボジェラ,72.1,53.9,35.5,18.0,18.2,18.4,17.5,18.0
20260628,ウィンターブリーズ,57.3,42.2,27.5,13.6,15.1,14.7,13.9,13.6
20260628,レッドロスタム,59.2,44.0,29.2,14.6,15.2,14.8,14.6,14.6
20260628,ソワンドヴィクター,69.5,50.7,33.0,16.3,18.8,17.7,16.7,16.3
20260628,ナムラドガ,63.1,45.8,29.5,14.4,17.3,16.3,15.1,14.4
20260628,コスモエルヴァル,64.1,47.7,31.9,15.8,16.4,15.8,16.1,15.8
20260628,ネクストドア,64.0,46.2,29.9,14.6,17.8,16.3,15.3,14.6
20260628,オンザボー,59.0,43.1,28.1,13.7,15.9,15.0,14.4,13.7
20260628,アルーアウインド,70.6,51.9,34.0,17.1,18.7,17.9,16.9,17.1
20260628,ピンクジン,54.0,39.3,26.1,13.2,14.7,13.2,12.9,13.2
20260628,ゴットランド,57.8,42.9,27.8,13.4,14.9,15.1,14.4,13.4
20260628,スターリットフレア,58.5,42.0,27.0,13.2,16.5,15.0,13.8,13.2
20260628,ロックユアライフ,63.5,46.4,30.1,15.1,17.1,16.3,15.0,15.1
20260628,フレキシブル,60.2,44.6,29.3,14.1,15.6,15.3,15.2,14.1
20260628,マイネルリコルディ,65.3,47.8,31.2,15.4,17.5,16.6,15.8,15.4
20260628,スノーディーヴァ,60.3,44.6,29.6,14.5,15.7,15.0,15.1,14.5
20260628,ヤングアメリカンズ,68.9,51.1,33.3,16.5,17.8,17.8,16.8,16.5
20260628,メディチパワー,68.1,51.5,35.3,18.3,16.6,16.2,17.0,18.3
20260628,ブルージェイ,69.1,51.1,33.5,16.3,18.0,17.6,17.2,16.3
20260628,アピーリングルック,69.7,50.2,32.2,15.0,19.5,18.0,17.2,15.0
20260628,アロヒアリイ,55.9,40.8,26.7,13.0,15.1,14.1,13.7,13.0
20260628,ベルフィーヌ,59.6,41.9,26.5,12.7,17.7,15.4,13.8,12.7
20260628,ホウオウヘッセン,69.6,51.0,33.2,16.7,18.6,17.8,16.5,16.7
20260628,イサチルシーキング,113.0,82.1,52.3,25.9,30.9,29.8,26.4,25.9
20260628,デルマテイネ,62.9,46.8,30.4,14.8,16.1,16.4,15.6,14.8
20260628,ウッケン,67.8,50.7,33.8,17.1,17.1,16.9,16.7,17.1
20260628,タツナナイロ,58.3,43.2,28.0,13.1,15.1,15.2,14.9,13.1
20260628,バトルボーン,55.4,40.4,25.9,12.3,15.0,14.5,13.6,12.3
20260628,メイショウヨゾラ,55.2,39.6,25.7,13.0,15.6,13.9,12.7,13.0
20260628,テリオスサラ,54.5,39.3,25.7,12.3,15.2,13.6,13.4,12.3
20260628,アンパドゥ,57.3,42.0,27.4,13.3,15.3,14.6,14.1,13.3
20260628,ホウオウショコラ,57.6,42.0,27.2,13.2,15.6,14.8,14.0,13.2
20260628,ハピネスドリーム,56.0,41.3,27.2,13.2,14.7,14.1,14.0,13.2
20260628,ココナッツコースト,56.1,41.1,26.9,13.1,15.0,14.2,13.8,13.1
20260628,サンダーストラック,57.8,42.4,27.6,13.4,15.4,14.8,14.2,13.4
20260628,ボニープリンス,56.8,41.1,26.8,12.7,15.7,14.3,14.1,12.7
20260628,トクシーカイザー,54.5,40.6,27.0,13.5,13.9,13.6,13.5,13.5
20260628,ルージュアベリア,55.3,40.4,26.9,13.3,14.9,13.5,13.6,13.3
20260628,クリスマスパレード,55.4,40.8,25.4,12.1,14.6,15.4,13.3,12.1
20260628,マタミカンサン,55.7,40.8,27.0,13.6,14.9,13.8,13.4,13.6
20260628,シアワセチョウサン,56.3,42.3,28.7,14.8,14.0,13.6,13.9,14.8
20260628,ティーシュペランサ,59.9,44.8,30.0,14.5,15.1,14.8,15.5,14.5
20260628,マイネルヴェスペル,59.8,44.8,30.0,14.5,15.0,14.8,15.5,14.5
20260628,コスモチプリア,65.2,47.8,31.7,15.8,17.4,16.1,15.9,15.8
20260628,ガラスノブルース,61.6,45.1,30.1,15.0,16.5,15.0,15.1,15.0
20260628,レーヴドロペラ,64.7,46.4,30.5,15.5,18.3,15.9,15.0,15.5
20260628,アヴァランチ,68.6,50.5,32.8,16.1,18.1,17.7,16.7,16.1
20260628,カーマインジュエル,54.5,39.6,25.4,12.3,14.9,14.2,13.1,12.3
20260628,ノヴァカーラ,66.8,50.1,33.5,16.9,16.7,16.6,16.6,16.9
20260628,シャインフォーミー,54.1,39.8,26.4,13.2,14.3,13.4,13.2,13.2
20260628,セシルブリュネ,57.0,41.6,27.5,13.1,15.4,14.1,14.4,13.1
20260628,リスレジャンデール,55.4,40.1,26.3,12.8,15.3,13.8,13.5,12.8
20260628,ラヴィサンエール,58.6,43.2,28.7,14.3,15.4,14.5,14.4,14.3
20260628,ビースターリー,68.8,50.8,33.7,16.6,18.0,17.1,17.1,16.6
20260628,フィニート,69.6,51.0,34.4,16.7,18.6,16.6,17.7,16.7
20260628,シーズアウルフ,57.0,41.9,27.3,13.8,15.1,14.6,13.5,13.8
20260628,アレクレア,66.8,48.0,30.1,14.6,18.8,17.9,15.5,14.6
20260628,ウインドオブヘヴン,75.4,54.5,36.2,18.2,20.9,18.3,18.0,18.2
20260628,コスモティタノ,73.5,56.5,38.8,19.4,17.0,17.7,19.4,19.4
20260628,グランレーヴ,73.4,56.4,38.7,19.3,17.0,17.7,19.4,19.3
20260628,コスモイェーガー,73.4,55.9,38.9,19.4,17.5,17.0,19.5,19.4
20260628,キョウエイブリッサ,57.3,42.3,27.3,13.0,15.0,15.0,14.3,13.0
20260628,ディーズゴールド,70.7,52.2,34.5,17.3,18.5,17.7,17.2,17.3
20260628,ハイテイラオユエ,133.8,93.8,57.7,27.4,40.0,36.1,30.3,27.4
20260628,リーズメイリー,59.6,42.3,27.2,13.1,17.3,15.1,14.1,13.1
20260628,リコルディオーロ,59.0,42.3,27.1,13.1,16.7,15.2,14.0,13.1
20260628,ジオパークカツキ,59.1,42.5,27.3,13.2,16.6,15.2,14.1,13.2
20260628,アオイゲート,59.4,42.3,27.4,13.2,17.1,14.9,14.2,13.2
20260628,オルトパラティウム,55.1,39.1,25.1,12.3,16.0,14.0,12.8,12.3
20260628,ベルグラース,58.1,42.2,27.4,13.3,15.9,14.8,14.1,13.3
20260628,マネーマネー,63.9,48.2,33.0,17.2,15.7,15.2,15.8,17.2
20260628,サンタンヌ,66.2,46.8,30.5,15.0,19.4,16.3,15.5,15.0
20260628,ハイラント,58.2,43.4,29.0,14.6,14.8,14.4,14.4,14.6
20260628,メジャーシンガー,58.1,42.7,28.5,13.9,15.4,14.2,14.6,13.9
20260628,ハンデンブレイズ,57.3,42.1,28.1,14.2,15.2,14.0,13.9,14.2
20260628,フォルスラヴィ,57.4,42.2,28.2,14.3,15.2,14.0,13.9,14.3
20260628,ファウナード,57.3,42.2,27.2,13.4,15.1,15.0,13.8,13.4
20260628,ピコチャンブラック,64.3,47.5,31.7,16.0,16.8,15.8,15.7,16.0
20260628,フームスムート,71.4,52.3,34.4,17.0,19.1,17.9,17.4,17.0
20260628,シュガーハイ,69.1,51.1,34.0,17.1,18.0,17.1,16.9,17.1
20260628,ニシノギャルズ,72.1,53.2,34.8,17.6,18.9,18.4,17.2,17.6
20260628,ウマッター,69.2,51.6,34.1,17.2,17.6,17.5,16.9,17.2
20260628,クモヒトツナイ,59.5,42.2,27.0,13.5,17.3,15.2,13.5,13.5
20260628,カフェロワドール,55.2,40.5,26.6,12.6,14.7,13.9,14.0,12.6
20260628,ハネマン,56.2,41.0,26.6,12.5,15.2,14.4,14.1,12.5
20260628,キミガハマ,56.4,41.3,27.3,13.3,15.1,14.0,14.0,13.3
20260628,マーゴットドライ,55.9,40.8,26.6,12.9,15.1,14.2,13.7,12.9
20260628,ビップラージャ,64.5,47.3,31.2,15.0,17.2,16.1,16.2,15.0
20260628,ショウナンタハティ,67.5,50.4,33.5,16.7,17.1,16.9,16.8,16.7
20260628,シューティングガイ,56.3,41.1,26.5,13.0,15.2,14.6,13.5,13.0
20260628,ケープウィッカム,55.5,40.5,26.3,13.0,15.0,14.2,13.3,13.0
20260628,チェルシー,55.1,40.2,25.6,12.6,14.9,14.6,13.0,12.6
20260628,ロジケープ,67.2,50.3,33.1,16.5,16.9,17.2,16.6,16.5
20260628,ヴンダーバール,63.9,47.2,30.9,15.2,16.7,16.3,15.7,15.2
20260628,ヴァンデスペランス,55.7,40.4,26.5,13.0,15.3,13.9,13.5,13.0
20260628,コズミックボックス,55.8,41.1,26.4,12.9,14.7,14.7,13.5,12.9
20260628,トランサルピナ,56.0,40.8,26.8,13.3,15.2,14.0,13.5,13.3
20260628,フェアリースノー,68.7,50.7,33.8,17.0,18.0,16.9,16.8,17.0
20260628,ポテ,67.9,50.1,33.1,16.4,17.8,17.0,16.7,16.4
20260628,マイトリックスター,57.5,42.5,28.6,14.4,15.0,13.9,14.2,14.4
20260628,マーゴットブロー,60.5,44.2,28.5,13.5,16.3,15.7,15.0,13.5
20260628,ジュンヴィヴァン,66.7,48.7,31.5,15.6,18.0,17.2,15.9,15.6
20260628,ペリプルス,69.9,50.5,31.6,14.4,19.4,18.9,17.2,14.4
20260628,モンドシュピーゲル,74.9,55.2,36.3,18.2,19.7,18.9,18.1,18.2
20260628,ルブラッシュノモー,69.4,49.9,31.7,14.5,19.5,18.2,17.2,14.5
20260628,ロンドンアームズ,55.4,40.3,26.3,12.9,15.1,14.0,13.4,12.9
20260628,ダノンリュラ,57.7,42.6,28.0,13.9,15.1,14.6,14.1,13.9
20260628,ペールデュクラン,59.7,44.3,29.7,14.7,15.4,14.6,15.0,14.7
20260628,タマモチョコチップ,59.3,43.8,29.6,14.7,15.5,14.2,14.9,14.7
20260628,コヴェナント,60.0,44.4,29.0,14.4,15.6,15.4,14.6,14.4
20260628,サスケソルトバーン,69.7,51.5,34.0,16.9,18.2,17.5,17.1,16.9
20260628,フォンターナドーロ,72.1,53.5,35.0,16.9,18.6,18.5,18.1,16.9
20260628,マジックファイト,69.5,51.5,34.0,17.0,18.0,17.5,17.0,17.0
20260628,パッカパッカブー,67.8,47.2,29.9,14.5,20.6,17.3,15.4,14.5
20260628,カイトヴィント,68.1,50.2,33.2,16.7,17.9,17.0,16.5,16.7
20260628,ヴェスタル,58.3,42.0,27.1,13.4,16.3,14.9,13.7,13.4
20260628,ハルガスミ,64.6,46.6,30.1,14.9,18.0,16.5,15.2,14.9
20260628,ケイジャーダ,70.8,53.0,36.4,19.4,17.8,16.6,17.0,19.4
20260628,カラスアゲハ,71.5,53.8,36.1,18.6,17.7,17.7,17.5,18.6
20260628,トム,78.0,57.3,37.9,19.2,20.7,19.4,18.7,19.2
20260628,セイウンサイフィー,78.8,57.7,37.8,18.8,21.1,19.9,19.0,18.8
20260628,コパノフラメンコ,78.3,57.2,37.4,18.8,21.1,19.8,18.6,18.8
20260628,ルンベーラ,58.7,43.7,28.8,13.9,15.0,14.9,14.9,13.9
20260628,フライスカイハイ,60.8,44.6,29.3,14.4,16.2,15.3,14.9,14.4
20260628,ストロングボンド,58.4,43.3,28.7,14.3,15.1,14.6,14.4,14.3
20260628,コスモハナミズキ,59.8,45.2,30.3,15.3,14.6,14.9,15.0,15.3
20260628,パルセノスミハ,60.0,45.2,30.0,15.1,14.8,15.2,14.9,15.1
20260628,リナシタ,54.8,40.9,26.7,13.3,13.9,14.2,13.4,13.3
20260628,ケイベエ,66.4,48.5,31.9,16.1,17.9,16.6,15.8,16.1
20260628,フランベリー,67.3,49.4,32.6,16.0,17.9,16.8,16.6,16.0
20260628,エリンヘラクレス,55.2,41.0,26.9,13.3,14.2,14.1,13.6,13.3
20260628,アースグレイジング,66.8,49.1,32.3,16.4,17.7,16.8,15.9,16.4
20260628,ミッキーファイト,65.5,48.4,31.8,16.1,17.1,16.6,15.7,16.1
20260628,ヤマタケボニータ,68.1,51.0,34.1,17.6,17.1,16.9,16.5,17.6
20260628,トレンドマーチ,69.2,51.5,34.5,17.5,17.7,17.0,17.0,17.5
20260628,キョウエイシャトル,69.3,51.6,34.5,17.5,17.7,17.1,17.0,17.5
20260628,ニシノキフジン,67.2,48.9,32.4,16.3,18.3,16.5,16.1,16.3
20260628,アドバンスアゲイン,67.7,50.0,33.4,17.2,17.7,16.6,16.2,17.2
20260628,マーシヴィガラス,71.6,52.9,35.1,17.8,18.7,17.8,17.3,17.8
20260628,シークレットヴァウ,58.9,41.1,26.5,12.7,17.8,14.6,13.8,12.7
20260628,クリアクォーツ,73.7,53.7,35.2,17.9,20.0,18.5,17.3,17.9
20260628,リポジノ,65.1,47.7,31.6,15.4,17.4,16.1,16.2,15.4
20260628,カシノリアーナ,66.9,49.3,32.7,16.5,17.6,16.6,16.2,16.5
20260628,ディエスルージュ,64.5,47.2,31.0,15.0,17.3,16.2,16.0,15.0
20260628,モンドシュピーゲル,63.6,47.1,30.9,15.2,16.5,16.2,15.7,15.2
20260628,アイファーティアラ,73.5,55.4,37.0,19.0,18.1,18.4,18.0,19.0
20260628,レディレックス,63.2,45.3,29.6,14.4,17.9,15.7,15.2,14.4
20260628,ワンダリングスター,75.3,55.3,36.8,18.4,20.0,18.5,18.4,18.4
20260628,テングカゼ,71.0,52.9,35.3,18.3,18.1,17.6,17.0,18.3
20260628,アンナモエ,70.8,53.4,36.7,18.7,17.4,16.7,18.0,18.7
20260628,サンブライト,65.0,47.2,30.4,14.8,17.8,16.8,15.6,14.8
20260628,モータリゼーション,57.5,41.7,27.4,13.8,15.8,14.3,13.6,13.8
20260628,ジャストビコーズ,55.8,41.3,27.2,13.3,14.5,14.1,13.9,13.3
20260628,オスロクィーン,54.6,40.0,25.7,12.4,14.6,14.3,13.3,12.4
20260628,ラスティレッド,68.8,50.3,32.8,16.3,18.5,17.5,16.5,16.3
20260628,ソラニワラエバ,55.2,40.4,26.1,12.9,14.8,14.3,13.2,12.9
20260628,スルーインアード,68.1,49.8,32.4,15.4,18.3,17.4,17.0,15.4
20260628,フジフォンテ,57.2,41.9,27.1,13.5,15.3,14.8,13.6,13.5
20260628,グランシャット,55.6,41.0,27.5,13.5,14.6,13.5,14.0,13.5
20260628,キタノドンカルロ,57.4,42.0,27.4,13.6,15.4,14.6,13.8,13.6
20260628,ブライトシーン,58.0,42.2,27.3,13.3,15.8,14.9,14.0,13.3
20260628,ネオロマーネ,56.8,41.5,26.9,13.1,15.3,14.6,13.8,13.1
20260628,シリアスドラマ,57.2,41.7,27.0,13.1,15.5,14.7,13.9,13.1
20260628,ブーケドグレイス,59.1,43.7,29.1,14.8,15.4,14.6,14.3,14.8
20260628,モリノアミーゴ,56.5,41.0,26.5,12.6,15.5,14.5,13.9,12.6
20260628,ヌクレオチド,65.0,48.3,32.3,16.5,16.7,16.0,15.8,16.5
20260628,トモジャオーリー,56.8,41.2,26.6,12.6,15.6,14.6,14.0,12.6
20260628,ペイシャダンシング,65.0,48.4,31.5,15.3,16.6,16.9,16.2,15.3
20260628,ニシノマルガリート,62.1,45.5,29.9,14.7,16.6,15.6,15.2,14.7
20260628,セイカタカキヤチク,58.3,43.7,28.0,13.8,14.6,15.7,14.2,13.8
20260628,コスモモノポリー,58.9,43.5,28.3,13.6,15.4,15.2,14.7,13.6
20260628,オーケーマドンナ,67.5,49.8,33.0,16.9,17.7,16.8,16.1,16.9
20260628,ウスズミザクラ,57.4,41.9,27.6,13.8,15.5,14.3,13.8,13.8
20260628,オンザヴィーナス,56.9,41.8,26.9,13.0,15.1,14.9,13.9,13.0
20260628,ヒットミー,61.5,44.9,28.9,14.0,16.6,16.0,14.9,14.0
20260628,ニヴルヘイム,73.3,53.7,35.3,17.3,19.6,18.4,18.0,17.3
20260628,ダイヒョウカーク,60.9,45.6,30.8,14.8,15.3,14.8,16.0,14.8
20260628,ルージュラベル,70.5,52.8,35.3,17.6,17.7,17.5,17.7,17.6
20260628,ボールドサンダー,69.5,51.6,33.8,16.3,17.9,17.8,17.5,16.3
20260628,アッティーヤ,66.3,49.0,32.3,16.1,17.3,16.7,16.2,16.1
20260628,ハルマン,72.0,54.3,36.5,18.6,17.7,17.8,17.9,18.6
20260628,ハチキンキリシマ,71.9,53.5,35.2,17.0,18.4,18.3,18.2,17.0
20260628,ゲームチェンジャー,69.6,51.1,33.4,16.3,18.5,17.7,17.1,16.3
20260628,ウインシュクラン,57.5,42.5,28.1,13.9,15.0,14.4,14.2,13.9
20260628,ストラクチャー,57.8,42.8,28.4,13.9,15.0,14.4,14.5,13.9
20260628,ハッピーカーン,60.9,43.8,27.9,13.7,17.1,15.9,14.2,13.7
20260628,セーヌデローヴ,55.5,40.3,26.1,12.7,15.2,14.2,13.4,12.7
20260628,ルストラーレ,56.2,40.9,26.6,13.2,15.3,14.3,13.4,13.2
20260628,ﾏﾛﾝﾍﾞﾙの24,70.2,51.1,33.5,16.9,19.1,17.6,16.6,16.9
20260628,アージェント,65.6,47.8,30.7,15.3,17.8,17.1,15.4,15.3
20260628,バタール,55.5,40.5,26.2,12.8,15.0,14.3,13.4,12.8
20260628,ウェスケンジントン,68.6,50.9,33.9,16.9,17.7,17.0,17.0,16.9
20260628,ミスデルマー,67.1,50.2,33.3,16.8,16.9,16.9,16.5,16.8
20260628,コスモアルペジオ,57.3,42.3,27.9,13.8,15.0,14.4,14.1,13.8
20260628,ナックカナロア,69.2,51.2,34.0,17.0,18.0,17.2,17.0,17.0
20260628,ネオマイスター,70.0,51.4,33.7,16.9,18.6,17.7,16.8,16.9
20260628,ゴールデンハニビー,66.5,49.0,31.7,15.7,17.5,17.3,16.0,15.7
20260628,マイネルリシャール,59.0,43.0,28.1,14.4,16.0,14.9,13.7,14.4
20260628,ジーフォーリア,58.8,43.5,29.3,14.7,15.3,14.2,14.6,14.7
20260628,アルプスオジョー,69.7,50.7,33.2,16.7,19.0,17.5,16.5,16.7
20260628,ルージュスエルテ,59.5,43.8,28.6,14.2,15.7,15.2,14.4,14.2
20260628,ウインハルモニア,62.8,46.3,29.7,14.7,16.5,16.6,15.0,14.7
20260628,ヘルヴィッツ,60.0,43.9,28.6,14.2,16.1,15.3,14.4,14.2
20260628,ベルオーシャン,59.1,43.2,28.3,13.7,15.9,14.9,14.6,13.7
20260628,チャチャット,65.0,46.6,30.5,14.8,18.4,16.1,15.7,14.8
20260628,プレママドンナ,60.3,44.6,29.0,13.8,15.7,15.6,15.2,13.8
20260628,ラインホルト,60.2,44.4,29.2,14.1,15.8,15.2,15.1,14.1
20260628,マンダリンボレロ,71.5,53.5,35.7,17.8,18.0,17.8,17.9,17.8
20260628,ペイシャオーヴァル,70.4,52.4,34.8,17.5,18.0,17.6,17.3,17.5
20260628,コスモデュアリズム,71.6,53.0,35.2,17.8,18.6,17.8,17.4,17.8
20260628,クラウンセト,57.0,41.2,26.9,12.7,15.8,14.3,14.2,12.7
20260628,マジカルガール,56.1,41.4,27.4,13.8,14.7,14.0,13.6,13.8
20260628,ジェットブレード,67.1,49.6,32.3,16.3,17.5,17.3,16.0,16.3
20260628,ミスターマーボー,66.6,49.3,33.1,17.3,17.3,16.2,15.8,17.3
20260628,エムアイブレイズ,68.3,51.2,33.4,16.0,17.1,17.8,17.4,16.0
20260628,ソヴリンゲート,61.2,44.8,29.7,14.7,16.4,15.1,15.0,14.7
20260628,フォクセン,62.6,46.0,30.6,15.2,16.6,15.4,15.4,15.2
20260628,ユイノマチブセ,54.6,40.3,26.7,13.2,14.3,13.6,13.5,13.2
20260628,ヴィーデ,58.6,43.8,29.2,14.8,14.8,14.6,14.4,14.8
20260628,エリナ,62.9,45.5,29.1,13.8,17.4,16.4,15.3,13.8
20260628,リラゲイル,55.5,40.2,26.9,13.0,15.3,13.3,13.9,13.0
20260628,アオゾラランチ,72.5,53.1,35.1,17.1,19.4,18.0,18.0,17.1
20260628,ハーティーチアーズ,57.0,41.8,27.5,13.0,15.2,14.3,14.5,13.0
20260628,ピクニックマーチ,57.8,40.6,25.9,12.4,17.2,14.7,13.5,12.4
20260628,デヴィーア,55.6,40.3,26.8,12.9,15.3,13.5,13.9,12.9
20260628,ジェントルアイズ,55.7,40.6,27.4,13.5,15.1,13.2,13.9,13.5
20260628,ローズガーデン,67.0,48.8,32.2,16.2,18.2,16.6,16.0,16.2
20260628,ユイチャンファイト,56.9,39.9,25.8,12.6,17.0,14.1,13.2,12.6
20260628,テキサスバローズ,68.0,50.1,33.2,16.3,17.9,16.9,16.9,16.3
20260628,エッジランナー,74.4,52.8,34.0,16.2,21.6,18.8,17.8,16.2
20260628,マナイアカラニ,60.6,46.4,31.7,15.9,14.2,14.7,15.8,15.9
20260628,ラッキースウィッチ,67.6,50.3,33.2,16.2,17.3,17.1,17.0,16.2
20260628,アイアムキレマスネ,74.4,54.2,36.3,17.6,20.2,17.9,18.7,17.6
20260628,ムーチョピカンテ,59.5,43.6,28.8,14.2,15.9,14.8,14.6,14.2
20260628,ニシノマキロイ,64.9,48.0,31.9,15.5,16.9,16.1,16.4,15.5
20260628,ジンクピリチオン,75.5,55.1,36.3,17.8,20.4,18.8,18.5,17.8
20260628,マイネルジェロディ,57.2,41.7,27.2,13.6,15.5,14.5,13.6,13.6
20260628,キングクレオール,56.1,41.2,26.8,13.0,14.9,14.4,13.8,13.0
20260628,プリティディーヴァ,64.2,47.0,30.3,15.2,17.2,16.7,15.1,15.2
20260628,コールドスリープ,74.8,55.2,36.9,18.8,19.6,18.3,18.1,18.8
20260628,デルマキタカミ,57.4,42.0,27.5,13.6,15.4,14.5,13.9,13.6
20260628,サンプラザマツモト,72.2,53.1,35.4,17.9,19.1,17.7,17.5,17.9
20260628,アテンスマイル,60.2,44.3,28.5,13.6,15.9,15.8,14.9,13.6
20260628,カフェオリーブ,54.8,39.7,25.9,12.7,15.1,13.8,13.2,12.7
20260628,ジャストワナダイブ,67.9,50.5,33.5,16.9,17.4,17.0,16.6,16.9
20260628,スノーリン,66.0,49.1,32.6,16.4,16.9,16.5,16.2,16.4
20260628,レイナエヴィータ,57.0,41.8,26.9,12.9,15.2,14.9,14.0,12.9
20260628,ロジタイガー,66.0,49.1,32.7,16.4,16.9,16.4,16.3,16.4
20260628,シアルナーレ,56.5,41.8,27.4,13.6,14.7,14.4,13.8,13.6
20260628,ホウオウシュウ,56.7,42.0,27.5,13.8,14.7,14.5,13.7,13.8
20260628,マーシヴィガラス,59.7,43.9,28.7,14.1,15.8,15.2,14.6,14.1
20260628,デリシュー,56.2,41.3,27.5,13.8,14.9,13.8,13.7,13.8
20260628,ラッキーダンス,59.6,43.6,29.2,14.7,16.0,14.4,14.5,14.7
20260628,ロジスカヤ,58.2,43.1,28.3,13.7,15.1,14.8,14.6,13.7
20260628,ウインベルチェーロ,56.7,42.3,27.5,13.5,14.4,14.8,14.0,13.5
20260628,ワンダリングスター,70.3,52.5,35.4,18.0,17.8,17.1,17.4,18.0
20260628,サヴァビアン,69.4,51.1,33.5,16.6,18.3,17.6,16.9,16.6
20260628,リーゼントジェイド,67.4,49.2,32.1,16.2,18.2,17.1,15.9,16.2
20260628,ラストシャリナ,55.9,40.6,25.6,12.4,15.3,15.0,13.2,12.4
20260628,ニヴルヘイム,57.2,42.0,28.1,14.0,15.2,13.9,14.1,14.0
20260628,ウインロゼライト,68.7,49.3,32.6,16.1,19.4,16.7,16.5,16.1
20260628,シャインネージュ,65.6,48.3,32.3,16.4,17.3,16.0,15.9,16.4
20260628,アレックスケー,68.4,50.9,33.2,16.6,17.5,17.7,16.6,16.6
20260628,トーケンギムレット,67.0,48.5,32.0,16.2,18.5,16.5,15.8,16.2
20260628,セプタードアイル,59.3,44.6,30.0,14.8,14.7,14.6,15.2,14.8
20260628,ビリングス,58.2,43.3,28.2,14.0,14.9,15.1,14.2,14.0
20260628,エアトベーレ,56.8,43.1,29.5,15.2,13.7,13.6,14.3,15.2
20260628,メイショウミズホ,56.8,42.0,27.1,13.2,14.8,14.9,13.9,13.2
20260628,アニエーネ,67.1,49.1,32.6,16.1,18.0,16.5,16.5,16.1
20260628,スローブギ,68.4,50.8,33.4,16.5,17.6,17.4,16.9,16.5
20260628,ランドフォートレス,57.1,41.9,26.8,13.1,15.2,15.1,13.7,13.1
20260628,リアンベーレ,69.8,51.9,34.2,16.9,17.9,17.7,17.3,16.9
20260628,レイヤードホワイト,69.3,52.2,34.1,17.0,17.1,18.1,17.1,17.0
20260628,ルージュルフラン,69.3,52.1,34.1,17.0,17.2,18.0,17.1,17.0
20260628,ヴァルカンテソーロ,60.9,45.3,29.3,14.2,15.6,16.0,15.1,14.2
20260628,バシレイア,59.7,44.5,30.0,15.0,15.2,14.5,15.0,15.0
20260628,タイキアロハ,60.4,44.6,29.7,15.1,15.8,14.9,14.6,15.1
20260628,リアルパラダイス,59.7,43.9,28.9,14.5,15.8,15.0,14.4,14.5
20260628,シルバープレミア,59.0,43.7,29.0,14.2,15.3,14.7,14.8,14.2
20260628,トレフォイルノット,59.2,43.5,28.7,14.5,15.7,14.8,14.2,14.5
20260628,アンクエンチャブル,58.2,43.3,28.2,14.0,14.9,15.1,14.2,14.0
20260628,モリノレッドスター,55.0,39.5,25.6,12.2,15.5,13.9,13.4,12.2
20260628,ノーブルクロンヌ,58.5,43.0,27.7,13.6,15.5,15.3,14.1,13.6
20260628,ノーセット,59.1,43.5,28.7,13.7,15.6,14.8,15.0,13.7
20260628,グルーヴェンス,57.6,42.6,27.4,12.8,15.0,15.2,14.6,12.8
20260628,ショウナンライシン,57.1,42.2,26.4,12.6,14.9,15.8,13.8,12.6
20260628,タイキラフター,56.4,42.0,26.7,12.8,14.4,15.3,13.9,12.8
20260628,ルールーリマ,55.2,41.2,27.4,13.5,14.0,13.8,13.9,13.5
20260628,ビンバラ,64.8,47.0,30.5,14.1,17.8,16.5,16.4,14.1
20260628,テセラリアン,58.0,43.3,28.9,14.3,14.7,14.4,14.6,14.3
20260628,セントリアン,70.2,51.9,34.1,17.3,18.3,17.8,16.8,17.3
20260628,ホウライブラック,57.6,43.2,28.2,14.1,14.4,15.0,14.1,14.1
20260628,ブレイクザアイス,57.0,41.9,27.1,13.3,15.1,14.8,13.8,13.3
20260628,ガビーズシスター,56.7,41.6,26.7,13.1,15.1,14.9,13.6,13.1
20260628,ベストミーエヴァー,55.5,40.2,26.0,12.4,15.3,14.2,13.6,12.4
20260628,エコロカディス,56.7,41.0,26.4,13.4,15.7,14.6,13.0,13.4
20260628,フロステリオン,64.7,48.2,31.7,15.7,16.5,16.5,16.0,15.7
20260628,ブルスカメンテ,55.5,40.6,26.7,13.2,14.9,13.9,13.5,13.2
20260628,コスモシェルベット,67.7,50.8,33.4,17.1,16.9,17.4,16.3,17.1
20260628,ブルーダイヤシチー,61.2,45.7,30.6,15.1,15.5,15.1,15.5,15.1
20260628,クロノスフィア,57.8,42.2,28.0,14.1,15.6,14.2,13.9,14.1
20260628,ライトアファイア,66.5,48.9,32.3,15.6,17.6,16.6,16.7,15.6
20260628,ロイヤルガンモ,68.5,51.2,34.2,17.2,17.3,17.0,17.0,17.2
20260628,レザンノワール,70.2,51.7,33.5,16.5,18.5,18.2,17.0,16.5
20260628,カスターニエ,70.2,51.4,33.3,16.4,18.8,18.1,16.9,16.4
20260628,サファイアプレミア,71.9,53.4,36.1,18.5,18.5,17.3,17.6,18.5
20260628,ﾍﾞﾈﾌｨｻﾝｽの24,68.0,50.1,33.6,17.5,17.9,16.5,16.1,17.5
20260628,ニンニン,69.2,50.7,33.7,17.3,18.5,17.0,16.4,17.3
20260628,プラチナムディスク,70.9,51.8,34.2,16.8,19.1,17.6,17.4,16.8
20260628,パーフェクトスノー,70.1,52.1,33.9,16.5,18.0,18.2,17.4,16.5
20260628,エンジャムメント,70.1,51.4,33.0,16.1,18.7,18.4,16.9,16.1
20260628,ノーブルクライ,72.2,52.9,33.9,16.6,19.3,19.0,17.3,16.6
20260628,ショーマンフリート,55.6,41.2,26.8,12.8,14.4,14.4,14.0,12.8
20260628,ロゼフェリシア,69.5,51.0,33.2,16.3,18.5,17.8,16.9,16.3
20260628,ルパヴィヨン,57.8,42.7,28.2,13.9,15.1,14.5,14.3,13.9
20260628,ピュアクローム,59.8,43.6,28.8,14.0,16.2,14.8,14.8,14.0
20260628,アルバニクス,73.7,54.0,35.2,17.0,19.7,18.8,18.2,17.0
20260628,メインテーマ,56.0,41.3,26.6,13.0,14.7,14.7,13.6,13.0
20260628,リトルコリンズ,59.1,42.6,28.0,13.8,16.5,14.6,14.2,13.8
20260628,ディスペアーホープ,59.1,43.9,29.4,14.4,15.2,14.5,15.0,14.4
20260628,ナムラダックス,74.7,54.6,35.3,17.4,20.1,19.3,17.9,17.4
20260628,キミヘノメロディー,70.3,51.7,35.0,17.5,18.6,16.7,17.5,17.5
20260628,エコロブラン,75.2,55.2,36.3,17.7,20.0,18.9,18.6,17.7
20260628,フクオトコ,70.4,52.7,34.9,17.7,17.7,17.8,17.2,17.7
20260628,リーデレクオーレ,60.3,43.7,28.6,14.0,16.6,15.1,14.6,14.0
20260628,スーパーバイザー,70.9,53.5,34.4,17.0,17.4,19.1,17.4,17.0
20260628,アパッシメント,55.3,40.5,25.7,13.1,14.8,14.8,12.6,13.1
20260628,ラミアメンテ,55.7,40.7,26.3,12.8,15.0,14.4,13.5,12.8
20260628,アトラップモア,56.5,41.2,26.0,13.1,15.3,15.2,12.9,13.1
20260628,ジーティーブラック,69.6,51.0,33.1,16.5,18.6,17.9,16.6,16.5
20260628,サトノシュトローム,56.0,40.9,26.4,12.8,15.1,14.5,13.6,12.8
20260628,スペーストラベラー,71.5,53.5,35.4,17.2,18.0,18.1,18.2,17.2
20260628,アズールドーン,71.2,53.3,34.9,16.7,17.9,18.4,18.2,16.7
20260628,クラウンテック,58.9,42.2,27.4,13.1,16.7,14.8,14.3,13.1
20260628,シャルムグリーン,66.0,48.9,32.1,15.7,17.1,16.8,16.4,15.7
20260628,オリエンタルガール,58.3,42.7,27.7,13.5,15.6,15.0,14.2,13.5
20260628,トランセンコ,58.7,41.8,26.9,13.1,16.9,14.9,13.8,13.1
20260628,ダノンタッチダウン,65.0,47.8,31.1,15.5,17.2,16.7,15.6,15.5
20260628,ブライトエアリー,66.4,49.2,33.1,16.2,17.2,16.1,16.9,16.2
20260628,モーゲンセン,65.1,48.3,31.8,15.6,16.8,16.5,16.2,15.6
20260628,ノワドゥココ,71.5,53.8,35.7,18.3,17.7,18.1,17.4,18.3
20260628,クライングナウ,65.3,48.6,32.2,15.9,16.7,16.4,16.3,15.9
20260628,エスシーレイジュ,60.4,44.0,29.1,14.6,16.4,14.9,14.5,14.6
20260628,エスコルチア,62.1,46.5,30.4,15.2,15.6,16.1,15.2,15.2
20260628,サヴマ,95.5,66.4,41.2,20.9,29.1,25.2,20.3,20.9
20260628,ミクニブレイブ,60.5,44.1,27.9,13.1,16.4,16.2,14.8,13.1
20260628,ドナリー,61.1,44.3,28.6,13.9,16.8,15.7,14.7,13.9
20260628,スタースポット,60.5,44.2,27.9,13.5,16.3,16.3,14.4,13.5
20260628,スカーレットクラン,61.2,45.4,29.2,14.3,15.8,16.2,14.9,14.3
20260628,グランオギュール,60.8,44.2,28.3,13.6,16.6,15.9,14.7,13.6
20260628,ノーブルオリンポス,55.8,40.8,26.9,13.5,15.0,13.9,13.4,13.5
20260628,ビップムーラン,69.7,51.1,33.4,16.6,18.6,17.7,16.8,16.6
20260628,マリノマーベラス,68.7,50.6,33.3,16.7,18.1,17.3,16.6,16.7
20260628,リバーブレーション,69.5,50.0,32.8,16.3,19.5,17.2,16.5,16.3
20260628,ザンシュトーム,104.5,75.4,48.6,23.9,29.1,26.8,24.7,23.9
20260628,ヤマニンリンキング,105.1,76.0,49.2,23.7,29.1,26.8,25.5,23.7
20260628,ミナヅキ,67.4,49.3,32.9,17.0,18.1,16.4,15.9,17.0
20260628,ラウンドヒル,66.3,49.5,33.0,17.0,16.8,16.5,16.0,17.0
20260628,イゲマジャ,69.8,50.6,33.4,16.8,19.2,17.2,16.6,16.8
20260628,シュガーシャック,54.2,39.2,25.5,12.5,15.0,13.7,13.0,12.5
20260628,デアプリームス,67.6,50.1,32.6,16.0,17.5,17.5,16.6,16.0
20260628,ノワールブレイブ,69.7,50.4,33.1,16.0,19.3,17.3,17.1,16.0
20260628,ドーンレイド,63.9,46.9,30.3,14.6,17.0,16.6,15.7,14.6
20260628,キングボーイ,61.5,45.9,30.1,14.5,15.6,15.8,15.6,14.5
20260628,リバーススイープ,65.9,49.3,32.9,16.9,16.6,16.4,16.0,16.9
20260628,エイミームーン,63.9,46.0,30.1,15.4,17.9,15.9,14.7,15.4
20260628,テンドリームガール,55.2,39.7,26.0,12.9,15.5,13.7,13.1,12.9
20260628,カラーオブサクセス,60.9,45.0,30.0,15.2,15.9,15.0,14.8,15.2
20260628,ニシノアトール,65.9,48.3,31.5,15.6,17.6,16.8,15.9,15.6
20260628,イヴナンバーフォー,70.9,51.4,34.5,17.0,19.5,16.9,17.5,17.0
20260628,アルマロクザン,65.7,47.7,30.3,14.2,18.0,17.4,16.1,14.2
20260628,ロックオブソシジ,67.4,48.1,30.8,15.3,19.3,17.3,15.5,15.3
20260628,マイネルボス,64.5,46.4,30.3,14.8,18.1,16.1,15.5,14.8
20260628,ポッドデスペア,66.9,47.8,30.9,15.3,19.1,16.9,15.6,15.3
20260628,ザンテソーロ,65.7,46.7,30.2,15.5,19.0,16.5,14.7,15.5
20260628,レーヴマジック,72.0,52.5,34.4,17.3,19.5,18.1,17.1,17.3
20260628,テキエロ,72.8,53.5,35.2,17.6,19.3,18.3,17.6,17.6
20260628,バトルクライ,69.2,50.4,32.4,16.0,18.8,18.0,16.4,16.0
20260628,フェスティヴビーム,69.4,51.6,34.2,17.1,17.8,17.4,17.1,17.1
20260628,フェスティヴハート,70.1,52.2,34.7,17.4,17.9,17.5,17.3,17.4
20260628,コスモメイウェザー,56.8,40.5,26.6,13.0,16.3,13.9,13.6,13.0
20260628,ラヴァレード,56.9,41.3,26.9,13.0,15.6,14.4,13.9,13.0
20260628,ファーストアライヴ,57.0,40.8,26.6,12.9,16.2,14.2,13.7,12.9
20260628,チャームジュネーヴ,58.8,42.8,28.1,14.0,16.0,14.7,14.1,14.0
20260628,グランシュレーム,71.7,54.5,37.0,18.2,17.2,17.5,18.8,18.2
20260628,イニシャルポイント,55.1,39.7,26.0,12.5,15.4,13.7,13.5,12.5
20260628,ロートホルン,68.6,50.7,33.4,16.6,17.9,17.3,16.8,16.6
20260628,プラネタリーアワー,71.5,52.5,34.6,17.4,19.0,17.9,17.2,17.4
20260628,ミスティユニバンス,68.4,50.7,33.3,16.6,17.7,17.4,16.7,16.6
20260628,スマートブライド,70.8,52.7,34.9,17.4,18.1,17.8,17.5,17.4
20260628,ニシノレジーナ,68.2,50.4,33.2,16.3,17.8,17.2,16.9,16.3
20260628,エスコバル,69.6,50.8,33.0,16.5,18.8,17.8,16.5,16.5
20260628,グランルチャドール,67.6,49.8,32.5,16.1,17.8,17.3,16.4,16.1
20260628,ヒケヤイワフネ,67.5,49.2,32.5,16.3,18.3,16.7,16.2,16.3
20260628,アンジュリオ,70.1,51.6,34.5,17.7,18.5,17.1,16.8,17.7
20260628,エピックジャーニー,68.2,50.4,33.2,16.5,17.8,17.2,16.7,16.5
20260628,コイゾラ,69.3,51.0,33.7,16.7,18.3,17.3,17.0,16.7
20260628,イチザサンダー,68.7,50.3,32.7,15.7,18.4,17.6,17.0,15.7
20260628,アイスアイスベイビ,55.7,40.7,26.4,13.2,15.0,14.3,13.2,13.2
20260628,ラスタリア,56.1,41.0,26.5,13.2,15.1,14.5,13.3,13.2
20260628,セレスタイト,56.4,41.2,26.5,13.2,15.2,14.7,13.3,13.2
20260628,ミュークゼウス,68.7,50.4,33.3,16.7,18.3,17.1,16.6,16.7
20260628,ルーチェルナーレ,68.6,50.4,33.9,17.4,18.2,16.5,16.5,17.4
20260628,ワイワイシャイニー,67.2,50.2,33.4,16.6,17.0,16.8,16.8,16.6
20260628,メイドリーム,68.2,50.9,33.6,16.6,17.3,17.3,17.0,16.6
20260628,フレイムオブキング,68.3,51.0,34.2,17.4,17.3,16.8,16.8,17.4
20260628,ツクバアヴァロン,62.6,45.8,30.3,15.3,16.8,15.5,15.0,15.3
20260628,グレイシエーション,57.5,41.4,26.8,12.5,16.1,14.6,14.3,12.5
20260628,フォンテキアーラ,61.9,45.4,30.1,15.0,16.5,15.3,15.1,15.0
20260628,サノノファイター,59.0,42.7,27.7,13.6,16.3,15.0,14.1,13.6
20260628,カンレイスター,67.1,48.4,31.6,15.7,18.7,16.8,15.9,15.7
20260628,ウインテラジーナ,69.1,50.7,34.0,16.9,18.4,16.7,17.1,16.9
20260628,グルドロッティン,59.0,43.0,28.3,14.0,16.0,14.7,14.3,14.0
20260628,ジョブックボー,55.4,39.8,26.0,12.9,15.6,13.8,13.1,12.9
20260628,テラシエスタ,56.2,41.9,27.9,13.9,14.3,14.0,14.0,13.9
20260628,クイーンズワーフ,67.6,49.3,32.8,16.1,18.3,16.5,16.7,16.1
20260628,コルチェスター,55.9,40.5,26.7,13.3,15.4,13.8,13.4,13.3
20260628,ルールオーヴァー,55.6,40.8,26.4,12.9,14.8,14.4,13.5,12.9
20260628,レインボーラッキー,58.2,42.9,28.2,13.8,15.3,14.7,14.4,13.8
20260628,ストラニエーロ,64.3,47.2,31.3,15.8,17.1,15.9,15.5,15.8
20260628,セブンワンダーズ,59.1,43.8,28.9,14.5,15.3,14.9,14.4,14.5
20260628,クライングナウ,57.9,42.5,27.7,13.5,15.4,14.8,14.2,13.5
20260628,ロードクラシコ,55.1,40.9,27.0,13.1,14.2,13.9,13.9,13.1
20260628,モーゲンセン,58.6,43.1,28.2,13.9,15.5,14.9,14.3,13.9
20260628,シェンロン,72.3,52.7,35.0,17.7,19.6,17.7,17.3,17.7
20260628,ｱﾒﾘの24,72.5,52.9,34.5,17.1,19.6,18.4,17.4,17.1
20260628,ノワールブレイブ,67.4,50.0,33.2,16.7,17.4,16.8,16.5,16.7
20260628,エイカイボクサー,74.0,55.4,37.2,18.5,18.6,18.2,18.7,18.5
20260628,ルーラーインパクト,74.0,55.8,37.5,19.0,18.2,18.3,18.5,19.0
20260628,サトノスプレマシー,73.6,55.4,36.8,18.1,18.2,18.6,18.7,18.1
20260628,ナーシリーヤ,59.5,43.2,27.7,13.3,16.3,15.5,14.4,13.3
20260628,ミアエッテ,59.8,43.6,27.8,13.8,16.2,15.8,14.0,13.8
20260628,レディホークダイヤ,64.8,46.8,29.7,14.7,18.0,17.1,15.0,14.7
20260628,サイモンオリエント,78.3,57.6,38.3,18.8,20.7,19.3,19.5,18.8
20260628,サラサヴィクトリー,59.5,43.2,27.6,13.3,16.3,15.6,14.3,13.3
20260628,アルデラッシュ,57.9,42.6,27.6,13.5,15.3,15.0,14.1,13.5
20260628,エスコバル,66.5,48.6,31.8,16.0,17.9,16.8,15.8,16.0
20260628,ヒケヤイワフネ,64.4,47.4,31.2,15.7,17.0,16.2,15.5,15.7
20260628,イツマデモマツワ,61.5,45.2,30.1,15.1,16.3,15.1,15.0,15.1
20260628,イチザサンダー,64.9,47.3,30.6,15.3,17.6,16.7,15.3,15.3
20260628,アンジュリオ,66.3,49.0,32.1,16.2,17.3,16.9,15.9,16.2
20260628,ミエノブラボー,60.6,44.1,29.0,14.2,16.5,15.1,14.8,14.2
20260628,イケイケルノワール,60.4,44.9,29.6,14.9,15.5,15.3,14.7,14.9
20260628,ガヤーズアモーレ,64.4,47.3,30.9,15.4,17.1,16.4,15.5,15.4
20260628,マデイラシトリン,65.7,48.0,31.9,15.6,17.7,16.1,16.3,15.6
20260628,ダンツファイター,68.5,50.2,32.5,15.7,18.3,17.7,16.8,15.7
20260628,アジアントレジャー,68.3,50.2,32.7,16.2,18.1,17.5,16.5,16.2
20260628,マクシーン,59.3,43.8,29.2,14.2,15.5,14.6,15.0,14.2
20260628,テンユメノオーロラ,61.8,45.0,29.6,15.0,16.8,15.4,14.6,15.0
20260628,デモリションマン,62.1,46.1,30.5,14.9,16.0,15.6,15.6,14.9
20260628,アイスブレイカー,69.2,51.4,33.9,16.7,17.8,17.5,17.2,16.7
20260628,キンバリー,69.2,50.9,33.9,16.8,18.3,17.0,17.1,16.8
20260628,メリーサウンド,58.2,42.3,27.7,13.5,15.9,14.6,14.2,13.5
20260628,サヨノジャンボリー,60.5,45.5,30.2,14.7,15.0,15.3,15.5,14.7
20260628,アーティラリー,68.3,49.8,32.2,16.0,18.5,17.6,16.2,16.0
20260628,サンマルオブウォー,66.8,50.1,32.8,16.2,16.7,17.3,16.6,16.2
20260628,パッションディーバ,55.7,40.3,27.2,14.1,15.4,13.1,13.1,14.1
20260628,ロッタリーランド,68.4,50.0,32.8,16.2,18.4,17.2,16.6,16.2
20260628,ノーウェアマン,58.2,42.9,28.5,14.3,15.3,14.4,14.2,14.3
20260628,エマルタ,69.5,50.8,33.3,16.4,18.7,17.5,16.9,16.4
20260628,アトラクティーボ,62.9,45.8,29.8,14.8,17.1,16.0,15.0,14.8
20260628,ナムラクリスティ,65.6,48.1,31.5,15.8,17.5,16.6,15.7,15.8
20260628,ムーンストラック,64.1,47.2,30.9,15.5,16.9,16.3,15.4,15.5
20260628,ハッピーラッキー,63.7,46.2,30.1,16.1,17.5,16.1,14.0,16.1
20260628,ジーティーフクジ,65.5,48.5,32.2,16.0,17.0,16.3,16.2,16.0
20260628,ディメンシア,57.5,42.4,27.8,13.9,15.1,14.6,13.9,13.9
20260628,ホウオウライセンス,58.4,43.1,28.4,14.5,15.3,14.7,13.9,14.5
20260628,アメテュストス,63.9,46.8,29.9,14.1,17.1,16.9,15.8,14.1
20260628,ベルトラッキ,61.9,45.4,30.5,15.2,16.5,14.9,15.3,15.2
20260628,ウェイワードアクト,54.6,39.6,25.5,12.5,15.0,14.1,13.0,12.5
20260628,グロスビーク,57.4,42.2,27.5,13.6,15.2,14.7,13.9,13.6
20260628,ダノンダックス,58.6,42.6,27.8,13.4,16.0,14.8,14.4,13.4
20260628,カズタンジャー,57.1,41.5,26.9,12.8,15.6,14.6,14.1,12.8
20260628,ノーブルスカイ,53.6,38.9,25.5,13.0,14.7,13.4,12.5,13.0
20260628,レクスノヴァス,56.4,40.8,26.6,13.3,15.6,14.2,13.3,13.3
20260628,ルージュマデイラ,55.3,39.3,25.4,12.7,16.0,13.9,12.7,12.7
20260628,ベラジオヴァレル,56.6,40.4,26.8,13.3,16.2,13.6,13.5,13.3
20260628,チェファルー,57.2,41.4,27.5,13.8,15.8,13.9,13.7,13.8
20260628,リフルフォース,55.1,39.1,25.3,12.7,16.0,13.8,12.6,12.7
20260628,デアヴェローチェ,55.9,40.1,26.1,13.2,15.8,14.0,12.9,13.2
20260628,アームズラムレイ,56.8,41.0,27.4,13.9,15.8,13.6,13.5,13.9
20260628,モーデン,57.8,41.6,27.4,12.8,16.2,14.2,14.6,12.8
20260628,ナヴォーナ,54.8,39.7,25.9,12.8,15.1,13.8,13.1,12.8
20260628,マニバドラ,53.4,38.7,25.3,12.9,14.7,13.4,12.4,12.9
20260628,ボディブロー,52.5,38.0,25.2,12.7,14.5,12.8,12.5,12.7
20260628,クラウディアイ,54.8,39.7,25.5,12.6,15.1,14.2,12.9,12.6
20260628,ディーエスショウマ,56.2,40.9,26.2,13.0,15.3,14.7,13.2,13.0
20260628,スピリットライズ,57.5,40.6,26.4,12.8,16.9,14.2,13.6,12.8
20260628,スマートクラビ,56.2,40.9,26.7,13.4,15.3,14.2,13.3,13.4
20260628,フィドルファドル,70.3,50.0,31.9,15.9,20.3,18.1,16.0,15.9
20260628,レッドヴァリアート,56.0,40.5,26.1,12.8,15.5,14.4,13.3,12.8
20260628,ジャスパーソレイユ,54.6,39.3,25.5,12.6,15.3,13.8,12.9,12.6
20260628,スーパービジー,59.3,43.2,28.8,14.6,16.1,14.4,14.2,14.6
20260628,フィエスタ,58.3,42.2,28.1,14.2,16.1,14.1,13.9,14.2
20260628,ペイシャシス,57.2,41.6,27.6,13.4,15.6,14.0,14.2,13.4
20260628,ルージュソムニウム,58.6,42.5,28.5,13.5,16.1,14.0,15.0,13.5
20260628,ゼンノトヨタマヒメ,55.8,40.4,26.6,13.2,15.4,13.8,13.4,13.2
20260628,グランスプリント,57.3,41.2,26.8,13.0,16.1,14.4,13.8,13.0
20260628,リメンバーシドニー,55.7,40.6,26.2,12.9,15.1,14.4,13.3,12.9
20260628,ラッキーストーン,57.1,40.6,26.3,12.5,16.5,14.3,13.8,12.5
20260628,プールナバドラ,53.5,38.6,25.4,13.1,14.9,13.2,12.3,13.1
20260628,グランエール,61.9,44.4,29.6,14.8,17.5,14.8,14.8,14.8
20260628,タイセイブリオン,57.3,42.3,28.0,13.9,15.0,14.3,14.1,13.9
20260628,ディーエスシン,56.3,40.9,26.3,13.0,15.4,14.6,13.3,13.0
20260628,ヴェールダムール,56.8,41.6,27.1,13.2,15.2,14.5,13.9,13.2
20260628,ムスペルヘイム,56.4,41.0,26.8,13.0,15.4,14.2,13.8,13.0
20260628,カネフラ,59.7,42.2,26.9,13.0,17.5,15.3,13.9,13.0
20260628,ベルウェザー,58.2,42.6,27.5,13.1,15.6,15.1,14.4,13.1
20260628,キュクロープス,67.7,48.4,31.7,15.9,19.3,16.7,15.8,15.9
20260628,マナエトレ,56.2,40.5,26.2,12.9,15.7,14.3,13.3,12.9
20260628,ニシノミチアキ,54.0,39.9,26.2,13.1,14.1,13.7,13.1,13.1
20260628,サトノソティラス,55.7,40.7,26.1,12.9,15.0,14.6,13.2,12.9
20260628,コカボムショット,56.4,41.7,27.6,13.8,14.7,14.1,13.8,13.8
20260628,ニテンイチリュウ,57.8,41.6,27.0,13.2,16.2,14.6,13.8,13.2
20260628,ビケイムフリー,54.2,39.7,26.6,13.6,14.5,13.1,13.0,13.6
20260628,フリーガー,59.5,42.4,28.0,14.1,17.1,14.4,13.9,14.1
20260628,イットガール,58.0,42.6,28.0,14.0,15.4,14.6,14.0,14.0
20260628,ベルドゥニュイ,62.4,45.9,31.0,15.9,16.5,14.9,15.1,15.9
20260628,アカウフリューゲル,53.6,39.0,25.2,12.2,14.6,13.8,13.0,12.2
20260628,ミスターエメラルド,61.1,44.4,29.0,14.1,16.7,15.4,14.9,14.1
20260628,ダノンハドソン,57.0,41.3,26.0,12.8,15.7,15.3,13.2,12.8
20260628,マイシドニー,59.7,42.7,27.8,13.7,17.0,14.9,14.1,13.7
20260628,トラゲット,58.6,42.7,28.4,14.7,15.9,14.3,13.7,14.7
20260628,ファミーリエ,58.6,42.7,28.6,14.9,15.9,14.1,13.7,14.9
20260628,ﾀｹｼｮｳﾒｰｶｰの24,63.2,46.1,30.6,15.2,17.1,15.5,15.4,15.2
20260628,ジャンゴッド,58.5,42.2,27.6,13.3,16.3,14.6,14.3,13.3
20260628,ジョウショーツヨシ,59.4,43.1,28.1,13.8,16.3,15.0,14.3,13.8
20260628,ヤマニンループ,59.5,43.7,28.8,14.4,15.8,14.9,14.4,14.4
20260628,タイキエクセロン,55.2,39.3,26.0,13.4,15.9,13.3,12.6,13.4
20260628,カゼノランナー,58.0,41.4,26.2,12.9,16.6,15.2,13.3,12.9
20260628,アーブルラーブル,57.3,42.3,27.5,13.0,15.0,14.8,14.5,13.0
20260628,メイショウソウセキ,58.5,41.8,26.4,13.0,16.7,15.4,13.4,13.0
20260628,ユメシバイ,58.8,42.5,28.1,14.0,16.3,14.4,14.1,14.0
20260628,コズミックフレア,75.0,53.2,33.5,15.8,21.8,19.7,17.7,15.8
20260628,ミヤラティーニ,59.3,43.1,28.4,13.7,16.2,14.7,14.7,13.7
20260628,オースミサイファー,58.5,41.1,26.6,12.8,17.4,14.5,13.8,12.8
20260628,ミスティックレイン,61.0,44.0,28.5,14.1,17.0,15.5,14.4,14.1
20260628,エクスマウス,68.0,49.0,31.9,15.6,19.0,17.1,16.3,15.6
20260628,ココフルール,56.1,40.0,25.9,12.9,16.1,14.1,13.0,12.9
20260628,シックパラソル,59.7,43.0,28.1,14.1,16.7,14.9,14.0,14.1
20260628,シャトンダンス,59.0,43.1,28.2,14.3,15.9,14.9,13.9,14.3
20260628,ヴェルテンベルク,58.6,41.6,26.7,13.1,17.0,14.9,13.6,13.1
20260628,ベルファスト,67.6,48.6,30.8,14.8,19.0,17.8,16.0,14.8
20260628,タイセイレスポンス,55.2,40.3,26.5,13.0,14.9,13.8,13.5,13.0
20260628,ドルチェリターン,58.8,42.7,27.8,13.2,16.1,14.9,14.6,13.2
20260628,コーチェラバレー,57.1,41.8,27.1,13.7,15.3,14.7,13.4,13.7
20260628,カトマンズゴールド,57.1,41.0,26.3,12.9,16.1,14.7,13.4,12.9
20260628,ベルトナリテ,57.2,41.1,26.3,13.1,16.1,14.8,13.2,13.1
20260628,ラピス,67.1,48.7,32.1,16.2,18.4,16.6,15.9,16.2
20260628,ペイシャトサモア,68.0,49.6,31.8,16.3,18.4,17.8,15.5,16.3
20260628,シャローファースト,56.1,41.2,27.6,14.0,14.9,13.6,13.6,14.0
20260628,ルマンサルト,72.4,51.0,31.8,14.9,21.4,19.2,16.9,14.9
20260628,フェリシタル,56.6,40.7,26.7,13.5,15.9,14.0,13.2,13.5
20260628,ウインガウェイン,69.4,49.5,32.7,15.2,19.9,16.8,17.5,15.2
20260628,ソリドゥス,64.0,47.7,32.4,16.4,16.3,15.3,16.0,16.4
20260628,ハロナ,64.4,45.9,30.3,14.6,18.5,15.6,15.7,14.6
20260628,ホットロッドハート,58.1,42.5,27.4,13.2,15.6,15.1,14.2,13.2
20260628,シャローフォレスト,58.5,41.4,26.2,12.7,17.1,15.2,13.5,12.7
20260628,フラッシングルビー,56.2,40.5,26.7,13.5,15.7,13.8,13.2,13.5
20260628,サンライズアリオン,54.9,40.3,26.3,13.4,14.6,14.0,12.9,13.4
20260628,コパノサントス,65.3,47.4,30.9,14.8,17.9,16.5,16.1,14.8
20260628,オールナット,75.4,54.7,35.7,17.6,20.7,19.0,18.1,17.6
20260628,マジックローズ,56.3,39.7,25.2,12.4,16.6,14.5,12.8,12.4
20260628,ジュエルハウス,65.3,47.6,31.0,15.5,17.7,16.6,15.5,15.5
20260628,レヴァンテシチー,69.5,50.4,32.6,16.7,19.1,17.8,15.9,16.7
20260628,イマージョン,76.6,54.9,35.3,17.1,21.7,19.6,18.2,17.1
20260628,イリフィ,76.4,54.8,35.5,17.5,21.6,19.3,18.0,17.5
20260628,ファイティンアスク,58.7,42.1,26.8,13.2,16.6,15.3,13.6,13.2
20260628,ソニックブーム,59.9,42.0,27.0,13.4,17.9,15.0,13.6,13.4
20260628,アイルトン,66.7,47.9,30.9,15.2,18.8,17.0,15.7,15.2
20260628,シュプリームレルム,74.8,53.6,35.2,17.1,21.2,18.4,18.1,17.1
20260628,メリオルヴィア,63.4,45.7,29.8,14.5,17.7,15.9,15.3,14.5
20260628,ムスクレスト,59.0,42.3,27.6,13.2,16.7,14.7,14.4,13.2
20260628,グローリーバローズ,65.1,47.3,31.2,16.0,17.8,16.1,15.2,16.0
20260628,ウインビスタ,56.9,41.6,27.3,13.7,15.3,14.3,13.6,13.7
20260628,デュードロップ,64.2,46.7,30.5,14.9,17.5,16.2,15.6,14.9
20260628,キシュウマミー,63.7,46.5,29.9,14.6,17.2,16.6,15.3,14.6
20260628,エイシンジュウライ,67.3,48.8,31.9,15.5,18.5,16.9,16.4,15.5
20260628,オーバーシュタイン,60.8,43.1,27.8,13.9,17.7,15.3,13.9,13.9
20260628,シグロデオロ,63.3,46.8,31.7,16.1,16.5,15.1,15.6,16.1
20260628,ブックオブケルズ,76.4,54.4,35.6,17.3,22.0,18.8,18.3,17.3
20260628,アウトレンジ,64.9,47.3,31.2,15.0,17.6,16.1,16.2,15.0
20260628,エイシンキタールン,59.2,42.7,28.0,13.8,16.5,14.7,14.2,13.8
20260628,トウカイジーク,59.7,43.9,28.5,13.8,15.8,15.4,14.7,13.8
20260628,ブライトベリル,59.4,42.3,26.9,13.1,17.1,15.4,13.8,13.1
20260628,マーゴットガイア,65.6,47.2,29.9,14.4,18.4,17.3,15.5,14.4
20260628,ヨカオウ,56.8,42.3,28.3,14.6,14.5,14.0,13.7,14.6
20260628,スナークホクサイ,58.1,43.0,27.7,13.2,15.1,15.3,14.5,13.2
20260628,アイアン,64.8,47.6,31.7,16.2,17.2,15.9,15.5,16.2
20260628,ミッキーロビン,60.8,44.3,29.2,14.8,16.5,15.1,14.4,14.8
20260628,エピッククイーン,56.7,41.5,26.7,13.0,15.2,14.8,13.7,13.0
20260628,チェサピークベイ,58.4,41.4,26.6,13.5,17.0,14.8,13.1,13.5
20260628,テイクオーヴァー,61.8,45.3,29.7,14.9,16.5,15.6,14.8,14.9
20260628,ランズエンド,61.8,45.3,29.7,14.9,16.5,15.6,14.8,14.9
20260628,オンアロール,78.3,56.9,36.9,18.3,21.4,20.0,18.6,18.3
20260628,フランソワーズ,61.0,43.7,28.0,12.7,17.3,15.7,15.3,12.7
20260628,ジョウゲンノツキ,59.2,42.6,27.9,14.1,16.6,14.7,13.8,14.1
20260628,ストレングス,56.9,40.2,25.8,12.6,16.7,14.4,13.2,12.6
20260628,レイデラティエラ,53.7,39.4,26.2,13.5,14.3,13.2,12.7,13.5
20260628,カレンラップスター,56.6,40.8,26.4,13.0,15.8,14.4,13.4,13.0
20260628,ソリスディエス,52.5,38.5,25.3,12.8,14.0,13.2,12.5,12.8
20260628,メイショウグロリア,62.5,44.7,29.2,14.7,17.8,15.5,14.5,14.7
20260628,ハツアカネ,54.9,40.0,26.5,13.2,14.9,13.5,13.3,13.2
20260628,チェカ,54.6,39.8,26.4,13.4,14.8,13.4,13.0,13.4
20260628,ラインエレガント,60.6,43.4,28.8,14.6,17.2,14.6,14.2,14.6
20260628,ブラックドレス,70.8,51.4,33.5,16.6,19.4,17.9,16.9,16.6
20260628,メイショウリリー,59.1,43.3,29.1,15.1,15.8,14.2,14.0,15.1
20260628,ダノンカゼルタ,67.8,49.9,32.3,16.1,17.9,17.6,16.2,16.1
20260628,ダンツウルス,66.3,47.1,30.6,15.2,19.2,16.5,15.4,15.2
20260628,ハナコトバ,66.9,48.9,32.4,16.3,18.0,16.5,16.1,16.3
20260628,ヴィエントデコラ,62.5,44.9,30.2,14.9,17.6,14.7,15.3,14.9
20260628,ダノンテムズ,63.2,46.0,30.4,14.9,17.2,15.6,15.5,14.9
20260628,アスクエピソード,56.9,40.9,26.0,12.6,16.0,14.9,13.4,12.6
20260628,サンデーファンデー,57.4,41.9,27.2,13.6,15.5,14.7,13.6,13.6
20260628,トーラスシャイン,57.1,41.2,26.2,12.9,15.9,15.0,13.3,12.9
20260628,アブキールベイ,57.8,40.5,25.4,12.5,17.3,15.1,12.9,12.5
20260628,タワーオブバベル,58.9,42.2,26.9,13.2,16.7,15.3,13.7,13.2
20260628,シビックアスコット,59.9,43.7,28.3,14.1,16.2,15.4,14.2,14.1
20260628,ワイルドカグラ,58.6,42.4,27.5,13.4,16.2,14.9,14.1,13.4
20260628,ブエノスオプティマ,58.1,41.7,26.8,12.8,16.4,14.9,14.0,12.8
20260628,オモイヲノセテ,59.3,42.8,27.4,13.0,16.5,15.4,14.4,13.0
20260628,プシュカル,59.1,41.7,27.4,13.4,17.4,14.3,14.0,13.4
20260628,ヴィスタグロッサ,70.7,52.0,34.3,17.5,18.7,17.7,16.8,17.5
20260628,コパノキャンペーン,60.7,43.7,27.9,13.7,17.0,15.8,14.2,13.7
20260628,ナハティガル,60.7,43.7,28.0,13.7,17.0,15.7,14.3,13.7
20260628,リヴィエラヴィル,58.5,41.5,27.3,13.4,17.0,14.2,13.9,13.4
20260628,リッケンバッカー,63.1,45.1,29.1,14.6,18.0,16.0,14.5,14.6
20260628,アルミラージ,66.2,48.1,31.8,16.1,18.1,16.3,15.7,16.1
20260628,ファイアプレイス,63.4,45.9,30.1,15.4,17.5,15.8,14.7,15.4
20260628,ウィスピア,65.1,47.2,31.3,15.8,17.9,15.9,15.5,15.8
20260628,ペアレンツギフト,59.0,42.9,28.6,14.6,16.1,14.3,14.0,14.6
20260628,ナデシコザクラ,60.9,45.7,31.2,16.1,15.2,14.5,15.1,16.1
20260628,ジューンアヲニヨシ,65.3,47.5,30.1,14.5,17.8,17.4,15.6,14.5
20260628,ハギノアルデバラン,56.3,40.7,26.3,12.7,15.6,14.4,13.6,12.7
20260628,ヤマニンアルリフラ,80.2,58.3,38.2,18.9,21.9,20.1,19.3,18.9
20260628,ダノンオブアイデア,63.8,46.0,30.6,15.2,17.8,15.4,15.4,15.2
20260628,テルヴィセクス,80.1,58.4,38.2,18.9,21.7,20.2,19.3,18.9
20260628,ロードムーブオン,56.1,40.7,26.3,12.8,15.4,14.4,13.5,12.8
20260628,クスクス,62.9,45.5,29.0,14.4,17.4,16.5,14.6,14.4
20260628,フェンダー,57.9,41.4,26.9,13.4,16.5,14.5,13.5,13.4
20260628,マドモアゼルアスク,58.9,41.1,26.3,13.4,17.8,14.8,12.9,13.4
20260628,ジョーヴェスタ,62.1,46.0,30.4,15.3,16.1,15.6,15.1,15.3
20260628,ヒデガミティアラ,60.8,44.1,28.3,13.6,16.7,15.8,14.7,13.6
20260628,プシュパ,58.6,40.8,26.1,13.4,17.8,14.7,12.7,13.4
20260628,ワルトシュタイン,58.8,43.0,28.2,14.2,15.8,14.8,14.0,14.2
20260628,ヤマニンソロイスト,80.9,58.7,37.5,17.8,22.2,21.2,19.7,17.8
20260628,サンロンブル,59.9,42.7,27.5,13.6,17.2,15.2,13.9,13.6
20260628,ザウリ,54.9,39.3,25.6,13.2,15.6,13.7,12.4,13.2
20260628,セールヴォラン,65.3,47.7,31.5,15.2,17.6,16.2,16.3,15.2
20260628,キムタックフェイス,54.9,39.9,26.0,13.2,15.0,13.9,12.8,13.2
20260628,アルウラメファ,57.6,42.3,28.2,14.3,15.3,14.1,13.9,14.3
20260628,ワンダーゾルダート,63.7,46.1,30.3,14.6,17.6,15.8,15.7,14.6
20260628,ララディアーブル,71.6,52.3,34.6,17.4,19.3,17.7,17.2,17.4
20260628,シエーナカラー,58.8,42.6,27.8,13.7,16.2,14.8,14.1,13.7
20260628,ブルーザー,60.2,43.5,28.2,13.6,16.7,15.3,14.6,13.6
20260628,バートラガッツ,62.3,44.9,29.3,14.6,17.4,15.6,14.7,14.6
20260628,テーオーライガ,60.5,45.7,29.9,15.1,14.8,15.8,14.8,15.1
20260628,ポルトブルー,60.4,45.7,30.0,15.2,14.7,15.7,14.8,15.2
20260628,プッシュバーン,0.0,41.7,26.3,13.2,0.0,15.4,13.1,13.2
20260628,エコロルーク,58.7,43.2,28.5,14.3,15.5,14.7,14.2,14.3
20260628,トリオノチカラ,58.8,42.5,27.7,13.7,16.3,14.8,14.0,13.7
20260628,グッジョブ,57.7,41.9,27.4,13.6,15.8,14.5,13.8,13.6
20260628,スリリングチェイス,56.4,41.8,27.1,12.9,14.6,14.7,14.2,12.9
20260628,ミッキーコンドル,68.4,49.2,32.5,15.8,19.2,16.7,16.7,15.8
20260628,ギュルヴィ,66.5,48.5,31.9,15.5,18.0,16.6,16.4,15.5
20260628,レイノルズナンバー,67.3,48.5,31.7,15.7,18.8,16.8,16.0,15.7
20260628,サウンドファイト,63.0,46.4,30.6,15.0,16.6,15.8,15.6,15.0
20260628,ブラックブレット,64.4,47.1,30.7,15.0,17.3,16.4,15.7,15.0
20260628,ヤマトクオーレ,59.6,43.7,28.8,14.6,15.9,14.9,14.2,14.6
20260628,ヤマトデュノール,60.0,44.2,28.9,14.6,15.8,15.3,14.3,14.6
20260628,ホープフルロマン,65.7,48.0,31.5,16.0,17.7,16.5,15.5,16.0
20260628,ココモフィーバー,59.0,42.6,28.2,13.6,16.4,14.4,14.6,13.6
20260628,シーリュウシー,56.9,41.5,27.1,13.3,15.4,14.4,13.8,13.3
20260628,ユーヴェリア,57.8,42.4,27.4,13.3,15.4,15.0,14.1,13.3
20260628,サンライズジュピタ,60.2,43.3,27.9,13.7,16.9,15.4,14.2,13.7
20260628,ピリカサンライズ,61.0,44.2,28.9,14.5,16.8,15.3,14.4,14.5
20260628,ヴァンドゥーヴル,65.6,47.6,31.1,15.4,18.0,16.5,15.7,15.4
20260628,サンライズロイ,65.8,48.7,32.0,16.0,17.1,16.7,16.0,16.0
20260628,ショウナンバンライ,66.1,48.7,31.5,15.4,17.4,17.2,16.1,15.4
20260628,ブルーチップ,56.3,41.3,26.9,13.2,15.0,14.4,13.7,13.2
20260628,エコロヴァルド,59.9,44.5,29.2,14.5,15.4,15.3,14.7,14.5
20260628,ファラオクィーン,60.6,43.7,28.4,14.1,16.9,15.3,14.3,14.1
20260628,ストロベリーツリー,72.0,53.4,35.2,17.6,18.6,18.2,17.6,17.6
20260628,シュライアハフト,75.3,54.7,35.5,17.6,20.6,19.2,17.9,17.6
20260628,ジャストワナフライ,78.2,57.3,37.7,18.6,20.9,19.6,19.1,18.6
20260628,トゥデイイズザデイ,55.8,40.4,26.1,13.0,15.4,14.3,13.1,13.0
20260628,オーロラエックス,58.1,42.1,27.5,13.1,16.0,14.6,14.4,13.1
20260628,ソーニーイシュー,56.5,41.3,27.2,13.6,15.2,14.1,13.6,13.6
20260628,ワンダーシャッフル,69.2,49.8,32.2,15.2,19.4,17.6,17.0,15.2
20260628,ラミエルノムスコ,57.4,41.5,27.4,13.5,15.9,14.1,13.9,13.5
20260628,ルージュプルーヴ,67.4,48.4,31.5,15.5,19.0,16.9,16.0,15.5
20260628,ロードスタニング,68.6,49.0,31.5,15.4,19.6,17.5,16.1,15.4
20260628,サトノトリニティ,61.3,44.0,28.6,14.5,17.3,15.4,14.1,14.5
20260628,カミノトップワン,59.5,43.7,28.3,13.8,15.8,15.4,14.5,13.8
20260628,サンポーニャ,63.0,46.6,30.1,14.1,16.4,16.5,16.0,14.1
20260628,スズカミエール,66.7,49.4,32.2,15.6,17.3,17.2,16.6,15.6
20260628,オールナット,58.2,41.8,26.7,12.9,16.4,15.1,13.8,12.9
20260628,ラブカムーン,63.7,46.0,29.7,14.4,17.7,16.3,15.3,14.4
20260628,インブロリオ,66.4,48.8,31.6,15.7,17.6,17.2,15.9,15.7
20260628,イマージョン,57.2,41.4,26.9,13.1,15.8,14.5,13.8,13.1
20260628,タガノアビー,64.5,46.8,30.4,15.1,17.7,16.4,15.3,15.1
20260628,イリフィ,59.3,42.3,26.9,12.8,17.0,15.4,14.1,12.8
20260628,ローズカリス,62.2,45.9,29.9,14.6,16.3,16.0,15.3,14.6
20260628,スピーチバルーン,66.5,48.7,31.8,15.8,17.8,16.9,16.0,15.8
20260628,シュプリームレルム,57.5,41.5,27.0,13.1,16.0,14.5,13.9,13.1
20260628,ゴールデンスラム,58.9,41.6,26.8,13.4,17.3,14.8,13.4,13.4
20260628,ペンダント,70.7,50.9,32.9,16.0,19.8,18.0,16.9,16.0
20260628,オンアロール,58.8,42.6,27.4,13.1,16.2,15.2,14.3,13.1
20260628,ブックオブケルズ,59.1,42.6,27.4,13.2,16.5,15.2,14.2,13.2
20260628,ホウショウマリス,57.2,39.2,24.7,12.4,18.0,14.5,12.3,12.4
20260628,ヴィヴァシャス,54.6,39.9,26.0,13.2,14.7,13.9,12.8,13.2
20260628,ヴィスメンティス,60.4,44.6,29.3,14.8,15.8,15.3,14.5,14.8
20260628,ティグリス,63.2,46.4,30.6,14.7,16.8,15.8,15.9,14.7
20260628,ホウオウモチーヴ,68.4,50.1,33.2,16.5,18.3,16.9,16.7,16.5
20260628,カズゴルティス,59.8,44.1,29.3,14.6,15.7,14.8,14.7,14.6
20260628,カレンラップスター,72.7,53.9,36.0,18.3,18.8,17.9,17.7,18.3
20260628,マウンテンバローズ,65.0,47.1,32.1,15.9,17.9,15.0,16.2,15.9
20260628,レッドパラジウム,72.9,53.2,35.1,17.3,19.7,18.1,17.8,17.3
20260628,ジーティーマローネ,61.4,44.8,29.0,14.3,16.6,15.8,14.7,14.3
20260628,ゲームイズマイン,70.1,51.4,33.9,16.7,18.7,17.5,17.2,16.7
20260628,カネコメファミリー,59.7,44.5,29.5,14.5,15.2,15.0,15.0,14.5
20260628,タマモジャスミン,58.5,42.3,27.5,13.7,16.2,14.8,13.8,13.7
20260628,カセノコンコルド,68.8,50.3,33.0,16.7,18.5,17.3,16.3,16.7
20260628,ウルトラハート,74.0,54.8,35.9,17.4,19.2,18.9,18.5,17.4
20260628,マルモリキャスター,58.6,42.5,28.3,14.1,16.1,14.2,14.2,14.1
20260628,フェミナンジェンヌ,57.0,42.4,28.0,13.7,14.6,14.4,14.3,13.7
20260628,ノヴァレジーナ,59.7,43.3,28.6,14.6,16.4,14.7,14.0,14.6
20260628,ゴールドショーマン,57.1,42.4,28.1,13.7,14.7,14.3,14.4,13.7
20260628,マルモリムソウ,58.5,42.4,28.2,14.0,16.1,14.2,14.2,14.0
20260628,ノボリクレバー,60.3,45.1,30.1,14.9,15.2,15.0,15.2,14.9
20260628,ファイツオン,56.0,42.0,27.7,14.0,14.0,14.3,13.7,14.0
20260628,ダイシンレアレア,58.0,42.4,27.3,13.4,15.6,15.1,13.9,13.4
20260628,ウィスピア,68.3,50.5,33.6,16.4,17.8,16.9,17.2,16.4
20260628,プリティウーマン,59.8,43.8,28.6,14.4,16.0,15.2,14.2,14.4
20260628,ウィスカーパッド,58.2,43.0,28.7,14.4,15.2,14.3,14.3,14.4
20260628,ギブアンドギブ,59.9,43.8,28.7,14.2,16.1,15.1,14.5,14.2
20260628,ルイスイメル,64.7,47.6,31.7,15.5,17.1,15.9,16.2,15.5
20260628,メイショウブレゲ,56.2,41.2,27.6,13.9,15.0,13.6,13.7,13.9
20260628,カレントゥルーシー,59.7,43.6,28.8,14.1,16.1,14.8,14.7,14.1
20260628,セッシュウ,59.0,43.7,29.3,14.7,15.3,14.4,14.6,14.7
20260628,テーオータウンズ,59.7,43.5,29.2,14.7,16.2,14.3,14.5,14.7
20260628,メイショウナナシロ,59.9,44.0,29.3,14.7,15.9,14.7,14.6,14.7
20260628,ダンツカレン,59.1,44.7,30.2,15.0,14.4,14.5,15.2,15.0
20260628,クロワール,59.7,43.5,28.9,14.6,16.2,14.6,14.3,14.6
20260628,メイショウジェード,56.2,41.8,27.6,13.9,14.4,14.2,13.7,13.9
20260628,ナムラメアリー,61.6,44.7,29.0,14.4,16.9,15.7,14.6,14.4
20260628,ヤマニンアルリフラ,57.6,40.8,26.4,12.5,16.8,14.4,13.9,12.5
20260628,ルナーマンス,58.0,41.0,25.9,12.5,17.0,15.1,13.4,12.5
20260628,ダノンオブアイデア,60.8,44.6,29.7,14.7,16.2,14.9,15.0,14.7
20260628,サウンドヴィヴァン,58.1,41.2,26.4,12.8,16.9,14.8,13.6,12.8
20260628,テルヴィセクス,57.2,40.7,25.9,12.4,16.5,14.8,13.5,12.4
20260628,ヤマニンソロイスト,56.9,40.9,25.6,12.5,16.0,15.3,13.1,12.5
20260628,ムソウテンセイ,69.6,51.2,34.4,17.2,18.4,16.8,17.2,17.2
20260628,スーサンコルティナ,67.1,49.3,32.4,16.1,17.8,16.9,16.3,16.1
20260628,ワイドブラーヴ,76.1,58.1,39.7,19.8,18.0,18.4,19.9,19.8
20260628,ゴールデンレシオ,60.3,43.7,28.1,13.8,16.6,15.6,14.3,13.8
20260628,テムスターオー,60.3,43.7,28.0,13.7,16.6,15.7,14.3,13.7
20260628,ルナパッショーネ,70.6,51.8,33.9,17.0,18.8,17.9,16.9,17.0
20260628,ゼンノツキヨミ,77.5,57.8,38.8,19.5,19.7,19.0,19.3,19.5
20260628,ケイアイワイラーパ,68.6,49.6,33.0,16.4,19.0,16.6,16.6,16.4
20260628,メイショウジーニー,70.0,52.5,35.3,18.1,17.5,17.2,17.2,18.1
20260628,セレーネサンライズ,74.4,54.3,35.7,17.3,20.1,18.6,18.4,17.3
20260628,ディープリメンバー,62.4,45.2,29.5,15.1,17.2,15.7,14.4,15.1
20260628,ペプチドカトレア,61.7,44.8,29.7,15.0,16.9,15.1,14.7,15.0
20260628,ジーティーマンフク,62.4,45.2,29.5,15.0,17.2,15.7,14.5,15.0
20260628,シュガーハウス,63.7,46.5,30.8,15.7,17.2,15.7,15.1,15.7
20260628,ヴィスマール,59.6,43.7,29.0,14.7,15.9,14.7,14.3,14.7
20260628,ジャスティンレビン,58.6,43.4,28.8,14.4,15.2,14.6,14.4,14.4
20260628,アクロフェイズ,60.4,43.6,28.5,14.2,16.8,15.1,14.3,14.2
20260628,エリカリヴァプール,60.6,44.4,29.7,15.1,16.2,14.7,14.6,15.1
20260628,ヴォルテックス,59.0,43.5,28.4,14.2,15.5,15.1,14.2,14.2
20260628,アリアニコ,60.1,44.0,29.6,15.0,16.1,14.4,14.6,15.0
20260628,ノーブルセプター,60.3,45.2,31.7,15.7,15.1,13.5,16.0,15.7
20260628,メリオーレム,56.6,41.1,26.8,13.3,15.5,14.3,13.5,13.3
20260628,シンドリームシン,59.4,43.2,27.8,13.6,16.2,15.4,14.2,13.6
20260628,メイショウアボット,66.2,47.8,31.6,15.6,18.4,16.2,16.0,15.6
20260628,ペンテリコン,58.1,42.4,28.3,13.9,15.7,14.1,14.4,13.9
20260628,バニーラビット,60.5,44.1,28.9,14.1,16.4,15.2,14.8,14.1
20260628,ドゥボヌール,60.3,44.6,30.2,15.0,15.7,14.4,15.2,15.0
20260628,タガノランパート,67.5,48.6,31.4,15.5,18.9,17.2,15.9,15.5
20260628,バリオス,59.8,43.7,27.8,13.7,16.1,15.9,14.1,13.7
20260628,ファーストアタック,58.3,42.5,28.1,14.2,15.8,14.4,13.9,14.2
20260628,シュライアハフト,58.2,42.9,27.3,13.0,15.3,15.6,14.3,13.0
20260628,リアライズセレスト,61.0,44.3,28.6,13.9,16.7,15.7,14.7,13.9
20260628,ジャストワナフライ,57.1,42.3,27.8,13.9,14.8,14.5,13.9,13.9
20260628,スターバーナー,60.3,44.1,29.3,14.6,16.2,14.8,14.7,14.6
20260628,オールセインツ,61.3,43.9,29.1,14.8,17.4,14.8,14.3,14.8
20260628,ウォーターエルピス,58.1,41.4,26.0,12.5,16.7,15.4,13.5,12.5
20260628,サトノブリジャール,60.7,43.9,28.4,14.1,16.8,15.5,14.3,14.1
20260628,マサノシリウス,56.7,40.3,26.2,13.3,16.4,14.1,12.9,13.3
20260628,ハクサンリング,65.0,47.1,31.3,15.0,17.9,15.8,16.3,15.0
20260628,アンジュラフィーユ,56.3,40.6,26.5,13.4,15.7,14.1,13.1,13.4
20260628,ムーヴザニードル,58.7,41.2,27.3,13.8,17.5,13.9,13.5,13.8
20260628,バックドラフト,60.9,44.0,28.5,14.4,16.9,15.5,14.1,14.4
20260628,トップオブザライン,59.1,44.0,28.5,14.3,15.1,15.5,14.2,14.3
20260628,フェーエンハフト,59.5,42.9,28.1,13.6,16.6,14.8,14.5,13.6
20260628,フォーチュンライド,57.0,41.7,27.5,13.5,15.3,14.2,14.0,13.5
20260628,ミッキーマーメイド,55.3,39.7,26.2,13.1,15.6,13.5,13.1,13.1
20260628,ゴーイングムーン,68.2,49.6,32.9,16.0,18.6,16.7,16.9,16.0
20260628,タマモエース,66.5,49.0,32.4,16.0,17.5,16.6,16.4,16.0
20260628,ナムラハリス,67.2,48.9,31.6,15.0,18.3,17.3,16.6,15.0
20260628,ゴールドアベニュー,56.9,41.1,27.2,14.0,15.8,13.9,13.2,14.0
20260628,グランブーケ,57.3,42.1,27.7,13.6,15.2,14.4,14.1,13.6
20260628,ジーティーキンセイ,57.5,42.0,27.7,14.0,15.5,14.3,13.7,14.0
20260628,ミネルヴァ,57.6,42.1,27.9,14.0,15.5,14.2,13.9,14.0
20260628,リカンカブール,54.8,40.1,26.3,13.2,14.7,13.8,13.1,13.2
20260628,ブクブクー,58.2,42.2,27.3,13.4,16.0,14.9,13.9,13.4
20260628,ビートル,59.0,42.8,28.0,13.6,16.2,14.8,14.4,13.6
20260628,ウインデイジー,71.5,53.1,34.5,16.6,18.4,18.6,17.9,16.6
20260628,マダムカマラード,54.9,40.8,27.2,13.8,14.1,13.6,13.4,13.8
20260628,アラタマフェーヴル,58.4,42.0,27.9,13.4,16.4,14.1,14.5,13.4
20260628,リトセア,71.8,51.2,33.4,16.4,20.6,17.8,17.0,16.4
20260628,オタルエバー,58.3,43.5,28.5,13.8,14.8,15.0,14.7,13.8
20260628,ティンティンデオ,66.9,48.4,31.4,15.7,18.5,17.0,15.7,15.7
20260628,ビズロード,65.8,47.8,31.8,15.9,18.0,16.0,15.9,15.9
20260628,エイコーンドリーム,62.8,45.8,29.5,14.3,17.0,16.3,15.2,14.3
20260628,ネネキリマル,59.9,44.4,29.1,14.4,15.5,15.3,14.7,14.4
20260628,ビースペシフィック,61.1,44.4,29.4,14.7,16.7,15.0,14.7,14.7
20260628,ゴルディアス,67.9,49.2,32.3,16.3,18.7,16.9,16.0,16.3
20260628,ミッドタウンナイト,59.3,43.7,28.7,14.4,15.6,15.0,14.3,14.4
20260628,エルヴィオラ,60.4,42.0,25.7,12.8,18.4,16.3,12.9,12.8
20260628,ダディーズソード,65.1,48.5,32.6,16.1,16.6,15.9,16.5,16.1
20260628,レヴロード,66.2,47.6,30.9,15.8,18.6,16.7,15.1,15.8
20260628,ロマノヴェリテ,69.9,52.0,34.5,17.5,17.9,17.5,17.0,17.5
20260628,コルサロ,57.8,42.5,28.5,14.6,15.3,14.0,13.9,14.6
20260628,アーデルボーデン,58.7,43.2,29.5,15.1,15.5,13.7,14.4,15.1
20260628,レゾルートハート,64.4,46.1,30.5,15.5,18.3,15.6,15.0,15.5
20260628,サニーサルサ,66.0,48.1,33.3,16.2,17.9,14.8,17.1,16.2
20260628,ウインマスカレード,60.3,44.1,28.3,13.5,16.2,15.8,14.8,13.5
20260628,ウインクローバー,67.0,50.5,33.9,16.9,16.5,16.6,17.0,16.9
20260628,サンライズビッグ,65.9,48.9,31.9,15.9,17.0,17.0,16.0,15.9
20260628,サンライズエイト,66.4,49.2,32.3,16.1,17.2,16.9,16.2,16.1
20260628,ドラギニャン,54.2,40.3,27.2,14.1,13.9,13.1,13.1,14.1
20260628,ウォーターデライト,68.2,49.5,32.2,16.0,18.7,17.3,16.2,16.0
20260628,アーデントアイ,59.7,43.6,28.2,13.9,16.1,15.4,14.3,13.9
20260628,タガノエルー,58.6,43.5,28.7,14.2,15.1,14.8,14.5,14.2
20260628,シャインベック,58.6,42.4,27.9,14.0,16.2,14.5,13.9,14.0
20260628,システマソラー,66.9,49.0,32.7,16.4,17.9,16.3,16.3,16.4
20260628,エブリデイ,67.5,48.6,32.3,15.9,18.9,16.3,16.4,15.9
20260628,ジョイザモーメント,66.0,48.3,31.9,15.7,17.7,16.4,16.2,15.7
20260628,コパノマハロ,68.2,51.0,33.9,16.7,17.2,17.1,17.2,16.7
20260628,ノンヴェドローラ,68.7,51.1,33.9,17.0,17.6,17.2,16.9,17.0
20260628,レタートゥブリッジ,71.1,51.8,33.6,17.1,19.3,18.2,16.5,17.1
20260628,フローラルセント,59.0,43.0,28.3,14.1,16.0,14.7,14.2,14.1
20260628,ショウナンハウル,55.7,39.9,26.0,13.1,15.8,13.9,12.9,13.1
20260628,エコロアゼル,68.5,48.1,31.0,15.1,20.4,17.1,15.9,15.1
20260628,ミスターバッドガイ,58.3,41.9,28.1,14.2,16.4,13.8,13.9,14.2
20260628,ウェイヨー,63.2,47.5,31.5,15.8,15.7,16.0,15.7,15.8
20260628,ブルーノート,69.7,50.7,33.2,16.3,19.0,17.5,16.9,16.3
20260628,ケイアイブラック,71.5,51.1,33.3,16.5,20.4,17.8,16.8,16.5
20260628,サイモンジェセル,69.8,50.9,33.3,16.5,18.9,17.6,16.8,16.5
20260628,アージュドール,71.5,53.2,35.3,17.8,18.3,17.9,17.5,17.8
20260628,ペコリズム,73.0,53.4,34.7,16.8,19.6,18.7,17.9,16.8
20260628,リアルペガサス,56.9,41.6,26.9,13.4,15.3,14.7,13.5,13.4
20260628,イズントイット,59.6,43.0,27.5,13.5,16.6,15.5,14.0,13.5
20260628,ウォーターコトノハ,57.4,41.3,26.9,13.6,16.1,14.4,13.3,13.6
20260628,アオイハルカ,69.1,52.0,34.7,17.2,17.1,17.3,17.5,17.2
20260628,オヤツノジカン,57.9,42.0,27.2,13.4,15.9,14.8,13.8,13.4
20260628,カネコメブライト,59.1,43.6,29.0,14.5,15.5,14.6,14.5,14.5
20260628,ショールミーズ,64.4,48.3,32.8,16.4,16.1,15.5,16.4,16.4
20260628,パープルウインド,65.7,48.3,32.2,16.0,17.4,16.1,16.2,16.0
20260628,エヒト,61.4,46.4,31.4,15.8,15.0,15.0,15.6,15.8
20260628,シュラザック,60.6,44.0,28.4,14.2,16.6,15.6,14.2,14.2
20260628,ベルメサージュ,68.1,50.7,33.8,16.9,17.4,16.9,16.9,16.9
20260628,クラリスバローズ,61.6,45.0,28.6,13.3,16.6,16.4,15.3,13.3
20260628,ナミオトノヒビキ,61.3,44.9,28.6,13.3,16.4,16.3,15.3,13.3
20260628,カラペルソナ,73.6,53.2,35.0,17.1,20.4,18.2,17.9,17.1
20260628,ワンダーリュクス,56.8,41.8,27.6,13.6,15.0,14.2,14.0,13.6
20260628,ビーアイジーニー,56.9,42.0,27.3,13.6,14.9,14.7,13.7,13.6
20260628,スウィートライト,71.7,52.9,34.2,16.8,18.8,18.7,17.4,16.8
20260628,キリマンジェロタフ,69.4,51.3,33.5,16.8,18.1,17.8,16.7,16.8
20260628,エモティコン,69.3,51.2,33.4,16.7,18.1,17.8,16.7,16.7
20260628,エールヴォル,70.1,50.6,32.4,15.5,19.5,18.2,16.9,15.5
20260628,シーカーク,58.8,43.8,29.4,15.4,15.0,14.4,14.0,15.4
20260628,マイフレダ,59.1,45.8,31.6,16.6,13.3,14.2,15.0,16.6
20260628,マーブルロック,53.7,39.0,25.9,13.1,14.7,13.1,12.8,13.1
20260628,セガンティーニ,64.6,46.7,30.8,15.4,17.9,15.9,15.4,15.4
20260628,マヴィ,59.7,43.9,29.3,14.4,15.8,14.6,14.9,14.4
20260628,ファーストステイト,66.6,49.0,32.4,16.3,17.6,16.6,16.1,16.3
20260628,アルトゥーム,60.3,45.1,29.8,14.8,15.2,15.3,15.0,14.8
20260628,ココデイック,64.7,49.1,33.1,16.2,15.6,16.0,16.9,16.2
20260628,トモジャプレジール,62.3,44.2,28.2,14.5,18.1,16.0,13.7,14.5
20260628,マーゴットプレ,69.8,51.6,35.1,17.8,18.2,16.5,17.3,17.8
20260628,マーゴットヴィム,69.6,50.1,33.6,17.3,19.5,16.5,16.3,17.3
20260628,ルートサーティーン,57.0,42.1,27.5,13.7,14.9,14.6,13.8,13.7
20260628,メイショウハッブル,55.0,40.3,26.5,13.5,14.7,13.8,13.0,13.5
20260628,レーゼドラマ,57.5,41.3,26.6,13.2,16.2,14.7,13.4,13.2
20260628,コースタルロード,57.0,41.0,26.4,13.3,16.0,14.6,13.1,13.3
20260628,ミニュイ,65.5,48.9,32.8,16.3,16.6,16.1,16.5,16.3
20260628,ハルカカナタ,69.7,50.8,33.6,16.3,18.9,17.2,17.3,16.3
20260628,グランワールド,66.6,47.6,30.9,15.1,19.0,16.7,15.8,15.1
20260628,ニシノトリビュート,60.8,43.5,28.1,12.9,17.3,15.4,15.2,12.9
20260628,ワラビガミ,65.8,47.9,31.7,15.8,17.9,16.2,15.9,15.8
20260628,ブレイクアウェイ,58.1,42.1,27.5,13.7,16.0,14.6,13.8,13.7
20260628,ベラジオパンテーラ,57.9,42.0,27.4,13.7,15.9,14.6,13.7,13.7
20260628,エコテーラー,65.5,47.3,31.9,16.0,18.2,15.4,15.9,16.0
20260628,ノボリリア,63.2,47.1,31.5,15.6,16.1,15.6,15.9,15.6
20260628,セルヴァジオ,65.5,48.2,31.1,15.2,17.3,17.1,15.9,15.2
20260628,ティタノマキア,60.4,43.8,28.6,14.0,16.6,15.2,14.6,14.0
20260628,エイダンバローズ,66.7,49.6,31.9,15.6,17.1,17.7,16.3,15.6
20260628,マテンロウコマンド,67.7,49.9,32.5,16.0,17.8,17.4,16.5,16.0
20260628,レイナデアルシーラ,57.8,41.5,26.2,12.6,16.3,15.3,13.6,12.6
20260628,エイシンウィスパー,66.6,50.1,33.3,16.7,16.5,16.8,16.6,16.7
20260628,フォールライン,68.4,51.5,34.3,16.5,16.9,17.2,17.8,16.5
20260628,リカード,67.7,48.4,32.1,15.8,19.3,16.3,16.3,15.8
20260628,フェブリノ,61.1,45.1,30.1,14.9,16.0,15.0,15.2,14.9
20260628,トライアンドエラー,67.1,48.3,31.8,15.9,18.8,16.5,15.9,15.9
20260628,ペアスターロード,71.1,51.3,33.9,17.2,19.8,17.4,16.7,17.2
20260628,パーセンタイル,57.5,41.6,26.9,13.2,15.9,14.7,13.7,13.2
20260628,サンライズジャポネ,57.1,41.2,26.7,13.3,15.9,14.5,13.4,13.3
20260628,ギザキズラヴ,57.9,41.5,27.3,13.4,16.4,14.2,13.9,13.4
20260628,ドンインザムード,59.1,43.5,28.6,14.1,15.6,14.9,14.5,14.1
20260628,パレハ,58.3,42.5,27.9,13.9,15.8,14.6,14.0,13.9
20260628,ミトノリン,56.9,40.8,26.3,13.4,16.1,14.5,12.9,13.4
20260628,イツモニコニコ,57.1,41.3,27.5,13.8,15.8,13.8,13.7,13.8
20260628,スピークロウ,62.9,47.2,31.7,16.3,15.7,15.5,15.4,16.3
20260628,リンフレスカンテ,60.7,44.3,28.9,14.2,16.4,15.4,14.7,14.2
20260628,レディネス,56.0,41.1,26.1,12.5,14.9,15.0,13.6,12.5
20260628,モズタチアガレ,59.4,43.3,28.6,14.3,16.1,14.7,14.3,14.3
20260628,トータルクラリティ,60.5,44.4,29.5,14.9,16.1,14.9,14.6,14.9
20260628,バシリス,59.4,43.3,29.1,14.7,16.1,14.2,14.4,14.7
20260628,ピースインサイト,62.4,45.8,30.5,15.5,16.6,15.3,15.0,15.5
20260628,シーグロリオーゾ,65.0,47.5,31.3,15.6,17.5,16.2,15.7,15.6
20260628,モックモック,59.1,43.4,28.0,13.9,15.7,15.4,14.1,13.9
20260628,レディーミコノス,58.3,42.2,27.6,13.6,16.1,14.6,14.0,13.6
20260628,ラホーヤアイズ,56.9,40.9,26.2,13.1,16.0,14.7,13.1,13.1
20260628,マサノエクスプレス,57.9,41.8,26.9,13.4,16.1,14.9,13.5,13.4
20260628,フラジオレット,57.9,41.9,27.0,13.6,16.0,14.9,13.4,13.6
20260628,ワンダーカモン,64.5,46.8,30.1,15.2,17.7,16.7,14.9,15.2
20260628,ヨウリンケイジュ,66.9,48.4,31.3,15.4,18.5,17.1,15.9,15.4
20260628,エイシンニケ,67.3,48.9,31.6,15.7,18.4,17.3,15.9,15.7
20260628,アイファーモービル,56.8,41.2,27.0,13.5,15.6,14.2,13.5,13.5
20260628,ベルフィーノ,56.8,41.1,27.2,13.8,15.7,13.9,13.4,13.8
20260628,アッセクシー,64.7,47.1,31.2,16.1,17.6,15.9,15.1,16.1
20260628,アーデルプレミア,69.9,51.4,33.9,17.1,18.5,17.5,16.8,17.1
20260628,ケイアイクビラ,62.5,43.1,27.9,13.8,19.4,15.2,14.1,13.8
20260628,ポニーテール,62.1,45.3,29.6,14.9,16.8,15.7,14.7,14.9
20260628,テーオーソラネル,57.6,41.5,26.9,13.5,16.1,14.6,13.4,13.5
20260628,プウスカンドゥール,55.6,40.1,25.8,12.8,15.5,14.3,13.0,12.8
20260628,ガイアメンテ,59.2,42.1,26.9,13.4,17.1,15.2,13.5,13.4
20260628,ドラゴンファントム,67.5,49.7,33.0,16.8,17.8,16.7,16.2,16.8
20260628,コックスコーム,68.4,49.6,32.3,16.3,18.8,17.3,16.0,16.3
20260628,リルスー,67.4,49.4,32.7,16.6,18.0,16.7,16.1,16.6
20260628,アレ,68.1,50.6,33.3,16.6,17.5,17.3,16.7,16.6
20260628,ブームバップビート,66.2,49.0,32.4,16.4,17.2,16.6,16.0,16.4
20260628,ザキノシュガー,67.2,50.0,33.4,16.7,17.2,16.6,16.7,16.7
20260628,ツーエムブレード,67.2,49.7,33.0,16.1,17.5,16.7,16.9,16.1
20260628,グッデイチャイカ,67.2,50.0,33.5,16.8,17.2,16.5,16.7,16.8
20260628,レッドシュテルン,58.3,42.0,27.1,13.2,16.3,14.9,13.9,13.2
20260628,ルーセントムーン,60.8,44.1,28.7,14.4,16.7,15.4,14.3,14.4
20260628,クロリス,58.7,43.3,29.0,14.8,15.4,14.3,14.2,14.8
20260628,レディントン,59.2,42.4,26.8,13.1,16.8,15.6,13.7,13.1
20260628,ジョバンニ,59.0,41.0,26.9,13.4,18.0,14.1,13.5,13.4
20260628,ヴェントゥーラ,56.5,40.6,26.7,13.3,15.9,13.9,13.4,13.3
20260628,サトノアイボリー,57.8,42.2,28.0,13.7,15.6,14.2,14.3,13.7
20260628,ロージーキャンドル,69.7,51.0,33.9,17.1,18.7,17.1,16.8,17.1
20260628,ザングウィル,64.7,47.0,30.9,15.2,17.7,16.1,15.7,15.2
20260628,メイショウカスガイ,60.3,44.1,28.7,14.2,16.2,15.4,14.5,14.2
20260628,ラグナトーレ,59.9,44.0,29.3,14.2,15.9,14.7,15.1,14.2
20260628,ダークマルス,60.0,43.9,28.6,14.3,16.1,15.3,14.3,14.3
20260628,キャッチアシーフ,70.3,52.3,34.5,16.8,18.0,17.8,17.7,16.8
20260628,カワキタベレッタ,59.8,44.5,29.2,14.3,15.3,15.3,14.9,14.3
20260628,ｷｮｳﾜｾﾞﾉﾋﾞｱの24,66.3,49.1,33.0,16.6,17.2,16.1,16.4,16.6
20260628,トリオハピネス,68.5,50.3,32.8,16.2,18.2,17.5,16.6,16.2
20260628,アセンシオン,60.2,44.0,28.3,13.2,16.2,15.7,15.1,13.2
20260628,スクワミッシュ,65.5,47.6,31.3,15.3,17.9,16.3,16.0,15.3
20260628,アレストラウム,68.5,50.4,32.8,16.2,18.1,17.6,16.6,16.2
20260628,テーオーカメリア,75.5,55.3,36.9,18.8,20.2,18.4,18.1,18.8
20260628,レザンクレール,56.4,41.3,27.7,14.7,15.1,13.6,13.0,14.7
20260628,プロトポロス,59.2,43.1,28.7,14.4,16.1,14.4,14.3,14.4
20260628,ジェルブロア,66.1,49.3,33.1,16.6,16.8,16.2,16.5,16.6
20260628,タイセイジェイド,58.7,42.9,29.1,15.2,15.8,13.8,13.9,15.2
20260628,パピプペピンク,64.1,46.5,30.1,14.3,17.6,16.4,15.8,14.3
20260628,ベルアズーロ,65.4,46.6,28.6,12.8,18.8,18.0,15.8,12.8
20260628,アスクハッピーマン,57.5,41.4,26.9,13.2,16.1,14.5,13.7,13.2
20260628,コルヴァス,68.2,50.6,33.6,16.6,17.6,17.0,17.0,16.6
20260628,アトゥア,63.6,47.2,31.7,16.4,16.4,15.5,15.3,16.4
20260628,サラサランラン,60.1,44.4,30.2,16.3,15.7,14.2,13.9,16.3
20260628,アスクレコードモア,57.7,41.3,26.9,13.5,16.4,14.4,13.4,13.5
20260628,アスクゴクジョウ,59.2,43.2,28.9,15.3,16.0,14.3,13.6,15.3
20260628,ケンシロウワールド,57.2,41.5,26.9,13.2,15.7,14.6,13.7,13.2
20260628,タガノバルコス,61.1,45.0,29.7,14.4,16.1,15.3,15.3,14.4
20260628,ヴァレッタカズマ,57.2,42.0,27.9,13.7,15.2,14.1,14.2,13.7
20260628,ジャスパーグレイト,56.2,41.1,27.4,14.1,15.1,13.7,13.3,14.1
20260628,ケイアイアニラ,61.7,45.1,29.8,14.8,16.6,15.3,15.0,14.8
20260628,ワイノナオミ,60.6,41.0,25.9,12.9,19.6,15.1,13.0,12.9
20260628,キングツェッペリン,59.7,44.0,29.2,14.7,15.7,14.8,14.5,14.7
20260628,ラッキーシグネチャ,64.6,47.7,31.8,15.9,16.9,15.9,15.9,15.9
20260628,ドリームプレミア,58.7,43.4,28.1,13.8,15.3,15.3,14.3,13.8
20260628,スプレンドーレ,57.5,42.5,28.4,14.4,15.0,14.1,14.0,14.4
20260628,キシダンチョウ,61.2,44.5,29.5,14.6,16.7,15.0,14.9,14.6
20260628,アルピグレン,64.6,49.0,33.4,17.2,15.6,15.6,16.2,17.2
20260628,メラヴィリオーザ,65.8,46.9,30.3,14.3,18.9,16.6,16.0,14.3
20260628,ルディック,73.1,52.7,34.5,17.2,20.4,18.2,17.3,17.2
20260628,シヴァールバーニ,64.3,46.1,30.7,15.2,18.2,15.4,15.5,15.2
20260628,ピコオーバル,65.1,46.3,29.5,14.2,18.8,16.8,15.3,14.2
20260628,リヴァイ,73.4,52.6,34.2,16.9,20.8,18.4,17.3,16.9
20260628,アンリミテッド,72.8,52.2,33.6,16.2,20.6,18.6,17.4,16.2
20260628,リボンインザスカイ,54.7,40.5,26.0,12.8,14.2,14.5,13.2,12.8
20260628,ジーティーアリア,65.3,47.7,31.1,15.2,17.6,16.6,15.9,15.2
20260628,スレイクイーン,66.1,48.4,31.4,15.4,17.7,17.0,16.0,15.4
20260628,デアアテナ,67.4,49.3,32.7,16.2,18.1,16.6,16.5,16.2
20260628,ビシェノ,63.2,47.3,32.0,16.1,15.9,15.3,15.9,16.1
20260628,グッドピース,73.0,52.6,34.1,16.8,20.4,18.5,17.3,16.8
20260628,ダノンチャンピオン,54.8,40.5,25.8,12.8,14.3,14.7,13.0,12.8
20260628,シャローチャンプ,54.9,40.4,25.8,12.8,14.5,14.6,13.0,12.8
20260628,タガノミスト,56.6,41.7,27.0,13.3,14.9,14.7,13.7,13.3
20260628,メイショウバルキア,68.8,50.4,33.1,16.9,18.4,17.3,16.2,16.9
20260628,ベニバナ,60.7,45.8,30.7,15.4,14.9,15.1,15.3,15.4
20260628,ウィクフォード,73.7,52.9,35.3,16.9,20.8,17.6,18.4,16.9
20260628,プリンキピッサ,76.4,56.1,36.5,17.9,20.3,19.6,18.6,17.9
20260628,ネブラディスク,61.1,44.1,27.5,13.2,17.0,16.6,14.3,13.2
20260628,チュウワチーフ,56.2,41.4,27.2,13.7,14.8,14.2,13.5,13.7
20260628,コイバナ,61.5,45.2,29.7,14.5,16.3,15.5,15.2,14.5
20260628,ラクホマレ,54.7,39.7,25.8,13.6,15.0,13.9,12.2,13.6
20260628,ファランギーナ,58.5,42.5,27.9,13.6,16.0,14.6,14.3,13.6
20260628,ロングトールサリー,64.2,47.0,31.6,15.7,17.2,15.4,15.9,15.7
20260628,エルル,57.8,43.1,27.9,13.7,14.7,15.2,14.2,13.7
20260628,ジョン,58.9,42.3,26.7,13.4,16.6,15.6,13.3,13.4
20260628,ロクメイカン,58.6,42.1,26.6,13.3,16.5,15.5,13.3,13.3
20260628,キアヌ,66.1,48.1,31.8,15.5,18.0,16.3,16.3,15.5
20260628,マーゴットショット,64.0,47.7,31.8,15.9,16.3,15.9,15.9,15.9
20260628,サントルドパリ,67.7,50.3,33.7,16.7,17.4,16.6,17.0,16.7
20260628,サンライズドレイク,66.3,49.2,33.4,16.9,17.1,15.8,16.5,16.9
20260628,ビーマックス,57.1,40.6,26.0,12.9,16.5,14.6,13.1,12.9
20260628,タイドビート,61.0,43.3,27.9,13.8,17.7,15.4,14.1,13.8
20260628,ペガサスノース,60.2,44.7,30.1,15.0,15.5,14.6,15.1,15.0
20260628,エナジーイッセイ,59.4,42.9,27.6,13.2,16.5,15.3,14.4,13.2
20260628,タケルレジェンド,62.8,46.0,30.6,15.4,16.8,15.4,15.2,15.4
20260628,アトランタ,60.7,43.4,28.2,14.0,17.3,15.2,14.2,14.0
20260628,メイショウシュハリ,59.8,44.4,29.0,14.4,15.4,15.4,14.6,14.4
20260628,ルルハート,60.7,44.9,30.1,15.4,15.8,14.8,14.7,15.4
20260628,ルディック,57.8,41.4,26.8,13.1,16.4,14.6,13.7,13.1
20260628,リヴァイ,56.7,41.1,26.6,12.9,15.6,14.5,13.7,12.9
20260628,アンリミテッド,57.2,41.3,26.6,12.8,15.9,14.7,13.8,12.8
20260628,グッドピース,57.2,41.8,27.0,13.3,15.4,14.8,13.7,13.3
20260628,ウィクフォード,57.4,42.1,27.2,13.7,15.3,14.9,13.5,13.7
20260628,プリンキピッサ,57.0,41.0,26.4,12.6,16.0,14.6,13.8,12.6
20260628,インユアパレス,68.8,50.6,33.1,16.3,18.2,17.5,16.8,16.3
20260628,ヤマニンブークリエ,63.5,46.5,30.7,15.4,17.0,15.8,15.3,15.4
20260628,ガルフコースト,57.5,40.6,26.6,13.5,16.9,14.0,13.1,13.5
20260628,ショウナンバラモン,61.5,44.8,29.5,14.9,16.7,15.3,14.6,14.9
20260628,モアニ,63.3,46.4,30.6,15.0,16.9,15.8,15.6,15.0
20260628,フィラーエ,66.6,49.0,32.1,15.6,17.6,16.9,16.5,15.6
20260628,エンジェルグラース,61.4,44.2,28.6,14.3,17.2,15.6,14.3,14.3
20260628,メルキオル,57.8,42.7,27.3,13.2,15.1,15.4,14.1,13.2
20260628,マルモリマイベスト,54.1,39.8,27.5,14.6,14.3,12.3,12.9,14.6
20260628,ジャズ,56.3,40.4,25.7,12.7,15.9,14.7,13.0,12.7
20260628,ニホンピロトッティ,61.4,44.6,28.7,14.0,16.8,15.9,14.7,14.0
20260628,スマートケープ,56.9,41.1,27.0,13.5,15.8,14.1,13.5,13.5
20260628,ジーティーアダマン,56.3,41.7,27.4,13.4,14.6,14.3,14.0,13.4
20260628,ジョワイユノエル,65.4,48.1,31.7,15.8,17.3,16.4,15.9,15.8
20260628,フィニステーレ,55.8,40.5,26.6,13.4,15.3,13.9,13.2,13.4
20260628,ライトオブヌカタ,64.8,47.0,31.0,15.6,17.8,16.0,15.4,15.6
20260628,アルディメント,56.0,40.3,26.7,13.5,15.7,13.6,13.2,13.5
20260628,クータモ,56.7,41.2,27.5,14.1,15.5,13.7,13.4,14.1
20260628,ポッドリプル,63.9,47.1,30.9,15.0,16.8,16.2,15.9,15.0
20260628,ロードフリューゲル,56.3,40.6,26.8,13.5,15.7,13.8,13.3,13.5
20260628,ウォーブレイク,57.4,41.9,27.9,13.5,15.5,14.0,14.4,13.5
20260628,ウィモウェ,67.7,48.2,32.2,15.9,19.5,16.0,16.3,15.9
20260628,ハレアカラフラ,73.9,53.1,34.3,17.6,20.8,18.8,16.7,17.6
20260628,ヒーローインチーフ,74.0,52.4,34.2,16.7,21.6,18.2,17.5,16.7
20260628,ウインロズパレード,71.8,52.7,35.4,17.9,19.1,17.3,17.5,17.9
20260628,リントゥラウル,75.1,55.4,36.7,18.5,19.7,18.7,18.2,18.5
20260628,ファータカエリ,73.2,53.9,35.5,17.8,19.3,18.4,17.7,17.8
20260628,テンエースワン,58.5,42.9,28.2,13.9,15.6,14.7,14.3,13.9
20260628,エアセンチュリー,59.1,43.1,27.9,13.9,16.0,15.2,14.0,13.9
20260628,ルペイドゥロール,58.8,43.4,28.2,14.0,15.4,15.2,14.2,14.0
20260628,リーグナイト,67.6,49.3,32.3,16.3,18.3,17.0,16.0,16.3
20260628,アイルエクラ,58.0,42.7,28.0,13.7,15.3,14.7,14.3,13.7
20260628,ヴァンヴィーヴ,58.9,42.8,27.3,13.1,16.1,15.5,14.2,13.1
20260628,ミッキークレスト,65.8,47.7,31.3,15.5,18.1,16.4,15.8,15.5
20260628,ルージュミスティカ,68.5,50.1,33.0,16.7,18.4,17.1,16.3,16.7
20260628,ベルギューン,58.6,42.6,28.0,13.8,16.0,14.6,14.2,13.8
20260628,ゲイルライダー,59.8,43.6,29.0,14.4,16.2,14.6,14.6,14.4
20260628,アメティスタ,59.7,43.2,27.9,13.9,16.5,15.3,14.0,13.9
20260628,ブライトココナッツ,56.1,41.1,27.2,13.7,15.0,13.9,13.5,13.7
20260628,タイムレスフレアー,56.5,41.1,26.8,13.6,15.4,14.3,13.2,13.6
20260628,ラブインアクション,58.1,42.4,27.8,13.8,15.7,14.6,14.0,13.8
20260628,セイントホース,64.2,47.4,31.2,15.7,16.8,16.2,15.5,15.7
20260628,ジャスティンゴッホ,65.9,48.0,31.7,15.8,17.9,16.3,15.9,15.8
20260628,ノーマンデー,70.6,52.0,34.3,17.2,18.6,17.7,17.1,17.2
20260628,ヴェークバイザー,67.6,50.0,33.2,16.7,17.6,16.8,16.5,16.7
20260628,ジャスティンガルフ,59.0,42.4,27.8,13.7,16.6,14.6,14.1,13.7
20260628,フランキーバローズ,62.6,44.1,28.0,14.4,18.5,16.1,13.6,14.4
20260628,リヒトミューレ,65.8,49.1,32.9,16.8,16.7,16.2,16.1,16.8
20260628,ジワールドコア,71.4,52.8,35.6,17.8,18.6,17.2,17.8,17.8
20260628,アテンド,60.4,43.3,28.0,13.9,17.1,15.3,14.1,13.9
20260628,テーオーノーベル,55.2,39.8,26.5,13.5,15.4,13.3,13.0,13.5
20260628,ブルーサンセット,73.1,54.1,35.8,17.6,19.0,18.3,18.2,17.6
20260628,タガノアニマシオン,59.3,43.4,29.0,14.9,15.9,14.4,14.1,14.9
20260628,ワイドヴィンクルム,66.3,48.1,31.6,15.8,18.2,16.5,15.8,15.8
20260628,レイワノキセキ,61.6,45.3,29.9,14.5,16.3,15.4,15.4,14.5
20260628,オオツカ,59.1,43.0,28.5,15.0,16.1,14.5,13.5,15.0
20260628,タイセイアビオン,70.1,50.6,33.2,16.2,19.5,17.4,17.0,16.2
20260628,ジージージェット,59.6,43.7,29.2,14.8,15.9,14.5,14.4,14.8
20260628,メイショウヴィータ,58.3,43.2,28.3,14.1,15.1,14.9,14.2,14.1
20260628,マーゴットデセオ,67.4,49.6,33.4,17.2,17.8,16.2,16.2,17.2
20260628,マイエスタ,67.2,49.7,32.9,16.5,17.5,16.8,16.4,16.5
20260628,プロットシッケンズ,58.6,42.0,27.4,13.9,16.6,14.6,13.5,13.9
20260628,クープグラッセ,57.4,42.0,27.3,13.5,15.4,14.7,13.8,13.5
20260628,テーオーレックス,58.6,42.1,27.5,13.9,16.5,14.6,13.6,13.9
20260628,キングズテイル,63.7,46.5,30.4,15.4,17.2,16.1,15.0,15.4
20260628,オメガダフネ,64.6,47.4,30.7,14.8,17.2,16.7,15.9,14.8
20260628,ジャンヌローサ,55.0,40.1,26.6,13.5,14.9,13.5,13.1,13.5
20260628,アズライトアスール,62.6,46.0,30.8,15.4,16.6,15.2,15.4,15.4
20260628,フルドフォルク,57.7,42.6,28.2,14.1,15.1,14.4,14.1,14.1
20260628,キリオス,58.4,43.1,28.1,13.8,15.3,15.0,14.3,13.8
20260628,コトダマスティール,66.2,48.0,30.9,15.4,18.2,17.1,15.5,15.4
20260628,シャインラブ,58.5,41.5,26.4,12.9,17.0,15.1,13.5,12.9
20260628,ミネットドール,66.0,47.9,31.7,16.0,18.1,16.2,15.7,16.0
20260628,ワンダーブレット,65.8,47.8,31.8,15.9,18.0,16.0,15.9,15.9
20260628,バーケンティン,64.4,47.7,31.5,15.6,16.7,16.2,15.9,15.6
20260628,ペイシャヴァルツー,72.0,52.3,34.3,17.1,19.7,18.0,17.2,17.1
20260628,グランブリーゼ,57.0,42.2,27.9,14.5,14.8,14.3,13.4,14.5
20260628,ユイリノベーション,63.8,49.2,34.0,17.2,14.6,15.2,16.8,17.2
20260628,タガノレクシア,59.8,43.6,28.8,14.6,16.2,14.8,14.2,14.6
20260628,ボニカ,68.1,50.6,33.9,17.1,17.5,16.7,16.8,17.1
20260628,パシアンジェンヌ,68.4,50.7,33.8,17.1,17.7,16.9,16.7,17.1
20260628,ルクスグレイス,56.7,41.8,27.7,14.2,14.9,14.1,13.5,14.2
20260628,ミッドナイトフレア,59.3,42.7,28.0,14.2,16.6,14.7,13.8,14.2
20260628,メイショウマントル,61.7,44.8,29.7,14.8,16.9,15.1,14.9,14.8
20260628,ゾンニッヒ,56.9,40.2,25.4,12.6,16.7,14.8,12.8,12.6
20260628,トラストエムシー,61.3,44.5,28.8,14.3,16.8,15.7,14.5,14.3
20260628,トウカイポワール,70.6,51.8,33.8,16.9,18.8,18.0,16.9,16.9
20260628,ムルソー,60.6,43.9,28.5,14.2,16.7,15.4,14.3,14.2
20260628,マトラコーニッシュ,63.3,45.5,29.4,14.5,17.8,16.1,14.9,14.5
20260628,レッドバベル,70.2,51.2,34.3,17.0,19.0,16.9,17.3,17.0
20260628,ミリオンカラー,71.9,51.4,33.9,16.5,20.5,17.5,17.4,16.5
20260628,ダノンフィガロ,59.9,43.4,28.4,14.2,16.5,15.0,14.2,14.2
20260628,アニージョ,66.7,49.1,32.4,15.8,17.6,16.7,16.6,15.8
20260628,ヴェロクオーレ,75.2,53.9,34.6,16.9,21.3,19.3,17.7,16.9
20260628,ローマンレイク,56.3,41.7,27.8,14.0,14.6,13.9,13.8,14.0
20260628,ヒーローインチーフ,68.1,49.4,31.8,15.0,18.7,17.6,16.8,15.0
20260628,セイフウサツキ,58.3,44.0,29.6,14.9,14.3,14.4,14.7,14.9
20260628,アヴレディール,59.5,43.4,28.4,14.0,16.1,15.0,14.4,14.0
20260628,オブシディアーナ,59.0,43.4,28.8,14.1,15.6,14.6,14.7,14.1
20260628,エンルートフライト,60.6,44.3,29.5,14.2,16.3,14.8,15.3,14.2
20260628,タナコクシテンホウ,60.6,44.9,30.1,15.3,15.7,14.8,14.8,15.3
20260628,タナカーン,61.7,45.1,30.3,15.3,16.6,14.8,15.0,15.3
20260628,キフクマル,68.6,50.1,32.9,16.3,18.5,17.2,16.6,16.3
20260628,ウエストナウ,67.2,48.8,31.2,14.7,18.4,17.6,16.5,14.7
20260628,パールフロント,58.4,42.0,27.7,13.1,16.4,14.3,14.6,13.1
20260628,メイショウドキョウ,59.9,44.2,29.0,14.5,15.7,15.2,14.5,14.5
20260628,ツーハーツ,59.3,43.4,28.6,14.4,15.9,14.8,14.2,14.4
20260628,ラッキーダイヤ,60.5,44.3,29.0,15.0,16.2,15.3,14.0,15.0
20260628,プルミエールパス,56.8,41.7,27.9,14.1,15.1,13.8,13.8,14.1
20260628,ファミリーツリー,69.0,50.6,33.3,16.5,18.4,17.3,16.8,16.5
20260628,ツーピース,66.9,49.7,33.1,16.3,17.2,16.6,16.8,16.3
20260628,ラウニウ,56.7,41.8,26.8,13.0,14.9,15.0,13.8,13.0
20260628,アキノビューティー,74.2,55.2,36.8,18.4,19.0,18.4,18.4,18.4
20260628,リテラシー,55.2,40.7,26.4,13.2,14.5,14.3,13.2,13.2
20260628,エトワールブーケ,57.0,42.2,27.4,13.7,14.8,14.8,13.7,13.7
20260628,サンライズフレイム,66.6,44.4,28.0,13.9,22.2,16.4,14.1,13.9
20260628,アストラカ,59.9,43.4,28.1,13.9,16.5,15.3,14.2,13.9
20260628,メイショウホウレン,69.0,50.1,32.6,16.3,18.9,17.5,16.3,16.3
20260628,セクシーマージュ,60.0,42.9,27.6,13.3,17.1,15.3,14.3,13.3
20260628,アーリントンロウ,56.1,40.6,26.3,13.3,15.5,14.3,13.0,13.3
20260628,サイモンレガシー,58.9,43.2,28.1,14.2,15.7,15.1,13.9,14.2
20260628,ベルヴェール,59.1,43.3,28.2,14.2,15.8,15.1,14.0,14.2
20260628,ショウナンハクラク,56.0,40.2,25.8,12.9,15.8,14.4,12.9,12.9
20260628,シャンデルナゴル,66.6,48.5,31.7,15.7,18.1,16.8,16.0,15.7
20260628,ゴリョウセイ,66.1,48.9,32.6,16.5,17.2,16.3,16.1,16.5
20260628,タガノアバンドーネ,64.9,47.4,31.4,15.9,17.5,16.0,15.5,15.9
20260628,アンヌグロース,60.1,42.8,27.9,14.2,17.3,14.9,13.7,14.2
20260628,フリーレイン,67.8,50.4,32.9,16.3,17.4,17.5,16.6,16.3
20260628,マルモタワー,59.4,44.1,29.0,14.4,15.3,15.1,14.6,14.4
20260628,ヴェッタフィオーレ,60.4,43.1,28.4,14.6,17.3,14.7,13.8,14.6
20260628,ノトコンゴウ,58.9,43.8,28.9,14.4,15.1,14.9,14.5,14.4
20260628,ジェバーダ,59.1,43.6,28.7,14.5,15.5,14.9,14.2,14.5
20260628,アメジストブリエ,65.5,47.9,31.5,15.7,17.6,16.4,15.8,15.7
20260628,エンマ,67.1,49.4,32.5,16.2,17.7,16.9,16.3,16.2
20260628,バトルナイト,70.3,52.9,35.7,18.1,17.4,17.2,17.6,18.1
20260628,メイショウマグナ,63.2,47.0,30.8,15.0,16.2,16.2,15.8,15.0
20260628,タイゲン,65.2,48.0,31.6,15.7,17.2,16.4,15.9,15.7
20260628,ジャーヴィス,62.1,45.7,30.2,14.9,16.4,15.5,15.3,14.9
20260628,ミヤノラングリー,67.1,49.5,32.4,16.3,17.6,17.1,16.1,16.3
20260628,モンテパステル,57.7,42.7,27.8,13.6,15.0,14.9,14.2,13.6
20260628,エクセルブリーズ,64.7,47.7,31.4,15.7,17.0,16.3,15.7,15.7
20260628,メイショウタイゲイ,65.8,46.9,30.5,15.3,18.9,16.4,15.2,15.3
20260628,ダノンプリマ,58.4,42.8,28.0,14.2,15.6,14.8,13.8,14.2
20260628,グロリアスニケ,56.3,41.9,27.6,13.8,14.4,14.3,13.8,13.8
20260628,シンゼンイセ,58.4,43.2,28.8,14.6,15.2,14.4,14.2,14.6
20260628,メドウセージ,58.2,43.4,29.2,14.6,14.8,14.2,14.6,14.6
20260628,フローズンクイーン,58.1,43.3,29.2,14.6,14.8,14.1,14.6,14.6
20260628,レイティス,75.6,53.8,34.6,16.3,21.8,19.2,18.3,16.3
20260628,アマリス,59.0,43.4,28.6,14.5,15.6,14.8,14.1,14.5
20260628,アサカラゴキゲン,58.8,43.3,28.5,14.4,15.5,14.8,14.1,14.4
20260628,ムーンノクターン,75.7,53.8,34.4,16.3,21.9,19.4,18.1,16.3
20260628,ダディーズトリップ,71.3,52.8,34.5,16.9,18.5,18.3,17.6,16.9
20260628,メイショウシナノ,68.9,50.9,33.1,16.5,18.0,17.8,16.6,16.5
20260628,テイエムリステット,66.7,48.7,32.3,15.5,18.0,16.4,16.8,15.5
20260628,タマモフリージア,70.1,52.0,34.0,17.0,18.1,18.0,17.0,17.0
20260628,ギレイ,66.1,48.6,32.2,16.4,17.5,16.4,15.8,16.4
20260628,ロサドラーダ,68.2,50.2,33.4,17.0,18.0,16.8,16.4,17.0
20260628,アメリカンスタイル,72.6,52.2,34.1,16.9,20.4,18.1,17.2,16.9
20260628,ミール,70.3,51.6,33.3,16.2,18.7,18.3,17.1,16.2
20260628,シゲルショウグン,55.4,40.4,26.2,12.7,15.0,14.2,13.5,12.7
20260628,マテンロウジョイ,57.4,41.3,27.1,13.2,16.1,14.2,13.9,13.2
20260628,テイクザクラウン,67.6,49.8,32.7,15.9,17.8,17.1,16.8,15.9
20260628,ビゾー,74.0,53.2,34.3,16.8,20.8,18.9,17.5,16.8
20260628,アマキヒ,65.7,48.2,32.4,16.6,17.5,15.8,15.8,16.6
20260628,キョラムン,65.9,48.5,32.2,16.1,17.4,16.3,16.1,16.1
20260628,サウンドムーブ,73.9,53.3,34.5,17.0,20.6,18.8,17.5,17.0
20260628,カツラコマチ,68.0,49.2,31.8,15.7,18.8,17.4,16.1,15.7
20260628,ナブッコ,66.2,47.4,30.3,14.9,18.8,17.1,15.4,14.9
20260628,サトノロザリー,58.1,41.6,26.8,13.0,16.5,14.8,13.8,13.0
20260628,アンヘリータス,67.5,49.0,32.0,15.8,18.5,17.0,16.2,15.8
20260628,イーサンマリーン,68.0,49.1,31.9,15.7,18.9,17.2,16.2,15.7
20260628,ﾎｰﾑｶﾐﾝｸﾞの24,71.4,52.3,33.9,16.4,19.1,18.4,17.5,16.4
20260628,コージ,71.3,52.2,33.9,16.4,19.1,18.3,17.5,16.4
20260628,オーラムミーティア,68.0,49.9,32.3,16.0,18.1,17.6,16.3,16.0
20260628,レディマリオン,59.9,44.5,29.0,14.7,15.4,15.5,14.3,14.7
20260628,フリッカージャブ,55.8,40.0,25.4,12.7,15.8,14.6,12.7,12.7
20260628,ラマヌジャン,56.0,40.1,26.0,12.9,15.9,14.1,13.1,12.9
20260628,フェイトライン,57.8,40.9,26.3,12.9,16.9,14.6,13.4,12.9
20260628,ヴォメロ,55.3,40.4,27.0,13.7,14.9,13.4,13.3,13.7
20260628,フルフィルメント,56.3,41.2,27.6,14.5,15.1,13.6,13.1,14.5
20260628,ルナヴェリタス,59.4,44.4,29.8,15.2,15.0,14.6,14.6,15.2
20260628,オーケーファイター,59.6,44.5,29.8,15.2,15.1,14.7,14.6,15.2
20260628,エスペシャリー,68.0,50.1,32.5,16.1,17.9,17.6,16.4,16.1
20260628,クロームクロス,59.1,43.5,28.5,13.7,15.6,15.0,14.8,13.7
20260628,ロンバルドシチー,59.1,42.8,27.5,12.8,16.3,15.3,14.7,12.8
20260628,ヴェルヴィエ,65.4,47.4,31.0,14.9,18.0,16.4,16.1,14.9
20260628,スナークラファエロ,68.0,51.0,34.4,17.6,17.0,16.6,16.8,17.6
20260628,タガノプディング,67.9,51.1,34.0,17.1,16.8,17.1,16.9,17.1
20260628,オープンザパンドラ,58.2,42.1,27.1,13.3,16.1,15.0,13.8,13.3
20260628,フェルヴェンテ,57.9,42.1,27.2,13.4,15.8,14.9,13.8,13.4
20260628,ヒッグスボソン,69.5,50.2,31.9,15.9,19.3,18.3,16.0,15.9
20260628,アイスフォーク,60.3,45.0,29.7,14.9,15.3,15.3,14.8,14.9
20260628,マーヴィン,62.2,46.9,31.7,15.7,15.3,15.2,16.0,15.7
20260628,ラヴァンドローリエ,59.0,43.5,28.5,14.2,15.5,15.0,14.3,14.2
20260628,ウインガラハッド,60.3,44.4,28.9,14.4,15.9,15.5,14.5,14.4
20260628,スーパーフラット,60.2,45.0,29.7,14.9,15.2,15.3,14.8,14.9
20260628,フォルトゥナロッサ,68.2,50.2,33.4,16.8,18.0,16.8,16.6,16.8
20260628,リーベラーリア,58.8,43.2,27.8,13.5,15.6,15.4,14.3,13.5
20260628,ギャルズマインド,59.8,43.8,29.1,14.1,16.0,14.7,15.0,14.1
20260628,アンドヴェローナ,59.6,44.8,29.9,15.2,14.8,14.9,14.7,15.2
20260628,レーンアジリティ,62.6,45.3,29.3,14.2,17.3,16.0,15.1,14.2
20260628,ルージュルガーノ,69.9,51.2,33.9,16.7,18.7,17.3,17.2,16.7
20260628,ピースオブザライフ,63.0,46.4,30.5,15.5,16.6,15.9,15.0,15.5
20260628,アットザラヴアスク,64.4,47.6,30.6,15.4,16.8,17.0,15.2,15.4
20260628,アスクザアメリカン,61.6,44.8,29.9,15.1,16.8,14.9,14.8,15.1
20260628,ホワイトパンサー,64.6,47.0,30.3,14.6,17.6,16.7,15.7,14.6
20260628,クインズアンジェロ,64.6,47.0,30.3,14.5,17.6,16.7,15.8,14.5
20260628,モンブランミノル,72.6,53.1,35.2,17.5,19.5,17.9,17.7,17.5
20260628,キービート,72.0,52.8,34.7,17.2,19.2,18.1,17.5,17.2
20260628,ダノンミッドナイト,64.8,48.3,32.2,16.5,16.5,16.1,15.7,16.5
20260628,ルージュアルミーラ,67.3,49.0,32.7,16.3,18.3,16.3,16.4,16.3
20260628,アルバドラータ,76.8,56.6,37.6,18.3,20.2,19.0,19.3,18.3
20260628,タイセイルミナス,71.4,53.8,35.5,17.7,17.6,18.3,17.8,17.7
20260628,ムービー,67.0,48.8,32.4,16.1,18.2,16.4,16.3,16.1
20260628,オーリエイト,77.9,58.1,38.7,19.3,19.8,19.4,19.4,19.3
20260628,ヨコハマブルース,65.5,48.4,32.5,16.3,17.1,15.9,16.2,16.3
20260628,サンシュエール,57.7,42.3,26.9,13.0,15.4,15.4,13.9,13.0
20260628,コンセントリコ,64.1,47.3,31.4,15.6,16.8,15.9,15.8,15.6
20260628,アレナリア,61.8,45.3,30.1,15.6,16.5,15.2,14.5,15.6
20260628,マサノカナリア,56.3,41.0,26.3,13.1,15.3,14.7,13.2,13.1
20260628,プリモマーレ,60.2,44.5,29.3,14.6,15.7,15.2,14.7,14.6
20260628,キタノプレミアム,60.4,43.3,27.9,13.4,17.1,15.4,14.5,13.4
20260628,タイセイドゥマーニ,58.9,43.1,27.6,13.7,15.8,15.5,13.9,13.7
20260628,ヨシノイースター,60.2,44.2,29.4,15.1,16.0,14.8,14.3,15.1
20260628,コスモグローリー,59.8,43.7,28.5,14.3,16.1,15.2,14.2,14.3
20260628,ゲタリア,60.7,43.2,27.6,13.7,17.5,15.6,13.9,13.7
20260628,ダノンアンチュラス,58.8,43.2,28.3,14.1,15.6,14.9,14.2,14.1
20260628,サーバルマインド,58.3,42.9,28.2,14.3,15.4,14.7,13.9,14.3
20260628,パラチー,58.5,43.1,28.4,14.5,15.4,14.7,13.9,14.5
20260628,ヒャクギマル,57.9,43.0,28.1,14.0,14.9,14.9,14.1,14.0
20260628,クーデール,57.0,42.2,27.9,14.0,14.8,14.3,13.9,14.0
20260628,ワンダーサイファー,59.6,43.4,28.8,14.4,16.2,14.6,14.4,14.4
20260628,アンバーライト,60.7,44.5,29.4,14.5,16.2,15.1,14.9,14.5
20260628,サイモンソレアード,72.6,53.5,35.0,17.3,19.1,18.5,17.7,17.3
20260628,レゾルーティオ,69.0,51.6,33.4,16.8,17.4,18.2,16.6,16.8
20260628,アスタールテニウム,64.0,46.5,30.0,14.4,17.5,16.5,15.6,14.4
20260628,アバットゥータ,58.0,43.1,28.8,14.6,14.9,14.3,14.2,14.6
20260628,サヴォーナ,60.4,44.9,29.5,14.5,15.5,15.4,15.0,14.5
20260628,タマモビスケット,59.0,44.4,29.8,14.8,14.6,14.6,15.0,14.8
20260628,テーオーアンジェラ,64.8,46.0,29.8,14.4,18.8,16.2,15.4,14.4
20260628,ヒアカムズザサン,67.7,51.1,34.4,17.4,16.6,16.7,17.0,17.4
20260628,モンブランミノル,58.8,42.1,27.2,13.5,16.7,14.9,13.7,13.5
20260628,アルバドラータ,58.0,42.6,27.9,14.2,15.4,14.7,13.7,14.2
20260628,タイセイルミナス,54.5,40.4,26.9,13.8,14.1,13.5,13.1,13.8
20260628,オーリエイト,57.9,42.6,27.7,14.0,15.3,14.9,13.7,14.0
20260628,サンクサンス,67.8,49.5,33.2,16.5,18.3,16.3,16.7,16.5
20260628,コリカンチャ,55.2,40.4,26.7,13.3,14.8,13.7,13.4,13.3
20260628,エボニーウイング,59.8,43.3,28.1,14.1,16.5,15.2,14.0,14.1
20260628,スノーサイレンス,58.5,42.2,27.4,13.5,16.3,14.8,13.9,13.5
20260628,ロングジーニアス,62.9,45.9,30.6,15.8,17.0,15.3,14.8,15.8
20260628,ビーウィナー,60.5,44.0,29.5,15.1,16.5,14.5,14.4,15.1
20260628,パトローナス,56.7,41.4,26.6,13.2,15.3,14.8,13.4,13.2
20260628,チョウチャンピオン,59.4,45.3,31.4,16.8,14.1,13.9,14.6,16.8
20260628,スイートリディア,70.0,52.0,34.6,17.6,18.0,17.4,17.0,17.6
20260628,レジェンディーヴァ,69.8,51.8,34.3,17.4,18.0,17.5,16.9,17.4
20260628,マルカオペラ,59.7,43.2,28.3,13.7,16.5,14.9,14.6,13.7
20260628,ワンダフルボンド,57.5,42.5,28.1,14.2,15.0,14.4,13.9,14.2
20260628,ウインラウダ,59.0,42.5,27.8,14.0,16.5,14.7,13.8,14.0
20260628,コヒロ,57.3,43.1,29.5,15.2,14.2,13.6,14.3,15.2
20260628,ピンクパンサー,56.7,41.6,27.4,13.4,15.1,14.2,14.0,13.4
20260628,デルマトカチ,61.2,43.3,27.5,13.2,17.9,15.8,14.3,13.2
20260628,ジョーカー,55.5,40.2,26.3,13.7,15.3,13.9,12.6,13.7
20260628,ジュンプリメーロ,56.9,42.2,27.1,13.3,14.7,15.1,13.8,13.3
20260628,レッドラージャ,56.1,40.9,26.6,13.6,15.2,14.3,13.0,13.6
20260628,シーザットガール,62.0,44.7,29.1,14.7,17.3,15.6,14.4,14.7
20260628,レッドタイラント,57.7,42.1,28.2,14.7,15.6,13.9,13.5,14.7
20260628,カペルブリュッケ,58.7,42.7,28.2,13.9,16.0,14.5,14.3,13.9
20260628,フウセン,69.7,51.0,34.6,17.2,18.7,16.4,17.4,17.2
20260628,エルトンバローズ,71.5,53.8,35.7,17.3,17.7,18.1,18.4,17.3
20260628,サンタカタリナ,60.1,43.4,29.4,14.8,16.7,14.0,14.6,14.8
20260628,クランズクラウン,59.5,42.9,28.8,14.8,16.6,14.1,14.0,14.8
20260628,ドリームキャリー,66.0,49.4,32.6,16.1,16.6,16.8,16.5,16.1
20260628,サンマルパトロール,59.7,43.8,28.8,14.4,15.9,15.0,14.4,14.4
20260628,ナムラモモ,54.3,40.3,27.1,13.9,14.0,13.2,13.2,13.9
20260628,サンマルノヴェル,70.3,52.1,34.0,17.0,18.2,18.1,17.0,17.0
20260628,スターペスアンナ,60.2,44.2,28.9,14.4,16.0,15.3,14.5,14.4
20260628,ルーチェブリラーレ,70.3,50.5,33.1,16.3,19.8,17.4,16.8,16.3
20260628,ベルコート,70.3,51.4,33.2,16.4,18.9,18.2,16.8,16.4
20260628,ジーティーギャング,71.1,50.7,33.2,16.5,20.4,17.5,16.7,16.5
20260628,スピードリッチ,63.7,47.5,31.0,15.1,16.2,16.5,15.9,15.1
20260628,メイショウタダツグ,68.0,50.3,33.3,16.9,17.7,17.0,16.4,16.9
20260628,ランウインディ,60.1,44.9,30.0,15.6,15.2,14.9,14.4,15.6
20260628,グラフィティアート,59.7,45.1,29.7,14.8,14.6,15.4,14.9,14.8
20260628,エディットフォース,57.5,41.5,27.2,13.8,16.0,14.3,13.4,13.8
20260628,マルモズイルバア,59.2,44.0,29.4,14.8,15.2,14.6,14.6,14.8
20260628,ハッピーダンチャン,65.3,46.0,30.1,14.5,19.3,15.9,15.6,14.5
20260628,マリノムーンリーフ,60.6,44.2,29.3,14.6,16.4,14.9,14.7,14.6
20260628,ブライトエンジェル,64.6,48.6,32.8,16.7,16.0,15.8,16.1,16.7
20260628,サイレントグルーヴ,70.6,51.7,33.6,16.7,18.9,18.1,16.9,16.7
20260628,ゴッドアミーラ,68.8,50.4,32.1,15.0,18.4,18.3,17.1,15.0
20260628,ヒストリアイ,63.7,46.9,31.0,15.7,16.8,15.9,15.3,15.7
20260628,ヴィラン,66.6,49.0,32.6,16.5,17.6,16.4,16.1,16.5
20260628,サイレントグルーヴ,66.6,48.5,31.5,15.7,18.1,17.0,15.8,15.7
20260628,ゴッドアミーラ,64.2,47.0,30.9,15.0,17.2,16.1,15.9,15.0
