年月日,馬名,Time1,Time2,Time3,Time4,Lap4,Lap3,Lap2,Lap1
20260626,ジャガード,67.4,49.6,33.1,16.5,17.8,16.5,16.6,16.5
20260626,ビッグデイメイク,66.1,47.9,31.4,15.8,18.2,16.5,15.6,15.8
20260626,サノノグレーター,59.2,44.4,30.2,15.0,14.8,14.2,15.2,15.0
20260626,テキサスバローズ,64.6,47.1,30.7,15.2,17.5,16.4,15.5,15.2
20260626,ミリオングローリー,64.8,47.9,31.2,15.1,16.9,16.7,16.1,15.1
20260626,トワニ,63.0,46.3,30.5,15.4,16.7,15.8,15.1,15.4
20260626,アイムインディ,70.6,51.6,34.0,16.9,19.0,17.6,17.1,16.9
20260626,ラッキースウィッチ,64.6,47.7,31.5,15.8,16.9,16.2,15.7,15.8
20260626,ユキマル,68.3,50.1,32.6,16.3,18.2,17.5,16.3,16.3
20260626,ランスノーブル,64.2,47.6,31.3,15.4,16.6,16.3,15.9,15.4
20260626,フミサウンド,62.5,45.8,30.2,15.3,16.7,15.6,14.9,15.3
20260626,イゾラフェリーチェ,64.2,47.6,31.2,14.7,16.6,16.4,16.5,14.7
20260626,グランカンタンテ,62.4,45.8,30.2,15.5,16.6,15.6,14.7,15.5
20260626,フレッシュラン,70.9,52.2,34.4,17.0,18.7,17.8,17.4,17.0
20260626,エリーナストーム,64.3,47.6,30.9,15.1,16.7,16.7,15.8,15.1
20260626,チギリ,64.3,47.4,31.5,15.7,16.9,15.9,15.8,15.7
20260626,ゲンジ,70.3,51.5,33.8,16.6,18.8,17.7,17.2,16.6
20260626,ニシノイストワール,62.3,45.8,30.4,15.1,16.5,15.4,15.3,15.1
20260626,ブライトラン,70.8,52.0,34.1,17.1,18.8,17.9,17.0,17.1
20260626,ノーブルスアーク,71.3,52.4,34.5,16.8,18.9,17.9,17.7,16.8
20260626,ドングラミ,70.7,51.9,34.2,16.7,18.8,17.7,17.5,16.7
20260626,デルマキタカミ,72.1,52.3,34.5,17.0,19.8,17.8,17.5,17.0
20260626,ランドジャイアンツ,71.3,52.7,34.7,17.4,18.6,18.0,17.3,17.4
20260626,ブルーリボン,71.8,52.7,34.9,16.9,19.1,17.8,18.0,16.9
20260626,センターサンテ,72.4,52.3,34.3,16.8,20.1,18.0,17.5,16.8
20260626,エスクアドラ,63.4,46.5,31.2,15.5,16.9,15.3,15.7,15.5
20260626,デアグランツ,62.3,45.9,30.1,15.2,16.4,15.8,14.9,15.2
20260626,アップルザビート,69.8,52.1,34.9,17.6,17.7,17.2,17.3,17.6
20260626,チェルシー,67.3,49.1,32.7,16.1,18.2,16.4,16.6,16.1
20260626,アンパドゥ,72.2,53.5,34.9,16.8,18.7,18.6,18.1,16.8
20260626,ポッドロワール,69.4,50.2,32.8,16.6,19.2,17.4,16.2,16.6
20260626,スピニンググローブ,65.1,47.3,30.0,14.9,17.8,17.3,15.1,14.9
20260626,ロイヤルスパイア,64.1,46.7,30.8,15.3,17.4,15.9,15.5,15.3
20260626,ゼファーテソーロ,69.2,51.6,33.4,16.8,17.6,18.2,16.6,16.8
20260626,ハミングディスト,63.7,47.3,31.1,15.5,16.4,16.2,15.6,15.5
20260626,オレンジリバー,65.3,47.6,30.9,15.5,17.7,16.7,15.4,15.5
20260626,ハスカップジャム,67.4,49.3,33.0,16.5,18.1,16.3,16.5,16.5
20260626,キミガハマ,64.3,48.0,32.1,16.1,16.3,15.9,16.0,16.1
20260626,ヴァルカンテソーロ,65.0,48.4,32.7,16.4,16.6,15.7,16.3,16.4
20260626,ボルトライン,65.5,47.7,31.1,15.6,17.8,16.6,15.5,15.6
20260626,ランパディアス,65.9,48.2,31.0,15.2,17.7,17.2,15.8,15.2
20260626,ディマイザキッド,66.6,48.7,32.3,16.0,17.9,16.4,16.3,16.0
20260626,プリュノワール,68.4,49.5,32.4,16.1,18.9,17.1,16.3,16.1
20260626,ノクターン,70.4,50.7,33.1,16.5,19.7,17.6,16.6,16.5
20260626,ロゼフェリシア,68.7,49.8,32.5,16.1,18.9,17.3,16.4,16.1
20260626,ロートホルン,72.8,53.9,35.3,17.4,18.9,18.6,17.9,17.4
20260626,リバーブレーション,69.2,50.5,33.2,16.3,18.7,17.3,16.9,16.3
20260626,キタノアヤカ,67.6,49.3,32.2,15.9,18.3,17.1,16.3,15.9
20260626,チェイサー,64.9,47.7,31.0,15.2,17.2,16.7,15.8,15.2
20260626,ミナヅキ,67.7,49.6,32.3,16.5,18.1,17.3,15.8,16.5
20260626,イゲマジャ,67.5,49.8,32.5,16.0,17.7,17.3,16.5,16.0
20260626,アローメタル,71.3,52.3,34.2,16.3,19.0,18.1,17.9,16.3
20260626,レッドレガリア,70.9,52.4,34.4,16.9,18.5,18.0,17.5,16.9
20260626,サクセスボーイ,65.4,47.9,31.4,15.3,17.5,16.5,16.1,15.3
20260626,ヤマタケゲンジ,68.7,50.7,33.5,16.7,18.0,17.2,16.8,16.7
20260626,オーケーエース,64.6,47.2,31.0,15.0,17.4,16.2,16.0,15.0
20260626,モーモーワン,68.6,50.6,33.2,16.5,18.0,17.4,16.7,16.5
20260626,キタノバトゥーキ,69.8,52.0,34.5,17.2,17.8,17.5,17.3,17.2
20260626,エマルタ,70.0,50.6,33.0,16.3,19.4,17.6,16.7,16.3
20260626,ブルージェイ,72.8,54.0,35.9,17.9,18.8,18.1,18.0,17.9
20260626,タシット,71.9,52.3,32.9,16.3,19.6,19.4,16.6,16.3
20260626,ハッスルダンク,69.9,52.4,33.8,16.8,17.5,18.6,17.0,16.8
20260626,ブリッツアロング,65.4,48.1,31.9,15.8,17.3,16.2,16.1,15.8
20260626,ムーンストラック,69.0,51.5,33.7,16.3,17.5,17.8,17.4,16.3
20260626,フェデルミエール,70.5,52.7,34.0,17.0,17.8,18.7,17.0,17.0
20260626,ゴールドジェスター,65.7,47.7,31.2,15.7,18.0,16.5,15.5,15.7
20260626,コンヴァージョン,65.0,48.0,31.7,15.6,17.0,16.3,16.1,15.6
20260626,アドミ,67.0,49.0,32.4,16.1,18.0,16.6,16.3,16.1
20260626,テルケンレンタッチ,67.1,49.3,32.5,16.3,17.8,16.8,16.2,16.3
20260626,ミラビリオン,66.0,47.9,30.6,15.2,18.1,17.3,15.4,15.2
20260626,ブルーブロディ,66.0,47.6,30.7,15.3,18.4,16.9,15.4,15.3
20260626,エルミー,70.6,52.5,34.1,17.3,18.1,18.4,16.8,17.3
20260626,エンジェルサン,67.8,48.7,31.5,15.5,19.1,17.2,16.0,15.5
20260626,レーヴルーバ,66.3,48.3,31.4,15.5,18.0,16.9,15.9,15.5
20260626,マーゴットパラディ,66.5,47.3,29.8,14.6,19.2,17.5,15.2,14.6
20260626,ブラボーツー,67.7,48.6,31.4,15.6,19.1,17.2,15.8,15.6
20260626,オルッス,74.0,53.0,33.9,16.1,21.0,19.1,17.8,16.1
20260626,クリュソス,73.4,53.5,34.8,17.6,19.9,18.7,17.2,17.6
20260626,マンダリンボレロ,74.4,55.0,36.8,18.3,19.4,18.2,18.5,18.3
20260626,フォルガイル,66.0,48.4,31.5,15.5,17.6,16.9,16.0,15.5
20260626,ノアチュロス,69.7,51.6,33.7,16.6,18.1,17.9,17.1,16.6
20260626,バシレイア,70.0,51.8,33.8,16.7,18.2,18.0,17.1,16.7
20260626,ゼンダンタカ,70.7,52.0,34.1,17.1,18.7,17.9,17.0,17.1
20260626,アルバニクス,71.9,52.5,34.5,17.1,19.4,18.0,17.4,17.1
20260626,マスカルポーネ,69.6,50.9,33.4,16.7,18.7,17.5,16.7,16.7
20260626,アジュアカレンツ,72.4,53.6,35.6,17.5,18.8,18.0,18.1,17.5
20260626,マーゴットブロー,57.1,41.4,27.2,13.4,15.7,14.2,13.8,13.4
20260626,イセッセイ,76.5,55.8,36.8,18.5,20.7,19.0,18.3,18.5
20260626,パーフェクトスノー,70.2,51.4,33.7,16.6,18.8,17.7,17.1,16.6
20260626,ジーナグレイス,63.6,46.9,31.1,15.7,16.7,15.8,15.4,15.7
20260626,カーテシー,75.0,54.8,36.2,18.1,20.2,18.6,18.1,18.1
20260626,ヤマニンスペッキオ,62.8,45.9,30.3,15.0,16.9,15.6,15.3,15.0
20260626,アーバンアート,67.3,49.3,32.7,16.1,18.0,16.6,16.6,16.1
20260626,レオンティウス,64.0,47.0,31.1,15.5,17.0,15.9,15.6,15.5
20260626,モミスケ,68.5,51.0,34.2,16.9,17.5,16.8,17.3,16.9
20260626,ミクニルミナス,62.7,45.8,30.2,14.9,16.9,15.6,15.3,14.9
20260626,ミカミッチー,63.7,46.5,31.0,15.6,17.2,15.5,15.4,15.6
20260626,カップッチョ,69.6,51.3,34.3,17.6,18.3,17.0,16.7,17.6
20260626,スペルキャスター,65.1,48.7,32.0,16.3,16.4,16.7,15.7,16.3
20260626,セイウンデセオ,69.7,51.2,33.8,16.7,18.5,17.4,17.1,16.7
20260626,メリークリスマス,72.3,53.2,34.7,17.1,19.1,18.5,17.6,17.1
20260626,ピュアクローム,69.2,50.2,32.2,15.4,19.0,18.0,16.8,15.4
20260626,アイファーアイドル,69.1,51.4,33.9,17.0,17.7,17.5,16.9,17.0
20260626,カタカムナ,66.1,48.8,31.9,16.0,17.3,16.9,15.9,16.0
20260626,ゼンノスタニング,69.9,50.8,33.3,16.2,19.1,17.5,17.1,16.2
20260626,ケンブリッジ,69.8,51.4,34.3,16.7,18.4,17.1,17.6,16.7
20260626,リトルコリンズ,69.6,50.7,32.8,15.5,18.9,17.9,17.3,15.5
20260626,サイモンセレーノ,72.1,51.9,33.9,17.2,20.2,18.0,16.7,17.2
20260626,ノワドゥココ,71.8,53.4,35.3,17.7,18.4,18.1,17.6,17.7
20260626,セイウンリリーナ,74.0,55.0,36.5,18.5,19.0,18.5,18.0,18.5
20260626,ダノンアドラー,71.7,53.5,35.6,18.3,18.2,17.9,17.3,18.3
20260626,アートオブブライト,71.4,52.8,34.8,17.5,18.6,18.0,17.3,17.5
20260626,サトノフルーク,69.8,51.8,34.4,17.5,18.0,17.4,16.9,17.5
20260626,アイファーリーベン,73.1,53.1,35.2,18.4,20.0,17.9,16.8,18.4
20260626,レッドカメリア,68.4,49.9,32.3,15.7,18.5,17.6,16.6,15.7
20260626,パッカパッカブー,53.8,38.7,25.3,12.5,15.1,13.4,12.8,12.5
20260626,デルマジュテーム,71.4,51.5,33.0,16.1,19.9,18.5,16.9,16.1
20260626,サイモングリーマン,70.9,51.9,34.4,17.3,19.0,17.5,17.1,17.3
20260626,ジャメビュ,71.0,52.8,35.1,17.7,18.2,17.7,17.4,17.7
20260626,ファインブライト,80.4,58.0,38.5,19.8,22.4,19.5,18.7,19.8
20260626,ウカテンセイ,71.3,51.8,33.9,17.0,19.5,17.9,16.9,17.0
20260626,ヴェットビルズ,73.9,54.0,35.3,17.3,19.9,18.7,18.0,17.3
20260626,プレシャスローズ,71.5,52.5,35.1,17.4,19.0,17.4,17.7,17.4
20260626,ニンニン,80.5,58.5,39.1,19.7,22.0,19.4,19.4,19.7
20260626,アルスラーン,68.5,49.9,33.3,17.4,18.6,16.6,15.9,17.4
20260626,マルガリート,71.6,52.6,35.2,17.7,19.0,17.4,17.5,17.7
20260626,タイキラフター,60.0,43.6,28.5,14.0,16.4,15.1,14.5,14.0
20260626,タイセイミッション,66.9,48.6,31.1,14.8,18.3,17.5,16.3,14.8
20260626,サトミノエンジェル,68.1,50.0,32.6,16.4,18.1,17.4,16.2,16.4
20260626,ワンダーブリッツ,68.3,50.1,33.0,16.0,18.2,17.1,17.0,16.0
20260626,プリティーミズホ,67.1,48.8,32.1,15.9,18.3,16.7,16.2,15.9
20260626,トモジャオーリー,67.8,50.0,32.4,15.9,17.8,17.6,16.5,15.9
20260626,ナディア,65.2,47.3,31.0,15.2,17.9,16.3,15.8,15.2
20260626,ペイシャラム,66.9,48.3,31.6,15.5,18.6,16.7,16.1,15.5
20260626,ﾅﾙﾊﾔの24,68.5,50.5,33.3,16.9,18.0,17.2,16.4,16.9
20260626,ナムラダックス,67.2,49.3,32.5,16.2,17.9,16.8,16.3,16.2
20260626,ソニックウェーブ,69.9,51.3,33.6,17.0,18.6,17.7,16.6,17.0
20260626,ラフエルガ,67.5,49.4,32.1,15.9,18.1,17.3,16.2,15.9
20260626,ノーブルグランツ,68.9,51.3,34.2,17.5,17.6,17.1,16.7,17.5
20260626,ライクアフラワー,66.5,48.6,31.8,15.5,17.9,16.8,16.3,15.5
20260626,クロシェットノエル,73.5,53.8,35.4,17.9,19.7,18.4,17.5,17.9
20260626,ダイユウファリーナ,66.0,48.8,32.8,16.7,17.2,16.0,16.1,16.7
20260626,ステイアンビシャス,72.5,52.8,33.8,16.1,19.7,19.0,17.7,16.1
20260626,ヨシヒロ,65.3,47.4,31.2,15.1,17.9,16.2,16.1,15.1
20260626,ビリングス,67.3,49.4,33.0,16.6,17.9,16.4,16.4,16.6
20260626,スターランウェイ,65.6,48.8,31.8,15.9,16.8,17.0,15.9,15.9
20260626,サトノワーグナー,64.1,47.0,31.0,15.2,17.1,16.0,15.8,15.2
20260626,レディリリス,68.3,49.7,32.8,16.0,18.6,16.9,16.8,16.0
20260626,クワッドマリニン,66.3,49.4,33.1,16.4,16.9,16.3,16.7,16.4
20260626,クライングナウ,64.4,47.3,31.4,15.8,17.1,15.9,15.6,15.8
20260626,カラクリスピリッツ,63.9,47.4,31.6,15.9,16.5,15.8,15.7,15.9
20260626,ジーネキング,63.9,47.3,31.4,15.6,16.6,15.9,15.8,15.6
20260626,タケルムサシ,64.7,47.6,31.7,15.8,17.1,15.9,15.9,15.8
20260626,ウインベルチェーロ,67.3,49.8,33.4,16.7,17.5,16.4,16.7,16.7
20260626,ルージュボニート,68.2,50.0,32.5,15.6,18.2,17.5,16.9,15.6
20260626,ジュングロワール,73.1,52.8,33.6,15.9,20.3,19.2,17.7,15.9
20260626,リーディンアクター,65.7,47.2,30.3,14.7,18.5,16.9,15.6,14.7
20260626,ノドゥス,67.2,49.6,32.4,15.8,17.6,17.2,16.6,15.8
20260626,ノーブルエース,65.4,48.9,32.6,16.4,16.5,16.3,16.2,16.4
20260626,ショーマンフリート,66.6,49.0,32.2,15.7,17.6,16.8,16.5,15.7
20260626,ペッレグリーニ,67.6,49.8,32.9,16.4,17.8,16.9,16.5,16.4
20260626,ダイユウサルターレ,69.0,50.0,32.9,16.9,19.0,17.1,16.0,16.9
20260626,ジーティーヒラリ,66.1,48.1,31.5,15.5,18.0,16.6,16.0,15.5
20260626,ヴェルバーニア,69.8,50.6,33.0,16.0,19.2,17.6,17.0,16.0
20260626,ルージュルフラン,68.9,50.3,33.4,16.3,18.6,16.9,17.1,16.3
20260626,オウケンボルト,65.7,47.5,30.6,14.7,18.2,16.9,15.9,14.7
20260626,ルーフオブヘヴン,54.3,38.8,24.6,11.9,15.5,14.2,12.7,11.9
20260626,グランコネクシオン,84.8,61.1,39.5,19.4,23.7,21.6,20.1,19.4
20260626,ノビリシマビジョン,65.5,48.3,31.9,15.9,17.2,16.4,16.0,15.9
20260626,オーキーベルセルク,68.2,49.3,31.5,15.1,18.9,17.8,16.4,15.1
20260626,ゴールドフリーダム,65.6,48.3,31.9,15.8,17.3,16.4,16.1,15.8
20260626,ケイアイギルス,66.5,47.9,31.4,15.8,18.6,16.5,15.6,15.8
20260626,タクミオジュウ,65.9,47.3,31.0,15.3,18.6,16.3,15.7,15.3
20260626,ニースケンス,64.9,46.9,30.9,15.5,18.0,16.0,15.4,15.5
20260626,アルマロクザン,70.1,52.2,34.2,17.1,17.9,18.0,17.1,17.1
20260626,リアンベーレ,73.1,53.4,35.0,17.3,19.7,18.4,17.7,17.3
20260626,ジェイエルキャリア,70.7,51.2,33.3,16.6,19.5,17.9,16.7,16.6
20260626,カウェーカネム,68.1,50.5,33.3,16.3,17.6,17.2,17.0,16.3
20260626,タイセイソアリング,65.4,48.7,32.4,16.3,16.7,16.3,16.1,16.3
20260626,パトリックハンサム,67.3,49.3,32.2,15.5,18.0,17.1,16.7,15.5
20260626,レッセパッセ,67.3,49.7,32.7,15.7,17.6,17.0,17.0,15.7
20260626,ランドスター,66.2,48.8,31.9,15.9,17.4,16.9,16.0,15.9
20260626,セントリアン,71.6,52.3,34.8,18.0,19.3,17.5,16.8,18.0
20260626,モリガン,68.3,50.6,33.6,16.3,17.7,17.0,17.3,16.3
20260626,ネオアンボウ,71.8,52.9,35.1,17.7,18.9,17.8,17.4,17.7
20260626,ジュピターテソーロ,54.4,39.3,25.1,12.2,15.1,14.2,12.9,12.2
20260626,マイネルモーント,70.3,50.9,33.9,17.1,19.4,17.0,16.8,17.1
20260626,アイウィル,71.0,52.0,34.2,17.3,19.0,17.8,16.9,17.3
20260626,ゲレル,66.4,47.9,31.1,15.3,18.5,16.8,15.8,15.3
20260626,ダノンクラウディア,65.2,48.1,31.5,15.5,17.1,16.6,16.0,15.5
20260626,アグネスクレスト,64.5,48.3,32.0,15.7,16.2,16.3,16.3,15.7
20260626,アイアムアッパレ,72.0,52.6,35.6,18.2,19.4,17.0,17.4,18.2
20260626,レフィノス,70.6,52.0,34.5,17.5,18.6,17.5,17.0,17.5
20260626,ウキヨノサンシロウ,68.9,50.9,34.0,17.3,18.0,16.9,16.7,17.3
20260626,サトノスターライト,64.6,47.9,31.4,15.3,16.7,16.5,16.1,15.3
20260626,ゴールドテソーロ,71.0,52.0,34.4,17.1,19.0,17.6,17.3,17.1
20260626,アレックスケー,69.0,51.2,34.2,17.4,17.8,17.0,16.8,17.4
20260626,ウィナーズチェック,70.8,51.8,34.1,17.5,19.0,17.7,16.6,17.5
20260626,ブライトシーン,67.7,49.4,32.3,16.2,18.3,17.1,16.1,16.2
20260626,リョウランリノ,68.6,50.7,33.7,17.0,17.9,17.0,16.7,17.0
20260626,グランシュレーム,70.7,51.5,33.9,17.2,19.2,17.6,16.7,17.2
20260626,イニシャルポイント,70.5,51.5,34.2,17.3,19.0,17.3,16.9,17.3
20260626,トーアモルペウス,70.3,51.1,33.2,15.9,19.2,17.9,17.3,15.9
20260626,ホープエトワール,72.4,54.2,36.3,18.3,18.2,17.9,18.0,18.3
20260626,ムーングレイル,67.7,49.6,32.6,15.8,18.1,17.0,16.8,15.8
20260626,サクラボーベル,67.0,49.5,32.6,16.4,17.5,16.9,16.2,16.4
20260626,ゴールドパレード,68.4,50.2,33.3,16.8,18.2,16.9,16.5,16.8
20260626,プロミスライン,64.7,47.4,31.1,15.2,17.3,16.3,15.9,15.2
20260626,グラニット,66.4,48.4,31.7,15.7,18.0,16.7,16.0,15.7
20260626,ユキマル,66.4,48.4,31.8,15.7,18.0,16.6,16.1,15.7
20260626,サトノトルネード,61.1,44.7,29.5,14.6,16.4,15.2,14.9,14.6
20260626,ロゼル,65.6,47.6,31.0,15.2,18.0,16.6,15.8,15.2
20260626,トモジャシャトー,67.6,49.7,33.4,17.1,17.9,16.3,16.3,17.1
20260626,リアルファインド,67.0,49.3,32.4,16.2,17.7,16.9,16.2,16.2
20260626,フレッシュラン,66.0,48.0,31.0,15.4,18.0,17.0,15.6,15.4
20260626,フロンテアムーン,64.2,47.1,31.0,15.5,17.1,16.1,15.5,15.5
20260626,アンジュリオ,67.7,50.2,32.9,16.2,17.5,17.3,16.7,16.2
20260626,ネクストドア,67.6,49.5,32.4,16.6,18.1,17.1,15.8,16.6
20260626,アンヴデット,68.8,50.5,32.9,16.2,18.3,17.6,16.7,16.2
20260626,ブルーリボン,66.9,48.8,32.0,15.8,18.1,16.8,16.2,15.8
20260626,ワレモコウ,69.7,51.3,33.9,16.9,18.4,17.4,17.0,16.9
20260626,ジャスピライト,69.4,51.2,33.6,16.3,18.2,17.6,17.3,16.3
20260626,イチザサンダー,67.0,49.1,32.4,16.2,17.9,16.7,16.2,16.2
20260626,ルヴァンアレー,71.7,52.4,34.4,17.3,19.3,18.0,17.1,17.3
20260626,ウインドワンピース,69.5,50.3,32.8,16.0,19.2,17.5,16.8,16.0
20260626,ジャスティンライズ,69.3,50.1,31.8,15.2,19.2,18.3,16.6,15.2
20260626,ラッキーダンス,69.9,50.8,33.2,16.0,19.1,17.6,17.2,16.0
20260626,アクロスメモリア,69.6,51.1,33.9,17.4,18.5,17.2,16.5,17.4
20260626,ホウオウヘッセン,72.1,53.0,35.2,17.4,19.1,17.8,17.8,17.4
20260626,コンフィグシス,72.0,52.6,34.0,16.5,19.4,18.6,17.5,16.5
20260626,アルファリラエ,68.0,49.7,32.5,16.5,18.3,17.2,16.0,16.5
20260626,ロジスカヤ,68.8,49.0,31.6,15.7,19.8,17.4,15.9,15.7
20260626,ラウンドヒル,68.4,50.1,33.3,17.0,18.3,16.8,16.3,17.0
20260626,グラスフェザー,73.2,53.2,34.7,17.6,20.0,18.5,17.1,17.6
20260626,ドナビッグベン,64.7,46.8,30.8,15.2,17.9,16.0,15.6,15.2
20260626,ﾇﾝｼﾞｭﾘｴｯﾄの24,73.9,52.6,32.9,16.0,21.3,19.7,16.9,16.0
20260626,ビタークレス,71.3,52.5,34.7,16.9,18.8,17.8,17.8,16.9
20260626,ポッドロワール,66.0,48.0,31.7,15.8,18.0,16.3,15.9,15.8
20260626,ダノンセンチュリー,67.1,48.5,31.4,15.6,18.6,17.1,15.8,15.6
20260626,ロートホルン,53.8,38.9,25.2,12.4,14.9,13.7,12.8,12.4
20260626,ルージュアリスタ,66.9,47.9,30.6,15.2,19.0,17.3,15.4,15.2
20260626,ブーケドリス,65.3,47.9,31.1,15.1,17.4,16.8,16.0,15.1
20260626,アテンスマイル,67.5,50.3,33.5,16.5,17.2,16.8,17.0,16.5
20260626,シュガーハイ,65.6,47.6,31.1,15.6,18.0,16.5,15.5,15.6
20260626,バシレイア,69.5,51.5,34.0,16.6,18.0,17.5,17.4,16.6
20260626,エンジェルサン,66.0,48.9,32.5,16.0,17.1,16.4,16.5,16.0
20260626,アジュアカレンツ,69.4,51.3,33.8,16.6,18.1,17.5,17.2,16.6
20260626,カーヌスティ,72.1,52.3,33.8,16.4,19.8,18.5,17.4,16.4
20260626,ゼンダンタカ,69.4,50.9,33.4,16.6,18.5,17.5,16.8,16.6
20260626,アルバニクス,71.6,52.3,33.3,16.6,19.3,19.0,16.7,16.6
20260626,ディールメーカー,66.4,48.9,31.9,15.5,17.5,17.0,16.4,15.5
20260626,パーフェクトスノー,69.5,50.6,33.0,15.8,18.9,17.6,17.2,15.8
20260626,セイウンデセオ,65.0,48.4,32.2,16.6,16.6,16.2,15.6,16.6
20260626,メリークリスマス,61.7,46.1,30.6,15.4,15.6,15.5,15.2,15.4
20260626,ノアチュロス,70.0,51.2,32.9,16.0,18.8,18.3,16.9,16.0
20260626,キンググローリー,59.3,42.9,28.0,14.0,16.4,14.9,14.0,14.0
20260626,バトルモクオ,68.8,50.7,34.1,17.0,18.1,16.6,17.1,17.0
20260626,ゴールドプレイヤー,59.4,43.0,28.5,14.1,16.4,14.5,14.4,14.1
20260626,ゼンノスタニング,65.9,48.3,31.7,15.6,17.6,16.6,16.1,15.6
20260626,カフェオドヴィー,58.5,42.3,27.5,13.6,16.2,14.8,13.9,13.6
20260626,アルティソナンテ,62.8,46.1,30.4,15.3,16.7,15.7,15.1,15.3
20260626,ラショナルポイント,67.5,50.3,33.3,16.5,17.2,17.0,16.8,16.5
20260626,アイファーリーベン,68.4,49.1,32.1,16.2,19.3,17.0,15.9,16.2
20260626,クライングナウ,64.0,47.5,31.9,15.6,16.5,15.6,16.3,15.6
20260626,タケルムサシ,63.6,47.2,31.6,15.6,16.4,15.6,16.0,15.6
20260626,サトノアンナ,64.1,46.3,30.4,15.5,17.8,15.9,14.9,15.5
20260626,ヴェットビルズ,69.6,50.8,33.1,16.3,18.8,17.7,16.8,16.3
20260626,センカンナガト,69.6,51.3,34.2,17.3,18.3,17.1,16.9,17.3
20260626,ハクタカ,70.2,52.5,35.2,17.8,17.7,17.3,17.4,17.8
20260626,ゴーゼンチュー,71.7,52.9,35.3,17.6,18.8,17.6,17.7,17.6
20260626,ダイユウファリーナ,62.7,44.6,28.7,14.4,18.1,15.9,14.3,14.4
20260626,カピリナ,71.3,51.2,32.8,15.9,20.1,18.4,16.9,15.9
20260626,ユイノマチブセ,64.3,47.4,31.1,15.4,16.9,16.3,15.7,15.4
20260626,ウッケン,66.4,49.9,32.8,16.5,16.5,17.1,16.3,16.5
20260626,ボーンディスウェイ,63.2,45.9,30.0,14.5,17.3,15.9,15.5,14.5
20260626,アンコンケラブル,63.2,46.8,30.9,15.1,16.4,15.9,15.8,15.1
20260626,パラダイスフェイス,64.1,46.7,30.5,15.2,17.4,16.2,15.3,15.2
20260626,ハリコミチュウ,68.5,49.3,32.3,15.9,19.2,17.0,16.4,15.9
20260626,ユニオンジャック,64.2,47.4,31.3,15.5,16.8,16.1,15.8,15.5
20260626,ユイノリュウギ,67.6,49.5,33.0,16.3,18.1,16.5,16.7,16.3
20260626,ピクニックマーチ,69.1,50.1,33.2,16.9,19.0,16.9,16.3,16.9
20260626,マイネルカピラリス,63.5,46.5,30.7,15.4,17.0,15.8,15.3,15.4
20260626,トルタパスカリーナ,62.7,47.0,32.4,15.9,15.7,14.6,16.5,15.9
20260626,ホープエトワール,59.4,44.4,30.0,15.1,15.0,14.4,14.9,15.1
20260626,スカイプライド,65.7,48.7,32.9,15.6,17.0,15.8,17.3,15.6
20260626,ミッキーファイト,66.3,49.5,32.7,16.3,16.8,16.8,16.4,16.3
20260626,セイウンヤオヨロズ,73.4,52.4,33.8,16.6,21.0,18.6,17.2,16.6
20260626,カガラプンツェル,65.9,48.4,32.2,16.0,17.5,16.2,16.2,16.0
20260626,ディアスポラ,68.0,50.0,32.1,15.8,18.0,17.9,16.3,15.8
20260626,リリエンフェルト,69.4,51.1,33.9,17.0,18.3,17.2,16.9,17.0
20260626,ビッグノエルルーフ,69.0,51.1,33.4,16.3,17.9,17.7,17.1,16.3
20260626,ハクサンミレイ,69.8,51.5,34.2,17.1,18.3,17.3,17.1,17.1
20260626,サラサヴィクトリー,69.3,51.1,33.4,16.4,18.2,17.7,17.0,16.4
20260626,ローズオブジャパン,72.1,54.3,36.7,18.1,17.8,17.6,18.6,18.1
20260626,クリフハンガー,68.8,51.8,35.3,18.4,17.0,16.5,16.9,18.4
20260626,ゴーゴーパンチ,62.8,46.4,31.0,15.8,16.4,15.4,15.2,15.8
20260626,アイアムキレマスネ,82.7,59.7,38.8,18.7,23.0,20.9,20.1,18.7
20260626,ジンクピリチオン,83.4,60.2,39.2,19.0,23.2,21.0,20.2,19.0
20260626,モズクルードラゴン,71.3,52.7,34.9,17.2,18.6,17.8,17.7,17.2
20260626,ミサトレジーナ,70.0,51.7,34.0,17.0,18.3,17.7,17.0,17.0
20260626,サノノベリー,70.2,51.4,34.0,17.0,18.8,17.4,17.0,17.0
20260626,レーゲンシャウアー,70.1,51.9,34.7,17.2,18.2,17.2,17.5,17.2
20260626,シュハリ,66.9,48.9,31.4,15.5,18.0,17.5,15.9,15.5
20260626,デルマアポロニア,69.0,50.5,33.2,16.4,18.5,17.3,16.8,16.4
20260626,アマンヘセル,62.5,45.9,30.2,14.7,16.6,15.7,15.5,14.7
20260626,ペイシャダンシング,67.6,50.0,32.0,15.9,17.6,18.0,16.1,15.9
20260626,アールグレイ,63.3,46.3,30.3,14.8,17.0,16.0,15.5,14.8
20260626,ザウシャルト,66.7,49.1,32.5,16.2,17.6,16.6,16.3,16.2
20260626,アルアンダルス,66.2,48.4,32.0,15.8,17.8,16.4,16.2,15.8
20260626,ゴールドアローン,63.9,47.9,31.7,15.8,16.0,16.2,15.9,15.8
20260626,ノーブルオリンポス,69.4,50.3,31.8,15.5,19.1,18.5,16.3,15.5
20260626,ニシノギャルズ,76.0,54.5,35.2,17.6,21.5,19.3,17.6,17.6
20260626,ココニーナ,73.5,55.0,36.8,18.5,18.5,18.2,18.3,18.5
20260626,コスモエルヴァル,66.7,49.3,32.1,15.7,17.4,17.2,16.4,15.7
20260626,シュガーシャック,66.0,48.0,30.8,14.8,18.0,17.2,16.0,14.8
20260626,ヴィンチェローズ,66.1,48.6,32.3,15.8,17.5,16.3,16.5,15.8
20260626,ドーンレイド,74.0,54.8,36.3,18.3,19.2,18.5,18.0,18.3
20260626,キングボーイ,66.6,48.5,31.3,15.0,18.1,17.2,16.3,15.0
20260626,ライングラウス,77.1,56.5,37.1,18.6,20.6,19.4,18.5,18.6
20260626,ダイユウルミナス,66.4,48.7,32.0,16.2,17.7,16.7,15.8,16.2
20260626,ミセスジョーンズ,65.5,48.2,32.1,16.1,17.3,16.1,16.0,16.1
20260626,デルマツルギ,65.9,48.5,31.6,15.3,17.4,16.9,16.3,15.3
20260626,ポッドソル,66.5,49.1,32.2,16.4,17.4,16.9,15.8,16.4
20260626,ジュネストレイル,66.0,48.8,32.0,15.9,17.2,16.8,16.1,15.9
20260626,プレママドンナ,67.5,49.7,32.7,16.3,17.8,17.0,16.4,16.3
20260626,マーシヴィガラス,70.8,52.2,33.8,16.5,18.6,18.4,17.3,16.5
20260626,ヒロイックヴァース,70.3,51.5,34.3,17.1,18.8,17.2,17.2,17.1
20260626,エピックジャーニー,69.4,51.3,33.9,16.9,18.1,17.4,17.0,16.9
20260626,テングカゼ,71.4,53.0,34.6,16.6,18.4,18.4,18.0,16.6
20260626,カラーオブサクセス,70.2,51.6,34.4,17.3,18.6,17.2,17.1,17.3
20260626,アルティマローネ,68.3,48.7,31.6,15.2,19.6,17.1,16.4,15.2
20260626,コスモイェーガー,69.1,51.7,34.0,17.0,17.4,17.7,17.0,17.0
20260626,クロドラバール,64.5,47.0,30.7,15.3,17.5,16.3,15.4,15.3
20260626,キョウエイブリッサ,67.9,49.6,32.7,16.0,18.3,16.9,16.7,16.0
20260626,サンブライト,68.0,49.1,31.8,15.9,18.9,17.3,15.9,15.9
20260626,モータリゼーション,69.3,50.0,32.7,16.4,19.3,17.3,16.3,16.4
20260626,チャンピオンホープ,71.7,53.2,35.3,17.8,18.5,17.9,17.5,17.8
20260626,ヒーローシー,70.7,53.0,35.3,17.8,17.7,17.7,17.5,17.8
20260626,トム,67.1,49.7,33.3,17.0,17.4,16.4,16.3,17.0
20260626,キミヘノメロディー,66.8,48.6,31.6,15.3,18.2,17.0,16.3,15.3
20260626,スルーインアード,70.9,51.1,33.6,16.9,19.8,17.5,16.7,16.9
20260626,コスモアンソロジー,65.1,48.9,32.3,15.5,16.2,16.6,16.8,15.5
20260626,サイモンナイスラン,80.1,58.7,39.3,19.9,21.4,19.4,19.4,19.9
20260626,ナツミカンチャン,68.2,49.5,32.1,15.5,18.7,17.4,16.6,15.5
20260626,キーチジャステン,66.6,48.8,32.0,15.5,17.8,16.8,16.5,15.5
20260626,センターアイランド,82.2,60.9,40.4,20.2,21.3,20.5,20.2,20.2
20260626,ステラルミノーザ,67.1,48.7,31.8,15.0,18.4,16.9,16.8,15.0
20260626,レインボーワールド,66.5,47.9,31.1,15.4,18.6,16.8,15.7,15.4
20260626,ダイナマイトメロン,66.3,49.4,32.5,16.4,16.9,16.9,16.1,16.4
20260626,マイトリックスター,64.2,47.5,31.4,16.1,16.7,16.1,15.3,16.1
20260626,ミエノストロング,63.2,46.2,30.5,14.8,17.0,15.7,15.7,14.8
20260626,マスターボリューム,71.1,51.4,33.3,16.3,19.7,18.1,17.0,16.3
20260626,チャランダマルツ,68.9,50.6,33.4,16.5,18.3,17.2,16.9,16.5
20260626,ジョブックボー,60.4,44.5,29.3,14.7,15.9,15.2,14.6,14.7
20260626,クロノスフィア,66.6,49.0,31.4,15.4,17.6,17.6,16.0,15.4
20260626,リコルディオーロ,70.5,51.4,33.5,16.5,19.1,17.9,17.0,16.5
20260626,ジオパークカツキ,70.8,51.5,33.6,16.6,19.3,17.9,17.0,16.6
20260626,アルニタク,72.2,52.5,34.6,17.3,19.7,17.9,17.3,17.3
20260626,ニヴルヘイム,65.6,47.8,31.2,15.5,17.8,16.6,15.7,15.5
20260626,グランプラネッタ,67.8,49.2,32.5,16.5,18.6,16.7,16.0,16.5
20260626,チャチャット,66.1,48.0,31.0,15.6,18.1,17.0,15.4,15.6
20260626,ノブピースオブラブ,64.3,46.7,30.6,15.0,17.6,16.1,15.6,15.0
20260626,ロードクラシコ,65.5,48.9,32.1,16.1,16.6,16.8,16.0,16.1
20260626,レヴェンドール,65.1,47.5,30.6,14.9,17.6,16.9,15.7,14.9
20260626,ランフォーザエイジ,65.5,47.3,30.8,15.2,18.2,16.5,15.6,15.2
20260626,ニシノイサリビ,68.0,50.5,33.6,16.6,17.5,16.9,17.0,16.6
20260626,リアライズグロリア,68.1,50.8,34.0,16.8,17.3,16.8,17.2,16.8
20260626,トーアトリニダー,67.0,49.0,32.5,16.4,18.0,16.5,16.1,16.4
20260626,バトルボーン,67.0,49.6,32.8,15.8,17.4,16.8,17.0,15.8
20260626,ラヴノー,67.0,49.4,32.8,15.9,17.6,16.6,16.9,15.9
20260626,ルビーサンセット,66.3,48.0,31.1,15.0,18.3,16.9,16.1,15.0
20260626,ドナリー,79.9,59.5,39.1,19.0,20.4,20.4,20.1,19.0
20260626,スカーレットクラン,79.9,59.6,39.3,19.1,20.3,20.3,20.2,19.1
20260626,サンタピア,71.8,53.3,35.3,17.7,18.5,18.0,17.6,17.7
20260626,レッドエモーション,74.9,55.3,36.2,17.8,19.6,19.1,18.4,17.8
20260626,ファータカリーナ,80.4,57.3,36.5,17.7,23.1,20.8,18.8,17.7
20260626,デフィレドール,74.6,55.1,36.1,17.9,19.5,19.0,18.2,17.9
20260626,ラヴレイン,71.4,51.6,33.2,16.2,19.8,18.4,17.0,16.2
20260626,バトルクライ,70.2,51.2,33.2,16.1,19.0,18.0,17.1,16.1
20260626,サファイアテソーロ,73.1,53.5,35.1,17.7,19.6,18.4,17.4,17.7
20260626,ウインガネーシャ,73.1,53.5,35.1,17.6,19.6,18.4,17.5,17.6
20260626,ジーティージェミル,75.0,55.5,36.7,18.5,19.5,18.8,18.2,18.5
20260626,ケブラダラボジェラ,75.8,56.6,37.7,19.1,19.2,18.9,18.6,19.1
20260626,マーシヴィガラス,69.7,52.1,34.3,16.5,17.6,17.8,17.8,16.5
20260626,ウンスイ,67.1,49.9,32.9,16.5,17.2,17.0,16.4,16.5
20260626,テングカゼ,68.4,51.0,34.5,17.3,17.4,16.5,17.2,17.3
20260626,マイネルジェロディ,70.1,51.8,34.7,17.2,18.3,17.1,17.5,17.2
20260626,グランドフォレスト,68.0,50.1,32.8,15.9,17.9,17.3,16.9,15.9
20260626,モウエエデショー,71.2,52.2,34.3,17.3,19.0,17.9,17.0,17.3
20260626,ホウオウブースター,67.8,49.6,32.9,16.1,18.2,16.7,16.8,16.1
20260626,ノーセット,68.4,49.2,32.7,16.3,19.2,16.5,16.4,16.3
20260626,シャルトル,70.3,51.9,34.7,17.0,18.4,17.2,17.7,17.0
20260626,エースオブゴールド,67.0,47.5,30.3,14.6,19.5,17.2,15.7,14.6
20260626,マイネルリーヒム,63.7,47.7,31.7,16.1,16.0,16.0,15.6,16.1
20260626,セシルブリュネ,69.7,52.0,34.7,17.1,17.7,17.3,17.6,17.1
20260626,シェンロン,71.6,53.3,35.6,17.8,18.3,17.7,17.8,17.8
20260626,クリガーレ,65.5,48.9,32.7,16.3,16.6,16.2,16.4,16.3
20260626,ｱﾒﾘの24,72.2,53.7,35.6,17.9,18.5,18.1,17.7,17.9
20260626,シーズアウルフ,72.1,53.8,36.0,18.1,18.3,17.8,17.9,18.1
20260626,ルージュボヤージュ,71.6,52.6,34.2,16.6,19.0,18.4,17.6,16.6
20260626,スカット,69.1,49.6,31.8,15.7,19.5,17.8,16.1,15.7
20260626,ブライスフェアリー,69.1,49.6,32.1,15.7,19.5,17.5,16.4,15.7
20260626,ギャニミード,71.7,52.3,34.6,16.6,19.4,17.7,18.0,16.6
20260626,ハルガスミ,68.6,49.1,31.9,15.6,19.5,17.2,16.3,15.6
20260626,ヴァストマーレ,71.1,52.5,34.6,17.3,18.6,17.9,17.3,17.3
20260626,エコロゼット,69.0,50.2,32.6,16.1,18.8,17.6,16.5,16.1
20260626,エリナ,70.1,51.4,33.8,17.2,18.7,17.6,16.6,17.2
20260626,シルバーゴールド,71.2,53.5,36.7,18.7,17.7,16.8,18.0,18.7
20260626,ニシノコマチムスメ,70.8,51.6,33.6,17.1,19.2,18.0,16.5,17.1
20260626,ルールーリマ,69.0,50.4,32.8,16.1,18.6,17.6,16.7,16.1
20260626,アリスメティーク,68.7,49.8,32.6,15.7,18.9,17.2,16.9,15.7
20260626,ホウオウライセンス,72.2,51.6,33.0,16.2,20.6,18.6,16.8,16.2
20260626,エメラルファイン,73.0,54.5,36.9,19.3,18.5,17.6,17.6,19.3
20260626,セタキト,57.0,40.9,27.3,13.7,16.1,13.6,13.6,13.7
20260626,ヴェールネージュ,67.0,49.4,32.8,16.3,17.6,16.6,16.5,16.3
20260626,ペリプルス,76.0,56.0,36.9,18.0,20.0,19.1,18.9,18.0
20260626,ルブラッシュノモー,72.9,54.2,36.3,18.5,18.7,17.9,17.8,18.5
20260626,コスモルトチェコ,67.8,50.4,33.2,16.8,17.4,17.2,16.4,16.8
20260626,マイネルフォルツァ,77.5,57.5,38.1,18.9,20.0,19.4,19.2,18.9
20260626,ホウオウフロイト,66.3,47.5,31.0,15.7,18.8,16.5,15.3,15.7
20260626,イマジェリーナ,66.2,49.4,32.7,16.2,16.8,16.7,16.5,16.2
20260626,シュタットパーク,66.5,48.2,30.8,15.5,18.3,17.4,15.3,15.5
20260626,ウマッター,67.5,50.8,34.1,17.1,16.7,16.7,17.0,17.1
20260626,エマーソンズ,68.1,50.1,31.7,15.9,18.0,18.4,15.8,15.9
20260626,マイネルラビリンス,68.4,50.3,32.0,15.9,18.1,18.3,16.1,15.9
20260626,カイトヴィント,64.7,47.4,31.3,15.7,17.3,16.1,15.6,15.7
20260626,マイネルヴェーゼン,65.3,48.9,31.5,15.7,16.4,17.4,15.8,15.7
20260626,トリプティーク,67.9,50.7,33.8,16.8,17.2,16.9,17.0,16.8
20260626,サスケソルトバーン,67.6,50.7,33.9,16.9,16.9,16.8,17.0,16.9
20260626,エーアイクワイ,63.7,47.5,31.1,15.6,16.2,16.4,15.5,15.6
20260626,マジックファイト,68.5,51.1,34.2,17.1,17.4,16.9,17.1,17.1
20260626,カフェロワドール,71.3,52.9,35.2,18.0,18.4,17.7,17.2,18.0
20260626,スティールシップ,67.8,49.6,33.1,16.0,18.2,16.5,17.1,16.0
20260626,ビンバラ,70.5,51.8,33.8,16.8,18.7,18.0,17.0,16.8
20260626,トワイライトサイト,66.7,49.0,31.7,15.5,17.7,17.3,16.2,15.5
20260626,ビップラージャ,70.7,52.3,34.9,17.7,18.4,17.4,17.2,17.7
20260626,オーケーマドンナ,69.4,51.2,34.2,17.4,18.2,17.0,16.8,17.4
20260626,ホノボノ,67.4,50.1,32.8,16.2,17.3,17.3,16.6,16.2
20260626,ロジケープ,67.3,50.5,33.2,16.5,16.8,17.3,16.7,16.5
20260626,アオイノリプー,66.9,49.5,32.2,15.5,17.4,17.3,16.7,15.5
20260626,キャンディメモリー,84.3,61.5,40.1,20.0,22.8,21.4,20.1,20.0
20260626,アークレイリ,74.0,54.3,35.9,18.0,19.7,18.4,17.9,18.0
20260626,ウインビギニング,63.5,46.7,30.6,15.3,16.8,16.1,15.3,15.3
20260626,ｴﾃの24,67.5,50.8,33.7,16.5,16.7,17.1,17.2,16.5
20260626,タッカーバレット,68.9,49.9,32.6,16.5,19.0,17.3,16.1,16.5
20260626,ブルーダイヤシチー,64.9,48.3,32.2,16.0,16.6,16.1,16.2,16.0
20260626,プティシラー,66.3,49.0,32.6,16.5,17.3,16.4,16.1,16.5
20260626,アンパシオンス,70.6,51.8,34.1,17.6,18.8,17.7,16.5,17.6
20260626,クモヒトツナイ,66.1,48.2,31.6,15.8,17.9,16.6,15.8,15.8
20260626,マイネルフォルツァ,68.0,49.7,32.1,15.8,18.3,17.6,16.3,15.8
20260626,トレベルオール,70.3,50.9,32.7,15.8,19.4,18.2,16.9,15.8
20260626,アピーリングルック,70.0,50.6,32.5,15.7,19.4,18.1,16.8,15.7
20260626,ホウオウミステリー,68.5,50.2,32.5,16.4,18.3,17.7,16.1,16.4
20260626,ヴァンデスペランス,68.0,50.4,33.3,16.4,17.6,17.1,16.9,16.4
20260626,ブルールチル,72.5,53.7,35.2,17.6,18.8,18.5,17.6,17.6
20260626,コヴェナント,69.5,52.1,34.4,17.3,17.4,17.7,17.1,17.3
20260626,サマースプラッシュ,66.7,49.2,32.3,16.0,17.5,16.9,16.3,16.0
20260626,ケイジャーダ,71.0,52.8,35.1,17.9,18.2,17.7,17.2,17.9
20260626,ハイテイラオユエ,70.1,50.8,33.3,16.1,19.3,17.5,17.2,16.1
20260626,カラスアゲハ,81.8,60.1,39.7,19.9,21.7,20.4,19.8,19.9
20260626,リーデレクオーレ,69.8,50.4,33.2,16.7,19.4,17.2,16.5,16.7
20260626,ミツカネメルクリオ,69.3,51.3,34.0,17.2,18.0,17.3,16.8,17.2
20260626,フームスムート,70.0,51.4,34.2,17.1,18.6,17.2,17.1,17.1
20260626,ホノボノ,66.3,48.4,32.0,16.1,17.9,16.4,15.9,16.1
20260626,アオイノリプー,66.6,48.4,31.7,15.8,18.2,16.7,15.9,15.8
20260626,アークレイリ,66.8,48.7,32.3,16.1,18.1,16.4,16.2,16.1
20260626,クリアクォーツ,72.0,52.7,35.0,17.4,19.3,17.7,17.6,17.4
20260626,デルマテイネ,74.3,54.7,36.7,18.5,19.6,18.0,18.2,18.5
20260626,アイファーティアラ,73.2,53.7,35.5,17.9,19.5,18.2,17.6,17.9
20260626,ワンダリングスター,74.8,55.2,36.7,18.5,19.6,18.5,18.2,18.5
20260626,ゴルトレオパルト,71.9,51.5,33.7,16.6,20.4,17.8,17.1,16.6
20260626,ヒットミー,64.0,46.5,30.5,15.3,17.5,16.0,15.2,15.3
20260626,バタール,63.5,46.6,30.6,15.0,16.9,16.0,15.6,15.0
20260626,コスモティタノ,69.4,51.6,34.8,17.8,17.8,16.8,17.0,17.8
20260626,ウインワーグナー,67.7,50.7,33.8,16.5,17.0,16.9,17.3,16.5
20260626,イヴナンバーフォー,70.6,52.2,34.8,16.8,18.4,17.4,18.0,16.8
20260626,マイネルリシャール,64.8,48.0,31.7,15.9,16.8,16.3,15.8,15.9
20260626,リアルセンター,75.2,54.5,35.5,17.1,20.7,19.0,18.4,17.1
20260626,ハルカオル,74.0,53.6,34.9,17.2,20.4,18.7,17.7,17.2
20260626,コスモアルペジオ,65.1,48.1,32.2,16.2,17.0,15.9,16.0,16.2
20260626,ニシノミヤダシ,65.5,48.5,32.4,16.4,17.0,16.1,16.0,16.4
20260626,ヤマタケボニータ,66.4,49.4,33.4,16.9,17.0,16.0,16.5,16.9
20260626,トレンドマーチ,69.5,51.8,35.0,17.7,17.7,16.8,17.3,17.7
20260626,レイナエヴィータ,62.8,45.8,30.5,15.3,17.0,15.3,15.2,15.3
20260626,レオスキーム,66.3,49.1,33.1,16.7,17.2,16.0,16.4,16.7
20260626,クロダテ,61.7,45.4,29.4,14.6,16.3,16.0,14.8,14.6
20260626,ニシノキフジン,65.3,47.6,31.6,16.1,17.7,16.0,15.5,16.1
20260626,レッジェランツァ,62.9,47.0,30.6,15.0,15.9,16.4,15.6,15.0
20260626,ベールダウン,68.8,51.0,33.9,17.2,17.8,17.1,16.7,17.2
20260626,ネオロマーネ,73.2,53.7,35.4,17.7,19.5,18.3,17.7,17.7
20260626,シリアスドラマ,64.6,47.1,31.1,15.9,17.5,16.0,15.2,15.9
20260626,キングクレオール,66.2,47.4,30.3,15.2,18.8,17.1,15.1,15.2
20260626,クラウンテック,65.4,47.5,30.8,15.1,17.9,16.7,15.7,15.1
20260626,ミツカネメルクリオ,67.2,49.9,33.0,16.4,17.3,16.9,16.6,16.4
20260626,シャインネージュ,59.5,43.9,29.2,14.7,15.6,14.7,14.5,14.7
20260626,ナックレジーナ,69.6,50.5,33.4,16.7,19.1,17.1,16.7,16.7
20260626,ウィンターブリーズ,58.0,42.8,27.8,14.0,15.2,15.0,13.8,14.0
20260626,ニシキギミッチー,65.9,48.8,32.3,16.2,17.1,16.5,16.1,16.2
20260626,ハーツコンチェルト,60.5,44.6,29.6,14.6,15.9,15.0,15.0,14.6
20260626,カリーシ,64.6,47.5,31.5,15.8,17.1,16.0,15.7,15.8
20260626,トップオブザキング,67.2,49.8,33.3,16.6,17.4,16.5,16.7,16.6
20260626,ナックキャンドル,69.9,50.6,33.1,16.3,19.3,17.5,16.8,16.3
20260626,ニシノマルガリート,65.2,47.8,31.4,15.7,17.4,16.4,15.7,15.7
20260626,ボールドサンダー,73.6,55.2,37.1,18.7,18.4,18.1,18.4,18.7
20260626,ハルマン,72.2,54.0,36.2,18.4,18.2,17.8,17.8,18.4
20260626,ハチキンキリシマ,71.3,53.5,35.9,18.2,17.8,17.6,17.7,18.2
20260626,ゲームチェンジャー,70.0,52.0,34.2,16.9,18.0,17.8,17.3,16.9
20260626,トーケンギムレット,72.1,52.4,34.3,17.3,19.7,18.1,17.0,17.3
20260626,モリノレッドスター,70.4,51.7,34.1,16.9,18.7,17.6,17.2,16.9
20260626,カラマティアノス,62.0,45.4,29.8,14.8,16.6,15.6,15.0,14.8
20260626,ショウナンサムデイ,61.5,45.4,29.5,14.7,16.1,15.9,14.8,14.7
20260626,モリノアミーゴ,66.4,47.8,31.8,15.7,18.6,16.0,16.1,15.7
20260626,シェリアドレ,60.5,44.2,28.8,14.4,16.3,15.4,14.4,14.4
20260626,サトミノアカリ,67.6,49.6,32.2,15.7,18.0,17.4,16.5,15.7
20260626,ビーストウォーズ,66.5,49.4,32.3,15.9,17.1,17.1,16.4,15.9
20260626,ルストラーレ,58.7,43.2,28.6,13.9,15.5,14.6,14.7,13.9
20260626,アニエーネ,68.4,48.9,31.6,15.8,19.5,17.3,15.8,15.8
20260626,ミコウェイ,72.5,53.1,35.5,18.0,19.4,17.6,17.5,18.0
20260626,スローブギ,68.9,49.6,32.1,16.0,19.3,17.5,16.1,16.0
20260626,ニューロファイター,62.6,45.9,30.3,14.7,16.7,15.6,15.6,14.7
20260626,アージェント,65.0,47.5,30.8,15.5,17.5,16.7,15.3,15.5
20260626,クレオズニードル,68.5,51.1,34.3,17.5,17.4,16.8,16.8,17.5
20260626,メイショウミズホ,64.8,48.6,32.1,16.7,16.2,16.5,15.4,16.7
20260626,フォセットジェンヌ,70.7,52.0,33.7,16.4,18.7,18.3,17.3,16.4
20260626,クレイターレイク,67.0,50.0,33.1,16.5,17.0,16.9,16.6,16.5
20260626,ペイシャオーヴァル,71.3,52.8,35.9,18.3,18.5,16.9,17.6,18.3
20260626,ブライトエアリー,70.5,52.4,34.6,17.7,18.1,17.8,16.9,17.7
20260626,カシマライフウ,69.8,52.1,35.0,17.7,17.7,17.1,17.3,17.7
20260626,トムキャット,74.2,54.8,36.1,17.7,19.4,18.7,18.4,17.7
20260626,インザダーク,74.2,54.9,35.7,17.6,19.3,19.2,18.1,17.6
20260626,コスモモノポリー,67.5,50.4,33.1,16.6,17.1,17.3,16.5,16.6
20260626,コスモデュアリズム,74.3,55.5,36.9,18.6,18.8,18.6,18.3,18.6
20260626,ゲキザル,65.5,47.6,31.6,15.3,17.9,16.0,16.3,15.3
20260626,リケアチャチャチャ,70.5,52.4,34.9,17.2,18.1,17.5,17.7,17.2
20260626,ティアラスピリット,70.3,51.9,34.2,16.9,18.4,17.7,17.3,16.9
20260626,クロースコンバット,64.5,47.8,32.0,15.9,16.7,15.8,16.1,15.9
20260626,アロンズロッド,64.0,46.6,30.3,15.1,17.4,16.3,15.2,15.1
20260626,スルーザゴールド,64.9,48.2,32.5,16.6,16.7,15.7,15.9,16.6
20260626,エムアイブレイズ,65.8,49.0,32.4,15.9,16.8,16.6,16.5,15.9
20260626,リーズメイリー,66.8,48.5,31.9,15.4,18.3,16.6,16.5,15.4
20260626,マイネルリコルディ,66.2,49.2,32.3,15.8,17.0,16.9,16.5,15.8
20260626,ﾊｰﾚﾑﾗｲﾝの24,66.9,48.2,31.6,15.4,18.7,16.6,16.2,15.4
20260626,ヒットアンドロール,65.4,48.2,32.2,16.4,17.2,16.0,15.8,16.4
20260626,マナイアカラニ,65.1,48.2,32.0,16.2,16.9,16.2,15.8,16.2
20260626,カミノテイオー,69.3,51.1,33.7,16.4,18.2,17.4,17.3,16.4
20260626,ニシノマキロイ,65.2,48.4,32.3,16.5,16.8,16.1,15.8,16.5
20260626,ミリオ,64.7,47.8,31.6,16.3,16.9,16.2,15.3,16.3
20260626,ゴルトレオパルト,67.4,50.9,33.8,17.2,16.5,17.1,16.6,17.2
20260626,クリアクォーツ,67.0,49.3,33.0,16.9,17.7,16.3,16.1,16.9
20260626,デルマテイネ,66.1,49.6,33.8,16.2,16.5,15.8,17.6,16.2
20260626,ワンダリングスター,66.7,49.0,32.4,16.4,17.7,16.6,16.0,16.4
20260626,レジェンドヴァーサ,63.2,46.9,30.5,15.2,16.3,16.4,15.3,15.2
20260626,ルーラーインパクト,75.7,56.6,37.9,18.8,19.1,18.7,19.1,18.8
20260626,サイモンオリエント,75.2,56.8,38.3,19.5,18.4,18.5,18.8,19.5
20260626,ダンツファイター,61.6,45.5,29.5,14.5,16.1,16.0,15.0,14.5
20260626,アジアントレジャー,62.4,46.2,30.2,15.0,16.2,16.0,15.2,15.0
20260626,オンナキュヌヴィ,67.9,50.2,32.9,16.3,17.7,17.3,16.6,16.3
20260626,サトノセレナーデ,65.1,47.7,31.2,15.4,17.4,16.5,15.8,15.4
20260626,シエラモレーナ,57.5,41.8,26.8,12.7,15.7,15.0,14.1,12.7
20260626,カフェオリーブ,57.2,41.6,27.1,13.2,15.6,14.5,13.9,13.2
20260626,ビーンスターク,65.1,48.1,30.8,15.3,17.0,17.3,15.5,15.3
20260626,アースミューズ,66.1,48.1,31.2,15.5,18.0,16.9,15.7,15.5
20260626,ヌクレオチド,65.0,47.7,32.1,16.5,17.3,15.6,15.6,16.5
20260626,フライスカイハイ,64.9,47.7,31.5,15.5,17.2,16.2,16.0,15.5
20260626,ストロングボンド,65.2,48.1,31.7,16.0,17.1,16.4,15.7,16.0
20260626,オセアフェアモント,65.1,48.0,31.6,15.7,17.1,16.4,15.9,15.7
20260626,ハッピーカーン,65.7,48.1,31.6,16.1,17.6,16.5,15.5,16.1
20260626,ミラクルオーラ,65.7,48.0,31.5,15.7,17.7,16.5,15.8,15.7
20260626,ブーケドグレイス,68.4,49.7,32.8,16.9,18.7,16.9,15.9,16.9
20260626,セーヌデローヴ,61.0,44.5,29.0,14.5,16.5,15.5,14.5,14.5
20260626,リサナウト,60.8,44.4,29.0,14.8,16.4,15.4,14.2,14.8
20260626,トランセンコ,64.6,47.6,31.0,14.9,17.0,16.6,16.1,14.9
20260626,ブリスフル,70.4,52.7,35.0,17.4,17.7,17.7,17.6,17.4
20260626,グランレーヴ,63.1,46.4,31.1,15.5,16.7,15.3,15.6,15.5
20260626,ニシノアトール,63.1,46.5,31.0,15.4,16.6,15.5,15.6,15.4
20260626,スカイレックス,63.4,47.1,31.6,15.9,16.3,15.5,15.7,15.9
20260626,モーゲンセン,66.9,49.7,32.6,16.1,17.2,17.1,16.5,16.1
20260626,ハッピーラッキー,52.9,38.8,25.1,12.5,14.1,13.7,12.6,12.5
20260626,ロスパレドネス,71.3,53.2,35.3,17.6,18.1,17.9,17.7,17.6
20260626,ドナソラーレ,73.5,55.2,36.9,18.7,18.3,18.3,18.2,18.7
20260626,サンダーストラック,72.9,53.5,35.1,17.1,19.4,18.4,18.0,17.1
20260626,ﾌｧｲﾝﾙｰｼﾞｭの24,74.5,55.2,35.9,17.9,19.3,19.3,18.0,17.9
20260626,プリモヴィータ,73.2,53.4,35.0,17.4,19.8,18.4,17.6,17.4
20260626,スターフラッシュ,73.0,53.1,34.5,17.1,19.9,18.6,17.4,17.1
20260626,フラッシュポイント,64.7,47.5,31.1,15.3,17.2,16.4,15.8,15.3
20260626,アタリダイキチ,65.1,48.2,31.3,16.3,16.9,16.9,15.0,16.3
20260626,アーリマックス,68.9,50.4,33.4,16.8,18.5,17.0,16.6,16.8
20260626,ヌビアン,69.6,51.4,33.9,17.2,18.2,17.5,16.7,17.2
20260626,マイネルアルゴー,69.8,51.3,34.2,17.1,18.5,17.1,17.1,17.1
20260626,コスモペンタス,64.8,47.6,30.9,15.4,17.2,16.7,15.5,15.4
20260626,サファイアプレミア,68.5,49.5,32.1,15.9,19.0,17.4,16.2,15.9
20260626,ゼフィリア,69.2,51.3,33.7,16.7,17.9,17.6,17.0,16.7
20260626,ﾍﾞﾈﾌｨｻﾝｽの24,66.7,47.5,30.0,14.1,19.2,17.5,15.9,14.1
20260626,エリンヘラクレス,70.0,50.6,33.7,17.1,19.4,16.9,16.6,17.1
20260626,ワイワイシャイニー,70.9,52.5,35.2,17.7,18.4,17.3,17.5,17.7
20260626,メイドリーム,70.5,52.7,34.9,17.2,17.8,17.8,17.7,17.2
20260626,テールエメール,74.3,54.9,36.4,18.2,19.4,18.5,18.2,18.2
20260626,エレクトス,70.9,50.4,32.8,16.2,20.5,17.6,16.6,16.2
20260626,カームラディアンス,70.9,51.2,33.3,16.8,19.7,17.9,16.5,16.8
20260626,ロワデュモンド,64.7,47.5,31.3,15.6,17.2,16.2,15.7,15.6
20260626,ウインハルモニア,56.5,40.4,26.1,12.6,16.1,14.3,13.5,12.6
20260626,ヘルヴィッツ,71.1,52.5,34.8,17.7,18.6,17.7,17.1,17.7
20260626,ロッタリーランド,56.3,41.3,27.1,13.5,15.0,14.2,13.6,13.5
20260626,ベアエクスプレス,63.5,46.8,30.6,15.1,16.7,16.2,15.5,15.1
20260626,メインテーマ,64.6,47.2,31.4,15.9,17.4,15.8,15.5,15.9
20260626,ベルオーシャン,64.6,47.6,30.7,14.9,17.0,16.9,15.8,14.9
20260626,シルバープレミア,65.2,48.0,30.8,14.8,17.2,17.2,16.0,14.8
20260626,ディスペアーホープ,65.2,48.3,31.9,15.9,16.9,16.4,16.0,15.9
20260626,コスモバルムンク,66.0,48.8,32.1,16.2,17.2,16.7,15.9,16.2
20260626,エルエシック,68.6,51.1,33.8,16.8,17.5,17.3,17.0,16.8
20260626,ピコレッド,62.7,46.6,31.2,16.0,16.1,15.4,15.2,16.0
20260626,ノーウェアマン,67.1,49.7,33.1,16.7,17.4,16.6,16.4,16.7
20260626,ファナティカル,63.0,45.8,30.1,15.9,17.2,15.7,14.2,15.9
20260626,レーヴマジック,65.1,47.6,31.8,16.5,17.5,15.8,15.3,16.5
20260626,テキエロ,67.6,49.8,33.4,17.0,17.8,16.4,16.4,17.0
20260626,コスモメイウェザー,70.2,52.2,34.0,17.1,18.0,18.2,16.9,17.1
20260626,ラヴァレード,70.9,52.5,34.8,17.2,18.4,17.7,17.6,17.2
20260626,ファーストアライヴ,71.1,52.8,34.3,17.0,18.3,18.5,17.3,17.0
20260626,スパークルレイ,71.1,51.7,33.0,16.2,19.4,18.7,16.8,16.2
20260626,タツナナイロ,70.2,52.0,35.1,17.5,18.2,16.9,17.6,17.5
20260626,セイリュウ,69.8,49.9,32.7,16.0,19.9,17.2,16.7,16.0
20260626,ロックオブソシジ,66.0,48.9,32.5,16.1,17.1,16.4,16.4,16.1
20260626,ルパヴィヨン,66.7,48.0,30.7,14.9,18.7,17.3,15.8,14.9
20260626,カシノリアーナ,73.2,55.1,36.9,18.4,18.1,18.2,18.5,18.4
20260626,モンドシュピーゲル,76.1,56.1,36.9,18.4,20.0,19.2,18.5,18.4
20260626,ラヴィサンエール,68.9,50.2,32.4,15.9,18.7,17.8,16.5,15.9
20260626,ブランフォルテ,70.0,51.0,32.7,15.6,19.0,18.3,17.1,15.6
20260626,ザンシュトーム,70.2,51.4,33.0,15.7,18.8,18.4,17.3,15.7
20260626,フェスティヴハート,71.8,52.6,34.6,17.4,19.2,18.0,17.2,17.4
20260626,グランフィエスタ,66.1,49.7,33.2,16.6,16.4,16.5,16.6,16.6
20260626,サヴマ,69.3,49.8,31.4,15.2,19.5,18.4,16.2,15.2
20260626,ｷﾗｽﾃﾗの24,76.5,56.5,37.6,19.6,20.0,18.9,18.0,19.6
20260626,サザンキンレンカ,70.5,51.2,33.4,16.2,19.3,17.8,17.2,16.2
20260626,サンタンヌ,65.1,48.0,31.5,15.4,17.1,16.5,16.1,15.4
20260626,リギーロ,70.6,52.8,34.4,16.3,17.8,18.4,18.1,16.3
20260626,サノノファイター,60.0,43.9,28.7,14.1,16.1,15.2,14.6,14.1
20260626,マナマカナ,67.2,49.3,32.6,16.1,17.9,16.7,16.5,16.1
20260626,ラーナローザ,67.3,49.4,32.5,16.2,17.9,16.9,16.3,16.2
20260626,ジョイベル,72.1,53.0,34.7,17.1,19.1,18.3,17.6,17.1
20260626,ナムラドガ,67.5,49.8,32.5,16.1,17.7,17.3,16.4,16.1
20260626,グレイシエーション,69.8,52.0,34.5,16.7,17.8,17.5,17.8,16.7
20260626,フォンテキアーラ,68.0,50.7,33.9,16.7,17.3,16.8,17.2,16.7
20260626,マルプリ,64.9,48.8,32.8,16.1,16.1,16.0,16.7,16.1
20260626,デルマハッコウダ,62.7,46.5,30.5,15.3,16.2,16.0,15.2,15.3
20260626,クールランナー,66.2,50.0,33.1,16.6,16.2,16.9,16.5,16.6
20260626,ドバイブルース,66.9,49.6,32.8,16.2,17.3,16.8,16.6,16.2
20260626,クリールスル,65.2,48.5,32.1,16.6,16.7,16.4,15.5,16.6
20260626,フクチャンヒメ,66.6,49.6,32.8,16.2,17.0,16.8,16.6,16.2
20260626,ゴットランド,62.3,45.7,30.0,15.2,16.6,15.7,14.8,15.2
20260626,シューティングガイ,63.6,47.0,30.9,15.0,16.6,16.1,15.9,15.0
20260626,スカイレックス,63.8,47.2,31.2,15.3,16.6,16.0,15.9,15.3
20260626,サンフラワー,73.5,54.3,36.0,18.1,19.2,18.3,17.9,18.1
20260626,レインボーラッキー,62.5,46.3,31.1,15.9,16.2,15.2,15.2,15.9
20260626,フレキシブル,64.3,47.8,31.5,15.6,16.5,16.3,15.9,15.6
20260626,モーゲンセン,62.7,46.6,31.2,15.7,16.1,15.4,15.5,15.7
20260626,マリノマーベラス,70.0,51.8,33.8,17.0,18.2,18.0,16.8,17.0
20260626,デアプリームス,67.4,50.4,33.2,16.9,17.0,17.2,16.3,16.9
20260626,ビップヴィーナス,68.3,50.3,32.8,16.1,18.0,17.5,16.7,16.1
20260626,テリオスブギ,68.4,50.4,33.8,16.5,18.0,16.6,17.3,16.5
20260626,リバーススイープ,68.1,50.4,33.2,16.4,17.7,17.2,16.8,16.4
20260626,アーリマックス,66.9,49.4,33.1,17.0,17.5,16.3,16.1,17.0
20260626,ヌビアン,67.8,50.7,33.4,16.7,17.1,17.3,16.7,16.7
20260626,マイネルアルゴー,67.8,50.5,33.5,16.9,17.3,17.0,16.6,16.9
20260626,エリンヘラクレス,67.8,49.9,33.4,17.0,17.9,16.5,16.4,17.0
20260626,カシノリアーナ,65.9,49.7,33.3,16.6,16.2,16.4,16.7,16.6
20260626,モンドシュピーゲル,69.0,51.1,33.6,16.4,17.9,17.5,17.2,16.4
20260626,スパークルレイ,68.1,50.5,33.6,16.9,17.6,16.9,16.7,16.9
20260626,タツナナイロ,68.3,51.2,34.3,16.7,17.1,16.9,17.6,16.7
20260626,ハーモニーソング,74.7,54.0,35.2,17.6,20.7,18.8,17.6,17.6
20260626,ブルスカメンテ,59.7,44.1,28.9,14.3,15.6,15.2,14.6,14.3
20260626,ヴァイオスペース,60.8,45.1,29.9,14.6,15.7,15.2,15.3,14.6
20260626,ウェイワードアクト,62.4,46.4,30.4,14.8,16.0,16.0,15.6,14.8
20260626,クイーンズレイン,84.9,63.4,42.3,21.5,21.5,21.1,20.8,21.5
20260626,シアルナーレ,69.1,50.6,33.4,16.4,18.5,17.2,17.0,16.4
20260626,カツノテンス,68.8,51.3,34.1,17.2,17.5,17.2,16.9,17.2
20260626,キンバリー,68.4,50.9,34.0,16.9,17.5,16.9,17.1,16.9
20260626,オンザボー,61.4,45.3,30.0,14.8,16.1,15.3,15.2,14.8
20260626,ダノンダックス,60.8,45.2,29.7,14.6,15.6,15.5,15.1,14.6
20260626,キセキノエンジェル,53.5,39.1,25.8,12.8,14.4,13.3,13.0,12.8
20260626,エリースノー,52.5,38.4,25.3,12.8,14.1,13.1,12.5,12.8
20260626,ウェイワードアクト,56.6,41.6,27.0,13.0,15.0,14.6,14.0,13.0
20260626,シアルナーレ,64.2,47.4,30.5,15.0,16.8,16.9,15.5,15.0
20260626,ミッキーコンドル,55.0,39.7,26.0,13.1,15.3,13.7,12.9,13.1
20260626,ギュルヴィ,54.1,40.0,26.5,13.2,14.1,13.5,13.3,13.2
20260626,ベルアズーロ,68.6,49.2,31.3,15.1,19.4,17.9,16.2,15.1
20260626,スマイルガーデン,65.0,46.2,30.0,14.3,18.8,16.2,15.7,14.3
20260626,ムスペルヘイム,70.9,50.5,32.4,15.9,20.4,18.1,16.5,15.9
20260626,モーデン,68.4,48.7,32.2,15.8,19.7,16.5,16.4,15.8
20260626,ナヴォーナ,67.5,49.2,33.0,16.2,18.3,16.2,16.8,16.2
20260626,ボディブロー,64.3,47.2,31.9,16.0,17.1,15.3,15.9,16.0
20260626,フィドルファドル,65.9,48.1,31.9,15.2,17.8,16.2,16.7,15.2
20260626,レッドヴァリアート,78.7,57.6,37.4,18.3,21.1,20.2,19.1,18.3
20260626,ジャスパーソレイユ,63.8,48.1,32.2,16.1,15.7,15.9,16.1,16.1
20260626,ペイシャシス,68.5,49.1,32.3,16.2,19.4,16.8,16.1,16.2
20260626,エースフライト,65.0,47.6,30.7,14.8,17.4,16.9,15.9,14.8
20260626,スカイスプレンダー,62.9,44.8,28.1,13.3,18.1,16.7,14.8,13.3
20260626,ベルドゥニュイ,65.3,47.5,31.0,15.7,17.8,16.5,15.3,15.7
20260626,ムテキシャチョウ,72.2,52.9,34.8,17.3,19.3,18.1,17.5,17.3
20260626,トリオノチカラ,72.2,52.4,34.4,17.2,19.8,18.0,17.2,17.2
20260626,ケンシロウワールド,68.7,50.3,33.4,17.0,18.4,16.9,16.4,17.0
20260626,レディマリオン,67.9,49.6,32.4,15.8,18.3,17.2,16.6,15.8
20260626,セイフウサツキ,66.3,48.7,31.9,16.2,17.6,16.8,15.7,16.2
20260626,アスクデッドヒート,63.7,46.9,31.1,15.5,16.8,15.8,15.6,15.5
20260626,コカボムショット,69.2,50.6,33.1,16.2,18.6,17.5,16.9,16.2
20260626,ベンティガオルサ,73.8,54.0,35.4,17.7,19.8,18.6,17.7,17.7
20260626,スーパービジー,69.9,50.4,33.1,16.7,19.5,17.3,16.4,16.7
20260626,アッセクシー,58.1,42.3,27.8,14.0,15.8,14.5,13.8,14.0
20260626,ラッキーシグネチャ,65.9,47.9,30.8,15.2,18.0,17.1,15.6,15.2
20260626,イットガール,68.8,50.4,32.8,16.2,18.4,17.6,16.6,16.2
20260626,ペンダント,69.2,50.5,33.5,16.4,18.7,17.0,17.1,16.4
20260626,オックスアイ,75.6,55.0,36.3,18.3,20.6,18.7,18.0,18.3
20260626,マイネルホウセン,73.1,51.7,33.3,16.8,21.4,18.4,16.5,16.8
20260626,スプレンドーレ,66.0,47.9,30.9,15.3,18.1,17.0,15.6,15.3
20260626,マハロハ,72.3,52.1,33.3,16.3,20.2,18.8,17.0,16.3
20260626,ハンサム,73.4,52.4,34.1,17.3,21.0,18.3,16.8,17.3
20260626,ハレアカラフラ,73.9,53.5,34.7,17.1,20.4,18.8,17.6,17.1
20260626,ヒーローインチーフ,73.3,52.1,33.7,16.6,21.2,18.4,17.1,16.6
20260626,ニシノジェダイ,68.8,49.5,32.2,15.8,19.3,17.3,16.4,15.8
20260626,ウインロズパレード,70.7,51.8,34.1,17.1,18.9,17.7,17.0,17.1
20260626,サイモンシャリオ,69.9,50.9,33.3,16.3,19.0,17.6,17.0,16.3
20260626,ハギノデュア,71.6,51.4,33.5,16.3,20.2,17.9,17.2,16.3
20260626,フィオラーノ,73.2,52.9,33.5,16.0,20.3,19.4,17.5,16.0
20260626,カトマンズゴールド,65.6,48.0,31.6,15.8,17.6,16.4,15.8,15.8
20260626,オースミサイファー,66.9,48.5,31.9,15.9,18.4,16.6,16.0,15.9
20260626,マスアンジュ,74.2,53.7,34.3,16.7,20.5,19.4,17.6,16.7
20260626,ラルヴァンダード,59.0,42.9,28.0,13.8,16.1,14.9,14.2,13.8
20260626,ハートノート,72.4,51.8,33.9,16.5,20.6,17.9,17.4,16.5
20260626,クラフティ,73.0,52.4,33.9,16.6,20.6,18.5,17.3,16.6
20260626,ジャンゴッド,72.8,53.0,33.8,16.3,19.8,19.2,17.5,16.3
20260626,アイオリスパルス,68.0,49.7,32.5,16.0,18.3,17.2,16.5,16.0
20260626,ケイアイクビラ,63.8,46.5,30.9,15.8,17.3,15.6,15.1,15.8
20260626,ナリタヒカリ,64.9,47.4,31.3,15.5,17.5,16.1,15.8,15.5
20260626,ヴィーナスバブル,65.7,48.4,31.9,15.8,17.3,16.5,16.1,15.8
20260626,ドラムメジャー,66.8,49.8,33.6,17.1,17.0,16.2,16.5,17.1
20260626,ベラジオヴァレル,66.8,48.8,32.1,16.0,18.0,16.7,16.1,16.0
20260626,ミヤラティーニ,65.1,48.2,32.1,16.7,16.9,16.1,15.4,16.7
20260626,エイシンウィスパー,74.1,54.8,36.4,18.0,19.3,18.4,18.4,18.0
20260626,アンガーザガール,68.6,49.9,32.7,15.9,18.7,17.2,16.8,15.9
20260626,エクスマウス,65.4,47.0,31.2,15.7,18.4,15.8,15.5,15.7
20260626,ココフルール,65.8,48.4,31.7,16.1,17.4,16.7,15.6,16.1
20260626,ｱｶｶﾎｰﾙの24,74.1,55.0,36.6,18.1,19.1,18.4,18.5,18.1
20260626,ソリドゥス,71.4,53.7,34.4,16.3,17.7,19.3,18.1,16.3
20260626,ハロナ,63.2,46.0,30.3,14.9,17.2,15.7,15.4,14.9
20260626,アストラカ,66.7,48.0,30.9,15.2,18.7,17.1,15.7,15.2
20260626,イチトゼロノアイダ,66.5,48.0,31.2,15.3,18.5,16.8,15.9,15.3
20260626,コースタルロード,67.2,49.4,32.9,16.4,17.8,16.5,16.5,16.4
20260626,ライトオブヌカタ,67.8,49.0,31.8,15.8,18.8,17.2,16.0,15.8
20260626,ベルトナリテ,66.4,48.8,31.8,16.0,17.6,17.0,15.8,16.0
20260626,リアライズパリオ,63.0,45.1,29.5,14.6,17.9,15.6,14.9,14.6
20260626,メリオルヴィア,68.9,49.9,32.7,16.5,19.0,17.2,16.2,16.5
20260626,ルートサーティーン,66.0,47.1,30.6,15.5,18.9,16.5,15.1,15.5
20260626,サンライズレマ,65.3,47.7,31.1,15.3,17.6,16.6,15.8,15.3
20260626,フェリシタル,64.8,47.1,31.2,15.3,17.7,15.9,15.9,15.3
20260626,ノーブルスカイ,66.9,48.0,31.1,15.3,18.9,16.9,15.8,15.3
20260626,ジョウゲンノツキ,69.7,50.1,32.3,15.6,19.6,17.8,16.7,15.6
20260626,テンエースワン,68.2,50.0,32.7,16.3,18.2,17.3,16.4,16.3
20260626,キングツェッペリン,66.7,49.4,32.0,15.9,17.3,17.4,16.1,15.9
20260626,カゼノランナー,67.3,49.2,32.3,15.9,18.1,16.9,16.4,15.9
20260626,ペガサスノース,69.8,51.2,34.1,17.0,18.6,17.1,17.1,17.0
20260626,ユメシバイ,67.9,49.4,32.6,16.2,18.5,16.8,16.4,16.2
20260626,ボンドロア,68.1,49.5,32.4,16.1,18.6,17.1,16.3,16.1
20260626,アイアン,63.4,46.3,30.8,15.4,17.1,15.5,15.4,15.4
20260626,オオツカ,67.8,48.8,31.6,15.8,19.0,17.2,15.8,15.8
20260626,ミッキーロビン,68.4,49.6,32.4,16.1,18.8,17.2,16.3,16.1
20260626,リアライズブルーム,66.2,47.2,30.2,14.9,19.0,17.0,15.3,14.9
20260626,エナジーイッセイ,69.6,49.4,32.8,16.0,20.2,16.6,16.8,16.0
20260626,リフルフォース,68.3,50.8,33.6,16.5,17.5,17.2,17.1,16.5
20260626,セルヴァジオ,67.3,49.4,32.8,16.0,17.9,16.6,16.8,16.0
20260626,ラッキーストーン,67.4,47.7,31.2,14.9,19.7,16.5,16.3,14.9
20260626,ブームバップビート,70.7,52.2,34.2,16.7,18.5,18.0,17.5,16.7
20260626,ショウナンバラモン,69.5,50.1,32.5,15.9,19.4,17.6,16.6,15.9
20260626,ﾀｹｼｮｳﾒｰｶｰの24,69.3,51.0,33.5,16.5,18.3,17.5,17.0,16.5
20260626,サンライズアリオン,69.8,50.3,32.8,16.0,19.5,17.5,16.8,16.0
20260626,ブラックドレス,72.7,53.1,34.2,16.5,19.6,18.9,17.7,16.5
20260626,サウンドモリアーナ,64.9,47.9,31.5,15.7,17.0,16.4,15.8,15.7
20260626,ロードシュヴァリエ,70.4,52.0,33.5,16.3,18.4,18.5,17.2,16.3
20260626,ルシャリオ,73.6,54.2,35.3,17.0,19.4,18.9,18.3,17.0
20260626,グリミスティ,75.8,55.8,37.1,17.6,20.0,18.7,19.5,17.6
20260626,アンコ,66.9,49.1,32.3,16.1,17.8,16.8,16.2,16.1
20260626,スイートポメロ,69.2,50.0,33.2,16.3,19.2,16.8,16.9,16.3
20260626,ヴェロシオン,64.6,47.3,31.9,16.0,17.3,15.4,15.9,16.0
20260626,エピッククイーン,69.6,51.1,33.1,16.0,18.5,18.0,17.1,16.0
20260626,ダノンロワール,72.1,52.9,34.3,16.5,19.2,18.6,17.8,16.5
20260626,デュードロップ,70.0,50.7,33.4,16.4,19.3,17.3,17.0,16.4
20260626,シグロデオロ,70.6,50.9,33.4,16.4,19.7,17.5,17.0,16.4
20260626,ルクスグレイス,68.1,50.0,33.2,16.3,18.1,16.8,16.9,16.3
20260626,リッケンバッカー,65.9,47.5,30.2,14.7,18.4,17.3,15.5,14.7
20260626,トーラスシャイン,68.6,49.9,32.5,15.8,18.7,17.4,16.7,15.8
20260626,ハーブドーレ,68.1,48.6,32.5,16.2,19.5,16.1,16.3,16.2
20260626,ファイティンアスク,63.0,46.3,29.8,14.6,16.7,16.5,15.2,14.6
20260626,メイショウグロリア,76.4,55.4,36.3,18.0,21.0,19.1,18.3,18.0
20260626,ヨカオウ,66.2,48.6,32.5,16.3,17.6,16.1,16.2,16.3
20260626,ダンツウルス,68.2,50.7,34.1,16.8,17.5,16.6,17.3,16.8
20260626,ナムラオットー,69.2,50.1,34.2,16.8,19.1,15.9,17.4,16.8
20260626,ナムラステラ,70.0,51.6,34.3,17.2,18.4,17.3,17.1,17.2
20260626,シンゼンノト,68.6,49.9,33.3,17.1,18.7,16.6,16.2,17.1
20260626,ロンリーマン,70.2,51.9,34.5,17.6,18.3,17.4,16.9,17.6
20260626,ナムラサフラン,70.0,51.7,34.3,17.3,18.3,17.4,17.0,17.3
20260626,ゲイルライダー,67.4,49.2,32.2,15.7,18.2,17.0,16.5,15.7
20260626,ピリカサンライズ,67.9,49.8,32.6,16.3,18.1,17.2,16.3,16.3
20260626,ダノンオブアイデア,69.5,50.6,32.8,16.3,18.9,17.8,16.5,16.3
20260626,オモイヲノセテ,77.2,57.3,38.0,18.8,19.9,19.3,19.2,18.8
20260626,アメティスタ,67.7,49.9,32.8,16.4,17.8,17.1,16.4,16.4
20260626,サイン,56.8,41.5,26.9,12.8,15.3,14.6,14.1,12.8
20260626,リーベラーリア,77.0,56.8,37.8,18.7,20.2,19.0,19.1,18.7
20260626,エコロヴァルド,67.5,50.4,33.3,16.3,17.1,17.1,17.0,16.3
20260626,レディネス,67.5,49.7,32.8,16.4,17.8,16.9,16.4,16.4
20260626,プシュパ,72.2,53.3,35.5,17.5,18.9,17.8,18.0,17.5
20260626,シビックアスコット,82.2,60.9,40.4,20.4,21.3,20.5,20.0,20.4
20260626,ナデシコザクラ,68.1,50.2,33.3,16.7,17.9,16.9,16.6,16.7
20260626,コルテオソレイユ,67.4,49.2,32.5,15.8,18.2,16.7,16.7,15.8
20260626,メイショウジーニー,69.2,50.3,33.3,16.6,18.9,17.0,16.7,16.6
20260626,セレーネサンライズ,77.3,56.2,36.8,18.1,21.1,19.4,18.7,18.1
20260626,クーデール,73.2,52.7,34.2,16.8,20.5,18.5,17.4,16.8
20260626,サウンドファイト,77.5,56.8,37.9,18.6,20.7,18.9,19.3,18.6
20260626,ヤマトクオーレ,72.4,52.8,35.0,17.7,19.6,17.8,17.3,17.7
20260626,ヤマトデュノール,67.5,49.7,33.2,16.8,17.8,16.5,16.4,16.8
20260626,フェンダー,70.6,50.5,33.2,16.9,20.1,17.3,16.3,16.9
20260626,ヤマニンアルリフラ,86.2,63.4,41.9,21.2,22.8,21.5,20.7,21.2
20260626,レッドヴァリアート,70.4,51.4,33.6,16.5,19.0,17.8,17.1,16.5
20260626,パラチー,71.6,51.1,33.6,16.3,20.5,17.5,17.3,16.3
20260626,ヤマニンソロイスト,84.1,61.6,41.0,21.1,22.5,20.6,19.9,21.1
20260626,リトセア,61.1,44.5,28.9,14.7,16.6,15.6,14.2,14.7
20260626,フローラルセント,66.2,48.4,31.9,15.6,17.8,16.5,16.3,15.6
20260626,ジョーヴェスタ,69.8,52.4,34.8,17.9,17.4,17.6,16.9,17.9
20260626,ララディアーブル,57.9,42.4,27.6,13.5,15.5,14.8,14.1,13.5
20260626,エブリデイ,68.3,49.8,31.8,15.6,18.5,18.0,16.2,15.6
20260626,アンヌグロース,68.9,50.6,33.6,17.1,18.3,17.0,16.5,17.1
20260626,セレブトーチ,67.6,49.4,32.0,16.0,18.2,17.4,16.0,16.0
20260626,ショウナンバンライ,66.9,48.9,31.7,15.6,18.0,17.2,16.1,15.6
20260626,サトノスカイターフ,64.2,46.2,30.1,16.0,18.0,16.1,14.1,16.0
20260626,トウカイポワール,69.6,50.0,32.4,16.0,19.6,17.6,16.4,16.0
20260626,シーリュウシー,65.2,47.4,30.8,15.6,17.8,16.6,15.2,15.6
20260626,コスモグローリー,67.4,48.0,31.1,15.2,19.4,16.9,15.9,15.2
20260626,イズントイット,65.8,47.7,31.1,15.6,18.1,16.6,15.5,15.6
20260626,クロカミジョウ,74.6,53.2,34.0,17.4,21.4,19.2,16.6,17.4
20260626,メイショウタカネ,71.2,51.8,34.0,16.8,19.4,17.8,17.2,16.8
20260626,キングズテイル,67.5,48.8,31.9,16.5,18.7,16.9,15.4,16.5
20260626,ブルーチップ,67.2,48.8,31.9,16.5,18.4,16.9,15.4,16.5
20260626,アトゥア,78.3,56.9,37.3,18.5,21.4,19.6,18.8,18.5
20260626,ﾌﾟﾛﾃﾞｨｼﾞｬｽの24,72.1,53.6,35.7,17.8,18.5,17.9,17.9,17.8
20260626,アシャカブラーヴ,72.3,53.7,36.3,18.7,18.6,17.4,17.6,18.7
20260626,サンライズフレイム,84.6,56.9,35.2,15.4,27.7,21.7,19.8,15.4
20260626,シャンデルナゴル,73.6,53.7,34.9,17.3,19.9,18.8,17.6,17.3
20260626,ムーヴザニードル,77.7,55.9,36.3,18.0,21.8,19.6,18.3,18.0
20260626,ニホンピロロジャー,66.7,48.6,30.8,14.7,18.1,17.8,16.1,14.7
20260626,ショールミーズ,74.5,53.5,34.7,17.4,21.0,18.8,17.3,17.4
20260626,ロンドンガーズ,65.1,47.4,31.1,15.2,17.7,16.3,15.9,15.2
20260626,マリナーヴァレイ,70.5,52.2,34.3,16.9,18.3,17.9,17.4,16.9
20260626,アスクエピソード,74.4,53.5,35.1,17.0,20.9,18.4,18.1,17.0
20260626,タワーオブバベル,74.4,52.8,33.7,16.2,21.6,19.1,17.5,16.2
20260626,スナークホクサイ,69.4,51.5,34.5,17.0,17.9,17.0,17.5,17.0
20260626,サトノトリニティ,67.7,49.1,32.5,16.7,18.6,16.6,15.8,16.7
20260626,エクスマウス,65.1,48.3,32.8,16.1,16.8,15.5,16.7,16.1
20260626,ランズエンド,70.8,52.4,34.9,17.4,18.4,17.5,17.5,17.4
20260626,ダノンフィガロ,66.3,47.6,31.3,14.9,18.7,16.3,16.4,14.9
20260626,リアルペガサス,74.1,54.6,35.6,17.5,19.5,19.0,18.1,17.5
20260626,カネコメファミリー,69.0,51.3,33.9,16.6,17.7,17.4,17.3,16.6
20260626,タガノミスト,68.8,49.8,32.1,15.8,19.0,17.7,16.3,15.8
20260626,ゴールデンスラム,67.6,49.4,32.8,16.8,18.2,16.6,16.0,16.8
20260626,ノヴァレジーナ,69.7,50.8,32.9,16.4,18.9,17.9,16.5,16.4
20260626,サンライズケヴィン,66.7,49.7,32.9,16.7,17.0,16.8,16.2,16.7
20260626,バドリナート,65.0,47.5,31.6,15.7,17.5,15.9,15.9,15.7
20260626,ベルウェザー,67.9,49.4,32.8,16.7,18.5,16.6,16.1,16.7
20260626,インブロリオ,67.5,49.5,32.1,15.7,18.0,17.4,16.4,15.7
20260626,アーブルラーブル,64.9,47.5,30.9,15.5,17.4,16.6,15.4,15.5
20260626,ワンダーエイド,67.0,48.3,31.2,15.3,18.7,17.1,15.9,15.3
20260626,ステラネージュ,70.1,50.5,33.5,16.8,19.6,17.0,16.7,16.8
20260626,サンライズハリー,69.8,51.5,33.7,16.8,18.3,17.8,16.9,16.8
20260626,ヴェネラブル,68.5,49.9,32.5,16.0,18.6,17.4,16.5,16.0
20260626,ギレイ,70.6,51.4,34.6,17.4,19.2,16.8,17.2,17.4
20260626,スピーチバルーン,67.8,49.3,31.9,15.8,18.5,17.4,16.1,15.8
20260626,サンタカタリナ,68.8,50.4,33.0,16.1,18.4,17.4,16.9,16.1
20260626,ゴールデンバランス,69.2,50.2,32.6,16.1,19.0,17.6,16.5,16.1
20260626,アカウフリューゲル,67.0,49.6,32.9,16.9,17.4,16.7,16.0,16.9
20260626,エイシンビーコン,66.9,48.3,31.1,15.1,18.6,17.2,16.0,15.1
20260626,ホウショウマリス,68.9,49.3,32.5,16.6,19.6,16.8,15.9,16.6
20260626,ジュエルハウス,68.6,51.3,33.8,16.8,17.3,17.5,17.0,16.8
20260626,システマソラー,53.2,38.9,26.0,13.2,14.3,12.9,12.8,13.2
20260626,チョウチャンピオン,70.4,51.2,34.0,16.9,19.2,17.2,17.1,16.9
20260626,プリメラエストレラ,67.0,48.7,32.3,15.8,18.3,16.4,16.5,15.8
20260626,ﾏﾛﾝﾊﾟﾝﾅの24,71.1,53.1,36.0,18.5,18.0,17.1,17.5,18.5
20260626,タマモフリージア,73.8,54.7,36.2,18.0,19.1,18.5,18.2,18.0
20260626,タイセイフリーデン,74.1,55.1,36.4,18.0,19.0,18.7,18.4,18.0
20260626,マルモリムソウ,71.7,53.5,35.5,17.3,18.2,18.0,18.2,17.3
20260626,プシュパ,67.1,49.2,32.2,15.9,17.9,17.0,16.3,15.9
20260626,ダノンオブアイデア,65.2,48.1,31.5,15.7,17.1,16.6,15.8,15.7
20260626,ツーエムマドンナ,78.4,58.2,38.9,19.3,20.2,19.3,19.6,19.3
20260626,シャインユウ,78.1,58.0,38.7,19.2,20.1,19.3,19.5,19.2
20260626,ルイスイメル,71.6,53.2,36.1,18.0,18.4,17.1,18.1,18.0
20260626,シャインラブ,77.6,58.2,38.8,18.9,19.4,19.4,19.9,18.9
20260626,ピースオブザライフ,72.2,53.5,35.8,17.6,18.7,17.7,18.2,17.6
20260626,カレントゥルーシー,68.6,50.9,34.1,17.3,17.7,16.8,16.8,17.3
20260626,ミヤノラングリー,68.8,50.1,32.8,16.1,18.7,17.3,16.7,16.1
20260626,クロワール,69.7,51.0,33.2,16.5,18.7,17.8,16.7,16.5
20260626,ノボリクレバー,67.4,49.4,32.7,16.4,18.0,16.7,16.3,16.4
20260626,エコテーラー,67.0,48.3,32.1,15.9,18.7,16.2,16.2,15.9
20260626,ウォーターガーベラ,72.3,52.8,34.8,17.5,19.5,18.0,17.3,17.5
20260626,メイショウマグナ,73.0,53.9,35.5,17.8,19.1,18.4,17.7,17.8
20260626,フォーチュンライド,73.5,54.7,36.4,18.1,18.8,18.3,18.3,18.1
20260626,スターペスアンナ,69.1,50.0,33.3,16.8,19.1,16.7,16.5,16.8
20260626,チュオンソン,73.1,52.8,34.2,16.6,20.3,18.6,17.6,16.6
20260626,ミッキーマーメイド,70.3,52.6,35.1,17.2,17.7,17.5,17.9,17.2
20260626,ロードクロンヌ,69.8,52.5,34.5,17.4,17.3,18.0,17.1,17.4
20260626,オールナット,70.6,50.8,33.6,17.0,19.8,17.2,16.6,17.0
20260626,ヤマニンアルリフラ,70.5,51.3,34.0,16.8,19.2,17.3,17.2,16.8
20260626,センツブラッド,72.0,51.8,33.4,16.2,20.2,18.4,17.2,16.2
20260626,イマージョン,74.0,53.2,34.3,16.9,20.8,18.9,17.4,16.9
20260626,ランフォーヴァウ,72.9,54.3,36.4,17.8,18.6,17.9,18.6,17.8
20260626,イリフィ,76.5,54.6,35.4,17.4,21.9,19.2,18.0,17.4
20260626,サウンドムーブ,72.1,52.1,33.4,16.2,20.0,18.7,17.2,16.2
20260626,プリティウーマン,65.4,48.2,31.8,16.0,17.2,16.4,15.8,16.0
20260626,ウィスカーパッド,65.5,49.0,33.4,17.2,16.5,15.6,16.2,17.2
20260626,サウンドヴィヴァン,72.2,52.0,33.4,16.1,20.2,18.6,17.3,16.1
20260626,ヤマニンソロイスト,70.2,51.1,33.7,16.5,19.1,17.4,17.2,16.5
20260626,フェミナンジェンヌ,70.0,50.2,32.6,16.3,19.8,17.6,16.3,16.3
20260626,フローズンクイーン,73.1,54.1,35.5,17.8,19.0,18.6,17.7,17.8
20260626,ロサドラーダ,69.6,51.1,33.0,16.5,18.5,18.1,16.5,16.5
20260626,グッドピース,76.2,55.2,35.8,17.5,21.0,19.4,18.3,17.5
20260626,エルドボルグ,70.8,51.4,34.0,16.7,19.4,17.4,17.3,16.7
20260626,アスターブジエ,71.0,51.9,34.5,17.5,19.1,17.4,17.0,17.5
20260626,ティンティンデオ,72.7,52.5,34.7,17.3,20.2,17.8,17.4,17.3
20260626,シンドリームシン,68.9,50.4,32.5,15.9,18.5,17.9,16.6,15.9
20260626,チュウワチーフ,72.5,53.8,35.9,18.3,18.7,17.9,17.6,18.3
20260626,レーティッシュ,72.5,51.4,32.5,15.5,21.1,18.9,17.0,15.5
20260626,ビズロード,66.2,48.0,32.2,16.3,18.2,15.8,15.9,16.3
20260626,ハツアカネ,71.3,52.2,34.4,17.5,19.1,17.8,16.9,17.5
20260626,カモンレイル,69.1,50.8,34.3,17.7,18.3,16.5,16.6,17.7
20260626,バリオス,68.3,49.7,32.2,15.8,18.6,17.5,16.4,15.8
20260626,エルル,72.3,53.1,35.9,18.1,19.2,17.2,17.8,18.1
20260626,ゴルディアス,79.7,58.4,38.4,19.1,21.3,20.0,19.3,19.1
20260626,スカイマイルタワー,73.5,53.3,35.7,18.2,20.2,17.6,17.5,18.2
20260626,タイゼンジジャク,73.8,53.2,34.3,16.1,20.6,18.9,18.2,16.1
20260626,ワイドブラーヴ,72.5,54.3,36.1,18.1,18.2,18.2,18.0,18.1
20260626,ソーニーイシュー,68.6,50.5,33.1,16.1,18.1,17.4,17.0,16.1
20260626,ラブカムーン,71.7,51.9,33.7,16.4,19.8,18.2,17.3,16.4
20260626,ラミエルノムスコ,71.8,52.7,34.4,16.8,19.1,18.3,17.6,16.8
20260626,ダンツカレン,66.2,48.1,31.3,14.5,18.1,16.8,16.8,14.5
20260626,ノクスカンパーナ,65.6,47.6,30.8,15.1,18.0,16.8,15.7,15.1
20260626,スレイクイーン,66.3,49.0,31.9,15.6,17.3,17.1,16.3,15.6
20260626,カミノトップワン,69.5,50.9,33.8,17.4,18.6,17.1,16.4,17.4
20260626,メイショウペルル,67.9,50.1,33.0,16.0,17.8,17.1,17.0,16.0
20260626,ディーエスショウマ,64.6,47.4,31.3,16.2,17.2,16.1,15.1,16.2
20260626,サトノライトニング,73.6,54.1,35.6,17.8,19.5,18.5,17.8,17.8
20260626,ミスターエメラルド,73.1,53.9,35.9,18.2,19.2,18.0,17.7,18.2
20260626,マーゴットデセオ,73.1,54.1,35.9,18.3,19.0,18.2,17.6,18.3
20260626,ジョリープリュム,71.6,52.3,34.5,17.1,19.3,17.8,17.4,17.1
20260626,イテルム,68.6,50.1,33.7,17.0,18.5,16.4,16.7,17.0
20260626,マイエスタ,77.0,56.7,37.5,18.3,20.3,19.2,19.2,18.3
20260626,ジョルティーニ,67.7,49.1,32.3,16.3,18.6,16.8,16.0,16.3
20260626,カレンラップスター,64.8,46.9,30.6,15.4,17.9,16.3,15.2,15.4
20260626,タイセイルミナス,69.0,49.4,32.1,15.9,19.6,17.3,16.2,15.9
20260626,シュライアハフト,70.3,51.0,34.1,16.9,19.3,16.9,17.2,16.9
20260626,ジャストワナフライ,71.3,52.5,34.9,17.1,18.8,17.6,17.8,17.1
20260626,タガノアニマシオン,72.8,54.5,36.0,18.0,18.3,18.5,18.0,18.0
20260626,アクロフェイズ,74.8,55.4,36.7,18.3,19.4,18.7,18.4,18.3
20260626,マーゴットプレ,71.1,52.9,35.7,17.4,18.2,17.2,18.3,17.4
20260626,マーゴットヴィム,73.9,55.7,37.4,19.3,18.2,18.3,18.1,19.3
20260626,クローネンリーベ,70.5,52.1,34.9,17.6,18.4,17.2,17.3,17.6
20260626,ヴィスマール,75.5,56.5,37.3,18.5,19.0,19.2,18.8,18.5
20260626,グランブーケ,69.5,50.4,33.7,17.0,19.1,16.7,16.7,17.0
20260626,ジージージェット,75.7,56.6,37.3,18.6,19.1,19.3,18.7,18.6
20260626,メリオーレム,63.8,47.2,31.2,15.7,16.6,16.0,15.5,15.7
20260626,フィエールシャンテ,77.5,57.3,37.7,18.8,20.2,19.6,18.9,18.8
20260626,トップオブザライン,64.5,47.3,31.2,15.6,17.2,16.1,15.6,15.6
20260626,ペプチドカトレア,76.9,56.4,37.2,18.5,20.5,19.2,18.7,18.5
20260626,ゴールデンレシオ,78.1,57.0,37.5,18.6,21.1,19.5,18.9,18.6
20260626,テムスターオー,77.7,57.0,37.4,19.0,20.7,19.6,18.4,19.0
20260626,ゼットエイト,64.1,47.1,31.0,15.2,17.0,16.1,15.8,15.2
20260626,ゴールドアベニュー,66.7,49.0,32.0,15.7,17.7,17.0,16.3,15.7
20260626,ドゥラリス,64.8,46.4,30.2,14.7,18.4,16.2,15.5,14.7
20260626,ロードフィレール,65.3,48.3,31.7,15.4,17.0,16.6,16.3,15.4
20260626,ペプチドクレマチス,71.5,52.3,34.6,17.4,19.2,17.7,17.2,17.4
20260626,エテルネルバイオ,73.2,53.2,35.0,17.4,20.0,18.2,17.6,17.4
20260626,サトノライトニング,71.5,51.9,33.8,16.6,19.6,18.1,17.2,16.6
20260626,ダディーズソード,66.8,49.2,33.1,17.1,17.6,16.1,16.0,17.1
20260626,ロンバルドシチー,68.4,50.5,33.6,16.5,17.9,16.9,17.1,16.5
20260626,レヴロード,70.6,52.2,34.1,16.8,18.4,18.1,17.3,16.8
20260626,シーザットガール,71.7,52.1,33.9,16.7,19.6,18.2,17.2,16.7
20260626,ローザベッラ,71.1,51.3,33.5,16.7,19.8,17.8,16.8,16.7
20260626,コメットサン,72.0,52.7,34.9,18.1,19.3,17.8,16.8,18.1
20260626,エイコーンドリーム,58.1,41.8,26.8,13.2,16.3,15.0,13.6,13.2
20260626,シュタルク,58.0,41.6,26.5,13.1,16.4,15.1,13.4,13.1
20260626,ラウニウ,70.2,51.6,33.4,16.1,18.6,18.2,17.3,16.1
20260626,ネネキリマル,68.1,48.9,32.7,16.2,19.2,16.2,16.5,16.2
20260626,キシュウマミー,73.7,55.5,37.0,18.5,18.2,18.5,18.5,18.5
20260626,アキノビューティー,123.7,91.7,60.6,29.6,32.0,31.1,31.0,29.6
20260626,エンジェルグラース,67.1,48.4,32.2,15.9,18.7,16.2,16.3,15.9
20260626,タガノエルー,74.8,53.4,34.1,16.7,21.4,19.3,17.4,16.7
20260626,ユウェンタース,78.0,58.6,38.9,19.3,19.4,19.7,19.6,19.3
20260626,ミスターバッドガイ,72.3,54.1,36.1,18.6,18.2,18.0,17.5,18.6
20260626,コパノマハロ,78.7,59.0,39.3,19.7,19.7,19.7,19.6,19.7
20260626,ノンヴェドローラ,78.1,58.9,39.7,20.1,19.2,19.2,19.6,20.1
20260626,ビエントゾンダ,67.8,49.4,32.5,16.2,18.4,16.9,16.3,16.2
20260626,ハマナスノサクコロ,67.9,49.6,33.4,16.8,18.3,16.2,16.6,16.8
20260626,スクワミッシュ,71.2,52.2,33.8,16.9,19.0,18.4,16.9,16.9
20260626,テーオーアンジェラ,70.7,51.6,34.1,16.9,19.1,17.5,17.2,16.9
20260626,テーオーカメリア,72.3,52.9,35.1,17.4,19.4,17.8,17.7,17.4
20260626,マテンロウコマンド,69.0,51.4,34.0,17.4,17.6,17.4,16.6,17.4
20260626,キョウエイクローム,70.0,50.8,33.6,16.8,19.2,17.2,16.8,16.8
20260626,アージュドール,73.4,54.3,35.7,17.9,19.1,18.6,17.8,17.9
20260626,ルディシャ,77.7,57.3,38.1,18.9,20.4,19.2,19.2,18.9
20260626,アンバーライト,78.8,58.5,38.3,19.4,20.3,20.2,18.9,19.4
20260626,アセンシオン,65.3,48.4,32.3,15.9,16.9,16.1,16.4,15.9
20260626,アイファーモービル,67.4,48.6,32.1,16.3,18.8,16.5,15.8,16.3
20260626,マリノムーンリーフ,71.1,50.7,32.9,16.2,20.4,17.8,16.7,16.2
20260626,マルモリキャスター,76.9,57.3,37.4,18.2,19.6,19.9,19.2,18.2
20260626,フリーレイン,72.5,53.4,34.9,17.1,19.1,18.5,17.8,17.1
20260626,ｷｮｳﾜｾﾞﾉﾋﾞｱの24,72.5,53.3,34.8,17.1,19.2,18.5,17.7,17.1
20260626,シャインベック,70.1,49.9,32.3,15.6,20.2,17.6,16.7,15.6
20260626,ワンダーリュクス,75.7,56.7,38.1,19.7,19.0,18.6,18.4,19.7
20260626,ビーアイジーニー,67.0,49.6,33.3,17.3,17.4,16.3,16.0,17.3
20260626,ゾンニッヒ,63.4,45.5,29.8,15.5,17.9,15.7,14.3,15.5
20260626,ロードプレジール,74.5,53.8,34.4,16.7,20.7,19.4,17.7,16.7
20260626,キャッチアシーフ,73.9,54.0,34.0,16.6,19.9,20.0,17.4,16.6
20260626,マーズエクレール,72.3,53.2,34.8,17.0,19.1,18.4,17.8,17.0
20260626,ジャンヌローサ,68.1,49.2,32.5,16.3,18.9,16.7,16.2,16.3
20260626,エレガンシア,71.6,51.3,32.8,16.2,20.3,18.5,16.6,16.2
20260626,スピリットライズ,73.3,52.5,34.3,16.8,20.8,18.2,17.5,16.8
20260626,アルトゥーム,66.1,48.5,32.0,16.0,17.6,16.5,16.0,16.0
20260626,マヴィ,64.7,48.2,31.9,16.0,16.5,16.3,15.9,16.0
20260626,メルキオル,65.7,49.6,33.1,16.4,16.1,16.5,16.7,16.4
20260626,ジャズ,65.9,48.2,31.4,15.6,17.7,16.8,15.8,15.6
20260626,レーゼドラマ,63.4,45.5,29.6,14.7,17.9,15.9,14.9,14.7
20260626,フィニステーレ,64.5,47.7,31.6,15.9,16.8,16.1,15.7,15.9
20260626,サンライズプルート,68.6,50.7,33.5,16.7,17.9,17.2,16.8,16.7
20260626,ﾗﾋﾞﾙｷﾝの24,74.9,54.9,36.0,18.1,20.0,18.9,17.9,18.1
20260626,ツーエムブレード,69.1,51.7,35.1,17.7,17.4,16.6,17.4,17.7
20260626,ルージュルガーノ,70.3,51.0,32.8,16.2,19.3,18.2,16.6,16.2
20260626,レクスノヴァス,65.8,47.8,31.6,15.7,18.0,16.2,15.9,15.7
20260626,アームズラムレイ,68.5,50.1,33.0,16.4,18.4,17.1,16.6,16.4
20260626,ドンインザムード,71.9,52.7,34.3,17.0,19.2,18.4,17.3,17.0
20260626,リメンバーヒム,79.9,57.9,38.1,19.1,22.0,19.8,19.0,19.1
20260626,タイセイアビオン,74.7,54.8,36.8,18.8,19.9,18.0,18.0,18.8
20260626,ダノンミッドナイト,66.3,49.4,32.3,16.0,16.9,17.1,16.3,16.0
20260626,カネフラ,69.1,49.2,32.2,16.0,19.9,17.0,16.2,16.0
20260626,ニテンイチリュウ,74.0,54.8,36.4,18.3,19.2,18.4,18.1,18.3
20260626,ティエルニート,71.7,52.4,33.8,16.6,19.3,18.6,17.2,16.6
20260626,メイショウザンゲツ,72.3,53.5,35.9,18.2,18.8,17.6,17.7,18.2
20260626,ナムラメアリー,72.8,53.6,35.2,17.6,19.2,18.4,17.6,17.6
20260626,カルパ,70.8,50.9,33.2,16.6,19.9,17.7,16.6,16.6
20260626,リンフレスカンテ,68.8,49.9,33.1,16.8,18.9,16.8,16.3,16.8
20260626,ラフロレゾン,60.0,42.7,27.3,13.6,17.3,15.4,13.7,13.6
20260626,ルペイドゥロール,63.8,46.3,30.9,15.7,17.5,15.4,15.2,15.7
20260626,ワラビガミ,59.6,42.6,27.3,13.7,17.0,15.3,13.6,13.7
20260626,タイムレスフレアー,65.6,48.4,31.7,15.6,17.2,16.7,16.1,15.6
20260626,ゴールデンドラゴン,66.9,48.0,31.2,15.5,18.9,16.8,15.7,15.5
20260626,エモティコン,69.0,50.4,33.4,16.8,18.6,17.0,16.6,16.8
20260626,パレハ,64.5,46.3,29.9,14.7,18.2,16.4,15.2,14.7
20260626,プウスカンドゥール,67.7,50.0,33.2,16.4,17.7,16.8,16.8,16.4
20260626,アブキールベイ,65.6,48.4,32.0,15.8,17.2,16.4,16.2,15.8
20260626,ゲタリア,73.5,54.5,36.2,18.0,19.0,18.3,18.2,18.0
20260626,タイセイドゥマーニ,72.6,53.0,34.8,17.4,19.6,18.2,17.4,17.4
20260626,レディントン,67.6,49.2,32.9,16.6,18.4,16.3,16.3,16.6
20260626,ジョバンニ,79.6,59.4,39.6,19.7,20.2,19.8,19.9,19.7
20260626,プロスト,73.0,52.2,34.2,16.6,20.8,18.0,17.6,16.6
20260626,ケイアイブラック,73.0,54.2,35.6,17.8,18.8,18.6,17.8,17.8
20260626,ｸﾞﾚｰｽｵﾌﾞﾅｲﾙの24,78.2,55.9,37.4,18.8,22.3,18.5,18.6,18.8
20260626,フリーガー,54.1,39.8,27.0,14.0,14.3,12.8,13.0,14.0
20260626,ボンボンベイビー,55.0,40.4,27.4,14.1,14.6,13.0,13.3,14.1
20260626,アニージョ,66.2,48.3,32.0,16.1,17.9,16.3,15.9,16.1
20260626,ペイシャヴァルツー,68.7,50.0,32.9,16.7,18.7,17.1,16.2,16.7
20260626,ダノンプレリュード,65.5,48.4,32.0,16.0,17.1,16.4,16.0,16.0
20260626,オリーブグリーン,65.0,48.8,32.6,16.4,16.2,16.2,16.2,16.4
20260626,アスクハッピーマン,64.2,47.6,31.7,15.7,16.6,15.9,16.0,15.7
20260626,タガノアルトゥーラ,71.2,52.4,34.4,17.2,18.8,18.0,17.2,17.2
20260626,アスクレコードモア,63.9,47.3,31.7,16.0,16.6,15.6,15.7,16.0
20260626,ワンダフルボンド,65.5,48.6,32.3,16.1,16.9,16.3,16.2,16.1
20260626,ヴェールダムール,64.9,48.2,31.9,16.0,16.7,16.3,15.9,16.0
20260626,レヴォントゥレット,64.2,46.4,30.4,15.3,17.8,16.0,15.1,15.3
20260626,ジョーカー,65.9,48.3,32.3,16.4,17.6,16.0,15.9,16.4
20260626,ホワイトフレイムス,65.8,47.6,30.7,14.4,18.2,16.9,16.3,14.4
20260626,レッドタイラント,66.7,49.4,33.1,16.8,17.3,16.3,16.3,16.8
20260626,アレーティア,67.0,49.6,32.8,16.4,17.4,16.8,16.4,16.4
20260626,ショルタメンテ,66.5,49.0,31.9,15.4,17.5,17.1,16.5,15.4
20260626,ジーティーアリア,66.1,48.3,31.7,15.4,17.8,16.6,16.3,15.4
20260626,ローベルクランツ,69.4,51.6,34.1,17.1,17.8,17.5,17.0,17.1
20260626,ホウオウワイズ,65.6,48.4,31.6,15.3,17.2,16.8,16.3,15.3
20260626,アルピグレン,68.8,51.3,34.9,18.0,17.5,16.4,16.9,18.0
20260626,ファイアプレイス,65.6,48.3,32.0,16.3,17.3,16.3,15.7,16.3
20260626,ミランド,66.6,48.5,31.6,15.5,18.1,16.9,16.1,15.5
20260626,ジャスティンゴッホ,67.3,48.8,32.1,16.1,18.5,16.7,16.0,16.1
20260626,ヴェークバイザー,75.1,55.2,36.7,18.4,19.9,18.5,18.3,18.4
20260626,エンマ,68.4,50.7,33.3,16.5,17.7,17.4,16.8,16.5
20260626,ノボリリア,66.2,48.4,32.0,15.9,17.8,16.4,16.1,15.9
20260626,キョラムン,67.8,48.8,31.9,15.7,19.0,16.9,16.2,15.7
20260626,アンティスマ,67.5,49.4,32.4,16.2,18.1,17.0,16.2,16.2
20260626,コスモトップ,71.0,51.8,33.7,16.9,19.2,18.1,16.8,16.9
20260626,ジューンルル,74.7,54.3,35.1,17.0,20.4,19.2,18.1,17.0
20260626,タイセイレスポンス,64.6,47.5,32.1,16.5,17.1,15.4,15.6,16.5
20260626,ジュンプリメーロ,64.0,47.1,30.9,15.2,16.9,16.2,15.7,15.2
20260626,ピコオーバル,72.8,53.4,34.9,17.3,19.4,18.5,17.6,17.3
20260626,ハルカカナタ,72.5,53.4,35.6,17.8,19.1,17.8,17.8,17.8
20260626,ファータカエリ,74.6,55.4,36.3,18.1,19.2,19.1,18.2,18.1
20260626,リントゥラウル,75.4,55.8,37.0,18.4,19.6,18.8,18.6,18.4
20260626,ナンヨークリスタル,64.4,48.0,32.4,16.6,16.4,15.6,15.8,16.6
20260626,ローマンレイク,65.1,48.0,31.5,15.4,17.1,16.5,16.1,15.4
20260626,アヴレディール,69.9,52.4,35.2,17.8,17.5,17.2,17.4,17.8
20260626,シックパラソル,65.4,48.7,32.6,16.7,16.7,16.1,15.9,16.7
20260626,キアヌ,68.3,49.9,33.1,16.9,18.4,16.8,16.2,16.9
20260626,チュウワメロディー,70.2,50.9,33.8,17.0,19.3,17.1,16.8,17.0
20260626,エコロリンド,65.0,48.1,31.4,15.2,16.9,16.7,16.2,15.2
20260626,マルモリマイベスト,68.0,49.9,32.7,15.8,18.1,17.2,16.9,15.8
20260626,プロットシッケンズ,66.4,49.1,32.5,16.2,17.3,16.6,16.3,16.2
20260626,クープグラッセ,64.6,47.5,31.6,16.3,17.1,15.9,15.3,16.3
20260626,テーオーレックス,67.5,50.3,33.4,16.8,17.2,16.9,16.6,16.8
20260626,ワンダーシャッフル,72.8,52.7,34.7,17.0,20.1,18.0,17.7,17.0
20260626,マサノエクスプレス,68.6,50.1,33.1,16.6,18.5,17.0,16.5,16.6
20260626,フラジオレット,68.4,50.0,33.0,16.5,18.4,17.0,16.5,16.5
20260626,グローリーバローズ,67.8,49.7,32.9,16.6,18.1,16.8,16.3,16.6
20260626,ウォーブレイク,62.2,45.7,29.7,14.5,16.5,16.0,15.2,14.5
20260626,フラッシングルビー,67.6,50.1,33.2,16.6,17.5,16.9,16.6,16.6
20260626,サトノソティラス,63.1,46.6,31.3,15.8,16.5,15.3,15.5,15.8
20260626,キープシャイニング,68.7,50.7,33.4,16.6,18.0,17.3,16.8,16.6
20260626,レッドバベル,70.5,51.8,34.1,17.3,18.7,17.7,16.8,17.3
20260626,ジワールドコア,71.8,52.9,34.7,17.2,18.9,18.2,17.5,17.2
20260626,トレビスドンナ,70.9,52.5,34.2,16.6,18.4,18.3,17.6,16.6
20260626,ドットクルー,69.3,51.4,33.8,16.9,17.9,17.6,16.9,16.9
20260626,セイントホース,67.2,49.8,33.4,16.7,17.4,16.4,16.7,16.7
20260626,ドットカモン,67.8,50.8,33.1,16.2,17.0,17.7,16.9,16.2
20260626,タナコクシテンホウ,68.8,51.9,35.3,17.3,16.9,16.6,18.0,17.3
20260626,マイフレダ,66.8,49.2,32.5,16.8,17.6,16.7,15.7,16.8
20260626,タナカーン,68.5,50.5,33.9,16.9,18.0,16.6,17.0,16.9
20260626,ゲームイズマイン,67.2,49.1,32.4,16.7,18.1,16.7,15.7,16.7
20260626,シャインロード,65.3,48.9,33.0,16.8,16.4,15.9,16.2,16.8
20260626,スマートクラビ,69.9,53.0,35.2,18.5,16.9,17.8,16.7,18.5
20260626,ゼンノトヨタマヒメ,70.5,52.8,34.4,17.1,17.7,18.4,17.3,17.1
20260626,リヒトミューレ,68.7,51.4,34.3,17.1,17.3,17.1,17.2,17.1
20260626,シュプリームレルム,69.2,50.8,34.4,17.4,18.4,16.4,17.0,17.4
20260626,ハクサンリング,55.9,40.6,26.3,13.1,15.3,14.3,13.2,13.1
20260626,リヴァイ,71.0,50.6,32.2,15.8,20.4,18.4,16.4,15.8
20260626,オデット,65.3,47.3,31.3,15.4,18.0,16.0,15.9,15.4
20260626,ヴァンヴィーヴ,68.6,51.1,33.5,16.5,17.5,17.6,17.0,16.5
20260626,メイショウマントル,71.4,53.2,35.0,17.3,18.2,18.2,17.7,17.3
20260626,ヴェルテンベルク,67.7,49.2,32.3,15.8,18.5,16.9,16.5,15.8
20260626,ベルフィーノ,66.7,47.9,32.1,16.5,18.8,15.8,15.6,16.5
20260626,クータモ,65.2,48.2,32.1,16.0,17.0,16.1,16.1,16.0
20260626,ミスティックレイン,66.1,48.3,31.9,15.9,17.8,16.4,16.0,15.9
20260626,マルカオペラ,71.7,51.8,34.4,17.3,19.9,17.4,17.1,17.3
20260626,テーオーライガ,70.9,53.6,36.6,19.1,17.3,17.0,17.5,19.1
20260626,レーンアジリティ,72.7,52.8,35.1,17.9,19.9,17.7,17.2,17.9
20260626,ヒデガミティアラ,76.0,55.4,36.3,18.1,20.6,19.1,18.2,18.1
20260626,タガノレクシア,74.5,54.2,35.5,16.9,20.3,18.7,18.6,16.9
20260626,ソニックブーム,64.6,46.4,30.6,15.2,18.2,15.8,15.4,15.2
20260626,ボビーザグレート,65.6,47.4,30.8,15.2,18.2,16.6,15.6,15.2
20260626,マーゴットガイア,66.6,48.9,32.0,15.8,17.7,16.9,16.2,15.8
20260626,サイモンレガシー,65.2,47.9,31.6,15.7,17.3,16.3,15.9,15.7
20260626,ベルヴェール,66.4,49.3,32.1,16.4,17.1,17.2,15.7,16.4
20260626,ジーティーアダマン,65.1,46.6,29.9,15.0,18.5,16.7,14.9,15.0
20260626,アルディメント,65.4,47.5,30.7,15.1,17.9,16.8,15.6,15.1
20260626,ロードフリューゲル,67.6,50.2,33.0,16.6,17.4,17.2,16.4,16.6
20260626,フォーオール,70.6,52.1,34.4,16.9,18.5,17.7,17.5,16.9
20260626,マルモタワー,68.3,50.8,33.9,17.0,17.5,16.9,16.9,17.0
20260626,ノトコンゴウ,67.4,50.3,33.3,16.7,17.1,17.0,16.6,16.7
20260626,フランキーバローズ,68.6,50.8,33.8,16.8,17.8,17.0,17.0,16.8
20260626,セルジュバローズ,70.3,51.7,35.0,17.2,18.6,16.7,17.8,17.2
20260626,ワイドブリザード,66.0,47.6,30.8,15.3,18.4,16.8,15.5,15.3
20260626,エトワールブーケ,70.9,52.3,34.3,16.8,18.6,18.0,17.5,16.8
20260626,ロードマイライフ,64.7,47.2,30.6,15.2,17.5,16.6,15.4,15.2
20260626,トラゲット,64.9,48.2,32.4,16.7,16.7,15.8,15.7,16.7
20260626,ファミーリエ,66.3,49.6,33.6,17.7,16.7,16.0,15.9,17.7
20260626,シュプレヒコール,70.5,52.4,34.9,17.4,18.1,17.5,17.5,17.4
20260626,ドナズエクリプス,73.8,54.4,36.3,18.1,19.4,18.1,18.2,18.1
20260626,アマキヒ,66.1,48.8,32.5,16.4,17.3,16.3,16.1,16.4
20260626,ナブッコ,66.4,48.0,32.1,15.5,18.4,15.9,16.6,15.5
20260626,ネブラディスク,62.6,46.2,30.8,15.5,16.4,15.4,15.3,15.5
20260626,アスタールテニウム,56.6,41.7,27.0,13.4,14.9,14.7,13.6,13.4
20260626,ヒストリアイ,69.8,50.4,32.8,16.4,19.4,17.6,16.4,16.4
20260626,ジョイザモーメント,56.9,42.2,27.5,13.9,14.7,14.7,13.6,13.9
20260626,メイショウホウレン,74.6,54.0,35.6,18.1,20.6,18.4,17.5,18.1
20260626,カツラコマチ,68.6,49.6,32.8,16.2,19.0,16.8,16.6,16.2
20260626,ラクホマレ,67.8,50.3,33.0,16.4,17.5,17.3,16.6,16.4
20260626,ヨウリンケイジュ,68.6,48.9,32.3,16.3,19.7,16.6,16.0,16.3
20260626,グリーンゴー,68.2,49.3,32.6,15.8,18.9,16.7,16.8,15.8
20260626,ファランギーナ,67.8,50.2,34.0,17.3,17.6,16.2,16.7,17.3
20260626,ルーチェブリラーレ,74.3,54.2,36.4,18.8,20.1,17.8,17.6,18.8
20260626,イーサンマリーン,69.1,49.7,33.1,16.8,19.4,16.6,16.3,16.8
20260626,オーラムミーティア,67.7,49.8,32.6,16.2,17.9,17.2,16.4,16.2
20260626,ホールシバン,70.7,50.8,33.7,16.6,19.9,17.1,17.1,16.6
20260626,レッドダンルース,72.2,53.4,35.2,17.3,18.8,18.2,17.9,17.3
20260626,ブエノスオプティマ,75.9,55.1,36.2,18.2,20.8,18.9,18.0,18.2
20260626,ジーティーギャング,72.4,53.9,35.6,17.6,18.5,18.3,18.0,17.6
20260626,ブルーストレイル,68.2,50.0,33.0,16.5,18.2,17.0,16.5,16.5
20260626,クリノゴージャス,60.9,45.5,30.5,16.1,15.4,15.0,14.4,16.1
20260626,シンゼンイセ,66.7,49.4,33.0,16.7,17.3,16.4,16.3,16.7
20260626,メイショウアヤカ,64.9,48.7,33.2,16.9,16.2,15.5,16.3,16.9
20260626,ショウナンライラ,64.8,47.5,30.9,15.0,17.3,16.6,15.9,15.0
20260626,キービート,70.8,52.4,34.3,16.7,18.4,18.1,17.6,16.7
20260626,ウインガラハッド,71.9,53.8,35.8,18.0,18.1,18.0,17.8,18.0
20260626,サンマルパトロール,73.7,55.1,36.5,18.1,18.6,18.6,18.4,18.1
20260626,サンマルノヴェル,71.6,52.8,35.0,17.6,18.8,17.8,17.4,17.6
20260626,アーリントンロウ,68.1,49.6,33.2,16.7,18.5,16.4,16.5,16.7
20260626,ジェバーダ,69.8,51.2,34.6,17.5,18.6,16.6,17.1,17.5
20260626,マダムカマラード,63.2,47.7,31.8,16.1,15.5,15.9,15.7,16.1
20260626,ゴリョウセイ,68.4,50.4,32.8,16.3,18.0,17.6,16.5,16.3
20260626,ヴェッタフィオーレ,69.8,51.8,34.6,17.6,18.0,17.2,17.0,17.6
20260626,ラヴァンドローリエ,65.0,48.3,32.3,16.2,16.7,16.0,16.1,16.2
20260626,アメリカンビヨンド,69.5,50.5,33.0,16.6,19.0,17.5,16.4,16.6
20260626,アスクヴォルテージ,70.7,51.9,34.4,17.4,18.8,17.5,17.0,17.4
20260626,メドウセージ,67.2,50.5,33.5,17.0,16.7,17.0,16.5,17.0
20260626,メテオロイド,69.3,51.6,34.7,18.2,17.7,16.9,16.5,18.2
20260626,アメリカンスタイル,72.7,52.8,34.5,16.8,19.9,18.3,17.7,16.8
20260626,ジーティーキンセイ,69.1,51.2,34.2,18.1,17.9,17.0,16.1,18.1
20260626,ミネルヴァ,68.8,50.9,33.8,17.4,17.9,17.1,16.4,17.4
20260626,ドルチェリターン,66.1,47.8,31.1,15.4,18.3,16.7,15.7,15.4
20260626,ドラゴンテイラー,76.4,56.0,36.4,17.9,20.4,19.6,18.5,17.9
20260626,ペアスターロード,65.4,48.6,32.0,16.2,16.8,16.6,15.8,16.2
20260626,サンライズジャポネ,65.3,48.8,32.0,15.7,16.5,16.8,16.3,15.7
20260626,クリコイーコ,61.9,45.2,30.5,15.6,16.7,14.7,14.9,15.6
20260626,ミトノリン,63.9,45.4,29.1,14.3,18.5,16.3,14.8,14.3
20260626,メイショウハッブル,71.1,52.1,34.2,17.2,19.0,17.9,17.0,17.2
20260626,セッシュウ,67.7,50.4,33.4,16.7,17.3,17.0,16.7,16.7
20260626,メイショウナナシロ,71.5,52.4,34.4,17.4,19.1,18.0,17.0,17.4
20260626,レイピカケ,70.0,51.9,34.6,16.9,18.1,17.3,17.7,16.9
20260626,ビゾー,69.9,51.3,34.1,17.2,18.6,17.2,16.9,17.2
20260626,アメリカンビキニ,68.0,50.7,33.8,16.9,17.3,16.9,16.9,16.9
20260626,エイシンキタールン,69.9,50.4,33.3,16.4,19.5,17.1,16.9,16.4
20260626,マウンテンバローズ,69.6,51.9,34.9,17.5,17.7,17.0,17.4,17.5
20260626,サラサキングスター,69.9,51.3,33.8,17.0,18.6,17.5,16.8,17.0
20260626,マーチンゲール,69.9,50.9,33.3,16.4,19.0,17.6,16.9,16.4
20260626,カラペルソナ,69.6,51.1,34.1,17.2,18.5,17.0,16.9,17.2
20260626,メイショウヴィータ,67.7,50.0,33.8,17.2,17.7,16.2,16.6,17.2
20260626,メイショウジェード,67.8,50.1,33.0,16.7,17.7,17.1,16.3,16.7
20260626,ランゲ,70.5,52.6,35.3,17.6,17.9,17.3,17.7,17.6
20260626,ﾒｲｼｮｳﾏﾝｻｸの24,72.0,53.3,35.3,17.5,18.7,18.0,17.8,17.5
20260626,モルティフレーバー,70.3,51.6,34.0,17.1,18.7,17.6,16.9,17.1
20260626,ワンダーサイファー,66.5,49.1,32.8,16.2,17.4,16.3,16.6,16.2
20260626,レイワノキセキ,71.2,52.1,34.4,17.6,19.1,17.7,16.8,17.6
20260626,サンシュエール,69.1,51.6,34.4,17.3,17.5,17.2,17.1,17.3
20260626,ビートル,67.8,49.7,33.6,16.8,18.1,16.1,16.8,16.8
20260626,ダディーズトリップ,68.1,49.6,32.3,15.6,18.5,17.3,16.7,15.6
20260626,ザウリ,68.2,50.7,34.0,16.8,17.5,16.7,17.2,16.8
20260626,ジャーヴィス,69.4,51.4,34.2,17.4,18.0,17.2,16.8,17.4
20260626,モンブランミノル,68.1,49.6,32.4,16.3,18.5,17.2,16.1,16.3
20260626,ダノンプリマ,66.8,48.7,32.0,16.2,18.1,16.7,15.8,16.2
20260626,モズプリヴェール,70.5,52.7,35.0,17.4,17.8,17.7,17.6,17.4
20260626,グロリアスニケ,68.5,50.4,32.0,15.4,18.1,18.4,16.6,15.4
20260626,ペコリズム,67.5,48.9,31.5,15.6,18.6,17.4,15.9,15.6
20260626,ドラゴンファントム,69.4,52.0,35.1,18.1,17.4,16.9,17.0,18.1
20260626,コックスコーム,68.7,51.1,33.9,17.1,17.6,17.2,16.8,17.1
20260626,オーリエイト,72.1,53.4,35.7,17.6,18.7,17.7,18.1,17.6
20260626,ヨシノイースター,70.0,52.9,36.9,19.5,17.1,16.0,17.4,19.5
20260626,ラブインアクション,64.7,47.1,30.5,15.1,17.6,16.6,15.4,15.1
20260626,マジックローズ,73.1,52.5,34.3,17.0,20.6,18.2,17.3,17.0
20260626,ブライトココナッツ,68.8,48.8,31.1,15.7,20.0,17.7,15.4,15.7
20260626,クイノールト,68.3,49.5,31.1,15.1,18.8,18.4,16.0,15.1
20260626,コウセキ,72.0,51.7,33.7,16.4,20.3,18.0,17.3,16.4
20260626,ポッドロゴ,68.4,50.2,32.9,16.0,18.2,17.3,16.9,16.0
20260626,タガノカハンカ,68.2,50.3,33.3,16.4,17.9,17.0,16.9,16.4
20260626,ロイドウェバー,73.5,54.1,34.9,17.0,19.4,19.2,17.9,17.0
20260626,ドントゥール,67.3,50.4,33.4,16.7,16.9,17.0,16.7,16.7
20260626,シャロン,65.1,47.4,31.7,16.2,17.7,15.7,15.5,16.2
20260626,クランズクラウン,66.6,49.9,33.4,16.9,16.7,16.5,16.5,16.9
20260626,イグニション,73.4,53.4,34.9,17.2,20.0,18.5,17.7,17.2
20260626,デルマトカチ,67.7,48.5,31.7,15.8,19.2,16.8,15.9,15.8
20260626,レゾルートハート,72.4,53.6,35.1,17.3,18.8,18.5,17.8,17.3
20260626,リカンカブール,75.8,56.6,37.4,18.7,19.2,19.2,18.7,18.7
20260626,レインインザスカイ,75.1,56.4,37.2,18.8,18.7,19.2,18.4,18.8
20260626,ジーティーアンバー,75.5,56.7,37.5,18.8,18.8,19.2,18.7,18.8
20260626,テーオータウンズ,64.1,48.5,32.6,16.6,15.6,15.9,16.0,16.6
20260626,メイショウタダツグ,64.9,48.8,32.7,16.8,16.1,16.1,15.9,16.8
20260625,ジャガード,70.0,50.9,33.3,16.6,19.1,17.6,16.7,16.6
20260625,ユキマル,67.0,49.2,32.1,16.0,17.8,17.1,16.1,16.0
20260625,エリカカリーナ,52.9,38.0,24.3,12.1,14.9,13.7,12.2,12.1
20260625,グレイスルーラー,70.3,52.0,34.4,17.2,18.3,17.6,17.2,17.2
20260625,ポッドロワール,71.1,51.2,33.1,16.3,19.9,18.1,16.8,16.3
20260625,ビッグデイメイク,67.5,49.4,32.4,15.8,18.1,17.0,16.6,15.8
20260625,ダノンブレイズ,57.2,42.4,28.0,13.4,14.8,14.4,14.6,13.4
20260625,フランベリー,70.0,51.8,34.3,17.0,18.2,17.5,17.3,17.0
20260625,クロノスフィア,66.1,48.9,32.1,16.0,17.2,16.8,16.1,16.0
20260625,レッドエモーション,57.2,42.3,27.9,13.3,14.9,14.4,14.6,13.3
20260625,アースグレイジング,68.8,50.5,33.5,16.2,18.3,17.0,17.3,16.2
20260625,ランパディアス,65.6,48.3,31.8,16.0,17.3,16.5,15.8,16.0
20260625,ヴァルカモニカ,60.5,44.2,29.1,14.5,16.3,15.1,14.6,14.5
20260625,ベアベルヴォワ,74.0,54.6,35.6,17.4,19.4,19.0,18.2,17.4
20260625,カンピオーネ,72.1,52.1,34.3,17.2,20.0,17.8,17.1,17.2
20260625,カリーシ,70.6,52.6,34.5,17.0,18.0,18.1,17.5,17.0
20260625,ウインボレロ,72.8,53.5,35.4,17.6,19.3,18.1,17.8,17.6
20260625,ロートホルン,68.3,49.9,32.8,16.6,18.4,17.1,16.2,16.6
20260625,タイセイモノリス,72.3,52.2,34.2,17.4,20.1,18.0,16.8,17.4
20260625,ロッタリーランド,70.9,52.0,33.9,16.8,18.9,18.1,17.1,16.8
20260625,ヴァルカンテソーロ,69.3,51.4,33.3,16.4,17.9,18.1,16.9,16.4
20260625,ギリーカラム,71.9,52.1,34.2,17.4,19.8,17.9,16.8,17.4
20260625,レーヴマジック,71.9,53.3,35.6,18.0,18.6,17.7,17.6,18.0
20260625,テキエロ,72.5,53.4,35.6,18.0,19.1,17.8,17.6,18.0
20260625,ビーズスティンガー,72.0,53.3,35.7,17.7,18.7,17.6,18.0,17.7
20260625,セイカタカキヤチク,69.0,51.4,33.9,17.0,17.6,17.5,16.9,17.0
20260625,センターサンテ,70.9,51.8,33.7,16.7,19.1,18.1,17.0,16.7
20260625,サンフラワー,71.4,52.7,35.2,17.5,18.7,17.5,17.7,17.5
20260625,エマルタ,70.6,51.3,33.4,16.6,19.3,17.9,16.8,16.6
20260625,ブルージェイ,72.4,53.7,35.7,17.5,18.7,18.0,18.2,17.5
20260625,ハッピーロンドン,57.9,42.1,26.8,12.8,15.8,15.3,14.0,12.8
20260625,コントラポスト,59.3,43.1,27.9,13.4,16.2,15.2,14.5,13.4
20260625,スーパーバイザー,59.3,43.3,28.0,13.8,16.0,15.3,14.2,13.8
20260625,コンヴァージョン,67.3,49.7,32.8,16.3,17.6,16.9,16.5,16.3
20260625,テルケンレンタッチ,69.4,51.0,33.6,16.5,18.4,17.4,17.1,16.5
20260625,トムキャット,71.7,52.2,34.2,17.2,19.5,18.0,17.0,17.2
20260625,セイウンサイフィー,68.4,50.6,33.4,16.8,17.8,17.2,16.6,16.8
20260625,インザダーク,70.6,51.8,34.2,16.9,18.8,17.6,17.3,16.9
20260625,コパノフラメンコ,68.6,51.0,33.6,17.0,17.6,17.4,16.6,17.0
20260625,コスモデュアリズム,69.5,51.6,34.0,16.5,17.9,17.6,17.5,16.5
20260625,チャームジュネーヴ,61.4,44.7,29.5,14.9,16.7,15.2,14.6,14.9
20260625,フェスティヴビーム,67.8,50.0,32.5,16.2,17.8,17.5,16.3,16.2
20260625,スイートオレンジ,56.1,40.5,26.8,13.5,15.6,13.7,13.3,13.5
20260625,マイネルボス,70.8,52.0,34.2,17.4,18.8,17.8,16.8,17.4
20260625,アロハオエ,57.1,42.0,27.6,13.3,15.1,14.4,14.3,13.3
20260625,サクセスゴールド,68.2,50.4,33.2,16.7,17.8,17.2,16.5,16.7
20260625,ﾅﾙﾊﾔの24,68.1,50.4,33.3,16.8,17.7,17.1,16.5,16.8
20260625,ルークスイテルム,57.3,42.2,27.7,13.4,15.1,14.5,14.3,13.4
20260625,ヴィーデ,75.6,54.0,35.2,17.0,21.6,18.8,18.2,17.0
20260625,ファンタイムギフト,67.8,48.9,31.8,15.7,18.9,17.1,16.1,15.7
20260625,ブリッツアロング,75.6,54.3,35.2,17.2,21.3,19.1,18.0,17.2
20260625,ビレッジルイーザ,56.6,41.5,27.5,13.7,15.1,14.0,13.8,13.7
20260625,カガラプンツェル,67.6,49.8,33.3,16.8,17.8,16.5,16.5,16.8
20260625,サクラモンストール,56.1,41.0,27.2,13.6,15.1,13.8,13.6,13.6
20260625,レオスキーム,68.7,51.0,33.9,16.8,17.7,17.1,17.1,16.8
20260625,ジーティージェミル,74.5,55.2,36.5,18.1,19.3,18.7,18.4,18.1
20260625,シュタットパーク,64.1,47.2,31.1,15.5,16.9,16.1,15.6,15.5
20260625,ノワドゥココ,71.5,52.5,34.9,17.6,19.0,17.6,17.3,17.6
20260625,ダノンアドラー,72.0,53.7,35.7,17.8,18.3,18.0,17.9,17.8
20260625,サトノフルーク,70.2,51.9,34.6,17.1,18.3,17.3,17.5,17.1
20260625,コルチェスター,52.9,38.2,24.9,12.6,14.7,13.3,12.3,12.6
20260625,ラクシオンデクラ,67.7,50.4,33.5,16.5,17.3,16.9,17.0,16.5
20260625,アジュアカレンツ,65.8,48.7,31.7,15.8,17.1,17.0,15.9,15.8
20260625,ウイニングレイ,64.0,47.3,30.7,15.0,16.7,16.6,15.7,15.0
20260625,ロワデュモンド,64.9,48.3,32.1,16.0,16.6,16.2,16.1,16.0
20260625,コスモグラニット,72.3,52.9,34.1,16.9,19.4,18.8,17.2,16.9
20260625,ノワールブレイブ,73.4,53.2,34.8,17.5,20.2,18.4,17.3,17.5
20260625,レイユール,55.1,40.0,26.0,12.6,15.1,14.0,13.4,12.6
20260625,マスカレードボール,54.8,39.8,26.0,12.6,15.0,13.8,13.4,12.6
20260625,オウケンボルト,70.1,50.7,32.9,16.3,19.4,17.8,16.6,16.3
20260625,ケルピー,72.7,54.4,35.7,17.7,18.3,18.7,18.0,17.7
20260625,シャインネージュ,70.6,51.0,33.2,16.5,19.6,17.8,16.7,16.5
20260625,トーケンギムレット,71.3,51.9,34.0,16.9,19.4,17.9,17.1,16.9
20260625,ｱﾌﾟﾘｺｯﾄﾌｨｽﾞの24,65.7,49.9,33.9,18.1,15.8,16.0,15.8,18.1
20260625,ニースケンス,67.6,50.7,33.5,17.4,16.9,17.2,16.1,17.4
20260625,ウインハルモニア,68.0,49.5,32.2,15.5,18.5,17.3,16.7,15.5
20260625,レヴェンドール,67.0,48.8,32.3,15.3,18.2,16.5,17.0,15.3
20260625,ルージュスティーズ,53.8,39.0,25.2,12.5,14.8,13.8,12.7,12.5
20260625,グランシャット,54.2,39.2,25.5,12.7,15.0,13.7,12.8,12.7
20260625,ピュアクローム,70.8,52.4,34.4,17.1,18.4,18.0,17.3,17.1
20260625,ゼンノスタニング,67.6,49.0,32.0,15.5,18.6,17.0,16.5,15.5
20260625,コスモエルヴァル,69.8,50.3,32.6,16.0,19.5,17.7,16.6,16.0
20260625,スルーザゴールド,72.7,52.6,34.5,17.5,20.1,18.1,17.0,17.5
20260625,ソースウィート,54.8,40.3,26.2,13.0,14.5,14.1,13.2,13.0
20260625,シルクドマルス,54.5,39.3,25.4,12.5,15.2,13.9,12.9,12.5
20260625,ベールダウン,69.9,51.9,34.7,17.5,18.0,17.2,17.2,17.5
20260625,ネオロマーネ,67.2,47.9,30.0,15.1,19.3,17.9,14.9,15.1
20260625,シリアスドラマ,66.6,47.5,31.2,15.8,19.1,16.3,15.4,15.8
20260625,カゼノロマン,54.8,40.3,26.3,13.0,14.5,14.0,13.3,13.0
20260625,ジーティーヒラリ,69.3,49.9,32.3,15.7,19.4,17.6,16.6,15.7
20260625,バトルクライ,70.5,51.3,33.4,16.2,19.2,17.9,17.2,16.2
20260625,ジュピターテソーロ,70.8,51.7,34.1,17.0,19.1,17.6,17.1,17.0
20260625,モルスリール,70.7,51.7,34.1,16.9,19.0,17.6,17.2,16.9
20260625,サヨノジャンボリー,55.0,39.8,26.1,12.9,15.2,13.7,13.2,12.9
20260625,グランシュレーム,71.2,51.9,34.3,17.1,19.3,17.6,17.2,17.1
20260625,マサノピンクレディ,70.1,51.8,34.2,17.1,18.3,17.6,17.1,17.1
20260625,アオゾラランチ,76.5,54.7,35.3,17.1,21.8,19.4,18.2,17.1
20260625,ヨーゼフ,70.1,51.5,34.5,17.7,18.6,17.0,16.8,17.7
20260625,レッドカメリア,70.7,52.0,34.0,17.0,18.7,18.0,17.0,17.0
20260625,ジャメビュ,79.9,59.5,39.3,19.7,20.4,20.2,19.6,19.7
20260625,ケイジャーダ,70.9,52.5,34.8,17.3,18.4,17.7,17.5,17.3
20260625,カラスアゲハ,76.2,56.4,37.7,18.8,19.8,18.7,18.9,18.8
20260625,ポッドロワール,65.9,47.5,31.0,16.0,18.4,16.5,15.0,16.0
20260625,アクロスメモリア,69.8,51.2,33.4,16.9,18.6,17.8,16.5,16.9
20260625,グラスフェザー,70.3,51.7,34.3,17.0,18.6,17.4,17.3,17.0
20260625,デアプリームス,69.7,51.0,33.7,17.2,18.7,17.3,16.5,17.2
20260625,エスコバル,70.3,51.3,33.9,17.2,19.0,17.4,16.7,17.2
20260625,ロゼル,66.9,49.0,32.2,16.0,17.9,16.8,16.2,16.0
20260625,ソワンドヴィクター,69.9,50.9,33.4,17.0,19.0,17.5,16.4,17.0
20260625,リーゼントモニカ,71.9,51.8,33.3,16.1,20.1,18.5,17.2,16.1
20260625,パラダイスフェイス,66.7,48.8,32.0,16.0,17.9,16.8,16.0,16.0
20260625,ファルコシニョーラ,68.8,50.5,33.1,16.5,18.3,17.4,16.6,16.5
20260625,マイネルカピラリス,66.3,48.4,32.0,16.0,17.9,16.4,16.0,16.0
20260625,ファータカリーナ,70.1,50.3,32.5,15.9,19.8,17.8,16.6,15.9
20260625,スウィフトミモザ,71.6,52.6,34.0,16.4,19.0,18.6,17.6,16.4
20260625,トワニ,65.5,47.7,31.4,16.2,17.8,16.3,15.2,16.2
20260625,ピンクジン,55.8,41.9,27.5,13.5,13.9,14.4,14.0,13.5
20260625,デルマキタカミ,66.1,48.4,31.1,15.2,17.7,17.3,15.9,15.2
20260625,セブンワンダーズ,58.2,43.1,28.4,14.0,15.1,14.7,14.4,14.0
20260625,フィーユレアル,57.7,42.7,28.1,13.7,15.0,14.6,14.4,13.7
20260625,ナムラドガ,69.3,51.4,34.2,16.9,17.9,17.2,17.3,16.9
20260625,モーモーゼロ,69.6,51.4,34.2,17.1,18.2,17.2,17.1,17.1
20260625,ジャスフォール,56.3,41.4,26.7,13.4,14.9,14.7,13.3,13.4
20260625,アルティソナンテ,66.6,48.7,31.8,15.6,17.9,16.9,16.2,15.6
20260625,ダゴベルト,73.7,54.4,35.1,17.4,19.3,19.3,17.7,17.4
20260625,ホウオウシュウ,57.6,42.7,28.1,13.9,14.9,14.6,14.2,13.9
20260625,ウインドワンピース,75.1,54.3,34.8,16.9,20.8,19.5,17.9,16.9
20260625,ホープエトワール,77.4,57.7,38.8,19.6,19.7,18.9,19.2,19.6
20260625,モウエエデショー,71.1,52.2,34.1,17.1,18.9,18.1,17.0,17.1
20260625,ヒラボクヒーロー,53.7,38.7,24.7,12.2,15.0,14.0,12.5,12.2
20260625,マクシーン,71.1,51.7,34.7,17.2,19.4,17.0,17.5,17.2
20260625,オリエンタルガール,55.0,40.6,26.4,13.0,14.4,14.2,13.4,13.0
20260625,ブライトエアリー,74.8,55.5,36.6,18.1,19.3,18.9,18.5,18.1
20260625,ペイシャダンシング,67.1,49.8,33.0,16.9,17.3,16.8,16.1,16.9
20260625,ココニイルヨ,57.5,42.6,28.1,13.6,14.9,14.5,14.5,13.6
20260625,トレンドマーチ,67.7,50.5,33.7,16.9,17.2,16.8,16.8,16.9
20260625,メイショウミズホ,68.3,51.4,33.9,17.6,16.9,17.5,16.3,17.6
20260625,アニエーネ,67.7,50.4,33.7,17.1,17.3,16.7,16.6,17.1
20260625,スローブギ,67.9,50.4,33.7,17.2,17.5,16.7,16.5,17.2
20260625,キセキノエンジェル,65.9,49.3,33.3,16.4,16.6,16.0,16.9,16.4
20260625,ムーンストラック,66.5,49.6,33.1,16.5,16.9,16.5,16.6,16.5
20260625,セントリアン,77.3,55.2,35.7,18.0,22.1,19.5,17.7,18.0
20260625,タイキアロハ,68.7,51.1,33.6,16.5,17.6,17.5,17.1,16.5
20260625,ドリームユー,68.7,51.2,33.6,16.8,17.5,17.6,16.8,16.8
20260625,ニシノコマチムスメ,68.7,49.1,31.7,15.4,19.6,17.4,16.3,15.4
20260625,クロドラバール,71.5,52.7,34.8,17.3,18.8,17.9,17.5,17.3
20260625,クレイターレイク,73.5,53.9,35.9,18.2,19.6,18.0,17.7,18.2
20260625,ルヴァンアレー,74.0,54.3,36.1,18.3,19.7,18.2,17.8,18.3
20260625,ノーブルスアーク,55.8,41.3,27.3,13.5,14.5,14.0,13.8,13.5
20260625,ｴﾃの24,69.1,50.1,32.5,16.2,19.0,17.6,16.3,16.2
20260625,イントリー,70.2,51.5,33.6,16.8,18.7,17.9,16.8,16.8
20260625,コスモアンソロジー,70.2,52.5,34.8,17.3,17.7,17.7,17.5,17.3
20260625,キミガハマ,73.0,53.5,35.1,17.1,19.5,18.4,18.0,17.1
20260625,サングラント,66.4,49.1,32.3,15.9,17.3,16.8,16.4,15.9
20260625,エマーソンズ,68.5,50.3,33.0,16.4,18.2,17.3,16.6,16.4
20260625,モーニングダリア,71.0,52.9,35.4,17.8,18.1,17.5,17.6,17.8
20260625,ヒケヤイワフネ,70.1,52.2,34.9,17.6,17.9,17.3,17.3,17.6
20260625,リーズメイリー,65.0,47.3,30.2,14.9,17.7,17.1,15.3,14.9
20260625,ﾊｰﾚﾑﾗｲﾝの24,68.8,50.2,32.6,15.9,18.6,17.6,16.7,15.9
20260625,セントリアン,72.6,52.9,34.7,17.5,19.7,18.2,17.2,17.5
20260625,シルバーゴールド,74.0,54.7,37.3,19.3,19.3,17.4,18.0,19.3
20260625,アルティシモ,67.0,49.9,33.2,16.6,17.1,16.7,16.6,16.6
20260625,テリオスサラ,55.2,40.3,26.5,12.6,14.9,13.8,13.9,12.6
20260625,ファインサマーデイ,56.2,41.1,26.8,12.6,15.1,14.3,14.2,12.6
20260625,トクシーカイザー,57.2,41.0,26.6,13.0,16.2,14.4,13.6,13.0
20260625,クリスマスパレード,55.2,40.6,25.3,12.3,14.6,15.3,13.0,12.3
20260625,シアワセチョウサン,58.5,43.4,28.7,14.2,15.1,14.7,14.5,14.2
20260625,ジェントルアイズ,55.6,40.2,26.5,13.0,15.4,13.7,13.5,13.0
20260625,クールボビー,55.4,40.0,26.3,12.9,15.4,13.7,13.4,12.9
20260625,ラヴィプランドール,59.3,44.0,29.2,14.7,15.3,14.8,14.5,14.7
20260625,レディリリス,68.8,50.6,32.5,15.7,18.2,18.1,16.8,15.7
20260625,アヴァランチ,60.7,44.3,28.6,14.4,16.4,15.7,14.2,14.4
20260625,ソアサージュ,60.1,44.8,29.9,14.8,15.3,14.9,15.1,14.8
20260625,エコロゼット,68.6,50.8,33.8,17.4,17.8,17.0,16.4,17.4
20260625,ゼフィリア,68.5,50.8,33.7,17.3,17.7,17.1,16.4,17.3
20260625,メイドリーム,67.8,50.0,33.0,16.8,17.8,17.0,16.2,16.8
20260625,ブルスカメンテ,64.9,47.6,30.8,15.7,17.3,16.8,15.1,15.7
20260625,シャルトル,64.2,47.2,31.3,15.6,17.0,15.9,15.7,15.6
20260625,スピニンググローブ,66.7,48.5,31.1,15.5,18.2,17.4,15.6,15.5
20260625,モンテール,68.8,50.8,33.8,16.9,18.0,17.0,16.9,16.9
20260625,フォンテキアーラ,69.3,50.2,32.9,16.6,19.1,17.3,16.3,16.6
20260625,ルージュスエルテ,56.3,41.4,27.5,13.5,14.9,13.9,14.0,13.5
20260625,ホテルストリート,55.8,41.9,27.5,13.9,13.9,14.4,13.6,13.9
20260625,フォルスラヴィ,65.1,48.5,32.6,16.6,16.6,15.9,16.0,16.6
20260625,ソチミルコ,57.6,41.5,26.6,12.7,16.1,14.9,13.9,12.7
20260625,ニチヤヲツイデ,72.1,53.3,35.7,18.6,18.8,17.6,17.1,18.6
20260625,ミサダメキメル,72.5,54.0,35.9,18.4,18.5,18.1,17.5,18.4
20260625,ソヴリンゲート,64.2,47.0,32.6,15.9,17.2,14.4,16.7,15.9
20260625,フォクセン,69.1,51.0,33.1,16.4,18.1,17.9,16.7,16.4
20260625,シュガーハイ,89.7,63.3,39.4,18.7,26.4,23.9,20.7,18.7
20260625,プティシラー,64.8,48.5,32.3,15.6,16.3,16.2,16.7,15.6
20260625,プレザントトーン,53.7,38.8,25.8,13.3,14.9,13.0,12.5,13.3
20260625,スカイダイバー,54.5,40.0,26.6,13.0,14.5,13.4,13.6,13.0
20260625,クモヒトツナイ,70.6,50.0,31.8,15.4,20.6,18.2,16.4,15.4
20260625,トワイライトサイト,69.0,51.5,34.5,17.4,17.5,17.0,17.1,17.4
20260625,ビップラージャ,71.3,52.7,35.0,17.4,18.6,17.7,17.6,17.4
20260625,キャンディメモリー,77.3,56.6,37.4,18.9,20.7,19.2,18.5,18.9
20260625,マーゴットリック,56.8,41.4,26.1,12.8,15.4,15.3,13.3,12.8
20260625,ミッキーファイト,64.9,48.0,31.9,16.0,16.9,16.1,15.9,16.0
20260625,レッドアバンドーネ,65.4,48.7,32.1,15.2,16.7,16.6,16.9,15.2
20260625,ロードベラヴィータ,65.3,48.6,31.9,15.0,16.7,16.7,16.9,15.0
20260625,フクオトコ,64.6,46.0,29.9,14.8,18.6,16.1,15.1,14.8
20260625,ジーティーブラック,64.3,46.2,30.4,14.9,18.1,15.8,15.5,14.9
20260625,スペーストラベラー,65.4,46.7,30.5,15.0,18.7,16.2,15.5,15.0
20260625,クリアクォーツ,71.8,52.3,34.4,17.1,19.5,17.9,17.3,17.1
20260625,デルマテイネ,70.8,51.6,34.5,17.6,19.2,17.1,16.9,17.6
20260625,アイファーティアラ,70.6,51.7,33.8,17.1,18.9,17.9,16.7,17.1
20260625,ワンダリングスター,69.8,51.4,33.8,16.7,18.4,17.6,17.1,16.7
20260625,ロジケープ,64.5,48.2,32.1,16.2,16.3,16.1,15.9,16.2
20260625,タイキラフター,64.6,47.1,30.8,15.1,17.5,16.3,15.7,15.1
20260625,スターマイン,67.8,49.8,33.0,15.9,18.0,16.8,17.1,15.9
20260625,ロードリュイール,63.6,46.7,30.3,15.1,16.9,16.4,15.2,15.1
20260625,ダノンダックス,65.7,48.7,31.8,15.6,17.0,16.9,16.2,15.6
20260625,ミッキーファイト,52.5,38.1,24.8,12.3,14.4,13.3,12.5,12.3
20260625,コスモティタノ,65.4,48.5,32.3,16.1,16.9,16.2,16.2,16.1
20260625,グランレーヴ,67.0,50.4,33.6,16.6,16.6,16.8,17.0,16.6
20260625,ニシノアトール,67.0,50.4,33.5,16.5,16.6,16.9,17.0,16.5
20260625,マイネルリシャール,63.2,47.7,32.1,16.2,15.5,15.6,15.9,16.2
20260625,ジーフォーリア,63.6,48.0,32.3,16.5,15.6,15.7,15.8,16.5
20260625,ブリスフル,66.8,49.4,32.3,16.3,17.4,17.1,16.0,16.3
20260625,ハッピーラッキー,66.0,48.6,31.5,15.6,17.4,17.1,15.9,15.6
20260625,ボールドサンダー,70.3,52.4,35.3,17.9,17.9,17.1,17.4,17.9
20260625,ハルマン,71.5,53.1,35.5,17.9,18.4,17.6,17.6,17.9
20260625,ハチキンキリシマ,69.3,51.5,34.0,16.6,17.8,17.5,17.4,16.6
20260625,ゲームチェンジャー,66.6,48.8,31.9,15.8,17.8,16.9,16.1,15.8
20260625,マンダリンボレロ,73.2,54.1,36.3,18.5,19.1,17.8,17.8,18.5
20260625,パッカパッカブー,69.6,49.9,32.2,15.8,19.7,17.7,16.4,15.8
20260625,ルイステソーロ,70.1,52.1,34.3,17.5,18.0,17.8,16.8,17.5
20260625,デルマテイネ,67.3,50.2,33.8,17.0,17.1,16.4,16.8,17.0
20260625,オーシャンミューズ,56.5,41.2,27.3,13.7,15.3,13.9,13.6,13.7
20260625,ヴェスタル,67.2,48.8,31.9,16.3,18.4,16.9,15.6,16.3
20260625,ニシノタカオ,67.8,49.1,32.0,16.0,18.7,17.1,16.0,16.0
20260625,ｷﾗｽﾃﾗの24,72.8,54.4,36.3,18.3,18.4,18.1,18.0,18.3
20260625,サザンキンレンカ,68.1,50.6,33.3,16.6,17.5,17.3,16.7,16.6
20260625,キーチジャステン,63.6,46.6,30.4,14.7,17.0,16.2,15.7,14.7
20260625,ステラルミノーザ,65.4,47.6,30.8,14.6,17.8,16.8,16.2,14.6
20260625,クイーンズワーフ,67.2,48.8,31.8,15.9,18.4,17.0,15.9,15.9
20260625,ジェットブレード,72.2,53.3,35.2,17.2,18.9,18.1,18.0,17.2
20260625,ミスターマーボー,68.6,50.5,33.8,16.9,18.1,16.7,16.9,16.9
20260625,ヴィンチェローズ,69.2,51.1,33.7,16.8,18.1,17.4,16.9,16.8
20260625,クールランナー,69.6,50.6,33.8,17.1,19.0,16.8,16.7,17.1
20260625,クシマトゥルー,53.9,39.1,25.1,12.4,14.8,14.0,12.7,12.4
20260625,ハクサンレイホウ,56.3,40.9,26.3,12.5,15.4,14.6,13.8,12.5
20260625,ドーンレイド,70.5,52.2,34.5,17.0,18.3,17.7,17.5,17.0
20260625,アドバンスアゲイン,55.3,39.8,25.8,12.6,15.5,14.0,13.2,12.6
20260625,ルーラーインパクト,74.1,55.8,37.2,18.7,18.3,18.6,18.5,18.7
20260625,ツクバアヴァロン,69.9,51.4,34.0,17.1,18.5,17.4,16.9,17.1
20260625,シェンロン,72.2,53.5,35.5,17.9,18.7,18.0,17.6,17.9
20260625,リコルディオーロ,72.2,52.8,34.2,16.2,19.4,18.6,18.0,16.2
20260625,ジオパークカツキ,72.3,52.8,34.3,16.3,19.5,18.5,18.0,16.3
20260625,ｱﾒﾘの24,72.8,54.2,36.0,18.2,18.6,18.2,17.8,18.2
20260625,ガビーズシスター,55.6,40.2,25.7,13.1,15.4,14.5,12.6,13.1
20260625,ベストミーエヴァー,52.5,37.8,24.3,12.1,14.7,13.5,12.2,12.1
20260625,トリエンナーレ,55.9,40.4,26.0,13.3,15.5,14.4,12.7,13.3
20260625,サトノスターライト,65.1,47.7,31.4,15.7,17.4,16.3,15.7,15.7
20260625,ヌクレオチド,64.5,47.2,31.2,15.8,17.3,16.0,15.4,15.8
20260625,キタノドンカルロ,55.0,40.4,26.3,12.9,14.6,14.1,13.4,12.9
20260625,エレガントステップ,54.0,39.4,25.8,12.8,14.6,13.6,13.0,12.8
20260625,ウスズミザクラ,55.3,40.7,26.7,13.2,14.6,14.0,13.5,13.2
20260625,ダノンセンチュリー,64.5,47.6,31.0,15.4,16.9,16.6,15.6,15.4
20260625,リーデレクオーレ,70.4,50.8,33.1,16.5,19.6,17.7,16.6,16.5
20260625,アロンズロッド,62.5,45.1,29.0,14.5,17.4,16.1,14.5,14.5
20260625,ジェニスタ,75.1,54.6,36.0,17.8,20.5,18.6,18.2,17.8
20260625,デフィレドール,72.9,53.2,34.5,17.1,19.7,18.7,17.4,17.1
20260625,タシット,70.8,52.4,33.9,16.8,18.4,18.5,17.1,16.8
20260625,ミルトハーバー,53.9,37.5,24.7,12.6,16.4,12.8,12.1,12.6
20260625,ファナティカル,71.6,53.6,34.5,16.9,18.0,19.1,17.6,16.9
20260625,マナイアカラニ,65.0,48.3,31.7,15.8,16.7,16.6,15.9,15.8
20260625,ニシノマキロイ,65.2,48.2,31.8,16.1,17.0,16.4,15.7,16.1
20260625,ネクストドア,72.7,51.8,33.4,16.6,20.9,18.4,16.8,16.6
20260625,イチザサンダー,68.5,50.6,32.9,16.0,17.9,17.7,16.9,16.0
20260625,ピコテンダー,59.4,43.8,28.8,14.3,15.6,15.0,14.5,14.3
20260625,ピコランド,58.9,44.0,28.6,14.1,14.9,15.4,14.5,14.1
20260625,クリールスル,67.3,50.5,33.7,16.8,16.8,16.8,16.9,16.8
20260625,タイセイジェイド,52.0,38.4,25.2,12.5,13.6,13.2,12.7,12.5
20260625,フィエスタ,55.5,40.2,26.0,13.0,15.3,14.2,13.0,13.0
20260625,ルージュマデイラ,57.5,41.7,26.6,12.7,15.8,15.1,13.9,12.7
20260625,グランスプリント,56.7,40.5,25.8,12.8,16.2,14.7,13.0,12.8
20260625,チェファルー,56.4,39.8,25.5,12.1,16.6,14.3,13.4,12.1
20260625,アーデントアイ,55.2,39.4,25.7,13.0,15.8,13.7,12.7,13.0
20260625,マリアンデール,56.5,40.7,26.1,12.5,15.8,14.6,13.6,12.5
20260625,レイクイーン,56.5,40.7,26.1,12.5,15.8,14.6,13.6,12.5
20260625,ムスペルヘイム,72.8,53.0,35.0,17.5,19.8,18.0,17.5,17.5
20260625,マニバドラ,53.3,38.5,25.0,12.7,14.8,13.5,12.3,12.7
20260625,スピリットライズ,66.3,48.2,31.0,15.1,18.1,17.2,15.9,15.1
20260625,グランドオーパス,56.0,40.2,25.9,12.6,15.8,14.3,13.3,12.6
20260625,ゼンノトヨタマヒメ,65.0,48.5,32.5,16.0,16.5,16.0,16.5,16.0
20260625,ラッキーシグネチャ,68.2,51.3,34.1,17.1,16.9,17.2,17.0,17.1
20260625,ベルドゥニュイ,69.0,51.3,34.0,17.0,17.7,17.3,17.0,17.0
20260625,アドバンスモダン,53.3,38.3,24.8,12.3,15.0,13.5,12.5,12.3
20260625,タイセイブリオン,68.8,50.6,32.7,16.1,18.2,17.9,16.6,16.1
20260625,スズカミエール,53.9,39.0,25.7,12.8,14.9,13.3,12.9,12.8
20260625,スマートプレシャス,56.8,39.9,25.6,12.7,16.9,14.3,12.9,12.7
20260625,メイショウピュルテ,61.5,43.0,27.2,13.3,18.5,15.8,13.9,13.3
20260625,エイシンニケ,53.8,39.2,25.3,12.7,14.6,13.9,12.6,12.7
20260625,アンヘリータス,54.0,39.2,25.4,12.8,14.8,13.8,12.6,12.8
20260625,トラゲット,68.9,50.7,33.9,17.5,18.2,16.8,16.4,17.5
20260625,ファミーリエ,69.7,50.9,33.6,17.1,18.8,17.3,16.5,17.1
20260625,ケイアイアルタイル,53.1,37.5,24.6,12.6,15.6,12.9,12.0,12.6
20260625,オーロラエックス,58.9,42.6,27.3,13.2,16.3,15.3,14.1,13.2
20260625,ウインラウダ,55.0,39.9,25.7,12.5,15.1,14.2,13.2,12.5
20260625,グランブリーゼ,56.8,40.3,25.8,12.9,16.5,14.5,12.9,12.9
20260625,ディアデムドール,54.0,38.8,25.2,12.8,15.2,13.6,12.4,12.8
20260625,コズミックフレア,70.4,49.9,31.9,15.5,20.5,18.0,16.4,15.5
20260625,シャローファースト,54.4,39.9,26.2,13.0,14.5,13.7,13.2,13.0
20260625,イーサンマリーン,69.0,50.1,32.9,15.6,18.9,17.2,17.3,15.6
20260625,ダノンチャンピオン,54.2,39.8,26.0,13.0,14.4,13.8,13.0,13.0
20260625,カウンティフェア,82.4,59.3,38.4,18.7,23.1,20.9,19.7,18.7
20260625,サカトクフェイス,67.9,50.6,34.1,17.0,17.3,16.5,17.1,17.0
20260625,フィオラーノ,65.4,47.8,31.4,15.6,17.6,16.4,15.8,15.6
20260625,リアライズブルーム,67.3,50.0,33.8,16.7,17.3,16.2,17.1,16.7
20260625,ショウナンバラモン,67.1,48.9,32.2,16.1,18.2,16.7,16.1,16.1
20260625,ｱｶｶﾎｰﾙの24,70.0,51.2,33.8,16.9,18.8,17.4,16.9,16.9
20260625,ハロナ,68.3,49.9,32.1,15.3,18.4,17.8,16.8,15.3
20260625,ハートノート,82.4,59.3,38.4,18.7,23.1,20.9,19.7,18.7
20260625,シャトンダンス,69.4,51.8,34.2,17.1,17.6,17.6,17.1,17.1
20260625,メイショウクーガー,56.0,40.3,25.5,12.2,15.7,14.8,13.3,12.2
20260625,バーケンティン,55.7,40.0,26.1,12.9,15.7,13.9,13.2,12.9
20260625,マーゴットガイア,66.6,48.9,32.3,15.6,17.7,16.6,16.7,15.6
20260625,シグロデオロ,67.9,50.3,33.7,17.0,17.6,16.6,16.7,17.0
20260625,エイシンキタールン,57.8,42.0,27.3,13.1,15.8,14.7,14.2,13.1
20260625,イクヒロ,54.7,39.7,25.4,12.4,15.0,14.3,13.0,12.4
20260625,スナークホクサイ,57.6,42.1,26.9,13.1,15.5,15.2,13.8,13.1
20260625,ルージュプルーヴ,56.2,40.7,26.8,13.6,15.5,13.9,13.2,13.6
20260625,ランズエンド,57.6,42.1,26.8,13.1,15.5,15.3,13.7,13.1
20260625,アスクゴクジョウ,58.8,41.7,26.9,13.3,17.1,14.8,13.6,13.3
20260625,ミライハーモニー,58.3,40.5,25.9,12.9,17.8,14.6,13.0,12.9
20260625,アスクヴォルテージ,67.6,48.4,32.2,16.2,19.2,16.2,16.0,16.2
20260625,ナリタヒカリ,66.4,49.5,33.3,17.0,16.9,16.2,16.3,17.0
20260625,サントルドパリ,66.7,48.7,32.3,16.1,18.0,16.4,16.2,16.1
20260625,ロンリーマン,67.7,49.9,33.7,16.9,17.8,16.2,16.8,16.9
20260625,ナムラサフラン,65.8,48.8,32.8,16.8,17.0,16.0,16.0,16.8
20260625,クローネンリーベ,68.0,50.4,33.4,16.9,17.6,17.0,16.5,16.9
20260625,ダノンアンチュラス,54.1,38.8,25.3,12.6,15.3,13.5,12.7,12.6
20260625,プシュパ,68.2,50.3,33.2,16.3,17.9,17.1,16.9,16.3
20260625,オヤツノジカン,70.8,51.5,33.6,16.4,19.3,17.9,17.2,16.4
20260625,アンドヴェローナ,70.8,52.2,34.1,16.8,18.6,18.1,17.3,16.8
20260625,ヒーローインチーフ,73.5,52.3,33.6,16.5,21.2,18.7,17.1,16.5
20260625,レイデラティエラ,53.2,37.8,24.6,12.4,15.4,13.2,12.2,12.4
20260625,ソリスディエス,52.6,37.8,24.5,12.1,14.8,13.3,12.4,12.1
20260625,シャリキモン,75.0,54.0,35.6,17.3,21.0,18.4,18.3,17.3
20260625,トーラスシャイン,68.7,50.1,32.6,16.1,18.6,17.5,16.5,16.1
20260625,ティンティンデオ,68.1,49.4,32.3,16.0,18.7,17.1,16.3,16.0
20260625,ケイテンアイジン,56.6,39.5,25.0,12.1,17.1,14.5,12.9,12.1
20260625,ダンツウルス,64.5,46.3,30.5,15.3,18.2,15.8,15.2,15.3
20260625,ﾌｧｰﾄｩｱの24,65.1,48.0,31.3,15.1,17.1,16.7,16.2,15.1
20260625,ナハティガル,65.8,48.2,31.4,15.2,17.6,16.8,16.2,15.2
20260625,オーロルドーレ,66.1,48.5,31.6,15.3,17.6,16.9,16.3,15.3
20260625,フェンダー,72.1,51.9,33.8,16.7,20.2,18.1,17.1,16.7
20260625,マーブルロック,58.4,42.2,26.7,12.6,16.2,15.5,14.1,12.6
20260625,サンライズフレイム,67.5,46.7,29.2,14.4,20.8,17.5,14.8,14.4
20260625,メイプルキュート,56.3,40.5,26.2,13.0,15.8,14.3,13.2,13.0
20260625,シエーナカラー,56.5,40.6,26.3,13.1,15.9,14.3,13.2,13.1
20260625,リトセア,71.1,51.9,33.2,16.2,19.2,18.7,17.0,16.2
20260625,テーオーライガ,73.8,54.9,36.2,18.0,18.9,18.7,18.2,18.0
20260625,セールヴォラン,54.9,39.5,25.3,12.3,15.4,14.2,13.0,12.3
20260625,トウカイポワール,69.7,50.5,33.0,16.3,19.2,17.5,16.7,16.3
20260625,エブリデイ,67.2,48.1,30.8,15.2,19.1,17.3,15.6,15.2
20260625,ブラックブレット,55.4,40.1,26.3,13.2,15.3,13.8,13.1,13.2
20260625,ﾌﾟﾛﾃﾞｨｼﾞｬｽの24,69.9,50.1,32.3,16.0,19.8,17.8,16.3,16.0
20260625,ヘキレキ,72.1,50.9,32.7,15.9,21.2,18.2,16.8,15.9
20260625,シャンデルナゴル,70.6,51.7,33.3,16.2,18.9,18.4,17.1,16.2
20260625,アウトレンジ,65.6,48.3,32.0,15.7,17.3,16.3,16.3,15.7
20260625,ヴェロクオーレ,56.0,39.7,25.3,12.0,16.3,14.4,13.3,12.0
20260625,ミッキーコンドル,66.2,48.3,32.0,15.9,17.9,16.3,16.1,15.9
20260625,クープグラッセ,69.7,51.1,33.3,16.2,18.6,17.8,17.1,16.2
20260625,ワンダーゾルダート,54.7,39.9,26.1,13.2,14.8,13.8,12.9,13.2
20260625,メイショウタカネ,71.2,52.2,33.6,16.6,19.0,18.6,17.0,16.6
20260625,ダノンロワール,65.2,47.3,30.6,14.9,17.9,16.7,15.7,14.9
20260625,パープルウインド,54.9,39.8,25.6,12.7,15.1,14.2,12.9,12.7
20260625,ホープフルロマン,56.2,41.5,27.3,14.0,14.7,14.2,13.3,14.0
20260625,クインズシャウラ,72.2,52.4,33.8,16.4,19.8,18.6,17.4,16.4
20260625,コリカンチャ,55.9,40.2,25.9,12.7,15.7,14.3,13.2,12.7
20260625,マウンテンバローズ,68.0,50.1,33.6,16.2,17.9,16.5,17.4,16.2
20260625,マイフレダ,66.0,48.4,32.4,16.4,17.6,16.0,16.0,16.4
20260625,ゲームイズマイン,66.2,48.5,32.3,16.4,17.7,16.2,15.9,16.4
20260625,ランウインディ,56.0,41.2,26.9,13.6,14.8,14.3,13.3,13.6
20260625,ヴィヴァシャス,60.5,44.0,28.7,14.3,16.5,15.3,14.4,14.3
20260625,ドントゥール,70.6,53.0,35.2,17.5,17.6,17.8,17.7,17.5
20260625,メイショウミカワ,72.4,53.2,35.3,17.4,19.2,17.9,17.9,17.4
20260625,ソーニーイシュー,69.1,50.5,32.4,15.7,18.6,18.1,16.7,15.7
20260625,ラブカムーン,62.1,46.0,30.4,15.1,16.1,15.6,15.3,15.1
20260625,カミノトップワン,69.7,50.5,32.8,16.1,19.2,17.7,16.7,16.1
20260625,ダディーズトリップ,68.8,51.0,33.5,16.5,17.8,17.5,17.0,16.5
20260625,リアルペガサス,70.5,52.3,34.9,17.6,18.2,17.4,17.3,17.6
20260625,カネコメファミリー,65.1,48.0,32.0,15.9,17.1,16.0,16.1,15.9
20260625,ミヤノラングリー,67.2,49.7,33.0,16.5,17.5,16.7,16.5,16.5
20260625,スマートティアナ,71.1,51.9,34.1,16.9,19.2,17.8,17.2,16.9
20260625,アイルトン,53.4,38.9,25.1,12.3,14.5,13.8,12.8,12.3
20260625,ラミエルノムスコ,69.6,50.5,33.8,16.2,19.1,16.7,17.6,16.2
20260625,エコテーラー,72.3,52.7,34.8,17.6,19.6,17.9,17.2,17.6
20260625,ニホンピロトッティ,54.5,38.6,24.8,12.2,15.9,13.8,12.6,12.2
20260625,システマソラー,66.4,48.0,31.7,15.3,18.4,16.3,16.4,15.3
20260625,ロングジーニアス,54.9,40.2,26.1,12.9,14.7,14.1,13.2,12.9
20260625,ナブッコ,66.0,48.0,31.7,15.0,18.0,16.3,16.7,15.0
20260625,ミッキーラヴィータ,55.7,40.9,26.9,13.4,14.8,14.0,13.5,13.4
20260625,ジョイザモーメント,67.2,49.5,32.3,15.9,17.7,17.2,16.4,15.9
20260625,ビバームス,54.7,40.1,26.1,12.9,14.6,14.0,13.2,12.9
20260625,ﾏﾛﾝﾊﾟﾝﾅの24,67.6,49.5,32.3,16.0,18.1,17.2,16.3,16.0
20260625,サンマルノヴェル,69.8,51.4,34.0,17.2,18.4,17.4,16.8,17.2
20260625,ハクサンリング,67.1,48.8,31.7,15.6,18.3,17.1,16.1,15.6
20260625,ツーエムマドンナ,72.3,53.4,35.6,18.1,18.9,17.8,17.5,18.1
20260625,シャインユウ,72.0,52.3,34.5,17.4,19.7,17.8,17.1,17.4
20260625,ファイツオン,53.1,38.6,25.1,12.5,14.5,13.5,12.6,12.5
20260625,セレーネサンライズ,82.1,60.7,39.6,19.2,21.4,21.1,20.4,19.2
20260625,ワイドブラーヴ,82.8,61.0,39.9,20.1,21.8,21.1,19.8,20.1
20260625,メイショウショカツ,75.9,55.2,36.2,17.9,20.7,19.0,18.3,17.9
20260625,メイショウマントル,70.7,51.1,32.8,15.9,19.6,18.3,16.9,15.9
20260625,アスターブジエ,70.5,51.3,33.9,17.1,19.2,17.4,16.8,17.1
20260625,タイゼンジジャク,70.5,51.3,33.5,16.6,19.2,17.8,16.9,16.6
20260625,アセンシオン,65.0,48.2,31.5,15.7,16.8,16.7,15.8,15.7
20260625,メイショウカスガイ,54.1,39.3,25.5,12.5,14.8,13.8,13.0,12.5
20260625,カワキタベレッタ,54.1,39.3,25.5,12.4,14.8,13.8,13.1,12.4
20260625,フリーレイン,70.6,52.2,34.8,17.1,18.4,17.4,17.7,17.1
20260625,スカイマイルタワー,72.5,51.8,34.4,17.2,20.7,17.4,17.2,17.2
20260625,アレーティア,71.9,53.8,36.0,17.9,18.1,17.8,18.1,17.9
20260625,ゴールドアベニュー,64.8,46.7,30.0,14.6,18.1,16.7,15.4,14.6
20260625,ジーティーアリア,65.1,48.1,31.8,15.9,17.0,16.3,15.9,15.9
20260625,ジョリープリュム,73.1,54.1,36.2,17.8,19.0,17.9,18.4,17.8
20260625,ジョルティーニ,73.0,53.5,35.6,17.4,19.5,17.9,18.2,17.4
20260625,ミニヨンダンサー,70.8,51.1,34.0,16.9,19.7,17.1,17.1,16.9
20260625,レッドタイラント,70.5,51.1,33.5,16.5,19.4,17.6,17.0,16.5
20260625,メイショウナルカミ,55.1,40.2,26.1,12.4,14.9,14.1,13.7,12.4
20260625,ハッピーダンチャン,65.6,46.5,29.4,14.3,19.1,17.1,15.1,14.3
20260625,ナデシコザクラ,70.1,52.2,34.2,16.4,17.9,18.0,17.8,16.4
20260625,メイショウジーニー,69.6,52.3,34.9,18.0,17.3,17.4,16.9,18.0
20260625,レディマリオン,67.7,49.8,32.2,15.7,17.9,17.6,16.5,15.7
20260625,マテンロウコマンド,66.8,49.7,32.7,16.1,17.1,17.0,16.6,16.1
20260625,コウセキ,68.7,50.6,33.5,16.6,18.1,17.1,16.9,16.6
20260625,キシュウマミー,69.4,50.4,33.1,16.6,19.0,17.3,16.5,16.6
20260625,コメットサン,68.2,49.8,33.0,16.5,18.4,16.8,16.5,16.5
20260625,ピオニエーレ,62.7,45.5,29.6,14.6,17.2,15.9,15.0,14.6
20260625,オーマイラッキーン,64.1,47.0,30.6,15.4,17.1,16.4,15.2,15.4
20260625,ワイノナオミ,57.7,42.1,26.9,12.9,15.6,15.2,14.0,12.9
20260625,ツーピース,56.8,41.0,26.0,12.7,15.8,15.0,13.3,12.7
20260625,エテルネルバイオ,77.6,57.1,37.7,18.7,20.5,19.4,19.0,18.7
20260625,レヴロード,68.6,50.3,33.1,15.9,18.3,17.2,17.2,15.9
20260625,シーザットガール,77.8,57.3,37.8,18.7,20.5,19.5,19.1,18.7
20260625,エイコーンドリーム,66.2,48.9,32.5,16.5,17.3,16.4,16.0,16.5
20260625,シュタルク,62.5,46.3,30.1,15.0,16.2,16.2,15.1,15.0
20260625,ケンシロウワールド,71.1,52.1,34.5,17.5,19.0,17.6,17.0,17.5
20260625,ユウェンタース,72.4,54.2,36.5,18.5,18.2,17.7,18.0,18.5
20260625,タガノエルー,73.4,53.3,35.3,17.4,20.1,18.0,17.9,17.4
20260625,コパノマハロ,72.3,54.0,36.4,18.3,18.3,17.6,18.1,18.3
20260625,エンマ,70.7,51.1,33.3,16.7,19.6,17.8,16.6,16.7
20260625,ビエントゾンダ,71.8,52.8,35.2,17.5,19.0,17.6,17.7,17.5
20260625,ジューンルル,71.2,51.9,34.7,17.1,19.3,17.2,17.6,17.1
20260625,ブルーノート,56.5,39.2,25.0,12.3,17.3,14.2,12.7,12.3
20260625,プロスト,67.2,48.0,31.3,15.8,19.2,16.7,15.5,15.8
20260625,マルモリキャスター,71.3,51.2,33.6,16.7,20.1,17.6,16.9,16.7
20260625,ケイアイブラック,68.0,48.3,31.6,15.9,19.7,16.7,15.7,15.9
20260625,ビーマックス,50.3,36.7,24.6,12.6,13.6,12.1,12.0,12.6
20260625,ウォーターエルピス,52.0,37.8,24.7,12.4,14.2,13.1,12.3,12.4
20260625,セントピュアベース,68.2,50.3,33.3,17.1,17.9,17.0,16.2,17.1
20260625,マサノエクスプレス,67.2,49.7,33.1,16.7,17.5,16.6,16.4,16.7
20260625,エイダンバローズ,69.5,49.1,32.9,16.2,20.4,16.2,16.7,16.2
20260625,ランゲ,74.7,54.7,35.8,17.8,20.0,18.9,18.0,17.8
20260625,ﾒｲｼｮｳﾏﾝｻｸの24,74.7,54.7,35.8,17.8,20.0,18.9,18.0,17.8
20260625,ギュルヴィ,66.0,47.1,30.4,14.8,18.9,16.7,15.6,14.8
20260625,レッドバベル,68.5,50.5,33.4,17.0,18.0,17.1,16.4,17.0
20260625,ジワールドコア,75.4,54.8,35.4,17.3,20.6,19.4,18.1,17.3
20260625,トレビスドンナ,72.8,52.8,34.4,17.2,20.0,18.4,17.2,17.2
20260625,サンポーニャ,53.8,39.1,25.3,12.4,14.7,13.8,12.9,12.4
20260625,スリリングチェイス,52.2,37.5,24.1,12.1,14.7,13.4,12.0,12.1
20260625,ペルセポネ,54.4,38.4,24.4,12.1,16.0,14.0,12.3,12.1
20260625,チュオンソン,69.1,51.0,33.3,15.8,18.1,17.7,17.5,15.8
20260625,ダノンハドソン,55.4,39.9,25.8,12.5,15.5,14.1,13.3,12.5
20260625,ハギノアルデバラン,56.9,40.6,25.5,12.2,16.3,15.1,13.3,12.2
20260625,ダノンミッドナイト,65.7,48.6,32.3,16.0,17.1,16.3,16.3,16.0
20260625,サイン,65.5,47.4,30.7,15.1,18.1,16.7,15.6,15.1
20260625,グッジョブ,57.8,42.8,28.2,14.4,15.0,14.6,13.8,14.4
20260625,ヴァンヴィーヴ,69.2,50.7,33.2,16.2,18.5,17.5,17.0,16.2
20260625,ジャスティンガルフ,54.0,38.7,24.8,12.1,15.3,13.9,12.7,12.1
20260625,イツモニコニコ,52.1,37.3,24.1,12.1,14.8,13.2,12.0,12.1
20260625,テスティモーネ,57.1,41.4,26.1,13.2,15.7,15.3,12.9,13.2
20260625,アルウラメファ,56.8,41.0,26.5,13.1,15.8,14.5,13.4,13.1
20260625,ウォーブレイク,67.0,49.5,32.8,15.8,17.5,16.7,17.0,15.8
20260625,テーオーソラネル,53.7,38.9,24.8,12.2,14.8,14.1,12.6,12.2
20260625,ガイアメンテ,53.9,39.0,24.8,12.1,14.9,14.2,12.7,12.1
20260625,レーゼドラマ,64.0,45.6,29.7,14.6,18.4,15.9,15.1,14.6
20260625,サニーサルサ,51.6,37.2,24.1,12.3,14.4,13.1,11.8,12.3
20260625,ジョーヴェスタ,66.6,49.6,32.7,16.3,17.0,16.9,16.4,16.3
20260625,コースタルロード,67.4,48.9,32.3,16.5,18.5,16.6,15.8,16.5
20260625,ララディアーブル,66.4,48.6,32.5,16.3,17.8,16.1,16.2,16.3
20260625,ゴリョウセイ,66.1,48.2,31.1,15.4,17.9,17.1,15.7,15.4
20260625,バチラ,52.5,38.0,24.6,12.4,14.5,13.4,12.2,12.4
20260625,ショウナンバンライ,68.4,50.3,32.8,16.2,18.1,17.5,16.6,16.2
20260625,リンフレスカンテ,69.2,50.1,33.0,16.6,19.1,17.1,16.4,16.6
20260625,シュラザック,54.8,39.1,25.0,12.3,15.7,14.1,12.7,12.3
20260625,ジーティーアダマン,63.8,46.5,30.6,14.8,17.3,15.9,15.8,14.8
20260625,ﾗﾋﾞﾙｷﾝの24,68.0,49.9,32.8,16.5,18.1,17.1,16.3,16.5
20260625,ツーエムブレード,68.7,51.3,33.8,16.7,17.4,17.5,17.1,16.7
20260625,ショウナンハウル,53.9,39.0,25.5,12.8,14.9,13.5,12.7,12.8
20260625,キタノプレミアム,53.1,38.7,25.3,12.9,14.4,13.4,12.4,12.9
20260625,グレートキリシマ,55.4,40.8,26.9,13.5,14.6,13.9,13.4,13.5
20260625,プシュカル,56.4,40.1,25.9,12.7,16.3,14.2,13.2,12.7
20260625,リヴィエラヴィル,58.4,43.4,28.3,13.6,15.0,15.1,14.7,13.6
20260625,タイムレスフレアー,70.6,51.0,33.1,16.3,19.6,17.9,16.8,16.3
20260625,クロリス,71.9,53.4,35.4,17.2,18.5,18.0,18.2,17.2
20260625,エモティコン,71.4,52.8,34.0,17.4,18.6,18.8,16.6,17.4
20260625,レーンアジリティ,71.5,52.5,34.8,17.6,19.0,17.7,17.2,17.6
20260625,ファミリーツリー,54.5,39.4,25.5,12.5,15.1,13.9,13.0,12.5
20260625,タマモナポリ,54.9,40.4,26.5,13.2,14.5,13.9,13.3,13.2
20260625,レヴォントゥレット,65.2,47.5,31.6,15.8,17.7,15.9,15.8,15.8
20260625,ラグナトーレ,53.4,38.6,25.1,12.3,14.8,13.5,12.8,12.3
20260625,ゴッドアミーラ,52.5,37.9,24.6,12.0,14.6,13.3,12.6,12.0
20260625,フリーガー,68.2,49.3,32.1,15.9,18.9,17.2,16.2,15.9
20260625,ホワイトフレイムス,63.9,46.7,30.2,14.9,17.2,16.5,15.3,14.9
20260625,ホウオウワイズ,64.2,47.1,30.4,14.6,17.1,16.7,15.8,14.6
20260625,エリカリヴァプール,75.4,55.0,35.4,17.1,20.4,19.6,18.3,17.1
20260625,アリアニコ,77.2,55.9,35.9,17.5,21.3,20.0,18.4,17.5
20260625,ノーブルセプター,77.1,54.9,35.3,17.3,22.2,19.6,18.0,17.3
20260625,ペイシャヴァルツー,69.6,51.1,33.4,16.3,18.5,17.7,17.1,16.3
20260625,マイネルブラントン,78.4,56.5,36.5,18.1,21.9,20.0,18.4,18.1
20260625,ウインリュクス,56.9,41.4,26.4,12.6,15.5,15.0,13.8,12.6
20260625,ルマンサルト,53.1,38.7,24.9,12.3,14.4,13.8,12.6,12.3
20260625,ウインガウェイン,53.7,39.0,25.2,12.5,14.7,13.8,12.7,12.5
20260625,ウィモウェ,56.9,41.3,26.4,12.7,15.6,14.9,13.7,12.7
20260625,セキゾウ,65.6,48.7,32.3,16.6,16.9,16.4,15.7,16.6
20260625,レインインザスカイ,65.6,48.2,31.5,15.4,17.4,16.7,16.1,15.4
20260625,ジーティーアンバー,66.8,49.8,33.3,16.5,17.0,16.5,16.8,16.5
20260625,ラルヴァンダード,68.0,49.3,32.0,15.9,18.7,17.3,16.1,15.9
20260625,サンライズビッグ,67.8,49.1,32.4,16.0,18.7,16.7,16.4,16.0
20260625,サンライズエイト,67.8,49.2,32.5,16.0,18.6,16.7,16.5,16.0
20260625,キーガッツ,55.6,40.4,26.1,12.9,15.2,14.3,13.2,12.9
20260625,ブルーマッキンジー,54.2,38.9,25.0,12.3,15.3,13.9,12.7,12.3
20260625,タイセイレスポンス,67.4,48.6,31.4,15.2,18.8,17.2,16.2,15.2
20260625,ボンボンベイビー,64.0,47.2,31.5,16.2,16.8,15.7,15.3,16.2
20260625,ハヤテノオジョー,58.1,41.8,26.6,13.0,16.3,15.2,13.6,13.0
20260625,ﾅﾊﾟｰｼﾞｭｹｲｸの24,66.8,49.3,32.6,16.4,17.5,16.7,16.2,16.4
20260625,ユーダブルワン,57.4,41.9,27.1,12.8,15.5,14.8,14.3,12.8
20260625,インティサール,64.9,47.4,31.2,15.6,17.5,16.2,15.6,15.6
20260625,ホットロッドハート,58.3,42.6,27.8,13.9,15.7,14.8,13.9,13.9
20260625,マスターストーン,64.1,47.6,31.3,15.6,16.5,16.3,15.7,15.6
20260625,レインオンミー,73.7,54.2,35.5,18.2,19.5,18.7,17.3,18.2
20260625,ルーチェブリラーレ,72.9,54.0,35.4,17.8,18.9,18.6,17.6,17.8
20260625,マサノカナリア,56.4,41.3,26.7,13.5,15.1,14.6,13.2,13.5
20260625,ラホーヤアイズ,65.1,48.5,32.2,16.2,16.6,16.3,16.0,16.2
20260625,ダノンプリマ,65.0,47.3,31.1,15.7,17.7,16.2,15.4,15.7
20260625,ザムーン,67.1,49.3,32.4,15.8,17.8,16.9,16.6,15.8
20260625,グロリアスニケ,67.9,48.6,31.5,15.3,19.3,17.1,16.2,15.3
20260625,スマートクラビ,63.8,47.7,32.0,16.5,16.1,15.7,15.5,16.5
20260625,リヒトミューレ,65.4,47.8,31.8,16.3,17.6,16.0,15.5,16.3
20260625,マイエスタ,69.8,51.9,34.8,17.1,17.9,17.1,17.7,17.1
20260625,サンライズアリオン,65.4,47.9,31.4,15.8,17.5,16.5,15.6,15.8
20260625,マーゴットプレ,68.7,51.1,34.6,17.6,17.6,16.5,17.0,17.6
20260625,マーゴットヴィム,69.3,50.1,33.4,17.0,19.2,16.7,16.4,17.0
20260625,イザショウブ,55.4,40.2,26.2,13.2,15.2,14.0,13.0,13.2
20260625,メイショウケンゴウ,56.8,41.7,27.5,13.9,15.1,14.2,13.6,13.9
20260625,レアアース,56.7,41.6,27.4,13.9,15.1,14.2,13.5,13.9
20260625,ドラゴンテイラー,66.4,48.6,31.3,15.4,17.8,17.3,15.9,15.4
20260625,マイベスティー,66.6,48.5,32.0,15.5,18.1,16.5,16.5,15.5
20260625,ダノンオブアイデア,68.9,49.1,31.8,15.7,19.8,17.3,16.1,15.7
20260625,ジャスパーグレイト,53.4,39.4,26.2,13.4,14.0,13.2,12.8,13.4
20260625,サンマルパトロール,68.8,50.9,33.4,16.6,17.9,17.5,16.8,16.6
20260625,タマモフリージア,68.5,50.5,33.2,16.5,18.0,17.3,16.7,16.5
20260625,ピースオブザライフ,68.3,50.7,33.5,16.6,17.6,17.2,16.9,16.6
20260625,ゲタリア,68.5,50.2,33.5,16.4,18.3,16.7,17.1,16.4
20260625,クランズクラウン,69.1,50.1,33.5,16.6,19.0,16.6,16.9,16.6
20260625,シュヴァルツリーベ,55.3,39.7,25.1,12.4,15.6,14.6,12.7,12.4
20260625,ナムラモモ,57.8,41.9,27.3,13.5,15.9,14.6,13.8,13.5
20260624,ダンツファイター,55.2,40.0,26.5,13.0,15.2,13.5,13.5,13.0
20260624,ブライトラン,59.2,42.9,27.9,14.0,16.3,15.0,13.9,14.0
20260624,サノノグレーター,56.9,42.2,27.9,13.8,14.7,14.3,14.1,13.8
20260624,ミリオングローリー,55.5,40.3,26.5,13.0,15.2,13.8,13.5,13.0
20260624,アジアントレジャー,55.8,40.7,26.9,13.1,15.1,13.8,13.8,13.1
20260624,ユキマル,65.5,47.9,30.8,15.5,17.6,17.1,15.3,15.5
20260624,ハニーコム,70.0,51.8,34.0,16.6,18.2,17.8,17.4,16.6
20260624,ショウナンヤッホー,53.3,39.3,25.4,12.5,14.0,13.9,12.9,12.5
20260624,デルマアポロニア,69.8,51.3,33.7,16.8,18.5,17.6,16.9,16.8
20260624,グランプラネッタ,52.5,38.6,25.7,12.8,13.9,12.9,12.9,12.8
20260624,グレイスルーラー,54.5,39.5,26.0,13.1,15.0,13.5,12.9,13.1
20260624,ロイヤルスパイア,51.9,37.9,24.7,12.1,14.0,13.2,12.6,12.1
20260624,モズタンケ,52.6,38.4,24.9,12.0,14.2,13.5,12.9,12.0
20260624,ルージュアリスタ,54.2,39.2,25.5,12.6,15.0,13.7,12.9,12.6
20260624,ブーケドリス,53.1,38.3,24.8,12.1,14.8,13.5,12.7,12.1
20260624,ブッチギレ,52.3,38.4,25.1,12.2,13.9,13.3,12.9,12.2
20260624,タクミオジュウ,52.4,38.6,25.7,12.8,13.8,12.9,12.9,12.8
20260624,エニシングゴース,54.9,39.8,26.3,13.3,15.1,13.5,13.0,13.3
20260624,ブルーリボン,54.3,39.4,25.9,13.1,14.9,13.5,12.8,13.1
20260624,ランフォーザエイジ,52.9,39.2,26.4,13.7,13.7,12.8,12.7,13.7
20260624,トーアトリニダー,53.0,39.2,26.4,13.6,13.8,12.8,12.8,13.6
20260624,タシット,67.8,50.0,32.8,16.4,17.8,17.2,16.4,16.4
20260624,フミサウンド,59.6,43.7,28.6,14.5,15.9,15.1,14.1,14.5
20260624,カフェロワドール,63.6,47.0,30.9,15.3,16.6,16.1,15.6,15.3
20260624,スマイルディシー,63.2,48.2,31.3,15.6,15.0,16.9,15.7,15.6
20260624,チギリ,59.5,43.6,28.6,14.5,15.9,15.0,14.1,14.5
20260624,ゴールドジェスター,55.8,40.7,26.4,13.0,15.1,14.3,13.4,13.0
20260624,ニシノイストワール,60.6,44.3,29.0,14.4,16.3,15.3,14.6,14.4
20260624,アンコンケラブル,67.8,50.7,34.3,16.6,17.1,16.4,17.7,16.6
20260624,ヴァルカンテソーロ,71.5,51.3,33.1,16.7,20.2,18.2,16.4,16.7
20260624,セシルブリュネ,70.8,52.3,34.7,16.9,18.5,17.6,17.8,16.9
20260624,グレイシエーション,71.0,52.1,34.6,17.3,18.9,17.5,17.3,17.3
20260624,ジーナグレイス,54.7,39.5,25.6,12.3,15.2,13.9,13.3,12.3
20260624,カペラテソーロ,68.1,50.6,34.2,17.2,17.5,16.4,17.0,17.2
20260624,ヤマニンスペッキオ,56.2,41.2,26.7,12.9,15.0,14.5,13.8,12.9
20260624,ミクニルミナス,56.3,41.2,26.7,13.0,15.1,14.5,13.7,13.0
20260624,シーズアウルフ,73.2,54.0,35.9,17.6,19.2,18.1,18.3,17.6
20260624,ミカミッチー,54.8,39.5,25.7,12.3,15.3,13.8,13.4,12.3
20260624,ビッグフラワー,72.2,53.0,34.6,17.2,19.2,18.4,17.4,17.2
20260624,プリュノワール,70.5,52.3,35.3,17.8,18.2,17.0,17.5,17.8
20260624,コスモアチーブ,66.7,48.8,32.1,15.8,17.9,16.7,16.3,15.8
20260624,ヴォンサクレ,66.1,48.3,32.0,16.3,17.8,16.3,15.7,16.3
20260624,リバーブレーション,69.7,51.1,33.3,16.5,18.6,17.8,16.8,16.5
20260624,リアアーテシアン,53.3,38.9,25.2,12.2,14.4,13.7,13.0,12.2
20260624,リオハリソンメリー,71.9,53.2,35.5,17.2,18.7,17.7,18.3,17.2
20260624,リマーカブル,55.3,40.3,26.2,13.1,15.0,14.1,13.1,13.1
20260624,エイシンウルクンデ,68.4,50.2,33.2,16.4,18.2,17.0,16.8,16.4
20260624,アドマイヤミラ,71.3,53.0,35.3,17.5,18.3,17.7,17.8,17.5
20260624,ボンジュールパリ,71.3,53.1,35.3,17.7,18.2,17.8,17.6,17.7
20260624,ロジアコース,71.3,53.1,35.2,17.5,18.2,17.9,17.7,17.5
20260624,エマルタ,69.9,51.1,34.5,17.6,18.8,16.6,16.9,17.6
20260624,ブルージェイ,72.4,52.8,35.0,17.2,19.6,17.8,17.8,17.2
20260624,サクラトップリアル,64.8,47.1,30.3,15.1,17.7,16.8,15.2,15.1
20260624,ディマイザキッド,71.9,52.2,34.0,16.8,19.7,18.2,17.2,16.8
20260624,カーニバルウェイ,71.9,52.4,34.1,16.8,19.5,18.3,17.3,16.8
20260624,ジャストビコーズ,63.4,46.7,31.2,15.3,16.7,15.5,15.9,15.3
20260624,イゲマジャ,70.4,51.5,33.7,16.7,18.9,17.8,17.0,16.7
20260624,エストレアボニータ,66.1,48.4,31.9,16.1,17.7,16.5,15.8,16.1
20260624,フジフォンテ,55.2,40.1,26.2,13.1,15.1,13.9,13.1,13.1
20260624,ダノンクラウディア,54.2,39.0,24.8,12.2,15.2,14.2,12.6,12.2
20260624,テルケンレンタッチ,70.0,52.2,34.8,17.3,17.8,17.4,17.5,17.3
20260624,キタノドンカルロ,67.0,48.7,31.8,16.1,18.3,16.9,15.7,16.1
20260624,プロミスライン,54.6,39.1,25.0,12.2,15.5,14.1,12.8,12.2
20260624,ルーラーインパクト,72.2,54.2,35.6,17.4,18.0,18.6,18.2,17.4
20260624,セイウンリリーナ,78.8,58.0,37.8,18.2,20.8,20.2,19.6,18.2
20260624,ライングラウス,79.5,58.5,37.8,18.0,21.0,20.7,19.8,18.0
20260624,アートオブブライト,72.6,53.5,35.3,17.7,19.1,18.2,17.6,17.7
20260624,モミスケ,71.7,53.0,35.3,17.9,18.7,17.7,17.4,17.9
20260624,モヴレクス,54.6,40.4,26.3,12.9,14.2,14.1,13.4,12.9
20260624,エーデル,52.6,38.3,25.0,12.4,14.3,13.3,12.6,12.4
20260624,ピエナフェーヴル,55.6,40.2,25.5,12.5,15.4,14.7,13.0,12.5
20260624,ラルフテソーロ,53.8,39.4,25.3,12.0,14.4,14.1,13.3,12.0
20260624,ブルーユンチェリー,82.7,61.5,40.4,20.0,21.2,21.1,20.4,20.0
20260624,サードウインド,54.0,39.3,25.3,12.5,14.7,14.0,12.8,12.5
20260624,アレクレア,66.4,48.6,31.8,16.0,17.8,16.8,15.8,16.0
20260624,フォンデネージュ,64.5,47.1,30.8,15.4,17.4,16.3,15.4,15.4
20260624,カンフーヒーロー,70.3,51.5,33.1,16.0,18.8,18.4,17.1,16.0
20260624,ヌクレオチド,65.9,48.1,31.5,16.1,17.8,16.6,15.4,16.1
20260624,ナツミカンチャン,54.2,38.9,25.2,12.2,15.3,13.7,13.0,12.2
20260624,サイモングリーマン,71.1,52.3,34.8,16.9,18.8,17.5,17.9,16.9
20260624,アッパーウォーター,54.4,38.9,25.2,12.2,15.5,13.7,13.0,12.2
20260624,オスロクィーン,64.0,46.9,30.6,15.1,17.1,16.3,15.5,15.1
20260624,ヴェットビルズ,71.3,51.8,34.4,16.8,19.5,17.4,17.6,16.8
20260624,ピリナカピリナ,54.4,39.1,25.4,12.3,15.3,13.7,13.1,12.3
20260624,フェスティヴビーム,74.3,54.8,35.8,17.6,19.5,19.0,18.2,17.6
20260624,シルトホルン,70.3,51.7,34.0,16.8,18.6,17.7,17.2,16.8
20260624,ステートオブロック,53.6,38.5,24.8,12.0,15.1,13.7,12.8,12.0
20260624,カガラプンツェル,66.0,48.8,32.6,16.3,17.2,16.2,16.3,16.3
20260624,ネオアンボウ,54.5,39.2,25.4,12.3,15.3,13.8,13.1,12.3
20260624,ヤマメイッカ,53.9,39.2,25.4,12.4,14.7,13.8,13.0,12.4
20260624,タイセイジェンマ,54.5,39.2,25.5,12.6,15.3,13.7,12.9,12.6
20260624,エバーシャンティ,54.3,39.5,25.7,12.4,14.8,13.8,13.3,12.4
20260624,ダノンルミエール,56.0,41.3,27.0,13.1,14.7,14.3,13.9,13.1
20260624,サベージラヴ,66.0,47.6,31.3,15.1,18.4,16.3,16.2,15.1
20260624,フィールドノート,72.3,53.9,35.7,17.5,18.4,18.2,18.2,17.5
20260624,オリエンタルガール,64.1,47.1,30.8,14.8,17.0,16.3,16.0,14.8
20260624,オーケーグリット,66.3,48.9,32.2,15.9,17.4,16.7,16.3,15.9
20260624,スカイドリーマー,73.2,53.9,35.5,17.4,19.3,18.4,18.1,17.4
20260624,ジュングロワール,54.2,39.3,25.6,12.4,14.9,13.7,13.2,12.4
20260624,リーディンアクター,54.8,39.8,26.0,12.7,15.0,13.8,13.3,12.7
20260624,スリーフラワー,66.0,48.5,31.5,15.6,17.5,17.0,15.9,15.6
20260624,ハルガスミ,53.5,38.7,25.2,12.4,14.8,13.5,12.8,12.4
20260624,ダマスク,64.7,47.9,31.1,15.2,16.8,16.8,15.9,15.2
20260624,ダイユウファリーナ,63.6,47.6,31.7,16.0,16.0,15.9,15.7,16.0
20260624,デアリングエア,53.9,39.3,25.1,12.2,14.6,14.2,12.9,12.2
20260624,ディベルティスマン,55.5,40.7,26.5,12.8,14.8,14.2,13.7,12.8
20260624,トウシンラヴ,67.6,48.5,31.4,14.8,19.1,17.1,16.6,14.8
20260624,ペールデュクラン,54.6,40.0,26.1,12.6,14.6,13.9,13.5,12.6
20260624,オーシャンミューズ,70.4,50.7,32.6,16.0,19.7,18.1,16.6,16.0
20260624,イントゥザウインド,68.2,51.0,33.5,16.7,17.2,17.5,16.8,16.7
20260624,ハーティーチアーズ,54.7,39.6,25.7,12.3,15.1,13.9,13.4,12.3
20260624,ホウオウライラック,67.5,49.3,32.6,16.0,18.2,16.7,16.6,16.0
20260624,メーゼ,54.5,39.4,25.6,12.7,15.1,13.8,12.9,12.7
20260624,ブラッククラウズ,52.9,38.6,25.1,12.7,14.3,13.5,12.4,12.7
20260624,マイネルオラクル,53.1,38.7,25.2,12.8,14.4,13.5,12.4,12.8
20260624,ドングラミ,54.6,39.4,25.5,12.5,15.2,13.9,13.0,12.5
20260624,アマルレイナ,57.3,41.9,27.6,13.4,15.4,14.3,14.2,13.4
20260624,ライクアフラワー,85.4,61.3,39.9,20.0,24.1,21.4,19.9,20.0
20260624,フラムリンガム,66.0,49.3,33.2,16.4,16.7,16.1,16.8,16.4
20260624,ヴェナートル,56.0,39.3,25.3,12.8,16.7,14.0,12.5,12.8
20260624,ムーンストラック,66.5,49.9,33.5,17.1,16.6,16.4,16.4,17.1
20260624,ルパヴィヨン,54.9,39.8,26.0,12.9,15.1,13.8,13.1,12.9
20260624,サムシングニュー,53.1,38.7,24.9,12.4,14.4,13.8,12.5,12.4
20260624,コックピットサイト,53.4,38.8,24.9,12.3,14.6,13.9,12.6,12.3
20260624,オレンジキャンパス,53.9,38.6,24.8,12.4,15.3,13.8,12.4,12.4
20260624,アドバンスジェンヌ,59.1,43.6,28.6,14.0,15.5,15.0,14.6,14.0
20260624,オセアフェアモント,53.9,39.4,25.3,12.4,14.5,14.1,12.9,12.4
20260624,レヴェンドール,67.7,50.9,33.6,16.6,16.8,17.3,17.0,16.6
20260624,ペイシャラム,54.4,39.9,25.7,12.6,14.5,14.2,13.1,12.6
20260624,レジームチェンジ,55.2,40.7,26.3,12.8,14.5,14.4,13.5,12.8
20260624,バトルモクオ,74.2,53.9,35.1,17.1,20.3,18.8,18.0,17.1
20260624,エアトベーレ,54.3,40.0,26.1,12.4,14.3,13.9,13.7,12.4
20260624,オーキーベルセルク,81.1,59.0,38.8,19.2,22.1,20.2,19.6,19.2
20260624,シーサンタナ,54.5,40.2,26.2,12.5,14.3,14.0,13.7,12.5
20260624,ゼンノスタニング,75.8,54.7,35.4,16.6,21.1,19.3,18.8,16.6
20260624,スカイレックス,64.6,48.2,32.0,15.7,16.4,16.2,16.3,15.7
20260624,ｳﾗﾇｽﾁｬｰﾑの24,77.1,56.8,37.2,18.5,20.3,19.6,18.7,18.5
20260624,ハクサンレイホウ,66.1,47.7,30.5,14.7,18.4,17.2,15.8,14.7
20260624,サトノシュトローム,68.6,51.7,33.7,17.1,16.9,18.0,16.6,17.1
20260624,ヨーゼフ,66.9,49.2,32.5,16.4,17.7,16.7,16.1,16.4
20260624,コスモフラムオット,68.6,49.8,32.5,15.8,18.8,17.3,16.7,15.8
20260624,コスモマルーン,55.3,40.0,25.7,12.6,15.3,14.3,13.1,12.6
20260624,クロシェットノエル,72.5,53.2,34.5,16.9,19.3,18.7,17.6,16.9
20260624,イセッセイ,78.1,57.9,37.4,18.8,20.2,20.5,18.6,18.8
20260624,ラングロワブリッジ,70.7,51.3,33.3,16.9,19.4,18.0,16.4,16.9
20260624,ドナビッグベン,55.6,40.4,26.3,12.9,15.2,14.1,13.4,12.9
20260624,トムキャット,68.0,50.6,33.7,16.8,17.4,16.9,16.9,16.8
20260624,ピックアップライン,68.7,51.0,33.5,16.8,17.7,17.5,16.7,16.8
20260624,ロンドンアームズ,54.8,40.2,26.2,12.6,14.6,14.0,13.6,12.6
20260624,アトラップモア,68.0,51.1,34.0,17.1,16.9,17.1,16.9,17.1
20260624,レフィノス,56.0,40.0,26.3,12.9,16.0,13.7,13.4,12.9
20260624,サルワールカミーズ,70.5,51.3,33.6,16.3,19.2,17.7,17.3,16.3
20260624,レディホークダイヤ,69.2,51.1,33.4,15.9,18.1,17.7,17.5,15.9
20260624,カーテシー,74.1,55.3,36.7,18.2,18.8,18.6,18.5,18.2
20260624,インザダーク,71.9,51.9,34.6,16.9,20.0,17.3,17.7,16.9
20260624,ウィナーズチェック,55.7,39.7,26.1,12.8,16.0,13.6,13.3,12.8
20260624,コスモデュアリズム,70.6,53.4,36.0,18.2,17.2,17.4,17.8,18.2
20260624,オウギノカナメ,73.7,54.6,35.4,17.5,19.1,19.2,17.9,17.5
20260624,ティンバーライン,67.2,49.2,32.7,16.3,18.0,16.5,16.4,16.3
20260624,ジーティージェミル,67.7,49.5,32.3,16.4,18.2,17.2,15.9,16.4
20260624,フェンリル,71.6,53.1,34.6,16.8,18.5,18.5,17.8,16.8
20260624,ラヴァレード,73.3,54.6,35.4,17.4,18.7,19.2,18.0,17.4
20260624,ゴールドテソーロ,72.9,54.3,35.5,17.5,18.6,18.8,18.0,17.5
20260624,セイリュウ,72.1,53.4,34.7,16.9,18.7,18.7,17.8,16.9
20260624,ノシェリー,67.3,49.4,32.4,16.3,17.9,17.0,16.1,16.3
20260624,イニシャルポイント,71.8,53.8,35.4,17.4,18.0,18.4,18.0,17.4
20260624,バトルクライ,70.6,51.9,33.4,16.1,18.7,18.5,17.3,16.1
20260624,ドーンコーラス,53.6,38.9,25.0,12.3,14.7,13.9,12.7,12.3
20260624,ドゥマーヴェリック,55.1,39.9,25.6,12.5,15.2,14.3,13.1,12.5
20260624,ラショナルポイント,54.1,39.1,25.1,12.4,15.0,14.0,12.7,12.4
20260624,ダノンブレイズ,65.3,48.2,31.5,15.7,17.1,16.7,15.8,15.7
20260624,レッドエモーション,65.4,48.2,31.6,15.7,17.2,16.6,15.9,15.7
20260624,モルスリール,70.9,51.9,33.9,16.6,19.0,18.0,17.3,16.6
20260624,ヴァルカモニカ,66.7,49.5,32.8,16.5,17.2,16.7,16.3,16.5
20260624,ファーストアライヴ,70.7,51.6,33.4,16.2,19.1,18.2,17.2,16.2
20260624,ジオ,66.1,48.0,31.4,15.7,18.1,16.6,15.7,15.7
20260624,クロドラバール,63.4,47.0,31.5,15.7,16.4,15.5,15.8,15.7
20260624,モスクロッサー,62.8,45.4,29.0,14.0,17.4,16.4,15.0,14.0
20260624,ルージュスエルテ,64.7,47.1,31.0,15.4,17.6,16.1,15.6,15.4
20260624,モーニングダリア,69.1,50.5,33.1,16.7,18.6,17.4,16.4,16.7
20260624,ニチヤヲツイデ,72.4,53.6,35.1,17.0,18.8,18.5,18.1,17.0
20260624,アンジュリオ,69.0,49.7,32.4,16.4,19.3,17.3,16.0,16.4
20260624,アルティソナンテ,65.0,47.7,31.6,15.3,17.3,16.1,16.3,15.3
20260624,レアリゼソンレーヴ,67.6,49.6,32.6,16.1,18.0,17.0,16.5,16.1
20260624,アンヴデット,70.6,51.5,33.8,16.9,19.1,17.7,16.9,16.9
20260624,ルージュロマーナ,63.4,46.2,29.9,14.8,17.2,16.3,15.1,14.8
20260624,プレママドンナ,68.5,50.7,33.3,16.4,17.8,17.4,16.9,16.4
20260624,サクラトップリアル,52.4,38.4,25.5,12.6,14.0,12.9,12.9,12.6
20260624,コヴェナント,54.8,40.1,25.7,12.6,14.7,14.4,13.1,12.6
20260624,カーヌスティ,53.9,39.0,25.0,12.2,14.9,14.0,12.8,12.2
20260624,ブラックトルネード,55.1,40.3,25.9,12.8,14.8,14.4,13.1,12.8
20260624,ブリリアンス,55.7,41.3,26.7,12.8,14.4,14.6,13.9,12.8
20260624,パワポケグッド,55.3,40.2,25.9,12.7,15.1,14.3,13.2,12.7
20260624,パワポケウォーズ,55.5,40.3,25.9,12.6,15.2,14.4,13.3,12.6
20260624,ルブラッシュノモー,57.3,42.2,28.2,14.8,15.1,14.0,13.4,14.8
20260624,クレイターレイク,66.3,49.5,33.0,16.6,16.8,16.5,16.4,16.6
20260624,アルスラーン,56.9,41.9,28.1,14.6,15.0,13.8,13.5,14.6
20260624,ルヴァンアレー,66.3,49.5,33.0,16.5,16.8,16.5,16.5,16.5
20260624,リポジノ,66.5,48.6,31.8,15.7,17.9,16.8,16.1,15.7
20260624,レディレックス,65.7,47.0,31.1,15.7,18.7,15.9,15.4,15.7
20260624,トウシンマジック,65.8,48.0,31.8,15.9,17.8,16.2,15.9,15.9
20260624,シルトホルン,67.5,50.2,32.5,16.0,17.3,17.7,16.5,16.0
20260624,ディアスポラ,55.3,39.4,25.6,12.5,15.9,13.8,13.1,12.5
20260624,テンオンスゴールド,54.7,38.7,25.0,12.2,16.0,13.7,12.8,12.2
20260624,ライクアフラワー,51.5,37.3,24.6,12.5,14.2,12.7,12.1,12.5
20260624,ビッグフラワー,53.5,38.6,25.4,12.6,14.9,13.2,12.8,12.6
20260624,アドマイヤミラ,53.7,39.2,26.4,13.2,14.5,12.8,13.2,13.2
20260624,ロジアコース,53.3,38.6,25.7,12.8,14.7,12.9,12.9,12.8
20260624,リオハリソンメリー,56.0,41.5,27.3,13.3,14.5,14.2,14.0,13.3
20260624,ボンジュールパリ,55.9,41.3,27.3,13.3,14.6,14.0,14.0,13.3
20260624,ウインアルドーレ,89.6,64.7,42.4,20.9,24.9,22.3,21.5,20.9
20260624,エウテルペ,59.5,44.4,29.5,14.6,15.1,14.9,14.9,14.6
20260624,ウインイルネージュ,59.8,44.3,29.2,14.1,15.5,15.1,15.1,14.1
20260624,ノーブルクラウド,66.0,49.0,31.6,15.3,17.0,17.4,16.3,15.3
20260624,キタノタイキ,89.0,64.0,41.1,20.1,25.0,22.9,21.0,20.1
20260624,オーブレーヌ,59.2,43.8,29.1,14.4,15.4,14.7,14.7,14.4
20260624,モーモーゼロ,57.3,43.1,28.2,13.8,14.2,14.9,14.4,13.8
20260624,ソニックウェーブ,60.0,44.3,29.6,14.7,15.7,14.7,14.9,14.7
20260624,エーオープリマ,65.4,47.9,31.5,15.3,17.5,16.4,16.2,15.3
20260624,ドナリー,54.5,39.4,25.6,12.7,15.1,13.8,12.9,12.7
20260624,グランオギュール,54.9,39.8,25.8,12.7,15.1,14.0,13.1,12.7
20260624,ダイユウファリーナ,55.5,41.4,26.9,13.7,14.1,14.5,13.2,13.7
20260624,オレイア,69.8,51.2,33.3,16.9,18.6,17.9,16.4,16.9
20260624,レインボーラッキー,54.1,39.7,25.5,12.5,14.4,14.2,13.0,12.5
20260624,セブンワンダーズ,65.7,48.3,32.1,15.9,17.4,16.2,16.2,15.9
20260624,スカイレックス,54.4,39.9,25.7,12.5,14.5,14.2,13.2,12.5
20260624,ピコチャンブラック,65.7,48.9,32.4,16.1,16.8,16.5,16.3,16.1
20260624,ルージュリリック,62.5,46.7,30.2,14.6,15.8,16.5,15.6,14.6
20260624,カミカクシ,55.4,39.8,25.6,12.8,15.6,14.2,12.8,12.8
20260624,ココニーナ,56.8,42.0,28.0,14.4,14.8,14.0,13.6,14.4
20260624,ハリコミチュウ,54.1,38.9,24.7,12.3,15.2,14.2,12.4,12.3
20260624,ドナディクオーレ,64.5,48.6,32.1,16.0,15.9,16.5,16.1,16.0
20260624,ユニオンジャック,53.4,38.3,24.5,12.1,15.1,13.8,12.4,12.1
20260624,ピンクジン,67.5,50.1,33.0,16.0,17.4,17.1,17.0,16.0
20260624,サフランルージュ,63.7,47.8,31.7,16.1,15.9,16.1,15.6,16.1
20260624,デルマキタカミ,67.5,49.9,32.9,16.4,17.6,17.0,16.5,16.4
20260624,ペプロス,64.9,47.6,31.4,16.4,17.3,16.2,15.0,16.4
20260624,アンジュリオ,56.1,40.2,25.9,12.3,15.9,14.3,13.6,12.3
20260624,アンヴデット,56.5,40.5,26.2,12.4,16.0,14.3,13.8,12.4
20260624,ルクスレイモンド,53.9,39.3,25.3,12.2,14.6,14.0,13.1,12.2
20260624,デンプシー,54.0,39.3,25.3,12.2,14.7,14.0,13.1,12.2
20260624,デヴィーア,66.0,48.8,31.5,15.7,17.2,17.3,15.8,15.7
20260624,ヒラボクヒーロー,68.3,50.1,32.8,16.6,18.2,17.3,16.2,16.6
20260624,ボールドハーテッド,68.9,50.7,33.6,16.8,18.2,17.1,16.8,16.8
20260624,レッドルイナール,71.6,52.2,33.9,16.7,19.4,18.3,17.2,16.7
20260624,スターリットフレア,63.7,46.3,29.8,14.2,17.4,16.5,15.6,14.2
20260624,クラウンフリード,55.6,40.9,26.7,13.1,14.7,14.2,13.6,13.1
20260624,フライングビーナス,69.7,51.1,33.2,16.0,18.6,17.9,17.2,16.0
20260624,ミサトレジーナ,56.0,41.1,26.8,13.2,14.9,14.3,13.6,13.2
20260624,サノノベリー,58.2,43.1,29.1,15.3,15.1,14.0,13.8,15.3
20260624,アイファーアイドル,55.6,40.6,26.8,12.5,15.0,13.8,14.3,12.5
20260624,カタカムナ,56.9,41.6,27.2,12.9,15.3,14.4,14.3,12.9
20260624,ゴールデンルーキー,66.8,48.8,32.7,16.9,18.0,16.1,15.8,16.9
20260624,マイトリックスター,55.3,40.2,27.1,13.2,15.1,13.1,13.9,13.2
20260624,ペイシャダンシング,66.9,48.9,32.7,16.9,18.0,16.2,15.8,16.9
20260624,アロハオエ,67.0,49.8,33.1,16.9,17.2,16.7,16.2,16.9
20260624,ラタフォレスト,70.8,52.6,34.8,17.6,18.2,17.8,17.2,17.6
20260624,ドバイブルース,68.9,51.0,33.8,17.0,17.9,17.2,16.8,17.0
20260624,ケイアイアギト,70.8,52.4,34.5,17.1,18.4,17.9,17.4,17.1
20260624,マーシヴィガラス,70.9,52.4,34.3,16.6,18.5,18.1,17.7,16.6
20260624,ナックキャンドル,56.3,41.1,26.6,13.1,15.2,14.5,13.5,13.1
20260624,ザウシャルト,56.5,41.2,26.7,13.2,15.3,14.5,13.5,13.2
20260624,ワンダリングスター,74.2,55.5,36.7,18.4,18.7,18.8,18.3,18.4
20260624,テングカゼ,73.7,55.5,36.8,18.4,18.2,18.7,18.4,18.4
20260624,トワニ,64.6,47.1,31.0,15.6,17.5,16.1,15.4,15.6
20260624,ピースフルマインド,64.1,47.7,31.6,15.9,16.4,16.1,15.7,15.9
20260624,テンカラットレター,54.3,39.4,25.7,12.9,14.9,13.7,12.8,12.9
20260624,クラウンテック,54.8,40.0,26.1,12.7,14.8,13.9,13.4,12.7
20260624,ラヴィプランドール,69.0,51.1,33.6,16.8,17.9,17.5,16.8,16.8
20260624,ダイユウサルターレ,54.0,39.3,25.3,12.2,14.7,14.0,13.1,12.2
20260624,カゼノハゴロモ,55.2,40.6,27.0,13.8,14.6,13.6,13.2,13.8
20260624,ノーブルスアーク,66.7,48.2,31.9,15.8,18.5,16.3,16.1,15.8
20260624,ソアサージュ,67.7,50.7,33.3,16.8,17.0,17.4,16.5,16.8
20260624,ニンジャトットリ,53.3,38.8,25.1,12.1,14.5,13.7,13.0,12.1
20260624,ヌビアン,56.3,40.8,26.2,12.9,15.5,14.6,13.3,12.9
20260624,ニシノタチアナ,55.7,40.3,25.7,12.7,15.4,14.6,13.0,12.7
20260624,ナムラアラバイ,80.9,60.5,40.2,20.6,20.4,20.3,19.6,20.6
20260624,クリガーレ,78.3,57.7,38.5,19.3,20.6,19.2,19.2,19.3
20260624,イントリー,67.1,49.5,32.7,16.3,17.6,16.8,16.4,16.3
20260624,イヴナンバーフォー,74.7,55.4,36.9,19.4,19.3,18.5,17.5,19.4
20260624,コントラポスト,66.5,49.1,32.3,16.3,17.4,16.8,16.0,16.3
20260624,タイキアロハ,67.6,50.2,33.3,16.9,17.4,16.9,16.4,16.9
20260624,イケイケルノワール,67.1,49.3,32.7,16.5,17.8,16.6,16.2,16.5
20260624,ドリームユー,67.4,50.1,33.3,16.8,17.3,16.8,16.5,16.8
20260624,スペーストラベラー,68.5,50.8,33.4,16.7,17.7,17.4,16.7,16.7
20260624,ヨドノティアラ,64.2,46.7,30.5,14.9,17.5,16.2,15.6,14.9
20260624,ベルチュガダン,67.3,49.2,32.4,16.2,18.1,16.8,16.2,16.2
20260624,デルマザオウ,75.3,54.4,35.7,17.8,20.9,18.7,17.9,17.8
20260624,エスシーレイジュ,77.0,55.8,36.4,17.9,21.2,19.4,18.5,17.9
20260624,マイネルヴェーゼン,54.5,39.8,25.6,12.5,14.7,14.2,13.1,12.5
20260624,セプタードアイル,70.2,51.3,34.2,16.6,18.9,17.1,17.6,16.6
20260624,セイカタカキヤチク,70.1,51.6,34.1,17.0,18.5,17.5,17.1,17.0
20260624,ブリスフル,68.5,51.1,34.0,17.0,17.4,17.1,17.0,17.0
20260624,コスモルトチェコ,69.5,50.3,32.7,16.3,19.2,17.6,16.4,16.3
20260624,キミヘノメロディー,70.5,51.0,32.8,15.8,19.5,18.2,17.0,15.8
20260624,ハッピーラッキー,67.0,48.7,32.4,16.2,18.3,16.3,16.2,16.2
20260624,マイネルカピラリス,68.2,51.0,33.2,16.8,17.2,17.8,16.4,16.8
20260624,リゼクールグレー,78.4,58.4,38.7,19.7,20.0,19.7,19.0,19.7
20260624,クリスタルドレス,74.9,54.9,36.1,18.3,20.0,18.8,17.8,18.3
20260624,ダイヒョウカーク,68.4,49.6,32.8,16.5,18.8,16.8,16.3,16.5
20260624,フレイコン,65.8,48.0,31.5,15.7,17.8,16.5,15.8,15.7
20260624,アルニタク,66.8,48.8,31.5,15.8,18.0,17.3,15.7,15.8
20260624,マーシヴィガラス,56.2,41.2,27.1,13.4,15.0,14.1,13.7,13.4
20260624,テングカゼ,58.1,43.4,28.5,14.1,14.7,14.9,14.4,14.1
20260624,ワンダリングスター,68.5,51.3,34.4,17.3,17.2,16.9,17.1,17.3
20260624,カツノテンス,72.1,53.5,35.4,17.7,18.6,18.1,17.7,17.7
20260624,ウイニングレイ,69.3,52.8,35.5,18.2,16.5,17.3,17.3,18.2
20260624,メイショウヨゾラ,68.4,50.6,32.9,16.3,17.8,17.7,16.6,16.3
20260624,テリオスサラ,67.9,49.3,32.5,16.4,18.6,16.8,16.1,16.4
20260624,シルバーゴールド,69.6,50.1,32.2,16.3,19.5,17.9,15.9,16.3
20260624,リュクスパトロール,52.2,37.9,24.9,12.2,14.3,13.0,12.7,12.2
20260624,ケブランリ,52.7,38.4,25.2,12.4,14.3,13.2,12.8,12.4
20260624,ストレートブラック,56.1,40.0,25.8,12.5,16.1,14.2,13.3,12.5
20260624,ハクサンスオーノ,53.7,39.8,25.7,12.8,13.9,14.1,12.9,12.8
20260624,ベルトラッキ,53.8,40.0,25.9,12.9,13.8,14.1,13.0,12.9
20260624,コスモアミュレット,54.1,40.0,25.8,12.8,14.1,14.2,13.0,12.8
20260624,ショウナンライシン,63.2,47.4,29.8,14.2,15.8,17.6,15.6,14.2
20260624,ルージュフィーリア,54.6,39.2,24.9,11.8,15.4,14.3,13.1,11.8
20260624,プティシラー,67.5,49.6,32.5,16.0,17.9,17.1,16.5,16.0
20260624,ショウナンラリー,63.8,47.5,31.8,16.3,16.3,15.7,15.5,16.3
20260624,ディーズゴールド,71.1,51.7,33.3,16.4,19.4,18.4,16.9,16.4
20260624,グラティアム,64.4,47.6,30.8,14.7,16.8,16.8,16.1,14.7
20260624,ビップラージャ,68.7,50.6,33.9,17.1,18.1,16.7,16.8,17.1
20260624,キャンディメモリー,68.7,50.5,33.9,17.1,18.2,16.6,16.8,17.1
20260624,スティールヴォーグ,68.2,50.7,33.2,16.4,17.5,17.5,16.8,16.4
20260624,エリカカリーナ,64.9,47.2,29.8,14.3,17.7,17.4,15.5,14.3
20260624,ダノンセンチュリー,63.3,46.3,30.4,15.3,17.0,15.9,15.1,15.3
20260624,レオスキーム,67.9,51.2,34.4,17.2,16.7,16.8,17.2,17.2
20260624,ロジアデレード,54.1,37.8,24.1,11.8,16.3,13.7,12.3,11.8
20260624,アデルフィー,64.3,47.5,31.3,15.7,16.8,16.2,15.6,15.7
20260624,サングラント,65.5,47.9,31.5,15.7,17.6,16.4,15.8,15.7
20260624,エマーソンズ,67.8,50.6,33.8,16.8,17.2,16.8,17.0,16.8
20260624,ハイティー,62.3,45.3,30.0,14.7,17.0,15.3,15.3,14.7
20260624,ヴァストマーレ,62.6,46.1,30.2,14.7,16.5,15.9,15.5,14.7
20260624,ﾌｧｲﾝﾙｰｼﾞｭの24,62.6,46.0,30.0,14.6,16.6,16.0,15.4,14.6
20260624,プリモヴィータ,66.4,49.2,32.2,15.8,17.2,17.0,16.4,15.8
20260624,リーゼントモニカ,70.4,50.0,31.8,15.2,20.4,18.2,16.6,15.2
20260624,ファータカリーナ,69.9,49.9,31.5,15.0,20.0,18.4,16.5,15.0
20260624,ミッドセンチュリー,69.2,50.0,32.2,15.6,19.2,17.8,16.6,15.6
20260624,マイネルイグザルト,68.3,50.8,33.5,16.6,17.5,17.3,16.9,16.6
20260624,ブラックナザレ,68.2,50.7,34.0,16.9,17.5,16.7,17.1,16.9
20260624,ウカテンセイ,67.4,50.5,33.7,16.8,16.9,16.8,16.9,16.8
20260624,マルガリート,69.2,51.5,33.9,17.2,17.7,17.6,16.7,17.2
20260624,フッカツノジャンボ,68.0,50.9,33.6,16.3,17.1,17.3,17.3,16.3
20260624,ホノボノ,66.3,50.3,33.2,16.4,16.0,17.1,16.8,16.4
20260624,アオイノリプー,66.0,50.0,33.2,16.6,16.0,16.8,16.6,16.6
20260624,アークレイリ,67.0,49.3,32.1,16.0,17.7,17.2,16.1,16.0
20260624,フレッシュラン,56.5,41.5,27.4,13.8,15.0,14.1,13.6,13.8
20260624,シュガーハイ,61.7,45.7,30.3,15.2,16.0,15.4,15.1,15.2
20260624,ディーズゴールド,70.2,51.9,33.9,16.8,18.3,18.0,17.1,16.8
20260624,ロココ,55.4,40.0,25.8,12.7,15.4,14.2,13.1,12.7
20260624,ｴﾃの24,65.7,48.4,32.1,15.4,17.3,16.3,16.7,15.4
20260624,スティールヴォーグ,68.9,50.4,33.3,16.5,18.5,17.1,16.8,16.5
20260624,ブレイクフォース,67.9,49.9,32.3,15.8,18.0,17.6,16.5,15.8
20260624,ケープウィッカム,70.3,51.9,34.4,16.9,18.4,17.5,17.5,16.9
20260624,ワインダークシー,67.7,49.7,32.6,15.8,18.0,17.1,16.8,15.8
20260624,コズミックボックス,70.3,51.8,34.3,16.9,18.5,17.5,17.4,16.9
20260624,トランサルピナ,67.7,49.7,32.1,15.7,18.0,17.6,16.4,15.7
20260624,プリンキパトゥス,67.7,49.8,32.7,15.8,17.9,17.1,16.9,15.8
20260624,ハッピーロンドン,67.1,50.1,31.8,15.1,17.0,18.3,16.7,15.1
20260624,ミラビリオン,55.9,40.9,26.6,12.8,15.0,14.3,13.8,12.8
20260624,スードランダム,66.9,48.6,31.1,15.5,18.3,17.5,15.6,15.5
20260624,マーゴットパラディ,55.6,40.5,26.4,12.7,15.1,14.1,13.7,12.7
20260624,ホウオウフロイト,95.4,71.0,46.6,23.3,24.4,24.4,23.3,23.3
20260624,ディメンシア,64.8,47.4,31.3,15.8,17.4,16.1,15.5,15.8
20260624,ドナルンバ,63.0,46.9,30.6,15.5,16.1,16.3,15.1,15.5
20260624,ミュークゼウス,64.2,47.1,30.8,15.2,17.1,16.3,15.6,15.2
20260624,ルークスイテルム,68.8,51.4,33.8,17.0,17.4,17.6,16.8,17.0
20260624,クモヒトツナイ,66.8,48.3,31.8,15.6,18.5,16.5,16.2,15.6
20260624,フームスムート,70.3,51.5,33.8,16.8,18.8,17.7,17.0,16.8
20260624,ニシノギャルズ,70.3,52.6,35.3,17.8,17.7,17.3,17.5,17.8
20260624,オリジナルアポジー,70.6,52.0,34.7,17.6,18.6,17.3,17.1,17.6
20260624,マスカルポーネ,67.5,49.9,33.0,16.3,17.6,16.9,16.7,16.3
20260624,デルマツルギ,53.6,38.8,25.1,12.5,14.8,13.7,12.6,12.5
20260624,ウインボレロ,71.2,52.8,35.6,18.2,18.4,17.2,17.4,18.2
20260624,ジャストキュート,72.7,52.9,34.5,16.9,19.8,18.4,17.6,16.9
20260624,アドバンスアゲイン,64.1,47.4,31.0,15.8,16.7,16.4,15.2,15.8
20260624,ゴルトレオパルト,70.9,52.4,34.3,16.4,18.5,18.1,17.9,16.4
20260624,フォルテム,66.1,48.3,31.4,15.3,17.8,16.9,16.1,15.3
20260624,デルマテイネ,73.8,55.0,36.7,18.2,18.8,18.3,18.5,18.2
20260624,アイファーティアラ,73.2,53.8,36.4,18.7,19.4,17.4,17.7,18.7
20260624,エコロストーム,68.3,50.0,32.9,16.1,18.3,17.1,16.8,16.1
20260624,トレンドマーチ,66.8,49.9,33.0,16.1,16.9,16.9,16.9,16.1
20260624,ラフレードピエル,56.5,40.8,26.3,12.5,15.7,14.5,13.8,12.5
20260624,モーゲンセン,66.0,48.8,32.4,16.4,17.2,16.4,16.0,16.4
20260624,コスモティタノ,68.4,49.6,32.1,15.9,18.8,17.5,16.2,15.9
20260624,グランレーヴ,65.3,47.9,31.7,15.7,17.4,16.2,16.0,15.7
20260624,ヒットミー,59.4,43.2,28.1,13.9,16.2,15.1,14.2,13.9
20260624,ビレッジルイーザ,69.5,50.5,32.9,16.3,19.0,17.6,16.6,16.3
20260624,コスモアルペジオ,58.1,42.5,28.1,14.3,15.6,14.4,13.8,14.3
20260624,リーズメイリー,69.1,50.4,33.0,16.5,18.7,17.4,16.5,16.5
20260624,ﾊｰﾚﾑﾗｲﾝの24,72.8,53.0,34.7,17.3,19.8,18.3,17.4,17.3
20260624,マイネルリシャール,64.3,48.1,31.9,16.0,16.2,16.2,15.9,16.0
20260624,ジーフォーリア,62.0,46.5,31.1,15.7,15.5,15.4,15.4,15.7
20260624,ミッキーファイト,59.4,43.8,28.7,14.0,15.6,15.1,14.7,14.0
20260624,アロヒアリイ,56.7,42.0,27.6,13.7,14.7,14.4,13.9,13.7
20260624,ウィンターブリーズ,56.7,41.9,27.6,13.7,14.8,14.3,13.9,13.7
20260624,ホウオウシュウ,61.2,45.7,30.8,15.6,15.5,14.9,15.2,15.6
20260624,ルージュスティーズ,64.9,47.4,30.8,15.3,17.5,16.6,15.5,15.3
20260624,グランシャット,64.2,46.4,30.6,15.1,17.8,15.8,15.5,15.1
20260624,シルクドマルス,65.8,48.1,31.6,15.3,17.7,16.5,16.3,15.3
20260624,ベールダウン,66.1,48.6,32.3,15.9,17.5,16.3,16.4,15.9
20260624,ネオロマーネ,67.5,49.1,32.2,15.8,18.4,16.9,16.4,15.8
20260624,シリアスドラマ,66.2,48.4,31.0,15.0,17.8,17.4,16.0,15.0
20260624,ブザービーター,56.6,41.7,27.3,13.5,14.9,14.4,13.8,13.5
20260624,クロノスフィア,67.3,49.8,32.6,16.4,17.5,17.2,16.2,16.4
20260624,ランパディアス,65.6,48.8,31.8,15.6,16.8,17.0,16.2,15.6
20260624,ファンタイムギフト,69.3,51.3,33.7,17.0,18.0,17.6,16.7,17.0
20260624,ドナソラーレ,62.0,45.5,30.2,15.4,16.5,15.3,14.8,15.4
20260624,ホテルストリート,65.0,47.6,30.9,15.6,17.4,16.7,15.3,15.6
20260624,テールエメール,72.2,53.7,35.5,18.0,18.5,18.2,17.5,18.0
20260624,ニンニン,67.1,49.8,33.2,16.5,17.3,16.6,16.7,16.5
20260624,カームラディアンス,65.1,48.3,31.4,15.4,16.8,16.9,16.0,15.4
20260624,フォルスラヴィ,65.5,48.3,31.7,15.9,17.2,16.6,15.8,15.9
20260624,マンダリンボレロ,71.1,53.1,35.7,18.4,18.0,17.4,17.3,18.4
20260624,キングクレオール,53.3,40.0,26.7,13.6,13.3,13.3,13.1,13.6
20260624,ペイシャオーヴァル,69.7,51.2,33.6,16.9,18.5,17.6,16.7,16.9
20260624,トップオブザキング,54.5,40.0,26.3,13.1,14.5,13.7,13.2,13.1
20260624,カシマライフウ,69.3,50.9,33.8,17.2,18.4,17.1,16.6,17.2
20260624,コックオーヴァン,69.4,51.7,34.1,16.9,17.7,17.6,17.2,16.9
20260624,ボールドサンダー,66.2,49.3,33.9,17.4,16.9,15.4,16.5,17.4
20260624,ハルマン,66.9,49.9,33.9,17.4,17.0,16.0,16.5,17.4
20260624,ゲームチェンジャー,67.8,50.5,33.4,16.5,17.3,17.1,16.9,16.5
20260624,アルマロクザン,69.4,51.1,33.5,15.9,18.3,17.6,17.6,15.9
20260624,ハッピーカーン,55.4,40.1,26.1,12.6,15.3,14.0,13.5,12.6
20260624,ミラクルオーラ,54.9,39.8,25.7,12.6,15.1,14.1,13.1,12.6
20260624,ヴェスタル,80.0,57.5,37.0,18.0,22.5,20.5,19.0,18.0
20260624,ニシノタカオ,80.9,58.8,38.8,19.0,22.1,20.0,19.8,19.0
20260624,センターサンテ,77.7,57.6,37.9,19.0,20.1,19.7,18.9,19.0
20260624,ゴルトレオパルト,55.7,41.1,27.2,13.6,14.6,13.9,13.6,13.6
20260624,スターランウェイ,52.4,38.6,25.2,12.4,13.8,13.4,12.8,12.4
20260624,エースオブゴールド,54.8,39.1,25.5,12.6,15.7,13.6,12.9,12.6
20260624,デルマテイネ,64.5,48.3,33.0,16.8,16.2,15.3,16.2,16.8
20260624,ロジザボード,69.8,51.3,33.8,16.5,18.5,17.5,17.3,16.5
20260624,カラクリスピリッツ,52.6,38.7,25.3,12.3,13.9,13.4,13.0,12.3
20260624,フレキシブル,56.1,41.5,27.3,13.2,14.6,14.2,14.1,13.2
20260624,ブライスフェアリー,55.4,39.4,25.7,12.7,16.0,13.7,13.0,12.7
20260624,カフェオドヴィー,57.8,42.1,26.7,13.2,15.7,15.4,13.5,13.2
20260624,モーゲンセン,52.3,38.5,25.2,12.3,13.8,13.3,12.9,12.3
20260624,ソヴリンゲート,66.0,48.7,32.1,16.1,17.3,16.6,16.0,16.1
20260624,フォクセン,68.3,50.3,32.8,15.9,18.0,17.5,16.9,15.9
20260624,ウインドワンピース,64.9,47.1,30.8,14.8,17.8,16.3,16.0,14.8
20260624,ヴィーデ,75.0,55.0,36.3,17.8,20.0,18.7,18.5,17.8
20260624,アオゾラランチ,74.3,54.9,36.6,17.9,19.4,18.3,18.7,17.9
20260624,ゴールドフリーダム,57.2,42.3,27.4,13.3,14.9,14.9,14.1,13.3
20260624,スルーザゴールド,57.9,42.4,27.5,13.3,15.5,14.9,14.2,13.3
20260624,テンプーシャオン,65.2,48.2,32.0,16.2,17.0,16.2,15.8,16.2
20260624,ミスターマーボー,64.6,48.2,32.7,17.4,16.4,15.5,15.3,17.4
20260624,フォセットジェンヌ,58.2,43.5,28.5,13.7,14.7,15.0,14.8,13.7
20260624,ココラッシー,67.1,49.6,32.7,16.6,17.5,16.9,16.1,16.6
20260624,ダンシングアワー,65.9,48.1,31.8,16.0,17.8,16.3,15.8,16.0
20260624,ヴィンチェローズ,64.7,48.4,31.7,15.7,16.3,16.7,16.0,15.7
20260624,ラプユフラット,65.9,48.6,31.8,16.1,17.3,16.8,15.7,16.1
20260624,ピトンピンク,58.9,43.9,28.8,14.0,15.0,15.1,14.8,14.0
20260624,クールランナー,64.9,48.6,31.9,15.7,16.3,16.7,16.2,15.7
20260624,テキサスバローズ,68.7,50.5,33.4,16.7,18.2,17.1,16.7,16.7
20260624,アマンヘセル,68.8,50.9,34.1,17.0,17.9,16.8,17.1,17.0
20260624,アールグレイ,68.8,50.9,33.7,16.6,17.9,17.2,17.1,16.6
20260624,ラッキースウィッチ,68.4,50.5,33.2,16.6,17.9,17.3,16.6,16.6
20260624,メダルボーイ,68.4,50.6,32.9,16.0,17.8,17.7,16.9,16.0
20260624,アニエーネ,68.3,50.6,33.4,17.0,17.7,17.2,16.4,17.0
20260624,スローブギ,67.3,50.1,33.7,17.2,17.2,16.4,16.5,17.2
20260624,アルバニクス,65.0,47.5,31.1,15.4,17.5,16.4,15.7,15.4
20260624,エバーラスト,55.7,40.8,26.3,12.5,14.9,14.5,13.8,12.5
20260624,パーフェクトスノー,65.1,47.7,30.8,15.1,17.4,16.9,15.7,15.1
20260624,ビスクヴィート,70.6,51.5,33.6,16.4,19.1,17.9,17.2,16.4
20260624,エバーメテオ,56.2,41.2,26.7,12.5,15.0,14.5,14.2,12.5
20260624,トラストユウゼン,70.8,51.8,33.8,16.8,19.0,18.0,17.0,16.8
20260624,アズサ,57.8,43.3,28.6,14.4,14.5,14.7,14.2,14.4
20260624,アルティシモ,62.5,46.7,30.9,15.3,15.8,15.8,15.6,15.3
20260624,ウインディナナコ,53.2,38.3,25.1,12.7,14.9,13.2,12.4,12.7
20260624,メインテーマ,54.0,39.6,25.3,12.2,14.4,14.3,13.1,12.2
20260624,マーズワース,56.7,41.6,26.9,12.8,15.1,14.7,14.1,12.8
20260624,ボーンディスウェイ,59.8,44.5,28.6,14.2,15.3,15.9,14.4,14.2
20260624,ピコレッド,66.6,49.5,32.9,16.5,17.1,16.6,16.4,16.5
20260624,フジコンフィデンス,55.2,39.9,25.2,12.4,15.3,14.7,12.8,12.4
20260624,ルージュボニート,55.4,39.9,25.7,12.6,15.5,14.2,13.1,12.6
20260624,ワンコール,66.4,48.9,32.8,16.6,17.5,16.1,16.2,16.6
20260624,ブレイクザアイス,62.3,45.3,29.0,14.3,17.0,16.3,14.7,14.3
20260624,ガビーズシスター,65.2,48.0,31.3,15.2,17.2,16.7,16.1,15.2
20260624,モリノレッドスター,53.6,38.9,25.2,12.2,14.7,13.7,13.0,12.2
20260624,ノブダブルホワイト,56.6,40.7,26.1,12.9,15.9,14.6,13.2,12.9
20260624,アースミューズ,53.5,39.0,25.2,12.6,14.5,13.8,12.6,12.6
20260624,ハルノアラシ,68.8,50.9,33.5,16.7,17.9,17.4,16.8,16.7
20260624,モリノアミーゴ,57.8,43.0,28.6,14.5,14.8,14.4,14.1,14.5
20260624,スクイーズアウト,54.2,39.6,25.6,12.5,14.6,14.0,13.1,12.5
20260624,トゥレイス,67.7,49.4,32.6,16.0,18.3,16.8,16.6,16.0
20260624,アルバニクス,54.4,39.5,26.0,13.1,14.9,13.5,12.9,13.1
20260624,セイントクーヤ,54.5,39.8,25.7,12.5,14.7,14.1,13.2,12.5
20260624,トリエンナーレ,65.8,48.6,31.5,15.6,17.2,17.1,15.9,15.6
20260624,リーデレクオーレ,67.4,48.7,31.5,15.7,18.7,17.2,15.8,15.7
20260624,サイモンセレーノ,55.9,41.2,27.3,13.9,14.7,13.9,13.4,13.9
20260624,パーフェクトスノー,54.4,39.4,25.9,13.1,15.0,13.5,12.8,13.1
20260624,ビスクヴィート,69.2,51.0,33.5,16.9,18.2,17.5,16.6,16.9
20260624,ボルトライン,56.5,41.9,27.8,14.1,14.6,14.1,13.7,14.1
20260624,ソラティオ,53.0,38.5,25.1,12.6,14.5,13.4,12.5,12.6
20260624,トラストユウゼン,69.4,51.1,33.4,16.6,18.3,17.7,16.8,16.6
20260624,クリアマインド,59.7,44.3,29.3,14.2,15.4,15.0,15.1,14.2
20260624,ゾディアカルライト,67.0,49.0,32.5,15.4,18.0,16.5,17.1,15.4
20260624,ユイーナ,66.0,48.9,31.8,15.5,17.1,17.1,16.3,15.5
20260624,グランコネクシオン,55.2,38.5,24.8,12.4,16.7,13.7,12.4,12.4
20260624,エーオーキング,66.5,49.6,33.3,16.5,16.9,16.3,16.8,16.5
20260624,バシレイア,52.5,39.0,25.6,12.8,13.5,13.4,12.8,12.8
20260624,ブルーダイヤシチー,57.0,39.7,25.9,12.7,17.3,13.8,13.2,12.7
20260624,ミツカネメルクリオ,69.2,50.8,34.0,17.7,18.4,16.8,16.3,17.7
20260624,マイネルアルゴー,69.1,50.8,34.1,18.0,18.3,16.7,16.1,18.0
20260624,トレフォイルノット,52.2,38.9,25.5,12.8,13.3,13.4,12.7,12.8
20260624,ﾅﾙﾊﾔの24,66.4,49.5,33.1,16.4,16.9,16.4,16.7,16.4
20260624,ソースウィート,65.7,48.7,32.6,16.3,17.0,16.1,16.3,16.3
20260624,レーヴマジック,65.9,50.2,33.2,16.5,15.7,17.0,16.7,16.5
20260624,テキエロ,69.7,51.6,34.2,16.5,18.1,17.4,17.7,16.5
20260624,ビーズスティンガー,69.6,51.8,34.5,17.2,17.8,17.3,17.3,17.2
20260624,ｷﾗｽﾃﾗの24,67.0,49.8,33.2,16.8,17.2,16.6,16.4,16.8
20260624,ディアファザー,65.2,48.9,32.4,16.1,16.3,16.5,16.3,16.1
20260624,サザンキンレンカ,65.9,48.4,32.0,15.9,17.5,16.4,16.1,15.9
20260624,ラフエルガ,68.3,50.4,33.3,16.2,17.9,17.1,17.1,16.2
20260624,カゼノロマン,66.1,48.8,32.7,16.3,17.3,16.1,16.4,16.3
20260624,ポッドロワール,66.9,48.3,31.6,15.9,18.6,16.7,15.7,15.9
20260624,ロゼフェリシア,71.0,52.1,33.8,16.7,18.9,18.3,17.1,16.7
20260624,フクチャンヒメ,70.5,52.8,35.0,17.1,17.7,17.8,17.9,17.1
20260624,ヘルヴィッツ,54.9,40.2,25.8,12.2,14.7,14.4,13.6,12.2
20260624,アドマイヤフク,70.1,52.1,34.4,17.1,18.0,17.7,17.3,17.1
20260624,フロリメル,67.3,49.7,32.9,16.5,17.6,16.8,16.4,16.5
20260624,モリガン,54.3,39.1,25.4,12.9,15.2,13.7,12.5,12.9
20260624,ルンベーラ,66.5,48.8,32.4,16.1,17.7,16.4,16.3,16.1
20260624,ヒロイックヴァース,70.6,52.0,33.5,16.6,18.6,18.5,16.9,16.6
20260624,プラネタリーアワー,70.8,52.8,34.9,17.3,18.0,17.9,17.6,17.3
20260624,スイートハイデン,66.4,48.7,32.4,16.2,17.7,16.3,16.2,16.2
20260624,アジュアカレンツ,64.9,48.0,30.9,14.9,16.9,17.1,16.0,14.9
20260624,ミスティユニバンス,67.5,49.9,32.9,16.6,17.6,17.0,16.3,16.6
20260624,モウエエデショー,65.5,47.9,31.8,15.0,17.6,16.1,16.8,15.0
20260624,アシタバスピリッツ,54.4,39.4,25.3,12.2,15.0,14.1,13.1,12.2
20260624,グラスアロー,66.1,48.4,32.1,16.1,17.7,16.3,16.0,16.1
20260624,クアロアランチ,55.4,40.4,25.9,12.5,15.0,14.5,13.4,12.5
20260624,ルプルミエラムール,71.3,53.5,35.9,17.4,17.8,17.6,18.5,17.4
20260624,ローグアン,70.8,52.1,34.0,16.9,18.7,18.1,17.1,16.9
20260624,ゴールデンパルス,56.6,41.1,26.7,13.2,15.5,14.4,13.5,13.2
20260624,セイウンサイフィー,71.0,52.7,35.3,17.5,18.3,17.4,17.8,17.5
20260624,コパノフラメンコ,69.7,51.0,33.7,16.5,18.7,17.3,17.2,16.5
20260624,コスモハナミズキ,64.8,48.0,32.0,16.2,16.8,16.0,15.8,16.2
20260624,マキシマムドライブ,70.3,51.5,34.3,17.1,18.8,17.2,17.2,17.1
20260624,スイートオレンジ,65.3,48.2,31.9,16.2,17.1,16.3,15.7,16.2
20260624,サヨノジャンボリー,69.6,52.3,34.6,17.0,17.3,17.7,17.6,17.0
20260624,リナシタ,54.7,39.6,25.6,12.5,15.1,14.0,13.1,12.5
20260624,フランシスガリバー,65.3,47.4,30.9,14.8,17.9,16.5,16.1,14.8
20260624,アーリマックス,54.2,39.2,25.3,12.3,15.0,13.9,13.0,12.3
20260624,エリーニック,71.4,51.6,32.9,15.7,19.8,18.7,17.2,15.7
20260624,シャインフォーミー,52.8,38.0,25.0,12.3,14.8,13.0,12.7,12.3
20260624,シェンロン,72.4,53.6,35.9,17.6,18.8,17.7,18.3,17.6
20260624,ｱﾒﾘの24,71.6,53.3,35.3,17.6,18.3,18.0,17.7,17.6
20260624,サウンズオーサム,67.2,48.6,31.3,15.3,18.6,17.3,16.0,15.3
20260624,ゴールドブリーズ,55.3,40.4,25.4,12.3,14.9,15.0,13.1,12.3
20260624,エスコバル,69.8,51.1,33.4,16.3,18.7,17.7,17.1,16.3
20260624,ウインマイルート,67.6,48.5,32.0,15.7,19.1,16.5,16.3,15.7
20260624,キセキノエンジェル,63.1,45.7,29.8,14.6,17.4,15.9,15.2,14.6
20260624,マイネルモーント,73.1,53.1,34.9,17.9,20.0,18.2,17.0,17.9
20260624,キョウエイブリッサ,52.5,38.8,25.4,12.4,13.7,13.4,13.0,12.4
20260624,コパノエビータ,55.1,40.5,26.2,12.7,14.6,14.3,13.5,12.7
20260624,アイウィル,73.4,53.5,35.4,18.1,19.9,18.1,17.3,18.1
20260624,リアンベーレ,54.8,40.4,26.1,12.6,14.4,14.3,13.5,12.6
20260624,コスモイシュタル,55.2,40.4,26.2,12.8,14.8,14.2,13.4,12.8
20260624,ニシノブレイゼスト,72.7,52.9,34.7,17.5,19.8,18.2,17.2,17.5
20260624,ソワンドヴィクター,68.0,49.1,31.7,15.5,18.9,17.4,16.2,15.5
20260624,カラーオブサクセス,53.5,39.2,25.5,12.6,14.3,13.7,12.9,12.6
20260624,コスモメイウェザー,73.3,53.9,35.2,17.5,19.4,18.7,17.7,17.5
20260624,エコロゼット,69.9,51.4,34.3,17.1,18.5,17.1,17.2,17.1
20260624,ヤジロベエバランス,69.4,50.9,34.1,17.1,18.5,16.8,17.0,17.1
20260624,グラスフェザー,73.5,53.0,34.7,17.8,20.5,18.3,16.9,17.8
20260624,ゼフィリア,69.4,50.7,33.9,17.2,18.7,16.8,16.7,17.2
20260624,ショーエクラ,74.4,54.6,36.0,17.6,19.8,18.6,18.4,17.6
20260624,ファルコシニョーラ,66.3,48.2,31.3,15.2,18.1,16.9,16.1,15.2
20260624,アイアムキレマスネ,77.1,55.8,36.4,17.8,21.3,19.4,18.6,17.8
20260624,コスモイェーガー,53.5,39.2,25.4,12.6,14.3,13.8,12.8,12.6
20260624,ゲームアビリティー,72.5,53.3,34.6,16.6,19.2,18.7,18.0,16.6
20260624,イチザサンダー,67.0,48.7,31.9,15.1,18.3,16.8,16.8,15.1
20260624,ジンクピリチオン,78.9,57.2,37.0,18.4,21.7,20.2,18.6,18.4
20260624,アケルナルスター,69.0,50.5,33.0,16.5,18.5,17.5,16.5,16.5
20260624,ヴァナルガンド,53.3,39.3,25.7,12.5,14.0,13.6,13.2,12.5
20260624,テセラリアン,67.7,48.4,32.2,16.3,19.3,16.2,15.9,16.3
20260624,モルトマエストーソ,64.4,48.6,32.0,15.6,15.8,16.6,16.4,15.6
20260624,レイユール,69.7,52.0,34.8,17.3,17.7,17.2,17.5,17.3
20260624,マスカレードボール,70.1,52.3,35.0,17.7,17.8,17.3,17.3,17.7
20260624,ゴーゴーパンチ,72.3,52.9,34.9,17.1,19.4,18.0,17.8,17.1
20260624,サファイアテソーロ,61.9,45.8,30.5,15.0,16.1,15.3,15.5,15.0
20260624,ジュピターテソーロ,71.2,52.2,34.6,17.3,19.0,17.6,17.3,17.3
20260624,モンドシュピーゲル,72.8,53.5,35.5,17.8,19.3,18.0,17.7,17.8
20260624,ジュネストレイル,62.7,45.9,30.1,14.9,16.8,15.8,15.2,14.9
20260624,レッドカメリア,68.7,50.3,33.2,16.6,18.4,17.1,16.6,16.6
20260624,アパッシメント,67.7,51.0,33.8,16.8,16.7,17.2,17.0,16.8
20260624,ラミアメンテ,65.8,48.8,31.5,15.8,17.0,17.3,15.7,15.8
20260624,ビーストウォーズ,56.7,41.4,27.3,13.7,15.3,14.1,13.6,13.7
20260624,ノワドゥココ,70.7,52.3,35.1,17.9,18.4,17.2,17.2,17.9
20260624,カラスアゲハ,74.9,55.0,36.9,18.8,19.9,18.1,18.1,18.8
20260624,ダノンアドラー,71.3,53.6,35.9,18.4,17.7,17.7,17.5,18.4
20260624,ラインホルト,66.4,49.1,32.5,15.9,17.3,16.6,16.6,15.9
20260624,ラヴレイン,56.7,41.7,27.5,13.9,15.0,14.2,13.6,13.9
20260624,サトノフルーク,71.0,52.9,35.4,18.0,18.1,17.5,17.4,18.0
20260624,ルージュマローネ,53.2,38.8,25.2,12.6,14.4,13.6,12.6,12.6
20260624,リギーロ,53.8,39.3,25.6,12.6,14.5,13.7,13.0,12.6
20260624,タイセイモノリス,63.4,45.7,30.1,15.3,17.7,15.6,14.8,15.3
20260624,ローズオブジャパン,58.2,43.6,28.4,13.9,14.6,15.2,14.5,13.9
20260624,ギリーカラム,63.4,46.6,30.7,15.5,16.8,15.9,15.2,15.5
20260624,サラサヴィクトリー,55.2,40.8,26.6,13.3,14.4,14.2,13.3,13.3
20260624,アルデラッシュ,55.3,40.9,26.7,13.4,14.4,14.2,13.3,13.4
20260624,ミセスリリー,66.9,48.9,31.8,15.5,18.0,17.1,16.3,15.5
20260624,ソチミルコ,67.5,48.7,30.9,15.1,18.8,17.8,15.8,15.1
20260624,ミニョンマルーン,72.4,52.5,34.2,16.7,19.9,18.3,17.5,16.7
20260624,マンモスホームラン,68.1,51.0,34.0,17.2,17.1,17.0,16.8,17.2
20260624,サクラモンストール,72.4,52.7,34.1,16.6,19.7,18.6,17.5,16.6
20260624,デアプリームス,69.5,51.3,34.3,17.4,18.2,17.0,16.9,17.4
20260624,ジェニスタ,74.8,55.2,36.4,18.2,19.6,18.8,18.2,18.2
20260624,デフィレドール,71.3,52.5,34.2,17.1,18.8,18.3,17.1,17.1
20260624,ニコ,54.1,39.7,26.0,12.5,14.4,13.7,13.5,12.5
20260624,ライヴギムレット,54.7,40.1,26.4,12.8,14.6,13.7,13.6,12.8
20260624,ジェッディンデデン,57.0,41.8,27.4,13.4,15.2,14.4,14.0,13.4
20260624,サンヴァンガード,68.7,51.3,34.3,17.5,17.4,17.0,16.8,17.5
20260624,ロゼル,67.0,48.7,31.7,15.4,18.3,17.0,16.3,15.4
20260624,ジャグアール,65.9,48.6,31.8,15.6,17.3,16.8,16.2,15.6
20260624,アルデシンザン,67.6,50.7,33.7,16.7,16.9,17.0,17.0,16.7
20260624,エコロガノン,66.4,48.0,31.9,16.1,18.4,16.1,15.8,16.1
20260624,ティティナ,56.8,42.9,29.1,14.5,13.9,13.8,14.6,14.5
20260624,リラゲイル,65.7,49.0,31.4,15.1,16.7,17.6,16.3,15.1
20260624,ドミナートル,66.6,49.1,32.1,15.8,17.5,17.0,16.3,15.8
20260624,クールボビー,67.6,49.7,32.7,16.3,17.9,17.0,16.4,16.3
20260624,バトルボーン,55.0,40.2,25.3,12.3,14.8,14.9,13.0,12.3
20260624,デルマジュテーム,70.3,52.3,33.9,16.3,18.0,18.4,17.6,16.3
20260624,スパークルレイ,68.6,51.6,34.8,17.7,17.0,16.8,17.1,17.7
20260624,サトノワーグナー,53.3,39.4,26.0,12.9,13.9,13.4,13.1,12.9
20260624,クライングナウ,53.3,39.4,26.0,12.9,13.9,13.4,13.1,12.9
20260624,タツナナイロ,69.5,51.6,34.8,17.4,17.9,16.8,17.4,17.4
20260624,ロゼフェリシア,53.9,39.1,25.6,12.4,14.8,13.5,13.2,12.4
20260624,ヒロイックヴァース,55.2,40.0,25.9,12.6,15.2,14.1,13.3,12.6
20260624,ゴーゴーパンチ,52.5,39.0,26.0,13.2,13.5,13.0,12.8,13.2
20260624,モンドシュピーゲル,55.4,40.5,26.1,12.7,14.9,14.4,13.4,12.7
20260624,ローグアン,54.8,39.6,25.6,12.4,15.2,14.0,13.2,12.4
20260624,フクチャンヒメ,53.9,39.5,25.8,12.8,14.4,13.7,13.0,12.8
20260624,ジャスフォール,65.5,48.5,31.3,15.2,17.0,17.2,16.1,15.2
20260624,ロマンス,61.6,45.2,29.4,14.5,16.4,15.8,14.9,14.5
20260624,プラネタリーアワー,53.7,38.9,25.7,12.7,14.8,13.2,13.0,12.7
20260624,ミスティユニバンス,53.4,38.7,25.6,12.7,14.7,13.1,12.9,12.7
20260624,ルプルミエラムール,53.3,39.2,25.3,12.6,14.1,13.9,12.7,12.6
20260624,ムーチョピカンテ,68.5,51.4,34.2,16.7,17.1,17.2,17.5,16.7
20260624,ロードベラヴィータ,65.7,48.5,31.5,15.3,17.2,17.0,16.2,15.3
20260624,ファウナード,61.8,45.3,29.9,14.8,16.5,15.4,15.1,14.8
20260624,レッドアバンドーネ,66.3,48.9,31.8,15.3,17.4,17.1,16.5,15.3
20260624,ピコテンダー,68.6,50.8,32.7,15.9,17.8,18.1,16.8,15.9
20260624,ピコランド,67.9,50.7,32.6,16.4,17.2,18.1,16.2,16.4
20260624,アイアムキレマスネ,61.9,43.4,27.4,12.7,18.5,16.0,14.7,12.7
20260624,ジンクピリチオン,62.1,43.3,27.3,12.7,18.8,16.0,14.6,12.7
20260624,エスコバル,68.9,50.4,33.2,16.5,18.5,17.2,16.7,16.5
20260624,ソワンドヴィクター,67.8,49.8,32.5,16.1,18.0,17.3,16.4,16.1
20260624,ホウライブラック,64.5,47.9,31.4,15.6,16.6,16.5,15.8,15.6
20260624,スパークルレイ,54.9,40.2,26.4,12.7,14.7,13.8,13.7,12.7
20260624,タツナナイロ,54.1,39.6,25.5,12.4,14.5,14.1,13.1,12.4
20260624,イトシサ,63.8,46.7,30.3,15.0,17.1,16.4,15.3,15.0
20260624,ダノンダックス,64.4,47.4,30.9,15.2,17.0,16.5,15.7,15.2
20260624,ノーブルオリンポス,57.4,42.5,27.6,13.0,14.9,14.9,14.6,13.0
20260624,ナムラクリスティ,57.1,41.9,27.2,12.7,15.2,14.7,14.5,12.7
20260624,ドーンレイド,69.0,51.5,34.2,17.1,17.5,17.3,17.1,17.1
20260624,バセリーナ,71.9,51.9,33.2,16.0,20.0,18.7,17.2,16.0
20260624,ヒケヤイワフネ,69.7,51.7,33.5,16.4,18.0,18.2,17.1,16.4
20260624,ミサダメキメル,69.4,51.0,32.7,16.0,18.4,18.3,16.7,16.0
20260624,ビーンスターク,55.3,40.7,27.1,13.3,14.6,13.6,13.8,13.3
20260624,キッショウダラニ,53.5,39.5,25.5,12.5,14.0,14.0,13.0,12.5
20260624,ルージュアベリア,62.8,47.2,31.1,15.0,15.6,16.1,16.1,15.0
20260624,マタミカンサン,63.1,47.0,31.0,15.2,16.1,16.0,15.8,15.2
20260624,アヴァランチ,62.9,46.4,31.0,15.5,16.5,15.4,15.5,15.5
20260624,クリスマスパレード,78.2,55.6,35.5,18.1,22.6,20.1,17.4,18.1
20260624,プロトポロス,63.9,46.0,29.7,14.9,17.9,16.3,14.8,14.9
20260624,パフ,51.7,38.1,25.1,12.5,13.6,13.0,12.6,12.5
20260624,ベルメサイア,56.5,40.1,25.6,12.7,16.4,14.5,12.9,12.7
20260624,ペガサスノース,52.2,37.5,24.4,12.2,14.7,13.1,12.2,12.2
20260624,タロ,53.3,38.7,24.8,12.2,14.6,13.9,12.6,12.2
20260624,トラカイキャッスル,57.6,40.8,25.8,12.1,16.8,15.0,13.7,12.1
20260624,リーグナイト,52.2,38.2,24.6,12.0,14.0,13.6,12.6,12.0
20260624,エングルマン,53.6,38.6,24.7,12.2,15.0,13.9,12.5,12.2
20260624,タイセイブリオン,66.6,49.5,32.9,16.2,17.1,16.6,16.7,16.2
20260624,エルダークローネ,53.0,38.1,24.4,12.0,14.9,13.7,12.4,12.0
20260624,ムスペルヘイム,63.2,45.8,30.1,14.7,17.4,15.7,15.4,14.7
20260624,アトランタ,53.0,38.2,25.0,12.7,14.8,13.2,12.3,12.7
20260624,モーデン,51.5,36.9,23.8,12.0,14.6,13.1,11.8,12.0
20260624,ゴッドブルービー,55.1,39.5,24.8,11.8,15.6,14.7,13.0,11.8
20260624,リチャードバローズ,54.6,39.7,26.1,12.9,14.9,13.6,13.2,12.9
20260624,テンエースワン,53.6,39.0,25.6,13.0,14.6,13.4,12.6,13.0
20260624,ボディブロー,54.3,38.3,25.0,12.3,16.0,13.3,12.7,12.3
20260624,アサクサグレース,54.3,38.7,25.2,11.9,15.6,13.5,13.3,11.9
20260624,エレガンシア,54.1,38.7,24.6,12.1,15.4,14.1,12.5,12.1
20260624,ジャスパーソレイユ,54.3,39.1,25.3,12.4,15.2,13.8,12.9,12.4
20260624,ラインメテオラ,54.5,39.1,25.1,12.4,15.4,14.0,12.7,12.4
20260624,ペイシャシス,53.4,39.0,26.2,12.8,14.4,12.8,13.4,12.8
20260624,ヴィーラー,54.6,39.2,25.3,12.5,15.4,13.9,12.8,12.5
20260624,キープシャイニング,54.3,38.9,24.9,12.3,15.4,14.0,12.6,12.3
20260624,ルージュソムニウム,52.1,37.2,23.9,12.0,14.9,13.3,11.9,12.0
20260624,オオツカ,53.2,38.5,24.7,12.1,14.7,13.8,12.6,12.1
20260624,フェブリノ,54.7,40.3,26.5,13.0,14.4,13.8,13.5,13.0
20260624,ブライトキングダム,52.6,38.0,24.6,12.1,14.6,13.4,12.5,12.1
20260624,クータモ,53.8,39.2,25.5,12.4,14.6,13.7,13.1,12.4
20260624,ミッキーロビン,53.1,38.7,25.3,12.9,14.4,13.4,12.4,12.9
20260624,イットガール,55.0,39.4,25.7,12.5,15.6,13.7,13.2,12.5
20260624,エイシンミスリル,53.3,38.7,25.2,12.3,14.6,13.5,12.9,12.3
20260624,リフルフォース,55.3,39.8,25.7,12.8,15.5,14.1,12.9,12.8
20260624,ルヴレアール,54.4,39.5,25.3,12.2,14.9,14.2,13.1,12.2
20260624,ディオレガーロ,54.9,39.7,25.5,12.4,15.2,14.2,13.1,12.4
20260624,ジャスパーブレイズ,51.6,37.7,24.4,12.4,13.9,13.3,12.0,12.4
20260624,プールナバドラ,53.7,38.2,24.7,12.2,15.5,13.5,12.5,12.2
20260624,インブロリオ,53.5,38.4,25.0,12.4,15.1,13.4,12.6,12.4
20260624,アスクデッドヒート,53.2,38.4,25.2,12.6,14.8,13.2,12.6,12.6
20260624,ハイクオリティ,53.3,38.0,24.9,12.5,15.3,13.1,12.4,12.5
20260624,ワンダーエイド,54.3,38.9,25.3,12.5,15.4,13.6,12.8,12.5
20260624,コカボムショット,55.6,39.9,25.3,12.5,15.7,14.6,12.8,12.5
20260624,ロイドウェバー,54.5,39.6,26.5,13.3,14.9,13.1,13.2,13.3
20260624,ドラムメジャー,53.9,38.3,24.2,11.8,15.6,14.1,12.4,11.8
20260624,ヴェネラブル,54.4,39.6,25.2,12.7,14.8,14.4,12.5,12.7
20260624,リーガルスプレンダ,54.9,39.2,24.8,12.2,15.7,14.4,12.6,12.2
20260624,ミヤラティーニ,51.7,37.4,24.3,12.1,14.3,13.1,12.2,12.1
20260624,ゴールデンバランス,54.2,39.3,25.7,12.3,14.9,13.6,13.4,12.3
20260624,タイセイドゥマーニ,55.1,39.8,26.6,13.3,15.3,13.2,13.3,13.3
20260624,サヴォアフェール,53.7,38.3,25.1,12.2,15.4,13.2,12.9,12.2
20260624,モズタイシソウシ,52.4,37.3,23.8,11.9,15.1,13.5,11.9,11.9
20260624,アロハ,55.5,39.9,25.8,13.0,15.6,14.1,12.8,13.0
20260624,ホウショウルクス,55.9,40.3,26.5,13.2,15.6,13.8,13.3,13.2
20260624,アンガーザガール,56.2,40.7,26.1,12.6,15.5,14.6,13.5,12.6
20260624,ジョアン,52.8,37.4,24.2,12.1,15.4,13.2,12.1,12.1
20260624,コロナドブリッジ,52.2,38.0,24.7,12.3,14.2,13.3,12.4,12.3
20260624,ニドヅケキンシ,56.9,40.7,26.5,13.1,16.2,14.2,13.4,13.1
20260624,アスクレコードモア,53.6,38.7,25.4,12.5,14.9,13.3,12.9,12.5
20260624,カエリールークス,56.3,40.2,26.1,12.8,16.1,14.1,13.3,12.8
20260624,ロードトレゾール,55.6,39.4,24.8,12.3,16.2,14.6,12.5,12.3
20260624,スカイハイ,55.2,39.5,25.4,12.0,15.7,14.1,13.4,12.0
20260624,サンライズハリー,55.5,40.9,26.9,13.2,14.6,14.0,13.7,13.2
20260624,アイランド,58.6,42.8,27.8,13.7,15.8,15.0,14.1,13.7
20260624,ゴールデンテティス,59.3,42.5,27.2,13.3,16.8,15.3,13.9,13.3
20260624,スーパービジー,59.0,42.3,27.4,13.6,16.7,14.9,13.8,13.6
20260624,リュネヴィル,54.6,38.8,24.7,12.3,15.8,14.1,12.4,12.3
20260624,コパノルーカス,53.6,38.5,24.6,12.3,15.1,13.9,12.3,12.3
20260624,ウインビスタ,55.2,40.5,26.8,13.6,14.7,13.7,13.2,13.6
20260624,サンライズケヴィン,56.1,40.4,26.1,12.9,15.7,14.3,13.2,12.9
20260624,デュードロップ,53.6,38.9,25.8,12.8,14.7,13.1,13.0,12.8
20260624,ソリドゥス,55.5,41.1,27.0,13.7,14.4,14.1,13.3,13.7
20260624,ユイパルティ,54.4,39.7,25.8,12.6,14.7,13.9,13.2,12.6
20260624,ハギノアルデバラン,69.2,50.6,32.8,16.2,18.6,17.8,16.6,16.2
20260624,ケイアイクビラ,54.3,38.6,24.7,12.3,15.7,13.9,12.4,12.3
20260624,オールナット,72.5,52.8,35.0,17.5,19.7,17.8,17.5,17.5
20260624,カウンティフェア,76.6,54.9,35.7,17.2,21.7,19.2,18.5,17.2
20260624,イマージョン,75.5,54.3,34.8,17.0,21.2,19.5,17.8,17.0
20260624,ステラネージュ,56.7,41.1,27.6,14.2,15.6,13.5,13.4,14.2
20260624,カトマンズゴールド,55.1,39.0,25.1,12.2,16.1,13.9,12.9,12.2
20260624,シュプリームレルム,72.2,51.7,34.0,16.9,20.5,17.7,17.1,16.9
20260624,リヴァイ,74.6,53.1,33.7,16.0,21.5,19.4,17.7,16.0
20260624,ルートサーティーン,56.6,41.0,26.5,13.3,15.6,14.5,13.2,13.3
20260624,ゴールデンドラゴン,55.5,39.4,25.2,12.4,16.1,14.2,12.8,12.4
20260624,フレアオブセンス,74.8,54.1,34.9,16.6,20.7,19.2,18.3,16.6
20260624,オンアロール,75.1,53.9,34.9,16.9,21.2,19.0,18.0,16.9
20260624,エコロリンド,54.1,38.8,25.0,12.4,15.3,13.8,12.6,12.4
20260624,ヴァンクライ,54.1,38.8,24.9,12.3,15.3,13.9,12.6,12.3
20260624,フラッシングルビー,56.8,41.1,26.5,13.3,15.7,14.6,13.2,13.3
20260624,アンリーベイビー,57.4,40.8,25.6,12.7,16.6,15.2,12.9,12.7
20260624,カルパ,53.3,38.5,25.1,12.8,14.8,13.4,12.3,12.8
20260624,ガルフコースト,52.3,37.8,24.9,12.8,14.5,12.9,12.1,12.8
20260624,フィニステーレ,56.6,40.8,26.9,13.6,15.8,13.9,13.3,13.6
20260624,メリオルヴィア,53.5,38.2,24.4,12.2,15.3,13.8,12.2,12.2
20260624,ムスクレスト,54.9,39.2,25.5,12.6,15.7,13.7,12.9,12.6
20260624,サイン,74.1,54.2,35.6,17.5,19.9,18.6,18.1,17.5
20260624,シャローファースト,64.9,48.9,33.2,16.6,16.0,15.7,16.6,16.6
20260624,フェリシタル,58.4,42.0,27.5,14.1,16.4,14.5,13.4,14.1
20260624,ウインリュクス,69.0,49.8,32.4,16.0,19.2,17.4,16.4,16.0
20260624,メイショウクーガー,60.4,44.2,29.2,15.0,16.2,15.0,14.2,15.0
20260624,リーティアコナル,53.6,38.6,24.9,12.4,15.0,13.7,12.5,12.4
20260624,レーティッシュ,54.2,39.0,25.3,12.4,15.2,13.7,12.9,12.4
20260624,バチラ,63.0,44.8,28.8,13.9,18.2,16.0,14.9,13.9
20260624,ショウナンバラモン,63.6,47.0,30.6,15.4,16.6,16.4,15.2,15.4
20260624,ルマンサルト,69.1,49.2,31.9,15.5,19.9,17.3,16.4,15.5
20260624,ウインガウェイン,68.3,49.4,32.1,15.5,18.9,17.3,16.6,15.5
20260624,メイショウリリー,57.5,42.2,27.1,13.6,15.3,15.1,13.5,13.6
20260624,ショウナンラウール,54.3,39.3,25.1,12.3,15.0,14.2,12.8,12.3
20260624,アメリカンチケット,59.0,42.5,27.6,13.2,16.5,14.9,14.4,13.2
20260624,サウンドモリアーナ,57.4,40.5,25.3,12.3,16.9,15.2,13.0,12.3
20260624,ギュルヴィ,66.8,48.6,31.8,16.4,18.2,16.8,15.4,16.4
20260624,シビックアスコット,53.1,38.2,24.9,12.2,14.9,13.3,12.7,12.2
20260624,ミッキーテネシー,52.9,38.0,24.5,12.1,14.9,13.5,12.4,12.1
20260624,ヴェロシオン,58.3,40.5,25.6,12.3,17.8,14.9,13.3,12.3
20260624,セレブトーチ,52.5,37.5,24.4,12.2,15.0,13.1,12.2,12.2
20260624,ナムラオットー,53.9,38.9,25.4,12.7,15.0,13.5,12.7,12.7
20260624,ナムラステラ,53.4,38.7,25.2,12.8,14.7,13.5,12.4,12.8
20260624,レッドピアレス,53.2,38.2,24.5,12.0,15.0,13.7,12.5,12.0
20260624,ラインエレガント,67.7,48.0,30.7,15.4,19.7,17.3,15.3,15.4
20260624,リーベラーリア,54.0,39.1,25.5,12.9,14.9,13.6,12.6,12.9
20260624,グレートキリシマ,65.8,48.3,31.5,15.6,17.5,16.8,15.9,15.6
20260624,ポムドール,55.0,39.0,25.3,12.1,16.0,13.7,13.2,12.1
20260624,アメリカンビヨンド,53.6,38.9,25.9,13.5,14.7,13.0,12.4,13.5
20260624,ファイアプレイス,64.9,47.3,31.6,16.3,17.6,15.7,15.3,16.3
20260624,ホッコームジカ,57.1,39.3,25.6,12.5,17.8,13.7,13.1,12.5
20260624,ブルーザー,66.5,48.1,31.1,15.2,18.4,17.0,15.9,15.2
20260624,ソフィアビルド,55.0,39.4,26.3,13.7,15.6,13.1,12.6,13.7
20260624,ブラックドレス,55.6,39.9,25.8,12.4,15.7,14.1,13.4,12.4
20260624,ミライハーモニー,65.4,48.0,31.4,15.4,17.4,16.6,16.0,15.4
20260624,ルクスメンデス,58.0,42.4,27.7,13.6,15.6,14.7,14.1,13.6
20260624,ピアストイヤーズ,53.5,38.7,25.4,12.7,14.8,13.3,12.7,12.7
20260624,ビズロード,54.5,39.7,25.9,12.7,14.8,13.8,13.2,12.7
20260624,クリノゴージャス,55.5,40.3,26.4,13.1,15.2,13.9,13.3,13.1
20260624,ルージュプルーヴ,68.7,51.0,34.0,17.3,17.7,17.0,16.7,17.3
20260624,チュウワメロディー,59.3,41.5,25.7,12.3,17.8,15.8,13.4,12.3
20260624,クリコキアナ,54.8,39.0,24.8,12.3,15.8,14.2,12.5,12.3
20260624,ゴールドアーク,55.4,40.4,26.5,13.6,15.0,13.9,12.9,13.6
20260624,クローネンリーベ,69.9,51.3,33.9,16.9,18.6,17.4,17.0,16.9
20260624,ニシノキヅイタラ,55.3,39.3,25.3,12.6,16.0,14.0,12.7,12.6
20260624,トシミチ,53.5,38.5,25.4,12.7,15.0,13.1,12.7,12.7
20260624,タガノミスト,58.0,41.4,25.9,12.4,16.6,15.5,13.5,12.4
20260624,ヤマニンアルリフラ,83.0,61.1,39.4,19.4,21.9,21.7,20.0,19.4
20260624,ピエナオルカ,53.9,38.8,25.2,12.2,15.1,13.6,13.0,12.2
20260624,ヴァーティゴー,55.9,40.9,25.7,12.4,15.0,15.2,13.3,12.4
20260624,ヨカオウ,53.9,38.8,25.2,12.7,15.1,13.6,12.5,12.7
20260624,メローネ,55.1,39.7,25.8,12.7,15.4,13.9,13.1,12.7
20260624,メイショウマドンナ,54.6,39.1,25.6,12.8,15.5,13.5,12.8,12.8
20260624,ロンバルドシチー,52.5,38.3,25.1,12.8,14.2,13.2,12.3,12.8
20260624,ビップヴォルフ,57.8,41.8,26.9,12.9,16.0,14.9,14.0,12.9
20260624,ノンブルドール,54.3,39.0,24.9,12.4,15.3,14.1,12.5,12.4
20260624,ロンリーマン,60.8,43.7,28.4,14.4,17.1,15.3,14.0,14.4
20260624,ナムラサフラン,61.4,45.1,30.5,15.5,16.3,14.6,15.0,15.5
20260624,テーオーソラネル,63.9,46.7,30.4,14.9,17.2,16.3,15.5,14.9
20260624,ホルトバージ,54.2,38.7,25.2,12.8,15.5,13.5,12.4,12.8
20260624,マーシーラン,55.6,39.5,25.3,12.6,16.1,14.2,12.7,12.6
20260624,トモジャザーン,55.5,39.3,25.1,12.3,16.2,14.2,12.8,12.3
20260624,フローラルセント,52.6,38.4,25.3,12.7,14.2,13.1,12.6,12.7
20260624,ガイアメンテ,65.9,46.9,30.6,14.1,19.0,16.3,16.5,14.1
20260624,パールフロント,55.9,40.5,26.6,12.6,15.4,13.9,14.0,12.6
20260624,リピ,54.6,40.1,25.3,12.1,14.5,14.8,13.2,12.1
20260624,ブラックアイロン,53.0,39.1,26.1,13.2,13.9,13.0,12.9,13.2
20260624,パスリヤージュ,54.0,39.3,25.7,13.1,14.7,13.6,12.6,13.1
20260624,アンヌグロース,55.4,39.8,26.1,13.0,15.6,13.7,13.1,13.0
20260624,ジュンヴァッテッド,53.3,39.3,26.1,13.2,14.0,13.2,12.9,13.2
20260624,サリエンテ,59.9,44.2,28.8,14.3,15.7,15.4,14.5,14.3
20260624,サトノトリニティ,66.1,48.2,30.8,15.1,17.9,17.4,15.7,15.1
20260624,シンゼンノト,54.0,39.2,25.6,13.0,14.8,13.6,12.6,13.0
20260624,テリオスベラ,56.0,39.9,26.0,12.8,16.1,13.9,13.2,12.8
20260624,ミッドナイトフレア,68.4,50.5,33.2,16.3,17.9,17.3,16.9,16.3
20260624,プッシュザリミット,55.8,40.4,26.5,13.5,15.4,13.9,13.0,13.5
20260624,ザウリ,53.6,38.6,25.2,12.6,15.0,13.4,12.6,12.6
20260624,ロードシュヴァリエ,53.4,38.9,25.0,12.7,14.5,13.9,12.3,12.7
20260624,モズプリヴェール,53.7,38.8,25.4,12.7,14.9,13.4,12.7,12.7
20260624,スネーフリンガ,52.7,38.4,24.9,12.6,14.3,13.5,12.3,12.6
20260624,グリミスティ,54.2,39.5,25.7,12.7,14.7,13.8,13.0,12.7
20260624,スイートポメロ,53.6,38.9,25.4,12.6,14.7,13.5,12.8,12.6
20260624,リトセア,74.7,53.8,35.0,16.9,20.9,18.8,18.1,16.9
20260624,ダノンロワール,75.8,54.8,35.7,16.4,21.0,19.1,19.3,16.4
20260624,ダノンハドソン,81.8,60.1,39.2,18.6,21.7,20.9,20.6,18.6
20260624,エンルートフライト,60.0,44.0,28.7,14.1,16.0,15.3,14.6,14.1
20260624,ﾌﾟﾛﾃﾞｨｼﾞｬｽの24,81.8,60.2,39.5,18.8,21.6,20.7,20.7,18.8
20260624,セールヴォラン,65.7,48.3,32.0,15.8,17.4,16.3,16.2,15.8
20260624,フィオレストラーダ,54.5,39.5,26.4,12.9,15.0,13.1,13.5,12.9
20260624,チャチャピンク,56.4,40.8,26.1,12.5,15.6,14.7,13.6,12.5
20260624,コスモグローリー,57.3,41.3,26.8,13.1,16.0,14.5,13.7,13.1
20260624,ケイテンアイジン,67.0,49.8,33.3,16.7,17.2,16.5,16.6,16.7
20260624,アルムアポジェ,56.5,40.1,25.8,12.4,16.4,14.3,13.4,12.4
20260624,ヒルノアラゴン,56.5,40.1,25.8,12.5,16.4,14.3,13.3,12.5
20260624,エコロメジャー,56.2,41.1,26.5,12.8,15.1,14.6,13.7,12.8
20260624,カシノクロサイト,56.4,40.7,26.0,12.5,15.7,14.7,13.5,12.5
20260624,グッジョブ,66.6,49.4,32.4,16.0,17.2,17.0,16.4,16.0
20260624,メイショウキルギス,53.1,38.7,24.8,12.3,14.4,13.9,12.5,12.3
20260624,ジンセイ,53.6,38.6,24.9,12.4,15.0,13.7,12.5,12.4
20260624,ローマンレイク,56.7,40.2,25.1,12.6,16.5,15.1,12.5,12.6
20260624,マドモアゼルアスク,72.2,51.1,32.6,16.1,21.1,18.5,16.5,16.1
20260624,ルブリアン,53.5,39.1,25.1,12.4,14.4,14.0,12.7,12.4
20260624,アルウラメファ,65.3,48.2,31.3,15.5,17.1,16.9,15.8,15.5
20260624,エースフライト,55.1,39.6,25.4,12.3,15.5,14.2,13.1,12.3
20260624,ドットカモン,54.6,40.4,26.1,12.8,14.2,14.3,13.3,12.8
20260624,アンティーム,54.8,40.1,25.4,12.4,14.7,14.7,13.0,12.4
20260624,アスクゴクジョウ,69.7,49.8,32.3,15.8,19.9,17.5,16.5,15.8
20260624,ヴェロクオーレ,72.0,52.1,34.3,16.4,19.9,17.8,17.9,16.4
20260624,オーケーエンジェル,52.2,38.4,25.2,12.5,13.8,13.2,12.7,12.5
20260624,ダノンアンチュラス,65.5,47.5,31.1,15.7,18.0,16.4,15.4,15.7
20260624,バレンシア,53.1,38.9,25.6,12.7,14.2,13.3,12.9,12.7
20260624,フチサンチャチャ,56.9,41.8,27.4,13.4,15.1,14.4,14.0,13.4
20260624,メイショウピュルテ,57.1,42.2,27.7,14.0,14.9,14.5,13.7,14.0
20260624,ジョーヌナルシス,57.0,41.8,27.4,13.3,15.2,14.4,14.1,13.3
20260624,クインズシャウラ,68.7,49.8,32.1,14.9,18.9,17.7,17.2,14.9
20260624,タマモスカイ,53.3,39.2,25.7,12.7,14.1,13.5,13.0,12.7
20260624,レゾルーティオ,66.1,47.5,30.6,15.0,18.6,16.9,15.6,15.0
20260624,オールナット,53.9,38.6,24.7,12.1,15.3,13.9,12.6,12.1
20260624,カウンティフェア,57.7,40.8,26.1,12.4,16.9,14.7,13.7,12.4
20260624,イマージョン,57.0,40.4,25.6,12.0,16.6,14.8,13.6,12.0
20260624,シュプリームレルム,54.9,39.6,25.5,12.3,15.3,14.1,13.2,12.3
20260624,リヴァイ,57.9,41.2,25.9,12.0,16.7,15.3,13.9,12.0
20260624,フレアオブセンス,58.2,42.1,27.0,13.0,16.1,15.1,14.0,13.0
20260624,オンアロール,57.6,41.2,26.6,12.9,16.4,14.6,13.7,12.9
20260624,グレイスオブゴッド,55.7,40.7,26.2,13.3,15.0,14.5,12.9,13.3
20260624,シャンパンスター,54.6,38.8,25.5,12.8,15.8,13.3,12.7,12.8
20260624,ヨドノゴールド,53.7,38.5,24.9,12.9,15.2,13.6,12.0,12.9
20260624,システマソラー,65.8,46.8,30.6,15.3,19.0,16.2,15.3,15.3
20260624,ゴッドアミーラ,64.4,47.4,31.4,15.5,17.0,16.0,15.9,15.5
20260624,プリメラエストレラ,54.0,38.7,25.1,12.9,15.3,13.6,12.2,12.9
20260624,ワールドエンジェル,56.0,37.8,24.2,11.9,18.2,13.6,12.3,11.9
20260624,カネコメファミリー,67.7,50.1,33.2,16.4,17.6,16.9,16.8,16.4
20260624,カワキタベレッタ,68.1,49.9,32.6,16.1,18.2,17.3,16.5,16.1
20260624,ノヴァレジーナ,53.8,38.9,25.1,12.6,14.9,13.8,12.5,12.6
20260624,ホウショウマリス,53.3,37.7,24.2,12.3,15.6,13.5,11.9,12.3
20260624,ボビーザグレート,55.1,40.9,27.1,13.6,14.2,13.8,13.5,13.6
20260624,アンティスマ,58.7,43.2,28.2,14.0,15.5,15.0,14.2,14.0
20260624,メイショウナナシロ,55.0,40.3,26.4,13.0,14.7,13.9,13.4,13.0
20260624,スターペスアンナ,55.0,40.2,26.4,13.0,14.8,13.8,13.4,13.0
20260624,リテラシー,53.4,38.9,25.3,12.4,14.5,13.6,12.9,12.4
20260624,シャインユウ,66.1,48.0,30.8,15.5,18.1,17.2,15.3,15.5
20260624,エイシンキタールン,66.4,47.8,31.5,15.2,18.6,16.3,16.3,15.2
20260624,トウカイジーク,64.5,47.5,30.8,15.1,17.0,16.7,15.7,15.1
20260624,ノクスカンパーナ,58.4,43.0,28.2,14.2,15.4,14.8,14.0,14.2
20260624,シュガーハウス,65.9,47.9,30.9,14.7,18.0,17.0,16.2,14.7
20260624,ペンテリコン,55.5,39.0,25.0,12.4,16.5,14.0,12.6,12.4
20260624,ダイシンレアレア,69.3,51.7,33.8,16.3,17.6,17.9,17.5,16.3
20260624,トモジャカトゥーラ,59.3,41.8,26.9,13.3,17.5,14.9,13.6,13.3
20260624,オーロラボレアリス,58.9,42.5,27.9,13.7,16.4,14.6,14.2,13.7
20260624,マテンロウジョイ,58.2,41.5,27.0,13.4,16.7,14.5,13.6,13.4
20260624,シンドリームシン,54.7,39.5,25.3,12.6,15.2,14.2,12.7,12.6
20260624,ズバットマサムネ,55.0,39.5,25.0,12.4,15.5,14.5,12.6,12.4
20260624,テイエムリチャード,53.2,38.5,25.2,12.6,14.7,13.3,12.6,12.6
20260624,チヨ,53.4,38.6,24.9,12.2,14.8,13.7,12.7,12.2
20260624,リアライズセレスト,68.7,49.4,32.1,16.1,19.3,17.3,16.0,16.1
20260624,イクヒロ,75.0,55.5,36.7,18.1,19.5,18.8,18.6,18.1
20260624,ジージージェット,55.7,40.8,25.9,12.5,14.9,14.9,13.4,12.5
20260624,アンムート,54.4,39.8,25.4,12.1,14.6,14.4,13.3,12.1
20260624,アレナパラシオ,54.8,39.6,25.3,12.6,15.2,14.3,12.7,12.6
20260624,フレッチャアズーラ,68.0,49.9,32.4,16.0,18.1,17.5,16.4,16.0
20260624,ショコラプリン,53.8,39.0,24.8,12.3,14.8,14.2,12.5,12.3
20260624,ベラジオリン,67.5,50.2,33.4,16.5,17.3,16.8,16.9,16.5
20260624,クィーンズウィンク,55.0,40.1,26.2,12.6,14.9,13.9,13.6,12.6
20260624,ファーストアタック,53.7,38.5,24.9,12.5,15.2,13.6,12.4,12.5
20260624,シュプレヒコール,52.8,38.0,25.0,12.6,14.8,13.0,12.4,12.6
20260624,クォーツァイト,54.2,38.4,25.1,12.6,15.8,13.3,12.5,12.6
20260624,メリオーレム,55.0,39.7,25.5,12.8,15.3,14.2,12.7,12.8
20260624,シュブロンレーヴル,56.3,40.2,25.8,12.4,16.1,14.4,13.4,12.4
20260624,レイデラティエラ,66.0,48.3,31.7,16.1,17.7,16.6,15.6,16.1
20260624,ソリスディエス,64.9,47.1,30.8,15.0,17.8,16.3,15.8,15.0
20260624,カワキタマナレア,55.2,39.6,25.7,12.6,15.6,13.9,13.1,12.6
20260624,メテオロイド,52.7,38.2,24.9,12.2,14.5,13.3,12.7,12.2
20260624,グランブーケ,54.4,39.6,25.8,12.9,14.8,13.8,12.9,12.9
20260624,ファランギーナ,54.1,39.7,25.9,12.9,14.4,13.8,13.0,12.9
20260624,ダノンワンダー,53.2,38.4,24.8,12.5,14.8,13.6,12.3,12.5
20260624,ジュピターバローズ,53.7,38.6,25.0,12.5,15.1,13.6,12.5,12.5
20260624,フェーエンハフト,56.3,41.0,26.5,13.0,15.3,14.5,13.5,13.0
20260624,リカンカブール,65.0,48.1,31.8,15.8,16.9,16.3,16.0,15.8
20260624,ラブカムーン,70.0,51.0,32.2,15.6,19.0,18.8,16.6,15.6
20260624,インザモーメント,64.7,47.2,30.8,15.0,17.5,16.4,15.8,15.0
20260624,ランフォーヴァウ,52.4,37.3,24.4,12.6,15.1,12.9,11.8,12.6
20260624,フォーチュンライド,54.0,39.1,25.5,12.5,14.9,13.6,13.0,12.5
20260624,ホウオウスーペリア,58.2,42.9,28.4,13.9,15.3,14.5,14.5,13.9
20260624,ドゥラリス,59.6,44.2,29.7,14.4,15.4,14.5,15.3,14.4
20260624,クラヴァンス,55.9,40.5,26.4,12.6,15.4,14.1,13.8,12.6
20260624,ロードフィレール,55.6,41.2,27.0,13.4,14.4,14.2,13.6,13.4
20260624,テーオーライマン,54.0,39.6,25.6,12.7,14.4,14.0,12.9,12.7
20260624,ユウェンタース,71.7,53.5,35.8,18.0,18.2,17.7,17.8,18.0
20260624,ルーストカール,57.7,42.0,27.1,12.9,15.7,14.9,14.2,12.9
20260624,スマートプレシャス,70.0,52.0,34.6,17.1,18.0,17.4,17.5,17.1
20260624,ヤマニンアルリフラ,53.3,37.6,24.5,12.1,15.7,13.1,12.4,12.1
20260624,サラサキングスター,55.5,39.9,26.8,13.5,15.6,13.1,13.3,13.5
20260624,サウンドヴィヴァン,55.9,39.3,25.0,12.3,16.6,14.3,12.7,12.3
20260624,エルナト,56.0,39.8,25.7,12.5,16.2,14.1,13.2,12.5
20260624,サトノロザリー,56.3,39.5,25.0,12.1,16.8,14.5,12.9,12.1
20260624,ボンボンベイビー,68.6,50.3,33.0,16.4,18.3,17.3,16.6,16.4
20260624,サヴォーナ,53.6,38.8,25.1,12.4,14.8,13.7,12.7,12.4
20260624,アイカンアズーラ,57.5,40.8,25.7,12.6,16.7,15.1,13.1,12.6
20260624,タマモビスケット,53.4,38.7,25.1,12.4,14.7,13.6,12.7,12.4
20260624,コルサロ,54.5,39.1,25.3,12.8,15.4,13.8,12.5,12.8
20260624,ヒアカムズザサン,54.9,40.3,26.3,13.1,14.6,14.0,13.2,13.1
20260624,アーデルボーデン,54.9,39.5,25.4,12.9,15.4,14.1,12.5,12.9
20260624,オタルエバー,51.3,37.2,25.1,13.3,14.1,12.1,11.8,13.3
20260624,トーアライデン,70.8,52.4,34.5,17.0,18.4,17.9,17.5,17.0
20260624,プルミエールパス,67.1,50.0,32.6,15.8,17.1,17.4,16.8,15.8
20260624,ツーピース,69.4,51.6,34.4,16.7,17.8,17.2,17.7,16.7
20260624,ザラタン,52.5,38.6,25.1,12.6,13.9,13.5,12.5,12.6
20260624,メイショウタカネ,70.0,51.3,33.8,17.0,18.7,17.5,16.8,17.0
20260624,ビースペシフィック,70.0,51.8,34.3,16.9,18.2,17.5,17.4,16.9
20260624,グランキングオー,55.3,39.8,25.5,12.3,15.5,14.3,13.2,12.3
20260624,フルーツベイビー,56.2,39.4,25.6,12.9,16.8,13.8,12.7,12.9
20260624,オーマイラッキーン,66.0,48.4,32.5,16.3,17.6,15.9,16.2,16.3
20260624,タガノエルー,76.3,55.8,36.8,18.1,20.5,19.0,18.7,18.1
20260624,ニシノジェダイ,56.8,40.1,25.4,12.5,16.7,14.7,12.9,12.5
20260624,ウインクローバー,73.7,54.4,36.2,18.0,19.3,18.2,18.2,18.0
20260624,ティンクルピクシー,67.2,49.6,32.5,16.2,17.6,17.1,16.3,16.2
20260624,ショウナンハクラク,57.0,40.0,25.2,12.3,17.0,14.8,12.9,12.3
20260624,ジェバーダ,55.9,40.3,25.7,12.7,15.6,14.6,13.0,12.7
20260624,ララディアーブル,68.6,50.6,33.5,16.8,18.0,17.1,16.7,16.8
20260624,キシュウマミー,67.7,50.4,33.5,16.7,17.3,16.9,16.8,16.7
20260624,ゴナビーオーライト,57.6,41.3,26.3,13.0,16.3,15.0,13.3,13.0
20260624,ゼンノゾンターク,56.0,40.2,25.8,12.7,15.8,14.4,13.1,12.7
20260624,ラルヴァンダード,68.0,49.2,31.8,16.0,18.8,17.4,15.8,16.0
20260624,テーオーカメリア,56.4,40.8,26.2,12.9,15.6,14.6,13.3,12.9
20260624,ダノンチャンピオン,70.3,52.1,34.5,17.2,18.2,17.6,17.3,17.2
20260624,ブルーノート,67.5,47.4,30.4,15.1,20.1,17.0,15.3,15.1
20260624,ハリーケーン,55.8,39.4,24.9,12.3,16.4,14.5,12.6,12.3
20260624,ミスターバッドガイ,52.8,38.1,24.6,12.4,14.7,13.5,12.2,12.4
20260624,ジュディーイメル,56.3,40.4,25.7,12.7,15.9,14.7,13.0,12.7
20260624,ハマナスノサクコロ,57.1,40.6,25.8,12.7,16.5,14.8,13.1,12.7
20260624,アンクルクロス,66.8,49.2,32.4,16.2,17.6,16.8,16.2,16.2
20260624,ランウインディ,71.1,52.9,34.8,17.0,18.2,18.1,17.8,17.0
20260624,ムテキシャチョウ,64.0,48.3,32.4,16.6,15.7,15.9,15.8,16.6
20260624,タナコクシテンホウ,65.2,46.8,30.5,15.2,18.4,16.3,15.3,15.2
20260624,タナカーン,67.4,50.5,34.2,17.0,16.9,16.3,17.2,17.0
20260624,マルモズイルバア,58.2,41.5,26.8,13.2,16.7,14.7,13.6,13.2
20260624,エイダンバローズ,70.4,49.2,31.3,14.5,21.2,17.9,16.8,14.5
20260624,シュラザック,70.4,51.6,33.8,16.6,18.8,17.8,17.2,16.6
20260624,サンライズキース,54.3,39.9,26.4,13.3,14.4,13.5,13.1,13.3
20260624,アリュウ,53.2,38.9,25.5,13.0,14.3,13.4,12.5,13.0
20260624,ジョウゲンノツキ,53.8,38.8,25.1,12.5,15.0,13.7,12.6,12.5
20260624,コリカンチャ,65.1,47.1,30.9,14.9,18.0,16.2,16.0,14.9
20260624,タイセイフリーデン,60.0,43.9,29.3,15.1,16.1,14.6,14.2,15.1
20260624,サンロンブル,54.7,39.4,25.8,13.0,15.3,13.6,12.8,13.0
20260624,シアター,55.6,39.4,25.1,12.5,16.2,14.3,12.6,12.5
20260624,メイショウオオミネ,54.3,38.7,25.4,12.7,15.6,13.3,12.7,12.7
20260624,テーオータウンズ,54.9,40.0,25.5,12.5,14.9,14.5,13.0,12.5
20260624,ウィスカーパッド,54.8,39.9,25.4,12.4,14.9,14.5,13.0,12.4
20260624,フローズンクイーン,57.1,41.7,26.7,13.2,15.4,15.0,13.5,13.2
20260624,シャーロットタウン,57.0,41.4,26.6,13.2,15.6,14.8,13.4,13.2
20260624,マーブルロック,62.6,46.4,30.0,14.9,16.2,16.4,15.1,14.9
20260624,ファイツオン,63.8,47.2,31.4,16.2,16.6,15.8,15.2,16.2
20260624,ナデシコザクラ,72.3,54.4,36.3,17.8,17.9,18.1,18.5,17.8
20260624,セレーネサンライズ,73.8,54.9,36.8,18.4,18.9,18.1,18.4,18.4
20260624,シュヴァルツリーベ,58.7,42.7,27.4,13.2,16.0,15.3,14.2,13.2
20260624,ディーエスショウマ,51.4,37.6,25.2,12.8,13.8,12.4,12.4,12.8
20260624,アスクザアメリカン,52.1,37.5,24.8,12.5,14.6,12.7,12.3,12.5
20260624,ルージュマデイラ,68.5,50.4,32.9,16.6,18.1,17.5,16.3,16.6
20260624,ベラジオヴァレル,53.1,38.0,24.9,12.6,15.1,13.1,12.3,12.6
20260624,チェファルー,62.8,45.6,30.0,14.8,17.2,15.6,15.2,14.8
20260624,キュピドン,55.0,39.0,24.8,12.4,16.0,14.2,12.4,12.4
20260624,レディントン,55.2,40.1,26.2,12.7,15.1,13.9,13.5,12.7
20260624,ワールドシリーズ,54.2,39.9,26.4,12.7,14.3,13.5,13.7,12.7
20260624,メイショウカスガイ,64.6,47.7,31.6,15.3,16.9,16.1,16.3,15.3
20260624,レッドヴァリアート,52.6,38.2,24.7,12.4,14.4,13.5,12.3,12.4
20260624,ドルチェミスト,54.3,39.2,25.4,12.5,15.1,13.8,12.9,12.5
20260624,サンシャインビーチ,56.1,39.7,25.3,12.5,16.4,14.4,12.8,12.5
20260624,パレットフレイバー,53.5,38.8,25.0,12.6,14.7,13.8,12.4,12.6
20260624,スクランプシャス,56.5,41.2,26.6,13.4,15.3,14.6,13.2,13.4
20260624,シャマレル,56.9,40.4,25.8,12.7,16.5,14.6,13.1,12.7
20260624,スピーチバルーン,53.4,38.8,25.7,13.2,14.6,13.1,12.5,13.2
20260624,ヨウリンケイジュ,53.3,38.8,25.6,13.1,14.5,13.2,12.5,13.1
20260624,ブルズアイプリンス,52.0,38.6,25.9,13.4,13.4,12.7,12.5,13.4
20260624,シャロン,55.8,41.0,26.5,12.9,14.8,14.5,13.6,12.9
20260624,ルージュルガーノ,53.1,38.3,24.5,12.2,14.8,13.8,12.3,12.2
20260624,クイノールト,53.5,39.4,25.7,13.1,14.1,13.7,12.6,13.1
20260624,ナミオトノヒビキ,54.4,39.0,25.0,12.5,15.4,14.0,12.5,12.5
20260624,ジャストワナフライ,53.7,38.9,25.2,12.5,14.8,13.7,12.7,12.5
20260624,スイトーヨ,54.7,39.4,25.5,12.4,15.3,13.9,13.1,12.4
20260624,アイファーラピッド,53.1,38.5,24.7,12.4,14.6,13.8,12.3,12.4
20260624,カネフラ,55.5,39.6,25.3,12.3,15.9,14.3,13.0,12.3
20260624,ライフセービング,54.6,39.7,25.3,12.1,14.9,14.4,13.2,12.1
20260624,ユーヴェリア,55.5,39.6,25.3,12.4,15.9,14.3,12.9,12.4
20260624,テーオーミリカン,55.6,39.6,25.3,12.5,16.0,14.3,12.8,12.5
20260624,スマッシング,55.0,39.6,25.0,12.0,15.4,14.6,13.0,12.0
20260624,ペルセポネ,67.2,48.9,32.7,16.2,18.3,16.2,16.5,16.2
20260624,エンジェルグラース,54.4,39.5,25.3,12.4,14.9,14.2,12.9,12.4
20260624,コルテオソレイユ,54.3,39.0,24.5,11.6,15.3,14.5,12.9,11.6
20260624,ダノンミッドナイト,63.4,46.7,30.8,15.4,16.7,15.9,15.4,15.4
20260624,メイショウテンジン,52.1,37.6,24.3,12.2,14.5,13.3,12.1,12.2
20260624,スプレンドーレ,54.9,39.5,25.6,12.6,15.4,13.9,13.0,12.6
20260624,パトローナス,51.9,37.5,24.2,12.2,14.4,13.3,12.0,12.2
20260624,ジリアート,54.7,39.2,25.5,12.7,15.5,13.7,12.8,12.7
20260624,サンシュエール,55.4,39.8,26.0,12.9,15.6,13.8,13.1,12.9
20260624,ロードフローリス,56.5,40.0,25.9,13.2,16.5,14.1,12.7,13.2
20260624,ララララブソング,56.1,39.5,25.7,13.1,16.6,13.8,12.6,13.1
20260624,ティエルニート,55.4,40.0,25.7,12.5,15.4,14.3,13.2,12.5
20260624,フェルヴェンテ,57.0,41.5,26.5,12.8,15.5,15.0,13.7,12.8
20260624,ノーブルスカイ,59.9,42.0,26.2,12.8,17.9,15.8,13.4,12.8
20260624,イイデカンタロウ,52.8,38.8,24.6,12.2,14.0,14.2,12.4,12.2
20260624,トッレブランカ,56.5,41.2,27.1,13.5,15.3,14.1,13.6,13.5
20260624,タケルハーロック,55.9,40.5,25.9,12.5,15.4,14.6,13.4,12.5
20260624,ビジュードネージュ,55.9,40.8,26.6,12.9,15.1,14.2,13.7,12.9
20260624,テスティモーネ,64.7,47.9,31.9,15.9,16.8,16.0,16.0,15.9
20260624,ヴィヴァシャス,63.0,45.9,29.4,14.4,17.1,16.5,15.0,14.4
20260624,ドンインザムード,58.1,41.6,26.6,12.9,16.5,15.0,13.7,12.9
20260624,グランエール,57.5,42.4,28.1,14.0,15.1,14.3,14.1,14.0
20260624,トリオノチカラ,53.0,38.8,24.6,12.2,14.2,14.2,12.4,12.2
20260624,サンライズプルート,54.0,39.0,24.7,12.2,15.0,14.3,12.5,12.2
20260624,アラタマフェーヴル,53.1,38.2,25.1,12.7,14.9,13.1,12.4,12.7
20260624,オセアスターライト,56.1,41.1,26.9,13.3,15.0,14.2,13.6,13.3
20260624,アルミラージ,66.6,48.9,32.7,16.3,17.7,16.2,16.4,16.3
20260624,テイエムロングダン,53.6,40.1,26.6,13.2,13.5,13.5,13.4,13.2
20260624,クラストムーン,54.2,39.5,25.9,13.2,14.7,13.6,12.7,13.2
20260624,マウスオフ,53.5,39.0,25.5,12.8,14.5,13.5,12.7,12.8
20260624,ジェニファー,58.6,41.8,26.6,12.7,16.8,15.2,13.9,12.7
20260624,レオナルドスター,51.3,37.9,25.1,12.8,13.4,12.8,12.3,12.8
20260624,ブラックケリー,54.7,39.8,25.9,12.3,14.9,13.9,13.6,12.3
20260624,レイナデアルシーラ,54.0,39.0,25.0,12.4,15.0,14.0,12.6,12.4
20260624,ヤマニンレセディ,53.9,39.1,25.7,12.9,14.8,13.4,12.8,12.9
20260624,レーンアジリティ,76.4,56.8,38.2,19.5,19.6,18.6,18.7,19.5
20260624,タガノミトゥンドゥ,55.4,39.8,25.7,12.8,15.6,14.1,12.9,12.8
20260624,ソルアモール,55.6,40.9,26.5,13.1,14.7,14.4,13.4,13.1
20260624,オースミサイファー,55.9,39.8,25.9,12.8,16.1,13.9,13.1,12.8
20260624,ノリノリソックス,56.4,41.6,26.8,13.0,14.8,14.8,13.8,13.0
20260624,ショウナンガチ,56.5,41.9,27.7,13.9,14.6,14.2,13.8,13.9
20260624,キャッチミークライ,54.8,39.1,25.4,13.1,15.7,13.7,12.3,13.1
20260624,ケイアイアルタイル,69.1,49.4,32.7,16.4,19.7,16.7,16.3,16.4
20260624,サイモンシャリオ,56.1,40.4,26.1,12.5,15.7,14.3,13.6,12.5
20260624,ライツェントライゼ,57.6,41.3,26.3,12.4,16.3,15.0,13.9,12.4
20260624,クロリス,73.4,52.9,34.3,17.1,20.5,18.6,17.2,17.1
20260624,テイエムプレミラン,56.0,40.7,26.6,13.5,15.3,14.1,13.1,13.5
20260624,コスモルミナ,55.5,40.4,26.5,13.6,15.1,13.9,12.9,13.6
20260624,ヴォメロ,54.0,39.0,25.1,12.5,15.0,13.9,12.6,12.5
20260624,アウェイクネス,56.2,41.7,26.9,13.3,14.5,14.8,13.6,13.3
20260624,ジーティーマイカ,55.4,41.1,26.5,12.9,14.3,14.6,13.6,12.9
20260624,キミガスキダ,55.1,40.5,26.5,13.4,14.6,14.0,13.1,13.4
20260624,タカモリ,54.4,39.9,26.1,13.5,14.5,13.8,12.6,13.5
20260624,メイショウミリオレ,55.9,40.3,25.7,12.6,15.6,14.6,13.1,12.6
20260624,シャリキモン,71.6,52.5,34.4,16.9,19.1,18.1,17.5,16.9
20260624,ヒャクギマル,65.7,48.0,32.0,15.8,17.7,16.0,16.2,15.8
20260624,リヴィエラヴィル,67.4,49.1,32.3,16.1,18.3,16.8,16.2,16.1
20260624,ジャスティンカレラ,54.7,37.8,24.9,12.9,16.9,12.9,12.0,12.9
20260624,ワンダフルボンド,52.9,39.1,25.0,12.4,13.8,14.1,12.6,12.4
20260624,バックドラフト,53.7,39.7,25.6,12.7,14.0,14.1,12.9,12.7
20260624,ジュンプリメーロ,53.7,39.0,25.6,12.8,14.7,13.4,12.8,12.8
20260624,レインオンミー,54.8,39.1,25.1,12.5,15.7,14.0,12.6,12.5
20260624,サンライズグラシア,55.8,40.1,26.3,13.3,15.7,13.8,13.0,13.3
20260624,グリーンゴー,55.3,40.1,26.1,12.7,15.2,14.0,13.4,12.7
20260624,バトゥカーダ,56.2,41.7,27.5,13.0,14.5,14.2,14.5,13.0
20260624,モズエムブイピー,54.2,39.0,25.1,12.6,15.2,13.9,12.5,12.6
20260624,ダノンプレリュード,54.9,39.3,25.3,12.7,15.6,14.0,12.6,12.7
20260624,タイセイジェイド,63.7,47.3,31.7,15.8,16.4,15.6,15.9,15.8
20260624,バロニアル,55.9,39.8,25.5,12.4,16.1,14.3,13.1,12.4
20260624,ホワイトフレイムス,65.3,46.8,30.2,14.1,18.5,16.6,16.1,14.1
20260624,ホウオウワイズ,65.7,48.0,31.0,14.8,17.7,17.0,16.2,14.8
20260624,グッドピース,74.9,54.5,35.8,17.6,20.4,18.7,18.2,17.6
20260624,エリカリヴァプール,74.2,52.9,34.4,16.7,21.3,18.5,17.7,16.7
20260624,ウィクフォード,72.6,52.5,34.5,16.7,20.1,18.0,17.8,16.7
20260624,ブックオブケルズ,73.1,52.8,33.9,16.6,20.3,18.9,17.3,16.6
20260624,アリアニコ,72.4,51.9,34.1,16.5,20.5,17.8,17.6,16.5
20260624,プリンキピッサ,73.5,53.3,35.1,17.0,20.2,18.2,18.1,17.0
20260624,ノーブルセプター,74.4,52.7,34.0,16.3,21.7,18.7,17.7,16.3
20260624,ブリーズオンチーク,72.3,53.2,35.2,17.6,19.1,18.0,17.6,17.6
20260624,クーデール,52.1,37.5,24.9,12.4,14.6,12.6,12.5,12.4
20260624,イリフィ,73.3,52.7,34.4,17.0,20.6,18.3,17.4,17.0
20260624,インディジャズ,72.7,52.8,34.6,16.9,19.9,18.2,17.7,16.9
20260624,マイネルブラントン,74.0,52.9,33.5,15.8,21.1,19.4,17.7,15.8
20260624,ウィモウェ,68.4,49.0,31.9,15.7,19.4,17.1,16.2,15.7
20260624,ベネメレンティ,55.2,40.1,26.4,13.3,15.1,13.7,13.1,13.3
20260624,エテルネルバイオ,67.9,49.6,32.3,15.8,18.3,17.3,16.5,15.8
20260624,チェカ,54.2,40.1,26.7,13.6,14.1,13.4,13.1,13.6
20260624,モズナツノジン,53.6,37.8,25.1,13.0,15.8,12.7,12.1,13.0
20260624,ジョン,54.1,40.1,26.5,13.6,14.0,13.6,12.9,13.6
20260624,ロクメイカン,53.9,39.8,26.3,13.4,14.1,13.5,12.9,13.4
20260624,モックモック,60.2,45.3,30.0,14.7,14.9,15.3,15.3,14.7
20260624,ミッキーマーメイド,55.0,40.3,26.4,13.2,14.7,13.9,13.2,13.2
20260624,ワイドカクゲン,56.6,41.0,26.5,13.0,15.6,14.5,13.5,13.0
20260624,スティルラブハー,56.3,40.9,26.5,13.0,15.4,14.4,13.5,13.0
20260624,メイショウホウレン,57.0,41.6,27.1,13.6,15.4,14.5,13.5,13.6
20260624,キーガッツ,65.6,49.2,32.4,16.0,16.4,16.8,16.4,16.0
20260624,ブルーマッキンジー,64.6,47.6,30.9,14.6,17.0,16.7,16.3,14.6
20260624,コーチェラバレー,55.7,40.3,26.0,13.0,15.4,14.3,13.0,13.0
20260624,ヴェロシア,53.2,39.1,25.6,12.8,14.1,13.5,12.8,12.8
20260624,ムーンレガリア,56.8,41.8,27.8,14.2,15.0,14.0,13.6,14.2
20260624,ボーオーブ,56.8,41.7,27.7,14.2,15.1,14.0,13.5,14.2
20260624,シャローフォレスト,52.9,38.7,25.4,12.8,14.2,13.3,12.6,12.8
20260624,クリコファルコン,58.2,41.6,26.8,13.1,16.6,14.8,13.7,13.1
20260624,ノボリリア,55.1,40.3,26.3,13.0,14.8,14.0,13.3,13.0
20260624,サニーサルサ,64.1,46.7,30.8,15.8,17.4,15.9,15.0,15.8
20260624,グランブリーゼ,66.3,48.4,32.0,16.1,17.9,16.4,15.9,16.1
20260624,ケンブリッジグレイ,54.3,39.2,25.8,13.2,15.1,13.4,12.6,13.2
20260624,スリリングチェイス,62.8,46.5,31.1,15.6,16.3,15.4,15.5,15.6
20260624,ブリーズオンチーク,57.3,41.6,27.0,13.0,15.7,14.6,14.0,13.0
20260624,イリフィ,57.2,41.1,26.2,12.7,16.1,14.9,13.5,12.7
20260624,プシュパ,65.8,48.5,32.3,16.2,17.3,16.2,16.1,16.2
20260624,グッドピース,56.4,39.9,25.4,12.0,16.5,14.5,13.4,12.0
20260624,アトゥア,66.0,49.5,33.0,16.3,16.5,16.5,16.7,16.3
20260624,ﾌｧｰﾄｩｱの24,67.9,50.5,32.8,16.0,17.4,17.7,16.8,16.0
20260624,ナハティガル,65.9,49.6,32.1,15.7,16.3,17.5,16.4,15.7
20260624,ウィクフォード,56.1,39.9,25.6,12.4,16.2,14.3,13.2,12.4
20260624,ブックオブケルズ,53.9,39.5,24.9,11.9,14.4,14.6,13.0,11.9
20260624,インディジャズ,54.5,39.6,25.4,12.3,14.9,14.2,13.1,12.3
20260624,プリンキピッサ,53.7,39.0,25.2,12.4,14.7,13.8,12.8,12.4
20260624,オーロルドーレ,67.4,50.7,32.9,16.0,16.7,17.8,16.9,16.0
20260624,ジャスティンガルフ,62.8,45.6,29.6,14.8,17.2,16.0,14.8,14.8
20260624,ラッキーダイヤ,69.2,50.4,32.8,16.2,18.8,17.6,16.6,16.2
20260624,ニホンピロマリンバ,55.2,40.1,26.1,12.6,15.1,14.0,13.5,12.6
20260624,オデット,55.0,39.5,25.8,12.8,15.5,13.7,13.0,12.8
20260624,サディーク,54.1,40.0,25.5,12.7,14.1,14.5,12.8,12.7
20260624,ハクサンリング,70.1,52.5,35.2,17.9,17.6,17.3,17.3,17.9
20260624,コトテーラー,65.0,47.1,30.9,14.5,17.9,16.2,16.4,14.5
20260624,ローズトリオンフォ,66.6,49.8,32.9,16.4,16.8,16.9,16.5,16.4
20260624,マルモリマイベスト,54.1,39.8,25.8,12.9,14.3,14.0,12.9,12.9
20260624,ヴェルテンベルク,53.8,38.8,25.1,12.6,15.0,13.7,12.5,12.6
20260624,ファミリーツリー,67.5,48.5,31.9,15.8,19.0,16.6,16.1,15.8
20260624,アスコットアイ,54.2,39.4,25.4,12.9,14.8,14.0,12.5,12.9
20260624,ミスティックレイン,54.4,39.2,25.6,13.0,15.2,13.6,12.6,13.0
20260624,タマモナポリ,68.1,48.9,31.2,15.5,19.2,17.7,15.7,15.5
20260624,ベルフィーノ,53.7,39.2,25.6,12.7,14.5,13.6,12.9,12.7
20260624,セイウンダイフク,55.1,40.1,26.1,12.9,15.0,14.0,13.2,12.9
20260624,ビーマックス,64.2,46.8,30.2,14.8,17.4,16.6,15.4,14.8
20260624,マサノシリウス,52.2,38.6,26.5,14.1,13.6,12.1,12.4,14.1
20260624,ラホーヤアイズ,69.2,52.0,35.3,18.2,17.2,16.7,17.1,18.2
20260624,ジェラルリスト,54.6,39.7,25.9,12.9,14.9,13.8,13.0,12.9
20260624,ﾌｷﾞﾝの24,72.6,52.8,35.0,17.7,19.8,17.8,17.3,17.7
20260624,スーサンコルティナ,71.3,51.3,33.8,16.7,20.0,17.5,17.1,16.7
20260624,マイエスタ,75.3,54.6,34.9,17.4,20.7,19.7,17.5,17.4
20260624,ミッキーコンドル,64.8,48.3,31.9,15.6,16.5,16.4,16.3,15.6
20260624,スピリットライズ,66.0,47.6,31.0,15.3,18.4,16.6,15.7,15.3
20260624,アーデントアイ,66.4,47.0,30.5,15.4,19.4,16.5,15.1,15.4
20260624,マイフレダ,65.8,49.0,32.7,16.5,16.8,16.3,16.2,16.5
20260624,ランゲ,71.3,51.7,34.1,17.0,19.6,17.6,17.1,17.0
20260624,ゲームイズマイン,67.2,49.3,32.7,16.2,17.9,16.6,16.5,16.2
20260624,ﾒｲｼｮｳﾏﾝｻｸの24,72.1,51.7,34.1,17.0,20.4,17.6,17.1,17.0
20260624,メイプルキュート,68.7,49.6,32.0,16.0,19.1,17.6,16.0,16.0
20260624,シエーナカラー,65.0,47.5,31.4,15.3,17.5,16.1,16.1,15.3
20260624,ジワールドコア,68.5,50.4,33.2,16.3,18.1,17.2,16.9,16.3
20260624,トレビスドンナ,69.9,50.7,32.2,15.9,19.2,18.5,16.3,15.9
20260624,マハートマーベル,56.9,39.9,25.3,12.6,17.0,14.6,12.7,12.6
20260624,メイショウシュハリ,55.6,39.9,25.8,12.6,15.7,14.1,13.2,12.6
20260624,フィエスタ,64.9,46.7,30.2,15.0,18.2,16.5,15.2,15.0
20260624,ベルアズーロ,62.3,44.3,27.3,12.4,18.0,17.0,14.9,12.4
20260624,ルルハート,60.3,44.6,29.6,14.9,15.7,15.0,14.7,14.9
20260624,ルナフィオーレ,56.7,40.6,25.9,12.6,16.1,14.7,13.3,12.6
20260624,グランスプリント,64.0,46.4,30.4,14.5,17.6,16.0,15.9,14.5
20260624,スマイルガーデン,54.4,40.4,25.9,12.2,14.0,14.5,13.7,12.2
20260624,ムーンベリル,55.4,40.8,26.1,12.3,14.6,14.7,13.8,12.3
20260624,ホールシバン,55.1,40.4,26.1,12.8,14.7,14.3,13.3,12.8
20260624,テーオーダヴィンチ,50.9,36.8,24.3,12.5,14.1,12.5,11.8,12.5
20260624,アメリカンピース,55.4,40.4,26.0,12.9,15.0,14.4,13.1,12.9
20260624,ゴルトリッチ,54.4,39.7,26.2,13.2,14.7,13.5,13.0,13.2
20260624,トーホウガレオン,55.6,39.4,25.5,13.1,16.2,13.9,12.4,13.1
20260624,プロミシングスター,53.6,39.7,26.5,13.2,13.9,13.2,13.3,13.2
20260624,テーオーノーベル,54.3,39.4,25.5,12.1,14.9,13.9,13.4,12.1
20260624,メイショウウメゴチ,58.5,42.6,27.3,12.8,15.9,15.3,14.5,12.8
20260624,ヒラボクカレラ,53.1,39.7,26.4,13.2,13.4,13.3,13.2,13.2
20260624,デュアルロール,56.4,40.7,25.7,12.6,15.7,15.0,13.1,12.6
20260624,ブレスドナイル,52.5,38.5,24.9,12.5,14.0,13.6,12.4,12.5
20260624,オーケーキュート,56.2,40.4,25.5,12.6,15.8,14.9,12.9,12.6
20260624,モンロワイヤル,53.8,39.2,25.9,13.3,14.6,13.3,12.6,13.3
20260624,ワイドヴィンクルム,65.9,48.9,32.8,16.5,17.0,16.1,16.3,16.5
20260624,メイショウゲッコウ,53.6,39.1,25.8,12.7,14.5,13.3,13.1,12.7
20260624,ランスオブラヴ,57.1,41.5,26.6,13.0,15.6,14.9,13.6,13.0
20260624,ブエノスオプティマ,54.8,40.3,25.9,12.9,14.5,14.4,13.0,12.9
20260624,グーフィー,54.3,38.9,24.9,12.5,15.4,14.0,12.4,12.5
20260624,スマートエスコート,54.0,39.3,25.1,12.4,14.7,14.2,12.7,12.4
20260624,ジーティーキンセイ,64.2,46.9,31.3,15.7,17.3,15.6,15.6,15.7
20260624,ミネルヴァ,65.5,48.6,32.0,15.6,16.9,16.6,16.4,15.6
20260624,ソゲソゲスマイル,55.7,40.8,26.4,13.2,14.9,14.4,13.2,13.2
20260624,クリノパッション,55.9,40.8,26.4,13.1,15.1,14.4,13.3,13.1
20260624,デルシエロ,52.6,37.8,25.3,12.8,14.8,12.5,12.5,12.8
20260624,オオナミコナミ,54.5,40.0,26.5,13.1,14.5,13.5,13.4,13.1
20260624,ブルーカミング,52.8,39.6,26.1,13.2,13.2,13.5,12.9,13.2
20260624,グレートアゲイン,56.1,41.3,26.7,13.3,14.8,14.6,13.4,13.3
20260624,クイーンズホリデー,55.2,40.0,25.8,12.6,15.2,14.2,13.2,12.6
20260624,イズントイット,55.0,39.3,25.2,12.3,15.7,14.1,12.9,12.3
20260624,テーオーレックス,55.6,40.1,25.9,12.8,15.5,14.2,13.1,12.8
20260624,ウォーターコトノハ,55.3,39.9,25.7,12.7,15.4,14.2,13.0,12.7
20260624,ソニックブーム,53.9,38.8,25.2,12.3,15.1,13.6,12.9,12.3
20260624,スカイスプレンダー,55.4,39.7,25.6,12.6,15.7,14.1,13.0,12.6
20260624,アカウフリューゲル,55.5,39.8,25.5,12.4,15.7,14.3,13.1,12.4
20260624,オックスアイ,54.2,39.3,25.4,12.7,14.9,13.9,12.7,12.7
20260624,マハロハ,54.7,39.6,25.6,12.4,15.1,14.0,13.2,12.4
20260624,ラヴァンドローリエ,54.8,39.9,25.8,12.6,14.9,14.1,13.2,12.6
20260624,ウインガラハッド,54.2,39.7,25.7,12.6,14.5,14.0,13.1,12.6
20260624,オメガダフネ,66.5,49.0,32.3,16.0,17.5,16.7,16.3,16.0
20260624,ショウナンライラ,54.7,40.1,25.8,12.7,14.6,14.3,13.1,12.7
20260624,ジューンマーチ,56.8,41.3,26.5,13.2,15.5,14.8,13.3,13.2
20260624,メイショウツキヨ,54.4,39.9,26.6,13.6,14.5,13.3,13.0,13.6
20260624,メイショウグロリア,55.3,40.8,27.4,14.3,14.5,13.4,13.1,14.3
20260624,スズノボンライミー,54.1,39.2,25.1,12.1,14.9,14.1,13.0,12.1
20260624,ハイビッグゴールド,55.8,40.0,26.0,13.1,15.8,14.0,12.9,13.1
20260624,アイルトン,66.8,48.4,31.5,15.2,18.4,16.9,16.3,15.2
20260624,マルモリキャスター,58.7,43.0,28.2,14.0,15.7,14.8,14.2,14.0
20260624,ジョイザモーメント,65.6,48.6,32.1,16.1,17.0,16.5,16.0,16.1
20260624,ハンサム,66.6,48.3,30.8,15.0,18.3,17.5,15.8,15.0
20260624,ﾏﾛﾝﾊﾟﾝﾅの24,65.6,48.6,32.2,16.1,17.0,16.4,16.1,16.1
20260624,ヘキレキ,71.4,51.6,33.8,16.8,19.8,17.8,17.0,16.8
20260624,リエーヴェ,55.7,40.4,25.6,12.2,15.3,14.8,13.4,12.2
20260624,アストラカ,53.6,38.4,24.8,12.4,15.2,13.6,12.4,12.4
20260624,ミッションルース,55.2,40.6,26.2,12.9,14.6,14.4,13.3,12.9
20260624,ポッドロゴ,52.7,38.5,25.2,12.8,14.2,13.3,12.4,12.8
20260624,イチトゼロノアイダ,53.6,38.5,24.9,12.6,15.1,13.6,12.3,12.6
20260624,フリッカージャブ,51.3,37.8,24.3,11.9,13.5,13.5,12.4,11.9
20260624,チェラブ,56.7,41.6,27.1,13.6,15.1,14.5,13.5,13.6
20260624,タマモフリージア,63.9,46.8,30.7,14.9,17.1,16.1,15.8,14.9
20260624,オープンザパンドラ,65.2,47.7,31.9,15.9,17.5,15.8,16.0,15.9
20260624,ローザベッラ,55.4,40.4,25.6,12.6,15.0,14.8,13.0,12.6
20260624,ヴェルヴィエ,64.8,46.7,30.6,15.5,18.1,16.1,15.1,15.5
20260624,コメットサン,68.4,50.6,33.5,16.6,17.8,17.1,16.9,16.6
20260624,マルモタワー,58.9,44.1,29.0,14.1,14.8,15.1,14.9,14.1
20260624,タガノカハンカ,53.7,39.7,25.5,12.7,14.0,14.2,12.8,12.7
20260624,スマートメモリー,57.5,41.9,27.5,13.8,15.6,14.4,13.7,13.8
20260624,ヴェッタフィオーレ,66.6,49.8,33.3,16.9,16.8,16.5,16.4,16.9
20260624,ノトコンゴウ,58.5,44.1,29.0,14.1,14.4,15.1,14.9,14.1
20260624,マリナーヴァレイ,58.4,42.5,27.8,13.8,15.9,14.7,14.0,13.8
20260624,ルクスグレイス,62.7,46.0,30.7,15.8,16.7,15.3,14.9,15.8
20260624,スズカミエール,66.1,48.2,31.0,15.4,17.9,17.2,15.6,15.4
20260624,ココデイック,54.1,39.1,25.2,12.7,15.0,13.9,12.5,12.7
20260624,ユメシバイ,55.3,38.8,25.2,12.6,16.5,13.6,12.6,12.6
20260624,クロユキ,56.1,40.1,25.5,12.5,16.0,14.6,13.0,12.5
20260624,リアルアルバ,54.1,39.7,26.1,13.1,14.4,13.6,13.0,13.1
20260624,メイショウタダツグ,54.5,39.6,25.6,13.1,14.9,14.0,12.5,13.1
20260624,エイシンニケ,66.8,48.6,31.6,15.4,18.2,17.0,16.2,15.4
20260624,アンヘリータス,66.4,49.0,31.8,15.7,17.4,17.2,16.1,15.7
20260624,イーサンマリーン,66.7,48.7,31.7,15.8,18.0,17.0,15.9,15.8
20260624,アヴレディール,59.5,42.4,27.9,13.9,17.1,14.5,14.0,13.9
20260624,バーケンティン,63.0,46.0,30.3,14.9,17.0,15.7,15.4,14.9
20260624,ウィスピア,67.7,49.5,32.3,16.3,18.2,17.2,16.0,16.3
20260624,マーゴットプレ,66.5,49.9,33.4,17.3,16.6,16.5,16.1,17.3
20260624,マーゴットヴィム,68.0,49.8,32.8,16.6,18.2,17.0,16.2,16.6
20260624,ハーブドーレ,56.2,41.5,27.2,14.1,14.7,14.3,13.1,14.1
20260624,クリコイーコ,54.1,39.4,25.7,13.1,14.7,13.7,12.6,13.1
20260624,ハギノクリーガー,53.9,39.2,25.5,13.1,14.7,13.7,12.4,13.1
20260624,ダノンオブアイデア,65.3,47.5,31.8,16.0,17.8,15.7,15.8,16.0
20260624,シンゼンイセ,55.2,40.5,26.4,13.1,14.7,14.1,13.3,13.1
20260624,メイショウコハル,65.3,47.0,30.8,15.4,18.3,16.2,15.4,15.4
20260624,メイショウアヤカ,55.3,41.0,26.8,14.0,14.3,14.2,12.8,14.0
20260624,ディープリメンバー,69.4,51.2,33.5,17.0,18.2,17.7,16.5,17.0
20260624,ジーティーマンフク,69.3,51.2,33.4,16.9,18.1,17.8,16.5,16.9
20260624,ビッグベルーガ,55.7,41.2,26.6,12.8,14.5,14.6,13.8,12.8
20260624,ドラゴンテイラー,74.7,56.2,38.4,19.7,18.5,17.8,18.7,19.7
20260624,スカイマイルタワー,69.9,50.7,33.0,17.0,19.2,17.7,16.0,17.0
20260624,タイゼンジジャク,69.5,50.2,33.5,16.7,19.3,16.7,16.8,16.7
20260624,サンポーニャ,67.0,49.3,32.2,16.0,17.7,17.1,16.2,16.0
20260624,ナンヨークリスタル,53.6,38.3,25.0,12.6,15.3,13.3,12.4,12.6
20260624,キョラムン,52.7,38.0,25.0,12.5,14.7,13.0,12.5,12.5
20260624,メイショウショカツ,69.2,50.3,32.8,16.1,18.9,17.5,16.7,16.1
20260624,ショーライトイヤー,54.4,38.7,25.1,12.3,15.7,13.6,12.8,12.3
20260624,バドリナート,54.5,39.4,25.2,12.6,15.1,14.2,12.6,12.6
20260624,ワッザイカ,55.4,40.0,25.6,12.7,15.4,14.4,12.9,12.7
20260624,ラグナトーレ,65.1,47.6,31.2,15.5,17.5,16.4,15.7,15.5
20260624,ルナーマンス,55.2,39.7,25.3,12.3,15.5,14.4,13.0,12.3
20260624,メイショウユウゲン,53.6,38.9,25.9,13.3,14.7,13.0,12.6,13.3
20260624,ホーリーステップ,54.9,39.6,25.2,12.2,15.3,14.4,13.0,12.2
20260624,ヤマトチャージ,54.2,39.0,25.8,13.3,15.2,13.2,12.5,13.3
20260624,ヤマニンソロイスト,55.8,40.0,25.4,12.2,15.8,14.6,13.2,12.2
20260624,ヴィータリッカ,55.0,39.6,25.3,12.2,15.4,14.3,13.1,12.2
20260624,アセンシオン,65.3,47.9,30.9,15.1,17.4,17.0,15.8,15.1
20260624,レッドシュテルン,65.5,48.4,31.2,14.9,17.1,17.2,16.3,14.9
20260624,マウンテンバローズ,67.4,49.7,34.2,17.2,17.7,15.5,17.0,17.2
20260624,ミニヨンダンサー,69.4,50.7,33.6,16.6,18.7,17.1,17.0,16.6
20260624,コンセントリコ,55.7,40.4,26.4,13.3,15.3,14.0,13.1,13.3
20260624,コックスコーム,55.7,40.5,26.4,13.3,15.2,14.1,13.1,13.3
20260624,マルカオペラ,54.7,40.3,26.3,12.8,14.4,14.0,13.5,12.8
20260624,メイショウトッド,53.0,39.5,27.0,14.2,13.5,12.5,12.8,14.2
20260624,ヨシノイースター,52.4,37.5,24.1,12.1,14.9,13.4,12.0,12.1
20260624,ウインラウダ,64.8,47.6,31.3,15.2,17.2,16.3,16.1,15.2
20260624,プリモマーレ,65.5,49.0,32.3,16.0,16.5,16.7,16.3,16.0
20260624,チェサピークベイ,65.4,48.5,32.8,16.8,16.9,15.7,16.0,16.8
20260624,マダムカマラード,54.7,40.5,25.9,12.6,14.2,14.6,13.3,12.6
20260624,タイムレスフレアー,67.1,49.2,32.2,15.7,17.9,17.0,16.5,15.7
20260624,ショールミーズ,57.1,40.6,26.5,13.0,16.5,14.1,13.5,13.0
20260624,グランドオーパス,65.2,45.7,29.4,14.8,19.5,16.3,14.6,14.8
20260624,ベルコート,66.1,49.0,32.5,15.9,17.1,16.5,16.6,15.9
20260624,ドラゴンバルド,64.9,48.3,32.4,16.3,16.6,15.9,16.1,16.3
20260624,スマートクラビ,64.1,47.1,32.0,16.2,17.0,15.1,15.8,16.2
20260624,リヒトミューレ,64.6,47.1,31.3,15.7,17.5,15.8,15.6,15.7
20260624,シャドウクライ,57.1,41.6,27.4,13.7,15.5,14.2,13.7,13.7
20260624,ユーダブルワン,67.6,48.8,32.3,16.1,18.8,16.5,16.2,16.1
20260624,プシュカル,70.7,52.2,34.4,17.0,18.5,17.8,17.4,17.0
20260624,ルクスユアン,57.0,41.1,26.9,13.4,15.9,14.2,13.5,13.4
20260624,モンブランミノル,54.6,39.4,25.3,12.3,15.2,14.1,13.0,12.3
20260624,ブクブクー,54.6,39.6,25.8,12.7,15.0,13.8,13.1,12.7
20260624,アシャカブラーヴ,52.7,38.5,25.6,13.2,14.2,12.9,12.4,13.2
20260624,タイセイルミナス,54.0,38.9,25.1,12.3,15.1,13.8,12.8,12.3
20260624,ストップヤーニング,54.8,39.3,25.1,12.5,15.5,14.2,12.6,12.5
20260624,エコロゼルダ,57.0,40.5,26.0,12.6,16.5,14.5,13.4,12.6
20260624,ナムラモモ,63.9,46.8,30.5,15.2,17.1,16.3,15.3,15.2
20260624,ホープフルロマン,71.0,53.2,35.2,17.5,17.8,18.0,17.7,17.5
20260624,セキゾウ,68.1,50.8,33.8,17.0,17.3,17.0,16.8,17.0
20260624,シャインロード,55.1,40.4,26.6,13.2,14.7,13.8,13.4,13.2
20260624,レインインザスカイ,68.0,50.2,33.5,17.0,17.8,16.7,16.5,17.0
20260624,ジーティーアンバー,68.8,50.9,34.0,17.1,17.9,16.9,16.9,17.1
20260624,ケイアイメキラ,57.7,41.2,26.2,12.7,16.5,15.0,13.5,12.7
20260624,サトノアイボリー,66.9,49.0,31.9,15.7,17.9,17.1,16.2,15.7
20260624,イグニション,54.7,39.5,25.7,12.7,15.2,13.8,13.0,12.7
20260624,ダークマルス,68.0,51.5,34.5,16.4,16.5,17.0,18.1,16.4
20260624,ゲタリア,69.9,47.5,29.9,14.7,22.4,17.6,15.2,14.7
20260624,ジョーカー,55.6,39.9,25.3,12.5,15.7,14.6,12.8,12.5
20260624,サトノグロリア,54.8,39.3,25.1,12.4,15.5,14.2,12.7,12.4
20260624,シーザットガール,68.3,49.9,33.3,16.6,18.4,16.6,16.7,16.6
20260624,オーロラエックス,67.4,49.2,32.1,15.6,18.2,17.1,16.5,15.6
20260624,スレッドザニードル,53.9,39.5,25.8,13.1,14.4,13.7,12.7,13.1
20260624,ピースオブザライフ,70.6,52.4,34.6,16.9,18.2,17.8,17.7,16.9
20260624,モズタチアガレ,59.0,43.1,28.6,14.0,15.9,14.5,14.6,14.0
20260624,サンマルパトロール,70.5,52.3,34.5,17.5,18.2,17.8,17.0,17.5
20260624,サンマルノヴェル,73.8,54.6,35.8,17.7,19.2,18.8,18.1,17.7
20260623,テキサスバローズ,63.6,46.9,30.7,15.0,16.7,16.2,15.7,15.0
20260623,アジアントレジャー,62.8,47.1,30.8,15.4,15.7,16.3,15.4,15.4
20260623,フミサウンド,61.5,46.1,30.8,15.5,15.4,15.3,15.3,15.5
20260623,ハニーコム,63.0,46.6,30.6,15.3,16.4,16.0,15.3,15.3
20260623,グランカンタンテ,61.8,45.0,29.8,14.7,16.8,15.2,15.1,14.7
20260623,チギリ,62.1,46.1,30.8,15.3,16.0,15.3,15.5,15.3
20260623,ゲンジ,68.8,50.7,33.9,17.0,18.1,16.8,16.9,17.0
20260623,ニシノイストワール,62.4,46.1,30.3,15.2,16.3,15.8,15.1,15.2
20260623,ブライトラン,67.9,50.1,33.0,16.3,17.8,17.1,16.7,16.3
20260623,シンショク,68.6,50.7,33.6,16.7,17.9,17.1,16.9,16.7
20260623,サノノグレーター,69.2,50.5,32.6,16.4,18.7,17.9,16.2,16.4
20260623,サムシングニュー,61.7,45.7,30.0,15.2,16.0,15.7,14.8,15.2
20260623,アマンヘセル,62.6,46.1,30.1,15.0,16.5,16.0,15.1,15.0
20260623,トワニ,62.2,45.8,30.0,14.9,16.4,15.8,15.1,14.9
20260623,コックピットサイト,60.6,44.5,29.6,15.1,16.1,14.9,14.5,15.1
20260623,ドングラミ,69.9,51.8,33.5,16.6,18.1,18.3,16.9,16.6
20260623,ランドジャイアンツ,69.5,51.3,33.8,16.8,18.2,17.5,17.0,16.8
20260623,メダルボーイ,66.1,49.2,32.4,16.0,16.9,16.8,16.4,16.0
20260623,ブルーリボン,69.7,51.2,33.3,16.8,18.5,17.9,16.5,16.8
20260623,センターサンテ,68.4,50.8,33.7,16.8,17.6,17.1,16.9,16.8
20260623,エスクアドラ,61.6,45.7,30.4,15.5,15.9,15.3,14.9,15.5
20260623,デアグランツ,61.2,45.4,30.2,15.6,15.8,15.2,14.6,15.6
20260623,アップルザビート,67.7,50.9,33.9,17.0,16.8,17.0,16.9,17.0
20260623,ボーンディスウェイ,66.2,49.1,32.5,16.2,17.1,16.6,16.3,16.2
20260623,アマイ,63.3,47.3,31.4,15.4,16.0,15.9,16.0,15.4
20260623,イゾラフェリーチェ,63.7,46.9,31.1,15.3,16.8,15.8,15.8,15.3
20260623,アルニラム,63.2,46.9,30.5,14.9,16.3,16.4,15.6,14.9
20260623,カフェロワドール,63.9,46.8,29.6,15.2,17.1,17.2,14.4,15.2
20260623,エリーナストーム,64.3,47.9,32.0,16.0,16.4,15.9,16.0,16.0
20260623,フッカツノジャンボ,69.0,51.1,34.0,17.5,17.9,17.1,16.5,17.5
20260623,ハミングディスト,65.6,48.7,32.6,16.3,16.9,16.1,16.3,16.3
20260623,グラティアム,64.2,47.4,31.4,15.8,16.8,16.0,15.6,15.8
20260623,ルージュリヴィエラ,65.7,48.8,32.6,16.2,16.9,16.2,16.4,16.2
20260623,ベルランコントル,62.8,47.1,30.8,15.0,15.7,16.3,15.8,15.0
20260623,ドルチェテソーロ,63.7,47.0,31.2,15.4,16.7,15.8,15.8,15.4
20260623,スウィット,63.7,47.0,31.0,15.1,16.7,16.0,15.9,15.1
20260623,グラスクラージュ,66.4,49.3,32.7,16.3,17.1,16.6,16.4,16.3
20260623,レジェンドヴァーサ,67.4,49.3,32.5,16.6,18.1,16.8,15.9,16.6
20260623,セイウンガジュマル,63.5,47.0,30.9,14.9,16.5,16.1,16.0,14.9
20260623,ブレイクフォース,67.9,49.7,32.7,16.1,18.2,17.0,16.6,16.1
20260623,ショウナンヤッホー,63.5,46.6,30.6,15.4,16.9,16.0,15.2,15.4
20260623,ルージュマローネ,64.6,46.2,29.7,14.7,18.4,16.5,15.0,14.7
20260623,ハルノアラシ,69.7,51.3,33.9,17.0,18.4,17.4,16.9,17.0
20260623,ヴォンサクレ,72.2,52.9,34.4,17.1,19.3,18.5,17.3,17.1
20260623,ハスカップジャム,67.7,49.8,32.6,16.2,17.9,17.2,16.4,16.2
20260623,モンテール,64.1,47.4,31.3,15.8,16.7,16.1,15.5,15.8
20260623,チャンピオンホープ,68.2,50.6,34.3,17.4,17.6,16.3,16.9,17.4
20260623,ブッチギレ,63.6,46.6,30.5,15.3,17.0,16.1,15.2,15.3
20260623,ヴァルカンテソーロ,64.2,46.9,30.1,14.5,17.3,16.8,15.6,14.5
20260623,ヴァンデスペランス,67.7,50.2,33.4,16.7,17.5,16.8,16.7,16.7
20260623,ブルールチル,67.5,49.7,32.6,16.3,17.8,17.1,16.3,16.3
20260623,ヤマタケゲンジ,67.7,50.4,33.5,16.6,17.3,16.9,16.9,16.6
20260623,モーモーワン,67.5,50.0,33.0,16.3,17.5,17.0,16.7,16.3
20260623,トランサルピナ,67.4,50.1,33.2,16.6,17.3,16.9,16.6,16.6
20260623,キタノバトゥーキ,69.2,50.3,33.3,17.1,18.9,17.0,16.2,17.1
20260623,ニシノキフジン,69.8,51.1,34.2,17.3,18.7,16.9,16.9,17.3
20260623,プリンキパトゥス,68.3,50.1,33.1,16.5,18.2,17.0,16.6,16.5
20260623,カンピオーネ,69.6,51.3,33.0,15.6,18.3,18.3,17.4,15.6
20260623,アンパドゥ,74.1,55.1,36.1,18.0,19.0,19.0,18.1,18.0
20260623,サードウインド,70.3,52.4,34.4,16.9,17.9,18.0,17.5,16.9
20260623,バシレイア,71.4,53.0,35.1,17.7,18.4,17.9,17.4,17.7
20260623,アタリダイキチ,70.3,51.9,33.5,16.5,18.4,18.4,17.0,16.5
20260623,フィールドノート,70.9,52.5,34.8,17.5,18.4,17.7,17.3,17.5
20260623,スカイプライド,62.3,45.2,29.9,15.2,17.1,15.3,14.7,15.2
20260623,セイントクーヤ,61.9,45.8,30.3,15.2,16.1,15.5,15.1,15.2
20260623,オレンジリバー,62.3,45.5,29.9,15.2,16.8,15.6,14.7,15.2
20260623,スカイドリーマー,71.6,52.9,35.2,17.7,18.7,17.7,17.5,17.7
20260623,リアルパラダイス,71.5,52.6,34.7,17.4,18.9,17.9,17.3,17.4
20260623,ギャニミード,69.6,50.9,33.6,17.0,18.7,17.3,16.6,17.0
20260623,クアロアランチ,71.5,53.0,35.1,17.7,18.5,17.9,17.4,17.7
20260623,ギリーカラム,70.0,52.1,33.6,16.8,17.9,18.5,16.8,16.8
20260623,アローメタル,72.4,53.2,34.8,17.0,19.2,18.4,17.8,17.0
20260623,レッドレガリア,72.0,52.8,34.7,17.4,19.2,18.1,17.3,17.4
20260623,ボルトライン,65.1,47.4,31.3,15.7,17.7,16.1,15.6,15.7
20260623,ランパディアス,64.9,47.3,31.3,15.6,17.6,16.0,15.7,15.6
20260623,ラタフォレスト,66.4,48.9,32.1,15.8,17.5,16.8,16.3,15.8
20260623,フロリメル,68.5,50.3,32.8,17.1,18.2,17.5,15.7,17.1
20260623,ケイアイアギト,66.6,48.9,31.9,15.6,17.7,17.0,16.3,15.6
20260623,モロノディアマンテ,62.4,46.3,30.5,15.0,16.1,15.8,15.5,15.0
20260623,コパノエイダン,70.8,51.8,33.5,16.5,19.0,18.3,17.0,16.5
20260623,リオハリソンメリー,68.9,51.4,33.8,16.6,17.5,17.6,17.2,16.6
20260623,リマーカブル,67.8,49.6,32.2,15.8,18.2,17.4,16.4,15.8
20260623,ジーナグレイス,63.0,46.6,30.8,15.6,16.4,15.8,15.2,15.6
20260623,テスタ,68.2,50.6,33.2,16.8,17.6,17.4,16.4,16.8
20260623,トリプティーク,70.5,51.9,34.2,17.1,18.6,17.7,17.1,17.1
20260623,アーバンアート,66.6,48.5,31.2,15.3,18.1,17.3,15.9,15.3
20260623,エマーソンズ,66.8,49.7,32.9,16.8,17.1,16.8,16.1,16.8
20260623,レオンティウス,62.9,46.6,30.6,15.2,16.3,16.0,15.4,15.2
20260623,ミリオ,62.1,46.4,30.4,15.2,15.7,16.0,15.2,15.2
20260623,マイネルラビリンス,68.7,50.5,33.4,16.9,18.2,17.1,16.5,16.9
20260623,フレンデル,65.7,48.4,31.9,16.0,17.3,16.5,15.9,16.0
20260623,ミクニルミナス,63.1,46.8,30.9,15.5,16.3,15.9,15.4,15.5
20260623,ボンジュールパリ,68.7,50.8,33.6,16.9,17.9,17.2,16.7,16.9
20260623,グルドロッティン,67.3,50.0,32.9,16.3,17.3,17.1,16.6,16.3
20260623,ブルージェイ,68.5,50.2,33.2,16.4,18.3,17.0,16.8,16.4
20260623,ミカミッチー,63.3,46.4,30.8,15.2,16.9,15.6,15.6,15.2
20260623,カシノヴィタ,69.8,51.7,33.9,16.9,18.1,17.8,17.0,16.9
20260623,タシット,71.1,51.4,33.0,16.6,19.7,18.4,16.4,16.6
20260623,マンダリンボレロ,69.5,51.5,34.0,17.1,18.0,17.5,16.9,17.1
20260623,ハッスルダンク,70.4,52.3,34.0,16.9,18.1,18.3,17.1,16.9
20260623,ラーナローザ,63.0,46.4,30.8,15.5,16.6,15.6,15.3,15.5
20260623,ニシノギャルズ,70.1,51.9,34.5,17.4,18.2,17.4,17.1,17.4
20260623,カシマライフウ,68.9,50.9,33.8,17.1,18.0,17.1,16.7,17.1
20260623,イセッセイ,73.2,53.3,35.1,17.9,19.9,18.2,17.2,17.9
20260623,レーヴルーバ,67.5,49.1,31.9,16.1,18.4,17.2,15.8,16.1
20260623,ジーティージェミル,71.1,52.8,34.3,17.2,18.3,18.5,17.1,17.2
20260623,トムキャット,71.0,51.9,34.4,16.8,19.1,17.5,17.6,16.8
20260623,カーテシー,71.0,53.1,35.0,17.5,17.9,18.1,17.5,17.5
20260623,インザダーク,67.9,50.2,33.5,16.9,17.7,16.7,16.6,16.9
20260623,セイウンリリーナ,71.0,52.3,35.4,17.7,18.7,16.9,17.7,17.7
20260623,ピリナカピリナ,69.3,51.5,33.8,16.7,17.8,17.7,17.1,16.7
20260623,フームスムート,67.3,50.0,32.7,16.1,17.3,17.3,16.6,16.1
20260623,スマイルディシー,69.9,52.3,34.6,17.2,17.6,17.7,17.4,17.2
20260623,フェデルミエール,70.3,51.8,34.3,17.5,18.5,17.5,16.8,17.5
20260623,ゴールドジェスター,69.9,51.8,34.1,17.5,18.1,17.7,16.6,17.5
20260623,アドミ,63.2,47.3,31.5,16.2,15.9,15.8,15.3,16.2
20260623,カンフーヒーロー,71.3,51.5,34.2,17.0,19.8,17.3,17.2,17.0
20260623,サイモングリーマン,73.8,54.3,35.8,17.6,19.5,18.5,18.2,17.6
20260623,リバーブレーション,70.5,51.8,34.3,17.1,18.7,17.5,17.2,17.1
20260623,ミラビリオン,66.7,48.6,31.7,16.0,18.1,16.9,15.7,16.0
20260623,ゴールドドレッサ,64.0,47.4,31.6,16.0,16.6,15.8,15.6,16.0
20260623,カゼノハゴロモ,73.6,53.8,35.7,17.6,19.8,18.1,18.1,17.6
20260623,ヌビアン,69.7,51.2,33.6,16.8,18.5,17.6,16.8,16.8
20260623,カーニバルウェイ,66.6,49.2,32.4,16.5,17.4,16.8,15.9,16.5
20260623,タイセイスタナー,58.4,43.8,29.4,14.4,14.6,14.4,15.0,14.4
20260623,ミナヅキ,67.3,49.9,32.9,16.9,17.4,17.0,16.0,16.9
20260623,ドナソラーレ,65.6,48.8,32.2,16.0,16.8,16.6,16.2,16.0
20260623,ルブラッシュノモー,69.5,51.1,33.5,16.4,18.4,17.6,17.1,16.4
20260623,ウカテンセイ,71.3,53.4,35.5,17.8,17.9,17.9,17.7,17.8
20260623,ヴェットビルズ,73.2,53.4,34.8,17.4,19.8,18.6,17.4,17.4
20260623,アルスラーン,66.9,48.7,31.4,15.1,18.2,17.3,16.3,15.1
20260623,マルガリート,68.0,50.3,32.8,16.5,17.7,17.5,16.3,16.5
20260623,スペルキャスター,66.7,49.2,32.1,16.1,17.5,17.1,16.0,16.1
20260623,ハーツコンチェルト,63.9,47.9,31.9,16.3,16.0,16.0,15.6,16.3
20260623,サトミノエンジェル,63.0,46.9,31.0,15.7,16.1,15.9,15.3,15.7
20260623,ボウウィンドウ,63.0,47.0,31.0,15.5,16.0,16.0,15.5,15.5
20260623,ルシェロアズーリ,62.8,46.6,30.8,15.6,16.2,15.8,15.2,15.6
20260623,カタカムナ,66.9,49.2,32.1,16.0,17.7,17.1,16.1,16.0
20260623,リアアーテシアン,63.7,47.3,31.1,15.5,16.4,16.2,15.6,15.5
20260623,ジャストビコーズ,62.6,46.5,30.8,15.6,16.1,15.7,15.2,15.6
20260623,サングラント,64.6,47.9,31.7,15.6,16.7,16.2,16.1,15.6
20260623,サファイアプレミア,68.2,48.1,31.2,15.5,20.1,16.9,15.7,15.5
20260623,プレシャスローズ,67.5,49.0,32.4,15.6,18.5,16.6,16.8,15.6
20260623,タイセイソアリング,66.8,48.7,31.8,16.0,18.1,16.9,15.8,16.0
20260623,ラフエルガ,68.1,50.3,33.0,16.4,17.8,17.3,16.6,16.4
20260623,エストレアボニータ,64.0,47.3,31.1,15.6,16.7,16.2,15.5,15.6
20260623,ニシキギミッチー,66.3,49.0,32.6,16.2,17.3,16.4,16.4,16.2
20260623,クロシェットノエル,70.1,50.8,32.9,16.5,19.3,17.9,16.4,16.5
20260623,ヴィーデ,67.7,49.1,31.4,15.9,18.6,17.7,15.5,15.9
20260623,イノキ,67.1,49.3,32.1,15.9,17.8,17.2,16.2,15.9
20260623,ストレイトトーカー,67.1,49.1,32.2,15.9,18.0,16.9,16.3,15.9
20260623,ディーズゴールド,70.2,51.8,33.4,16.4,18.4,18.4,17.0,16.4
20260623,レインボーワールド,65.0,47.5,31.3,15.8,17.5,16.2,15.5,15.8
20260623,スティールヴォーグ,70.5,51.5,33.4,16.7,19.0,18.1,16.7,16.7
20260623,リッツパーティー,66.7,48.8,32.0,15.8,17.9,16.8,16.2,15.8
20260623,ウインスフェーン,69.4,49.3,31.3,14.9,20.1,18.0,16.4,14.9
20260623,ヤジロベエバランス,68.0,49.9,33.1,16.7,18.1,16.8,16.4,16.7
20260623,パーフェクトスノー,69.6,51.2,33.4,16.3,18.4,17.8,17.1,16.3
20260623,ラグアイリータ,67.9,49.9,32.9,16.7,18.0,17.0,16.2,16.7
20260623,ヨーゼフ,64.6,47.4,30.9,15.3,17.2,16.5,15.6,15.3
20260623,サクセスボーイ,64.7,48.5,32.9,16.6,16.2,15.6,16.3,16.6
20260623,オーケーエース,63.1,47.3,31.1,15.2,15.8,16.2,15.9,15.2
20260623,セレスタイト,68.1,49.8,32.9,16.4,18.3,16.9,16.5,16.4
20260623,マスターボリューム,66.3,48.3,31.8,15.8,18.0,16.5,16.0,15.8
20260623,エーアイクワイ,64.5,48.3,32.6,16.4,16.2,15.7,16.2,16.4
20260623,コンバスチョン,68.4,50.6,33.5,16.0,17.8,17.1,17.5,16.0
20260623,タイセイミッション,70.1,51.3,33.6,16.5,18.8,17.7,17.1,16.5
20260623,ビーンスターク,65.7,47.5,31.5,15.9,18.2,16.0,15.6,15.9
20260623,ゴールデンルーキー,65.2,47.8,32.1,16.4,17.4,15.7,15.7,16.4
20260623,ネクストダンサー,69.9,51.1,33.8,16.8,18.8,17.3,17.0,16.8
20260623,タマモカンパネラ,70.7,52.2,34.0,16.7,18.5,18.2,17.3,16.7
20260623,キタノドンカルロ,65.4,47.5,31.4,15.9,17.9,16.1,15.5,15.9
20260623,マリノシークレット,67.7,50.0,34.0,16.9,17.7,16.0,17.1,16.9
20260623,スリーフラワー,70.4,51.3,33.6,16.4,19.1,17.7,17.2,16.4
20260623,ソラティオ,65.5,47.0,31.2,15.5,18.5,15.8,15.7,15.5
20260623,ウインワーグナー,67.5,50.4,33.5,16.5,17.1,16.9,17.0,16.5
20260623,コスモイェーガー,67.7,50.6,33.7,16.8,17.1,16.9,16.9,16.8
20260623,クリアマインド,68.5,50.6,33.1,16.6,17.9,17.5,16.5,16.6
20260623,ダマスク,70.5,51.6,33.7,16.4,18.9,17.9,17.3,16.4
20260623,ココニイルヨ,65.2,46.7,30.6,15.3,18.5,16.1,15.3,15.3
20260623,ライクアフラワー,64.2,47.2,30.8,15.2,17.0,16.4,15.6,15.2
20260623,コスモチプリア,65.6,47.8,31.4,15.7,17.8,16.4,15.7,15.7
20260623,ダイユウファリーナ,64.0,46.7,30.8,15.4,17.3,15.9,15.4,15.4
20260623,ゼンダンタカ,70.3,52.0,34.2,16.9,18.3,17.8,17.3,16.9
20260623,ナツミカンチャン,64.1,47.5,30.8,14.8,16.6,16.7,16.0,14.8
20260623,トゥレイス,68.4,49.2,32.4,16.1,19.2,16.8,16.3,16.1
20260623,リバージュエル,68.2,50.2,32.8,16.0,18.0,17.4,16.8,16.0
20260623,ダイユウサルターレ,66.4,48.6,32.1,16.4,17.8,16.5,15.7,16.4
20260623,トウシンラヴ,67.5,49.2,32.4,16.0,18.3,16.8,16.4,16.0
20260623,ファーザーアウェイ,66.9,48.6,32.2,15.6,18.3,16.4,16.6,15.6
20260623,ハルカオル,62.9,45.7,28.5,13.9,17.2,17.2,14.6,13.9
20260623,シャインフォーミー,68.0,50.6,33.6,16.9,17.4,17.0,16.7,16.9
20260623,ホウオウライラック,67.7,49.3,32.3,15.7,18.4,17.0,16.6,15.7
20260623,ノブピースオブラブ,65.6,48.9,32.4,16.4,16.7,16.5,16.0,16.4
20260623,ブラッククラウズ,71.1,53.1,35.3,17.5,18.0,17.8,17.8,17.5
20260623,コスモペンタス,65.6,48.7,32.2,15.8,16.9,16.5,16.4,15.8
20260623,スカイレックス,64.2,47.4,31.6,16.0,16.8,15.8,15.6,16.0
20260623,タクミオジュウ,63.7,47.0,31.4,15.9,16.7,15.6,15.5,15.9
20260623,ランフォーザエイジ,62.8,46.9,31.6,16.0,15.9,15.3,15.6,16.0
20260623,トーアトリニダー,63.4,47.3,31.8,16.1,16.1,15.5,15.7,16.1
20260623,フォーワンセルフ,60.5,45.1,29.9,15.0,15.4,15.2,14.9,15.0
20260623,ショーマンフリート,68.0,50.1,32.2,15.4,17.9,17.9,16.8,15.4
20260623,メリークリスマス,62.5,46.2,30.5,15.1,16.3,15.7,15.4,15.1
20260623,ノーブルオリンポス,67.2,48.7,31.6,15.5,18.5,17.1,16.1,15.5
20260623,ルクスコロン,65.9,47.4,31.2,15.5,18.5,16.2,15.7,15.5
20260623,ヨシヒロ,67.6,49.2,32.0,15.9,18.4,17.2,16.1,15.9
20260623,ルパヴィヨン,65.3,48.3,31.0,15.1,17.0,17.3,15.9,15.1
20260623,エースオブゴールド,65.5,47.6,31.0,14.9,17.9,16.6,16.1,14.9
20260623,シーサンタナ,65.5,47.6,31.1,15.4,17.9,16.5,15.7,15.4
20260623,ジェネラスキング,65.6,48.8,32.4,16.0,16.8,16.4,16.4,16.0
20260623,ダイヤモンドパレス,67.1,48.9,31.8,15.4,18.2,17.1,16.4,15.4
20260623,レディレックス,70.1,51.0,32.9,15.9,19.1,18.1,17.0,15.9
20260623,ハルガスミ,65.8,47.7,31.5,15.3,18.1,16.2,16.2,15.3
20260623,コスモフラムオット,69.3,51.1,33.9,16.9,18.2,17.2,17.0,16.9
20260623,コスモバルムンク,65.4,47.8,30.5,15.0,17.6,17.3,15.5,15.0
20260623,ノーブルグランツ,70.9,52.5,34.7,17.1,18.4,17.8,17.6,17.1
20260623,カゼノロマン,69.7,51.0,33.5,16.3,18.7,17.5,17.2,16.3
20260623,ウインマイルート,68.7,49.6,32.5,16.3,19.1,17.1,16.2,16.3
20260623,シルトホルン,66.7,49.5,32.8,16.1,17.2,16.7,16.7,16.1
20260623,テセラリアン,70.8,51.7,33.6,16.3,19.1,18.1,17.3,16.3
20260623,プリュノワール,66.2,47.9,30.8,14.5,18.3,17.1,16.3,14.5
20260623,ブレトワルダ,63.8,46.5,29.9,14.9,17.3,16.6,15.0,14.9
20260623,レッドベルダンス,66.7,49.3,32.2,16.0,17.4,17.1,16.2,16.0
20260623,ロゼフェリシア,67.7,49.4,31.9,15.7,18.3,17.5,16.2,15.7
20260623,ティンバーライン,69.9,51.7,33.8,16.8,18.2,17.9,17.0,16.8
20260623,クカイリモク,64.4,47.7,31.0,15.4,16.7,16.7,15.6,15.4
20260623,ウインベルチェーロ,66.7,50.2,33.7,16.9,16.5,16.5,16.8,16.9
20260623,アーティキュレート,68.5,50.9,34.0,16.8,17.6,16.9,17.2,16.8
20260623,ホウオウザロイヤル,65.5,48.7,31.2,15.3,16.8,17.5,15.9,15.3
20260623,キャピタル,64.9,48.2,32.5,17.0,16.7,15.7,15.5,17.0
20260623,エコロシード,65.9,48.9,31.8,15.6,17.0,17.1,16.2,15.6
20260623,ノシェリー,68.8,50.8,33.3,16.5,18.0,17.5,16.8,16.5
20260623,エマルタ,69.0,50.1,32.5,16.3,18.9,17.6,16.2,16.3
20260623,パレスラン,68.8,49.8,31.9,15.9,19.0,17.9,16.0,15.9
20260623,ラミアメンテ,70.8,51.8,34.3,16.9,19.0,17.5,17.4,16.9
20260623,メビウスロマンス,70.7,50.8,33.1,16.6,19.9,17.7,16.5,16.6
20260623,ヨドノティアラ,68.3,49.5,32.7,16.1,18.8,16.8,16.6,16.1
20260623,アトラップモア,67.3,50.4,33.9,16.7,16.9,16.5,17.2,16.7
20260623,アイアムアッパレ,71.4,52.6,35.3,18.1,18.8,17.3,17.2,18.1
20260623,アンジュリオ,68.7,50.1,32.7,16.2,18.6,17.4,16.5,16.2
20260623,リーデレクオーレ,68.4,49.6,32.0,15.8,18.8,17.6,16.2,15.8
20260623,サトノシュトローム,66.8,49.2,32.6,16.3,17.6,16.6,16.3,16.3
20260623,サルワールカミーズ,68.0,50.2,33.3,16.8,17.8,16.9,16.5,16.8
20260623,アッパーウォーター,63.9,46.6,30.3,14.5,17.3,16.3,15.8,14.5
20260623,アンヴデット,69.9,51.5,33.5,16.8,18.4,18.0,16.7,16.8
20260623,クリスタルドレス,70.0,51.0,33.3,16.4,19.0,17.7,16.9,16.4
20260623,モーニングダリア,66.3,49.0,32.4,16.4,17.3,16.6,16.0,16.4
20260623,ランドスター,63.8,45.7,29.5,14.5,18.1,16.2,15.0,14.5
20260623,カシノリアーナ,64.4,48.1,31.9,16.0,16.3,16.2,15.9,16.0
20260623,ミセスジョーンズ,66.8,48.4,31.7,15.6,18.4,16.7,16.1,15.6
20260623,モンドシュピーゲル,69.2,51.5,34.0,16.7,17.7,17.5,17.3,16.7
20260623,ゴールデンパルス,64.9,47.3,30.5,14.9,17.6,16.8,15.6,14.9
20260623,エランヴィータ,67.2,47.4,30.4,14.8,19.8,17.0,15.6,14.8
20260623,ボーンディスウェイ,68.0,50.4,32.9,16.2,17.6,17.5,16.7,16.2
20260623,レッセパッセ,65.8,47.5,30.6,14.5,18.3,16.9,16.1,14.5
20260623,ラーシャローム,62.2,45.7,30.1,15.2,16.5,15.6,14.9,15.2
20260623,カラマティアノス,61.3,45.5,29.9,14.9,15.8,15.6,15.0,14.9
20260623,ショウナンサムデイ,62.2,45.7,30.1,14.9,16.5,15.6,15.2,14.9
20260623,フロンテアムーン,62.2,45.7,29.8,14.8,16.5,15.9,15.0,14.8
20260623,ルンベーラ,65.3,47.8,32.1,16.4,17.5,15.7,15.7,16.4
20260623,プリティーミズホ,65.3,48.6,32.5,16.4,16.7,16.1,16.1,16.4
20260623,フライスカイハイ,64.6,48.0,31.9,16.1,16.6,16.1,15.8,16.1
20260623,オセアフェアモント,66.0,49.1,32.6,16.3,16.9,16.5,16.3,16.3
20260623,ペイシャラム,65.0,48.0,31.8,16.0,17.0,16.2,15.8,16.0
20260623,グラスクラージュ,67.4,50.2,33.0,16.4,17.2,17.2,16.6,16.4
20260623,レジェンドヴァーサ,65.9,48.6,32.4,16.6,17.3,16.2,15.8,16.6
20260623,ブレイクザアイス,66.2,48.0,30.8,14.8,18.2,17.2,16.0,14.8
20260623,バトルクライ,70.4,50.9,32.9,16.2,19.5,18.0,16.7,16.2
20260623,クリノゴッホ,66.8,49.8,33.2,16.8,17.0,16.6,16.4,16.8
20260623,オウギノカナメ,71.1,51.3,33.3,16.6,19.8,18.0,16.7,16.6
20260623,ジャスティンライズ,63.7,46.5,30.6,15.1,17.2,15.9,15.5,15.1
20260623,ダノンクラウディア,65.9,48.1,30.7,14.6,17.8,17.4,16.1,14.6
20260623,ブリリアンス,66.6,48.7,32.0,16.4,17.9,16.7,15.6,16.4
20260623,マーシャルアン,66.2,48.6,31.7,15.4,17.6,16.9,16.3,15.4
20260623,プロミスライン,66.0,48.2,31.1,15.1,17.8,17.1,16.0,15.1
20260623,コスモメイウェザー,70.9,52.2,33.1,16.1,18.7,19.1,17.0,16.1
20260623,フロムドーン,67.0,49.2,32.5,16.8,17.8,16.7,15.7,16.8
20260623,ラヴァレード,71.2,51.9,33.1,16.4,19.3,18.8,16.7,16.4
20260623,セイリュウ,71.9,52.8,34.2,17.4,19.1,18.6,16.8,17.4
20260623,モルスリール,71.6,52.8,33.8,17.2,18.8,19.0,16.6,17.2
20260623,ユイーナ,66.9,49.1,31.7,15.4,17.8,17.4,16.3,15.4
20260623,ソードマスター,70.7,51.3,33.1,16.6,19.4,18.2,16.5,16.6
20260623,ライヴギムレット,67.6,49.9,32.5,16.0,17.7,17.4,16.5,16.0
20260623,ブーケドリス,64.3,46.6,30.2,14.8,17.7,16.4,15.4,14.8
20260623,パワポケグッド,64.5,46.6,30.3,14.6,17.9,16.3,15.7,14.6
20260623,ダノンブレイズ,65.5,47.8,30.9,15.2,17.7,16.9,15.7,15.2
20260623,レッドエモーション,65.6,47.9,31.0,15.2,17.7,16.9,15.8,15.2
20260623,ジオ,64.5,46.8,31.3,16.1,17.7,15.5,15.2,16.1
20260623,コスモマルーン,66.6,49.3,31.1,16.0,17.3,18.2,15.1,16.0
20260623,リポジノ,66.6,48.5,32.0,16.3,18.1,16.5,15.7,16.3
20260623,ルージュアリスタ,68.2,49.3,32.6,16.2,18.9,16.7,16.4,16.2
20260623,アルファリラエ,74.4,54.8,36.0,17.7,19.6,18.8,18.3,17.7
20260623,ラウンドヒル,74.4,54.7,35.7,17.6,19.7,19.0,18.1,17.6
20260623,アンパシオンス,73.6,54.2,35.8,17.7,19.4,18.4,18.1,17.7
20260623,デアトゥノウ,67.7,47.9,30.9,15.1,19.8,17.0,15.8,15.1
20260623,ショーエクラ,68.8,50.9,33.7,17.5,17.9,17.2,16.2,17.5
20260623,ドナビッグベン,65.9,47.8,31.6,16.2,18.1,16.2,15.4,16.2
20260623,ワレモコウ,68.4,50.5,33.1,17.0,17.9,17.4,16.1,17.0
20260623,ゲームアビリティー,68.3,51.1,33.8,17.0,17.2,17.3,16.8,17.0
20260623,ビップヴィーナス,73.6,54.0,36.1,17.9,19.6,17.9,18.2,17.9
20260623,テリオスブギ,72.4,52.8,34.9,17.4,19.6,17.9,17.5,17.4
20260623,ヴァルカモニカ,68.6,50.0,32.7,16.2,18.6,17.3,16.5,16.2
20260623,ウインアルドーレ,75.6,54.5,35.0,17.1,21.1,19.5,17.9,17.1
20260623,サードウインド,68.4,50.4,32.9,16.2,18.0,17.5,16.7,16.2
20260623,バシレイア,69.1,50.6,33.1,15.8,18.5,17.5,17.3,15.8
20260623,アタリダイキチ,69.4,51.4,33.7,16.7,18.0,17.7,17.0,16.7
20260623,キタノタイキ,77.4,56.8,37.1,18.4,20.6,19.7,18.7,18.4
20260623,リアルパラダイス,69.4,51.2,33.5,16.6,18.2,17.7,16.9,16.6
20260623,クアロアランチ,69.1,50.6,33.2,15.8,18.5,17.4,17.4,15.8
20260623,ソニックウェーブ,67.4,50.1,33.4,16.7,17.3,16.7,16.7,16.7
20260623,キミヘノメロディー,63.6,46.5,30.1,14.6,17.1,16.4,15.5,14.6
20260623,トレベルオール,69.8,50.3,32.6,15.4,19.5,17.7,17.2,15.4
20260623,グロッシェン,62.9,46.1,30.1,14.9,16.8,16.0,15.2,14.9
20260623,ルージュロマーナ,62.8,46.0,29.7,15.0,16.8,16.3,14.7,15.0
20260623,ジュネストレイル,62.0,45.3,29.0,14.5,16.7,16.3,14.5,14.5
20260623,エクスマキナ,70.0,51.1,33.5,16.9,18.9,17.6,16.6,16.9
20260623,プレママドンナ,69.3,51.2,33.7,16.8,18.1,17.5,16.9,16.8
20260623,ハーツコンチェルト,61.1,45.5,29.7,14.8,15.6,15.8,14.9,14.8
20260623,アピーリングルック,70.3,51.0,32.6,15.6,19.3,18.4,17.0,15.6
20260623,ウインイルネージュ,64.9,47.8,32.2,16.0,17.1,15.6,16.2,16.0
20260623,バトルモクオ,69.7,51.8,34.4,17.1,17.9,17.4,17.3,17.1
20260623,アズサ,69.2,51.2,33.8,16.8,18.0,17.4,17.0,16.8
20260623,ヌビアン,69.5,51.7,34.0,16.9,17.8,17.7,17.1,16.9
20260623,カーニバルウェイ,69.2,51.6,34.0,17.0,17.6,17.6,17.0,17.0
20260623,サヴマ,70.3,50.8,33.1,16.0,19.5,17.7,17.1,16.0
20260623,ヴェットビルズ,68.5,50.3,32.4,16.1,18.2,17.9,16.3,16.1
20260623,アオイミズホ,67.3,49.4,32.1,15.8,17.9,17.3,16.3,15.8
20260623,スティールヴォーグ,69.4,50.9,33.2,16.2,18.5,17.7,17.0,16.2
20260623,ディーズゴールド,69.9,52.3,33.9,17.0,17.6,18.4,16.9,17.0
20260623,ベアダイヤモンド,65.2,47.9,31.5,14.9,17.3,16.4,16.6,14.9
20260623,ロジシーザ,67.5,49.7,32.5,16.2,17.8,17.2,16.3,16.2
20260623,バイアブランカ,74.8,55.6,36.7,18.2,19.2,18.9,18.5,18.2
20260623,サトノリアファル,67.5,49.5,32.4,16.4,18.0,17.1,16.0,16.4
20260623,タイセイジェンマ,66.1,48.9,31.4,15.3,17.2,17.5,16.1,15.3
20260623,パーフェクトスノー,69.9,51.3,33.4,16.5,18.6,17.9,16.9,16.5
20260623,ブライトシーン,63.3,46.5,30.9,15.6,16.8,15.6,15.3,15.6
20260623,ココボロ,67.7,50.1,33.2,16.7,17.6,16.9,16.5,16.7
20260623,ルージュスティーズ,64.7,47.4,31.3,15.3,17.3,16.1,16.0,15.3
20260623,キングズトゥルー,64.6,47.4,30.9,14.8,17.2,16.5,16.1,14.8
20260623,カーヌスティ,65.9,47.7,30.9,14.8,18.2,16.8,16.1,14.8
20260623,ネオアンボウ,64.8,47.6,31.7,15.3,17.2,15.9,16.4,15.3
20260623,ディールメーカー,63.8,45.8,29.4,14.1,18.0,16.4,15.3,14.1
20260623,エスシーレイジュ,77.4,55.3,35.4,17.9,22.1,19.9,17.5,17.9
20260623,レッドフリーマン,64.7,47.1,31.4,15.3,17.6,15.7,16.1,15.3
20260623,ボニープリンス,64.5,47.7,31.2,14.9,16.8,16.5,16.3,14.9
20260623,ルージュフィーリア,68.0,50.2,33.3,16.8,17.8,16.9,16.5,16.8
20260623,スターマイン,66.5,49.3,32.7,16.0,17.2,16.6,16.7,16.0
20260623,ダノングローバル,64.0,46.6,30.4,14.9,17.4,16.2,15.5,14.9
20260623,プロミストジーン,64.0,47.6,30.9,15.2,16.4,16.7,15.7,15.2
20260623,ルクスレイモンド,64.7,48.2,31.1,15.3,16.5,17.1,15.8,15.3
20260623,ジョブックボー,60.8,44.5,29.3,14.6,16.3,15.2,14.7,14.6
20260623,ドナルンバ,64.4,47.7,30.7,15.1,16.7,17.0,15.6,15.1
20260623,リサナウト,62.5,45.5,29.6,14.8,17.0,15.9,14.8,14.8
20260623,ダイユウファリーナ,65.3,49.5,33.1,16.6,15.8,16.4,16.5,16.6
20260623,ゴットランド,64.8,48.1,32.0,15.7,16.7,16.1,16.3,15.7
20260623,ゼンダンタカ,69.7,51.2,33.5,16.9,18.5,17.7,16.6,16.9
20260623,レインボーラッキー,66.7,48.9,31.9,15.7,17.8,17.0,16.2,15.7
20260623,ガムラスタン,64.5,47.8,31.5,15.6,16.7,16.3,15.9,15.6
20260623,ロマンス,65.1,48.3,31.1,15.9,16.8,17.2,15.2,15.9
20260623,ルージュリリック,67.9,50.0,32.5,16.1,17.9,17.5,16.4,16.1
20260623,カラクリスピリッツ,66.1,48.9,32.1,15.9,17.2,16.8,16.2,15.9
20260623,ジーネキング,64.8,47.8,31.7,15.4,17.0,16.1,16.3,15.4
20260623,フレキシブル,66.6,49.0,31.8,15.6,17.6,17.2,16.2,15.6
20260623,スカイレックス,63.1,47.2,31.2,15.3,15.9,16.0,15.9,15.3
20260623,ダノンルミエール,67.9,50.7,33.0,16.4,17.2,17.7,16.6,16.4
20260623,ドナディクオーレ,65.4,48.2,32.0,16.0,17.2,16.2,16.0,16.0
20260623,エーオープリマ,68.6,50.8,33.8,16.1,17.8,17.0,17.7,16.1
20260623,ウインマイルート,64.6,47.2,30.6,15.0,17.4,16.6,15.6,15.0
20260623,シルトホルン,68.7,51.0,33.7,16.5,17.7,17.3,17.2,16.5
20260623,テセラリアン,65.5,47.8,31.6,15.8,17.7,16.2,15.8,15.8
20260623,ブレトワルダ,67.6,49.9,33.2,16.2,17.7,16.7,17.0,16.2
20260623,ティンバーライン,66.8,48.9,32.3,16.1,17.9,16.6,16.2,16.1
20260623,クラックミーアップ,62.4,46.4,31.0,15.8,16.0,15.4,15.2,15.8
20260623,ユイノヘラクレス,69.5,50.9,33.6,16.8,18.6,17.3,16.8,16.8
20260623,ノシェリー,65.7,47.7,31.0,15.6,18.0,16.7,15.4,15.6
20260623,テルケンレンスキー,65.3,47.6,30.9,15.1,17.7,16.7,15.8,15.1
20260623,レアリゼソンレーヴ,64.0,47.1,31.1,15.6,16.9,16.0,15.5,15.6
20260623,アインプロージット,68.5,50.3,33.2,16.0,18.2,17.1,17.2,16.0
20260623,ラショナルポイント,70.6,52.1,33.7,16.5,18.5,18.4,17.2,16.5
20260623,ユニオンジャック,65.1,47.5,31.4,15.9,17.6,16.1,15.5,15.9
20260623,ハリコミチュウ,66.9,48.4,31.5,15.6,18.5,16.9,15.9,15.6
20260623,オオセイケイ,66.3,47.6,31.0,14.8,18.7,16.6,16.2,14.8
20260623,エニシングゴース,64.8,48.8,32.9,16.7,16.0,15.9,16.2,16.7
20260623,センカンナガト,65.9,49.6,33.2,16.8,16.3,16.4,16.4,16.8
20260623,ゴーゼンチュー,75.1,56.6,38.1,19.2,18.5,18.5,18.9,19.2
20260623,ユイチャンファイト,65.6,47.8,30.9,15.2,17.8,16.9,15.7,15.2
20260623,ランスノーブル,95.0,72.3,49.9,25.8,22.7,22.4,24.1,25.8
20260623,ドーンコーラス,65.0,48.0,31.4,15.6,17.0,16.6,15.8,15.6
20260623,ドゥマーヴェリック,65.9,48.7,31.9,15.5,17.2,16.8,16.4,15.5
20260623,マイネルジェロディ,66.2,49.3,32.9,16.7,16.9,16.4,16.2,16.7
20260623,クロライナ,66.1,48.6,32.1,16.3,17.5,16.5,15.8,16.3
20260623,スカイプレリュード,65.8,47.1,30.0,14.6,18.7,17.1,15.4,14.6
20260623,デルマキタカミ,66.0,47.5,30.4,14.8,18.5,17.1,15.6,14.8
20260623,ダンシングアワー,67.5,48.7,32.0,16.2,18.8,16.7,15.8,16.2
20260623,リベラリズモ,65.3,46.9,30.3,15.1,18.4,16.6,15.2,15.1
20260623,コヴェナント,69.9,51.7,34.5,17.1,18.2,17.2,17.4,17.1
20260623,マイネルイグザルト,72.0,53.7,35.5,17.7,18.3,18.2,17.8,17.7
20260623,モリノセピア,69.2,51.3,33.7,16.6,17.9,17.6,17.1,16.6
20260623,ピコレッド,67.8,50.7,33.1,16.5,17.1,17.6,16.6,16.5
20260623,サトミノアカリ,68.6,50.9,33.8,16.7,17.7,17.1,17.1,16.7
20260623,アグネスクレスト,69.3,50.2,32.4,16.0,19.1,17.8,16.4,16.0
20260623,クラウンフリード,69.2,50.9,33.9,17.2,18.3,17.0,16.7,17.2
20260623,ミサトレジーナ,66.6,49.1,32.3,16.1,17.5,16.8,16.2,16.1
20260623,サノノベリー,69.0,50.3,33.4,17.1,18.7,16.9,16.3,17.1
20260623,オレイア,70.1,51.7,33.7,16.4,18.4,18.0,17.3,16.4
20260623,サトノビーツ,60.9,44.4,28.9,14.5,16.5,15.5,14.4,14.5
20260623,マリアイリダータ,61.8,45.4,29.8,14.8,16.4,15.6,15.0,14.8
20260623,ココニーナ,63.9,47.2,31.9,16.1,16.7,15.3,15.8,16.1
20260623,ヴォンヌヴォー,66.5,49.0,32.3,16.0,17.5,16.7,16.3,16.0
20260623,アロヒアリイ,57.2,42.1,27.4,13.4,15.1,14.7,14.0,13.4
20260623,レイナエヴィータ,61.8,46.2,30.7,15.3,15.6,15.5,15.4,15.3
20260623,オンザボー,61.8,45.5,29.9,14.5,16.3,15.6,15.4,14.5
20260623,ホウオウシュウ,61.8,46.2,30.7,15.4,15.6,15.5,15.3,15.4
20260623,ヒラボクヒーロー,65.6,48.8,31.5,16.0,16.8,17.3,15.5,16.0
20260623,レッドルイナール,64.0,47.2,30.2,15.2,16.8,17.0,15.0,15.2
20260623,ホウオウスターツ,73.1,53.7,35.3,17.7,19.4,18.4,17.6,17.7
20260623,コパノミラノ,65.5,48.6,31.7,15.7,16.9,16.9,16.0,15.7
20260623,イキフン,66.1,48.6,31.6,15.4,17.5,17.0,16.2,15.4
20260623,バトルボーン,62.8,46.2,30.3,14.7,16.6,15.9,15.6,14.7
20260623,テンプーシャオン,65.4,48.5,32.6,16.3,16.9,15.9,16.3,16.3
20260623,アロハオエ,69.6,51.2,33.6,17.0,18.4,17.6,16.6,17.0
20260623,ミリオングローリー,62.6,45.7,29.6,14.6,16.9,16.1,15.0,14.6
20260623,トランセンコ,64.6,47.8,31.1,15.3,16.8,16.7,15.8,15.3
20260623,ダイユウルミナス,66.5,50.0,32.4,15.9,16.5,17.6,16.5,15.9
20260623,コールリッジ,72.4,53.7,34.8,17.2,18.7,18.9,17.6,17.2
20260623,シャインフォード,70.5,51.3,33.2,16.3,19.2,18.1,16.9,16.3
20260623,ナムラクリスティ,69.3,50.8,32.9,16.2,18.5,17.9,16.7,16.2
20260623,ミクニブレイブ,70.3,52.1,34.1,16.5,18.2,18.0,17.6,16.5
20260623,スタースポット,72.3,53.6,34.8,17.0,18.7,18.8,17.8,17.0
20260623,グランオギュール,70.4,52.3,34.3,16.8,18.1,18.0,17.5,16.8
20260623,クレオズニードル,70.5,51.8,33.8,17.2,18.7,18.0,16.6,17.2
20260623,チェイサー,66.9,49.1,33.3,16.6,17.8,15.8,16.7,16.6
20260623,アニエーネ,71.7,52.8,35.0,17.6,18.9,17.8,17.4,17.6
20260623,ピトンピンク,69.2,50.2,32.8,16.4,19.0,17.4,16.4,16.4
20260623,スローブギ,68.9,50.9,33.9,17.4,18.0,17.0,16.5,17.4
20260623,ガブロ,66.6,49.0,32.4,15.6,17.6,16.6,16.8,15.6
20260623,マーシヴィガラス,70.4,51.9,34.4,16.9,18.5,17.5,17.5,16.9
20260623,ナックエルドラド,67.6,49.4,32.2,16.1,18.2,17.2,16.1,16.1
20260623,ザウシャルト,67.1,48.9,31.4,15.9,18.2,17.5,15.5,15.9
20260623,ワンダリングスター,73.6,54.6,36.1,18.1,19.0,18.5,18.0,18.1
20260623,レイシャル,63.5,48.2,32.1,16.5,15.3,16.1,15.6,16.5
20260623,テングカゼ,71.0,53.0,35.3,17.8,18.0,17.7,17.5,17.8
20260623,スピニンググローブ,66.2,49.0,31.5,15.8,17.2,17.5,15.7,15.8
20260623,クロノスフィア,67.6,50.1,33.0,16.4,17.5,17.1,16.6,16.4
20260623,クロースコンバット,64.8,47.4,31.4,15.7,17.4,16.0,15.7,15.7
20260623,ゴールドアローン,64.6,48.4,31.8,16.2,16.2,16.6,15.6,16.2
20260623,ノビリシマビジョン,64.5,48.7,31.8,16.1,15.8,16.9,15.7,16.1
20260623,ゴールドフリーダム,65.6,48.3,31.6,15.9,17.3,16.7,15.7,15.9
20260623,マルプリ,65.5,47.6,31.2,15.4,17.9,16.4,15.8,15.4
20260623,ロジキセキ,66.4,48.8,32.0,15.5,17.6,16.8,16.5,15.5
20260623,イバラヒメ,66.9,49.6,32.9,16.1,17.3,16.7,16.8,16.1
20260623,トム,67.3,50.2,33.6,16.9,17.1,16.6,16.7,16.9
20260623,チャームジュネーヴ,66.9,49.8,32.8,16.0,17.1,17.0,16.8,16.0
20260623,レイユール,66.6,49.1,32.4,16.7,17.5,16.7,15.7,16.7
20260623,エアトベーレ,67.4,50.1,33.3,17.3,17.3,16.8,16.0,17.3
20260623,ノーブルスアーク,65.0,48.2,31.6,15.7,16.8,16.6,15.9,15.7
20260623,イントリー,65.6,47.9,31.4,15.3,17.7,16.5,16.1,15.3
20260623,ラストシャリナ,72.6,53.7,35.3,17.6,18.9,18.4,17.7,17.6
20260623,ブラボーツー,71.2,51.2,34.2,17.0,20.0,17.0,17.2,17.0
20260623,ウィルソンテソーロ,68.8,51.4,33.7,17.2,17.4,17.7,16.5,17.2
20260623,マイネルモーント,70.2,52.2,33.9,16.8,18.0,18.3,17.1,16.8
20260623,オセアエクスプレス,64.6,48.7,32.0,15.9,15.9,16.7,16.1,15.9
20260623,コンフィアンサ,64.5,48.8,32.3,16.0,15.7,16.5,16.3,16.0
20260623,ゴールドテソーロ,69.4,51.4,33.8,17.0,18.0,17.6,16.8,17.0
20260623,ワイズシリウス,70.7,52.7,34.6,17.6,18.0,18.1,17.0,17.6
20260623,ツクバアヴァロン,67.6,50.0,32.5,16.1,17.6,17.5,16.4,16.1
20260623,クロドラバール,68.1,50.6,33.3,16.6,17.5,17.3,16.7,16.6
20260623,ニチヤヲツイデ,73.2,54.5,35.7,17.7,18.7,18.8,18.0,17.7
20260623,ソワンドヴィクター,69.4,50.3,32.7,16.0,19.1,17.6,16.7,16.0
20260623,リゼクールグレー,70.7,51.2,33.2,16.5,19.5,18.0,16.7,16.5
20260623,ルヴァンアレー,67.1,50.6,33.1,16.5,16.5,17.5,16.6,16.5
20260623,キセキノエンジェル,64.2,47.7,31.4,15.6,16.5,16.3,15.8,15.6
20260623,アリアーネ,64.8,47.8,31.6,16.3,17.0,16.2,15.3,16.3
20260623,カラーオブサクセス,65.1,48.2,32.4,16.3,16.9,15.8,16.1,16.3
20260623,サイモンセレーノ,67.8,49.3,32.3,16.9,18.5,17.0,15.4,16.9
20260623,ホウライブラック,64.4,47.7,32.0,15.9,16.7,15.7,16.1,15.9
20260623,ラングロワブリッジ,68.4,49.2,31.5,15.6,19.2,17.7,15.9,15.6
20260623,クリガーレ,65.0,48.1,31.9,15.9,16.9,16.2,16.0,15.9
20260623,グラスブランシュ,67.3,49.7,32.4,15.8,17.6,17.3,16.6,15.8
20260623,デルマザオウ,65.7,48.0,31.7,15.6,17.7,16.3,16.1,15.6
20260623,スカット,67.7,48.1,30.6,15.1,19.6,17.5,15.5,15.1
20260623,ビーストウォーズ,67.5,49.4,31.8,15.6,18.1,17.6,16.2,15.6
20260623,ハクサンミレイ,68.2,50.1,33.1,16.3,18.1,17.0,16.8,16.3
20260623,リーディンアクター,63.0,45.4,29.1,14.3,17.6,16.3,14.8,14.3
20260623,ヴェスタル,65.1,46.8,30.3,15.3,18.3,16.5,15.0,15.3
20260623,ウイニングレイ,67.0,47.0,29.2,14.4,20.0,17.8,14.8,14.4
20260623,ラルフテソーロ,67.8,48.8,31.6,15.3,19.0,17.2,16.3,15.3
20260623,エバーラスト,63.4,47.1,30.6,14.8,16.3,16.5,15.8,14.8
20260623,フレイコン,72.6,53.8,35.5,17.5,18.8,18.3,18.0,17.5
20260623,アルティシモ,64.4,47.3,31.9,15.7,17.1,15.4,16.2,15.7
20260623,エバーメテオ,65.1,47.6,32.0,16.3,17.5,15.6,15.7,16.3
20260623,ウンスイ,64.4,48.0,31.9,15.6,16.4,16.1,16.3,15.6
20260623,アルニタク,72.9,53.2,34.8,17.2,19.7,18.4,17.6,17.2
20260623,ウインリスノアール,65.2,48.3,32.1,15.9,16.9,16.2,16.2,15.9
20260623,マーシヴィガラス,68.2,50.9,33.2,16.2,17.3,17.7,17.0,16.2
20260623,ムーンストラック,72.0,53.0,34.5,17.1,19.0,18.5,17.4,17.1
20260623,ハッピーラッキー,68.7,50.2,34.0,18.1,18.5,16.2,15.9,18.1
20260623,ワンダリングスター,67.0,49.3,32.8,16.3,17.7,16.5,16.5,16.3
20260623,テングカゼ,68.9,50.6,33.6,16.7,18.3,17.0,16.9,16.7
20260623,ミレニアムヒロイン,66.6,48.0,31.3,15.6,18.6,16.7,15.7,15.6
20260623,ショウナンラリー,65.1,48.3,31.8,15.3,16.8,16.5,16.5,15.3
20260623,センターアイランド,64.5,47.2,31.3,15.3,17.3,15.9,16.0,15.3
20260623,テールエメール,72.5,52.8,35.2,18.2,19.7,17.6,17.0,18.2
20260623,エレクトス,72.3,52.6,34.9,18.4,19.7,17.7,16.5,18.4
20260623,グランプラネッタ,63.5,46.2,30.2,15.1,17.3,16.0,15.1,15.1
20260623,シアワセチョウサン,63.7,46.7,30.6,15.4,17.0,16.1,15.2,15.4
20260623,ケイアイギルス,64.3,47.6,31.6,16.3,16.7,16.0,15.3,16.3
20260623,カシノユメミヅキ,63.7,47.2,31.4,15.4,16.5,15.8,16.0,15.4
20260623,ビップラージャ,69.4,50.2,32.8,16.4,19.2,17.4,16.4,16.4
20260623,キャンディメモリー,69.4,50.1,32.7,16.4,19.3,17.4,16.3,16.4
20260623,ｱﾌﾟﾘｺｯﾄﾌｨｽﾞの24,64.8,48.2,32.0,16.3,16.6,16.2,15.7,16.3
20260623,ミスティユニバンス,67.4,50.5,33.5,17.0,16.9,17.0,16.5,17.0
20260623,アドマイヤフク,70.0,52.5,34.8,17.4,17.5,17.7,17.4,17.4
20260623,ゲクウ,64.7,48.2,31.7,16.0,16.5,16.5,15.7,16.0
20260623,リトルコリンズ,62.6,46.2,30.5,15.3,16.4,15.7,15.2,15.3
20260623,ディスペアーホープ,63.9,47.5,30.9,15.2,16.4,16.6,15.7,15.2
20260623,ホウオウブースター,67.9,49.8,32.9,16.0,18.1,16.9,16.9,16.0
20260623,プロスペクトパーク,64.9,47.5,30.3,14.7,17.4,17.2,15.6,14.7
20260623,ウインビギニング,60.7,44.9,29.4,14.3,15.8,15.5,15.1,14.3
20260623,ミルトハーバー,65.3,48.2,31.7,16.2,17.1,16.5,15.5,16.2
20260623,キタノアヤカ,68.3,49.6,32.2,16.3,18.7,17.4,15.9,16.3
20260623,ゾディアカルライト,68.0,49.8,32.9,16.2,18.2,16.9,16.7,16.2
20260623,トゥラッタッタ,67.4,49.8,32.6,15.9,17.6,17.2,16.7,15.9
20260623,リリエンフェルト,66.5,49.1,32.3,15.8,17.4,16.8,16.5,15.8
20260623,ルージュアベリア,62.2,46.7,30.5,14.6,15.5,16.2,15.9,14.6
20260623,クリスマスパレード,63.0,47.1,31.2,15.2,15.9,15.9,16.0,15.2
20260623,マタミカンサン,62.8,46.4,29.9,14.8,16.4,16.5,15.1,14.8
20260623,リギーロ,63.8,47.0,30.6,14.9,16.8,16.4,15.7,14.9
20260623,ハクサンスオーノ,64.3,47.8,31.3,15.3,16.5,16.5,16.0,15.3
20260623,リュクスパトロール,63.2,47.1,31.2,15.7,16.1,15.9,15.5,15.7
20260623,ベルトラッキ,64.8,47.7,31.6,15.3,17.1,16.1,16.3,15.3
20260623,プルヴィナル,65.6,48.4,32.1,15.6,17.2,16.3,16.5,15.6
20260623,サノノファイター,63.4,46.8,30.6,15.1,16.6,16.2,15.5,15.1
20260623,アルバニクス,69.9,50.9,33.2,16.4,19.0,17.7,16.8,16.4
20260623,エンジャムメント,69.4,51.3,33.8,17.2,18.1,17.5,16.6,17.2
20260623,オドラタス,62.1,46.3,29.6,15.1,15.8,16.7,14.5,15.1
20260623,リラベガ,67.9,50.7,33.5,16.7,17.2,17.2,16.8,16.7
20260623,オウケンハニー,67.7,49.9,33.0,16.2,17.8,16.9,16.8,16.2
20260623,ドナリー,71.0,52.3,34.3,16.5,18.7,18.0,17.8,16.5
20260623,ルージュスエルテ,63.8,47.3,30.9,15.7,16.5,16.4,15.2,15.7
20260623,ノクターン,70.9,52.5,34.5,17.1,18.4,18.0,17.4,17.1
20260623,ココナッツコースト,71.2,52.8,34.5,16.8,18.4,18.3,17.7,16.8
20260623,ルージュボヤージュ,71.1,52.7,34.3,16.9,18.4,18.4,17.4,16.9
20260623,エリカカリーナ,66.1,48.2,31.5,15.6,17.9,16.7,15.9,15.6
20260623,ミセスリリー,65.7,48.3,31.5,15.4,17.4,16.8,16.1,15.4
20260623,ラッパースヴィル,72.4,53.0,34.9,17.2,19.4,18.1,17.7,17.2
20260623,ザンシュトーム,89.3,65.6,42.9,21.9,23.7,22.7,21.0,21.9
20260623,コスモルトチェコ,66.7,49.3,32.6,16.7,17.4,16.7,15.9,16.7
20260623,オーケーグリット,66.7,48.9,32.4,16.4,17.8,16.5,16.0,16.4
20260623,セイカタカキヤチク,66.2,48.6,31.5,15.3,17.6,17.1,16.2,15.3
20260623,タッカーバレット,72.1,52.0,34.2,17.3,20.1,17.8,16.9,17.3
20260623,ヤマニンヘルシェ,129.1,92.9,60.0,28.4,36.2,32.9,31.6,28.4
20260623,ホノボノ,66.9,50.1,33.2,16.5,16.8,16.9,16.7,16.5
20260623,ロココ,65.2,48.4,32.1,16.2,16.8,16.3,15.9,16.2
20260623,アオイノリプー,67.3,49.9,32.7,16.3,17.4,17.2,16.4,16.3
20260623,アークレイリ,67.6,50.4,33.5,16.7,17.2,16.9,16.8,16.7
20260623,ホウオウフロイト,95.9,70.3,44.9,21.7,25.6,25.4,23.2,21.7
20260623,ピコチャンブラック,67.1,49.0,31.9,15.4,18.1,17.1,16.5,15.4
20260623,アリスメティーク,67.1,49.7,32.6,16.3,17.4,17.1,16.3,16.3
20260623,スティールシップ,66.9,49.3,32.0,15.9,17.6,17.3,16.1,15.9
20260623,ショウナンマルチ,65.8,48.8,31.9,15.9,17.0,16.9,16.0,15.9
20260623,デンプシー,65.0,48.0,31.7,15.6,17.0,16.3,16.1,15.6
20260623,ココネ,65.5,48.6,31.9,16.0,16.9,16.7,15.9,16.0
20260623,ファウナード,64.9,48.0,31.4,15.4,16.9,16.6,16.0,15.4
20260623,ハイラント,63.2,46.8,31.0,15.4,16.4,15.8,15.6,15.4
20260623,ブリスフル,68.0,51.4,34.4,17.9,16.6,17.0,16.5,17.9
20260623,ホープフルワールド,63.7,47.2,31.3,15.9,16.5,15.9,15.4,15.9
20260623,リフレックス,66.4,48.6,32.2,15.9,17.8,16.4,16.3,15.9
20260623,ドリーマーズ,63.2,47.1,31.0,15.4,16.1,16.1,15.6,15.4
20260623,ミッドナイトドア,64.0,47.1,31.1,15.9,16.9,16.0,15.2,15.9
20260623,メジャーシンガー,62.8,46.4,31.1,15.6,16.4,15.3,15.5,15.6
20260623,ハンデンブレイズ,63.9,47.3,31.4,15.8,16.6,15.9,15.6,15.8
20260623,フォルスラヴィ,66.7,49.9,33.4,16.9,16.8,16.5,16.5,16.9
20260623,カプリースカラー,66.1,48.3,31.7,15.3,17.8,16.6,16.4,15.3
20260623,アルバニクス,69.8,52.2,34.0,17.0,17.6,18.2,17.0,17.0
20260623,エンジャムメント,70.4,52.1,33.5,16.4,18.3,18.6,17.1,16.4
20260623,ディマイザキッド,66.9,49.2,32.4,16.3,17.7,16.8,16.1,16.3
20260623,イマジェリーナ,67.8,48.7,31.9,15.9,19.1,16.8,16.0,15.9
20260623,スードランダム,68.0,50.5,32.5,16.4,17.5,18.0,16.1,16.4
20260623,オルッス,65.3,47.8,30.7,15.4,17.5,17.1,15.3,15.4
20260623,ヴェールネージュ,65.5,48.2,31.1,15.5,17.3,17.1,15.6,15.5
20260623,フレッシュラン,66.4,48.7,31.7,15.5,17.7,17.0,16.2,15.5
20260623,ルークスイテルム,68.5,50.9,33.4,16.8,17.6,17.5,16.6,16.8
20260623,パーセルペーパー,69.5,51.4,33.7,16.5,18.1,17.7,17.2,16.5
20260623,ミッドセンチュリー,69.5,50.2,32.2,16.0,19.3,18.0,16.2,16.0
20260623,サスケソルトバーン,68.0,51.1,33.8,16.6,16.9,17.3,17.2,16.6
20260623,ハクタカ,66.7,50.0,33.7,17.2,16.7,16.3,16.5,17.2
20260623,マジックファイト,66.2,48.8,32.4,16.2,17.4,16.4,16.2,16.2
20260623,ｴﾃの24,68.8,50.9,33.7,16.6,17.9,17.2,17.1,16.6
20260623,クモヒトツナイ,69.8,49.2,31.9,15.6,20.6,17.3,16.3,15.6
20260623,ケープウィッカム,66.8,49.1,31.3,15.4,17.7,17.8,15.9,15.4
20260623,チェルシー,66.4,48.7,31.0,15.1,17.7,17.7,15.9,15.1
20260623,マグネシアブリック,68.0,50.3,32.7,16.1,17.7,17.6,16.6,16.1
20260623,ワインダークシー,68.0,50.3,32.8,16.2,17.7,17.5,16.6,16.2
20260623,ショウナンハーヴェ,67.5,50.1,32.6,15.9,17.4,17.5,16.7,15.9
20260623,ブラックトルネード,69.9,51.2,33.8,16.8,18.7,17.4,17.0,16.8
20260623,ブラックナザレ,68.4,50.6,33.3,16.6,17.8,17.3,16.7,16.6
20260623,カラスアゲハ,74.7,54.8,36.3,18.6,19.9,18.5,17.7,18.6
20260623,タッカーバレット,68.1,49.7,32.2,15.7,18.4,17.5,16.5,15.7
20260623,アートオブブライト,69.6,51.6,34.4,17.4,18.0,17.2,17.0,17.4
20260623,マスカルポーネ,65.4,48.6,32.3,16.2,16.8,16.3,16.1,16.2
20260623,ゴーントゥファー,68.0,49.3,32.3,15.9,18.7,17.0,16.4,15.9
20260623,ライングラウス,77.3,57.2,37.2,17.9,20.1,20.0,19.3,17.9
20260623,モミスケ,67.1,49.6,33.3,16.7,17.5,16.3,16.6,16.7
20260623,ニースケンス,67.8,49.0,32.0,15.7,18.8,17.0,16.3,15.7
20260623,ブルーユンチェリー,71.7,52.1,33.8,16.4,19.6,18.3,17.4,16.4
20260623,ミッキーファイト,61.7,45.5,29.4,14.6,16.2,16.1,14.8,14.6
20260623,ウェイワードアクト,62.6,46.1,30.2,14.7,16.5,15.9,15.5,14.7
20260623,アイファーアイドル,66.7,49.5,32.6,16.6,17.2,16.9,16.0,16.6
20260623,デルマツルギ,65.8,48.8,32.0,16.3,17.0,16.8,15.7,16.3
20260623,ボールドサンダー,66.8,49.9,33.2,17.1,16.9,16.7,16.1,17.1
20260623,ハルマン,66.6,49.2,32.7,16.5,17.4,16.5,16.2,16.5
20260623,ゲームチェンジャー,65.7,48.3,31.5,15.3,17.4,16.8,16.2,15.3
20260623,ラフレードピエル,68.5,48.9,31.7,15.5,19.6,17.2,16.2,15.5
20260623,ブライスフェアリー,66.5,48.2,31.3,15.4,18.3,16.9,15.9,15.4
20260623,ジュングロワール,70.3,51.1,32.3,15.8,19.2,18.8,16.5,15.8
20260623,ニシノタカオ,69.6,50.0,32.3,15.9,19.6,17.7,16.4,15.9
20260623,ジャストキュート,70.0,51.0,33.6,16.8,19.0,17.4,16.8,16.8
20260623,アドバンスアゲイン,68.5,50.2,33.0,16.6,18.3,17.2,16.4,16.6
20260623,フォルテム,69.4,50.5,32.9,16.1,18.9,17.6,16.8,16.1
20260623,サウンズオーサム,73.4,53.0,34.1,16.7,20.4,18.9,17.4,16.7
20260623,ヒットミー,62.7,46.0,30.4,14.7,16.7,15.6,15.7,14.7
20260623,バタール,61.9,45.6,29.5,14.5,16.3,16.1,15.0,14.5
20260623,コスモアルペジオ,61.8,45.9,29.9,14.8,15.9,16.0,15.1,14.8
20260623,レジームチェンジ,61.3,45.6,30.0,15.0,15.7,15.6,15.0,15.0
20260623,マイネルリシャール,62.0,46.0,29.9,14.9,16.0,16.1,15.0,14.9
20260623,ジーフォーリア,62.0,46.3,30.4,15.2,15.7,15.9,15.2,15.2
20260623,レイナデルアイレ,69.6,51.9,34.6,17.5,17.7,17.3,17.1,17.5
20260623,クライングナウ,64.1,47.8,31.6,15.6,16.3,16.2,16.0,15.6
20260623,モーゲンセン,64.5,48.2,31.8,15.6,16.3,16.4,16.2,15.6
20260623,ドーンレイド,66.9,49.1,32.0,15.7,17.8,17.1,16.3,15.7
20260623,ブルドッグドン,67.4,49.5,32.4,16.0,17.9,17.1,16.4,16.0
20260623,ゴルトレオパルト,73.2,54.8,36.5,18.5,18.4,18.3,18.0,18.5
20260623,デルマジュテーム,69.9,50.5,32.5,15.9,19.4,18.0,16.6,15.9
20260623,ヤマタケボニータ,64.5,48.2,32.2,16.2,16.3,16.0,16.0,16.2
20260623,デルマテイネ,73.4,55.2,36.9,18.1,18.2,18.3,18.8,18.1
20260623,トレンドマーチ,68.3,51.7,34.6,17.5,16.6,17.1,17.1,17.5
20260623,ゴールドパレード,65.0,48.0,32.1,16.1,17.0,15.9,16.0,16.1
20260623,アイファーティアラ,72.2,53.9,35.5,18.0,18.3,18.4,17.5,18.0
20260623,スターリットフレア,59.4,44.0,28.9,14.6,15.4,15.1,14.3,14.6
20260623,イトシサ,59.4,44.0,28.9,14.6,15.4,15.1,14.3,14.6
20260623,ウィンターブリーズ,59.3,43.8,28.6,14.3,15.5,15.2,14.3,14.3
20260623,レッジェランツァ,59.3,43.8,28.7,14.4,15.5,15.1,14.3,14.4
20260623,ウインルピナス,65.9,48.1,31.1,14.8,17.8,17.0,16.3,14.8
20260623,サベージラヴ,67.8,50.0,33.2,16.5,17.8,16.8,16.7,16.5
20260623,モリノレッドスター,67.7,49.6,32.4,15.8,18.1,17.2,16.6,15.8
20260623,ニシノマルガリート,66.4,48.6,32.0,16.0,17.8,16.6,16.0,16.0
20260623,サリードゥ,67.1,49.0,32.1,15.7,18.1,16.9,16.4,15.7
20260623,リーズメイリー,68.4,50.7,33.6,16.3,17.7,17.1,17.3,16.3
20260623,ﾊｰﾚﾑﾗｲﾝの24,69.6,51.2,33.5,16.6,18.4,17.7,16.9,16.6
20260623,キングクレオール,63.2,46.5,29.6,14.5,16.7,16.9,15.1,14.5
20260623,カイトヴィント,65.3,48.1,31.7,15.9,17.2,16.4,15.8,15.9
20260623,タッカージーティー,69.6,50.0,31.6,15.7,19.6,18.4,15.9,15.7
20260623,オーキーベルセルク,71.0,52.7,34.6,17.4,18.3,18.1,17.2,17.4
20260623,アオゾラランチ,72.2,53.2,35.6,17.7,19.0,17.6,17.9,17.7
20260623,アマルレイナ,71.7,53.0,34.8,18.0,18.7,18.2,16.8,18.0
20260623,ソヴリンゲート,68.4,50.8,33.6,16.8,17.6,17.2,16.8,16.8
20260623,フォクセン,71.0,52.4,34.2,17.1,18.6,18.2,17.1,17.1
20260623,ロックオブソシジ,66.1,48.6,31.9,15.7,17.5,16.7,16.2,15.7
20260623,グランコネクシオン,65.1,47.7,31.7,16.2,17.4,16.0,15.5,16.2
20260623,ｷﾗｽﾃﾗの24,67.0,49.5,32.5,16.5,17.5,17.0,16.0,16.5
20260623,サザンキンレンカ,68.2,50.2,33.1,16.5,18.0,17.1,16.6,16.5
20260623,ラパンラピッド,62.9,47.0,30.9,15.2,15.9,16.1,15.7,15.2
20260623,クラウンテック,70.3,48.3,30.8,14.8,22.0,17.5,16.0,14.8
20260623,フォンデネージュ,63.9,47.8,31.8,15.8,16.1,16.0,16.0,15.8
20260623,ハッピーカーン,66.6,47.8,30.7,15.0,18.8,17.1,15.7,15.0
20260623,アイスアイスベイビ,67.5,50.1,32.4,15.8,17.4,17.7,16.6,15.8
20260623,パータリプトラ,64.1,48.1,32.0,16.2,16.0,16.1,15.8,16.2
20260623,ブロンクス,63.9,47.0,30.9,15.5,16.9,16.1,15.4,15.5
20260623,ソラニワラエバ,64.3,47.6,31.6,15.6,16.7,16.0,16.0,15.6
20260623,メイクアマーク,62.9,46.9,31.1,15.5,16.0,15.8,15.6,15.5
20260623,カリスマン,63.8,47.8,31.6,15.4,16.0,16.2,16.2,15.4
20260623,スーパーユタカ,64.1,47.5,31.0,15.6,16.6,16.5,15.4,15.6
20260623,ミッキーファイト,56.6,41.7,26.8,12.6,14.9,14.9,14.2,12.6
20260623,スクイーズアウト,61.4,45.6,30.1,14.9,15.8,15.5,15.2,14.9
20260623,ローレルエース,89.5,67.3,43.9,23.0,22.2,23.4,20.9,23.0
20260623,ブザービーター,65.3,47.7,30.4,15.2,17.6,17.3,15.2,15.2
20260623,ルストラーレ,62.2,46.5,30.8,15.7,15.7,15.7,15.1,15.7
20260623,カツノテンス,67.6,49.7,32.6,16.6,17.9,17.1,16.0,16.6
20260623,ウェイワードアクト,59.4,43.9,28.6,14.2,15.5,15.3,14.4,14.2
20260623,ペイシャオーヴァル,71.0,52.1,34.2,17.3,18.9,17.9,16.9,17.3
20260623,コスモデュアリズム,71.1,52.9,34.5,17.7,18.2,18.4,16.8,17.7
20260623,ホウオウシンデレラ,61.6,44.7,28.4,13.8,16.9,16.3,14.6,13.8
20260623,シェリアドレ,62.2,44.9,29.2,14.5,17.3,15.7,14.7,14.5
20260623,ナックキャンドル,68.9,50.6,33.0,16.6,18.3,17.6,16.4,16.6
20260623,ナックレジーナ,67.2,49.4,32.4,16.0,17.8,17.0,16.4,16.0
20260623,ユイノリュウギ,66.8,49.7,32.6,15.9,17.1,17.1,16.7,15.9
20260623,クレイターレイク,64.6,47.5,31.6,15.8,17.1,15.9,15.8,15.8
20260623,オーケーマヒナ,65.4,48.4,31.9,15.9,17.0,16.5,16.0,15.9
20260623,コスモアチーブ,67.5,49.7,33.0,16.6,17.8,16.7,16.4,16.6
20260623,ロンドンプライド,65.4,48.1,31.5,15.3,17.3,16.6,16.2,15.3
20260623,オリエンタルガール,65.7,49.0,31.8,16.6,16.7,17.2,15.2,16.6
20260623,カミカクシ,65.7,48.2,31.6,15.0,17.5,16.6,16.6,15.0
20260623,ウインマニフィーク,65.8,48.1,31.7,15.9,17.7,16.4,15.8,15.9
20260623,マイネルヴェーゼン,64.4,47.5,31.3,15.7,16.9,16.2,15.6,15.7
20260623,ピクニックマーチ,65.5,48.1,31.9,15.7,17.4,16.2,16.2,15.7
20260623,アイアムキレマスネ,71.9,52.9,34.7,17.3,19.0,18.2,17.4,17.3
20260623,ジンクピリチオン,71.7,52.5,34.3,17.1,19.2,18.2,17.2,17.1
20260623,アルマロクザン,72.9,53.0,35.0,17.7,19.9,18.0,17.3,17.7
20260623,コスモモノポリー,64.8,48.4,32.2,16.1,16.4,16.2,16.1,16.1
20260623,ステートオブロック,62.2,45.0,29.6,14.8,17.2,15.4,14.8,14.8
20260623,グランシャット,62.4,45.7,29.4,14.6,16.7,16.3,14.8,14.6
20260623,ベールダウン,65.2,47.9,32.1,16.4,17.3,15.8,15.7,16.4
20260623,ネオロマーネ,62.5,45.4,29.5,14.8,17.1,15.9,14.7,14.8
20260623,シリアスドラマ,63.2,45.6,29.5,14.9,17.6,16.1,14.6,14.9
20260623,ヒットアンドロール,62.7,46.7,30.9,15.4,16.0,15.8,15.5,15.4
20260623,アルティマローネ,66.6,50.1,33.7,16.8,16.5,16.4,16.9,16.8
20260623,ヤマニンスペッキオ,61.9,46.4,30.7,15.3,15.5,15.7,15.4,15.3
20260623,イヴナンバーフォー,66.7,49.7,32.9,16.5,17.0,16.8,16.4,16.5
20260623,ゲキザル,63.5,48.2,32.2,15.9,15.3,16.0,16.3,15.9
20260623,ブルーダイヤシチー,67.1,49.9,33.2,16.6,17.2,16.7,16.6,16.6
20260623,サフランルージュ,63.2,46.3,30.5,15.4,16.9,15.8,15.1,15.4
20260623,ワイルドカイザー,68.3,50.3,33.6,17.3,18.0,16.7,16.3,17.3
20260623,エンジェルサン,69.0,51.8,35.1,17.5,17.2,16.7,17.6,17.5
20260623,スルーザゴールド,63.9,48.2,31.9,16.0,15.7,16.3,15.9,16.0
20260623,アンバーバレット,67.3,49.8,33.5,16.8,17.5,16.3,16.7,16.8
20260623,ヴィンチェローズ,64.6,48.1,31.8,15.8,16.5,16.3,16.0,15.8
20260623,セイウンサイフィー,73.0,55.3,37.3,18.9,17.7,18.0,18.4,18.9
20260623,コパノフラメンコ,71.6,54.4,37.0,18.8,17.2,17.4,18.2,18.8
20260623,クリュソス,71.8,53.6,35.5,17.9,18.2,18.1,17.6,17.9
20260623,ジェイエルライナー,65.4,48.2,31.7,15.6,17.2,16.5,16.1,15.6
20260623,スコアレジーナ,68.7,50.9,33.8,17.0,17.8,17.1,16.8,17.0
20260623,エメラルファイン,69.5,51.7,34.2,17.2,17.8,17.5,17.0,17.2
20260623,クライングナウ,63.0,47.2,30.9,15.0,15.8,16.3,15.9,15.0
20260623,サムハラ,68.7,50.3,32.9,16.1,18.4,17.4,16.8,16.1
20260623,ロジスカヤ,68.6,50.5,32.9,15.9,18.1,17.6,17.0,15.9
20260623,ロードクラシコ,63.0,47.5,31.3,15.1,15.5,16.2,16.2,15.1
20260623,モーゲンセン,63.3,47.1,31.1,15.4,16.2,16.0,15.7,15.4
20260623,サンヴァンガード,69.2,50.5,33.0,16.0,18.7,17.5,17.0,16.0
20260623,ラプユフラット,66.0,48.4,31.4,15.4,17.6,17.0,16.0,15.4
20260623,クールランナー,66.4,48.9,32.5,16.3,17.5,16.4,16.2,16.3
20260623,ハッピーロンドン,65.7,48.1,31.5,15.4,17.6,16.6,16.1,15.4
20260623,コントラポスト,66.1,48.4,31.5,15.7,17.7,16.9,15.8,15.7
20260623,ゴルトレオパルト,68.8,51.3,34.2,16.8,17.5,17.1,17.4,16.8
20260623,オルトパラティウム,63.2,46.7,30.3,15.1,16.5,16.4,15.2,15.1
20260623,デアリングエア,66.1,48.4,32.0,15.7,17.7,16.4,16.3,15.7
20260623,テルケンレンタッチ,66.8,49.2,32.7,16.6,17.6,16.5,16.1,16.6
20260623,ペールデュクラン,64.4,47.7,30.7,15.5,16.7,17.0,15.2,15.5
20260623,ココラッシー,65.8,48.0,31.9,16.4,17.8,16.1,15.5,16.4
20260623,メーゼ,67.1,49.4,31.6,16.3,17.7,17.8,15.3,16.3
20260623,エイシンウルクンデ,67.3,50.6,33.6,16.4,16.7,17.0,17.2,16.4
20260623,ルーラーインパクト,66.6,49.0,32.7,16.5,17.6,16.3,16.2,16.5
20260623,コスモハナミズキ,64.7,49.1,32.4,16.3,15.6,16.7,16.1,16.3
20260623,ダブルブロッサム,65.3,49.2,32.2,16.1,16.1,17.0,16.1,16.1
20260623,パルセノスミハ,64.8,48.5,31.7,15.8,16.3,16.8,15.9,15.8
20260623,ｳﾗﾇｽﾁｬｰﾑの24,68.5,51.3,33.8,16.6,17.2,17.5,17.2,16.6
20260623,タイセイリメンバー,68.4,51.2,33.8,16.6,17.2,17.4,17.2,16.6
20260623,ダンツファイター,61.9,46.1,30.4,15.2,15.8,15.7,15.2,15.2
20260623,ピティロディア,65.8,47.7,31.3,15.6,18.1,16.4,15.7,15.6
20260623,デルマアポロニア,62.4,45.7,29.9,15.0,16.7,15.8,14.9,15.0
20260623,ウッケン,67.7,49.7,33.3,16.9,18.0,16.4,16.4,16.9
20260623,フォセットジェンヌ,68.2,49.6,33.2,16.8,18.6,16.4,16.4,16.8
20260623,レフィノス,65.2,47.8,31.5,15.8,17.4,16.3,15.7,15.8
20260623,アールグレイ,61.9,45.8,29.9,14.9,16.1,15.9,15.0,14.9
20260623,ラッキースウィッチ,62.4,46.7,30.8,15.3,15.7,15.9,15.5,15.3
20260623,ラヴレイン,70.3,51.4,33.4,16.4,18.9,18.0,17.0,16.4
20260623,ニューロファイター,62.2,45.5,29.7,14.9,16.7,15.8,14.8,14.9
20260623,コックオーヴァン,67.0,49.0,30.6,14.5,18.0,18.4,16.1,14.5
20260623,コスモイシュタル,82.5,57.4,35.1,15.2,25.1,22.3,19.9,15.2
20260623,レースクイーン,62.1,45.2,28.9,14.2,16.9,16.3,14.7,14.2
20260623,ストロングボンド,65.6,48.6,32.2,16.3,17.0,16.4,15.9,16.3
20260623,ナディア,65.3,47.6,30.9,15.5,17.7,16.7,15.4,15.5
20260623,セイウンデセオ,65.5,47.5,31.0,15.3,18.0,16.5,15.7,15.3
20260623,メインテーマ,67.4,49.1,31.7,15.3,18.3,17.4,16.4,15.3
20260623,アドバンスジェンヌ,65.5,47.6,30.7,15.1,17.9,16.9,15.6,15.1
20260623,シュネーバレン,66.2,49.5,33.0,16.6,16.7,16.5,16.4,16.6
20260623,カペラテソーロ,66.2,49.3,32.6,16.3,16.9,16.7,16.3,16.3
20260623,マーズワース,67.0,49.4,32.1,16.4,17.6,17.3,15.7,16.4
20260623,ラヴィサンエール,66.8,49.0,31.7,15.8,17.8,17.3,15.9,15.8
20260623,ロスパレドネス,73.6,54.5,36.0,18.0,19.1,18.5,18.0,18.0
20260623,ヴァストマーレ,72.5,52.7,34.8,16.8,19.8,17.9,18.0,16.8
20260623,ﾌｧｲﾝﾙｰｼﾞｭの24,73.3,54.1,35.1,17.4,19.2,19.0,17.7,17.4
20260623,プリモヴィータ,74.0,54.2,35.4,17.5,19.8,18.8,17.9,17.5
20260623,スターフラッシュ,72.5,52.9,34.5,16.4,19.6,18.4,18.1,16.4
20260623,ブレゲアン,70.3,51.9,33.8,17.1,18.4,18.1,16.7,17.1
20260623,ヴァイオスペース,63.2,46.6,31.1,15.6,16.6,15.5,15.5,15.6
20260623,セーヌデローヴ,62.5,45.1,29.4,14.6,17.4,15.7,14.8,14.6
20260623,ビスクヴィート,70.5,51.8,33.8,17.0,18.7,18.0,16.8,17.0
20260623,トラストユウゼン,70.1,51.4,33.7,16.8,18.7,17.7,16.9,16.8
20260623,ハッピースーニャ,68.5,49.9,32.2,15.8,18.6,17.7,16.4,15.8
20260623,ブライトライツ,70.0,51.0,33.5,17.0,19.0,17.5,16.5,17.0
20260623,ﾇﾝｼﾞｭﾘｴｯﾄの24,72.9,51.6,33.6,17.0,21.3,18.0,16.6,17.0
20260623,ビタークレス,68.5,49.2,32.1,16.1,19.3,17.1,16.0,16.1
20260623,トウシンマジック,69.8,50.9,33.6,16.9,18.9,17.3,16.7,16.9
20260623,ボールドハーテッド,65.6,48.1,31.8,15.8,17.5,16.3,16.0,15.8
20260623,リネンタイリン,67.6,49.8,31.7,15.5,17.8,18.1,16.2,15.5
20260623,テンユメノオーロラ,71.0,52.4,34.3,17.1,18.6,18.1,17.2,17.1
20260623,デモリションマン,70.0,52.6,35.5,18.1,17.4,17.1,17.4,18.1
20260623,ゼファーテソーロ,66.0,48.8,32.8,16.8,17.2,16.0,16.0,16.8
20260623,セシルブリュネ,64.5,46.9,30.6,14.9,17.6,16.3,15.7,14.9
20260623,グレイシエーション,64.7,48.0,31.8,16.3,16.7,16.2,15.5,16.3
20260623,シーズアウルフ,65.6,47.4,31.1,15.3,18.2,16.3,15.8,15.3
20260623,メイショウヨゾラ,68.9,50.2,32.5,16.2,18.7,17.7,16.3,16.2
20260623,アースミューズ,66.2,49.4,32.3,16.3,16.8,17.1,16.0,16.3
20260623,ファインサマーデイ,67.9,49.7,32.2,16.2,18.2,17.5,16.0,16.2
20260623,ワンダーブリッツ,72.9,53.9,34.5,16.6,19.0,19.4,17.9,16.6
20260623,ノーブルクラウド,71.5,53.1,34.3,16.6,18.4,18.8,17.7,16.6
20260623,ペイシャダンシング,65.5,48.8,31.9,15.7,16.7,16.9,16.2,15.7
20260623,ルージュボニート,68.1,50.0,32.8,16.2,18.1,17.2,16.6,16.2
20260623,グルーヴェンス,68.0,49.3,31.9,16.0,18.7,17.4,15.9,16.0
20260623,ソースウィート,73.0,54.8,36.1,17.8,18.2,18.7,18.3,17.8
20260623,ウスズミザクラ,65.3,48.5,31.9,15.9,16.8,16.6,16.0,15.9
20260623,ハクサンレイホウ,67.9,49.6,32.6,16.4,18.3,17.0,16.2,16.4
20260623,ホウオウショコラ,64.3,46.8,30.3,14.5,17.5,16.5,15.8,14.5
20260623,ミツカネメルクリオ,72.2,52.7,34.3,16.9,19.5,18.4,17.4,16.9
20260623,アーリマックス,71.2,51.8,34.0,16.9,19.4,17.8,17.1,16.9
20260623,ホウオウショパン,65.6,48.1,31.7,15.5,17.5,16.4,16.2,15.5
20260623,ホウオウミステリー,67.6,49.5,31.9,15.8,18.1,17.6,16.1,15.8
20260623,ミッキーキャロット,64.6,47.3,31.0,14.9,17.3,16.3,16.1,14.9
20260623,マイネルアルゴー,70.3,52.0,34.1,16.9,18.3,17.9,17.2,16.9
20260623,イゲマジャ,70.6,52.2,34.2,17.0,18.4,18.0,17.2,17.0
20260623,ノワールブレイブ,72.2,52.7,34.5,16.8,19.5,18.2,17.7,16.8
20260623,エリンヘラクレス,71.3,52.1,34.2,17.1,19.2,17.9,17.1,17.1
20260623,ニンニン,73.1,53.6,35.1,17.4,19.5,18.5,17.7,17.4
20260623,カームラディアンス,73.2,53.7,35.3,17.5,19.5,18.4,17.8,17.5
20260623,トーアモルペウス,71.2,51.0,33.8,16.3,20.2,17.2,17.5,16.3
20260623,フラッシュポイント,66.6,48.9,32.5,16.1,17.7,16.4,16.4,16.1
20260623,エーデルクラフト,71.0,50.9,33.7,16.1,20.1,17.2,17.6,16.1
20260623,ヤマニンリンキング,69.9,50.8,33.1,16.1,19.1,17.7,17.0,16.1
20260623,ゴールドプレイヤー,68.3,50.6,33.5,16.8,17.7,17.1,16.7,16.8
20260623,シルバープレミア,65.2,48.4,31.7,16.0,16.8,16.7,15.7,16.0
20260623,アシタバスピリッツ,66.3,48.8,32.3,16.2,17.5,16.5,16.1,16.2
20260623,ドリームユー,66.1,48.7,32.1,16.2,17.4,16.6,15.9,16.2
20260623,ミッキーマドンナ,67.6,50.6,33.6,17.0,17.0,17.0,16.6,17.0
20260623,イケイケルノワール,67.8,49.6,32.5,16.2,18.2,17.1,16.3,16.2
20260623,ダノンヒストリー,65.5,49.0,31.7,15.5,16.5,17.3,16.2,15.5
20260623,サトノフルーク,70.5,52.2,34.2,17.2,18.3,18.0,17.0,17.2
20260623,サンブライト,65.4,47.6,30.8,15.0,17.8,16.8,15.8,15.0
20260623,モータリゼーション,60.7,45.3,30.5,15.6,15.4,14.8,14.9,15.6
20260623,モーブプリエール,66.4,48.3,32.1,15.9,18.1,16.2,16.2,15.9
20260623,ダノンアドラー,73.5,54.8,36.5,18.6,18.7,18.3,17.9,18.6
20260623,フレイムジョーカー,67.5,50.0,33.1,16.8,17.5,16.9,16.3,16.8
20260623,ブレゲアン,70.1,51.5,33.6,16.5,18.6,17.9,17.1,16.5
20260623,ラスタリア,67.4,49.9,33.2,16.9,17.5,16.7,16.3,16.9
20260623,ゼフィリア,67.4,49.9,33.2,16.9,17.5,16.7,16.3,16.9
20260623,カシノスワッグ,71.9,53.8,35.4,17.3,18.1,18.4,18.1,17.3
20260623,ビスクヴィート,70.3,51.6,33.7,16.8,18.7,17.9,16.9,16.8
20260623,トラストユウゼン,69.6,50.9,33.1,16.2,18.7,17.8,16.9,16.2
20260623,デルマハッコウダ,68.8,52.4,34.2,16.9,16.4,18.2,17.3,16.9
20260623,ビッグフラワー,65.2,49.2,33.0,16.5,16.0,16.2,16.5,16.5
20260623,ドバイブルース,66.2,49.6,33.0,16.6,16.6,16.6,16.4,16.6
20260623,スイートオレンジ,64.6,48.5,32.6,16.3,16.1,15.9,16.3,16.3
20260623,ユーガッタチャンス,70.6,52.4,34.4,17.7,18.2,18.0,16.7,17.7
20260623,レーヴマジック,69.1,51.3,33.9,16.9,17.8,17.4,17.0,16.9
20260623,テキエロ,69.7,52.1,34.7,17.8,17.6,17.4,16.9,17.8
20260623,ビーズスティンガー,68.8,51.3,34.3,17.3,17.5,17.0,17.0,17.3
20260623,アドマイヤミラ,68.9,51.2,34.1,17.3,17.7,17.1,16.8,17.3
20260623,ディアファザー,68.9,50.9,33.6,16.5,18.0,17.3,17.1,16.5
20260623,ロジアコース,67.5,50.0,33.2,16.8,17.5,16.8,16.4,16.8
20260623,アイウィル,70.4,52.2,34.3,16.6,18.2,17.9,17.7,16.6
20260623,フクチャンヒメ,69.4,51.5,33.8,16.8,17.9,17.7,17.0,16.8
20260623,マイトリックスター,64.2,47.8,32.3,16.9,16.4,15.5,15.4,16.9
20260623,ディメンシア,66.5,48.7,31.6,15.8,17.8,17.1,15.8,15.8
20260623,プラネタリーアワー,69.8,51.8,34.5,17.1,18.0,17.3,17.4,17.1
20260623,ゴーゴーパンチ,63.2,47.3,31.5,15.6,15.9,15.8,15.9,15.6
20260623,フェンリル,70.0,52.2,34.4,16.8,17.8,17.8,17.6,16.8
20260623,ルプルミエラムール,69.8,52.2,34.1,16.7,17.6,18.1,17.4,16.7
20260623,ミュークゼウス,66.5,48.7,31.7,15.8,17.8,17.0,15.9,15.8
20260623,ウィナーズチェック,63.0,46.2,29.9,15.4,16.8,16.3,14.5,15.4
20260623,イニシャルポイント,70.0,52.5,34.4,16.9,17.5,18.1,17.5,16.9
20260623,サツキジュエル,66.9,49.1,31.8,15.6,17.8,17.3,16.2,15.6
20260623,ナムラダックス,67.0,49.9,33.0,16.8,17.1,16.9,16.2,16.8
20260623,モーモーゼロ,65.4,48.5,31.5,15.3,16.9,17.0,16.2,15.3
20260623,エスコバル,66.8,49.0,32.0,15.7,17.8,17.0,16.3,15.7
20260623,リアルファインド,63.2,46.6,31.5,15.7,16.6,15.1,15.8,15.7
20260623,サヨノジャンボリー,63.8,46.9,30.9,15.4,16.9,16.0,15.5,15.4
20260623,ユキノグラス,61.9,45.4,30.8,15.5,16.5,14.6,15.3,15.5
20260623,ダイシンパルス,64.6,48.2,33.2,17.1,16.4,15.0,16.1,17.1
20260623,ファルコシニョーラ,67.4,49.6,32.2,15.8,17.8,17.4,16.4,15.8
20260623,ジャスピライト,66.4,49.4,32.4,15.6,17.0,17.0,16.8,15.6
20260623,イチザサンダー,64.9,46.8,30.8,15.2,18.1,16.0,15.6,15.2
20260623,エーオーキング,64.8,48.0,31.6,15.7,16.8,16.4,15.9,15.7
20260623,プラチナムディスク,75.2,56.3,38.3,19.9,18.9,18.0,18.4,19.9
20260623,ヒロイックヴァース,68.2,50.1,32.2,15.7,18.1,17.9,16.5,15.7
20260623,ローグアン,68.6,50.3,32.3,16.0,18.3,18.0,16.3,16.0
20260623,ﾅﾙﾊﾔの24,65.4,48.5,31.8,15.6,16.9,16.7,16.2,15.6
20260623,ベルグラース,68.6,50.3,32.9,16.1,18.3,17.4,16.8,16.1
20260623,モルトマエストーソ,62.9,47.4,30.9,14.5,15.5,16.5,16.4,14.5
20260623,アイデアルカット,66.9,49.5,33.0,16.2,17.4,16.5,16.8,16.2
20260623,ラインホルト,67.1,49.5,32.8,15.9,17.6,16.7,16.9,15.9
20260623,アージェント,65.2,48.0,31.3,15.8,17.2,16.7,15.5,15.8
20260623,スパークルレイ,71.2,52.4,35.0,17.4,18.8,17.4,17.6,17.4
20260623,タツナナイロ,71.5,52.7,35.1,17.6,18.8,17.6,17.5,17.6
20260623,パトリックハンサム,67.9,49.2,31.3,14.9,18.7,17.9,16.4,14.9
20260623,ウインドワンピース,70.4,51.1,33.0,16.3,19.3,18.1,16.7,16.3
20260623,ベルチュガダン,65.9,48.0,31.5,15.3,17.9,16.5,16.2,15.3
20260623,マンモスホームラン,71.0,51.4,33.6,16.7,19.6,17.8,16.9,16.7
20260623,ヘルヴィッツ,63.6,46.6,30.4,14.9,17.0,16.2,15.5,14.9
20260623,ジュピターテソーロ,71.0,52.1,34.2,17.6,18.9,17.9,16.6,17.6
20260623,スペシャルサンクス,69.3,50.3,31.9,15.3,19.0,18.4,16.6,15.3
20260623,ファーストアライヴ,71.0,51.8,33.9,16.9,19.2,17.9,17.0,16.9
20260623,ブライテストドーン,67.6,49.6,32.7,16.6,18.0,16.9,16.1,16.6
20260623,マリノマーベラス,66.9,48.6,31.8,16.1,18.3,16.8,15.7,16.1
20260623,ファイタージェット,62.6,46.6,31.0,15.3,16.0,15.6,15.7,15.3
20260623,ベアエクスプレス,69.4,51.3,34.1,17.0,18.1,17.2,17.1,17.0
20260623,クイーンズレイン,66.9,49.8,32.7,16.5,17.1,17.1,16.2,16.5
20260623,ラヴノー,62.5,46.6,30.9,15.3,15.9,15.7,15.6,15.3
20260623,エスコルチア,79.5,59.6,39.6,19.9,19.9,20.0,19.7,19.9
20260623,デアプリームス,70.8,52.6,35.1,18.1,18.2,17.5,17.0,18.1
20260623,ラフィキ,71.6,53.1,34.9,16.6,18.5,18.2,18.3,16.6
20260623,リバーススイープ,64.3,47.5,31.4,15.6,16.8,16.1,15.8,15.6
20260623,レッドアヴァンティ,66.9,49.4,32.3,15.9,17.5,17.1,16.4,15.9
20260623,エウテルペ,62.8,46.5,31.0,15.5,16.3,15.5,15.5,15.5
20260623,ティティナ,63.0,46.6,30.8,15.2,16.4,15.8,15.6,15.2
20260623,ミツカネメルクリオ,66.3,48.0,31.5,15.7,18.3,16.5,15.8,15.7
20260623,アーリマックス,66.7,48.6,32.1,15.9,18.1,16.5,16.2,15.9
20260623,マイネルアルゴー,67.2,49.0,32.1,16.0,18.2,16.9,16.1,16.0
20260623,ノワールブレイブ,67.3,48.9,32.0,16.2,18.4,16.9,15.8,16.2
20260623,ルールオーヴァー,66.9,47.9,31.7,15.6,19.0,16.2,16.1,15.6
20260623,マイネルオラクル,71.4,52.9,35.7,17.6,18.5,17.2,18.1,17.6
20260623,シェンロン,72.0,53.5,35.7,17.7,18.5,17.8,18.0,17.7
20260623,ｱﾒﾘの24,72.0,53.4,35.9,18.2,18.6,17.5,17.7,18.2
20260623,ワザモノ,67.2,50.0,32.9,16.3,17.2,17.1,16.6,16.3
20260623,オンザライン,65.0,47.9,31.1,15.6,17.1,16.8,15.5,15.6
20260623,ロゼル,65.1,47.7,31.4,15.2,17.4,16.3,16.2,15.2
20260623,ニコ,67.5,49.9,32.7,15.8,17.6,17.2,16.9,15.8
20260623,アイファーシャドー,63.4,47.0,30.3,14.7,16.4,16.7,15.6,14.7
20260623,ジェッディンデデン,69.0,49.8,32.3,15.4,19.2,17.5,16.9,15.4
20260623,パワポケウォーズ,64.3,47.3,31.3,15.4,17.0,16.0,15.9,15.4
20260623,ナムラアラバイ,67.7,50.7,33.7,16.9,17.0,17.0,16.8,16.9
20260623,コスモティタノ,67.9,49.7,32.6,16.5,18.2,17.1,16.1,16.5
20260623,グランレーヴ,67.4,50.4,33.6,16.9,17.0,16.8,16.7,16.9
20260623,ディープマウンテン,65.9,47.4,31.6,15.9,18.5,15.8,15.7,15.9
20260623,サトノクラシカル,85.1,62.3,40.8,20.4,22.8,21.5,20.4,20.4
20260623,セイウンイーリス,66.7,48.3,31.6,15.5,18.4,16.7,16.1,15.5
20260623,ジェニスタ,79.6,58.0,38.1,19.0,21.6,19.9,19.1,19.0
20260623,デフィレドール,78.9,58.2,38.8,19.7,20.7,19.4,19.1,19.7
20260623,サンプラザマツモト,71.4,51.9,33.9,17.5,19.5,18.0,16.4,17.5
20260623,キョウエイブリッサ,67.5,49.4,32.7,16.3,18.1,16.7,16.4,16.3
20260623,ジャスフォール,65.3,48.6,31.2,15.3,16.7,17.4,15.9,15.3
20260623,ミエノストロング,65.0,48.6,31.2,15.4,16.4,17.4,15.8,15.4
20260623,スーホ,65.0,47.8,30.6,14.8,17.2,17.2,15.8,14.8
20260623,ロードベラヴィータ,65.6,48.6,31.4,15.2,17.0,17.2,16.2,15.2
20260623,レッドアバンドーネ,65.9,48.7,31.3,15.2,17.2,17.4,16.1,15.2
20260623,スターランウェイ,65.7,48.9,32.4,15.7,16.8,16.5,16.7,15.7
20260623,サトノワーグナー,62.8,47.1,31.5,15.7,15.7,15.6,15.8,15.7
20260623,シューティングガイ,63.9,47.9,31.7,15.8,16.0,16.2,15.9,15.8
20260623,ポポラヴィスタ,63.6,48.0,31.7,15.3,15.6,16.3,16.4,15.3
20260623,ニシノイサリビ,66.7,49.9,33.0,16.1,16.8,16.9,16.9,16.1
20260623,リアライズグロリア,67.2,49.8,32.9,16.1,17.4,16.9,16.8,16.1
20260623,ポッドソル,66.8,49.8,32.8,16.5,17.0,17.0,16.3,16.5
20260623,スパークルレイ,67.3,49.7,32.9,16.4,17.6,16.8,16.5,16.4
20260623,タツナナイロ,68.1,49.7,32.7,15.9,18.4,17.0,16.8,15.9
20260623,クロダテ,61.9,45.6,30.1,14.8,16.3,15.5,15.3,14.8
20260623,シアルナーレ,62.0,45.7,30.0,14.7,16.3,15.7,15.3,14.7
20260623,ダイヒョウカーク,70.3,51.5,34.3,17.7,18.8,17.2,16.6,17.7
20260623,バセリーナ,75.7,51.7,32.8,16.2,24.0,18.9,16.6,16.2
20260623,ヒケヤイワフネ,65.6,49.2,32.8,16.5,16.4,16.4,16.3,16.5
20260623,ミサダメキメル,66.7,48.8,31.5,15.6,17.9,17.3,15.9,15.6
20260623,ケブランリ,64.0,46.9,31.2,15.3,17.1,15.7,15.9,15.3
20260623,アヴァランチ,63.6,47.0,30.8,15.2,16.6,16.2,15.6,15.2
20260623,プロトポロス,59.8,43.6,28.6,14.2,16.2,15.0,14.4,14.2
20260623,ベルメサイア,64.8,48.4,32.1,16.3,16.4,16.3,15.8,16.3
20260623,ヴィーラー,66.0,48.2,31.7,15.5,17.8,16.5,16.2,15.5
20260623,トラカイキャッスル,64.8,47.5,31.0,15.4,17.3,16.5,15.6,15.4
20260623,ムスペルヘイム,63.3,46.4,30.3,14.9,16.9,16.1,15.4,14.9
20260623,ボディブロー,63.1,47.1,32.3,16.5,16.0,14.8,15.8,16.5
20260623,ビジュードネージュ,66.0,47.5,30.9,15.3,18.5,16.6,15.6,15.3
20260623,エレガンシア,66.9,47.4,30.2,15.2,19.5,17.2,15.0,15.2
20260623,スピリットライズ,67.8,48.9,31.9,16.3,18.9,17.0,15.6,16.3
20260623,サンライズグラシア,67.2,50.5,34.1,16.7,16.7,16.4,17.4,16.7
20260623,オリーブグリーン,66.9,48.8,32.2,15.8,18.1,16.6,16.4,15.8
20260623,アスクデッドヒート,63.2,47.4,32.0,16.2,15.8,15.4,15.8,16.2
20260623,ジャスパーソレイユ,63.6,47.7,31.6,15.8,15.9,16.1,15.8,15.8
20260623,イットガール,67.6,50.5,33.4,16.9,17.1,17.1,16.5,16.9
20260623,ムテキシャチョウ,68.2,49.5,31.7,15.3,18.7,17.8,16.4,15.3
20260623,プールナバドラ,60.2,43.3,28.6,14.5,16.9,14.7,14.1,14.5
20260623,エングルマン,65.1,47.3,31.0,15.1,17.8,16.3,15.9,15.1
20260623,アドバンスモダン,65.8,48.0,31.3,15.7,17.8,16.7,15.6,15.7
20260623,タイセイブリオン,65.1,47.6,31.5,15.7,17.5,16.1,15.8,15.7
20260623,タケルレジェンド,65.6,47.9,31.5,15.9,17.7,16.4,15.6,15.9
20260623,ヴェールダムール,65.1,47.8,31.2,15.5,17.3,16.6,15.7,15.5
20260623,アトランタ,67.2,48.7,32.3,16.1,18.5,16.4,16.2,16.1
20260623,スマートプレシャス,69.7,51.0,33.4,16.4,18.7,17.6,17.0,16.4
20260623,アサクサグレース,68.3,49.0,32.0,15.8,19.3,17.0,16.2,15.8
20260623,チャチャピンク,70.3,50.8,33.0,15.9,19.5,17.8,17.1,15.9
20260623,コカボムショット,66.8,49.3,32.3,16.2,17.5,17.0,16.1,16.2
20260623,ドラムメジャー,64.8,46.5,30.1,14.5,18.3,16.4,15.6,14.5
20260623,ルージュソムニウム,68.7,49.4,32.6,15.9,19.3,16.8,16.7,15.9
20260623,ミヤラティーニ,62.6,45.9,30.5,15.3,16.7,15.4,15.2,15.3
20260623,ホウショウルクス,66.8,49.7,32.6,15.9,17.1,17.1,16.7,15.9
20260623,ミスターエメラルド,70.3,51.2,33.8,16.3,19.1,17.4,17.5,16.3
20260623,アンガーザガール,63.4,47.1,31.3,15.6,16.3,15.8,15.7,15.6
20260623,ﾌｷﾞﾝの24,70.9,51.5,33.9,16.7,19.4,17.6,17.2,16.7
20260623,アテンド,69.3,50.3,33.1,15.8,19.0,17.2,17.3,15.8
20260623,レイクイーン,69.9,51.3,34.1,17.3,18.6,17.2,16.8,17.3
20260623,シャトンダンス,65.9,48.7,32.5,16.3,17.2,16.2,16.2,16.3
20260623,アルマデオロ,69.5,50.6,33.1,16.2,18.9,17.5,16.9,16.2
20260623,ヴィーナスバブル,64.3,46.3,30.1,14.8,18.0,16.2,15.3,14.8
20260623,ハイクオリティ,66.7,47.5,30.7,15.1,19.2,16.8,15.6,15.1
20260623,ベンティガオルサ,73.9,55.0,36.7,18.6,18.9,18.3,18.1,18.6
20260623,エンジェルグラース,67.0,48.6,30.9,14.7,18.4,17.7,16.2,14.7
20260623,ティエルニート,68.5,49.5,31.5,15.4,19.0,18.0,16.1,15.4
20260623,ドナズエクリプス,70.4,51.1,33.9,17.0,19.3,17.2,16.9,17.0
20260623,テーオーソラネル,67.6,49.1,31.5,15.6,18.5,17.6,15.9,15.6
20260623,テーオーダグラス,70.2,50.9,32.6,15.1,19.3,18.3,17.5,15.1
20260623,ガイアメンテ,70.0,50.6,33.0,15.8,19.4,17.6,17.2,15.8
20260623,トッレブランカ,67.2,49.2,32.0,15.8,18.0,17.2,16.2,15.8
20260623,アルミラージ,67.2,49.9,33.2,17.1,17.3,16.7,16.1,17.1
20260623,ファイアプレイス,64.9,47.3,31.4,15.4,17.6,15.9,16.0,15.4
20260623,リュネヴィル,65.9,48.0,32.2,15.6,17.9,15.8,16.6,15.6
20260623,コパノルーカス,66.5,48.1,31.6,15.6,18.4,16.5,16.0,15.6
20260623,ウインビスタ,66.6,47.6,31.8,16.1,19.0,15.8,15.7,16.1
20260623,ショウナンバラモン,68.9,51.0,33.0,15.1,17.9,18.0,17.9,15.1
20260623,ソリドゥス,65.5,49.5,33.6,17.4,16.0,15.9,16.2,17.4
20260623,クローネンリーベ,67.6,49.4,32.7,16.2,18.2,16.7,16.5,16.2
20260623,ヴァンクライ,68.7,51.0,33.0,15.0,17.7,18.0,18.0,15.0
20260623,ウインリュクス,70.5,51.1,33.0,16.1,19.4,18.1,16.9,16.1
20260623,サラトガチップス,66.8,48.1,31.5,15.3,18.7,16.6,16.2,15.3
20260623,ヴェロシア,64.6,47.4,32.0,16.1,17.2,15.4,15.9,16.1
20260623,ムスクレスト,66.3,47.3,31.6,16.1,19.0,15.7,15.5,16.1
20260623,マスアンジュ,70.5,50.5,32.2,15.7,20.0,18.3,16.5,15.7
20260623,キシュウマミー,62.4,45.3,31.3,16.0,17.1,14.0,15.3,16.0
20260623,ルマンサルト,70.7,50.6,32.7,15.9,20.1,17.9,16.8,15.9
20260623,ウインガウェイン,68.8,49.8,33.0,16.3,19.0,16.8,16.7,16.3
20260623,ジョウショーツヨシ,65.5,48.2,31.7,15.4,17.3,16.5,16.3,15.4
20260623,ケイアイクビラ,66.0,48.4,32.6,16.8,17.6,15.8,15.8,16.8
20260623,ルージュマデイラ,64.8,47.5,30.8,15.4,17.3,16.7,15.4,15.4
20260623,フィニステーレ,62.5,46.1,30.6,15.2,16.4,15.5,15.4,15.2
20260623,カトマンズゴールド,66.4,47.2,31.1,15.6,19.2,16.1,15.5,15.6
20260623,ベラジオヴァレル,65.4,47.8,30.8,15.0,17.6,17.0,15.8,15.0
20260623,リアライズステラ,62.8,46.4,31.0,15.4,16.4,15.4,15.6,15.4
20260623,メリオルヴィア,65.7,48.2,31.4,15.8,17.5,16.8,15.6,15.8
20260623,シュクルリー,65.8,47.8,31.2,15.3,18.0,16.6,15.9,15.3
20260623,ゴールデンドラゴン,65.4,46.5,29.5,14.3,18.9,17.0,15.2,14.3
20260623,チェファルー,65.2,47.8,31.4,15.6,17.4,16.4,15.8,15.6
20260623,ミッキーロビン,66.0,48.7,32.3,15.7,17.3,16.4,16.6,15.7
20260623,エイシンミスリル,67.1,49.4,32.6,16.3,17.7,16.8,16.3,16.3
20260623,リフルフォース,65.4,47.9,31.6,15.3,17.5,16.3,16.3,15.3
20260623,アオイハルカ,67.5,49.6,32.7,16.4,17.9,16.9,16.3,16.4
20260623,エピッククイーン,65.4,48.0,31.5,16.3,17.4,16.5,15.2,16.3
20260623,ダノンロワール,68.9,49.8,31.9,15.7,19.1,17.9,16.2,15.7
20260623,デュードロップ,60.8,43.8,28.8,14.3,17.0,15.0,14.5,14.3
20260623,エクスマウス,67.0,48.9,32.7,16.2,18.1,16.2,16.5,16.2
20260623,エイダンバローズ,68.9,49.6,32.1,15.5,19.3,17.5,16.6,15.5
20260623,フェリシタル,66.8,48.9,32.3,16.0,17.9,16.6,16.3,16.0
20260623,マルモタワー,65.4,48.6,32.6,16.4,16.8,16.0,16.2,16.4
20260623,フラッシングルビー,65.6,48.3,31.5,15.7,17.3,16.8,15.8,15.7
20260623,ユーキャンダンス,65.2,47.9,31.2,15.6,17.3,16.7,15.6,15.6
20260623,カズタンジャー,64.3,47.9,31.8,15.7,16.4,16.1,16.1,15.7
20260623,キングツェッペリン,63.4,47.0,31.2,15.0,16.4,15.8,16.2,15.0
20260623,アブキールベイ,66.3,48.7,32.0,15.7,17.6,16.7,16.3,15.7
20260623,キミガスキダ,65.6,47.7,31.1,15.0,17.9,16.6,16.1,15.0
20260623,キープシャイニング,67.3,49.5,32.6,16.1,17.8,16.9,16.5,16.1
20260623,ルージュプルーヴ,64.6,46.9,31.1,15.9,17.7,15.8,15.2,15.9
20260623,タガノミトゥンドゥ,67.2,49.6,32.6,16.1,17.6,17.0,16.5,16.1
20260623,ノヴァレジーナ,64.9,47.9,31.8,15.9,17.0,16.1,15.9,15.9
20260623,ブルーザー,67.5,48.9,31.4,15.4,18.6,17.5,16.0,15.4
20260623,パゴスピグイノス,67.1,49.3,32.2,16.4,17.8,17.1,15.8,16.4
20260623,ラインエレガント,66.1,48.0,31.2,15.4,18.1,16.8,15.8,15.4
20260623,ヤマニンアルセド,66.8,49.3,32.7,15.9,17.5,16.6,16.8,15.9
20260623,ノトコンゴウ,65.0,48.4,32.2,16.1,16.6,16.2,16.1,16.1
20260623,アイオリスパルス,67.0,49.3,32.6,16.0,17.7,16.7,16.6,16.0
20260623,アンリーベイビー,66.5,48.3,31.4,15.7,18.2,16.9,15.7,15.7
20260623,アーブルラーブル,66.1,47.9,31.5,15.9,18.2,16.4,15.6,15.9
20260623,ゲイルライダー,65.9,48.7,32.0,15.6,17.2,16.7,16.4,15.6
20260623,メイショウグロリア,70.0,51.2,34.0,17.1,18.8,17.2,16.9,17.1
20260623,タマモスカイ,65.4,48.5,31.1,15.2,16.9,17.4,15.9,15.2
20260623,エコロゼルダ,64.7,47.8,31.5,16.0,16.9,16.3,15.5,16.0
20260623,バンブラボー,71.1,52.0,34.6,17.2,19.1,17.4,17.4,17.2
20260623,フォーオール,67.5,49.4,32.0,15.6,18.1,17.4,16.4,15.6
20260623,ポニーテール,65.3,48.9,32.6,16.4,16.4,16.3,16.2,16.4
20260623,シンゼンコジロウ,68.0,49.6,32.5,15.7,18.4,17.1,16.8,15.7
20260623,カラクニダケ,67.8,50.6,33.6,16.4,17.2,17.0,17.2,16.4
20260623,パロディ,70.9,51.2,33.3,16.0,19.7,17.9,17.3,16.0
20260623,エコロヴァルド,66.8,49.8,33.0,16.1,17.0,16.8,16.9,16.1
20260623,リッケンバッカー,63.3,46.3,31.2,15.7,17.0,15.1,15.5,15.7
20260623,ブラックドレス,64.3,46.5,30.7,15.2,17.8,15.8,15.5,15.2
20260623,ミライハーモニー,65.5,48.3,32.1,16.0,17.2,16.2,16.1,16.0
20260623,ストレングス,66.6,47.1,30.5,15.3,19.5,16.6,15.2,15.3
20260623,ジェバーダ,66.2,47.9,31.3,15.4,18.3,16.6,15.9,15.4
20260623,クリコファルコン,69.0,50.2,32.9,16.6,18.8,17.3,16.3,16.6
20260623,ホッコームジカ,64.2,47.6,31.8,16.1,16.6,15.8,15.7,16.1
20260623,クリノゴージャス,64.9,47.5,31.8,15.8,17.4,15.7,16.0,15.8
20260623,パスリヤージュ,65.3,47.1,31.3,16.0,18.2,15.8,15.3,16.0
20260623,メイショウマドンナ,65.4,47.2,31.0,15.1,18.2,16.2,15.9,15.1
20260623,アメティスタ,65.9,48.2,31.8,15.4,17.7,16.4,16.4,15.4
20260623,ナムラオットー,63.5,46.6,31.3,15.9,16.9,15.3,15.4,15.9
20260623,ナムラステラ,64.7,48.4,33.0,16.9,16.3,15.4,16.1,16.9
20260623,クリコキアナ,63.5,45.7,31.0,15.4,17.8,14.7,15.6,15.4
20260623,シンゼンノト,64.7,47.0,30.6,15.1,17.7,16.4,15.5,15.1
20260623,ロンリーマン,65.7,49.3,33.5,17.0,16.4,15.8,16.5,17.0
20260623,ナムラサフラン,63.5,47.3,31.2,15.5,16.2,16.1,15.7,15.5
20260623,ニシノキヅイタラ,68.1,50.6,33.7,16.4,17.5,16.9,17.3,16.4
20260623,モックモック,67.0,49.6,32.3,16.0,17.4,17.3,16.3,16.0
20260623,ビップヴォルフ,65.5,46.6,29.6,14.5,18.9,17.0,15.1,14.5
20260623,ダノンテムズ,70.2,48.9,30.8,14.3,21.3,18.1,16.5,14.3
20260623,ザウリ,69.6,50.3,32.8,16.1,19.3,17.5,16.7,16.1
20260623,メイショウリリー,66.0,47.8,31.0,15.2,18.2,16.8,15.8,15.2
20260623,ヤマニンアルリフラ,85.9,63.7,41.1,19.8,22.2,22.6,21.3,19.8
20260623,カゼノランナー,66.4,47.5,31.3,15.2,18.9,16.2,16.1,15.2
20260623,モズプリヴェール,69.3,50.7,33.1,16.5,18.6,17.6,16.6,16.5
20260623,ユメシバイ,66.5,48.3,31.4,15.6,18.2,16.9,15.8,15.6
20260623,ワンダーサイファー,68.4,50.0,33.0,16.6,18.4,17.0,16.4,16.6
20260623,パラチー,67.6,49.6,32.2,15.7,18.0,17.4,16.5,15.7
20260623,カパルア,63.2,46.7,31.1,15.6,16.5,15.6,15.5,15.6
20260623,シックパラソル,63.8,47.3,31.6,15.8,16.5,15.7,15.8,15.8
20260623,ショウナンラウール,68.4,50.2,32.2,15.7,18.2,18.0,16.5,15.7
20260623,フローラルセント,63.8,46.6,30.7,14.6,17.2,15.9,16.1,14.6
20260623,エースフライト,65.0,46.8,30.3,15.1,18.2,16.5,15.2,15.1
20260623,ヴィスメンティス,66.6,48.8,31.9,15.6,17.8,16.9,16.3,15.6
20260623,オモイヲノセテ,65.9,48.9,31.9,15.5,17.0,17.0,16.4,15.5
20260623,ゴールデンスラム,67.3,48.9,31.9,15.6,18.4,17.0,16.3,15.6
20260623,アンヌグロース,71.4,51.6,33.7,16.6,19.8,17.9,17.1,16.6
20260623,サトノトリニティ,66.2,48.4,30.9,15.3,17.8,17.5,15.6,15.3
20260623,タナコクシテンホウ,67.0,48.6,32.3,16.8,18.4,16.3,15.5,16.8
20260623,ﾌﾟﾛﾃﾞｨｼﾞｬｽの24,66.5,49.2,32.4,16.1,17.3,16.8,16.3,16.1
20260623,タナカーン,66.9,49.0,32.3,16.1,17.9,16.7,16.2,16.1
20260623,テリオスベラ,71.8,52.2,34.1,16.7,19.6,18.1,17.4,16.7
20260623,セールヴォラン,66.1,48.3,31.5,15.3,17.8,16.8,16.2,15.3
20260623,ワイドブリザード,67.6,48.6,31.2,15.5,19.0,17.4,15.7,15.5
20260623,ノーランサンライズ,69.0,50.3,33.3,16.1,18.7,17.0,17.2,16.1
20260623,コスモグローリー,64.4,47.0,30.3,14.8,17.4,16.7,15.5,14.8
20260623,ハリーケーン,67.4,49.3,32.3,15.9,18.1,17.0,16.4,15.9
20260623,ニホンピロロジャー,64.9,47.1,30.4,14.7,17.8,16.7,15.7,14.7
20260623,バロニアル,66.5,48.6,31.0,15.4,17.9,17.6,15.6,15.4
20260623,アメリカンスタイル,64.8,47.5,31.0,15.3,17.3,16.5,15.7,15.3
20260623,ニドヅケキンシ,70.2,51.1,34.1,16.8,19.1,17.0,17.3,16.8
20260623,ヒルノアラゴン,66.5,48.8,31.8,15.7,17.7,17.0,16.1,15.7
20260623,オメガダフネ,68.4,50.4,32.5,16.0,18.0,17.9,16.5,16.0
20260623,トリオノチカラ,66.1,48.8,31.7,15.7,17.3,17.1,16.0,15.7
20260623,ロードムーブオン,70.4,51.4,34.3,16.8,19.0,17.1,17.5,16.8
20260623,ココモフィーバー,65.2,47.4,30.9,14.9,17.8,16.5,16.0,14.9
20260623,レゾルーティオ,67.7,49.2,32.1,16.1,18.5,17.1,16.0,16.1
20260623,カシノクロサイト,66.3,48.9,31.8,15.7,17.4,17.1,16.1,15.7
20260623,プッシュザリミット,70.8,51.4,33.3,15.5,19.4,18.1,17.8,15.5
20260623,ゴルトリッチ,64.6,47.2,30.5,14.7,17.4,16.7,15.8,14.7
20260623,アウトレンジ,63.0,45.5,29.6,14.6,17.5,15.9,15.0,14.6
20260623,アメリカンチケット,62.5,44.1,28.1,13.5,18.4,16.0,14.6,13.5
20260623,ピリカサンライズ,65.2,47.4,30.8,15.2,17.8,16.6,15.6,15.2
20260623,サンライズハリー,64.9,47.7,31.4,15.9,17.2,16.3,15.5,15.9
20260623,ブライトベリル,67.2,48.7,32.2,16.1,18.5,16.5,16.1,16.1
20260623,ヨカオウ,64.9,47.9,31.5,15.7,17.0,16.4,15.8,15.7
20260623,オオツカ,62.6,46.0,30.0,14.8,16.6,16.0,15.2,14.8
20260623,アルムアポジェ,65.9,48.1,31.2,15.6,17.8,16.9,15.6,15.6
20260623,リトセア,72.0,53.0,34.9,17.0,19.0,18.1,17.9,17.0
20260623,モズタイシソウシ,61.9,45.1,29.8,14.5,16.8,15.3,15.3,14.5
20260623,サンライズケヴィン,64.1,47.6,31.8,16.1,16.5,15.8,15.7,16.1
20260623,エコロメジャー,63.6,47.2,30.6,15.0,16.4,16.6,15.6,15.0
20260623,ユイパルティ,64.1,46.5,30.5,15.3,17.6,16.0,15.2,15.3
20260623,アストラカ,66.7,49.0,32.2,15.9,17.7,16.8,16.3,15.9
20260623,ヴェロクオーレ,67.3,48.4,31.6,15.7,18.9,16.8,15.9,15.7
20260623,ベルウェザー,64.3,47.7,31.6,16.0,16.6,16.1,15.6,16.0
20260623,ストップヤーニング,64.7,46.6,30.9,15.3,18.1,15.7,15.6,15.3
20260623,テーオーレックス,64.8,48.5,32.3,16.2,16.3,16.2,16.1,16.2
20260623,スマートメモリー,64.7,46.9,30.8,15.2,17.8,16.1,15.6,15.2
20260623,ミラクルバローズ,66.9,49.4,33.0,16.7,17.5,16.4,16.3,16.7
20260623,ジンセイ,64.5,47.2,30.4,15.0,17.3,16.8,15.4,15.0
20260623,タガノミスト,65.7,47.3,31.2,15.3,18.4,16.1,15.9,15.3
20260623,アルマデオロ,66.8,49.0,32.3,16.0,17.8,16.7,16.3,16.0
20260623,スーパービジー,68.5,50.2,33.6,17.0,18.3,16.6,16.6,17.0
20260623,リーガルスプレンダ,65.2,47.1,30.9,15.3,18.1,16.2,15.6,15.3
20260623,コロナドブリッジ,66.4,48.4,31.2,15.4,18.0,17.2,15.8,15.4
20260623,ロードディグニティ,61.7,44.0,28.9,14.5,17.7,15.1,14.4,14.5
20260623,エコロリンド,65.3,47.9,30.7,14.7,17.4,17.2,16.0,14.7
20260623,トムクリオーザ,65.7,49.1,33.1,15.3,16.6,16.0,17.8,15.3
20260623,アスクゴクジョウ,67.5,48.1,31.8,15.9,19.4,16.3,15.9,15.9
20260623,オーケーエンジェル,61.8,45.6,30.5,15.0,16.2,15.1,15.5,15.0
20260623,バレンシア,63.5,46.5,30.4,15.0,17.0,16.1,15.4,15.0
20260623,メイショウピュルテ,66.7,48.2,31.5,15.1,18.5,16.7,16.4,15.1
20260623,ジョーヌナルシス,62.5,46.6,30.7,15.4,15.9,15.9,15.3,15.4
20260623,マドモアゼルアスク,67.7,48.7,31.6,15.7,19.0,17.1,15.9,15.7
20260623,ボンドロア,65.7,48.0,31.6,15.7,17.7,16.4,15.9,15.7
20260623,ドラゴンテイラー,72.3,53.0,35.0,17.5,19.3,18.0,17.5,17.5
20260623,タワーオブバベル,67.3,48.7,31.7,15.2,18.6,17.0,16.5,15.2
20260623,スカイスプレンダー,65.1,46.7,30.3,14.9,18.4,16.4,15.4,14.9
20260623,ヒャクギマル,66.9,48.1,31.1,14.9,18.8,17.0,16.2,14.9
20260623,アンティーム,67.9,48.6,32.2,15.5,19.3,16.4,16.7,15.5
20260623,エクスマウス,64.6,47.6,31.2,15.4,17.0,16.4,15.8,15.4
20260623,アトゥア,68.1,49.2,31.5,15.6,18.9,17.7,15.9,15.6
20260623,ソフィアビルド,64.3,47.5,31.7,15.4,16.8,15.8,16.3,15.4
20260623,フィオレストラーダ,68.9,51.1,33.9,16.2,17.8,17.2,17.7,16.2
20260623,ヴィヴァシャス,62.1,46.1,30.7,15.5,16.0,15.4,15.2,15.5
20260623,ダークマルス,69.2,51.0,33.7,16.0,18.2,17.3,17.7,16.0
20260623,システマソラー,67.2,49.8,33.1,16.6,17.4,16.7,16.5,16.6
20260623,アイルトン,66.1,49.1,33.3,16.7,17.0,15.8,16.6,16.7
20260623,ローズカリス,65.0,47.8,31.6,15.8,17.2,16.2,15.8,15.8
20260623,ゲタリア,66.7,48.6,32.2,16.1,18.1,16.4,16.1,16.1
20260623,ゴールデンバランス,67.1,49.2,32.2,16.2,17.9,17.0,16.0,16.2
20260623,シャロン,69.2,51.1,33.2,16.3,18.1,17.9,16.9,16.3
20260623,サヴォアフェール,67.1,49.4,32.6,16.2,17.7,16.8,16.4,16.2
20260623,アロハ,68.0,50.3,33.4,16.4,17.7,16.9,17.0,16.4
20260623,ジョイザモーメント,63.8,47.0,31.6,16.2,16.8,15.4,15.4,16.2
20260623,プリメラエストレラ,65.3,48.2,32.8,16.7,17.1,15.4,16.1,16.7
20260623,シゲルショウグン,72.0,53.3,35.0,17.2,18.7,18.3,17.8,17.2
20260623,カネトシゴウト,65.3,47.7,31.5,16.2,17.6,16.2,15.3,16.2
20260623,インブロリオ,67.1,48.8,31.8,15.4,18.3,17.0,16.4,15.4
20260623,ワンダーエイド,67.2,48.8,31.6,15.4,18.4,17.2,16.2,15.4
20260623,ヴェネラブル,67.2,49.5,32.1,15.7,17.7,17.4,16.4,15.7
20260623,タイガーロード,66.3,49.0,32.6,16.4,17.3,16.4,16.2,16.4
20260623,スピーチバルーン,67.5,49.1,31.5,15.4,18.4,17.6,16.1,15.4
20260623,マルモリムソウ,67.5,49.7,32.8,16.0,17.8,16.9,16.8,16.0
20260623,イーサンマリーン,67.4,49.2,31.9,15.7,18.2,17.3,16.2,15.7
20260623,ルクスメンデス,66.3,48.9,32.2,15.8,17.4,16.7,16.4,15.8
20260623,ビズロード,63.3,45.6,30.6,15.4,17.7,15.0,15.2,15.4
20260623,マウンテンバローズ,70.8,50.8,33.3,16.4,20.0,17.5,16.9,16.4
20260623,チェカ,64.9,46.8,30.8,15.5,18.1,16.0,15.3,15.5
20260623,チュウワメロディー,65.8,47.4,31.7,15.6,18.4,15.7,16.1,15.6
20260623,ハンサム,70.0,51.2,34.3,17.4,18.8,16.9,16.9,17.4
20260623,クインズセレネ,64.1,47.3,32.1,15.8,16.8,15.2,16.3,15.8
20260623,リーティアコナル,66.1,48.3,31.7,15.8,17.8,16.6,15.9,15.8
20260623,レーティッシュ,66.5,48.4,31.2,14.9,18.1,17.2,16.3,14.9
20260623,エイシンキタールン,69.4,50.9,34.1,17.7,18.5,16.8,16.4,17.7
20260623,トウカイジーク,65.8,48.1,31.5,15.3,17.7,16.6,16.2,15.3
20260623,アイランド,68.9,51.2,33.4,16.3,17.7,17.8,17.1,16.3
20260623,メンデレーエフ,64.4,47.8,31.9,15.9,16.6,15.9,16.0,15.9
20260623,ファントムグレース,54.2,39.2,25.6,12.6,15.0,13.6,13.0,12.6
20260623,プリティウーマン,66.0,49.1,32.6,16.2,16.9,16.5,16.4,16.2
20260623,スナークホクサイ,66.4,49.2,32.5,16.1,17.2,16.7,16.4,16.1
20260623,アドフランマム,54.2,39.3,25.7,12.6,14.9,13.6,13.1,12.6
20260623,ランズエンド,69.2,51.2,33.6,17.6,18.0,17.6,16.0,17.6
20260623,アサカラゴキゲン,65.4,48.2,31.8,15.3,17.2,16.4,16.5,15.3
20260623,ルイスイメル,65.9,48.1,32.1,15.4,17.8,16.0,16.7,15.4
20260623,スリリングチェイス,84.7,59.9,38.8,18.6,24.8,21.1,20.2,18.6
20260623,メイショウヴィータ,66.0,48.9,32.5,16.3,17.1,16.4,16.2,16.3
20260623,メイショウジェード,66.2,49.1,32.5,16.1,17.1,16.6,16.4,16.1
20260623,シャインユウ,71.3,51.6,33.3,16.4,19.7,18.3,16.9,16.4
20260623,アーデルボーデン,70.6,52.4,35.1,17.4,18.2,17.3,17.7,17.4
20260623,オタルエバー,66.3,48.6,31.9,15.4,17.7,16.7,16.5,15.4
20260623,グレイスオブゴッド,64.1,47.3,31.0,15.4,16.8,16.3,15.6,15.4
20260623,ザラタン,66.1,50.0,33.2,16.6,16.1,16.8,16.6,16.6
20260623,シャンパンスター,64.7,47.3,31.2,15.3,17.4,16.1,15.9,15.3
20260623,ムーヴザニードル,62.0,45.1,30.1,15.0,16.9,15.0,15.1,15.0
20260623,メイショウマグナ,67.7,49.8,33.0,16.3,17.9,16.8,16.7,16.3
20260623,クロワール,64.0,46.3,31.1,15.6,17.7,15.2,15.5,15.6
20260623,ゼンノゾンターク,67.1,49.7,32.7,16.0,17.4,17.0,16.7,16.0
20260623,ショーライトイヤー,64.8,47.7,31.9,15.7,17.1,15.8,16.2,15.7
20260623,チヨ,68.1,50.2,33.6,16.3,17.9,16.6,17.3,16.3
20260623,ベルセクレト,63.5,47.4,31.6,15.5,16.1,15.8,16.1,15.5
20260623,スカイマイルタワー,65.6,48.5,32.6,16.9,17.1,15.9,15.7,16.9
20260623,コルサロ,67.8,48.8,32.8,16.2,19.0,16.0,16.6,16.2
20260623,フェーエンハフト,67.2,49.8,32.9,16.0,17.4,16.9,16.9,16.0
20260623,ヒアカムズザサン,67.0,49.0,32.4,16.8,18.0,16.6,15.6,16.8
20260623,エボニーウイング,64.6,47.0,30.9,15.3,17.6,16.1,15.6,15.3
20260623,ケイアイメキラ,69.7,50.6,33.1,16.2,19.1,17.5,16.9,16.2
20260623,ヴィスマール,67.0,49.2,32.3,15.9,17.8,16.9,16.4,15.9
20260623,キョラムン,66.7,48.3,31.8,15.5,18.4,16.5,16.3,15.5
20260623,ミリタリータトゥー,66.5,48.7,32.0,15.9,17.8,16.7,16.1,15.9
20260623,ピコオーバル,65.3,47.7,30.9,15.3,17.6,16.8,15.6,15.3
20260623,ランスオブラヴ,70.3,51.8,34.0,17.1,18.5,17.8,16.9,17.1
20260623,テーオータウンズ,67.6,49.4,32.5,15.8,18.2,16.9,16.7,15.8
20260623,オーロラボレアリス,61.6,43.8,28.2,13.8,17.8,15.6,14.4,13.8
20260623,ノクスカンパーナ,62.3,45.4,29.2,14.3,16.9,16.2,14.9,14.3
20260623,フローズンクイーン,68.5,51.2,34.3,17.0,17.3,16.9,17.3,17.0
20260623,アクロフェイズ,69.2,50.6,33.1,15.9,18.6,17.5,17.2,15.9
20260623,フレアオブセンス,75.4,54.4,34.8,16.6,21.0,19.6,18.2,16.6
20260623,メメヤンチャヒメ,72.1,52.7,34.4,16.4,19.4,18.3,18.0,16.4
20260623,ロードハイエンド,70.6,51.9,34.2,16.8,18.7,17.7,17.4,16.8
20260623,ヴォルテックス,68.9,50.4,32.8,16.0,18.5,17.6,16.8,16.0
20260623,ファータカエリ,67.8,49.4,32.5,16.2,18.4,16.9,16.3,16.2
20260623,ロードクロンヌ,66.5,48.7,32.0,15.6,17.8,16.7,16.4,15.6
20260623,ラビットアイ,63.9,47.1,31.6,15.7,16.8,15.5,15.9,15.7
20260623,シンドリームシン,66.2,48.4,31.5,15.3,17.8,16.9,16.2,15.3
20260623,ブリーズオンチーク,70.0,51.9,34.1,16.6,18.1,17.8,17.5,16.6
20260623,ウォーターガーベラ,65.6,48.4,32.0,16.0,17.2,16.4,16.0,16.0
20260623,カウンティフェア,74.1,53.4,34.1,17.0,20.7,19.3,17.1,17.0
20260623,ウィスカーパッド,69.2,51.1,33.5,16.4,18.1,17.6,17.1,16.4
20260623,アップターンデイ,71.3,51.9,34.2,17.0,19.4,17.7,17.2,17.0
20260623,モンテパステル,65.5,48.6,31.8,15.5,16.9,16.8,16.3,15.5
20260623,グッドピース,76.2,54.7,35.2,17.1,21.5,19.5,18.1,17.1
20260623,オンアロール,73.9,52.6,34.1,16.7,21.3,18.5,17.4,16.7
20260623,インディジャズ,73.8,52.4,34.1,17.2,21.4,18.3,16.9,17.2
20260623,プリンキピッサ,73.1,53.5,36.1,17.9,19.6,17.4,18.2,17.9
20260623,クォーツァイト,64.3,47.0,30.7,15.1,17.3,16.3,15.6,15.1
20260623,ヒットザグラウンド,71.3,50.0,31.5,15.1,21.3,18.5,16.4,15.1
20260623,イクヒロ,69.4,50.9,34.4,17.6,18.5,16.5,16.8,17.6
20260623,ダンツカレン,66.1,48.6,31.7,15.1,17.5,16.9,16.6,15.1
20260623,ファランギーナ,65.7,48.6,32.5,16.5,17.1,16.1,16.0,16.5
20260623,ロードフローリス,70.2,51.3,34.0,17.5,18.9,17.3,16.5,17.5
20260623,ソーニーイシュー,68.1,49.0,31.4,15.1,19.1,17.6,16.3,15.1
20260623,シュブロンレーヴル,64.6,47.1,31.0,15.3,17.5,16.1,15.7,15.3
20260623,ヤマニンアルリフラ,74.0,54.0,35.4,17.1,20.0,18.6,18.3,17.1
20260623,カワキタマナレア,63.5,45.6,29.8,14.5,17.9,15.8,15.3,14.5
20260623,サウンドムーブ,73.8,54.0,35.4,17.2,19.8,18.6,18.2,17.2
20260623,ミスターバッドガイ,67.5,49.4,31.7,16.1,18.1,17.7,15.6,16.1
20260623,マンナット,72.8,53.8,35.3,17.0,19.0,18.5,18.3,17.0
20260623,シスキンブルーム,73.1,53.7,35.3,16.9,19.4,18.4,18.4,16.9
20260623,インティサール,65.1,47.3,30.5,14.7,17.8,16.8,15.8,14.7
20260623,リカンカブール,68.6,50.7,33.7,16.9,17.9,17.0,16.8,16.9
20260623,ダノンプリマ,67.6,49.8,32.7,15.8,17.8,17.1,16.9,15.8
20260623,センツブラッド,72.7,51.9,32.9,15.7,20.8,19.0,17.2,15.7
20260623,メイショウカスガイ,65.2,47.4,31.6,15.3,17.8,15.8,16.3,15.3
20260623,マテンロウシルビア,66.4,47.9,30.7,14.9,18.5,17.2,15.8,14.9
20260623,サトノライトニング,67.8,49.6,32.7,16.4,18.2,16.9,16.3,16.4
20260623,グロリアスニケ,71.0,51.7,33.3,16.5,19.3,18.4,16.8,16.5
20260623,ショルタメンテ,66.0,48.3,32.0,15.8,17.7,16.3,16.2,15.8
20260623,ゴッドアミーラ,64.9,47.4,31.2,15.1,17.5,16.2,16.1,15.1
20260623,サウンドヴィヴァン,72.6,51.9,32.8,15.5,20.7,19.1,17.3,15.5
20260623,カミノトップワン,70.3,51.2,33.1,15.8,19.1,18.1,17.3,15.8
20260623,エルドボルグ,72.5,52.0,32.8,15.5,20.5,19.2,17.3,15.5
20260623,スイトーヨ,66.8,48.3,31.9,15.4,18.5,16.4,16.5,15.4
20260623,ナムラモモ,63.0,46.4,30.6,14.9,16.6,15.8,15.7,14.9
20260623,ザムーン,63.1,46.8,31.3,15.4,16.3,15.5,15.9,15.4
20260623,ワンダーゾルダート,65.6,47.8,30.9,15.1,17.8,16.9,15.8,15.1
20260623,ゴールデンボブ,64.6,47.0,31.1,15.7,17.6,15.9,15.4,15.7
20260623,ショコラプリン,63.9,46.3,30.4,14.5,17.6,15.9,15.9,14.5
20260623,ホープフルロマン,66.6,49.8,33.7,17.0,16.8,16.1,16.7,17.0
20260623,ルーストカール,64.6,47.9,30.9,14.8,16.7,17.0,16.1,14.8
20260623,ランフォーヴァウ,67.1,49.7,32.9,16.9,17.4,16.8,16.0,16.9
20260623,フォーチュンライド,66.7,49.2,32.9,16.4,17.5,16.3,16.5,16.4
20260623,ブクブクー,63.7,46.7,30.6,14.9,17.0,16.1,15.7,14.9
20260623,タイセイルミナス,65.7,48.4,32.5,16.1,17.3,15.9,16.4,16.1
20260623,メリオーレム,63.9,47.6,31.2,15.4,16.3,16.4,15.8,15.4
20260623,ドゥラリス,62.2,44.6,29.0,14.5,17.6,15.6,14.5,14.5
20260623,ロードフィレール,61.6,45.0,29.6,14.5,16.6,15.4,15.1,14.5
20260623,フルフィルメント,63.9,46.3,30.6,15.4,17.6,15.7,15.2,15.4
20260623,コスモルミナ,62.3,47.1,31.2,15.6,15.2,15.9,15.6,15.6
20260623,ミネルヴァ,62.7,47.1,31.3,15.6,15.6,15.8,15.7,15.6
20260623,ゴッドブルービー,64.9,47.0,29.9,14.4,17.9,17.1,15.5,14.4
20260623,コンバットペスカ,65.1,47.8,31.6,15.7,17.3,16.2,15.9,15.7
20260623,ライフセービング,65.8,47.9,31.1,15.3,17.9,16.8,15.8,15.3
20260623,カワキタベレッタ,64.2,46.7,30.3,14.8,17.5,16.4,15.5,14.8
20260623,ラヴァンドローリエ,70.7,52.0,34.5,17.3,18.7,17.5,17.2,17.3
20260623,ウインガラハッド,71.6,52.3,34.8,17.5,19.3,17.5,17.3,17.5
20260623,ユウェンタース,71.8,53.1,35.8,18.4,18.7,17.3,17.4,18.4
20260623,トーアライデン,61.7,44.5,29.0,14.6,17.2,15.5,14.4,14.6
20260623,クラヴァンス,65.0,48.0,31.4,15.2,17.0,16.6,16.2,15.2
20260623,リカンカブール,67.5,49.9,32.9,16.6,17.6,17.0,16.3,16.6
20260623,イグニション,69.0,49.9,33.0,16.6,19.1,16.9,16.4,16.6
20260623,ツーピース,69.0,50.8,33.4,16.3,18.2,17.4,17.1,16.3
20260623,サトノライトニング,67.3,49.5,32.2,16.1,17.8,17.3,16.1,16.1
20260623,クィーンズウィンク,72.0,53.2,34.7,16.8,18.8,18.5,17.9,16.8
20260623,シュプレヒコール,70.0,52.1,35.0,17.4,17.9,17.1,17.6,17.4
20260623,ポッドロゴ,69.6,50.4,33.0,16.0,19.2,17.4,17.0,16.0
20260623,フルーツベイビー,66.2,47.3,31.0,15.5,18.9,16.3,15.5,15.5
20260623,ミスマリーゴールド,68.3,49.7,33.0,16.1,18.6,16.7,16.9,16.1
20260623,メローネ,68.4,50.9,33.6,16.5,17.5,17.3,17.1,16.5
20260623,ロンバルドシチー,68.3,50.9,33.7,16.7,17.4,17.2,17.0,16.7
20260623,オースミサイファー,61.1,44.8,30.4,15.5,16.3,14.4,14.9,15.5
20260623,ローザベッラ,69.5,51.1,33.7,16.6,18.4,17.4,17.1,16.6
20260623,コメットサン,69.4,51.0,33.7,16.5,18.4,17.3,17.2,16.5
20260623,テスティモーネ,68.8,50.8,33.8,17.1,18.0,17.0,16.7,17.1
20260623,カネフラ,66.6,48.6,31.9,15.5,18.0,16.7,16.4,15.5
20260623,オーマイラッキーン,68.6,50.0,33.5,16.6,18.6,16.5,16.9,16.6
20260623,モンドドゥアムール,68.6,50.3,33.6,16.9,18.3,16.7,16.7,16.9
20260623,ラッキーヴォーグ,66.7,48.8,31.5,15.0,17.9,17.3,16.5,15.0
20260623,ニシノジェダイ,67.1,48.7,32.0,15.7,18.4,16.7,16.3,15.7
20260623,ブルーノート,61.8,43.9,29.5,14.9,17.9,14.4,14.6,14.9
20260623,ゴナビーオーライト,66.2,48.6,31.8,15.3,17.6,16.8,16.5,15.3
20260623,テーオーカメリア,66.6,47.8,31.0,15.1,18.8,16.8,15.9,15.1
20260623,ジョウゲンノツキ,70.8,50.9,32.7,15.9,19.9,18.2,16.8,15.9
20260623,ワンダーリュクス,69.1,51.4,34.1,17.1,17.7,17.3,17.0,17.1
20260623,ゼンノインヴォーク,65.9,48.3,31.6,15.4,17.6,16.7,16.2,15.4
20260623,テンエースワン,65.0,47.9,32.0,15.9,17.1,15.9,16.1,15.9
20260623,レイデラティエラ,66.5,48.5,31.6,15.7,18.0,16.9,15.9,15.7
20260623,ソリスディエス,66.6,48.3,31.8,15.9,18.3,16.5,15.9,15.9
20260623,シュヴァルツリーベ,63.9,45.2,28.9,14.3,18.7,16.3,14.6,14.3
20260623,リアルペガサス,69.9,51.4,33.6,16.5,18.5,17.8,17.1,16.5
20260623,イイデカンタロウ,66.4,48.1,31.0,15.1,18.3,17.1,15.9,15.1
20260623,イズントイット,62.3,45.1,29.4,14.7,17.2,15.7,14.7,14.7
20260623,ウォーターコトノハ,65.1,47.4,31.0,15.1,17.7,16.4,15.9,15.1
20260623,マーゴットプレ,69.6,51.8,34.1,17.0,17.8,17.7,17.1,17.0
20260623,マーゴットヴィム,69.7,50.8,33.5,16.8,18.9,17.3,16.7,16.8
20260623,ホウショウマリス,65.7,48.9,32.0,15.7,16.8,16.9,16.3,15.7
20260623,ルシャリオ,69.4,51.0,33.5,16.3,18.4,17.5,17.2,16.3
20260623,グリミスティ,69.8,51.6,33.5,16.9,18.2,18.1,16.6,16.9
20260623,スイートポメロ,67.4,49.6,32.8,16.4,17.8,16.8,16.4,16.4
20260623,ヴォーゲ,69.0,51.1,33.6,16.2,17.9,17.5,17.4,16.2
20260623,マイフレダ,67.4,49.5,32.4,16.1,17.9,17.1,16.3,16.1
20260623,シュプレヒコール,69.9,51.2,34.1,17.4,18.7,17.1,16.7,17.4
20260623,マヴィ,63.9,47.1,31.0,15.3,16.8,16.1,15.7,15.3
20260623,タイセイフリーデン,75.6,54.7,36.0,17.9,20.9,18.7,18.1,17.9
20260623,アメリカンビキニ,65.1,47.7,31.4,15.4,17.4,16.3,16.0,15.4
20260623,カラペルソナ,66.8,48.4,31.5,15.4,18.4,16.9,16.1,15.4
20260623,キリオス,70.9,51.9,33.7,16.7,19.0,18.2,17.0,16.7
20260623,ヤマニンソロイスト,67.1,48.5,31.5,15.4,18.6,17.0,16.1,15.4
20260623,ヴィータリッカ,66.3,48.3,31.5,15.5,18.0,16.8,16.0,15.5
20260623,ギザキズラヴ,80.1,59.1,39.3,19.3,21.0,19.8,20.0,19.3
20260623,フルドフォルク,72.6,52.5,34.0,16.5,20.1,18.5,17.5,16.5
20260623,テイクオーヴァー,73.5,53.6,35.3,17.5,19.9,18.3,17.8,17.5
20260623,シュガーハウス,70.0,51.1,33.8,16.7,18.9,17.3,17.1,16.7
20260623,ワイドカクゲン,64.9,46.4,29.8,14.8,18.5,16.6,15.0,14.8
20260623,ﾅﾊﾟｰｼﾞｭｹｲｸの24,65.9,47.6,30.5,14.8,18.3,17.1,15.7,14.8
20260623,メイショウミリオレ,63.2,46.2,30.3,15.3,17.0,15.9,15.0,15.3
20260623,ゾンニッヒ,64.7,47.0,30.9,15.3,17.7,16.1,15.6,15.3
20260623,セルジュバローズ,66.2,48.5,31.1,15.1,17.7,17.4,16.0,15.1
20260623,シャインロード,66.0,49.1,33.0,16.6,16.9,16.1,16.4,16.6
20260623,ポルトドール,67.3,49.5,32.8,16.4,17.8,16.7,16.4,16.4
20260623,ジーティーマローネ,65.8,48.4,32.5,16.6,17.4,15.9,15.9,16.6
20260623,ジャストワナフライ,67.7,49.6,32.8,16.3,18.1,16.8,16.5,16.3
20260623,マトラコーニッシュ,64.0,47.1,30.8,15.4,16.9,16.3,15.4,15.4
20260623,パレットフレイバー,64.9,47.0,31.4,15.3,17.9,15.6,16.1,15.3
20260623,フェブリノ,65.0,47.9,31.8,16.2,17.1,16.1,15.6,16.2
20260623,エバーグルーヴ,64.8,47.8,31.7,15.9,17.0,16.1,15.8,15.9
20260623,シャーロットタウン,64.7,47.8,31.7,15.9,16.9,16.1,15.8,15.9
20260623,ドンインザムード,67.3,49.2,32.0,15.7,18.1,17.2,16.3,15.7
20260623,ｱｶｶﾎｰﾙの24,69.3,51.5,34.1,17.0,17.8,17.4,17.1,17.0
20260623,パイオニアスクエア,64.0,47.1,30.7,15.2,16.9,16.4,15.5,15.2
20260623,ルペイドゥロール,64.9,48.6,32.2,15.5,16.3,16.4,16.7,15.5
20260623,ブレスドナイル,69.6,50.4,31.8,15.5,19.2,18.6,16.3,15.5
20260623,リーグナイト,63.6,45.7,29.8,14.7,17.9,15.9,15.1,14.7
20260623,ルージュルガーノ,67.5,49.6,32.1,15.5,17.9,17.5,16.6,15.5
20260623,マイシドニー,61.4,45.5,30.3,15.6,15.9,15.2,14.7,15.6
20260623,アイルエクラ,63.1,47.3,32.3,16.0,15.8,15.0,16.3,16.0
20260623,アラタマフェーヴル,70.0,49.5,32.9,16.6,20.5,16.6,16.3,16.6
20260623,ギザキズラヴ,70.0,49.9,31.8,15.1,20.1,18.1,16.7,15.1
20260623,ノーブルスカイ,67.2,48.8,31.4,15.6,18.4,17.4,15.8,15.6
20260623,タケルハーロック,65.0,46.7,30.5,15.1,18.3,16.2,15.4,15.1
20260623,ヒデガミティアラ,73.5,53.9,36.0,18.1,19.6,17.9,17.9,18.1
20260623,スクランプシャス,61.9,45.2,29.9,15.3,16.7,15.3,14.6,15.3
20260623,グランドオーパス,62.8,45.6,30.0,14.8,17.2,15.6,15.2,14.8
20260623,ペガサスノース,62.1,45.3,29.7,15.1,16.8,15.6,14.6,15.1
20260623,エナジーイッセイ,66.2,48.2,31.1,15.1,18.0,17.1,16.0,15.1
20260623,グランエール,70.2,51.9,34.0,16.8,18.3,17.9,17.2,16.8
20260623,モンブランミノル,65.6,48.1,31.8,16.2,17.5,16.3,15.6,16.2
20260623,テイエムリチャード,64.7,48.1,32.1,16.3,16.6,16.0,15.8,16.3
20260623,ナムラメアリー,67.4,49.0,32.8,16.8,18.4,16.2,16.0,16.8
20260623,ポルトドール,64.8,47.6,31.2,15.3,17.2,16.4,15.9,15.3
20260623,カレントゥルーシー,68.1,51.0,33.1,16.6,17.1,17.9,16.5,16.6
20260623,ジャストワナフライ,68.8,51.0,33.9,17.0,17.8,17.1,16.9,17.0
20260623,アルディメント,64.5,46.6,30.4,15.0,17.9,16.2,15.4,15.0
20260623,ロードフリューゲル,63.9,47.4,31.4,15.9,16.5,16.0,15.5,15.9
20260623,デアヴェローチェ,62.7,45.4,29.6,14.7,17.3,15.8,14.9,14.7
20260623,アームズラムレイ,62.2,45.0,29.5,14.9,17.2,15.5,14.6,14.9
20260623,アンクルクロス,65.4,48.9,32.8,16.8,16.5,16.1,16.0,16.8
20260623,マリノムーンリーフ,63.8,46.4,30.4,15.1,17.4,16.0,15.3,15.1
20260623,ルヴレアール,63.2,46.7,31.1,15.9,16.5,15.6,15.2,15.9
20260623,アセンシオン,68.7,50.5,32.7,15.8,18.2,17.8,16.9,15.8
20260623,デュアルロール,64.7,47.7,31.2,15.1,17.0,16.5,16.1,15.1
20260623,ソルアモール,64.3,46.9,31.7,16.3,17.4,15.2,15.4,16.3
20260623,ダノンミッドナイト,64.6,47.4,31.5,15.8,17.2,15.9,15.7,15.8
20260623,ウインクローバー,71.0,51.7,34.2,16.9,19.3,17.5,17.3,16.9
20260623,スマートエスコート,65.3,48.2,32.1,16.1,17.1,16.1,16.0,16.1
20260623,プリモマーレ,62.3,46.4,31.3,15.5,15.9,15.1,15.8,15.5
20260623,レッドピアレス,61.9,45.7,30.0,15.2,16.2,15.7,14.8,15.2
20260623,サンシュエール,65.5,48.0,31.2,15.4,17.5,16.8,15.8,15.4
20260623,アウェイクネス,65.0,48.7,32.8,16.1,16.3,15.9,16.7,16.1
20260623,フランソワーズ,65.2,47.7,31.5,15.9,17.5,16.2,15.6,15.9
20260623,ムービー,64.6,47.4,31.0,15.1,17.2,16.4,15.9,15.1
20260623,ヨコハマブルース,64.9,47.6,31.2,15.7,17.3,16.4,15.5,15.7
20260623,カルパ,60.1,44.3,29.0,14.6,15.8,15.3,14.4,14.6
20260623,グランキングオー,65.1,46.9,30.6,15.3,18.2,16.3,15.3,15.3
20260623,リアライズパリオ,61.2,43.6,27.9,14.1,17.6,15.7,13.8,14.1
20260623,サンライズプルート,60.9,44.8,28.9,14.2,16.1,15.9,14.7,14.2
20260623,アイファーモービル,63.1,45.8,29.9,15.1,17.3,15.9,14.8,15.1
20260623,クラストムーン,63.9,47.9,32.1,16.1,16.0,15.8,16.0,16.1
20260623,ジャズ,61.7,45.2,29.5,14.8,16.5,15.7,14.7,14.8
20260623,オセアスターライト,62.1,45.5,30.0,14.7,16.6,15.5,15.3,14.7
20260623,ベルトナリテ,60.0,44.1,28.4,13.7,15.9,15.7,14.7,13.7
20260623,ルートサーティーン,61.1,45.3,29.3,14.6,15.8,16.0,14.7,14.6
20260623,ココフルール,64.4,47.3,30.7,15.7,17.1,16.6,15.0,15.7
20260623,ポカポカヨウキ,64.8,47.4,31.4,15.6,17.4,16.0,15.8,15.6
20260623,マウスオフ,65.0,47.6,31.6,16.1,17.4,16.0,15.5,16.1
20260623,キタノレクレドール,65.4,47.3,31.3,15.6,18.1,16.0,15.7,15.6
20260623,マイネルブラントン,70.6,51.5,33.5,16.7,19.1,18.0,16.8,16.7
20260623,ウィモウェ,69.0,50.4,33.0,16.5,18.6,17.4,16.5,16.5
20260623,アメリカンピース,65.2,45.9,29.7,15.0,19.3,16.2,14.7,15.0
20260623,レディントン,67.7,50.6,34.4,16.7,17.1,16.2,17.7,16.7
20260623,ヴォメロ,61.8,45.4,30.2,15.0,16.4,15.2,15.2,15.0
20260623,メテオロイド,68.1,49.9,33.1,15.9,18.2,16.8,17.2,15.9
20260623,ジャンゴッド,66.6,49.1,31.9,15.9,17.5,17.2,16.0,15.9
20260623,クーデール,66.9,48.4,31.6,15.7,18.5,16.8,15.9,15.7
20260623,サンタカタリナ,67.1,48.9,32.1,15.8,18.2,16.8,16.3,15.8
20260623,ライツェントライゼ,65.3,47.4,31.2,15.3,17.9,16.2,15.9,15.3
20260623,アマリス,67.6,49.3,32.5,16.2,18.3,16.8,16.3,16.2
20260623,ギブアンドギブ,67.6,49.3,32.5,16.2,18.3,16.8,16.3,16.2
20260623,リヴィエラヴィル,69.3,50.6,33.0,16.4,18.7,17.6,16.6,16.4
20260623,ダノンプレリュード,65.2,48.1,32.0,15.8,17.1,16.1,16.2,15.8
20260623,ジリアート,63.9,47.5,31.6,15.9,16.4,15.9,15.7,15.9
20260623,ナヴォーナ,64.0,46.3,30.1,14.9,17.7,16.2,15.2,14.9
20260623,ノボリリア,64.9,47.7,31.7,15.7,17.2,16.0,16.0,15.7
20260623,マハートマーベル,64.8,46.7,30.6,15.0,18.1,16.1,15.6,15.0
20260623,アンティスマ,67.5,49.4,32.9,16.5,18.1,16.5,16.4,16.5
20260623,ベルアズーロ,62.6,46.0,29.9,14.5,16.6,16.1,15.4,14.5
20260623,スターペスアンナ,66.5,48.6,32.0,16.1,17.9,16.6,15.9,16.1
20260623,バトゥカーダ,63.4,46.9,31.3,15.7,16.5,15.6,15.6,15.7
20260623,スプレンドーレ,64.5,48.0,32.3,16.3,16.5,15.7,16.0,16.3
20260623,スマイルガーデン,64.3,45.7,29.5,14.5,18.6,16.2,15.0,14.5
20260623,ムーンベリル,64.4,47.2,31.3,15.5,17.2,15.9,15.8,15.5
20260623,エテルネルバイオ,66.0,46.6,30.1,14.3,19.4,16.5,15.8,14.3
20260623,モズナツノジン,66.4,47.5,30.9,15.4,18.9,16.6,15.5,15.4
20260623,ホワイトフレイムス,63.1,44.5,28.5,14.2,18.6,16.0,14.3,14.2
20260623,エリカリヴァプール,69.8,51.7,34.1,16.5,18.1,17.6,17.6,16.5
20260623,アリアニコ,63.7,47.0,30.7,15.1,16.7,16.3,15.6,15.1
20260623,ノーブルセプター,71.5,51.7,33.8,16.3,19.8,17.9,17.5,16.3
20260623,ローベルクランツ,67.3,49.5,33.2,16.4,17.8,16.3,16.8,16.4
20260623,ホウオウスーペリア,62.5,45.6,29.7,14.4,16.9,15.9,15.3,14.4
20260623,メイショウホウレン,65.5,47.8,31.0,15.6,17.7,16.8,15.4,15.6
20260623,ズバットマサムネ,69.3,51.7,34.2,16.9,17.6,17.5,17.3,16.9
20260623,インザモーメント,68.2,51.0,33.8,16.8,17.2,17.2,17.0,16.8
20260623,シャドウクライ,67.7,50.3,32.7,16.0,17.4,17.6,16.7,16.0
20260623,ブルーマッキンジー,65.0,47.9,31.0,14.8,17.1,16.9,16.2,14.8
20260623,スティルラブハー,65.2,47.7,30.4,14.6,17.5,17.3,15.8,14.6
20260623,レインオンミー,66.1,48.7,32.1,15.8,17.4,16.6,16.3,15.8
20260623,ネブラディスク,64.3,47.5,31.4,15.0,16.8,16.1,16.4,15.0
20260623,ラインメテオラ,66.2,49.2,32.3,16.1,17.0,16.9,16.2,16.1
20260623,ワンダフルボンド,63.8,47.5,31.7,15.7,16.3,15.8,16.0,15.7
20260623,ミッキーマーメイド,65.0,49.3,33.5,17.0,15.7,15.8,16.5,17.0
20260623,グリーンゴー,65.1,48.3,32.2,15.7,16.8,16.1,16.5,15.7
20260623,バックドラフト,62.2,46.4,30.8,15.2,15.8,15.6,15.6,15.2
20260623,ダノンワンダー,61.8,46.2,31.0,15.7,15.6,15.2,15.3,15.7
20260623,ロードフェルム,65.9,49.3,32.3,16.1,16.6,17.0,16.2,16.1
20260623,ボンボンベイビー,61.4,45.4,30.0,15.1,16.0,15.4,14.9,15.1
20260623,ビーアイジーニー,63.3,46.0,30.3,15.2,17.3,15.7,15.1,15.2
20260623,ジュンプリメーロ,62.8,47.2,30.7,14.9,15.6,16.5,15.8,14.9
20260623,グレートキリシマ,63.6,46.9,31.5,16.0,16.7,15.4,15.5,16.0
20260623,タカモリ,66.4,48.6,31.8,15.6,17.8,16.8,16.2,15.6
20260623,マニバドラ,67.3,49.9,32.8,16.6,17.4,17.1,16.2,16.6
20260623,ラルヴァンダード,75.4,51.1,32.9,17.0,24.3,18.2,15.9,17.0
20260623,ムーンレガリア,68.2,50.4,33.4,16.9,17.8,17.0,16.5,16.9
20260623,ボーオーブ,68.1,50.2,32.7,15.7,17.9,17.5,17.0,15.7
20260623,シャローフォレスト,68.5,50.1,33.4,16.6,18.4,16.7,16.8,16.6
20260623,ケンシロウワールド,81.0,59.4,40.1,20.3,21.6,19.3,19.8,20.3
20260623,ピアストイヤーズ,63.1,47.0,31.1,15.4,16.1,15.9,15.7,15.4
20260623,ヤマニンブークリエ,63.9,46.9,31.1,15.6,17.0,15.8,15.5,15.6
20260623,ゴルディアス,63.6,46.7,30.7,15.1,16.9,16.0,15.6,15.1
20260623,ジョン,63.9,47.3,31.3,15.4,16.6,16.0,15.9,15.4
20260623,ロクメイカン,64.7,47.1,31.1,16.2,17.6,16.0,14.9,16.2
20260623,ノンブルドール,68.3,49.9,32.7,16.2,18.4,17.2,16.5,16.2
20260623,モズエムブイピー,61.6,46.0,30.8,15.4,15.6,15.2,15.4,15.4
20260623,ノリノリソックス,66.2,48.9,32.5,15.9,17.3,16.4,16.6,15.9
20260623,アスクレコードモア,60.8,44.4,29.3,14.0,16.4,15.1,15.3,14.0
20260623,ブルズアイプリンス,62.1,45.6,29.6,14.8,16.5,16.0,14.8,14.8
20260623,ジャスパーブレイズ,62.2,45.6,29.8,15.1,16.6,15.8,14.7,15.1
20260623,アイファーラピッド,63.8,46.6,30.8,15.3,17.2,15.8,15.5,15.3
20260623,シアター,68.0,48.4,31.0,15.2,19.6,17.4,15.8,15.2
20260623,グレートアゲイン,65.6,48.4,31.3,15.2,17.2,17.1,16.1,15.2
20260623,クータモ,65.0,47.5,31.4,15.4,17.5,16.1,16.0,15.4
20260623,ビッグベルーガ,64.1,47.9,31.6,15.5,16.2,16.3,16.1,15.5
20260623,ブルーカミング,64.0,47.3,30.8,14.9,16.7,16.5,15.9,14.9
20260623,モンロワイヤル,67.2,49.9,32.6,15.8,17.3,17.3,16.8,15.8
20260623,オールナット,74.4,54.1,35.8,18.1,20.3,18.3,17.7,18.1
20260623,イマージョン,74.6,54.4,35.2,17.0,20.2,19.2,18.2,17.0
20260623,イリフィ,70.4,50.9,32.7,15.9,19.5,18.2,16.8,15.9
20260623,シュプリームレルム,73.7,52.7,34.1,16.7,21.0,18.6,17.4,16.7
20260623,リヴァイ,75.1,54.0,34.9,16.9,21.1,19.1,18.0,16.9
20260623,ショールミーズ,67.4,50.9,32.6,15.9,16.5,18.3,16.7,15.9
20260623,ウィクフォード,72.4,52.8,34.0,16.5,19.6,18.8,17.5,16.5
20260623,エピドゥブレ,73.5,52.6,34.1,16.8,20.9,18.5,17.3,16.8
20260623,ブックオブケルズ,73.2,53.7,34.6,16.7,19.5,19.1,17.9,16.7
20260623,ファラオクィーン,71.8,51.9,34.2,17.1,19.9,17.7,17.1,17.1
20260623,モーデン,63.5,46.5,30.5,14.7,17.0,16.0,15.8,14.7
20260623,マーシーラン,68.3,50.4,32.9,16.2,17.9,17.5,16.7,16.2
20260623,サイモンベローチェ,69.9,49.3,31.8,15.4,20.6,17.5,16.4,15.4
20260623,レッドヴァリアート,64.2,46.6,30.3,14.6,17.6,16.3,15.7,14.6
20260623,サンシャインビーチ,66.6,48.8,32.1,15.5,17.8,16.7,16.6,15.5
20260623,シャマレル,63.3,46.6,30.9,15.3,16.7,15.7,15.6,15.3
20260623,ペルセポネ,64.4,47.8,31.6,15.5,16.6,16.2,16.1,15.5
20260623,ゲッパクフウセイ,63.9,46.4,30.2,14.6,17.5,16.2,15.6,14.6
20260623,ドーンレーサー,66.0,50.1,33.5,17.3,15.9,16.6,16.2,17.3
20260623,レオナルドスター,61.9,45.2,29.6,15.0,16.7,15.6,14.6,15.0
20260623,セレーネサンライズ,71.7,53.7,35.7,17.6,18.0,18.0,18.1,17.6
20260623,ヤマニンイハナ,65.7,49.0,32.9,16.0,16.7,16.1,16.9,16.0
20260623,マリアンデール,66.5,49.7,33.6,16.5,16.8,16.1,17.1,16.5
20260623,ウォーターアケビ,65.4,48.6,32.2,15.4,16.8,16.4,16.8,15.4
20260623,ハルカカナタ,64.7,47.9,31.7,16.0,16.8,16.2,15.7,16.0
20260623,マイエスタ,66.4,49.9,33.4,16.5,16.5,16.5,16.9,16.5
20260623,オオナミコナミ,62.2,44.8,29.3,14.5,17.4,15.5,14.8,14.5
20260623,ジェラルリスト,70.5,50.3,33.1,16.2,20.2,17.2,16.9,16.2
20260623,ジージージェット,63.2,47.0,31.3,15.9,16.2,15.7,15.4,15.9
20260623,ブラックレジェンド,62.6,46.1,29.6,14.8,16.5,16.5,14.8,14.8
20260623,ベルフィーノ,67.8,48.6,32.1,16.2,19.2,16.5,15.9,16.2
20260623,タナスーペルノーバ,63.9,47.5,31.8,15.9,16.4,15.7,15.9,15.9
20260623,ミスティックレイン,66.4,48.0,31.4,15.6,18.4,16.6,15.8,15.6
20260623,ツーハーツ,62.0,46.0,30.0,15.1,16.0,16.0,14.9,15.1
20260623,ティンクルピクシー,67.7,49.4,32.7,16.0,18.3,16.7,16.7,16.0
20260623,ゲームイズマイン,68.7,50.8,33.3,16.2,17.9,17.5,17.1,16.2
20260623,ロードマイライフ,64.9,46.5,30.6,14.9,18.4,15.9,15.7,14.9
20260623,レディーミコノス,64.9,46.4,29.8,14.9,18.5,16.6,14.9,14.9
20260623,エンルートフライト,64.9,47.9,31.5,15.6,17.0,16.4,15.9,15.6
20260623,ピースインサイト,62.9,45.9,29.6,14.2,17.0,16.3,15.4,14.2
20260623,キフクマル,62.9,45.9,29.6,14.2,17.0,16.3,15.4,14.2
20260623,ジャンヌローサ,65.9,48.1,31.8,15.8,17.8,16.3,16.0,15.8
20260623,ニホンピロトッティ,68.3,48.4,32.2,15.8,19.9,16.2,16.4,15.8
20260623,オデット,63.7,46.1,30.8,15.0,17.6,15.3,15.8,15.0
20260623,ケイテンアイジン,67.6,49.6,32.7,16.4,18.0,16.9,16.3,16.4
20260623,スマッシング,63.3,45.6,29.7,14.7,17.7,15.9,15.0,14.7
20260623,コルテオソレイユ,65.4,47.7,31.5,15.9,17.7,16.2,15.6,15.9
20260623,サイン,63.1,45.7,29.8,14.5,17.4,15.9,15.3,14.5
20260623,トシミチ,66.9,49.0,32.2,16.3,17.9,16.8,15.9,16.3
20260623,ガルフコースト,71.5,53.5,34.9,16.4,18.0,18.6,18.5,16.4
20260623,マルカオペラ,69.0,50.3,33.4,16.7,18.7,16.9,16.7,16.7
20260623,ブラックアイロン,69.3,50.7,35.0,18.1,18.6,15.7,16.9,18.1
20260623,メイショウジェンマ,62.4,45.6,30.2,15.2,16.8,15.4,15.0,15.2
20260623,ビーグラッド,67.6,49.3,32.5,16.0,18.3,16.8,16.5,16.0
20260623,メイショウタカネ,67.2,49.5,32.7,16.3,17.7,16.8,16.4,16.3
20260623,グーフィー,65.1,48.0,31.8,15.7,17.1,16.2,16.1,15.7
20260623,スーサンコルティナ,64.6,47.5,31.6,15.6,17.1,15.9,16.0,15.6
20260623,タガノレクシア,64.7,47.6,31.7,15.7,17.1,15.9,16.0,15.7
20260623,シュラザック,65.8,48.1,31.8,15.5,17.7,16.3,16.3,15.5
20260623,オブシディアーナ,62.9,45.9,30.6,15.1,17.0,15.3,15.5,15.1
20260623,クロユキ,70.0,51.1,33.6,16.2,18.9,17.5,17.4,16.2
20260623,サンライズレマ,63.4,45.9,30.0,14.7,17.5,15.9,15.3,14.7
20260623,マリナーヴァレイ,67.4,49.4,32.9,16.4,18.0,16.5,16.5,16.4
20260623,ナンヨークリスタル,65.4,48.0,31.3,15.2,17.4,16.7,16.1,15.2
20260623,メイショウシュハリ,66.7,47.6,31.2,15.2,19.1,16.4,16.0,15.2
20260623,ルルハート,65.8,48.0,31.7,16.2,17.8,16.3,15.5,16.2
20260623,ルナフィオーレ,62.7,45.4,29.6,14.6,17.3,15.8,15.0,14.6
20260623,ボビーザグレート,68.9,50.9,33.4,16.5,18.0,17.5,16.9,16.5
20260623,マコトエウロペ,66.7,48.7,31.8,15.5,18.0,16.9,16.3,15.5
20260623,オルノア,66.4,48.2,31.8,15.7,18.2,16.4,16.1,15.7
20260623,パレハ,64.7,47.3,31.3,15.5,17.4,16.0,15.8,15.5
20260623,パドゼフィール,62.7,45.5,29.9,15.0,17.2,15.6,14.9,15.0
20260623,サイモンレガシー,63.9,46.6,30.7,15.3,17.3,15.9,15.4,15.3
20260623,リラカリス,66.2,48.3,31.9,15.8,17.9,16.4,16.1,15.8
20260623,イチトゼロノアイダ,66.0,48.5,31.0,15.3,17.5,17.5,15.7,15.3
20260623,ハイビッグゴールド,71.1,51.5,33.5,16.7,19.6,18.0,16.8,16.7
20260623,ヨドノゴールド,66.7,47.7,30.5,15.2,19.0,17.2,15.3,15.2
20260623,ロンドンガーズ,62.9,45.9,29.8,14.6,17.0,16.1,15.2,14.6
20260623,ミルトサクセス,65.5,48.4,32.3,16.2,17.1,16.1,16.1,16.2
20260623,ﾏﾛﾝﾊﾟﾝﾅの24,65.3,48.5,32.4,16.2,16.8,16.1,16.2,16.2
20260623,サンライズアリオン,61.7,46.1,31.0,15.8,15.6,15.1,15.2,15.8
20260623,ミッションルース,60.2,44.2,29.4,14.6,16.0,14.8,14.8,14.6
20260623,チェラブ,62.6,45.8,30.3,15.0,16.8,15.5,15.3,15.0
20260623,スズノボンライミー,61.6,45.0,29.5,14.7,16.6,15.5,14.8,14.7
20260623,ヤマニンガルブ,66.6,48.8,32.6,16.5,17.8,16.2,16.1,16.5
20260623,ルクスグレイス,62.3,46.1,31.0,15.9,16.2,15.1,15.1,15.9
20260623,ユーヴェリア,62.7,46.6,30.7,15.3,16.1,15.9,15.4,15.3
20260623,メイショウゲッコウ,64.7,48.9,33.4,18.1,15.8,15.5,15.3,18.1
20260623,フチサンチャチャ,63.1,46.2,29.7,14.7,16.9,16.5,15.0,14.7
20260623,トッピワールド,62.8,45.6,29.5,14.5,17.2,16.1,15.0,14.5
20260623,ソゲソゲスマイル,61.9,45.7,29.3,14.6,16.2,16.4,14.7,14.6
20260623,オーケーキュート,68.9,50.4,33.0,16.0,18.5,17.4,17.0,16.0
20260623,アカウフリューゲル,69.0,50.4,34.2,17.5,18.6,16.2,16.7,17.5
20260623,デルシエロ,72.1,51.8,33.3,16.3,20.3,18.5,17.0,16.3
20260623,マイネルホウセン,74.9,54.7,36.5,17.9,20.2,18.2,18.6,17.9
20260623,マハロハ,74.5,55.2,36.8,18.4,19.3,18.4,18.4,18.4
20260623,ホルトバージ,65.6,47.9,31.4,15.4,17.7,16.5,16.0,15.4
20260623,スズカミエール,68.3,49.6,32.2,15.6,18.7,17.4,16.6,15.6
20260623,ソニックブーム,66.8,47.2,30.5,15.1,19.6,16.7,15.4,15.1
20260623,カツラコマチ,67.9,49.3,32.1,15.6,18.6,17.2,16.5,15.6
20260623,ヨウリンケイジュ,67.9,49.4,32.4,15.6,18.5,17.0,16.8,15.6
20260623,エイシンニケ,68.1,49.6,31.9,15.4,18.5,17.7,16.5,15.4
20260623,オーラムミーティア,67.8,48.9,31.5,15.2,18.9,17.4,16.3,15.2
20260623,クリノパッション,73.3,53.9,35.4,18.1,19.4,18.5,17.3,18.1
20260623,サトノスカイターフ,65.5,46.6,30.2,14.8,18.9,16.4,15.4,14.8
20260623,フランキーバローズ,64.4,46.1,29.5,14.3,18.3,16.6,15.2,14.3
20260623,テーオーライマン,67.5,49.3,31.5,15.4,18.2,17.8,16.1,15.4
20260623,サトノソティラス,65.2,46.4,30.1,14.9,18.8,16.3,15.2,14.9
20260623,マダムカマラード,65.8,49.0,32.0,15.7,16.8,17.0,16.3,15.7
20260623,メイショウナナシロ,67.0,49.3,32.3,15.8,17.7,17.0,16.5,15.8
20260623,ブライトキングダム,63.9,45.7,29.1,14.2,18.2,16.6,14.9,14.2
20260623,ランゲ,67.3,49.7,33.4,16.9,17.6,16.3,16.5,16.9
20260623,ジワールドコア,66.5,49.1,31.8,15.7,17.4,17.3,16.1,15.7
20260623,ﾒｲｼｮｳﾏﾝｻｸの24,67.4,49.8,33.4,16.9,17.6,16.4,16.5,16.9
20260623,ホールシバン,90.5,64.4,40.7,19.8,26.1,23.7,20.9,19.8
20260623,ハレアカラフラ,70.0,51.6,33.2,16.3,18.4,18.4,16.9,16.3
20260623,カネコメファミリー,65.0,48.4,32.1,16.0,16.6,16.3,16.1,16.0
20260623,ヒーローインチーフ,70.7,50.8,32.9,16.5,19.9,17.9,16.4,16.5
20260623,シャリキモン,67.4,48.7,31.6,15.3,18.7,17.1,16.3,15.3
20260623,ダノンフィガロ,72.7,52.7,33.8,16.2,20.0,18.9,17.6,16.2
20260623,トレビスドンナ,72.3,52.4,33.6,15.8,19.9,18.8,17.8,15.8
20260623,ショウナンライラ,62.6,44.5,29.1,14.2,18.1,15.4,14.9,14.2
20260623,エコロルーク,71.9,49.8,30.9,15.0,22.1,18.9,15.9,15.0
20260623,メイショウフウドウ,65.6,48.5,31.4,15.1,17.1,17.1,16.3,15.1
20260623,メイショウヘール,68.7,49.9,32.4,16.1,18.8,17.5,16.3,16.1
20260623,ララディアーブル,66.3,48.8,32.2,16.0,17.5,16.6,16.2,16.0
20260623,ジューンマーチ,67.3,49.2,32.0,15.4,18.1,17.2,16.6,15.4
20260623,レッドセドナ,66.5,47.7,30.8,15.3,18.8,16.9,15.5,15.3
20260623,ダノンオブアイデア,67.8,50.2,33.0,16.5,17.6,17.2,16.5,16.5
20260623,アスクケンタッキー,67.0,48.1,30.5,14.6,18.9,17.6,15.9,14.6
20260623,リエーヴェ,67.7,49.7,32.4,15.5,18.0,17.3,16.9,15.5
20260623,ノボリクレバー,65.5,47.8,31.5,15.7,17.7,16.3,15.8,15.7
20260623,メイショウオオミネ,66.8,49.2,32.6,16.1,17.6,16.6,16.5,16.1
20260623,マルモリキャスター,67.8,50.0,33.2,16.4,17.8,16.8,16.8,16.4
20260623,ヴェッタフィオーレ,63.4,47.0,31.3,15.9,16.4,15.7,15.4,15.9
20260623,クロスボーダー,68.1,50.3,33.2,16.2,17.8,17.1,17.0,16.2
20260623,リアルアルバ,67.7,50.4,33.5,16.6,17.3,16.9,16.9,16.6
20260623,アレナパラシオ,66.2,48.8,31.7,15.4,17.4,17.1,16.3,15.4
20260623,テイエムプレミラン,63.1,47.0,31.1,15.5,16.1,15.9,15.6,15.5
20260623,ディープリメンバー,68.8,51.2,33.3,16.4,17.6,17.9,16.9,16.4
20260623,ジーティーマンフク,68.8,51.2,33.3,16.4,17.6,17.9,16.9,16.4
20260623,ラマヌジャン,62.7,45.7,30.4,15.1,17.0,15.3,15.3,15.1
20260623,レッドシュテルン,69.7,50.7,33.4,16.5,19.0,17.3,16.9,16.5
20260623,ハーブドーレ,67.8,50.3,32.7,16.0,17.5,17.6,16.7,16.0
20260623,シンゼンイセ,64.7,47.9,31.5,15.8,16.8,16.4,15.7,15.8
20260623,メイショウアヤカ,64.2,47.0,31.6,15.8,17.2,15.4,15.8,15.8
20260623,ゴールドショーマン,63.9,47.1,31.0,15.8,16.8,16.1,15.2,15.8
20260623,ジーティーキンセイ,63.3,46.8,30.9,15.5,16.5,15.9,15.4,15.5
20260623,メイショウコガシラ,64.9,47.1,30.8,15.3,17.8,16.3,15.5,15.3
20260623,フェミナンジェンヌ,67.5,47.8,31.5,15.5,19.7,16.3,16.0,15.5
20260623,メイショウコハル,67.5,49.4,32.2,15.6,18.1,17.2,16.6,15.6
20260623,モズヴイ,67.9,49.1,32.1,15.6,18.8,17.0,16.5,15.6
20260623,クロリス,66.8,48.7,32.1,15.8,18.1,16.6,16.3,15.8
20260623,ロードトレイル,65.1,48.9,33.0,16.5,16.2,15.9,16.5,16.5
20260623,ダノンアトラス,65.5,47.5,31.0,15.6,18.0,16.5,15.4,15.6
20260623,ココデイック,64.3,48.9,32.7,16.5,15.4,16.2,16.2,16.5
20260623,ブライトココナッツ,63.4,46.2,29.6,15.1,17.2,16.6,14.5,15.1
20260623,チェサピークベイ,63.4,47.3,32.0,16.2,16.1,15.3,15.8,16.2
20260623,パープルウインド,64.6,46.7,30.9,15.4,17.9,15.8,15.5,15.4
20260623,ブラックブレット,65.7,47.9,31.5,15.7,17.8,16.4,15.8,15.7
20260623,クリノパッション,67.1,49.3,32.7,16.2,17.8,16.6,16.5,16.2
20260623,ピースオブザライフ,68.6,50.7,33.5,16.3,17.9,17.2,17.2,16.3
20260623,スカイハイ,65.5,48.5,32.6,16.4,17.0,15.9,16.2,16.4
20260623,クインズシャウラ,75.5,55.4,35.6,17.0,20.1,19.8,18.6,17.0
20260623,メイショウハボマイ,68.1,50.3,32.5,16.0,17.8,17.8,16.5,16.0
20260623,ホーリーブラッサム,65.4,46.8,30.0,14.4,18.6,16.8,15.6,14.4
20260623,クイーンズホリデー,66.7,49.5,33.2,16.6,17.2,16.3,16.6,16.6
20260623,ホーリーステップ,66.4,47.2,30.2,14.5,19.2,17.0,15.7,14.5
20260623,サラサキングスター,65.2,46.8,30.0,14.3,18.4,16.8,15.7,14.3
20260623,クイノールト,71.3,52.0,34.1,16.9,19.3,17.9,17.2,16.9
20260623,ミニヨンダンサー,66.3,47.2,30.2,14.5,19.1,17.0,15.7,14.5
20260623,ホワイトパンサー,76.1,56.2,36.5,17.7,19.9,19.7,18.8,17.7
20260623,クインズアンジェロ,76.2,56.2,36.4,17.7,20.0,19.8,18.7,17.7
20260623,ヨシノイースター,63.8,47.6,32.6,16.8,16.2,15.0,15.8,16.8
20260623,マテンロウジョイ,66.5,48.1,31.9,15.9,18.4,16.2,16.0,15.9
20260623,プロミシングスター,64.6,46.9,30.7,14.9,17.7,16.2,15.8,14.9
20260623,アルトゥーム,65.2,47.9,31.8,15.8,17.3,16.1,16.0,15.8
20260623,エルサトアナ,53.5,38.6,24.8,12.2,14.9,13.8,12.6,12.2
20260623,メイショウウメゴチ,64.6,47.9,31.3,15.2,16.7,16.6,16.1,15.2
20260623,ブエノスオプティマ,63.3,46.6,30.3,14.9,16.7,16.3,15.4,14.9
20260623,ホールシバン,71.1,49.6,31.9,15.8,21.5,17.7,16.1,15.8
20260623,パフ,66.7,48.7,32.5,15.9,18.0,16.2,16.6,15.9
20260623,キムタックフェイス,66.9,49.4,32.8,16.1,17.5,16.6,16.7,16.1
20260623,ルージュアルミーラ,64.6,48.1,31.8,15.7,16.5,16.3,16.1,15.7
20260623,ドラゴンファントム,64.8,48.3,31.8,0.0,16.5,16.5,0.0,0.0
20260623,クリコイーコ,62.3,44.9,29.5,14.8,17.4,15.4,14.7,14.8
20260623,トモジャカトゥーラ,62.8,45.2,31.2,16.3,17.6,14.0,14.9,16.3
20260623,コンセントリコ,68.7,50.7,33.1,16.3,18.0,17.6,16.8,16.3
20260623,コックスコーム,68.7,50.6,33.1,16.2,18.1,17.5,16.9,16.2
20260623,リルスー,69.0,50.8,33.3,16.7,18.2,17.5,16.6,16.7
20260623,ヴェルテンベルク,62.4,45.0,29.1,14.2,17.4,15.9,14.9,14.2
20260623,ハヤテノオジョー,58.5,42.9,28.6,14.9,15.6,14.3,13.7,14.9
20260623,サンライズキース,66.8,49.5,32.5,16.0,17.3,17.0,16.5,16.0
20260623,ベラジオリン,64.9,47.6,31.6,16.1,17.3,16.0,15.5,16.1
20260623,ララララブソング,67.8,50.0,32.5,16.4,17.8,17.5,16.1,16.4
20260623,ロードシュヴァリエ,64.6,47.3,30.5,15.0,17.3,16.8,15.5,15.0
20260623,ルディシャ,70.5,51.4,33.6,16.7,19.1,17.8,16.9,16.7
20260623,レイピカケ,64.7,46.8,31.2,15.2,17.9,15.6,16.0,15.2
20260623,スネーフリンガ,65.8,47.7,31.2,15.5,18.1,16.5,15.7,15.5
20260623,ロードトレゾール,71.1,52.3,34.6,16.8,18.8,17.7,17.8,16.8
20260623,ジョーカー,66.0,48.8,31.8,15.6,17.2,17.0,16.2,15.6
20260623,サンクサンス,65.2,48.2,31.7,15.7,17.0,16.5,16.0,15.7
20260623,アルバドラータ,66.9,48.4,31.5,15.4,18.5,16.9,16.1,15.4
20260623,ディヴァンパーレ,66.0,48.9,31.9,15.9,17.1,17.0,16.0,15.9
20260623,メイショウミカワ,65.3,47.8,31.5,15.6,17.5,16.3,15.9,15.6
20260623,ラミエルノムスコ,66.2,47.7,31.3,15.7,18.5,16.4,15.6,15.7
20260623,メイショウペルル,67.1,49.7,33.1,17.1,17.4,16.6,16.0,17.1
20260623,ヴァーティゴー,68.4,50.5,33.4,16.7,17.9,17.1,16.7,16.7
20260623,リピ,63.8,47.8,32.0,15.4,16.0,15.8,16.6,15.4
20260623,タガノカハンカ,68.2,50.5,33.4,16.6,17.7,17.1,16.8,16.6
20260623,オーロラエックス,74.4,53.2,35.0,17.5,21.2,18.2,17.5,17.5
20260623,ステラネージュ,67.7,49.7,32.4,15.8,18.0,17.3,16.6,15.8
20260623,ロイドウェバー,65.9,48.5,32.6,16.0,17.4,15.9,16.6,16.0
20260623,タイセイドゥマーニ,66.7,49.1,32.4,16.4,17.6,16.7,16.0,16.4
20260623,サトノアイボリー,66.9,49.0,32.3,15.3,17.9,16.7,17.0,15.3
20260623,シンコーナホチャン,62.6,45.4,29.5,14.3,17.2,15.9,15.2,14.3
20260623,デルマトカチ,63.9,46.4,30.3,15.0,17.5,16.1,15.3,15.0
20260623,ビサイレント,64.3,46.0,30.4,15.2,18.3,15.6,15.2,15.2
20260623,シーザットガール,63.4,46.2,30.9,15.3,17.2,15.3,15.6,15.3
20260623,ベルコート,65.8,48.4,31.6,15.7,17.4,16.8,15.9,15.7
20260623,ドラゴンバルド,65.8,48.3,31.6,15.6,17.5,16.7,16.0,15.6
20260623,ラクホマレ,70.5,51.2,33.6,16.4,19.3,17.6,17.2,16.4
20260623,サンマルパトロール,68.1,49.5,33.0,16.8,18.6,16.5,16.2,16.8
20260623,タマモジャスミン,70.0,50.6,32.6,16.2,19.4,18.0,16.4,16.2
20260623,レインインザスカイ,65.6,48.3,31.9,15.5,17.3,16.4,16.4,15.5
20260623,ジョリープリュム,65.9,48.4,32.2,16.1,17.5,16.2,16.1,16.1
20260623,イテルム,65.5,48.0,31.2,15.3,17.5,16.8,15.9,15.3
20260623,ジーティーアンバー,65.9,48.3,31.5,15.4,17.6,16.8,16.1,15.4
20260623,ジョルティーニ,65.5,48.5,31.7,15.5,17.0,16.8,16.2,15.5
20260623,セイウンダイフク,69.5,50.0,32.2,15.6,19.5,17.8,16.6,15.6
20260623,メドウセージ,67.1,48.8,31.5,16.1,18.3,17.3,15.4,16.1
20260623,メイショウタダツグ,63.3,46.9,31.9,16.3,16.4,15.0,15.6,16.3
20260623,チョウチャンピオン,62.5,46.3,30.8,15.1,16.2,15.5,15.7,15.1
20260622,シャマル,83.2,62.5,41.7,21.3,20.7,20.8,20.4,21.3
20260622,ガイストライヒ,61.9,44.6,29.1,14.5,17.3,15.5,14.6,14.5
20260621,ロスパレドネス,56.6,41.2,26.7,13.1,15.4,14.5,13.6,13.1
20260621,フォーワンセルフ,60.5,44.2,29.1,14.4,16.3,15.1,14.7,14.4
20260621,ノクターン,57.8,42.6,27.9,13.9,15.2,14.7,14.0,13.9
20260621,ココナッツコースト,60.4,44.4,29.5,14.5,16.0,14.9,15.0,14.5
20260621,ルージュボヤージュ,55.0,39.9,25.7,12.4,15.1,14.2,13.3,12.4
20260621,リトルコリンズ,60.7,44.7,30.0,15.3,16.0,14.7,14.7,15.3
20260621,ギャニミード,55.7,40.6,26.5,13.1,15.1,14.1,13.4,13.1
20260621,レッドレガリア,61.2,44.6,29.0,14.4,16.6,15.6,14.6,14.4
20260621,ディスペアーホープ,59.1,43.8,28.7,14.4,15.3,15.1,14.3,14.4
20260621,フミサウンド,66.0,48.8,32.6,16.6,17.2,16.2,16.0,16.6
20260621,ケープウィッカム,57.2,41.8,27.3,13.3,15.4,14.5,14.0,13.3
20260621,チェルシー,55.0,40.3,26.5,13.0,14.7,13.8,13.5,13.0
20260621,チギリ,63.0,46.1,30.6,15.6,16.9,15.5,15.0,15.6
20260621,グランプラネッタ,59.8,44.0,29.4,14.8,15.8,14.6,14.6,14.8
20260621,ニシノイストワール,62.2,45.1,29.7,15.1,17.1,15.4,14.6,15.1
20260621,グレイスルーラー,55.9,40.6,27.1,13.9,15.3,13.5,13.2,13.9
20260621,シアワセチョウサン,61.1,45.5,30.5,15.5,15.6,15.0,15.0,15.5
20260621,ハスカップジャム,54.8,40.0,26.4,12.9,14.8,13.6,13.5,12.9
20260621,ショウナンハーヴェ,57.0,41.5,26.9,13.0,15.5,14.6,13.9,13.0
20260621,オーケーエース,64.8,48.0,31.6,15.8,16.8,16.4,15.8,15.8
20260621,イントリー,60.2,44.1,28.7,14.0,16.1,15.4,14.7,14.0
20260621,ｱﾌﾟﾘｺｯﾄﾌｨｽﾞの24,62.0,46.0,30.2,15.3,16.0,15.8,14.9,15.3
20260621,ボーンディスウェイ,55.6,39.8,25.7,12.6,15.8,14.1,13.1,12.6
20260621,ラパンラピッド,55.9,40.4,26.4,13.1,15.5,14.0,13.3,13.1
20260621,オーケーマヒナ,70.2,51.3,33.7,17.2,18.9,17.6,16.5,17.2
20260621,ハルノアラシ,69.7,50.4,33.2,16.2,19.3,17.2,17.0,16.2
20260621,スカイプライド,55.7,40.6,26.6,12.9,15.1,14.0,13.7,12.9
20260621,フジコンフィデンス,58.6,41.5,26.9,13.1,17.1,14.6,13.8,13.1
20260621,スクイーズアウト,54.7,39.6,25.8,12.6,15.1,13.8,13.2,12.6
20260621,ハミングディスト,55.4,40.4,26.9,13.3,15.0,13.5,13.6,13.3
20260621,リアアーテシアン,54.0,39.8,26.4,13.5,14.2,13.4,12.9,13.5
20260621,スカイドリーマー,72.4,53.8,36.1,17.7,18.6,17.7,18.4,17.7
20260621,ヴァルカンテソーロ,66.7,48.3,31.3,15.6,18.4,17.0,15.7,15.6
20260621,ブロンクス,56.2,41.0,27.2,14.1,15.2,13.8,13.1,14.1
20260621,モンサンアミュザン,58.6,41.6,26.8,12.7,17.0,14.8,14.1,12.7
20260621,ボルトライン,64.8,48.2,32.9,16.8,16.6,15.3,16.1,16.8
20260621,グラスクラージュ,58.4,41.1,26.8,12.9,17.3,14.3,13.9,12.9
20260621,メイクアマーク,55.9,40.7,26.9,13.9,15.2,13.8,13.0,13.9
20260621,レジェンドヴァーサ,72.1,52.8,35.0,17.8,19.3,17.8,17.2,17.8
20260621,セイウンガジュマル,55.4,39.8,25.8,12.8,15.6,14.0,13.0,12.8
20260621,ランパディアス,64.8,48.2,33.0,16.8,16.6,15.2,16.2,16.8
20260621,カリスマン,56.5,41.2,27.2,13.7,15.3,14.0,13.5,13.7
20260621,ワンコール,58.2,41.3,26.6,12.6,16.9,14.7,14.0,12.6
20260621,スーパーユタカ,55.2,40.1,26.2,13.1,15.1,13.9,13.1,13.1
20260621,バタール,56.4,41.3,27.2,13.9,15.1,14.1,13.3,13.9
20260621,マーゴットパラディ,57.5,40.6,25.5,12.2,16.9,15.1,13.3,12.2
20260621,エスクアドラ,55.6,40.5,26.5,13.2,15.1,14.0,13.3,13.2
20260621,デアグランツ,55.5,40.4,26.4,13.2,15.1,14.0,13.2,13.2
20260621,エストレアボニータ,57.2,41.6,26.9,12.9,15.6,14.7,14.0,12.9
20260621,ジャグアール,72.2,52.7,34.3,17.1,19.5,18.4,17.2,17.1
20260621,ゲンパチルーナ,55.9,40.5,26.2,13.0,15.4,14.3,13.2,13.0
20260621,サードウインド,54.3,38.7,25.3,12.4,15.6,13.4,12.9,12.4
20260621,フラッシュポイント,54.5,38.8,25.2,12.6,15.7,13.6,12.6,12.6
20260621,ニシノギャルズ,70.4,52.1,34.9,17.4,18.3,17.2,17.5,17.4
20260621,アイアムアッパレ,70.1,51.9,34.7,17.6,18.2,17.2,17.1,17.6
20260621,ハネマン,56.2,40.4,26.1,13.2,15.8,14.3,12.9,13.2
20260621,シルバープレミア,66.9,49.1,33.0,17.3,17.8,16.1,15.7,17.3
20260621,トレフォイルノット,54.4,38.7,25.9,13.3,15.7,12.8,12.6,13.3
20260621,スードランダム,57.3,41.1,26.6,12.7,16.2,14.5,13.9,12.7
20260621,セイウンリリーナ,72.2,53.0,34.7,17.9,19.2,18.3,16.8,17.9
20260621,ライングラウス,70.5,51.5,33.9,16.9,19.0,17.6,17.0,16.9
20260621,ラルフテソーロ,55.5,40.0,25.7,12.6,15.5,14.3,13.1,12.6
20260621,ニシノトマラナイ,67.5,48.6,31.6,15.4,18.9,17.0,16.2,15.4
20260621,マリノシークレット,72.1,52.4,34.4,17.7,19.7,18.0,16.7,17.7
20260621,フレイコン,55.8,40.1,25.8,12.5,15.7,14.3,13.3,12.5
20260621,ナムラアラバイ,72.5,53.6,35.7,18.0,18.9,17.9,17.7,18.0
20260621,ジェントルアイズ,56.5,40.1,26.8,13.6,16.4,13.3,13.2,13.6
20260621,ドミナートル,69.5,51.2,34.4,17.3,18.3,16.8,17.1,17.3
20260621,クリガーレ,72.6,53.6,35.4,17.4,19.0,18.2,18.0,17.4
20260621,クールボビー,56.5,40.2,26.8,13.7,16.3,13.4,13.1,13.7
20260621,アルニタク,55.8,40.3,26.0,12.7,15.5,14.3,13.3,12.7
20260621,ブレイクザアイス,66.1,48.3,30.9,15.1,17.8,17.4,15.8,15.1
20260621,フジフォンテ,57.8,41.3,26.9,13.1,16.5,14.4,13.8,13.1
20260621,モヴレクス,57.3,42.4,28.3,14.3,14.9,14.1,14.0,14.3
20260621,ベストミーエヴァー,56.0,40.0,24.9,12.3,16.0,15.1,12.6,12.3
20260621,ゴールデンルーキー,58.3,41.8,26.7,12.8,16.5,15.1,13.9,12.8
20260621,アウルムレガリア,58.2,40.9,26.1,13.0,17.3,14.8,13.1,13.0
20260621,ヌクレオチド,68.4,50.0,33.2,16.8,18.4,16.8,16.4,16.8
20260621,キタノドンカルロ,66.9,48.4,31.9,16.5,18.5,16.5,15.4,16.5
20260621,プロミスライン,56.6,41.4,27.0,13.4,15.2,14.4,13.6,13.4
20260621,ドナソラーレ,73.0,55.0,36.4,18.4,18.0,18.6,18.0,18.4
20260621,レーヴルーバ,68.6,49.4,31.9,16.3,19.2,17.5,15.6,16.3
20260621,キタノバトゥーキ,71.4,52.6,35.1,17.8,18.8,17.5,17.3,17.8
20260621,プレシャスローズ,72.3,53.1,35.5,18.1,19.2,17.6,17.4,18.1
20260621,タイセイソアリング,60.7,43.4,28.3,13.8,17.3,15.1,14.5,13.8
20260621,ユイーナ,56.9,41.6,27.1,13.4,15.3,14.5,13.7,13.4
20260621,スペルキャスター,59.3,44.0,29.2,14.1,15.3,14.8,15.1,14.1
20260621,カンフーヒーロー,71.5,52.1,33.6,16.3,19.4,18.5,17.3,16.3
20260621,サイモングリーマン,71.9,52.6,34.1,16.7,19.3,18.5,17.4,16.7
20260621,コンフィアンサ,60.4,44.9,29.9,14.8,15.5,15.0,15.1,14.8
20260621,ルンベーラ,58.4,42.5,28.0,14.1,15.9,14.5,13.9,14.1
20260621,リバージュエル,59.6,43.4,27.3,12.6,16.2,16.1,14.7,12.6
20260621,カゼノハゴロモ,62.3,45.9,31.3,15.5,16.4,14.6,15.8,15.5
20260621,トウシンラヴ,57.4,42.2,27.4,12.8,15.2,14.8,14.6,12.8
20260621,フライスカイハイ,59.7,44.5,30.0,15.0,15.2,14.5,15.0,15.0
20260621,リフレックス,60.8,44.4,30.6,14.4,16.4,13.8,16.2,14.4
20260621,ドングラミ,58.0,42.3,27.6,13.6,15.7,14.7,14.0,13.6
20260621,ヴェットビルズ,73.0,53.7,35.6,17.8,19.3,18.1,17.8,17.8
20260621,センターサンテ,72.0,53.2,35.3,17.7,18.8,17.9,17.6,17.7
20260621,ピリナカピリナ,70.1,51.0,33.7,16.5,19.1,17.3,17.2,16.5
20260621,チャームジュネーヴ,61.9,44.9,28.7,14.1,17.0,16.2,14.6,14.1
20260621,ショーマンフリート,55.1,40.7,27.1,13.2,14.4,13.6,13.9,13.2
20260621,レッドベルダンス,56.9,41.3,27.0,13.3,15.6,14.3,13.7,13.3
20260621,アーティキュレート,56.8,41.7,27.1,13.6,15.1,14.6,13.5,13.6
20260621,ダイヤモンドパレス,55.8,40.8,26.7,13.1,15.0,14.1,13.6,13.1
20260621,クリアマインド,66.3,47.7,30.3,15.2,18.6,17.4,15.1,15.2
20260621,パレスラン,55.5,40.1,26.4,13.1,15.4,13.7,13.3,13.1
20260621,ダイユウファリーナ,64.3,48.0,32.5,17.3,16.3,15.5,15.2,17.3
20260621,オーキーベルセルク,77.6,56.5,37.5,18.4,21.1,19.0,19.1,18.4
20260621,ウインマイルート,59.4,43.3,28.2,14.0,16.1,15.1,14.2,14.0
20260621,トランセンコ,65.4,48.1,30.8,15.4,17.3,17.3,15.4,15.4
20260621,ファーザーアウェイ,58.3,42.2,27.5,13.4,16.1,14.7,14.1,13.4
20260621,ブラッククラウズ,61.9,45.4,30.2,14.9,16.5,15.2,15.3,14.9
20260621,マイネルオラクル,55.8,41.2,26.7,12.8,14.6,14.5,13.9,12.8
20260621,シルトホルン,60.4,45.2,30.2,15.0,15.2,15.0,15.2,15.0
20260621,ロジキセキ,58.8,43.9,29.2,14.5,14.9,14.7,14.7,14.5
20260621,アリアーネ,59.0,42.7,27.7,13.4,16.3,15.0,14.3,13.4
20260621,イバラヒメ,61.1,45.4,30.2,14.8,15.7,15.2,15.4,14.8
20260621,ミルトハーバー,59.5,43.2,27.9,13.8,16.3,15.3,14.1,13.8
20260621,モータリゼーション,58.4,42.6,28.0,13.8,15.8,14.6,14.2,13.8
20260621,ヨーゼフ,61.0,45.4,30.5,15.6,15.6,14.9,14.9,15.6
20260621,ラストシャリナ,56.5,41.3,25.6,12.3,15.2,15.7,13.3,12.3
20260621,ヴィーデ,66.8,48.7,30.6,14.9,18.1,18.1,15.7,14.9
20260621,アオゾラランチ,74.4,54.3,36.3,17.8,20.1,18.0,18.5,17.8
20260621,クシマトゥルー,60.8,44.6,29.5,14.2,16.2,15.1,15.3,14.2
20260621,ウィルソンテソーロ,73.3,54.2,35.0,17.4,19.1,19.2,17.6,17.4
20260621,バトルクライ,72.4,53.1,34.7,17.3,19.3,18.4,17.4,17.3
20260621,ライクアフラワー,60.6,42.6,26.7,12.7,18.0,15.9,14.0,12.7
20260621,ヨドノティアラ,59.5,42.7,28.1,13.8,16.8,14.6,14.3,13.8
20260621,ブラボーツー,69.2,50.9,33.4,16.4,18.3,17.5,17.0,16.4
20260621,オウギノカナメ,55.9,40.8,26.0,12.6,15.1,14.8,13.4,12.6
20260621,ニシノブレイゼスト,56.9,41.3,27.0,13.1,15.6,14.3,13.9,13.1
20260621,コスモメイウェザー,57.1,41.8,26.6,12.7,15.3,15.2,13.9,12.7
20260621,アッパーウォーター,60.3,43.3,28.7,14.2,17.0,14.6,14.5,14.2
20260621,モルスリール,57.7,41.3,27.2,13.1,16.4,14.1,14.1,13.1
20260621,ディベルティスマン,71.3,52.3,34.5,17.3,19.0,17.8,17.2,17.3
20260621,モーニングダリア,74.0,54.2,36.2,18.2,19.8,18.0,18.0,18.2
20260621,アンジュリオ,72.4,52.8,34.7,17.2,19.6,18.1,17.5,17.2
20260621,リゼクールグレー,75.3,55.3,36.0,17.9,20.0,19.3,18.1,17.9
20260621,ナックレジーナ,60.1,44.2,29.7,14.6,15.9,14.5,15.1,14.6
20260621,エクセルクラウン,70.3,51.3,33.8,16.1,19.0,17.5,17.7,16.1
20260621,アンヴデット,73.5,53.8,36.0,18.3,19.7,17.8,17.7,18.3
20260621,アルアンダルス,61.2,44.7,29.8,15.0,16.5,14.9,14.8,15.0
20260621,エコロテラ,70.6,51.4,33.9,16.6,19.2,17.5,17.3,16.6
20260621,アズールドーン,71.6,52.1,34.7,17.5,19.5,17.4,17.2,17.5
20260621,クリスタルドレス,79.6,59.2,39.3,19.8,20.4,19.9,19.5,19.8
20260621,ジャグアール,55.9,40.0,26.2,12.6,15.9,13.8,13.6,12.6
20260621,エウテルペ,62.5,45.2,29.7,15.2,17.3,15.5,14.5,15.2
20260621,ティティナ,58.4,43.4,28.9,14.4,15.0,14.5,14.5,14.4
20260621,アズサ,64.0,46.4,30.2,15.0,17.6,16.2,15.2,15.0
20260621,エバーラスト,59.7,45.5,30.5,14.4,14.2,15.0,16.1,14.4
20260621,ニシノトマラナイ,55.6,39.7,25.9,12.4,15.9,13.8,13.5,12.4
20260621,アルティシモ,58.7,44.8,31.3,15.5,13.9,13.5,15.8,15.5
20260621,ドミナートル,55.5,39.8,26.0,12.5,15.7,13.8,13.5,12.5
20260621,ウンスイ,60.3,45.5,30.8,15.9,14.8,14.7,14.9,15.9
20260621,ハッピーロンドン,69.1,50.3,32.7,16.2,18.8,17.6,16.5,16.2
20260621,ウインアルドーレ,80.1,58.3,38.7,18.8,21.8,19.6,19.9,18.8
20260621,キタノタイキ,93.2,68.6,45.8,23.6,24.6,22.8,22.2,23.6
20260621,スペーストラベラー,76.3,56.3,37.1,18.2,20.0,19.2,18.9,18.2
20260621,ルージュブリッツ,57.6,41.9,27.5,13.6,15.7,14.4,13.9,13.6
20260621,シエラモレーナ,57.6,42.1,27.0,13.6,15.5,15.1,13.4,13.6
20260621,カフェオリーブ,56.2,41.0,26.7,13.2,15.2,14.3,13.5,13.2
20260621,ファインサマーデイ,54.5,39.6,25.6,12.9,14.9,14.0,12.7,12.9
20260621,エポカスピーガ,59.3,43.9,28.6,14.2,15.4,15.3,14.4,14.2
20260621,プロスペクトパーク,55.6,40.0,25.7,12.0,15.6,14.3,13.7,12.0
20260621,アルデラッシュ,60.1,44.7,29.8,14.8,15.4,14.9,15.0,14.8
20260621,プリュノワール,71.8,52.2,34.2,17.3,19.6,18.0,16.9,17.3
20260621,ロゼフェリシア,71.4,51.6,33.9,17.1,19.8,17.7,16.8,17.1
20260621,ケイアイアギト,72.2,53.2,34.7,17.2,19.0,18.5,17.5,17.2
20260621,セイントクーヤ,56.1,41.0,26.5,12.9,15.1,14.5,13.6,12.9
20260621,リサナウト,55.6,40.7,26.4,12.9,14.9,14.3,13.5,12.9
20260621,ベルグラース,75.0,54.2,35.4,17.6,20.8,18.8,17.8,17.6
20260621,ダイユウファリーナ,57.4,42.5,29.4,15.5,14.9,13.1,13.9,15.5
20260621,ラタフォレスト,72.2,53.2,35.2,17.4,19.0,18.0,17.8,17.4
20260621,ドバイブルース,69.2,50.9,33.8,16.9,18.3,17.1,16.9,16.9
20260621,アドマイヤフク,73.0,53.9,35.7,18.0,19.1,18.2,17.7,18.0
20260621,フロリメル,73.0,53.8,35.7,17.7,19.2,18.1,18.0,17.7
20260621,クラックミーアップ,58.4,43.4,28.7,14.0,15.0,14.7,14.7,14.0
20260621,ウインブリザード,58.8,40.4,25.8,12.8,18.4,14.6,13.0,12.8
20260621,ルプルミエラムール,71.8,52.8,35.1,17.7,19.0,17.7,17.4,17.7
20260621,セイウンイーリス,72.7,53.1,33.9,16.4,19.6,19.2,17.5,16.4
20260621,ユイノヘラクレス,59.5,41.2,26.0,12.7,18.3,15.2,13.3,12.7
20260621,サンプラザマツモト,75.0,54.2,35.0,17.5,20.8,19.2,17.5,17.5
20260621,カンピオーネ,55.6,40.5,26.8,13.2,15.1,13.7,13.6,13.2
20260621,アトラクティーボ,65.4,46.8,30.4,15.0,18.6,16.4,15.4,15.0
20260621,ノーブルオリンポス,69.9,49.9,31.8,15.5,20.0,18.1,16.3,15.5
20260621,リギーロ,55.2,40.1,26.7,13.1,15.1,13.4,13.6,13.1
20260621,ﾅﾙﾊﾔの24,67.4,49.6,33.1,16.7,17.8,16.5,16.4,16.7
20260621,ソースウィート,60.2,44.3,29.5,14.7,15.9,14.8,14.8,14.7
20260621,カゼノロマン,60.3,44.4,29.6,14.7,15.9,14.8,14.9,14.7
20260621,ショウナンヤッホー,58.2,41.9,27.1,13.3,16.3,14.8,13.8,13.3
20260621,ルージュマローネ,57.1,41.5,27.6,13.8,15.6,13.9,13.8,13.8
20260621,モンテール,57.9,42.4,27.5,13.6,15.5,14.9,13.9,13.6
20260621,ブッチギレ,57.7,41.7,27.0,13.4,16.0,14.7,13.6,13.4
20260621,イゾラフェリーチェ,57.4,42.9,28.8,13.9,14.5,14.1,14.9,13.9
20260621,グランカンタンテ,58.3,42.5,27.4,13.4,15.8,15.1,14.0,13.4
20260621,サムシングニュー,60.0,43.3,27.8,13.6,16.7,15.5,14.2,13.6
20260621,コパノエイダン,77.5,56.5,36.0,16.6,21.0,20.5,19.4,16.6
20260621,アンパシオンス,70.1,52.0,35.0,17.3,18.1,17.0,17.7,17.3
20260621,レジームチェンジ,58.4,42.6,27.6,13.4,15.8,15.0,14.2,13.4
20260621,ビップヴィーナス,69.6,50.7,34.0,17.3,18.9,16.7,16.7,17.3
20260621,テリオスブギ,69.8,51.3,34.7,17.4,18.5,16.6,17.3,17.4
20260621,ランスノーブル,57.4,41.8,27.8,13.6,15.6,14.0,14.2,13.6
20260621,エニシングゴース,64.6,48.3,32.5,16.7,16.3,15.8,15.8,16.7
20260621,センカンナガト,65.4,48.6,32.6,16.7,16.8,16.0,15.9,16.7
20260621,ゴーゼンチュー,71.5,52.7,35.0,17.8,18.8,17.7,17.2,17.8
20260621,ファイタージェット,67.1,50.2,33.1,16.1,16.9,17.1,17.0,16.1
20260621,アンジュリオ,60.6,42.8,28.2,14.1,17.8,14.6,14.1,14.1
20260621,クイーンズレイン,72.7,53.3,34.8,17.4,19.4,18.5,17.4,17.4
20260621,エスコルチア,88.1,65.8,44.3,21.8,22.3,21.5,22.5,21.8
20260621,ドナリー,72.2,52.8,33.9,16.9,19.4,18.9,17.0,16.9
20260621,ラフィキ,72.5,53.1,34.3,17.0,19.4,18.8,17.3,17.0
20260621,ロンドンアームズ,56.8,41.5,26.6,12.9,15.3,14.9,13.7,12.9
20260621,モーニングダリア,68.5,49.9,32.4,15.8,18.6,17.5,16.6,15.8
20260621,リゼクールグレー,70.1,50.7,33.0,16.2,19.4,17.7,16.8,16.2
20260621,アンヴデット,67.3,49.3,32.0,15.9,18.0,17.3,16.1,15.9
20260621,クリスタルドレス,58.4,41.5,27.9,14.1,16.9,13.6,13.8,14.1
20260621,クロライナ,60.1,43.8,28.7,14.0,16.3,15.1,14.7,14.0
20260621,スカイプレリュード,58.3,42.4,27.9,14.0,15.9,14.5,13.9,14.0
20260621,デルマキタカミ,63.2,46.2,30.0,14.9,17.0,16.2,15.1,14.9
20260621,リバーブレーション,74.4,54.2,34.6,17.1,20.2,19.6,17.5,17.1
20260621,カーニバルウェイ,74.6,55.6,36.3,18.8,19.0,19.3,17.5,18.8
20260621,テンオンスゴールド,58.5,43.3,28.5,13.8,15.2,14.8,14.7,13.8
20260621,イゲマジャ,75.2,54.7,35.2,17.5,20.5,19.5,17.7,17.5
20260621,モーブプリエール,58.3,42.7,28.4,14.0,15.6,14.3,14.4,14.0
20260621,エリンヘラクレス,75.0,55.5,35.9,18.4,19.5,19.6,17.5,18.4
20260621,ノシェリー,58.6,42.6,28.1,13.8,16.0,14.5,14.3,13.8
20260621,トレベルオール,0.0,0.0,0.0,0.0,40.8,38.7,38.4,0.0
20260621,アピーリングルック,0.0,0.0,0.0,0.0,41.0,38.2,38.9,0.0
20260621,ブランフォルテ,0.0,0.0,0.0,0.0,40.9,38.3,38.8,0.0
20260621,エーデルクラフト,0.0,0.0,0.0,0.0,41.0,38.4,38.7,0.0
20260621,ゼンダンタカ,70.2,50.8,33.3,16.6,19.4,17.5,16.7,16.6
20260621,タッカージーティー,65.5,46.7,29.7,14.8,18.8,17.0,14.9,14.8
20260621,ナックエルドラド,58.3,43.2,29.0,14.3,15.1,14.2,14.7,14.3
20260621,アルファリラエ,59.0,43.7,28.3,13.5,15.3,15.4,14.8,13.5
20260621,ニシノマルガリート,71.0,50.7,32.5,15.9,20.3,18.2,16.6,15.9
20260621,ザウシャルト,58.6,43.3,28.8,14.6,15.3,14.5,14.2,14.6
20260621,アマイ,57.5,42.4,28.3,14.3,15.1,14.1,14.0,14.3
20260621,ハイラント,56.5,41.8,27.9,13.9,14.7,13.9,14.0,13.9
20260621,ドリーマーズ,56.6,41.3,27.3,13.5,15.3,14.0,13.8,13.5
20260621,スカイレックス,66.7,49.5,33.1,16.6,17.2,16.4,16.5,16.6
20260621,モーゲンセン,66.6,49.5,32.9,16.4,17.1,16.6,16.5,16.4
20260621,ロゼフェリシア,60.0,44.1,29.4,14.5,15.9,14.7,14.9,14.5
20260621,ウインディナナコ,61.0,44.2,28.1,13.5,16.8,16.1,14.6,13.5
20260621,ホープフルワールド,58.1,43.0,28.5,14.3,15.1,14.5,14.2,14.3
20260621,コスモマルーン,58.4,41.8,27.4,13.3,16.6,14.4,14.1,13.3
20260621,プレザントトーン,57.2,41.3,27.2,13.8,15.9,14.1,13.4,13.8
20260621,ゴーゴーパンチ,75.1,55.9,37.4,18.6,19.2,18.5,18.8,18.6
20260621,モンドシュピーゲル,62.4,46.1,31.1,15.4,16.3,15.0,15.7,15.4
20260621,ドナビッグベン,57.9,40.4,26.2,13.0,17.5,14.2,13.2,13.0
20260621,レディレックス,57.9,40.5,26.2,12.9,17.4,14.3,13.3,12.9
20260621,レイユール,56.1,41.2,27.2,13.3,14.9,14.0,13.9,13.3
20260621,カーヌスティ,57.7,41.6,27.2,13.0,16.1,14.4,14.2,13.0
20260621,エアトベーレ,57.0,42.3,28.0,13.9,14.7,14.3,14.1,13.9
20260621,ライヴギムレット,58.1,41.7,27.3,13.4,16.4,14.4,13.9,13.4
20260621,マーシャルアン,56.5,40.7,26.6,12.9,15.8,14.1,13.7,12.9
20260621,ディールメーカー,56.9,41.9,27.5,13.7,15.0,14.4,13.8,13.7
20260621,ウインベルチェーロ,57.1,41.7,27.1,13.4,15.4,14.6,13.7,13.4
20260621,パワポケグッド,56.4,41.0,27.4,13.8,15.4,13.6,13.6,13.8
20260621,ブリリアンス,72.1,51.2,33.5,16.3,20.9,17.7,17.2,16.3
20260621,アオイミズホ,56.6,40.8,26.8,13.3,15.8,14.0,13.5,13.3
20260621,ロジシーザ,55.0,40.5,26.3,12.9,14.5,14.2,13.4,12.9
20260621,エンジェルサン,70.2,51.8,34.2,17.1,18.4,17.6,17.1,17.1
20260621,シャイニースイフト,61.5,45.8,30.9,15.5,15.7,14.9,15.4,15.5
20260621,プリティーミズホ,63.3,47.2,31.6,15.8,16.1,15.6,15.8,15.8
20260621,バイアブランカ,70.1,51.4,33.6,16.8,18.7,17.8,16.8,16.8
20260621,オセアフェアモント,61.6,46.0,30.7,15.3,15.6,15.3,15.4,15.3
20260621,ダイユウサルターレ,66.9,50.5,33.4,16.7,16.4,17.1,16.7,16.7
20260621,スピニンググローブ,68.9,51.0,33.1,16.4,17.9,17.9,16.7,16.4
20260621,ヴァイオスペース,55.9,40.5,26.1,12.6,15.4,14.4,13.5,12.6
20260621,ニンジャトットリ,73.5,54.1,35.1,17.1,19.4,19.0,18.0,17.1
20260621,マーシヴィガラス,69.7,51.4,34.0,16.6,18.3,17.4,17.4,16.6
20260621,ブライトラン,69.1,50.6,33.2,16.5,18.5,17.4,16.7,16.5
20260621,イセッセイ,73.9,54.4,36.4,18.3,19.5,18.0,18.1,18.3
20260621,トムキャット,73.4,53.9,35.8,18.1,19.5,18.1,17.7,18.1
20260621,カーテシー,74.7,55.8,37.0,18.8,18.9,18.8,18.2,18.8
20260621,インザダーク,74.9,55.5,37.2,19.0,19.4,18.3,18.2,19.0
20260621,ｴﾃの24,72.3,53.3,34.2,16.9,19.0,19.1,17.3,16.9
20260621,クアロアランチ,64.7,48.1,31.6,15.8,16.6,16.5,15.8,15.8
20260621,ワンダリングスター,74.7,55.0,36.1,18.0,19.7,18.9,18.1,18.0
20260621,テングカゼ,74.1,55.2,36.8,18.6,18.9,18.4,18.2,18.6
20260621,クリノゴッホ,57.9,43.3,29.3,14.4,14.6,14.0,14.9,14.4
20260621,サムハラ,57.8,42.7,29.0,14.2,15.1,13.7,14.8,14.2
20260621,アシタバスピリッツ,65.2,47.8,31.3,15.6,17.4,16.5,15.7,15.6
20260621,ドリームユー,65.8,48.0,31.4,15.5,17.8,16.6,15.9,15.5
20260621,ダンツファイター,67.7,49.8,33.2,17.1,17.9,16.6,16.1,17.1
20260621,タマモカンパネラ,69.9,51.4,34.1,17.1,18.5,17.3,17.0,17.1
20260621,セイウンヤオヨロズ,59.1,43.0,27.3,13.2,16.1,15.7,14.1,13.2
20260621,オーケーグリット,54.9,40.2,26.0,12.7,14.7,14.2,13.3,12.7
20260621,ミリオングローリー,67.7,50.3,33.4,16.8,17.4,16.9,16.6,16.8
20260621,ラッキースウィッチ,59.2,43.1,27.6,13.6,16.1,15.5,14.0,13.6
20260621,メダルボーイ,59.3,42.4,27.1,13.1,16.9,15.3,14.0,13.1
20260621,クロシェットノエル,68.8,50.5,33.3,16.6,18.3,17.2,16.7,16.6
20260621,レインボーラッキー,57.8,42.4,27.7,13.7,15.4,14.7,14.0,13.7
20260621,クライングナウ,58.0,43.0,28.2,14.1,15.0,14.8,14.1,14.1
20260621,カラクリスピリッツ,57.5,42.1,27.4,13.3,15.4,14.7,14.1,13.3
20260621,ジーネキング,57.9,42.7,27.7,13.9,15.2,15.0,13.8,13.9
20260621,スカイレックス,57.8,42.7,28.0,13.9,15.1,14.7,14.1,13.9
20260621,モーゲンセン,57.6,42.5,27.7,13.7,15.1,14.8,14.0,13.7
20260621,セイカタカキヤチク,67.3,49.9,32.8,17.1,17.4,17.1,15.7,17.1
20260621,ガブロ,64.9,48.1,31.7,16.2,16.8,16.4,15.5,16.2
20260621,キセキノエンジェル,73.6,53.1,34.7,17.1,20.5,18.4,17.6,17.1
20260621,マンダリンボレロ,70.4,51.5,34.7,17.6,18.9,16.8,17.1,17.6
20260621,サベージラヴ,69.4,51.5,33.9,17.2,17.9,17.6,16.7,17.2
20260621,ハッピーラッキー,72.0,52.2,34.4,17.5,19.8,17.8,16.9,17.5
20260621,ゴーゴーパンチ,64.1,47.0,31.3,15.9,17.1,15.7,15.4,15.9
20260621,ジーティージェミル,74.0,54.6,36.1,18.6,19.4,18.5,17.5,18.6
20260621,ラングロワブリッジ,62.1,44.5,28.4,14.0,17.6,16.1,14.4,14.0
20260621,コスモティタノ,67.7,51.0,34.2,17.3,16.7,16.8,16.9,17.3
20260621,グランレーヴ,65.3,48.5,32.1,16.1,16.8,16.4,16.0,16.1
20260621,コンバスチョン,71.5,51.7,33.8,16.8,19.8,17.9,17.0,16.8
20260621,アイウィル,56.9,41.2,26.3,12.0,15.7,14.9,14.3,12.0
20260621,ブライスフェアリー,61.7,43.9,28.4,13.8,17.8,15.5,14.6,13.8
20260621,ジュングロワール,61.6,43.8,28.4,13.8,17.8,15.4,14.6,13.8
20260621,ワイズシリウス,57.8,42.2,27.1,13.6,15.6,15.1,13.5,13.6
20260621,ハルガスミ,63.1,46.5,30.7,15.1,16.6,15.8,15.6,15.1
20260621,ウイニングレイ,66.1,49.2,32.9,16.8,16.9,16.3,16.1,16.8
20260621,ファーストアライヴ,69.7,51.3,33.4,16.4,18.4,17.9,17.0,16.4
20260621,ウインイルネージュ,56.9,42.1,28.0,13.9,14.8,14.1,14.1,13.9
20260621,オレンジキャンパス,67.0,47.4,30.0,14.8,19.6,17.4,15.2,14.8
20260621,オーブレーヌ,59.0,43.5,28.5,14.2,15.5,15.0,14.3,14.2
20260621,モスクロッサー,64.3,47.1,31.3,15.7,17.2,15.8,15.6,15.7
20260621,ナムラトロム,55.2,40.7,26.2,12.7,14.5,14.5,13.5,12.7
20260621,サツキジュエル,57.0,41.8,26.6,12.8,15.2,15.2,13.8,12.8
20260621,ソニックウェーブ,64.2,47.0,30.1,14.6,17.2,16.9,15.5,14.6
20260621,レッドルイナール,58.9,43.2,28.7,14.3,15.7,14.5,14.4,14.3
20260621,ボールドハーテッド,59.2,44.1,28.7,14.0,15.1,15.4,14.7,14.0
20260621,バイアブランカ,55.5,40.4,26.2,13.1,15.1,14.2,13.1,13.1
20260621,ポッドレーヴ,58.8,43.0,27.7,14.0,15.8,15.3,13.7,14.0
20260621,イキフン,57.7,42.6,27.8,13.9,15.1,14.8,13.9,13.9
20260621,ベルランコントル,57.5,42.4,27.6,13.6,15.1,14.8,14.0,13.6
20260621,ミッドナイトドア,57.1,41.9,27.4,13.9,15.2,14.5,13.5,13.9
20260621,ステートオブロック,54.0,39.8,26.2,13.0,14.2,13.6,13.2,13.0
20260621,コンヴァージョン,66.2,48.9,32.2,15.6,17.3,16.7,16.6,15.6
20260621,ベールダウン,61.1,44.2,29.0,14.2,16.9,15.2,14.8,14.2
20260621,ネオロマーネ,60.7,43.9,28.9,14.2,16.8,15.0,14.7,14.2
20260621,シリアスドラマ,61.4,44.3,29.1,14.2,17.1,15.2,14.9,14.2
20260621,ニチヤヲツイデ,72.7,53.5,35.0,17.2,19.2,18.5,17.8,17.2
20260621,ソワンドヴィクター,69.4,51.4,34.7,16.9,18.0,16.7,17.8,16.9
20260621,ホウオウミステリー,60.8,44.4,29.6,14.9,16.4,14.8,14.7,14.9
20260621,コスモフラムオット,65.0,47.2,30.3,14.2,17.8,16.9,16.1,14.2
20260621,ナムラクリスティ,63.3,46.1,29.6,13.7,17.2,16.5,15.9,13.7
20260621,エンプレスフレーム,67.6,48.5,31.4,15.4,19.1,17.1,16.0,15.4
20260621,テールエメール,71.8,52.4,34.3,16.9,19.4,18.1,17.4,16.9
20260621,エレクトス,71.8,52.5,34.2,16.9,19.3,18.3,17.3,16.9
20260621,マイネルジェロディ,56.2,41.4,27.3,13.2,14.8,14.1,14.1,13.2
20260621,トラマンダーレ,71.6,52.2,34.3,16.8,19.4,17.9,17.5,16.8
20260621,マーシヴィガラス,57.1,41.7,27.6,13.7,15.4,14.1,13.9,13.7
20260621,ワンダリングスター,66.5,49.0,32.6,16.5,17.5,16.4,16.1,16.5
20260621,テングカゼ,59.0,44.1,29.6,14.7,14.9,14.5,14.9,14.7
20260621,エマルタ,70.3,51.7,34.0,16.8,18.6,17.7,17.2,16.8
20260621,トラマンダーレ,59.7,44.1,28.6,14.5,15.6,15.5,14.1,14.5
20260621,メイショウヨゾラ,54.7,39.7,25.6,12.7,15.0,14.1,12.9,12.7
20260621,ハピネスドリーム,57.1,41.1,27.2,13.6,16.0,13.9,13.6,13.6
20260621,ルージュボニート,67.3,49.2,32.3,15.4,18.1,16.9,16.9,15.4
20260621,アローメタル,56.1,40.7,26.5,13.2,15.4,14.2,13.3,13.2
20260621,インパクトシー,56.9,41.9,27.3,12.8,15.0,14.6,14.5,12.8
20260621,キングズトゥルー,60.3,44.0,28.4,13.7,16.3,15.6,14.7,13.7
20260621,スティールシップ,58.6,42.8,28.7,14.3,15.8,14.1,14.4,14.3
20260621,テルケンレンスキー,55.1,39.8,25.8,12.8,15.3,14.0,13.0,12.8
20260621,ハリコミチュウ,55.0,39.7,25.6,12.5,15.3,14.1,13.1,12.5
20260621,レッドフリーマン,58.6,42.7,28.8,14.5,15.9,13.9,14.3,14.5
20260621,ボニープリンス,60.4,45.1,29.1,14.3,15.3,16.0,14.8,14.3
20260621,ルージュフィーリア,57.1,41.8,27.7,13.8,15.3,14.1,13.9,13.8
20260621,アスコットヴェール,59.5,41.3,26.6,13.0,18.2,14.7,13.6,13.0
20260621,ユニオンジャック,54.1,38.8,25.0,12.4,15.3,13.8,12.6,12.4
20260621,ユイチャンファイト,58.4,41.3,26.6,13.1,17.1,14.7,13.5,13.1
20260621,タシット,65.8,48.2,31.5,15.8,17.6,16.7,15.7,15.8
20260621,ブリスキー,57.1,41.1,26.7,12.7,16.0,14.4,14.0,12.7
20260621,ヴォンヌヴォー,61.8,45.7,29.7,14.9,16.1,16.0,14.8,14.9
20260621,ラーナローザ,70.6,51.6,33.8,16.9,19.0,17.8,16.9,16.9
20260621,アイファーシャドー,55.0,40.4,26.3,12.9,14.6,14.1,13.4,12.9
20260621,アトラップモア,57.6,41.8,26.9,13.1,15.8,14.9,13.8,13.1
20260621,シャインフォーミー,56.1,41.3,27.2,13.5,14.8,14.1,13.7,13.5
20260621,クカイリモク,64.4,47.5,31.4,15.8,16.9,16.1,15.6,15.8
20260621,サトノシュトローム,57.7,41.5,27.2,13.1,16.2,14.3,14.1,13.1
20260621,ハイティー,61.4,45.8,29.8,14.6,15.6,16.0,15.2,14.6
20260621,キャピタル,57.5,41.7,27.2,13.4,15.8,14.5,13.8,13.4
20260621,エコロシード,57.9,41.8,27.2,13.0,16.1,14.6,14.2,13.0
20260621,アンパドゥ,71.3,52.8,35.0,17.4,18.5,17.8,17.6,17.4
20260621,ベイビーキッス,61.5,45.9,30.0,14.7,15.6,15.9,15.3,14.7
20260621,スマイルディシー,65.4,48.2,32.3,16.9,17.2,15.9,15.4,16.9
20260621,フェデルミエール,58.9,42.8,28.3,14.1,16.1,14.5,14.2,14.1
20260621,ノビリシマビジョン,59.0,42.4,27.7,13.9,16.6,14.7,13.8,13.9
20260621,フィールドノート,71.1,52.3,34.6,17.1,18.8,17.7,17.5,17.1
20260621,ゴールドドレッサ,64.9,48.0,32.3,17.1,16.9,15.7,15.2,17.1
20260621,ゴールドフリーダム,59.0,43.0,28.6,13.8,16.0,14.4,14.8,13.8
20260621,ピースフルマインド,55.8,40.9,26.5,12.7,14.9,14.4,13.8,12.7
20260621,ウチュウノセカイ,61.7,45.5,29.8,14.5,16.2,15.7,15.3,14.5
20260621,サトノフルーク,69.1,51.3,34.3,17.1,17.8,17.0,17.2,17.1
20260621,フクチャンヒメ,70.5,52.4,34.7,17.3,18.1,17.7,17.4,17.3
20260621,プラネタリーアワー,69.2,51.1,33.3,17.0,18.1,17.8,16.3,17.0
20260621,ミスティユニバンス,68.4,51.0,33.7,16.8,17.4,17.3,16.9,16.8
20260621,ウインスフェーン,82.3,57.3,35.6,16.6,25.0,21.7,19.0,16.6
20260621,アルバニクス,70.2,50.7,32.8,16.2,19.5,17.9,16.6,16.2
20260621,ローンウルフ,68.0,50.6,33.6,17.3,17.4,17.0,16.3,17.3
20260621,ゴールドジェスター,52.8,39.7,26.9,13.8,13.1,12.8,13.1,13.8
20260621,コウソクルリアン,62.5,45.0,28.9,13.4,17.5,16.1,15.5,13.4
20260621,ヤジロベエバランス,69.9,51.8,33.8,16.2,18.1,18.0,17.6,16.2
20260621,ゼフィリア,69.9,52.0,33.9,16.0,17.9,18.1,17.9,16.0
20260621,ウインワーグナー,74.0,54.7,36.4,18.1,19.3,18.3,18.3,18.1
20260621,イヴナンバーフォー,74.5,54.6,36.3,18.0,19.9,18.3,18.3,18.0
20260621,ジーククローネ,56.0,40.9,26.6,13.0,15.1,14.3,13.6,13.0
20260621,ミセスリリー,55.0,40.4,26.5,12.9,14.6,13.9,13.6,12.9
20260621,ブーケドリス,53.3,38.7,24.8,11.9,14.6,13.9,12.9,11.9
20260621,ジオ,54.2,39.2,25.2,12.0,15.0,14.0,13.2,12.0
20260621,コヴェナント,68.9,51.7,34.0,16.8,17.2,17.7,17.2,16.8
20260621,ブラックトルネード,60.3,42.5,26.9,13.7,17.8,15.6,13.2,13.7
20260621,キタノアヤカ,61.0,45.1,29.9,14.8,15.9,15.2,15.1,14.8
20260621,ルブラッシュノモー,63.1,47.0,30.9,15.5,16.1,16.1,15.4,15.5
20260621,アルスラーン,58.8,43.1,28.3,13.6,15.7,14.8,14.7,13.6
20260621,マルガリート,62.8,46.0,30.1,15.0,16.8,15.9,15.1,15.0
20260621,フォルガイル,63.4,46.8,30.8,15.2,16.6,16.0,15.6,15.2
20260621,クリスマスパレード,56.4,41.7,25.9,12.7,14.7,15.8,13.2,12.7
20260621,デルマアポロニア,59.1,43.7,28.3,13.5,15.4,15.4,14.8,13.5
20260621,ハクサンスオーノ,57.7,42.2,27.2,13.2,15.5,15.0,14.0,13.2
20260621,アマンヘセル,57.3,42.3,27.9,13.7,15.0,14.4,14.2,13.7
20260621,アールグレイ,62.6,46.2,30.1,14.5,16.4,16.1,15.6,14.5
20260621,リュクスパトロール,58.4,43.2,28.1,13.9,15.2,15.1,14.2,13.9
20260621,ベルトラッキ,58.1,42.3,27.4,13.4,15.8,14.9,14.0,13.4
20260621,リマーカブル,66.8,49.0,32.7,16.4,17.8,16.3,16.3,16.4
20260621,フロムドーン,57.1,41.9,27.5,12.8,15.2,14.4,14.7,12.8
20260621,アーバンアート,63.2,45.9,31.2,16.1,17.3,14.7,15.1,16.1
20260621,トゥラッタッタ,65.2,47.7,31.3,15.5,17.5,16.4,15.8,15.5
20260621,エーデル,61.3,45.0,29.7,14.9,16.3,15.3,14.8,14.9
20260621,ゴットランド,57.6,42.6,27.5,13.3,15.0,15.1,14.2,13.3
20260621,ガムラスタン,56.4,41.8,27.3,13.2,14.6,14.5,14.1,13.2
20260621,ロードクラシコ,56.8,41.5,26.6,12.5,15.3,14.9,14.1,12.5
20260621,プロミストジーン,56.0,40.9,26.1,12.7,15.1,14.8,13.4,12.7
20260621,ミエノストロング,56.4,40.9,25.9,13.1,15.5,15.0,12.8,13.1
20260621,ドナディクオーレ,55.8,40.6,25.7,12.7,15.2,14.9,13.0,12.7
20260621,ベアダイヤモンド,55.0,39.8,25.7,12.7,15.2,14.1,13.0,12.7
20260621,アグネスクレスト,57.6,43.1,28.3,14.3,14.5,14.8,14.0,14.3
20260621,フォセットジェンヌ,54.5,39.3,25.8,13.0,15.2,13.5,12.8,13.0
20260621,ウィナーズチェック,55.6,40.7,26.2,12.8,14.9,14.5,13.4,12.8
20260621,ブライトシーン,56.7,41.2,26.9,13.6,15.5,14.3,13.3,13.6
20260621,トモジャシャトー,59.6,43.9,29.3,14.9,15.7,14.6,14.4,14.9
20260621,ソードマスター,55.0,39.6,26.3,13.0,15.4,13.3,13.3,13.0
20260621,ワレモコウ,55.4,40.1,26.8,13.1,15.3,13.3,13.7,13.1
20260621,フレッシュラン,61.8,45.4,30.1,15.3,16.4,15.3,14.8,15.3
20260621,ノーブルスアーク,65.1,48.2,32.0,15.7,16.9,16.2,16.3,15.7
20260621,ミスティユニバンス,59.8,44.8,30.0,15.0,15.0,14.8,15.0,15.0
20260621,ショーエクラ,73.1,54.2,35.9,18.3,18.9,18.3,17.6,18.3
20260621,ゲームアビリティー,70.9,52.5,34.2,16.9,18.4,18.3,17.3,16.9
20260621,アルバニクス,71.8,52.8,34.1,16.2,19.0,18.7,17.9,16.2
20260621,ウィンターブリーズ,60.4,44.4,29.0,14.2,16.0,15.4,14.8,14.2
20260621,パーセルペーパー,67.2,49.6,32.6,15.5,17.6,17.0,17.1,15.5
20260621,サスケソルトバーン,62.3,45.5,29.9,14.9,16.8,15.6,15.0,14.9
20260621,オンザボー,0.0,0.0,0.0,0.0,0.0,0.0,0.0,0.0
20260621,ハクタカ,60.5,45.0,29.9,14.8,15.5,15.1,15.1,14.8
20260621,マジックファイト,64.8,46.9,30.1,14.6,17.9,16.8,15.5,14.6
20260621,スワーヴバシレウス,67.8,50.4,33.3,16.7,17.4,17.1,16.6,16.7
20260621,ホウオウシュウ,67.5,50.3,33.7,16.6,17.2,16.6,17.1,16.6
20260621,レッジェランツァ,57.6,42.0,27.1,12.9,15.6,14.9,14.2,12.9
20260621,セイウンデセオ,55.4,39.8,25.8,12.5,15.6,14.0,13.3,12.5
20260621,タッカーバレット,70.0,51.0,33.5,16.5,19.0,17.5,17.0,16.5
20260621,ラウンドヒル,67.4,50.1,33.3,16.5,17.3,16.8,16.8,16.5
20260621,デアトゥノウ,67.7,48.9,31.5,15.8,18.8,17.4,15.7,15.8
20260621,シアルナーレ,62.7,45.8,30.0,14.7,16.9,15.8,15.3,14.7
20260621,アドバンスジェンヌ,60.5,45.0,30.3,15.6,15.5,14.7,14.7,15.6
20260621,ビースタニング,59.0,43.6,29.1,14.2,15.4,14.5,14.9,14.2
20260621,グラスブランシュ,68.3,49.2,31.9,16.1,19.1,17.3,15.8,16.1
20260621,トーアモルペウス,108.7,79.2,51.5,24.8,29.5,27.7,26.7,24.8
20260621,ハーツコンチェルト,66.1,49.6,33.6,16.9,16.5,16.0,16.7,16.9
20260621,サヴマ,105.3,76.3,50.5,24.7,29.0,25.8,25.8,24.7
20260621,マグネシアブリック,55.1,40.0,26.6,13.2,15.1,13.4,13.4,13.2
20260621,ワインダークシー,54.8,39.7,26.4,13.3,15.1,13.3,13.1,13.3
20260621,プリンキパトゥス,54.7,39.7,26.4,13.4,15.0,13.3,13.0,13.4
20260621,ヴァンデスペランス,67.5,49.6,32.4,15.8,17.9,17.2,16.6,15.8
20260621,トランサルピナ,67.5,49.7,32.5,16.3,17.8,17.2,16.2,16.3
20260621,ゴールドアローン,59.8,44.4,29.8,15.1,15.4,14.6,14.7,15.1
20260621,スイートオレンジ,57.3,42.6,28.8,14.4,14.7,13.8,14.4,14.4
20260621,モズタンケ,58.3,42.5,28.0,13.3,15.8,14.5,14.7,13.3
20260621,ラウターユーベル,59.7,44.0,28.6,14.2,15.7,15.4,14.4,14.2
20260621,ポポラヴィスタ,58.2,42.9,28.1,14.1,15.3,14.8,14.0,14.1
20260621,ギリーカラム,54.4,39.7,25.8,12.7,14.7,13.9,13.1,12.7
20260621,コスモコリウス,56.5,41.4,26.9,13.1,15.1,14.5,13.8,13.1
20260621,プルヴィナル,56.2,41.1,26.7,13.0,15.1,14.4,13.7,13.0
20260621,サノノファイター,58.6,42.4,28.2,13.6,16.2,14.2,14.6,13.6
20260621,カシマライフウ,73.3,54.3,35.6,18.0,19.0,18.7,17.6,18.0
20260621,ブルーユンチェリー,74.4,54.8,36.6,18.0,19.6,18.2,18.6,18.0
20260621,モリガン,67.3,49.1,33.0,16.8,18.2,16.1,16.2,16.8
20260621,マスカルポーネ,68.4,48.9,31.2,15.2,19.5,17.7,16.0,15.2
20260621,エリオステモン,64.7,47.0,30.8,15.4,17.7,16.2,15.4,15.4
20260621,カミノテイオー,68.8,50.8,34.7,17.8,18.0,16.1,16.9,17.8
20260621,アートオブブライト,82.5,60.0,38.6,19.2,22.5,21.4,19.4,19.2
20260621,モミスケ,73.6,53.9,35.9,18.1,19.7,18.0,17.8,18.1
20260621,フームスムート,67.6,50.7,33.9,16.9,16.9,16.8,17.0,16.9
20260621,ルージュスエルテ,63.7,46.9,31.2,16.1,16.8,15.7,15.1,16.1
20260621,ボウウィンドウ,55.6,40.4,25.8,12.5,15.2,14.6,13.3,12.5
20260621,パータリプトラ,55.3,40.6,26.3,12.8,14.7,14.3,13.5,12.8
20260621,ソラニワラエバ,55.3,41.1,26.9,13.1,14.2,14.2,13.8,13.1
20260621,プレママドンナ,68.0,50.1,32.7,16.6,17.9,17.4,16.1,16.6
20260621,ピエナフェーヴル,55.5,41.0,26.5,12.9,14.5,14.5,13.6,12.9
20260621,ピコレッド,57.9,42.0,27.1,12.6,15.9,14.9,14.5,12.6
20260621,アイファーティアラ,66.2,48.8,32.2,15.9,17.4,16.6,16.3,15.9
20260621,カペラテソーロ,59.4,43.9,28.9,13.9,15.5,15.0,15.0,13.9
20260621,ドルチェテソーロ,58.9,43.5,28.7,13.9,15.4,14.8,14.8,13.9
20260621,スウィット,57.4,41.4,26.5,12.5,16.0,14.9,14.0,12.5
20260621,サトノドルチェ,61.5,45.0,30.3,15.6,16.5,14.7,14.7,15.6
20260621,タッカーバレット,68.7,50.4,32.7,16.0,18.3,17.7,16.7,16.0
20260621,ヘルヴィッツ,62.2,45.1,28.4,13.3,17.1,16.7,15.1,13.3
20260621,ブルーブロディ,55.5,40.7,26.8,13.0,14.8,13.9,13.8,13.0
20260621,ラフレードピエル,62.5,44.5,29.4,14.7,18.0,15.1,14.7,14.7
20260621,ナディア,59.8,44.6,30.2,15.2,15.2,14.4,15.0,15.2
20260621,ペイシャラム,60.3,44.8,30.6,15.5,15.5,14.2,15.1,15.5
20260621,マーゴットドライ,55.3,40.6,26.7,13.1,14.7,13.9,13.6,13.1
20260621,シュネーバレン,67.3,51.0,34.4,17.1,16.3,16.6,17.3,17.1
20260621,ゴールデンパルス,57.1,41.1,26.1,12.8,16.0,15.0,13.3,12.8
20260621,ベアアミーチ,62.7,46.6,31.1,15.7,16.1,15.5,15.4,15.7
20260621,レオライジング,63.8,48.0,32.3,16.4,15.8,15.7,15.9,16.4
20260621,ダブルブロッサム,59.8,44.8,30.5,15.4,15.0,14.3,15.1,15.4
20260621,ゲームチェンジャー,62.9,46.0,30.2,14.7,16.9,15.8,15.5,14.7
20260621,エレスレイプニル,64.3,47.9,31.6,15.9,16.4,16.3,15.7,15.9
20260621,ゴルトレオパルト,70.2,51.2,32.8,16.4,19.0,18.4,16.4,16.4
20260621,デルマジュテーム,69.9,52.6,35.2,17.6,17.3,17.4,17.6,17.6
20260621,カフェロワドール,55.7,39.9,25.0,11.9,15.8,14.9,13.1,11.9
20260621,ショウナンラリー,56.5,41.3,26.9,13.2,15.2,14.4,13.7,13.2
20260621,マイネルアルゴー,68.0,50.7,33.3,16.9,17.3,17.4,16.4,16.9
20260621,マイネルヴェーゼン,61.5,45.4,29.4,14.7,16.1,16.0,14.7,14.7
20260621,ボールドサンダー,67.8,50.2,33.5,17.3,17.6,16.7,16.2,17.3
20260621,サクセスボーイ,69.6,52.1,35.0,17.8,17.5,17.1,17.2,17.8
20260621,ノワールブレイブ,67.6,50.0,33.0,16.3,17.6,17.0,16.7,16.3
20260621,ハルマン,69.0,50.8,33.6,17.0,18.2,17.2,16.6,17.0
20260621,コスモモノポリー,61.9,45.9,30.0,15.0,16.0,15.9,15.0,15.0
20260621,エーアイクワイ,62.7,45.9,29.4,14.8,16.8,16.5,14.6,14.8
20260621,ベアベルヴォワ,70.3,52.2,34.5,17.3,18.1,17.7,17.2,17.3
20260621,ハーツコンチェルト,64.8,48.0,31.6,15.6,16.8,16.4,16.0,15.6
20260621,モリノセピア,59.9,44.7,30.3,14.9,15.2,14.4,15.4,14.9
20260621,ルシェロアズーリ,59.9,44.1,29.5,14.4,15.8,14.6,15.1,14.4
20260621,ナツミカンチャン,56.0,40.2,26.2,12.8,15.8,14.0,13.4,12.8
20260621,ココニーナ,59.6,45.0,31.0,16.1,14.6,14.0,14.9,16.1
20260621,ハルカオル,54.4,39.6,25.6,12.4,14.8,14.0,13.2,12.4
20260621,ビップラージャ,71.6,52.8,35.2,17.1,18.8,17.6,18.1,17.1
20260621,キャンディメモリー,71.6,53.0,35.1,17.1,18.6,17.9,18.0,17.1
20260621,ラフエルガ,66.1,48.2,31.4,15.4,17.9,16.8,16.0,15.4
20260621,オレイア,66.3,47.7,30.0,14.0,18.6,17.7,16.0,14.0
20260621,ディーズゴールド,65.1,47.8,31.4,15.5,17.3,16.4,15.9,15.5
20260621,モーモーゼロ,61.0,45.3,30.0,14.9,15.7,15.3,15.1,14.9
20260621,クラウンセト,70.5,51.6,33.8,16.7,18.9,17.8,17.1,16.7
20260621,アルニラム,55.1,40.0,25.7,12.5,15.1,14.3,13.2,12.5
20260621,カイトヴィント,64.8,48.0,31.8,16.0,16.8,16.2,15.8,16.0
20260621,オレンジリバー,55.7,40.5,26.6,13.2,15.2,13.9,13.4,13.2
20260621,ブザービーター,68.5,49.1,32.0,16.2,19.4,17.1,15.8,16.2
20260621,ルストラーレ,57.0,41.8,27.8,14.2,15.2,14.0,13.6,14.2
20260621,ランドジャイアンツ,72.1,52.4,33.6,16.3,19.7,18.8,17.3,16.3
20260621,メジャーシンガー,58.3,43.0,27.8,13.5,15.3,15.2,14.3,13.5
20260621,ハンデンブレイズ,58.5,43.3,28.2,13.5,15.2,15.1,14.7,13.5
20260621,フォルスラヴィ,67.1,50.6,33.8,17.1,16.5,16.8,16.7,17.1
20260621,キングクレオール,60.8,45.1,30.0,14.6,15.7,15.1,15.4,14.6
20260621,ベルチュガダン,72.0,52.5,34.7,17.5,19.5,17.8,17.2,17.5
20260621,サトノアンナ,66.0,48.8,32.5,16.2,17.2,16.3,16.3,16.2
20260621,ヒットミー,70.7,51.7,33.6,16.5,19.0,18.1,17.1,16.5
20260621,コスモアルペジオ,63.3,47.0,31.2,15.8,16.3,15.8,15.4,15.8
20260621,マイネルリシャール,63.0,46.8,31.0,15.7,16.2,15.8,15.3,15.7
20260621,ジーフォーリア,63.0,47.0,31.0,15.5,16.0,16.0,15.5,15.5
20260621,エリーナストーム,56.3,41.2,27.2,13.4,15.1,14.0,13.8,13.4
20260621,ドーンコーラス,54.5,39.9,26.2,12.8,14.6,13.7,13.4,12.8
20260621,ドゥマーヴェリック,56.2,41.0,26.7,13.4,15.2,14.3,13.3,13.4
20260621,プラチナムディスク,73.1,52.6,34.0,17.3,20.5,18.6,16.7,17.3
20260621,ハーティーチアーズ,55.9,40.4,26.2,12.9,15.5,14.2,13.3,12.9
20260621,ラショナルポイント,61.0,44.5,29.7,14.8,16.5,14.8,14.9,14.8
20260621,ジャスピライト,59.9,44.4,29.2,14.5,15.5,15.2,14.7,14.5
20260621,ワイルドカイザー,59.0,42.8,27.5,13.0,16.2,15.3,14.5,13.0
20260621,アインプロージット,72.9,52.7,34.4,16.9,20.2,18.3,17.5,16.9
20260621,エバーメテオ,64.8,47.6,31.0,15.3,17.2,16.6,15.7,15.3
20260621,ウインリスノアール,66.1,49.2,32.4,16.0,16.9,16.8,16.4,16.0
20260621,フェスティヴビーム,66.9,49.7,32.7,16.4,17.2,17.0,16.3,16.4
20260621,ヤマタケボニータ,65.8,49.2,33.1,16.7,16.6,16.1,16.4,16.7
20260621,レインボーワールド,65.3,47.8,31.5,16.2,17.5,16.3,15.3,16.2
20260621,トレンドマーチ,67.6,50.5,33.6,17.5,17.1,16.9,16.1,17.5
20260621,リゾートライン,65.6,46.2,29.7,15.0,19.4,16.5,14.7,15.0
20260621,ヤマニンスペッキオ,60.3,45.0,29.8,15.2,15.3,15.2,14.6,15.2
20260621,ムーチョピカンテ,73.4,52.8,34.2,16.8,20.6,18.6,17.4,16.8
20260621,レオンティウス,59.5,44.3,29.3,14.9,15.2,15.0,14.4,14.9
20260621,ケレドフェスティヴ,72.6,52.3,34.1,17.6,20.3,18.2,16.5,17.6
20260621,ミカミッチー,59.8,44.4,29.2,14.7,15.4,15.2,14.5,14.7
20260621,オーサムストローク,66.9,48.8,31.4,15.6,18.1,17.4,15.8,15.6
20260621,リアンベーレ,56.0,41.6,27.8,14.0,14.4,13.8,13.8,14.0
20260621,ハッピーカーン,59.6,43.4,28.1,13.5,16.2,15.3,14.6,13.5
20260621,シーサンタナ,55.1,40.8,26.7,13.1,14.3,14.1,13.6,13.1
20260621,リーズメイリー,68.9,50.0,32.2,16.5,18.9,17.8,15.7,16.5
20260621,アイアムキレマスネ,71.3,51.5,33.0,16.3,19.8,18.5,16.7,16.3
20260621,ジンクピリチオン,71.3,51.4,33.1,16.4,19.9,18.3,16.7,16.4
20260621,ﾊｰﾚﾑﾗｲﾝの24,69.9,50.6,33.0,16.5,19.3,17.6,16.5,16.5
20260621,ゴルトレオパルト,57.6,42.3,28.2,14.2,15.3,14.1,14.0,14.2
20260621,デルマジュテーム,66.8,49.9,33.4,16.6,16.9,16.5,16.8,16.6
20260621,ベルヴィヴァン,65.9,48.6,32.7,15.5,17.3,15.9,17.2,15.5
20260621,バトルモクオ,66.8,49.1,32.7,16.3,17.7,16.4,16.4,16.3
20260621,ソヴリンゲート,66.4,49.1,32.3,15.8,17.3,16.8,16.5,15.8
20260621,フォクセン,67.7,50.2,32.9,15.6,17.5,17.3,17.3,15.6
20260621,ローズバラード,58.6,41.7,26.2,12.7,16.9,15.5,13.5,12.7
20260621,ディープマウンテン,57.4,40.8,25.6,12.5,16.6,15.2,13.1,12.5
20260621,ティンバーライン,59.5,44.1,29.2,14.3,15.4,14.9,14.9,14.3
20260621,ホウライブラック,58.2,43.0,27.7,13.8,15.2,15.3,13.9,13.8
20260621,マイネルアルゴー,65.5,48.9,32.8,16.2,16.6,16.1,16.6,16.2
20260621,ノワールブレイブ,65.6,48.9,32.7,16.4,16.7,16.2,16.3,16.4
20260621,ココボロ,68.9,50.7,33.5,16.7,18.2,17.2,16.8,16.7
20260621,デルマザオウ,67.9,49.5,32.7,16.6,18.4,16.8,16.1,16.6
20260621,ナックキャンドル,69.5,51.1,33.6,16.6,18.4,17.5,17.0,16.6
20260621,スペルーチェ,60.8,44.5,28.8,14.0,16.3,15.7,14.8,14.0
20260621,トーケンギムレット,69.3,50.9,33.4,16.7,18.4,17.5,16.7,16.7
20260621,アテンスマイル,55.3,40.3,25.9,12.6,15.0,14.4,13.3,12.6
20260621,ピティロディア,56.8,41.6,27.2,13.4,15.2,14.4,13.8,13.4
20260621,サンブライト,58.5,43.3,28.7,13.9,15.2,14.6,14.8,13.9
20260621,サフランルージュ,61.2,45.6,30.4,15.6,15.6,15.2,14.8,15.6
20260621,ココラッシー,55.4,41.0,26.2,12.4,14.4,14.8,13.8,12.4
20260621,セルレーヴ,56.0,40.9,26.9,13.5,15.1,14.0,13.4,13.5
20260621,ブリスフル,67.4,50.7,33.0,16.7,16.7,17.7,16.3,16.7
20260621,ベルチュガダン,53.9,39.6,26.5,12.9,14.3,13.1,13.6,12.9
20260621,ディーズゴールド,57.4,42.2,27.6,13.5,15.2,14.6,14.1,13.5
20260621,ペッレグリーニ,61.1,45.4,30.6,15.1,15.7,14.8,15.5,15.1
20260621,ビリングス,57.4,42.7,28.6,14.1,14.7,14.1,14.5,14.1
20260621,テンポアニマート,60.6,45.0,30.0,14.6,15.6,15.0,15.4,14.6
20260621,イルクオーレ,69.1,50.7,33.1,16.0,18.4,17.6,17.1,16.0
20260621,ロンドンプライド,68.2,50.0,33.2,16.8,18.2,16.8,16.4,16.8
20260621,ゴールドプレイヤー,58.7,42.4,27.7,13.8,16.3,14.7,13.9,13.8
20260621,オオセイケイ,65.7,47.1,30.3,15.0,18.6,16.8,15.3,15.0
20260621,ルージュルフラン,72.1,53.6,36.1,18.2,18.5,17.5,17.9,18.2
20260621,クリールスル,67.5,48.5,31.6,15.8,19.0,16.9,15.8,15.8
20260621,リラゲイル,56.8,41.2,27.0,13.4,15.6,14.2,13.6,13.4
20260621,スコアレジーナ,67.9,48.5,31.6,15.9,19.4,16.9,15.7,15.9
20260621,ノヴェルアレイア,56.3,40.9,26.9,13.3,15.4,14.0,13.6,13.3
20260621,デヴィーア,56.1,40.7,26.7,13.2,15.4,14.0,13.5,13.2
20260621,ホウオウブースター,54.7,40.1,26.1,13.0,14.6,14.0,13.1,13.0
20260621,マイトリックスター,54.5,40.0,26.5,13.4,14.5,13.5,13.1,13.4
20260621,グルーヴェンス,57.2,42.6,28.4,13.6,14.6,14.2,14.8,13.6
20260621,マンモスホームラン,59.2,43.9,28.0,13.5,15.3,15.9,14.5,13.5
20260621,トゥレイス,60.3,44.5,29.5,14.4,15.8,15.0,15.1,14.4
20260621,ロジスカヤ,58.7,43.5,27.8,13.5,15.2,15.7,14.3,13.5
20260621,ホウオウライラック,57.3,42.5,27.3,12.6,14.8,15.2,14.7,12.6
20260621,シャインフォード,58.1,41.1,26.1,12.5,17.0,15.0,13.6,12.5
20260621,ブルドッグドン,58.7,41.5,26.3,12.7,17.2,15.2,13.6,12.7
20260621,リケアチャチャチャ,69.9,52.1,34.5,17.2,17.8,17.6,17.3,17.2
20260621,ティアラスピリット,67.4,49.7,32.3,15.8,17.7,17.4,16.5,15.8
20260621,シュハリ,57.7,43.1,28.1,13.9,14.6,15.0,14.2,13.9
20260621,ビーンスターク,66.9,48.4,31.3,15.4,18.5,17.1,15.9,15.4
20260621,モリノレッドスター,69.8,50.1,32.6,16.1,19.7,17.5,16.5,16.1
20260621,セーヌデローヴ,56.0,40.6,26.6,13.3,15.4,14.0,13.3,13.3
20260621,ゾディアカルライト,68.7,51.5,34.2,16.4,17.2,17.3,17.8,16.4
20260621,クロノスフィア,68.1,50.6,34.0,17.1,17.5,16.6,16.9,17.1
20260621,ヴァストマーレ,74.0,54.4,35.7,18.2,19.6,18.7,17.5,18.2
20260621,ﾌｧｲﾝﾙｰｼﾞｭの24,74.1,54.8,35.6,18.0,19.3,19.2,17.6,18.0
20260621,プリモヴィータ,75.0,54.7,35.8,17.9,20.3,18.9,17.9,17.9
20260621,スターフラッシュ,74.2,53.5,34.7,17.0,20.7,18.8,17.7,17.0
20260621,アマルレイナ,74.4,54.9,35.6,17.6,19.5,19.3,18.0,17.6
20260621,チェイサー,67.0,48.9,32.1,15.9,18.1,16.8,16.2,15.9
20260621,レイシャル,56.2,41.9,27.6,14.0,14.3,14.3,13.6,14.0
20260621,バシレイア,55.6,40.4,26.7,13.2,15.2,13.7,13.5,13.2
20260621,コックピットサイト,55.2,40.1,26.5,12.7,15.1,13.6,13.8,12.7
20260621,リアルパラダイス,55.5,40.2,26.7,13.4,15.3,13.5,13.3,13.4
20260621,マーズワース,55.9,39.7,25.3,12.0,16.2,14.4,13.3,12.0
20260621,バトルボーン,54.2,39.7,25.9,12.4,14.5,13.8,13.5,12.4
20260621,コパノエビータ,56.4,40.6,26.9,13.2,15.8,13.7,13.7,13.2
20260621,オセアエクスプレス,60.0,44.6,29.9,14.9,15.4,14.7,15.0,14.9
20260621,イノキ,54.7,40.0,25.8,12.6,14.7,14.2,13.2,12.6
20260621,ルパヴィヨン,56.4,41.1,27.3,13.5,15.3,13.8,13.8,13.5
20260621,キンググローリー,66.7,48.9,32.3,16.1,17.8,16.6,16.2,16.1
20260621,メインテーマ,59.3,44.2,29.2,14.6,15.1,15.0,14.6,14.6
20260621,リッツパーティー,60.0,44.5,29.9,14.6,15.5,14.6,15.3,14.6
20260621,サトノリアファル,63.8,47.4,31.9,16.5,16.4,15.5,15.4,16.5
20260621,ストロングボンド,59.8,44.4,29.8,14.8,15.4,14.6,15.0,14.8
20260621,シュガーシャック,67.7,49.2,32.0,15.9,18.5,17.2,16.1,15.9
20260621,ラヴィサンエール,59.2,43.7,28.7,14.0,15.5,15.0,14.7,14.0
20260621,コスモハナミズキ,64.0,46.8,31.2,16.1,17.2,15.6,15.1,16.1
20260621,パルセノスミハ,59.6,44.3,30.0,15.2,15.3,14.3,14.8,15.2
20260621,ミクニブレイブ,57.8,41.9,26.4,12.5,15.9,15.5,13.9,12.5
20260621,スタースポット,57.7,41.5,25.9,12.0,16.2,15.6,13.9,12.0
20260621,グランオギュール,58.0,42.8,27.2,12.8,15.2,15.6,14.4,12.8
20260621,ラストレガシー,56.5,41.9,26.9,13.2,14.6,15.0,13.7,13.2
20260621,アリスメティーク,57.7,42.7,27.5,13.5,15.0,15.2,14.0,13.5
20260621,スターランウェイ,57.1,42.1,27.3,13.1,15.0,14.8,14.2,13.1
20260621,スパークルレイ,70.1,51.4,33.4,16.1,18.7,18.0,17.3,16.1
20260621,ジョブックボー,56.4,41.1,26.5,13.0,15.3,14.6,13.5,13.0
20260621,ホウオウショパン,59.9,44.5,29.2,14.9,15.4,15.3,14.3,14.9
20260621,タツナナイロ,71.2,52.1,34.1,16.9,19.1,18.0,17.2,16.9
20260621,フレキシブル,66.1,49.0,32.4,15.9,17.1,16.6,16.5,15.9
20260621,ウインマニフィーク,57.8,42.5,27.9,13.7,15.3,14.6,14.2,13.7
20260621,セイウントレジャ,67.9,49.7,32.7,16.6,18.2,17.0,16.1,16.6
20260621,アースグレイジング,65.0,47.0,30.9,15.4,18.0,16.1,15.5,15.4
20260621,ダノングローバル,59.1,43.8,29.1,14.3,15.3,14.7,14.8,14.3
20260621,マイネルモーント,56.7,41.3,26.2,12.5,15.4,15.1,13.7,12.5
20260621,キッショウダラニ,54.8,39.5,25.7,12.4,15.3,13.8,13.3,12.4
20260621,シュピラー,57.6,41.9,26.1,12.3,15.7,15.8,13.8,12.3
20260621,ラヴァレード,56.4,41.5,26.9,12.8,14.9,14.6,14.1,12.8
20260621,ゴールドテソーロ,57.8,41.8,26.0,12.0,16.0,15.8,14.0,12.0
20260621,イニシャルポイント,56.2,41.2,26.7,12.6,15.0,14.5,14.1,12.6
20260621,ゴールドブリーズ,55.6,40.1,25.9,12.6,15.5,14.2,13.3,12.6
20260621,ピコチャンブラック,58.6,43.1,27.6,13.5,15.5,15.5,14.1,13.5
20260621,ジャスフォール,60.0,44.4,29.4,14.5,15.6,15.0,14.9,14.5
20260621,ココネ,59.4,44.3,29.4,14.7,15.1,14.9,14.7,14.7
20260621,ワザモノ,55.0,40.7,26.9,13.3,14.3,13.8,13.6,13.3
20260621,エスコバル,70.4,51.7,33.7,17.0,18.7,18.0,16.7,17.0
20260621,キョウエイブリッサ,53.5,39.1,25.5,12.6,14.4,13.6,12.9,12.6
20260621,スマートフランキー,68.5,50.0,32.7,16.0,18.5,17.3,16.7,16.0
20260621,ルールオーヴァー,56.3,41.5,28.0,13.7,14.8,13.5,14.3,13.7
20260621,カラーオブサクセス,54.7,39.7,26.1,12.9,15.0,13.6,13.2,12.9
20260621,ノーブルクラウド,62.5,47.2,31.0,15.6,15.3,16.2,15.4,15.6
20260621,ジェネラスキング,58.1,42.3,27.3,13.4,15.8,15.0,13.9,13.4
20260621,エバーシャンティ,57.9,42.0,27.2,13.3,15.9,14.8,13.9,13.3
20260621,ダノンルミエール,67.9,50.2,33.1,16.0,17.7,17.1,17.1,16.0
20260621,ファルコシニョーラ,68.8,50.5,33.0,16.2,18.3,17.5,16.8,16.2
20260621,コスモイェーガー,54.8,39.7,26.1,12.9,15.1,13.6,13.2,12.9
20260621,イチザサンダー,69.2,50.8,33.0,16.8,18.4,17.8,16.2,16.8
20260621,アドバンスアゲイン,59.7,42.7,26.8,12.3,17.0,15.9,14.5,12.3
20260621,ハクサンミレイ,68.7,50.1,32.5,15.7,18.6,17.6,16.8,15.7
20260621,レディホークダイヤ,58.8,43.4,28.7,14.0,15.4,14.7,14.7,14.0
20260621,サラサヴィクトリー,58.9,43.5,28.6,13.9,15.4,14.9,14.7,13.9
20260621,ブライトライツ,61.8,45.1,29.0,14.3,16.7,16.1,14.7,14.3
20260621,ブルーダイヤシチー,61.1,45.3,29.8,14.0,15.8,15.5,15.8,14.0
20260621,ローズオブジャパン,69.2,50.6,32.8,15.6,18.6,17.8,17.2,15.6
20260621,セイウンサイフィー,61.2,44.5,28.1,13.7,16.7,16.4,14.4,13.7
20260621,コパノフラメンコ,65.1,48.0,31.7,15.9,17.1,16.3,15.8,15.9
20260621,トウシンマジック,60.2,44.4,29.2,14.4,15.8,15.2,14.8,14.4
20260621,スリーフラワー,55.8,40.5,26.7,13.3,15.3,13.8,13.4,13.3
20260621,ﾇﾝｼﾞｭﾘｴｯﾄの24,70.9,52.0,34.1,17.1,18.9,17.9,17.0,17.1
20260621,ビタークレス,68.4,50.1,33.4,16.9,18.3,16.7,16.5,16.9
20260621,ダマスク,55.2,40.1,26.4,13.2,15.1,13.7,13.2,13.2
20260621,タイセイミッション,67.9,49.3,32.5,15.9,18.6,16.8,16.6,15.9
20260621,クラウンテック,61.9,45.0,29.3,14.5,16.9,15.7,14.8,14.5
20260621,ルージュスティーズ,55.3,40.4,26.1,12.7,14.9,14.3,13.4,12.7
20260621,ネクストダンサー,71.0,52.4,34.5,17.6,18.6,17.9,16.9,17.6
20260621,グランシャット,55.2,39.6,26.1,12.9,15.6,13.5,13.2,12.9
20260621,ネオアンボウ,56.4,41.0,26.6,13.0,15.4,14.4,13.6,13.0
20260621,ローレルエース,61.9,45.1,29.6,14.8,16.8,15.5,14.8,14.8
20260621,タイセイジェンマ,66.3,48.7,32.3,16.5,17.6,16.4,15.8,16.5
20260621,サファイアテソーロ,56.9,41.4,26.8,13.1,15.5,14.6,13.7,13.1
20260621,ジュピターテソーロ,57.6,42.0,26.8,12.6,15.6,15.2,14.2,12.6
20260621,フェンリル,57.2,41.5,26.6,12.8,15.7,14.9,13.8,12.8
20260621,セイリュウ,56.4,41.3,26.4,12.5,15.1,14.9,13.9,12.5
20260621,ヒロイックヴァース,72.4,53.0,34.7,16.9,19.4,18.3,17.8,16.9
20260621,ローグアン,72.1,52.9,34.7,17.2,19.2,18.2,17.5,17.2
20260621,ウェイワードアクト,61.6,46.1,30.5,14.7,15.5,15.6,15.8,14.7
20260621,ホウオウフロイト,98.7,73.5,48.7,24.1,25.2,24.8,24.6,24.1
20260621,ハクサンレイホウ,65.0,47.2,30.4,15.0,17.8,16.8,15.4,15.0
20260621,ドーンレイド,65.2,47.3,30.7,14.9,17.9,16.6,15.8,14.9
20260621,ミッキーファイト,58.9,43.2,28.0,13.8,15.7,15.2,14.2,13.8
20260621,サトノビーツ,64.3,47.0,31.0,15.7,17.3,16.0,15.3,15.7
20260621,ブレゲアン,69.7,52.0,33.8,16.9,17.7,18.2,16.9,16.9
20260621,ナリノシャーウッド,69.9,51.4,33.3,16.0,18.5,18.1,17.3,16.0
20260621,ビスクヴィート,70.6,51.9,33.6,16.4,18.7,18.3,17.2,16.4
20260621,ブレトワルダ,57.0,41.0,26.9,13.1,16.0,14.1,13.8,13.1
20260621,ミヤカグラ,71.4,51.1,32.8,15.9,20.3,18.3,16.9,15.9
20260621,サンヴァンガード,58.5,42.8,28.7,14.5,15.7,14.1,14.2,14.5
20260621,トラストユウゼン,70.3,51.7,33.6,16.2,18.6,18.1,17.4,16.2
20260621,エンジャムメント,69.8,51.3,33.6,17.1,18.5,17.7,16.5,17.1
20260621,アルマロクザン,75.4,54.7,36.2,17.7,20.7,18.5,18.5,17.7
20260621,イマジェリーナ,56.5,41.7,27.8,14.0,14.8,13.9,13.8,14.0
20260621,ロココ,58.5,43.5,29.3,14.8,15.0,14.2,14.5,14.8
20260621,ヒラボクヒーロー,59.6,44.2,29.2,14.3,15.4,15.0,14.9,14.3
20260621,クモヒトツナイ,70.1,51.5,34.3,17.5,18.6,17.2,16.8,17.5
20260621,リネンタイリン,58.7,42.6,28.5,14.1,16.1,14.1,14.4,14.1
20260621,スパークルレイ,59.4,43.4,28.0,13.3,16.0,15.4,14.7,13.3
20260621,タツナナイロ,57.9,42.7,28.3,13.5,15.2,14.4,14.8,13.5
20260621,デモリションマン,73.0,54.6,36.4,18.2,18.4,18.2,18.2,18.2
20260621,エースオブゴールド,57.0,41.9,27.8,13.8,15.1,14.1,14.0,13.8
20260621,ニシノタカオ,56.8,41.5,27.6,13.7,15.3,13.9,13.9,13.7
20260621,テンユメノオーロラ,73.0,53.8,35.7,17.9,19.2,18.1,17.8,17.9
20260621,ユイノマチブセ,56.2,41.4,26.9,13.5,14.8,14.5,13.4,13.5
20260621,カミカクシ,60.2,44.1,29.2,14.2,16.1,14.9,15.0,14.2
20260621,ヴェスタル,57.6,42.1,28.2,14.1,15.5,13.9,14.1,14.1
20260621,ファルコシニョーラ,58.6,42.1,28.0,13.8,16.5,14.1,14.2,13.8
20260621,エスコバル,65.9,48.7,32.1,16.1,17.2,16.6,16.0,16.1
20260621,ペイシャダンシング,71.1,52.8,34.7,17.3,18.3,18.1,17.4,17.3
20260621,イチザサンダー,63.7,47.2,30.7,15.1,16.5,16.5,15.6,15.1
20260621,ウスズミザクラ,70.1,51.9,34.1,17.1,18.2,17.8,17.0,17.1
20260621,ココニイルヨ,70.9,52.3,34.2,17.1,18.6,18.1,17.1,17.1
20260621,リナシタ,54.6,38.8,25.4,12.7,15.8,13.4,12.7,12.7
20260621,テキサスバローズ,66.0,48.5,31.9,16.2,17.5,16.6,15.7,16.2
20260621,アジアントレジャー,66.1,48.9,32.7,16.7,17.2,16.2,16.0,16.7
20260621,トワニ,65.4,48.7,32.3,16.2,16.7,16.4,16.1,16.2
20260621,シルバーアックス,66.1,47.9,31.2,15.6,18.2,16.7,15.6,15.6
20260621,ニシノタチアナ,55.0,39.2,25.6,12.7,15.8,13.6,12.9,12.7
20260621,コントラポスト,66.9,49.6,32.3,15.7,17.3,17.3,16.6,15.7
20260621,ハニーコム,68.1,50.6,33.4,16.7,17.5,17.2,16.7,16.7
20260621,デアリングエア,56.4,41.7,28.0,14.3,14.7,13.7,13.7,14.3
20260621,ブロークンハート,57.4,42.3,28.2,14.1,15.1,14.1,14.1,14.1
20260621,ペールデュクラン,64.7,47.8,31.0,15.2,16.9,16.8,15.8,15.2
20260621,カテドラルクォーツ,65.9,48.7,32.5,16.1,17.2,16.2,16.4,16.1
20260621,メーゼ,64.2,47.3,31.5,16.1,16.9,15.8,15.4,16.1
20260621,カツノテンス,67.5,49.6,32.9,16.7,17.9,16.7,16.2,16.7
20260621,ビッグフラワー,70.6,52.5,35.3,17.7,18.1,17.2,17.6,17.7
20260621,ペイシャオーヴァル,69.3,51.5,34.4,17.5,17.8,17.1,16.9,17.5
20260621,リオハリソンメリー,69.9,51.7,33.6,16.8,18.2,18.1,16.8,16.8
20260621,アドマイヤミラ,70.5,52.7,35.0,17.1,17.8,17.7,17.9,17.1
20260621,コスモデュアリズム,69.1,51.7,34.7,17.8,17.4,17.0,16.9,17.8
20260621,ボンジュールパリ,70.1,51.9,34.0,16.5,18.2,17.9,17.5,16.5
20260621,ロジアコース,70.6,52.3,35.2,17.6,18.3,17.1,17.6,17.6
20260621,ブルージェイ,70.6,52.3,35.2,17.6,18.3,17.1,17.6,17.6
20260621,クラウンフリード,53.4,40.5,27.9,14.6,12.9,12.6,13.3,14.6
20260621,ミサトレジーナ,60.8,45.5,30.7,15.5,15.3,14.8,15.2,15.5
20260621,サノノベリー,58.8,44.7,30.3,15.0,14.1,14.4,15.3,15.0
20260621,マイネルイグザルト,61.5,44.7,28.0,13.7,16.8,16.7,14.3,13.7
20260621,ウカテンセイ,62.4,45.7,29.2,14.7,16.7,16.5,14.5,14.7
20260621,ヒロイックヴァース,58.0,42.2,27.7,13.8,15.8,14.5,13.9,13.8
20260621,ローグアン,59.6,44.6,29.8,15.2,15.0,14.8,14.6,15.2
20260621,ブラックナザレ,59.2,43.6,28.8,13.9,15.6,14.8,14.9,13.9
20260621,カラスアゲハ,69.4,52.8,36.0,18.2,16.6,16.8,17.8,18.2
20260621,ウェイワードアクト,57.2,42.1,27.2,13.4,15.1,14.9,13.8,13.4
20260621,ゼファーテソーロ,59.5,44.1,29.9,14.5,15.4,14.2,15.4,14.5
20260621,セシルブリュネ,64.0,46.6,30.3,15.1,17.4,16.3,15.2,15.1
20260621,シャンドゥレール,53.3,39.5,26.0,12.8,13.8,13.5,13.2,12.8
20260621,ミッキーファイト,55.8,40.7,26.1,12.5,15.1,14.6,13.6,12.5
20260621,ポッドソル,55.4,41.2,27.1,13.0,14.2,14.1,14.1,13.0
20260621,アイデアルカット,58.3,43.0,28.4,13.9,15.3,14.6,14.5,13.9
20260621,ジュネストレイル,63.2,46.1,30.0,15.2,17.1,16.1,14.8,15.2
20260621,ラインホルト,53.1,39.4,25.9,12.7,13.7,13.5,13.2,12.7
20260621,サトノビーツ,60.0,44.6,29.8,14.8,15.4,14.8,15.0,14.8
20260621,ブライテストドーン,67.5,48.9,31.0,15.5,18.6,17.9,15.5,15.5
20260621,マリノマーベラス,69.4,51.0,33.6,16.5,18.4,17.4,17.1,16.5
20260621,デアプリームス,63.8,46.9,31.9,16.9,16.9,15.0,15.0,16.9
20260621,リバーススイープ,64.3,47.7,31.4,15.6,16.6,16.3,15.8,15.6
20260621,コックオーヴァン,71.0,51.1,32.8,15.6,19.9,18.3,17.2,15.6
20260621,オンザライン,54.0,39.7,25.9,12.6,14.3,13.8,13.3,12.6
20260621,リリエンフェルト,58.1,43.1,28.7,14.1,15.0,14.4,14.6,14.1
20260621,ニコ,56.3,41.4,27.3,13.7,14.9,14.1,13.6,13.7
20260621,パワポケウォーズ,56.9,41.6,27.2,13.1,15.3,14.4,14.1,13.1
20260621,ロゼル,68.0,50.2,33.1,16.1,17.8,17.1,17.0,16.1
20260621,ジェッディンデデン,70.4,50.7,32.8,16.1,19.7,17.9,16.7,16.1
20260621,テルケンレンタッチ,88.7,65.3,42.3,20.8,23.4,23.0,21.5,20.8
20260621,ルーラーインパクト,90.5,68.1,45.6,22.2,22.4,22.5,23.4,22.2
20260621,ゲキザル,58.3,43.8,28.7,14.3,14.5,15.1,14.4,14.3
20260621,スルーザゴールド,58.9,44.1,29.4,14.4,14.8,14.7,15.0,14.4
20260621,ソチミルコ,59.9,44.1,29.2,14.7,15.8,14.9,14.5,14.7
20260621,ヴィンチェローズ,62.7,47.0,30.7,15.2,15.7,16.3,15.5,15.2
20260621,ビッグフラワー,59.2,44.1,29.1,14.3,15.1,15.0,14.8,14.3
20260621,アドマイヤミラ,60.4,45.2,30.4,15.0,15.2,14.8,15.4,15.0
20260621,ロジアコース,59.3,44.3,29.3,14.6,15.0,15.0,14.7,14.6
20260621,ヒケヤイワフネ,72.8,53.5,35.1,17.4,19.3,18.4,17.7,17.4
20260621,ミサダメキメル,72.3,52.9,34.2,17.2,19.4,18.7,17.0,17.2
20260621,ロックオブソシジ,58.6,44.0,29.4,14.3,14.6,14.6,15.1,14.3
20260621,グランコネクシオン,68.9,48.7,30.7,15.3,20.2,18.0,15.4,15.3
20260621,ｷﾗｽﾃﾗの24,67.9,49.0,31.8,15.8,18.9,17.2,16.0,15.8
20260621,サザンキンレンカ,69.0,48.9,31.6,15.9,20.1,17.3,15.7,15.9
20260621,アンコンケラブル,67.5,51.3,34.1,16.5,16.2,17.2,17.6,16.5
20260621,マイネルカピラリス,67.6,50.6,33.3,16.9,17.0,17.3,16.4,16.9
20260621,レフィノス,67.0,50.7,33.7,16.6,16.3,17.0,17.1,16.6
20260621,ピトンピンク,64.8,48.2,32.1,16.0,16.6,16.1,16.1,16.0
20260621,スローブギ,65.1,48.4,32.7,16.7,16.7,15.7,16.0,16.7
20260621,ニューロファイター,68.7,50.3,33.3,16.3,18.4,17.0,17.0,16.3
20260621,ムーンストラック,73.8,55.2,35.7,17.9,18.6,19.5,17.8,17.9
20260621,アルティマローネ,62.3,45.8,30.2,14.8,16.5,15.6,15.4,14.8
20260621,サトノワーグナー,57.6,42.0,27.5,13.5,15.6,14.5,14.0,13.5
20260621,シューティングガイ,57.8,42.5,27.8,13.5,15.3,14.7,14.3,13.5
20260621,ニシノイサリビ,57.4,41.7,27.5,13.5,15.7,14.2,14.0,13.5
20260621,リアライズグロリア,58.7,43.4,28.6,14.1,15.3,14.8,14.5,14.1
20260621,ｳﾗﾇｽﾁｬｰﾑの24,69.5,50.9,33.4,16.4,18.6,17.5,17.0,16.4
20260621,タイセイリメンバー,69.6,51.0,33.4,16.4,18.6,17.6,17.0,16.4
20260621,ヒケヤイワフネ,64.0,45.8,29.2,14.6,18.2,16.6,14.6,14.6
20260621,ミサダメキメル,65.5,47.1,30.3,15.0,18.4,16.8,15.3,15.0
20260621,ジーティーストーム,57.9,43.2,28.9,14.7,14.7,14.3,14.2,14.7
20260621,ニシノカゲボウシ,59.1,44.4,30.1,15.8,14.7,14.3,14.3,15.8
20260621,ショウナンライシン,52.1,39.1,26.1,13.4,13.0,13.0,12.7,13.4
20260621,ショウナンマルチ,59.5,43.8,28.9,14.7,15.7,14.9,14.2,14.7
20260621,ミッキーキャロット,71.2,52.4,34.2,16.7,18.8,18.2,17.5,16.7
20260621,スターマイン,70.3,51.9,34.1,16.6,18.4,17.8,17.5,16.6
20260621,ラスタリア,56.6,40.9,26.3,12.5,15.7,14.6,13.8,12.5
20260621,ラグアイリータ,56.0,40.3,26.0,12.3,15.7,14.3,13.7,12.3
20260621,セレスタイト,56.8,41.1,26.3,12.4,15.7,14.8,13.9,12.4
20260621,ミッキーマドンナ,56.8,41.6,26.7,13.2,15.2,14.9,13.5,13.2
20260621,ラミアメンテ,58.4,41.7,27.5,13.8,16.7,14.2,13.7,13.8
20260621,ダノンヒストリー,55.2,40.3,25.7,12.8,14.9,14.6,12.9,12.8
20260621,ロードベラヴィータ,65.8,48.6,32.0,15.8,17.2,16.6,16.2,15.8
20260621,レッドアバンドーネ,65.8,48.5,31.6,15.6,17.3,16.9,16.0,15.6
20260621,ホウオウザロイヤル,66.2,49.2,32.6,16.5,17.0,16.6,16.1,16.5
20260621,ノワドゥココ,69.2,51.8,33.9,16.3,17.4,17.9,17.6,16.3
20260621,ダノンアドラー,71.2,53.1,35.5,17.9,18.1,17.6,17.6,17.9
20260621,リアルファインド,67.0,48.5,32.3,16.0,18.5,16.2,16.3,16.0
20260621,サヨノジャンボリー,59.9,43.7,28.9,14.5,16.2,14.8,14.4,14.5
20260621,ウッケン,68.6,50.5,33.3,16.3,18.1,17.2,17.0,16.3
20260621,ユキノグラス,66.2,48.3,31.8,15.5,17.9,16.5,16.3,15.5
20260621,ラヴレイン,68.6,50.1,32.6,16.1,18.5,17.5,16.5,16.1
20260621,ダイシンパルス,66.3,49.2,32.8,16.5,17.1,16.4,16.3,16.5
20260621,スーホ,60.7,44.9,29.8,15.2,15.8,15.1,14.6,15.2
20260621,ファウナード,56.9,42.0,26.7,13.1,14.9,15.3,13.6,13.1
20260621,ビーズスティンガー,63.7,48.0,32.2,16.0,15.7,15.8,16.2,16.0
20260621,ディアファザー,57.6,42.3,27.7,13.4,15.3,14.6,14.3,13.4
20260621,ルージュアベリア,57.0,41.7,27.3,13.3,15.3,14.4,14.0,13.3
20260621,エリカカリーナ,56.0,39.9,25.7,12.8,16.1,14.2,12.9,12.8
20260621,マタミカンサン,57.7,41.8,26.5,13.1,15.9,15.3,13.4,13.1
20260621,コスモアミュレット,60.4,44.5,29.6,14.5,15.9,14.9,15.1,14.5
20260621,ルージュアリスタ,63.9,47.0,30.9,15.1,16.9,16.1,15.8,15.1
20260621,サトノクラシカル,67.6,49.3,32.4,16.1,18.3,16.9,16.3,16.1
20260621,ジェニスタ,75.9,56.9,37.7,18.6,19.0,19.2,19.1,18.6
20260621,デフィレドール,73.0,53.1,34.9,17.8,19.9,18.2,17.1,17.8
20260621,マルプリ,55.8,41.5,27.3,13.0,14.3,14.2,14.3,13.0
20260621,ジェイエルライナー,56.0,41.4,27.1,13.0,14.6,14.3,14.1,13.0
20260621,クールランナー,62.3,46.5,31.5,15.9,15.8,15.0,15.6,15.9
20260621,ルークスイテルム,59.8,43.8,29.1,14.7,16.0,14.7,14.4,14.7
20260621,マリアイリダータ,71.4,51.4,33.1,16.0,20.0,18.3,17.1,16.0
20260621,スイートオレンジ,68.3,51.0,34.0,17.3,17.3,17.0,16.7,17.3
20260621,クロダテ,57.3,43.1,28.3,13.8,14.2,14.8,14.5,13.8
20260621,レイナエヴィータ,61.9,46.4,30.6,15.1,15.5,15.8,15.5,15.1
20260621,イトシサ,56.1,41.3,26.7,13.3,14.8,14.6,13.4,13.3
20260621,リチャードバローズ,55.1,39.4,25.3,12.9,15.7,14.1,12.4,12.9
20260621,ベラジオヴァレル,54.9,38.4,24.6,12.4,16.5,13.8,12.2,12.4
20260621,リフルフォース,56.5,40.5,25.7,12.7,16.0,14.8,13.0,12.7
20260621,タイセイブリオン,66.0,48.1,31.0,14.9,17.9,17.1,16.1,14.9
20260621,プロトポロス,62.6,44.4,28.1,13.0,18.2,16.3,15.1,13.0
20260621,ベルメサイア,68.0,48.7,31.7,15.7,19.3,17.0,16.0,15.7
20260621,スマートプレシャス,51.9,38.0,25.1,12.7,13.9,12.9,12.4,12.7
20260621,ボディブロー,52.2,38.0,25.1,12.8,14.2,12.9,12.3,12.8
20260621,クラウディアイ,55.9,40.1,26.5,13.6,15.8,13.6,12.9,13.6
20260621,ディーエスショウマ,56.5,41.5,27.2,13.4,15.0,14.3,13.8,13.4
20260621,ペガサスノース,57.2,41.4,26.9,12.6,15.8,14.5,14.3,12.6
20260621,ビジュードネージュ,58.6,42.6,28.2,14.1,16.0,14.4,14.1,14.1
20260621,エレガンシア,59.6,43.4,28.7,14.1,16.2,14.7,14.6,14.1
20260621,ジャスパーソレイユ,52.7,38.5,25.4,12.8,14.2,13.1,12.6,12.8
20260621,ヴィーラー,59.6,43.1,27.6,13.1,16.5,15.5,14.5,13.1
20260621,トラカイキャッスル,60.8,43.2,28.6,14.1,17.6,14.6,14.5,14.1
20260621,スカイスプレンダー,58.3,42.3,27.4,13.2,16.0,14.9,14.2,13.2
20260621,クイノールト,56.7,41.7,27.2,13.5,15.0,14.5,13.7,13.5
20260621,リメンバーシドニー,54.3,39.8,25.8,12.8,14.5,14.0,13.0,12.8
20260621,ラブインアクション,56.5,41.0,27.1,13.1,15.5,13.9,14.0,13.1
20260621,エングルマン,61.6,43.8,28.3,13.4,17.8,15.5,14.9,13.4
20260621,エイダンバローズ,61.1,44.6,29.4,14.5,16.5,15.2,14.9,14.5
20260621,タケルレジェンド,60.6,43.4,28.0,13.5,17.2,15.4,14.5,13.5
20260621,エルダークローネ,63.2,45.6,29.8,14.8,17.6,15.8,15.0,14.8
20260621,ヴェールダムール,57.6,41.9,27.2,13.2,15.7,14.7,14.0,13.2
20260621,ムスペルヘイム,64.0,46.6,30.5,14.8,17.4,16.1,15.7,14.8
20260621,アトランタ,60.4,43.3,28.0,13.4,17.1,15.3,14.6,13.4
20260621,マニバドラ,65.8,48.5,32.4,16.7,17.3,16.1,15.7,16.7
20260621,デルシエロ,52.9,38.2,24.6,12.3,14.7,13.6,12.3,12.3
20260621,レッドヴァリアート,57.7,42.4,28.0,13.8,15.3,14.4,14.2,13.8
20260621,サトノソティラス,60.1,43.5,28.4,13.7,16.6,15.1,14.7,13.7
20260621,ワンダーエイド,56.1,41.2,27.7,14.1,14.9,13.5,13.6,14.1
20260621,コカボムショット,54.4,40.4,26.5,13.3,14.0,13.9,13.2,13.3
20260621,ゴールデンテティス,53.7,38.9,24.8,12.0,14.8,14.1,12.8,12.0
20260621,ベンティガオルサ,53.7,38.1,24.6,12.3,15.6,13.5,12.3,12.3
20260621,ペイシャシス,59.8,43.7,29.2,14.7,16.1,14.5,14.5,14.7
20260621,ルージュソムニウム,59.3,43.4,29.0,14.4,15.9,14.4,14.6,14.4
20260621,ヴィスメンティス,58.7,41.6,26.0,12.5,17.1,15.6,13.5,12.5
20260621,ブルズアイプリンス,56.0,39.8,26.1,12.8,16.2,13.7,13.3,12.8
20260621,エンジェルグラース,57.7,41.5,26.7,13.2,16.2,14.8,13.5,13.2
20260621,エイシンニケ,54.5,39.5,25.6,12.6,15.0,13.9,13.0,12.6
20260621,エイシンリーガル,66.1,48.8,32.5,15.8,17.3,16.3,16.7,15.8
20260621,サヴォアフェール,58.4,42.5,27.0,12.7,15.9,15.5,14.3,12.7
20260621,アロハ,57.7,42.8,27.6,14.0,14.9,15.2,13.6,14.0
20260621,マイネルホウセン,54.4,38.6,24.8,12.3,15.8,13.8,12.5,12.3
20260621,ミスターエメラルド,66.7,47.7,30.9,15.2,19.0,16.8,15.7,15.2
20260621,スプレンドーレ,58.9,43.0,28.3,14.1,15.9,14.7,14.2,14.1
20260621,プールナバドラ,55.1,39.5,25.1,12.5,15.6,14.4,12.6,12.5
20260621,アドバンスモダン,59.1,42.0,27.2,13.2,17.1,14.8,14.0,13.2
20260621,スマートポーション,70.9,51.3,33.6,16.4,19.6,17.7,17.2,16.4
20260621,ﾌｷﾞﾝの24,67.2,47.9,31.6,15.8,19.3,16.3,15.8,15.8
20260621,マハロハ,54.1,38.6,25.1,12.6,15.5,13.5,12.5,12.6
20260621,ティエルニート,57.5,41.2,26.5,13.1,16.3,14.7,13.4,13.1
20260621,ダノンフィガロ,58.4,41.5,26.0,12.5,16.9,15.5,13.5,12.5
20260621,マイエスタ,66.2,49.5,32.4,16.3,16.7,17.1,16.1,16.3
20260621,テーオーソラネル,56.5,40.0,25.7,13.0,16.5,14.3,12.7,13.0
20260621,テーオーダグラス,55.5,39.3,25.0,12.3,16.2,14.3,12.7,12.3
20260621,ガイアメンテ,57.2,39.9,25.2,12.5,17.3,14.7,12.7,12.5
20260621,ヒーローインチーフ,71.5,50.9,33.3,16.6,20.6,17.6,16.7,16.6
20260621,オリーブグリーン,65.0,47.7,31.6,15.9,17.3,16.1,15.7,15.9
20260621,アスクデッドヒート,65.7,48.0,31.4,15.5,17.7,16.6,15.9,15.5
20260621,ドラムメジャー,55.4,40.2,25.7,12.2,15.2,14.5,13.5,12.2
20260621,リュネヴィル,56.0,40.3,26.1,12.5,15.7,14.2,13.6,12.5
20260621,サンタカタリナ,59.1,43.1,28.0,13.6,16.0,15.1,14.4,13.6
20260621,コパノルーカス,54.7,39.3,25.5,12.5,15.4,13.8,13.0,12.5
20260621,イットガール,61.2,45.1,30.0,14.8,16.1,15.1,15.2,14.8
20260621,モズエムブイピー,59.6,43.5,28.7,14.8,16.1,14.8,13.9,14.8
20260621,ウインビスタ,58.6,42.4,27.5,13.7,16.2,14.9,13.8,13.7
20260621,アンガーザガール,59.7,43.6,28.1,14.0,16.1,15.5,14.1,14.0
20260621,キシュウマミー,62.1,45.7,29.9,14.3,16.4,15.8,15.6,14.3
20260621,ココフルール,54.4,39.4,25.8,12.9,15.0,13.6,12.9,12.9
20260621,ポカポカヨウキ,54.4,39.4,25.8,12.9,15.0,13.6,12.9,12.9
20260621,ソリドゥス,62.7,46.6,31.0,15.5,16.1,15.6,15.5,15.5
20260621,アスクレコードモア,59.0,43.0,28.5,14.1,16.0,14.5,14.4,14.1
20260621,エコロリンド,58.0,41.6,26.9,12.9,16.4,14.7,14.0,12.9
20260621,シャトンダンス,62.7,45.4,29.0,13.9,17.3,16.4,15.1,13.9
20260621,ケイアイクビラ,60.7,43.2,27.6,13.2,17.5,15.6,14.4,13.2
20260621,ショウナンガチ,63.8,46.6,30.7,15.2,17.2,15.9,15.5,15.2
20260621,アルミラージ,56.9,40.8,26.4,12.7,16.1,14.4,13.7,12.7
20260621,ミヤラティーニ,65.5,48.0,32.0,16.1,17.5,16.0,15.9,16.1
20260621,ミトノリン,58.3,41.2,26.4,12.8,17.1,14.8,13.6,12.8
20260621,ショウナンバラモン,63.6,46.4,30.1,14.8,17.2,16.3,15.3,14.8
20260621,シャローチャンプ,56.0,40.5,25.9,12.8,15.5,14.6,13.1,12.8
20260621,シャローフォレスト,56.0,40.6,26.0,12.9,15.4,14.6,13.1,12.9
20260621,ミッションルース,55.9,40.9,26.3,12.9,15.0,14.6,13.4,12.9
20260621,アンリーベイビー,67.5,49.7,32.8,16.3,17.8,16.9,16.5,16.3
20260621,ベルウェザー,58.8,43.9,29.5,14.7,14.9,14.4,14.8,14.7
20260621,アーブルラーブル,57.9,41.7,27.1,13.3,16.2,14.6,13.8,13.3
20260621,ニシノジェダイ,58.0,40.7,25.9,12.7,17.3,14.8,13.2,12.7
20260621,カトマンズゴールド,57.4,41.3,26.9,13.4,16.1,14.4,13.5,13.4
20260621,ゲレイロ,57.5,41.9,27.6,13.8,15.6,14.3,13.8,13.8
20260621,オースミサイファー,57.9,41.0,26.4,12.9,16.9,14.6,13.5,12.9
20260621,グーフィー,58.4,42.8,28.2,13.3,15.6,14.6,14.9,13.3
20260621,ブルーザー,58.5,41.3,26.3,12.8,17.2,15.0,13.5,12.8
20260621,エクスマウス,66.5,47.2,30.9,14.7,19.3,16.3,16.2,14.7
20260621,パロディ,65.3,45.9,30.8,15.5,19.4,15.1,15.3,15.5
20260621,ココモフィーバー,57.8,40.9,26.1,12.7,16.9,14.8,13.4,12.7
20260621,イマージョン,76.0,54.4,35.5,17.5,21.6,18.9,18.0,17.5
20260621,パゴスピグイノス,73.2,53.0,35.7,17.6,20.2,17.3,18.1,17.6
20260621,エピッククイーン,57.1,41.8,26.7,13.1,15.3,15.1,13.6,13.1
20260621,ジョアン,73.7,51.6,33.1,16.2,22.1,18.5,16.9,16.2
20260621,ウィクフォード,75.4,53.3,34.7,16.9,22.1,18.6,17.8,16.9
20260621,ブックオブケルズ,74.5,52.8,34.0,16.4,21.7,18.8,17.6,16.4
20260621,インディジャズ,78.9,56.0,36.6,17.8,22.9,19.4,18.8,17.8
20260621,プリンキピッサ,74.1,54.1,35.4,17.5,20.0,18.7,17.9,17.5
20260621,ショウナンラウール,58.7,43.1,27.9,13.6,15.6,15.2,14.3,13.6
20260621,ミライハーモニー,59.9,43.7,28.9,14.2,16.2,14.8,14.7,14.2
20260621,キングツェッペリン,59.3,43.2,28.3,13.4,16.1,14.9,14.9,13.4
20260621,ファイティンアスク,59.8,42.8,27.1,12.9,17.0,15.7,14.2,12.9
20260621,キミガスキダ,58.6,42.7,27.9,13.4,15.9,14.8,14.5,13.4
20260621,タワーオブバベル,59.6,42.1,27.0,13.1,17.5,15.1,13.9,13.1
20260621,ミッキーテネシー,58.9,42.1,26.9,13.1,16.8,15.2,13.8,13.1
20260621,バンブラボー,59.6,42.2,28.2,14.4,17.4,14.0,13.8,14.4
20260621,チェサピークベイ,54.8,39.4,25.5,12.7,15.4,13.9,12.8,12.7
20260621,ラインエレガント,72.8,53.8,36.0,18.2,19.0,17.8,17.8,18.2
20260621,リーベラーリア,56.8,40.5,26.5,13.5,16.3,14.0,13.0,13.5
20260621,リッケンバッカー,59.3,43.1,28.3,14.6,16.2,14.8,13.7,14.6
20260621,メイショウクーガー,62.3,45.1,29.7,14.9,17.2,15.4,14.8,14.9
20260621,クーデール,58.3,41.8,27.2,13.5,16.5,14.6,13.7,13.5
20260621,ブライトベリル,56.9,41.0,26.5,13.2,15.9,14.5,13.3,13.2
20260621,メイショウゴッホ,72.5,52.4,34.0,16.2,20.1,18.4,17.8,16.2
20260621,ルージュプルーヴ,67.3,49.0,32.3,15.8,18.3,16.7,16.5,15.8
20260621,オモイヲノセテ,58.2,41.3,26.3,12.6,16.9,15.0,13.7,12.6
20260621,ヒャクギマル,57.4,42.0,27.7,13.9,15.4,14.3,13.8,13.9
20260621,プシュカル,58.0,42.2,27.7,13.9,15.8,14.5,13.8,13.9
20260621,ポニーテール,56.9,41.0,26.5,13.2,15.9,14.5,13.3,13.2
20260621,ブラックドレス,58.6,41.4,26.6,13.1,17.2,14.8,13.5,13.1
20260621,フィオレストラーダ,57.2,41.1,26.7,12.9,16.1,14.4,13.8,12.9
20260621,ラインメテオラ,57.4,42.2,27.9,13.6,15.2,14.3,14.3,13.6
20260621,クリコファルコン,58.7,41.9,27.1,13.4,16.8,14.8,13.7,13.4
20260621,キープシャイニング,68.0,49.4,32.0,15.8,18.6,17.4,16.2,15.8
20260621,カラクニダケ,56.6,41.2,26.5,12.8,15.4,14.7,13.7,12.8
20260621,アウェイクネス,57.4,41.3,27.0,13.6,16.1,14.3,13.4,13.6
20260621,クリコキアナ,58.8,42.2,27.4,13.4,16.6,14.8,14.0,13.4
20260621,アイルエクラ,59.9,42.7,27.5,13.0,17.2,15.2,14.5,13.0
20260621,ロードフェルム,57.4,42.3,27.9,13.6,15.1,14.4,14.3,13.6
20260621,ジョウショーツヨシ,60.7,43.4,27.6,12.8,17.3,15.8,14.8,12.8
20260621,メイショウウメゴチ,55.7,39.5,25.2,12.5,16.2,14.3,12.7,12.5
20260621,グランビスタ,57.4,41.0,26.2,12.7,16.4,14.8,13.5,12.7
20260621,クリノパッション,56.0,40.2,26.0,13.2,15.8,14.2,12.8,13.2
20260621,ニシノキヅイタラ,66.3,47.4,29.9,14.5,18.9,17.5,15.4,14.5
20260621,アメリカンチケット,55.6,39.5,25.2,12.5,16.1,14.3,12.7,12.5
20260621,ワンダーサイファー,56.5,41.4,27.0,13.6,15.1,14.4,13.4,13.6
20260621,グリミスティ,56.6,41.0,26.0,12.6,15.6,15.0,13.4,12.6
20260621,サンシャインビーチ,58.7,42.7,27.4,13.5,16.0,15.3,13.9,13.5
20260621,スイートポメロ,55.6,40.5,25.9,12.6,15.1,14.6,13.3,12.6
20260621,ケンブリッジグレイ,57.9,41.5,26.8,13.6,16.4,14.7,13.2,13.6
20260621,マスアンジュ,59.4,43.2,28.7,14.8,16.2,14.5,13.9,14.8
20260621,アトゥア,60.7,44.2,28.9,14.4,16.5,15.3,14.5,14.4
20260621,アントラヴァースト,53.0,39.0,25.7,13.2,14.0,13.3,12.5,13.2
20260621,コパノキャンペーン,53.2,39.1,25.9,13.3,14.1,13.2,12.6,13.3
20260621,ナハティガル,57.5,42.5,27.8,13.7,15.0,14.7,14.1,13.7
20260621,ソフィアビルド,60.2,44.0,28.8,14.5,16.2,15.2,14.3,14.5
20260621,オーロルドーレ,57.6,42.6,27.9,13.8,15.0,14.7,14.1,13.8
20260621,スリリングチェイス,66.6,47.9,31.6,15.9,18.7,16.3,15.7,15.9
20260621,ヤマニンアルリフラ,88.6,64.3,41.9,20.5,24.3,22.4,21.4,20.5
20260621,ロードシュヴァリエ,56.3,40.0,26.3,13.3,16.3,13.7,13.0,13.3
20260621,ルシャリオ,56.8,40.5,26.5,13.1,16.3,14.0,13.4,13.1
20260621,テイエムロングダン,57.1,42.1,27.4,13.1,15.0,14.7,14.3,13.1
20260621,ヨカオウ,59.9,44.3,29.6,14.9,15.6,14.7,14.7,14.9
20260621,マコトエウロペ,70.4,52.8,34.9,17.3,17.6,17.9,17.6,17.3
20260621,バロッカネーラ,62.0,46.0,29.7,14.0,16.0,16.3,15.7,14.0
20260621,レニュアージュ,58.2,42.5,27.9,13.4,15.7,14.6,14.5,13.4
20260621,アスクゴクジョウ,60.1,43.7,28.6,14.3,16.4,15.1,14.3,14.3
20260621,カゼノランナー,55.7,39.9,25.9,13.0,15.8,14.0,12.9,13.0
20260621,メイショウソウセキ,61.0,45.0,29.3,14.4,16.0,15.7,14.9,14.4
20260621,ユメシバイ,56.6,41.0,27.2,14.1,15.6,13.8,13.1,14.1
20260621,ストップヤーニング,65.3,46.8,30.2,14.8,18.5,16.6,15.4,14.8
20260621,パスリヤージュ,57.2,42.6,28.5,14.5,14.6,14.1,14.0,14.5
20260621,ダノンオブアイデア,65.2,45.6,28.5,13.8,19.6,17.1,14.7,13.8
20260621,カパルア,59.6,43.6,29.2,14.7,16.0,14.4,14.5,14.7
20260621,ナムラステラ,65.6,48.0,32.0,16.2,17.6,16.0,15.8,16.2
20260621,シックパラソル,70.1,52.9,34.9,17.6,17.2,18.0,17.3,17.6
20260621,ゴルトリッチ,60.3,43.9,28.3,13.9,16.4,15.6,14.4,13.9
20260621,イイデカンタロウ,59.2,43.1,28.1,14.2,16.1,15.0,13.9,14.2
20260621,コスモストーム,68.5,50.1,32.5,16.2,18.4,17.6,16.3,16.2
20260621,チャチャピンク,58.0,41.9,27.1,13.6,16.1,14.8,13.5,13.6
20260621,ハリーケーン,60.3,44.0,29.0,14.5,16.3,15.0,14.5,14.5
20260621,アルムアポジェ,67.6,48.9,32.1,15.7,18.7,16.8,16.4,15.7
20260621,アメティスタ,59.3,43.3,28.4,14.1,16.0,14.9,14.3,14.1
20260621,コロナドブリッジ,55.1,40.3,26.2,12.6,14.8,14.1,13.6,12.6
20260621,アメリカンスタイル,56.5,40.6,26.2,13.0,15.9,14.4,13.2,13.0
20260621,タナコクシテンホウ,67.1,49.4,32.8,16.7,17.7,16.6,16.1,16.7
20260621,タナカーン,70.4,51.9,33.8,16.8,18.5,18.1,17.0,16.8
20260621,ヒルノアラゴン,57.7,41.5,26.6,13.1,16.2,14.9,13.5,13.1
20260621,トリオノチカラ,57.8,41.6,26.7,13.1,16.2,14.9,13.6,13.1
20260621,ロードディグニティ,57.2,41.1,26.5,13.1,16.1,14.6,13.4,13.1
20260621,トムクリオーザ,68.3,49.9,32.6,16.8,18.4,17.3,15.8,16.8
20260621,サヨノディーディー,67.5,49.8,33.7,16.7,17.7,16.1,17.0,16.7
20260621,エコロヴァルド,62.5,46.3,30.6,15.1,16.2,15.7,15.5,15.1
20260621,ヘキレキ,71.8,52.0,33.7,17.1,19.8,18.3,16.6,17.1
20260621,ゲイルライダー,60.3,45.2,30.1,14.6,15.1,15.1,15.5,14.6
20260621,オーケーエンジェル,57.3,41.9,27.8,13.9,15.4,14.1,13.9,13.9
20260621,ピリカサンライズ,57.8,42.0,27.5,13.8,15.8,14.5,13.7,13.8
20260621,フチサンチャチャ,58.5,43.2,28.5,14.9,15.3,14.7,13.6,14.9
20260621,エースフライト,58.0,42.0,26.9,13.4,16.0,15.1,13.5,13.4
20260621,エコロゼルダ,60.9,44.6,30.1,15.9,16.3,14.5,14.2,15.9
20260621,リーガルスプレンダ,55.7,40.2,26.0,13.0,15.5,14.2,13.0,13.0
20260621,ダイイズキャスト,59.5,42.3,26.4,12.6,17.2,15.9,13.8,12.6
20260621,ヤマトクオーレ,64.4,46.8,30.7,15.4,17.6,16.1,15.3,15.4
20260621,ヤマトデュノール,64.8,47.9,31.6,15.8,16.9,16.3,15.8,15.8
20260621,カシノクロサイト,66.9,48.1,31.4,15.7,18.8,16.7,15.7,15.7
20260621,ジンセイ,60.2,43.6,28.2,14.0,16.6,15.4,14.2,14.0
20260621,ヴィヴァシャス,70.3,51.1,33.2,16.5,19.2,17.9,16.7,16.5
20260621,クロスボーダー,63.5,47.3,31.5,15.5,16.2,15.8,16.0,15.5
20260621,クローネンリーベ,67.3,49.9,33.3,16.5,17.4,16.6,16.8,16.5
20260621,サトノスカイターフ,56.6,40.9,26.1,12.7,15.7,14.8,13.4,12.7
20260621,スーパービジー,72.0,53.1,35.3,17.4,18.9,17.8,17.9,17.4
20260621,ヴェネラブル,66.1,48.3,31.8,15.3,17.8,16.5,16.5,15.3
20260621,カツラコマチ,65.9,47.9,31.9,16.1,18.0,16.0,15.8,16.1
20260621,スピーチバルーン,67.5,49.7,33.1,15.8,17.8,16.6,17.3,15.8
20260621,ゴールデンバランス,61.2,44.6,29.4,14.4,16.6,15.2,15.0,14.4
20260621,シャロン,61.0,44.6,29.6,14.5,16.4,15.0,15.1,14.5
20260621,オーラムミーティア,66.4,49.1,32.3,15.7,17.3,16.8,16.6,15.7
20260621,クインズセレネ,57.5,42.9,27.7,13.2,14.6,15.2,14.5,13.2
20260621,トウカイジーク,61.9,46.1,30.1,14.6,15.8,16.0,15.5,14.6
20260621,ゴールデンスラム,57.7,40.5,26.1,12.6,17.2,14.4,13.5,12.6
20260621,サトノトリニティ,68.5,49.6,32.2,15.9,18.9,17.4,16.3,15.9
20260621,ランズエンド,61.8,46.1,30.1,14.6,15.7,16.0,15.5,14.6
20260621,シゲルショウグン,58.8,42.6,27.6,13.4,16.2,15.0,14.2,13.4
20260621,イマージョン,59.0,42.2,27.4,13.7,16.8,14.8,13.7,13.7
20260621,エイシンキタールン,61.8,45.8,30.4,14.7,16.0,15.4,15.7,14.7
20260621,メンデレーエフ,60.0,42.4,28.0,13.4,17.6,14.4,14.6,13.4
20260621,スナークホクサイ,67.9,50.1,33.1,16.1,17.8,17.0,17.0,16.1
20260621,ローズカリス,57.5,41.8,27.6,13.6,15.7,14.2,14.0,13.6
20260621,ウィクフォード,58.1,42.2,26.4,12.4,15.9,15.8,14.0,12.4
20260621,ブックオブケルズ,58.1,41.8,26.4,12.4,16.3,15.4,14.0,12.4
20260621,インディジャズ,57.7,41.9,26.3,12.3,15.8,15.6,14.0,12.3
20260621,プリンキピッサ,58.3,41.9,26.5,12.5,16.4,15.4,14.0,12.5
20260621,ブリーズオンチーク,68.9,50.9,34.5,17.2,18.0,16.4,17.3,17.2
20260621,イリフィ,72.0,51.6,33.6,16.5,20.4,18.0,17.1,16.5
20260621,タイガーロード,56.2,40.6,26.3,13.3,15.6,14.3,13.0,13.3
20260621,ロンバルドシチー,58.2,42.5,27.5,12.9,15.7,15.0,14.6,12.9
20260621,マルモリムソウ,71.9,53.0,35.1,17.3,18.9,17.9,17.8,17.3
20260621,エピドゥブレ,73.8,54.2,35.3,17.1,19.6,18.9,18.2,17.1
20260621,ハレアカラフラ,71.5,52.5,34.0,16.7,19.0,18.5,17.3,16.7
20260621,レーティッシュ,58.0,42.2,27.7,14.0,15.8,14.5,13.7,14.0
20260621,リピ,60.7,44.4,29.4,14.4,16.3,15.0,15.0,14.4
20260621,メローネ,59.2,43.9,28.9,13.7,15.3,15.0,15.2,13.7
20260621,フローズンクイーン,57.4,42.7,28.6,14.5,14.7,14.1,14.1,14.5
20260621,ベルセクレト,57.5,42.8,28.9,14.5,14.7,13.9,14.4,14.5
20260621,マイネルブラントン,66.2,47.0,28.8,14.0,19.2,18.2,14.8,14.0
20260621,ハンサム,66.1,48.5,32.4,16.6,17.6,16.1,15.8,16.6
20260621,エバーグルーヴ,60.7,45.0,30.2,15.2,15.7,14.8,15.0,15.2
20260621,リーティアコナル,58.6,42.4,27.9,14.0,16.2,14.5,13.9,14.0
20260621,プリティウーマン,59.6,43.3,27.5,13.1,16.3,15.8,14.4,13.1
20260621,テーオータウンズ,59.1,43.1,27.6,12.8,16.0,15.5,14.8,12.8
20260621,ウィスカーパッド,62.2,46.1,31.0,15.8,16.1,15.1,15.2,15.8
20260621,ビップヴォルフ,66.6,47.8,31.3,15.2,18.8,16.5,16.1,15.2
20260621,アップターンデイ,61.6,45.6,30.1,15.1,16.0,15.5,15.0,15.1
20260621,ロードフローリス,68.0,50.0,33.0,15.7,18.0,17.0,17.3,15.7
20260621,アサカラゴキゲン,68.6,50.5,33.5,16.1,18.1,17.0,17.4,16.1
20260621,ズバットマサムネ,54.7,40.3,26.4,13.1,14.4,13.9,13.3,13.1
20260621,ノボリリア,62.3,46.1,30.5,15.3,16.2,15.6,15.2,15.3
20260621,ルフトブリュッケ,68.9,49.1,31.7,14.8,19.8,17.4,16.9,14.8
20260621,ﾌﾟﾛﾃﾞｨｼﾞｬｽの24,69.6,49.7,32.4,15.6,19.9,17.3,16.8,15.6
20260621,スティルラブハー,69.9,50.1,32.4,15.6,19.8,17.7,16.8,15.6
20260621,インティサール,58.9,42.8,27.8,13.9,16.1,15.0,13.9,13.9
20260621,ドゥラリス,57.8,42.2,27.9,14.0,15.6,14.3,13.9,14.0
20260621,ロードフィレール,67.4,49.5,32.7,15.9,17.9,16.8,16.8,15.9
20260621,メイショウヴィータ,59.9,44.1,29.0,14.4,15.8,15.1,14.6,14.4
20260621,メイショウジェード,61.2,45.6,30.4,15.3,15.6,15.2,15.1,15.3
20260621,シャインユウ,60.6,45.0,29.7,14.6,15.6,15.3,15.1,14.6
20260621,ラビットアイ,58.5,42.4,27.4,13.4,16.1,15.0,14.0,13.4
20260621,カレントゥルーシー,59.1,42.4,27.0,13.3,16.7,15.4,13.7,13.3
20260621,ファントムグレース,70.8,51.8,34.2,16.8,19.0,17.6,17.4,16.8
20260621,クロワール,61.2,44.7,29.3,14.7,16.5,15.4,14.6,14.7
20260621,テイエムリチャード,59.5,43.1,27.7,13.5,16.4,15.4,14.2,13.5
20260621,チヨ,59.3,44.0,29.0,14.1,15.3,15.0,14.9,14.1
20260621,ルイスイメル,65.8,48.1,31.4,16.0,17.7,16.7,15.4,16.0
20260621,マッスルバック,71.1,52.2,33.9,17.0,18.9,18.3,16.9,17.0
20260621,レインオンミー,58.7,43.0,28.1,13.8,15.7,14.9,14.3,13.8
20260621,ペンテリコン,63.7,46.7,30.7,15.0,17.0,16.0,15.7,15.0
20260621,サンライズキース,55.5,40.2,26.4,13.4,15.3,13.8,13.0,13.4
20260621,バリオス,58.3,42.8,28.1,14.1,15.5,14.7,14.0,14.1
20260621,メメヤンチャヒメ,74.2,54.9,36.5,18.3,19.3,18.4,18.2,18.3
20260621,ナムラメアリー,72.7,53.5,35.1,17.1,19.2,18.4,18.0,17.1
20260621,スターバーナー,59.5,43.8,28.9,14.4,15.7,14.9,14.5,14.4
20260621,シンドリームシン,66.8,48.6,31.7,15.9,18.2,16.9,15.8,15.9
20260621,サンダーバード,70.0,51.0,33.6,16.5,19.0,17.4,17.1,16.5
20260621,スーパーフラット,72.6,53.3,35.3,17.3,19.3,18.0,18.0,17.3
20260621,フォーチュンライド,72.6,53.6,35.7,18.0,19.0,17.9,17.7,18.0
20260621,ゴールデンボブ,60.2,43.6,28.4,13.7,16.6,15.2,14.7,13.7
20260621,ショコラプリン,60.1,43.6,28.2,13.8,16.5,15.4,14.4,13.8
20260621,ホープフルロマン,73.7,55.0,37.1,19.4,18.7,17.9,17.7,19.4
20260621,ルーストカール,69.1,50.4,33.0,16.5,18.7,17.4,16.5,16.5
20260621,サトノブリジャール,55.7,40.6,26.7,13.3,15.1,13.9,13.4,13.3
20260621,セキゾウ,68.3,49.5,32.8,16.2,18.8,16.7,16.6,16.2
20260621,バックドラフト,59.5,44.3,27.5,13.0,15.2,16.8,14.5,13.0
20260621,ドリームプレミア,57.1,41.0,26.0,13.1,16.1,15.0,12.9,13.1
20260621,ダノンワンダー,58.1,41.6,26.3,12.8,16.5,15.3,13.5,12.8
20260621,サトノグロリア,57.6,41.2,25.9,12.8,16.4,15.3,13.1,12.8
20260621,サトノロザリー,59.0,42.2,26.2,12.0,16.8,16.0,14.2,12.0
20260621,リカンカブール,71.3,51.8,34.6,17.3,19.5,17.2,17.3,17.3
20260621,メリオーレム,65.9,47.6,30.8,15.3,18.3,16.8,15.5,15.3
20260621,ヤマニンアルリフラ,57.9,40.5,25.8,12.4,17.4,14.7,13.4,12.4
20260621,ホーリーブラッサム,56.4,39.7,24.9,12.3,16.7,14.8,12.6,12.3
20260621,クラヴァンス,60.1,43.7,28.3,13.8,16.4,15.4,14.5,13.8
20260621,サトノライトニング,70.6,50.6,32.7,15.3,20.0,17.9,17.4,15.3
20260621,サウンドムーブ,71.7,51.3,33.4,16.6,20.4,17.9,16.8,16.6
20260621,ファランギーナ,65.2,48.9,33.2,16.8,16.3,15.7,16.4,16.8
20260621,エルナト,58.3,41.2,26.4,12.7,17.1,14.8,13.7,12.7
20260621,マンナット,56.0,39.5,24.9,12.1,16.5,14.6,12.8,12.1
20260621,アテンド,62.6,46.9,31.3,15.6,15.7,15.6,15.7,15.6
20260621,バヤールロック,62.6,47.0,31.4,15.6,15.6,15.6,15.8,15.6
20260621,シスキンブルーム,71.8,51.4,33.3,16.4,20.4,18.1,16.9,16.4
20260621,ルートサーティーン,59.1,43.6,28.5,14.3,15.5,15.1,14.2,14.3
20260621,グランブーケ,66.1,48.0,31.6,15.9,18.1,16.4,15.7,15.9
20260621,ノヴァレジーナ,60.8,44.9,29.8,14.8,15.9,15.1,15.0,14.8
20260621,リヒトミューレ,65.9,48.7,32.4,16.0,17.2,16.3,16.4,16.0
20260621,マルモタワー,63.7,48.0,31.9,16.0,15.7,16.1,15.9,16.0
20260621,ノトコンゴウ,62.7,47.2,31.2,15.5,15.5,16.0,15.7,15.5
20260621,ジャズ,60.5,43.7,28.1,13.8,16.8,15.6,14.3,13.8
20260621,コトホドサヨウニ,56.6,41.8,27.1,13.5,14.8,14.7,13.6,13.5
20260621,ヴィスマール,59.6,44.1,29.1,14.7,15.5,15.0,14.4,14.7
20260621,フィニステーレ,57.9,42.4,27.9,14.0,15.5,14.5,13.9,14.0
20260621,ベルトナリテ,60.3,44.2,28.2,14.5,16.1,16.0,13.7,14.5
20260621,メリオルヴィア,64.6,47.1,30.6,15.4,17.5,16.5,15.2,15.4
20260621,フェリシタル,68.4,49.7,32.7,16.3,18.7,17.0,16.4,16.3
20260621,フラッシングルビー,60.8,44.6,28.4,14.4,16.2,16.2,14.0,14.4
20260621,ヨドノゴールド,58.6,42.8,27.9,13.6,15.8,14.9,14.3,13.6
20260621,ランスオブラヴ,68.5,50.3,32.9,16.4,18.2,17.4,16.5,16.4
20260621,ジージージェット,58.5,43.2,28.8,14.5,15.3,14.4,14.3,14.5
20260621,アクロフェイズ,63.5,46.6,30.2,14.8,16.9,16.4,15.4,14.8
20260621,プリメラエストレラ,60.3,44.2,29.0,14.2,16.1,15.2,14.8,14.2
20260621,ロードハイエンド,70.5,51.1,34.4,17.3,19.4,16.7,17.1,17.3
20260621,ヴォルテックス,58.2,43.1,28.8,14.5,15.1,14.3,14.3,14.5
20260621,アンムート,68.3,49.9,32.8,16.3,18.4,17.1,16.5,16.3
20260621,ザラタン,57.8,43.2,28.9,15.0,14.6,14.3,13.9,15.0
20260621,メテオロイド,55.7,40.4,26.7,13.3,15.3,13.7,13.4,13.3
20260621,テイエムプレミラン,64.7,47.4,30.7,15.1,17.3,16.7,15.6,15.1
20260621,コスモルミナ,59.2,43.7,29.4,15.2,15.5,14.3,14.2,15.2
20260621,コルサロ,59.9,43.9,29.1,14.7,16.0,14.8,14.4,14.7
20260621,アーデルボーデン,58.9,43.0,28.1,14.0,15.9,14.9,14.1,14.0
20260621,ストレングス,60.5,43.7,28.3,14.1,16.8,15.4,14.2,14.1
20260621,ツーハーツ,60.1,44.0,28.6,14.1,16.1,15.4,14.5,14.1
20260621,ヒアカムズザサン,74.5,57.0,37.5,18.4,17.5,19.5,19.1,18.4
20260621,ブラックレジェンド,58.0,40.7,26.0,13.0,17.3,14.7,13.0,13.0
20260621,タナスーペルノーバ,58.8,41.5,26.2,13.0,17.3,15.3,13.2,13.0
20260621,プルミエールパス,60.1,44.3,29.5,15.0,15.8,14.8,14.5,15.0
20260621,マッシャーブルム,59.7,43.3,28.3,13.8,16.4,15.0,14.5,13.8
20260621,ファミリーツリー,61.7,45.2,29.9,14.8,16.5,15.3,15.1,14.8
20260621,アストラカ,58.0,41.8,27.0,13.2,16.2,14.8,13.8,13.2
20260621,ヴェロクオーレ,70.5,50.1,32.2,15.5,20.4,17.9,16.7,15.5
20260621,ニュークレド,58.1,42.8,28.0,13.5,15.3,14.8,14.5,13.5
20260621,ツーピース,75.7,55.8,36.4,18.0,19.9,19.4,18.4,18.0
20260621,スマートメモリー,64.9,47.3,31.7,16.0,17.6,15.6,15.7,16.0
20260621,ミラクルバローズ,69.2,51.8,35.2,18.0,17.4,16.6,17.2,18.0
20260621,ゴッドブルービー,57.8,41.8,27.0,13.1,16.0,14.8,13.9,13.1
20260621,コンバットペスカ,59.4,43.4,29.1,14.3,16.0,14.3,14.8,14.3
20260621,ワンダージェム,69.8,50.5,32.9,16.0,19.3,17.6,16.9,16.0
20260621,フルーツベイビー,60.3,40.9,25.2,12.9,19.4,15.7,12.3,12.9
20260621,ミスマリーゴールド,73.1,54.0,35.9,17.6,19.1,18.1,18.3,17.6
20260621,ダディーズソード,70.6,50.4,32.4,15.8,20.2,18.0,16.6,15.8
20260621,レゾルートハート,58.1,42.3,27.6,13.1,15.8,14.7,14.5,13.1
20260621,ルクスメンデス,69.1,50.6,33.5,16.7,18.5,17.1,16.8,16.7
20260621,レイデラティエラ,55.6,41.1,27.0,13.7,14.5,14.1,13.3,13.7
20260621,ソリスディエス,54.6,39.8,26.3,13.4,14.8,13.5,12.9,13.4
20260621,マウンテンバローズ,78.6,58.8,39.5,19.5,19.8,19.3,20.0,19.5
20260621,アイランド,70.3,51.1,33.8,17.1,19.2,17.3,16.7,17.1
20260621,ゴルディアス,61.1,44.8,29.3,14.8,16.3,15.5,14.5,14.8
20260621,アラタマフェーヴル,61.9,44.2,29.8,15.5,17.7,14.4,14.3,15.5
20260621,アサクサグレース,66.6,48.4,32.2,16.1,18.2,16.2,16.1,16.1
20260621,テーオーミリカン,57.0,40.7,27.1,14.1,16.3,13.6,13.0,14.1
20260621,ビズロード,64.7,46.9,31.8,15.7,17.8,15.1,16.1,15.7
20260621,フェブリノ,69.2,50.6,33.7,16.6,18.6,16.9,17.1,16.6
20260621,リトセア,76.3,55.2,35.6,17.4,21.1,19.6,18.2,17.4
20260621,チュウワメロディー,59.3,43.6,30.2,15.6,15.7,13.4,14.6,15.6
20260621,リカンカブール,58.4,43.1,28.6,14.4,15.3,14.5,14.2,14.4
20260621,ボンボンベイビー,69.7,50.2,32.7,16.1,19.5,17.5,16.6,16.1
20260621,ジリアート,69.6,50.4,32.9,16.3,19.2,17.5,16.6,16.3
20260621,ブルーノート,67.1,49.3,33.0,16.6,17.8,16.3,16.4,16.6
20260621,サトノライトニング,70.1,51.9,34.4,17.0,18.2,17.5,17.4,17.0
20260621,ゴナビーオーライト,69.1,50.8,34.2,17.0,18.3,16.6,17.2,17.0
20260621,テーオーカメリア,68.3,49.9,32.6,15.8,18.4,17.3,16.8,15.8
20260621,ソーニーイシュー,56.8,41.6,27.4,13.7,15.2,14.2,13.7,13.7
20260621,ムテキシャチョウ,63.7,48.0,32.0,15.9,15.7,16.0,16.1,15.9
20260621,カネフラ,56.0,39.7,25.8,12.9,16.3,13.9,12.9,12.9
20260621,オーマイラッキーン,65.7,49.5,33.8,16.9,16.2,15.7,16.9,16.9
20260621,マサハヤルージュ,70.9,52.2,34.9,17.5,18.7,17.3,17.4,17.5
20260621,カミノトップワン,66.1,48.8,32.4,16.0,17.3,16.4,16.4,16.0
20260621,モンドドゥアムール,62.0,46.1,30.9,15.4,15.9,15.2,15.5,15.4
20260621,ダノンプリマ,57.4,40.9,26.9,13.7,16.5,14.0,13.2,13.7
20260621,エンジョイドライブ,60.9,42.4,27.3,13.5,18.5,15.1,13.8,13.5
20260621,ザムーン,66.9,49.5,33.0,16.8,17.4,16.5,16.2,16.8
20260621,グロリアスニケ,73.7,52.4,33.5,16.1,21.3,18.9,17.4,16.1
20260621,ゴールデンドラゴン,58.3,41.1,26.0,12.8,17.2,15.1,13.2,12.8
20260621,タガノミスト,59.6,42.9,27.2,13.6,16.7,15.7,13.6,13.6
20260621,テーオールビー,52.0,38.3,24.9,12.5,13.7,13.4,12.4,12.5
20260621,クラリスバローズ,58.7,43.3,28.4,13.9,15.4,14.9,14.5,13.9
20260621,ティンクルピクシー,69.9,50.9,33.7,17.0,19.0,17.2,16.7,17.0
20260621,ﾌｧｰﾄｩｱの24,59.5,44.6,29.8,15.2,14.9,14.8,14.6,15.2
20260621,ナミオトノヒビキ,58.7,43.3,28.4,13.8,15.4,14.9,14.6,13.8
20260621,グレイスオブゴッド,59.1,43.6,28.3,14.0,15.5,15.3,14.3,14.0
20260621,シャンパンスター,58.5,43.3,28.2,14.0,15.2,15.1,14.2,14.0
20260621,ムーヴザニードル,58.2,43.0,28.9,14.3,15.2,14.1,14.6,14.3
20260621,ニホンピロロジャー,59.2,43.8,29.3,14.2,15.4,14.5,15.1,14.2
20260621,ムスクレスト,78.0,57.3,37.6,18.4,20.7,19.7,19.2,18.4
20260621,ゼンノゾンターク,59.0,43.3,28.5,14.1,15.7,14.8,14.4,14.1
20260621,マルモリマイベスト,66.4,49.2,32.5,16.1,17.2,16.7,16.4,16.1
20260621,カネトシゴウト,58.1,41.9,27.3,13.9,16.2,14.6,13.4,13.9
20260621,コーチェラバレー,82.5,61.1,40.0,19.7,21.4,21.1,20.3,19.7
20260621,パラチー,59.1,42.2,28.1,14.2,16.9,14.1,13.9,14.2
20260621,ラルヴァンダード,82.8,61.4,40.1,19.9,21.4,21.3,20.2,19.9
20260621,リアルペガサス,59.9,44.5,28.9,14.4,15.4,15.6,14.5,14.4
20260621,テーオーライマン,58.7,42.8,27.2,13.0,15.9,15.6,14.2,13.0
20260621,ペプチドニンバス,71.1,52.6,35.0,17.6,18.5,17.6,17.4,17.6
20260621,ジュディーイメル,66.5,48.9,32.5,16.3,17.6,16.4,16.2,16.3
20260621,ヴェロシオン,67.8,49.8,32.6,16.8,18.0,17.2,15.8,16.8
20260621,ジャスパーブレイズ,64.8,47.2,30.7,15.4,17.6,16.5,15.3,15.4
20260621,アンコ,74.0,54.6,35.8,17.8,19.4,18.8,18.0,17.8
20260621,ミスターバッドガイ,61.2,45.7,30.2,14.8,15.5,15.5,15.4,14.8
20260621,バロニアル,65.3,48.1,31.8,15.8,17.2,16.3,16.0,15.8
20260621,オメガダフネ,69.4,50.8,33.1,15.9,18.6,17.7,17.2,15.9
20260621,ゾンニッヒ,58.2,42.2,26.8,12.7,16.0,15.4,14.1,12.7
20260621,キュピドン,54.2,38.9,25.4,13.1,15.3,13.5,12.3,13.1
20260621,セールヴォラン,66.0,48.0,31.6,15.4,18.0,16.4,16.2,15.4
20260621,ライフセービング,54.4,39.7,25.8,12.9,14.7,13.9,12.9,12.9
20260621,コスモグローリー,66.0,48.4,32.3,15.7,17.6,16.1,16.6,15.7
20260621,カッタッパ,59.0,43.1,28.3,14.3,15.9,14.8,14.0,14.3
20260621,プッシュザリミット,72.8,53.5,35.7,18.0,19.3,17.8,17.7,18.0
20260621,オオツカ,65.7,49.1,32.9,16.3,16.6,16.2,16.6,16.3
20260621,アウトレンジ,57.4,42.1,27.6,13.4,15.3,14.5,14.2,13.4
20260621,ルディシャ,55.9,40.2,25.9,12.9,15.7,14.3,13.0,12.9
20260621,ラッキーヴォーグ,56.4,40.8,26.6,13.4,15.6,14.2,13.2,13.4
20260621,アオイハルカ,57.3,42.1,27.8,13.4,15.2,14.3,14.4,13.4
20260621,ヴォーゲ,55.5,39.8,25.9,13.3,15.7,13.9,12.6,13.3
20260621,ナンヨークリスタル,58.5,43.5,29.1,14.3,15.0,14.4,14.8,14.3
20260621,クータモ,68.4,50.2,34.0,17.1,18.2,16.2,16.9,17.1
20260621,エイシンミスリル,68.2,50.2,34.1,17.1,18.0,16.1,17.0,17.1
20260621,アンテロース,57.4,41.2,26.9,13.4,16.2,14.3,13.5,13.4
20260621,ポワンキュルミナン,57.0,41.5,27.0,13.4,15.5,14.5,13.6,13.4
20260621,ブルーチップ,56.9,41.0,26.9,13.3,15.9,14.1,13.6,13.3
20260621,ビートル,58.9,43.3,28.4,14.2,15.6,14.9,14.2,14.2
20260621,シーリュウシー,57.8,42.5,27.9,14.0,15.3,14.6,13.9,14.0
20260621,テーオーレックス,58.2,42.6,28.1,14.2,15.6,14.5,13.9,14.2
20260621,ブクブクー,58.5,42.7,27.3,13.3,15.8,15.4,14.0,13.3
20260621,シュライアハフト,56.9,41.0,26.7,13.0,15.9,14.3,13.7,13.0
20260621,シュヴァルツリーベ,62.4,44.9,28.7,13.8,17.5,16.2,14.9,13.8
20260621,ナムラモモ,62.7,45.4,30.0,14.8,17.3,15.4,15.2,14.8
20260621,ファーストアタック,58.2,42.4,27.6,13.8,15.8,14.8,13.8,13.8
20260621,タイセイルミナス,58.0,42.4,28.2,13.8,15.6,14.2,14.4,13.8
20260621,フェーエンハフト,70.2,51.1,33.1,16.1,19.1,18.0,17.0,16.1
20260621,ゴーツウキリシマ,60.3,44.0,28.7,14.1,16.3,15.3,14.6,14.1
20260621,ジョウゲンノツキ,70.3,49.6,31.4,14.9,20.7,18.2,16.5,14.9
20260621,ロードマイライフ,58.3,41.7,27.0,13.4,16.6,14.7,13.6,13.4
20260621,マヴィ,57.1,42.4,28.6,14.3,14.7,13.8,14.3,14.3
20260621,メイショウブレゲ,65.7,48.7,32.3,16.2,17.0,16.4,16.1,16.2
20260621,キョラムン,68.0,49.8,32.4,16.2,18.2,17.4,16.2,16.2
20260621,メイショウマグナ,62.7,46.5,30.8,15.3,16.2,15.7,15.5,15.3
20260621,メイショウナナシロ,58.7,43.1,28.5,14.5,15.6,14.6,14.0,14.5
20260621,マルモズイルバア,59.6,44.0,29.4,15.0,15.6,14.6,14.4,15.0
20260621,テイクオーヴァー,74.3,54.8,36.4,18.1,19.5,18.4,18.3,18.1
20260621,シュガーハウス,74.1,54.5,36.1,17.7,19.6,18.4,18.4,17.7
20260621,アスタールテニウム,63.2,46.3,30.3,15.0,16.9,16.0,15.3,15.0
20260621,クォーツァイト,60.3,42.9,27.3,13.6,17.4,15.6,13.7,13.6
20260621,フローラルセント,60.0,44.6,29.5,14.7,15.4,15.1,14.8,14.7
20260621,ランゲ,70.2,52.8,35.2,17.5,17.4,17.6,17.7,17.5
20260621,ﾒｲｼｮｳﾏﾝｻｸの24,70.3,52.8,35.1,17.5,17.5,17.7,17.6,17.5
20260621,システマソラー,65.5,47.6,30.8,15.4,17.9,16.8,15.4,15.4
20260621,アイルトン,53.6,39.3,26.2,13.4,14.3,13.1,12.8,13.4
20260621,レオナルドスター,58.6,42.7,27.8,13.7,15.9,14.9,14.1,13.7
20260621,フリッカージャブ,57.3,41.2,26.2,12.4,16.1,15.0,13.8,12.4
20260621,ミリタリータトゥー,60.9,45.7,30.3,15.2,15.2,15.4,15.1,15.2
20260621,ミニュイ,63.8,46.2,30.3,15.2,17.6,15.9,15.1,15.2
20260621,モズヴイ,61.2,45.7,30.3,15.2,15.5,15.4,15.1,15.2
20260621,シャーロットタウン,64.6,48.1,32.1,16.2,16.5,16.0,15.9,16.2
20260621,ハルカカナタ,71.1,52.3,34.8,17.2,18.8,17.5,17.6,17.2
20260621,タイムレスフレアー,64.0,47.0,30.2,14.9,17.0,16.8,15.3,14.9
20260621,グランドオーパス,66.3,48.0,31.1,15.4,18.3,16.9,15.7,15.4
20260621,パラフローラ,57.2,41.3,26.9,13.2,15.9,14.4,13.7,13.2
20260621,ｱｶｶﾎｰﾙの24,69.8,51.7,33.5,16.2,18.1,18.2,17.3,16.2
20260621,サラトガチップス,63.6,45.3,28.3,12.9,18.3,17.0,15.4,12.9
20260621,タマモスカイ,57.5,41.4,26.9,13.1,16.1,14.5,13.8,13.1
20260621,オオナミコナミ,61.2,43.7,28.2,13.7,17.5,15.5,14.5,13.7
20260621,リーグナイト,68.2,49.1,31.7,15.6,19.1,17.4,16.1,15.6
20260621,マイシドニー,63.8,46.9,30.8,15.6,16.9,16.1,15.2,15.6
20260621,レディネス,57.4,41.4,25.8,12.2,16.0,15.6,13.6,12.2
20260621,ルージュルガーノ,57.4,41.5,26.1,12.3,15.9,15.4,13.8,12.3
20260621,ウォーターエルピス,58.4,42.4,27.7,13.9,16.0,14.7,13.8,13.9
20260621,ポムドール,59.8,43.0,29.5,15.0,16.8,13.5,14.5,15.0
20260621,ルペイドゥロール,68.9,52.0,34.7,18.2,16.9,17.3,16.5,18.2
20260621,テーオージャスミン,59.0,43.0,28.3,14.2,16.0,14.7,14.1,14.2
20260621,ワイドアイリー,58.8,43.0,28.3,14.2,15.8,14.7,14.1,14.2
20260621,イツモニコニコ,56.0,40.6,26.9,13.7,15.4,13.7,13.2,13.7
20260621,ブラックアイロン,61.4,45.9,30.3,14.5,15.5,15.6,15.8,14.5
20260621,ノリノリソックス,70.7,52.8,35.0,17.3,17.9,17.8,17.7,17.3
20260621,グランエール,61.0,45.2,30.9,16.1,15.8,14.3,14.8,16.1
20260621,バラジ,58.0,41.9,27.4,13.7,16.1,14.5,13.7,13.7
20260621,ノーブルスカイ,67.0,48.5,31.5,15.7,18.5,17.0,15.8,15.7
20260621,タケルハーロック,66.1,46.9,30.3,15.0,19.2,16.6,15.3,15.0
20260621,エナジーイッセイ,64.8,46.3,28.6,13.5,18.5,17.7,15.1,13.5
20260621,コメットサン,72.1,52.3,34.8,17.3,19.8,17.5,17.5,17.3
20260621,ゲームイズマイン,71.2,51.9,33.9,16.5,19.3,18.0,17.4,16.5
20260621,カルパ,61.8,45.2,29.5,14.9,16.6,15.7,14.6,14.9
20260621,マドモアゼルアスク,71.2,52.3,34.4,17.2,18.9,17.9,17.2,17.2
20260621,リテラシー,65.5,48.4,32.6,16.2,17.1,15.8,16.4,16.2
20260621,タイセイフリーデン,75.1,56.2,37.1,18.4,18.9,19.1,18.7,18.4
20260621,ダノンミッドナイト,65.9,48.0,31.5,16.0,17.9,16.5,15.5,16.0
20260621,ムービー,69.7,51.3,34.3,17.2,18.4,17.0,17.1,17.2
20260621,ユーキャンダンス,69.2,50.8,34.0,16.8,18.4,16.8,17.2,16.8
20260621,レッドピアレス,62.4,45.8,29.3,14.4,16.6,16.5,14.9,14.4
20260621,カワキタベレッタ,55.8,40.2,26.0,13.0,15.6,14.2,13.0,13.0
20260621,プリモマーレ,62.4,46.2,30.8,15.4,16.2,15.4,15.4,15.4
20260621,メイショウシガニー,58.9,43.0,27.9,13.8,15.9,15.1,14.1,13.8
20260621,サンライズプルート,55.5,39.8,26.0,12.9,15.7,13.8,13.1,12.9
20260621,ヴェルテンベルク,58.1,41.6,26.3,12.8,16.5,15.3,13.5,12.8
20260621,メイショウカスガイ,65.2,47.5,31.5,15.5,17.7,16.0,16.0,15.5
20260621,オセアスターライト,59.6,43.2,28.7,14.5,16.4,14.5,14.2,14.5
20260621,ソルアモール,67.9,49.3,32.4,16.3,18.6,16.9,16.1,16.3
20260621,ゴッドアミーラ,65.8,47.7,31.1,15.3,18.1,16.6,15.8,15.3
20260621,クラストムーン,60.9,44.5,29.6,15.0,16.4,14.9,14.6,15.0
20260621,マウスオフ,60.8,44.5,29.6,15.1,16.3,14.9,14.5,15.1
20260621,ゼンノインヴォーク,68.0,49.5,32.4,16.1,18.5,17.1,16.3,16.1
20260621,ライツェントライゼ,67.2,47.8,30.7,15.2,19.4,17.1,15.5,15.2
20260621,ウインクローバー,69.2,51.5,34.9,17.7,17.7,16.6,17.2,17.7
20260621,ダノンアンチュラス,67.1,50.1,32.8,15.9,17.0,17.3,16.9,15.9
20260621,メイワキラリ,63.2,46.4,30.1,14.9,16.8,16.3,15.2,14.9
20260621,ビースペシフィック,55.8,40.4,26.4,13.5,15.4,14.0,12.9,13.5
20260621,サイモンソレアード,66.2,48.1,31.1,15.8,18.1,17.0,15.3,15.8
20260621,リヴィエラヴィル,69.7,51.0,33.3,16.2,18.7,17.7,17.1,16.2
20260621,オーシンハーフ,65.9,48.1,31.4,15.7,17.8,16.7,15.7,15.7
20260621,フェミナンジェンヌ,61.2,45.1,30.7,15.0,16.1,14.4,15.7,15.0
20260621,ゴールドショーマン,59.9,45.2,30.4,14.7,14.7,14.8,15.7,14.7
20260621,タマモナポリ,69.4,50.3,32.7,15.9,19.1,17.6,16.8,15.9
20260621,サトノアイボリー,57.3,41.2,26.6,13.0,16.1,14.6,13.6,13.0
20260621,レゾルーティオ,66.4,48.3,31.7,15.7,18.1,16.6,16.0,15.7
20260621,ダークマルス,60.5,44.3,29.3,14.3,16.2,15.0,15.0,14.3
20260621,ゲタリア,68.2,49.5,32.5,15.7,18.7,17.0,16.8,15.7
20260621,ベラジオリン,58.8,42.1,28.0,14.3,16.7,14.1,13.7,14.3
20260621,ララララブソング,58.7,42.8,28.3,14.4,15.9,14.5,13.9,14.4
20260621,グランキングオー,58.3,41.8,27.4,13.7,16.5,14.4,13.7,13.7
20260621,テンエースワン,57.9,42.1,27.8,13.8,15.8,14.3,14.0,13.8
20260621,ショウナンハウル,58.6,42.0,27.0,13.3,16.6,15.0,13.7,13.3
20260621,イズントイット,57.9,42.0,27.5,13.5,15.9,14.5,14.0,13.5
20260621,ララディアーブル,66.4,48.8,32.6,16.4,17.6,16.2,16.2,16.4
20260621,ジューンマーチ,61.0,44.5,29.0,14.3,16.5,15.5,14.7,14.3
20260621,ジョーカー,68.0,50.6,33.4,16.6,17.4,17.2,16.8,16.6
20260621,ナチュラルリバー,57.5,41.2,27.0,13.1,16.3,14.2,13.9,13.1
20260621,ウォーターコトノハ,66.0,47.5,31.3,15.6,18.5,16.2,15.7,15.6
20260621,フルフィルメント,56.0,40.8,27.2,14.2,15.2,13.6,13.0,14.2
20260621,ジーティーキンセイ,58.3,43.3,28.1,13.7,15.0,15.2,14.4,13.7
20260621,ミネルヴァ,58.4,43.4,28.2,13.8,15.0,15.2,14.4,13.8
20260621,ギザキズラヴ,55.6,40.6,26.7,13.0,15.0,13.9,13.7,13.0
20260621,ジェバーダ,61.5,45.3,30.0,15.2,16.2,15.3,14.8,15.2
20260621,ベヒル,57.0,42.4,28.2,13.9,14.6,14.2,14.3,13.9
20260621,アンヌグロース,65.8,48.5,32.1,15.3,17.3,16.4,16.8,15.3
20260621,ビーアイジーニー,59.4,44.0,29.3,14.8,15.4,14.7,14.5,14.8
20260621,グレートキリシマ,61.0,44.8,29.7,14.5,16.2,15.1,15.2,14.5
20260621,タカモリ,57.7,42.5,28.1,13.9,15.2,14.4,14.2,13.9
20260621,ラウニウ,57.6,43.0,27.6,13.5,14.6,15.4,14.1,13.5
20260621,ネブラディスク,57.5,41.6,27.3,13.8,15.9,14.3,13.5,13.8
20260621,ランフォーヴァウ,55.8,40.9,26.8,13.4,14.9,14.1,13.4,13.4
20260621,グリーンゴー,56.4,41.4,27.3,13.0,15.0,14.1,14.3,13.0
20260621,ナヴォーナ,63.9,46.8,30.6,15.7,17.1,16.2,14.9,15.7
20260621,サンライズグラシア,63.7,46.1,30.3,15.1,17.6,15.8,15.2,15.1
20260621,アンティスマ,58.9,43.8,29.2,14.4,15.1,14.6,14.8,14.4
20260621,スターペスアンナ,58.9,44.0,30.0,14.5,14.9,14.0,15.5,14.5
20260621,ミッキーマーメイド,66.3,48.9,31.6,16.1,17.4,17.3,15.5,16.1
20260621,シアター,59.5,43.0,28.7,14.6,16.5,14.3,14.1,14.6
20260621,シンコーナホチャン,58.6,42.0,27.7,14.0,16.6,14.3,13.7,14.0
20260621,バトゥカーダ,63.6,47.2,31.7,16.3,16.4,15.5,15.4,16.3
20260621,ヴェロシア,56.4,41.0,26.9,13.5,15.4,14.1,13.4,13.5
20260621,ショルタメンテ,64.7,47.3,31.2,15.2,17.4,16.1,16.0,15.2
20260621,リボンインザスカイ,57.7,41.5,27.2,13.4,16.2,14.3,13.8,13.4
20260621,ホワイトフレイムス,63.5,45.1,29.6,14.3,18.4,15.5,15.3,14.3
20260621,エリカリヴァプール,71.4,49.9,32.0,15.8,21.5,17.9,16.2,15.8
20260621,ダノンチャンピオン,56.5,41.0,26.9,13.6,15.5,14.1,13.3,13.6
20260621,アリアニコ,64.7,47.7,31.5,15.3,17.0,16.2,16.2,15.3
20260621,ノーブルセプター,70.1,50.6,32.8,16.3,19.5,17.8,16.5,16.3
20260621,メイショウミリオレ,63.1,46.4,31.1,15.7,16.7,15.3,15.4,15.7
20260621,ピコオーバル,66.0,48.6,32.1,15.6,17.4,16.5,16.5,15.6
20260621,ウォーターアケビ,68.3,49.8,32.8,16.2,18.5,17.0,16.6,16.2
20260621,オールナット,74.6,54.8,36.8,18.5,19.8,18.0,18.3,18.5
20260621,カウンティフェア,74.4,54.1,35.6,17.7,20.3,18.5,17.9,17.7
20260621,シュプリームレルム,72.3,52.4,34.0,16.6,19.9,18.4,17.4,16.6
20260621,リヴァイ,71.4,50.9,32.9,15.8,20.5,18.0,17.1,15.8
20260621,フレアオブセンス,71.1,51.2,33.0,16.1,19.9,18.2,16.9,16.1
20260621,グッドピース,72.8,52.9,34.8,17.1,19.9,18.1,17.7,17.1
20260621,オンアロール,72.0,51.7,33.6,16.9,20.3,18.1,16.7,16.9
20260621,エボニーウイング,55.7,41.1,27.0,13.4,14.6,14.1,13.6,13.4
20260621,インザモーメント,67.8,50.3,33.1,16.1,17.5,17.2,17.0,16.1
20260621,ホウショウマリス,69.1,50.7,33.7,16.9,18.4,17.0,16.8,16.9
20260621,マイフレダ,69.2,51.6,34.8,17.7,17.6,16.8,17.1,17.7
20260621,ドルチェミスト,57.0,40.8,26.8,13.6,16.2,14.0,13.2,13.6
20260621,ジャストワナフライ,56.7,41.1,26.6,13.3,15.6,14.5,13.3,13.3
20260621,パフ,57.0,42.0,28.2,14.1,15.0,13.8,14.1,14.1
20260621,ダノンアトラス,58.3,43.1,28.1,14.0,15.2,15.0,14.1,14.0
20260621,ルージュマデイラ,56.6,41.8,27.5,13.1,14.8,14.3,14.4,13.1
20260621,アームズラムレイ,56.5,41.6,27.3,13.2,14.9,14.3,14.1,13.2
20260621,クリノオリーブ,55.4,40.2,26.5,13.2,15.2,13.7,13.3,13.2
20260621,ワイドブリザード,53.9,38.8,24.9,12.1,15.1,13.9,12.8,12.1
20260621,パレハ,60.7,43.3,27.4,13.3,17.4,15.9,14.1,13.3
20260621,マハートマーベル,55.2,40.6,26.9,13.8,14.6,13.7,13.1,13.8
20260621,リヴァデラルナ,56.7,41.0,26.3,12.7,15.7,14.7,13.6,12.7
20260621,ブライトココナッツ,55.7,40.8,26.7,13.2,14.9,14.1,13.5,13.2
20260621,ハイビッグゴールド,57.5,42.2,28.0,14.2,15.3,14.2,13.8,14.2
20260621,ベルアズーロ,60.4,44.2,29.0,13.9,16.2,15.2,15.1,13.9
20260621,アルディメント,56.8,41.5,27.6,13.8,15.3,13.9,13.8,13.8
20260621,エコロガルダ,56.7,41.6,27.3,13.3,15.1,14.3,14.0,13.3
20260621,パドゼフィール,56.5,39.5,24.4,12.5,17.0,15.1,11.9,12.5
20260621,コルテオソレイユ,54.5,39.2,25.0,12.0,15.3,14.2,13.0,12.0
20260621,ロードフリューゲル,56.3,41.3,27.5,13.7,15.0,13.8,13.8,13.7
20260621,スマイルガーデン,58.9,42.5,28.4,14.7,16.4,14.1,13.7,14.7
20260621,デアヴェローチェ,55.3,40.2,26.5,13.4,15.1,13.7,13.1,13.4
20260621,ディーエスシン,56.4,40.9,27.0,13.3,15.5,13.9,13.7,13.3
20260621,マリアンデール,58.6,42.2,27.4,13.5,16.4,14.8,13.9,13.5
20260621,ロードムーブオン,54.0,39.4,26.0,13.0,14.6,13.4,13.0,13.0
20260621,レイクイーン,58.5,42.2,27.4,13.5,16.3,14.8,13.9,13.5
20260621,ムーンベリル,61.7,45.3,30.0,14.8,16.4,15.3,15.2,14.8
20260621,ミッドナイトフレア,57.1,41.7,27.5,13.3,15.4,14.2,14.2,13.3
20260621,カエリールークス,54.1,39.6,26.1,13.1,14.5,13.5,13.0,13.1
20260621,アレナリア,57.4,42.3,28.1,14.3,15.1,14.2,13.8,14.3
20260621,メイショウコガシラ,65.0,47.5,31.7,15.5,17.5,15.8,16.2,15.5
20260621,オールナット,58.8,42.8,28.2,13.7,16.0,14.6,14.5,13.7
20260621,トッレブランカ,56.5,41.5,27.2,13.7,15.0,14.3,13.5,13.7
20260621,サイモンベローチェ,61.6,43.6,28.6,15.0,18.0,15.0,13.6,15.0
20260621,マトラコーニッシュ,60.4,43.5,28.7,14.1,16.9,14.8,14.6,14.1
20260621,メイショウハボマイ,69.6,51.3,34.6,17.4,18.3,16.7,17.2,17.4
20260621,カウンティフェア,56.8,41.3,26.8,12.7,15.5,14.5,14.1,12.7
20260621,ドンインザムード,60.9,44.8,29.3,14.6,16.1,15.5,14.7,14.6
20260621,ブレスドナイル,55.5,40.5,26.7,13.0,15.0,13.8,13.7,13.0
20260621,マサノシリウス,52.9,39.1,26.1,13.1,13.8,13.0,13.0,13.1
20260621,グレートアゲイン,59.4,43.9,29.5,14.6,15.5,14.4,14.9,14.6
20260621,シュプリームレルム,57.9,42.5,27.3,13.0,15.4,15.2,14.3,13.0
20260621,リヴァイ,59.2,42.7,27.2,12.9,16.5,15.5,14.3,12.9
20260621,ショールミーズ,60.1,44.3,28.9,14.3,15.8,15.4,14.6,14.3
20260621,フレアオブセンス,59.4,43.6,28.1,13.5,15.8,15.5,14.6,13.5
20260621,グッドピース,58.1,42.5,27.4,13.0,15.6,15.1,14.4,13.0
20260621,オンアロール,57.1,41.6,26.9,12.8,15.5,14.7,14.1,12.8
20260621,サマーアゲイン,56.4,41.6,26.6,12.9,14.8,15.0,13.7,12.9
20260621,ブラックケリー,56.5,40.8,26.2,12.4,15.7,14.6,13.8,12.4
20260621,ブルーカミング,58.8,44.0,28.8,14.3,14.8,15.2,14.5,14.3
20260621,サディーク,56.1,41.6,26.9,13.3,14.5,14.7,13.6,13.3
20260621,モンロワイヤル,58.7,43.4,28.5,13.9,15.3,14.9,14.6,13.9
20260621,ガルフコースト,73.6,55.1,36.3,17.3,18.5,18.8,19.0,17.3
20260621,リアライズパリオ,69.9,51.2,32.8,14.9,18.7,18.4,17.9,14.9
20260621,セイウンダイフク,57.9,42.0,27.2,13.7,15.9,14.8,13.5,13.7
20260621,バチラ,71.3,53.0,34.7,16.7,18.3,18.3,18.0,16.7
20260621,エコロメジャー,60.5,44.4,29.0,14.4,16.1,15.4,14.6,14.4
20260621,テリオスベラ,54.5,39.9,26.1,13.3,14.6,13.8,12.8,13.3
20260621,マーシーラン,62.9,46.0,30.1,14.9,16.9,15.9,15.2,14.9
20260621,フランキーバローズ,66.0,47.5,30.6,14.7,18.5,16.9,15.9,14.7
20260621,ヒラボクカレラ,59.9,44.0,29.4,14.6,15.9,14.6,14.8,14.6
20260621,ボンドロア,57.7,42.1,27.2,13.4,15.6,14.9,13.8,13.4
20260621,ベルフィーノ,64.0,46.2,30.5,15.6,17.8,15.7,14.9,15.6
20260621,チェラブ,55.7,41.5,28.3,14.9,14.2,13.2,13.4,14.9
20260621,スラッシュ,65.4,47.5,31.1,15.4,17.9,16.4,15.7,15.4
20260621,シュクルリー,53.4,40.2,26.8,13.8,13.2,13.4,13.0,13.8
20260621,ルナフィオーレ,56.2,40.9,26.7,13.3,15.3,14.2,13.4,13.3
20260621,ミスティックレイン,58.9,42.0,26.9,13.0,16.9,15.1,13.9,13.0
20260621,デュードロップ,54.6,40.8,26.8,13.5,13.8,14.0,13.3,13.5
20260621,ローベルクランツ,62.7,45.8,30.1,15.2,16.9,15.7,14.9,15.2
20260621,タイゲン,58.8,42.3,27.8,14.3,16.5,14.5,13.5,14.3
20260621,セイフウサツキ,58.6,43.3,27.8,13.8,15.3,15.5,14.0,13.8
20260621,ピアストイヤーズ,54.8,40.1,25.8,12.7,14.7,14.3,13.1,12.7
20260621,メイショウシュハリ,57.6,42.2,27.9,13.0,15.4,14.3,14.9,13.0
20260621,ルルハート,58.9,43.3,28.9,14.7,15.6,14.4,14.2,14.7
20260621,エルル,53.9,39.5,25.5,12.7,14.4,14.0,12.8,12.7
20260621,ジョン,57.3,41.7,27.7,13.9,15.6,14.0,13.8,13.9
20260621,ロクメイカン,57.1,41.6,27.6,13.9,15.5,14.0,13.7,13.9
20260621,ルクスグレイス,62.8,46.3,31.1,15.9,16.5,15.2,15.2,15.9
20260621,ビッグベルーガ,57.8,42.6,27.9,14.0,15.2,14.7,13.9,14.0
20260621,ユーヴェリア,55.0,40.0,26.0,12.9,15.0,14.0,13.1,12.9
20260621,クロユキ,56.6,40.3,26.2,13.4,16.3,14.1,12.8,13.4
20260621,チェカ,58.2,43.1,28.8,14.3,15.1,14.3,14.5,14.3
20260621,タガノバルコス,61.3,45.3,30.3,15.1,16.0,15.0,15.2,15.1
20260621,シュラザック,59.0,42.4,27.7,14.0,16.6,14.7,13.7,14.0
20260621,トモジャシック,54.9,39.8,26.6,13.6,15.1,13.2,13.0,13.6
20260621,ワッザイカ,59.5,43.0,28.4,14.4,16.5,14.6,14.0,14.4
20260621,オブシディアーナ,59.0,43.0,28.4,14.0,16.0,14.6,14.4,14.0
20260621,メイショウゲッコウ,54.9,39.7,26.0,12.9,15.2,13.7,13.1,12.9
20260621,トッピワールド,63.7,47.0,30.9,15.6,16.7,16.1,15.3,15.6
20260621,トゥデイイズザデイ,52.8,38.2,25.0,12.7,14.6,13.2,12.3,12.7
20260621,ママコチャ,59.5,43.2,27.4,12.7,16.3,15.8,14.7,12.7
20260621,セルジュバローズ,54.3,38.8,25.2,12.5,15.5,13.6,12.7,12.5
20260621,ブライトキングダム,57.3,40.6,26.3,13.2,16.7,14.3,13.1,13.2
20260621,ジワールドコア,66.2,49.5,33.2,16.6,16.7,16.3,16.6,16.6
20260621,トレビスドンナ,63.2,46.8,30.8,15.1,16.4,16.0,15.7,15.1
20260621,キトゥンズクラフト,60.6,43.7,28.5,13.4,16.9,15.2,15.1,13.4
20260621,アシャカブラーヴ,58.5,42.6,28.0,13.9,15.9,14.6,14.1,13.9
20260621,タイセイレスポンス,66.6,49.2,32.5,16.1,17.4,16.7,16.4,16.1
20260621,アカウフリューゲル,62.4,45.3,29.9,15.0,17.1,15.4,14.9,15.0
20260621,ムーンレガリア,58.7,43.8,29.6,14.9,14.9,14.2,14.7,14.9
20260621,ボーオーブ,58.9,44.0,29.6,14.9,14.9,14.4,14.7,14.9
20260621,シュプレヒコール,68.1,50.0,33.6,16.5,18.1,16.4,17.1,16.5
20260621,ルヴレアール,58.7,42.8,28.1,13.8,15.9,14.7,14.3,13.8
20260621,オープンザパンドラ,60.3,43.6,28.0,13.1,16.7,15.6,14.9,13.1
20260621,イクヒロ,61.7,44.8,28.7,13.6,16.9,16.1,15.1,13.6
20260621,メイショウヘール,56.8,41.3,26.5,13.0,15.5,14.8,13.5,13.0
20260621,アメリカンピース,55.2,40.4,25.8,12.6,14.8,14.6,13.2,12.6
20260621,スズカミエール,55.7,40.3,25.9,13.1,15.4,14.4,12.8,13.1
20260621,ヨウリンケイジュ,65.5,48.3,31.3,15.4,17.2,17.0,15.9,15.4
20260621,マルモリキャスター,62.5,46.4,30.9,15.8,16.1,15.5,15.1,15.8
20260621,ウィモウェ,67.4,48.1,31.5,15.6,19.3,16.6,15.9,15.6
20260621,モーデン,53.2,38.9,25.7,12.8,14.3,13.2,12.9,12.8
20260621,インブロリオ,66.0,48.6,31.4,15.9,17.4,17.2,15.5,15.9
20260621,パレットフレイバー,56.1,41.4,27.3,13.7,14.7,14.1,13.6,13.7
20260621,ルマンサルト,71.0,50.6,33.3,16.3,20.4,17.3,17.0,16.3
20260621,イーサンマリーン,63.3,45.9,29.6,14.6,17.4,16.3,15.0,14.6
20260621,ゲッパクフウセイ,58.2,43.7,29.6,15.0,14.5,14.1,14.6,15.0
20260621,ウインガウェイン,70.4,50.2,33.1,16.3,20.2,17.1,16.8,16.3
20260621,ロードトレイル,58.9,43.6,29.0,14.9,15.3,14.6,14.1,14.9
20260621,ココデイック,58.0,43.6,28.7,14.7,14.4,14.9,14.0,14.7
20260621,タマモジャスミン,57.5,42.1,27.7,13.7,15.4,14.4,14.0,13.7
20260621,ラマヌジャン,56.0,41.1,26.3,13.2,14.9,14.8,13.1,13.2
20260621,ヴォメロ,55.6,40.9,26.3,13.0,14.7,14.6,13.3,13.0
20260621,アルトゥーム,57.8,42.9,28.7,14.4,14.9,14.2,14.3,14.4
20260621,リアルアルバ,68.6,50.7,33.9,16.8,17.9,16.8,17.1,16.8
20260621,メドウセージ,57.0,42.6,28.6,14.6,14.4,14.0,14.0,14.6
20260621,パールフロント,60.2,43.8,29.3,14.7,16.4,14.5,14.6,14.7
20260621,レディーミコノス,56.5,41.5,27.5,13.4,15.0,14.0,14.1,13.4
20260621,メイショウホウレン,67.8,49.8,33.0,16.1,18.0,16.8,16.9,16.1
20260621,メイショウツキヨ,57.1,41.3,27.6,14.2,15.8,13.7,13.4,14.2
20260621,メイショウグロリア,57.3,41.6,27.9,14.4,15.7,13.7,13.5,14.4
20260621,ニホンピロトッティ,59.3,43.3,28.7,14.1,16.0,14.6,14.6,14.1
20260621,ライラックデューン,60.4,44.9,29.6,14.8,15.5,15.3,14.8,14.8
20260621,オデット,59.5,43.8,28.8,14.2,15.7,15.0,14.6,14.2
20260621,アイスフォーク,60.5,44.1,28.6,14.1,16.4,15.5,14.5,14.1
20260621,マーヴィン,60.3,44.0,28.5,14.0,16.3,15.5,14.5,14.0
20260621,コンセントリコ,56.1,41.5,27.7,14.0,14.6,13.8,13.7,14.0
20260621,コックスコーム,56.0,41.5,27.7,14.0,14.5,13.8,13.7,14.0
20260621,ギャルズマインド,59.4,43.5,28.2,14.0,15.9,15.3,14.2,14.0
20260621,メイショウキルギス,59.0,43.2,28.4,14.3,15.8,14.8,14.1,14.3
20260621,サンシュエール,57.7,42.6,27.3,13.5,15.1,15.3,13.8,13.5
20260621,ルージュアルミーラ,66.3,49.1,33.1,16.6,17.2,16.0,16.5,16.6
20260621,コトテーラー,69.2,51.6,34.8,17.5,17.6,16.8,17.3,17.5
20260621,ローズトリオンフォ,68.5,51.2,34.2,16.9,17.3,17.0,17.3,16.9
20260621,ドラゴンファントム,66.4,49.1,33.1,16.6,17.3,16.0,16.5,16.6
20260621,ヨコハマブルース,67.5,50.0,33.4,16.6,17.5,16.6,16.8,16.6
20260621,リルスー,67.5,49.9,33.4,16.5,17.6,16.5,16.9,16.5
20260621,ホーリーステップ,55.4,39.3,25.3,12.4,16.1,14.0,12.9,12.4
20260621,カラペルソナ,70.9,51.8,33.9,16.7,19.1,17.9,17.2,16.7
20260621,ヤマニンソロイスト,55.5,39.8,25.4,12.6,15.7,14.4,12.8,12.6
20260621,ヴィータリッカ,70.7,51.8,33.9,16.7,18.9,17.9,17.2,16.7
20260621,ミニヨンダンサー,56.7,41.1,26.8,13.5,15.6,14.3,13.3,13.5
20260621,スカイハイ,76.8,55.6,36.1,17.3,21.2,19.5,18.8,17.3
20260621,シビックアスコット,66.8,49.4,32.6,16.1,17.4,16.8,16.5,16.1
20260621,テイエムファントム,70.0,50.9,33.8,16.7,19.1,17.1,17.1,16.7
20260621,ブエノスオプティマ,65.9,48.8,32.2,15.9,17.1,16.6,16.3,15.9
20260621,スーサンコルティナ,69.9,51.0,33.5,16.7,18.9,17.5,16.8,16.7
20260621,タガノレクシア,70.4,50.6,33.9,17.0,19.8,16.7,16.9,17.0
20260621,マテンロウジョイ,63.0,45.4,29.4,14.4,17.6,16.0,15.0,14.4
20260621,アレナパラシオ,59.0,42.5,28.2,14.0,16.5,14.3,14.2,14.0
20260621,メイショウリリー,71.9,52.5,34.2,16.7,19.4,18.3,17.5,16.7
20260621,シンゼンイセ,62.0,44.3,28.7,14.4,17.7,15.6,14.3,14.4
20260621,ダンツカレン,59.3,43.8,28.7,13.7,15.5,15.1,15.0,13.7
20260621,ジュンヴァッテッド,56.8,42.0,27.9,14.2,14.8,14.1,13.7,14.2
20260621,ディープリメンバー,65.6,49.3,32.2,15.5,16.3,17.1,16.7,15.5
20260621,ジーティーマンフク,65.5,49.2,32.1,15.4,16.3,17.1,16.7,15.4
20260621,ピースオブザライフ,69.8,51.7,34.9,17.2,18.1,16.8,17.7,17.2
20260621,マルカオペラ,61.1,44.4,29.0,14.6,16.7,15.4,14.4,14.6
20260621,カペルブリュッケ,59.0,43.3,28.9,14.5,15.7,14.4,14.4,14.5
20260621,ホワイトパンサー,73.8,53.7,36.0,18.3,20.1,17.7,17.7,18.3
20260621,クインズアンジェロ,75.4,54.9,36.9,18.8,20.5,18.0,18.1,18.8
20260621,ルクスユアン,72.7,53.5,36.3,18.6,19.2,17.2,17.7,18.6
20260621,レイピカケ,58.8,43.1,29.0,14.6,15.7,14.1,14.4,14.6
20260621,フォーオール,65.3,48.2,31.6,15.3,17.1,16.6,16.3,15.3
20260621,サンライズフレイム,83.7,58.2,37.2,17.5,25.5,21.0,19.7,17.5
20260621,プウスカンドゥール,60.1,44.3,28.7,14.5,15.8,15.6,14.2,14.5
20260621,アブキールベイ,55.5,39.6,25.6,12.7,15.9,14.0,12.9,12.7
20260621,スネーフリンガ,66.0,48.8,32.7,16.1,17.2,16.1,16.6,16.1
20260621,セレブトーチ,58.3,42.3,26.9,12.6,16.0,15.4,14.3,12.6
20260621,アスコットアイ,58.0,42.1,27.5,13.7,15.9,14.6,13.8,13.7
20260621,レッドシュテルン,58.9,43.8,28.7,14.4,15.1,15.1,14.3,14.4
20260621,サンライズレマ,57.0,41.8,27.4,13.7,15.2,14.4,13.7,13.7
20260621,サイモンレガシー,57.0,41.8,27.4,13.7,15.2,14.4,13.7,13.7
20260621,マリナーヴァレイ,65.2,47.2,31.0,15.8,18.0,16.2,15.2,15.8
20260621,イッソス,67.8,50.0,32.7,15.6,17.8,17.3,17.1,15.6
20260621,アスクザアメリカン,63.4,46.7,31.2,15.6,16.7,15.5,15.6,15.6
20260621,マダムカマラード,56.0,41.0,26.7,13.2,15.0,14.3,13.5,13.2
20260621,アマリス,65.2,48.0,31.6,15.6,17.2,16.4,16.0,15.6
20260621,ギブアンドギブ,65.2,48.0,31.6,15.6,17.2,16.4,16.0,15.6
20260621,ザウリ,57.8,42.0,26.8,13.0,15.8,15.2,13.8,13.0
20260621,モズプリヴェール,57.8,41.2,26.5,13.1,16.6,14.7,13.4,13.1
20260621,イチトゼロノアイダ,58.0,42.0,27.5,13.7,16.0,14.5,13.8,13.7
20260621,ラヴァンドローリエ,56.9,41.6,26.9,13.3,15.3,14.7,13.6,13.3
20260621,ウインガラハッド,56.0,41.1,26.7,13.2,14.9,14.4,13.5,13.2
20260621,アイファーモービル,57.9,42.0,27.4,13.4,15.9,14.6,14.0,13.4
20260621,サヴォーナ,71.4,51.0,32.5,15.6,20.4,18.5,16.9,15.6
20260621,クリコイーコ,57.8,42.1,27.9,14.4,15.7,14.2,13.5,14.4
20260621,イグニション,57.9,41.3,26.7,13.1,16.6,14.6,13.6,13.1
20260621,ステラネージュ,60.3,44.2,29.6,14.8,16.1,14.6,14.8,14.8
20260621,デルマトカチ,55.2,39.9,25.7,13.0,15.3,14.2,12.7,13.0
20260621,ビサイレント,57.5,41.7,27.3,13.5,15.8,14.4,13.8,13.5
20260621,シーザットガール,63.5,46.9,30.9,15.2,16.6,16.0,15.7,15.2
20260621,ロイドウェバー,68.7,49.8,32.6,16.0,18.9,17.2,16.6,16.0
20260621,ラクホマレ,56.4,41.2,26.9,13.1,15.2,14.3,13.8,13.1
20260621,ベルコート,65.0,48.0,32.4,16.7,17.0,15.6,15.7,16.7
20260621,ドラゴンバルド,65.0,48.1,32.6,16.5,16.9,15.5,16.1,16.5
20260621,ワンダフルボンド,55.9,41.4,27.5,13.7,14.5,13.9,13.8,13.7
20260621,トップオブザライン,59.9,43.6,28.5,14.0,16.3,15.1,14.5,14.0
20260621,タイセイドゥマーニ,70.8,51.7,34.0,17.0,19.1,17.7,17.0,17.0
20260621,ジュピターバローズ,59.7,43.1,28.1,14.0,16.6,15.0,14.1,14.0
20260621,パープルウインド,55.4,40.0,26.1,13.3,15.4,13.9,12.8,13.3
20260621,カネコメファミリー,65.6,48.9,32.7,16.3,16.7,16.2,16.4,16.3
20260621,ウインラウダ,58.4,42.6,27.8,13.7,15.8,14.8,14.1,13.7
20260621,ヨシノイースター,57.7,42.6,28.5,14.4,15.1,14.1,14.1,14.4
20260621,ジュンライデン,57.2,42.2,27.6,13.8,15.0,14.6,13.8,13.8
20260621,ケイアイメキラ,70.7,50.9,33.2,16.8,19.8,17.7,16.4,16.8
20260621,ワンダーゾルダート,64.0,47.5,31.5,15.6,16.5,16.0,15.9,15.6
20260621,ミッキーロビン,63.9,48.1,31.7,15.7,15.8,16.4,16.0,15.7
20260621,セレーネサンライズ,74.0,54.7,36.8,18.5,19.3,17.9,18.3,18.5
20260621,ブラックブレット,63.9,47.3,31.5,15.8,16.6,15.8,15.7,15.8
20260621,ファータカエリ,68.6,50.6,33.3,16.6,18.0,17.3,16.7,16.6
20260621,メイショウミカワ,67.0,49.3,32.4,16.2,17.7,16.9,16.2,16.2
20260621,ラミエルノムスコ,63.5,47.7,31.7,16.0,15.8,16.0,15.7,16.0
20260621,メイショウペルル,66.1,49.2,32.5,16.5,16.9,16.7,16.0,16.5
20260621,ファイアプレイス,66.0,47.6,31.3,15.1,18.4,16.3,16.2,15.1
20260621,マーゴットプレ,68.0,50.5,33.1,16.1,17.5,17.4,17.0,16.1
20260621,マーゴットヴィム,70.9,52.4,34.6,17.6,18.5,17.8,17.0,17.6
20260621,サンマルパトロール,70.3,52.4,35.0,17.4,17.9,17.4,17.6,17.4
20260621,ジャンヌローサ,60.1,44.2,29.3,14.2,15.9,14.9,15.1,14.2
20260621,ジーティーマローネ,59.6,44.2,29.3,14.4,15.4,14.9,14.9,14.4
20260621,ビーグラッド,56.3,41.2,27.5,14.1,15.1,13.7,13.4,14.1
20260621,ノボリクレバー,58.1,43.3,28.4,14.1,14.8,14.9,14.3,14.1
20260621,メイショウタカネ,66.5,48.7,31.9,15.7,17.8,16.8,16.2,15.7
20260621,レインインザスカイ,66.1,48.8,32.2,16.2,17.3,16.6,16.0,16.2
20260621,ジョリープリュム,65.5,48.1,31.7,15.5,17.4,16.4,16.2,15.5
20260621,イテルム,65.2,48.0,31.5,15.6,17.2,16.5,15.9,15.6
20260621,ジーティーアンバー,65.9,48.7,32.0,15.7,17.2,16.7,16.3,15.7
20260621,ジョルティーニ,67.3,49.6,33.1,16.7,17.7,16.5,16.4,16.7
20260621,メイショウオオミネ,62.0,45.2,29.8,14.8,16.8,15.4,15.0,14.8
20260621,ショーライトイヤー,63.3,43.4,27.2,13.3,19.9,16.2,13.9,13.3
20260621,テーオーダヴィンチ,55.4,40.5,25.8,12.4,14.9,14.7,13.4,12.4
20260621,テーオーノーベル,57.9,40.8,25.8,12.5,17.1,15.0,13.3,12.5
20260621,ジョイザモーメント,59.5,43.3,28.7,14.3,16.2,14.6,14.4,14.3
20260621,ミルトサクセス,59.5,43.3,28.7,14.3,16.2,14.6,14.4,14.3
20260621,ﾏﾛﾝﾊﾟﾝﾅの24,66.2,49.2,33.1,16.9,17.0,16.1,16.2,16.9
20260621,エアセンチュリー,57.3,42.0,27.7,13.7,15.3,14.3,14.0,13.7
20260621,タロ,61.2,44.0,28.4,14.1,17.2,15.6,14.3,14.1
20260621,ニシノトリビュート,55.2,40.2,25.9,13.0,15.0,14.3,12.9,13.0
20260621,ボビーザグレート,67.6,49.7,32.7,15.9,17.9,17.0,16.8,15.9
20260621,ウォーターリーダー,56.3,40.5,26.3,13.0,15.8,14.2,13.3,13.0
20260621,オルノア,62.2,44.3,28.6,13.9,17.9,15.7,14.7,13.9
20260621,クインズショコラ,61.8,44.2,28.5,13.8,17.6,15.7,14.7,13.8
20260621,ポルトドール,54.5,39.6,26.1,13.2,14.9,13.5,12.9,13.2
20260621,サンクサンス,68.8,51.0,33.5,16.5,17.8,17.5,17.0,16.5
20260621,アルバドラータ,68.9,50.0,32.6,15.6,18.9,17.4,17.0,15.6
20260621,ディヴァンパーレ,69.3,51.4,33.8,16.6,17.9,17.6,17.2,16.6
20260621,ショウナンハクラク,59.1,42.4,27.4,13.4,16.7,15.0,14.0,13.4
20260621,レイナデアルシーラ,59.6,43.8,28.6,14.1,15.8,15.2,14.5,14.1
20260621,ショウナンライラ,55.7,40.4,26.6,13.0,15.3,13.8,13.6,13.0
20260621,ヴァーティゴー,59.6,44.4,29.7,14.8,15.2,14.7,14.9,14.8
20260621,リエーヴェ,58.9,42.9,28.2,13.6,16.0,14.7,14.6,13.6
20260621,ヴェッタフィオーレ,66.6,49.0,33.2,17.1,17.6,15.8,16.1,17.1
20260621,アスクアットバット,56.5,40.7,26.8,13.2,15.8,13.9,13.6,13.2
20260621,メイショウタダツグ,63.0,47.0,31.6,16.0,16.0,15.4,15.6,16.0
20260621,ホルトバージ,65.3,47.7,31.5,15.6,17.6,16.2,15.9,15.6
20260621,ソニックブーム,55.9,40.5,26.9,13.4,15.4,13.6,13.5,13.4
20260621,スマッシング,58.2,42.6,28.1,13.8,15.6,14.5,14.3,13.8
20260621,ニドヅケキンシ,68.4,49.7,32.9,15.9,18.7,16.8,17.0,15.9
20260621,サンマルノヴェル,70.0,51.3,34.1,17.3,18.7,17.2,16.8,17.3
20260621,アリュウ,57.7,42.3,27.1,13.4,15.4,15.2,13.7,13.4
20260621,マリノムーンリーフ,60.1,43.2,28.3,14.1,16.9,14.9,14.2,14.1
20260621,アセンシオン,67.3,49.8,33.2,16.5,17.5,16.6,16.7,16.5
20260621,スイトーヨ,59.9,44.3,29.5,14.2,15.6,14.8,15.3,14.2
20260621,ジュウオウ,60.7,44.1,28.3,13.9,16.6,15.8,14.4,13.9
20260621,ワールドシリーズ,70.4,51.1,33.3,16.6,19.3,17.8,16.7,16.6
20260621,ジェラルリスト,57.3,41.2,27.2,13.7,16.1,14.0,13.5,13.7
20260621,シャインロード,61.6,44.9,29.5,14.7,16.7,15.4,14.8,14.7
20260621,テイエムリステット,69.8,51.0,33.9,16.9,18.8,17.1,17.0,16.9
