年月日,馬名,5F,4F,3F,Lap3,Lap2,Lap1
20260718,カンティーユ,,51.8,36.8,12.7,11.9,12.2
20260718,ルーラーリッチ,127.5,57.1,40.2,14.6,13.4,12.2
20260718,トクシージェネラル,135.7,56.3,39.9,14.3,13.4,12.2
20260718,タイヨウノユビワ,139.0,56.1,40.0,14.6,13.3,12.1
20260718,シリウスコルト,68.0,53.1,38.3,14.0,12.7,11.6
20260718,アンパドゥ,,66.2,47.3,16.9,14.9,15.5
20260718,フィールドノート,,67.1,47.9,17.6,15.9,14.4
20260718,セイウンヤオヨロズ,67.2,51.2,36.6,13.0,11.9,11.7
20260718,ノブステップ,68.1,53.1,38.3,14.0,12.5,11.8
20260718,マナイアカラニ,66.9,52.0,37.5,13.5,12.3,11.7
20260718,ミクニルミナス,67.1,52.2,37.7,13.8,12.3,11.6
20260718,テンペストヒロイン,71.5,53.8,38.6,14.6,12.9,11.1
20260718,スカット,74.4,56.3,40.8,14.8,13.5,12.5
20260718,サンダーストラック,,69.6,50.9,18.2,16.8,15.9
20260718,エイシンウルクンデ,,82.4,60.7,21.5,21.4,17.8
20260718,ニシノタカオ,74.3,56.3,40.7,14.7,13.8,12.2
20260718,ヨドノティアラ,,77.0,55.4,20.2,18.4,16.8
20260718,スペシャルサンクス,,77.5,54.2,19.8,17.7,16.7
20260718,ガジュノリ,,66.2,47.8,16.8,15.9,15.1
20260718,トウシンライオット,,66.3,48.7,16.7,16.2,15.8
20260718,サノノソルジャー,,66.4,48.4,16.7,15.7,16.0
20260718,ライヴバーボン,,65.9,48.3,16.8,15.7,15.8
20260718,ブレイクフォース,,67.5,48.8,16.6,16.0,16.2
20260718,サスツルギ,,107.0,81.1,26.6,27.9,26.6
20260718,ポッドロワール,,104.9,72.4,27.2,23.4,21.8
20260718,エターナルシルバー,,66.8,48.6,17.2,16.0,15.4
20260718,ゴバド,,72.3,53.6,18.2,17.6,17.8
20260718,リオハリソンメリー,,71.8,52.9,17.9,17.2,17.8
20260718,モントーヤ,,69.9,50.8,17.3,17.0,16.5
20260718,トラスティア,70.7,55.7,40.5,14.8,13.0,12.7
20260718,フォンターナドーロ,69.3,53.5,38.4,14.3,12.3,11.8
20260718,リアスブルー,69.8,53.8,38.6,14.4,12.4,11.8
20260718,ソウルアンドジャズ,67.0,51.6,37.3,13.7,12.1,11.5
20260718,チャリティチャリス,,72.3,51.9,18.4,17.0,16.5
20260718,アリアファブラ,67.6,52.5,38.3,14.0,12.8,11.5
20260718,エピックジャーニー,,72.5,51.7,18.1,17.1,16.5
20260718,オオルリ,,74.6,53.8,19.0,17.8,17.0
20260718,ライングラウス,,67.4,48.6,17.7,16.1,14.8
20260718,モミスケ,,74.7,54.2,18.7,18.4,17.1
20260718,ナイトスラッガー,,63.8,47.1,16.0,15.5,15.6
20260718,タイセイプランセス,,83.2,61.0,20.7,20.5,19.8
20260718,ティラーノ,,67.4,49.5,17.1,16.5,15.9
20260718,ジャムセッション,,70.1,51.1,18.3,16.8,16.0
20260718,スピカテソーロ,,68.7,50.8,18.1,16.7,16.0
20260718,コスモバルムンク,,67.9,49.5,17.6,16.0,15.9
20260718,タイセイパーシスト,,70.3,51.1,18.3,16.9,15.9
20260718,リッキースタイル,,79.5,57.8,20.8,19.1,17.9
20260718,セレスティアハート,89.4,70.9,53.0,18.0,17.3,17.7
20260718,カンフーヒーロー,91.3,72.9,53.9,19.0,17.7,17.2
20260718,テングカゼ,91.0,72.5,53.8,19.0,17.6,17.2
20260718,ハビレ,85.1,67.2,49.5,17.4,16.0,16.1
20260718,ケルピー,93.4,73.9,54.3,18.9,18.0,17.4
20260718,シャンソンドール,93.7,74.2,54.2,19.0,17.9,17.3
20260718,トップデュオ,99.4,77.2,56.6,20.1,19.0,17.5
20260718,ユイハホンキダゼ,97.1,76.6,55.5,19.1,18.1,18.3
20260718,ユイノササヤキ,67.5,51.4,37.2,13.0,12.0,12.2
20260718,ショービット,92.1,72.1,52.6,18.6,17.8,16.2
20260718,スカイリッチ,84.7,66.6,48.7,17.3,16.0,15.4
20260718,ローレルエース,,74.8,54.9,18.9,18.2,17.8
20260718,オカメノコイ,90.2,71.5,52.5,18.8,18.0,15.7
20260718,イズルード,82.7,64.6,47.0,17.2,15.4,14.4
20260718,テンカムテキ,124.1,98.2,72.2,24.9,24.0,23.3
20260718,マイネルサリーレ,96.5,75.6,55.3,19.0,18.6,17.7
20260718,ビップルーチェ,,83.6,59.4,20.8,19.6,19.0
20260718,ヤマメジャンプ,,82.4,58.9,19.9,19.8,19.2
20260718,グランフィエスタ,90.1,70.8,52.2,17.7,17.2,17.3
20260718,メッエフアパラ,98.7,77.0,56.9,20.6,18.8,17.5
20260718,アイアムジャイアン,,76.5,55.0,19.6,18.3,17.1
20260718,ベルウッドクレド,98.5,76.1,55.4,19.4,18.7,17.3
20260718,ウィレマイト,97.1,75.7,55.5,19.7,18.1,17.7
20260718,アルマーレシチー,,59.2,39.7,15.8,12.7,11.2
20260718,ラヴアンドライク,79.9,62.9,45.8,16.4,15.1,14.3
20260718,ローシャムパーク,109.8,85.7,62.5,22.5,20.8,19.2
20260718,ファビュラススター,,68.4,49.0,17.5,16.0,15.5
20260718,ヒラボクキャンティ,,71.5,52.2,18.1,17.3,16.8
20260718,ｱﾙﾎﾟﾙﾄの24,,70.9,51.1,18.2,16.7,16.2
20260718,マインドフルネス,,70.7,50.9,17.7,16.8,16.4
20260718,クロノフラッシュ,,70.3,50.6,17.5,16.5,16.6
20260718,バーヴァンシー,,68.8,49.7,17.7,15.9,16.1
20260718,カーラデマドレ,88.6,69.5,50.8,17.7,17.1,16.0
20260718,コートアリシアン,,125.3,91.9,30.8,30.4,30.7
20260718,スーパーハイウェイ,,125.6,92.0,31.0,30.2,30.8
20260718,ロワゾブルー,79.4,58.5,40.9,15.0,13.5,12.4
20260718,ジャストピーチー,106.0,83.0,61.1,21.8,20.4,18.9
20260718,ノヴァカーラ,106.0,83.0,61.0,21.7,20.5,18.8
20260718,ロードブレイズ,78.5,61.7,45.3,15.9,14.9,14.5
20260718,スナッピードレッサ,,63.9,47.3,16.7,16.0,14.6
20260718,エラルディーク,,65.6,47.3,16.9,15.2,15.2
20260718,アインザッツ,,64.4,46.3,16.3,15.1,14.9
20260718,ランギヌイ,,65.0,47.0,16.9,15.1,15.0
20260718,ロジャリーマイン,118.3,91.1,64.3,23.7,21.1,19.5
20260718,ラブディーヴァ,,53.6,37.7,14.3,12.3,11.1
20260718,カウスリップ,,69.8,51.4,18.5,16.8,16.1
20260718,ベルウッドピース,,66.2,48.5,17.0,15.9,15.6
20260718,ゲクウ,,63.4,45.8,16.1,15.4,14.3
20260718,アブリコース,,70.9,51.2,17.9,17.0,16.3
20260718,ヴィシーチェック,,63.9,45.9,16.4,15.3,14.2
20260718,アルティシエル,94.9,74.0,54.3,19.2,18.1,17.0
20260718,ブライトラン,,68.7,50.2,17.3,16.5,16.4
20260718,ピコペアシェイプ,,139.2,104.3,34.2,34.9,35.2
20260718,サムシングスイート,,139.2,104.4,34.1,35.3,35.0
20260718,カナデルペガサス,,69.4,49.9,17.6,16.5,15.8
20260718,イントゥザサン,,140.3,105.2,35.0,34.7,35.5
20260718,フィールザウィル,,139.2,104.4,34.2,35.1,35.1
20260718,フォルスラヴィ,,140.5,105.4,35.1,34.8,35.5
20260718,ゴールデンオスカー,,66.2,46.7,17.1,15.6,14.0
20260718,ケイツーリーブル,,67.2,48.6,17.8,15.8,15.0
20260718,ゴールドシャーク,,78.0,55.7,20.1,18.0,17.6
20260718,キョウエイシャトル,,63.7,46.6,15.7,15.5,15.4
20260718,サウジバラード,,70.8,52.2,18.3,17.3,16.6
20260718,ミウ,,71.5,53.1,18.1,17.6,17.4
20260718,スマートブライド,,71.7,53.1,18.3,17.5,17.3
20260718,ヴァルフォース,,71.0,52.6,17.8,17.8,17.0
20260718,ブルージェイ,,70.8,52.3,18.2,17.1,17.0
20260718,ウインロゼライト,,68.5,50.3,17.4,17.1,15.8
20260718,デルマテイネ,90.4,71.6,52.7,18.4,17.2,17.1
20260718,マジギレカレン,90.8,71.8,53.4,18.3,17.6,17.5
20260718,ナハトナナレオン,,67.9,50.4,17.1,16.8,16.5
20260718,ウインベアトリス,70.2,54.3,38.9,14.2,12.8,11.9
20260718,コスモナエマ,,64.1,47.9,16.5,15.6,15.8
20260718,インビンシブルパパ,,122.2,89.6,30.0,29.3,30.3
20260718,フレアリングベリー,,78.9,57.7,20.6,19.1,18.0
20260718,シュトラウス,85.6,65.3,47.1,16.7,15.6,14.8
20260718,ミエノブラボー,68.8,53.0,38.1,14.3,12.6,11.2
20260718,スティールブルー,69.1,53.1,38.3,14.1,13.1,11.1
20260718,キコリータ,69.2,53.6,38.5,14.4,12.8,11.3
20260718,カワイクテゴメン,69.8,54.0,38.8,14.7,12.8,11.3
20260718,ミアネーロ,109.9,86.6,63.8,21.8,21.5,20.5
20260718,ピーターサイト,69.6,53.6,39.0,13.8,12.7,12.5
20260718,ルージュダリア,117.3,91.4,66.8,24.0,22.1,20.7
20260718,イノーマル,,70.5,52.5,19.1,16.9,16.5
20260718,レディソフィア,86.8,68.5,51.1,17.4,17.2,16.5
20260718,ミスガルベストン,86.8,68.5,51.2,17.4,17.1,16.7
20260718,ブルージンジャー,,77.8,56.1,20.5,18.5,17.1
20260718,モンツァフレイバー,,77.9,55.1,20.9,17.2,17.0
20260718,サマースイートピー,,64.7,45.5,16.7,15.1,13.7
20260718,エラガバリウム,,64.2,45.4,16.3,14.3,14.8
20260718,ニシノトラノスケ,,62.6,44.6,16.5,14.2,13.9
20260718,エイシンイクサボシ,,89.3,65.1,22.9,22.0,20.2
20260718,ジャンビ,,78.7,55.9,20.7,18.2,17.0
20260718,クライナリーゼ,71.0,56.0,39.9,15.4,12.6,11.9
20260718,エングルマン,80.4,63.5,46.6,16.2,15.1,15.3
20260718,フィオッコローザ,80.1,63.4,46.1,16.2,14.8,15.1
20260718,アウフヘーベン,83.2,66.3,48.6,16.9,16.0,15.7
20260718,アレ,84.0,66.8,48.3,17.2,15.6,15.5
20260718,イザショウブ,83.3,66.3,48.6,17.8,15.4,15.4
20260718,マイベスティー,89.7,71.3,51.6,19.0,16.4,16.2
20260718,コルヴァス,,63.4,46.2,17.0,14.5,14.7
20260718,ゼットリアン,,76.0,56.2,19.3,18.5,18.4
20260718,ソルアモール,,73.5,53.5,19.5,17.5,16.5
20260718,シャリキモン,,75.7,54.4,19.8,17.7,16.9
20260718,ウインクローバー,,73.6,53.8,19.6,17.7,16.5
20260718,ルマンサルト,,77.4,56.0,20.0,18.8,17.2
20260718,ハイディージェン,,74.6,55.4,19.7,18.4,17.3
20260718,ルシャリオ,,85.0,60.9,21.6,19.9,19.4
20260718,リカード,,74.1,53.1,19.5,17.5,16.1
20260718,サーバルマインド,,76.3,57.4,20.0,19.0,18.4
20260718,パラチー,,77.9,57.6,19.2,19.8,18.6
20260718,ペイシャシス,,74.1,53.0,19.2,17.7,16.1
20260718,フェブリノ,,73.3,52.5,18.2,17.3,17.0
20260718,スピーディスピン,,73.3,53.6,19.5,18.2,15.9
20260718,サーブルディアマン,,75.5,53.7,19.3,17.6,16.8
20260718,メイショウジェンマ,95.8,75.7,55.5,19.5,18.6,17.4
20260718,クァンタムウェーブ,,85.3,62.2,22.9,20.1,19.2
20260718,ウォーブレイク,92.2,73.5,53.3,19.3,17.2,16.8
20260718,ブレイズカルナバル,98.3,77.9,56.6,21.0,18.2,17.4
20260718,レインボーステート,,77.8,56.3,19.6,18.6,18.1
20260718,レイクラシック,85.5,67.4,49.1,17.9,15.8,15.4
20260718,サンライズメジェド,,66.1,47.9,17.0,15.5,15.4
20260718,ラトラース,,69.0,49.1,18.1,15.6,15.4
20260718,ウインヘリオドール,77.5,61.3,44.2,15.8,13.6,14.8
20260718,サイモンシャリオ,74.9,58.7,43.0,15.5,13.6,13.9
20260718,キャリアハイ,87.9,70.5,52.3,19.0,16.4,16.9
20260718,スカイピア,,77.6,55.6,20.4,17.9,17.3
20260718,メイショウソウタ,,67.0,48.2,17.5,15.4,15.3
20260718,サラサダンディー,,62.9,44.6,16.5,14.1,14.0
20260718,アリエスキング,,67.4,49.5,17.3,15.4,16.8
20260718,ロードヴォイジャー,,76.8,55.3,20.1,17.6,17.6
20260718,ベリベリハッピー,137.3,105.7,74.7,27.5,23.6,23.6
20260718,エアフォースワン,91.2,73.6,53.8,19.1,17.3,17.4
20260718,カツラノキサノキ,,72.6,50.3,18.5,16.1,15.7
20260718,メイショウドキョウ,83.7,66.6,48.8,17.8,15.8,15.2
20260718,ランブリングマン,,76.3,54.8,19.4,17.9,17.5
20260718,レイアン,83.8,66.6,48.7,17.8,15.8,15.1
20260718,ホシヲミテルンナ,90.4,72.5,53.5,18.6,17.5,17.4
20260718,チルカーノ,87.1,69.3,51.1,17.8,16.7,16.6
20260718,オーケーキュート,,74.7,54.4,19.3,18.1,17.0
20260718,ヴォーカライズ,87.2,69.4,51.2,17.8,16.7,16.7
20260718,ラジャブルック,87.2,69.3,51.1,17.8,16.7,16.6
20260718,オンアロール,87.1,69.2,51.1,17.8,16.6,16.7
20260718,イントゥアティジー,87.1,69.3,51.1,17.7,16.7,16.7
20260718,ショウナンバトレニ,87.2,69.3,51.2,17.8,16.7,16.7
20260718,キスアンドクライ,,143.1,107.9,33.8,37.6,36.5
20260718,タイセイグローバル,88.2,70.0,51.6,18.0,16.9,16.7
20260718,ドラゴンバルド,93.1,73.4,54.7,17.9,18.2,18.6
20260718,ファーストアタック,,64.1,46.4,16.7,15.1,14.6
20260718,ウォーターエルピス,68.1,52.4,36.7,14.0,11.5,11.2
20260718,ウォーターブビンガ,68.6,52.9,37.0,13.9,11.6,11.5
20260718,コリカンチャ,,68.8,49.5,18.0,16.4,15.1
20260718,ビービークローサー,,65.7,47.8,16.6,15.5,15.7
20260718,バリオス,85.7,67.7,49.7,17.2,16.4,16.1
20260718,ツァレヴナ,,63.4,46.0,16.4,15.3,14.3
20260718,ランズエンド,,66.7,48.1,17.3,15.5,15.3
20260718,キスアンドクライ,208.8,173.4,134.3,40.6,44.4,49.3
20260718,エトワールハマー,93.1,74.1,55.7,18.5,18.2,19.0
20260718,キントラダンサー,86.7,68.8,50.6,17.7,16.5,16.4
20260718,ダーコ,87.4,69.9,51.5,18.0,16.6,16.9
20260718,ジャスティンレビン,68.4,53.3,38.0,14.4,11.7,11.9
20260718,テイエムプレミラン,85.4,68.8,50.7,18.0,16.4,16.3
20260718,ラミアスペランツァ,81.7,65.3,48.4,16.6,16.0,15.8
20260718,キシダンチョウ,67.1,51.5,37.3,13.9,11.6,11.8
20260718,メモリアデルレ,67.9,52.7,37.8,14.2,11.7,11.9
20260718,ヴォンドゥ,,64.8,47.1,16.4,15.4,15.3
20260718,ノチェブエナ,,64.8,47.2,16.7,15.2,15.3
20260718,エスカレイト,,65.2,48.0,17.0,16.0,15.0
20260718,ヴァカンツァ,82.1,65.3,47.6,17.7,15.0,14.9
20260718,ショウヘイ,,66.6,48.4,17.2,15.5,15.7
20260718,ルージュバロン,,64.3,47.3,16.3,15.4,15.6
20260718,フライングブレード,96.3,76.9,56.8,20.0,18.5,18.3
20260718,パイロマンサー,,74.2,54.4,19.3,17.9,17.2
20260718,メイショウケンゴウ,87.5,68.0,49.7,17.8,16.4,15.5
20260718,ティアラード,145.5,112.3,81.1,28.0,27.0,26.1
20260718,ラインベック,,65.0,46.9,16.9,15.2,14.8
20260718,ブルボンクイーン,,67.4,48.6,16.1,16.0,16.5
20260718,コパノマハロ,104.4,81.3,60.6,21.0,19.8,19.8
20260718,ノンヴェドローラ,106.3,83.4,62.2,21.3,20.5,20.4
20260718,デュガ,227.1,182.0,141.6,42.2,48.3,51.1
20260718,リアルペガサス,,69.6,51.0,17.6,16.5,16.9
20260718,クルクルミラクル,,84.1,64.4,21.1,21.5,21.8
20260718,ポペット,170.6,134.0,100.6,31.8,33.4,35.4
20260718,フォーシーファイン,,75.7,53.7,19.1,17.3,17.3
20260718,ナムラローズマリー,94.8,76.5,56.1,20.9,18.5,16.7
20260718,スナークシャラク,,68.6,49.1,17.2,15.8,16.1
20260718,エイシンジュウライ,,68.5,49.1,18.1,15.3,15.7
20260718,オーバーシュタイン,,68.3,48.9,17.2,15.7,16.0
20260718,メイショウクリフト,,65.4,47.4,17.8,15.2,14.4
20260718,プルメリアリノ,,77.1,55.8,20.2,18.1,17.5
20260718,アンドゥーリル,90.8,73.9,55.1,19.4,17.8,17.9
20260718,メイショウキンタイ,83.1,65.6,47.6,17.6,14.6,15.4
20260718,ルブリアン,82.9,65.5,47.5,17.5,14.7,15.3
20260718,ワイルドブッター,69.6,54.8,39.6,14.8,12.4,12.4
20260718,ミッキーラヴィータ,81.3,64.0,46.7,16.8,15.0,14.9
20260718,クイーンズアイ,84.3,67.1,49.6,16.4,16.2,17.0
20260718,エイズルブルーム,83.7,66.6,49.0,17.2,15.9,15.9
20260718,ライフイズカラフル,,92.2,67.7,23.8,22.7,21.2
20260718,リサシテーション,,69.6,51.0,17.3,16.4,17.3
20260718,ハヤブサカツオー,,71.6,51.3,18.5,16.8,16.0
20260718,ピュアノーブル,,71.6,51.3,18.4,16.9,16.0
20260718,ジーティーピカソ,75.8,60.3,43.8,15.9,13.9,14.0
20260718,ヴェルジーネ,77.9,62.1,45.7,16.1,14.8,14.8
20260718,オリーボーレン,,132.1,94.5,36.2,32.5,25.8
20260718,サマーブリザード,,74.5,53.7,19.0,17.4,17.3
20260718,ペイシャマイデイズ,,73.5,52.7,19.6,17.1,16.0
20260718,サマーブリザード,67.9,52.8,37.0,13.6,11.7,11.7
20260718,ペイシャマイデイズ,69.2,54.9,39.2,14.7,12.3,12.2
20260718,フィオラーノ,,66.3,47.2,16.9,15.2,15.1
20260718,モンターニュドネガ,,84.6,62.2,21.5,20.3,20.4
20260718,ウィモウェ,,66.3,47.6,16.6,15.8,15.2
20260718,カウンティフェア,91.5,73.2,54.7,19.1,17.9,17.7
20260718,チューラワンサ,91.6,73.4,54.6,19.0,18.0,17.6
20260718,オーロアルジェント,91.5,73.2,54.6,19.1,18.0,17.5
20260718,トラッドロア,91.6,73.4,54.6,19.0,18.0,17.6
20260718,エルヴィオラ,85.6,68.2,49.1,17.3,16.7,15.1
20260718,ボヌールバイオ,87.7,69.7,50.6,19.0,16.5,15.1
20260718,ジュンブロッサム,,81.8,60.9,21.3,19.9,19.7
20260718,レディマリオン,81.4,64.6,47.2,16.5,15.5,15.2
20260718,バトルディーバ,82.5,65.6,48.2,16.8,15.6,15.8
20260718,ブレイズベイ,82.3,65.5,47.9,16.7,15.6,15.6
20260718,マーゴットレジーナ,85.8,68.0,49.6,17.3,15.9,16.4
20260718,クアトロジャック,,68.4,49.4,18.4,15.7,15.3
20260718,ロックバンド,,74.0,53.1,18.9,17.3,16.9
20260718,ノーマンデー,,75.0,53.7,19.7,17.9,16.1
20260718,ダノンアズール,,73.6,52.7,18.8,17.2,16.7
20260718,ルバート,,94.1,67.0,25.2,21.4,20.4
20260718,キングメーカー,,65.2,48.9,16.7,16.0,16.2
20260718,エターナルプロミス,,76.4,55.2,20.3,18.1,16.8
20260718,メイショウビストロ,,65.2,47.0,17.1,15.3,14.6
20260718,エブリーポッシブル,85.4,66.3,47.9,17.9,14.9,15.1
20260718,キャッスルレイク,,71.0,51.3,18.7,16.5,16.1
20260718,モンシーク,,120.5,79.2,27.6,25.6,26.0
20260718,ゴッドアイ,,104.8,76.6,25.4,25.9,25.3
20260718,モンシーク,159.0,118.2,87.8,31.5,29.6,26.7
20260718,エアビッグマム,79.1,64.1,47.7,16.3,15.5,15.9
20260718,ゴージャス,82.5,65.4,48.1,17.0,15.3,15.8
20260718,ドットクルー,89.9,72.1,52.9,18.8,17.1,17.0
20260718,メイショウナルカミ,87.1,69.9,51.5,17.2,16.7,17.6
20260718,コスモフィレンツェ,90.9,72.2,51.9,18.9,16.0,17.0
20260718,ミリオンカラー,90.8,72.1,51.9,18.8,16.2,16.9
20260718,ビーテリオス,,68.4,46.9,17.3,15.0,14.6
20260718,アスコットペスカ,,77.3,54.7,20.4,17.9,16.4
20260718,クリノオリーブ,,72.8,51.7,19.0,16.8,15.9
20260718,エイシンウィスパー,,71.2,51.0,18.8,16.6,15.6
20260718,アンティスマ,87.5,70.2,51.5,17.7,17.0,16.8
20260718,ウォータールスール,82.9,66.2,48.5,17.6,15.3,15.6
20260718,フィールライクユー,123.5,98.2,73.7,24.6,24.4,24.7
20260718,オリンポスカズマ,,69.7,50.1,18.1,16.1,15.9
20260718,クリムゾンヒート,,68.8,50.1,18.2,15.9,16.0
20260718,オーレアミスト,,63.7,45.5,16.8,14.7,14.0
20260718,カワキタマナレア,,65.8,47.1,16.8,15.6,14.7
20260718,ノアールビーナス,,59.4,43.3,15.2,14.1,14.0
20260718,デールエルバハリ,,63.6,45.8,16.1,15.2,14.5
20260718,オーリエイト,112.1,89.3,68.0,23.5,22.3,22.2
20260718,エリカアンディーヴ,67.1,52.5,37.1,14.1,11.3,11.7
20260718,ナルキッソス,65.4,50.7,36.3,13.7,11.1,11.5
20260718,ルースソラール,66.3,51.6,36.7,13.9,11.2,11.6
20260718,サンライズナスカ,,70.7,51.3,17.7,16.7,16.9
20260717,レオライジング,100.7,79.5,58.6,20.4,19.7,18.5
20260717,エレスレイプニル,101.3,80.5,59.5,20.6,19.8,19.1
20260717,ベアベルヴォワ,99.8,79.1,59.2,20.0,19.7,19.5
20260717,マルディランダ,67.9,52.7,38.2,13.7,12.4,12.1
20260717,ヴェサリウス,67.8,52.7,37.6,13.4,12.3,11.9
20260717,ランドジャイアンツ,,73.2,53.1,18.9,17.5,16.7
20260717,ホウオウルクソール,,64.1,47.3,16.0,16.4,14.9
20260717,フォルナカリア,,63.6,47.0,15.7,16.1,15.2
20260717,ショウナンバッカス,,63.6,46.9,15.7,16.2,15.0
20260717,ルモンテ,,74.3,53.3,19.8,17.2,16.3
20260717,リッキースタイル,,85.7,62.3,22.5,21.3,18.5
20260717,タツナナイロ,90.2,71.5,53.4,18.3,18.1,17.0
20260717,カンフーヒーロー,96.0,76.7,56.4,19.1,18.5,18.8
20260717,ハビレ,87.8,68.9,50.0,17.5,16.4,16.1
20260717,ブラーヴジャン,,67.7,49.3,17.4,16.4,15.5
20260717,オカメノコイ,91.8,71.6,53.0,18.2,17.5,17.3
20260717,スカイリッチ,87.7,68.8,50.5,17.9,16.7,15.9
20260717,トーセンブリラーレ,84.2,65.8,47.1,17.5,15.4,14.2
20260717,イズルード,87.6,68.1,49.4,18.3,16.5,14.6
20260717,モンツァフレイバー,,93.6,64.3,21.9,21.0,21.4
20260717,メリーサウンド,89.8,70.4,51.6,18.1,17.3,16.2
20260717,ケイツーリーブル,,69.1,49.6,17.8,16.6,15.2
20260717,ロジャリーマイン,124.2,95.8,69.8,25.5,23.3,21.0
20260717,リーゼントモニカ,69.6,54.4,39.8,14.7,12.9,12.2
20260717,ヤマニンガラッシア,97.0,74.6,54.7,19.2,17.9,17.6
20260717,ローシャムパーク,100.3,78.1,57.0,20.5,19.1,17.4
20260717,メッエフアパラ,97.1,75.3,54.2,19.4,17.6,17.2
20260717,ベルウッドクレド,101.0,77.6,56.8,19.9,18.9,18.0
20260717,メランジェ,68.6,53.1,38.6,13.4,13.2,12.0
20260717,ファビュラススター,,66.2,47.5,16.8,15.7,15.0
20260717,ベルタソ,73.5,56.1,40.4,14.3,13.4,12.7
20260717,ブラックティンカー,,57.5,41.7,14.7,13.5,13.5
20260717,テンカムテキ,,69.5,50.8,17.3,17.0,16.5
20260717,シャンソンドール,83.3,65.8,48.8,16.8,16.0,16.0
20260717,クラウンアールシー,75.5,59.2,42.9,15.6,14.1,13.2
20260717,ガンバレベアー,100.2,79.3,58.4,20.0,19.8,18.6
20260717,ニットウエース,83.2,66.6,49.7,17.3,16.6,15.8
20260717,ジャムセッション,,71.9,51.6,18.0,17.1,16.5
20260717,タイセイパーシスト,,72.1,51.7,18.0,17.2,16.5
20260717,エイムフォーエース,67.4,52.3,37.4,14.1,12.0,11.3
20260717,カフェラバー,67.3,52.0,36.6,13.5,12.1,11.0
20260717,アルティシエル,94.8,74.3,54.2,19.4,18.0,16.8
20260717,イサチルシーキング,93.1,73.0,53.9,18.6,17.9,17.4
20260717,グランマエストロ,,66.6,47.2,17.0,15.7,14.5
20260717,ヘヴンズドライブ,,87.8,65.6,21.8,22.1,21.7
20260717,フィーチャリング,66.6,51.9,37.7,13.4,12.5,11.8
20260717,イーガービーバー,67.9,53.3,38.7,13.6,13.1,12.0
20260717,アルティシモ,67.2,52.6,38.2,13.5,12.9,11.8
20260717,ナファロア,78.3,61.3,44.6,16.4,15.4,12.8
20260717,アズールドーン,77.3,60.4,44.0,16.3,14.8,12.9
20260717,ヨルヴィック,81.0,64.5,47.4,16.4,15.8,15.2
20260717,デルマジュテーム,92.6,73.0,53.4,18.0,17.5,17.9
20260717,ノアレジェンド,84.9,67.4,49.6,16.7,16.6,16.3
20260717,レディソフィア,86.7,68.3,49.9,17.4,16.4,16.1
20260717,オレデイイノカ,,59.3,42.7,15.2,14.6,12.9
20260717,クールチェンジ,68.7,53.5,38.5,14.4,12.5,11.6
20260717,コールリッジ,111.8,89.6,67.1,22.3,22.8,22.0
20260717,ゼノスフィア,111.9,89.8,67.1,22.4,22.6,22.1
20260717,スカーレットクラン,112.0,89.8,67.2,22.4,22.8,22.0
20260717,クイーンズレイン,110.7,88.1,66.1,22.2,22.0,21.9
20260717,ブラッキッシュ,,77.4,56.1,19.3,18.8,18.0
20260717,デルマテイネ,88.8,70.6,52.3,17.3,17.9,17.1
20260717,テングカゼ,88.7,70.7,51.9,17.1,17.4,17.4
20260717,カリーン,,68.6,49.7,17.2,16.6,15.9
20260717,アースヴィンチ,,66.2,47.8,16.8,16.1,14.9
20260717,トーホウキザン,,53.0,37.1,14.2,11.6,11.3
20260717,アンドリーナ,,67.4,49.4,17.8,16.1,15.5
20260717,ルブリアン,86.5,68.5,50.1,18.2,16.0,15.9
20260717,エコログロウ,,67.9,49.5,18.3,16.2,15.0
20260717,メイショウテンジン,87.8,69.4,49.5,19.2,16.4,13.9
20260717,パンチャマハブータ,,73.8,53.2,19.0,17.4,16.8
20260717,レイアン,,70.8,51.3,18.5,16.5,16.3
20260717,ウェイヴムーン,,66.8,48.0,16.8,15.8,15.4
20260717,ラブアイミー,,109.1,76.0,26.6,25.2,24.2
20260717,ウォーブレイク,90.7,71.7,52.8,18.9,16.9,17.0
20260717,パンキー,,76.3,55.6,19.8,17.7,18.1
20260717,ベイニーニャ,,82.7,58.9,21.8,19.9,17.2
20260717,レインボーステート,,79.3,56.5,20.4,18.1,18.0
20260717,ココモフィーバー,90.8,71.7,51.6,18.9,17.0,15.7
20260717,エポックヴィーナス,,54.1,36.6,14.0,11.4,11.2
20260717,ナムラローズマリー,89.9,71.7,52.4,18.5,16.9,17.0
20260717,モンターニュドネガ,,77.6,57.3,19.9,18.8,18.6
20260717,ウィモウェ,,70.2,50.8,18.2,16.5,16.1
20260717,クァンタムウェーブ,,67.4,48.7,16.9,15.5,16.3
20260717,ツーエムクロノス,68.4,52.4,37.0,14.2,11.9,10.9
20260717,コリカンチャ,,65.6,46.7,16.8,14.9,15.0
20260717,ドリームアース,105.1,82.6,60.7,21.7,20.5,18.5
20260717,マテンロウヒルズ,101.4,79.7,58.9,21.2,18.8,18.9
20260717,トップランキング,102.0,80.4,59.0,21.2,18.9,18.9
20260717,リンカーンバローズ,103.4,82.2,61.1,21.4,19.9,19.8
20260717,リアライズブライト,69.6,52.8,37.1,14.0,11.7,11.4
20260717,スーパーフラット,69.0,52.3,37.0,13.9,11.7,11.4
20260717,レッドレヴェリー,69.3,52.6,37.0,13.9,11.7,11.4
20260717,イザショウブ,82.7,65.6,47.9,17.4,15.1,15.4
20260717,マイベスティー,83.2,66.4,48.5,17.3,15.5,15.7
20260717,ビバームス,82.3,66.0,48.1,17.0,15.6,15.5
20260717,レアアース,81.9,64.6,47.0,17.2,15.6,14.2
20260717,マーチンゲール,71.3,55.8,39.7,15.2,12.5,12.0
20260717,ララファキュルテ,71.0,55.5,39.5,15.1,12.4,12.0
20260717,フォーシーファイン,,70.7,50.5,18.6,16.4,15.5
20260717,オールセインツ,,64.3,47.5,16.8,15.4,15.3
20260717,ショウヘイ,,72.0,50.4,19.6,15.8,15.0
20260717,デュガ,196.2,161.5,124.8,38.5,42.2,44.1
20260717,サンダーバード,68.7,53.9,38.7,14.7,12.3,11.7
20260717,ナムラエイハブ,,70.5,49.6,18.6,16.2,14.8
20260717,エコロディアン,,76.0,54.2,18.9,17.3,18.0
20260717,ヴァカンツァ,82.5,65.0,46.9,17.7,14.7,14.5
20260717,メイショウカゼマチ,,78.4,58.2,22.7,18.8,16.7
20260717,メイショウカゼマチ,119.9,81.7,60.5,20.5,20.1,19.9
20260717,ホットロッドハート,,74.9,54.6,19.1,17.6,17.9
20260717,ミッキーラヴィータ,85.3,66.8,47.9,17.5,15.5,14.9
20260717,アマリス,,66.1,47.7,16.6,15.4,15.7
20260717,ミール,,73.6,53.7,19.0,17.2,17.5
20260717,スナークピカソ,94.0,75.1,55.4,19.8,18.0,17.6
20260717,ウインロズパレード,,72.3,52.1,18.8,17.1,16.2
20260717,コズミックフレア,,70.3,49.9,18.4,16.7,14.8
20260717,ゼットドリーム,,71.3,51.3,18.3,16.5,16.5
20260717,ジャスティンガルフ,,69.0,49.2,17.9,15.5,15.8
20260717,サンライズメジェド,,70.2,50.3,17.9,16.7,15.7
20260717,ノーマンデー,,67.9,48.9,17.8,15.4,15.7
20260717,ダノンアズール,,67.0,48.0,17.1,15.5,15.4
20260717,ルバート,,65.2,47.6,16.7,15.4,15.5
20260717,インザモーメント,,74.2,55.7,18.5,19.1,18.1
20260717,ボヌールバイオ,82.2,65.3,47.7,16.8,15.7,15.2
20260717,サイモンゼスト,76.8,58.8,41.2,14.7,12.9,13.6
20260717,イーブンベター,,69.1,49.9,18.0,16.4,15.5
20260717,エアフォースワン,,65.0,47.7,17.7,14.9,15.1
20260717,ディープシャロー,65.2,51.0,37.0,13.4,11.6,12.0
20260717,ステアハート,76.0,58.1,41.9,15.1,13.4,13.4
20260717,ゴーイントゥノヴァ,77.0,59.4,43.1,15.6,13.5,14.0
20260717,ステラスプレンダー,,69.3,48.1,18.2,15.0,14.9
20260717,エアビッグマム,78.2,63.2,47.1,16.0,15.3,15.8
20260717,ケイアイワイラーパ,,69.6,51.1,17.1,17.4,16.6
20260717,ナイトインチュニス,,72.6,53.1,18.2,17.4,17.5
20260717,ロードハイビーム,,72.6,53.1,18.2,17.3,17.6
20260717,ペイシャマイデイズ,,65.4,46.9,16.8,15.0,15.1
20260717,クイーンズホリデー,,82.4,60.1,21.4,19.4,19.3
20260717,キャンドル,,80.9,59.0,21.3,19.0,18.7
20260717,ナギサモデラート,,82.3,59.9,21.6,19.2,19.1
20260717,バリオス,121.8,96.8,72.6,24.1,24.2,24.3
20260717,リアルペガサス,,71.2,52.1,18.6,16.8,16.7
20260716,バグラダス,66.3,51.8,37.5,13.7,12.2,11.6
20260716,ノーブルミステリー,68.1,52.2,37.8,13.1,12.4,12.3
20260716,ブリックンクリック,67.4,51.8,37.3,13.3,12.0,12.0
20260716,ベルウッドピース,67.8,52.2,37.5,13.4,12.1,12.0
20260716,メリティス,68.9,53.0,38.3,14.3,12.2,11.8
20260716,ウィロークリーク,67.2,51.7,37.2,13.3,11.9,12.0
20260716,オペレッタテソーロ,67.6,51.8,37.3,13.0,12.3,12.0
20260716,ヨドノプレミアム,67.8,51.8,37.4,13.1,12.3,12.0
20260716,コンフィアル,67.6,52.4,37.6,13.8,12.2,11.6
20260716,アップストローク,,66.6,45.3,15.3,15.3,14.7
20260716,ペルシアーノ,69.2,53.5,39.2,14.6,12.9,11.7
20260716,ヤマニンジェンナ,66.7,51.5,36.9,13.2,12.2,11.5
20260716,コンサートピアノ,73.9,57.8,41.4,15.6,13.7,12.1
20260716,ガーヴィ,68.9,53.8,39.0,14.1,12.6,12.3
20260716,セイカタカキヤチク,68.0,52.5,38.1,13.8,12.6,11.7
20260716,トウシンマジック,66.1,50.9,36.3,13.1,12.0,11.2
20260716,ウインドワンピース,72.6,55.5,39.8,14.2,13.0,12.6
20260716,ゴンバデカーブース,68.3,52.8,38.1,13.4,12.6,12.1
20260716,ローズブーケ,70.2,54.3,39.1,14.6,12.7,11.8
20260716,ステラデルークス,69.7,53.6,38.6,14.5,12.5,11.6
20260716,ブロント,70.2,55.1,40.3,14.0,13.1,13.2
20260716,アドマイヤウルトラ,68.4,52.4,37.2,13.4,12.4,11.4
20260716,サトノクラシカル,67.4,51.8,36.5,13.2,12.1,11.2
20260716,ミッキーファルコン,69.9,54.8,40.1,14.0,13.1,13.0
20260716,レッドエモーション,68.0,52.1,36.8,13.3,12.2,11.3
20260716,アトミックリーチ,69.2,53.3,38.3,14.0,12.7,11.6
20260716,デフィレドール,69.4,53.5,38.5,14.0,12.8,11.7
20260716,サルサロッサ,67.1,51.7,37.2,13.5,12.1,11.6
20260716,ノーブルクライ,65.5,50.5,36.6,13.0,12.0,11.6
20260716,ルミノメテオール,66.1,51.3,36.7,13.8,11.9,11.0
20260716,ブレトワルダ,73.9,58.0,43.1,15.3,14.4,13.4
20260716,ショウナンタハティ,66.3,51.7,37.6,13.9,12.4,11.3
20260716,パースウェイド,65.9,51.4,37.5,13.8,12.3,11.4
20260716,ブレスドナイル,67.4,51.8,37.3,13.7,12.4,11.2
20260716,フォーエバーラブ,67.2,51.7,37.4,13.5,12.3,11.6
20260716,ヴァリスマリネリス,65.5,51.0,37.3,13.7,12.3,11.3
20260716,ルシアージュ,66.5,51.4,37.0,13.4,12.1,11.5
20260716,ワディアルリヤハ,65.9,51.2,36.8,12.9,12.3,11.6
20260716,ビスクヴィート,65.5,50.4,36.8,12.6,11.9,12.3
20260716,タッケンエリカ,73.5,57.9,43.5,15.3,14.4,13.8
20260716,ヴォーチェカノーラ,65.7,50.6,36.6,12.7,11.7,12.2
20260716,エマージェンス,66.8,51.4,37.6,13.6,12.6,11.4
20260716,キタノエピックアン,69.3,53.9,39.0,14.2,12.7,12.1
20260716,ショコラキュイ,66.3,51.5,36.6,13.6,11.8,11.2
20260716,イノーマル,72.3,56.4,40.9,14.0,13.6,13.3
20260716,ディアアズール,67.0,52.1,37.3,13.7,12.0,11.6
20260716,ミカミッチー,66.1,50.7,37.1,13.4,12.4,11.3
20260716,ダノンセンチュリー,66.2,50.9,36.5,13.7,12.1,10.7
20260716,メイショウバリスタ,69.6,54.2,39.1,14.4,12.8,11.9
20260716,ピコバレット,67.5,52.2,37.4,13.8,12.1,11.5
20260716,ランドジャイアンツ,,72.9,52.4,18.6,17.6,16.2
20260716,アイビークロノス,67.3,51.9,37.2,13.7,12.1,11.4
20260716,エルアン,69.4,53.7,38.9,14.2,13.1,11.6
20260716,エトワールフィーユ,72.7,56.8,40.8,14.9,13.4,12.5
20260716,チャリティチャリス,70.2,54.4,39.5,14.5,13.2,11.8
20260716,ラテラルパーム,67.9,52.3,37.5,13.5,12.5,11.5
20260716,サザンヴィターレ,67.3,52.2,37.6,13.5,12.2,11.9
20260716,ステラガーネット,67.5,51.9,37.2,13.4,12.4,11.4
20260716,ジャンビ,72.5,57.3,42.3,14.7,14.2,13.4
20260716,サマースイートピー,66.2,50.7,36.5,13.1,11.9,11.5
20260716,リアアーテシアン,67.1,52.5,38.3,13.7,12.6,12.0
20260716,ピュアレスト,66.4,52.0,37.6,13.3,12.5,11.8
20260716,ゴールドシャーク,66.5,51.2,36.9,12.8,11.9,12.2
20260716,スカイダイバー,64.0,50.8,37.9,12.8,12.5,12.6
20260716,スナッピードレッサ,69.4,53.6,38.3,14.2,12.4,11.7
20260716,エアサロメ,67.2,52.7,38.2,13.9,12.4,11.9
20260716,リコルディオーロ,70.7,54.2,38.8,14.3,13.1,11.4
20260716,ジオパークカツキ,70.5,54.3,38.8,14.4,13.0,11.4
20260716,タイセイフレッサ,67.2,51.6,37.3,13.6,12.4,11.3
20260716,ウラヌスリング,67.0,51.4,37.1,13.4,12.4,11.3
20260716,ハビレ,88.9,68.9,49.6,17.7,16.5,15.4
20260716,レッドセニョール,71.7,55.0,39.1,14.0,12.9,12.2
20260716,バル,68.7,53.7,38.7,14.2,12.6,11.9
20260716,ユニベールクイーン,68.2,53.4,38.6,14.3,12.4,11.9
20260716,ゴールドスター,68.0,51.8,37.0,13.4,12.3,11.3
20260716,セランディア,67.1,51.9,37.1,13.0,12.3,11.8
20260716,ドリームクルーズ,70.4,54.2,39.2,14.1,12.9,12.2
20260716,ノーブルラホーヤ,71.7,54.6,38.4,14.6,12.4,11.4
20260716,グランキンバリー,68.5,53.5,38.7,13.5,12.6,12.6
20260716,ラヴレイン,69.5,55.0,40.3,13.7,13.7,12.9
20260716,テンクウジョー,67.9,52.2,37.6,13.5,12.4,11.7
20260716,スターウェーブ,64.6,50.2,37.0,12.8,12.3,11.9
20260716,イデアクリスタル,68.5,52.7,38.1,13.7,12.6,11.8
20260716,クリールスル,63.3,48.7,35.5,12.7,11.6,11.2
20260716,ルクスレイモンド,70.5,55.0,39.9,14.6,12.9,12.4
20260716,シュンポシオン,69.9,52.5,37.5,13.2,12.3,12.0
20260716,リオクリスハーレー,68.9,51.8,36.9,12.8,12.3,11.8
20260716,ミエノストロング,70.3,54.9,39.8,14.6,12.7,12.5
20260716,ショービット,68.1,53.0,38.6,13.7,13.0,11.9
20260716,アジャイブ,68.0,53.1,38.7,13.8,12.9,12.0
20260716,フェアリーキャット,71.2,55.7,40.3,14.5,13.0,12.8
20260716,ラスティレッド,71.1,55.7,40.3,14.5,13.1,12.7
20260716,アレックスケー,69.7,54.2,39.6,13.6,13.2,12.8
20260716,トーケンギムレット,70.0,54.6,40.0,13.9,13.2,12.9
20260716,トラストモアリズム,68.6,52.7,37.3,13.8,12.2,11.3
20260716,ナハトナナレオン,67.8,52.9,37.6,13.7,12.3,11.6
20260716,リーゼントモニカ,,74.3,53.2,19.2,17.1,16.9
20260716,ブレイブシュガー,69.0,53.0,37.5,13.8,12.4,11.3
20260716,クリスタルドレス,69.6,53.6,38.0,14.0,12.6,11.4
20260716,セプタードアイル,67.8,52.8,37.5,13.7,12.3,11.5
20260716,サスツルギ,71.1,55.1,39.6,14.7,13.3,11.6
20260716,カーラデマドレ,67.8,52.2,37.3,14.2,11.7,11.4
20260716,フォンドルレール,70.2,54.3,39.1,14.1,13.0,12.0
20260716,ソヴリンゲート,69.6,53.5,38.8,13.8,12.8,12.2
20260716,フォクセン,69.0,53.1,38.5,13.6,12.9,12.0
20260716,パレホ,70.0,54.3,39.5,14.1,12.9,12.5
20260716,メテオレムナント,68.4,53.0,38.3,13.6,12.8,11.9
20260716,ルークスイテルム,69.3,53.9,39.0,13.8,13.2,12.0
20260716,ゲンパチムサシ,67.5,52.2,38.0,13.4,12.3,12.3
20260716,ディエスルージュ,67.5,53.0,38.8,13.5,13.0,12.3
20260716,エコロレジーナ,66.9,51.5,36.7,13.5,12.2,11.0
20260716,ミカッテヨンデイイ,66.1,50.5,36.3,13.1,12.1,11.1
20260716,コッレヴェッキオ,65.7,50.8,36.4,13.5,11.8,11.1
20260716,コガネノソラ,66.5,51.2,36.5,13.4,12.2,10.9
20260716,キタノローズ,65.6,50.0,35.9,12.9,11.9,11.1
20260716,デルマホダカ,69.2,53.3,38.0,13.9,12.5,11.6
20260716,ジェネラスキング,68.9,53.8,38.6,14.1,12.8,11.7
20260716,フクシマブリルハム,76.7,58.9,41.5,14.7,13.3,13.5
20260716,ダノンドナウ,69.6,53.6,38.3,13.9,12.8,11.6
20260716,ネクストドア,66.7,51.5,36.7,13.6,12.0,11.1
20260716,ヴェニゼロス,66.7,51.3,36.7,13.4,12.3,11.0
20260716,エスシークザン,68.1,52.4,37.9,13.9,12.3,11.7
20260716,ティーシュペランサ,67.6,52.2,37.7,13.8,12.2,11.7
20260716,マイネルヴェスペル,67.2,51.7,37.3,13.6,11.9,11.8
20260716,イチザサンダー,67.8,52.3,37.1,13.8,12.0,11.3
20260716,ユリア,67.7,52.9,37.8,13.7,12.5,11.6
20260716,サトノスプレマシー,68.2,53.3,38.1,13.9,12.6,11.6
20260716,ブライティアダイヤ,69.8,54.5,39.8,14.1,12.8,12.9
20260716,ミュークチェルシー,65.5,51.2,37.3,13.1,12.4,11.8
20260716,アテナブレイブ,77.9,55.7,38.9,14.5,12.7,11.7
20260716,ルクソールカフェ,69.5,54.0,38.8,14.0,12.8,12.0
20260716,ヒシアムルーズ,68.7,52.9,38.6,13.7,12.7,12.2
20260716,ウインロゼライト,67.9,52.0,37.2,13.9,12.3,11.0
20260716,アンバサダネージュ,70.1,54.8,39.9,14.3,13.3,12.3
20260716,ヴィスクレス,68.6,52.8,37.9,14.1,12.5,11.3
20260716,キャネル,67.7,52.8,38.1,13.7,12.7,11.7
20260716,ブルータス,68.0,52.3,37.6,13.8,12.5,11.3
20260716,ビーストウォーズ,65.5,51.6,37.9,12.9,12.5,12.5
20260716,ノーセット,67.3,51.5,36.9,13.4,12.4,11.1
20260716,シェーンリヒト,66.8,52.1,37.6,13.5,12.5,11.6
20260716,ゴールデンステップ,69.4,54.0,39.3,14.0,13.0,12.3
20260716,アニエーネ,68.5,53.1,38.5,13.8,12.8,11.9
20260716,ローシャムパーク,100.1,77.2,56.3,19.6,19.0,17.7
20260716,エターナルシルバー,68.2,52.8,37.7,14.1,12.6,11.0
20260716,ルトゥール,67.2,51.8,37.5,13.2,12.5,11.8
20260716,スピンザブラッド,66.8,51.3,37.0,13.0,12.3,11.7
20260716,フィクセルリリア,67.6,52.1,37.7,13.4,12.5,11.8
20260716,テンユメノオーロラ,66.6,51.0,36.8,13.0,12.2,11.6
20260716,サレジオ,67.4,51.8,37.1,13.3,12.2,11.6
20260716,セリエンクーニゲン,66.8,51.3,36.7,13.2,12.2,11.3
20260716,ペアレンツハート,67.1,51.5,36.9,13.3,12.2,11.4
20260716,ファイアマン,77.4,60.5,44.5,15.1,14.8,14.6
20260716,ホウオウゴールド,65.5,50.4,36.0,12.8,11.9,11.3
20260716,モンテール,67.7,52.2,37.2,13.4,12.5,11.3
20260716,アースアクシス,66.6,51.5,36.5,13.0,12.1,11.4
20260716,イリュストル,64.9,51.1,37.2,13.6,12.3,11.3
20260716,シェリーシュシュ,65.7,51.7,37.6,13.7,12.5,11.4
20260716,スターマイン,65.6,51.3,37.2,13.3,12.3,11.6
20260716,ダノングローバル,65.5,51.3,37.2,13.3,12.3,11.6
20260716,ホウオウガイア,,53.4,38.8,14.4,12.8,11.6
20260716,ジョイアミーア,66.6,51.4,37.1,13.5,12.4,11.2
20260716,トリリオンボーイ,66.2,51.9,37.3,13.7,12.1,11.5
20260716,メジロピオラ,66.1,51.8,37.2,13.8,12.2,11.2
20260716,ギフテッド,65.2,50.8,36.5,13.0,12.2,11.3
20260716,ベルバード,65.4,51.1,37.0,13.3,12.0,11.7
20260716,ハーツコンチェルト,65.4,51.2,37.0,13.3,12.4,11.3
20260716,ミスバレンシア,65.0,50.7,36.7,13.2,12.2,11.3
20260716,パレスドフィーヌ,65.6,50.8,36.5,13.4,11.9,11.2
20260716,メイリー,66.6,51.5,36.9,13.6,12.1,11.2
20260716,ブルージンジャー,70.5,54.9,40.1,14.7,13.3,12.1
20260716,オーサムストローク,69.6,53.8,38.6,14.5,12.7,11.4
20260716,ケイベエ,71.6,55.5,40.2,14.9,13.3,12.0
20260716,ラヴオントップ,64.3,50.5,36.3,13.2,11.2,11.9
20260716,ベランジェール,63.8,50.1,36.0,13.3,11.2,11.5
20260716,ヴィリアリート,64.6,50.5,36.1,13.3,11.3,11.5
20260716,ダノンオブアイデア,69.8,54.1,37.8,14.3,11.8,11.7
20260716,アステルディーヴァ,64.2,50.0,35.7,13.1,11.2,11.4
20260716,サトノクローク,68.4,53.2,37.8,14.7,11.7,11.4
20260716,ヴァンアグレアブル,69.1,53.9,38.4,14.9,11.7,11.8
20260716,エコロゼルダ,,74.7,55.6,19.9,18.5,17.2
20260716,ダノンミッドナイト,69.5,53.4,37.5,14.2,11.6,11.7
20260716,コックスコーム,69.5,53.4,37.5,14.1,11.6,11.8
20260716,ラトラース,66.6,52.0,36.6,14.2,11.2,11.2
20260716,マイベスティー,87.9,69.6,50.7,17.6,16.2,16.9
20260716,ビバームス,88.3,70.2,51.6,18.2,16.9,16.5
20260716,ジョイエッロ,67.9,52.2,37.3,14.1,11.9,11.3
20260716,シルフズミスチーフ,68.2,52.4,37.5,14.2,12.0,11.3
20260716,シーンオブドリーム,68.6,52.8,37.8,14.3,12.2,11.3
20260716,ムルソー,69.9,54.1,39.0,14.5,12.5,12.0
20260716,ゼロヴィジビリティ,67.0,51.9,36.6,14.1,11.4,11.1
20260716,ナウオアネヴァー,66.4,51.5,36.3,13.9,11.3,11.1
20260716,ハギノコラソン,68.3,54.2,39.5,14.3,12.5,12.7
20260716,ランブリングマン,67.2,52.6,37.7,13.9,11.7,12.1
20260716,スカイピア,66.5,52.1,37.5,13.6,11.8,12.1
20260716,コンフェルマ,65.4,51.8,37.6,14.0,11.9,11.7
20260716,ララバッカナール,66.8,51.1,35.6,13.3,10.9,11.4
20260716,エターナルプロミス,67.0,52.5,37.6,14.0,12.1,11.5
20260716,クァンタムウェーブ,,83.1,59.8,22.1,19.1,18.6
20260716,ビーグラッド,64.9,50.7,36.5,13.3,11.5,11.7
20260716,バルダンツァ,68.2,53.5,37.9,14.4,11.8,11.7
20260716,ルクスコスモス,66.9,52.0,37.0,14.3,11.6,11.1
20260716,サラサダンディー,83.2,67.7,49.6,17.8,15.8,16.0
20260716,チュウワチーフ,65.3,50.7,36.5,13.4,11.5,11.6
20260716,ユウトザユウト,65.7,51.0,36.6,13.4,11.5,11.7
20260716,セッシュウ,67.1,52.0,37.2,13.6,11.8,11.8
20260716,メイショウナナシロ,67.1,52.1,37.3,13.7,11.7,11.9
20260716,ルマンサルト,,71.4,51.3,19.6,17.2,14.5
20260716,ゼットリアン,,64.1,46.6,16.2,15.3,15.1
20260716,ハリウッドブルース,68.7,53.8,38.2,14.4,12.1,11.7
20260716,シャリキモン,,67.0,48.2,17.7,15.2,15.3
20260716,コリカンチャ,,68.6,49.2,17.8,16.0,15.4
20260716,シャインユウ,73.0,57.0,40.0,15.4,12.5,12.1
20260716,ルイスイメル,73.1,57.1,40.0,15.4,12.5,12.1
20260716,インターポーザー,69.5,53.7,38.1,14.6,12.2,11.3
20260716,オーケーダイナ,68.8,53.8,38.3,14.7,12.0,11.6
20260716,タイセイゼスティ,68.5,53.5,38.2,14.7,11.8,11.7
20260716,マーチンゲール,,77.8,56.0,20.3,18.1,17.6
20260716,シャンジュマン,68.1,53.0,37.9,14.6,11.8,11.5
20260716,レッドブライトン,67.2,52.1,37.5,14.4,11.6,11.5
20260716,テーオーレガシー,96.6,75.6,55.1,20.0,17.7,17.4
20260716,レッドボブ,67.3,52.3,37.2,13.9,11.8,11.5
20260716,メイショウカゼマチ,135.0,96.9,71.7,25.4,25.2,21.1
20260716,ルルフィーユ,75.4,57.7,42.4,14.4,13.9,14.1
20260716,ラインベック,66.3,51.5,37.2,13.9,11.6,11.7
20260716,ジュンブロッサム,66.1,51.8,36.7,14.0,11.3,11.4
20260716,メイショウカゼマチ,154.8,90.6,63.3,21.7,21.7,19.9
20260716,レッドラージャ,66.4,52.1,37.1,14.2,11.7,11.2
20260716,ホウオウモノポリー,67.6,53.0,37.5,14.4,11.7,11.4
20260716,レッドタイラント,67.8,53.2,38.1,14.2,11.9,12.0
20260716,ジュンアマンドラ,68.1,53.5,38.0,14.4,12.1,11.5
20260716,ケーブパール,69.4,51.6,36.3,14.0,11.3,11.0
20260716,サマーアゲイン,92.9,72.9,53.7,18.7,18.3,16.7
20260716,サンダーバード,,67.5,48.2,17.6,15.8,14.8
20260716,グローブアマランス,68.1,53.0,37.6,14.3,11.4,11.9
20260716,ドロップオブライト,65.0,50.1,35.4,13.4,11.1,10.9
20260716,ノクナレア,80.8,60.5,40.8,16.9,12.6,11.3
20260716,フィールライクユー,73.0,55.0,38.5,14.3,12.2,12.0
20260716,リッケンバッカー,78.2,61.2,43.8,15.8,13.9,14.1
20260716,テイエムパイロット,71.0,54.7,38.0,14.9,11.9,11.2
20260716,アースグリッパー,70.3,54.4,38.5,14.6,11.7,12.2
20260716,リボンロゼッタ,69.6,53.7,37.7,14.6,11.7,11.4
20260716,フィンガーレイクス,72.1,55.6,39.0,15.2,12.0,11.8
20260716,アスクゴクジョウ,71.4,55.2,38.8,15.0,12.0,11.8
20260716,ザングウィル,66.8,51.6,36.8,13.8,11.5,11.5
20260716,エンヴェロップ,68.5,53.6,37.9,14.7,11.9,11.3
20260716,ムッチリスタイル,66.4,51.3,36.3,13.5,11.3,11.5
20260716,マッセート,68.8,53.7,38.1,14.7,12.1,11.3
20260716,サラコスティ,66.3,51.2,36.3,13.7,11.4,11.2
20260716,ポリメトリック,70.8,53.7,37.4,14.3,11.8,11.3
20260716,ホウオウワールド,69.9,52.9,36.9,14.1,11.4,11.4
20260716,トゥーレジット,69.9,53.2,37.0,14.1,11.5,11.4
20260716,クランフォード,68.1,52.7,37.2,14.1,11.6,11.5
20260716,アイブリンク,67.0,52.3,37.3,14.0,11.7,11.6
20260716,ベルジュロネット,65.9,51.4,36.5,13.8,11.3,11.4
20260716,シギーコルエンド,66.6,51.8,37.0,13.9,11.6,11.5
20260716,ブラックシャリマー,66.9,51.6,36.7,13.6,11.7,11.4
20260716,ガビーズブラザー,68.9,53.5,38.6,14.9,12.0,11.7
20260716,キミガスキダ,69.9,54.4,38.8,14.9,12.1,11.8
20260716,ガビーズデトワール,71.1,55.6,39.2,15.3,12.0,11.9
20260716,バラジ,67.1,51.9,36.9,14.2,11.5,11.2
20260716,パイオニアスクエア,66.8,52.7,37.5,14.3,11.7,11.5
20260716,アンタレス,66.8,53.3,38.5,14.1,12.2,12.2
20260716,ペプチドアロン,64.4,50.6,36.4,13.5,11.3,11.6
20260716,サンライズジョー,65.2,51.2,36.6,13.7,11.3,11.6
20260716,ロックバンド,67.0,53.1,38.0,14.0,11.7,12.3
20260716,テーオージャスミン,66.5,52.9,38.2,14.2,12.3,11.7
20260716,ワイドアイリー,66.6,53.0,38.2,14.1,12.4,11.7
20260716,マーゴットショット,68.9,53.3,37.7,14.2,11.9,11.6
20260716,サンライズナスカ,69.8,54.0,38.4,14.4,12.0,12.0
20260716,タイセイグローバル,68.7,53.1,37.5,14.2,11.8,11.5
20260716,ファストフォワード,68.2,52.8,37.1,14.2,11.6,11.3
20260716,ハクサンアイリス,68.0,52.8,37.4,14.3,11.7,11.4
20260716,モンスエ,67.3,52.1,36.8,14.2,11.3,11.3
20260716,ハッピーチャンス,66.7,51.7,36.7,13.8,11.4,11.5
20260716,ダンシングドール,66.3,51.4,36.5,13.8,11.3,11.4
20260716,ウォーターリーダー,67.1,53.5,39.0,14.9,12.4,11.7
20260716,ヒーローインチーフ,,74.2,53.6,19.4,17.7,16.5
20260716,エイズルブルーム,69.1,53.7,38.1,14.6,11.9,11.6
20260716,サーブルディアマン,65.6,51.4,37.5,13.4,11.8,12.3
20260716,サイモンソレアード,69.0,53.6,38.2,14.4,11.8,12.0
20260716,サイモンゼスト,,73.8,52.5,19.2,17.6,15.7
20260716,キープシャイニング,,74.2,54.1,18.7,17.8,17.6
20260716,ドリームリボン,,75.1,53.0,19.2,16.9,16.9
20260716,ブレイズベイ,,73.7,53.8,18.6,17.6,17.6
20260716,ボクサークラブ,72.9,55.4,38.6,15.4,12.0,11.2
20260716,ヘリオポリス,72.6,55.3,38.6,15.2,11.9,11.5
20260716,ショウヘイ,,70.1,47.8,18.2,14.8,14.8
20260716,パルプフィクション,75.7,58.3,42.1,15.3,13.3,13.5
20260716,ハッピーマン,66.3,50.7,35.6,13.5,10.9,11.2
20260716,トウカイジーク,,71.3,52.5,18.1,17.2,17.2
20260716,ナイトインチュニス,,70.5,52.0,17.7,17.1,17.2
20260716,キュピドン,,74.9,53.9,19.9,17.7,16.3
20260716,レイクラシック,82.3,63.4,45.2,16.9,14.0,14.3
20260716,パドゼフィール,104.0,80.0,56.7,20.5,19.2,17.0
20260716,リアライズブライト,86.0,68.1,49.6,18.2,15.7,15.7
20260715,アンパドゥ,66.9,52.2,37.6,13.6,12.6,11.4
20260715,フィールドノート,67.2,52.5,37.9,13.6,12.8,11.5
20260715,レッドレガリア,68.4,53.6,38.9,13.9,13.0,12.0
20260715,コトブキヘスペラス,67.7,52.6,37.8,14.2,12.5,11.1
20260715,ヘルヴェティオス,66.8,51.7,37.2,13.4,12.4,11.4
20260715,アルデキングダム,71.1,54.1,38.4,13.7,12.6,12.1
20260715,アデルフィー,66.7,51.7,37.1,13.9,12.4,10.8
20260715,フレンデル,68.8,53.0,37.8,13.6,12.8,11.4
20260715,ダノンタッチダウン,66.1,50.7,36.4,12.5,11.7,12.2
20260715,ホウキボシ,67.1,51.8,37.0,13.3,11.9,11.8
20260715,ボールドゾーン,69.8,53.9,38.6,14.2,13.0,11.4
20260715,チザルピーノ,67.4,52.1,37.2,13.4,12.1,11.7
20260715,ヴォンフレ,71.2,54.3,38.1,14.0,12.7,11.4
20260715,ヤマニンルーバス,73.2,56.7,41.1,15.0,13.9,12.2
20260715,マーゴットサンズ,67.3,51.8,37.7,13.9,12.5,11.3
20260715,ダノンオンザビート,66.4,51.0,36.5,12.6,11.8,12.1
20260715,ロスパレドネス,69.6,53.7,38.4,14.2,12.8,11.4
20260715,ブラッキッシュ,68.3,53.0,38.8,13.6,12.9,12.3
20260715,ハイティー,69.5,53.4,38.3,14.2,12.8,11.3
20260715,ヴォルールドクール,69.0,53.1,38.9,13.6,13.5,11.8
20260715,オルッス,69.2,53.4,39.0,13.7,13.5,11.8
20260715,レガメデルヴェント,67.7,52.3,38.0,13.9,12.8,11.3
20260715,ブレイクフォース,66.9,52.1,37.4,13.4,12.2,11.8
20260715,レッドテリオス,65.5,50.0,36.1,12.7,12.0,11.4
20260715,バードウォッチャー,66.4,51.8,37.4,13.2,12.2,12.0
20260715,ヴァズレーヌ,66.5,50.9,36.4,13.3,11.8,11.3
20260715,カウスリップ,66.8,51.7,37.5,13.5,12.5,11.5
20260715,アロンズロッド,65.0,49.8,35.8,13.1,11.6,11.1
20260715,オルグジェシダ,65.0,49.8,35.7,13.1,11.6,11.0
20260715,ボンヌソワレ,65.4,50.2,36.0,13.1,11.8,11.1
20260715,コスモアンソロジー,66.5,51.8,37.1,13.6,12.4,11.1
20260715,ユイノサダハル,66.7,51.0,36.9,13.0,12.4,11.5
20260715,トワイライトサイト,68.0,52.2,37.4,13.7,12.3,11.4
20260715,オートカリテ,66.9,51.6,36.7,13.5,11.7,11.5
20260715,ラスターヴァース,66.6,51.2,36.4,13.3,11.6,11.5
20260715,ノーザンタイタン,66.5,51.5,37.4,13.5,12.4,11.5
20260715,チームユートピア,66.6,51.8,37.2,13.3,12.2,11.7
20260715,ペタルズダンス,67.5,51.8,36.9,13.6,12.0,11.3
20260715,コズミックボックス,66.6,51.9,37.4,13.4,12.2,11.8
20260715,モンサンアミュザン,68.2,52.9,37.5,13.5,12.3,11.7
20260715,トランサルピナ,66.4,51.7,37.3,13.3,12.1,11.9
20260715,ナイトスラッガー,66.7,51.6,37.4,13.1,12.6,11.7
20260715,リュミナーズ,68.9,53.7,39.0,14.1,13.1,11.8
20260715,コスモアチーブ,70.2,53.9,38.7,13.9,12.7,12.1
20260715,ティラーノ,66.3,51.4,37.0,12.9,12.7,11.4
20260715,ノベンバーベイズ,68.6,53.4,38.4,14.3,12.5,11.6
20260715,パーシヴァル,68.8,53.3,38.8,13.9,13.0,11.9
20260715,アロハオエ,68.0,52.8,37.7,13.8,12.4,11.5
20260715,チェイサー,67.8,52.9,38.5,13.8,13.0,11.7
20260715,カシノスパーク,68.0,52.5,38.7,13.3,13.0,12.4
20260715,ノリマル,66.1,50.5,36.5,13.1,12.0,11.4
20260715,ルモンテ,69.4,54.1,39.2,14.2,13.2,11.8
20260715,エートレイン,68.2,53.4,38.2,14.3,12.4,11.5
20260715,ライヴバーボン,65.6,50.1,36.0,12.8,11.9,11.3
20260715,ビーズスティンガー,67.5,52.5,37.3,13.5,12.3,11.5
20260715,エーアイクワイ,67.2,52.3,37.7,13.5,12.6,11.6
20260715,ウインカーネリアン,69.7,54.2,38.7,14.5,12.8,11.4
20260715,シャイニースイフト,73.6,55.5,39.8,14.0,13.2,12.6
20260715,フミサウンド,70.1,54.4,38.8,14.5,12.9,11.4
20260715,モンツァフレイバー,69.1,53.1,37.5,14.1,12.1,11.3
20260715,スクイーズアウト,66.2,51.5,37.1,13.7,11.9,11.5
20260715,スチールギターラグ,69.1,53.9,39.0,14.2,13.2,11.6
20260715,イントゥザウインド,69.0,52.8,38.2,13.6,12.7,11.9
20260715,ユニバーサルラヴ,67.2,52.2,37.9,13.5,12.8,11.6
20260715,ルージュラベル,69.9,54.5,38.9,14.6,13.0,11.3
20260715,パッセージピーク,66.4,51.4,37.2,13.1,12.4,11.7
20260715,セントゴーデンス,66.9,51.9,37.4,13.8,12.3,11.3
20260715,クレアノア,69.9,53.5,37.8,14.1,12.3,11.4
20260715,アッシズオブローズ,67.4,52.3,38.1,13.6,12.9,11.6
20260715,トリプティーク,70.2,53.9,38.2,14.7,12.3,11.2
20260715,サスケソルトバーン,69.5,53.7,38.2,14.5,12.3,11.4
20260715,エーオープリマ,70.2,53.7,38.0,14.1,12.5,11.4
20260715,レッドマスキュラー,65.8,51.3,37.0,13.6,11.9,11.5
20260715,ウィルステート,66.6,51.7,37.1,13.5,12.2,11.4
20260715,クリノゴッホ,66.6,51.9,37.8,13.4,12.9,11.5
20260715,ファビュラススター,67.5,52.4,37.4,13.7,12.4,11.3
20260715,アラレタバシル,67.7,52.4,37.9,13.6,12.9,11.4
20260715,ヘリオトロープ,68.3,52.9,37.9,13.9,12.5,11.5
20260715,ルナルーチェット,67.1,51.9,37.6,13.5,12.7,11.4
20260715,モリノアミーゴ,71.2,55.4,40.1,14.2,13.6,12.3
20260715,イバラヒメ,69.6,54.4,40.2,13.8,13.3,13.1
20260715,サトノフェンサー,66.1,50.7,36.9,12.7,12.2,12.0
20260715,サムハラ,67.1,52.1,37.8,13.8,12.6,11.4
20260715,フジサン,66.7,51.7,36.6,13.3,11.8,11.5
20260715,パルミエ,67.8,52.2,37.8,13.5,12.1,12.2
20260715,キャルキュラス,66.2,51.3,36.3,13.0,11.8,11.5
20260715,ケファロニア,67.0,51.5,37.3,13.0,12.2,12.1
20260715,シルクドマルス,66.5,50.9,36.5,13.2,11.7,11.6
20260715,ベールダウン,67.0,51.3,36.8,13.3,11.9,11.6
20260715,グッドヴァイブス,67.2,51.7,37.4,13.4,12.6,11.4
20260715,フロステリオン,67.0,51.7,37.1,13.5,12.1,11.5
20260715,ホウオウチャールズ,68.3,54.0,39.5,14.7,12.7,12.1
20260715,ラヴィングリー,70.0,55.1,39.8,14.8,13.3,11.7
20260715,モウエエデショー,65.8,50.6,36.3,13.3,11.9,11.1
20260715,グルーヴェンス,66.5,51.1,37.2,13.3,12.6,11.3
20260715,ヌンエリン,68.6,53.7,38.9,13.6,13.0,12.3
20260715,ニシノキフジン,67.2,52.0,37.5,13.5,12.2,11.8
20260715,プレシャスローズ,69.1,54.5,39.3,14.6,13.0,11.7
20260715,リアンディール,67.8,53.1,38.4,13.4,12.8,12.2
20260715,エレクトス,69.5,54.7,39.6,14.8,13.1,11.7
20260715,ハニーコム,67.9,52.4,38.2,13.4,12.4,12.4
20260715,シリウスコルト,66.7,51.9,37.4,13.7,12.3,11.4
20260715,リリエンフェルト,67.0,52.4,38.2,13.6,12.6,12.0
20260715,ミラビリスマジック,66.8,51.6,36.9,13.5,12.2,11.2
20260715,フォルラニーニ,66.8,51.3,37.1,13.5,12.2,11.4
20260715,クラウンテック,69.1,53.5,38.6,14.0,12.7,11.9
20260715,スピアッジャローザ,70.2,53.6,38.1,13.8,12.3,12.0
20260715,アマンヘセル,68.4,52.9,38.4,13.4,12.7,12.3
20260715,ケイツーリーブル,66.8,51.6,37.2,13.4,12.2,11.6
20260715,フキョウワオン,68.0,53.6,39.3,13.6,13.3,12.4
20260715,リラ,65.9,51.0,37.2,13.5,12.4,11.3
20260715,エイシンイクサボシ,67.7,53.5,39.8,13.6,13.0,13.2
20260715,オンナキュヌヴィ,66.4,51.4,37.5,13.7,12.5,11.3
20260715,キーチジャステン,67.2,51.9,37.2,13.6,12.3,11.3
20260715,セイウンサイフィー,66.7,51.3,37.0,13.2,11.9,11.9
20260715,サイモンオリエント,68.0,53.6,39.3,13.6,13.3,12.4
20260715,コパノフラメンコ,65.7,50.3,36.1,12.8,11.8,11.5
20260715,ミラクルオーラ,69.2,53.6,38.7,14.0,12.7,12.0
20260715,ゲームチェンジャー,68.9,53.0,37.8,13.5,12.3,12.0
20260715,ヴェルバーニア,66.3,50.8,36.7,13.4,12.0,11.3
20260715,ケイツールピア,67.9,53.1,38.5,13.7,12.9,11.9
20260715,ミエノブラボー,64.9,50.8,37.1,13.3,12.3,11.5
20260715,ビアフォーナウ,68.2,53.7,40.2,14.2,13.2,12.8
20260715,アレーティア,68.9,52.6,37.7,13.4,12.2,12.1
20260715,ミエスタ,68.1,51.5,37.1,13.4,12.3,11.4
20260715,タイセツナヒ,67.3,52.4,37.8,14.0,12.3,11.5
20260715,ホウオウルクソール,67.3,52.0,37.6,13.5,12.5,11.6
20260715,アンセートゥモダン,69.3,53.1,38.2,13.7,12.4,12.1
20260715,マナイアカラニ,65.3,51.1,37.3,13.4,12.5,11.4
20260715,カペラテソーロ,65.4,51.3,37.0,13.5,12.0,11.5
20260715,ウィールズアップ,69.9,54.9,40.1,14.5,13.6,12.0
20260715,デルマハッコウダ,,59.3,43.5,15.3,14.6,13.6
20260715,ガヤーズアモーレ,69.3,54.4,39.8,14.3,13.1,12.4
20260715,エレスレイプニル,69.3,53.2,38.4,13.8,12.4,12.2
20260715,ハイビスカス,67.2,52.3,37.8,14.0,12.3,11.5
20260715,ポッドロワール,65.3,50.5,36.8,13.2,12.2,11.4
20260715,カスバートテソーロ,67.4,51.9,37.5,13.6,12.3,11.6
20260715,コウジハラ,65.0,49.9,36.3,13.0,12.0,11.3
20260715,キャリアビジョン,65.4,50.3,36.6,13.1,12.1,11.4
20260715,ポッドデスペア,68.5,53.6,38.8,14.4,12.6,11.8
20260715,テンハートビート,64.5,49.5,36.1,13.0,11.8,11.3
20260715,フォルナカリア,65.6,51.1,37.2,13.2,12.2,11.8
20260715,ショウナンバッカス,65.8,51.4,37.6,13.2,12.1,12.3
20260715,マンダリンボレロ,66.1,51.7,37.2,13.5,12.2,11.5
20260715,メタルスピード,66.6,51.2,37.4,13.5,12.6,11.3
20260715,ピコシー,67.3,51.9,37.6,13.4,12.3,11.9
20260715,シャンソンドール,66.0,50.8,36.8,12.9,12.1,11.8
20260715,カンフーヒーロー,70.3,54.9,39.7,14.1,12.8,12.8
20260715,ジーネキング,67.2,51.9,37.8,13.8,12.6,11.4
20260715,カシマライフウ,67.1,51.6,36.7,13.3,11.8,11.6
20260715,クレイターレイク,66.8,51.5,37.3,13.2,12.3,11.8
20260715,ブライティアブーケ,65.5,50.6,36.6,12.8,11.9,11.9
20260715,ヒラボクキャンティ,,51.5,37.6,13.3,12.4,11.9
20260715,ジャガーライズ,65.8,51.1,36.9,12.9,12.0,12.0
20260715,トリスティ,65.8,51.0,36.9,12.9,12.0,12.0
20260715,インナーパッション,67.9,53.2,38.9,14.2,13.1,11.6
20260715,ミュージックレイン,,52.7,38.3,13.6,12.8,11.9
20260715,プロミスライン,66.7,51.7,37.2,13.5,12.2,11.5
20260715,ベイツリー,,52.8,37.3,13.3,12.3,11.7
20260715,サトノスターライト,66.9,51.9,37.3,13.5,12.2,11.6
20260715,セイウンリリーナ,67.2,51.9,37.3,13.3,12.0,12.0
20260715,ライングラウス,67.8,52.2,37.5,13.4,12.2,11.9
20260715,モミスケ,66.8,51.4,36.7,13.3,12.0,11.4
20260715,マルスフィス,67.6,53.3,39.1,14.2,13.0,11.9
20260715,ピウモッソ,66.9,52.5,38.4,14.2,13.0,11.2
20260715,リボルトバレット,69.5,54.8,40.1,14.4,13.0,12.7
20260715,カフェブーケット,68.6,53.1,38.5,13.7,13.1,11.7
20260715,ウインハルモニア,69.8,53.4,38.8,13.5,12.8,12.5
20260715,チャチャット,69.2,53.1,38.8,13.5,13.0,12.3
20260715,モンドプリューム,68.1,51.9,37.0,13.6,12.0,11.4
20260715,リッキースタイル,69.1,52.8,37.8,13.9,12.2,11.7
20260715,シュラフ,65.8,50.4,35.4,12.9,11.3,11.2
20260715,キカオクベシ,65.6,51.1,37.1,13.4,12.3,11.4
20260715,カムバックトゥミー,65.7,51.1,37.0,13.4,12.3,11.3
20260715,ファインブライト,65.6,50.3,35.4,12.7,11.4,11.3
20260715,フェルアフリーゼ,67.5,52.6,38.6,13.6,13.0,12.0
20260715,イツマデモマツワ,68.0,52.8,38.8,13.6,13.1,12.1
20260715,ルブラッシュノモー,69.3,54.0,39.6,13.6,13.1,12.9
20260715,コスモフラムオット,70.7,55.2,39.2,14.2,13.4,11.6
20260715,アルスラーン,69.4,54.1,39.6,13.6,13.1,12.9
20260715,マルガリート,70.1,55.0,40.2,14.3,13.3,12.6
20260715,タイセイフェリーク,66.4,51.9,37.2,13.8,12.1,11.3
20260715,ジェットブレード,68.4,53.6,38.8,14.1,12.7,12.0
20260715,コパノトーマス,65.7,50.4,36.9,12.4,12.3,12.2
20260715,ヴィンチェローズ,67.4,52.6,38.0,14.1,12.5,11.4
20260715,アームテイル,66.7,51.1,37.3,13.2,12.2,11.9
20260715,ダンケルド,64.2,50.7,37.6,13.1,12.5,12.0
20260715,ソナタン,67.7,52.0,37.6,13.4,12.2,12.0
20260715,ディヴァインスカイ,67.9,52.8,38.1,13.6,12.5,12.0
20260715,ヘヴンズドライブ,70.2,54.8,40.4,13.7,13.8,12.9
20260715,デアトゥノウ,65.3,51.1,37.4,13.4,12.2,11.8
20260715,ラヴトリガー,67.4,52.4,37.5,13.5,12.1,11.9
20260715,マイネルサリーレ,67.3,52.4,37.5,13.6,12.0,11.9
20260715,ビップヴィーナス,67.8,52.7,37.9,13.5,12.5,11.9
20260715,グランフィエスタ,68.8,53.5,39.0,13.8,12.9,12.3
20260715,ソレム,68.1,53.0,38.6,13.8,12.7,12.1
20260715,フローレスカラーズ,,52.0,37.9,13.3,12.4,12.2
20260715,バトルモクオ,70.4,53.7,38.3,14.1,12.7,11.5
20260715,ドンエレクトス,68.1,52.9,38.2,14.2,12.5,11.5
20260715,エタンセル,67.8,52.3,37.3,13.9,12.0,11.4
20260715,ベルゼビュート,66.5,50.8,36.4,13.6,11.7,11.1
20260715,ガーネットテソーロ,67.9,52.6,38.0,14.1,12.4,11.5
20260715,ラヴァレード,67.3,51.8,37.0,13.7,11.8,11.5
20260715,ヴァルドルチャ,66.5,50.7,37.0,13.3,12.3,11.4
20260715,グロッシェン,69.0,54.6,40.3,14.7,13.5,12.1
20260715,ヨシヒロ,70.6,55.3,39.5,15.0,13.1,11.4
20260715,ショービット,83.9,65.5,47.9,16.6,16.0,15.3
20260715,サンタピア,68.3,53.5,38.2,14.2,12.4,11.6
20260715,アーティラリー,67.7,53.3,38.0,14.2,12.3,11.5
20260715,プレママドンナ,68.3,54.0,39.9,14.5,13.4,12.0
20260715,ヤマニンガラッシア,67.7,52.6,38.5,13.7,12.7,12.1
20260715,アルティシエル,68.0,52.7,38.3,13.4,12.9,12.0
20260715,エーデルクラフト,66.9,51.8,37.9,13.3,12.6,12.0
20260715,イサチルシーキング,67.5,52.2,37.7,13.4,12.4,11.9
20260715,サムシングニュー,69.9,54.8,40.0,14.4,13.5,12.1
20260715,アッティーヤ,,55.6,41.0,14.0,14.3,12.7
20260715,ナムラダックス,66.9,52.0,37.5,13.4,12.5,11.6
20260715,ニシノミヤダシ,,56.0,41.5,14.6,13.8,13.1
20260715,キミヘノメロディー,66.9,51.8,37.4,13.3,12.6,11.5
20260715,マイネルリシャール,69.5,54.5,39.7,14.4,13.3,12.0
20260715,エスコバル,68.8,53.5,38.5,14.2,12.9,11.4
20260715,ソワンドヴィクター,70.2,54.6,39.1,14.3,13.0,11.8
20260715,ミサダメキメル,69.7,54.3,38.9,14.2,13.1,11.6
20260715,リポジノ,68.5,52.9,38.9,13.7,13.3,11.9
20260715,シークレットイスラ,69.0,52.0,37.5,13.5,12.4,11.6
20260715,アイアムステキ,66.1,51.3,37.8,13.1,12.6,12.1
20260715,エクスペクタント,68.2,53.6,39.1,13.7,12.9,12.5
20260715,ジェイエルグリーン,69.6,52.2,37.4,13.6,12.4,11.4
20260715,カシノユメミヅキ,66.9,51.5,37.5,13.2,12.2,12.1
20260715,リネンタイリン,71.4,56.3,40.9,14.6,13.5,12.8
20260715,ダルマッコ,68.9,53.7,38.7,13.7,12.5,12.5
20260715,ファウナード,69.7,54.0,39.1,14.0,12.7,12.4
20260715,ユメノカケラ,69.4,53.8,39.0,13.9,12.6,12.5
20260715,ミリオンクラウン,67.5,52.3,37.7,13.6,12.3,11.8
20260715,コパノミラノ,67.7,53.3,39.3,14.0,12.9,12.4
20260715,ウインドオブヘヴン,67.2,51.7,37.1,13.5,12.4,11.2
20260715,ウイニングレイ,67.6,52.1,37.3,13.7,12.3,11.3
20260715,グラニット,67.3,52.2,37.5,13.6,12.3,11.6
20260715,テイキットイージー,65.4,50.9,37.4,12.8,12.4,12.2
20260715,テラシエスタ,66.7,52.8,38.6,13.9,12.9,11.8
20260715,トレンドマーチ,67.0,51.9,38.0,13.5,12.4,12.1
20260715,カーヴドヴァン,67.8,52.4,37.8,13.8,12.6,11.4
20260715,パワポケグッド,70.4,54.7,39.9,14.0,13.3,12.6
20260715,スイートアリッサム,67.4,52.2,37.5,13.7,12.4,11.4
20260715,ギルデッドグロス,71.2,56.6,41.6,14.9,13.7,13.0
20260715,アオゾラランチ,68.3,52.8,38.2,13.7,12.6,11.9
20260715,エッジランナー,69.6,53.7,39.1,14.1,13.0,12.0
20260715,ハッピーエンジェル,68.5,52.2,37.9,13.4,12.7,11.8
20260715,バンデルオーラ,65.0,50.7,36.5,13.5,12.1,10.9
20260715,エコロレイズ,66.9,52.1,37.7,13.8,12.5,11.4
20260715,フクチャントウメイ,68.5,53.0,38.2,13.8,12.8,11.6
20260715,ピコローズ,65.9,50.1,36.3,13.1,12.3,10.9
20260715,リラゲイル,67.6,52.4,38.1,13.4,12.7,12.0
20260715,キリスパークル,66.4,51.6,37.3,13.2,12.3,11.8
20260715,グレイスルーラー,67.2,52.6,38.2,13.5,12.6,12.1
20260715,ダイナマイトメロン,66.6,50.8,36.8,13.3,12.3,11.2
20260715,アンプイットアップ,65.7,51.3,37.0,13.8,12.3,10.9
20260715,ステラデルークス,,65.1,49.4,16.9,16.4,16.1
20260715,トウシンライオット,67.5,53.0,38.5,13.5,12.8,12.2
20260715,エメラルファイン,68.2,52.8,38.1,14.0,12.5,11.6
20260715,スーパーハイウェイ,66.5,51.5,37.4,13.5,12.3,11.6
20260715,サムシングスイート,66.9,52.0,37.6,13.6,12.4,11.6
20260715,ピコブロッサム,66.7,51.8,37.5,13.5,12.4,11.6
20260715,クールボビー,67.1,51.6,37.6,13.4,12.3,11.9
20260715,ボンジュールパリ,68.2,52.8,38.0,13.7,12.8,11.5
20260715,サヴァビアン,67.0,53.1,39.5,14.1,13.0,12.4
20260715,サングラデーション,67.0,52.7,38.2,14.1,12.7,11.4
20260715,ダノンロッキー,68.0,52.4,37.6,13.4,12.6,11.6
20260715,ロジャリーマイン,66.4,51.7,37.3,13.4,12.3,11.6
20260715,オメガストリーム,68.9,53.0,38.0,13.7,12.3,12.0
20260715,フィールオーサム,66.4,52.0,37.5,13.6,12.3,11.6
20260715,ガムラスタン,68.4,52.9,38.1,13.9,12.8,11.4
20260715,ココナッツコースト,65.8,51.4,37.2,13.4,12.4,11.4
20260715,ノブステップ,68.8,52.9,37.9,13.5,12.4,12.0
20260715,ダゴベルト,68.6,52.8,38.0,13.6,12.7,11.7
20260715,サンダーストラック,65.9,51.5,37.3,13.5,12.5,11.3
20260715,ノドゥス,67.7,52.3,37.6,13.9,12.4,11.3
20260715,アイデアルカット,65.2,50.5,36.2,13.0,11.9,11.3
20260715,リアライズグロリア,67.9,52.5,37.7,13.8,12.6,11.3
20260715,アルニタク,65.3,50.2,36.1,12.8,11.7,11.6
20260715,プリンセスロッティ,65.4,50.3,36.2,12.7,11.7,11.8
20260715,スマートフランキー,67.8,52.9,37.9,13.8,12.3,11.8
20260715,マーキュリーダイム,67.6,52.8,37.3,13.5,12.5,11.3
20260715,エテオクロス,65.5,51.0,37.5,12.9,12.3,12.3
20260715,ロジキセキ,71.3,55.4,40.8,14.0,13.4,13.4
20260715,ハピネスドリーム,68.1,52.7,37.9,13.7,12.6,11.6
20260715,トラストレガート,67.3,52.6,37.8,13.7,12.3,11.8
20260715,レレリオーナ,68.8,53.3,37.9,13.9,12.5,11.5
20260715,スカイドリーマー,68.4,52.9,38.2,13.9,12.7,11.6
20260715,マイネルリーヒム,66.9,51.1,36.7,13.3,12.0,11.4
20260715,フェスティヴハート,66.2,51.5,37.2,13.5,12.1,11.6
20260715,グランマエストロ,67.0,52.1,37.5,13.4,12.6,11.5
20260715,デルマキタカミ,68.6,53.1,37.7,13.7,12.6,11.4
20260715,コスモイェーガー,66.6,51.0,36.6,13.2,11.8,11.6
20260715,ニシノアトール,66.5,51.1,36.8,13.3,11.9,11.6
20260715,ルフトシュピール,69.1,53.7,39.0,13.7,12.8,12.5
20260715,ラブディーヴァ,,55.0,40.4,14.9,13.8,11.7
20260715,ソニックライン,66.2,51.5,37.0,13.3,12.3,11.4
20260715,クリアーゲイル,69.8,54.4,39.1,14.3,13.1,11.7
20260715,ノーウェアマン,66.7,51.7,37.1,13.3,12.5,11.3
20260715,バッカステソーロ,69.5,53.7,37.7,14.0,12.3,11.4
20260715,シュネーバレン,69.2,53.6,37.5,13.8,12.3,11.4
20260715,コイゾラ,69.4,54.1,38.9,14.3,12.9,11.7
20260715,リポサンテ,69.6,54.4,39.8,14.6,13.2,12.0
20260715,オカメノコイ,69.8,54.3,39.6,14.6,12.9,12.1
20260715,クイーンアン,69.9,54.7,40.0,14.7,13.3,12.0
20260715,テキサスバローズ,69.4,53.2,37.6,13.9,12.4,11.3
20260715,スカイリッチ,69.7,54.2,39.6,14.6,13.0,12.0
20260715,ジーティーフクフク,67.8,53.4,38.9,14.1,13.2,11.6
20260715,ラッキースウィッチ,69.7,53.5,37.9,14.0,12.5,11.4
20260715,ドリームユー,68.8,54.1,39.4,14.4,13.3,11.7
20260715,ロワデュモンド,69.0,54.3,39.5,14.4,13.3,11.8
20260715,アイウィル,67.9,52.9,38.0,14.2,12.5,11.3
20260715,ロワゾブルー,72.8,54.6,38.8,14.1,12.7,12.0
20260715,ムーンシェイド,,52.1,37.2,13.7,12.0,11.5
20260715,ツキノマバタキ,,50.9,36.0,13.6,11.3,11.1
20260715,ファーストアライヴ,67.5,52.4,37.6,13.9,12.4,11.3
20260715,ウインベアトリス,67.0,52.5,38.6,13.5,12.8,12.3
20260715,キョウエイボニータ,67.8,51.9,37.3,13.8,12.2,11.3
20260715,アトラップモア,67.4,52.2,37.7,13.4,12.5,11.8
20260715,サトノフレア,67.0,52.0,37.4,13.2,12.5,11.7
20260715,アルマロクザン,68.0,52.6,37.9,13.5,12.4,12.0
20260715,ルアグロール,66.5,50.3,36.5,12.8,12.0,11.7
20260715,ウインリスノアール,68.9,53.7,38.8,14.1,13.3,11.4
20260715,ライジンマル,65.7,50.9,37.1,13.4,12.0,11.7
20260715,フジテンクウ,66.8,51.8,37.6,13.5,12.3,11.8
20260715,レーザーキック,67.6,52.0,37.6,13.7,12.1,11.8
20260715,ランウェイミューズ,66.5,51.0,36.8,13.3,11.9,11.6
20260715,バルボアパーク,64.5,49.8,36.2,13.0,12.0,11.2
20260715,ダノンダックス,64.1,49.4,35.8,12.9,11.8,11.1
20260715,ローシャムパーク,80.2,61.9,44.9,16.0,15.3,13.6
20260715,パープルアドミラル,67.8,53.1,38.5,13.8,12.9,11.8
20260715,ジュングロワール,67.3,52.4,38.0,13.6,12.7,11.7
20260715,ハヌル,68.0,53.3,38.4,14.2,12.6,11.6
20260715,モナコブル,66.9,52.7,37.9,14.0,12.4,11.5
20260715,ソレルビュレット,66.6,51.9,37.5,13.6,12.3,11.6
20260715,ベアダイヤモンド,66.7,52.0,37.5,13.7,12.3,11.5
20260715,ラクシオンデクラ,65.6,50.8,36.6,12.9,12.1,11.6
20260715,トップデュオ,64.7,50.0,35.9,12.9,11.7,11.3
20260715,フィールマイプラン,67.5,53.0,38.2,14.1,12.5,11.6
20260715,ゲンテン,65.8,50.8,36.6,13.1,12.1,11.4
20260715,ローンウルフ,69.1,53.9,39.0,14.3,12.5,12.2
20260715,ブルバンビーナ,66.4,51.5,37.5,13.5,12.4,11.6
20260715,ラヴアンドライク,67.5,52.7,38.9,14.1,13.0,11.8
20260715,ディヴァインスター,65.9,51.1,36.9,13.5,12.3,11.1
20260715,ランランリンリン,68.4,53.5,39.0,14.1,12.7,12.2
20260715,オブラプリーマ,67.0,52.3,37.8,14.0,12.3,11.5
20260715,マッドゲイル,67.3,52.5,38.1,14.1,12.4,11.6
20260715,ベルウッドクレド,69.1,53.9,39.3,14.1,13.0,12.2
20260715,サヴマ,72.0,56.5,41.4,14.5,13.5,13.4
20260715,チョコスコーン,66.9,51.5,37.7,13.6,12.8,11.3
20260715,イカルステソーロ,65.5,50.6,36.2,12.5,11.8,11.9
20260715,コスモティタノ,65.6,50.8,36.3,12.5,11.7,12.1
20260715,ドナリー,66.4,51.0,37.2,13.5,12.6,11.1
20260715,サンタンヌ,67.9,52.9,38.4,13.8,12.8,11.8
20260715,グランオギュール,65.3,50.6,36.4,13.3,12.2,10.9
20260715,ブリスブリンク,70.0,54.6,39.8,14.1,13.4,12.3
20260715,メラーキ,71.5,52.6,37.0,13.4,12.1,11.5
20260715,ペリエール,67.1,51.4,36.9,13.5,12.0,11.4
20260715,ベリーベリーベリー,67.8,52.3,38.0,13.5,12.7,11.8
20260715,インチジオーネ,68.7,53.5,39.5,13.5,13.2,12.8
20260715,ウップヘリーア,66.9,51.1,36.7,13.4,12.0,11.3
20260715,ミヤザキムスメ,68.7,53.5,39.5,13.6,13.1,12.8
20260715,トルタパスカリーナ,66.5,50.9,36.3,13.2,11.8,11.3
20260715,ジャガード,69.9,54.5,40.3,13.9,13.7,12.7
20260715,セイウンビッグバン,66.8,50.4,36.2,12.6,11.9,11.7
20260715,カイトヴィント,69.6,53.7,38.4,13.8,12.8,11.8
20260715,ジュリ,68.3,52.1,37.9,13.1,12.7,12.1
20260715,キョウエイシャトル,68.9,52.5,38.2,13.3,12.8,12.1
20260715,ブラーヴジャン,69.5,53.7,38.7,14.0,12.8,11.9
20260715,ランドフォートレス,69.0,53.3,38.3,13.8,12.6,11.9
20260715,バセリーナ,73.1,54.2,38.7,13.7,12.8,12.2
20260715,シンハナーダ,68.8,53.8,39.3,13.8,13.1,12.4
20260715,ヴォンヌヴォー,65.5,51.0,37.0,12.7,12.2,12.1
20260715,キングプロフィット,66.6,52.0,38.4,13.1,12.8,12.5
20260715,レーゲンシャウアー,65.7,51.5,37.9,13.0,12.5,12.4
20260715,アンナモエ,67.0,52.5,38.8,13.1,12.9,12.8
20260715,サスツルギ,,70.0,48.8,17.9,15.8,15.1
20260715,ワタシマツワ,65.3,50.1,36.2,12.8,11.9,11.5
20260715,ペカリーナ,64.6,49.4,36.1,12.8,11.7,11.6
20260715,ベアアッコチャン,69.2,53.6,38.6,13.8,12.7,12.1
20260715,フランベリー,69.1,53.4,38.4,13.8,12.7,11.9
20260715,アミノショコラ,67.5,53.1,38.5,13.8,12.5,12.2
20260715,レオライジング,67.4,52.9,38.3,13.8,12.4,12.1
20260715,ベンガルボダイジュ,67.1,51.9,37.8,13.2,12.3,12.3
20260715,オーケーマヒナ,67.5,51.9,36.9,13.2,11.8,11.9
20260715,コスモモノポリー,66.7,51.4,36.6,12.9,11.8,11.9
20260715,ジャストビコーズ,69.1,53.3,38.5,13.6,12.9,12.0
20260715,コスモブッドレア,68.0,53.5,37.9,14.5,12.1,11.3
20260715,ポッドロルフ,68.3,53.8,38.1,14.6,12.2,11.3
20260715,リケアチャチャチャ,67.5,52.4,37.5,13.8,11.7,12.0
20260715,ティアラスピリット,66.7,51.9,37.0,13.5,11.5,12.0
20260715,フレアリングベリー,69.5,54.2,38.9,13.8,13.0,12.1
20260715,フジサンインフレ,70.8,55.6,39.9,14.3,13.1,12.5
20260715,カウェーカネム,71.0,55.7,40.1,14.4,13.2,12.5
20260715,マイネルラッシュ,65.7,51.2,37.5,13.6,12.2,11.7
20260715,ジョイグリーン,65.9,51.2,37.0,13.2,12.2,11.6
20260715,ファイアリービート,66.4,51.6,37.3,13.5,12.2,11.6
20260715,インスウィング,66.5,51.7,37.5,13.4,12.4,11.7
20260715,ゴールドビリーヴ,66.2,51.5,37.2,13.4,12.2,11.6
20260715,フルールロイヤル,68.9,53.7,39.0,14.1,12.7,12.2
20260715,リキマル,68.9,53.7,39.1,14.2,12.7,12.2
20260715,カリーシ,67.9,52.7,38.2,13.7,12.8,11.7
20260715,ハングローズ,69.1,53.5,38.7,14.2,12.9,11.6
20260715,サルサブラヴァ,71.2,55.2,39.7,14.8,13.3,11.6
20260715,ジャストマイウェイ,66.2,51.4,36.9,13.3,12.2,11.4
20260715,マイホームパパ,69.3,52.9,37.7,13.7,12.5,11.5
20260715,アウアリイ,65.9,51.2,36.6,13.3,11.9,11.4
20260715,サンプラザマツモト,69.7,53.2,37.9,13.6,12.5,11.8
20260715,ビッグデイメイク,73.5,57.2,41.5,15.2,14.0,12.3
20260715,カタカムナ,69.3,53.4,38.5,14.4,12.5,11.6
20260715,チャームジュネーヴ,69.1,53.5,38.5,14.3,12.5,11.7
20260715,サトノドルチェ,68.6,53.4,38.8,13.9,12.8,12.1
20260715,グロスビーク,65.4,51.0,37.4,13.2,12.5,11.7
20260715,プリティディーヴァ,65.1,50.8,37.2,13.0,12.5,11.7
20260715,オンザボー,65.8,51.4,37.7,13.2,12.7,11.8
20260715,ミッドセンチュリー,70.3,54.1,38.9,14.0,12.8,12.1
20260715,ウリズンベー,66.9,52.3,37.6,13.6,12.4,11.6
20260715,ニュークリアス,66.9,52.3,37.6,13.6,12.4,11.6
20260715,グリームウッド,71.6,55.8,41.2,14.3,13.5,13.4
20260715,マイトレーヤー,69.8,54.2,39.6,14.3,13.2,12.1
20260715,ラッパースヴィル,68.3,53.0,38.5,14.2,12.9,11.4
20260715,ブルーリヴァーサル,71.4,55.5,39.7,14.2,13.1,12.4
20260715,ウインオーディン,69.4,53.7,38.5,14.1,12.7,11.7
20260715,スティールブルー,68.8,54.0,39.4,14.4,13.2,11.8
20260715,デルマジュテーム,67.0,52.1,38.2,13.5,13.0,11.7
20260715,サトノラポール,70.7,54.2,38.9,14.4,13.0,11.5
20260715,キアラメンテ,71.3,54.9,39.5,14.7,13.3,11.5
20260715,カミノテイオー,70.2,54.4,39.6,13.9,13.3,12.4
20260715,レジームチェンジ,69.8,53.9,38.8,14.0,12.9,11.9
20260715,コスモプルー,72.8,57.1,41.3,14.7,13.5,13.1
20260715,アイアムイガイニモ,69.6,54.0,39.4,13.8,13.2,12.4
20260715,ゴーストミステリー,72.8,57.1,41.3,14.7,13.5,13.1
20260715,ミクニルミナス,69.1,54.2,39.5,14.4,13.3,11.8
20260715,バトルクライ,66.3,52.6,38.6,14.4,12.9,11.3
20260715,タイキオーベロン,66.1,51.0,37.0,13.5,11.9,11.6
20260715,マイネルボス,71.4,55.3,40.3,14.4,13.2,12.7
20260715,ニシノブレイゼスト,66.9,51.7,37.4,13.8,12.1,11.5
20260715,ネイティヴプライド,67.2,52.4,37.8,13.6,12.1,12.1
20260715,コスモメイウェザー,67.3,52.6,38.1,13.4,12.2,12.5
20260715,マスターボリューム,70.7,54.6,39.6,14.5,13.1,12.0
20260715,サザンキンレンカ,66.6,52.0,37.5,13.7,12.3,11.5
20260715,リリカルフレア,68.3,53.0,37.9,14.2,12.3,11.4
20260715,グランシュレーム,66.2,51.6,37.2,13.2,12.0,12.0
20260715,イニシャルポイント,65.6,52.0,38.0,13.9,12.8,11.3
20260715,カツノテンス,68.0,53.0,38.7,14.1,13.0,11.6
20260715,コックオーヴァン,65.6,51.8,37.9,13.5,12.0,12.4
20260715,キンバリー,66.5,52.4,38.1,13.4,12.1,12.6
20260715,コスモデュアリズム,66.6,52.5,38.2,13.3,12.2,12.7
20260715,スコラーリ,64.3,49.4,35.6,12.2,11.6,11.8
20260715,タッカーヴァンバン,67.2,51.7,37.3,13.8,12.1,11.4
20260715,マイエラ,69.0,53.3,38.8,14.1,13.1,11.6
20260715,ホウオウパーソンズ,68.6,52.9,38.6,14.1,12.8,11.7
20260715,ラウンドヒル,67.5,52.2,37.6,14.0,12.2,11.4
20260715,キタノシオン,71.3,54.1,39.4,14.8,13.1,11.5
20260715,ワイズジュエル,71.7,54.5,39.6,14.8,13.0,11.8
20260715,ドラゴンヘッド,66.8,51.3,37.0,12.9,12.3,11.8
20260715,ロケットパンチ,70.3,53.6,37.9,13.7,12.8,11.4
20260715,ロジシーザ,68.8,53.1,38.4,13.8,12.6,12.0
20260715,ロジザボード,68.2,52.7,37.9,13.4,12.5,12.0
20260715,カイユレ,66.3,51.1,36.6,12.7,12.3,11.6
20260715,サトノリアファル,67.7,52.4,37.6,13.2,12.5,11.9
20260715,ラスカンブレス,67.8,52.2,37.7,14.1,12.3,11.3
20260715,ルージュダリア,68.8,53.3,38.2,14.2,12.5,11.5
20260715,コールリッジ,66.8,52.3,38.1,14.2,12.5,11.4
20260715,ガンバレベアー,69.9,54.3,39.1,13.8,12.6,12.7
20260715,ヴェニゼロス,113.5,88.1,64.8,22.2,21.2,21.4
20260715,ベアベルヴォワ,69.9,54.3,39.2,13.8,12.7,12.7
20260715,スワローシチー,67.0,52.3,37.9,13.2,12.9,11.8
20260715,シャルムグリーン,68.3,53.0,38.2,14.0,12.9,11.3
20260715,ブライトエアリー,67.7,53.2,38.6,13.5,13.1,12.0
20260715,ラブソング,67.7,52.6,38.1,13.6,12.8,11.7
20260715,ニシノアナベル,70.5,54.6,40.1,14.0,13.3,12.8
20260715,カリーン,,63.7,46.6,16.1,15.7,14.8
20260715,イノーマル,,70.4,51.1,17.7,16.5,16.9
20260715,シュティラブリッツ,,72.0,52.9,18.2,17.6,17.1
20260715,シャンパンマーク,70.4,55.0,40.2,14.1,13.5,12.6
20260715,セントリアン,69.3,54.3,39.4,13.9,13.1,12.4
20260715,ノクターナルハント,67.5,52.4,38.0,13.6,12.4,12.0
20260715,アースヴィンチ,71.0,55.5,40.6,14.2,13.5,12.9
20260715,コスモルトチェコ,68.7,53.1,38.2,14.2,12.6,11.4
20260715,ソニックウェーブ,69.0,53.5,38.5,14.3,12.8,11.4
20260715,ロンバスブレス,68.9,53.1,38.5,13.8,12.7,12.0
20260715,グラスブランシュ,69.5,53.6,38.7,14.3,12.6,11.8
20260715,オレデイイノカ,,57.5,41.5,14.6,14.2,12.7
20260715,サトノシャムロック,,57.1,41.6,14.9,14.1,12.6
20260715,ミツカネメルクリオ,67.5,53.0,,,12.7,11.6
20260715,パチクリベスクリ,68.1,53.5,,,12.8,11.7
20260715,ソニックブレイカー,69.6,53.2,37.8,13.9,12.6,11.3
20260715,アイムスティルミー,68.9,53.7,38.2,14.1,12.8,11.3
20260715,ビッグノエルルーフ,65.3,50.7,36.4,12.9,12.3,11.2
20260715,エイシンキーンラン,69.1,54.5,39.3,13.1,13.3,12.9
20260715,デルマテイネ,68.8,53.4,38.4,13.9,12.7,11.8
20260715,サイモングリーマン,69.6,53.8,38.8,14.1,13.0,11.7
20260715,テングカゼ,69.3,53.6,38.5,13.9,12.8,11.8
20260715,ヨドノサファイア,71.2,55.3,39.4,14.8,13.0,11.6
20260715,アイデアユー,69.7,54.7,39.5,13.7,13.1,12.7
20260715,ダノンアトラス,,53.7,38.1,14.2,12.0,11.9
20260715,エイカイマッケンロ,66.6,52.0,37.1,13.8,11.5,11.8
20260715,ファーヴェント,64.5,50.3,35.8,13.5,11.0,11.3
20260715,モモンウールー,70.0,54.4,38.2,15.3,11.6,11.3
20260715,ステイクオール,67.7,52.8,37.5,14.1,11.5,11.9
20260715,レクスノヴァス,66.0,51.3,36.1,13.7,11.2,11.2
20260715,ライトオブヌカタ,66.6,52.0,37.3,14.0,11.8,11.5
20260715,エアロクリスタ,69.5,54.0,37.9,15.0,11.6,11.3
20260715,ブレイクアウェイ,66.1,51.6,37.1,14.0,11.7,11.4
20260715,ベラジオパンテーラ,66.4,51.5,36.3,13.8,11.3,11.2
20260715,アレ,66.9,51.9,36.8,14.0,11.5,11.3
20260715,マディソンガール,66.4,51.7,36.7,14.0,11.5,11.2
20260715,モンテシート,67.5,52.2,36.4,14.0,11.2,11.2
20260715,フレイムスター,67.5,52.7,37.3,14.1,11.7,11.5
20260715,ナムラティアラ,68.4,52.8,36.6,14.2,11.3,11.1
20260715,スノースケープ,69.3,54.1,38.2,14.6,12.0,11.6
20260715,ブームバップビート,67.6,52.4,37.2,14.2,11.7,11.3
20260715,マテンロウヒルズ,67.7,52.8,37.7,14.2,11.6,11.9
20260715,トップランキング,69.0,53.6,38.2,14.5,11.9,11.8
20260715,リンカーンバローズ,68.0,53.0,37.7,14.2,11.7,11.8
20260715,ペガサスジルシ,66.5,52.5,37.9,14.1,12.0,11.8
20260715,プリマアルバ,66.8,52.7,38.2,14.2,12.2,11.8
20260715,ハイディージェン,,69.5,51.3,17.0,16.8,17.5
20260715,モズプリヴェール,,77.9,57.2,19.2,19.0,19.0
20260715,クリコバロー,70.0,53.4,37.9,14.1,12.3,11.5
20260715,ベリベリハッピー,70.2,53.8,37.8,14.1,12.3,11.4
20260715,テーオージャスミン,84.7,65.1,48.1,16.7,16.1,15.3
20260715,アントラヴァースト,68.1,51.9,37.1,13.4,11.9,11.8
20260715,ワイドアイリー,84.9,65.5,48.2,16.4,16.4,15.4
20260715,ベニバナ,68.5,52.1,37.0,13.3,12.0,11.7
20260715,エコロメジャー,,71.5,52.5,18.6,17.0,16.9
20260715,アウローラシエル,66.8,51.8,37.3,13.9,11.7,11.7
20260715,アリエスキング,71.0,55.1,38.8,15.3,12.4,11.1
20260715,クアトロジャック,71.6,55.7,39.3,15.5,12.6,11.2
20260715,ラブアイミー,67.5,52.4,37.6,14.0,11.8,11.8
20260715,アステリアート,66.3,50.7,36.6,13.5,11.5,11.6
20260715,ジューンセクレタ,71.2,54.3,37.7,14.7,11.9,11.1
20260715,フルーツバスケット,69.4,54.2,38.4,14.8,12.0,11.6
20260715,ホットロッドハート,68.7,53.6,38.0,14.6,11.8,11.6
20260715,ビエントゾンダ,71.7,54.6,37.9,14.8,12.0,11.1
20260715,ウエストナウ,67.5,52.6,37.3,14.4,11.7,11.2
20260715,ノーランサンライズ,67.1,52.4,37.6,14.1,12.0,11.5
20260715,ルクスディグニティ,68.7,52.8,37.3,14.1,11.7,11.5
20260715,リテラシー,68.2,52.3,36.9,14.1,11.5,11.3
20260715,ツーハーツ,68.4,53.2,37.9,14.7,12.0,11.2
20260715,ルージュミステリオ,67.8,52.8,37.8,13.9,11.9,12.0
20260715,ジョワイユノエル,68.1,53.1,38.0,14.0,12.0,12.0
20260715,ペアレンツギフト,67.1,52.8,38.0,14.5,12.0,11.5
20260715,サダムオプシス,67.1,51.7,36.6,14.0,11.5,11.1
20260715,ユメハハテシナク,70.3,54.3,39.8,14.9,12.9,12.0
20260715,グレンセロース,,54.9,38.7,14.3,12.1,12.3
20260715,マリナーヴァレイ,72.9,57.0,40.9,15.4,13.4,12.1
20260715,ヤマニンループ,66.8,51.3,36.4,13.7,11.6,11.1
20260715,フルドド,,63.9,46.5,16.5,15.3,14.7
20260715,コスモグローリー,69.1,53.2,38.5,14.7,12.2,11.6
20260715,レインボーステート,65.6,51.1,36.6,13.4,11.6,11.6
20260715,ニシノフランケン,69.5,53.6,38.5,14.7,12.1,11.7
20260715,ノーマンデー,70.8,54.9,39.2,14.8,12.5,11.9
20260715,ブラックミューズ,68.2,52.5,37.3,14.3,11.8,11.2
20260715,ダノンアズール,70.3,54.5,38.8,14.5,12.4,11.9
20260715,ルバート,71.4,55.5,39.6,15.3,12.5,11.8
20260715,キーンセンス,65.0,51.1,37.4,13.2,12.0,12.2
20260715,エコロヴァルツ,69.9,54.4,39.1,14.5,12.9,11.7
20260715,フランキーバローズ,,55.7,38.3,14.7,12.1,11.5
20260715,ボンドロア,65.9,51.6,37.5,13.5,11.9,12.1
20260715,グランシャン,67.4,52.7,37.6,13.8,11.9,11.9
20260715,ミッキージャンプ,,54.3,38.2,14.1,12.4,11.7
20260715,テーオーライガ,69.4,55.4,39.9,15.5,12.4,12.0
20260715,ラッキーハナコ,69.3,55.3,39.9,15.5,12.4,12.0
20260715,セイフウサツキ,70.4,55.5,39.6,14.7,12.3,12.6
20260715,ルマンサルト,,70.3,48.4,17.7,15.3,15.4
20260715,ケンフィールド,80.8,63.1,45.5,15.5,14.8,15.2
20260715,メイショウナナシロ,96.4,77.3,57.4,20.1,19.1,18.2
20260715,メイショウシナノ,67.0,51.9,37.1,13.7,11.5,11.9
20260715,ランブリングマン,92.9,73.9,54.0,19.4,17.4,17.2
20260715,メイショウメゴヒメ,67.6,52.3,37.1,13.7,11.5,11.9
20260715,トゥデイイズザデイ,67.6,52.6,37.5,13.8,11.7,12.0
20260715,キングケープ,70.9,55.9,40.0,15.0,12.5,12.5
20260715,クインズセレネ,,71.2,49.8,18.7,16.2,14.9
20260715,ビービークローサー,,73.9,50.7,19.1,16.6,15.0
20260715,ダイメイミラクル,68.5,52.9,37.7,14.1,11.7,11.9
20260715,レイワノキセキ,68.7,53.1,37.8,14.2,11.6,12.0
20260715,メイショウジェード,67.8,52.4,37.3,14.1,11.5,11.7
20260715,メイショウオーロラ,68.8,52.2,36.5,13.9,11.3,11.3
20260715,ラビットアイ,67.6,53.0,38.0,14.3,12.2,11.5
20260715,メイショウザンゲツ,69.6,54.6,38.9,14.0,12.9,12.0
20260715,フルールジェンヌ,68.4,53.2,38.1,14.2,12.5,11.4
20260715,ダンツシタン,69.0,52.5,36.6,13.9,11.4,11.3
20260715,タガノレクシア,67.3,52.8,37.7,14.3,12.0,11.4
20260715,アウスヴァール,70.4,52.2,36.2,13.9,11.0,11.3
20260715,アレナパラシオ,70.6,54.9,39.3,15.0,12.6,11.7
20260715,ザハント,68.4,52.8,36.8,13.5,11.6,11.7
20260715,サヴォンリンナ,68.9,53.1,37.2,13.7,11.8,11.7
20260715,フェスティバルヒル,68.9,53.0,37.7,14.5,12.1,11.1
20260715,ラヴエナストロ,73.3,56.5,40.0,15.2,12.8,12.0
20260715,アイスフォーク,,52.6,37.7,14.1,11.8,11.8
20260715,カルロット,,56.1,39.3,14.9,12.3,12.1
20260715,フォルトゥナロッサ,,52.9,38.0,14.2,11.9,11.9
20260715,ブレイクガール,,52.3,37.6,14.1,11.9,11.6
20260715,ヒットザグラウンド,,54.2,37.0,14.0,11.5,11.5
20260715,ランスオブカオス,67.2,52.7,37.4,14.5,11.7,11.2
20260715,ワイドクリーガー,68.1,53.4,37.8,14.6,11.9,11.3
20260715,レッドレヴェリー,,64.1,45.6,16.4,14.4,14.8
20260715,ダノンフィーゴ,,65.3,48.4,16.9,15.9,15.6
20260715,ロングトールサリー,,52.9,37.3,13.8,11.9,11.6
20260715,ナチュラルリバー,66.5,52.1,37.6,13.8,11.7,12.1
20260715,イーサンハンター,65.8,51.2,36.4,13.4,11.4,11.6
20260715,オールセインツ,67.3,52.7,37.2,14.4,11.5,11.3
20260715,フレミングフープ,66.2,51.8,36.9,14.1,11.4,11.4
20260715,ハピアーザンエバー,,121.7,93.6,28.9,31.3,33.4
20260715,メイクワンズデイ,65.9,51.3,37.1,13.6,11.5,12.0
20260715,ファルカータ,65.8,51.6,36.8,14.0,11.5,11.3
20260715,ビッグヒーロー,66.0,51.9,37.5,14.3,11.7,11.5
20260715,ルージュバロン,67.0,52.5,37.6,14.5,11.8,11.3
20260715,ルーチェブリラーレ,68.7,53.5,38.0,14.6,12.0,11.4
20260715,ポートデラメール,66.2,51.6,37.1,13.9,11.7,11.5
20260715,アトレッタ,65.9,52.0,37.7,13.6,11.9,12.2
20260715,フォーシーファイン,65.2,51.3,36.9,13.3,11.6,12.0
20260715,ワイルドチャーム,,55.9,39.4,15.1,12.5,11.8
20260715,グラスベルグ,65.5,51.6,37.2,13.4,11.7,12.1
20260715,サンマルマニック,,53.3,37.7,13.7,11.9,12.1
20260715,ティアラード,65.4,50.9,36.6,13.4,11.4,11.8
20260715,ルナパッショーネ,65.7,51.2,36.7,13.8,11.5,11.4
20260715,メアグローリア,65.3,50.8,36.5,13.9,11.3,11.3
20260715,オーリエイト,65.3,50.9,36.6,13.0,11.5,12.1
20260715,エスペシャリー,,52.2,36.0,13.3,11.7,11.0
20260715,ラインベック,,64.2,46.7,16.1,15.6,15.0
20260715,エシェックオロワ,70.5,54.3,38.2,14.7,12.0,11.5
20260715,ヤマニンエルファバ,68.0,52.7,37.8,14.0,12.3,11.5
20260715,マッシャーブルム,,55.7,38.4,15.2,12.3,10.9
20260715,ウェルカムソング,,54.4,37.7,14.2,12.4,11.1
20260715,タガノアビー,71.9,55.9,39.7,15.2,12.5,12.0
20260715,リン,67.2,52.9,37.4,13.6,11.5,12.3
20260715,フレッチャアズーラ,66.5,52.3,37.0,13.6,11.3,12.1
20260715,ブラックケリー,,52.9,36.7,13.8,11.6,11.3
20260715,ビルンバウム,65.3,50.3,35.8,12.8,11.4,11.6
20260715,トレッチェ,67.0,50.5,36.2,13.0,11.6,11.6
20260715,コパノマハロ,108.6,86.0,63.3,21.5,20.7,21.1
20260715,ノンヴェドローラ,109.2,86.4,63.8,21.7,21.0,21.1
20260715,ボヌールバイオ,68.4,53.2,38.6,14.1,12.2,12.3
20260715,ダディーズグーグー,70.4,53.7,38.0,14.5,11.6,11.9
20260715,アマノガワギンガ,71.0,53.9,38.0,14.3,11.9,11.8
20260715,テーオーシュテルン,69.6,54.7,39.0,15.0,11.7,12.3
20260715,スクワミッシュ,67.8,53.2,37.7,14.4,11.6,11.7
20260715,アンティスマ,87.2,69.9,51.5,17.7,17.2,16.6
20260715,ムーヴザニードル,65.8,51.6,37.9,12.9,12.6,12.4
20260715,トーアライデン,69.3,54.2,38.4,14.8,12.2,11.4
20260715,セーニョレガーレ,68.9,54.0,38.3,14.8,12.1,11.4
20260715,グリミスティ,,77.9,57.9,18.8,20.0,19.1
20260715,サーバルマインド,,79.7,58.0,19.6,19.2,19.2
20260715,グランピアン,,79.3,58.1,20.1,18.4,19.6
20260715,クルクルミラクル,,75.8,56.1,19.6,18.9,17.6
20260715,ジーティーチャーリ,,71.1,53.2,17.3,17.9,18.0
20260715,クロジシジョー,,65.4,48.0,16.6,15.8,15.6
20260715,ビーグラッド,,73.2,53.1,19.0,17.7,16.4
20260715,ビーテリオス,72.0,56.8,41.0,15.2,13.0,12.8
20260715,イザベル,71.1,56.0,40.3,15.0,12.9,12.4
20260715,ゼンノインヴォーク,66.7,52.5,37.3,13.9,11.7,11.7
20260715,アスクアットバット,74.8,55.1,38.2,14.8,12.0,11.4
20260715,ミスヘンリー,83.5,65.4,47.1,16.6,15.0,15.5
20260715,チェッリーニ,83.5,65.9,47.4,16.8,15.2,15.4
20260715,リッケンバッカー,95.2,75.6,55.5,19.3,18.3,17.9
20260715,タイキエクセロン,68.6,53.2,38.7,14.2,12.4,12.1
20260715,メイショウソウセキ,69.3,54.1,39.2,14.7,12.6,11.9
20260715,オールザワールド,66.5,52.3,37.8,13.6,11.9,12.3
20260715,シーカーク,69.6,54.3,38.6,14.4,12.3,11.9
20260715,シャインロード,70.4,54.8,38.8,14.4,12.4,12.0
20260715,ヴァロンブローサ,69.4,53.9,38.2,14.6,11.6,12.0
20260715,エンルートフライト,69.0,53.5,37.9,14.6,11.5,11.8
20260715,アメリカンピース,69.6,54.5,38.8,15.1,12.0,11.7
20260715,エルトンバローズ,65.8,51.1,36.1,13.8,11.1,11.2
20260715,ミュージシャン,66.9,51.8,36.7,14.1,11.3,11.3
20260715,ミッキーゴールド,64.4,50.4,35.8,13.6,11.3,10.9
20260715,ワンダーヴァレル,66.7,51.6,37.4,13.8,11.8,11.8
20260715,インヴァイト,67.0,51.9,37.4,13.8,11.9,11.7
20260715,サヴォアフェール,66.2,51.4,36.2,13.8,11.3,11.1
20260715,スマートエラン,65.3,51.3,36.7,13.8,11.4,11.5
20260715,アメリカンイズム,65.8,51.6,36.8,14.0,11.4,11.4
20260715,ケイアイワイラーパ,70.1,54.7,38.8,14.9,12.1,11.8
20260715,ステアハート,70.4,55.8,39.9,15.2,12.4,12.3
20260715,シャフメラン,70.6,56.0,40.1,15.3,12.6,12.2
20260715,アルジェンタム,67.8,52.9,37.6,13.8,12.0,11.8
20260715,エブリーポッシブル,70.0,55.5,39.7,15.1,12.3,12.3
20260715,ワカワカ,70.9,55.5,39.5,15.1,12.6,11.8
20260715,ラインエレガント,70.4,54.9,39.2,14.9,12.5,11.8
20260715,ヴァレッタカズマ,69.8,54.6,38.7,14.9,12.0,11.8
20260715,ストロベリーツリー,68.6,53.5,38.2,14.2,11.9,12.1
20260715,レイバックスピン,66.5,52.5,38.0,13.9,12.0,12.1
20260715,イーブンベター,67.7,53.6,38.8,14.5,12.1,12.2
20260715,エコログロウ,69.0,54.4,39.1,14.8,12.0,12.3
20260715,キープシャイニング,67.4,52.9,38.0,14.8,11.7,11.5
20260715,コーディアリティ,65.9,51.6,37.4,13.6,11.7,12.1
20260715,ナムラロダン,67.9,53.3,38.3,15.0,11.8,11.5
20260715,ファンビッチャン,67.6,53.1,38.2,14.9,11.7,11.6
20260715,キングオブフジ,70.7,55.3,39.7,14.6,12.7,12.4
20260715,ウィスピア,70.1,54.1,38.6,14.6,12.4,11.6
20260715,リアルメッセージ,69.4,53.6,38.4,14.5,12.3,11.6
20260715,マーゴットユーカー,68.5,52.5,37.5,14.2,11.9,11.4
20260715,スマイルスルー,69.1,53.6,38.3,14.5,12.2,11.6
20260715,ポペット,66.1,51.0,36.2,13.3,11.3,11.6
20260715,ルクスフロンティア,65.8,52.0,37.8,13.6,11.8,12.4
20260715,アマリス,70.9,55.3,39.3,14.5,12.1,12.7
20260715,ミール,70.6,54.9,38.8,14.4,12.1,12.3
20260715,レーゼドラマ,,54.9,37.8,14.0,12.2,11.6
20260715,ポッドリプル,69.6,53.7,37.7,14.6,11.7,11.4
20260715,ウォーブレイク,70.3,54.3,37.9,14.6,11.8,11.5
20260715,アウフヘーベン,84.5,67.1,49.0,17.4,16.0,15.6
20260715,ミッキースターダム,65.1,51.1,37.1,13.5,11.8,11.8
20260715,スウィッチインラヴ,67.2,51.1,36.5,13.8,11.4,11.3
20260715,ペンナヴェローチェ,68.2,53.6,38.2,14.7,12.1,11.4
20260715,ガイアメンテ,67.7,53.2,37.9,14.7,11.9,11.3
20260715,メイショウケンゴウ,81.5,64.9,47.7,16.9,15.4,15.4
20260715,リアライズパリオ,71.7,55.8,39.1,15.0,12.2,11.9
20260715,リズムオブサンダー,71.0,55.2,38.9,14.9,12.1,11.9
20260715,プレシャスタイム,71.2,55.5,39.2,14.9,12.2,12.1
20260715,ゴルデールスカー,65.6,52.0,37.8,13.7,12.0,12.1
20260715,マイティキングダム,64.2,50.6,36.7,13.2,11.8,11.7
20260715,ジュンブロッサム,,65.7,48.2,17.3,16.1,14.8
20260715,ヤマニンバロネス,,56.1,39.3,15.1,12.4,11.8
20260715,モンターニュドネガ,,73.7,54.0,18.8,18.0,17.2
20260715,ペイシャトサモア,,70.5,51.4,17.3,16.9,17.2
20260715,ペイシャマイデイズ,,73.0,54.1,18.7,17.7,17.7
20260715,モンターニュドネガ,70.1,55.7,41.5,14.2,13.5,13.8
20260715,ペイシャトサモア,69.9,56.0,40.1,15.3,12.5,12.3
20260715,ペイシャマイデイズ,70.8,56.7,40.4,15.2,12.8,12.4
20260715,ウィモウェ,,64.0,46.3,16.0,15.4,14.9
20260715,メイショウハチロー,66.7,52.3,37.2,14.1,11.4,11.7
20260715,マテンロウアワー,67.5,52.3,37.5,13.8,12.0,11.7
20260715,ベルコート,68.2,53.1,37.5,14.4,11.7,11.4
20260715,ドラゴンバルド,68.6,53.4,37.8,14.4,12.0,11.4
20260715,バラジ,90.3,71.3,51.9,18.9,16.0,17.0
20260715,ユウトザユウト,80.8,64.5,47.2,16.4,15.4,15.4
20260715,チュウワチーフ,81.9,65.9,48.7,17.2,15.4,16.1
20260715,ワンダーデリエール,80.1,64.1,47.6,16.3,15.5,15.8
20260715,ハードシングス,84.6,66.8,48.6,16.8,15.7,16.1
20260715,インザモーメント,67.8,53.4,38.3,14.1,12.2,12.0
20260715,デルマタカチホ,67.5,52.7,37.8,13.7,12.0,12.1
20260715,ルビドゥソレイユ,67.6,53.3,38.2,14.1,12.1,12.0
20260715,レインインザスカイ,66.9,52.2,37.4,13.6,12.0,11.8
20260715,ジョリープリュム,67.2,52.4,37.6,13.6,12.0,12.0
20260715,エルヴィオラ,70.9,53.0,36.8,13.8,11.5,11.5
20260715,キタノボニータ,71.1,53.2,37.0,13.9,11.5,11.6
20260715,キタノコウセイ,71.3,53.4,37.1,14.0,11.6,11.5
20260715,カエルム,68.4,53.2,37.9,14.2,12.2,11.5
20260715,アーガイルショア,65.7,51.8,36.9,13.7,11.7,11.5
20260715,メイワキラリ,,54.5,37.9,14.7,11.7,11.5
20260715,ダノンチャンピオン,66.2,52.0,36.9,13.8,11.7,11.4
20260715,ミラージュナイト,67.3,52.2,36.4,14.3,11.1,11.0
20260715,マーチャンシップ,68.2,53.1,37.1,14.3,11.4,11.4
20260715,マクアケ,68.8,53.6,37.6,14.3,11.6,11.7
20260715,クルサール,71.3,54.5,38.4,14.6,11.9,11.9
20260715,バトルナイト,70.7,53.8,37.9,14.4,11.7,11.8
20260715,ハマナスノサクコロ,70.3,53.6,37.7,14.3,11.6,11.8
20260715,ケイアイメキラ,,66.8,48.6,17.1,15.8,15.7
20260715,リボンロゼッタ,,69.2,49.6,17.5,16.0,16.1
20260715,サイモンゼスト,,69.1,49.4,17.5,15.6,16.3
20260715,ドリームリボン,,71.4,50.8,18.3,16.3,16.2
20260715,カツラノキサノキ,66.3,52.1,37.4,13.5,11.7,12.2
20260715,リリーサンダー,,53.8,38.0,14.6,11.8,11.6
20260715,セッシュウ,82.5,65.8,48.1,16.6,15.4,16.1
20260715,トウカイジーク,,70.6,51.8,17.7,17.0,17.1
20260715,ウォーターエルピス,,91.4,62.9,25.4,19.9,17.6
20260715,エターナルプロミス,,76.5,55.7,20.5,18.2,17.0
20260715,ナイトインチュニス,,83.2,60.3,22.4,20.4,17.5
20260715,ロードハイビーム,,83.3,60.5,22.5,20.3,17.7
20260715,ブラックレジェンド,,52.3,37.1,13.9,11.5,11.7
20260715,ゴールドアクセス,,51.6,36.5,13.3,11.5,11.7
20260715,パンキー,,61.6,44.3,16.3,14.2,13.8
20260715,ブルーセルリアン,69.6,54.1,38.9,14.4,12.8,11.7
20260715,ハリウッドブルース,,74.4,52.4,19.3,17.2,15.9
20260715,クロンヌジャン,69.0,54.4,40.2,14.2,12.9,13.1
20260715,スーサンコルティナ,67.4,52.9,38.6,13.6,12.5,12.5
20260715,パシアンジェンヌ,67.3,52.8,38.6,13.6,12.6,12.4
20260715,バニーラビット,69.5,54.0,38.5,14.3,12.1,12.1
20260715,スマイリングスカイ,68.9,53.9,38.2,14.7,11.8,11.7
20260715,ワイドヴィンクルム,68.3,53.2,37.8,14.6,11.7,11.5
20260715,アスクブームキセキ,70.0,53.6,37.4,14.5,11.5,11.4
20260715,カモメガトンダ,,55.6,38.6,14.1,12.2,12.3
20260715,ゴージャス,67.5,51.4,36.4,13.8,11.4,11.2
20260715,ダーコ,68.5,52.7,38.1,14.0,12.3,11.8
20260715,ビヨンドザドリーム,,53.6,37.9,13.8,11.9,12.2
20260715,サイモンザナドゥ,73.0,57.2,40.6,15.7,12.7,12.2
20260715,ジェミート,68.8,53.4,38.2,14.3,11.8,12.1
20260715,マーゴットレジーナ,72.8,56.8,40.4,15.6,12.7,12.1
20260715,テリコス,70.1,54.6,38.7,14.8,12.0,11.9
20260715,ミランド,73.4,57.6,40.8,15.8,12.8,12.2
20260715,マジックハンド,65.4,51.6,37.4,13.5,11.8,12.1
20260715,サンライズジャッジ,66.0,52.0,37.9,13.5,12.0,12.4
20260715,プレスバーン,68.5,53.7,38.3,14.3,12.0,12.0
20260715,ベルヴェール,67.8,52.8,38.1,14.2,11.8,12.1
20260715,エルディアブロ,66.2,52.0,37.6,14.0,11.9,11.7
20260715,シャンパンライフ,,55.1,37.7,13.7,11.8,12.2
20260715,パラチー,,82.6,59.0,21.4,19.4,18.2
20260715,コスモルミナ,65.9,51.6,37.3,13.7,11.8,11.8
20260715,アンバーライト,,84.5,62.8,21.0,20.8,21.0
20260715,クールタロウ,66.1,51.8,37.4,13.8,11.8,11.8
20260715,マルモア,65.6,51.5,37.4,13.8,11.6,12.0
20260715,ベイニーニャ,65.8,51.6,37.5,13.7,12.0,11.8
20260715,プルメリアリノ,68.5,53.0,38.0,13.9,12.0,12.1
20260715,マーチンゲール,,72.5,51.9,18.3,17.1,16.5
20260715,レッドラージャ,,64.8,46.7,16.6,15.2,14.9
20260715,スクールディーヴァ,,72.6,52.0,18.5,17.1,16.4
20260715,レガリアーナ,70.1,55.0,39.1,14.7,12.9,11.5
20260715,ソーニーイシュー,68.5,53.4,38.6,14.5,12.4,11.7
20260715,タガノヘラクレス,73.9,56.0,38.8,15.0,12.3,11.5
20260715,タガノアルブラック,71.1,54.7,38.8,14.8,12.3,11.7
20260715,ダノンステート,72.1,55.0,38.6,14.4,12.5,11.7
20260715,サヨノパララックス,88.1,69.9,50.7,18.9,16.0,15.8
20260714,ヴァカンツァ,83.9,66.1,48.1,17.4,15.8,14.9
20260714,ベルジュロネット,93.5,73.7,54.5,18.1,18.3,18.1
20260714,メイショウテンジン,89.1,69.8,50.8,17.9,17.1,15.8
20260714,ブームバップビート,89.6,70.7,51.9,17.8,17.4,16.7
20260714,フライングブレード,89.8,70.9,52.6,17.8,17.3,17.5
20260714,ゴルデールスカー,79.3,62.7,46.5,15.8,15.3,15.4
20260714,ユメハハテシナク,89.4,68.5,50.2,17.7,16.5,16.0
20260714,リカード,81.6,64.3,47.4,16.7,15.8,14.9
20260714,ウインロズパレード,107.0,80.7,57.8,20.8,19.2,17.8
20260714,ルージュソムニウム,79.5,63.3,47.0,15.9,16.0,15.1
20260714,グランピアン,97.2,73.3,52.1,18.4,17.1,16.6
20260714,アイルエクラ,84.6,67.2,47.8,18.4,15.1,14.3
20260714,マリナーヴァレイ,88.5,67.5,49.6,17.4,16.4,15.8
20260714,トーラスシャイン,91.6,72.2,52.5,18.7,17.2,16.6
20260714,ラブアイミー,134.4,106.0,79.4,27.0,26.5,25.9
20260714,パラチー,131.4,101.2,74.5,25.7,24.7,24.1
20260714,エイトスターズ,111.4,85.3,61.8,22.2,19.7,19.9
20260714,ウインロズパレード,67.0,52.2,37.3,14.1,11.8,11.4
20260714,サーブルディアマン,114.7,89.6,66.2,22.6,21.5,22.1
20260714,グラシアレスインク,107.7,82.9,61.2,20.9,20.5,19.8
20260714,ビーテリオス,93.1,71.9,51.6,18.9,16.6,16.1
20260714,サンライズエイト,113.7,89.7,67.2,23.1,22.6,21.5
20260714,ダノンチャンピオン,115.6,90.3,67.4,23.2,22.4,21.8
20260714,フィアレスウィル,88.9,68.3,49.6,17.9,15.9,15.8
20260714,スカイピア,89.0,68.4,49.1,17.6,16.0,15.5
20260714,パストザクラウン,86.8,66.9,47.6,17.3,15.4,14.9
20260714,フルーツバスケット,88.4,68.6,50.0,17.8,16.4,15.8
20260714,ホットロッドハート,87.6,67.5,49.3,17.4,15.8,16.1
20260714,リーベラーリア,89.8,68.2,49.6,17.3,15.7,16.6
20260714,グラシアレスインク,85.8,65.3,46.3,17.6,14.7,14.0
20260714,アリエスキング,95.6,73.5,53.3,19.5,17.1,16.7
20260714,レインボーステート,103.8,79.3,57.2,20.7,18.7,17.8
20260714,サンライズエイト,104.2,81.9,59.8,21.5,18.7,19.6
20260714,ダノンチャンピオン,104.8,82.2,60.0,21.4,18.8,19.8
20260714,サイモンザナドゥ,88.2,69.7,51.5,17.9,16.8,16.8
20260714,マーゴットレジーナ,86.6,69.1,50.4,18.8,16.4,15.2
20260714,サンライズナスカ,87.9,69.7,51.2,18.0,16.7,16.5
20260714,ファストフォワード,88.0,69.3,51.3,17.8,16.7,16.8
20260714,レグラヴィエール,99.1,75.5,56.1,19.1,18.5,18.5
20260714,テーオーライガ,98.5,76.3,56.2,19.7,17.8,18.7
20260714,ラッキーハナコ,100.2,75.7,55.3,20.1,17.7,17.5
20260714,クアトロジャック,87.6,68.9,50.7,17.9,16.7,16.1
20260714,ルディック,92.1,72.6,53.4,18.4,17.9,17.1
20260714,チューラワンサ,92.3,72.8,53.7,18.5,17.9,17.3
20260714,シュプリームレルム,92.1,72.6,53.4,18.5,17.8,17.1
20260714,シャリキモン,90.4,68.9,48.8,17.8,15.6,15.4
20260714,ヴォーカライズ,92.2,72.6,53.4,18.5,17.8,17.1
20260714,フレアオブセンス,92.0,72.6,53.4,18.5,17.8,17.1
20260714,ペイシャマイデイズ,93.8,72.1,52.3,18.9,16.7,16.7
20260714,アマキヒ,71.5,55.4,39.3,14.6,12.2,12.5
20260714,ニシノフランケン,122.3,79.9,56.1,20.2,18.5,17.4
20260714,アウスヴァール,125.8,92.1,66.9,23.4,22.2,21.3
20260714,ヴァレッタカズマ,106.6,86.0,63.2,23.3,20.4,19.5
20260714,リンカーンバローズ,85.4,67.8,49.5,17.9,15.8,15.8
20260714,ダーコ,85.1,68.2,50.4,17.5,16.4,16.5
20260714,モンシーク,186.0,139.7,104.6,34.4,36.2,34.0
20260714,ペイシャトサモア,91.9,70.9,51.6,18.2,16.6,16.8
20260714,ナムラロダン,85.2,68.2,50.4,17.6,16.4,16.4
20260714,マテンロウヒルズ,95.7,75.3,54.8,19.6,17.0,18.2
20260714,ディーエスシン,185.1,139.1,104.1,34.0,36.0,34.1
20260714,バトルディーバ,85.4,68.5,50.9,17.5,16.5,16.9
20260714,ドナズエクリプス,94.1,75.1,54.6,19.1,18.2,17.3
20260714,ワンダーゾルダート,107.3,85.4,62.8,22.2,21.0,19.6
20260714,ツーエムマドンナ,94.1,73.7,53.9,17.8,17.7,18.4
20260714,シャインユウ,94.1,73.3,53.8,17.9,17.7,18.2
20260714,ロングトールサリー,113.0,82.9,58.5,21.0,19.2,18.3
20260714,マーチンゲール,99.3,75.2,53.9,19.2,17.2,17.5
20260714,サトノロザリー,99.3,74.8,53.5,18.7,17.3,17.5
20260714,スクールディーヴァ,99.7,75.4,53.9,19.0,17.2,17.7
20260714,アウフヘーベン,92.5,73.6,53.9,18.9,17.0,18.0
20260714,ルブリアン,85.7,68.4,50.6,17.8,16.5,16.3
20260714,イザショウブ,84.0,66.8,49.1,17.3,16.2,15.6
20260714,モンシーク,177.3,142.6,107.9,35.5,37.4,35.0
20260714,ディーエスシン,177.3,142.4,107.4,35.2,37.6,34.6
20260714,ウィエダンド,95.9,74.0,53.6,19.7,17.7,16.2
20260714,オーリエイト,95.5,74.0,53.7,19.7,17.7,16.3
20260714,ジュンアマンドラ,90.0,71.0,53.9,16.5,18.2,19.2
20260714,フレミングフープ,78.6,58.1,41.1,14.7,13.3,13.1
20260714,オールセインツ,77.4,59.6,42.9,15.5,13.9,13.5
20260714,ラインベック,76.5,60.4,44.5,15.6,14.8,14.1
20260714,ジョータルマエ,94.6,73.0,53.4,18.6,17.6,17.2
20260714,ボヌールバイオ,91.0,72.1,53.2,18.7,17.5,17.0
20260714,セーニョレガーレ,92.9,72.7,53.5,18.5,17.6,17.4
20260714,ジュンヴァンケット,77.2,60.8,44.5,15.1,14.6,14.8
20260714,マイネルメモリー,88.3,68.9,49.8,18.4,15.6,15.8
20260714,デュガ,252.0,197.6,146.4,50.4,47.0,49.0
20260714,ジャスパーゴールド,112.6,87.8,64.3,22.2,21.1,21.0
20260714,ピューロマジック,112.7,86.8,63.7,22.4,20.6,20.7
20260714,アーガイルショア,109.1,84.0,61.2,22.0,20.0,19.2
20260714,シェーネエルデ,112.7,87.3,63.7,21.8,21.2,20.7
20260714,クルクルミラクル,101.3,78.5,57.9,20.1,18.9,18.9
20260714,ベルメグスタ,90.8,67.2,48.0,16.4,15.7,15.9
20260714,ジーティーチャーリ,101.5,76.8,57.0,18.9,19.0,19.1
20260714,アンバーライト,115.3,86.7,63.8,22.0,21.0,20.8
20260714,ベルセルク,101.4,77.2,57.4,19.2,18.9,19.3
20260714,ピューロマジック,81.1,64.4,47.1,18.3,14.8,14.0
20260714,アーガイルショア,85.2,66.5,47.4,17.6,14.7,15.1
20260714,シェーネエルデ,85.0,67.0,48.4,17.9,16.0,14.5
20260714,リッケンバッカー,94.2,75.3,55.6,19.4,18.2,18.0
20260714,スラッシュ,100.2,74.2,53.7,19.9,17.0,16.8
20260714,セイフウサツキ,103.3,74.8,54.6,19.7,17.9,17.0
20260714,オールザワールド,172.8,120.4,87.1,30.0,28.9,28.2
20260714,バティック,256.1,196.2,144.6,50.4,48.3,45.9
20260714,アスクアットバット,102.5,81.6,61.3,20.4,20.6,20.3
20260714,ナムラエイハブ,147.7,113.8,83.0,28.2,28.5,26.3
20260714,ミッキーラヴィータ,82.0,64.6,46.9,16.9,15.0,15.0
20260714,バティック,119.0,94.2,68.6,24.4,22.4,21.8
20260714,バラジ,94.0,73.6,53.8,19.3,17.6,16.9
20260714,ケンフィールド,100.7,78.9,58.7,19.2,19.7,19.8
20260714,マーゴットショット,88.7,69.2,50.5,17.8,16.4,16.3
20260714,ミランド,88.5,69.4,50.5,17.5,16.4,16.6
20260714,サリカリーフォリア,163.6,123.1,90.9,32.7,29.5,28.7
20260714,ロコラッテ,162.6,122.5,90.4,32.4,29.4,28.6
20260714,リアルメッセージ,88.3,70.1,51.0,18.6,16.4,16.0
20260714,ケンフィールド,96.9,76.6,56.9,18.4,19.1,19.4
20260714,ランブリングマン,81.3,63.9,47.4,15.9,15.6,15.9
20260714,メイショウケンゴウ,81.0,62.6,45.7,15.9,14.8,15.0
20260714,レアアース,85.5,67.6,49.1,18.0,16.1,15.0
20260714,ポニーテール,85.3,66.6,48.7,16.7,15.9,16.1
20260714,サリカリーフォリア,146.7,117.7,88.1,29.8,29.4,28.9
20260714,ロコラッテ,146.3,117.4,87.9,30.0,29.2,28.7
20260714,ダノンベルビュー,91.8,70.0,50.2,18.1,16.2,15.9
20260714,サイモンソレアード,91.6,69.8,50.0,18.1,16.0,15.9
20260714,ラクホマレ,87.8,68.1,50.3,17.2,16.5,16.6
20260714,ドラゴンバルド,87.8,66.5,49.0,17.1,15.9,16.0
20260714,コズミックフレア,99.3,77.3,56.8,20.1,18.8,17.9
20260714,サマーブリザード,99.5,75.5,54.5,19.4,17.9,17.2
20260714,コズミックフレア,67.3,52.2,37.6,13.5,12.3,11.8
20260714,サマーブリザード,66.6,51.9,37.2,13.4,12.2,11.6
20260714,ヒーローインチーフ,67.1,51.4,35.3,13.1,10.8,11.4
20260714,ゼットリアン,70.0,55.0,39.1,14.5,12.6,12.0
20260714,タイセイレスポンス,96.4,77.2,57.4,20.0,19.7,17.7
20260714,エルヴィオラ,93.0,74.6,55.5,18.9,19.0,17.6
20260714,キタノコウセイ,90.0,71.8,53.1,18.4,18.1,16.6
20260714,インザモーメント,87.4,68.7,49.1,18.0,15.6,15.5
20260714,キュピドン,145.9,103.3,75.3,26.2,24.6,24.5
20260714,ウォーブレイク,89.7,71.3,51.7,19.5,16.1,16.1
20260714,メイショウキンタイ,82.7,64.7,47.0,16.8,15.1,15.1
20260714,メイショウオパール,82.9,64.8,47.0,16.7,15.1,15.2
20260714,イムヴァブル,84.6,67.7,50.3,17.3,16.3,16.7
20260714,インパルスドライブ,84.3,66.9,48.8,17.1,15.9,15.8
20260714,ハウリングウィンド,116.3,90.8,65.9,23.6,21.3,21.0
20260714,ラピス,112.2,87.1,63.8,22.4,21.3,20.1
20260714,ノヴァーリス,111.5,86.9,63.7,22.9,20.8,20.0
20260714,ジュンブロッサム,99.3,75.7,55.8,19.8,18.2,17.8
20260714,ハウリングウィンド,81.4,62.9,45.4,16.4,14.4,14.6
20260714,ラピス,83.7,65.2,47.0,17.2,15.3,14.5
20260714,ノヴァーリス,83.8,65.2,47.1,17.0,14.9,15.2
20260714,チルカーノ,91.8,72.6,52.9,18.8,17.3,16.8
20260714,カウンティフェア,91.8,72.7,52.9,18.7,17.4,16.8
20260714,リテラシー,80.3,63.6,47.4,16.0,16.2,15.2
20260714,オーロアルジェント,91.7,72.6,52.7,18.7,17.3,16.7
20260714,ラジャブルック,91.8,72.6,52.9,18.8,17.4,16.7
20260714,トラッドロア,91.7,72.6,52.8,18.7,17.3,16.8
20260714,オンアロール,91.8,72.7,52.8,18.8,17.1,16.9
20260714,キングメーカー,82.2,63.1,46.6,16.0,15.2,15.4
20260714,シギーコルエンド,82.7,64.8,46.9,16.5,15.2,15.2
20260714,サイモンゼスト,93.8,71.3,50.3,18.3,16.3,15.7
20260714,シーンオブドリーム,111.4,85.2,62.0,22.1,20.7,19.2
20260714,トゥーレジット,110.7,85.0,62.2,22.2,20.5,19.5
20260714,バニーラビット,96.8,77.6,57.5,20.2,19.2,18.1
20260714,ジャズホリック,90.0,71.5,52.5,18.5,17.4,16.6
20260714,ゴーツウキリシマ,85.2,66.6,49.3,16.8,16.5,16.0
20260714,ファーストアタック,80.3,64.1,47.3,16.1,16.0,15.2
20260714,ハリウッドブルース,94.1,69.5,51.1,17.5,17.2,16.4
20260714,ワイズギャング,92.5,71.2,53.1,18.3,17.3,17.5
20260714,ラヴエナストロ,86.7,66.4,47.5,17.1,15.4,15.0
20260714,ブラストビート,140.1,102.0,73.8,26.4,24.2,23.2
20260714,クインズセレネ,90.8,69.6,51.0,17.8,16.6,16.6
20260714,メイショウソウセキ,107.4,81.1,58.2,21.4,18.8,18.0
20260714,エターナルプロミス,90.5,70.7,52.1,18.7,17.3,16.1
20260714,テーオーアンジェラ,107.2,75.3,56.2,20.8,18.2,17.2
20260714,レガリアーナ,87.0,66.7,48.6,17.0,15.8,15.8
20260714,ベルメサージュ,83.2,65.3,47.4,17.0,15.5,14.9
20260714,アシャカブラーヴ,83.2,65.1,47.3,16.7,15.8,14.8
20260714,メイショウユウゲン,,63.9,45.9,15.9,14.9,15.1
20260714,フレイムスター,83.9,67.1,49.6,17.4,16.2,16.0
20260714,ドリームアース,84.9,68.0,50.9,17.7,16.7,16.5
20260714,トップランキング,84.0,67.3,49.7,17.4,16.3,16.0
20260714,ハピアーザンエバー,100.9,76.4,55.2,20.3,18.2,16.7
20260714,アウローラシエル,87.2,68.4,50.5,17.0,17.1,16.4
20260714,ハイディージェン,86.5,66.1,48.6,16.6,15.6,16.4
20260714,サーバルマインド,88.6,68.4,50.9,16.6,16.7,17.6
20260714,スマイルスルー,87.6,70.0,51.5,18.7,16.8,16.0
20260714,ロードトレゾール,87.3,69.3,51.1,18.0,16.9,16.2
20260714,プロミシングスター,81.6,64.7,47.0,17.1,14.8,15.1
20260714,メイショウトム,102.6,79.7,57.7,21.4,18.0,18.3
20260714,タイセイグローバル,87.5,69.6,51.2,17.4,16.6,17.2
20260714,カローナ,81.0,64.3,47.7,16.6,15.5,15.6
20260714,フィオラーノ,87.3,68.1,49.3,17.5,15.9,15.9
20260714,ウィスピア,87.6,69.3,51.2,17.7,16.4,17.1
20260714,モンターニュドネガ,94.1,72.5,52.6,18.7,16.8,17.1
20260714,クレスコフェーヴ,77.3,61.2,44.2,15.6,14.1,14.5
20260714,カルロット,86.1,65.7,47.8,17.2,15.6,15.0
20260714,エトワールハマー,85.8,65.6,46.3,16.4,14.9,15.0
20260714,レッドレヴェリー,86.2,66.1,48.4,17.4,15.6,15.4
20260714,マーゴットユーカー,87.1,68.8,51.1,18.1,16.1,16.9
20260714,レッドラージャ,87.1,67.4,48.8,17.6,15.9,15.3
20260712,バグラダス,75.5,58.7,42.5,15.6,14.0,12.9
20260712,コスモアンソロジー,70.7,54.7,39.6,14.1,12.9,12.6
20260712,フランベリー,90.8,70.4,50.3,18.7,16.6,15.0
20260712,コンフィアル,73.5,57.1,41.3,15.3,13.7,12.3
20260712,ベアベルヴォワ,79.2,58.9,40.2,15.0,13.0,12.2
20260712,ハイビスカス,79.1,58.8,40.1,15.0,13.0,12.1
20260712,バードウォッチャー,70.4,54.3,39.1,14.6,13.1,11.4
20260712,オーケーマヒナ,76.0,58.7,42.8,16.0,14.0,12.8
20260712,ブルバンビーナ,70.1,54.6,40.1,14.0,13.3,12.8
20260712,オルグジェシダ,,51.2,35.7,13.2,11.5,11.0
20260712,トウシンライオット,70.7,55.7,40.7,14.5,13.3,12.9
20260712,パーシヴァル,70.8,54.6,39.3,14.5,13.3,11.5
20260712,ノリマル,68.6,53.6,39.3,14.2,13.1,12.0
20260712,ライヴバーボン,69.6,53.9,39.5,13.6,13.1,12.8
20260712,エテオクロス,68.4,53.7,39.6,13.6,13.0,13.0
20260712,ルシェロアズーリ,68.6,52.8,37.8,14.0,12.3,11.5
20260712,イバラヒメ,70.4,55.6,39.5,14.1,12.9,12.5
20260712,ノベンバーベイズ,68.9,53.4,38.4,14.0,12.4,12.0
20260712,サムハラ,69.7,54.7,39.8,13.9,12.7,13.2
20260712,アンデルストープ,74.1,58.5,43.4,15.3,14.7,13.4
20260712,サリードゥ,68.3,52.5,37.5,14.0,12.0,11.5
20260712,エートレイン,68.3,52.8,38.0,13.6,12.4,12.0
20260712,スクリプトール,70.4,54.3,38.8,13.8,12.4,12.6
20260712,テリオスサラ,68.4,53.2,38.4,14.0,12.5,11.9
20260712,マカナ,69.6,54.3,39.3,14.2,13.1,12.0
20260712,ヘルヴェティオス,72.0,54.2,37.7,14.7,11.9,11.1
20260712,ゴーソーファー,69.4,54.2,39.1,14.0,12.9,12.2
20260712,コートアリシアン,72.2,56.0,40.8,14.8,13.5,12.5
20260712,ホウオウゴールド,69.5,53.7,38.2,14.0,12.5,11.7
20260712,テラシエスタ,68.5,53.8,39.2,14.1,13.1,12.0
20260712,アデルフィー,71.5,54.3,37.7,14.5,12.4,10.8
20260712,フォルナカリア,69.0,53.5,38.0,14.1,12.2,11.7
20260712,ケファロニア,72.9,56.7,41.5,14.6,13.7,13.2
20260712,グルーヴェンス,72.7,56.2,41.0,15.1,14.0,11.9
20260712,サトノドルチェ,75.6,59.5,43.4,15.0,14.3,14.1
20260712,ビアフォーナウ,72.7,56.5,40.7,14.9,13.2,12.6
20260712,スピアッジャローザ,72.0,54.4,39.6,14.2,13.2,12.2
20260712,ロイヤルスパイア,71.8,55.9,40.7,14.4,13.5,12.8
20260712,アラビアンドリーム,73.8,56.4,41.4,14.5,14.1,12.8
20260712,ホウオウチャールズ,70.7,54.4,38.4,14.5,12.3,11.6
20260712,リスレジャンデール,74.9,58.4,42.3,15.2,13.8,13.3
20260712,エレクトス,72.1,55.7,40.1,14.5,13.2,12.4
20260712,リケアチャチャチャ,71.4,54.0,38.3,13.9,12.6,11.8
20260712,ゲームチェンジャー,71.7,54.3,39.4,14.2,13.1,12.1
20260712,サウンズオーサム,66.4,50.9,36.2,13.7,11.5,11.0
20260712,ティアラスピリット,71.6,53.8,38.2,14.0,12.5,11.7
20260712,キングプロフィット,74.5,56.9,41.0,14.5,13.5,13.0
20260712,ケイツーリーブル,71.3,53.6,38.2,14.2,12.2,11.8
20260712,フキョウワオン,74.6,57.5,41.9,14.8,14.1,13.0
20260712,エイシンイクサボシ,71.2,56.1,41.7,14.1,13.9,13.7
20260712,エラガバリウム,70.4,54.0,38.3,14.7,12.5,11.1
20260712,レーゲンシャウアー,74.0,56.6,40.7,14.3,13.5,12.9
20260712,アンナモエ,73.6,56.6,40.6,14.4,13.4,12.8
20260712,エメラルファイン,77.8,60.9,45.4,15.3,15.2,14.9
20260712,モウエエデショー,71.7,55.0,40.2,14.0,13.1,13.1
20260712,ウィロークリーク,,67.8,49.7,17.4,16.2,16.1
20260712,リボルトバレット,78.8,60.9,45.6,14.8,15.2,15.6
20260712,レイナデルアイレ,69.2,54.0,39.1,14.6,13.1,11.4
20260712,モンサンアミュザン,71.1,55.4,40.0,15.0,13.2,11.8
20260712,ポッドロワール,,99.4,68.0,27.4,22.7,17.9
20260712,マーシャルアン,71.6,55.6,40.5,14.5,13.5,12.5
20260712,カーヴドヴァン,72.1,55.6,40.5,14.6,13.4,12.5
20260712,リオハリソンメリー,76.3,58.5,42.7,14.7,14.2,13.8
20260712,スマートブライド,76.5,59.1,43.1,14.8,14.4,13.9
20260712,スイートアリッサム,70.8,54.6,39.5,14.3,13.1,12.1
20260712,ボンジュールパリ,76.6,58.9,42.9,14.9,14.2,13.8
20260712,ノアチュロス,86.4,67.2,48.7,18.2,16.1,14.4
20260712,スラッシュコード,69.8,53.9,38.6,14.4,12.6,11.6
20260712,カンフーヒーロー,72.2,55.5,40.6,14.5,13.6,12.5
20260712,ジャガーライズ,70.1,54.0,39.0,14.4,12.5,12.1
20260712,ヘリテージブルーム,70.0,53.5,38.7,14.4,12.6,11.7
20260712,トーセンシントラ,91.0,71.4,52.8,18.5,18.2,16.1
20260712,ヴォーチェカノーラ,85.2,67.0,48.5,18.3,16.0,14.2
20260712,ベイビーキッス,69.6,54.0,38.8,14.5,12.8,11.5
20260712,テンハートビート,73.5,56.9,40.6,14.6,13.7,12.3
20260712,ジーティーフクフク,74.1,57.4,41.1,14.8,13.9,12.4
20260712,モミスケ,,69.4,50.3,17.6,16.5,16.2
20260712,クラウンアールシー,,74.9,55.9,19.6,18.8,17.5
20260712,デルマハッコウダ,67.5,52.7,38.6,13.2,12.8,12.6
20260712,ピコシー,73.1,56.0,39.9,14.8,13.3,11.8
20260712,ハングローズ,71.4,55.0,39.9,14.2,13.5,12.2
20260712,アウアリイ,73.0,55.7,40.1,14.9,13.2,12.0
20260712,モンツァフレイバー,71.1,55.0,39.0,14.6,12.8,11.6
20260712,ジェネラスキング,72.9,56.8,41.2,15.3,13.9,12.0
20260712,クレアノア,70.3,54.4,38.2,14.7,12.3,11.2
20260712,サトノスプレマシー,72.7,56.5,40.9,15.1,13.8,12.0
20260712,ヤマニンガラッシア,72.6,56.0,41.2,15.0,13.7,12.5
20260712,テンクウジョー,73.8,56.9,41.0,14.9,13.1,13.0
20260712,デルマホダカ,71.4,54.9,39.9,14.6,13.2,12.1
20260712,フォルマシオン,72.0,55.2,40.2,14.7,13.2,12.3
20260712,グリームウッド,88.3,68.5,49.9,17.3,16.5,16.1
20260712,フォンターナドーロ,71.6,54.3,38.9,14.5,12.4,12.0
20260712,リアスブルー,71.2,54.0,38.7,14.3,12.4,12.0
20260712,ラッパースヴィル,87.2,67.3,48.3,17.5,15.8,15.0
20260712,ファビュラススター,68.1,52.7,37.5,14.1,12.3,11.1
20260712,ヘリオトロープ,71.1,54.7,39.2,13.8,12.8,12.6
20260712,ベルウッドクレド,74.7,56.9,41.7,15.0,13.7,13.0
20260712,サヴマ,76.9,59.0,42.8,15.6,14.2,13.0
20260712,アルティシエル,98.1,77.0,56.7,20.9,18.5,17.3
20260712,ブラーヴジャン,69.3,53.1,37.9,14.0,12.5,11.4
20260712,アニエーネ,74.5,58.2,42.4,15.6,14.0,12.8
20260712,ウィナーズチェック,68.4,52.3,37.5,13.8,12.1,11.6
20260712,マーキュリーダイム,71.1,55.6,41.0,14.6,13.6,12.8
20260712,キタノローズ,72.2,57.0,42.0,14.9,13.9,13.2
20260712,レレリオーナ,73.4,55.6,40.0,14.0,13.6,12.4
20260712,デルマキタカミ,73.8,55.7,40.1,14.0,13.6,12.5
20260712,ディヴァインスカイ,73.8,57.9,42.9,14.7,14.3,13.9
20260712,マイネルサリーレ,74.8,58.7,43.7,14.8,14.4,14.5
20260712,ビップヴィーナス,74.7,58.6,43.6,14.7,14.4,14.5
20260712,スピンザブラッド,77.4,59.4,43.2,14.6,14.5,14.1
20260712,シークレットイスラ,74.3,57.5,41.8,14.4,13.8,13.6
20260712,エクスペクタント,72.5,55.2,39.5,14.1,12.9,12.5
20260712,テンユメノオーロラ,77.9,60.0,43.4,15.0,14.3,14.1
20260712,ナムラダックス,71.8,53.9,38.1,14.3,12.3,11.5
20260712,グロスビーク,,58.9,42.8,15.0,14.1,13.7
20260712,イカルステソーロ,68.1,52.4,38.2,13.8,12.4,12.0
20260712,ニシノアトール,68.1,52.4,38.1,13.7,12.5,11.9
20260712,バル,71.2,56.1,41.5,14.3,13.8,13.4
20260712,クリノゴッホ,70.5,54.9,39.7,14.7,12.7,12.3
20260712,ユキマル,70.9,55.2,39.7,13.8,13.1,12.8
20260712,ウインベアトリス,71.2,56.5,41.6,14.4,13.8,13.4
20260712,ケイケイ,76.1,57.5,42.6,14.8,13.8,14.0
20260712,マイエラ,,55.9,40.7,14.3,13.4,13.0
20260712,テキサスバローズ,,60.9,42.8,15.6,13.9,13.3
20260712,リラ,,55.0,39.7,14.1,13.1,12.5
20260712,ラッキースウィッチ,,61.0,42.8,15.9,13.9,13.0
20260712,ペルシアーノ,73.7,56.9,41.1,15.0,13.3,12.8
20260712,マイネルヴェーゼン,70.2,54.0,39.5,14.0,12.7,12.8
20260712,ジャンビ,75.6,60.0,44.6,15.5,14.5,14.6
20260712,サルサブラヴァ,72.7,56.7,41.5,14.9,14.0,12.6
20260712,ウインハルモニア,,55.1,39.1,14.8,13.1,11.2
20260712,ロジャリーマイン,69.8,52.4,37.5,13.8,12.3,11.4
20260712,ペカリーナ,71.7,54.8,39.0,14.6,12.9,11.5
20260712,サングラデーション,72.3,54.8,39.8,14.7,13.5,11.6
20260712,コウユーキミガイテ,68.7,52.3,37.3,14.0,11.8,11.5
20260712,イサチルサリーレ,70.4,53.4,37.5,14.1,12.0,11.4
20260712,ユイチャンファイト,69.6,52.9,37.4,14.0,12.0,11.4
20260712,サヴァビアン,68.9,52.7,38.4,13.4,12.6,12.4
20260712,ブルータス,74.9,57.4,42.2,14.8,14.4,13.0
20260712,スノーディーヴァ,69.6,53.7,38.6,14.5,12.9,11.2
20260712,ジョイアミーア,70.3,54.5,39.7,14.2,12.8,12.7
20260712,キリスパークル,72.1,56.3,41.1,14.6,13.6,12.9
20260712,ダノンセンチュリー,74.0,57.3,41.6,14.8,13.8,13.0
20260712,イサチルシーキング,75.4,57.0,41.8,14.7,14.3,12.8
20260712,アトミックリーチ,72.1,55.2,39.7,14.1,13.5,12.1
20260712,デフィレドール,71.3,54.4,39.2,14.1,13.2,11.9
20260712,ソナタン,68.8,53.7,38.5,13.4,12.5,12.6
20260712,マーシヴィガラス,70.3,54.1,38.8,14.3,12.5,12.0
20260712,デルマテイネ,73.4,58.0,42.2,14.9,14.1,13.2
20260712,メイショウバリスタ,70.8,55.2,40.2,13.7,13.2,13.3
20260712,ムーンシェイド,,59.5,39.7,15.2,12.5,12.0
20260712,ツキノマバタキ,,59.2,39.1,14.0,12.7,12.4
20260712,フォーエバーラブ,70.7,53.7,37.7,14.7,12.0,11.0
20260712,ブレスドナイル,72.1,53.8,37.6,13.9,12.4,11.3
20260712,ダノンゴーイチ,68.8,53.7,39.2,13.6,13.0,12.6
20260712,コガネノソラ,69.7,54.4,39.8,14.0,13.2,12.6
20260712,ジェイエルグリーン,80.7,62.5,45.5,16.9,14.8,13.8
20260712,ヴァルドルチャ,75.7,58.2,41.4,15.4,13.9,12.1
20260712,ノーブルミステリー,70.1,54.2,39.3,14.2,12.8,12.3
20260712,ガラク,75.2,56.4,40.2,15.1,13.0,12.1
20260712,オペレッタテソーロ,71.9,55.5,40.4,14.6,13.0,12.8
20260712,ヨドノプレミアム,72.2,55.5,40.3,14.6,13.0,12.7
20260712,ニュークリアス,72.2,56.7,41.2,14.8,13.8,12.6
20260712,ウリズンベー,81.1,64.4,47.5,16.4,15.8,15.3
20260712,ダノンダックス,74.9,58.4,42.0,15.3,14.2,12.5
20260712,スコラーリ,69.9,53.2,38.4,14.3,12.6,11.5
20260712,ガンバレベアー,80.1,59.1,40.2,15.2,13.0,12.0
20260712,ケイベエ,100.2,79.3,58.8,20.4,19.1,19.3
20260712,アミノショコラ,79.4,58.9,40.3,15.2,13.0,12.1
20260712,エレスレイプニル,99.0,78.3,57.9,20.6,18.7,18.6
20260712,ミラビリスマジック,71.6,54.4,38.5,14.9,12.7,10.9
20260712,コンサートピアノ,77.4,60.0,43.2,16.4,15.0,11.8
20260712,エターナルシルバー,71.9,55.4,40.2,14.2,13.2,12.8
20260712,シャルムグリーン,73.5,56.3,40.2,15.1,13.9,11.2
20260712,オオルリ,,70.7,51.0,18.0,17.1,15.9
20260712,セイウンリリーナ,,70.8,50.9,17.9,17.0,16.0
20260712,ライングラウス,,70.9,50.5,18.0,16.7,15.8
20260712,セイウンビッグバン,71.1,53.8,38.3,14.2,12.4,11.7
20260712,キョウエイシャトル,75.5,58.2,42.5,14.5,14.0,14.0
20260712,セイカタカキヤチク,75.1,56.5,40.6,15.0,13.6,12.0
20260712,エーアイクワイ,78.1,59.2,43.1,15.4,14.2,13.5
20260712,トリリオンボーイ,67.6,52.4,38.1,13.5,12.4,12.2
20260712,コスモイシュタル,72.3,54.1,38.0,14.6,12.4,11.0
20260712,メジロピオラ,66.9,51.8,37.4,13.3,12.2,11.9
20260712,ギフテッド,65.9,51.2,37.2,13.6,12.2,11.4
20260712,リアライズリバティ,74.9,58.3,41.8,15.3,13.6,12.9
20260712,フジサンインフレ,73.9,57.5,41.3,15.3,13.7,12.3
20260712,カウェーカネム,74.1,57.6,41.4,15.2,13.9,12.3
20260712,シャンソンドール,73.6,56.7,39.7,14.7,13.6,11.4
20260712,ジャストマイウェイ,72.2,56.0,40.3,15.3,13.6,11.4
20260712,クレイターレイク,73.3,56.7,40.1,15.0,13.2,11.9
20260712,スターウェーブ,66.5,51.4,37.3,13.4,12.4,11.5
20260712,キャネル,71.6,56.4,41.4,14.6,13.8,13.0
20260712,コスモナエマ,69.8,54.7,40.4,14.1,13.4,12.9
20260712,テイキットイージー,72.2,57.0,42.0,14.9,13.7,13.4
20260712,ケイツールピア,76.2,58.6,41.9,15.1,13.5,13.3
20260712,タツナナイロ,74.5,58.6,43.6,14.8,14.7,14.1
20260712,スチョウプリンセス,74.1,57.7,42.1,14.5,14.1,13.5
20260712,クレオズニードル,71.5,54.7,38.9,14.2,12.9,11.8
20260712,ノクターナルハント,74.2,58.4,42.6,15.4,14.5,12.7
20260712,シュンポシオン,73.7,54.8,39.4,14.5,12.8,12.1
20260712,イスクメル,73.5,54.8,39.4,14.4,12.9,12.1
20260712,ハニーコム,,59.1,42.7,15.2,14.0,13.5
20260712,アマンヘセル,,58.3,42.0,15.3,13.9,12.8
20260712,オンナキュヌヴィ,,58.7,42.3,15.1,14.0,13.2
20260712,ジーティーニッツァ,70.9,56.1,41.4,14.2,13.8,13.4
20260712,ヘヴンズドライブ,74.0,57.3,41.5,14.7,13.9,12.9
20260712,クリアーゲイル,71.6,55.3,40.2,14.2,13.3,12.7
20260712,ビスクヴィート,86.5,67.6,49.8,17.8,16.7,15.3
20260712,コスモノーチラス,86.4,67.6,49.8,17.8,16.7,15.3
20260712,コイゾラ,75.3,58.3,43.2,14.9,14.7,13.6
20260712,レッドテリオス,,58.4,42.3,15.1,14.3,12.9
20260712,ニシノルアノーヴァ,,62.8,45.6,15.8,15.1,14.7
20260712,エーデルクラフト,74.0,56.5,41.4,14.9,13.7,12.8
20260712,アルデキングダム,,53.2,38.3,13.7,12.5,12.1
20260712,ルージュダリア,70.8,53.8,39.1,14.4,13.5,11.2
20260712,レオスキーム,67.7,52.9,38.0,14.1,12.2,11.7
20260712,バンデルオーラ,73.1,56.4,40.2,15.5,13.4,11.3
20260712,エコロレジーナ,71.7,55.4,40.1,14.6,13.2,12.3
20260712,ブルーアンビエンス,72.8,56.6,40.9,13.9,13.5,13.5
20260712,ジーティーブラック,72.0,55.3,40.0,14.5,13.1,12.4
20260712,ダノンドナウ,84.2,66.3,48.9,17.1,16.1,15.7
20260712,アズールドーン,73.4,57.1,41.2,14.3,13.4,13.5
20260712,キミヘノメロディー,68.8,54.1,38.6,14.6,12.9,11.1
20260712,ジュリアスローズ,72.2,57.0,41.7,14.5,13.4,13.8
20260712,グラデュエール,72.5,57.5,41.9,14.6,13.6,13.7
20260712,ロンバスブレス,79.1,60.0,43.1,15.1,14.2,13.8
20260712,コッレヴェッキオ,,75.9,55.4,19.7,18.4,17.3
20260712,デルマジュテーム,68.4,52.9,38.5,14.0,13.1,11.4
20260712,アイアムジャイアン,74.6,58.4,42.5,15.2,14.0,13.3
20260712,ネクストドア,,82.3,59.4,21.2,19.3,18.9
20260712,スパークルレイ,89.8,73.1,55.0,17.9,18.1,19.0
20260712,ラヴアンドライク,77.3,60.7,44.4,15.7,14.7,14.0
20260712,マッドゲイル,71.3,55.4,39.6,14.4,12.6,12.6
20260712,ダルマッコ,70.4,55.1,39.6,14.3,12.6,12.7
20260712,ユメノカケラ,70.9,55.3,39.7,14.3,12.7,12.7
20260712,カシオペア,72.4,56.0,40.3,14.3,13.1,12.9
20260712,ダンケルド,,53.4,39.0,14.2,12.8,12.0
20260712,シャンパンマーク,,61.4,43.2,15.2,13.4,14.6
20260712,アースヴィンチ,,57.9,41.1,14.6,13.7,12.8
20260712,カリーン,,75.8,55.7,19.2,18.7,17.8
20260712,ブルーリヴァーサル,74.2,58.8,44.2,14.9,14.7,14.6
20260712,リチャードバローズ,67.9,51.9,37.2,13.8,11.7,11.7
20260712,ステイクオール,69.3,53.4,37.8,13.7,12.0,12.1
20260712,ライトオブヌカタ,70.0,54.2,38.4,14.0,12.2,12.2
20260712,セコンドトゥベスト,69.8,53.8,38.1,13.8,12.1,12.2
20260712,ギュルヴィ,83.6,65.9,47.6,17.6,14.7,15.3
20260712,ルージュソムニウム,70.9,55.0,39.5,14.9,12.5,12.1
20260712,イザショウブ,81.1,63.2,45.0,16.8,15.1,13.1
20260712,レアアース,80.8,62.7,44.5,16.9,14.5,13.1
20260712,フライングブレード,76.3,56.2,38.7,14.9,12.0,11.8
20260712,ラブアイミー,67.2,51.8,37.1,13.6,11.7,11.8
20260712,グランピアン,66.6,51.3,36.9,13.5,11.6,11.8
20260712,モズプリヴェール,102.1,78.0,57.4,19.8,19.0,18.6
20260712,グリミスティ,104.8,82.7,62.0,20.7,21.9,19.4
20260712,サンライズアーサー,68.9,54.0,39.1,14.3,12.7,12.1
20260712,アリエスキング,69.4,53.4,38.4,14.6,12.2,11.6
20260712,クアトロジャック,68.4,52.4,38.1,14.0,12.3,11.8
20260712,ケンフィールド,97.2,78.2,58.4,20.1,19.2,19.1
20260712,エマヌエーレ,70.1,55.2,40.4,14.0,12.8,13.6
20260712,サダムオプシス,73.4,57.3,41.0,14.8,12.9,13.3
20260712,バーケンティン,69.9,53.5,38.4,13.6,12.3,12.5
20260712,チリーゴールド,77.2,60.6,43.3,15.9,13.9,13.5
20260712,フリッシュ,71.3,55.9,40.2,14.4,12.6,13.2
20260712,ニシノトリビュート,105.5,80.6,59.2,20.6,20.2,18.4
20260712,プレスバーン,75.0,58.9,43.0,15.4,13.8,13.8
20260712,パンキー,102.8,79.8,57.8,19.7,18.6,19.5
20260712,ビルンバウム,93.2,74.2,55.5,19.3,18.7,17.5
20260712,ザックザク,72.0,55.6,39.6,14.1,12.6,12.9
20260712,コスモグローリー,74.8,56.9,40.4,15.1,13.1,12.2
20260712,ベリベリハッピー,72.0,55.6,39.6,14.0,12.7,12.9
20260712,ペイシャトサモア,101.6,78.3,57.8,19.5,19.7,18.6
20260712,メイショウソウタ,68.9,53.9,38.9,14.4,12.3,12.2
20260712,マーゴットレジーナ,74.3,58.0,42.6,15.3,14.1,13.2
20260712,メイショウゲッコウ,77.3,58.2,42.2,16.4,13.8,12.0
20260712,ミランド,90.9,72.0,52.5,18.6,17.2,16.7
20260712,スカイピア,91.4,73.0,54.0,19.2,17.7,17.1
20260712,ダーコ,77.1,59.5,43.5,15.8,14.5,13.2
20260712,ドットカモン,76.0,58.3,42.7,15.2,13.6,13.9
20260712,ソゲソゲスマイル,76.3,58.9,42.9,15.5,13.6,13.8
20260712,マジックハンド,72.4,55.1,38.6,15.2,12.4,11.0
20260712,サンライズフレイム,65.8,52.1,37.9,13.8,12.1,12.0
20260712,ヴィヴァシャス,72.7,56.3,40.1,15.1,12.8,12.2
20260712,ショウナンライラ,72.2,56.7,40.7,14.2,13.1,13.4
20260712,ダノンオブアイデア,70.3,52.1,36.5,13.1,11.8,11.6
20260712,アメリカンスタイル,74.7,56.5,39.3,15.0,12.7,11.6
20260712,サラサランラン,74.0,55.6,39.0,14.6,12.7,11.7
20260712,ハリウッドブルース,70.7,55.0,40.0,14.3,12.7,13.0
20260712,ラッキーハナコ,72.3,56.7,41.8,15.1,14.3,12.4
20260712,スピークロウ,72.4,56.8,41.9,15.2,14.3,12.4
20260712,アウスヴァール,126.5,95.6,69.1,24.5,23.4,21.2
20260712,アマキヒ,87.1,67.1,49.2,17.0,16.4,15.8
20260712,サンライズジャッジ,74.0,58.3,42.6,15.4,13.5,13.7
20260712,ビッグヒーロー,82.6,58.5,40.8,15.2,13.3,12.3
20260712,ザハント,71.1,55.0,38.9,15.1,12.3,11.5
20260712,サヴォンリンナ,71.4,55.4,39.3,15.2,12.6,11.5
20260712,アスクブームキセキ,70.9,53.7,37.9,14.3,12.0,11.6
20260712,ワイドクリーガー,77.4,58.7,42.6,15.0,13.9,13.7
20260712,ワイドヴィンクルム,76.8,58.5,42.5,14.8,13.9,13.8
20260712,リン,70.9,53.4,37.7,14.2,12.2,11.3
20260712,アレナパラシオ,72.4,56.4,41.3,14.8,13.3,13.2
20260712,ミラージュナイト,74.0,53.8,37.7,14.2,12.4,11.1
20260712,ボクサークラブ,74.8,54.5,38.3,14.6,12.5,11.2
20260712,フェスティバルヒル,72.4,56.6,41.9,14.6,14.5,12.8
20260712,レッドネビュラ,72.7,54.9,39.5,14.6,13.1,11.8
20260712,シャンパンライフ,72.6,57.1,43.4,16.3,14.6,12.5
20260712,コウセキ,68.9,52.9,36.8,14.1,11.5,11.2
20260712,イルミナジーティー,72.4,55.2,38.7,14.3,13.1,11.3
20260712,ティアラード,70.1,54.8,39.0,14.4,12.4,12.2
20260712,オーリエイト,70.8,55.8,40.4,14.3,12.7,13.4
20260712,サンダーバード,82.7,63.6,46.2,16.4,15.1,14.7
20260712,サトノロザリー,95.6,72.2,51.5,19.0,16.5,16.0
20260712,ポートデラメール,74.8,58.3,42.3,15.6,13.3,13.4
20260712,アトレッタ,75.2,58.9,42.7,15.5,13.5,13.7
20260712,ルナパッショーネ,74.3,58.0,42.0,15.7,12.9,13.4
20260712,メアグローリア,75.0,58.5,42.3,15.7,13.2,13.4
20260712,ダノンフィーゴ,73.5,58.2,42.3,15.0,13.9,13.4
20260712,アウフヘーベン,90.5,71.9,52.4,18.5,17.1,16.8
20260712,ジュンヴァンケット,73.7,56.7,41.0,15.0,13.5,12.5
20260712,ボヌールバイオ,78.4,60.2,41.9,16.6,13.5,11.8
20260712,マッシャーブルム,91.5,70.1,50.5,18.0,16.0,16.5
20260712,ムーンライトダイヤ,91.8,70.8,51.7,18.5,16.8,16.4
20260712,アイブリンク,86.6,68.8,49.7,19.6,15.6,14.5
20260712,ソウマサウルス,110.4,88.2,66.4,21.9,22.1,22.4
20260712,ミライノシャチョウ,109.0,87.1,64.8,21.8,21.2,21.8
20260712,エコログレイス,108.3,86.2,65.3,21.1,21.6,22.6
20260712,ウインロズパレード,104.2,77.8,55.3,20.1,18.1,17.1
20260712,クルクルミラクル,73.0,57.7,42.3,15.0,13.2,14.1
20260712,アンバーライト,73.3,57.8,42.2,15.0,13.5,13.7
20260712,キープシャイニング,85.1,67.2,49.2,17.4,16.1,15.7
20260712,ファンビッチャン,85.0,67.2,49.1,17.4,16.2,15.5
20260712,オールザワールド,190.6,132.5,97.2,33.6,33.9,29.7
20260712,メイショウナナシロ,74.8,57.8,43.3,14.5,14.5,14.3
20260712,ライムシロップ,68.4,54.3,40.3,13.7,13.3,13.3
20260712,スマイルスルー,70.6,54.6,38.9,14.3,12.4,12.2
20260712,ランブリングマン,83.2,65.8,48.2,16.7,16.0,15.5
20260712,フルーツバスケット,85.0,67.4,49.7,17.4,16.2,16.1
20260712,ホットロッドハート,72.2,55.8,40.1,14.5,13.2,12.4
20260712,パイオニアスクエア,77.3,60.4,43.9,15.3,14.4,14.2
20260712,ルブリアン,85.9,67.6,49.7,16.9,16.6,16.2
20260712,カモメガトンダ,76.1,58.3,42.1,14.8,13.4,13.9
20260712,ステラスプレンダー,72.8,56.4,40.4,15.0,13.3,12.1
20260712,テスティモーネ,68.7,52.6,36.9,13.7,11.7,11.5
20260712,ルージュシャラポワ,83.5,65.9,48.6,16.5,16.2,15.9
20260712,サイモンザナドゥ,71.8,56.6,41.3,14.5,13.1,13.7
20260712,サンライズナスカ,72.5,57.0,41.4,14.5,13.1,13.8
20260712,ファストフォワード,91.0,73.2,53.6,18.9,17.9,16.8
20260712,ノブレスラブリエ,72.4,56.0,39.6,15.2,12.8,11.6
20260712,ムーンリットビーチ,73.3,57.1,41.3,15.6,13.6,12.1
20260712,ザングウィル,73.9,57.5,41.2,15.0,13.0,13.2
20260712,ポニーテール,85.4,67.7,50.9,17.3,16.6,17.0
20260712,ムッチリスタイル,71.0,54.6,37.9,14.9,11.8,11.2
20260712,マッセート,72.3,55.4,38.3,15.4,11.8,11.1
20260712,ダノンミッドナイト,79.2,62.1,46.1,16.0,15.1,15.0
20260712,ミッキーラヴィータ,84.0,66.1,47.5,17.7,15.0,14.8
20260712,マテンロウコマンド,74.0,57.8,42.4,15.1,14.0,13.3
20260712,エルディアブロ,74.0,56.5,41.0,14.8,13.3,12.9
20260712,ナチュラルリバー,73.5,55.7,40.3,14.5,13.0,12.8
20260712,モズオサキニ,70.6,53.0,37.7,14.0,12.2,11.5
20260712,ヘリオポリス,71.6,53.4,38.1,14.1,12.3,11.7
20260712,インザモーメント,88.8,69.1,50.3,17.9,16.4,16.0
20260712,エルヴィオラ,85.9,68.5,49.9,17.6,16.8,15.5
20260712,キタノコウセイ,86.0,68.5,50.1,17.8,16.8,15.5
20260712,マーゴットショット,88.1,69.3,51.1,17.5,16.4,17.2
20260712,ウィスピア,88.4,69.6,51.2,17.5,16.8,16.9
20260712,メイショウテンジン,83.7,66.6,48.7,17.0,15.9,15.8
20260712,リアルメッセージ,88.5,69.6,51.5,17.6,16.9,17.0
20260712,ヴィーラー,69.5,53.8,38.4,14.2,12.1,12.1
20260712,バティック,,103.2,73.5,27.5,23.3,22.7
20260712,ウォータールスール,74.6,57.8,43.1,14.9,13.9,14.3
20260712,セッシュウ,76.1,59.6,44.0,15.0,14.3,14.7
20260712,エコロメジャー,90.8,71.6,52.5,18.7,17.3,16.5
20260712,キングメーカー,77.9,61.3,44.4,15.8,14.6,14.0
20260712,メイショウボンテン,67.8,51.6,37.6,13.2,11.9,12.5
20260712,ウォーブレイク,75.4,56.1,39.6,14.6,12.6,12.4
20260712,ウェルカムソング,73.4,55.2,39.4,13.6,12.4,13.4
20260712,テーオーソラネル,73.2,56.1,39.7,14.6,12.7,12.4
20260712,プルミエールパス,87.3,67.0,49.1,16.9,16.4,15.8
20260712,サイモンシュバリエ,81.9,64.5,46.9,16.9,15.1,14.9
20260712,エアビッグマム,69.2,54.8,40.1,14.2,13.2,12.7
20260712,エターナルプロミス,92.0,71.6,52.3,18.8,17.2,16.3
20260712,タイセイゼスティ,80.9,63.3,46.8,16.6,15.4,14.8
20260712,メイショウドキョウ,69.7,54.8,40.2,14.4,13.1,12.7
20260712,シゲルソロソロ,74.4,57.9,42.8,14.1,13.6,15.1
20260712,ガイアメンテ,72.2,55.5,38.8,15.0,12.6,11.2
20260712,メイショウソウセキ,110.9,87.3,62.5,22.2,20.0,20.3
20260712,レガリアーナ,84.4,63.5,46.3,16.2,15.3,14.8
20260712,メイショウソウセキ,91.1,72.1,53.1,18.3,17.2,17.6
20260712,レグラヴィエール,73.7,58.5,42.8,15.6,14.1,13.1
20260712,ラヴエナストロ,79.8,63.5,46.7,16.7,15.5,14.5
20260712,ジャズホリック,90.8,71.6,53.0,18.5,17.1,17.4
20260712,ヴァンドゥーヴル,70.0,53.8,37.9,13.7,12.0,12.2
20260712,ブラストビート,73.9,58.8,43.0,15.5,14.1,13.4
20260712,テーオーライガ,73.5,58.4,42.7,15.6,14.0,13.1
20260712,ベルヴェール,69.1,53.1,37.8,13.7,11.9,12.2
20260712,アシャカブラーヴ,97.7,77.7,57.2,19.4,18.6,19.2
20260712,ヒットザグラウンド,77.4,57.2,40.9,14.9,13.2,12.8
20260712,ジェミート,71.7,55.0,40.0,14.6,13.0,12.4
20260712,テリコス,73.7,57.4,41.9,14.8,13.8,13.3
20260712,ゴージャス,71.5,55.2,39.9,14.9,13.3,11.7
20260712,ラクホマレ,84.6,67.5,49.7,17.9,16.3,15.5
20260712,レイティス,121.7,97.1,72.5,25.1,24.3,23.1
20260712,メイショウキンタイ,81.2,63.7,46.1,16.9,14.7,14.5
20260712,メイショウオパール,81.2,63.6,46.0,16.8,14.7,14.5
20260712,イムヴァブル,83.1,65.1,47.5,16.8,15.3,15.4
20260712,インパルスドライブ,82.8,64.9,47.3,16.9,15.2,15.2
20260712,ハッピーチャンス,79.2,62.0,45.5,16.2,14.7,14.6
20260712,サンライズジョー,68.4,53.3,38.3,14.4,12.2,11.7
20260712,ヒーローインチーフ,92.5,70.2,50.8,18.2,16.6,16.0
20260712,シャリキモン,92.9,70.0,50.3,17.8,16.6,15.9
20260712,ゼットリアン,107.6,75.2,53.7,20.4,18.2,15.1
20260712,カルロット,77.7,57.9,41.2,14.5,13.6,13.1
20260712,エイカイマッケンロ,69.5,52.7,37.2,14.1,11.9,11.2
20260712,ロードトレゾール,92.0,73.5,55.0,18.6,18.6,17.8
20260712,フィンガーレイクス,70.4,53.6,37.9,14.5,12.0,11.4
20260712,トレジャーストーン,71.7,54.8,38.5,14.8,12.2,11.5
20260712,マテンロウヒルズ,90.1,71.1,52.3,18.8,17.5,16.0
20260712,スーパーフラット,84.9,65.3,48.2,16.8,15.8,15.6
20260712,レッドレヴェリー,86.7,68.8,51.5,17.6,17.0,16.9
20260712,パラチー,111.2,86.5,64.2,22.3,21.8,20.1
20260712,ジーティーチャーリ,101.2,81.3,62.3,21.4,21.5,19.4
20260712,ホウオウモノポリー,75.0,57.8,40.9,15.6,13.1,12.2
20260712,ジュンキング,75.8,59.2,42.7,15.4,13.8,13.5
20260712,レッドタイラント,73.4,56.2,40.4,15.0,13.0,12.4
20260712,ジュンアマンドラ,74.7,57.6,40.6,15.3,13.0,12.3
20260712,ワンダーヴァレル,75.6,59.1,43.7,14.8,14.4,14.5
20260712,インヴァイト,75.5,59.0,43.7,14.9,14.4,14.4
20260712,タイセイグローバル,88.7,70.3,51.6,18.1,17.0,16.5
20260712,マーゴットユーカー,87.9,69.5,51.0,17.8,16.7,16.5
20260712,タマモナポリ,103.9,77.2,54.3,20.3,17.3,16.7
20260712,レッドボブ,82.6,65.7,49.0,17.1,16.0,15.9
20260712,レインインザスカイ,83.3,65.6,48.5,17.0,15.9,15.6
20260712,ジョリープリュム,87.8,69.8,51.7,18.1,17.4,16.2
20260712,メイショウナルカミ,101.1,80.8,61.3,19.7,20.0,21.6
