年月日,馬名,5F,4F,3F,Lap3,Lap2,Lap1
20260828,タイセツナヒ,71.5,55.8,41.0,14.2,13.7,13.1
20260828,ソナタテソーロ,,55.8,40.3,14.9,13.1,12.3
20260828,ハイビスカス,71.5,55.9,41.1,14.2,13.7,13.2
20260828,ボーンディスウェイ,79.0,62.2,45.8,16.3,14.9,14.6
20260828,ルスデルカミーノ,71.8,56.6,41.6,14.5,13.6,13.5
20260828,フランベリー,71.9,56.6,41.6,14.4,13.6,13.6
20260828,アルレーヴ,71.8,56.6,41.5,14.4,13.6,13.5
20260828,ミラビリオン,111.4,87.1,63.3,22.0,21.4,19.9
20260828,ｺｺﾓｵﾚﾝｼﾞの24,111.5,87.1,63.2,22.0,21.2,20.0
20260828,カテドラルクォーツ,999.9,66.7,48.4,17.0,15.9,15.5
20260828,クラシオン,69.9,53.9,39.2,13.8,13.1,12.3
20260828,ロサンゼルス,,95.2,69.4,24.0,22.7,22.7
20260828,リフレックス,70.8,55.0,40.7,14.3,13.5,12.9
20260828,フエキ,79.3,60.7,44.2,15.8,14.7,13.7
20260828,ホウオウルーレット,,64.3,47.4,16.5,15.6,15.3
20260828,ポンテヴェッキオ,,63.6,46.8,15.9,15.9,15.0
20260828,ピーエムキンチャン,71.9,55.1,39.5,14.9,13.0,11.6
20260828,ディスクリートサム,,63.7,46.9,16.0,15.9,15.0
20260828,マイネルシードル,71.4,54.8,39.3,14.9,12.8,11.6
20260828,ルークススペイ,69.0,51.8,36.3,13.3,11.8,11.2
20260828,スペシャルサンクス,,86.6,63.2,23.8,21.5,17.9
20260828,アルニタク,69.3,51.9,36.4,13.5,11.8,11.1
20260828,アルセナール,,60.9,43.4,15.5,14.5,13.4
20260828,サトノパトリオット,,61.3,43.7,15.8,14.3,13.6
20260828,ピエナモルタル,,71.1,50.8,17.9,16.4,16.5
20260828,トーキョーレギー,,71.2,50.9,18.0,16.5,16.4
20260828,チェルヴィニア,,71.9,52.8,18.2,17.6,17.0
20260828,セブンメデュラス,,65.2,46.9,16.6,15.1,15.2
20260828,アトラクティーボ,75.9,57.9,41.6,15.1,13.6,12.9
20260828,モンドプリューム,70.2,53.7,38.6,13.7,12.5,12.4
20260828,コーリンカルベラ,,68.2,49.5,17.5,16.7,15.3
20260828,サヨノジャンボリー,113.0,86.5,62.3,21.7,21.3,19.3
20260828,ユキノグラス,87.0,68.4,50.8,17.8,17.1,15.9
20260828,マサノピンクレディ,88.3,69.3,51.6,17.7,17.0,16.9
20260828,ブルードロップ,118.3,93.2,68.6,24.1,22.7,21.8
20260828,コッディ,118.3,93.2,68.6,24.1,22.8,21.7
20260828,ロジルーラー,81.5,64.5,47.7,16.3,15.7,15.7
20260828,フレイムオブキング,78.0,58.7,43.0,14.8,14.0,14.2
20260828,イーガービーバー,67.9,52.9,37.8,13.9,12.4,11.5
20260828,エバーラスト,70.0,54.7,39.6,14.2,13.0,12.4
20260828,アルビオンライズ,66.5,51.6,36.8,13.6,12.0,11.2
20260828,プリンシパルギフト,66.8,52.2,37.2,13.7,12.3,11.2
20260828,コーディアリー,87.0,69.2,51.5,17.2,17.2,17.1
20260828,ベアアッコチャン,73.0,57.5,42.6,14.9,14.4,13.3
20260828,ロードフロリゼル,81.6,64.3,47.8,16.3,15.5,16.0
20260828,イサチルクイーン,70.9,54.2,38.9,14.6,12.6,11.7
20260828,ウインターブレス,69.6,53.0,38.3,14.2,12.3,11.8
20260828,ロードキャピタル,80.9,63.7,47.0,15.9,15.5,15.6
20260828,サラフィエル,69.3,54.0,39.3,14.2,13.0,12.1
20260828,サンタンヌ,96.8,76.2,54.9,20.1,18.1,16.7
20260828,サヴィッジブロウ,82.0,64.1,46.6,16.4,15.8,14.4
20260828,ヨリナスピード,82.0,64.2,46.7,16.6,15.7,14.4
20260828,ハイトラクション,,68.5,49.6,17.0,16.2,16.4
20260828,トゥーザムーン,100.2,76.5,55.3,19.5,18.4,17.4
20260828,イサチルウィーラフ,99.7,76.4,55.1,19.3,18.2,17.6
20260828,メイショウコバト,,65.9,48.6,16.7,15.9,16.0
20260828,ジーティーブラック,,65.3,47.0,15.7,15.5,15.8
20260828,コブラ,72.0,55.4,40.5,14.9,13.0,12.6
20260828,ホウオウファミリー,74.3,58.1,42.7,15.0,14.0,13.7
20260828,カンキチ,73.6,56.5,40.9,14.8,13.2,12.9
20260828,マインドブレイズ,73.1,56.1,40.8,14.7,13.2,12.9
20260828,ベアアミーチ,98.7,77.9,58.7,20.3,19.3,19.1
20260828,ベアヒロシデス,98.1,77.8,57.4,19.7,18.9,18.8
20260828,エレスレイプニル,98.1,77.6,57.7,19.9,19.0,18.8
20260828,クールチェンジ,65.5,51.2,37.1,13.5,12.2,11.4
20260828,スカイミラー,66.4,51.9,37.6,13.6,12.3,11.7
20260828,オクトーバーナイン,85.1,65.7,47.6,16.8,15.8,15.0
20260828,ハニーオーケストラ,86.3,67.1,49.5,17.4,16.6,15.5
20260828,シュガーシャック,,59.8,42.9,15.4,14.0,13.5
20260828,セイウンランウェイ,,59.6,42.9,15.1,14.2,13.6
20260828,ロジリッパー,,60.0,43.1,15.4,14.1,13.6
20260828,サラサシンシアズ,,59.9,42.6,15.2,14.4,13.0
20260828,ツイストマインド,,59.6,42.7,15.4,13.8,13.5
20260828,アシャカトベ,82.0,62.9,44.6,16.7,14.6,13.3
20260828,ナリノシャーウッド,90.6,71.2,52.5,17.9,17.2,17.4
20260828,ボーントゥラブユー,70.2,54.4,39.7,13.7,13.2,12.8
20260828,ジャジャミン,82.2,65.3,48.7,16.3,16.2,16.2
20260828,スヴァラ,,63.6,46.8,15.4,16.1,15.3
20260828,ドナチャージ,,63.1,46.1,15.0,15.6,15.5
20260828,プルヴィナル,,64.1,47.3,16.1,16.2,15.0
20260828,メイダイ,103.5,82.8,61.3,20.5,20.7,20.1
20260828,ストラクチャー,69.3,53.4,38.7,13.9,12.8,12.0
20260828,ロイヤルタイム,73.7,57.0,41.7,14.9,13.9,12.9
20260828,イミグラントソング,,78.6,56.3,20.1,18.8,17.4
20260828,ソーンブッシュ,,77.6,55.8,19.7,18.2,17.9
20260828,ルールオーヴァー,,79.5,57.8,20.6,18.7,18.5
20260828,ブラッククラウズ,,80.4,57.3,20.0,19.4,17.9
20260828,ラブトゥエニイワン,,79.0,56.8,20.2,18.2,18.4
20260828,イブニングタイド,,71.9,53.4,18.3,18.1,17.0
20260828,ラディアントスター,,73.5,53.3,18.4,18.4,16.5
20260828,レザンクレール,,52.5,36.9,14.0,11.6,11.3
20260828,ゲイルライダー,,72.7,52.3,18.5,17.3,16.5
20260828,モンシェリ,70.5,54.8,38.0,15.3,11.2,11.5
20260828,ペンナヴェローチェ,,67.3,47.7,17.4,15.3,15.0
20260828,ショウナンガルフ,,67.6,50.0,17.6,16.5,15.9
20260828,エッセンシャルサン,,79.9,55.8,20.5,18.1,17.2
20260828,カルネアデス,,76.5,56.7,20.5,18.4,17.8
20260828,スターリーデー,,77.8,56.7,20.5,18.4,17.8
20260828,フォーエバーヤング,65.7,51.1,36.5,13.5,11.4,11.6
20260828,モズプリフォール,69.2,54.4,39.0,13.7,12.1,13.2
20260828,ニシノトリビュート,116.0,90.1,65.6,21.8,22.0,21.8
20260828,ダノンジャイアン,92.2,72.7,52.8,18.8,17.3,16.7
20260828,ブロンテス,,68.7,50.8,17.1,16.4,17.3
20260828,ブロンテス,90.2,71.3,52.5,17.8,17.1,17.6
20260828,ヴァンドゥーヴル,,70.0,50.8,18.9,16.4,15.5
20260828,リーチグローリー,,99.2,67.8,26.0,21.9,19.9
20260828,デルアヴァー,,61.4,46.3,15.7,14.9,15.7
20260828,クァンタムウェーブ,,71.1,51.2,18.4,16.3,16.5
20260828,キタノサワヤカ,,75.7,54.4,19.8,17.4,17.2
20260828,メイショウトライオ,,68.1,49.8,17.6,16.2,16.0
20260828,ランゲ,,68.1,50.0,17.0,16.5,16.5
20260828,フライングブレード,,67.3,49.2,17.8,16.0,15.4
20260828,クラッチプレイヤー,71.7,55.0,38.9,15.0,12.2,11.7
20260828,コズミックダンサー,72.1,55.3,39.0,15.0,12.2,11.8
20260828,ゴールデンステーラ,,74.9,54.2,18.8,17.7,17.7
20260828,メイショウナルカミ,88.1,71.2,53.6,18.2,17.5,17.9
20260828,フェゲフォイア,91.3,73.5,53.8,19.7,17.1,17.0
20260828,ウイナーズナイン,,74.7,54.4,19.2,18.1,17.1
20260828,ジュンブロッサム,,65.3,48.1,16.3,15.9,15.9
20260828,ジュンライデン,,61.5,45.0,16.0,14.8,14.2
20260828,サトノロザリー,,79.6,57.3,20.8,18.8,17.7
20260828,エアフォースワン,89.4,71.1,51.0,18.9,16.5,15.6
20260828,シンビリーブ,116.5,89.7,64.3,23.5,20.1,20.7
20260828,ダノンオブアイデア,,77.0,56.0,19.9,18.2,17.9
20260828,ジューンベロシティ,88.2,71.1,52.6,18.2,16.9,17.5
20260828,ケンシロウワールド,93.0,73.9,55.4,18.9,18.0,18.5
20260828,エスカル,208.9,165.9,122.1,40.8,40.8,40.5
20260828,ガイラルディア,92.3,72.5,53.5,18.5,17.5,17.5
20260828,サンコンクエスト,102.2,79.3,55.6,21.8,17.4,16.4
20260828,ベリベリハッピー,97.8,75.0,53.7,19.5,17.5,16.7
20260828,タイセイブレイズ,,76.4,55.4,20.4,18.1,16.9
20260828,ゼンノインヴォーク,,76.8,54.6,19.6,17.7,17.3
20260828,リチャードバローズ,,231.1,169.3,58.5,54.8,56.0
20260828,ルパドゥクール,,221.3,162.2,57.2,53.2,51.8
20260828,リチャードバローズ,114.8,90.4,65.9,24.2,21.2,20.5
20260828,マハナ,,67.1,48.3,17.2,15.7,15.4
20260828,ルパドゥクール,139.6,109.1,79.4,27.9,26.4,25.1
20260828,ヴォンドゥ,,73.4,54.0,19.1,17.4,17.5
20260828,ミランド,70.5,55.3,39.4,15.3,12.5,11.6
20260828,ノチェブエナ,,70.2,50.1,18.4,16.0,15.7
20260828,マーゴットプレ,69.1,53.7,38.3,14.9,12.1,11.3
20260828,リアルメッセージ,69.9,54.7,38.8,15.1,12.3,11.4
20260828,エイズルブルーム,,65.6,47.1,17.3,15.2,14.6
20260828,クリノオリーブ,,81.0,57.3,21.9,18.2,17.2
20260828,アトモス,,74.2,53.1,21.0,16.5,15.6
20260828,タマモパルファン,,73.1,52.9,19.8,17.1,16.0
20260828,アトモス,72.0,58.4,42.6,14.5,12.7,15.4
20260828,ペアピーターソン,81.5,65.2,48.1,17.1,15.5,15.5
20260828,メイショウビストロ,,73.5,54.1,19.0,17.7,17.4
20260828,マイネルフルムーン,,63.7,46.4,16.5,14.7,15.2
20260828,ペンタクルクイーン,,69.8,51.6,18.2,16.6,16.8
20260828,サンロンブル,154.3,121.2,88.1,32.6,28.4,27.1
20260828,ゲーベル,197.2,150.8,112.4,38.3,38.3,35.8
20260828,ザックザク,197.5,153.6,114.4,39.9,38.2,36.3
20260828,バニーラビット,89.2,71.7,52.6,18.5,17.2,16.9
20260828,クリコバロー,196.2,152.9,113.0,39.9,37.3,35.8
20260828,ラヴネヴァーダイズ,196.4,152.9,112.8,39.6,37.3,35.9
20260828,サンロンブル,89.0,69.5,51.0,18.1,16.6,16.3
20260828,ビーグラッド,,73.5,52.6,20.2,17.0,15.4
20260828,ルファーダ,,79.9,57.8,20.4,18.4,19.0
20260828,ビーチェマーレ,,66.1,48.3,17.2,15.4,15.7
20260828,アジュマン,,73.0,53.2,18.6,17.3,17.3
20260828,サンライズオスカー,,77.1,56.0,20.2,18.4,17.4
20260828,バルフルール,87.8,69.2,50.7,18.0,16.7,16.0
20260828,ジーティーアダマン,,234.0,176.1,53.4,64.2,58.5
20260828,マイコンプリート,,66.4,48.6,16.6,16.0,16.0
20260828,バドリナート,,72.7,52.8,19.0,16.8,17.0
20260828,オールベット,,228.7,171.8,53.6,59.6,58.6
20260828,ソルテヴェローチェ,,229.7,172.2,53.6,60.0,58.6
20260828,バドリナート,84.5,68.0,50.3,17.8,16.2,16.3
20260828,ジーティーアダマン,139.3,110.0,80.7,28.0,27.1,25.6
20260828,オールベット,157.9,125.2,91.9,32.8,30.7,28.4
20260828,ソルテヴェローチェ,157.7,124.2,91.1,32.9,30.3,27.9
20260828,セレッソデアモール,,67.4,48.6,17.5,16.0,15.1
20260828,ジーティーアダマン,124.1,91.7,64.9,24.2,20.7,20.0
20260828,オールベット,112.8,88.0,62.9,24.1,20.0,18.8
20260828,ソルテヴェローチェ,115.2,90.0,64.3,25.0,19.8,19.5
20260828,ヴェントステラーレ,,68.6,50.2,18.5,15.9,15.8
20260828,エイシンウィスパー,,68.1,49.7,18.3,16.2,15.2
20260828,サミダレナイツ,,63.7,46.2,16.6,14.9,14.7
20260828,サンダーバース,,77.5,54.2,21.5,17.2,15.5
20260828,オーレアミスト,,65.1,46.8,16.9,15.1,14.8
20260828,ウンディーネ,,68.7,49.6,18.2,15.8,15.6
20260828,ウインヘリオドール,,72.2,50.1,18.1,16.0,16.0
20260828,マイノワール,,65.2,46.9,17.1,14.9,14.9
20260828,フェルヴェンテ,,66.8,49.0,16.7,16.1,16.2
20260828,ノーマンデー,,69.1,49.7,18.1,16.5,15.1
20260828,メルトユアハート,83.6,67.2,49.6,17.5,16.1,16.0
20260828,ブクブクー,,73.2,54.0,18.9,17.2,17.9
20260828,インザモーメント,84.4,67.2,50.2,16.7,16.7,16.8
20260828,デリュージョン,,68.5,48.4,17.4,15.4,15.6
20260828,アスクエジンバラ,,86.0,62.0,23.2,19.6,19.2
20260828,タガノアルテミス,,79.1,56.2,20.8,18.3,17.1
20260828,ナリタエスペランサ,102.0,81.1,60.3,20.3,20.6,19.4
20260828,ロングトールサリー,,83.2,60.5,21.9,20.7,17.9
20260827,シャドウメテオ,68.6,53.5,39.1,13.9,12.8,12.4
20260827,バグラダス,68.3,53.1,38.6,13.8,12.7,12.1
20260827,バードウォッチャー,68.6,53.2,38.3,13.6,12.5,12.2
20260827,チェルシー,65.0,50.3,36.2,12.9,11.6,11.7
20260827,ショウナンタハティ,64.8,50.3,36.2,12.7,11.6,11.9
20260827,トレインザマインド,68.9,53.4,38.4,13.7,12.6,12.1
20260827,カフェシューター,65.0,50.3,36.2,12.8,11.5,11.9
20260827,ウェイクフィールド,67.4,52.5,38.3,13.7,12.4,12.2
20260827,ショウナンハーヴェ,69.6,54.0,39.1,14.1,12.6,12.4
20260827,ギムナシオン,66.6,51.8,38.0,13.5,12.4,12.1
20260827,トランサルピナ,68.4,53.0,38.1,13.5,12.5,12.1
20260827,レーダーサイト,68.6,53.4,38.9,13.9,12.6,12.4
20260827,キョウエイフロイデ,68.6,53.2,38.4,14.3,12.4,11.7
20260827,ノーブルライナー,69.4,53.8,38.6,14.5,12.4,11.7
20260827,ダノンドナウ,69.3,53.6,38.8,14.0,12.8,12.0
20260827,メーゼ,68.9,53.3,38.5,14.0,12.5,12.0
20260827,ロスパレドネス,69.6,54.9,40.0,14.3,12.8,12.9
20260827,ヒズストーリー,70.4,54.3,39.9,14.3,13.6,12.0
20260827,セイカタカキヤチク,68.6,52.7,38.0,13.8,12.4,11.8
20260827,ルークスイテルム,72.3,56.0,41.3,14.7,13.8,12.8
20260827,ナイトパイロット,68.3,52.4,37.8,13.7,12.3,11.8
20260827,フェスタベラ,71.3,55.8,41.0,14.3,13.4,13.3
20260827,グランプレジール,66.8,51.5,37.1,13.2,12.3,11.6
20260827,メイショウヨゾラ,66.0,51.0,37.4,13.7,12.5,11.2
20260827,ホウオウショコラ,65.1,50.2,36.2,13.1,11.8,11.3
20260827,サンクレゾン,65.7,50.9,36.9,13.4,12.1,11.4
20260827,オオゾラヒバリ,66.6,50.7,36.6,13.2,12.1,11.3
20260827,ソニックキャット,66.4,51.0,37.0,13.0,12.2,11.8
20260827,ディエスルージュ,67.3,51.4,37.2,13.5,12.1,11.6
20260827,ダノンアスコルティ,67.7,52.8,37.7,13.8,12.0,11.9
20260827,ゴディアーモ,67.5,52.7,37.6,13.8,11.9,11.9
20260827,ノアヴェルテ,66.8,51.4,37.1,13.1,12.2,11.8
20260827,エンジャムメント,66.1,50.7,36.7,12.9,12.0,11.8
20260827,ハーモニープルーフ,67.7,52.8,37.7,13.7,12.1,11.9
20260827,イズミル,66.5,51.3,36.9,13.1,12.2,11.6
20260827,コパノキラキラ,68.8,53.1,38.0,13.9,12.4,11.7
20260827,ノーブルパラス,67.9,52.0,37.2,13.5,11.7,12.0
20260827,ツェルプスト,69.2,53.3,38.1,13.9,12.5,11.7
20260827,ロイヤルガンモ,68.0,51.9,37.1,13.3,11.8,12.0
20260827,エイシンイクサボシ,69.2,54.3,40.1,13.4,13.5,13.2
20260827,サマースイートピー,66.7,50.6,36.4,13.3,11.7,11.4
20260827,ユアフェリシティ,67.1,51.2,36.6,13.6,11.6,11.4
20260827,フェデュデスタン,82.9,64.4,47.8,15.6,15.8,16.4
20260827,バサーニオ,84.8,65.9,48.2,16.7,15.7,15.8
20260827,ジャクソン,69.2,54.1,38.2,14.4,12.4,11.4
20260827,イヴナンバーフォー,69.6,54.2,38.3,14.3,12.6,11.4
20260827,ゴールデンパルス,67.7,52.7,38.0,13.8,12.5,11.7
20260827,グリマルキン,67.4,52.3,37.5,13.5,12.4,11.6
20260827,ソレエスピアージャ,70.2,54.5,39.4,14.6,13.1,11.7
20260827,テンハートビート,70.0,54.5,39.6,14.2,12.9,12.5
20260827,ゼーゲルン,66.3,51.4,37.2,13.2,12.4,11.6
20260827,ハナビ,67.5,52.1,37.7,13.5,12.5,11.7
20260827,サトノハクマイ,66.2,51.3,37.1,13.2,12.3,11.6
20260827,ワンダーマーベル,67.4,52.0,37.7,13.5,12.5,11.7
20260827,セイウンリリーナ,68.7,53.1,38.4,13.8,12.7,11.9
20260827,ルーフオブヘヴン,68.0,52.0,36.7,13.6,12.1,11.0
20260827,アリアファブラ,67.8,52.2,37.3,13.7,11.9,11.7
20260827,アニーリング,67.0,51.6,36.9,13.6,11.8,11.5
20260827,ローザヴェローナ,66.4,51.1,36.7,13.5,11.8,11.4
20260827,ベルバード,68.8,53.5,39.1,14.3,12.8,12.0
20260827,ヴィスクレス,72.3,55.7,40.3,14.5,13.4,12.4
20260827,タンタトリス,70.2,53.5,38.4,14.0,12.7,11.7
20260827,グルドロッティン,68.7,52.4,37.5,13.7,12.6,11.2
20260827,タイザンフクン,68.3,52.3,38.0,13.4,12.5,12.1
20260827,ブルータス,72.1,56.7,41.9,14.7,14.5,12.7
20260827,コーリンカルベラ,,72.1,51.1,18.3,16.7,16.1
20260827,ペプロス,69.7,54.4,39.0,14.3,12.9,11.8
20260827,メイショウコウベ,70.6,55.4,40.6,14.1,13.5,13.0
20260827,ターフクリスタル,70.9,55.2,39.6,14.6,13.2,11.8
20260827,ディアム,71.5,56.0,41.2,14.7,13.9,12.6
20260827,キセキテキニキテル,71.5,56.0,41.1,14.7,13.9,12.5
20260827,モルトマエストーソ,71.2,55.0,39.5,14.5,13.1,11.9
20260827,グリーンエナジー,70.2,54.0,39.2,13.9,13.1,12.2
20260827,シンヒダカムーン,69.9,53.9,39.1,13.8,13.1,12.2
20260827,ロードベラヴィータ,70.0,53.9,39.0,13.7,13.2,12.1
20260827,ポストトゥルース,70.8,54.6,39.2,14.4,12.9,11.9
20260827,エーアイラピド,74.7,57.5,40.6,15.2,13.3,12.1
20260827,グランドスウェル,73.1,56.1,40.2,15.1,13.2,11.9
20260827,ザンテソーロ,68.5,53.1,38.6,13.6,12.6,12.4
20260827,マリノフスキー,72.6,55.8,39.9,15.0,13.0,11.9
20260827,ヤマニンガラッシア,69.6,54.3,39.7,14.5,12.9,12.3
20260827,トーアモルペウス,69.5,54.2,39.6,13.7,12.7,13.2
20260827,ビップスコーピオン,171.6,136.2,100.4,34.3,32.9,33.2
20260827,ドナルンバ,67.8,52.7,37.9,14.3,12.2,11.4
20260827,ゴーイントゥスカイ,67.4,52.4,37.7,14.1,12.2,11.4
20260827,インヴィディア,67.0,52.1,37.4,13.9,12.2,11.3
20260827,サクラパステル,93.7,72.9,53.1,18.6,17.2,17.3
20260827,タリエシン,71.6,55.3,40.0,14.3,13.1,12.6
20260827,リネンエトワール,72.7,56.3,41.4,14.3,13.5,13.6
20260827,イキフン,69.6,53.5,38.3,13.7,12.5,12.1
20260827,イールーファー,71.9,55.7,40.2,14.4,13.2,12.6
20260827,ストレートブラック,66.7,51.5,37.0,13.3,12.0,11.7
20260827,ティアップシャイン,66.2,51.1,36.7,13.1,11.9,11.7
20260827,ペネトレイトゴー,67.8,52.3,37.8,13.9,12.3,11.6
20260827,カルマンフィルター,67.9,52.5,38.0,14.0,12.5,11.5
20260827,ヴィーデ,68.2,52.8,38.2,14.1,12.5,11.6
20260827,イムホテプ,69.9,53.8,39.0,14.3,12.8,11.9
20260827,ガーデンカメリア,67.4,53.3,38.7,14.2,13.0,11.5
20260827,アルティソナンテ,68.6,53.9,39.7,13.9,13.4,12.4
20260827,アクロスザリバー,68.1,53.0,38.2,14.0,12.4,11.8
20260827,カフェプラウド,,57.2,41.1,14.9,13.7,12.5
20260827,マイティドレイブン,,56.4,40.3,14.5,13.3,12.5
20260827,ブーケフォーミー,,55.6,40.0,14.3,13.3,12.4
20260827,アレクレア,67.7,52.1,37.5,13.6,12.2,11.7
20260827,ルディドゥゲンジ,69.5,54.4,39.5,14.4,12.7,12.4
20260827,ダイチマイスター,69.5,53.9,38.7,13.9,12.7,12.1
20260827,バーチディダーマ,69.6,54.1,38.8,13.8,12.8,12.2
20260827,ジャグアール,66.9,51.7,37.4,13.9,12.1,11.4
20260827,オーブルクール,68.2,53.0,38.4,14.4,12.6,11.4
20260827,パッションノーヴァ,71.7,56.1,40.4,15.2,13.0,12.2
20260827,セイルクルーズ,71.5,55.8,40.3,15.1,13.0,12.2
20260827,ニシノクードクール,69.7,53.7,38.6,14.1,12.4,12.1
20260827,エクリプスルバン,135.7,101.9,72.5,26.6,23.7,22.2
20260827,マーゴットソラーレ,,54.3,38.6,14.3,12.8,11.5
20260827,マーゴットドライ,,53.7,38.1,14.2,12.3,11.6
20260827,ザクシス,66.1,51.6,37.2,12.7,12.1,12.4
20260827,マイネルユーゲント,66.8,51.3,37.2,13.1,12.6,11.5
20260827,モーニングダリア,65.3,51.8,38.1,13.2,12.6,12.3
20260827,アイビーチーキー,67.9,52.7,38.2,13.5,12.3,12.4
20260827,ヒゲキリ,66.9,52.0,37.6,13.2,12.1,12.3
20260827,フォルナカリア,66.5,51.8,37.3,13.6,12.0,11.7
20260827,ヤマメゴリュウ,69.2,54.0,38.7,14.1,12.5,12.1
20260827,サクセスメロディー,69.2,53.8,38.7,14.1,12.5,12.1
20260827,ゴールデンルーキー,69.6,54.8,40.0,14.1,13.2,12.7
20260827,グランプラネッタ,74.8,57.5,41.7,14.8,13.7,13.2
20260827,ギャニミード,69.9,54.3,40.1,14.3,12.9,12.9
20260827,ココビスケット,74.2,56.8,41.1,14.4,13.5,13.2
20260827,ショーモッシュ,,52.5,37.7,13.7,12.5,11.5
20260827,レッドシュトラール,65.5,51.1,37.2,13.6,12.1,11.5
20260827,エリプティクカーブ,66.6,51.8,37.6,13.7,12.2,11.7
20260827,マイネルフーガ,68.3,53.1,38.3,14.1,12.4,11.8
20260827,ラヴァグロウ,69.2,53.6,38.8,13.9,12.9,12.0
20260827,ジェーケーボンバー,67.4,52.4,37.8,13.6,12.4,11.8
20260827,コンヴァージョン,67.6,52.8,37.9,13.7,12.4,11.8
20260827,ファインサマーデイ,66.3,50.8,36.6,13.3,12.0,11.3
20260827,クリアマインド,69.9,54.5,40.0,13.8,12.9,13.3
20260827,オーディンスピア,69.4,54.0,39.6,13.8,12.9,12.9
20260827,キョウエイカンフ,69.2,54.0,39.9,13.9,13.1,12.9
20260827,シスター,75.8,59.5,44.2,15.4,14.4,14.4
20260827,イントゥザウインド,70.1,54.9,40.1,14.1,13.5,12.5
20260827,マイネルオラクル,68.5,53.2,38.9,13.9,12.9,12.1
20260827,シェンロン,69.2,54.0,39.6,14.0,13.4,12.2
20260827,マカニ,,52.8,36.5,13.3,11.8,11.4
20260827,ピースワンデュック,68.4,52.9,37.9,13.6,12.4,11.9
20260827,ルールーリマ,68.5,52.7,37.8,13.8,12.3,11.7
20260827,ロードリベラシオン,70.9,55.3,39.4,14.4,12.8,12.2
20260827,グロスビーク,66.3,51.9,37.3,13.6,12.2,11.5
20260827,テキサス,66.0,51.7,37.1,13.5,12.2,11.4
20260827,ヴェトロテンペスタ,65.9,51.7,37.2,13.6,12.1,11.5
20260827,ニシノイケガミ,67.0,52.4,38.2,13.7,12.7,11.8
20260827,サイモントレノ,67.5,52.8,38.5,13.9,12.7,11.9
20260827,トモジャシャトー,69.6,54.2,39.0,14.0,12.8,12.2
20260827,ヒッチアライド,69.8,54.4,39.2,14.0,12.9,12.3
20260827,スワローシチー,68.8,52.7,38.1,14.1,12.5,11.5
20260827,ミラーダカリエンテ,68.2,51.9,37.5,13.8,12.2,11.5
20260827,エコロヴァイス,69.0,54.4,39.0,14.3,12.0,12.7
20260827,カツラコマチ,69.2,54.5,39.2,14.5,12.1,12.6
20260827,ガビーズブラザー,69.8,54.3,38.6,14.2,12.2,12.2
20260827,スカイメテオ,67.1,52.2,37.3,13.9,11.9,11.5
20260827,グルード,68.7,53.9,38.7,14.0,12.3,12.4
20260827,キリマンジェロタフ,67.6,52.9,37.3,14.3,11.7,11.3
20260827,ゴールデンレシオ,66.4,51.7,37.0,13.9,11.8,11.3
20260827,シュプレヒコール,69.1,53.1,38.0,14.2,12.2,11.6
20260827,エモティコン,67.2,52.6,37.1,14.2,11.6,11.3
20260827,セレーノ,,53.2,37.5,14.7,11.6,11.2
20260827,ナリタライズ,,53.1,37.5,14.7,11.5,11.3
20260827,ビバームス,,77.0,57.2,19.0,19.4,18.8
20260827,ブラックレジェンド,68.7,53.1,37.6,14.0,11.8,11.8
20260827,クリスタルタワー,72.2,55.9,39.1,15.6,12.0,11.5
20260827,タナスーペルノーバ,69.1,53.5,37.9,14.2,11.9,11.8
20260827,マーゴットバディ,65.9,50.8,36.0,13.6,11.1,11.3
20260827,リンピッド,71.8,55.1,39.0,15.0,12.3,11.7
20260827,コロラート,73.0,56.0,39.1,15.1,12.3,11.7
20260827,クリスティーナ,72.7,55.6,39.0,15.1,12.3,11.6
20260827,シーミハットク,70.9,55.2,39.1,14.8,12.5,11.8
20260827,ダノンテムズ,70.3,54.5,38.9,14.6,12.6,11.7
20260827,ノーランサンライズ,73.2,57.7,41.6,15.0,13.4,13.2
20260827,ハナコトバ,75.4,60.0,43.5,15.5,13.4,14.6
20260827,マーノマエストロ,76.8,60.8,44.3,16.0,13.8,14.5
20260827,ハッピーチャンス,66.8,51.8,37.0,13.8,11.1,12.1
20260827,ムービーマジック,66.3,51.3,36.5,13.4,11.0,12.1
20260827,ブロンテス,,66.9,50.1,16.6,16.3,17.2
20260827,タタンタン,66.2,52.0,37.6,13.8,12.0,11.8
20260827,アイボリータワー,66.4,52.2,37.8,13.8,12.0,12.0
20260827,ゼランテ,71.6,55.8,39.7,14.1,12.6,13.0
20260827,シーズザスローン,69.4,53.5,38.1,13.6,12.8,11.7
20260827,ブロンテス,86.3,68.7,50.6,17.1,16.4,17.1
20260827,ガルディエンヌ,87.9,69.9,51.6,18.3,16.6,16.7
20260827,メイショウアツイタ,68.7,53.5,38.6,14.2,12.1,12.3
20260827,アンビシャスヨシノ,,63.4,45.5,16.2,15.1,14.2
20260827,シャリキモン,,66.7,46.7,17.4,15.0,14.3
20260827,ネビーイーム,74.4,58.7,42.8,15.6,13.5,13.7
20260827,オオキニ,71.0,56.1,41.7,14.5,13.2,14.0
20260827,ショーダンサー,68.9,53.6,38.2,14.2,12.1,11.9
20260827,メイショウプレマ,89.0,71.7,54.0,18.3,18.3,17.4
20260827,サトノシャッツ,65.7,51.0,35.9,13.2,11.2,11.5
20260827,レッドバベル,67.0,51.7,36.9,13.8,11.7,11.4
20260827,トレビスドンナ,66.5,51.4,36.3,13.4,11.3,11.6
20260827,レアンダー,69.2,52.6,36.7,14.1,11.1,11.5
20260827,トモジャシック,69.5,54.7,38.7,14.7,12.0,12.0
20260827,デリュージョン,,68.6,50.0,17.4,16.5,16.1
20260827,ヤマトクオーレ,95.5,76.2,56.1,19.0,18.1,19.0
20260827,サンタンカ,,55.4,38.9,15.0,12.0,11.9
20260827,エンジョイドライブ,67.5,52.0,37.1,13.9,11.6,11.6
20260827,ロードヴィゴラス,,52.3,37.0,13.8,11.6,11.6
20260827,ヒラボクカレラ,71.1,54.8,38.1,15.6,11.5,11.0
20260827,スターチューン,67.9,53.1,37.9,14.3,11.9,11.7
20260827,アメリカンコール,67.8,53.8,38.7,14.1,12.2,12.4
20260827,ロードフロンティア,90.3,72.5,54.0,18.4,18.0,17.6
20260827,バーバラップ,99.1,77.6,58.1,20.4,19.3,18.4
20260827,サンダーバード,67.8,53.4,38.3,14.4,12.0,11.9
20260827,サトノロザリー,,84.1,60.3,22.1,19.3,18.9
20260827,オールセインツ,67.0,52.9,37.7,14.5,11.5,11.7
20260827,マジョレルブルー,68.0,53.6,38.0,14.8,11.5,11.7
20260827,ロードヴェリタス,67.8,53.5,38.0,14.6,11.6,11.8
20260827,コルレオニス,66.4,51.9,37.1,13.8,11.7,11.6
20260827,シンビリーブ,91.8,72.7,51.4,19.8,14.9,16.7
20260827,エスカル,202.3,161.7,115.1,40.3,38.0,36.8
20260827,ピカラ,67.3,52.5,37.2,13.7,12.0,11.5
20260827,フィデリス,68.8,53.4,38.0,14.1,12.4,11.5
20260827,リガーレ,66.3,52.1,37.1,14.2,11.5,11.4
20260827,ドウジャスティ,66.5,52.4,37.4,14.1,11.4,11.9
20260827,ジャイアンバローズ,65.9,51.9,36.9,14.0,11.3,11.6
20260827,ジーティーダーリン,68.5,53.0,37.6,14.5,11.6,11.5
20260827,メイショウピース,67.1,52.5,37.6,13.6,11.4,12.6
20260827,メイショウヤマモモ,67.4,52.7,37.8,13.7,11.5,12.6
20260827,シホノスペランツァ,72.7,56.2,39.9,14.7,12.4,12.8
20260827,アウスヴァール,,74.6,54.1,19.5,17.5,17.1
20260827,ノチェブエナ,,75.7,54.5,19.8,17.8,16.9
20260827,ルファーダ,,73.6,54.1,18.9,17.2,18.0
20260827,ナムラモモタロー,,55.1,39.6,14.4,12.4,12.8
20260827,サンライズブレイド,69.8,55.0,39.5,14.7,12.3,12.5
20260827,プラトーローザ,70.1,55.1,39.6,14.5,12.3,12.8
20260827,クランフォード,66.4,51.9,37.3,13.8,12.2,11.3
20260827,コレオシークエンス,68.3,53.9,39.1,14.6,12.2,12.3
20260827,ニドヅケキンシ,81.4,65.4,47.3,17.5,15.7,14.1
20260827,トリオハピネス,69.7,54.5,39.5,14.3,12.5,12.7
20260827,シホノノービレ,69.7,54.6,39.5,14.3,12.5,12.7
20260827,ミッションデュロワ,69.7,54.6,39.5,14.3,12.5,12.7
20260827,マテンロウゲイル,68.6,53.5,39.0,14.7,13.0,11.3
20260827,ベイリークロア,65.0,51.2,36.0,12.9,11.4,11.7
20260827,マイコンチェルト,65.5,51.4,36.4,13.2,11.4,11.8
20260827,ホルトバージ,71.1,55.4,40.3,15.2,12.6,12.5
20260827,ハッピーダンチャン,67.0,51.8,36.3,13.5,11.1,11.7
20260827,パイオニアスクエア,67.4,52.2,37.0,14.0,11.4,11.6
20260827,ロングホリデー,67.5,52.5,37.3,13.5,11.4,12.4
20260827,ガストン,70.3,55.4,39.7,14.9,12.4,12.4
20260827,ベンダバール,70.4,56.0,40.9,14.8,13.2,12.9
20260827,テイエムパイロット,71.4,55.2,38.6,14.5,12.2,11.9
20260827,ミランド,86.1,67.7,49.6,17.9,15.7,16.0
20260827,アイガーリー,70.1,54.3,38.7,14.1,11.9,12.7
20260827,マーゴットプレ,84.7,66.4,48.0,17.4,14.8,15.8
20260827,リアルメッセージ,85.6,67.3,49.2,18.3,15.2,15.7
20260827,ワーズワース,66.6,52.0,37.4,13.7,11.9,11.8
20260827,サンライズバブル,69.5,54.3,38.5,14.6,12.1,11.8
20260827,ミンコフスキー,68.8,53.7,38.3,14.7,11.8,11.8
20260827,キーパフォーマー,202.0,162.6,118.1,42.9,42.2,33.0
20260827,クリノオリーブ,,77.4,55.8,21.1,18.0,16.7
20260827,ルルフィーユ,74.1,56.1,39.8,14.8,12.4,12.6
20260827,スラッシュ,70.3,55.0,39.8,15.0,12.6,12.2
20260827,ラッキーダイヤ,69.0,53.8,38.4,14.1,11.9,12.4
20260827,マイベスティー,85.3,67.7,49.3,17.7,15.9,15.7
20260827,マイネルグリモア,,63.8,47.0,16.6,15.3,15.1
20260827,パトローナス,,99.0,71.9,25.1,24.0,22.8
20260827,アステリアート,67.2,52.0,36.6,13.6,11.5,11.5
20260827,ダノンオブアイデア,,87.5,62.6,22.5,20.8,19.3
20260827,ジューンベロシティ,79.7,63.8,47.2,17.0,15.1,15.1
20260827,サンライズオスカー,,71.9,52.1,18.7,16.9,16.5
20260827,アビラーシャ,86.4,68.5,49.6,18.4,15.9,15.3
20260827,メイショウトム,77.0,60.3,44.4,15.3,14.5,14.6
20260827,カレンラップスター,68.6,53.3,38.3,14.4,12.4,11.5
20260827,ファストフォワード,67.6,52.2,37.6,14.0,12.1,11.5
20260827,クロスボーダー,70.1,54.5,39.1,14.9,12.8,11.4
20260826,イクシード,68.5,53.5,39.4,13.6,12.9,12.9
20260826,マーガレットクレア,67.0,51.4,36.7,13.4,11.9,11.4
20260826,ファムクラジューズ,66.3,50.8,36.2,13.2,11.6,11.4
20260826,ミラベルプラム,66.6,51.0,36.5,13.4,11.7,11.4
20260826,ボーンディスウェイ,67.4,52.6,37.8,13.7,12.4,11.7
20260826,ピコニ,67.1,52.5,37.7,13.7,12.2,11.8
20260826,スタニングヴュー,68.3,52.1,37.1,13.7,12.2,11.2
20260826,ライヴマルガリータ,66.4,52.3,38.0,13.7,12.1,12.2
20260826,ウィズアツインクル,67.8,52.9,38.0,13.7,12.6,11.7
20260826,エフティヴェント,68.0,51.8,36.9,13.4,12.1,11.4
20260826,アデルフィー,67.3,51.1,36.3,13.5,11.8,11.0
20260826,ヒシナスキロ,66.6,51.6,36.5,13.3,12.0,11.2
20260826,グラスクラージュ,66.2,52.1,37.9,13.6,12.1,12.2
20260826,カフェアローロ,68.4,52.5,37.5,13.7,12.2,11.6
20260826,ナイトスラッガー,67.9,52.3,38.0,13.4,12.4,12.2
20260826,アルセナール,69.6,54.0,39.3,14.2,13.4,11.7
20260826,チェルヴィニア,69.4,54.1,38.7,14.2,12.8,11.7
20260826,ヴァズレーヌ,69.9,54.2,39.8,14.5,13.3,12.0
20260826,ライネリーベ,68.7,53.8,38.4,14.2,12.6,11.6
20260826,ピュアクローム,67.3,51.8,37.7,13.3,12.4,12.0
20260826,ユイノサダハル,67.6,51.6,36.8,13.5,11.8,11.5
20260826,トワイライトサイト,70.0,53.8,39.3,13.8,13.0,12.5
20260826,ゴールドプレイヤー,67.8,51.7,36.9,13.5,11.9,11.5
20260826,ヴァルカンテソーロ,68.3,52.4,38.2,13.5,12.5,12.2
20260826,ペタルズダンス,68.1,52.4,38.2,13.4,12.8,12.0
20260826,ジャスティンシカゴ,66.1,50.9,36.4,13.4,11.8,11.2
20260826,ブラッキッシュ,69.6,54.3,38.9,14.2,13.0,11.7
20260826,レッドレガリア,69.3,53.7,39.1,14.2,13.3,11.6
20260826,アイムオンアロール,67.3,52.0,37.4,13.6,12.4,11.4
20260826,ライヴテキーラ,68.1,53.1,38.1,13.8,12.1,12.2
20260826,ルスカーレット,68.3,53.4,38.4,14.0,12.1,12.3
20260826,ルフトシュピール,69.3,53.5,39.1,14.2,13.2,11.7
20260826,ウラノグラフィア,66.8,51.6,37.1,13.5,12.2,11.4
20260826,ジュベルシャムス,70.1,54.5,39.7,14.2,13.1,12.4
20260826,ハビレ,68.0,53.2,38.9,13.8,12.8,12.3
20260826,スプランドゥール,64.4,49.9,36.0,13.2,11.5,11.3
20260826,アスクナイスショー,68.3,53.3,38.6,13.9,12.7,12.0
20260826,ブルバンビーナ,67.0,52.3,37.9,13.5,12.5,11.9
20260826,ホノボノ,67.7,52.9,38.3,13.7,12.6,12.0
20260826,サノノグレーター,68.8,53.6,38.5,14.2,12.8,11.5
20260826,ルミナスレイナ,70.1,54.5,39.6,14.3,13.1,12.2
20260826,フクオトコ,68.9,53.2,38.2,14.2,12.5,11.5
20260826,カテドラルクォーツ,69.4,53.9,39.3,14.3,12.9,12.1
20260826,コーディアリー,68.6,53.3,38.3,14.0,12.6,11.7
20260826,ビービーアジャイル,68.2,53.3,38.4,14.4,12.4,11.6
20260826,イトウカカリチョウ,69.2,54.2,39.3,14.7,12.8,11.8
20260826,ラルコ,68.2,52.7,37.7,13.6,12.4,11.7
20260826,フェアリースノー,67.4,52.6,38.1,13.6,12.6,11.9
20260826,メイプルカモーン,68.0,52.5,37.5,13.5,12.4,11.6
20260826,ハイトラクション,68.4,52.9,37.8,13.7,12.5,11.6
20260826,イントリー,67.9,53.0,38.1,14.2,12.5,11.4
20260826,エクラドリオン,68.1,53.2,38.4,14.4,12.3,11.7
20260826,エコロゴッド,69.2,54.2,39.2,14.6,12.9,11.7
20260826,サヴァビアン,70.3,54.6,39.1,14.4,12.8,11.9
20260826,リュミナーズ,68.1,52.7,38.1,13.8,12.7,11.6
20260826,ヴィヴァラリス,67.0,52.2,38.2,13.5,12.7,12.0
20260826,ラトルシェ,68.0,53.1,39.1,13.8,13.1,12.2
20260826,ルナルーチェット,65.5,50.9,36.7,13.2,11.9,11.6
20260826,マイネルアレス,67.1,52.2,37.7,13.9,12.4,11.4
20260826,サリーアン,69.9,54.2,39.4,14.1,13.0,12.3
20260826,ペプチドドリーム,64.6,50.2,36.1,13.1,11.7,11.3
20260826,ルンベーラ,67.4,52.2,38.2,13.7,12.6,11.9
20260826,トーアシチフクジン,67.9,53.3,38.5,14.4,12.4,11.7
20260826,スイートハイデン,68.1,53.3,39.2,13.8,13.1,12.3
20260826,カンティーナ,66.7,51.4,36.7,13.5,12.0,11.2
20260826,ペイシャラム,67.2,51.9,38.0,13.6,12.5,11.9
20260826,コスモアルペジオ,70.6,53.3,37.2,14.0,11.7,11.5
20260826,マイネルゼーロス,66.4,51.7,37.4,13.7,12.2,11.5
20260826,ロジパンドラ,69.9,54.3,38.7,14.2,12.7,11.8
20260826,ミコウェイ,69.7,54.0,39.2,14.0,13.0,12.2
20260826,ニシノムホウモノ,66.8,52.3,37.4,14.3,12.0,11.1
20260826,チェスティーノ,70.2,53.1,37.1,13.8,11.8,11.5
20260826,ラポニア,70.3,54.8,39.2,14.1,12.8,12.3
20260826,ホウオウルーレット,66.8,51.8,37.5,13.3,12.4,11.8
20260826,アクションプラン,73.4,57.9,42.5,15.2,14.4,12.9
20260826,タリスマン,66.9,51.1,37.2,12.8,12.2,12.2
20260826,レッドアトレーヴ,67.1,52.0,37.2,13.9,11.9,11.4
20260826,コパノヴィンセント,68.9,53.3,38.1,14.2,12.5,11.4
20260826,エコロストーム,67.4,52.0,37.4,13.7,12.3,11.4
20260826,ポンテヴェッキオ,69.0,54.1,39.1,14.3,12.9,11.9
20260826,エラガバリウム,67.9,52.6,37.9,14.0,12.5,11.4
20260826,ディスクリートサム,68.6,53.8,39.0,14.3,12.7,12.0
20260826,コスモコリウス,67.9,54.0,39.1,14.3,13.1,11.7
20260826,タイセイソアリング,66.7,52.3,38.2,13.6,13.0,11.6
20260826,ポケットブック,68.0,52.9,38.0,14.2,12.3,11.5
20260826,プルヴィナル,66.9,53.2,38.4,13.9,12.8,11.7
20260826,レイナクリューソス,67.0,52.5,37.7,14.0,12.2,11.5
20260826,ティアラスピリット,68.3,52.9,37.7,14.2,12.1,11.4
20260826,コスモマルーン,67.4,52.8,38.0,13.9,12.2,11.9
20260826,ツルマウカタチ,67.4,52.0,37.8,13.8,12.5,11.5
20260826,ブロッケンボウ,68.9,53.9,38.7,14.7,12.5,11.5
20260826,インプロペリア,66.2,51.0,36.1,12.9,11.9,11.3
20260826,ブラウンラチェット,66.6,51.1,37.2,13.3,12.5,11.4
20260826,ムーングレイル,66.3,51.4,36.8,13.6,11.7,11.5
20260826,トリエンナーレ,68.1,52.5,37.5,13.8,12.3,11.4
20260826,ルージュフローラ,66.5,51.6,37.0,13.7,11.8,11.5
20260826,ダイユウルミナス,69.9,53.7,38.7,14.3,12.7,11.7
20260826,クラウンロムパイア,69.5,54.2,38.9,14.7,12.7,11.5
20260826,テルケンレンジシ,75.5,60.0,44.3,15.5,14.8,14.0
20260826,ブロンクス,66.7,53.1,38.6,13.5,12.4,12.7
20260826,サイモンオリエント,75.8,60.3,44.4,15.4,15.1,13.9
20260826,ファブリック,66.4,52.6,37.9,13.4,12.3,12.2
20260826,ゴルトシェーン,67.0,52.5,37.9,13.5,12.4,12.0
20260826,ショウナンラプソ,67.9,52.2,37.3,13.7,12.3,11.3
20260826,ジャンビ,71.1,55.9,41.3,14.0,13.6,13.7
20260826,スカイダンスタイム,68.7,53.4,38.9,14.0,12.7,12.2
20260826,ビリオネアボーイ,66.2,52.2,38.2,13.5,12.7,12.0
20260826,チョコブラウニー,67.0,52.2,38.0,13.8,12.3,11.9
20260826,ゴーントゥファー,66.9,52.6,38.2,13.3,12.9,12.0
20260826,ギガントシュラーク,68.3,53.1,38.7,13.9,12.6,12.2
20260826,エコロブルーム,65.9,51.3,37.0,13.2,12.3,11.5
20260826,スターチスブーケ,,54.8,38.9,14.2,13.0,11.7
20260826,フロリメル,68.3,53.5,38.9,14.1,12.9,11.9
20260826,フクチャンショウ,66.2,51.6,37.2,13.1,12.5,11.6
20260826,スペシャルギフト,67.7,53.2,38.7,14.0,12.7,12.0
20260826,レッドマウロア,68.6,53.7,39.1,14.1,13.0,12.0
20260826,メタルスピード,65.0,50.2,36.0,12.7,12.0,11.3
20260826,ブレーザー,69.3,51.9,36.5,13.5,11.7,11.3
20260826,フォーディアライフ,65.9,51.6,37.8,12.8,12.4,12.6
20260826,ゴットランド,65.8,51.0,36.7,13.1,12.2,11.4
20260826,ゾネブルーム,69.1,53.8,39.2,13.9,12.9,12.4
20260826,イデアモッコス,66.3,51.4,38.3,13.4,12.3,12.6
20260826,フームスムート,69.0,53.9,38.8,14.4,12.9,11.5
20260826,ウインシュクラン,70.4,55.0,39.9,14.9,13.5,11.5
20260826,オーサムストローク,68.2,53.2,38.5,14.3,12.5,11.7
20260826,ガンバレベアー,67.7,52.5,37.8,14.0,12.5,11.3
20260826,クリアクォーツ,90.6,72.0,53.0,17.8,17.6,17.6
20260826,トリスティ,67.5,51.5,36.5,13.6,11.5,11.4
20260826,ナックホワイト,66.1,50.7,36.5,13.4,12.0,11.1
20260826,スリーコーズ,68.2,52.1,36.8,13.9,11.5,11.4
20260826,オオルリ,67.9,52.6,37.7,13.6,12.5,11.6
20260826,リアスハート,67.3,51.7,37.3,13.7,12.3,11.3
20260826,パーリーブラック,68.2,52.5,37.9,13.7,12.3,11.9
20260826,カツノテンス,67.3,52.4,38.0,14.1,12.5,11.4
20260826,クロドラバール,67.8,52.5,37.8,13.9,12.6,11.3
20260826,ワカミヤイリオス,66.2,51.6,37.8,13.1,12.1,12.6
20260826,ベラトール,67.6,52.3,37.2,13.9,12.1,11.2
20260826,ブライティアロード,71.7,54.8,38.8,14.5,12.8,11.5
20260826,ソルティアーラ,68.4,52.7,39.3,13.7,12.8,12.8
20260826,ミクロスギガース,68.8,53.2,39.2,13.6,13.0,12.6
20260826,チャリングクロス,66.5,51.8,37.2,13.6,12.3,11.3
20260826,ピーエムキンチャン,76.5,58.6,43.0,15.0,14.2,13.8
20260826,キンバリー,70.3,55.4,40.9,14.5,13.5,12.9
20260826,ピーエムリンダ,71.1,54.3,38.6,14.4,12.8,11.4
20260826,ピコシー,67.8,52.5,37.6,13.7,12.3,11.6
20260826,カラマティアノス,69.7,53.9,38.6,14.4,12.6,11.6
20260826,ハングローズ,69.2,53.7,38.3,14.1,12.5,11.7
20260826,バターショコラ,69.0,54.1,39.1,14.3,13.0,11.8
20260826,ラインディアーナ,69.1,53.5,38.2,13.8,12.6,11.8
20260826,ファイナルラッキー,69.7,54.0,38.8,13.9,12.7,12.2
20260826,ペントザリス,68.6,53.6,38.6,14.1,12.9,11.6
20260826,メイショウコバト,69.9,54.0,38.9,14.2,12.9,11.8
20260826,コーリンカルベラ,,69.3,51.2,16.8,17.3,17.1
20260826,ウインドオブヘヴン,69.7,54.4,39.2,14.5,12.8,11.9
20260826,クラディスティーナ,68.4,52.7,37.5,14.0,12.0,11.5
20260826,マイトリックスター,69.1,53.2,38.2,13.8,12.6,11.8
20260826,ベレーバスク,69.2,53.3,37.9,14.2,12.1,11.6
20260826,ブエナディオサ,69.9,54.0,38.6,14.1,12.7,11.8
20260826,ケイツールピア,72.3,56.0,40.5,14.8,13.1,12.6
20260826,コスモコンフェルマ,68.5,53.0,37.9,13.9,12.4,11.6
20260826,パープルタウン,68.3,53.0,37.8,13.7,12.4,11.7
20260826,サヨノジャンボリー,67.4,52.2,37.7,13.6,12.4,11.7
20260826,アシャカトベ,67.8,52.6,38.0,13.6,12.5,11.9
20260826,ナリノシャーウッド,67.6,52.3,37.8,13.6,12.5,11.7
20260826,ストーリーオブラブ,68.8,54.0,39.6,14.1,12.7,12.8
20260826,キャッチアップ,68.8,53.9,39.6,14.0,12.8,12.8
20260826,ビップチェイス,67.8,52.0,37.3,13.7,12.2,11.4
20260826,アクロスメモリア,67.6,51.8,37.2,13.7,12.1,11.4
20260826,ラウンドヒル,67.6,52.6,37.4,13.6,12.1,11.7
20260826,デアトゥノウ,67.6,51.8,37.4,13.7,12.1,11.6
20260826,マートングレイス,66.2,51.2,37.1,13.4,12.2,11.5
20260826,ブルードロップ,68.6,53.0,37.8,13.9,12.4,11.5
20260826,タッカーヴィーチェ,68.0,52.5,37.2,13.8,12.2,11.2
20260826,モルスリール,67.2,52.4,37.9,13.8,12.5,11.6
20260826,スタレネルヴェント,67.1,52.2,37.9,13.8,12.3,11.8
20260826,コッディ,68.6,53.0,37.7,13.9,12.3,11.5
20260826,アルプスオジョー,67.8,51.9,37.3,13.5,12.4,11.4
20260826,ニシノヴィヴィ,68.0,52.5,38.2,13.7,12.5,12.0
20260826,シアブリス,67.3,51.5,37.1,13.5,12.3,11.3
20260826,マイネルブリオン,66.5,51.1,36.8,13.5,11.9,11.4
20260826,ロマンス,67.8,52.7,38.0,14.2,12.1,11.7
20260826,ストロングボイス,68.2,52.9,38.4,13.8,12.6,12.0
20260826,エクスマキナ,66.8,51.7,37.3,13.4,12.3,11.6
20260826,マイトレーヤー,68.5,53.2,38.6,13.8,12.8,12.0
20260826,レッドアバンドーネ,67.6,52.6,38.0,14.1,12.1,11.8
20260826,メモリーグラス,69.4,53.9,39.1,13.9,12.6,12.6
20260826,アムールドパリ,71.1,54.9,39.2,14.6,13.0,11.6
20260826,リゼクールグレー,70.1,54.3,39.2,14.6,13.1,11.5
20260826,アンヴデット,69.1,53.5,38.4,14.5,12.6,11.3
20260826,コウセイケンタロス,68.3,53.9,38.9,13.7,12.6,12.6
20260826,ナックスプレンダー,69.8,53.9,38.1,14.0,12.8,11.3
20260826,アルアンダルス,69.6,53.8,38.0,14.0,12.7,11.3
20260826,サスケソルトバーン,68.1,53.7,38.7,13.6,12.5,12.6
20260826,ハクタカ,68.9,54.3,39.8,13.9,13.0,12.9
20260826,フタイテンロック,68.7,52.9,38.2,13.5,12.5,12.2
20260826,トレベルオール,67.4,51.8,37.7,13.3,12.4,12.0
20260826,マイネルアズーロ,68.4,52.4,37.6,13.7,12.1,11.8
20260826,エリーナストーム,68.8,52.7,37.7,13.8,12.2,11.7
20260826,ナインオブレター,67.9,52.4,37.8,13.4,12.3,12.1
20260826,ヤマニンヘルシェ,68.5,53.5,39.5,13.8,13.1,12.6
20260826,ロデオドライブ,67.5,52.2,38.2,13.3,12.8,12.1
20260826,ドーバーホーク,69.5,54.2,39.5,14.5,13.2,11.8
20260826,カーヌスティ,67.2,51.9,37.7,13.5,12.6,11.6
20260826,ディールメーカー,66.8,51.6,37.3,13.3,12.4,11.6
20260826,トップマジシャン,69.4,54.2,39.6,14.1,13.5,12.0
20260826,マイネルアルゴー,67.6,52.6,38.3,13.6,12.7,12.0
20260826,イキデイナセ,70.2,54.1,39.4,14.4,13.0,12.0
20260826,マホロ,69.5,54.2,39.7,14.2,13.5,12.0
20260826,カラスアゲハ,70.2,54.1,39.3,14.3,13.0,12.0
20260826,ホワイトホール,67.1,52.2,37.9,13.5,12.6,11.8
20260826,リオンパリス,68.4,53.3,38.7,13.8,12.9,12.0
20260826,アルスラーン,69.9,53.8,39.3,14.5,12.8,12.0
20260826,マイネルニコラス,69.4,54.3,40.0,14.3,13.3,12.4
20260826,キボウノホシ,71.8,53.3,37.5,13.9,12.1,11.5
20260826,マリアイリダータ,68.8,53.1,38.2,13.8,12.7,11.7
20260826,サイレントキラー,69.2,54.2,39.5,14.0,13.0,12.5
20260826,クロノスフィア,69.1,54.2,39.5,13.9,13.1,12.5
20260826,コールレスポンス,68.4,52.8,38.0,13.7,12.6,11.7
20260826,トーキョーレギー,67.9,53.8,39.6,13.6,13.0,13.0
20260826,シリアルトウショウ,67.7,53.6,39.5,13.6,13.2,12.7
20260826,ユキマル,68.4,53.1,37.7,14.3,12.1,11.3
20260826,マルディランダ,67.5,52.4,37.5,14.2,12.2,11.1
20260826,ピコローズ,66.7,51.9,37.3,13.8,12.1,11.4
20260826,ルシェロアズーリ,68.9,53.9,38.9,14.4,12.9,11.6
20260826,ニシノケンタマン,65.8,51.2,37.9,13.4,12.6,11.9
20260826,ローズブーケ,68.5,53.5,38.6,14.3,12.7,11.6
20260826,クラージュスター,67.8,53.0,38.5,14.3,12.8,11.4
20260826,エナノムスメ,69.5,54.0,39.2,14.6,13.2,11.4
20260826,サーロー,67.3,52.7,38.4,14.3,12.6,11.5
20260826,アオイノリプー,68.4,53.3,38.0,14.4,12.3,11.3
20260826,オシゴリ,67.1,52.5,38.9,13.6,12.9,12.4
20260826,ワンキャンパス,66.8,52.4,38.8,13.7,12.7,12.4
20260826,トパーズプレミア,69.7,54.2,39.2,14.6,13.2,11.4
20260826,ハンデンブレイズ,67.6,52.4,37.7,13.9,12.4,11.4
20260826,サクセスカラー,65.7,51.7,37.9,13.6,12.4,11.9
20260826,オルトパラティウム,68.7,52.8,38.2,14.2,12.5,11.5
20260826,シグムンド,65.6,50.4,36.6,13.2,12.1,11.3
20260826,ヨドノタイヨウ,68.9,53.8,38.3,14.4,12.4,11.5
20260826,スマートブル,68.6,53.4,38.0,14.2,12.2,11.6
20260826,ポッドロワール,64.2,49.9,36.6,13.3,11.8,11.5
20260826,ラブリーガール,71.3,56.4,41.3,14.8,13.6,12.9
20260826,エーオーキング,67.8,52.4,37.8,13.9,12.2,11.7
20260826,コスモシグルン,67.1,51.9,37.4,13.6,12.0,11.8
20260826,アンプイットアップ,66.7,51.5,36.8,13.3,12.2,11.3
20260826,ヤマメホープ,68.2,53.0,38.0,13.9,12.4,11.7
20260826,ソナタムーンライト,70.8,55.2,39.3,14.9,12.8,11.6
20260826,ラベンダーヘイズ,66.5,51.2,37.3,13.7,12.3,11.3
20260826,ニシノトマラナイ,64.7,51.4,38.4,13.7,12.6,12.1
20260826,ホットゥトロット,71.0,55.4,39.5,15.0,13.0,11.5
20260826,リラベガ,66.9,51.8,37.5,13.7,12.2,11.6
20260826,サングラント,67.5,51.4,37.2,13.6,12.3,11.3
20260826,シーラーステート,67.4,52.6,37.3,13.8,12.0,11.5
20260826,イナズマハッチ,66.9,53.0,38.8,14.0,12.7,12.1
20260826,ソウラスフロス,68.2,52.3,37.9,13.9,12.5,11.5
20260826,ピクシーブラスト,66.6,51.5,37.2,13.6,12.1,11.5
20260826,ファンタジーゲーム,67.2,53.3,39.1,14.1,12.6,12.4
20260826,クラウンセト,71.9,55.9,41.2,14.8,13.5,12.9
20260826,トラマンダーレ,69.0,53.6,38.9,14.0,12.8,12.1
20260826,ケンキョ,68.4,52.9,37.7,14.0,12.3,11.4
20260826,ミッドセンチュリー,69.2,53.6,38.9,14.4,12.5,12.0
20260826,サトノパトリオット,69.8,54.5,39.6,14.5,13.4,11.7
20260826,セブンメデュラス,70.1,54.9,40.0,14.5,13.6,11.9
20260826,アグネスブリッツ,70.2,54.6,39.2,14.5,12.9,11.8
20260826,エリュグレイス,69.8,54.5,38.9,14.4,12.7,11.8
20260826,マイネルリーヒム,69.2,54.8,40.0,14.9,13.2,11.9
20260826,コパノエイダン,75.0,58.6,42.8,15.5,13.9,13.4
20260826,イベリスアマラ,69.0,53.5,38.3,14.1,12.5,11.7
20260826,アテナプロマコス,68.7,53.9,38.3,14.1,12.7,11.5
20260826,イカルステソーロ,68.5,54.1,39.9,14.7,13.5,11.7
20260826,ホウオウビリーヴ,70.0,54.7,39.8,14.5,13.4,11.9
20260826,アバレリュウ,67.2,52.8,38.4,14.0,12.3,12.1
20260826,マックアルイーン,66.6,51.4,36.7,13.9,11.9,10.9
20260826,ボールドタワー,67.1,52.8,38.4,14.1,12.2,12.1
20260826,メイリー,69.3,53.8,39.0,13.9,12.9,12.2
20260826,アストリル,64.9,50.6,36.6,13.4,11.9,11.3
20260826,ユキノグラス,67.1,52.2,38.0,13.6,12.7,11.7
20260826,マサノピンクレディ,67.1,52.0,37.9,13.6,12.6,11.7
20260826,ソードスレイプニル,65.3,50.9,36.9,13.5,12.0,11.4
20260826,リメンバーシドニー,69.0,53.9,39.5,14.3,12.9,12.3
20260826,レガレイラ,75.1,58.7,43.2,15.5,14.2,13.5
20260826,プルシャプラ,68.2,53.2,38.6,14.0,12.5,12.1
20260826,レプレセンタル,70.7,55.5,40.9,14.3,13.9,12.7
20260826,テイキットイージー,67.6,52.7,38.2,13.8,12.7,11.7
20260826,ニシノゲッパク,69.7,53.8,38.7,14.1,12.7,11.9
20260826,モチロンコクラ,69.6,53.7,38.7,14.1,12.7,11.9
20260826,レッドモンレーヴ,66.5,51.2,37.0,13.4,12.3,11.3
20260826,ブルージャイアント,69.7,54.2,39.7,14.0,12.9,12.8
20260826,フロックコート,,52.3,37.7,13.7,12.2,11.8
20260826,ワンコール,,52.8,38.0,13.9,12.2,11.9
20260826,ニシノコマチムスメ,67.5,51.8,37.7,13.8,12.3,11.6
20260826,ダイヒョウカーク,68.1,52.3,37.9,13.9,12.4,11.6
20260826,ハクサンミレイ,68.6,52.9,38.4,14.2,12.6,11.6
20260826,アイムインディ,72.0,55.6,39.8,14.5,13.2,12.1
20260826,マスターソアラ,69.0,53.8,38.8,14.6,12.7,11.5
20260826,グランマエストロ,67.2,52.0,37.3,13.9,12.1,11.3
20260826,サードアイ,69.8,54.5,39.3,14.7,13.0,11.6
20260826,トラスコンガーデン,66.5,51.6,37.6,13.7,12.2,11.7
20260826,ゴールドエンバー,68.3,53.3,39.0,14.1,12.9,12.0
20260826,イサチルサリーレ,68.9,53.6,38.8,14.1,12.5,12.2
20260826,ソットマツモト,66.1,51.2,37.7,13.7,12.3,11.7
20260826,ニシノドリーマー,67.9,52.7,38.3,14.0,12.3,12.0
20260826,バイオレットアレー,67.9,53.0,38.7,13.8,12.7,12.2
20260826,ロードフロリゼル,68.4,53.2,38.5,14.3,12.3,11.9
20260826,オクトーバーナイン,68.0,52.9,37.7,14.4,12.2,11.1
20260826,グロッシェン,66.0,51.5,37.4,13.3,12.2,11.9
20260826,フレイムジョーカー,68.5,53.3,38.4,14.3,12.7,11.4
20260826,ドゥレッツァ,65.5,50.9,36.3,13.4,11.8,11.1
20260826,モナコブル,67.7,53.1,38.2,14.1,12.5,11.6
20260826,イノキ,67.9,52.8,37.8,13.9,12.6,11.3
20260826,リアライズオーラム,66.2,51.1,36.1,13.0,11.9,11.2
20260826,レインボーワールド,67.8,52.8,38.3,13.5,13.1,11.7
20260826,ルールオーヴァー,67.1,52.0,37.4,13.4,12.3,11.7
20260826,リッツパーティー,68.1,53.3,38.4,14.1,12.6,11.7
20260826,ラブトゥエニイワン,65.9,51.2,36.9,13.1,12.1,11.7
20260826,フォルテアンジェロ,65.6,50.7,35.7,12.9,11.7,11.1
20260826,ソウカイウォーリア,66.6,51.6,37.2,13.1,12.2,11.9
20260826,アルシャンティ,69.2,54.0,38.8,14.5,12.8,11.5
20260826,イブニングタイド,66.9,51.9,37.6,14.1,12.3,11.2
20260826,オストラヴァ,65.6,50.8,37.0,13.5,12.3,11.2
20260826,ピグマリオン,69.9,54.8,39.5,14.5,13.0,12.0
20260826,サザンウォリアー,68.0,53.6,39.1,13.6,12.9,12.6
20260826,ジッピーチューン,66.2,51.5,36.9,14.1,11.8,11.0
20260826,カレンデュラ,68.9,53.7,38.5,14.3,12.7,11.5
20260826,ウモラダエピカ,67.2,52.4,38.0,14.1,12.7,11.2
20260826,ゴンファロニエーレ,67.6,52.8,38.4,14.0,12.6,11.8
20260826,タッセルノット,66.6,51.7,37.0,14.0,12.0,11.0
20260826,ラディアントスター,66.4,51.5,37.4,14.1,12.1,11.2
20260826,シーギリヤロック,67.8,53.0,38.5,14.1,12.7,11.7
20260826,ガードオブオナー,67.7,52.8,38.3,14.1,12.8,11.4
20260826,ウマッター,67.3,53.2,38.8,13.5,12.8,12.5
20260826,ホウフクゼットウ,68.3,53.9,39.4,13.5,12.9,13.0
20260826,ドーンオブホープ,69.4,54.2,38.9,14.5,12.9,11.5
20260826,ポッドビート,68.6,53.7,38.6,14.6,12.6,11.4
20260826,フォーグッド,67.9,52.4,37.7,13.8,12.3,11.6
20260826,スピンザブラッド,68.5,52.6,37.6,13.8,12.4,11.4
20260826,カイトグート,65.2,51.1,37.1,13.1,12.5,11.5
20260826,スノーリン,66.6,52.5,38.8,13.4,12.8,12.6
20260826,ヴェーヌドール,67.6,52.4,37.5,13.5,12.3,11.7
20260826,シクラメン,65.0,51.3,37.5,13.1,12.1,12.3
20260826,ゴーゼンチュー,66.1,52.2,38.1,13.7,12.2,12.2
20260826,ｵﾒｶﾞｲﾝﾍﾞｶﾞｽの24,73.8,58.6,43.5,14.8,14.4,14.3
20260826,トゥーザムーン,68.1,53.0,38.9,13.7,13.1,12.1
20260826,ファンダム,66.4,51.2,37.6,13.0,12.8,11.8
20260826,ベンヴェヌータ,66.7,51.6,37.9,13.2,12.9,11.8
20260826,ペロ,68.0,53.0,38.1,13.9,12.4,11.8
20260826,ヴァルキリーバース,64.9,50.4,36.5,13.5,12.0,11.0
20260826,ホウオウファミリー,65.2,50.7,36.8,13.6,12.1,11.1
20260826,ノーウェアマン,68.3,53.4,38.3,13.9,12.6,11.8
20260826,ドリームコア,64.4,50.0,36.3,13.6,11.8,10.9
20260826,ラパンラピッド,67.2,52.5,38.1,13.7,12.5,11.9
20260826,アーバンシック,66.2,51.4,37.1,13.3,12.1,11.7
20260826,ボウウィンドウ,65.5,50.9,36.5,13.1,11.8,11.6
20260826,フェーダーローター,71.6,56.1,41.1,14.9,13.4,12.8
20260826,ペルウィクトール,,52.1,35.9,13.2,11.8,10.9
20260826,ダーリングハースト,,52.9,37.0,13.7,12.1,11.2
20260826,ノーマジック,67.0,52.5,38.5,13.6,12.9,12.0
20260826,ウイニングレイ,66.6,52.1,38.2,13.5,12.8,11.9
20260826,ノーブルミステリー,68.9,53.4,38.5,14.5,12.4,11.6
20260826,グラスアロー,69.6,53.9,38.9,14.4,12.7,11.8
20260826,ジェイエルキール,69.4,53.6,38.6,14.4,12.7,11.5
20260826,シンボリサーブル,71.0,55.6,40.8,15.4,13.0,12.4
20260826,ロールミケーレ,71.2,55.7,40.9,15.3,13.1,12.5
20260826,フォーエバーブルー,71.6,56.5,41.1,14.9,13.5,12.7
20260826,マイネルメサイア,67.6,52.5,37.3,13.6,12.1,11.6
20260826,ラインフォルテ,67.4,52.6,37.3,13.7,12.0,11.6
20260826,コスモシェルベット,67.1,52.5,37.7,14.0,12.0,11.7
20260826,コパノエビータ,69.2,53.7,38.3,14.2,12.4,11.7
20260826,フィーリウス,68.2,53.5,38.7,14.2,12.8,11.7
20260826,アーティキュレート,67.5,53.1,38.5,14.2,12.7,11.6
20260826,アウダーシア,68.9,54.1,39.7,14.3,13.1,12.3
20260826,ローザドーロ,68.4,53.4,39.2,14.2,12.8,12.2
20260826,オールシティキング,68.8,54.0,39.7,14.3,13.1,12.3
20260826,パレスラン,68.7,53.5,38.1,14.1,12.2,11.8
20260826,スリーピース,83.9,66.2,49.2,16.9,16.2,16.1
20260826,セイウンリリーナ,,68.4,51.1,17.1,17.0,17.0
20260826,タイザンフクン,83.1,65.2,48.8,17.0,15.9,15.9
20260826,マイネルヘルリッヒ,69.7,54.9,39.8,14.2,13.2,12.4
20260826,ニシノハクシャ,69.8,55.0,39.9,14.3,13.2,12.4
20260826,コヴェナント,65.2,52.1,39.0,12.9,13.3,12.8
20260826,トパーズヘッド,65.8,52.6,39.0,13.5,12.8,12.7
20260826,ダンシングリリー,64.9,51.8,38.8,13.4,13.0,12.4
20260826,ムーヴ,69.2,54.9,40.0,14.4,13.3,12.3
20260826,ビアフォーナウ,67.9,53.6,39.5,13.7,13.2,12.6
20260826,トリリオンボーイ,66.5,52.2,37.9,13.4,12.6,11.9
20260826,ラヴィングリー,66.7,52.3,38.0,13.6,12.4,12.0
20260826,ラージアンサンブル,67.3,52.8,38.6,13.7,12.9,12.0
20260826,ピードモント,67.0,52.5,38.3,13.6,12.7,12.0
20260826,プリヴィマーク,67.5,53.0,38.7,13.9,12.7,12.1
20260826,ロジルーラー,65.9,51.5,37.5,13.2,12.3,12.0
20260826,エターナルホープ,68.9,54.1,39.2,14.3,13.0,11.9
20260826,ホウライブラック,68.8,53.9,39.1,14.2,13.0,11.9
20260826,サンタンヌ,65.3,50.9,37.2,13.0,12.2,12.0
20260826,ロンバスブレス,72.4,56.5,41.1,14.7,13.6,12.8
20260826,ジェミニディウ,85.1,67.1,49.5,17.5,16.3,15.7
20260826,サクシードシチー,84.6,67.0,49.5,17.5,16.4,15.6
20260826,マイネルブリックス,68.0,52.9,38.2,13.7,12.7,11.8
20260826,ワンダラー,67.5,52.6,37.8,13.7,12.5,11.6
20260826,ブルーマエストロ,67.2,52.5,37.7,13.7,12.4,11.6
20260826,ロジキセキ,70.5,56.1,41.1,14.6,13.4,13.1
20260826,タイセイリッター,70.2,56.0,41.0,14.6,13.4,13.0
20260826,オンナキュヌヴィ,69.8,54.0,38.7,14.1,12.6,12.0
20260826,ランブルスコ,70.2,54.2,38.9,14.2,12.7,12.0
20260826,ヨツバ,68.2,53.6,39.2,13.8,13.0,12.4
20260826,ドントゥザムーン,67.3,51.9,37.7,13.5,12.3,11.9
20260826,プラチナムディスク,70.1,54.7,39.1,14.0,12.9,12.2
20260826,ネイティヴプライド,68.0,52.6,38.4,13.7,12.8,11.9
20260826,キセキテキニキテル,83.1,65.9,48.8,16.4,16.5,15.9
20260826,ホウオウプレミア,67.3,52.9,38.1,14.3,12.3,11.5
20260826,ホウオウシンデレラ,69.1,54.0,39.0,14.5,12.7,11.8
20260826,ナックエルドラド,69.6,54.7,39.7,14.1,13.4,12.2
20260826,サンシュノジンギ,68.2,53.4,38.7,14.4,12.5,11.8
20260826,ニシノリリックス,69.6,54.8,39.7,14.1,13.3,12.3
20260826,アウアリイ,66.9,52.6,37.8,14.2,12.2,11.4
20260826,バダジェフスカ,,51.1,36.6,12.9,12.1,11.6
20260826,イイクニパッション,68.9,50.9,35.9,12.6,11.6,11.7
20260826,カフェオドヴィー,66.9,51.5,37.2,12.9,12.1,12.2
20260826,シュガーシャック,66.5,51.2,37.1,12.9,12.1,12.1
20260826,アッティーヤ,69.7,54.5,39.6,14.1,13.1,12.4
20260826,サトノアニマ,69.3,54.2,39.3,14.1,12.9,12.3
20260826,ウインスターリング,69.1,54.0,39.3,14.0,13.2,12.1
20260826,スヴァラ,69.5,54.2,39.6,13.9,12.6,13.1
20260826,マイネルウルカヌス,68.8,53.8,39.2,14.1,13.0,12.1
20260826,ピクニックデー,69.1,53.9,39.3,13.8,12.6,12.9
20260826,コスモグラニット,70.8,55.8,40.9,14.8,13.9,12.2
20260826,イノーマル,67.8,53.3,38.4,13.5,12.4,12.5
20260826,ルクスマグナ,68.4,53.7,38.6,13.7,12.4,12.5
20260826,ラフレードピエル,71.5,56.8,42.6,14.3,13.6,14.7
20260826,テラシエスタ,65.9,52.3,38.5,13.5,12.7,12.3
20260826,コスモプルー,65.7,52.2,38.4,13.4,12.6,12.4
20260826,エポカスピーガ,66.6,52.4,38.0,14.0,12.1,11.9
20260826,ディアスポラ,,63.3,45.4,16.0,15.3,14.1
20260826,ニシノインヴィクタ,66.5,51.4,37.1,13.3,12.2,11.6
20260826,ソーンブッシュ,70.5,55.3,40.3,14.2,13.7,12.4
20260826,ブリスブリンク,69.5,54.1,39.2,13.9,12.9,12.4
20260826,イサチルウィーラフ,70.6,55.4,40.4,14.2,13.6,12.6
20260826,ゴールデンステップ,70.9,55.7,40.8,14.7,13.4,12.7
20260826,ユアフェリシティ,85.0,66.6,49.0,16.6,16.6,15.8
20260826,サングラデーション,69.1,53.5,38.8,13.9,12.9,12.0
20260826,スノーディーヴァ,68.5,54.1,39.8,14.1,13.1,12.6
20260826,ロードトライデント,69.5,54.2,39.3,14.0,13.2,12.1
20260826,キャミソール,69.1,54.4,40.1,14.2,13.1,12.8
20260826,ケイツーズウォティ,69.5,54.5,40.0,14.2,13.2,12.6
20260826,ネイチャーシップ,73.9,58.3,43.2,15.3,14.2,13.7
20260826,クリニクラウン,71.5,55.1,39.4,14.5,12.8,12.1
20260826,ゼンノスタニング,68.7,52.2,37.6,13.5,12.1,12.0
20260826,チョトツモウシン,68.3,51.9,37.4,13.3,12.1,12.0
20260826,バンフィエルド,68.8,53.4,38.9,13.9,12.8,12.2
20260826,ジンガー,68.4,53.0,38.7,13.9,12.6,12.2
20260826,カシノリアーナ,73.5,56.8,41.0,13.8,13.3,13.9
20260826,メトロポリターナ,,55.2,40.7,14.3,13.2,13.2
20260826,サンセットブライト,67.8,52.6,38.2,13.7,12.5,12.0
20260826,ペルシアーノ,67.4,52.1,38.0,13.5,12.5,12.0
20260826,タイセイフェリーク,69.3,53.5,39.3,13.8,13.1,12.4
20260826,ジェットブレード,67.1,52.9,38.8,14.0,13.1,11.7
20260826,ショウブファミリー,68.3,53.9,39.7,14.3,13.2,12.2
20260826,ウルウノマーズ,69.2,53.5,39.3,13.8,12.9,12.6
20260826,タワーウマザンマイ,66.0,51.9,38.1,13.7,12.6,11.8
20260826,プリマラクーン,68.2,53.8,39.4,14.2,13.0,12.2
20260826,サンタピア,70.9,55.0,40.2,14.2,13.5,12.5
20260826,バトンロード,68.3,53.1,38.2,14.1,12.5,11.6
20260826,サルサブラヴァ,67.9,53.8,39.3,14.4,12.7,12.2
20260826,マテンロウルクス,72.4,56.1,40.2,15.1,13.1,12.0
20260826,ステイクオール,68.1,53.2,37.4,14.4,11.5,11.5
20260826,ゴッドエスパーダ,69.6,53.6,37.6,14.5,12.0,11.1
20260826,アームズレジェンド,68.9,53.9,38.0,14.6,11.8,11.6
20260826,スマイルガーデン,70.3,54.5,38.5,14.8,12.1,11.6
20260826,エンルートフライト,70.2,55.1,38.9,14.8,12.4,11.7
20260826,ジェントル,69.8,54.9,38.7,14.8,12.2,11.7
20260826,ルクスアルカード,68.4,53.4,37.7,14.6,11.6,11.5
20260826,タイセイプリュム,70.3,54.6,38.6,14.8,12.2,11.6
20260826,ムスペルヘイム,69.4,54.1,38.2,14.7,12.0,11.5
20260826,シーグロリオーゾ,68.9,54.3,38.4,14.8,12.1,11.5
20260826,メイショウヤーキス,68.7,53.4,38.4,13.9,12.1,12.4
20260826,ブルーワール,70.6,56.1,39.5,15.1,12.8,11.6
20260826,シャルクハフト,70.4,54.5,38.4,14.9,11.9,11.6
20260826,フレイムスター,69.4,53.7,38.0,14.7,11.9,11.4
20260826,グランエール,68.8,54.2,38.5,15.2,12.2,11.1
20260826,マガスティール,69.2,54.7,38.7,15.3,12.3,11.1
20260826,ゴーイントゥノヴァ,,54.4,37.2,14.8,11.2,11.2
20260826,ハンサム,68.8,53.3,37.9,14.7,11.8,11.4
20260826,ダヌラーサナ,,54.7,37.5,15.0,11.4,11.1
20260826,ワークソング,,71.2,52.0,17.9,17.2,16.9
20260826,シャリキモン,,72.3,51.9,19.1,17.0,15.8
20260826,イベントホライゾン,68.4,53.5,38.3,14.1,12.5,11.7
20260826,ザウリ,67.7,52.8,38.1,13.9,12.0,12.2
20260826,レジェンダリーデイ,69.9,54.8,40.0,14.0,12.9,13.1
20260826,サンタカタリナ,,53.2,37.2,14.2,11.5,11.5
20260826,ロードスタニング,,51.8,36.5,13.7,11.4,11.4
20260826,フィールライクユー,67.6,52.9,37.9,14.0,12.0,11.9
20260826,エーテルワーム,,52.3,36.7,13.8,11.4,11.5
20260826,カフジポポー,67.4,52.8,37.8,14.0,11.9,11.9
20260826,サクソンジェンヌ,67.6,51.7,36.8,13.8,11.3,11.7
20260826,ラッキーベイ,,56.4,40.3,15.6,12.7,12.0
20260826,ロードマイライフ,71.4,55.3,38.8,15.4,12.0,11.4
20260826,ハギノコラソン,71.6,55.3,38.9,15.0,12.3,11.6
20260826,クラテロス,71.9,55.5,39.1,15.0,12.3,11.8
20260826,シホノグラツィア,70.7,54.8,38.3,15.1,11.9,11.3
20260826,フィデリス,,75.3,55.8,18.9,18.0,18.9
20260826,ママコチャ,66.7,51.2,36.8,13.7,11.9,11.2
20260826,ヤマニンチェルキ,68.5,53.0,37.4,13.9,11.4,12.1
20260826,コースタルロード,,55.8,39.9,15.0,13.1,11.8
20260826,クリコバロー,69.3,53.0,37.4,13.9,11.7,11.8
20260826,シュネルアンジュ,67.7,52.3,36.7,13.9,11.5,11.3
20260826,リアライズグリント,66.7,51.7,36.9,13.9,11.5,11.5
20260826,ベリベリハッピー,68.6,52.4,36.9,13.7,11.6,11.6
20260826,ベネサルート,65.8,51.2,35.8,13.1,11.1,11.6
20260826,スマートエール,68.3,52.1,36.6,13.6,11.6,11.4
20260826,ジーティーアンジュ,70.0,54.0,38.7,13.8,12.5,12.4
20260826,ベルヴェール,69.6,54.3,38.3,14.8,12.0,11.5
20260826,リスグロワール,67.3,52.2,37.1,14.1,11.6,11.4
20260826,サイトゥン,69.8,54.4,38.3,14.7,12.2,11.4
20260826,ストレングス,72.8,56.6,40.0,15.7,12.3,12.0
20260826,ハッピーマン,72.2,55.8,39.6,15.4,12.3,11.9
20260826,ダノンブギ,66.1,51.9,37.2,13.5,12.1,11.6
20260826,リリーサンダー,72.0,55.6,39.8,15.2,12.5,12.1
20260826,ラピス,69.6,54.2,38.9,13.7,12.8,12.4
20260826,アストラルライト,65.0,50.3,36.4,13.2,11.7,11.5
20260826,デルアヴァー,69.8,55.2,40.0,14.6,12.8,12.6
20260826,メイショウサッソウ,,56.2,40.7,14.2,13.0,13.5
20260826,シャイック,70.1,54.4,38.9,14.7,12.4,11.8
20260826,エッセンシャルサン,70.3,54.6,39.0,14.7,12.4,11.9
20260826,アンジェリカ,68.1,53.0,38.0,14.0,11.9,12.1
20260826,ヤマカツチャーリー,68.2,53.1,38.2,13.9,12.1,12.2
20260826,オオキニ,,70.7,52.5,18.2,17.4,16.9
20260826,シュバルツマサムネ,71.8,55.9,39.5,15.5,12.4,11.6
20260826,リアライズ,68.1,53.4,37.4,14.5,11.7,11.2
20260826,メイショウタバル,67.5,53.0,36.9,14.2,11.5,11.2
20260826,マハナ,70.2,53.6,37.8,14.2,11.8,11.8
20260826,オーレアミスト,69.7,53.6,38.0,14.2,11.8,12.0
20260826,ミランド,91.8,72.8,53.2,19.0,17.0,17.2
20260826,リアルメッセージ,92.0,73.1,53.5,19.1,16.9,17.5
20260826,ファイツオン,67.5,51.3,36.2,13.3,11.6,11.3
20260826,ファストフォワード,87.6,70.2,51.9,17.5,17.0,17.4
20260826,マーゴットプレ,87.4,70.0,51.9,18.0,16.6,17.3
20260826,ブロッサムスピア,66.8,50.7,35.8,13.3,11.5,11.0
20260826,マルモリムソウ,68.1,53.0,37.8,14.1,12.0,11.7
20260826,クリノライジング,68.8,53.6,38.4,14.1,12.2,12.1
20260826,リアルマロン,68.5,53.4,38.2,14.1,12.2,11.9
20260826,メイショウナルカミ,,78.4,56.3,19.7,18.5,18.1
20260826,ネビーイーム,88.8,71.1,52.7,18.5,16.9,17.3
20260826,グランディマージュ,67.2,52.4,37.5,13.9,11.8,11.8
20260826,マクノス,67.3,52.6,37.6,13.8,11.9,11.9
20260826,ソルパッサーレ,,50.5,35.8,13.4,11.2,11.2
20260826,ルジェドリール,68.5,53.8,38.9,14.0,12.4,12.5
20260826,ウルスクローム,67.2,52.4,37.3,14.3,11.6,11.4
20260826,クリノセーラーマン,67.7,52.8,37.6,14.3,11.8,11.5
20260826,ロングトールサリー,68.9,53.8,37.9,14.7,11.9,11.3
20260826,メイショウジンソウ,67.2,52.1,37.4,13.8,11.4,12.2
20260826,スエヒロビリーブ,71.0,54.4,38.6,14.6,12.4,11.6
20260826,レガリアフォリア,71.3,54.6,38.8,14.8,12.4,11.6
20260826,ゴールデンステーラ,68.3,53.0,38.0,14.0,11.9,12.1
20260826,ランスオブナイト,68.2,53.0,38.0,14.0,11.9,12.1
20260826,モンテディアーナ,,53.8,38.7,14.1,12.3,12.3
20260826,ボルセーナ,69.9,54.6,38.9,15.2,12.2,11.5
20260826,ボーントゥウォリア,69.4,54.2,38.5,15.0,12.0,11.5
20260826,メイショウラリマー,72.0,56.8,40.3,15.2,12.7,12.4
20260826,メイショウノゾミ,72.0,56.7,40.3,15.3,12.6,12.4
20260826,ツーエムマドンナ,71.9,56.8,40.3,15.2,12.7,12.4
20260826,インマイポケット,68.0,52.9,38.1,14.2,12.1,11.8
20260826,ノチェブエナ,,72.2,52.4,18.8,17.2,16.4
20260826,ファルカータ,,56.7,40.0,15.4,12.8,11.8
20260826,インザモーメント,66.0,52.0,37.0,13.5,11.6,11.9
20260826,エレガンスアスク,64.4,50.8,36.7,13.5,11.5,11.7
20260826,コンテナワールド,64.9,50.4,36.5,12.9,11.7,11.9
20260826,センツブラッド,68.7,53.1,37.7,14.3,11.8,11.6
20260826,サウンドムーブ,65.6,52.1,37.7,14.4,11.6,11.7
20260826,イクオクコウネン,67.7,52.1,37.0,14.1,11.4,11.5
20260826,バステール,65.9,52.4,37.9,14.5,11.7,11.7
20260826,ダルマパワー,68.3,52.6,37.4,14.1,11.7,11.6
20260826,グランヴィノス,68.1,52.8,37.0,14.3,11.1,11.6
20260826,キッコベッロ,67.3,52.0,36.7,14.1,11.0,11.6
20260826,ビーチェマーレ,68.2,52.9,37.1,14.2,11.1,11.8
20260826,ラケマーダ,69.6,54.0,38.9,14.7,12.3,11.9
20260826,メイショウコマチ,66.6,52.3,37.4,13.8,11.9,11.7
20260826,ガルディエンヌ,85.7,67.3,48.5,17.9,15.1,15.5
20260826,パトローナス,82.7,65.0,47.2,17.2,15.3,14.7
20260826,レジェンディーヴァ,84.9,67.2,48.6,17.7,15.7,15.2
20260826,サクラオーラ,71.1,56.5,40.6,15.3,13.2,12.1
20260826,マテンロウコマンド,71.9,56.1,40.6,14.0,13.3,13.3
20260826,ナムラモモタロー,,66.8,46.9,16.6,14.8,15.5
20260826,ケンシロウワールド,68.6,52.9,37.4,13.7,11.4,12.3
20260826,ジャスパーレビン,66.8,52.0,37.2,13.6,11.5,12.1
20260826,スコーピオンイメル,73.8,56.5,39.4,15.1,12.5,11.8
20260826,クラリノ,74.0,56.7,39.6,15.3,12.5,11.8
20260826,ジューンセクレタ,73.2,56.1,39.0,15.0,12.3,11.7
20260826,パクスロマーナ,67.0,52.5,37.5,13.8,12.4,11.3
20260826,エイシンビギー,,54.3,39.6,14.2,13.0,12.4
20260826,ゼンノインヴォーク,67.6,52.0,37.2,13.5,11.7,12.0
20260826,モズレイラココナ,68.2,54.2,39.6,14.6,12.7,12.3
20260826,メイショウビストロ,69.9,54.8,39.8,14.5,12.8,12.5
20260826,ダイメイプリンス,68.3,54.4,39.7,14.6,12.7,12.4
20260826,レザベーション,67.1,52.5,37.7,13.7,11.6,12.4
20260826,フェゲフォイア,68.7,53.2,38.1,14.3,12.1,11.7
20260826,ベルメグスタ,69.7,55.4,39.8,15.0,12.7,12.1
20260826,ウィリーウィリー,69.7,55.5,39.8,14.9,12.5,12.4
20260826,ベルセルク,69.9,55.5,39.9,14.9,12.6,12.4
20260826,マルモリマイベスト,,90.8,66.6,23.6,22.5,20.5
20260826,リッケンバッカー,72.8,57.3,41.6,14.9,13.3,13.4
20260826,メイショウブレゲ,64.8,50.6,36.7,13.3,11.4,12.0
20260826,グランメドウ,68.4,53.2,37.7,14.2,11.7,11.8
20260826,ウェンロック,67.5,52.2,36.9,14.2,11.5,11.2
20260826,リチャードバローズ,,211.9,151.8,54.0,51.1,46.7
20260826,ミッキーラヴィータ,,60.5,42.7,16.4,13.4,12.9
20260826,リチャードバローズ,120.5,95.7,70.3,26.1,22.6,21.6
20260826,ミッキーゴールド,67.1,50.7,36.3,13.6,11.3,11.4
20260826,ガンマジーティーピ,68.1,52.2,37.1,14.0,11.9,11.2
20260826,ラヴネヴァーダイズ,67.8,52.5,36.9,14.0,11.6,11.3
20260826,オンザノアール,66.5,51.4,36.3,13.7,11.6,11.0
20260826,ミッキージャンプ,67.6,51.3,36.7,13.9,11.4,11.4
20260826,アラムシャピラス,67.8,51.6,36.8,14.0,11.4,11.4
20260826,ビクスバイト,69.0,54.0,38.3,14.7,12.0,11.6
20260826,ビスケットサンド,68.5,53.7,38.1,14.6,11.8,11.7
20260826,ディーエストッキー,66.9,52.7,37.7,14.2,11.6,11.9
20260826,リアライズルミナス,65.9,51.8,36.8,14.0,11.5,11.3
20260826,メイショウレイナ,68.9,54.3,38.9,14.9,11.7,12.3
20260826,エアロクリスタ,69.2,54.5,38.8,14.9,11.8,12.1
20260826,ムーンライトラガー,65.2,51.1,36.8,13.2,11.6,12.0
20260826,テレサ,67.6,52.7,37.8,14.0,12.4,11.4
20260826,ヴィスメンティス,,53.3,37.2,14.1,11.8,11.3
20260826,バドリナート,65.7,52.2,38.1,13.8,12.1,12.2
20260826,ブラッドバローズ,68.1,52.3,37.1,13.5,11.8,11.8
20260826,ベルウッドワタル,68.7,52.9,37.4,13.7,11.9,11.8
20260826,ブラックシールド,68.7,53.5,37.9,14.4,11.6,11.9
20260826,モカラマーズ,67.8,53.1,37.9,14.1,11.7,12.1
20260826,バルフルール,70.5,54.8,39.2,14.5,12.3,12.4
20260826,ラッキーストーン,65.5,51.2,36.5,13.0,11.6,11.9
20260826,マサノエクスプレス,66.8,52.7,38.0,14.2,11.7,12.1
20260826,リムリックアイル,66.2,52.2,37.6,14.2,11.5,11.9
20260826,ニクスルーナ,66.7,51.9,36.8,14.0,11.4,11.4
20260826,ジーニアスバローズ,68.3,53.0,37.4,14.0,11.9,11.5
20260826,ポッドドンナー,67.8,52.5,37.3,13.9,11.9,11.5
20260826,キングズテイル,69.2,53.9,38.8,14.6,12.3,11.9
20260826,ピュアノーブル,68.8,53.6,38.6,14.5,12.3,11.8
20260826,ムービーマジック,85.2,68.7,50.6,17.4,16.4,16.8
20260826,メラヴィリオーザ,75.4,57.6,40.1,16.3,12.5,11.3
20260826,ミヤジエル,67.1,52.4,37.5,13.6,11.8,12.1
20260826,ドラーダアスール,67.4,52.6,37.7,13.6,11.9,12.2
20260826,ラガッタレアーレ,74.5,56.8,39.7,16.2,12.3,11.2
20260826,ハルカカナタ,73.9,56.3,39.6,15.9,12.4,11.3
20260826,キーパフォーマー,162.9,128.7,89.1,38.8,26.0,24.3
20260826,ハグレジョー,65.7,51.5,37.2,13.6,11.5,12.1
20260826,ペンナヴェローチェ,68.4,53.0,37.0,14.2,11.4,11.4
20260826,ガイアメンテ,69.2,53.3,37.3,14.4,11.5,11.4
20260826,コルキス,69.1,53.3,37.3,14.4,11.3,11.6
20260826,エイカイマッケンロ,,67.6,47.3,17.1,15.4,14.8
20260826,マテンロウブレイブ,92.1,72.2,52.2,20.2,17.6,14.4
20260826,ガストン,,104.9,71.2,28.0,23.1,20.1
20260826,エンベッカ,,54.2,38.5,15.0,11.8,11.7
20260826,ヴリトラハン,70.3,54.3,38.6,14.6,12.2,11.8
20260826,サマーブリザード,,71.0,51.0,18.2,16.6,16.2
20260826,ユウトザレン,69.8,54.4,38.3,14.5,12.1,11.7
20260826,タマモナポリ,68.9,53.8,38.0,14.6,12.0,11.4
20260826,ネネキリマル,67.8,53.0,37.6,14.4,11.9,11.3
20260826,アスクエジンバラ,,74.1,55.0,19.7,17.7,17.6
20260826,ゼットレジーナ,68.2,53.7,38.9,14.0,12.0,12.9
20260826,サトノステラ,,66.8,49.2,17.7,16.1,15.4
20260826,ペンタクルクイーン,67.9,53.4,38.6,14.0,11.9,12.7
20260826,アスクエジンバラ,66.3,51.9,37.3,13.7,11.8,11.8
20260826,マイコンプリート,67.5,53.2,37.8,14.7,11.7,11.4
20260826,チャンネルトンネル,65.4,50.8,36.0,13.3,11.2,11.5
20260826,デリュージョン,,64.5,47.2,16.1,15.4,15.7
20260826,キタノトレボーネ,68.8,53.6,38.2,14.1,12.1,12.0
20260826,エイズルブルーム,68.2,52.9,37.6,13.9,12.0,11.7
20260826,レアンダー,,67.5,47.0,17.0,15.2,14.8
20260826,ゴールデンスナップ,65.6,51.9,37.8,13.6,12.0,12.2
20260826,ココロヅヨサ,66.1,52.4,38.2,13.7,12.1,12.4
20260826,バニーラビット,67.6,52.4,37.5,13.9,11.6,12.0
20260826,ザックザク,67.4,52.0,37.1,13.8,11.6,11.7
20260826,サンコンクエスト,68.6,53.1,37.5,14.2,11.6,11.7
20260826,ウインリーブル,66.7,51.9,37.6,13.8,12.0,11.8
20260826,マヒナピハ,68.8,54.1,39.0,14.2,12.3,12.5
20260826,ロックウイズミー,70.5,55.7,40.5,14.7,12.7,13.1
20260826,ジーティールーナ,69.9,55.0,39.7,14.7,12.4,12.6
20260826,セレーノ,85.7,67.6,48.1,18.1,15.1,14.9
20260826,ヘスティア,86.0,67.7,48.3,17.9,15.3,15.1
20260826,シンギタイ,69.0,51.9,37.8,13.5,12.2,12.1
20260826,レーンアジリティ,65.3,50.9,36.4,13.3,11.3,11.8
20260826,マイリトルヒーロー,,86.9,63.4,22.2,21.5,19.7
20260826,アルトラムス,,64.1,46.8,16.3,15.3,15.2
20260826,タイセイボーグ,66.7,52.1,37.7,13.5,11.8,12.4
20260826,プリンセッサ,67.8,53.0,38.1,14.2,11.8,12.1
20260826,プロスト,66.7,51.4,36.8,13.2,11.7,11.9
20260826,チョウスター,,52.2,37.9,13.9,12.3,11.7
20260826,アティラン,,58.2,41.1,15.3,12.9,12.9
20260826,ヴェストラン,66.6,51.6,36.9,13.6,11.4,11.9
20260826,クリノオリーブ,,75.3,54.2,20.2,17.1,16.9
20260826,メイショウアゴナス,66.6,51.6,36.9,13.6,11.3,12.0
20260826,アドフランマム,67.2,52.2,37.4,13.6,11.5,12.3
20260826,メイショウズイウン,66.4,51.4,37.0,13.6,11.5,11.9
20260826,ダンツシタン,66.2,51.0,36.5,13.3,11.3,11.9
20260826,リードアクター,66.2,51.1,36.5,13.3,11.3,11.9
20260826,メイショウドライブ,65.7,51.1,36.9,13.3,11.4,12.2
20260826,テムスピード,67.4,52.8,38.6,13.4,12.0,13.2
20260826,ナイスウーマン,66.7,52.2,37.6,13.6,11.8,12.2
20260826,トリオハピネス,,70.7,50.6,18.4,16.2,16.0
20260826,シホノノービレ,,70.4,50.8,18.5,16.2,16.1
20260826,ミッションデュロワ,,70.7,50.7,18.5,16.1,16.1
20260826,パシアンジャン,67.8,52.9,38.1,13.7,11.9,12.5
20260826,スペクトリオン,69.9,54.3,39.4,14.8,12.3,12.3
20260826,ミスティビーコン,70.6,54.2,37.5,14.5,11.6,11.4
20260826,センターフォールド,69.4,53.6,38.8,14.3,12.2,12.3
20260826,レーヴドヒロイン,70.5,53.9,37.4,14.5,11.5,11.4
20260826,エルカミニート,69.9,54.3,39.3,14.8,12.2,12.3
20260826,バースデイフライト,67.3,52.1,37.2,14.6,11.2,11.4
20260826,ケイアイヴェネチア,67.7,52.5,37.6,14.7,11.4,11.5
20260826,ゲイルライダー,67.5,52.7,37.8,14.4,11.6,11.8
20260826,キントラダンサー,68.6,51.8,37.2,13.5,12.1,11.6
20260826,サンライズモロヘイ,67.4,52.6,37.7,14.2,11.6,11.9
20260826,キフクマル,67.7,52.8,38.1,13.9,12.2,12.0
20260826,メイショウシナノ,69.0,53.3,37.7,14.4,11.7,11.6
20260826,エイシンウィスパー,79.2,62.5,45.8,16.4,14.6,14.8
20260826,ナムラファントム,66.9,51.7,36.7,13.4,11.4,11.9
20260826,ウルスチャージ,66.6,51.5,36.7,13.4,11.3,12.0
20260826,ニホンピロオーラム,68.1,53.1,38.0,13.4,11.8,12.8
20260826,オリンポスカズマ,70.0,54.9,39.5,14.8,12.3,12.4
20260826,ニュークレド,69.9,54.1,38.5,14.5,12.2,11.8
20260826,イッソス,68.8,53.3,38.1,14.5,12.0,11.6
20260826,ヴォンドゥ,,54.5,38.9,14.2,12.5,12.2
20260826,パワポケビー,,80.1,57.9,19.4,19.7,18.8
20260826,ヴィシュヴァナート,,84.9,61.7,21.5,20.1,20.1
20260826,ラブカムーン,69.2,53.6,37.5,14.7,11.2,11.6
20260826,ビンチャリ,68.7,52.9,37.1,14.4,11.3,11.4
20260826,サトノブリジャール,,66.1,47.9,17.2,15.3,15.4
20260826,オールセインツ,,66.8,48.6,17.7,15.3,15.6
20260826,ベトルス,,62.2,45.4,16.0,14.5,14.9
20260826,エムズビギン,,63.9,45.3,17.1,14.4,13.8
20260825,ルスデルカミーノ,103.3,82.0,60.1,20.6,20.3,19.2
20260825,フォーエバーブルー,103.5,82.2,60.5,21.0,20.0,19.5
20260825,フランベリー,98.3,78.3,58.3,19.8,19.3,19.2
20260825,ハイランドウインド,104.8,83.3,61.4,20.9,20.3,20.2
20260825,ホノボノ,,65.3,47.9,16.4,15.9,15.6
20260825,ブルバンビーナ,,66.7,48.5,17.2,15.9,15.4
20260825,フレッシュラン,,65.3,46.9,16.6,15.4,14.9
20260825,サノノグレーター,,67.1,48.2,17.6,15.7,14.9
20260825,アオイノリプー,,65.9,47.7,17.6,15.8,14.3
20260825,フェアリースノー,,65.5,47.6,16.6,15.6,15.4
20260825,イントリー,,71.3,51.7,18.3,17.0,16.4
20260825,アスクナイスショー,,69.5,50.4,18.2,16.7,15.5
20260825,アーバーバイティ,,69.6,50.2,17.3,16.8,16.1
20260825,グランレーヴ,,68.4,49.6,17.4,16.5,15.7
20260825,ショウナンタハティ,,65.1,46.9,16.4,15.0,15.5
20260825,トレインザマインド,,69.6,50.6,18.0,16.8,15.8
20260825,カフェシューター,,65.1,47.8,16.4,15.6,15.8
20260825,ラルコ,,64.6,46.0,16.4,14.8,14.8
20260825,ハイトラクション,,64.9,46.8,16.4,15.0,15.4
20260825,ハビレ,86.3,67.6,49.8,17.2,16.3,16.3
20260825,チェルヴィニア,,73.1,53.1,18.5,17.7,16.9
20260825,ブロンクス,86.2,67.0,49.5,17.1,16.2,16.2
20260825,サングラデーション,,68.8,47.6,18.2,15.7,13.7
20260825,ロードトライデント,,69.5,48.0,17.9,15.7,14.4
20260825,コーリンカルベラ,,75.2,54.9,19.3,18.2,17.4
20260825,ロサンゼルス,,86.0,63.3,22.3,21.1,19.9
20260825,スキエンティア,,71.7,51.7,18.3,17.1,16.3
20260825,リアスハート,,71.6,52.2,18.5,17.3,16.4
20260825,ルミナスレイナ,,71.2,51.5,18.5,17.2,15.8
20260825,カテドラルクォーツ,,71.7,51.5,18.8,16.8,15.9
20260825,ジーティーブラック,,70.7,51.1,18.8,17.0,15.3
20260825,ノルトハウゼン,,71.2,51.4,18.7,16.9,15.8
20260825,トーアモルペウス,,76.7,55.1,19.6,17.9,17.6
20260825,トレベルオール,,77.2,55.5,20.0,18.3,17.2
20260825,ロデオドライブ,94.7,73.8,54.1,18.5,18.3,17.3
20260825,イブニングタイド,109.5,87.6,65.7,22.4,21.4,21.9
20260825,ラディアントスター,105.0,83.0,61.0,21.0,20.2,19.8
20260825,ガードオブオナー,109.5,87.6,65.6,22.3,21.4,21.9
20260825,ゴンファロニエーレ,78.5,61.4,45.0,16.4,15.0,13.6
20260825,サムシングスイート,,110.1,79.4,27.2,26.4,25.8
20260825,ベアアッコチャン,98.5,78.5,58.1,20.2,19.4,18.5
20260825,ハイビスカス,98.5,78.4,58.3,20.7,19.3,18.3
20260825,タリスマン,91.5,71.0,50.9,18.4,17.0,15.5
20260825,ファンダム,90.2,71.5,52.6,18.0,17.6,17.0
20260825,ハニーオーケストラ,79.7,62.4,45.3,16.2,14.7,14.4
20260825,アムールドパリ,98.2,76.6,55.1,19.0,18.7,17.4
20260825,トゥーザムーン,98.4,75.7,55.0,19.1,18.4,17.5
20260825,ソーンブッシュ,98.2,75.4,54.5,18.8,18.3,17.4
20260825,サンタンヌ,81.2,64.8,48.4,16.6,16.0,15.8
20260825,ビービーアジャイル,,65.6,48.3,17.0,16.3,15.0
20260825,トランサルピナ,,66.9,48.6,17.0,16.1,15.5
20260825,メイプルカモーン,,67.9,48.9,17.3,15.8,15.8
20260825,シルバーノリダー,,136.1,98.1,34.7,32.3,31.1
20260825,ハンデンブレイズ,,135.2,98.3,34.6,32.6,31.1
20260825,モヴレクス,138.0,107.8,79.3,26.7,26.6,26.0
20260825,モヴレクス,98.5,78.6,58.6,20.3,19.8,18.5
20260825,メイショウコバト,,65.0,47.8,16.3,15.7,15.8
20260825,コスモシェルベット,,75.7,54.5,19.6,17.8,17.1
20260825,オオルリ,,59.9,43.8,15.4,14.7,13.7
20260825,イデアモッコス,,58.5,41.1,14.7,13.7,12.7
20260825,クリアクォーツ,,71.1,50.7,18.2,16.8,15.7
20260825,ブルードロップ,114.8,90.0,64.6,23.4,21.6,19.6
20260825,コッディ,114.7,90.0,64.7,23.5,21.6,19.6
20260825,ベンヴェヌータ,,75.9,55.0,20.3,17.6,17.1
20260825,ヤマニンヘルシェ,,76.8,55.3,20.0,17.8,17.5
20260825,ブリスブリンク,,75.9,54.3,19.6,18.4,16.3
20260825,イサチルウィーラフ,,77.6,55.3,19.6,18.2,17.5
20260825,オストラヴァ,107.0,85.6,64.3,21.2,21.5,21.6
20260825,ウモラダエピカ,107.1,85.6,64.4,21.2,21.5,21.7
20260825,イントゥザウインド,,70.2,52.0,17.3,17.7,17.0
20260825,ブラッククラウズ,,74.4,53.5,18.3,17.6,17.6
20260825,サトノパトリオット,,63.2,45.1,16.0,14.7,14.4
20260825,セブンメデュラス,,63.9,45.9,16.2,15.2,14.5
20260825,ユアフェリシティ,,76.7,51.3,19.5,16.5,15.3
20260825,ニシノイケガミ,,64.6,46.2,16.8,14.7,14.7
20260825,オクトーバーナイン,87.4,68.4,49.9,17.8,16.2,15.9
20260825,ホウオウファミリー,83.6,63.3,45.5,16.1,15.0,14.4
20260825,サンセットブライト,82.3,64.4,46.3,16.6,15.4,14.3
20260825,プロトポロス,73.3,57.0,40.5,15.5,12.7,12.3
20260825,ブルーワール,91.6,66.3,46.9,16.9,15.1,14.9
20260825,ダノンシーマ,87.0,69.6,50.6,18.2,16.8,15.6
20260825,ナリタライズ,87.0,69.3,50.7,18.4,16.4,15.9
20260825,タイセイプリュム,78.9,62.4,45.9,16.1,14.8,15.0
20260825,ムスペルヘイム,78.0,61.7,45.5,16.2,14.5,14.8
20260825,インパルスドライブ,88.2,68.9,49.9,18.0,16.1,15.8
20260825,フライングブレード,94.4,73.5,53.1,19.3,17.1,16.7
20260825,フィールライクユー,104.2,83.4,60.3,22.7,19.6,18.0
20260825,ベンゲル,94.2,74.1,53.5,19.3,17.4,16.8
20260825,パルフェクシオン,83.2,64.6,46.9,15.8,15.1,16.0
20260825,レジェンダリーデイ,121.6,95.2,71.5,23.8,23.7,24.0
20260825,ペンナヴェローチェ,88.0,66.3,47.4,17.3,15.5,14.6
20260825,ブルーワール,79.7,63.1,46.1,15.9,15.4,14.8
20260825,マイリトルヒーロー,144.1,109.6,80.0,28.4,26.9,24.7
20260825,ウィリーウィリー,108.4,85.0,64.4,21.3,21.5,21.6
20260825,ベルセルク,107.7,85.6,65.1,20.8,21.4,22.9
20260825,ダノンジャイアン,98.6,73.0,52.5,18.4,17.3,16.8
20260825,クァンタムウェーブ,98.6,76.8,55.7,20.3,17.6,17.8
20260825,ボンドマティーニ,114.6,88.1,64.6,22.9,21.2,20.5
20260825,アストラルライト,115.6,88.2,64.5,22.7,21.3,20.5
20260825,ストラーダ,112.4,87.1,63.6,22.5,20.7,20.4
20260825,タタンタン,113.9,89.2,65.3,22.8,21.8,20.7
20260825,シャローオネスト,114.7,88.6,65.2,22.9,21.7,20.6
20260825,アイボリータワー,114.2,88.9,65.1,22.9,21.7,20.5
20260825,ボンドマティーニ,89.4,68.6,48.7,18.2,14.9,15.6
20260825,シャローオネスト,88.8,68.0,48.5,18.5,15.3,14.7
20260825,アストラルライト,88.2,67.4,47.5,18.0,15.0,14.5
20260825,アイボリータワー,89.1,68.3,48.5,18.9,15.5,14.1
20260825,ケイエイト,99.3,76.9,56.4,21.2,18.4,16.8
20260825,ストラーダ,88.7,68.4,48.8,17.5,16.2,15.1
20260825,サンロンブル,109.8,84.9,62.2,21.6,20.8,19.8
20260825,タタンタン,90.3,70.2,50.6,19.1,16.2,15.3
20260825,スリリングチェイス,89.1,70.1,51.5,18.3,16.6,16.6
20260825,ショウナンハヤナミ,89.7,71.2,52.1,18.5,16.9,16.7
20260825,ベリベリハッピー,89.1,70.5,51.6,18.7,16.6,16.3
20260825,ジーティーアンジュ,88.7,69.8,51.1,18.2,16.6,16.3
20260825,メイショウタカネ,88.4,67.0,49.2,16.8,16.5,15.9
20260825,パシフィックドーン,94.3,73.0,52.1,19.2,16.9,16.0
20260825,エモティコン,102.2,74.1,53.5,19.6,16.9,17.0
20260825,イミュータブル,95.7,72.5,53.3,18.4,17.5,17.4
20260825,デルアヴァー,84.4,65.3,47.8,16.9,15.4,15.5
20260825,グラスゴー,93.6,72.5,53.2,18.6,17.6,17.0
20260825,カムアップローゼス,92.3,70.6,51.4,18.3,16.7,16.4
20260825,ジュンヴァッテッド,92.8,69.7,51.3,17.2,17.1,17.0
20260825,エモティコン,118.1,93.6,70.0,26.1,23.3,20.6
20260825,ゼットレジーナ,95.3,70.9,51.3,18.3,16.4,16.6
20260825,シュバルツマサムネ,128.8,103.6,78.5,25.8,27.0,25.7
20260825,リアライズ,90.1,70.5,51.9,17.8,16.9,17.2
20260825,キタノサワヤカ,96.0,72.8,52.4,19.2,17.3,15.9
20260825,ペイシャマイデイズ,92.8,70.6,50.9,18.6,17.3,15.0
20260825,アヴァロン,85.3,68.7,52.8,17.0,18.2,17.6
20260825,バーニングソネット,85.5,64.7,46.8,17.1,15.4,14.3
20260825,アンドレバローズ,92.9,73.9,55.7,18.3,18.9,18.5
20260825,テイエムスターラン,81.7,64.6,47.0,16.8,15.2,15.0
20260825,メイプルルビー,123.0,97.8,72.7,24.8,24.3,23.6
20260825,ハンサム,123.3,98.1,73.0,24.7,24.6,23.7
20260825,ロードスピアヘッド,123.2,98.1,72.7,24.8,24.4,23.5
20260825,ジョーシュタルク,123.4,98.6,72.9,24.8,24.4,23.7
20260825,バレエマスター,87.4,68.7,50.0,17.4,15.9,16.7
20260825,エンジョイドライブ,123.0,93.6,68.0,24.5,21.7,21.8
20260825,ベネサルート,117.8,88.8,61.7,21.3,21.1,19.3
20260825,ソフィアビルド,82.8,62.0,45.1,16.3,15.0,13.8
20260825,エクシプノス,89.5,68.1,49.9,18.1,17.1,14.7
20260825,ダノンイグナイト,90.6,69.3,50.6,18.3,17.4,14.9
20260825,カウンティフェア,94.9,74.8,55.3,18.9,18.5,17.9
20260825,アイガーリー,93.0,70.8,51.3,18.0,16.8,16.5
20260825,ヴォーカライズ,95.0,74.8,55.3,18.8,18.4,18.1
20260825,マサノエクスプレス,82.2,64.0,45.7,17.4,14.6,13.7
20260825,ブックオブケルズ,94.8,74.7,55.2,18.9,18.4,17.9
20260825,リムリックアイル,95.3,75.0,55.5,19.3,18.5,17.7
20260825,ブレイズフォート,95.0,74.9,55.4,18.9,18.5,18.0
20260825,ラブシンフォニー,94.3,73.9,54.5,18.4,18.6,17.5
20260825,ネビーイーム,88.1,70.2,51.8,18.3,17.0,16.5
20260825,メイショウアツイタ,90.2,70.9,52.1,18.8,17.2,16.1
20260825,ゴールデンステーラ,105.4,80.9,58.3,21.2,18.7,18.4
20260825,マルモリマイベスト,119.3,91.8,67.0,23.9,22.1,21.0
20260825,プリティウーマン,113.9,75.4,53.2,19.9,17.1,16.2
20260825,コンテナワールド,87.9,68.0,49.9,17.0,16.2,16.7
20260825,ノチェブエナ,97.6,75.1,54.0,19.8,17.7,16.5
20260825,スレッドザニードル,117.6,83.0,58.6,21.3,19.1,18.2
20260825,ファルカータ,98.5,66.3,48.3,17.4,15.5,15.4
20260825,メイショウケンゴウ,85.4,67.8,49.4,17.5,16.1,15.8
20260825,レジェンディーヴァ,83.6,65.5,47.7,16.5,15.6,15.6
20260825,ジュンブロッサム,86.1,64.6,45.8,16.9,14.6,14.3
20260825,マジョレルブルー,83.9,65.0,46.9,17.0,15.3,14.6
20260825,ロングトールサリー,102.7,80.4,59.6,21.7,20.4,17.5
20260825,サトノステラ,81.9,63.0,45.8,16.0,14.7,15.1
20260825,アドマイヤモカ,81.4,63.6,46.6,16.1,15.5,15.0
20260825,ロードフロンティア,96.6,75.5,55.3,19.3,18.0,18.0
20260825,パトローナス,128.1,98.5,71.9,23.5,23.4,25.0
20260825,タガノアルテミス,91.5,69.4,50.8,17.5,16.7,16.6
20260825,バステール,146.8,106.5,76.3,27.9,25.0,23.4
20260825,セナスタイル,109.3,83.9,61.0,22.7,19.5,18.8
20260825,ノヴァーリス,110.2,85.2,61.4,22.4,19.8,19.2
20260825,ザウリ,94.3,74.6,55.4,19.3,18.5,17.6
20260825,カフジポポー,121.1,95.0,70.9,24.0,24.2,22.7
20260825,セナスタイル,88.9,69.7,50.6,18.2,16.6,15.8
20260825,ベルメグスタ,112.2,84.9,62.4,22.1,21.0,19.3
20260825,ノヴァーリス,84.4,65.3,46.2,17.2,14.7,14.3
20260825,フィアーブル,85.4,68.0,51.1,18.6,16.9,15.6
20260825,ハッピーダンチャン,113.2,86.6,64.9,22.1,22.2,20.6
20260825,リッケンバッカー,92.1,73.4,53.4,18.9,17.9,16.6
20260825,メイショウタバル,87.2,69.7,51.8,18.6,16.7,16.5
20260825,ジーティーアダマン,253.9,197.0,146.7,49.2,46.4,51.1
20260825,ニシノトリビュート,106.5,85.3,63.1,22.7,20.8,19.6
20260825,リチャードバローズ,323.8,257.9,193.4,65.2,63.8,64.4
20260825,ミッキーラヴィータ,89.6,68.4,48.2,18.2,15.3,14.7
20260825,ルクスアルカード,323.6,258.0,193.4,65.3,63.8,64.3
20260825,テーオードレフォン,134.9,99.5,72.2,23.5,22.9,25.8
20260825,フェゲフォイア,97.1,72.7,51.7,19.5,16.7,15.5
20260825,マハナ,98.8,75.4,54.8,19.6,17.8,17.4
20260825,ジーティーアダマン,134.9,105.6,76.9,27.0,25.1,24.8
20260825,リチャードバローズ,153.2,119.8,85.0,29.2,29.0,26.8
20260825,ルクスアルカード,153.1,119.4,84.8,29.2,28.7,26.9
20260825,パクスロマーナ,82.4,62.9,45.5,15.6,14.9,15.0
20260825,モカラマーズ,93.7,73.0,53.2,18.9,17.1,17.2
20260825,キーチパルフェ,110.8,83.1,61.3,21.1,20.0,20.2
20260825,アスクアットバット,93.5,72.9,53.3,18.9,16.9,17.5
20260825,アトモス,93.8,74.3,55.1,19.3,18.2,17.6
20260825,ピョイットハレルヤ,95.6,71.8,51.6,18.2,16.7,16.7
20260825,エイシンウィスパー,93.3,70.5,50.8,17.8,16.3,16.7
20260825,ラッキーストーン,106.6,81.0,60.0,21.5,19.5,19.0
20260825,サンデー,99.7,75.6,55.3,19.0,17.9,18.4
20260825,デラスゴイガン,98.8,75.8,55.7,19.3,17.7,18.7
20260825,マガスティール,110.6,82.9,60.7,21.0,19.9,19.8
20260825,ツトム,94.8,72.9,52.8,19.0,17.3,16.5
20260825,ヘヴンインザレイン,99.3,75.8,56.0,19.6,18.0,18.4
20260825,バシャウマ,99.4,76.8,57.1,19.7,18.1,19.3
20260825,ホウオウサンデー,133.6,106.1,79.7,24.7,27.8,27.2
20260825,エナジーグラン,95.3,74.4,54.3,19.6,18.0,16.7
20260825,ブラックシールド,143.0,117.5,82.3,32.0,25.4,24.9
20260825,モアリジット,82.2,65.6,48.2,17.1,15.6,15.5
20260825,キントラダンサー,83.0,65.9,48.6,17.1,15.9,15.6
20260825,ダノンプレリュード,86.9,67.2,48.8,17.5,15.9,15.4
20260825,モカラマーズ,91.6,72.5,52.9,18.8,17.3,16.8
20260825,デザートキャンドル,90.0,71.5,53.0,18.6,17.3,17.1
20260825,キーチパルフェ,94.0,73.5,53.5,18.6,17.6,17.3
20260825,モアリジット,85.2,68.0,49.3,18.1,15.9,15.3
20260825,ラッキーストーン,98.4,77.4,55.7,20.0,18.5,17.2
20260825,マガスティール,94.3,73.7,54.0,18.7,17.7,17.6
20260825,ディヴァンパーレ,91.7,73.5,54.4,19.1,18.1,17.2
20260825,パルパル,91.8,73.6,54.4,19.0,18.1,17.3
20260825,ネネキリマル,92.0,71.0,51.9,19.0,16.3,16.6
20260825,コンヴィヴィアル,91.8,71.1,52.4,19.3,16.4,16.7
20260825,マテンロウブレイブ,85.7,66.6,47.1,18.1,15.0,14.0
20260825,クラスペディア,145.0,111.7,83.5,28.1,26.2,29.2
20260825,ヨウシタンレイ,106.0,81.0,57.7,22.3,18.6,16.8
20260825,ドラゴンブースト,93.9,69.3,49.1,17.8,16.1,15.2
20260825,ウォータージェード,99.7,74.7,53.7,19.7,17.8,16.2
20260825,ラホーヤアイズ,89.0,68.3,49.5,17.5,15.9,16.1
20260825,アンビシャスヨシノ,89.7,69.1,49.2,17.7,16.3,15.2
20260825,パンチャマハブータ,87.4,66.8,48.2,17.2,15.7,15.3
20260825,マイネルグリモア,88.4,68.6,49.1,17.8,16.2,15.1
20260825,ペンタクルクイーン,91.7,70.3,51.1,17.9,16.6,16.6
20260825,キタノゲートウェイ,97.5,73.9,54.2,18.7,17.7,17.8
20260825,メイショウビストロ,97.3,75.3,54.7,19.4,18.0,17.3
20260825,ソニックステップ,92.8,73.5,54.3,18.9,18.3,17.1
20260825,ミティリーニ,92.9,73.6,54.3,18.8,18.3,17.2
20260825,シュプリームレルム,92.8,73.5,54.3,18.9,18.4,17.0
20260825,トラッドロア,92.8,73.6,54.2,18.9,18.3,17.0
20260825,ハートノート,92.8,73.5,54.2,18.9,18.3,17.0
20260825,ヴィヴェローネ,92.9,73.6,54.3,18.9,18.3,17.1
20260825,バニーラビット,100.1,80.7,60.0,20.5,20.1,19.4
20260825,ドリームキャリー,92.7,70.5,50.7,18.4,16.7,15.6
20260825,ゴーイントゥノヴァ,92.0,70.5,50.7,18.4,16.7,15.6
20260825,セレーノ,87.2,68.6,49.6,18.6,16.2,14.8
20260825,ヘスティア,87.1,68.4,49.1,18.4,16.0,14.7
20260825,ピューロマジック,104.3,77.8,56.1,19.9,18.0,18.2
20260825,ダノンブギ,110.0,81.5,57.7,21.6,18.6,17.5
20260825,シンビリーブ,93.1,72.7,52.7,18.9,16.7,17.1
20260825,トリニティ,112.3,83.9,60.1,21.7,19.9,18.5
20260825,ルージュムーサ,112.8,84.2,60.5,22.0,19.8,18.7
20260825,ボーオーブ,109.9,81.4,57.8,21.5,18.7,17.6
20260825,ナムラロダン,90.5,71.5,52.6,18.6,17.5,16.5
20260825,ジューンセクレタ,89.5,71.1,53.2,18.2,17.2,17.8
20260825,ウルスス,88.8,71.0,52.4,17.7,17.4,17.3
20260825,アリアサイン,88.5,70.8,52.6,17.8,17.3,17.5
20260825,マコトブリッツ,89.1,70.7,53.1,18.2,17.2,17.7
20260825,マリアーナ,88.2,70.7,52.5,17.7,17.4,17.4
20260825,ケンシロウワールド,124.4,98.0,74.9,24.4,24.7,25.8
20260825,ジャスパーレビン,100.8,80.2,58.9,20.2,18.9,19.8
20260825,ダノンブギ,73.5,58.3,42.8,14.2,14.0,14.6
20260825,バルフルール,92.2,73.2,54.2,19.2,17.7,17.3
20260825,ボーオーブ,72.8,57.2,41.6,14.4,13.2,14.0
20260825,ピューロマジック,83.8,64.5,45.8,17.5,14.3,14.0
20260825,トリニティ,86.7,67.3,48.1,17.6,15.4,15.1
20260825,ルージュムーサ,86.1,66.6,47.1,16.9,15.3,14.9
20260825,エスカル,187.3,151.4,116.1,33.8,38.5,43.8
20260825,ナムラモモタロー,124.3,91.3,66.5,23.0,21.9,21.6
20260825,バドリナート,86.2,66.5,47.7,17.7,15.2,14.8
20260825,テイエムヒショウ,86.5,65.2,46.1,16.7,14.5,14.9
20260825,ディーエストッキー,163.2,114.1,82.8,29.8,26.8,26.2
20260825,グランドオーパス,172.7,121.2,84.3,32.2,27.7,24.4
20260825,スウィートライト,144.7,97.6,66.4,30.5,18.9,17.0
20260825,バトゥル,89.5,68.3,49.1,17.4,16.2,15.5
20260825,キリマンジェロタフ,168.4,119.6,88.3,30.7,28.7,28.9
20260825,ジュンヴァグネル,90.9,69.4,50.1,17.5,16.7,15.9
20260825,バドリナート,88.5,71.0,52.0,18.2,17.2,16.6
20260825,ノーマンデー,89.9,71.6,52.6,19.4,17.5,15.7
20260825,ディーエストッキー,97.2,76.8,56.5,19.5,18.4,18.6
20260825,スウィートライト,127.8,103.5,80.0,25.8,26.9,27.3
20260825,オーレアミスト,83.1,63.3,45.4,16.4,14.5,14.5
20260825,マイフレダ,85.0,64.6,46.6,16.9,14.8,14.9
20260825,キリマンジェロタフ,122.8,97.0,72.1,24.3,24.4,23.4
20260825,グランドオーパス,141.7,109.2,78.1,27.5,25.6,25.0
20260825,ヨシノヤッタルデー,81.2,63.9,48.0,15.9,16.4,15.7
20260825,メイショウナルカミ,92.0,70.0,51.0,17.0,17.7,16.3
20260825,キフクマル,92.1,70.9,51.1,18.2,16.8,16.1
20260825,クリノオリーブ,96.0,74.1,53.6,19.3,18.2,16.1
20260825,メイショウブレゲ,119.8,87.7,62.8,22.5,20.2,20.1
20260825,アメリカンコール,86.4,68.2,49.5,17.9,16.0,15.6
20260825,コロラート,91.7,73.2,54.5,18.7,18.3,17.5
20260825,フェルヴェンテ,91.4,70.7,52.0,18.0,17.2,16.8
20260825,エッシネン,84.6,65.9,47.3,17.2,15.4,14.7
20260825,エフティヒア,86.9,68.1,49.5,17.5,16.1,15.9
20260825,レグルスロウ,84.6,66.0,47.4,17.3,15.4,14.7
20260825,バクショウセンゲン,86.9,68.2,49.5,17.4,16.2,15.9
20260825,ヴェストラン,96.2,75.6,55.6,19.4,18.4,17.8
20260825,ダイメイプリンス,109.0,85.2,62.7,21.0,19.7,22.0
20260825,モンサンラパージュ,125.5,100.8,76.3,25.8,24.8,25.7
20260825,マカロンボイス,125.6,101.0,76.4,25.8,24.9,25.7
20260825,ホットリップス,125.5,100.8,76.2,25.7,24.8,25.7
20260825,チョウサクラ,107.2,84.7,62.9,21.0,19.7,22.2
20260825,ヴォンドゥ,95.8,74.0,53.6,19.6,17.3,16.7
20260825,オーリエイト,91.8,72.1,51.6,19.6,16.3,15.7
20260825,オリンポスカズマ,88.4,70.2,51.5,18.5,16.6,16.4
20260825,メイショウトム,107.8,78.2,56.2,19.7,19.0,17.5
20260825,ヴェントゥーラ,177.6,139.7,104.7,36.2,35.7,32.8
20260825,エコロヴァイス,91.6,68.5,49.6,17.1,16.1,16.4
20260825,インザモーメント,93.2,73.0,52.9,18.8,17.1,17.0
20260825,ロードヴェリタス,103.0,75.1,53.0,19.2,17.3,16.5
20260825,ビーチェマーレ,97.2,70.0,51.3,18.3,17.0,16.0
20260825,エムズグレイ,99.6,69.2,50.6,18.0,16.6,16.0
20260825,オールセインツ,82.9,66.4,49.3,17.0,16.9,15.4
20260825,マイコンプリート,108.9,68.9,50.2,17.2,16.5,16.5
20260824,サンデーファンデー,,274.1,206.1,70.2,69.3,66.6
20260824,アメリカンステージ,,276.0,206.3,70.3,69.6,66.4
20260824,サンデーファンデー,203.6,159.8,117.5,38.8,39.7,39.0
20260824,アメリカンステージ,203.9,160.0,117.4,38.6,39.8,39.0
20260823,ロードリベラシオン,72.9,55.9,39.4,14.5,12.6,12.3
20260823,サンセットブライト,75.0,57.7,41.6,14.6,14.3,12.7
20260823,フクオトコ,75.7,59.1,42.9,14.9,14.0,14.0
20260823,ジーティーブラック,75.1,58.9,42.9,15.4,13.7,13.8
20260823,フォーエバーブルー,78.5,59.5,44.1,15.2,14.4,14.5
20260823,ノルトハウゼン,75.5,58.9,43.0,15.1,14.0,13.9
20260823,カーマンライン,128.4,51.8,38.9,12.7,12.5,13.7
20260823,アスクナイスショー,72.1,55.6,40.4,14.6,13.3,12.5
20260823,トレインザマインド,70.9,54.1,39.0,14.1,12.9,12.0
20260823,カフェシューター,71.5,54.8,39.7,14.5,12.8,12.4
20260823,ガジュノリ,71.1,54.8,40.1,14.3,13.2,12.6
20260823,バードウォッチャー,74.4,57.5,41.6,15.6,13.9,12.1
20260823,ステレンボッシュ,69.4,53.0,38.2,13.7,12.9,11.6
20260823,ボンヌソワレ,,57.3,40.7,14.8,13.2,12.7
20260823,エテオクロス,69.9,54.4,39.6,14.1,13.2,12.3
20260823,ホノボノ,72.2,57.2,41.5,15.0,13.7,12.8
20260823,サノノグレーター,71.1,55.5,40.5,14.5,13.4,12.6
20260823,ゾロアストロ,68.7,52.5,37.9,13.8,12.7,11.4
20260823,ノーブルライナー,71.5,56.4,41.2,14.7,14.1,12.4
20260823,テラシエスタ,68.9,54.4,39.3,14.2,13.2,11.9
20260823,サムシングスイート,73.9,58.1,42.5,15.2,14.0,13.3
20260823,ヒズストーリー,72.0,56.8,41.7,14.5,14.0,13.2
20260823,テイクユアタイム,72.0,56.9,41.8,14.6,13.9,13.3
20260823,ネオシューマン,71.7,55.3,39.9,14.5,12.8,12.6
20260823,エフティヴェント,68.2,51.6,36.8,13.3,11.8,11.7
20260823,サングラント,69.2,52.1,36.9,13.3,11.9,11.7
20260823,ジャンビ,72.7,57.6,42.4,14.9,14.0,13.5
20260823,ブラウンラチェット,70.7,55.1,40.3,14.4,13.2,12.7
20260823,コーディアリー,87.4,68.5,50.2,17.4,16.4,16.4
20260823,ホットゥトロット,73.7,56.1,40.1,15.0,13.1,12.0
20260823,テルケンレンジシ,78.3,62.0,46.2,16.2,15.5,14.5
20260823,コパノキラキラ,73.5,57.2,41.1,15.7,13.5,11.9
20260823,フェデュデスタン,80.0,62.3,46.4,15.8,15.3,15.3
20260823,サイモンオリエント,78.7,62.5,45.6,16.2,15.3,14.1
20260823,ノーブルパラス,71.4,55.5,40.1,15.3,13.3,11.5
20260823,リュウノタキノボリ,73.2,55.6,39.6,14.8,12.8,12.0
20260823,ツェルプスト,73.8,57.2,41.0,15.6,13.5,11.9
20260823,バサーニオ,81.6,63.2,46.5,15.8,15.5,15.2
20260823,レッドモンレーヴ,,55.5,39.8,14.3,13.1,12.4
20260823,サングラデーション,71.6,54.0,38.1,14.3,12.5,11.3
20260823,オオゾラヒバリ,66.9,51.3,36.9,13.2,12.3,11.4
20260823,ブロッケンボウ,86.9,68.5,49.7,18.2,16.7,14.8
20260823,ブルージャイアント,,56.7,40.8,14.1,13.7,13.0
20260823,ダンツファイター,,57.1,40.9,14.5,13.5,12.9
20260823,ロードトライデント,70.0,52.9,38.1,13.9,12.7,11.5
20260823,エコロストーム,70.3,54.2,38.9,14.7,12.6,11.6
20260823,ディエスルージュ,68.1,53.0,38.7,13.8,12.8,12.1
20260823,カーヌスティ,73.7,57.1,41.0,14.8,13.5,12.7
20260823,ディールメーカー,73.3,56.7,40.6,14.7,13.2,12.7
20260823,ボーンディスウェイ,67.5,51.8,36.9,13.4,11.9,11.6
20260823,ピコニ,68.1,52.4,37.2,13.7,12.0,11.5
20260823,ポッドロワール,73.6,55.2,38.5,14.3,12.7,11.5
20260823,ライヴテキーラ,,53.0,37.9,13.2,12.3,12.4
20260823,ノルドヴェスト,,57.8,41.6,14.5,14.1,13.0
20260823,ジャクソン,69.0,53.5,38.9,13.8,12.8,12.3
20260823,ナックスプレンダー,77.8,60.0,44.2,15.3,14.2,14.7
20260823,アーバーバイティ,68.7,52.6,38.0,13.8,12.6,11.6
20260823,グランレーヴ,68.9,52.6,38.0,13.8,12.6,11.6
20260823,オオルリ,68.6,52.5,38.1,13.5,12.4,12.2
20260823,タイセイアディクト,72.4,56.7,41.6,15.0,13.7,12.9
20260823,プルシャプラ,71.0,54.9,39.8,14.0,12.7,13.1
20260823,コスモシェルベット,,72.4,51.1,19.1,16.2,15.8
20260823,フロリメル,78.3,59.7,44.2,14.7,15.0,14.5
20260823,フクチャンショウ,74.3,57.2,41.9,14.8,14.1,13.0
20260823,グルドロッティン,69.5,53.7,38.6,14.0,12.8,11.8
20260823,リアスハート,,70.0,51.1,17.9,16.7,16.5
20260823,パーリーブラック,,55.0,39.4,14.0,13.2,12.2
20260823,クロドラバール,72.4,56.6,40.8,15.1,13.2,12.5
20260823,カラマティアノス,70.5,54.1,39.3,14.1,13.2,12.0
20260823,ゼンダンタカ,89.8,69.6,50.4,17.8,16.8,15.8
20260823,アグネスブリッツ,71.6,55.4,40.0,14.5,13.0,12.5
20260823,サルサブラヴァ,72.4,55.7,40.1,14.4,13.5,12.2
20260823,チャリングクロス,70.6,53.4,37.7,14.0,12.2,11.5
20260823,エンジャムメント,89.3,70.1,51.6,17.9,17.1,16.6
20260823,カルマンフィルター,87.1,67.9,49.1,17.4,16.1,15.6
20260823,エーオーキング,70.7,54.5,39.8,14.2,13.7,11.9
20260823,サトノエスケープ,71.3,55.2,40.2,14.3,13.9,12.0
20260823,ヤマメゴリュウ,70.7,55.4,39.8,14.6,13.2,12.0
20260823,サクセスメロディー,70.6,55.3,39.7,14.5,13.2,12.0
20260823,ライヴマルガリータ,72.0,56.5,40.7,14.7,13.7,12.3
20260823,グラスクラージュ,73.1,57.4,41.6,15.1,13.8,12.7
20260823,メイショウヨゾラ,68.9,53.5,38.8,14.0,12.6,12.2
20260823,クリアマインド,70.7,55.8,41.1,14.5,13.7,12.9
20260823,オーディンスピア,70.9,56.0,41.2,14.6,13.6,13.0
20260823,コスモグラニット,67.3,52.7,37.9,14.1,12.3,11.5
20260823,アクロスメモリア,73.9,55.8,40.2,13.9,13.0,13.3
20260823,マイネルアルゴー,68.0,53.0,38.0,14.0,12.4,11.6
20260823,マイネルヘルリッヒ,67.9,52.6,37.9,13.7,12.3,11.9
20260823,タッカーヴィーチェ,73.9,55.8,40.3,13.9,13.0,13.4
20260823,ニシノハクシャ,68.4,53.1,38.0,13.7,12.4,11.9
20260823,キントリヒ,72.0,54.6,39.9,14.5,13.0,12.4
20260823,グアラニア,72.2,55.0,39.9,14.8,12.9,12.2
20260823,グラスブランシュ,72.3,55.3,40.5,13.6,13.5,13.4
20260823,シアブリス,71.2,53.1,37.3,13.8,12.2,11.3
20260823,ドナルンバ,70.2,54.3,39.3,13.6,13.0,12.7
20260823,トレベルオール,75.3,57.2,42.1,14.7,14.5,12.9
20260823,ゴーイントゥスカイ,70.9,54.7,39.5,14.6,12.6,12.3
20260823,メモリーグラス,73.1,55.6,39.8,15.0,13.2,11.6
20260823,フォーグッド,71.4,54.6,39.2,14.5,12.8,11.9
20260823,ブエナディオサ,68.8,54.1,38.9,14.3,12.6,12.0
20260823,スピンザブラッド,72.7,55.5,39.8,14.8,13.1,11.9
20260823,モナコブル,67.2,52.4,37.7,13.7,12.2,11.8
20260823,イキフン,70.6,53.7,38.7,14.1,12.7,11.9
20260823,ネクストドア,71.7,54.2,38.4,14.3,12.6,11.5
20260823,イベリスアマラ,71.5,54.0,38.3,14.2,12.6,11.5
20260823,フレイムジョーカー,68.1,53.4,38.7,14.3,12.9,11.5
20260823,シグムンド,67.0,52.6,38.2,13.8,12.8,11.6
20260823,レヴィテーション,70.8,54.7,39.6,14.0,12.8,12.8
20260823,シャンハイナイト,,60.9,41.1,15.1,13.8,12.2
20260823,ベルブリエ,66.8,51.7,37.7,13.6,12.5,11.6
20260823,ゾネブルーム,90.4,71.1,52.6,18.2,17.4,17.0
20260823,ルスカーレット,,53.5,38.7,14.2,12.4,12.1
20260823,ワンコール,,53.8,38.7,14.7,12.4,11.6
20260823,マリアイリダータ,71.8,55.8,40.4,14.7,13.3,12.4
20260823,クラージュスター,74.1,58.6,43.5,14.8,14.5,14.2
20260823,エイシンイクサボシ,72.2,56.7,41.5,14.6,13.6,13.3
20260823,サヴァビアン,73.1,56.6,41.2,14.4,13.7,13.1
20260823,ロジパンドラ,74.0,57.1,42.1,14.9,14.1,13.1
20260823,ホウオウプレミア,72.0,55.7,39.9,14.5,13.2,12.2
20260823,サンシュノジンギ,71.3,55.3,39.8,14.5,13.2,12.1
20260823,アウアリイ,70.3,54.6,39.3,14.3,12.9,12.1
20260823,サクセスカラー,71.7,56.3,40.4,15.1,13.6,11.7
20260823,ヤマニンヘルシェ,75.7,57.3,42.2,14.8,14.2,13.2
20260823,ソットマツモト,69.1,52.4,37.7,13.6,12.4,11.7
20260823,ニシノドリーマー,72.5,54.8,39.4,14.5,13.1,11.8
20260823,バイオレットアレー,71.6,54.0,38.6,14.1,12.7,11.8
20260823,ニシノインヴィクタ,69.5,54.2,40.1,14.1,12.7,13.3
20260823,ジェーケーボンバー,70.3,54.2,38.8,14.3,12.8,11.7
20260823,テイキットイージー,79.9,62.3,45.3,16.0,14.7,14.6
20260823,トワイライトサイト,70.2,54.7,39.3,13.9,13.1,12.3
20260823,ギムナシオン,71.2,55.6,40.4,14.6,13.1,12.7
20260823,レーダーサイト,73.3,57.1,41.9,14.1,13.6,14.2
20260823,グロッシェン,72.7,56.6,41.2,14.6,13.7,12.9
20260823,キョウエイカンフ,73.1,57.7,42.3,15.4,14.0,12.9
20260823,イトウカカリチョウ,70.6,55.0,39.5,14.7,12.9,11.9
20260823,エコロゴッド,70.6,55.0,39.4,14.6,12.9,11.9
20260823,ルクスレイモンド,72.0,55.7,40.9,14.5,13.2,13.2
20260823,レーヴデリオン,72.0,55.9,41.0,14.4,13.3,13.3
20260823,シスター,78.9,61.5,45.5,15.8,15.4,14.3
20260823,マイネルアレス,72.1,55.0,39.7,14.7,13.5,11.5
20260823,マーガレット,71.6,53.8,38.9,13.3,12.9,12.7
20260823,ルージュフィーリア,72.6,54.7,39.4,13.6,13.1,12.7
20260823,フェーダーローター,88.6,70.3,51.5,18.1,16.8,16.6
20260823,ロデオドライブ,71.9,54.9,39.7,14.1,13.3,12.3
20260823,エクリプスルバン,171.0,129.5,92.1,34.0,30.5,27.6
20260823,リアルセンター,71.4,53.1,37.9,14.2,12.6,11.1
20260823,トゥーザムーン,75.7,57.5,42.2,15.1,14.1,13.0
20260823,ソーンブッシュ,75.7,56.3,40.7,14.1,13.2,13.4
20260823,ラージアンサンブル,68.4,52.8,38.4,13.9,12.7,11.8
20260823,ピードモント,67.6,52.0,37.8,13.3,12.6,11.9
20260823,トリリオンボーイ,66.0,51.1,37.0,13.0,12.1,11.9
20260823,ブロンクス,67.0,51.9,37.8,13.1,12.3,12.4
20260823,マイトリックスター,67.8,53.2,38.9,14.3,12.7,11.9
20260823,エリュグレイス,65.3,50.3,37.0,12.8,12.3,11.9
20260823,ハビレ,69.8,54.9,40.5,14.0,13.1,13.4
20260823,クラウンテック,87.8,69.5,50.8,17.8,16.8,16.2
20260823,マイネルメサイア,,71.4,51.4,17.9,17.1,16.4
20260823,ナックホワイト,75.3,56.3,38.7,14.4,13.1,11.2
20260823,スキエンティア,,70.1,50.9,18.3,16.6,16.0
20260823,メイショウコバト,,64.6,46.8,16.1,15.8,14.9
20260823,スマートブル,73.9,57.8,42.0,14.9,13.9,13.2
20260823,クリアクォーツ,89.8,70.5,51.2,18.9,16.2,16.1
20260823,ピグマリオン,70.1,54.0,39.2,13.9,12.5,12.8
20260823,ワッフル,70.6,54.5,39.7,14.1,12.9,12.7
20260823,カレンデュラ,71.5,56.0,41.5,14.9,13.8,12.8
20260823,イデアモッコス,71.2,54.3,39.1,14.5,13.1,11.5
20260823,ラヴァグロウ,69.8,54.3,38.9,14.1,12.3,12.5
20260823,マイネルゼーロス,73.4,56.2,40.2,14.3,13.9,12.0
20260823,ホウオウシンデレラ,73.5,57.6,42.2,14.9,14.0,13.3
20260823,ピコシー,70.1,53.2,37.9,14.3,12.1,11.5
20260823,ネイチャーシップ,86.8,65.1,45.3,16.5,14.6,14.2
20260823,ドーバーホーク,70.3,54.7,39.5,14.3,12.7,12.5
20260823,クラディスティーナ,68.1,52.5,37.9,13.8,12.5,11.6
20260823,ホワイトホール,68.7,53.1,38.1,13.9,12.6,11.6
20260823,リオンパリス,69.4,53.9,38.8,14.2,12.8,11.8
20260823,コパノエビータ,69.0,53.4,38.9,13.5,12.6,12.8
20260823,スラッシュコード,,65.7,46.2,17.7,14.6,13.9
20260823,トリスティ,,66.8,47.9,17.9,15.4,14.6
20260823,ローザドーロ,68.5,52.9,38.5,13.4,12.5,12.6
20260823,オールシティキング,68.3,52.7,38.3,13.3,12.4,12.6
20260823,ラブリーガール,73.0,57.3,42.1,15.0,14.0,13.1
20260823,サーロー,72.7,56.3,41.0,14.4,13.4,13.2
20260823,ムーヴ,73.3,57.6,42.6,14.2,14.1,14.3
20260823,ビアフォーナウ,71.2,55.8,40.5,13.9,13.1,13.5
20260823,マスターソアラ,,56.2,40.2,14.4,13.1,12.7
20260823,アイムインディ,,53.5,37.5,13.8,12.2,11.5
20260823,オンナキュヌヴィ,,56.9,40.9,14.4,13.3,13.2
20260823,ヤマメホープ,71.6,55.7,39.7,14.6,13.5,11.6
20260823,ノヴェルチェルシー,,86.9,59.6,21.5,20.0,18.1
20260823,シダモフレイバー,,87.3,59.9,21.5,20.2,18.2
20260823,アデルフィー,72.8,55.1,38.3,14.6,12.6,11.1
20260823,ソウラスフロス,74.2,56.0,39.0,15.0,12.8,11.2
20260823,ジャスティンシカゴ,68.0,52.4,37.8,14.0,12.5,11.3
20260823,アイムオンアロール,,56.9,40.6,14.9,13.5,12.2
20260823,パウンドザロック,,59.8,43.1,15.7,14.1,13.3
20260823,ウラノグラフィア,,56.4,40.2,14.9,13.2,12.1
20260823,ニシノトマラナイ,74.0,56.0,40.2,14.3,13.5,12.4
20260823,イナズマハッチ,73.8,55.8,39.7,14.4,13.1,12.2
20260823,ファンタジーゲーム,73.9,55.5,39.4,14.2,13.0,12.2
20260823,ソニックキャット,78.1,60.5,43.7,15.7,14.7,13.3
20260823,オプレントジュエル,85.4,67.2,49.4,17.4,16.3,15.7
20260823,ジワタネホ,88.4,68.8,49.8,17.5,16.3,16.0
20260823,ノアヴェルテ,88.2,69.4,50.5,18.0,16.6,15.9
20260823,エコロガレル,89.3,70.1,51.0,18.1,16.9,16.0
20260823,ヴァンデエス,89.3,70.1,50.9,17.1,16.7,17.1
20260823,イズミル,86.5,67.8,49.2,17.7,16.3,15.2
20260823,ブラッキッシュ,71.5,55.9,40.6,14.2,12.9,13.5
20260823,ブルードロップ,75.2,59.0,43.3,15.1,14.4,13.8
20260823,センジュゴールド,76.8,59.4,43.5,15.4,14.6,13.5
20260823,マホロ,74.5,56.5,41.0,15.3,13.5,12.2
20260823,コッディ,75.2,59.0,43.3,15.1,14.2,14.0
20260823,ファイアリーボルト,79.7,61.6,44.3,16.6,15.3,12.4
20260823,ピースワンデュック,73.0,55.8,40.2,14.4,13.2,12.6
20260823,セブンメデュラス,,70.2,49.1,17.8,16.6,14.7
20260823,サンクレゾン,75.4,56.2,40.2,14.4,13.5,12.3
20260823,オストラヴァ,65.9,50.2,36.2,13.2,11.8,11.2
20260823,ミスエル,,75.7,55.6,19.2,18.7,17.7
20260823,カテドラルクォーツ,,70.7,50.9,17.9,16.2,16.8
20260823,カンキチ,,74.4,53.9,18.7,17.9,17.3
20260823,マインドブレイズ,,75.3,55.0,19.1,18.3,17.6
20260823,グランマエストロ,67.1,51.9,37.7,14.0,12.3,11.4
20260823,ジンガー,71.9,56.8,42.2,14.6,13.9,13.7
20260823,バトンロード,72.4,57.2,42.7,14.6,14.4,13.7
20260823,グローリアスダンス,70.7,55.8,40.9,14.2,13.4,13.3
20260823,カイトグート,70.9,55.5,40.7,14.5,13.3,12.9
20260823,トーアモルペウス,73.8,56.8,40.6,14.5,13.0,13.1
20260823,ヤマニンエンディマ,74.3,56.4,41.3,14.1,14.2,13.0
20260823,ベンヴェヌータ,74.7,57.2,41.9,14.7,14.0,13.2
20260823,ブリスブリンク,74.2,56.5,41.3,14.3,13.9,13.1
20260823,サマースイートピー,70.1,54.0,38.1,14.2,12.6,11.3
20260823,ブラッククラウズ,74.3,58.0,42.6,14.8,14.0,13.8
20260823,アリアファブラ,73.2,56.3,41.7,14.8,13.6,13.3
20260823,マイネルオラクル,71.3,54.5,39.5,13.7,12.9,12.9
20260823,ラブトゥエニイワン,71.1,54.9,39.8,13.9,13.2,12.7
20260823,シェンロン,70.7,54.6,39.4,13.6,13.3,12.5
20260823,イントゥザウインド,86.7,68.4,51.0,16.8,17.2,17.0
20260823,ニシノイケガミ,68.5,53.6,39.4,14.1,13.1,12.2
20260823,ランブルスコ,,55.9,40.6,14.4,13.4,12.8
20260823,ゴンファロニエーレ,68.6,53.4,38.5,13.9,13.0,11.6
20260823,サードアイ,,55.9,40.4,14.7,13.5,12.2
20260823,シーギリヤロック,68.8,53.8,39.5,13.7,13.0,12.8
20260823,サトノエスパーダ,68.8,53.7,39.4,13.6,13.0,12.8
20260823,コールレスポンス,68.8,53.9,39.6,13.9,13.0,12.7
20260823,ホウオウファミリー,68.2,52.1,37.5,13.3,12.5,11.7
20260823,ミラーダカリエンテ,76.9,58.9,42.1,14.5,14.0,13.6
20260823,サンデーファンデー,312.9,244.7,183.5,59.8,61.0,62.7
20260823,アメリカンステージ,311.7,244.6,183.5,59.8,61.4,62.3
20260823,サンデーファンデー,192.3,151.2,109.0,41.7,37.1,30.2
20260823,アメリカンステージ,194.9,153.7,111.4,41.6,38.2,31.6
20260823,ドラゴンウェルズ,,70.0,47.9,18.1,15.3,14.5
20260823,カズタンジャー,70.7,55.2,39.0,14.8,12.5,11.7
20260823,ディーエストッキー,79.1,58.7,40.6,14.6,12.9,13.1
20260823,キリマンジェロタフ,78.7,58.6,40.7,14.6,12.9,13.2
20260823,ザウリ,105.7,82.5,59.4,21.1,19.1,19.2
20260823,ダノンジャイアン,101.4,76.4,55.6,19.8,18.3,17.5
20260823,ウィリーウィリー,95.8,74.2,54.8,18.6,18.8,17.4
20260823,レジェンダリーデイ,114.1,89.6,66.3,22.5,22.6,21.2
20260823,モズレイラココナ,113.8,87.8,65.9,21.8,22.7,21.4
20260823,サマーブリザード,102.8,77.9,56.4,18.9,18.9,18.6
20260823,カフジポポー,116.2,89.3,66.5,22.5,22.5,21.5
20260823,ダノンモンテローザ,178.4,139.3,102.5,35.3,34.8,32.4
20260823,ブラッドバローズ,75.3,58.3,43.5,14.6,14.5,14.4
20260823,ベルウッドワタル,75.5,58.4,43.6,14.6,14.5,14.5
20260823,フェスティヴドレス,71.4,55.7,40.3,14.8,13.3,12.2
20260823,ポエットリー,70.9,54.5,38.7,14.1,12.6,12.0
20260823,サダムオプシス,76.6,59.6,42.4,15.6,13.7,13.1
20260823,サンロンブル,90.1,58.9,40.6,15.1,12.6,12.9
20260823,ジェントル,70.7,53.9,38.4,14.1,12.0,12.3
20260823,オメガダフネ,87.7,58.5,40.2,15.5,13.0,11.7
20260823,プッシュザリミット,89.1,58.6,40.5,15.6,13.1,11.8
20260823,デルアヴァー,77.1,61.5,45.2,16.0,14.5,14.7
20260823,ミスヘンリー,91.2,71.5,52.0,18.4,17.0,16.6
20260823,メイショウドキョウ,77.7,59.6,42.7,15.2,14.0,13.5
20260823,アルビオン,75.5,57.7,41.9,14.6,14.1,13.2
20260823,ガロピーネ,77.7,60.3,43.8,15.2,14.9,13.7
20260823,レイアン,72.8,56.7,41.5,14.6,13.5,13.4
20260823,キムケンシーサー,75.9,56.3,39.7,14.6,12.6,12.5
20260823,プッシュバーン,116.1,81.4,55.9,22.3,16.9,16.7
20260823,テイエムスターラン,72.5,56.8,41.2,14.7,13.4,13.1
20260823,スレッドザニードル,102.8,75.2,53.7,19.2,17.5,17.0
20260823,タガノバビロン,69.5,53.5,38.1,14.5,12.3,11.3
20260823,ノチェブエナ,99.1,76.8,55.1,19.9,17.6,17.6
20260823,ファルカータ,74.9,55.8,39.0,15.0,12.5,11.5
20260823,マルモリマイベスト,124.4,96.8,69.1,25.1,23.0,21.0
20260823,クロームクロス,72.6,54.9,38.9,13.8,12.5,12.6
20260823,ラプチュラス,74.0,56.3,40.5,14.0,13.9,12.6
20260823,コルレオニス,76.6,56.7,39.8,15.3,12.7,11.8
20260823,サンダーバード,99.1,79.7,58.8,21.3,19.7,17.8
20260823,グランヴィノス,76.6,59.5,41.4,16.1,12.9,12.4
20260823,ビーチェマーレ,74.1,57.2,40.2,15.7,13.1,11.4
20260823,センツブラッド,72.7,57.1,41.4,14.7,13.1,13.6
20260823,サウンドムーブ,72.0,56.7,41.1,14.6,13.0,13.5
20260823,バステール,73.0,57.2,41.5,14.7,13.2,13.6
20260823,ジュンブロッサム,67.8,52.1,37.0,14.1,11.6,11.3
20260823,アジュマン,114.2,88.4,63.9,23.7,20.9,19.3
20260823,マーゴットバディ,113.7,88.2,63.8,23.8,20.8,19.2
20260823,ロックターミガン,74.6,58.0,41.9,15.4,13.9,12.6
20260823,ケンシロウワールド,70.8,53.9,37.8,13.8,11.9,12.1
20260823,ジャスパーレビン,69.3,52.6,37.3,13.7,12.0,11.6
20260823,シンビリーブ,99.2,75.9,54.1,19.1,17.1,17.9
20260823,サンコンクエスト,74.9,58.4,41.5,16.5,13.0,12.0
20260823,イミュータブル,77.6,61.3,44.9,15.4,14.6,14.9
20260823,ジュンヴァッテッド,71.0,55.3,39.9,14.0,12.6,13.3
20260823,チョウスター,95.8,74.4,54.7,19.4,18.1,17.2
20260823,チョウサクラ,96.6,74.7,55.7,19.0,18.6,18.1
20260823,ベイリークロア,85.8,66.4,47.3,17.4,14.9,15.0
20260823,ダイメイプリンス,68.0,52.2,37.5,13.5,12.0,12.0
20260823,フィールライクユー,68.5,52.7,37.8,13.8,11.9,12.1
20260823,ベルメグスタ,100.8,78.8,57.3,19.3,19.0,19.0
20260823,ベルセルク,96.3,76.2,56.5,19.8,18.6,18.1
20260823,フェゲフォイア,71.9,55.5,40.1,14.6,12.9,12.6
20260823,パルフェクシオン,89.9,69.6,50.4,17.8,16.8,15.8
20260823,ピュアノーブル,78.0,61.5,45.2,15.9,14.9,14.4
20260823,メイショウビストロ,98.5,75.2,54.4,18.8,17.8,17.8
20260823,パイオニアスクエア,78.4,60.8,44.8,15.1,15.1,14.6
20260823,マハナ,68.8,52.6,38.0,13.9,12.2,11.9
20260823,ロードオルデン,75.7,56.8,40.2,15.1,12.8,12.3
20260823,ジーティーハルカゼ,74.7,56.3,39.9,14.9,12.6,12.4
20260823,ペアピーターソン,84.3,65.8,48.3,16.3,15.6,16.4
20260823,パトローナス,92.2,72.1,52.4,18.8,17.0,16.6
20260823,レジェンディーヴァ,92.9,72.3,52.8,18.8,17.5,16.5
20260823,リンゲルブルーメ,71.6,52.9,37.5,13.8,12.0,11.7
20260823,シュバルツマサムネ,70.1,55.0,39.7,14.7,13.3,11.7
20260823,レイクラシック,86.9,68.3,49.3,17.8,15.8,15.7
20260823,マイリトルヒーロー,124.6,96.1,71.1,24.8,23.6,22.7
20260823,ニシノトリビュート,153.8,120.7,89.0,31.1,29.9,28.0
20260823,ティタノマキア,82.0,65.4,47.8,17.2,15.4,15.2
20260823,ホウオウスカイハイ,125.3,79.5,58.0,20.2,19.2,18.6
20260823,テーオーギフテッド,127.1,82.5,60.8,20.2,20.6,20.0
20260823,タガノクレーキング,127.6,83.7,60.5,20.9,19.7,19.9
20260823,ヴェントゥーラ,67.2,50.7,36.1,12.9,11.7,11.5
20260823,クリノオリーブ,100.5,76.3,55.1,20.1,18.7,16.3
20260823,タマモナポリ,101.6,75.3,53.8,19.3,17.8,16.7
20260823,ミッキーラヴィータ,89.9,69.8,49.6,18.6,15.6,15.4
20260823,アオイハルカ,89.6,70.5,52.0,17.8,17.0,17.2
20260823,タガノデュード,123.8,92.9,67.8,24.3,22.1,21.4
20260823,パクスロマーナ,122.6,93.9,68.7,24.8,23.1,20.8
20260823,ベトルス,76.2,60.5,44.0,15.5,14.1,14.4
20260823,オールセインツ,74.0,58.3,42.5,15.3,13.9,13.3
20260823,クァンタムウェーブ,105.0,83.7,62.2,22.1,20.1,20.0
20260823,ロードフロンティア,98.1,76.2,55.6,19.4,18.4,17.8
20260823,ジョウゲンノツキ,73.1,56.3,40.6,14.4,13.0,13.2
20260823,インザモーメント,90.7,71.3,51.3,19.0,16.4,15.9
20260823,ゴールデンスナップ,91.3,69.5,51.2,17.6,16.8,16.8
20260823,ココロヅヨサ,91.2,69.8,52.2,17.9,17.3,17.0
20260823,リチャードバローズ,358.3,307.7,236.0,79.2,80.9,75.9
20260823,ヒノデサンライズ,81.6,63.4,46.3,15.8,15.1,15.4
20260823,ミンコフスキー,74.8,56.9,40.5,15.1,13.0,12.4
20260823,ニシノマサムネ,79.9,61.8,44.9,15.3,15.0,14.6
20260823,ホットロッドハート,73.9,56.6,40.5,15.0,13.1,12.4
20260823,リチャードバローズ,115.2,88.6,63.3,22.4,20.6,20.3
20260823,リバティサンライズ,86.6,67.6,48.8,17.9,15.9,15.0
20260823,ワンダーラヴグッド,86.8,67.9,49.0,18.2,16.0,14.8
20260823,マテンロウブレイブ,88.5,67.6,47.6,18.6,15.6,13.4
20260823,エイシンウィスパー,86.9,66.1,48.3,17.6,15.7,15.0
20260823,ウインリーブル,84.3,66.4,48.4,17.3,15.9,15.2
20260823,ロックウイズミー,81.0,62.9,44.9,16.4,14.4,14.1
20260823,ジーティールーナ,79.7,61.8,43.7,16.4,13.9,13.4
20260823,ペンナヴェローチェ,75.9,57.0,39.5,15.6,12.1,11.8
20260823,チャンネルトンネル,,67.3,48.3,17.0,15.9,15.4
20260823,リアライズステラ,92.2,72.4,53.7,18.7,17.7,17.3
20260823,ナムラロダン,85.1,67.5,50.1,17.6,16.4,16.1
20260823,コルキス,74.4,56.0,38.5,15.2,12.0,11.3
20260823,アスクエジンバラ,79.2,60.4,43.1,15.5,13.4,14.2
20260823,シンギタイ,72.2,52.4,37.7,14.3,11.8,11.6
20260823,シホノグラツィア,73.5,56.6,39.9,15.3,12.7,11.9
20260823,サンライズモロヘイ,92.1,70.9,51.9,18.1,17.1,16.7
20260823,コレオシークエンス,72.4,54.4,39.0,14.0,12.3,12.7
20260823,ビクスバイト,72.5,54.4,38.4,14.7,12.3,11.4
20260823,メイショウナルカミ,103.1,81.9,60.2,20.1,19.9,20.2
20260823,メイショウゲッコウ,74.9,56.5,41.8,14.5,13.8,13.5
20260823,レアンダー,77.2,58.9,43.5,14.9,14.5,14.1
20260823,オリンポスカズマ,88.1,69.2,50.3,18.4,16.2,15.7
20260823,グラスゴー,77.3,61.7,46.4,15.4,15.4,15.6
20260823,ジュンヴァグネル,75.7,60.0,44.9,14.7,15.0,15.2
20260823,オーレアミスト,87.9,66.3,47.1,17.7,14.6,14.8
20260823,ムイ,74.0,57.5,40.9,15.0,13.2,12.7
20260823,サクラオーラ,97.1,74.2,53.7,19.1,17.5,17.1
20260823,スパイスオブライフ,125.0,98.3,73.2,24.4,24.2,24.6
20260823,ゴールデンレシオ,69.4,54.1,39.2,14.9,12.1,12.2
20260823,モアリジット,69.3,54.4,39.1,13.8,12.6,12.7
20260823,サヨノパララックス,82.7,65.5,48.1,16.9,15.6,15.6
20260823,プラトーローザ,82.2,65.1,47.5,17.0,15.2,15.3
20260823,サンライズブレイド,82.1,64.9,47.5,17.1,15.4,15.0
20260823,パワポケビー,102.1,80.8,60.6,20.8,20.1,19.7
20260823,ヴォンドゥ,93.6,71.8,52.5,18.4,17.4,16.7
20260823,ヴィシュヴァナート,116.9,90.0,66.3,23.6,22.1,20.6
20260823,パンチャマハブータ,101.7,78.3,56.4,21.9,18.0,16.5
20260823,シャリキモン,101.3,78.0,56.4,21.7,18.0,16.7
20260823,バーニングソネット,81.0,61.2,44.4,15.6,14.4,14.4
20260823,キタノゲートウェイ,107.1,82.5,59.6,22.3,19.3,18.0
20260823,UnrequitedLoveの24,98.7,75.0,53.7,20.6,17.2,15.9
20260823,ロードヴェリタス,68.2,53.5,38.8,14.1,12.4,12.3
20260823,ジュンライデン,71.5,56.8,41.9,14.6,13.6,13.7
20260823,マイコンプリート,74.7,57.7,41.0,14.7,12.9,13.4
20260823,テーオードレフォン,107.7,82.7,59.1,21.7,18.7,18.7
20260823,シャイニングスター,68.7,53.1,38.7,14.0,13.1,11.6
20260823,ドリームキャリー,77.2,59.3,43.4,14.9,14.3,14.2
20260823,ゴーイントゥノヴァ,77.3,59.7,43.9,15.2,14.3,14.4
20260823,ジーティーダーリン,85.5,63.9,46.3,16.6,15.3,14.4
20260822,アルセナール,,68.6,49.7,18.4,16.6,14.7
20260822,コンヴァージョン,88.7,70.6,52.4,17.9,17.2,17.3
20260822,イクシード,,66.6,48.2,17.5,16.0,14.7
20260822,レッドレガリア,,72.5,51.2,19.1,16.8,15.3
20260822,フェイトロード,,66.2,49.0,18.2,15.6,15.2
20260822,ホウオウビリーヴ,,67.9,49.2,18.0,16.2,15.0
20260822,ツルマウカタチ,,80.6,56.1,21.0,18.0,17.1
20260822,バードウォッチャー,,67.3,49.1,17.6,16.1,15.4
20260822,チェルヴィニア,,68.4,49.0,17.6,16.1,15.3
20260822,カーヌスティ,,65.2,47.2,16.6,15.7,14.9
20260822,サノノグレーター,,68.3,49.0,17.9,16.1,15.0
20260822,ディールメーカー,,63.8,46.2,16.1,15.4,14.7
20260822,ブルバンビーナ,,67.2,48.5,16.7,16.3,15.5
20260822,ホノボノ,,68.6,50.8,17.9,16.7,16.2
20260822,ガヤーズベース,70.5,52.8,37.7,13.4,12.4,11.9
20260822,アオイノリプー,,67.3,49.4,16.9,16.8,15.7
20260822,ヤマニンスペッキオ,70.4,52.6,37.6,13.3,12.5,11.8
20260822,イントリー,,74.2,54.0,18.5,18.3,17.2
20260822,ヴァルキリーキック,70.3,52.3,37.4,13.2,12.3,11.9
20260822,ジャンビ,,77.3,56.4,19.9,18.7,17.8
20260822,アーバーバイティ,,66.8,48.6,17.0,16.4,15.2
20260822,グランレーヴ,,66.8,48.7,17.0,16.5,15.2
20260822,ポッドロワール,,69.4,49.3,17.3,16.2,15.8
20260822,ショウナンタハティ,,66.1,48.3,16.9,15.7,15.7
20260822,トレインザマインド,,66.5,48.5,16.9,15.9,15.7
20260822,ビービーアジャイル,,67.1,49.1,17.5,16.2,15.4
20260822,ギガントシュラーク,,70.5,50.8,17.7,16.8,16.3
20260822,シリアルトウショウ,,70.1,51.1,17.6,17.4,16.1
20260822,アスクナイスショー,,68.9,50.5,17.8,16.9,15.8
20260822,フクチャンショウ,,67.5,48.0,16.0,16.2,15.8
20260822,ファーザーアウェイ,68.0,52.5,37.8,13.6,12.6,11.6
20260822,ノリキング,,132.8,96.5,33.0,32.3,31.2
20260822,サムシングスイート,,132.6,96.4,33.1,32.0,31.3
20260822,トパーズプレミア,,132.6,96.3,33.0,32.1,31.2
20260822,ハンデンブレイズ,,132.8,96.6,33.1,32.2,31.3
20260822,ソウカイウォーリア,,76.2,55.2,19.5,18.4,17.3
20260822,ローザヴェローナ,,74.0,54.3,18.7,18.2,17.4
20260822,ノーブルミステリー,66.6,51.6,37.9,13.5,12.4,12.0
20260822,ブーケフォーミー,,59.2,42.0,15.8,13.8,12.4
20260822,フェデュデスタン,,77.9,58.3,19.0,19.3,20.0
20260822,マイバーゲン,,59.2,42.0,15.8,13.8,12.4
20260822,アニーリング,,76.6,55.7,18.8,18.6,18.3
20260822,バサーニオ,,77.6,57.8,18.5,19.4,19.9
20260822,ハビレ,83.2,64.7,47.2,16.4,15.3,15.5
20260822,オオルリ,,68.5,49.8,17.4,16.7,15.7
20260822,リアスハート,,72.1,53.2,18.1,17.6,17.5
20260822,ロサンゼルス,,69.9,50.1,18.2,16.4,15.5
20260822,ヴェネチアンキング,,68.3,48.4,17.8,15.7,14.9
20260822,マルジョレーヌ,,77.7,54.8,19.6,18.2,17.0
20260822,ジェミニディウ,,69.8,50.1,18.0,16.7,15.4
20260822,サクシードシチー,,70.9,50.5,17.6,16.7,16.2
20260822,ユイノゲリラゴウウ,,77.6,54.7,19.5,18.2,17.0
20260822,トレベルオール,,75.2,54.1,18.8,18.1,17.2
20260822,サヨノジャンボリー,100.7,77.2,56.1,19.6,18.4,18.1
20260822,プラチナムディスク,87.4,68.7,50.0,17.5,16.3,16.2
20260822,アクロスメモリア,91.8,71.1,51.4,17.6,17.0,16.8
20260822,ヒッチアライド,88.2,69.7,50.9,17.9,17.1,15.9
20260822,イナズマハッチ,106.3,82.9,60.6,21.9,20.2,18.5
20260822,アムールドパリ,86.1,68.0,50.1,17.1,16.2,16.8
20260822,オストラヴァ,111.3,88.7,66.0,22.5,21.8,21.7
20260822,タッセルノット,111.3,88.8,66.2,22.4,22.0,21.8
20260822,グルドロッティン,,71.2,52.3,18.6,17.4,16.3
20260822,エイシンイクサボシ,106.5,83.9,61.5,21.9,20.0,19.6
20260822,アウダーシア,,75.7,54.9,19.3,18.3,17.3
20260822,ドゥレッツァ,,72.4,52.2,18.3,17.5,16.4
20260822,マホロ,,72.1,52.0,17.7,17.3,17.0
20260822,カフェシューター,,64.6,47.3,16.2,15.2,15.9
20260822,メイプルカモーン,,64.9,47.1,16.4,15.4,15.3
20260822,ハイトラクション,,64.4,47.4,16.3,15.3,15.8
20260822,トゥーザムーン,98.4,75.1,55.1,19.2,18.3,17.6
20260822,ロデオドライブ,97.2,74.2,53.3,18.8,17.5,17.0
20260822,ソーンブッシュ,99.2,75.7,55.3,19.4,18.2,17.7
20260822,ゴンファロニエーレ,88.9,70.6,51.9,18.5,17.4,16.0
20260822,ニシノイケガミ,,66.8,47.3,17.6,15.8,13.9
20260822,ピコローズ,,126.9,92.3,32.7,30.9,28.7
20260822,スタニングヴュー,67.5,52.2,37.6,13.7,12.3,11.6
20260822,シャドウメテオ,72.7,56.0,39.8,14.5,13.0,12.3
20260822,モヴレクス,132.6,104.1,76.9,26.6,25.6,24.7
20260822,ドリームコア,171.5,136.9,102.0,35.4,33.1,33.5
20260822,モヴレクス,92.4,72.3,52.9,18.8,17.3,16.8
20260822,コスモシェルベット,,79.0,56.2,20.3,18.1,17.8
20260822,イデアモッコス,,66.7,49.9,16.4,16.9,16.6
20260822,ロジルーラー,87.0,68.3,49.5,17.4,16.4,15.7
20260822,クリアクォーツ,,72.6,52.8,18.9,17.4,16.5
20260822,スノーディーヴァ,72.6,55.7,40.1,14.3,13.2,12.6
20260822,ケイツーズウォティ,73.4,56.0,40.3,14.2,13.3,12.8
20260822,クシマトゥルー,,66.7,48.4,17.0,16.0,15.4
20260822,ブラボーツー,,67.3,48.4,17.6,16.1,14.7
20260822,タンタトリス,,67.5,48.8,17.2,16.2,15.4
20260822,アシャカトベ,86.6,67.4,49.0,17.7,16.1,15.2
20260822,ユキノグラス,82.7,65.2,47.5,16.9,16.3,14.3
20260822,ニシノマキロイ,69.6,54.3,39.2,14.1,13.1,12.0
20260822,ガヤーズアモーレ,69.9,54.6,39.5,14.1,13.4,12.0
20260822,ガヤーズサムライ,69.9,54.7,39.6,14.0,13.4,12.2
20260822,ブルードロップ,109.7,86.2,63.2,22.4,21.1,19.7
20260822,タッカーヴィーチェ,109.8,86.4,63.3,22.4,21.1,19.8
20260822,ライクアストーム,109.9,86.4,63.3,22.6,21.1,19.6
20260822,コッディ,109.9,86.4,63.4,22.6,21.1,19.7
20260822,セブンメデュラス,,63.2,45.3,16.3,14.9,14.1
20260822,サトノパトリオット,,63.6,45.7,16.7,15.0,14.0
20260822,ラディアントスター,113.3,90.3,66.5,23.4,21.6,21.5
20260822,ベンヴェヌータ,,86.6,63.4,22.1,20.7,20.6
20260822,トーアモルペウス,,76.9,55.3,19.7,18.7,16.9
20260822,ヤマニンエンディマ,,83.5,61.2,20.9,20.2,20.1
20260822,ブリスブリンク,,76.6,54.9,19.5,18.0,17.4
20260822,イイクニパッション,80.4,54.2,37.2,13.4,12.1,11.7
20260822,ヴィヴァラリス,,77.6,57.5,19.9,19.1,18.5
20260822,ローブリッター,,80.9,59.4,20.9,19.6,18.9
20260822,エクリプスルバン,125.1,95.7,68.8,24.3,23.1,21.4
20260822,エクリプスルバン,86.3,67.3,48.9,17.2,16.2,15.5
20260822,ホウオウファミリー,99.7,76.9,56.1,20.4,18.3,17.4
20260822,ベンサレム,82.3,63.6,46.0,16.1,15.2,14.7
20260822,ロードキャピタル,81.8,63.6,45.9,16.3,15.1,14.5
20260822,オクトーバーナイン,83.2,66.1,48.0,17.3,15.8,14.9
20260822,シャルクハフト,68.6,53.3,38.0,14.6,12.0,11.4
20260822,ハンサム,69.2,53.9,38.2,14.7,12.2,11.3
20260822,ルーメンルーナエ,79.5,63.9,46.7,16.9,14.5,15.3
20260822,アイデア,80.0,63.8,47.7,16.5,15.5,15.7
20260822,リヒトミューレ,,75.5,56.2,19.2,19.2,17.8
20260822,ダノンジャイアン,,68.6,49.5,17.6,16.5,15.4
20260822,ペアレンツギフト,,63.5,46.0,16.3,15.0,14.7
20260822,ベルセルク,,79.6,60.6,20.4,20.8,19.4
20260822,アンビシャスヨシノ,,69.8,50.4,17.6,17.2,15.6
20260822,レジェンダリーデイ,,100.2,75.9,24.8,25.2,25.9
20260822,サーブルディアマン,,83.5,60.5,22.6,19.6,18.3
20260822,マイリトルヒーロー,,102.0,74.6,24.6,24.7,25.3
20260822,ジェントル,,66.9,48.1,17.3,15.3,15.5
20260822,レアンダー,,66.7,47.8,16.9,15.6,15.3
20260822,メイショウサトノヒ,70.2,55.8,40.8,14.2,13.5,13.1
20260822,サンロンブル,,102.1,74.3,26.2,25.2,22.9
20260822,ハグレジョー,,68.2,48.7,18.1,15.4,15.2
20260822,バッハアルプゼー,,131.4,96.6,33.5,32.1,31.0
20260822,デルアヴァー,,64.9,48.1,17.1,15.4,15.6
20260822,アルビオン,,69.0,49.5,18.1,15.8,15.6
20260822,ガロピーネ,,70.1,51.1,17.9,16.6,16.6
20260822,エモティコン,,131.1,96.3,33.6,31.9,30.8
20260822,メイショウドキョウ,89.6,72.0,53.4,18.4,17.7,17.3
20260822,レイアン,88.7,70.7,51.6,18.8,16.7,16.1
20260822,メイショウタバル,,79.7,58.4,21.0,19.3,18.1
20260822,フェスティヴドレス,,71.0,51.0,18.5,16.4,16.1
20260822,サマーブリザード,,74.6,53.6,19.3,17.2,17.1
20260822,エモティコン,105.5,82.7,60.4,21.9,19.3,19.2
20260822,バッハアルプゼー,114.6,92.2,68.6,24.8,22.6,21.2
20260822,テイエムスターラン,,98.0,72.7,25.2,25.1,22.4
20260822,マーゴットバディ,85.6,68.1,49.7,17.5,16.2,16.0
20260822,クオーレサンライズ,85.4,67.9,49.4,17.8,15.8,15.8
20260822,イッソス,85.6,68.0,49.6,17.5,16.2,15.9
20260822,サイトゥン,85.9,69.1,50.8,18.1,16.4,16.3
20260822,メイショウアゴナス,69.3,54.4,38.9,14.9,12.5,11.5
20260822,スレッドザニードル,,94.3,65.5,25.2,20.9,19.4
20260822,テイエムスターラン,92.0,73.0,53.3,19.5,17.9,15.9
20260822,マーゴットレジーナ,100.3,79.2,58.3,19.9,19.3,19.1
20260822,リヴァイアサン,,77.1,56.9,19.9,18.2,18.8
20260822,ゴールデンステーラ,,79.5,58.2,20.9,19.2,18.1
20260822,ソニックステップ,96.6,76.1,56.4,19.1,19.2,18.1
20260822,ハートノート,96.7,76.3,56.6,19.3,19.1,18.2
20260822,ブックオブケルズ,96.7,76.3,56.5,19.3,19.0,18.2
20260822,ブレイズフォート,96.7,76.4,56.5,19.1,19.1,18.3
20260822,ヴィヴェローネ,96.6,76.2,56.5,19.2,19.1,18.2
20260822,ゴールデンスナップ,88.5,69.7,50.6,18.4,16.2,16.0
20260822,インザモーメント,89.8,70.6,51.5,18.8,16.3,16.4
20260822,グランヴィノス,,67.2,48.7,17.7,15.3,15.7
20260822,ビーチェマーレ,,66.6,48.9,16.7,16.0,16.2
20260822,ブクブクー,,78.7,56.6,19.3,18.5,18.8
20260822,アオイレーギーナ,82.8,66.1,49.2,17.3,16.1,15.8
20260822,ラミアスペランツァ,81.1,64.2,47.3,15.9,15.9,15.5
20260822,ロードヴェリタス,,70.2,49.6,18.6,15.8,15.2
20260822,ジーティーマン,95.6,74.8,54.2,20.4,17.1,16.7
20260822,バステール,,89.1,62.9,23.1,20.2,19.6
20260822,ロードフロンティア,,75.4,54.6,20.2,17.4,17.0
20260822,ノーブルロジャー,69.0,53.5,37.8,14.4,11.9,11.5
20260822,エンネ,70.1,54.5,38.4,14.7,12.2,11.5
20260822,ナリタライズ,88.3,70.4,51.4,18.8,16.4,16.2
20260822,アリアニコ,69.7,54.2,38.3,14.7,12.0,11.6
20260822,インパルスドライブ,91.4,72.6,53.4,19.1,17.8,16.5
20260822,プライムウィザード,,73.5,53.8,19.0,17.4,17.4
20260822,ウブラヴ,,74.0,54.2,19.2,17.7,17.3
20260822,メネルブ,,72.1,53.4,18.5,17.5,17.4
20260822,キシゲヒーロー,,73.7,54.1,19.2,17.5,17.4
20260822,ジェルメーヌ,,71.3,52.4,18.7,16.9,16.8
20260822,ワールドキッス,,95.6,68.7,24.5,22.6,21.6
20260822,ハッピーラブソング,,58.7,42.4,15.8,13.4,13.2
20260822,ザウリ,,94.1,69.5,24.7,23.3,21.5
20260822,カフジポポー,,100.9,74.9,25.3,26.2,23.4
20260822,ベルメグスタ,,96.1,68.8,25.1,22.2,21.5
20260822,スマートプリエール,92.9,71.7,53.2,17.9,17.4,17.9
20260822,パクスロマーナ,,115.4,82.3,29.7,27.2,25.4
20260822,メイショウビストロ,,75.1,54.6,19.3,17.6,17.7
20260822,リアライズ,86.6,67.9,49.8,17.3,16.4,16.1
20260822,バルフルール,74.0,58.3,42.7,15.2,13.7,13.8
20260822,オーレアミスト,,72.3,50.5,18.5,16.4,15.6
20260822,テラレガル,,70.7,52.4,18.2,17.5,16.7
20260822,ペンナヴェローチェ,,70.2,51.0,18.4,16.3,16.3
20260822,コルキス,,69.9,50.6,18.1,16.1,16.4
20260822,ミッキーラヴィータ,85.2,67.5,49.1,17.6,15.9,15.6
20260822,シュバルツマサムネ,98.3,77.4,56.7,20.5,18.5,17.7
20260822,ニュークレド,,66.6,48.1,17.2,15.5,15.4
20260822,ベネサルート,107.5,84.4,61.7,22.0,20.1,19.6
20260822,ボクサークラブ,,66.9,48.7,18.0,15.6,15.1
20260822,スターフュージョン,,66.7,48.2,17.0,16.0,15.2
20260822,サンデー,,87.2,61.2,22.4,20.2,18.6
20260822,デラスゴイガン,,86.9,63.3,20.4,20.8,22.1
20260822,ヘヴンインザレイン,,88.2,62.0,23.1,20.1,18.8
20260822,シークレットキー,,97.6,70.9,25.2,24.2,21.5
20260822,コズミックダンサー,,73.8,53.9,19.5,17.6,16.8
20260822,タガノアルテミス,,71.1,52.3,18.3,16.9,17.1
20260822,ミスティビーコン,,73.1,52.5,19.6,16.7,16.2
20260822,メイショウピュルテ,,73.5,52.3,18.8,16.8,16.7
20260822,サンクサンス,,74.3,53.5,18.6,17.7,17.2
20260822,ディヴァンパーレ,,68.3,48.1,17.6,15.3,15.2
20260822,リチャードバローズ,,233.2,171.7,57.9,57.9,55.9
20260822,アクセス,,233.2,171.8,58.0,57.9,55.9
20260822,ルクスアルカード,,233.1,171.8,57.8,58.1,55.9
20260822,クリノオリーブ,,75.1,54.4,19.2,18.0,17.2
20260822,エイズルブルーム,,74.4,54.0,19.8,17.3,16.9
20260822,ウォータージェード,,85.6,63.7,21.0,21.7,21.0
20260822,ラブシンフォニー,,82.6,62.4,20.7,21.5,20.2
20260822,リチャードバローズ,147.9,114.9,82.3,30.3,27.0,25.0
20260822,アクセス,149.1,115.6,82.6,30.2,27.2,25.2
20260822,パトローナス,,90.5,66.7,22.4,22.3,22.0
20260822,ルクスアルカード,148.1,115.2,82.4,30.2,27.3,24.9
20260822,フェゲフォイア,81.8,64.0,45.8,16.1,14.4,15.3
20260822,メイショウナナユキ,,75.2,54.8,20.1,17.5,17.2
20260822,メイショウナナユキ,83.3,66.1,48.5,17.8,15.4,15.3
20260822,エスカル,270.1,215.4,158.9,56.8,57.8,44.3
20260822,チョウスター,,82.5,58.9,21.0,19.3,18.6
20260822,ホウオウサンデー,,86.5,63.4,20.2,21.2,22.0
20260822,カウンティフェア,95.8,76.3,56.2,19.7,18.4,18.1
20260822,ヴォーカライズ,95.9,76.4,56.3,19.7,18.5,18.1
20260822,ミティリーニ,96.0,76.5,56.3,19.5,18.5,18.3
20260822,トラッドロア,95.8,76.3,56.2,19.6,18.5,18.1
20260822,ゼンノフォトン,82.7,64.6,46.8,16.6,15.0,15.2
20260822,シホノスペランツァ,103.4,81.2,59.3,20.8,20.2,18.3
20260822,メイショウトム,,109.8,79.8,28.6,26.3,24.9
20260822,グランセンチュリ,,69.6,51.2,17.9,16.8,16.5
20260822,クァンタムウェーブ,,65.7,47.0,17.4,15.1,14.5
20260822,アリストクラシア,67.9,53.5,38.5,13.5,12.0,13.0
20260822,ロードメガロポリス,67.8,53.5,38.8,13.4,12.1,13.3
20260822,ルースソラール,66.4,52.3,38.2,13.1,12.1,13.0
20260822,メイショウケンゴウ,84.6,67.2,49.2,17.8,15.7,15.7
20260822,バドリナート,,74.2,53.4,19.1,17.5,16.8
20260822,ノーマンデー,85.9,67.4,49.2,17.5,16.1,15.6
20260822,バドリナート,91.0,72.8,53.1,18.7,17.3,17.1
20260822,モズイージス,135.5,108.6,81.5,26.8,25.4,29.3
20260822,エクスマウス,96.5,76.0,55.7,19.6,18.2,17.9
20260822,マテンロウブレイブ,88.2,69.1,50.0,19.1,16.6,14.3
20260822,ディーエストッキー,,123.3,90.7,32.2,30.2,28.3
20260822,グランドオーパス,,128.2,93.5,32.6,31.0,29.9
20260822,タイセイボーグ,,61.5,43.9,16.2,14.0,13.7
20260822,スウィートライト,,128.2,93.7,32.6,31.2,29.9
20260822,キリマンジェロタフ,,130.7,95.2,33.3,31.8,30.1
20260822,ディーエストッキー,99.8,75.9,54.6,19.4,18.4,16.8
20260822,バロッカネーラ,,70.8,51.7,18.5,16.8,16.4
20260822,ベルヴェール,,72.7,50.7,18.8,15.9,16.0
20260822,グランドオーパス,142.2,108.8,77.4,29.3,25.6,22.5
20260822,スウィートライト,122.3,95.9,70.2,25.3,24.6,20.3
20260822,キリマンジェロタフ,114.3,89.2,66.6,22.6,22.5,21.5
20260822,ティタノマキア,,67.8,49.8,17.1,16.9,15.8
20260822,メイショウナルカミ,99.9,81.3,60.9,20.1,19.9,20.9
20260822,エアビッグマム,77.0,61.9,45.7,16.3,14.7,14.7
20260822,ソルパッサーレ,97.1,77.2,56.2,20.5,18.0,17.7
20260822,セレナオトワ,,78.7,55.7,20.8,17.7,17.2
20260822,ジーティールーナ,,78.2,56.5,19.8,18.6,18.1
20260822,メイショウゲッコウ,,69.4,49.0,18.6,15.7,14.7
20260822,ムイ,88.3,70.3,51.6,18.8,16.9,15.9
20260822,セレーノ,82.8,65.6,47.7,17.2,15.2,15.3
20260822,ゼットレジーナ,,73.1,52.5,19.0,16.0,17.5
20260822,ペンタクルクイーン,,61.3,45.5,16.1,14.8,14.6
20260822,ブームバップビート,,65.2,47.7,16.5,15.8,15.4
20260822,モアリジット,86.3,68.6,50.4,18.3,16.4,15.7
20260822,キタノサワヤカ,,76.0,55.6,19.0,18.1,18.5
20260822,ノチェブエナ,,74.5,51.7,19.8,16.7,15.2
20260822,プリモマーレ,,67.7,49.6,17.5,16.1,16.0
20260822,マイネルグリモア,,75.8,55.6,19.1,18.1,18.4
20260822,ジーティーピカソ,76.8,60.5,44.1,15.2,14.4,14.5
20260822,テイエムプレミラン,80.6,63.7,46.7,16.2,14.9,15.6
20260822,キタノサワヤカ,66.1,51.4,37.3,13.7,11.7,11.9
20260822,マイネルグリモア,65.8,51.3,37.2,13.7,11.6,11.9
20260822,モアリジット,86.0,68.6,50.7,18.0,16.5,16.2
20260822,ダイメイプリンス,,88.0,63.2,22.9,21.2,19.1
20260822,ヴィシュヴァナート,,83.4,63.2,22.2,21.1,19.9
20260822,ゲーベル,73.4,57.6,41.3,15.6,13.1,12.6
20260822,ザックザク,90.1,71.5,52.3,18.4,17.4,16.5
20260822,スリリングチェイス,89.2,69.9,50.0,17.4,16.9,15.7
20260822,ハッピーダンチャン,,76.3,57.1,19.3,19.5,18.3
20260822,ヴェントゥーラ,171.9,141.3,107.4,30.8,42.6,34.0
20260822,クリコバロー,88.3,68.7,49.5,17.5,16.5,15.5
20260822,ベリベリハッピー,88.1,68.7,49.7,17.7,16.4,15.6
20260822,フィールライクユー,108.9,86.7,64.9,21.8,21.5,21.6
20260822,コンテナライン,,84.2,62.3,21.7,20.7,19.9
20260822,シャイック,,81.5,61.1,21.3,20.1,19.7
20260822,コンテナライン,81.6,63.0,45.8,15.8,14.8,15.2
20260822,シャイック,83.8,65.5,48.4,16.6,16.4,15.4
20260822,マハナ,,64.7,46.7,16.9,14.6,15.2
20260822,マイフレダ,,64.6,46.7,16.7,14.8,15.2
20260822,オールセインツ,,64.2,46.3,16.6,15.1,14.6
20260822,サトノステラ,,64.6,47.2,17.2,14.9,15.1
20260822,マイコンプリート,,108.1,80.4,38.4,22.6,19.4
20260822,トライアンフパス,,112.2,81.7,27.5,26.8,27.4
20260822,フェルヴェンテ,,69.9,51.7,17.5,17.0,17.2
20260822,マクアケ,,64.0,46.9,16.4,15.3,15.2
20260822,スティルラブハー,,66.4,48.5,17.2,16.3,15.0
20260822,ヒッグスボソン,,74.6,54.3,20.1,17.0,17.2
20260821,ルスデルカミーノ,74.3,57.4,40.9,14.5,13.5,12.9
20260821,ハイランドウインド,74.2,57.0,40.7,14.4,13.4,12.9
20260821,シュガーシャック,,59.5,42.6,14.5,14.2,13.9
20260821,セイウンランウェイ,,59.1,42.2,14.5,14.3,13.4
20260821,バードウォッチャー,,66.0,47.9,16.7,15.7,15.5
20260821,コパノエビータ,,71.6,52.6,18.2,17.5,16.9
20260821,ローザドーロ,,70.2,50.6,17.5,17.3,15.8
20260821,オールシティキング,,70.5,50.8,17.6,16.8,16.4
20260821,キタノダンサー,91.3,72.1,53.0,18.5,17.6,16.9
20260821,アスクナイスショー,,67.9,48.9,17.4,16.3,15.2
20260821,ディスクリートサム,89.2,71.0,52.6,17.2,17.6,17.8
20260821,ヘイマー,65.6,51.9,38.0,13.7,12.5,11.8
20260821,ピーエムキンチャン,69.5,53.4,38.5,14.4,12.5,11.6
20260821,マイネルシードル,69.2,53.2,38.4,14.3,12.4,11.7
20260821,トーキョーレギー,,57.8,43.3,14.2,14.0,15.1
20260821,シリアルトウショウ,,73.3,53.2,18.8,17.8,16.6
20260821,プリンシパルギフト,68.4,52.4,37.8,13.9,12.2,11.7
20260821,コスモシェルベット,,78.6,56.1,20.0,18.5,17.6
20260821,ヘヴンリーサイン,71.8,56.0,41.0,14.9,13.3,12.8
20260821,キャミソール,71.0,55.1,40.0,14.3,13.0,12.7
20260821,トモジャシャトー,69.8,54.1,39.1,14.0,13.0,12.1
20260821,トゥーザムーン,98.1,76.1,55.8,19.8,18.6,17.4
20260821,マサノピンクレディ,69.9,54.1,39.1,14.0,13.0,12.1
20260821,ヒッチアライド,107.8,85.3,63.3,21.9,21.4,20.0
20260821,トーアモルペウス,,71.1,51.1,18.1,17.1,15.9
20260821,ヤマニンヘルシェ,,71.8,52.5,18.0,17.6,16.9
20260821,ロデオドライブ,93.2,73.0,53.6,18.6,17.4,17.6
20260821,ワンモメンタム,,64.1,46.0,16.0,15.3,14.7
20260821,ゴンファロニエーレ,86.2,67.6,50.1,17.1,16.5,16.5
20260821,エイシンイクサボシ,,95.1,71.4,25.4,23.4,22.6
20260821,オストラヴァ,,71.9,52.9,17.3,18.6,17.0
20260821,タッセルノット,,73.0,53.3,18.2,17.8,17.3
20260821,ラエトゥス,,63.7,44.0,16.9,14.2,12.9
20260821,マイネルリーヒム,73.0,56.2,40.7,14.7,13.8,12.2
20260821,スカイミラー,70.4,54.3,38.5,14.7,12.6,11.2
20260821,アルビオンライズ,70.1,54.0,38.2,14.6,12.3,11.3
20260821,ピーエムリンダ,69.6,53.6,37.9,14.5,12.3,11.1
20260821,スヴァラ,93.7,73.0,52.9,18.2,17.6,17.1
20260821,ピクニックデー,93.4,72.8,52.9,18.1,17.6,17.2
20260821,ファンダム,88.5,69.2,51.0,18.1,16.9,16.0
20260821,ブライティアロード,73.6,56.2,40.4,14.9,13.7,11.8
20260821,ブラウンラチェット,,72.6,52.9,18.2,17.5,17.2
20260821,パレスラン,,75.0,54.4,19.7,17.5,17.2
20260821,ウインシュクラン,66.4,52.0,37.9,14.1,12.6,11.2
20260821,トレベルオール,96.9,75.7,55.2,19.6,18.1,17.5
20260821,ブリスブリンク,96.1,74.8,55.3,19.4,18.1,17.8
20260821,ユイハホンキダゼ,,72.9,53.4,18.1,18.3,17.0
20260821,ラパンチュール,,70.4,51.0,17.8,16.7,16.5
20260821,アオイハルカ,67.0,51.5,36.6,14.0,11.4,11.2
20260821,ドリームゴーズオン,90.3,72.0,52.4,19.3,16.1,17.0
20260821,インパルスドライブ,88.0,70.2,52.0,18.6,16.8,16.6
20260821,ゲイルライダー,,70.2,50.9,17.7,16.8,16.4
20260821,リヒトミューレ,,78.0,57.5,20.1,18.6,18.8
20260821,アジュマン,,93.1,67.8,24.2,22.1,21.5
20260821,メイショウクモイ,92.6,73.6,54.5,19.7,17.1,17.7
20260821,ヴィシュヴァナート,,87.1,63.7,21.7,20.7,21.3
20260821,フィールライクユー,118.1,93.7,69.9,23.5,23.7,22.7
20260821,クリスティーナ,93.1,74.0,55.2,20.3,16.6,18.3
20260821,グランセンチュリ,,75.6,54.4,19.9,17.6,16.9
20260821,サヨノパララックス,,89.6,65.4,23.0,21.2,21.2
20260821,エンルートフライト,,70.6,52.2,18.7,16.9,16.6
20260821,メイショウドキョウ,,69.5,50.7,17.5,16.8,16.4
20260821,サイモンゼスト,,69.7,51.2,18.0,16.8,16.4
20260821,ロイスター,,68.9,48.9,18.7,15.9,14.3
20260821,シーグロリオーゾ,,74.5,54.7,19.1,18.1,17.5
20260821,デルアヴァー,,65.2,48.3,16.7,15.6,16.0
20260821,キタノサワヤカ,,72.1,51.4,19.0,16.6,15.8
20260821,ペイシャマイデイズ,,70.7,49.9,19.0,16.4,14.5
20260821,エアフォースワン,90.0,72.3,53.1,19.6,16.5,17.0
20260821,ヤマカツチャーリー,89.5,71.7,52.8,19.4,16.9,16.5
20260821,ブルーセルリアン,,67.2,49.4,17.3,15.9,16.2
20260821,レイディアントサン,,72.3,52.3,18.7,16.6,17.0
20260821,ヤマトクオーレ,,75.1,54.5,19.4,17.5,17.6
20260821,ヤマトデュノール,,73.9,52.8,18.8,16.9,17.1
20260821,ロードオールライト,,71.8,52.5,18.9,17.0,16.6
20260821,スレッドザニードル,,91.7,64.2,24.9,20.8,18.5
20260821,オーレアミスト,,70.4,48.7,18.6,15.1,15.0
20260821,クリコバロー,103.6,79.4,56.1,21.7,16.6,17.8
20260821,サガルマータ,,85.7,63.5,22.2,20.5,20.8
20260821,アビラーシャ,88.1,69.6,50.2,18.3,16.2,15.7
20260821,ウォータージェード,96.8,76.5,56.2,20.0,18.2,18.0
20260821,ゴールデンスナップ,,72.8,53.7,17.9,17.9,17.9
20260821,チャンネルトンネル,,75.9,55.5,19.1,18.0,18.4
20260821,ココロヅヨサ,,74.2,55.0,18.5,18.5,18.0
20260821,ノチェブエナ,,72.6,52.9,19.0,17.1,16.8
20260821,ブクブクー,,78.5,57.4,19.6,19.3,18.5
20260821,ディヴァンパーレ,,72.8,53.0,19.0,17.1,16.9
20260821,ジュンブロッサム,,66.0,47.8,18.0,15.6,14.2
20260821,マジョレルブルー,,65.4,47.4,16.8,14.9,15.7
20260821,ビーチェマーレ,,63.1,45.7,16.8,14.9,14.0
20260821,ロードヴェリタス,,68.9,47.8,18.8,14.4,14.6
20260821,テーオーアルアイン,69.9,53.8,38.2,14.6,12.0,11.6
20260821,スターチューン,70.9,54.7,38.7,14.8,12.2,11.7
20260821,パトローナス,,106.9,79.9,27.0,26.3,26.6
20260821,シンビリーブ,163.8,132.6,101.2,32.2,37.4,31.6
20260821,メイショウビストロ,,73.7,53.6,19.3,17.2,17.1
20260821,トリポリタニア,,214.2,162.2,58.0,52.4,51.8
20260821,ステイクオール,,214.1,162.1,57.8,52.5,51.8
20260821,チョウスター,,74.3,53.5,19.6,17.4,16.5
20260821,ルクスアルカード,,214.4,162.3,57.8,52.4,52.1
20260821,メイショウブレゲ,66.9,51.1,35.9,13.8,11.1,11.0
20260821,フィアーブル,83.9,67.2,49.9,17.3,16.2,16.4
20260821,マハナ,,69.3,49.6,17.9,15.8,15.9
20260821,トリポリタニア,128.6,99.5,71.6,26.7,23.7,21.2
20260821,ステイクオール,128.8,99.5,71.8,26.8,23.7,21.3
20260821,ルクスアルカード,128.3,99.3,71.6,26.8,23.6,21.2
20260821,ポリキポリキ,,72.0,51.8,18.4,16.7,16.7
20260821,サンクサンス,,77.6,57.8,20.3,19.3,18.2
20260821,ヴォンドゥ,68.5,53.0,37.5,14.1,11.8,11.6
20260821,オーリエイト,67.3,52.2,36.9,13.7,11.7,11.5
20260821,オリンポスカズマ,78.1,61.4,43.9,16.8,13.7,13.4
20260821,モアリジット,89.3,70.9,51.5,19.0,16.5,16.0
20260821,ホルトバージ,108.9,87.9,66.9,22.2,21.6,23.1
20260821,クリノオリーブ,,69.9,50.5,18.1,16.4,16.0
20260821,モアリジット,86.4,68.4,50.0,17.9,16.4,15.7
20260821,フェゲフォイア,88.7,70.5,51.2,19.0,16.3,15.9
20260821,エンベッカ,,51.5,37.0,13.9,11.6,11.5
20260821,サマーブリザード,,77.4,55.7,20.2,17.9,17.6
20260821,ゼットレジーナ,,71.1,52.0,18.5,16.6,16.9
20260821,ベリベリハッピー,,87.8,64.5,23.0,20.7,20.8
20260821,ベリベリハッピー,93.6,74.6,55.2,19.3,17.6,18.3
20260821,メイショウゲキリン,,75.9,54.9,20.7,17.5,16.7
20260821,インザモーメント,88.3,70.7,52.6,18.4,17.2,17.0
20260821,ブルックリンダンス,85.0,66.8,48.4,17.8,15.2,15.4
20260821,アスクエジンバラ,94.3,75.5,55.0,19.8,17.2,18.0
20260821,マルカルーカス,,73.2,54.2,20.0,17.8,16.4
20260821,リチャードバローズ,,293.0,205.8,80.1,86.0,39.7
20260821,ゼンノフォトン,83.7,65.5,47.3,17.1,15.5,14.7
20260821,マイリトルヒーロー,,91.2,67.8,23.2,22.1,22.5
20260821,サトノステラ,,70.2,51.9,18.2,17.0,16.7
20260821,ナムラロダン,93.6,75.5,55.9,19.7,17.9,18.3
20260821,バルフルール,91.3,72.7,53.4,18.8,17.5,17.1
20260821,ジューンマーチ,,62.2,45.6,16.4,14.6,14.6
20260821,タイセイボーグ,,62.9,45.3,16.5,14.5,14.3
20260821,フラッシング,,69.0,49.6,18.5,16.0,15.1
20260821,ベンダバール,,55.4,39.8,14.0,12.5,13.3
20260821,バースデイフライト,74.1,59.5,44.1,15.0,13.9,15.2
20260821,ロックウイズミー,,65.8,47.3,16.8,15.5,15.0
20260821,コトテーラー,,64.7,46.6,17.1,15.1,14.4
20260821,ジーティールーナ,,64.8,46.6,17.0,15.0,14.6
20260821,サンダーバース,,71.8,51.5,19.6,16.1,15.8
20260821,バドリナート,,68.3,50.3,17.6,16.2,16.5
20260821,ダイヤモンドエルザ,,67.1,48.2,17.4,15.5,15.3
20260821,エクスマウス,,77.5,54.9,20.1,17.8,17.0
20260821,メイショウユウゲン,87.9,70.2,52.0,17.8,16.9,17.3
20260821,メイショウハネウマ,,62.6,45.0,17.0,14.7,13.3
20260821,レイアン,,62.8,45.1,17.0,14.3,13.8
20260821,マカホウ,86.2,68.3,50.4,17.6,16.6,16.2
20260820,カーマンライン,92.5,59.6,43.5,15.5,14.6,13.4
20260820,ラパンラピッド,67.1,52.1,37.3,13.6,12.3,11.4
20260820,ヴァズレーヌ,66.5,51.3,37.6,13.3,12.4,11.9
20260820,ラトルシェ,71.7,54.7,40.0,14.9,13.1,12.0
20260820,トレインザマインド,66.3,51.5,37.2,13.2,12.1,11.9
20260820,ジェラートキティ,69.7,53.3,38.6,14.1,12.5,12.0
20260820,トワイライトサイト,65.8,50.9,37.3,13.2,12.2,11.9
20260820,ペイシャラム,68.6,53.5,38.3,14.1,12.5,11.7
20260820,グラスアロー,68.7,53.5,38.3,14.1,12.4,11.8
20260820,ビービーアジャイル,66.2,51.4,37.1,13.1,12.1,11.9
20260820,ギムナシオン,68.2,52.5,38.4,13.8,12.8,11.8
20260820,エクラドリオン,65.1,50.4,36.3,13.1,11.8,11.4
20260820,ノルドヴェスト,65.2,50.9,36.7,13.3,11.9,11.5
20260820,コスモマルーン,65.7,51.3,36.9,13.4,12.0,11.5
20260820,デリシュー,66.8,51.3,36.8,13.4,12.2,11.2
20260820,ショウナンタハティ,69.5,53.9,39.1,14.1,12.8,12.2
20260820,マイネルアレス,68.4,52.7,38.0,13.9,12.5,11.6
20260820,マイネルゼーロス,70.3,53.9,38.8,14.3,12.8,11.7
20260820,ダーリングハースト,66.1,51.2,37.0,13.3,12.3,11.4
20260820,タイセイリッター,66.2,51.0,36.4,13.3,11.9,11.2
20260820,イールーファー,68.9,54.8,40.5,13.4,13.0,14.1
20260820,ラルコ,69.1,53.6,38.8,13.9,12.8,12.1
20260820,メイプルカモーン,68.9,53.3,38.7,13.8,12.7,12.2
20260820,ウラノグラフィア,67.1,51.6,37.3,13.5,12.5,11.3
20260820,マルディランダ,67.3,52.6,38.3,14.2,12.8,11.3
20260820,オルトパラティウム,66.3,51.2,36.6,13.4,12.1,11.1
20260820,マイネルブリックス,67.1,52.1,38.0,13.5,12.6,11.9
20260820,ショーモッシュ,,51.1,36.9,13.0,12.0,11.9
20260820,ファムクラジューズ,66.6,51.8,37.8,13.5,12.5,11.8
20260820,サングラント,67.9,52.2,37.7,13.8,12.4,11.5
20260820,ソウラスフロス,67.5,51.8,37.3,13.5,12.2,11.6
20260820,ショウナンライシン,65.7,51.3,37.4,13.5,12.4,11.5
20260820,ソニックキャット,67.0,52.1,37.8,13.4,12.5,11.9
20260820,トリエンナーレ,67.5,52.8,37.7,13.8,12.1,11.8
20260820,ルージュフローラ,67.5,51.9,36.2,13.3,11.7,11.2
20260820,モウエエデショー,70.4,54.5,39.4,14.9,13.5,11.0
20260820,ノアヴェルテ,67.1,51.7,37.3,13.1,12.1,12.1
20260820,エンジャムメント,66.9,52.0,37.7,13.5,12.2,12.0
20260820,ハーモニープルーフ,67.7,52.9,37.8,13.8,12.2,11.8
20260820,イズミル,67.1,51.5,37.3,13.1,12.1,12.1
20260820,ショウナンラプソ,67.4,51.8,36.2,13.4,11.7,11.1
20260820,ジャンビ,74.8,58.4,42.8,14.9,14.0,13.9
20260820,ロードストラダーレ,88.1,68.8,51.3,18.1,17.6,15.6
20260820,ポンテヴェッキオ,67.8,52.1,37.7,13.3,12.4,12.0
20260820,ショウナンバッカス,66.5,51.1,36.9,13.0,12.1,11.8
20260820,コスモコリウス,66.2,51.0,36.9,12.9,12.0,12.0
20260820,ペルウィクトール,,52.8,36.0,13.4,11.7,10.9
20260820,マイネルメサイア,68.4,53.1,38.6,13.7,12.7,12.2
20260820,アーバンシック,66.1,51.3,37.1,13.5,12.1,11.5
20260820,ゲンパチルーナ,68.7,52.6,37.9,13.5,12.4,12.0
20260820,クリアクォーツ,91.3,72.0,52.5,18.6,16.9,17.0
20260820,ボウウィンドウ,66.7,51.8,37.4,13.6,12.4,11.4
20260820,マルカベント,65.1,50.3,35.9,12.8,11.9,11.2
20260820,ソルティアーラ,67.7,51.9,37.2,12.9,12.3,12.0
20260820,アグネスブリッツ,69.7,53.3,39.2,13.7,13.1,12.4
20260820,スリーコーズ,70.0,53.9,39.3,14.1,13.3,11.9
20260820,ノーウェアマン,65.6,50.7,36.2,12.8,12.1,11.3
20260820,タイダルロック,65.6,51.1,36.9,13.3,11.9,11.7
20260820,ポッドビート,69.7,53.8,39.3,14.1,13.3,11.9
20260820,マイネルウルカヌス,68.6,53.6,38.7,14.4,12.5,11.8
20260820,マリノフスキー,69.6,54.4,39.3,14.5,12.8,12.0
20260820,グロッシェン,68.3,53.2,38.2,13.9,12.6,11.7
20260820,シアブリス,67.0,51.6,37.6,13.5,12.4,11.7
20260820,プレママドンナ,67.6,52.7,37.6,13.6,12.5,11.5
20260820,ビップスコーピオン,192.3,153.3,115.4,39.2,38.6,37.6
20260820,トーアモルペウス,,77.0,55.9,19.5,18.9,17.5
20260820,ヤマニンエンディマ,,76.1,54.9,19.9,18.3,16.7
20260820,リアライズオーラム,67.3,51.6,36.9,13.2,12.1,11.6
20260820,ユキノグラス,70.1,54.3,39.8,13.9,13.3,12.6
20260820,トモジャボーテ,70.1,54.4,39.8,13.9,13.3,12.6
20260820,インヴィディア,67.1,51.4,36.9,13.2,12.1,11.6
20260820,スロノス,66.7,51.0,36.5,13.0,12.0,11.5
20260820,ヴィーデ,70.5,54.1,39.5,14.4,13.3,11.8
20260820,ロマンス,67.8,52.3,37.8,13.9,12.5,11.4
20260820,イベリスアマラ,69.4,54.1,39.0,14.2,13.0,11.8
20260820,スリーエンジェル,69.8,54.3,39.2,14.3,13.1,11.8
20260820,レッドアバンドーネ,67.3,51.5,37.3,13.8,12.2,11.3
20260820,ロードフロリゼル,67.0,51.6,37.8,13.1,12.5,12.2
20260820,サイレントキラー,70.9,55.0,40.5,13.9,13.7,12.9
20260820,クロノスフィア,70.9,54.9,40.4,13.9,13.6,12.9
20260820,ホウオウファミリー,68.8,53.3,38.4,14.2,12.9,11.3
20260820,ダノンマスタング,68.3,52.7,38.1,14.1,12.9,11.1
20260820,テキサス,68.6,53.0,38.3,14.2,12.9,11.2
20260820,マックアルイーン,65.4,50.4,36.0,13.2,11.4,11.4
20260820,フォーエバーブルー,99.4,79.4,59.9,20.2,20.2,19.5
20260820,ハイビスカス,102.7,81.9,60.8,21.5,20.6,18.7
20260820,グアラニア,70.3,54.3,38.7,14.2,12.8,11.7
20260820,マイネルブリオン,69.1,53.2,38.0,13.8,12.3,11.9
20260820,トラマンダーレ,67.8,52.4,37.5,13.9,12.2,11.4
20260820,オーブルクール,67.5,52.8,38.8,13.4,13.0,12.4
20260820,ニシノケンタマン,69.1,53.3,38.2,13.8,12.7,11.7
20260820,オシゴリ,70.0,54.2,39.1,14.3,12.9,11.9
20260820,ワンキャンパス,69.5,53.7,38.7,14.2,12.7,11.8
20260820,ビリオネアボーイ,66.6,52.4,37.6,13.8,12.1,11.7
20260820,サクセスカラー,70.3,54.3,38.6,14.4,12.4,11.8
20260820,スマートブル,69.8,54.6,39.5,14.6,13.1,11.8
20260820,アルシャンティ,68.9,53.8,39.0,14.4,12.9,11.7
20260820,ルミナスレイナ,67.4,52.8,38.5,14.1,12.6,11.8
20260820,ヤマメホープ,67.4,52.7,38.6,13.7,12.9,12.0
20260820,プレイザリード,65.8,51.6,37.2,13.2,12.4,11.6
20260820,ソナタムーンライト,67.8,53.3,38.7,13.9,12.9,11.9
20260820,ジーティーブラック,66.6,51.8,37.8,14.0,12.4,11.4
20260820,ダノンドナウ,68.7,54.0,38.9,14.3,12.9,11.7
20260820,ホットゥトロット,66.1,52.2,37.9,13.6,12.7,11.6
20260820,ヤマメゴリュウ,69.3,54.2,39.2,14.1,12.7,12.4
20260820,サクセスメロディー,69.2,54.2,39.1,14.0,12.7,12.4
20260820,ヒゲキリ,67.2,52.4,37.6,13.7,12.4,11.5
20260820,ノルトハウゼン,66.8,52.2,38.0,14.0,12.5,11.5
20260820,サルーミアモール,66.8,52.2,37.3,13.6,12.3,11.4
20260820,ペネトレイトゴー,72.0,55.1,39.7,14.2,13.1,12.4
20260820,アルプスオジョー,68.1,52.5,38.0,14.0,12.7,11.3
20260820,テイキットイージー,69.5,54.1,39.9,13.8,13.1,13.0
20260820,カルマンフィルター,72.6,55.6,40.0,14.2,13.2,12.6
20260820,サヨノジャンボリー,68.2,53.5,38.8,14.2,12.7,11.9
20260820,コスモグラニット,67.9,52.7,38.0,13.8,12.6,11.6
20260820,アシャカトベ,68.5,53.6,38.9,14.3,12.7,11.9
20260820,アストリル,66.1,52.2,38.1,13.4,12.9,11.8
20260820,マイネルアルゴー,67.7,53.3,38.6,14.0,12.6,12.0
20260820,マイトレーヤー,67.8,52.3,37.7,13.9,12.5,11.3
20260820,ソロンゴ,67.3,52.5,37.8,13.9,12.6,11.3
20260820,ブラッキッシュ,,74.2,53.7,18.8,17.7,17.2
20260820,アクロスザリバー,70.8,54.9,40.3,14.0,13.5,12.8
20260820,ファインサマーデイ,66.9,52.2,38.6,13.5,12.5,12.6
20260820,セレスティナ,64.0,49.4,36.7,12.8,12.3,11.6
20260820,オーディンスピア,66.7,52.3,39.0,13.3,12.8,12.9
20260820,ゴールデンルーキー,72.7,56.7,41.7,14.3,13.7,13.7
20260820,ルシャルムール,65.0,50.9,37.4,13.4,12.3,11.7
20260820,エリプティクカーブ,66.8,52.3,38.1,13.9,12.5,11.7
20260820,ショウナンワンパク,65.6,51.5,37.7,13.7,12.5,11.5
20260820,エコロゲラン,65.7,51.5,37.9,13.8,12.4,11.7
20260820,バードウォッチャー,,62.9,46.9,15.9,15.9,15.1
20260820,シスター,76.0,61.0,45.8,15.9,15.1,14.8
20260820,フォーグッド,66.9,51.9,37.3,13.6,12.3,11.4
20260820,スピンザブラッド,67.4,52.2,37.5,13.8,12.3,11.4
20260820,ヴェーヌドール,66.9,52.0,37.2,13.5,12.2,11.5
20260820,グリーンエナジー,72.8,56.8,41.6,15.0,13.7,12.9
20260820,ゴーイントゥスカイ,70.2,54.2,38.3,13.8,12.6,11.9
20260820,キャトルエピス,66.1,51.0,36.9,14.0,11.8,11.1
20260820,ウインテラジーナ,67.2,52.1,37.4,14.3,11.9,11.2
20260820,マリアイリダータ,69.2,53.7,39.0,13.8,12.8,12.4
20260820,シーアンドパールズ,70.5,55.0,40.4,14.1,13.6,12.7
20260820,ヴァルキリーバース,65.8,51.2,37.5,13.2,12.8,11.5
20260820,ドリームコア,65.3,50.8,37.2,13.1,12.6,11.5
20260820,アバレリュウ,69.1,53.9,39.0,14.2,12.8,12.0
20260820,ボールドタワー,69.3,54.3,39.3,14.2,12.9,12.2
20260820,ソードスレイプニル,68.0,52.8,38.3,14.1,12.8,11.4
20260820,ミスエル,,75.1,54.5,19.5,18.2,16.8
20260820,マインドブレイズ,,75.7,54.9,19.8,18.0,17.1
20260820,エンジェルサン,70.4,55.1,39.9,14.9,13.2,11.8
20260820,モモンウールー,68.5,53.5,37.9,14.8,11.8,11.3
20260820,パシフィックドーン,67.9,52.8,37.5,14.5,11.7,11.3
20260820,モンシェリ,67.4,51.9,36.6,13.2,11.4,12.0
20260820,ジョウゲンノツキ,67.5,52.9,38.1,13.7,11.9,12.5
20260820,キーチパルフェ,68.1,52.9,37.9,14.1,12.3,11.5
20260820,ダノンシーマ,67.6,51.8,36.2,13.9,11.2,11.1
20260820,ハッピーチャンス,68.1,53.5,38.6,13.8,12.5,12.3
20260820,ジャイアンバローズ,69.5,53.0,37.5,14.0,12.0,11.5
20260820,エイズルブルーム,68.8,53.1,37.5,14.3,12.0,11.2
20260820,アクシュラ,,52.1,37.6,13.7,12.1,11.8
20260820,サトノシャッツ,69.0,52.5,37.2,13.9,12.0,11.3
20260820,ブレットパス,67.8,52.1,36.5,14.1,11.4,11.0
20260820,ディープナイト,67.9,53.3,38.5,13.9,12.4,12.2
20260820,トレビスドンナ,69.1,52.5,37.1,13.8,11.9,11.4
20260820,ザウリ,,90.4,66.1,23.0,22.4,20.7
20260820,セシリエプラージュ,71.6,55.2,38.4,15.3,11.7,11.4
20260820,ストレングス,68.5,53.6,38.3,14.5,12.2,11.6
20260820,ハッピーマン,68.2,52.6,36.7,14.3,11.2,11.2
20260820,ハギノコラソン,68.9,53.9,38.7,14.4,12.3,12.0
20260820,シュネルアンジュ,77.0,60.3,43.2,15.5,14.5,13.2
20260820,リアライズグリント,66.1,51.6,37.4,13.6,12.0,11.8
20260820,リスグロワール,67.6,52.8,38.2,14.1,12.2,11.9
20260820,メイショウヤーキス,70.0,53.2,37.3,14.5,11.5,11.3
20260820,オプティモ,68.8,53.7,38.7,14.3,12.4,12.0
20260820,キムケンシーサー,70.7,55.1,39.0,15.1,12.4,11.5
20260820,ホットロッドハート,70.2,54.8,38.7,15.0,12.2,11.5
20260820,バークシャーシチー,67.6,53.1,37.7,14.2,11.7,11.8
20260820,ムービーマジック,67.2,52.5,37.6,14.1,11.7,11.8
20260820,バーケンティン,73.0,56.8,39.8,16.1,12.3,11.4
20260820,ベリベリハッピー,,129.7,96.7,33.8,32.4,30.5
20260820,シグロデオロ,72.7,56.5,39.6,16.0,12.2,11.4
20260820,ハツアカネ,67.3,52.4,37.7,13.6,12.2,11.9
20260820,ベリベリハッピー,117.3,92.2,68.1,23.9,22.8,21.4
20260820,ゴルディアス,66.3,51.3,37.4,13.4,12.1,11.9
20260820,チョウスター,,76.6,55.5,19.6,18.3,17.6
20260820,デルアヴァー,,65.5,47.9,16.6,15.6,15.7
20260820,レウコテア,67.1,52.3,37.4,14.1,11.7,11.6
20260820,コメットサン,66.5,51.9,37.1,13.9,11.7,11.5
20260820,メイショウタバル,71.8,54.9,38.9,14.7,12.0,12.2
20260820,リッケンバッカー,69.4,54.1,38.1,14.4,12.1,11.6
20260820,ハッピーダンチャン,,124.3,92.4,29.3,31.5,31.6
20260820,トモジャシック,71.3,54.8,38.9,14.6,12.1,12.2
20260820,オーレアミスト,,75.0,53.9,20.0,17.2,16.7
20260820,メイショウナルカミ,,83.0,57.8,23.1,18.2,16.5
20260820,ユウトザレン,,58.7,42.2,15.4,13.3,13.5
20260820,メイショウアツイタ,71.0,55.2,39.4,14.6,12.6,12.2
20260820,カルロット,66.0,51.8,37.2,14.0,12.0,11.2
20260820,ケイエイト,67.3,53.3,38.4,13.9,11.9,12.6
20260820,タイセイカイザー,69.6,53.6,37.6,14.4,11.7,11.5
20260820,ボルセーナ,70.3,54.5,38.4,14.8,12.2,11.4
20260820,プッシュバーン,66.3,52.3,37.5,13.8,11.7,12.0
20260820,ワンダーラヴグッド,66.9,52.9,38.0,13.9,11.8,12.3
20260820,ローズラフィネ,72.5,56.2,40.2,14.8,12.6,12.8
20260820,コルレオニス,69.1,53.3,37.9,14.6,11.8,11.5
20260820,バステール,,105.3,75.6,27.6,24.8,23.2
20260820,エーデルヴェーグ,68.1,51.3,36.0,13.7,11.3,11.0
20260820,ジーティーダーリン,76.1,59.5,42.6,15.8,13.2,13.6
20260820,レイバックスピン,,65.5,48.0,16.8,15.6,15.6
20260820,シンビリーブ,98.2,76.5,54.3,20.5,16.4,17.4
20260820,パイオニアスクエア,69.2,53.9,38.7,14.1,12.1,12.5
20260820,ダノンアズール,,69.9,51.2,17.6,17.5,16.1
20260820,バレエマスター,65.5,50.8,36.5,13.4,11.3,11.8
20260820,ヨシノヤッタルデー,70.8,54.7,38.2,14.4,12.1,11.7
20260820,メイショウトライオ,87.1,70.0,52.2,18.6,17.4,16.2
20260820,ピュアノーブル,,69.7,50.0,18.0,16.3,15.7
20260820,ヨウシタンレイ,67.7,53.0,37.6,14.0,11.7,11.9
20260820,リムリックアイル,67.4,52.8,37.5,13.9,11.7,11.9
20260820,ブラックシールド,65.1,51.0,36.7,13.3,11.5,11.9
20260820,ヴォンドゥ,,72.3,52.7,19.8,17.1,15.8
20260820,ロードマイライフ,66.9,52.5,37.5,14.6,11.7,11.2
20260820,ロールザダイス,65.3,50.8,36.3,13.6,11.5,11.2
20260820,シホノグラツィア,66.7,52.3,37.4,14.6,11.5,11.3
20260820,テレサ,67.7,53.1,38.1,14.1,12.4,11.6
20260820,シルフズミスチーフ,68.5,53.2,37.5,14.1,11.9,11.5
20260820,サンタカタリナ,67.0,52.3,37.3,14.2,11.8,11.3
20260820,ロードスタニング,66.6,51.9,36.7,13.7,11.6,11.4
20260820,エーテルワーム,66.8,52.2,37.1,14.0,11.8,11.3
20260820,ロードフローリス,65.4,51.8,37.1,13.8,11.9,11.4
20260820,ベラジオセブン,65.7,52.0,37.3,13.8,12.0,11.5
20260820,フライングブレード,70.3,55.3,39.4,14.8,12.6,12.0
20260820,ショーダンサー,68.7,53.5,37.8,14.4,11.8,11.6
20260820,アスクアットバット,64.6,50.5,36.0,13.4,11.3,11.3
20260820,ルーセントムーン,67.2,52.1,36.8,14.0,11.4,11.4
20260820,メイショウスパーク,69.8,54.8,39.2,14.8,12.5,11.9
20260820,オリンポスカズマ,91.4,73.3,53.8,19.0,17.3,17.5
20260820,バニーラビット,68.8,53.7,38.5,14.4,12.3,11.8
20260820,サンスベリア,68.5,54.6,39.6,14.6,12.4,12.6
20260820,ラッキーヴォーグ,68.1,54.0,39.0,14.4,12.6,12.0
20260820,クリノオリーブ,,67.0,48.0,17.4,15.6,15.0
20260820,ミッキースターダム,68.6,53.9,38.4,14.5,12.1,11.8
20260820,ミンコフスキー,68.4,53.5,38.3,13.9,12.1,12.3
20260820,メイショウビストロ,,104.7,76.8,26.7,26.0,24.1
20260820,ナムラロダン,81.2,64.9,47.3,17.1,15.1,15.1
20260820,ナリタアーマー,78.6,62.1,45.6,16.1,15.0,14.5
20260820,マイコンプリート,,65.8,46.1,17.6,14.8,13.7
20260820,ゼットレジーナ,,73.2,52.1,19.2,16.4,16.5
20260820,アスクエジンバラ,99.4,78.6,56.9,20.7,17.8,18.4
20260820,ファランギーナ,,66.8,48.4,17.2,15.9,15.3
20260820,ピカラ,68.7,53.4,38.1,14.4,12.6,11.1
20260820,ミッキーマーメイド,65.7,51.7,36.6,13.6,11.5,11.5
20260820,ダイヤモンドノット,63.3,49.7,35.8,13.1,11.3,11.4
20260820,ロングトールサリー,64.9,51.2,36.5,13.7,11.2,11.6
20260820,エナジーグラン,67.0,52.3,37.1,14.0,11.7,11.4
20260820,ホルトバージ,117.1,93.6,69.4,24.0,23.5,21.9
20260820,バミューダブーケ,70.9,54.7,38.5,15.1,12.1,11.3
20260820,インティサール,70.3,54.2,38.0,14.9,12.0,11.1
20260820,ガラード,70.7,55.5,39.1,15.5,12.0,11.6
20260820,マイリトルヒーロー,,96.9,67.8,24.3,22.7,20.8
20260820,ノチェセラーダ,68.9,54.5,38.4,15.2,11.6,11.6
20260820,レイデアルマス,70.1,55.2,38.8,15.2,11.8,11.8
20260820,テムタワーボス,71.3,54.5,38.1,14.4,12.0,11.7
20260820,セブンサークル,71.2,54.4,38.0,14.3,12.1,11.6
20260820,メイショウブレゲ,95.9,74.0,52.2,18.8,17.0,16.4
20260820,スレッドザニードル,,89.0,58.8,23.4,18.6,16.8
20260819,チェルヴィニア,65.8,50.7,36.6,13.6,11.6,11.4
20260819,ライネリーベ,66.0,51.1,36.9,13.5,12.1,11.3
20260819,フェイトロード,69.6,54.2,39.5,13.8,13.2,12.5
20260819,コスモサガルマータ,66.1,50.7,37.1,13.5,12.4,11.2
20260819,エフォートレス,66.3,51.5,36.8,13.5,12.1,11.2
20260819,セブンマイスター,68.1,52.7,37.9,14.0,12.4,11.5
20260819,ワンダラー,67.8,52.3,37.4,13.6,12.3,11.5
20260819,ウィンスタンリー,67.4,51.9,37.1,13.5,12.2,11.4
20260819,ブルーマエストロ,67.0,51.6,36.8,13.3,12.1,11.4
20260819,シャドウメテオ,67.5,51.2,36.7,13.4,12.3,11.0
20260819,コスモアンソロジー,65.6,51.0,36.4,13.4,11.9,11.1
20260819,フランシスガリバー,67.1,52.2,37.5,13.7,12.2,11.6
20260819,アデルフィー,68.8,52.3,37.6,13.8,12.6,11.2
20260819,ゴルタン,67.7,52.5,37.8,13.9,12.1,11.8
20260819,ハビレ,66.3,51.6,37.1,13.5,12.3,11.3
20260819,アルセナール,67.2,52.1,37.6,13.8,12.4,11.4
20260819,ステレンボッシュ,65.6,50.7,36.4,13.4,12.0,11.0
20260819,チェルシー,64.9,50.7,37.0,13.3,12.1,11.6
20260819,セブンメデュラス,68.6,54.2,39.2,13.8,12.5,12.9
20260819,リポサンテ,68.6,53.2,38.1,14.1,12.6,11.4
20260819,コウセイケンタロス,67.9,52.6,37.9,13.8,12.3,11.8
20260819,カフェシューター,64.7,50.4,36.8,13.2,12.1,11.5
20260819,ヴァリスマリネリス,64.3,50.2,36.5,13.1,11.9,11.5
20260819,ココナッツコースト,67.5,52.4,37.9,13.9,12.6,11.4
20260819,ワインダークシー,66.6,51.4,37.1,13.4,12.1,11.6
20260819,ゾロアストロ,65.2,50.3,36.1,13.3,11.8,11.0
20260819,ランブルスコ,68.1,52.7,37.7,14.1,12.3,11.3
20260819,レッドレガリア,67.7,52.6,38.0,13.9,12.7,11.4
20260819,センターアイランド,67.2,51.9,37.4,13.3,12.3,11.8
20260819,アリソウミ,69.1,53.6,38.9,13.7,12.7,12.5
20260819,スノーキャップ,67.8,52.3,37.8,13.6,12.4,11.8
20260819,ジップスパーク,65.9,50.8,36.8,13.2,12.0,11.6
20260819,ジュベルシャムス,69.8,54.6,40.0,14.1,13.0,12.9
20260819,セイルトゥグローリ,66.3,51.1,37.1,13.3,12.1,11.7
20260819,ウインドワンピース,68.5,53.2,38.3,14.1,12.6,11.6
20260819,セイウンデセオ,64.9,50.9,36.7,13.7,12.1,10.9
20260819,ブルバンビーナ,68.0,52.2,37.5,13.5,12.5,11.5
20260819,エーオーキング,67.2,52.3,38.2,13.5,12.4,12.3
20260819,ブレトワルダ,68.5,53.9,38.7,14.4,12.8,11.5
20260819,ルージュミレネール,65.4,50.1,36.5,13.0,12.1,11.4
20260819,アンプイットアップ,67.2,52.4,37.9,14.1,12.6,11.2
20260819,スイートハイデン,69.7,54.3,39.6,14.1,13.4,12.1
20260819,ゴールドプレイヤー,65.4,50.3,36.3,12.8,12.1,11.4
20260819,シュガーシャック,66.0,50.9,36.7,13.0,12.3,11.4
20260819,ディスペアーホープ,68.0,53.1,38.8,14.3,12.9,11.6
20260819,ジェイエルキール,68.0,52.7,38.2,13.9,12.5,11.8
20260819,ノーブルフォース,68.1,52.9,38.4,13.9,12.4,12.1
20260819,チョトツモウシン,67.5,52.7,38.4,14.3,12.6,11.5
20260819,フェアリースノー,69.4,53.6,39.0,13.4,12.8,12.8
20260819,イントリー,66.7,51.2,36.5,12.9,12.2,11.4
20260819,レッチュベルク,66.1,51.2,36.8,13.2,12.3,11.3
20260819,リバートゥルー,68.5,53.5,38.1,14.1,12.6,11.4
20260819,キョウエイフロイデ,69.9,53.7,38.7,14.0,13.0,11.7
20260819,サンセットブライト,66.9,52.1,37.6,13.6,12.5,11.5
20260819,マイネルモメンタム,67.1,52.2,38.0,13.5,12.5,12.0
20260819,アラレタバシル,66.7,51.6,36.9,13.3,12.2,11.4
20260819,レヴィテーション,72.3,56.9,40.9,15.0,13.7,12.2
20260819,ノーブルライナー,68.3,52.9,38.0,13.8,12.6,11.6
20260819,ロフティストーリー,69.2,54.0,38.7,14.4,12.8,11.5
20260819,ベアダイヤモンド,67.7,52.1,37.1,13.4,12.2,11.5
20260819,サクセスボーイ,67.7,52.7,38.3,13.8,12.6,11.9
20260819,オーケーエース,66.1,51.3,37.2,13.5,12.2,11.5
20260819,ライヴテキーラ,,52.9,38.4,14.4,12.1,11.9
20260819,モントリオール,67.1,51.8,36.9,13.3,12.2,11.4
20260819,タイセイアディクト,66.9,52.1,37.1,13.5,12.2,11.4
20260819,ニシノコマチムスメ,66.0,50.4,36.1,12.5,11.9,11.7
20260819,サザンティスプーン,67.0,52.1,37.6,13.8,12.5,11.3
20260819,ララバニュルス,64.0,48.9,35.0,12.7,11.3,11.0
20260819,ヴィヴァラリス,67.3,52.4,38.3,13.3,12.5,12.5
20260819,エリーナストーム,67.8,51.5,36.8,13.3,12.0,11.5
20260819,ブレスドナイル,68.3,53.3,38.5,14.3,12.6,11.6
20260819,ダイヒョウカーク,66.2,50.7,36.3,12.8,11.8,11.7
20260819,ヴェロシスタ,69.0,53.8,38.3,14.0,12.8,11.5
20260819,コスモアルペジオ,68.8,52.2,37.5,13.6,12.3,11.6
20260819,ボニープリンス,64.4,49.2,35.3,12.8,11.3,11.2
20260819,アニーリング,66.4,51.2,37.0,13.6,12.0,11.4
20260819,ワンモアタイム,69.1,52.7,38.0,13.6,12.6,11.8
20260819,タイセイソアリング,68.2,53.5,38.0,13.9,12.6,11.5
20260819,ポケットブック,70.2,55.2,40.4,14.4,13.2,12.8
20260819,チェスティーノ,68.5,52.0,37.2,13.5,12.1,11.6
20260819,ローザヴェローナ,65.6,50.4,36.6,13.3,12.0,11.3
20260819,レイナクリューソス,70.0,55.2,40.3,14.3,13.2,12.8
20260819,フィーリウス,68.1,52.7,37.7,14.1,12.4,11.2
20260819,コパノヴィンセント,69.6,53.4,38.1,13.9,12.5,11.7
20260819,キタノエピックアン,68.7,53.2,38.5,13.7,12.7,12.1
20260819,フロリメル,72.3,55.9,40.8,14.6,13.4,12.8
20260819,ピクシーゲイル,68.7,53.3,38.1,13.9,12.4,11.8
20260819,キチロクゴール,69.1,53.5,38.3,14.0,12.5,11.8
20260819,スペシャルギフト,71.5,55.0,40.0,14.4,13.1,12.5
20260819,エイシンイクサボシ,69.3,54.4,40.2,13.7,13.3,13.2
20260819,アーティキュレート,68.9,53.1,37.9,14.2,12.5,11.2
20260819,イモータリス,68.0,52.7,37.6,14.0,12.2,11.4
20260819,ファブリック,67.0,52.3,38.0,13.8,12.5,11.7
20260819,ゴルトシェーン,66.7,52.1,37.8,13.7,12.3,11.8
20260819,ハイネスプラウド,65.9,51.5,37.7,13.5,12.4,11.8
20260819,ティアラスピリット,68.8,53.1,37.5,13.4,12.3,11.8
20260819,チョコブラウニー,67.2,52.1,37.9,14.2,12.2,11.5
20260819,トーキョーレギー,72.6,57.6,42.5,14.8,13.7,14.0
20260819,シリアルトウショウ,72.6,57.5,42.4,14.9,13.7,13.8
20260819,オンザライン,67.5,52.6,38.2,13.6,12.9,11.7
20260819,ハセドン,68.0,53.2,38.1,14.0,12.6,11.5
20260819,ボーンディスウェイ,68.1,53.2,38.4,13.9,12.6,11.9
20260819,ミエノブラボー,68.5,53.1,38.3,14.0,13.0,11.3
20260819,マーズオデッセイ,68.8,53.5,38.7,14.2,13.0,11.5
20260819,スペードギニー,66.9,52.2,37.9,13.5,12.8,11.6
20260819,ダイヤテソーロ,67.4,52.7,38.4,13.5,12.6,12.3
20260819,ブルーグラビティ,68.3,53.5,38.4,14.2,12.7,11.5
20260819,ロジグローリー,67.6,52.7,38.0,13.8,12.4,11.8
20260819,ガヤーズアモーレ,68.4,53.0,38.2,14.1,12.8,11.3
20260819,フォンデネージュ,68.0,52.2,37.4,13.6,12.0,11.8
20260819,ケイケイ,69.0,52.2,37.1,13.4,12.1,11.6
20260819,ラヴスコール,70.4,53.9,39.1,13.5,12.9,12.7
20260819,ドルビナ,68.8,52.3,37.1,13.4,12.1,11.6
20260819,ミエスタ,69.3,52.7,38.1,13.4,12.7,12.0
20260819,エルシオン,,56.3,40.2,14.6,13.4,12.2
20260819,ゴールデンパルス,,56.7,40.7,15.0,13.7,12.0
20260819,ベアヒロシデス,67.8,51.3,37.2,13.0,12.6,11.6
20260819,エレスレイプニル,67.6,51.3,37.1,13.0,12.5,11.6
20260819,グリマルキン,,56.6,40.6,14.7,13.6,12.3
20260819,メタルスピード,68.5,53.6,39.2,14.2,13.4,11.6
20260819,フォーディアライフ,69.6,53.9,38.8,14.2,12.8,11.8
20260819,ワカミヤイリオス,66.7,52.3,38.6,13.5,12.8,12.3
20260819,ベラトール,70.1,55.1,39.8,14.4,13.5,11.9
20260819,ジャックナダル,64.8,50.5,36.5,13.7,12.0,10.8
20260819,デルマテイネ,70.9,54.9,40.1,14.7,13.6,11.8
20260819,ヨドノティアラ,69.0,53.3,38.5,14.1,12.6,11.8
20260819,ロックフラワー,66.0,51.6,37.3,13.9,12.1,11.3
20260819,イッテラッシャイ,68.2,53.3,38.8,14.0,13.3,11.5
20260819,シンギュラリティ,66.4,51.8,37.5,13.9,12.2,11.4
20260819,シルバープレミア,69.4,54.4,39.6,13.9,13.3,12.4
20260819,トレフォイルノット,68.7,53.3,38.4,13.5,12.9,12.0
20260819,ハニージョー,68.7,53.0,38.5,13.7,13.0,11.8
20260819,ニシノツムジカゼ,70.2,55.5,39.9,14.1,13.2,12.6
20260819,メモリーグラス,71.3,55.0,39.2,14.7,13.2,11.3
20260819,ブロッケンボウ,70.7,54.4,38.7,14.5,13.0,11.2
20260819,リッキースタイル,70.6,54.3,38.7,14.5,13.0,11.2
20260819,パーティーガール,68.2,53.3,38.7,13.8,12.4,12.5
20260819,ウインスターリング,69.1,53.3,38.5,14.4,12.9,11.2
20260819,ニシノゲッパク,66.0,51.5,37.3,13.5,12.2,11.6
20260819,ガミーヌ,70.0,54.5,39.1,14.4,13.0,11.7
20260819,ヘクトルテソーロ,68.3,52.8,38.0,14.2,12.7,11.1
20260819,マイサマーガール,67.8,52.7,38.3,13.7,12.6,12.0
20260819,オオルリ,68.9,54.2,40.2,13.4,12.7,14.1
20260819,ライングラウス,66.7,51.9,37.8,13.5,12.4,11.9
20260819,モチロンコクラ,68.2,53.2,38.8,13.7,12.7,12.4
20260819,リアスハート,67.0,52.0,37.8,13.5,12.4,11.9
20260819,ヴィクトリーロード,70.2,54.1,38.8,13.8,12.7,12.3
20260819,クロドラバール,68.2,52.5,37.7,13.7,12.3,11.7
20260819,ポッドロワール,68.0,52.7,37.9,13.7,12.4,11.8
20260819,ピコシー,67.6,52.1,37.5,13.7,12.2,11.6
20260819,ブライティアロード,76.6,57.4,41.6,14.8,13.5,13.3
20260819,マイネルオラクル,91.7,69.5,50.2,17.6,16.8,15.8
20260819,チャリングクロス,66.8,51.5,37.1,13.5,12.2,11.4
20260819,ゴールドシーン,66.1,50.3,36.6,13.1,12.2,11.3
20260819,バトルモクオ,68.5,53.1,37.7,13.8,12.3,11.6
20260819,フォンドルレール,69.3,53.7,38.3,13.9,12.5,11.9
20260819,マイネルジェロディ,65.1,49.8,36.2,13.2,11.9,11.1
20260819,ウインドオブヘヴン,67.8,52.6,38.2,13.9,12.8,11.5
20260819,ピグマリオン,68.8,53.2,38.6,13.9,12.3,12.4
20260819,ヘヴンリーサイン,70.4,54.8,39.6,14.6,12.7,12.3
20260819,シーラーステート,66.0,50.7,36.9,13.5,12.2,11.2
20260819,サンプラザマツモト,68.2,53.1,38.6,13.5,12.7,12.4
20260819,ペントザリス,66.9,51.9,37.6,13.9,12.3,11.4
20260819,フタイテンロック,67.5,52.3,37.7,13.4,12.4,11.9
20260819,ナインオブレター,67.1,51.7,37.3,13.2,12.2,11.9
20260819,ココビスケット,73.6,57.1,41.1,14.4,14.0,12.7
20260819,ゴールデンステップ,68.6,53.0,38.4,13.7,12.6,12.1
20260819,エポカスピーガ,66.1,51.4,37.5,13.8,12.4,11.3
20260819,コスモアンタレス,67.4,51.8,37.6,13.1,12.4,12.1
20260819,レディホークダイヤ,68.4,53.3,39.1,14.4,13.0,11.7
20260819,エンセリオ,66.3,51.1,36.7,13.1,12.0,11.6
20260819,メリーサウンド,67.2,52.1,37.6,13.6,12.4,11.6
20260819,ナックエルドラド,70.6,54.2,38.8,14.4,13.0,11.4
20260819,オカメノコイ,66.2,51.0,36.6,13.1,12.0,11.5
20260819,トモジャボーテ,82.5,64.2,47.6,16.2,15.6,15.8
20260819,トーセンイルン,67.3,52.1,37.7,13.6,12.5,11.6
20260819,ミツカネリゲル,70.7,54.3,38.8,14.5,13.0,11.3
20260819,エフエイト,69.5,53.5,37.8,14.2,12.1,11.5
20260819,ドントゥザムーン,68.5,53.3,38.3,13.7,12.5,12.1
20260819,ネイティヴプライド,69.8,54.2,39.1,14.1,12.6,12.4
20260819,ハニーアンバー,69.2,53.4,37.8,14.1,12.2,11.5
20260819,モルスリール,70.0,54.5,39.5,13.9,13.0,12.6
20260819,ニットウライズ,70.4,52.9,37.8,13.8,12.5,11.5
20260819,パンパネイラ,70.8,53.5,38.4,13.7,12.5,12.2
20260819,アンヴデット,70.0,54.7,39.7,14.9,13.0,11.8
20260819,クリスタルドレス,71.0,55.4,40.0,14.8,13.0,12.2
20260819,アイデアルカット,68.3,53.8,38.6,14.4,12.5,11.7
20260819,ストロングボイス,67.5,53.2,38.2,14.3,12.4,11.5
20260819,ドーバーホーク,70.7,55.5,40.6,14.7,13.7,12.2
20260819,ミエノストロング,67.8,52.5,37.7,13.6,12.6,11.5
20260819,ドナディクオーレ,68.3,52.9,38.0,13.9,12.6,11.5
20260819,テンソンコウリン,68.0,52.7,37.9,13.7,12.7,11.5
20260819,トロピカルヒーロー,69.5,53.5,38.8,14.4,12.8,11.6
20260819,ジオパーククラウン,68.6,53.5,38.7,14.4,12.6,11.7
20260819,アムールドパリ,68.4,52.7,37.9,13.7,12.5,11.7
20260819,プリンセスダーコ,68.8,53.7,38.8,14.4,12.7,11.7
20260819,ナムラダックス,69.0,53.1,38.7,14.2,12.9,11.6
20260819,リオンパリス,69.3,54.1,39.0,14.4,12.9,11.7
20260819,ファイアリーボルト,69.9,53.9,39.2,14.4,12.9,11.9
20260819,シルバーレイン,68.6,53.0,37.8,14.0,12.3,11.5
20260819,ワンモメンタム,67.9,52.5,37.4,13.8,12.1,11.5
20260819,エヴィーヴァ,68.5,53.0,38.2,13.8,12.6,11.8
20260819,モンシュマン,68.0,53.0,38.4,13.6,12.8,12.0
20260819,ジャサルディア,67.2,52.2,37.5,13.4,12.4,11.7
20260819,ロデオドライブ,66.5,51.6,37.0,13.2,12.3,11.5
20260819,フォルテアンジェロ,67.3,52.5,37.8,13.8,12.5,11.5
20260819,ローズインヴィクタ,67.4,52.7,38.1,13.8,12.5,11.8
20260819,トレベルオール,68.5,53.8,39.2,14.5,12.9,11.8
20260819,カノープス,69.3,54.5,39.7,14.6,13.1,12.0
20260819,ラインディアーナ,73.3,56.3,40.6,14.8,13.5,12.3
20260819,ファイナルラッキー,73.7,56.6,40.8,14.9,13.6,12.3
20260819,セイルクルーズ,73.7,56.6,40.8,14.9,13.6,12.3
20260819,エスティメート,69.9,54.4,39.5,14.6,13.3,11.6
20260819,グラニット,69.5,53.9,39.2,14.5,13.1,11.6
20260819,シルバードン,,56.9,41.1,14.5,13.9,12.7
20260819,ラヴィングリー,70.6,54.9,40.4,14.1,13.5,12.8
20260819,エフティヴェント,67.0,52.4,38.1,13.7,12.2,12.2
20260819,グランドストーリー,66.9,52.3,38.3,13.7,12.5,12.1
20260819,カガラプンツェル,65.0,50.8,37.2,13.2,12.3,11.7
20260819,サヴァビアン,68.7,54.0,39.2,14.4,12.9,11.9
20260819,マルチャン,67.7,53.7,38.9,14.3,13.2,11.4
20260819,ギーロカスタル,66.6,51.3,37.6,13.7,12.6,11.3
20260819,キミハスコール,68.5,52.8,38.3,13.6,12.8,11.9
20260819,バトラーズワーフ,68.2,52.6,37.7,13.6,12.4,11.7
20260819,パワースナッチ,66.4,52.5,38.2,14.1,12.6,11.5
20260819,スコアレジーナ,67.6,53.1,38.8,14.1,12.8,11.9
20260819,エナノムスメ,69.1,53.9,38.7,14.4,12.9,11.4
20260819,ルサフィール,67.4,53.0,38.3,14.3,12.3,11.7
20260819,ソアサージュ,67.3,51.5,36.6,13.0,12.2,11.4
20260819,カンレイスター,68.2,53.5,38.5,14.3,12.6,11.6
20260819,ノリキング,67.2,51.8,38.0,13.7,12.9,11.4
20260819,レッドマウロア,67.9,52.2,37.6,13.4,12.5,11.7
20260819,コスモイェーガー,67.4,53.6,38.8,14.4,12.9,11.5
20260819,ロジパンドラ,68.4,53.7,39.0,14.3,12.8,11.9
20260819,タッケンエリカ,68.0,53.3,38.9,14.3,12.7,11.9
20260819,ハンデンブレイズ,68.3,53.2,38.3,14.3,12.5,11.5
20260819,クールボビー,67.3,52.7,38.5,14.2,12.7,11.6
20260819,ベルグラース,67.7,52.0,37.1,13.5,12.2,11.4
20260819,フォルスラヴィ,68.6,53.5,38.5,14.4,12.7,11.4
20260819,ライラスター,66.2,52.3,38.3,13.7,12.9,11.7
20260819,ハヌル,69.8,54.4,39.5,14.6,13.2,11.7
20260819,サトノパトリオット,65.9,51.8,37.8,13.5,12.6,11.7
20260819,ネオシューマン,68.2,53.5,38.7,14.1,12.7,11.9
20260819,クラージュスター,69.5,55.7,41.3,14.7,13.2,13.4
20260819,サーロー,64.5,50.8,37.3,13.5,12.3,11.5
20260819,ラベンダーヘイズ,69.1,53.5,39.0,14.4,13.2,11.4
20260819,リラベガ,66.9,52.6,38.3,14.1,12.5,11.7
20260819,オウケンハニー,66.8,52.5,38.1,14.1,12.6,11.4
20260819,ミスタートントン,67.6,53.6,39.5,14.1,13.3,12.1
20260819,レーヌシェーヌ,66.5,51.9,37.7,13.5,12.5,11.7
20260819,タッカーヴィーナス,67.9,53.3,38.6,14.0,12.7,11.9
20260819,ピクシーブラスト,66.1,52.1,37.9,14.2,12.3,11.4
20260819,ルフトシュピール,66.5,52.6,38.5,13.8,12.7,12.0
20260819,ホウオウビリーヴ,65.8,51.6,37.6,13.4,12.5,11.7
20260819,ヴラディア,67.0,52.2,37.8,13.9,12.4,11.5
20260819,ウィステリアリヴァ,66.2,50.6,36.5,13.6,11.9,11.0
20260819,ヴァイザーバルコ,64.7,50.6,36.9,13.3,12.2,11.4
20260819,ラインフォルテ,64.7,50.7,36.9,13.4,12.0,11.5
20260819,ユキノロイヤル,67.0,51.3,36.8,13.6,12.1,11.1
20260819,バダジェフスカ,67.8,52.7,37.9,14.1,12.5,11.3
20260819,サルサブラヴァ,67.4,52.7,38.2,14.0,12.7,11.5
20260819,リアライズタキオン,70.0,54.2,38.9,14.4,13.0,11.5
20260819,ネクストドア,69.0,53.9,38.6,14.3,12.8,11.5
20260819,イクシード,70.2,55.6,41.0,14.6,13.6,12.8
20260819,リメンバーシドニー,68.5,53.2,39.0,14.5,12.8,11.7
20260819,マイセイバー,68.6,53.6,38.3,14.2,12.7,11.4
20260819,アウアリイ,65.9,51.6,37.0,13.6,12.3,11.1
20260819,スクリプトール,69.7,53.9,38.7,14.5,12.6,11.6
20260819,プラチナムディスク,69.7,54.9,39.9,14.7,13.2,12.0
20260819,ユキノグラス,77.7,61.8,45.6,15.6,14.8,15.2
20260819,ピコニ,67.9,53.2,38.6,13.9,12.3,12.4
20260819,ライヴマルガリータ,68.8,53.5,38.7,13.5,12.4,12.8
20260819,レオリアライズ,67.3,52.5,38.0,13.7,12.2,12.1
20260819,ルスカーレット,69.2,54.0,39.3,13.4,12.4,13.5
20260819,レッドモンレーヴ,71.9,55.9,40.2,14.6,13.3,12.3
20260819,ブルージャイアント,72.5,56.4,40.7,15.0,13.4,12.3
20260819,アドマイヤウルトラ,67.8,52.1,37.5,13.6,12.5,11.4
20260819,アイムオンアロール,67.5,51.8,37.4,13.6,12.4,11.4
20260819,レディサン,68.1,52.9,37.7,13.6,12.0,12.1
20260819,ジーククローネ,,51.8,37.3,13.5,12.4,11.4
20260819,レッセパッセ,69.4,53.9,39.0,14.1,12.6,12.3
20260819,オルグジェシダ,,52.2,38.1,14.0,12.8,11.3
20260819,モリガン,68.6,53.4,38.7,14.2,12.8,11.7
20260819,ダンシングアウェイ,67.2,52.5,37.9,13.9,12.5,11.5
20260819,エリオステモン,69.4,53.8,38.9,14.0,12.7,12.2
20260819,ゴールドバーニング,67.9,52.9,38.1,14.0,12.6,11.5
20260819,ソウルアンドジャズ,65.1,50.8,36.9,13.5,11.9,11.5
20260819,カセノアステリア,69.5,54.0,38.8,14.3,12.8,11.7
20260819,サトミノアカリ,68.5,53.3,38.5,14.3,12.5,11.7
20260819,カセノソレイユ,68.8,53.6,38.7,14.3,12.7,11.7
20260819,エイムフォーエース,66.3,50.9,37.1,13.5,12.1,11.5
20260819,トラスコンガーデン,68.4,53.7,38.3,14.0,12.2,12.1
20260819,ヴェネチアンキング,69.5,53.5,38.2,13.9,12.7,11.6
20260819,ユイノリュウギ,69.1,54.0,38.7,14.4,12.2,12.1
20260819,ニシノドリーマー,67.6,53.2,38.1,14.0,12.2,11.9
20260819,ドーンオブホープ,69.6,53.5,38.3,14.1,12.6,11.6
20260819,ベンサレム,64.0,49.8,36.2,12.8,12.0,11.4
20260819,リクエイ,68.9,53.0,38.7,13.4,12.3,13.0
20260819,ピクニックマーチ,66.5,50.5,36.2,12.3,12.0,11.9
20260819,フィレルレーヴ,66.7,52.1,38.1,13.1,12.3,12.7
20260819,ビーアストニッシド,66.9,52.0,37.6,13.8,12.4,11.4
20260819,クラウドセイル,67.3,52.3,37.9,13.8,12.7,11.4
20260819,フレイムジョーカー,66.9,52.3,37.8,13.9,12.5,11.4
20260819,アルヴィア,66.1,52.1,38.0,13.8,12.6,11.6
20260819,レッドシュヴェルト,66.7,52.1,37.6,13.9,12.6,11.1
20260819,ドゥレッツァ,65.8,51.5,37.1,13.7,12.3,11.1
20260819,シャンハイナイト,66.4,51.3,37.4,13.3,12.3,11.8
20260819,オストラヴァ,66.3,51.6,36.9,14.0,12.1,10.8
20260819,クラディスティーナ,66.6,51.5,37.2,13.6,12.1,11.5
20260819,ウモラダエピカ,66.9,52.2,37.2,13.7,12.3,11.2
20260819,タッセルノット,66.8,52.0,37.2,14.1,12.3,10.8
20260819,ガードオブオナー,66.5,52.0,37.0,13.7,12.1,11.2
20260819,マインドフルネス,65.9,51.0,37.2,13.3,12.1,11.8
20260819,ホワイトホール,66.8,51.7,37.3,13.6,12.3,11.4
20260819,オーサムストローク,68.9,54.0,39.2,14.7,13.0,11.5
20260819,アルジェンタージョ,66.3,51.1,37.0,13.0,12.1,11.9
20260819,トゥーザムーン,67.7,53.3,38.5,14.2,12.6,11.7
20260819,スノーリン,70.5,55.3,40.4,14.2,13.5,12.7
20260819,ヴァイオパイシーズ,68.3,53.0,38.0,13.6,12.4,12.0
20260819,ジャガーライズ,66.5,51.2,37.0,13.0,12.0,12.0
20260819,ヤマニンヘルシェ,68.7,53.8,38.9,14.4,12.8,11.7
20260819,ファーザーアウェイ,68.7,53.8,38.8,14.2,12.9,11.7
20260819,シクラメン,68.1,53.4,39.5,13.5,13.1,12.9
20260819,ゴーゼンチュー,68.1,53.5,39.6,13.6,13.1,12.9
20260819,ソウカイウォーリア,68.2,53.2,38.3,14.2,12.4,11.7
20260819,セフィロ,68.5,52.7,38.1,13.8,12.4,11.9
20260819,ミッキーソルジャー,69.4,53.2,38.4,13.8,12.4,12.2
20260819,アイムスティルミー,69.8,54.6,39.3,14.4,13.1,11.8
20260819,アテナプロマコス,69.6,55.0,40.3,14.9,13.5,11.9
20260819,アニエーネ,68.9,54.6,39.8,14.9,13.2,11.7
20260819,ノーマジック,67.6,52.3,37.9,13.5,12.8,11.6
20260819,ウイニングレイ,67.1,51.9,37.7,13.6,12.6,11.5
20260819,ジュエルドレーサー,68.4,53.7,39.3,13.8,13.0,12.5
20260819,サザンウォリアー,71.7,56.5,41.4,14.5,13.9,13.0
20260819,ウマッター,68.2,54.0,39.6,14.4,13.1,12.1
20260819,ホウフクゼットウ,70.4,55.4,40.5,14.6,13.2,12.7
20260819,アイファーマーリン,67.1,52.5,38.3,13.7,12.8,11.8
20260819,サトノヴィレ,71.4,55.3,39.2,15.2,12.7,11.3
20260819,マイネルアズーロ,71.2,55.1,39.1,15.1,12.5,11.5
20260819,サトノラポール,68.1,53.4,38.7,14.2,12.7,11.8
20260819,アビヤント,67.5,53.0,38.4,14.0,12.6,11.8
20260819,ソフィア,66.6,51.8,37.5,13.1,12.3,12.1
20260819,ガンバレベアー,64.7,49.9,36.5,12.6,12.1,11.8
20260819,セイウントレジャ,64.7,50.0,36.6,12.7,12.1,11.8
20260819,ロックユアライフ,67.7,52.1,37.6,13.2,12.6,11.8
20260819,ゴンファロニエーレ,67.1,51.6,36.9,13.0,12.2,11.7
20260819,トパーズヘッド,66.5,51.5,37.9,13.0,12.6,12.3
20260819,イキデイナセ,67.5,53.0,38.1,13.6,12.4,12.1
20260819,カラスアゲハ,67.5,53.0,38.1,13.6,12.3,12.2
20260819,ヴェトロテンペスタ,67.4,51.9,37.3,13.1,12.4,11.8
20260819,ダンシングリリー,66.3,51.5,37.9,13.0,12.6,12.3
20260819,ダイユウレゾナンス,66.5,52.2,38.3,13.5,12.6,12.2
20260819,クラウンロムパイア,66.5,52.3,38.4,13.6,12.6,12.2
20260819,フームスムート,66.6,51.7,37.5,13.9,12.2,11.4
20260819,コスモシェルベット,67.2,52.1,37.7,13.7,12.5,11.5
20260819,イデアモッコス,66.8,51.7,37.4,13.2,12.5,11.7
20260819,クリアクォーツ,88.5,69.7,51.3,17.8,16.9,16.6
20260819,カンフーヒーロー,89.5,70.5,52.3,18.0,17.4,16.9
20260819,メイヨシュア,68.2,52.8,38.1,14.4,12.4,11.3
20260819,ドッカイッチャッテ,68.7,53.3,38.4,14.0,12.3,12.1
20260819,マイホームパパ,67.9,52.5,38.0,13.4,12.2,12.4
20260819,ウヌボレヤサン,66.5,51.7,37.6,13.6,12.5,11.5
20260819,キタノライブリー,66.7,51.8,37.7,13.7,12.4,11.6
20260819,ヴォンサクレ,69.9,54.0,39.1,14.1,12.6,12.4
20260819,ワイズファミリア,68.8,52.7,38.1,13.8,12.6,11.7
20260819,テルケンレンジシ,70.8,55.8,40.8,14.7,13.2,12.9
20260819,サイモンオリエント,72.8,58.0,42.5,15.0,13.8,13.7
20260819,ギフテッド,67.7,52.7,38.0,13.9,12.7,11.4
20260819,サンシュノジンギ,68.7,53.4,38.8,13.9,13.3,11.6
20260819,バーンユアハート,68.8,53.5,38.7,14.2,12.7,11.8
20260819,タイセイノブレス,69.3,53.6,38.6,14.2,12.6,11.8
20260819,ゴットランド,65.8,51.2,37.0,13.6,12.1,11.3
20260819,アルマグラース,66.6,52.1,37.7,13.8,12.2,11.7
20260819,ゼーゲルン,66.7,51.4,37.3,13.2,12.2,11.9
20260819,ハナビ,65.5,50.6,36.9,12.9,12.0,12.0
20260819,サトノハクマイ,65.4,50.9,36.8,13.5,12.0,11.3
20260819,マイネルヘルリッヒ,66.8,52.8,39.2,13.3,12.9,13.0
20260819,ワンダーマーベル,67.1,51.7,37.7,13.2,12.3,12.2
20260819,ニシノハクシャ,67.3,53.3,39.7,13.3,13.0,13.4
20260819,ホウオウシェリー,69.0,53.4,38.1,13.9,12.4,11.8
20260819,ラブリーガール,70.7,55.6,41.0,14.2,13.6,13.2
20260819,プリヴィマーク,70.8,56.0,41.4,14.8,13.5,13.1
20260819,ルナシェール,71.2,55.3,40.2,14.1,13.2,12.9
20260819,ライデンシャフト,69.6,54.9,40.2,14.4,13.5,12.3
20260819,リアアーテシアン,68.2,53.8,38.9,14.6,12.6,11.7
20260819,ジャストビコーズ,67.6,53.4,38.8,14.6,12.5,11.7
20260819,トップマジシャン,69.4,54.8,40.1,14.4,13.4,12.3
20260819,ヒーローシー,69.5,54.9,40.2,14.4,13.5,12.3
20260819,スペシャルブレンド,68.4,53.8,39.0,14.5,12.7,11.8
20260819,ジェーケーボンバー,65.6,51.6,38.1,12.9,12.4,12.8
20260819,マーガレットクレア,67.4,52.4,37.9,13.8,12.2,11.9
20260819,ウッケン,66.4,51.7,37.8,12.7,12.7,12.4
20260819,ハルノアメ,65.7,51.1,37.3,13.3,12.0,12.0
20260819,ルクリーシア,66.9,51.9,37.5,13.5,12.2,11.8
20260819,セイウンウィルド,66.2,51.5,38.0,12.9,12.6,12.5
20260819,ロイヤルガンモ,65.5,51.0,37.2,13.2,12.0,12.0
20260819,アシャカトベ,84.6,66.0,48.2,17.0,16.0,15.2
20260819,アッティーヤ,70.7,54.0,39.0,13.7,13.0,12.3
20260819,トレサフィール,67.9,51.7,36.9,13.6,12.0,11.3
20260819,テラシエスタ,66.4,52.0,38.2,13.6,12.7,11.9
20260819,サトノアニマ,71.0,54.7,40.0,14.2,13.3,12.5
20260819,タイセイフェリーク,65.4,50.9,36.7,13.3,11.9,11.5
20260819,アルバスタキヤ,66.7,51.9,37.5,13.7,12.2,11.6
20260819,タワーウマザンマイ,66.7,51.9,37.5,13.7,12.2,11.6
20260819,コスモシグルン,65.8,51.2,37.4,13.0,12.2,12.2
20260819,マナイアカラニ,67.2,52.5,38.0,13.6,12.4,12.0
20260819,サンアンドスターズ,66.7,51.9,38.0,13.1,12.4,12.5
20260819,ニシノマキロイ,67.0,52.4,37.9,13.6,12.3,12.0
20260819,ヴィゴーレテソーロ,65.8,51.3,37.5,13.0,12.4,12.1
20260819,ガヤーズサムライ,67.0,52.3,37.9,13.5,12.4,12.0
20260819,スカイダンスタイム,68.7,53.4,38.7,14.0,12.5,12.2
20260819,ジーティーニッツァ,68.1,53.3,38.3,14.0,12.7,11.6
20260819,マスターソアラ,,55.4,40.3,14.8,13.0,12.5
20260819,ギガントシュラーク,68.4,53.1,38.5,13.8,12.6,12.1
20260819,マイネルクロカータ,68.1,53.0,38.3,13.8,12.4,12.1
20260819,ブーケフォーミー,,61.1,43.7,16.1,14.3,13.3
20260819,マイバーゲン,,61.1,43.7,16.2,14.2,13.3
20260819,ホウオウムサシ,69.6,53.4,38.0,14.0,12.5,11.5
20260819,ラパンチュール,69.3,53.1,37.7,13.9,12.2,11.6
20260819,アイムインディ,,59.5,42.2,15.2,14.0,13.0
20260819,アイレバルバドス,70.8,56.7,42.1,14.5,13.8,13.8
20260819,オーバーゼア,72.2,58.2,43.6,14.7,14.3,14.6
20260819,カイトグート,72.5,57.1,42.0,14.8,13.8,13.4
20260819,イーガービーバー,68.7,53.7,38.8,14.3,12.7,11.8
20260819,テンオンスゴールド,67.3,53.0,38.8,14.3,12.8,11.7
20260819,エイシンキーウィ,66.4,52.5,38.2,14.0,12.7,11.5
20260819,アルビオンライズ,71.1,55.2,40.4,14.2,13.6,12.6
20260819,エーデルハイ,67.3,52.2,37.8,14.2,12.2,11.4
20260819,カズシ,68.6,53.5,38.6,13.8,12.7,12.1
20260819,ルクスマグナ,68.2,53.1,38.4,13.8,12.4,12.2
20260819,ノーセット,67.3,52.0,37.6,13.8,12.0,11.8
20260819,ブラッキッシュ,,73.3,54.0,18.3,18.0,17.7
20260819,カサブランカキッド,68.5,53.4,38.7,14.1,12.9,11.7
20260819,ファンダム,67.8,53.2,38.7,14.2,12.8,11.7
20260819,ベンヴェヌータ,68.1,53.6,39.0,14.3,12.8,11.9
20260819,エリュグレイス,68.1,53.1,38.6,14.2,12.6,11.8
20260819,ニシノインヴィクタ,68.9,53.8,39.2,14.5,12.8,11.9
20260819,ヨツバ,66.0,51.5,38.0,13.0,12.5,12.5
20260819,キャネル,68.4,52.7,37.8,13.5,12.4,11.9
20260819,オレンジリバー,66.8,52.3,38.1,13.7,12.6,11.8
20260819,アウダーシア,69.1,53.1,38.2,13.7,12.6,11.9
20260819,コスモプルー,69.5,54.4,39.4,14.7,12.8,11.9
20260819,ツルマウカタチ,67.7,52.8,38.1,13.9,12.4,11.8
20260819,コパノエビータ,67.5,52.6,37.8,13.7,12.4,11.7
20260819,スノーディーヴァ,76.5,60.6,44.4,16.0,14.8,13.6
20260819,レイヤードホワイト,68.0,52.5,38.2,13.8,12.6,11.8
20260819,ケイツーズウォティ,75.6,59.8,43.9,15.6,14.7,13.6
20260819,オプティミスタ,68.0,52.6,38.3,13.8,12.5,12.0
20260819,ニシノクードクール,68.4,52.8,37.9,13.1,12.8,12.0
20260819,クリニクラウン,74.3,58.2,42.5,15.6,14.0,12.9
20260819,スマイルカーブ,74.4,58.5,42.5,15.0,14.4,13.1
20260819,ランブリングガール,74.1,58.1,42.3,15.4,14.1,12.8
20260819,リアルセンター,66.8,51.4,37.3,14.2,11.9,11.2
20260819,キョウエイグッド,67.4,52.0,37.6,14.2,12.2,11.2
20260819,レインボーワールド,69.1,54.1,39.5,13.9,13.2,12.4
20260819,バンブトンプロ,,51.5,36.8,13.0,12.2,11.6
20260819,ジェットブレード,66.8,52.0,37.9,13.3,12.6,12.0
20260819,マートングレイス,68.6,53.8,38.3,14.1,12.6,11.6
20260819,ウルウノマーズ,66.6,51.9,37.9,13.3,12.6,12.0
20260819,スタレネルヴェント,69.2,54.2,38.8,14.3,12.8,11.7
20260819,ショウブファミリー,73.4,58.1,43.6,14.8,14.4,14.4
20260819,プリマラクーン,70.6,55.5,41.2,14.9,13.7,12.6
20260819,マジックパレス,,77.6,56.5,20.5,18.9,17.1
20260819,ブラッククラウズ,,72.0,52.9,18.1,17.9,16.9
20260819,ラブトゥエニイワン,,72.5,54.0,18.7,18.3,17.0
20260819,シェンロン,,71.7,53.0,17.2,18.6,17.2
20260819,サトノビーツ,,51.5,36.5,13.4,11.7,11.4
20260819,バンオンタイム,,55.9,40.8,14.1,13.9,12.8
20260819,プロテウス,,51.2,36.3,13.2,11.6,11.5
20260819,トリポリタニア,68.4,53.7,37.9,14.7,11.7,11.5
20260819,ゴッドエスパーダ,66.7,52.5,37.7,14.1,12.0,11.6
20260819,ラッキーバック,70.3,54.0,37.4,14.6,11.4,11.4
20260819,アグレイビューティ,69.0,54.3,38.4,14.9,11.8,11.7
20260819,イベントホライゾン,,52.3,37.0,13.6,11.7,11.7
20260819,キトゥンズクラフト,,52.2,36.7,13.4,11.6,11.7
20260819,ディーエストッキー,66.7,51.8,36.9,13.3,11.5,12.1
20260819,リューデスハイム,65.7,51.2,36.8,13.5,11.6,11.7
20260819,クインズショコラ,64.3,50.1,35.9,13.1,11.2,11.6
20260819,シャルクハフト,71.1,55.7,39.5,15.4,12.2,11.9
20260819,ステイクオール,67.9,53.5,38.5,14.3,12.0,12.2
20260819,バッハアルプゼー,64.9,50.6,36.2,12.8,11.2,12.2
20260819,バトルセレーネ,68.5,53.3,38.3,14.0,12.2,12.1
20260819,エイシンニケ,69.1,54.0,38.8,14.0,12.3,12.5
20260819,スマイルガーデン,65.5,50.9,36.4,13.4,11.5,11.5
20260819,エンルートフライト,70.9,55.6,39.3,15.3,12.3,11.7
20260819,ジェントル,69.1,54.1,38.9,15.0,12.2,11.7
20260819,ルクスアルカード,67.1,52.7,37.8,14.2,11.8,11.8
20260819,ハンサム,70.6,55.3,39.2,15.0,12.2,12.0
20260819,ムーンベリル,65.0,51.0,36.8,13.3,11.4,12.1
20260819,ムスペルヘイム,66.0,51.1,36.5,13.4,11.5,11.6
20260819,シーグロリオーゾ,69.6,54.3,39.0,15.0,12.3,11.7
20260819,エモティコン,66.3,51.6,36.8,13.1,11.5,12.2
20260819,メイショウユズルハ,68.9,53.5,37.3,14.2,11.5,11.6
20260819,モズレイラココナ,67.2,52.0,36.7,13.4,11.6,11.7
20260819,オドラニャソンソン,67.3,52.1,36.8,13.6,11.5,11.7
20260819,ウォーターパラディ,68.3,52.8,37.0,13.8,11.5,11.7
20260819,ビーアイフォルテ,66.4,51.9,37.2,13.5,12.0,11.7
20260819,レッドセドナ,68.3,52.7,37.3,13.9,11.6,11.8
20260819,ポリキポリキ,69.2,53.5,37.7,14.1,11.7,11.9
20260819,ロールスワン,67.8,52.7,37.0,14.2,11.4,11.4
20260819,ペガサスジルシ,66.6,50.9,36.3,13.0,11.3,12.0
20260819,ゴーイントゥノヴァ,67.5,52.2,36.8,13.3,11.4,12.1
20260819,ダヌラーサナ,66.8,51.4,36.5,13.2,11.3,12.0
20260819,テーオーダーウィン,68.5,53.1,37.0,13.8,11.7,11.5
20260819,ミシェルバローズ,67.7,52.6,36.7,14.0,11.2,11.5
20260819,メイショウクモイ,68.6,52.7,37.5,13.9,11.7,11.9
20260819,ベルメグスタ,69.5,54.0,38.1,14.4,11.9,11.8
20260819,カフジポポー,69.8,54.2,38.2,14.5,12.0,11.7
20260819,レジーナテンペスタ,65.8,51.5,36.9,13.8,11.5,11.6
20260819,オンザマーチ,,54.2,39.1,15.0,12.7,11.4
20260819,ロザーンジュ,65.7,51.6,38.1,13.5,12.0,12.6
20260819,パラフローラ,,56.5,40.5,15.2,13.4,11.9
20260819,ルージュルガーノ,67.0,51.9,36.9,14.0,11.5,11.4
20260819,ブームバップビート,,72.9,53.4,18.4,17.0,18.0
20260819,デススパイラル,66.4,51.9,37.9,13.3,12.3,12.3
20260819,ジーティーマイカ,65.4,50.9,36.5,13.5,11.6,11.4
20260819,レディーミコノス,67.5,53.0,37.6,14.0,11.7,11.9
20260819,ガンマジーティーピ,67.9,52.8,37.2,14.2,11.6,11.4
20260819,ヤマニンチェルキ,72.2,55.4,39.3,15.4,12.3,11.6
20260819,ベネサルート,69.5,54.6,38.8,14.8,11.8,12.2
20260819,スマートエール,74.3,57.6,40.8,15.5,13.0,12.3
20260819,ウィッチドクター,74.4,57.6,40.8,15.5,13.0,12.3
20260819,ペンナヴェローチェ,,72.3,52.3,18.8,17.9,15.6
20260819,グランセンチュリ,,60.5,44.9,15.1,15.2,14.6
20260819,ルージュラボーテ,,55.1,39.4,14.7,12.4,12.3
20260819,リアンクトワ,69.0,53.9,38.4,14.6,11.8,12.0
20260819,スマートエトワール,70.7,55.0,38.9,15.0,11.9,12.0
20260819,ジーティーハルカゼ,70.1,54.6,38.7,14.8,11.9,12.0
20260819,サダムオプシス,67.0,51.7,36.5,13.6,11.4,11.5
20260819,エアフォースワン,68.7,53.8,38.4,14.6,12.0,11.8
20260819,アンジェリカ,68.4,52.9,38.1,14.2,11.8,12.1
20260819,ヤマカツチャーリー,68.5,53.1,38.4,14.1,12.0,12.3
20260819,サイモンゼスト,66.4,51.7,37.0,13.7,11.8,11.5
20260819,ゼランテ,71.5,57.7,43.1,14.3,13.0,15.8
20260819,カパルア,66.5,53.1,39.1,14.0,12.5,12.6
20260819,ドリームリボン,66.8,52.3,37.5,13.6,12.1,11.8
20260819,クラルテロワ,68.1,54.4,39.7,14.2,12.7,12.8
20260819,ゲイルライダー,69.5,54.4,38.8,14.2,12.5,12.1
20260819,クリコファルコン,69.1,54.2,39.3,13.7,12.2,13.4
20260819,レイバックスピン,,68.9,50.6,17.4,16.9,16.3
20260819,メイショウタバル,90.3,72.5,53.7,18.6,17.6,17.5
20260819,ラヴエナストロ,,57.3,43.3,15.2,14.0,14.1
20260819,クラックショット,69.3,53.8,38.7,14.4,12.3,12.0
20260819,マハナ,68.8,53.2,37.7,14.1,11.7,11.9
20260819,クリノセーラーマン,68.3,53.3,38.1,14.6,12.2,11.3
20260819,ナポリ,67.8,52.4,37.1,14.1,11.5,11.5
20260819,マルモリムソウ,67.9,52.9,37.7,14.5,12.0,11.2
20260819,クリノライジング,69.6,54.6,39.4,14.7,12.3,12.4
20260819,ウルスチャージ,70.1,54.5,38.9,14.6,12.1,12.2
20260819,リアルマロン,70.0,54.4,38.8,14.5,12.2,12.1
20260819,エボニーウイング,63.1,49.6,37.6,12.6,12.2,12.8
20260819,パクスロマーナ,,55.5,38.4,14.2,11.9,12.3
20260819,ソルパッサーレ,69.9,53.3,37.2,14.6,11.6,11.0
20260819,マスリュウオー,,54.9,37.7,14.2,12.0,11.5
20260819,ブルーセルリアン,69.6,55.2,40.4,14.6,13.0,12.8
20260819,ミシナフ,68.4,52.6,37.0,13.5,11.5,12.0
20260819,レーヴドヒロイン,68.4,52.6,37.0,13.6,11.5,11.9
20260819,メイショウズイウン,68.8,52.7,37.2,14.0,11.5,11.7
20260819,メイショウピリカ,68.2,52.1,36.6,13.9,11.3,11.4
20260819,ダンツシタン,68.4,52.3,36.8,14.0,11.4,11.4
20260819,メイショウゲキリン,69.2,54.0,38.8,14.1,12.5,12.2
20260819,リードアクター,65.3,51.1,37.0,12.9,11.7,12.4
20260819,アドフランマム,66.2,51.9,37.9,13.0,11.8,13.1
20260819,ロンドンレガシー,,85.5,62.8,21.4,20.4,21.0
20260819,リジル,67.4,51.9,36.4,13.7,11.0,11.7
20260819,タガノアニマシオン,67.9,52.3,36.7,13.8,11.2,11.7
20260819,ダンデノン,72.3,56.6,40.3,15.6,13.0,11.7
20260819,ココロヅヨサ,73.0,57.3,40.8,15.8,13.2,11.8
20260819,エレガンスアスク,71.1,55.9,39.8,15.5,12.7,11.6
20260819,アビラーシャ,70.8,55.2,39.2,14.9,12.7,11.6
20260819,ジェットマグナム,74.8,58.1,41.1,15.2,13.0,12.9
20260819,オールセインツ,,64.7,47.2,17.0,15.2,15.0
20260819,シークレットキー,67.0,52.2,37.5,14.1,11.7,11.7
20260819,キッコベッロ,70.2,54.9,38.7,15.0,11.8,11.9
20260819,ロードヴェリタス,69.1,54.4,38.4,14.8,11.7,11.9
20260819,ビーチェマーレ,69.9,54.7,38.5,14.9,11.7,11.9
20260819,ブクブクー,,55.0,40.0,14.6,12.8,12.6
20260819,ファルカータ,65.2,51.1,36.6,13.5,11.7,11.4
20260819,カルチャーデイ,,53.6,36.8,14.0,11.7,11.1
20260819,ジーティーマン,68.4,53.1,38.1,14.5,12.1,11.5
20260819,ウイナーズナイン,67.0,52.3,37.7,14.1,12.0,11.6
20260819,エンヴェロップ,67.1,52.4,37.4,14.2,11.7,11.5
20260819,ビスケットサンド,66.2,51.5,36.8,13.9,11.4,11.5
20260819,タガノエルピーダ,68.6,53.5,38.1,14.7,11.9,11.5
20260819,ヴェントゥーラ,66.8,53.0,38.2,14.0,12.4,11.8
20260819,ミッキーマーメイド,,65.7,48.7,16.9,16.3,15.5
20260819,イクオクコウネン,69.0,53.8,38.4,14.6,12.1,11.7
20260819,サウンドムーブ,66.5,51.9,37.5,14.0,11.6,11.9
20260819,マンナット,66.1,51.5,37.2,13.9,11.5,11.8
20260819,シスキンブルーム,65.7,50.9,37.0,13.7,11.5,11.8
20260819,リチュアル,71.6,55.5,39.1,15.2,12.5,11.4
20260819,ディープサミット,70.4,54.0,38.5,14.8,12.2,11.5
20260819,ユウトザイシン,74.3,57.9,41.6,15.8,13.3,12.5
20260819,メイショウコマチ,73.2,56.8,40.5,15.6,12.7,12.2
20260819,リヴァイアサン,70.0,53.6,38.1,14.7,12.0,11.4
20260819,ビンチャリ,74.4,58.1,41.7,15.8,13.3,12.6
20260819,ビバームス,69.1,53.9,37.9,14.3,11.8,11.8
20260819,ナリタライズ,69.5,54.1,38.1,14.4,11.8,11.9
20260819,ミッキーラヴィータ,81.9,64.4,47.1,16.6,15.4,15.1
20260819,タガノアルテミス,,69.8,51.1,18.1,16.3,16.7
20260819,マテンロウコマンド,72.6,56.9,40.8,14.0,13.9,12.9
20260819,ケイエイト,,69.5,50.9,18.2,16.6,16.1
20260819,レッドホット,66.9,52.1,37.4,13.9,12.0,11.5
20260819,ガイラルディア,70.6,55.3,39.7,14.8,12.8,12.1
20260819,デルアヴァー,,64.8,47.5,17.2,15.4,14.9
20260819,サウンドヴィヴァン,69.9,54.7,38.9,15.0,12.3,11.6
20260819,ダルマパワー,69.7,54.5,38.7,14.9,12.1,11.7
20260819,エイシンビギー,,53.3,38.8,13.4,12.9,12.5
20260819,テンダーワーズ,68.7,53.7,38.8,14.2,12.5,12.1
20260819,レザベーション,67.2,52.6,38.1,13.7,12.0,12.4
20260819,リアライズ,90.4,71.2,51.8,18.1,16.9,16.8
20260819,サンダーバース,67.9,53.0,38.0,14.0,12.0,12.0
20260819,マイフレダ,67.4,52.5,37.8,13.9,11.9,12.0
20260819,パワポケビー,67.0,53.0,38.7,13.6,12.2,12.9
20260819,カフジキアッキエレ,63.9,50.3,36.6,12.5,11.6,12.5
20260819,レジェンダリーデイ,66.9,53.0,38.6,13.5,12.2,12.9
20260819,ダイメイプリンス,65.3,51.1,37.2,13.0,11.7,12.5
20260819,スイートポメロ,66.1,51.7,37.6,13.1,11.8,12.7
20260819,エンジョイドライブ,65.6,50.7,36.4,13.1,11.4,11.9
20260819,ブラックシールド,89.2,70.5,50.9,17.7,16.7,16.5
20260819,ロードフリューゲル,144.1,111.2,79.4,27.9,26.7,24.8
20260819,シホノスペランツァ,93.0,72.4,52.3,19.1,17.4,15.8
20260819,ママコチャ,66.2,51.8,37.2,14.2,11.6,11.4
20260819,ポカポカヨウキ,67.1,52.6,37.1,14.0,11.6,11.5
20260819,シャトンダンス,68.2,53.3,37.4,14.3,11.5,11.6
20260819,ピースオブザライフ,67.5,52.1,36.6,13.7,11.6,11.3
20260819,リガーレ,66.8,51.6,36.8,14.0,11.5,11.3
20260819,ドウジャスティ,66.8,51.6,36.8,13.9,11.4,11.5
20260819,シャドウマスター,67.1,52.8,37.2,13.7,11.9,11.6
20260819,ペンダント,66.2,50.9,36.3,13.9,11.3,11.1
20260819,ウイントリベルガ,68.3,53.5,38.0,14.1,12.2,11.7
20260819,バルフルール,69.5,54.4,39.4,14.0,12.7,12.7
20260819,マテンロウルクス,67.3,52.0,37.4,13.6,12.0,11.8
20260819,サトノビダーヤ,68.1,53.1,37.8,14.3,11.9,11.6
20260819,アモロロプーロ,67.4,52.5,37.2,13.9,11.7,11.6
20260819,ナイトインチュニス,67.1,51.5,36.2,13.6,11.4,11.2
20260819,キントラダンサー,69.2,54.1,39.6,14.1,13.0,12.5
20260819,グランワールド,,56.0,39.6,14.8,12.9,11.9
20260819,ルミナスシェリー,71.1,56.5,41.1,14.4,13.1,13.6
20260819,ボビーザグレート,69.8,55.2,39.7,14.2,13.0,12.5
20260819,タイセイブレイズ,67.7,52.9,37.9,14.2,11.8,11.9
20260819,コンテナライン,66.3,51.7,37.3,13.7,11.7,11.9
20260819,ハッピーラブソング,66.1,51.6,37.4,13.7,11.8,11.9
20260819,マテンロウノア,,54.4,38.3,14.3,12.4,11.6
20260819,リオンプライム,65.3,51.2,37.0,13.5,11.6,11.9
20260819,メイショウソウテン,65.6,51.6,37.6,13.5,11.8,12.3
20260819,ミヤジエル,66.2,51.9,38.0,13.5,12.3,12.2
20260819,アビル,66.8,52.0,36.7,13.6,11.4,11.7
20260819,リアンマヒナ,66.0,51.1,36.0,13.5,11.2,11.3
20260819,ホウオウサンデー,67.3,52.2,37.1,14.0,11.5,11.6
20260819,フェゲフォイア,69.4,55.1,40.2,15.0,13.0,12.2
20260819,ロードオールライト,67.0,51.9,36.8,14.1,11.5,11.2
20260819,グランエール,70.0,54.1,37.4,14.3,11.6,11.5
20260819,マガスティール,70.4,54.5,37.9,14.4,11.6,11.9
20260819,アムールリーベ,65.4,51.3,37.2,13.7,11.9,11.6
20260819,ミニュイ,66.9,52.5,37.7,14.0,11.7,12.0
20260819,ルヴァンタドゥール,66.7,52.1,37.9,13.3,11.8,12.8
20260819,ウォーターアケビ,65.6,51.0,37.1,13.2,11.6,12.3
20260819,ラガッタレアーレ,66.3,52.0,37.3,13.9,11.6,11.8
20260819,ハルカカナタ,65.4,51.5,37.2,13.7,11.7,11.8
20260819,キタノサワヤカ,,76.5,56.4,19.6,18.5,18.3
20260819,マイネルグリモア,,76.4,56.2,19.3,18.6,18.3
20260819,ルファーダ,67.5,52.9,38.2,13.7,12.1,12.4
20260819,キタノサワヤカ,69.7,54.0,38.9,13.9,12.1,12.9
20260819,マイネルグリモア,69.6,54.0,38.7,14.0,12.4,12.3
20260819,ジャーヴィス,71.2,55.4,39.4,14.4,12.8,12.2
20260819,ボールドペイト,71.2,55.1,39.0,14.7,12.2,12.1
20260819,マイコンプリート,,60.1,41.8,15.0,13.3,13.5
20260819,キムケンシーサー,,68.6,50.1,17.4,16.3,16.4
20260819,ミンコフスキー,,66.5,48.0,17.2,16.3,14.5
20260819,ホットロッドハート,,68.8,49.0,18.0,15.9,15.1
20260819,パンキー,69.0,54.6,38.6,14.6,12.1,11.9
20260819,エクスマウス,68.1,53.9,38.3,14.6,11.8,11.9
20260819,キタノトレボーネ,70.3,55.2,39.3,14.9,12.7,11.7
20260819,ダノンプレリュード,69.1,54.1,38.6,14.8,12.4,11.4
20260819,ケーブパール,72.8,54.7,37.8,14.9,11.8,11.1
20260819,ドミナント,,49.8,36.1,12.9,11.4,11.8
20260819,チャンネルトンネル,65.1,50.9,36.4,13.5,11.4,11.5
20260819,サガルマータ,65.7,51.3,36.8,13.5,11.5,11.8
20260819,リッケンバッカー,90.3,71.1,52.4,18.2,17.0,17.2
20260819,ゴールデンスナップ,66.8,51.7,36.5,13.8,11.3,11.4
20260819,ビルンバウム,69.6,52.2,37.4,13.9,12.1,11.4
20260819,パヴィーア,67.2,52.0,36.8,13.9,11.4,11.5
20260819,セキゾウ,68.0,52.7,37.4,14.0,11.6,11.8
20260819,バーバラップ,67.8,52.0,36.8,13.7,11.4,11.7
20260819,ハツアカネ,81.1,64.0,46.8,16.1,15.2,15.5
20260819,ゴルディアス,84.6,67.8,49.9,17.8,15.9,16.2
20260819,ダノンブギ,67.4,51.4,36.7,13.1,11.5,12.1
20260819,クリコバロー,68.2,52.7,37.2,14.0,11.5,11.7
20260819,マヒナピハ,70.3,55.5,40.5,14.3,12.7,13.5
20260819,リュコス,70.9,56.1,41.1,14.3,12.7,14.1
20260819,シャローフォレスト,66.5,50.5,36.1,13.0,11.3,11.8
20260819,ワイルドブッター,70.5,53.7,37.4,14.0,11.5,11.9
20260819,セレーノ,84.6,67.9,49.9,17.7,15.8,16.4
20260819,メイショウケンゴウ,84.2,65.8,47.9,17.1,15.2,15.6
20260819,ハナイロマヒナ,,54.5,38.6,14.9,12.3,11.4
20260819,ナイトシンフォニー,,55.8,39.7,14.3,12.8,12.6
20260819,マテンロウブレイブ,89.1,70.3,51.2,19.2,16.8,15.2
20260819,ボルセーナ,,66.2,48.6,16.2,15.5,16.9
20260819,ジャルディニエ,70.9,55.0,38.5,15.0,11.8,11.7
20260819,メイショウラリマー,70.5,54.2,38.4,14.2,11.9,12.3
20260819,ツーエムマドンナ,71.2,55.0,39.4,14.3,12.3,12.8
20260819,ランスオブナイト,70.4,54.1,38.2,14.1,11.8,12.3
20260819,レディトゥフライト,,56.4,39.6,15.3,12.1,12.2
20260819,イッタレイッタレ,65.9,51.4,36.6,13.7,11.3,11.6
20260819,クラテロス,,55.8,39.3,15.1,11.9,12.3
20260819,シブレット,65.2,50.8,36.3,13.5,11.3,11.5
20260819,レアンダー,,66.0,47.7,16.8,15.6,15.3
20260819,ヴォンドゥ,,68.1,49.8,17.5,16.1,16.2
20260819,パルパル,,67.8,48.6,17.7,15.5,15.4
20260819,メイショウナルカミ,97.7,79.3,59.3,20.1,19.5,19.7
20260819,スレッドザニードル,,78.6,53.7,20.7,17.0,16.0
20260819,ゼンノフォトン,66.7,53.2,38.9,13.7,12.2,13.0
20260819,バニーラビット,94.3,75.2,55.6,19.5,18.3,17.8
20260819,フラッシング,70.7,54.5,38.6,14.0,12.2,12.4
20260819,アトモス,67.7,52.9,37.9,14.3,11.9,11.7
20260819,メイショウナナユキ,71.6,55.4,39.8,14.0,12.5,13.3
20260819,ソルチェリア,68.2,53.4,38.2,14.5,11.8,11.9
20260819,サンライズモロヘイ,72.5,56.5,40.8,14.9,13.2,12.7
20260819,スエヒロビリーブ,76.1,57.7,40.6,15.5,13.0,12.1
20260819,レガリアフォリア,76.1,57.7,40.6,15.5,13.0,12.1
20260819,スカイメテオ,66.2,51.5,36.9,13.6,11.6,11.7
20260819,ゴールデンレシオ,66.0,51.3,36.7,13.4,11.6,11.7
20260819,ウルスクローム,71.1,55.9,39.9,15.2,12.4,12.3
20260819,ナムラファントム,71.2,55.2,39.8,14.8,12.8,12.2
20260819,ニホンピロオーラム,71.2,55.2,39.8,14.8,12.7,12.3
20260819,ニュークレド,66.0,50.7,35.9,13.1,11.3,11.5
20260819,ロックターミガン,65.7,50.5,35.8,12.9,11.3,11.6
20260819,ヤマニンアルセド,67.8,53.2,38.0,14.3,11.7,12.0
20260819,デザートキャンドル,67.6,53.1,37.9,14.2,11.7,12.0
20260819,ハッピーダンチャン,,130.1,98.6,33.1,31.5,34.0
20260819,ラケマーダ,65.1,52.7,39.5,13.9,12.4,13.2
20260819,デイトナモード,63.3,51.2,38.0,12.9,12.0,13.1
20260819,ラミエルノムスコ,71.5,55.0,39.0,14.7,12.3,12.0
20260819,ダノンステート,70.8,55.3,39.2,14.6,12.2,12.4
20260819,インザモーメント,73.2,58.0,41.7,15.5,13.6,12.6
20260819,ワンモアスマイル,66.9,51.8,36.7,14.0,11.6,11.1
20260819,ブルックリンダンス,71.6,57.4,41.3,15.5,13.1,12.7
20260819,エルハーベン,65.6,51.2,36.3,13.9,11.3,11.1
20260819,マーゴットレジーナ,66.6,51.3,37.3,13.4,11.7,12.2
20260819,ウィスピア,67.7,52.6,37.2,13.8,11.8,11.6
20260819,マーゴットマシェリ,67.1,52.1,36.8,13.7,11.5,11.6
20260818,ラージギャラリー,89.8,69.0,50.1,18.2,16.1,15.8
20260818,ハナイロマヒナ,91.5,72.0,51.8,18.4,17.1,16.3
20260818,パルフェクシオン,92.4,72.2,,,17.1,16.8
20260818,アヤノ,92.2,72.0,52.2,18.4,16.9,16.9
20260818,フライングブレード,93.9,72.3,52.0,19.4,16.6,16.0
20260818,メイショウクモイ,86.1,67.7,49.3,17.6,16.3,15.4
20260818,ペンナヴェローチェ,92.3,71.3,52.2,18.1,16.5,17.6
20260818,コルキス,91.1,70.8,51.0,17.6,16.7,16.7
20260818,モズレイラココナ,125.3,95.1,68.6,22.7,23.3,22.6
20260818,スイートポメロ,120.4,91.3,66.0,23.1,22.3,20.6
20260818,レジェンダリーデイ,112.3,86.9,64.5,22.2,21.7,20.6
20260818,アモロロプーロ,96.9,76.7,55.5,19.8,18.1,17.6
20260818,ペンナヴェローチェ,90.8,71.7,53.0,18.1,17.4,17.5
20260818,プリモマーレ,84.0,66.7,49.4,16.8,16.0,16.6
20260818,アストラルライト,112.5,88.9,66.6,22.4,22.5,21.7
20260818,コルキス,90.5,71.6,52.8,18.0,17.4,17.4
20260818,アイボリータワー,112.0,88.8,66.4,22.2,22.7,21.5
20260818,サクソンジェンヌ,93.2,73.6,53.7,18.9,17.6,17.2
20260818,ヴィスタグロッサ,93.2,73.9,53.7,19.2,17.7,16.8
20260818,パストザクラウン,89.1,70.2,50.9,19.0,17.4,14.5
20260818,モモンウールー,87.2,67.6,49.1,17.4,16.2,15.5
20260818,パンキー,102.6,81.2,59.2,21.3,19.8,18.1
20260818,メイショウレイナ,91.4,70.5,50.5,18.6,16.4,15.5
20260818,マサノエクスプレス,119.9,94.5,70.1,24.6,22.8,22.7
20260818,リムリックアイル,119.9,94.4,70.1,24.7,22.9,22.5
20260818,アストラルライト,86.8,66.6,46.4,17.3,14.7,14.4
20260818,エルカミニート,102.6,81.1,59.5,21.5,19.6,18.4
20260818,アイボリータワー,86.4,66.2,46.4,17.4,14.5,14.5
20260818,エクスマウス,90.2,70.4,50.7,17.7,16.8,16.2
20260818,ルージュルガーノ,86.3,69.1,51.0,17.6,16.6,16.8
20260818,メイショウユズルハ,89.4,71.1,51.7,18.8,16.6,16.3
20260818,クアトロジャック,84.6,67.1,49.7,17.0,16.1,16.6
20260818,フェスティヴドレス,103.3,80.0,58.6,20.8,19.6,18.2
20260818,ジュンヴァッテッド,97.7,72.4,51.9,20.0,16.3,15.6
20260818,ツトム,96.5,75.3,54.6,19.1,18.1,17.4
20260818,タナオルフォーリア,97.8,75.5,54.6,19.0,18.4,17.2
20260818,クールブロン,95.5,73.9,53.2,19.4,17.0,16.8
20260818,ブルーセルリアン,88.0,69.0,50.6,17.8,16.6,16.2
20260818,ルージュソムニウム,90.4,70.3,51.9,18.0,17.1,16.8
20260818,ロールスワン,92.2,73.2,52.4,19.3,16.7,16.4
20260818,マスリュウオー,91.7,69.9,50.5,18.8,16.1,15.6
20260818,アサクサロマンス,89.9,69.9,51.8,18.1,17.0,16.7
20260818,シュバルツマサムネ,87.4,68.3,50.8,17.8,16.6,16.4
20260818,レッドセドナ,81.8,64.0,46.4,16.8,14.9,14.7
20260818,マテンロウルクス,83.7,65.9,48.3,17.0,15.9,15.4
20260818,ペイシャマイデイズ,98.2,73.9,53.2,18.9,17.2,17.1
20260818,キタノゲートウェイ,97.1,73.7,53.2,18.8,17.0,17.4
20260818,ペンタクルクイーン,88.8,66.9,48.3,17.4,15.3,15.6
20260818,メイショウゲキリン,90.6,71.8,52.8,18.1,17.3,17.4
20260818,シークレットキー,155.9,123.9,94.2,30.7,31.4,32.1
20260818,キタノサワヤカ,103.0,73.3,52.1,19.0,16.9,16.2
20260818,バーニングソネット,96.6,73.0,52.0,18.8,16.8,16.4
20260818,グランセンチュリ,98.3,77.5,57.6,19.8,19.3,18.5
20260818,フィアーブル,89.3,70.9,52.7,18.4,17.1,17.2
20260818,ジュンブロッサム,104.9,81.4,59.5,20.6,20.0,18.9
20260818,ハギノサステナブル,96.9,76.8,56.1,20.1,18.3,17.7
20260818,マハナ,98.6,76.1,55.6,19.4,18.2,18.0
20260818,カウンティフェア,96.8,76.6,56.1,20.3,18.1,17.7
20260818,ソニックステップ,97.0,76.8,56.2,20.2,18.2,17.8
20260818,ライノ,96.8,76.7,56.1,20.2,18.2,17.7
20260818,メイショウユウゲン,,72.0,50.4,18.4,16.3,15.7
20260818,トラッドロア,96.9,76.7,56.1,20.2,18.2,17.7
20260818,ホウオウテンノージ,99.0,76.1,55.4,19.8,17.8,17.8
20260818,ジェットマグナム,90.8,71.1,51.8,17.0,17.1,17.7
20260818,マーゴットレジーナ,86.8,68.7,50.8,17.6,16.6,16.6
20260818,ドゥラエテルノ,82.7,65.7,48.2,17.2,15.6,15.4
20260818,アビラーシャ,82.8,65.4,48.0,16.8,15.6,15.6
20260818,メイショウアツイタ,100.5,74.9,54.5,19.3,18.0,17.2
20260818,ジャルディニエ,94.1,71.5,51.7,18.6,16.8,16.3
20260818,サガルマータ,87.5,68.8,49.8,17.9,16.2,15.7
20260818,ゴールデンスナップ,92.2,71.3,52.4,18.5,17.1,16.8
20260818,ココロヅヨサ,93.0,72.2,53.1,18.4,17.8,16.9
20260818,ロードヴェリタス,94.1,70.4,50.5,17.6,16.7,16.2
20260818,ジーティーマン,90.9,71.9,52.1,18.5,16.9,16.7
20260818,バッハアルプゼー,197.4,128.6,93.1,32.9,30.6,29.6
20260818,ウイナーズナイン,89.8,70.8,51.6,18.2,16.8,16.6
20260818,セレーノ,87.7,69.5,50.7,17.9,16.3,16.5
20260818,ビバームス,91.3,72.0,52.9,18.9,17.4,16.6
20260818,エモティコン,191.7,123.4,89.1,32.7,30.9,25.5
20260818,ヴェントゥーラ,98.5,77.9,56.8,19.7,19.3,17.8
20260818,ミッキーラヴィータ,83.3,64.3,46.4,16.6,15.2,14.6
20260818,キリマンジェロタフ,196.8,128.7,93.1,32.9,30.8,29.4
20260818,バッハアルプゼー,94.8,74.3,54.0,18.7,17.3,18.0
20260818,キリマンジェロタフ,113.2,88.8,65.4,22.6,22.1,20.7
20260818,エモティコン,104.3,83.5,60.4,22.2,19.8,18.4
20260818,オールセインツ,80.7,63.6,46.5,16.8,15.3,14.4
20260818,ヴェルサイユシエル,91.7,70.6,51.0,18.6,16.5,15.9
20260818,ファルカータ,82.4,62.3,45.6,16.3,15.4,13.9
20260818,デルアヴァー,81.7,63.2,45.2,16.7,14.2,14.3
20260818,シンビリーブ,118.9,92.5,67.8,23.7,22.9,21.2
20260818,シホノスペランツァ,77.3,61.2,45.5,15.1,14.9,15.5
20260818,オドラニャソンソン,108.7,83.8,61.7,21.1,20.6,20.0
20260818,カフジポポー,114.8,87.2,64.5,20.3,22.5,21.7
20260818,ベルメグスタ,106.3,82.7,60.4,21.1,20.1,19.2
20260818,カフジキアッキエレ,138.6,110.1,82.8,28.1,27.3,27.4
20260818,トリポリタニア,272.1,214.7,159.6,52.3,52.7,54.6
20260818,エンジョイドライブ,123.3,94.2,70.1,22.5,24.0,23.6
20260818,ブラックシールド,169.6,136.9,101.9,31.1,35.2,35.6
20260818,トリポリタニア,121.5,93.0,66.1,25.0,20.8,20.3
20260818,ステイクオール,,125.5,92.7,30.9,31.2,30.6
20260818,シーズザスローン,78.8,59.5,42.6,16.1,13.7,12.8
20260818,ルクスアルカード,,125.3,92.6,31.0,31.6,30.0
20260818,コリカンチャ,86.9,66.5,47.6,17.5,15.3,14.8
20260818,パクスロマーナ,104.6,79.1,55.4,22.2,18.8,14.4
20260818,エイズルブルーム,87.0,68.4,49.6,17.9,16.2,15.5
20260818,ホウオウサンデー,144.1,111.5,76.4,27.3,25.7,23.4
20260818,ロードオールライト,90.8,71.6,52.9,18.3,17.7,16.9
20260818,ディーエストッキー,153.4,95.7,68.7,25.1,22.6,21.0
20260818,ドリームゴーズオン,90.7,72.2,52.6,19.0,17.2,16.4
20260818,サンデー,152.3,95.5,68.3,25.0,22.6,20.7
20260818,ヘヴンインザレイン,152.8,95.8,68.7,24.9,22.9,20.9
20260818,キーチパルフェ,98.6,76.8,55.9,20.0,18.4,17.5
20260818,グランエール,99.7,77.9,58.3,19.9,19.9,18.5
20260818,マガスティール,98.1,77.1,56.1,20.0,18.5,17.6
20260818,テーオータイガー,96.4,75.8,56.0,20.7,18.1,17.2
20260818,テンブレイクワン,98.8,77.7,57.6,20.4,19.1,18.1
20260818,アクートゥス,78.2,60.0,43.6,15.7,13.8,14.1
20260818,ポリキポリキ,77.4,59.0,42.9,15.2,14.0,13.7
20260818,エナジーグラン,88.6,69.9,51.2,18.2,16.9,16.1
20260818,キーチパルフェ,86.5,68.7,50.7,17.3,16.8,16.6
20260818,ディーエストッキー,169.5,129.4,95.2,29.0,35.2,31.0
20260818,アスクアットバット,96.4,77.1,57.3,18.8,19.1,19.4
20260818,グランエール,88.2,70.2,52.0,18.2,16.9,16.9
20260818,マガスティール,87.0,69.0,51.0,17.1,16.7,17.2
20260818,テーオータイガー,92.2,73.6,54.5,19.0,18.0,17.5
20260818,フェゲフォイア,81.6,62.2,45.3,16.0,14.7,14.6
20260818,ピュアノーブル,95.0,74.7,55.4,18.8,18.1,18.5
20260818,テンブレイクワン,95.8,76.7,57.2,19.8,18.7,18.7
20260818,マテンロウブレイブ,82.3,64.4,45.7,17.4,15.3,13.0
20260818,アロンソア,85.1,67.1,50.4,17.6,17.2,15.6
20260818,サイモンゼスト,92.1,69.2,50.5,17.0,16.4,17.1
20260818,マイネルグリモア,82.0,64.5,48.1,16.7,16.0,15.4
20260818,リッケンバッカー,101.1,80.0,58.7,20.0,19.8,18.9
20260818,ブルーミングローズ,93.3,74.0,54.3,19.3,17.6,17.4
20260818,ホールオブミラーズ,93.3,74.0,54.3,19.2,17.7,17.4
20260818,ハートノート,93.3,74.0,54.3,19.3,17.5,17.5
20260818,ブレイズフォート,93.3,73.9,54.2,19.2,17.7,17.3
20260818,プリンキピッサ,93.3,74.1,54.3,19.3,17.6,17.4
20260818,ヴィヴェローネ,93.4,74.1,54.4,19.5,17.4,17.5
20260818,インザモーメント,82.8,65.3,47.5,16.8,15.4,15.3
20260818,ブルックリンダンス,83.0,65.0,47.0,16.6,15.5,14.9
20260818,チャンネルトンネル,97.1,73.7,52.8,18.6,17.4,16.8
20260818,メイショウケンゴウ,85.0,67.2,49.1,17.1,15.8,16.2
20260818,ポネンテ,84.2,66.3,48.0,17.4,15.4,15.2
20260818,ワンスフォーユー,84.3,66.4,48.7,17.3,15.4,16.0
20260818,ナリタライズ,84.3,66.4,48.9,17.4,15.9,15.6
20260818,ダイヤモンドノット,,74.9,54.5,18.2,18.2,18.1
20260818,キントラダンサー,83.6,66.1,48.6,17.2,15.8,15.6
20260818,ダノンブギ,99.9,75.9,54.9,20.5,17.7,16.7
20260818,ゼンノフォトン,97.3,77.3,58.1,19.3,19.4,19.4
20260818,ビーチェマーレ,85.4,67.0,49.8,18.1,15.9,15.8
20260818,サトノステラ,86.4,66.2,48.7,17.1,16.2,15.4
20260818,タタンタン,106.4,82.0,60.4,20.4,20.3,19.7
20260818,ルージュムーサ,106.1,82.0,60.7,20.6,20.2,19.9
20260818,ヤマニンアルセド,83.6,66.1,48.7,17.2,15.9,15.6
20260818,ボーオーブ,106.2,81.2,59.4,20.8,19.8,18.8
20260818,エムズグレイ,84.6,65.2,47.4,16.7,15.6,15.1
20260818,デザートキャンドル,85.6,68.1,51.0,17.5,16.9,16.6
20260818,ダノンブギ,77.2,60.2,43.1,14.6,14.1,14.4
20260818,ダイヤモンドノット,70.9,56.7,42.8,14.0,14.5,14.3
20260818,タタンタン,82.6,64.6,46.4,16.5,14.9,15.0
20260818,ボーオーブ,80.4,62.6,45.0,16.1,14.2,14.7
20260818,ジャスティンアポロ,103.5,77.2,56.4,18.3,19.2,18.9
20260818,プペアンビスキュイ,100.8,71.2,50.9,18.5,15.8,16.6
20260818,バルフルール,93.4,74.7,55.0,18.9,18.5,17.6
20260818,ルージュムーサ,86.1,66.9,48.4,17.4,15.2,15.8
20260818,ルーチェドンナ,100.2,71.2,50.8,18.7,16.2,15.9
20260818,ドミナント,87.4,68.8,51.6,17.3,17.2,17.1
20260818,サヨノパララックス,136.3,107.8,79.2,28.2,26.1,24.9
20260818,タガノアルテミス,87.4,67.6,49.6,16.8,16.2,16.6
20260818,ヴォンドゥ,87.2,66.9,48.8,17.7,15.9,15.2
20260818,ブクブクー,93.0,71.5,51.7,18.5,16.9,16.3
20260818,サンクサンス,103.4,80.1,60.5,20.2,20.5,19.8
20260818,プルメリアリノ,97.2,73.9,53.3,19.0,17.3,17.0
20260818,ルファーダ,94.3,74.9,56.2,18.8,18.3,19.1
20260818,エアフォースワン,91.1,72.6,52.8,19.0,17.4,16.4
20260818,グラスゴー,97.0,75.5,56.3,19.2,19.0,18.1
20260818,ジュンヴァグネル,95.0,71.5,51.8,18.4,16.8,16.6
20260818,ラヴエナストロ,85.1,67.1,49.9,16.3,16.6,17.0
20260818,キフクマル,95.2,75.1,55.5,19.3,18.1,18.1
20260818,サンダーバース,88.5,67.3,48.1,17.8,15.6,14.7
20260818,ナポリ,88.5,67.5,48.5,18.2,15.5,14.8
20260818,マイフレダ,89.7,69.0,49.8,18.0,16.0,15.8
20260818,ギニー,89.3,68.6,49.2,18.5,15.9,14.8
20260818,エボニーウイング,98.2,75.5,55.1,19.4,18.4,17.3
20260818,メイショウナルカミ,93.6,74.8,56.3,17.8,18.8,19.7
20260818,ウインヘリオドール,91.2,71.8,51.4,18.9,16.3,16.2
20260818,バニーラビット,91.5,73.2,54.1,18.9,18.0,17.2
20260818,カルロット,82.9,65.6,46.9,17.1,15.5,14.3
20260818,エトワールハマー,84.2,66.6,48.1,17.8,15.3,15.0
20260818,ダイメイプリンス,118.7,93.5,70.2,23.2,23.7,23.3
20260818,ハンザキ,90.7,72.4,51.7,19.6,16.7,15.4
20260818,オモイヲノセテ,85.0,67.2,48.6,17.4,15.7,15.5
20260818,ヨシノヤッタルデー,84.6,68.1,51.1,17.1,17.2,16.8
20260818,コンセルノ,89.1,69.7,50.4,18.7,16.4,15.3
20260818,エコロヴァイス,91.7,68.5,49.2,17.9,15.7,15.6
20260818,マカホウ,85.2,68.3,50.5,17.4,16.9,16.2
20260816,シャドウメテオ,69.9,53.6,38.5,13.9,12.7,11.9
20260816,ジーククローネ,,56.3,39.8,14.3,13.3,12.2
20260816,サングラント,73.1,57.3,41.2,15.0,13.3,12.9
20260816,ソウラスフロス,73.4,55.9,39.7,15.4,12.9,11.4
20260816,グランドストーリー,72.4,55.1,39.1,15.0,12.7,11.4
20260816,ウラノグラフィア,,56.6,40.0,14.4,13.3,12.3
20260816,コスモサガルマータ,70.5,54.3,39.9,14.1,13.0,12.8
20260816,チェルヴィニア,66.4,51.2,36.6,13.3,12.1,11.2
20260816,セブンマイスター,71.7,54.0,38.1,14.7,12.3,11.1
20260816,ブルバンビーナ,69.3,54.0,39.1,14.4,12.8,11.9
20260816,オルグジェシダ,,56.3,40.4,14.5,13.3,12.6
20260816,コスモアンソロジー,70.9,55.2,40.2,14.2,13.1,12.9
20260816,ライヴマティーニ,68.5,54.0,39.5,14.5,12.9,12.1
20260816,スノーキャップ,74.2,57.8,43.3,14.2,14.5,14.6
20260816,ゴルタン,71.2,53.5,37.6,14.2,12.1,11.3
20260816,フェアリースノー,69.1,54.2,40.0,14.0,13.3,12.7
20260816,イントリー,68.2,53.5,38.9,14.5,13.0,11.4
20260816,トレインザマインド,71.6,54.9,40.4,14.5,13.8,12.1
20260816,カフェシューター,71.1,55.0,39.7,13.8,13.2,12.7
20260816,ヴァリスマリネリス,72.8,57.2,41.3,15.7,14.2,11.4
20260816,ワインダークシー,71.7,55.1,40.6,14.8,13.6,12.2
20260816,ライヴテキーラ,70.9,54.4,39.3,14.5,12.5,12.3
20260816,セイルトゥグローリ,71.2,54.1,39.3,14.0,13.3,12.0
20260816,レヴィテーション,75.3,59.1,43.2,15.4,14.2,13.6
20260816,ボンヌソワレ,71.9,55.1,39.3,14.1,13.0,12.2
20260816,ジャックナダル,71.2,54.4,39.2,14.1,13.1,12.0
20260816,ネオシューマン,70.3,53.9,38.6,14.3,12.6,11.7
20260816,テラシエスタ,67.4,53.2,38.6,13.8,12.6,12.2
20260816,カセノソレイユ,70.6,54.1,38.8,14.4,12.7,11.7
20260816,ジーティーブラック,70.6,54.6,39.2,13.9,12.6,12.7
20260816,マイネルゼーロス,72.3,56.5,41.1,14.6,13.7,12.8
20260816,アエログラム,71.8,55.6,39.9,14.2,12.9,12.8
20260816,オーケーエース,73.2,55.7,38.9,14.1,13.6,11.2
20260816,セフィロ,76.7,59.6,43.0,15.4,14.3,13.3
20260816,ギーロカスタル,71.1,54.3,39.6,14.0,13.5,12.1
20260816,ルミナスレイナ,70.7,54.8,39.3,14.1,12.8,12.4
20260816,ノリキング,70.2,54.5,39.4,14.1,13.1,12.2
20260816,ノルトハウゼン,71.7,55.5,40.1,14.4,13.1,12.6
20260816,フォルスラヴィ,70.2,55.1,39.9,14.3,13.1,12.5
20260816,タイセイアディクト,76.4,58.0,41.2,15.4,13.5,12.3
20260816,モーリア,68.6,53.2,39.9,13.9,13.6,12.4
20260816,ポンテヴェッキオ,69.8,54.7,39.4,14.2,12.6,12.6
20260816,エイシンイクサボシ,79.4,63.1,46.1,16.5,15.4,14.2
20260816,テルケンレンジシ,73.6,57.5,42.2,15.0,13.8,13.4
20260816,サイモンオリエント,72.7,57.3,42.4,14.6,14.0,13.8
20260816,コスモコリウス,69.0,54.2,39.1,14.3,12.2,12.6
20260816,ブレトワルダ,68.1,53.2,38.6,14.0,12.5,12.1
20260816,ピクシーゲイル,84.7,63.6,44.2,17.7,14.8,11.7
20260816,キチロクゴール,78.0,59.3,42.2,15.9,13.9,12.4
20260816,モウエエデショー,73.8,57.0,40.7,15.4,13.6,11.7
20260816,コパノヴィンセント,76.4,59.5,43.2,15.4,14.0,13.8
20260816,ツェルプスト,82.4,64.1,46.8,16.4,15.3,15.1
20260816,ティアラスピリット,82.0,63.5,45.6,16.4,14.7,14.5
20260816,マイレーヌ,71.7,55.1,40.5,14.7,13.1,12.7
20260816,デリシュー,67.6,52.6,38.0,13.4,12.5,12.1
20260816,ダンシングアウェイ,72.1,56.7,40.9,14.8,13.8,12.3
20260816,ブルーグラビティ,70.2,54.6,39.8,14.3,13.6,11.9
20260816,タッケンエリカ,71.6,55.5,40.1,14.0,13.6,12.5
20260816,リッキースタイル,,75.7,55.6,19.5,18.7,17.4
20260816,ヨドノティアラ,71.8,55.0,39.0,15.1,12.5,11.4
20260816,エリオステモン,,57.3,41.0,14.9,13.4,12.7
20260816,ブーケフォーミー,,57.3,41.0,14.9,13.4,12.7
20260816,ベラトール,73.1,56.5,40.3,15.1,13.2,12.0
20260816,スターエンブレム,73.2,55.4,39.1,14.6,13.2,11.3
20260816,トレフォイルノット,74.0,56.5,40.5,14.6,13.5,12.4
20260816,レーヌシェーヌ,,124.6,89.6,32.6,30.6,26.4
20260816,ニシノツムジカゼ,75.7,58.8,41.5,15.3,13.9,12.3
20260816,シウンハゴロモ,76.0,58.9,43.7,14.9,14.5,14.3
20260816,キャットパルド,75.9,58.9,43.7,14.9,14.5,14.3
20260816,ポッドロワール,70.9,54.1,38.5,13.9,12.6,12.0
20260816,マイネルヘルリッヒ,70.5,54.5,39.2,14.7,12.7,11.8
20260816,オオルリ,,65.3,47.7,16.9,15.6,15.2
20260816,ライングラウス,,66.6,48.4,17.2,15.8,15.4
20260816,リオンパリス,70.3,54.5,39.3,14.8,12.7,11.8
20260816,リアスハート,,63.3,46.3,16.0,15.2,15.1
20260816,クロドラバール,71.5,55.9,40.2,14.8,13.2,12.2
20260816,チャリングクロス,70.5,53.2,37.6,13.8,12.2,11.6
20260816,トーセンシントラ,87.9,68.9,50.3,18.1,16.4,15.8
20260816,アウアリイ,70.1,54.2,38.9,14.6,12.6,11.7
20260816,イズミル,87.6,69.2,50.9,17.9,16.9,16.1
20260816,レッドシュヴェルト,,56.9,41.2,14.1,14.2,12.9
20260816,ユキノエミリオ,77.0,56.9,40.6,14.6,13.3,12.7
20260816,タイセイソアリング,73.3,57.5,42.7,14.0,14.0,14.7
20260816,ニシノドリーマー,77.2,57.1,40.9,14.6,13.2,13.1
20260816,レイナクリューソス,73.9,56.9,40.6,14.2,13.2,13.2
20260816,デルマテイネ,,59.3,42.9,13.9,14.3,14.7
20260816,コスモアンタレス,68.9,54.7,40.5,14.5,13.9,12.1
20260816,アテナプロマコス,69.1,53.9,38.9,13.8,13.3,11.8
20260816,アニエーネ,67.4,53.0,39.2,13.8,13.4,12.0
20260816,グアラニア,73.1,55.7,40.3,14.6,13.2,12.5
20260816,ヘヴンリーサイン,76.1,60.0,43.7,15.4,14.3,14.0
20260816,ブロッケンボウ,84.0,65.3,48.3,16.3,16.1,15.9
20260816,グロッシェン,72.8,57.6,41.6,14.8,13.9,12.9
20260816,ジャガーライズ,,69.5,50.6,17.8,16.5,16.3
20260816,ゴーイントゥスカイ,72.6,55.6,39.2,14.4,12.4,12.4
20260816,フォルテアンジェロ,69.7,53.2,38.0,13.7,12.5,11.8
20260816,ローズインヴィクタ,69.7,53.2,38.0,13.7,12.4,11.9
20260816,メモリーグラス,72.3,55.5,40.0,14.8,13.4,11.8
20260816,ヤマニンエンディマ,75.9,57.5,41.7,14.6,14.3,12.8
20260816,エフォートレス,69.7,53.7,38.9,13.8,12.6,12.5
20260816,モンシュマン,75.4,56.7,41.4,14.7,14.3,12.4
20260816,コートアリシアン,71.0,55.2,40.1,14.1,12.8,13.2
20260816,ロデオドライブ,73.5,55.8,40.5,13.9,14.0,12.6
20260816,ギムナシオン,73.0,56.3,41.1,14.5,13.4,13.2
20260816,エイムフォーエース,69.4,53.5,38.3,13.8,12.6,11.9
20260816,マイネルクロカータ,,61.7,44.5,16.3,14.4,13.8
20260816,ハッスルダンク,67.6,52.5,37.9,13.5,12.3,12.1
20260816,ドリームコア,71.0,54.7,39.6,13.7,13.3,12.6
20260816,ナムラダックス,68.4,51.9,37.3,13.5,12.2,11.6
20260816,ハビレ,71.8,56.3,41.3,14.3,13.3,13.7
20260816,ワンモメンタム,71.3,55.4,40.0,14.6,13.1,12.3
20260816,ゴンファロニエーレ,69.1,54.1,39.1,13.8,12.8,12.5
20260816,サザンティスプーン,72.3,54.8,39.4,14.3,12.6,12.5
20260816,マイネルアレス,72.7,55.9,39.7,14.6,13.3,11.8
20260816,カセノアステリア,80.0,60.2,42.6,16.0,13.7,12.9
20260816,シルバーレイン,67.8,51.6,36.9,13.6,12.0,11.3
20260816,レッドモンレーヴ,,58.7,42.5,14.9,14.0,13.6
20260816,ブルージャイアント,,59.1,42.7,14.9,14.1,13.7
20260816,ラブリーガール,76.0,59.5,43.9,14.9,14.1,14.9
20260816,エーデルハイ,79.9,60.7,43.0,15.2,14.2,13.6
20260816,サードアイ,,58.6,42.0,14.7,13.8,13.5
20260816,ピコシー,70.8,55.3,39.8,14.8,13.2,11.8
20260816,リメンバーシドニー,69.8,55.8,40.7,14.8,14.0,11.9
20260816,キャトルエピス,,56.8,40.9,14.4,13.9,12.6
20260816,ブルームコード,73.8,58.4,42.7,15.0,14.1,13.6
20260816,ココビスケット,71.4,57.1,42.4,15.3,13.7,13.4
20260816,ヨツバ,70.3,53.5,38.4,13.7,12.7,12.0
20260816,サトミノアカリ,69.3,53.5,38.4,14.6,12.3,11.5
20260816,ショーモッシュ,75.1,58.1,41.5,15.1,13.5,12.9
20260816,フィレルレーヴ,70.1,54.7,39.6,14.4,12.9,12.3
20260816,ヴェネチアンキング,72.6,57.2,41.8,14.4,13.9,13.5
20260816,ドーンオブホープ,71.9,56.4,41.6,14.3,13.8,13.5
20260816,フィクセルリリア,79.2,59.7,42.0,15.1,13.8,13.1
20260816,サーロー,72.8,58.2,42.8,14.8,14.1,13.9
20260816,ミスタートントン,71.2,56.4,41.4,14.5,13.6,13.3
20260816,カズシ,71.9,56.1,40.8,14.6,14.1,12.1
20260816,セレスティナ,74.1,56.1,40.6,14.9,14.2,11.5
20260816,オーディンスピア,73.4,57.1,42.3,14.7,14.4,13.2
20260816,ペルウィクトール,,56.5,39.3,15.9,12.2,11.2
20260816,ステレンボッシュ,76.8,60.4,44.6,15.5,14.7,14.4
20260816,カンフーヒーロー,90.0,71.9,53.3,18.2,17.6,17.5
20260816,アイムスティルミー,68.2,53.0,37.9,14.0,12.4,11.5
20260816,ティピティーナ,68.4,52.5,37.5,14.0,12.5,11.0
20260816,スマイルカーブ,68.5,52.7,37.2,13.7,12.3,11.2
20260816,ランブリングガール,68.4,52.7,37.1,13.8,12.2,11.1
20260816,トレベルオール,75.3,56.8,41.6,14.4,13.8,13.4
20260816,カイトグート,68.9,54.0,39.8,13.8,13.0,13.0
20260816,トゥーザムーン,76.5,57.8,42.3,14.8,14.3,13.2
20260816,フクシマブリルハム,74.1,57.5,42.1,14.9,14.3,12.9
20260816,ファンダム,73.3,56.8,41.6,15.0,13.8,12.8
20260816,トワイライトサイト,71.1,55.1,40.2,14.5,13.3,12.4
20260816,センターアイランド,72.6,56.5,41.6,14.6,13.8,13.2
20260816,アリソウミ,79.8,61.4,45.3,15.6,15.0,14.7
20260816,テウメッサ,68.7,52.9,38.3,13.6,12.7,12.0
20260816,サザンウォリアー,68.5,52.6,38.4,13.3,12.5,12.6
20260816,ホウフクゼットウ,68.4,52.5,38.3,13.3,12.5,12.5
20260816,エリュグレイス,69.9,53.8,39.7,13.1,13.0,13.6
20260816,ヴァイオパイシーズ,71.9,56.3,40.4,14.6,13.0,12.8
20260816,シトラール,68.3,52.5,37.7,13.6,12.6,11.5
20260816,テリフィックプラン,68.1,52.2,37.4,13.4,12.4,11.6
20260816,ルシャルムール,69.0,53.3,38.4,13.9,12.9,11.6
20260816,ミッキーサウザンド,70.7,54.9,40.0,14.1,13.7,12.2
20260816,ホットゥトロット,72.7,55.5,39.4,14.5,13.2,11.7
20260816,リュウノタキノボリ,72.2,55.2,39.1,14.6,12.8,11.7
20260816,コスモシェルベット,,76.1,54.7,19.5,18.4,16.8
20260816,フームスムート,70.9,55.8,40.5,14.7,13.2,12.6
20260816,ヴラディア,69.1,53.8,39.4,13.8,13.1,12.5
20260816,ツインピークス,69.8,52.6,37.3,13.9,12.3,11.1
20260816,ノルドヴェスト,,55.4,40.2,15.1,13.6,11.5
20260816,サクセスボーイ,,72.9,51.9,18.7,17.0,16.2
20260816,イールーファー,,58.8,43.3,14.5,14.5,14.3
20260816,ナイトパイロット,,72.8,51.8,18.7,17.0,16.1
20260816,アルヴィア,74.6,58.4,42.4,15.2,14.0,13.2
20260816,サルサブラヴァ,72.8,56.8,40.8,15.1,13.7,12.0
20260816,ヴォンサクレ,72.2,57.1,42.2,14.3,13.8,14.1
20260816,クラージュスター,72.7,57.3,42.8,14.3,14.3,14.2
20260816,ドーバーホーク,72.6,57.0,40.9,14.6,13.4,12.9
20260816,ジオパーククラウン,66.9,52.3,38.2,13.6,12.6,12.0
20260816,クラディスティーナ,65.9,51.3,37.5,13.2,12.3,12.0
20260816,イデアモッコス,69.7,54.4,39.8,13.6,13.8,12.4
20260816,クリアクォーツ,89.7,69.9,50.7,18.3,16.6,15.8
20260816,アイファーマーリン,89.1,69.4,50.2,18.4,16.4,15.4
20260816,レディサン,,55.5,40.6,14.1,13.8,12.7
20260816,ウィステリアリヴァ,68.5,53.6,39.3,13.8,13.0,12.5
20260816,エフエイト,,68.1,49.3,17.4,16.4,15.5
20260816,ハニーアンバー,,61.1,44.2,14.9,14.5,14.8
20260816,ホウオウムサシ,,58.3,42.3,15.0,13.6,13.7
20260816,ラパンチュール,,59.5,42.2,14.9,13.9,13.4
20260816,ランブルスコ,,58.5,41.9,15.3,13.7,12.9
20260816,ソロンゴ,,59.7,42.5,15.7,13.7,13.1
20260816,エーオーキング,75.3,58.9,43.2,15.7,14.6,12.9
20260816,ソニックキャット,84.6,66.0,48.0,16.4,16.2,15.4
20260816,ヤマメゴリュウ,73.8,57.8,42.2,15.1,14.4,12.7
20260816,ノアヴェルテ,89.0,68.7,50.2,17.2,17.2,15.8
20260816,サクセスメロディー,73.7,57.7,42.1,15.2,14.2,12.7
20260816,エンジャムメント,85.6,66.1,47.9,16.7,16.0,15.2
20260816,フォーグッド,71.9,54.6,40.1,13.5,13.3,13.3
20260816,スピンザブラッド,77.6,59.8,43.3,15.1,14.8,13.4
20260816,ヴェーヌドール,71.1,53.7,39.2,13.4,13.0,12.8
20260816,ポッドレーヴ,75.1,57.8,41.8,13.6,13.9,14.3
20260816,ブラッキッシュ,,80.8,57.5,20.8,18.5,18.2
20260816,レインボーワールド,71.8,55.3,39.8,13.8,12.9,13.1
20260816,コスモシグルン,68.4,53.1,38.8,13.6,12.7,12.5
20260816,アルジェンタージョ,,77.8,54.3,21.2,17.4,15.7
20260816,キョウエイグッド,70.7,53.9,38.0,14.7,12.3,11.0
20260816,フロリメル,74.6,57.3,41.4,15.0,13.4,13.0
20260816,スペシャルギフト,74.9,57.5,41.5,14.9,13.6,13.0
20260816,スノーディーヴァ,72.1,56.8,41.6,14.4,14.0,13.2
20260816,ジェラシックパーク,92.8,73.2,53.6,19.2,17.8,16.6
20260816,キャミソール,93.1,73.3,53.7,19.2,17.9,16.6
20260816,ラブトゥエニイワン,72.4,56.5,41.1,14.6,13.9,12.6
20260816,シェンロン,73.1,57.3,42.3,14.6,14.1,13.6
20260816,ソウカイウォーリア,72.4,56.7,41.4,14.6,13.9,12.9
20260816,マイネルオラクル,90.2,70.2,51.5,17.5,16.7,17.3
20260816,アニーリング,72.1,55.6,40.9,14.1,13.4,13.4
20260816,ガルダイア,,55.9,40.1,14.4,14.1,11.6
20260816,ロックユアライフ,,53.1,38.2,13.8,12.7,11.7
20260816,サンセットブライト,72.3,55.0,39.5,14.7,13.2,11.6
20260816,モモンウールー,74.4,57.8,41.9,14.8,14.2,12.9
20260816,ヤンキーバローズ,70.0,54.8,39.6,14.5,12.6,12.5
20260816,ラッキーバック,68.1,52.0,37.1,13.4,11.9,11.8
20260816,アグレイビューティ,69.9,54.4,38.9,14.2,12.2,12.5
20260816,セルヴァジオ,69.6,54.2,38.8,14.2,12.1,12.5
20260816,スマイルガーデン,67.5,51.6,37.0,13.2,12.0,11.8
20260816,ムスペルヘイム,68.4,52.1,37.1,13.2,12.0,11.9
20260816,アクシュラ,73.8,56.5,40.3,14.7,12.7,12.9
20260816,ポカポカヨウキ,71.1,55.0,39.1,14.2,12.4,12.5
20260816,シャトンダンス,71.5,55.3,39.2,14.2,12.3,12.7
20260816,ムーンベリル,74.2,57.2,40.9,15.3,13.5,12.1
20260816,エモティコン,73.4,56.2,40.1,14.6,12.6,12.9
20260816,パワポケビー,97.3,74.8,54.5,18.8,18.7,17.0
20260816,モズレイラココナ,93.6,70.6,51.9,17.4,17.5,17.0
20260816,メイショウクモイ,78.4,59.4,42.5,15.4,14.1,13.0
20260816,レジェンダリーデイ,132.7,103.5,74.9,26.3,25.4,23.2
20260816,スイートポメロ,130.6,100.4,70.9,24.3,24.3,22.3
20260816,パラフローラ,83.4,60.6,42.6,15.5,13.6,13.5
20260816,カフジポポー,138.1,106.1,75.1,26.2,25.5,23.4
20260816,ウイントリベルガ,74.5,57.0,41.3,14.8,13.5,13.0
20260816,エーテルワーム,74.4,57.0,41.3,14.7,13.6,13.0
20260816,ブラッドバローズ,74.9,57.4,41.6,14.8,13.6,13.2
20260816,ベルウッドワタル,74.9,57.5,41.7,14.9,13.5,13.3
20260816,メイショウユズルハ,71.4,55.7,39.8,14.3,12.4,13.1
20260816,ポエットリー,66.7,53.0,39.1,13.6,12.4,13.1
20260816,バーケンティン,72.3,56.8,40.7,14.3,13.2,13.2
20260816,アルギエバ,75.4,58.7,41.7,15.3,13.4,13.0
20260816,ケイアイトリノ,76.5,60.4,43.2,16.3,13.1,13.8
20260816,シグロデオロ,70.9,55.9,40.0,14.7,12.8,12.5
20260816,テーオーダーウィン,70.5,54.8,39.5,14.0,12.4,13.1
20260816,ガイラルディア,73.2,57.6,41.3,15.5,12.8,13.0
20260816,デルアヴァー,78.2,60.2,42.9,15.9,13.5,13.5
20260816,メイショウドキョウ,73.1,56.5,40.0,15.3,12.9,11.8
20260816,ロイスター,70.8,54.4,38.5,14.8,12.7,11.0
20260816,ポリキポリキ,85.1,65.5,46.9,17.6,15.1,14.2
20260816,ウェイヴムーン,88.4,65.7,47.7,16.6,15.9,15.2
20260816,ウインヘリオドール,90.7,71.8,52.8,18.5,17.3,17.0
20260816,メイショウユウゲン,,75.1,53.6,19.0,17.8,16.8
20260816,アルビオン,82.8,63.5,45.6,16.6,14.8,14.2
20260816,ジャルディニエ,73.5,55.3,39.6,15.5,12.1,12.0
20260816,ホシヲミテルンナ,72.2,56.4,40.3,15.0,12.9,12.4
20260816,グランセンチュリ,97.1,76.5,56.3,19.8,19.2,17.3
20260816,マイネルグリモア,87.2,68.4,50.4,17.9,16.5,16.0
20260816,ペンタクルクイーン,90.4,70.0,51.4,17.9,17.1,16.4
20260816,サガルマータ,98.3,75.9,53.5,19.0,17.7,16.8
20260816,レッドセドナ,84.8,62.1,43.8,16.6,14.2,13.0
20260816,マテンロウルクス,82.4,60.4,42.7,16.0,14.1,12.6
20260816,ソフィアビルド,83.7,61.4,43.1,16.2,14.2,12.7
20260816,カルチャーデイ,74.4,57.0,41.5,15.6,13.3,12.6
20260816,ロードヴェリタス,70.4,54.8,39.7,14.1,12.8,12.8
20260816,ジーティーマン,69.3,53.6,38.4,13.5,12.2,12.7
20260816,ファイアプレイス,71.7,55.7,40.0,14.4,13.1,12.5
20260816,ウイナーズナイン,70.3,53.9,38.1,14.2,12.3,11.6
20260816,ミランド,70.0,54.0,39.1,13.9,12.8,12.4
20260816,マーゴットレジーナ,87.8,68.9,50.5,17.5,16.6,16.4
20260816,タガノバビロン,73.3,55.7,39.4,14.7,12.9,11.8
20260816,クロームクロス,74.0,57.7,42.0,15.0,13.9,13.1
20260816,メイクワンズデイ,72.1,55.9,40.8,14.7,13.1,13.0
20260816,レウコテア,71.6,55.6,39.5,14.8,13.2,11.5
20260816,タガノアラリア,75.3,58.2,42.3,14.7,14.1,13.5
20260816,サウンドムーブ,71.9,55.2,39.1,14.8,12.2,12.1
20260816,ダルマパワー,71.5,54.9,38.7,14.4,12.3,12.0
20260816,ミッキーラヴィータ,80.3,63.7,46.9,16.6,15.0,15.3
20260816,ケーブパール,80.9,55.8,38.2,15.1,12.1,11.0
20260816,クァンタムウェーブ,100.8,78.9,57.1,20.8,18.9,17.4
20260816,ドリームゴーズオン,80.8,61.3,43.0,16.9,13.4,12.7
20260816,カズタンジャー,75.8,59.9,43.1,15.4,13.8,13.9
20260816,マクアケ,75.8,55.8,38.6,14.8,12.0,11.8
20260816,ノチェセラーダ,74.8,55.0,37.9,14.6,11.8,11.5
20260816,ベルメグスタ,106.5,82.2,60.6,20.5,20.3,19.8
20260816,ハピ,85.6,67.4,49.3,17.3,16.1,15.9
20260816,オドラニャソンソン,117.3,87.0,64.3,22.5,21.2,20.6
20260816,ウィリーウィリー,112.1,83.4,62.3,21.3,20.5,20.5
20260816,カフジキアッキエレ,149.7,119.1,89.1,30.9,30.9,27.3
20260816,アヤノ,76.7,60.7,45.0,14.9,15.3,14.8
20260816,エコロガルダ,98.9,77.2,56.9,19.3,19.1,18.5
20260816,オーシャンズフレア,76.9,58.6,42.1,15.5,13.3,13.3
20260816,ウィザードシチー,76.8,58.6,42.0,15.4,13.4,13.2
20260816,コスモクラウン,76.6,58.3,41.9,15.3,13.4,13.2
20260816,マスリュウオー,83.2,65.0,47.5,16.6,15.7,15.2
20260816,キングメーカー,75.0,58.3,41.4,15.4,13.7,12.3
20260816,エンヴェロップ,76.4,57.0,40.2,15.0,12.9,12.3
20260816,ビスケットサンド,77.3,57.0,40.0,14.8,12.7,12.5
20260816,ミッションデュロワ,94.1,71.1,50.5,18.3,16.5,15.7
20260816,アレストラウム,77.2,57.2,40.2,15.1,12.9,12.2
20260816,コマチチャン,70.5,54.7,39.8,14.7,13.1,12.0
20260816,シゲルソロソロ,79.3,63.2,45.8,16.2,14.3,15.3
20260816,ケイエイト,71.3,55.3,39.1,15.2,12.3,11.6
20260816,プッシュバーン,70.9,54.5,38.4,14.8,12.1,11.5
20260816,ウインリーブル,72.2,55.1,38.7,14.3,12.1,12.3
20260816,マヒナピハ,72.6,55.5,39.1,14.3,12.2,12.6
20260816,シュバルツマサムネ,72.8,56.6,41.3,14.1,13.4,13.8
20260816,グラスゴー,72.6,56.6,40.4,15.3,13.5,11.6
20260816,イミュータブル,78.3,61.8,44.8,15.7,14.2,14.9
20260816,エイズルブルーム,93.9,73.0,52.6,19.6,16.9,16.1
20260816,バミューダブーケ,74.6,54.7,38.7,14.3,12.7,11.7
20260816,インティサール,73.6,53.9,38.1,14.1,12.6,11.4
20260816,ヴェントゥーラ,76.8,56.3,39.9,15.2,13.0,11.7
20260816,ヴォンドゥ,87.0,67.0,48.8,17.5,15.7,15.6
20260816,メイショウハネウマ,71.5,55.7,40.3,14.4,12.9,13.0
20260816,マダムカマラード,86.3,68.2,51.0,17.7,16.7,16.6
20260816,ホウオウスカイハイ,87.9,69.1,51.1,17.8,16.6,16.7
20260816,ブクブクー,69.2,54.4,39.5,14.2,12.7,12.6
20260816,ダイヤモンドエルザ,79.5,61.4,43.3,16.9,13.5,12.9
20260816,テーオードレフォン,95.8,75.1,55.5,19.7,17.9,17.9
20260816,キントラダンサー,87.0,68.7,49.7,17.9,15.9,15.9
20260816,アオイレーギーナ,71.6,54.8,39.9,14.5,12.5,12.9
20260816,クールタロウ,72.0,55.6,40.5,14.3,12.6,13.6
20260816,リジル,73.4,57.2,40.4,15.0,12.7,12.7
20260816,ルファーダ,111.6,77.7,54.2,19.8,16.9,17.5
20260816,フェゲフォイア,74.6,56.2,41.0,13.7,13.4,13.9
20260816,インザモーメント,99.4,76.9,55.5,19.7,18.0,17.8
20260816,ブルックリンダンス,98.8,76.6,55.0,19.8,17.9,17.3
20260816,エクスマウス,72.6,56.1,40.0,14.6,12.7,12.7
20260816,シークレットキー,68.3,52.8,37.4,13.8,11.9,11.7
20260816,マハナ,73.6,57.1,40.3,15.4,12.9,12.0
20260816,バークシャーシチー,72.4,55.3,39.1,15.1,12.3,11.7
20260816,トリポリタニア,289.8,219.7,163.2,51.3,55.8,56.1
20260816,トリポリタニア,129.4,99.8,71.7,26.5,22.6,22.6
20260816,ハナイロマヒナ,86.7,68.3,50.1,17.3,16.5,16.3
20260816,ガロンヌ,,79.6,55.4,20.6,17.7,17.1
20260816,マテンロウブレイブ,85.2,65.7,46.0,17.4,15.2,13.4
20260816,ラヴエナストロ,72.1,55.1,39.6,14.5,12.6,12.5
20260816,フェブリノ,99.9,72.7,53.1,18.4,17.5,17.2
20260816,レジーナテンペスタ,69.8,54.6,39.2,14.9,12.6,11.7
20260816,キムケンシーサー,73.6,56.6,40.2,14.6,12.8,12.8
20260816,デススパイラル,73.4,56.4,40.2,14.6,12.8,12.8
20260816,ジャスティンゴッホ,106.1,79.7,56.5,21.5,18.0,17.0
20260816,エアフォースワン,77.4,61.1,43.6,16.4,14.1,13.1
20260816,バルフルール,86.4,68.7,50.8,17.6,16.9,16.3
20260816,ロックターミガン,88.6,67.1,47.9,17.6,15.9,14.4
20260816,マシン,71.6,55.8,39.4,14.7,12.3,12.4
20260816,マーゴットバディ,72.6,56.6,39.9,15.0,12.5,12.4
20260816,ムイ,69.5,54.3,39.2,14.3,12.7,12.2
20260816,メイショウナルカミ,105.2,83.6,62.2,20.5,20.6,21.1
20260816,サクラオーラ,104.3,80.3,59.3,20.2,20.1,19.0
20260816,レイバックスピン,87.0,66.2,48.0,16.5,15.6,15.9
20260816,メイショウゲッコウ,78.0,58.4,42.1,14.9,13.6,13.6
20260816,ダイシンレジウス,72.8,55.8,39.3,14.8,12.5,12.0
20260816,サイモンジェセル,74.3,57.1,40.3,14.9,12.5,12.9
20260816,プペアンビスキュイ,94.1,69.5,49.2,18.6,16.3,14.3
20260816,ノボリクレバー,67.5,52.2,37.7,13.6,12.5,11.6
20260816,ウォータールスール,72.5,57.5,41.8,15.2,13.8,12.8
20260816,インカルナータ,69.1,52.2,36.1,13.8,11.1,11.2
20260816,ピエマンソン,68.4,52.1,37.8,13.3,12.2,12.3
20260816,キタノサワヤカ,93.4,71.5,52.5,19.0,17.5,16.0
20260816,ダイメイプリンス,116.9,90.3,66.6,23.5,21.5,21.6
20260816,ヴォーゲ,111.5,89.3,66.8,23.6,21.4,21.8
20260816,サダムオプシス,76.7,59.2,42.0,15.4,13.0,13.6
20260816,ペイシャマイデイズ,95.0,74.5,55.9,19.3,18.5,18.1
20260816,アンドゥーリル,106.7,80.2,58.6,20.3,19.2,19.1
20260816,グランワールド,81.4,64.4,47.5,16.5,15.9,15.1
20260816,ニシノヴィンセント,81.3,64.4,47.1,16.0,15.8,15.3
20260816,ザッツゴールド,81.7,64.6,47.7,16.5,15.8,15.4
20260816,アオイハルカ,82.2,64.3,47.0,16.9,15.4,14.7
20260816,ボクサークラブ,73.9,54.2,38.1,14.5,12.3,11.3
20260816,レイデアルマス,72.5,53.6,37.6,14.2,12.1,11.3
20260816,オールセインツ,79.5,62.2,45.6,16.5,14.8,14.3
20260816,ロードフローリス,69.2,54.6,39.9,13.8,13.5,12.6
20260816,スカイメテオ,69.8,54.5,40.1,14.7,13.1,12.3
20260816,ゴールデンレシオ,68.0,53.5,38.9,14.5,12.5,11.9
20260816,ゼットスパンキー,136.1,81.2,59.1,21.0,19.5,18.6
20260816,リピ,71.0,53.9,37.8,14.2,12.0,11.6
