年月日,馬名,5F,4F,3F,Lap3,Lap2,Lap1
20260612,プリティーミズホ,72.4,55.3,40.4,14.1,13.5,12.8
20260612,カシノヴィタ,,69.4,51.1,17.3,17.1,16.7
20260612,ミセスジョーンズ,,86.3,62.4,22.2,19.9,20.3
20260612,トレインザマインド,,70.4,51.2,17.8,16.8,16.6
20260612,ベルウッドピース,,69.9,50.7,17.6,16.5,16.6
20260612,プリンキパトゥス,,69.5,50.7,17.6,16.4,16.7
20260612,ミダース,,69.0,49.0,18.2,16.3,14.5
20260612,キョウエイアート,,74.0,54.1,18.8,18.1,17.2
20260612,クラウントリオンフ,,71.3,51.8,18.2,17.1,16.5
20260612,ランドジャイアンツ,,71.2,51.7,18.3,17.0,16.4
20260612,ヤマタケゲンジ,,74.0,53.3,18.3,17.5,17.5
20260612,キタノバトゥーキ,,73.8,53.3,18.3,18.0,17.0
20260612,ニシノキフジン,,74.0,53.5,18.2,17.9,17.4
20260612,アップルザビート,,70.7,51.8,18.1,17.2,16.5
20260612,ローンウルフ,70.1,54.8,39.6,14.6,12.8,12.2
20260612,アルセナール,,70.4,50.4,18.4,16.6,15.4
20260612,マニス,68.5,53.7,39.2,13.8,13.2,12.2
20260612,ゲンパチルーナ,71.0,54.1,39.0,14.1,12.8,12.1
20260612,カリーン,,67.3,48.7,16.6,16.7,15.4
20260612,アースヴィンチ,,68.3,49.7,16.6,16.1,17.0
20260612,アラスカフレイバー,,70.2,51.5,18.0,16.6,16.9
20260612,サンデーパーティー,,74.3,54.1,18.7,17.6,17.8
20260612,ユニバーサルラヴ,,72.3,52.0,17.9,17.5,16.6
20260612,コンティオ,,74.7,55.8,19.6,18.8,17.4
20260612,テリオスララ,,80.0,57.0,21.8,18.5,16.7
20260612,ヤマメナイト,88.2,68.0,49.1,17.8,16.2,15.1
20260612,ニシノカルラ,,72.1,52.7,18.5,17.2,17.0
20260612,クラオルグジェシダ,88.8,69.1,50.3,18.1,16.7,15.5
20260612,アイアムユウシュン,68.5,53.3,39.1,13.7,12.9,12.5
20260612,ブレイブシュガー,75.4,59.2,44.2,15.0,14.3,14.9
20260612,アオイレイラ,76.4,60.2,45.1,15.2,14.5,15.4
20260612,ヴェラグエリエロ,,73.5,53.6,18.8,18.4,16.4
20260612,カノープス,,72.3,53.3,18.5,17.6,17.2
20260612,イトシサ,81.8,62.3,44.4,15.7,15.0,13.7
20260612,マリアイリダータ,95.8,75.0,54.8,19.8,18.1,16.9
20260612,タマモトリノ,95.4,74.5,54.4,19.0,18.3,17.1
20260612,ヤマニンヘルシェ,,73.7,53.5,18.7,17.6,17.2
20260612,ハッピースーニャ,,68.4,50.1,16.9,16.6,16.6
20260612,ミツカネルナ,,77.3,55.3,19.9,18.2,17.2
20260612,ベアゴーフォー,78.4,61.5,45.2,15.6,14.8,14.8
20260612,レッドバレンティア,82.6,63.1,45.2,16.4,14.7,14.1
20260612,キョウエイボニータ,,68.1,49.2,17.1,16.2,15.9
20260612,ユイノマチブセ,69.0,53.0,38.5,13.4,12.6,12.5
20260612,ユイノカタリベ,66.9,51.1,36.8,13.0,12.1,11.7
20260612,アルデキングダム,68.0,52.3,37.4,13.9,12.2,11.3
20260612,シルフィー,67.0,52.5,38.6,13.8,12.9,11.9
20260612,アルデアーク,66.2,51.8,38.2,13.7,12.8,11.7
20260612,イーガービーバー,67.9,53.4,38.5,13.7,12.7,12.1
20260612,リスペクトライト,67.2,52.6,38.5,13.6,12.8,12.1
20260612,ピーエムキンチャン,69.6,54.0,39.0,14.4,12.9,11.7
20260612,エバーメテオ,70.5,54.9,40.1,14.3,13.3,12.5
20260612,ウインリスノアール,70.5,54.8,40.0,14.3,13.2,12.5
20260612,ミスタートントン,,79.0,56.5,20.1,18.2,18.2
20260612,ニットウエース,83.7,66.2,48.8,17.0,15.5,16.3
20260612,ジュワネング,,61.5,44.1,15.8,14.6,13.7
20260612,カリボール,83.1,65.5,47.9,17.2,15.9,14.8
20260612,グランセゾン,68.5,53.5,39.6,13.3,13.3,13.0
20260612,アムールドパリ,111.2,87.3,63.5,22.8,21.0,19.7
20260612,ホウオウフロイト,,69.5,51.1,17.8,16.9,16.4
20260612,ブラーヴジャン,83.3,66.6,49.3,17.1,15.9,16.3
20260612,アラタ,84.1,66.5,48.5,17.0,16.2,15.3
20260612,ユーベルジーク,,75.7,55.4,19.3,18.9,17.2
20260612,トレベルオール,71.0,56.0,41.2,15.0,13.5,12.7
20260612,シークレットシティ,,93.7,68.7,23.5,23.4,21.8
20260612,ハイテイラオユエ,91.0,71.8,52.1,17.8,16.9,17.4
20260612,キングノジョー,72.7,57.3,41.9,15.0,13.7,13.2
20260612,フランベリー,78.7,60.9,45.5,15.8,14.8,14.9
20260612,レオライジング,72.9,57.1,42.5,15.3,13.8,13.4
20260612,セイウントレジャ,73.0,57.3,42.4,15.3,13.7,13.4
20260612,マックアルイーン,69.9,53.5,38.3,14.0,12.5,11.8
20260612,エイムフォーエース,65.9,51.0,36.9,13.6,12.0,11.3
20260612,ウインドラート,,66.7,48.5,17.2,16.1,15.2
20260612,アートオブブライト,,66.9,48.6,17.9,16.0,14.7
20260612,コスモシェルベット,,71.8,51.9,18.8,16.9,16.2
20260612,キロノヴァ,72.5,56.5,41.2,14.0,13.7,13.5
20260612,ハイランダー,,64.7,46.7,16.3,15.4,15.0
20260612,ラヴィニアパーク,,61.4,44.4,15.9,14.4,14.1
20260612,スターツトゥデイ,,63.4,45.6,16.5,15.3,13.8
20260612,トーアマリシテン,140.0,60.7,44.4,15.9,14.7,13.8
20260612,ソードマスター,66.9,52.2,37.9,13.5,12.5,11.9
20260612,ワレモコウ,67.0,52.2,37.8,13.5,12.5,11.8
20260612,パレホ,,63.5,46.6,16.5,15.2,14.9
20260612,コーシューパンジャ,,69.9,50.5,18.0,16.4,16.1
20260612,エーアイクワイ,,69.6,50.5,18.5,16.5,15.5
20260612,シゲルカミカゼ,103.2,81.4,59.6,21.6,19.6,18.4
20260612,マキシマムドライブ,,73.6,53.6,19.0,17.8,16.8
20260612,ラブソング,,72.9,52.9,17.1,18.1,17.7
20260612,オンクラウドナイン,66.7,51.3,37.7,12.6,13.0,12.1
20260612,エバーラスト,70.3,54.2,38.1,14.4,12.6,11.1
20260612,タイセイブレイズ,,79.3,57.5,21.0,18.5,18.0
20260612,タイセイドレフォン,82.3,64.1,45.7,16.9,15.0,13.8
20260612,ビーチボール,85.4,67.0,48.3,17.4,15.8,15.1
20260612,エコロゼルダ,,73.2,53.3,19.3,17.1,16.9
20260612,パノラマステージ,,72.5,53.2,19.2,17.2,16.8
20260612,エルダークローネ,81.8,63.7,45.3,16.9,14.7,13.7
20260612,クリスレグナム,,73.3,53.7,19.3,17.2,17.2
20260612,ブレットパス,,63.3,46.2,16.2,14.7,15.3
20260612,ギルトエッジ,,74.6,54.4,18.7,18.2,17.5
20260612,ペコリズム,,82.2,61.7,20.7,20.7,20.3
20260612,ルマンサルト,,75.2,54.9,19.8,17.2,17.9
20260612,アイルドゥレーヴェ,115.4,92.7,69.6,22.3,25.9,21.4
20260612,ピエナオルカ,,66.6,48.4,17.6,15.1,15.7
20260612,フェゲフォイア,,71.8,52.9,18.5,17.3,17.1
20260612,メイショウタカネ,,71.8,53.0,18.6,17.4,17.0
20260612,ニホンピロロジャー,,77.3,56.5,20.2,18.1,18.2
20260612,オオキニ,,68.5,48.7,18.4,16.2,14.1
20260612,バレンシア,,73.8,53.6,19.1,17.3,17.2
20260612,ルーポ,68.9,53.0,38.1,14.8,11.9,11.4
20260612,スマートエスコート,,75.3,55.3,19.8,18.0,17.5
20260612,ケンフィールド,87.8,70.0,51.8,18.4,16.5,16.9
20260612,ワンダージェム,,67.1,49.8,17.1,16.5,16.2
20260612,ニホンピロロジャー,84.9,67.7,48.8,18.6,15.4,14.8
20260612,ラムジェット,,84.0,61.4,21.8,20.0,19.6
20260612,ラルス,,64.3,47.0,17.0,15.5,14.5
20260612,メイショウジンライ,,75.8,56.7,19.4,18.2,19.1
20260612,ルージュサウダージ,89.5,70.2,52.0,18.3,17.0,16.7
20260612,ジーゲスツーク,,65.1,47.1,16.3,15.5,15.3
20260612,ガルディエンヌ,,68.6,49.3,18.4,15.8,15.1
20260612,ペイシャマイデイズ,,65.4,47.6,16.7,15.7,15.2
20260612,ヘスティア,,71.1,53.0,18.4,16.9,17.7
20260612,ウインガウェイン,,65.5,47.6,16.7,15.6,15.3
20260612,ラムジェット,85.7,69.2,51.0,18.2,16.4,16.4
20260612,マウンテンバローズ,,63.7,46.0,18.0,14.7,13.3
20260612,マテンロウブラボー,,72.6,52.7,18.5,17.4,16.8
20260612,スレッドザニードル,,78.6,55.8,21.4,17.9,16.5
20260612,テイエムスティール,96.5,73.0,51.4,18.0,17.0,16.4
20260612,サンダーバード,67.9,53.0,38.3,14.2,12.1,12.0
20260612,アレーティア,80.4,62.7,45.7,16.2,14.8,14.7
20260612,オーレアミスト,,59.0,43.6,14.6,13.2,15.8
20260612,マテンロウシルビア,,76.2,55.8,19.5,18.4,17.9
20260612,ナリタエスペランサ,,68.9,49.4,18.5,16.1,14.8
20260612,メイショウナルカミ,92.7,74.7,56.0,18.8,18.6,18.6
20260612,ビートル,,72.5,52.1,19.0,17.6,15.5
20260612,シュライアハフト,,71.2,51.1,18.7,16.9,15.5
20260612,ドルチェミスト,,68.4,49.2,17.8,16.0,15.4
20260612,ソブリンズオーブ,,73.4,53.5,19.2,17.7,16.6
20260612,フレッチャアズーラ,178.8,138.2,100.1,35.9,34.6,29.6
20260612,アルファローバ,88.5,70.2,51.6,18.0,16.8,16.8
20260612,サトノブリジャール,,63.0,45.0,16.8,14.0,14.2
20260612,ドリームプレミア,,68.7,49.7,17.3,16.2,16.2
20260612,ロードヴェリタス,,67.8,48.3,17.8,15.5,15.0
20260612,ビートル,,64.5,47.0,17.2,14.9,14.9
20260612,シュライアハフト,,64.0,47.2,17.0,15.0,15.2
20260612,シェイクユアハート,,65.7,47.8,16.4,15.7,15.7
20260612,ベトルス,,67.2,48.6,17.8,15.4,15.4
20260612,モズナツノジン,91.6,73.0,53.6,19.2,16.9,17.5
20260612,スティンガーグラス,,65.0,46.0,16.9,14.7,14.4
20260612,シンビリーブ,114.8,90.0,64.9,23.6,20.6,20.7
20260612,ゴーゴーシャチョウ,67.0,52.3,37.3,14.0,11.8,11.5
20260612,プリメラエストレラ,72.3,55.7,39.3,15.7,12.4,11.2
20260612,ワールドエンジェル,71.8,55.4,39.0,15.7,12.2,11.1
20260612,メイショウハンター,90.1,72.1,53.4,18.8,17.6,17.0
20260612,フィールライクユー,,77.9,57.1,20.3,18.7,18.1
20260612,ウイントレメンデス,91.6,73.0,52.8,18.9,17.1,16.8
20260612,サンライズコナー,82.4,65.5,47.7,17.2,15.7,14.8
20260612,プロスト,79.7,63.1,46.1,15.8,14.6,15.7
20260612,ミエノクラウン,85.8,68.0,49.2,17.9,15.7,15.6
20260612,シャンドラファール,100.4,80.6,59.5,21.1,19.9,18.5
20260612,ラッキーベイ,,64.9,48.3,16.7,15.8,15.8
20260612,ポイントネモ,68.0,53.0,37.5,14.5,11.7,11.3
20260612,デュアルロール,,74.4,53.7,19.6,17.3,16.8
20260612,ダイヤモンドエルザ,,73.7,53.4,19.5,17.1,16.8
20260612,ラッキーヴォーグ,67.2,52.7,37.7,14.1,12.0,11.6
20260612,バラジ,107.9,85.8,63.3,22.2,19.8,21.3
20260612,マジックローズ,,69.4,51.0,17.9,16.8,16.3
20260612,タマコイファルコン,,69.7,50.8,17.9,17.1,15.8
20260612,ソルオーブ,,68.1,49.3,17.6,15.9,15.8
20260612,フィデリス,86.5,68.2,50.2,17.7,16.1,16.4
20260612,テレプシコーラ,87.6,68.1,49.0,17.5,15.8,15.7
20260612,ゴールドショーマン,,71.6,52.1,20.1,17.0,15.0
20260612,クロリス,,69.8,49.9,17.9,16.4,15.6
20260612,コウジョリョウゾク,65.9,51.6,36.7,13.2,11.4,12.1
20260612,エナクローム,70.9,55.4,39.9,14.7,12.9,12.3
20260612,コズミックフレア,68.2,52.8,37.7,14.0,12.1,11.6
20260612,フィオラーノ,,70.3,50.8,18.6,16.2,16.0
20260612,オオナミコナミ,,87.9,64.8,20.8,22.7,21.3
20260612,ルージュエテルナ,131.7,61.4,45.3,15.0,14.6,15.7
20260612,ルクスデイジー,,72.3,51.4,18.2,16.7,16.5
20260612,マテンロウブレイブ,104.2,83.3,61.7,23.5,20.9,17.3
20260612,ベラジオボンド,,175.7,122.4,47.6,45.3,29.5
20260612,チャンネルトンネル,,68.2,49.9,16.7,16.7,16.5
20260612,ファウストラーゼン,,123.8,90.2,32.5,29.3,28.4
20260612,ファウストラーゼン,128.5,101.4,73.3,27.6,23.6,22.1
20260612,ジューンオアシス,101.3,78.4,56.2,21.3,18.0,16.9
20260612,ゴルトリッチ,,70.8,51.7,18.2,16.7,16.8
20260612,リチャードバローズ,130.0,98.1,70.2,25.9,22.4,21.9
20260612,エコロメジャー,,69.2,50.6,18.2,16.7,15.7
20260612,エコロヴァルド,,70.0,50.7,18.4,16.7,15.6
20260612,ファラオクィーン,,66.0,48.4,17.1,15.8,15.5
20260612,アウスヴァール,,140.4,102.8,35.7,34.6,32.5
20260612,ジューンアゲイン,,70.4,51.1,18.8,16.3,16.0
20260612,ニュークレド,83.7,66.5,48.6,17.2,15.4,16.0
20260612,スラッシュ,,77.0,54.2,19.7,17.5,17.0
20260612,エアフォースワン,,69.1,51.3,17.5,16.7,17.1
20260612,エアフォースワン,86.4,68.9,50.9,17.2,16.7,17.0
20260612,ドットカモン,,71.6,52.1,18.5,16.7,16.9
20260612,テーオーダグラス,,64.0,45.5,17.2,14.7,13.6
20260612,ショウナンガルフ,,66.9,47.6,17.6,15.4,14.6
20260612,アウフヘーベン,85.4,68.1,50.1,17.2,16.6,16.3
20260612,マイベスティー,86.6,68.4,49.3,18.2,15.6,15.5
20260612,ビバームス,86.6,68.4,49.3,18.2,15.6,15.5
20260612,リチャードバローズ,96.2,75.0,53.8,20.3,16.9,16.6
20260612,ジョービスコッティ,,80.9,59.6,21.1,19.6,18.9
20260612,ルクスディグニティ,87.7,69.8,52.6,18.0,17.6,17.0
20260612,メイショウユウゲン,74.3,59.9,45.2,15.2,14.9,15.1
20260612,ブランチアウト,86.7,67.9,49.7,17.9,16.0,15.8
20260612,ヤマトチャージ,91.8,73.5,55.1,18.7,18.2,18.2
20260612,モズナイスバディー,,154.5,104.7,36.8,33.7,34.2
20260612,ラッキースパークル,,64.1,47.3,17.2,15.3,14.8
20260612,ワッザイカ,,64.5,46.6,16.5,15.0,15.1
20260612,ウィテカービート,,73.5,54.2,19.5,17.4,17.3
20260612,メンデレーエフ,,73.8,53.8,19.4,17.2,17.2
20260612,クインズセレネ,,82.4,60.4,21.3,20.2,18.9
20260612,テイクオーヴァー,,82.4,60.7,21.3,20.2,19.2
20260612,ランズエンド,,82.3,60.7,21.4,20.1,19.2
20260612,ミステリーウェイ,85.9,67.8,49.8,17.0,16.3,16.5
20260612,レッドダンルース,,73.9,53.4,19.8,17.6,16.0
20260612,ラクホマレ,,148.2,94.8,32.8,30.1,31.9
20260612,ラクホマレ,163.4,124.7,87.1,35.6,27.1,24.4
20260611,エフォートレス,65.7,50.6,36.2,13.2,11.7,11.3
20260611,ブラックバラード,67.0,51.8,37.4,13.3,12.2,11.9
20260611,ベールドインパクト,71.7,56.6,41.4,15.2,14.0,12.2
20260611,サンデースマッシュ,66.0,50.9,36.5,13.2,12.0,11.3
20260611,アンチェーン,67.7,52.6,38.2,13.7,12.9,11.6
20260611,エクセルクラウン,87.1,69.5,52.1,17.5,17.3,17.3
20260611,カフェタンガロア,66.2,51.4,37.0,13.3,12.2,11.5
20260611,フュチュール,65.2,50.8,36.9,13.0,12.2,11.7
20260611,ラフエイジアン,65.8,50.6,36.7,13.2,11.7,11.8
20260611,マグネシアブリック,67.7,52.3,37.3,13.9,12.1,11.3
20260611,ショウナンパトス,67.5,52.3,37.2,13.8,12.1,11.3
20260611,ナディア,69.2,53.6,38.8,14.0,12.6,12.2
20260611,ダブルブロッサム,69.2,53.5,38.9,14.0,12.7,12.2
20260611,ソプラノクイーン,65.4,50.2,36.4,12.9,11.7,11.8
20260611,ハッスルダンク,75.7,59.3,43.9,15.1,14.4,14.4
20260611,スマイルディシー,68.3,53.4,39.1,14.1,12.5,12.5
20260611,オルグジェシダ,66.6,51.2,36.5,13.2,12.1,11.2
20260611,アドミ,69.6,54.8,40.3,14.6,13.3,12.4
20260611,エヴァンスベイ,67.2,51.6,36.9,13.4,12.2,11.3
20260611,ダーリングハースト,68.1,52.5,37.6,13.5,12.4,11.7
20260611,ショウナンハーヴェ,69.1,54.5,39.2,14.7,12.8,11.7
20260611,クラウンフラッグ,68.4,52.2,38.3,13.7,12.8,11.8
20260611,ディアファザー,69.0,53.9,39.4,14.5,13.0,11.9
20260611,ディルッソ,69.0,54.4,39.2,14.7,12.7,11.8
20260611,チャックネイト,67.2,51.6,36.8,13.4,12.0,11.4
20260611,ブリスキー,67.5,52.4,38.4,13.2,12.5,12.7
20260611,ディベルティスマン,66.8,52.0,37.6,13.5,12.3,11.8
20260611,アリスメティーク,67.7,53.4,38.3,14.3,12.3,11.7
20260611,ルシェロアズーリ,70.9,55.0,39.8,14.2,13.3,12.3
20260611,エコロアルバ,65.1,50.1,36.3,13.1,12.0,11.2
20260611,テンノルーキー,66.5,51.6,37.2,13.1,12.1,12.0
20260611,クカイリモク,67.4,51.8,36.9,13.3,12.2,11.4
20260611,ナリノシャーウッド,66.7,51.8,37.3,13.2,12.0,12.1
20260611,アラクラン,66.1,50.8,37.1,13.2,12.5,11.4
20260611,ホウオウザロイヤル,66.9,51.7,37.1,13.4,12.1,11.6
20260611,キャピタル,66.6,51.6,37.0,13.4,12.1,11.5
20260611,トーセンマスラオ,66.2,51.4,37.0,13.4,12.1,11.5
20260611,サヴァビアン,69.9,54.7,39.5,14.3,12.9,12.3
20260611,タリスマン,63.9,50.5,37.3,12.9,12.3,12.1
20260611,マンモスホームラン,69.5,54.3,39.0,13.9,12.9,12.2
20260611,フロムドーン,73.9,58.9,44.2,14.8,14.8,14.6
20260611,テスタ,68.6,53.2,38.8,13.9,13.0,11.9
20260611,フレンデル,68.5,53.2,38.9,13.9,13.0,12.0
20260611,ロケットチャンバー,69.1,54.1,38.7,14.1,12.7,11.9
20260611,ヘルメスギャング,68.5,52.5,37.7,13.7,12.1,11.9
20260611,リトルベルタ,68.2,53.1,38.4,13.9,12.7,11.8
20260611,レイナデルアイレ,68.3,52.8,37.9,14.2,12.4,11.3
20260611,ブルージンジャー,67.8,52.4,37.6,14.0,12.3,11.3
20260611,スペシャルサンクス,67.8,52.9,38.3,13.9,12.6,11.8
20260611,ヌーンベルク,68.8,52.9,37.8,13.8,12.3,11.7
20260611,スーパーユタカ,68.9,52.9,37.9,13.7,12.2,12.0
20260611,トゥレイス,67.0,52.0,37.0,13.9,11.8,11.3
20260611,リバージュエル,66.1,51.6,36.7,13.6,11.8,11.3
20260611,ハルカオル,70.2,52.9,37.6,14.1,12.4,11.1
20260611,キーチジャステン,70.5,53.3,37.8,14.1,12.6,11.1
20260611,ヴォンヌヴォー,67.8,52.3,37.7,14.1,12.1,11.5
20260611,ヘルヴィッツ,67.4,52.8,38.1,14.0,12.5,11.6
20260611,タマモトップハット,68.4,53.1,38.4,14.2,12.5,11.7
20260611,チャチャット,66.2,51.6,37.5,13.8,12.3,11.4
20260611,コスモラムバック,69.4,53.6,38.8,14.2,12.8,11.8
20260611,ライングラウス,72.8,57.2,42.3,14.6,14.1,13.6
20260611,オートカリテ,69.1,53.9,38.0,14.0,12.1,11.9
20260611,リアレスト,65.3,50.7,36.4,12.8,11.9,11.7
20260611,オリジナルアポジー,70.1,55.0,39.7,14.2,13.2,12.3
20260611,ムーングレイル,65.3,50.4,35.6,12.8,11.6,11.2
20260611,プロミスライン,67.0,51.5,36.8,13.1,12.2,11.5
20260611,ダノンコレクト,66.4,50.9,36.4,13.2,11.9,11.3
20260611,タクティシアン,65.2,50.3,35.4,12.6,11.5,11.3
20260611,タイセイアストロ,65.5,51.1,36.7,13.5,12.0,11.2
20260611,リコラピッド,66.6,51.4,36.9,13.1,12.0,11.8
20260611,コナパームス,66.2,51.1,36.7,13.0,11.9,11.8
20260611,カラヴァジェスティ,68.8,52.1,37.3,13.7,12.2,11.4
20260611,ミルトハーバー,73.0,57.8,42.9,15.2,14.4,13.3
20260611,ゴールドビリーヴ,73.3,57.3,42.1,14.3,13.9,13.9
20260611,シャンドゥレール,70.9,55.4,40.2,14.5,13.2,12.5
20260611,アツキヤマト,68.8,53.6,39.0,14.0,12.8,12.2
20260611,ポッドロルフ,91.1,72.1,53.3,18.4,17.8,17.1
20260611,ラインホルト,71.4,55.9,40.7,14.8,13.5,12.4
20260611,ロードトライデント,67.3,52.5,37.7,14.3,12.2,11.2
20260611,アッパーウォーター,67.9,53.0,38.0,14.3,12.4,11.3
20260611,マッドゲイル,67.9,52.4,37.6,13.8,11.9,11.9
20260611,エッジランナー,68.6,53.5,38.8,14.0,12.6,12.2
20260611,スーホ,68.2,52.9,37.8,13.8,12.1,11.9
20260611,コンクレデンツァ,67.9,53.1,38.7,13.8,12.7,12.2
20260611,モンシュマン,66.0,51.4,37.4,13.5,12.3,11.6
20260611,イミグラントソング,66.7,52.0,38.1,13.6,12.7,11.8
20260611,ファンダム,65.1,50.8,36.9,13.2,12.2,11.5
20260611,トレベルオール,,75.9,54.9,19.3,18.6,17.0
20260611,ルナーファントム,72.4,56.2,41.3,14.5,13.6,13.2
20260611,エクリプスルバン,66.3,50.3,36.6,13.1,12.1,11.4
20260611,シャイニースイフト,72.3,56.1,40.1,14.3,13.1,12.7
20260611,ローズブーケ,67.2,52.0,37.5,13.7,12.3,11.5
20260611,ライトアファイア,68.6,53.0,37.8,14.2,12.2,11.4
20260611,サザンホクトベガ,67.6,52.3,37.9,13.9,12.5,11.5
20260611,ポッドエステラ,68.3,52.8,37.8,14.2,12.1,11.5
20260611,シークレットイスラ,67.5,51.8,37.3,13.7,12.4,11.2
20260611,バギーウィップ,70.0,54.9,39.3,14.5,12.6,12.2
20260611,モリガン,71.0,55.9,40.9,14.7,13.8,12.4
20260611,ワールドブレイヴ,67.1,51.6,37.0,13.6,12.2,11.2
20260611,フィオリータ,69.3,54.4,39.0,14.5,12.6,11.9
20260611,エルシオン,70.4,55.5,40.5,14.7,13.7,12.1
20260611,ティアップドライブ,69.6,53.2,37.9,13.4,12.4,12.1
20260611,カミノテイオー,70.7,54.4,38.8,13.6,12.5,12.7
20260611,エイカイボクサー,68.2,52.8,38.1,14.2,12.6,11.3
20260611,ヤマメイッカ,67.2,52.2,38.0,13.6,12.6,11.8
20260611,キャピタルストーン,67.9,52.4,37.7,14.1,12.5,11.1
20260611,レッチュベルク,66.4,51.8,37.5,13.6,12.3,11.6
20260611,セイウンパシュート,65.3,50.2,36.3,13.4,11.7,11.2
20260611,ソードマスター,78.6,60.9,43.8,16.0,14.2,13.6
20260611,ワレモコウ,84.1,66.7,49.1,16.9,16.0,16.2
20260611,アルゲンテウス,71.4,55.4,40.2,14.3,13.4,12.5
20260611,レーヴドロペラ,66.4,51.2,36.6,13.1,11.9,11.6
20260611,コスモアミュレット,73.2,57.0,41.8,14.9,13.8,13.1
20260611,ケブランリ,67.0,51.5,37.0,13.3,12.0,11.7
20260611,グロッシェン,69.5,54.9,40.2,14.9,13.6,11.7
20260611,ダノンエンブレム,67.9,51.7,37.4,13.4,12.3,11.7
20260611,アトミックリーチ,71.9,55.6,40.3,14.9,13.1,12.3
20260611,コンテネレッツア,67.9,52.3,37.5,13.5,12.3,11.7
20260611,アルシミスト,66.7,51.3,36.6,13.1,12.0,11.5
20260611,アドミラルシップ,66.4,50.9,36.8,13.1,12.1,11.6
20260611,シャルムグリーン,66.0,50.5,36.5,13.0,11.9,11.6
20260611,ペルウィクトール,67.6,50.2,36.0,12.3,11.8,11.9
20260611,オニャンコポン,,58.2,42.5,15.3,14.9,12.3
20260611,ピースワンデュック,64.6,49.8,35.8,12.6,11.6,11.6
20260611,ローンウルフ,,65.2,48.0,16.0,16.3,15.7
20260611,レイククレセント,64.8,50.0,35.8,12.7,11.6,11.5
20260611,ヴィクトリーマンボ,63.9,49.3,35.1,12.5,11.3,11.3
20260611,ララニューディー,64.3,49.7,35.4,12.6,11.5,11.3
20260611,ダノンプレサージュ,61.7,48.6,36.3,12.3,12.1,11.9
20260611,ラルガメンテ,66.0,51.2,36.7,13.3,11.9,11.5
20260611,エオリアンリッジ,66.9,52.1,37.4,13.2,12.2,12.0
20260611,ラッキーモア,67.2,52.2,37.7,13.5,12.2,12.0
20260611,マリノエスプレッソ,68.4,52.7,38.1,13.3,12.4,12.4
20260611,リワードヘレン,68.3,52.7,38.1,13.2,12.4,12.5
20260611,サラサハヤブサ,68.4,52.7,38.1,13.2,12.5,12.4
20260611,バターショコラ,68.8,53.9,39.0,14.0,12.8,12.2
20260611,ラングロワブリッジ,69.0,54.0,39.0,14.0,12.8,12.2
20260611,ロケットパンチ,71.9,55.1,39.7,14.8,13.4,11.5
20260611,ソニックブレイカー,103.2,80.4,58.8,20.4,19.3,19.1
20260611,パッションノーヴァ,71.4,55.0,39.8,14.6,13.3,11.9
20260611,シャインフォード,71.5,54.7,39.4,14.7,13.2,11.5
20260611,グランジョルノ,65.8,51.1,37.1,13.4,11.9,11.8
20260611,プロスペクトパーク,64.6,50.1,36.5,12.9,11.9,11.7
20260611,ツクバヴァンガード,68.2,53.0,38.1,13.9,12.5,11.7
20260611,ニシノティアモ,67.8,52.4,37.3,13.8,11.9,11.6
20260611,ソクヅモドラドラ,68.2,52.7,37.6,13.9,12.1,11.6
20260611,ブラックルビー,71.8,55.5,40.1,14.4,13.1,12.6
20260611,ココネ,68.7,53.2,38.1,13.8,12.4,11.9
20260611,ポッドレーヴ,74.8,58.4,42.2,14.8,13.9,13.5
20260611,イキフン,74.0,57.9,41.9,14.7,13.8,13.4
20260611,コブラ,67.4,51.9,36.9,13.5,12.1,11.3
20260611,コガネノソラ,66.7,51.1,36.2,13.3,11.9,11.0
20260611,ブランフォルテ,69.4,54.2,39.8,14.3,12.8,12.7
20260611,エストゥペンダ,64.5,50.7,36.1,12.5,12.0,11.6
20260611,トゥーザムーン,70.6,55.2,40.5,14.5,13.3,12.7
20260611,ファインサマーデイ,65.8,51.5,36.9,13.1,12.2,11.6
20260611,ラヴァブルロマン,66.8,51.4,37.1,12.8,12.0,12.3
20260611,プリンセスロッティ,66.6,51.2,37.0,12.7,12.0,12.3
20260611,ナチュラルライズ,71.3,55.1,40.1,14.4,13.5,12.2
20260611,ミッキーファイト,67.5,52.4,38.2,14.0,12.8,11.4
20260611,ロックユアライフ,67.2,52.1,38.0,14.0,12.6,11.4
20260611,シーギリヤロック,69.1,53.8,38.8,13.9,13.1,11.8
20260611,クロダテ,68.9,53.6,38.6,13.9,13.0,11.7
20260611,レッジェランツァ,68.7,53.4,38.6,14.1,12.8,11.7
20260611,アロヒアリイ,70.0,54.2,38.9,14.1,12.9,11.9
20260611,サマースプラッシュ,71.4,56.1,40.7,14.5,13.4,12.8
20260611,メイクアマーク,69.1,53.4,38.5,13.7,12.4,12.4
20260611,エストレアボニータ,68.8,53.0,38.2,13.7,12.4,12.1
20260611,ブロンクス,69.7,53.9,39.1,13.7,12.5,12.9
20260611,ソラニワラエバ,67.4,52.7,38.4,14.0,12.5,11.9
20260611,ゴルトシェーン,68.3,53.5,39.2,13.9,12.6,12.7
20260611,プレザントトーン,70.8,55.1,39.8,14.0,12.9,12.9
20260611,クロースコンバット,69.1,53.6,38.7,14.2,12.6,11.9
20260611,キイチムーブメント,68.7,53.0,38.1,13.9,12.3,11.9
20260611,セブンマイスター,67.3,52.2,37.3,13.8,12.2,11.3
20260611,シュートザワークス,67.0,52.0,37.0,13.7,12.0,11.3
20260611,モンドデラモーレ,63.4,49.6,36.2,12.6,11.9,11.7
20260611,ブライトライツ,68.6,53.2,38.5,14.0,12.5,12.0
20260611,ウインマニフィーク,70.1,55.2,41.0,14.4,13.5,13.1
20260611,テンプーシャオン,,59.6,42.7,15.9,14.0,12.8
20260611,ホウオウスターツ,69.0,54.0,39.5,14.4,12.7,12.4
20260611,アイアムユウシュン,87.0,68.9,51.0,17.8,17.1,16.1
20260611,アドアプローズ,69.5,53.9,39.5,14.3,13.2,12.0
20260611,ミッキーマドンナ,66.1,51.5,37.4,13.2,12.1,12.1
20260611,ダノンヒストリー,67.1,52.1,37.7,13.5,12.1,12.1
20260611,ブラックティンカー,,57.8,41.6,14.9,13.7,13.0
20260611,ララバニュルス,67.4,52.8,38.2,14.0,12.5,11.7
20260611,ノアレジェンド,67.3,52.0,37.4,13.3,12.4,11.7
20260611,スティールシップ,67.4,52.7,38.1,14.1,12.4,11.6
20260611,スカイリッチ,67.0,51.7,37.2,13.3,12.3,11.6
20260611,メトロポリターナ,,55.9,39.4,14.2,12.9,12.3
20260611,ラッキーバック,67.4,52.3,37.2,13.8,11.5,11.9
20260611,サトノスカイターフ,67.9,53.0,37.7,14.4,11.9,11.4
20260611,アスクコンナモンダ,66.1,51.8,37.2,14.1,11.7,11.4
20260611,レッドプロフェシー,65.7,51.2,36.6,13.8,11.6,11.2
20260611,サトノクローク,67.8,53.1,38.0,14.7,11.9,11.4
20260611,ホールネス,67.1,52.9,37.9,14.4,11.9,11.6
20260611,ラウダブル,67.3,52.7,37.4,14.3,11.7,11.4
20260611,ミッキークレスト,66.2,51.8,37.3,13.7,11.8,11.8
20260611,シャルクハフト,67.5,53.0,37.6,14.3,11.9,11.4
20260611,アグレイビューティ,66.7,52.7,37.9,14.6,11.9,11.4
20260611,スカイスプレンダー,66.9,51.9,36.7,14.2,11.6,10.9
20260611,サトノディヴァイン,69.1,54.4,39.2,14.7,12.3,12.2
20260611,セルヴァジオ,66.8,52.7,37.9,14.5,12.1,11.3
20260611,フォルストランキル,67.6,52.6,37.2,14.3,11.8,11.1
20260611,クイノールト,69.4,54.6,39.3,14.8,12.3,12.2
20260611,ミスティックレナン,70.2,54.4,39.4,15.1,12.3,12.0
20260611,ドラゴンドール,66.3,52.5,37.9,13.6,12.3,12.0
20260611,メイショウクーガー,69.8,54.2,38.2,14.9,12.0,11.3
20260611,テイクザクラウン,68.7,53.9,38.3,14.6,12.0,11.7
20260611,バトルセレーネ,69.2,54.2,38.6,14.7,12.2,11.7
20260611,ファイナルコマンド,69.4,54.6,38.5,14.7,11.9,11.9
20260611,ホウショウルクス,69.2,54.4,38.5,14.6,12.0,11.9
20260611,コニーアイランド,68.8,53.4,37.6,15.0,11.8,10.8
20260611,ベルシュヴァル,70.0,54.7,39.5,14.8,12.6,12.1
20260611,ヤマニンイハナ,69.8,54.3,38.8,14.7,12.3,11.8
20260611,アテンド,70.1,54.5,39.0,14.7,12.3,12.0
20260611,クリスタルタワー,70.1,55.0,39.4,15.0,12.3,12.1
20260611,リアライズパリオ,71.3,54.9,38.7,14.6,12.4,11.7
20260611,ジャジャミン,70.4,55.3,39.7,15.1,12.5,12.1
20260611,カエルム,65.5,51.4,36.9,13.9,11.9,11.1
20260611,ヴェロシア,66.5,52.2,37.3,14.0,12.0,11.3
20260611,アウトリュコス,67.2,52.6,37.6,14.0,12.2,11.4
20260611,ワンダーシャッフル,66.9,52.0,37.3,13.9,11.6,11.8
20260611,メイショウバルキア,67.7,52.6,37.7,14.2,11.7,11.8
20260611,エリカアズーラ,,56.4,41.5,14.1,13.7,13.7
20260611,リーティアコナル,69.4,54.4,38.4,14.8,12.3,11.3
20260611,レーティッシュ,69.3,54.4,38.4,14.9,12.1,11.4
20260611,ケンフィールド,,65.9,49.0,17.2,15.7,16.1
20260611,サマーアゲイン,70.5,54.6,38.8,14.5,12.2,12.1
20260611,クラッチプレイヤー,65.2,51.3,37.3,13.7,11.9,11.7
20260611,バルナバ,65.6,51.3,36.9,14.1,11.5,11.3
20260611,マイベスティー,90.2,70.9,51.6,18.7,16.8,16.1
20260611,ビバームス,90.2,70.9,51.6,18.7,16.8,16.1
20260611,ケンフィールド,90.1,72.4,53.5,19.1,17.5,16.9
20260611,エティエンヌ,63.2,49.8,36.1,13.0,11.5,11.6
20260611,シュバルツマサムネ,72.1,56.9,39.5,15.6,12.5,11.4
20260611,ミニトランザット,70.9,56.0,38.7,15.5,12.1,11.1
20260611,ロードプレジール,68.4,53.5,38.0,14.6,11.9,11.5
20260611,アニージョ,66.0,51.7,37.0,13.7,11.6,11.7
20260611,ライツフォル,64.1,50.0,36.0,13.1,11.3,11.6
20260611,スマッシング,67.5,52.6,37.3,14.7,11.4,11.2
20260611,マーズエクレール,66.9,52.2,37.0,14.4,11.4,11.2
20260611,コトホドサヨウニ,68.1,53.0,37.4,14.5,11.4,11.5
20260611,ユージュアーナ,67.7,52.7,37.3,14.3,11.4,11.6
20260611,オーレアミスト,,59.8,43.5,15.5,13.8,14.2
20260611,リノルアナ,68.4,53.5,38.2,14.3,12.0,11.9
20260611,ハノハノ,67.6,52.5,37.4,14.6,11.6,11.2
20260611,ビタールート,68.0,52.9,37.7,14.7,11.7,11.3
20260611,ダノンヴェルサイユ,68.2,53.3,38.0,14.3,11.8,11.9
20260611,エンデュミオン,,78.3,57.0,19.8,18.8,18.4
20260611,ローズラフィネ,68.9,53.5,38.3,14.5,12.6,11.2
20260611,テイエムエメラルド,164.3,121.2,90.1,27.8,32.3,30.0
20260611,タマモエース,65.7,51.0,36.8,13.1,11.8,11.9
20260611,サンダーバード,,66.4,47.3,16.8,14.9,15.6
20260611,ヒロノラメール,64.1,50.0,36.2,13.0,11.7,11.5
20260611,テイエムエメラルド,118.5,79.1,56.8,19.5,19.7,17.6
20260611,メイショウアボット,68.1,52.7,37.6,14.3,12.2,11.1
20260611,ブレイクガール,67.8,52.4,37.3,14.1,12.0,11.2
20260611,ジュンヴァンケット,65.8,50.8,35.8,13.6,11.0,11.2
20260611,ポムドール,67.2,52.6,37.6,14.2,11.9,11.5
20260611,ウォーターブビンガ,67.3,52.8,37.8,14.1,11.9,11.8
20260611,ジャストアダッシュ,66.8,52.3,37.4,14.1,11.8,11.5
20260611,ワンダーゾルダート,71.1,54.4,37.8,14.4,11.6,11.8
20260611,ルーストカール,71.3,54.5,38.0,14.7,11.5,11.8
20260611,ウィンターダフネ,67.6,53.0,37.9,13.9,12.0,12.0
20260611,ゴーゴーシャチョウ,96.9,78.2,58.4,19.5,20.1,18.8
20260611,プリメラエストレラ,78.4,62.6,46.4,16.2,15.1,15.1
20260611,ワールドエンジェル,78.4,62.5,45.9,16.1,15.0,14.8
20260611,アージュドール,,77.9,58.5,19.6,19.4,19.5
20260611,ウォーターリーダー,69.0,54.1,38.8,14.3,12.5,12.0
20260611,エンジョイドライブ,65.0,50.7,36.9,13.5,11.6,11.8
20260611,リテラシー,88.4,69.6,50.7,17.7,16.5,16.5
20260611,ステラクラウン,,187.2,142.3,45.1,46.7,50.5
20260611,スレッドザニードル,,85.2,59.0,22.6,18.7,17.7
20260611,リフルフォース,,187.9,142.7,45.0,47.3,50.4
20260611,グラヴィテ,67.4,51.8,37.2,13.8,11.6,11.8
20260611,ステラクラウン,95.9,73.4,52.8,19.0,16.6,17.2
20260611,ウイントレメンデス,86.8,68.6,49.9,18.4,15.9,15.6
20260611,ユキノクラウン,,75.7,55.6,19.8,18.4,17.4
20260611,ジューンアゲイン,,75.8,55.6,19.8,18.4,17.4
20260611,リフルフォース,113.5,88.5,65.0,22.4,20.8,21.8
20260611,ドンレミラピュセル,,50.4,37.7,12.9,12.2,12.6
20260611,キャッチアシーフ,68.4,53.1,38.1,14.4,12.3,11.4
20260611,コルテオソレイユ,69.4,54.4,39.0,14.5,12.2,12.3
20260611,ティンタアマレラ,68.1,53.0,38.2,14.5,12.2,11.5
20260611,カエリールークス,69.2,54.4,38.9,14.4,12.2,12.3
20260611,アイルシャイン,66.7,51.3,36.6,13.4,11.5,11.7
20260611,カズタンジャー,66.9,51.5,36.7,13.3,11.7,11.7
20260611,ミヤノラングリー,67.8,52.6,37.8,14.5,11.8,11.5
20260611,メイショウトウコウ,67.9,52.8,37.8,14.5,11.7,11.6
20260611,ムーンライトラガー,70.0,54.6,38.7,14.3,12.2,12.2
20260611,テレサ,65.9,51.2,36.7,13.6,11.8,11.3
20260611,ベイリークロア,66.5,51.8,37.3,13.6,11.8,11.9
20260611,レイノルズナンバー,66.7,52.1,37.4,13.6,12.0,11.8
20260611,ゴルトミュンツェ,67.4,52.2,36.9,14.2,11.4,11.3
20260611,サントルドパリ,66.7,52.0,36.5,13.9,11.5,11.1
20260611,アーリーハーベスト,68.0,52.8,37.0,14.2,11.8,11.0
20260611,サトノビダーヤ,69.7,54.1,38.3,14.7,12.0,11.6
20260611,ラッキーストーン,67.8,52.4,36.9,14.4,11.5,11.0
20260611,ニクスルーナ,67.1,51.9,36.6,14.3,11.4,10.9
20260611,モンドドゥアムール,70.7,55.1,39.2,15.0,12.4,11.8
20260611,キャッチミークライ,67.9,53.7,38.8,14.2,12.2,12.4
20260611,アロンソア,66.5,52.8,38.2,14.7,12.0,11.5
20260611,ガビーズデトワール,67.1,53.5,38.8,14.7,12.2,11.9
20260611,キャプテンシー,67.9,52.8,37.1,14.6,11.5,11.0
20260611,ハッピーダンチャン,66.3,51.7,36.9,13.9,11.7,11.3
20260611,ポルトドール,67.6,53.1,37.8,14.2,12.1,11.5
20260611,ゴールデンカイト,67.9,54.1,38.7,14.6,12.4,11.7
20260611,ジャスティンダラス,68.4,52.8,38.1,14.1,12.4,11.6
20260611,ナチュラルリバー,67.4,52.9,38.4,14.0,12.2,12.2
20260611,ルージュサウダージ,97.1,76.5,54.4,19.9,17.4,17.1
20260611,エポックヴィーナス,,50.8,35.0,13.1,10.9,11.0
20260611,ハロナ,69.1,52.7,36.8,13.8,11.6,11.4
20260611,エコロリンド,70.9,54.5,38.5,13.9,12.4,12.2
20260611,サンタンジェロ,68.8,52.3,36.6,13.6,11.7,11.3
20260611,レジーナテンペスタ,68.1,52.7,37.5,14.5,11.5,11.5
20260611,ショウナンガルフ,,69.2,49.6,17.9,16.3,15.4
20260611,フルーツバスケット,66.5,50.9,36.6,14.1,11.4,11.1
20260611,ジーティーマイカ,67.3,51.7,37.0,14.3,11.5,11.2
20260611,アキノビューティー,67.0,50.5,36.1,13.4,11.5,11.2
20260611,ナムラヴンダー,67.5,51.3,36.8,13.8,11.7,11.3
20260611,メイショウカゼマチ,156.3,79.0,51.8,20.1,16.2,15.5
20260611,キタノレクレドール,70.1,54.1,38.6,14.5,11.9,12.2
20260611,レインオンミー,84.9,67.5,50.3,17.9,16.1,16.3
20260611,キュピドン,,108.3,78.8,27.7,25.9,25.2
20260611,メイショウカゼマチ,217.3,129.0,87.6,30.6,29.0,28.0
20260611,ウインリュクス,,69.7,49.3,17.9,16.2,15.2
20260611,ポワンキュルミナン,67.5,52.2,37.1,13.6,11.8,11.7
20260611,エオリカドーロ,74.8,57.2,40.0,15.4,12.7,11.9
20260611,テーオージャスミン,74.2,56.9,39.8,15.2,12.7,11.9
20260611,ワイドアイリー,74.2,56.9,39.8,15.2,12.6,12.0
20260611,ルーポ,83.9,66.6,48.6,17.1,15.8,15.7
20260611,ローレルアイビー,68.9,53.4,37.9,14.7,11.7,11.5
20260611,ワイドカクゲン,70.0,54.5,38.5,14.9,12.0,11.6
20260611,レイデアルマス,69.6,54.1,38.2,14.7,11.9,11.6
20260611,ナムラローズマリー,65.9,50.9,35.8,13.2,11.4,11.2
20260611,バトゥカーダ,66.1,51.8,36.8,13.8,11.6,11.4
20260611,マテンロウブレイブ,90.8,73.0,53.8,20.1,17.7,16.0
20260611,アティラン,72.2,56.3,40.3,15.0,12.9,12.4
20260611,クールミラボー,65.5,51.6,37.4,13.8,11.8,11.8
20260611,シャンデルナゴル,67.3,52.3,37.2,14.0,11.7,11.5
20260611,ダノンカゼルタ,,59.0,41.9,15.2,13.4,13.3
20260611,ワーズワース,67.5,52.2,37.5,14.0,12.0,11.5
20260611,オンザ,69.2,53.7,38.2,14.4,11.9,11.9
20260611,リアンマヒナ,68.3,52.8,37.6,14.2,11.7,11.7
20260611,リリーボレア,69.0,53.5,37.9,14.4,11.7,11.8
20260611,ルクスディグニティ,84.6,67.3,50.1,17.1,16.5,16.5
20260611,ジョービスコッティ,,79.4,57.7,20.2,19.1,18.4
20260611,アウスヴァール,,170.9,127.0,38.9,42.8,45.3
20260611,ミランド,71.9,56.2,39.9,15.8,12.6,11.5
20260611,ケイアイクウガ,70.0,54.6,38.9,15.3,12.3,11.3
20260611,ローベルクランツ,66.6,51.7,37.1,13.3,12.0,11.8
20260611,マーゴットマシェリ,71.4,55.8,39.5,15.5,12.5,11.5
20260611,ギャルズマインド,,61.3,44.4,16.3,14.3,13.8
20260611,スナークラファエロ,,67.4,49.0,16.9,16.2,15.9
20260611,フィエールシャンテ,65.9,51.0,36.6,13.2,11.7,11.7
20260611,サクライロマウコロ,66.2,51.4,36.8,13.2,11.8,11.8
20260611,テイクオーヴァー,,73.5,53.8,18.9,17.8,17.1
20260611,ランズエンド,,73.5,53.9,18.9,17.9,17.1
20260611,マカホウ,94.6,74.9,55.3,19.8,17.8,17.7
20260610,ロードリベラシオン,65.0,50.5,37.2,12.8,12.3,12.1
20260610,ゲクウ,69.4,54.0,39.7,13.6,13.3,12.8
20260610,ライネリーベ,66.8,52.3,37.4,13.5,12.2,11.7
20260610,ウインエンブレム,69.2,53.7,39.7,13.8,12.9,13.0
20260610,ホウオウビリーヴ,66.7,52.2,37.2,13.4,12.2,11.6
20260610,モズクルードラゴン,73.3,56.2,39.9,15.3,12.9,11.7
20260610,シャドウメテオ,67.6,52.3,37.5,13.6,12.5,11.4
20260610,リフレックス,66.2,51.2,37.1,13.2,12.3,11.6
20260610,ゼータレティクル,69.2,53.6,38.7,13.8,13.1,11.8
20260610,スマイルカーブ,67.1,52.2,37.5,13.3,12.5,11.7
20260610,バグラダス,66.0,51.0,36.8,13.3,12.0,11.5
20260610,サンカルミア,67.9,53.3,39.1,14.0,13.6,11.5
20260610,アルセナール,68.0,52.3,37.8,13.6,13.1,11.1
20260610,レガレイラ,68.5,52.7,38.1,13.7,13.2,11.2
20260610,シンショク,68.8,53.8,38.7,14.5,12.6,11.6
20260610,サノノグレーター,67.5,52.9,37.8,14.3,12.4,11.1
20260610,スカイドリーマー,66.2,50.5,35.9,13.2,11.6,11.1
20260610,コスモクラシック,68.5,53.0,38.9,13.9,12.6,12.4
20260610,アルティーノ,68.5,52.8,38.1,13.7,12.5,11.9
20260610,ビービーアジャイル,68.0,53.2,37.9,14.5,11.9,11.5
20260610,ヴァルカンテソーロ,66.7,51.5,37.2,13.5,12.1,11.6
20260610,ジュンヴィヴァン,67.6,53.1,39.0,13.9,13.5,11.6
20260610,ロスパレドネス,68.9,53.3,38.7,13.9,13.2,11.6
20260610,ジュナベーラ,66.7,51.1,36.3,13.3,11.9,11.1
20260610,スードランダム,68.2,52.4,37.9,13.4,12.5,12.0
20260610,マーゴットパラディ,67.7,51.9,37.3,13.0,12.4,11.9
20260610,スノーキャップ,68.2,52.8,38.8,13.7,12.6,12.5
20260610,ハイトラクション,67.5,52.7,37.6,14.3,11.9,11.4
20260610,キュータンチャン,68.5,53.5,38.3,14.4,12.4,11.5
20260610,スターフラッシュ,66.5,50.8,36.1,13.3,11.7,11.1
20260610,ギーロカスタル,67.9,51.9,37.5,13.8,12.4,11.3
20260610,バレンタインガール,65.9,51.3,36.9,12.9,12.2,11.8
20260610,オセアエクスプレス,67.0,52.2,38.0,13.5,12.5,12.0
20260610,ピコアーガイル,66.9,51.0,37.0,13.8,12.1,11.1
20260610,トレインザマインド,67.2,52.3,37.6,14.0,12.0,11.6
20260610,ルージュミレネール,66.1,51.4,36.7,13.1,12.2,11.4
20260610,ヤマトスイフト,66.9,51.7,37.7,13.4,12.3,12.0
20260610,ブライティアビーム,66.7,51.4,37.5,13.4,12.3,11.8
20260610,チャーミングアイ,68.0,53.1,38.7,13.9,12.7,12.1
20260610,ベルウッドピース,67.0,52.3,37.6,13.9,12.0,11.7
20260610,スティールヴォーグ,66.0,51.0,36.9,13.1,12.2,11.6
20260610,レイランディ,67.2,52.3,37.9,13.5,12.5,11.9
20260610,アイスアンドスノー,66.6,51.8,37.3,13.2,12.3,11.8
20260610,ゴールドパレード,69.4,53.8,38.7,14.4,12.6,11.7
20260610,スタームーンナイト,66.7,52.1,37.4,14.0,11.8,11.6
20260610,メリティス,67.0,52.2,37.7,13.2,12.5,12.0
20260610,コスモヘリアンサス,68.3,52.4,37.9,14.0,12.5,11.4
20260610,マイネルヴェーゼン,67.6,51.9,37.3,13.8,12.2,11.3
20260610,フェーダーローター,66.4,50.8,37.1,13.2,12.3,11.6
20260610,ヴァルボナ,66.0,50.7,36.7,13.0,12.2,11.5
20260610,タシット,66.6,51.4,37.0,13.1,12.2,11.7
20260610,ヒロノゴウカイ,66.1,51.5,37.6,13.7,12.1,11.8
20260610,キョウエイフロイデ,67.2,51.9,37.4,13.4,12.2,11.8
20260610,コムユンプリュム,68.3,53.1,38.6,13.8,12.8,12.0
20260610,コスモアチーブ,68.3,51.8,36.8,13.6,12.1,11.1
20260610,サンデーパーティー,68.0,52.3,38.4,13.9,12.9,11.6
20260610,レースクイーン,66.6,51.7,37.3,13.3,12.1,11.9
20260610,ホワイトオパール,66.3,51.6,37.9,13.7,12.2,12.0
20260610,イントゥザウインド,66.5,51.6,37.4,13.8,12.2,11.4
20260610,チェイサー,69.1,53.6,39.3,14.4,13.2,11.7
20260610,トリアングルレディ,64.9,50.3,36.9,13.5,12.0,11.4
20260610,ホットゥトロット,66.5,50.7,36.2,13.5,11.6,11.1
20260610,コスモアルペジオ,66.6,51.2,36.9,13.0,11.9,12.0
20260610,エヴィーヴァ,67.6,52.0,37.3,13.4,11.9,12.0
20260610,ラムールデュヴォン,67.9,52.5,37.7,13.8,12.5,11.4
20260610,サンレガート,69.0,53.3,38.3,14.1,12.7,11.5
20260610,エーアイクワイ,67.4,51.3,36.5,13.6,12.0,10.9
20260610,モリノドリーム,70.7,54.0,38.2,14.1,12.8,11.3
20260610,ウインドワンピース,67.3,52.7,38.3,13.8,12.6,11.9
20260610,アージェント,66.2,51.4,37.5,13.5,12.4,11.6
20260610,ブルーハーツ,68.0,53.3,39.0,13.7,12.7,12.6
20260610,ゴールドドレッサ,70.7,55.4,40.7,14.8,13.9,12.0
20260610,ドリームガッサン,68.0,51.9,36.6,13.9,11.8,10.9
20260610,ギンケイ,67.6,52.1,37.1,13.5,12.0,11.6
20260610,メテオレムナント,68.6,53.2,38.0,13.9,12.3,11.8
20260610,ノーブルブロウ,69.6,54.2,39.9,14.5,13.4,12.0
20260610,レイヒストリコ,65.9,51.1,37.3,13.4,12.3,11.6
20260610,ゴールデンハニビー,65.5,50.7,37.0,13.3,12.1,11.6
20260610,グッバイウェーブ,64.5,50.3,36.7,12.7,12.0,12.0
20260610,ルージュスティーズ,67.8,52.5,37.5,13.3,12.2,12.0
20260610,タイセイプランセス,66.3,51.0,36.6,13.0,11.9,11.7
20260610,ネオアンボウ,65.7,51.4,36.8,12.9,12.0,11.9
20260610,ブリスフルイヤー,67.8,52.9,38.0,13.7,12.4,11.9
20260610,アルスマグナ,67.3,51.8,37.2,13.1,12.2,11.9
20260610,ハクシンスマイル,71.8,54.2,39.0,14.3,12.5,12.2
20260610,サムハラ,68.3,53.3,38.3,13.8,12.6,11.9
20260610,タイセイジェンマ,65.9,51.5,37.0,13.0,12.1,11.9
20260610,ローレルクラウン,70.6,54.9,39.5,14.1,13.5,11.9
20260610,トリプティーク,71.0,54.2,39.4,14.3,13.0,12.1
20260610,ブライトシーン,66.4,51.8,37.3,13.0,12.3,12.0
20260610,ウィールズアップ,67.0,51.6,36.9,12.9,12.1,11.9
20260610,カシノヴィタ,71.3,54.3,39.4,14.3,12.9,12.2
20260610,デルマタモン,68.0,52.5,37.8,13.4,12.2,12.2
20260610,スティールブルー,67.8,52.1,37.6,14.2,12.3,11.1
20260610,カネラフィーナ,68.5,53.3,38.3,14.2,12.5,11.6
20260610,ブラウンラチェット,66.1,50.5,36.4,13.4,11.8,11.2
20260610,ヴォンサクレ,69.2,54.1,39.6,13.7,13.0,12.9
20260610,アミナス,68.9,53.3,38.5,14.1,12.7,11.7
20260610,モロノディアマンテ,69.2,53.6,38.6,14.0,12.8,11.8
20260610,グランマズドリーム,68.3,52.5,37.7,14.2,12.5,11.0
20260610,チャンピオンホープ,70.4,55.6,40.8,13.9,13.4,13.5
20260610,トゥントゥントゥン,68.2,52.4,38.5,13.4,12.6,12.5
20260610,アルタティール,68.0,52.1,38.1,13.2,12.5,12.4
20260610,モートンアイランド,67.0,51.5,37.1,13.8,12.0,11.3
20260610,ミリオ,68.8,53.3,38.4,14.1,12.6,11.7
20260610,レッドインサイト,68.2,53.0,38.1,14.2,12.3,11.6
20260610,ラガリーガ,66.8,51.0,36.8,13.6,12.0,11.2
20260610,オウケンボルト,66.3,51.1,37.1,13.1,12.2,11.8
20260610,アップストローク,69.4,53.5,38.6,14.1,12.9,11.6
20260610,ブルージャイアント,68.7,53.1,38.7,14.0,12.7,12.0
20260610,ラパンチュール,66.7,51.9,38.0,13.5,12.6,11.9
20260610,ヤマタケボニータ,68.7,53.2,38.7,14.0,12.7,12.0
20260610,オルブライト,67.8,52.4,38.1,13.9,12.7,11.5
20260610,ミリオングローリー,66.6,51.9,37.3,13.5,12.3,11.5
20260610,ブレイズランナー,68.3,53.1,38.1,14.1,12.4,11.6
20260610,ヤマタケゲンジ,69.3,53.7,39.4,13.7,13.0,12.7
20260610,キタノバトゥーキ,68.5,53.1,38.7,14.0,12.6,12.1
20260610,ニシノキフジン,69.1,53.6,39.4,13.7,13.0,12.7
20260610,リケアチャチャチャ,72.7,56.3,40.2,15.2,13.0,12.0
20260610,ティアラスピリット,72.8,56.4,40.2,15.1,13.1,12.0
20260610,ディースプレマシー,67.6,52.2,37.6,13.8,12.1,11.7
20260610,ルージュマローネ,68.3,52.7,37.7,13.9,12.5,11.3
20260610,ロイヤルスパイア,67.2,51.8,36.9,13.4,12.2,11.3
20260610,パラダイスフェイス,67.3,51.9,37.2,13.5,11.9,11.8
20260610,ライヴレッドアイ,66.7,51.4,36.6,13.3,11.7,11.6
20260610,ジュワネング,67.5,52.2,37.2,13.6,12.4,11.2
20260610,スウィット,64.5,49.7,36.3,12.7,11.7,11.9
20260610,アイスブレイカー,70.0,54.2,39.0,14.2,12.8,12.0
20260610,ハピナスター,67.1,52.3,37.4,13.8,12.1,11.5
20260610,レーヴルーバ,68.0,51.1,36.6,12.6,11.7,12.3
20260610,ジーティージェミル,66.5,51.9,37.3,13.6,12.0,11.7
20260610,ゴートゥービッツン,70.3,54.6,39.4,14.1,12.9,12.4
20260610,レッドバレンティア,70.3,54.4,38.5,14.3,12.7,11.5
20260610,カドドゥディエ,65.4,51.1,37.0,13.1,12.1,11.8
20260610,リオダプラタ,66.0,51.7,37.5,13.1,12.3,12.1
20260610,エンジェルサン,69.3,53.8,37.7,13.9,12.3,11.5
20260610,アシタバスピリッツ,68.1,52.8,38.0,13.3,12.9,11.8
20260610,ジーティーフクフク,66.8,51.7,37.5,13.5,12.1,11.9
20260610,エクラドット,67.7,52.5,37.8,13.3,12.7,11.8
20260610,クアロアランチ,64.9,50.8,36.7,13.0,12.1,11.6
20260610,ニシノツムジカゼ,67.3,52.2,37.7,13.5,12.3,11.9
20260610,レッドライトニング,68.4,52.8,37.6,13.7,12.1,11.8
20260610,バンブルビー,,,,,,12.1
20260610,ハチマン,67.7,52.0,37.6,13.5,12.4,11.7
20260610,エランヴィータ,67.1,51.5,37.3,13.4,12.3,11.6
20260610,コスモシェルベット,67.6,52.2,37.3,13.7,12.1,11.5
20260610,アートオブブライト,67.2,51.8,37.1,13.7,11.9,11.5
20260610,サイモンルモンド,66.8,52.0,37.8,13.0,12.4,12.4
20260610,フタイテンロック,68.6,52.9,38.3,13.9,12.5,11.9
20260610,ファインブライト,68.1,52.7,38.0,13.8,12.4,11.8
20260610,コレクテイニア,69.0,53.1,38.2,13.8,12.7,11.7
20260610,クロドラバール,67.0,52.0,37.7,13.8,12.4,11.5
20260610,ディマイザキッド,66.5,51.2,36.7,13.1,11.9,11.7
20260610,シャオシンユン,66.8,52.0,37.7,14.0,12.4,11.3
20260610,バトンロード,69.5,54.4,39.2,14.1,13.0,12.1
20260610,コスモグラニット,67.1,51.8,37.1,13.3,12.1,11.7
20260610,ヌクレオチド,68.9,53.7,38.7,14.0,12.9,11.8
20260610,ハングローズ,68.6,53.2,38.5,13.9,13.0,11.6
20260610,イナンナ,67.9,53.0,38.5,14.2,12.6,11.7
20260610,モデレートゲイル,68.4,52.6,37.6,13.7,12.3,11.6
20260610,チャリングクロス,65.9,51.1,37.4,13.7,12.3,11.4
20260610,ラインジーク,67.4,50.4,35.7,12.5,11.7,11.5
20260610,アラタ,69.9,54.2,38.6,14.3,12.7,11.6
20260610,ブラーヴジャン,68.9,53.7,38.2,14.2,12.6,11.4
20260610,ニシノカルラ,68.6,53.4,38.7,13.4,12.9,12.4
20260610,アルアンダルス,68.7,53.3,38.1,13.5,12.3,12.3
20260610,ナナレイ,68.9,53.5,38.2,13.4,12.3,12.5
20260610,エンセリオ,67.2,52.3,37.5,13.5,12.2,11.8
20260610,ゴールドアローン,68.2,53.1,38.1,14.0,12.3,11.8
20260610,ウォータースパウト,67.3,52.3,37.5,13.5,12.2,11.8
20260610,コスモエルヴァル,67.7,52.2,37.6,13.4,12.5,11.7
20260610,エムアイブレイズ,67.7,52.6,37.9,13.8,12.2,11.9
20260610,ブリングライト,68.3,53.0,38.6,14.3,12.7,11.6
20260610,グラスブランシュ,67.5,52.4,38.4,13.9,12.7,11.8
20260610,テリオスララ,67.8,51.5,37.0,14.1,11.9,11.0
20260610,ハクシンブライアン,68.0,52.7,38.5,14.2,12.7,11.6
20260610,ヤマメナイト,68.5,52.4,37.8,13.9,12.6,11.3
20260610,ウインブリザード,68.3,53.6,38.8,14.5,12.8,11.5
20260610,クラオルグジェシダ,68.5,52.4,37.6,13.7,12.5,11.4
20260610,コールドスリープ,68.6,54.1,39.3,14.5,13.0,11.8
20260610,ラヴトリガー,68.6,52.5,37.7,13.8,12.5,11.4
20260610,ゴールドブリーズ,69.5,54.5,39.0,14.1,12.6,12.3
20260610,ツマヤ,65.6,51.2,37.0,13.6,11.9,11.5
20260610,グランドフォレスト,64.9,49.8,36.3,12.6,12.0,11.7
20260610,エフエイト,66.0,51.4,36.9,13.5,11.8,11.6
20260610,スミッコディスコ,68.7,52.9,38.3,13.9,12.6,11.8
20260610,ブラッククラウズ,,75.1,53.0,18.1,17.6,17.3
20260610,ジェイエルサーベイ,69.2,53.5,38.6,14.0,12.7,11.9
20260610,ベルウッドディープ,65.1,49.9,36.3,12.7,11.9,11.7
20260610,アイウィル,67.4,52.6,38.0,13.9,12.5,11.6
20260610,タイキオーベロン,66.7,52.0,37.8,13.9,12.3,11.6
20260610,レフィノス,69.0,53.5,39.1,13.9,13.2,12.0
20260610,ゴールドテソーロ,67.0,52.1,37.9,13.4,12.4,12.1
20260610,ディルイーヤ,66.8,51.9,37.8,13.4,12.3,12.1
20260610,ヴェラグエリエロ,68.7,53.5,39.1,13.6,13.0,12.5
20260610,アイアムユウシュン,,73.4,53.3,18.5,17.8,17.0
20260610,タマモトリノ,68.3,53.1,38.8,13.5,12.8,12.5
20260610,イーガービーバー,73.5,57.4,42.1,14.2,14.1,13.8
20260610,アグアフレスカ,69.7,54.0,39.2,14.3,13.0,11.9
20260610,ディル,69.2,53.3,38.6,14.1,12.6,11.9
20260610,イベリスアマラ,68.6,52.8,38.1,13.9,12.4,11.8
20260610,ピーエムキンチャン,73.9,56.7,41.5,14.7,13.2,13.6
20260610,スケルツォテソーロ,69.6,54.1,39.3,14.2,13.0,12.1
20260610,ウインリスノアール,73.4,56.4,41.1,14.3,13.2,13.6
20260610,サンダーユニバンス,68.1,52.5,37.8,13.6,12.3,11.9
20260610,イイクニパッション,74.0,56.2,40.1,14.4,13.5,12.2
20260610,ウインドオブヘヴン,68.6,52.8,38.0,13.7,12.4,11.9
20260610,ヨーゼフ,68.2,52.6,37.9,13.6,12.4,11.9
20260610,ソニックブレイカー,103.3,84.9,64.7,20.6,21.9,22.2
20260610,イミグラントソング,89.3,69.6,51.2,17.8,16.6,16.8
20260610,カーニバルウェイ,67.8,52.6,38.2,13.4,12.0,12.8
20260610,マイネルアルゴー,67.2,52.1,37.9,13.2,12.1,12.6
20260610,イゲマジャ,67.9,52.7,38.3,13.5,12.1,12.7
20260610,セキテイリノ,67.2,52.1,37.8,13.3,12.8,11.7
20260610,シャンパンアワー,69.2,53.7,38.9,13.7,12.9,12.3
20260610,エクリプスルバン,84.5,67.0,49.3,17.5,16.9,14.9
20260610,カミノテイオー,91.4,71.5,52.4,18.2,17.0,17.2
20260610,スクイーズアウト,68.3,53.1,38.4,14.0,12.5,11.9
20260610,レオスキーム,69.0,54.1,39.7,14.1,12.7,12.9
20260610,カルダモン,67.8,52.7,38.1,13.9,12.4,11.8
20260610,リアルクウカイ,71.6,56.3,42.1,14.3,13.8,14.0
20260610,バギーウィップ,,74.5,52.4,19.6,17.3,15.5
20260610,ヤングアメリカンズ,69.9,54.5,39.4,13.7,12.9,12.8
20260610,グレイスルーラー,69.0,54.2,38.9,14.4,12.4,12.1
20260610,ラッキーキッド,69.6,54.1,39.0,13.6,12.8,12.6
20260610,アイリーノリチャン,69.4,54.4,39.1,14.5,12.5,12.1
20260610,サウザンサニー,65.7,50.9,37.3,13.4,12.6,11.3
20260610,アルニラム,68.8,52.6,37.7,14.0,12.2,11.5
20260610,マカナ,67.4,51.2,36.6,13.2,12.0,11.4
20260610,ピコローズ,66.7,50.4,35.9,12.9,11.9,11.1
20260610,ロフティストーリー,65.4,50.6,37.0,13.1,12.0,11.9
20260610,レッドキングリー,68.8,53.3,38.4,14.0,12.8,11.6
20260610,デルマシラカミ,69.8,54.2,39.2,14.2,12.8,12.2
20260610,フジガイフウ,66.7,51.5,37.7,13.7,12.7,11.3
20260610,エビスディアーナ,70.7,53.3,38.5,13.3,12.8,12.4
20260610,ブリサマリーナ,66.2,51.5,37.6,13.3,12.4,11.9
20260610,ルージュボヤージュ,72.2,56.0,40.8,14.2,13.4,13.2
20260610,リッツパーティー,67.1,52.0,38.0,13.9,12.7,11.4
20260610,ウキヨノサンシロウ,70.3,54.6,39.6,14.2,12.8,12.6
20260610,ラグアイリータ,69.5,54.8,39.6,14.5,13.1,12.0
20260610,ゼフィリア,69.1,54.5,39.5,14.5,13.1,11.9
20260610,メジャーシンガー,68.4,52.2,37.4,13.9,12.1,11.4
20260610,ユリア,65.9,51.0,37.2,13.1,12.3,11.8
20260610,エコロナイン,70.1,52.7,37.8,13.2,12.5,12.1
20260610,トクシーカイザー,69.4,54.7,40.0,14.7,13.1,12.2
20260610,アシャカタカ,68.2,52.8,37.9,14.6,12.3,11.0
20260610,ジャクソン,65.9,51.3,36.9,13.4,11.9,11.6
20260610,カーマンライン,67.8,53.3,39.1,14.1,12.9,12.1
20260610,モリノセピア,69.4,53.9,38.7,14.6,12.5,11.6
20260610,グーテンベルク,66.6,51.7,36.9,13.6,12.0,11.3
20260610,ラーナローザ,68.0,51.6,36.6,13.8,11.7,11.1
20260610,ロワゾブルー,69.0,53.8,39.0,13.8,13.0,12.2
20260610,ノビリシマビジョン,69.5,53.4,38.7,13.8,12.7,12.2
20260610,カサビセンス,71.3,56.2,40.9,14.4,13.5,13.0
20260610,ニャンタロウ,67.4,52.7,38.1,13.7,12.1,12.3
20260610,ニシノマルガリート,69.8,54.2,38.8,14.5,12.7,11.6
20260610,ゴーントゥファー,69.8,55.0,40.1,14.7,13.2,12.2
20260610,テムファイア,67.0,51.6,37.2,12.6,11.9,12.7
20260610,ウインワーグナー,66.5,52.0,37.3,13.6,12.1,11.6
20260610,タイセイアドーレ,65.7,50.5,36.8,12.6,11.8,12.4
20260610,トゥザファイナル,68.1,53.2,38.6,14.2,12.7,11.7
20260610,ニシノヴィヴィ,67.7,51.5,37.1,13.5,12.1,11.5
20260610,トーアマリシテン,70.8,55.0,40.2,14.0,13.3,12.9
20260610,ウインドラート,67.0,51.9,37.3,13.4,12.2,11.7
20260610,ラストレガシー,69.0,53.4,38.9,14.3,12.8,11.8
20260610,タケショウカイザー,67.8,52.5,38.0,13.5,12.5,12.0
20260610,ランドスター,,57.4,41.5,14.6,14.6,12.3
20260610,スコアレジーナ,67.6,52.7,38.1,13.5,12.5,12.1
20260610,ベッラモレーン,68.3,52.9,38.2,13.6,12.6,12.0
20260610,カンレイスター,66.3,50.2,36.2,13.0,12.0,11.2
20260610,ニシノトマラナイ,68.9,52.7,38.1,14.0,12.4,11.7
20260610,アーティキュレート,68.7,53.1,38.7,14.1,12.8,11.8
20260610,オービタルピリオド,66.2,51.5,37.7,13.5,12.6,11.6
20260610,ハニージョー,66.0,51.4,37.3,13.3,12.2,11.8
20260610,マツリダシリウス,66.6,51.6,37.1,13.5,12.0,11.6
20260610,ニシノインヴィクタ,68.6,52.5,37.6,13.7,12.4,11.5
20260610,プルメリアクヒオ,67.3,51.8,37.5,13.4,12.3,11.8
20260610,ラブリーガール,67.9,53.1,38.8,13.5,12.7,12.6
20260610,ウフドゥウフ,66.6,51.0,36.3,13.2,11.8,11.3
20260610,クラリネットソナタ,66.5,51.7,37.9,13.3,12.7,11.9
20260610,ノーブルラホーヤ,69.0,52.8,38.4,13.8,12.7,11.9
20260610,レヴェンドール,67.7,52.6,38.5,13.6,12.9,12.0
20260610,ベンテンカグラ,70.3,54.9,40.6,13.7,13.3,13.6
20260610,アーティラリー,,55.6,40.1,14.2,13.4,12.5
20260610,カリーシ,67.7,52.1,37.6,13.5,12.2,11.9
20260610,バレンタインビスタ,67.2,52.3,38.2,13.8,12.5,11.9
20260610,ノアレジェンド,85.6,67.7,49.7,17.6,16.9,15.2
20260610,クアラトレンガヌ,66.9,52.3,38.3,13.5,12.6,12.2
20260610,ルージュアリスタ,67.3,52.1,37.6,13.7,12.4,11.5
20260610,コンフィグシス,67.0,52.3,38.4,13.5,12.7,12.2
20260610,ブーケドリス,67.6,52.6,37.9,13.8,12.5,11.6
20260610,ジャスティンシカゴ,64.9,50.2,36.4,13.4,11.8,11.2
20260610,タツナナイロ,69.2,53.7,38.9,13.7,12.7,12.5
20260610,スチョウプリンセス,67.1,51.9,37.4,13.5,12.1,11.8
20260610,コスモマルーン,66.3,51.8,37.7,13.5,12.1,12.1
20260610,メイショウソムリエ,67.3,51.9,37.4,13.7,12.3,11.4
20260610,ブライトマン,67.1,51.7,37.2,13.7,12.0,11.5
20260610,トワニ,70.2,54.4,39.5,14.1,12.9,12.5
20260610,アイムインディ,69.8,54.1,39.3,13.8,12.8,12.7
20260610,レオホー,72.4,57.5,42.8,14.6,14.2,14.0
20260610,ドナビッグベン,65.1,51.1,37.0,13.4,11.9,11.7
20260610,リングスター,72.4,57.4,42.7,14.5,14.3,13.9
20260610,アラータス,65.3,51.2,37.0,13.4,11.8,11.8
20260610,ペイシャオーヴァル,68.0,53.1,38.4,14.2,12.2,12.0
20260610,ノボリフジ,67.2,52.6,38.0,14.1,12.1,11.8
20260610,グラニットピーク,67.2,52.0,37.5,13.5,12.1,11.9
20260610,ブライテストドーン,67.2,52.3,37.6,13.6,12.2,11.8
20260610,テルケンユミクイン,66.3,51.4,36.9,13.3,12.0,11.6
20260610,アンティミスト,,52.8,37.6,13.5,12.6,11.5
20260610,トゥーザムーン,,77.2,55.9,19.7,18.8,17.4
20260610,キタノタイキ,69.5,55.2,41.2,14.2,13.1,13.9
20260610,ブレイヴアーサー,69.4,55.0,41.0,14.3,13.1,13.6
20260610,ユイノリュウギ,67.5,53.0,38.4,13.6,12.4,12.4
20260610,イサチルサリーレ,66.7,52.2,38.0,13.4,12.4,12.2
20260610,ユイノジカンカセギ,68.6,53.8,39.2,13.8,12.7,12.7
20260610,オストラヴァ,65.9,50.9,36.2,13.1,12.1,11.0
20260610,ミクニインスパイア,66.3,51.3,36.7,13.4,12.1,11.2
20260610,セイントエルモズ,71.5,56.6,40.9,15.3,13.5,12.1
20260610,ビアーレ,,53.6,38.3,14.1,13.0,11.2
20260610,ウインシャリーフ,67.0,52.2,37.6,13.4,12.4,11.8
20260610,モロノカガヤキ,67.1,52.1,37.4,13.7,12.3,11.4
20260610,サングラント,68.1,53.0,38.4,13.6,12.9,11.9
20260610,ニースケンス,70.9,56.2,40.9,15.3,13.5,12.1
20260610,レッドシュヴェルト,66.2,51.0,37.1,13.3,12.3,11.5
20260610,ショウナンハクウン,67.9,52.6,37.6,13.8,12.0,11.8
20260610,レガーロデルシエロ,66.2,51.5,36.7,13.6,12.0,11.1
20260610,ホウオウガイア,69.0,53.7,38.4,14.2,12.5,11.7
20260610,マネーマネー,68.9,53.4,39.1,13.7,12.8,12.6
20260610,タイキヴィグルーズ,68.4,52.9,37.9,13.9,12.2,11.8
20260610,ツインドライヴ,66.2,51.9,37.9,13.4,12.7,11.8
20260610,タヤスロレンヌ,65.2,51.2,37.0,13.6,12.1,11.3
20260610,ツウキンカイソク,67.2,52.6,37.8,13.9,12.3,11.6
20260610,ヘルモソブレード,67.5,52.4,37.5,13.7,12.3,11.5
20260610,ウインテラジーナ,67.7,52.8,37.8,13.9,12.1,11.8
20260610,シェリーシュシュ,68.7,53.1,38.1,13.9,12.4,11.8
20260610,ヤジロベエバランス,66.7,52.0,37.1,13.5,12.2,11.4
20260610,ソナタテソーロ,68.9,53.6,38.8,13.6,13.0,12.2
20260610,スムースベルベット,68.5,53.4,38.5,14.4,12.6,11.5
20260610,ラブトゥエニイワン,66.9,51.8,37.5,13.3,12.6,11.6
20260610,ヴェイルドハート,67.9,52.6,38.1,13.8,12.6,11.7
20260610,アイデアルカット,69.3,54.0,38.9,14.5,12.9,11.5
20260610,ジュネストレイル,68.8,53.6,38.7,14.4,12.7,11.6
20260610,ソウカイウォーリア,66.4,51.4,37.1,13.1,12.3,11.7
20260610,トレンドマーチ,67.7,52.3,37.8,13.8,12.3,11.7
20260610,マイネルクロカータ,67.3,52.0,37.6,13.6,12.2,11.8
20260610,ミッドナイトドア,68.7,54.0,39.7,14.0,13.1,12.6
20260610,ハンデンブレイズ,68.7,53.8,39.6,13.9,13.0,12.7
20260610,ヴェサリウス,67.8,52.0,37.0,13.4,12.0,11.6
20260610,ビービーエフォート,67.4,52.5,38.1,13.5,12.7,11.9
20260610,ユーディキウム,66.8,51.5,37.5,13.6,12.3,11.6
20260610,フクオトコ,70.1,53.9,38.3,14.4,12.3,11.6
20260610,アリアス,67.2,52.5,38.3,13.6,12.8,11.9
20260610,レーウィン,72.0,54.9,39.6,14.7,13.1,11.8
20260610,カルネヴァーレ,68.5,53.9,38.6,14.1,12.3,12.2
20260610,ルミナスレイナ,69.0,54.1,38.8,14.3,12.4,12.1
20260610,アドマイヤパープル,,53.7,38.5,13.7,13.2,11.6
20260610,デザートスピリット,71.6,54.6,39.3,14.6,13.0,11.7
20260610,ユタライト,,54.1,38.8,14.0,13.2,11.6
20260610,ゴールデンパゴーダ,65.8,51.1,37.8,13.2,12.5,12.1
20260610,アンジェラス,65.2,50.5,37.3,13.1,12.4,11.8
20260610,レダアトミカ,65.0,50.4,37.3,12.8,12.5,12.0
20260610,カイトグート,69.7,54.5,39.9,13.9,13.2,12.8
20260610,ケナゲ,70.4,55.0,40.1,13.6,13.0,13.5
20260610,トクシースタローン,68.3,53.0,38.5,13.8,12.7,12.0
20260610,カイトヴィント,70.1,54.4,39.5,14.2,12.8,12.5
20260610,ハイテイラオユエ,69.0,53.6,38.9,14.1,12.8,12.0
20260610,ヤマニンヘルシェ,67.8,52.7,38.2,13.8,12.5,11.9
20260610,カシオペア,68.6,53.5,38.2,14.2,12.3,11.7
20260610,カシノユメミヅキ,67.6,52.3,37.8,13.8,12.3,11.7
20260610,ファウナード,68.4,53.3,38.1,14.1,12.3,11.7
20260610,シゲルカミカゼ,73.3,56.3,41.0,14.8,13.4,12.8
20260610,ユキワリザクラ,65.7,50.8,36.5,13.0,11.8,11.7
20260610,アムールドパリ,69.2,53.7,38.5,14.3,12.6,11.6
20260610,パーセルペーパー,66.9,51.2,37.2,12.7,11.9,12.6
20260610,ルークススペイ,68.0,51.9,37.7,13.6,12.2,11.9
20260610,トルショー,68.6,52.9,38.3,14.0,12.5,11.8
20260610,アイファーシャドー,67.2,51.9,37.6,13.3,12.2,12.1
20260610,ソルトバーン,66.7,51.2,37.2,12.7,12.0,12.5
20260610,チャームジュネーヴ,67.8,53.2,39.2,13.9,12.8,12.5
20260610,ホウオウフロイト,71.9,56.0,40.2,14.8,12.8,12.6
20260610,ショウナンパトス,,63.9,46.1,16.5,14.8,14.8
20260610,ペリプルス,66.3,51.5,37.5,13.2,12.4,11.9
20260610,サムワンライクユー,66.5,51.7,37.6,13.3,12.4,11.9
20260610,ノーブルアクト,68.9,52.8,37.6,13.9,12.4,11.3
20260610,クリフハンガー,68.2,51.9,37.1,13.8,11.9,11.4
20260610,マイネルイグザルト,67.6,52.8,37.9,13.8,12.6,11.5
20260610,ブラックナザレ,68.0,53.0,38.2,14.0,12.6,11.6
20260610,フォーエバーブルー,67.2,52.0,37.9,13.8,12.4,11.7
20260610,ハイビスカス,67.2,52.0,37.9,13.8,12.5,11.6
20260610,ヴァルキリーバース,65.9,50.3,35.9,12.9,11.7,11.3
20260610,タイセツナヒ,73.5,57.2,42.4,14.7,14.1,13.6
20260610,ダノンファンスター,66.1,50.5,36.1,12.9,11.8,11.4
20260610,ロードリュイール,67.1,51.6,37.1,13.0,11.9,12.2
20260610,エレスレイプニル,73.4,57.3,42.6,14.8,14.2,13.6
20260610,キングノジョー,66.8,52.1,37.4,13.7,12.4,11.3
20260610,イトシサ,67.4,52.7,38.0,13.8,12.6,11.6
20260610,ダノンマスタング,66.1,51.5,36.9,13.6,11.9,11.4
20260610,キリミツ,73.7,57.1,41.6,14.3,13.7,13.6
20260610,デルマノリクラ,68.8,53.4,39.0,13.6,12.9,12.5
20260610,フォークスアップ,69.4,54.1,39.3,13.9,12.9,12.5
20260610,エイシンウルクンデ,73.8,57.4,42.0,14.3,13.9,13.8
20260610,コンティオ,68.6,52.7,38.1,14.0,12.4,11.7
20260610,キリスパークル,74.6,59.8,44.7,15.2,14.8,14.7
20260610,ウィナーズチェック,68.0,52.9,38.4,13.9,12.5,12.0
20260610,インサイドエッジ,67.7,52.4,37.8,14.0,12.1,11.7
20260610,テルケンレンスキー,68.5,52.5,37.7,13.4,12.0,12.3
20260610,ゴールドエンバー,68.5,53.3,38.5,14.0,12.7,11.8
20260610,ウインターブレス,67.8,52.1,37.4,13.2,12.1,12.1
20260610,フィレルレーヴ,67.5,52.7,37.9,13.5,12.3,12.1
20260610,ユイノエスポワール,68.0,53.0,38.2,13.9,12.6,11.7
20260610,ナンナンプー,67.7,52.5,37.4,13.8,12.1,11.5
20260610,ラインクインビー,69.9,54.5,39.0,13.8,12.6,12.6
20260610,ウインオーディン,,53.4,37.8,14.0,12.3,11.5
20260610,バタール,69.3,53.5,38.2,14.3,12.5,11.4
20260610,ピックデムッシュ,68.8,53.1,37.9,14.1,12.5,11.3
20260610,ラベルセーヌ,69.6,53.9,38.8,14.5,12.9,11.4
20260610,セントメモリーズ,69.0,53.0,37.7,14.3,12.1,11.3
20260610,ルクスジニア,70.7,54.2,38.4,14.5,12.3,11.6
20260610,ペプチドドリーム,69.2,53.1,37.7,14.3,12.2,11.2
20260610,リトルベルタ,,74.9,54.0,19.2,17.8,17.0
20260610,ハルオーブ,66.9,51.3,37.1,13.3,12.1,11.7
20260610,トモジャシャトー,67.3,51.9,37.2,13.0,12.5,11.7
20260610,ギフテッド,65.3,51.3,37.9,13.4,12.7,11.8
20260610,コスモラムバック,,71.1,51.9,17.8,17.3,16.8
20260610,コーシューパンジャ,69.1,53.6,39.0,14.3,12.9,11.8
20260610,オーケーエース,69.3,53.6,39.0,14.1,13.1,11.8
20260610,シュハリ,70.2,54.6,39.5,14.4,13.0,12.1
20260610,ソニックドライブ,67.9,52.6,37.8,13.8,12.3,11.7
20260610,モルトマエストーソ,67.5,52.1,37.4,13.8,12.2,11.4
20260610,ナクライト,67.1,51.8,37.1,13.6,12.2,11.3
20260610,カリーン,76.8,60.0,44.9,15.1,14.9,14.9
20260610,アースヴィンチ,73.1,56.7,41.1,14.9,13.7,12.5
20260610,タイセイフェリーク,65.4,51.2,37.4,13.3,12.6,11.5
20260610,ベイビーキッス,66.7,52.3,38.3,13.8,12.9,11.6
20260610,ミスターマーボー,66.8,52.1,38.2,13.4,12.7,12.1
20260610,マイネルリコルディ,66.3,51.9,38.0,13.8,12.7,11.5
20260610,マンダリンボレロ,66.4,51.4,36.8,13.5,11.9,11.4
20260610,カツノテンス,66.8,52.5,38.0,14.0,12.5,11.5
20260610,コックオーヴァン,67.7,52.5,38.3,13.5,12.7,12.1
20260610,ベールドインパクト,100.8,76.7,55.7,20.0,18.4,17.3
20260610,キョウエイアート,68.7,54.0,39.2,14.3,12.7,12.2
20260610,モーモーワン,68.6,54.1,39.3,14.1,12.6,12.6
20260610,ダノンエアズロック,,52.1,37.3,13.8,12.1,11.4
20260610,シテフローラル,64.6,50.3,35.5,12.8,11.3,11.4
20260610,サイルーン,64.2,49.9,35.1,12.7,11.2,11.2
20260610,ルージュカエラ,67.5,52.6,38.7,13.6,13.3,11.8
20260610,レッドテリオス,69.0,54.2,39.4,14.5,13.0,11.9
20260610,アトリウムチャペル,67.9,53.2,38.5,13.8,12.5,12.2
20260610,エイミームーン,69.2,53.0,37.6,14.2,12.0,11.4
20260610,アルデバローズ,69.9,53.4,37.8,14.3,12.2,11.3
20260610,ゴールデンボート,70.7,54.2,38.4,14.5,12.4,11.5
20260610,サトノリアファル,69.6,54.8,39.8,14.6,13.3,11.9
20260610,ヒシナスキロ,65.1,50.7,36.3,13.0,11.8,11.5
20260610,エコロシード,64.6,50.1,35.4,12.9,11.3,11.2
20260610,ピーターサイト,67.3,52.9,38.4,13.9,12.9,11.6
20260610,サクセスカラー,69.9,54.1,38.7,14.4,12.3,12.0
20260610,フクノスナノバラ,64.9,50.8,36.8,13.0,12.2,11.6
20260610,インプロペリア,65.2,50.7,36.1,13.4,11.8,10.9
20260610,フィーリウス,67.6,52.1,37.6,14.0,12.5,11.1
20260610,マルターズドン,68.4,53.2,39.1,13.8,12.9,12.4
20260610,デイズインザサン,65.8,51.3,37.2,13.3,12.2,11.7
20260610,シーサンタナ,69.0,53.9,39.4,14.1,13.1,12.2
20260610,ジェネラスキング,69.2,54.2,39.4,14.2,13.1,12.1
20260610,ルージュフローラ,65.3,50.5,36.6,13.4,12.1,11.1
20260610,ストロングボンド,72.7,56.1,41.1,14.8,13.4,12.9
20260610,ストーリーオブラブ,65.0,50.7,36.5,13.0,11.8,11.7
20260610,サクセスゴールド,68.3,53.3,38.6,13.9,12.8,11.9
20260610,ルークウォーム,68.3,52.9,38.1,14.1,12.8,11.2
20260610,ナナレイ,65.4,50.9,36.7,13.1,11.9,11.7
20260610,マイネルアルディ,70.2,53.6,38.6,14.2,12.7,11.7
20260610,コスモハナミズキ,70.2,53.5,38.5,14.2,12.6,11.7
20260610,ニシノアイオーン,68.4,53.2,38.9,13.6,12.8,12.5
20260610,シャンデヴァーグ,65.0,50.1,36.2,13.3,12.0,10.9
20260610,パレスラン,68.4,53.5,39.1,14.0,12.9,12.2
20260610,ネイチャーシップ,67.0,52.1,37.6,13.9,12.4,11.3
20260610,ローディアマント,66.9,51.8,37.4,13.1,12.2,12.1
20260610,メタルスピード,66.5,51.4,37.0,13.3,12.5,11.2
20260610,エコロレイズ,67.4,52.1,37.3,13.9,12.3,11.1
20260610,ダノンホイットニー,69.7,53.6,38.1,13.6,12.5,12.0
20260610,デルマカイモン,67.4,52.1,38.0,14.0,12.3,11.7
20260610,ロンギングフォユー,69.4,53.2,37.7,13.6,12.3,11.8
20260610,グランアルト,67.6,52.4,37.9,13.6,12.5,11.8
20260610,ジーネキング,67.1,51.8,37.3,13.5,12.5,11.3
20260610,ラベンダーヘイズ,67.9,52.5,37.6,13.9,12.4,11.3
20260610,ルージュフィーリア,67.1,52.2,37.6,13.7,12.8,11.1
20260610,ルクスマグナ,66.9,51.5,37.8,13.7,12.3,11.8
20260610,ノドゥス,64.3,49.7,36.2,12.7,12.1,11.4
20260610,ウスズミザクラ,,53.7,38.9,14.1,12.9,11.9
20260610,リアライズグロリア,65.2,50.3,36.6,12.9,12.1,11.6
20260610,ディーヴァレギオン,65.7,50.8,37.2,13.0,12.0,12.2
20260610,ココニイルヨ,,53.9,39.0,14.1,13.0,11.9
20260610,デミアン,67.3,52.2,37.7,13.5,12.4,11.8
20260610,カージオイド,65.9,51.1,37.2,13.4,12.0,11.8
20260610,フェデルミエール,70.6,55.5,40.9,14.3,13.3,13.3
20260610,パレホ,70.7,56.0,40.4,14.7,12.9,12.8
20260610,サトミノアカリ,69.9,53.9,39.3,14.3,13.0,12.0
20260610,アシャカルッカ,70.4,54.3,39.6,14.5,13.0,12.1
20260610,マツリダイコ,67.3,52.5,38.0,14.0,12.4,11.6
20260610,コンティ,66.8,52.0,37.8,13.9,12.3,11.6
20260610,ブザービーター,66.3,51.5,37.6,13.6,12.1,11.9
20260610,ホワイトフレアー,65.8,50.8,37.2,13.4,11.9,11.9
20260610,シルトホルン,67.9,52.9,38.2,13.9,12.6,11.7
20260610,ミレニアムヒロイン,68.6,52.9,38.2,13.6,12.5,12.1
20260610,ローズバラード,71.5,56.3,41.6,14.3,14.1,13.2
20260610,ブルーサーマル,68.1,52.1,37.7,13.2,12.3,12.2
20260610,ベアブルージュ,71.6,54.0,37.9,14.4,12.2,11.3
20260610,キコリータ,68.8,53.2,38.9,14.1,13.2,11.6
20260610,ディープマウンテン,70.5,54.7,39.6,14.5,13.1,12.0
20260610,ロジクリスエス,70.3,54.7,40.4,14.2,13.3,12.9
20260610,ドナソラーレ,68.6,52.9,38.3,13.6,12.7,12.0
20260610,ホカミテダメ,69.1,53.6,39.1,14.3,13.3,11.5
20260610,ラヴィニアパーク,67.1,52.7,38.1,13.8,12.6,11.7
20260610,ミッキーサウザンド,66.0,51.9,37.8,13.7,12.5,11.6
20260610,カペラテソーロ,66.5,51.5,37.1,13.1,12.0,12.0
20260610,ジョワリヴレ,70.9,53.5,37.5,14.1,12.0,11.4
20260610,タイセイソアリング,68.9,53.4,38.7,13.7,12.9,12.1
20260610,ユイノヘラクレス,71.6,56.3,41.6,14.3,14.0,13.3
20260610,シュネルアステリア,66.8,51.6,37.1,13.1,12.1,11.9
20260610,リリーブライト,65.9,50.7,36.4,13.1,11.7,11.6
20260610,ファイアリービート,68.8,53.5,38.7,14.2,12.7,11.8
20260610,ユーベルジーク,69.3,54.0,39.2,13.6,13.1,12.5
20260610,ゴールドブレイズ,67.8,52.4,37.5,13.8,12.4,11.3
20260610,ハイランダー,69.6,54.4,39.5,14.4,13.1,12.0
20260610,カノープス,69.7,54.5,39.9,14.2,13.3,12.4
20260610,フジサン,69.1,54.0,39.1,14.1,13.0,12.0
20260610,ティブロン,70.4,53.9,38.5,14.3,12.6,11.6
20260610,オメガディコン,67.0,51.6,36.9,13.4,12.1,11.4
20260610,アクアマーズ,67.1,51.7,36.9,13.5,12.2,11.2
20260610,ソウカイファミリア,68.4,53.2,38.1,13.8,12.6,11.7
20260610,ルナロマンティカ,68.8,53.6,38.5,14.0,12.7,11.8
20260610,グルドロッティン,69.9,53.7,38.5,14.2,12.6,11.7
20260610,デスティネ,69.1,53.6,38.9,14.1,12.8,12.0
20260610,ウィルソンテソーロ,67.1,51.5,37.1,13.5,12.0,11.6
20260610,スマイルアップ,68.0,52.5,38.3,14.0,12.6,11.7
20260610,エイカイボクサー,79.2,61.6,45.1,15.7,15.0,14.4
20260610,ウインガネーシャ,67.9,52.2,37.8,13.7,12.2,11.9
20260610,パッサージュワイズ,71.1,55.8,40.7,14.3,13.3,13.1
20260610,ラヴァレード,68.1,52.8,38.6,13.6,12.8,12.2
20260610,セイリュウ,69.1,53.9,39.2,14.1,12.9,12.2
20260610,デルマハッコウダ,70.6,55.2,40.6,14.3,13.2,13.1
20260610,ヒロピアーナ,70.0,54.5,39.6,14.6,13.1,11.9
20260610,サツキレジーナ,69.8,53.8,39.5,14.5,13.2,11.8
20260610,メランジェ,67.3,52.5,38.2,14.0,12.7,11.5
20260610,サツキジュエル,69.6,53.8,39.3,14.7,12.8,11.8
20260610,パチクリベスクリ,67.7,53.0,39.2,13.4,12.6,13.2
20260610,カシノスワッグ,79.3,61.9,45.5,16.2,14.8,14.5
20260610,エリンヘラクレス,68.0,53.2,39.2,13.3,12.7,13.2
20260610,モンシュマン,95.7,74.6,54.9,19.5,18.6,16.8
20260610,ブランフォルテ,94.7,74.5,55.1,19.3,18.7,17.1
20260610,ファンダム,94.8,74.5,55.2,19.3,18.7,17.2
20260610,ヒケヤイワフネ,72.3,54.6,39.0,14.5,12.7,11.8
20260610,テイクオンミー,68.6,52.8,38.1,13.9,12.7,11.5
20260610,アンジュリオ,73.6,55.9,39.9,14.9,12.8,12.2
20260610,リゼクールグレー,72.5,54.8,39.2,14.6,12.7,11.9
20260610,コスモシグナス,67.8,52.1,37.5,13.9,12.0,11.6
20260610,モミスケ,68.9,53.0,38.3,13.8,12.4,12.1
20260610,ベンサレム,70.7,54.9,39.4,14.7,13.3,11.4
20260610,ノアソノマ,68.6,53.8,38.9,14.3,12.7,11.9
20260610,ステラスペース,69.4,54.6,39.2,14.5,12.8,11.9
20260610,ニットウエース,68.4,53.8,39.4,14.2,13.1,12.1
20260610,ドラリズム,67.9,51.5,37.0,13.1,12.1,11.8
20260610,エーデルハイ,77.5,59.2,43.8,14.6,14.7,14.5
20260610,シルバードン,,52.2,36.7,13.4,11.7,11.6
20260610,ヴィクトリーロード,68.3,52.6,37.7,13.7,12.1,11.9
20260610,ピンキープロミス,67.6,52.1,37.6,13.5,12.1,12.0
20260610,ニシノラヴァンダ,71.2,54.2,39.4,14.2,12.9,12.3
20260610,ザンテソーロ,68.7,53.0,38.1,13.9,12.2,12.0
20260610,ビッグデイメイク,72.6,56.0,40.8,14.3,13.3,13.2
20260610,ブリリアンス,68.0,52.4,38.1,13.6,12.5,12.0
20260610,ミリオンクラウン,70.4,54.7,39.5,14.2,12.9,12.4
20260610,オンザギャラクシー,68.7,53.4,38.8,13.7,13.1,12.0
20260610,ジェッディンデデン,67.9,51.9,37.5,13.5,12.3,11.7
20260610,ブルーグラビティ,67.6,51.6,37.2,13.5,12.0,11.7
20260610,シーズザチャンス,68.7,53.2,38.7,13.6,12.8,12.3
20260610,ウェイワードアクト,69.9,53.3,38.4,14.1,12.9,11.4
20260610,ミッシオーネ,,52.8,35.9,12.8,11.7,11.4
20260610,ハッピースーニャ,,70.3,50.4,18.2,16.7,15.5
20260610,ミツカネルナ,,69.0,50.4,17.6,16.3,16.5
20260610,ミアネーロ,65.9,50.7,36.6,13.5,12.0,11.1
20260610,ファイタージェット,67.3,52.0,37.6,13.7,12.3,11.6
20260610,クイーンズレイン,67.0,51.6,37.3,13.5,12.2,11.6
20260610,タッセルノット,66.5,51.4,37.0,13.7,12.2,11.1
20260610,バスキュール,66.2,51.0,36.8,13.6,12.1,11.1
20260610,ブリスフル,68.3,53.3,38.6,13.9,12.7,12.0
20260610,ハデステソーロ,66.7,51.8,37.1,13.3,11.9,11.9
20260610,ジーティーフクジ,66.9,52.0,37.2,13.2,12.1,11.9
20260610,スターチスブーケ,71.6,55.6,40.0,14.4,13.2,12.4
20260610,モロノラピド,69.8,54.7,39.2,14.6,12.7,11.9
20260610,ガヤーズベース,71.1,55.1,39.5,14.6,13.0,11.9
20260610,ディメンシア,75.3,58.8,43.2,14.5,14.2,14.5
20260610,オクトーバーナイン,67.2,51.8,37.0,13.7,12.0,11.3
20260610,エンデュミオン,68.9,53.2,38.1,14.2,11.9,12.0
20260610,デビットバローズ,66.3,52.5,37.4,14.5,11.5,11.4
20260610,タイセイドレフォン,67.4,53.4,38.7,13.9,12.0,12.8
20260610,マイネルエンペラー,67.2,51.6,37.0,14.0,11.5,11.5
20260610,リチャードバローズ,66.8,52.7,37.5,14.5,11.6,11.4
20260610,ベラジオボンド,67.0,52.5,37.2,14.3,11.6,11.3
20260610,ライトオブヌカタ,67.3,52.8,37.6,14.5,11.6,11.5
20260610,ワルトシュタイン,,56.8,40.6,15.2,13.0,12.4
20260610,ワイドポティロン,,55.3,39.5,14.6,13.1,11.8
20260610,モチモチチャン,65.6,51.7,37.2,13.7,11.8,11.7
20260610,チェファルー,67.3,52.9,37.6,14.5,11.6,11.5
20260610,メイショウハンター,68.1,53.1,38.4,14.6,12.2,11.6
20260610,アームズレジェンド,67.9,53.5,38.1,14.7,11.7,11.7
20260610,ムーンベリル,65.8,51.8,37.3,13.8,11.8,11.7
20260610,メイショウユズルハ,65.5,51.7,37.5,14.1,11.9,11.5
20260610,フェゲフォイア,69.0,54.3,38.7,14.5,12.3,11.9
20260610,ログラール,65.7,51.4,37.1,13.7,11.7,11.7
20260610,チムニートップス,67.7,53.4,38.3,14.1,12.0,12.2
20260610,メイショウタカネ,68.6,54.0,38.5,14.4,12.1,12.0
20260610,キングズテイル,66.3,52.5,37.8,14.2,11.9,11.7
20260610,ダノンミッドナイト,69.0,53.7,38.6,14.7,12.5,11.4
20260610,ルーメンルーナエ,68.6,53.1,38.2,14.5,12.2,11.5
20260610,ミカエルパシャ,64.6,50.5,36.7,13.3,11.4,12.0
20260610,ジェルソミーノ,67.9,52.8,38.2,13.8,12.1,12.3
20260610,サンライズアーサー,,56.2,40.4,14.9,13.1,12.4
20260610,フィデリス,68.4,53.0,37.9,13.9,11.9,12.1
20260610,グレートキリシマ,68.0,53.0,38.3,13.8,12.1,12.4
20260610,ロードシュヴァリエ,,71.3,53.1,17.5,17.4,18.2
20260610,エイユーファイヤー,,64.5,48.2,15.7,16.1,16.4
20260610,グランピアン,,86.9,63.9,21.3,21.2,21.4
20260610,ロードラディウス,,73.6,53.3,17.8,17.8,17.7
20260610,オルノア,66.7,52.5,37.6,14.0,11.9,11.7
20260610,クインズショコラ,66.3,52.1,37.2,14.0,11.8,11.4
20260610,ハギノコラソン,,53.6,38.1,14.2,12.1,11.8
20260610,メイショウリリー,68.7,53.4,37.9,14.7,11.8,11.4
20260610,レヴォントゥレット,67.1,52.3,37.5,13.7,11.7,12.1
20260610,サクソンジェンヌ,68.7,53.4,38.3,14.4,11.9,12.0
20260610,メイショウアイル,68.5,53.1,37.5,14.6,11.6,11.3
20260610,シャマレル,71.5,55.2,38.9,15.2,12.2,11.5
20260610,レッドジルベスター,69.0,55.0,39.6,14.9,12.5,12.2
20260610,ルージュプルーヴ,69.6,53.7,38.2,14.4,12.1,11.7
20260610,ペルセポネ,70.4,54.3,38.7,15.2,12.1,11.4
20260610,ボンボンベイビー,67.6,52.7,37.7,13.8,11.7,12.2
20260610,グラディオール,69.3,55.2,39.7,15.0,12.5,12.2
20260610,カフラー,67.5,52.7,37.9,13.8,11.8,12.3
20260610,パストザクラウン,68.6,53.3,38.2,14.4,11.9,11.9
20260610,ナミオトノヒビキ,71.5,55.3,39.0,15.2,12.4,11.4
20260610,モックモック,66.4,51.7,36.8,13.5,11.7,11.6
20260610,フェルギナス,,49.9,35.9,12.9,11.3,11.7
20260610,ダノンテムズ,67.1,52.2,37.4,13.8,12.0,11.6
20260610,シンエンペラー,67.3,51.9,37.1,14.2,11.8,11.1
20260610,ラヴァブル,70.1,55.4,39.7,15.3,12.3,12.1
20260610,ミエルモーサ,69.0,54.3,38.8,15.1,12.2,11.5
20260610,テーオーダヴィンチ,,67.7,48.8,18.0,15.9,14.9
20260610,サイモンコーラル,,59.4,41.8,15.1,13.6,13.1
20260610,サダムオプシス,66.0,51.2,36.8,13.9,11.6,11.3
20260610,ホッコームジカ,87.8,70.3,52.0,18.0,17.3,16.7
20260610,コスモレッド,70.0,54.1,38.5,14.3,12.2,12.0
20260610,オリヒメボシ,,53.2,38.0,13.8,11.9,12.3
20260610,コンテナヒーロー,72.0,56.0,39.6,15.1,12.4,12.1
20260610,ジャスティンゴッホ,70.6,54.6,38.9,14.8,12.2,11.9
20260610,ヒルノアラゴン,70.0,54.0,38.5,14.3,12.3,11.9
20260610,トリオノチカラ,69.2,53.4,37.7,14.1,11.8,11.8
20260610,ラストモーメント,69.2,53.5,37.8,14.1,11.8,11.9
20260610,カシノクロサイト,69.2,53.5,37.8,14.0,11.9,11.9
20260610,ダノンデサイル,69.6,54.5,38.6,14.6,12.3,11.7
20260610,メイショウクーガー,79.0,62.7,45.7,16.4,14.4,14.9
20260610,サトノトリニティ,70.2,54.7,39.2,14.9,12.3,12.0
20260610,ダノンフィガロ,70.1,54.6,39.1,14.8,12.3,12.0
20260610,フラッシング,68.6,54.4,39.4,14.2,12.6,12.6
20260610,クリスレグナム,69.4,54.9,39.9,14.7,12.6,12.6
20260610,ファラオクィーン,69.4,55.1,39.9,14.7,12.7,12.5
20260610,ラムジェット,66.6,52.9,38.6,13.9,12.4,12.3
20260610,レディネス,67.1,52.2,37.0,14.0,11.3,11.7
20260610,ウィテカービート,68.4,53.3,37.8,14.3,11.7,11.8
20260610,ケンフィールド,83.7,67.0,49.6,17.0,16.2,16.4
20260610,スマートティアナ,70.3,54.1,39.0,15.1,12.9,11.0
20260610,タイセイアビオン,71.5,56.9,41.6,15.5,13.6,12.5
20260610,アズライトティアラ,74.1,59.5,44.2,15.9,14.2,14.1
20260610,ジュンヴァグネル,71.5,56.9,41.6,15.6,13.5,12.5
20260610,ルージュサウダージ,,71.4,51.6,18.3,17.1,16.2
20260610,メイショウトウコウ,86.4,68.4,50.1,17.7,16.2,16.2
20260610,ワンダーシャッフル,,63.6,44.5,15.8,14.2,14.5
20260610,メイショウバルキア,,64.7,45.1,16.5,14.4,14.2
20260610,エティエンヌ,,67.2,45.7,18.2,15.0,12.5
20260610,アスクムービーオン,69.1,54.2,38.8,14.7,12.5,11.6
20260610,ミランド,88.0,70.9,52.0,18.5,16.9,16.6
20260610,ロングフルスペック,73.0,57.4,41.2,15.1,13.1,13.0
20260610,サクライロマウコロ,,70.4,51.1,18.1,16.5,16.5
20260610,タイセイグローバル,89.5,71.2,51.3,18.5,16.8,16.0
20260610,アウェイクネス,70.2,55.3,39.7,15.1,12.6,12.0
20260610,サンマルパトロール,66.4,51.9,37.4,13.4,11.8,12.2
20260610,サマーアゲイン,110.5,85.9,64.4,20.7,21.3,22.4
20260610,リアルスター,66.5,51.9,37.0,13.5,11.7,11.8
20260610,タマモフリージア,66.8,52.1,37.5,13.7,12.1,11.7
20260610,メイショウズイウン,67.5,52.4,37.3,14.0,11.6,11.7
20260610,ダンツシタン,67.7,52.5,37.3,14.0,11.5,11.8
20260610,バラジ,66.5,51.4,36.4,13.6,11.4,11.4
20260610,リチュアル,67.8,52.3,37.5,14.0,12.1,11.4
20260610,メイショウピリカ,64.7,50.7,36.9,13.4,11.9,11.6
20260610,デルマリシリ,67.4,52.0,37.1,13.8,11.9,11.4
20260610,ブロンザイト,,52.8,37.4,14.2,11.7,11.5
20260610,スズカハービン,68.4,53.2,38.0,14.6,12.1,11.3
20260610,マイエレメント,,52.6,36.8,13.9,11.6,11.3
20260610,マイユニバース,63.1,49.3,35.6,12.8,11.4,11.4
20260610,リオンプライム,68.4,53.6,38.1,14.6,11.7,11.8
20260610,リン,66.0,51.1,36.4,13.3,11.5,11.6
20260610,サンダーバード,78.8,62.8,46.3,15.7,14.8,15.8
20260610,テイエムリチャード,68.3,53.7,38.2,14.6,11.6,12.0
20260610,タケルフォーカス,66.4,51.5,36.8,13.7,11.6,11.5
20260610,リュウトウコヤク,68.1,53.4,37.9,14.6,11.7,11.6
20260610,ワイドアラジン,70.0,54.5,37.9,14.9,11.6,11.4
20260610,スマイリングスカイ,69.7,54.3,37.8,14.8,11.6,11.4
20260610,オーケーエレガンス,71.1,54.9,38.8,14.4,12.2,12.2
20260610,フォルナックス,67.6,52.2,36.9,13.6,11.6,11.7
20260610,グロリアラウス,68.0,52.9,37.8,14.3,12.1,11.4
20260610,クロワデュノール,67.4,52.4,37.4,14.2,12.0,11.2
20260610,ジュピターバローズ,,67.3,49.4,17.3,16.0,16.1
20260610,シャンパンライフ,,51.2,36.3,13.1,11.6,11.6
20260610,ノチェブエナ,67.6,53.5,38.7,14.7,12.1,11.9
20260610,アルファローバ,68.3,54.2,39.0,14.8,12.2,12.0
20260610,ソブリンズオーブ,,54.0,38.4,14.5,12.1,11.8
20260610,タマコイファルコン,,53.4,38.1,14.3,12.0,11.8
20260610,ナムラカメコ,,76.3,55.0,19.4,17.8,17.8
20260610,バディ,69.1,53.4,38.2,14.4,12.0,11.8
20260610,ゴールデンボブ,69.2,53.5,38.2,14.4,12.2,11.6
20260610,ケーブパール,69.8,52.9,37.2,14.2,11.7,11.3
20260610,キャプテンシー,,75.5,54.7,19.8,18.0,16.9
20260610,メイショウシンタケ,,54.3,37.9,14.5,12.0,11.4
20260610,ブリオメンテ,68.0,53.1,37.7,15.0,11.8,10.9
20260610,イズジョーアザヤカ,,54.8,39.0,14.8,12.1,12.1
20260610,メイショウコマチ,,55.0,37.3,14.4,11.6,11.3
20260610,タニセンゴールド,70.0,55.2,39.5,15.2,12.4,11.9
20260610,ニュークレド,,56.4,39.7,14.8,12.7,12.2
20260610,パラディレーヌ,68.7,53.2,37.1,14.2,11.3,11.6
20260610,ココロザスノ,70.2,55.0,39.0,15.0,12.3,11.7
20260610,スマートメモリー,,55.9,39.3,14.6,12.5,12.2
20260610,シンビリーブ,67.2,52.8,37.7,14.7,11.7,11.3
20260610,ポペット,66.8,51.4,36.5,13.4,11.6,11.5
20260610,メイショウテンジン,80.2,63.0,45.4,16.8,14.4,14.2
20260610,ラージギャラリー,83.4,65.7,47.7,17.1,15.7,14.9
20260610,マリノムーンリーフ,,86.8,64.8,21.7,21.5,21.6
20260610,マイベスティー,84.9,67.3,48.3,17.5,15.4,15.4
20260610,ビバームス,85.0,67.4,48.4,17.6,15.4,15.4
20260610,スネーフリンガ,,67.5,49.5,17.3,16.2,16.0
20260610,パゴスピグイノス,,89.4,65.4,22.5,21.3,21.6
20260610,ラホーヤアイズ,,51.1,36.7,13.3,11.6,11.8
20260610,ラブシンフォニー,,51.4,36.8,13.5,11.5,11.8
20260610,ミキノバカラ,66.1,51.5,36.7,13.2,11.4,12.1
20260610,サンマルノヴェル,66.6,52.2,37.4,14.0,11.7,11.7
20260610,シゲルショウグン,69.2,54.1,39.0,14.2,12.7,12.1
20260610,ルシャリオ,68.1,52.8,38.0,13.7,12.1,12.2
20260610,フィールライクユー,68.4,53.1,38.2,13.8,12.2,12.2
20260610,ミスティックレナン,,224.1,167.9,58.3,55.6,54.0
20260610,スピードリッチ,65.7,50.8,36.5,13.4,11.8,11.3
20260610,オーラエグザート,66.1,51.4,36.7,13.5,11.9,11.3
20260610,ゼンノインヴォーク,66.5,52.1,37.3,13.6,12.1,11.6
20260610,ダスク,71.6,55.5,40.2,14.8,12.9,12.5
20260610,ワンダースアン,,75.0,54.3,20.4,17.6,16.3
20260610,グレイイングリーン,,54.0,37.7,13.9,12.1,11.7
20260610,ママコチャ,68.0,52.7,37.1,14.3,11.6,11.2
20260610,キーパフォーマー,67.5,51.9,36.8,14.1,11.2,11.5
20260610,ワンダーミューズ,,53.9,37.7,14.5,12.0,11.2
20260610,アクシュラ,,53.3,38.3,13.9,12.6,11.8
20260610,アミラル,72.2,55.3,38.7,14.3,12.5,11.9
20260610,エルトンバローズ,66.5,51.6,36.7,14.0,11.3,11.4
20260610,ピースオブザライフ,69.8,54.1,38.5,14.5,12.3,11.7
20260610,トウカイフルーレ,68.6,53.1,37.7,14.4,11.9,11.4
20260610,アカデミア,67.4,52.6,37.5,14.5,11.5,11.5
20260610,ラッキーベイ,,53.4,38.0,14.2,12.2,11.6
20260610,ソングオブザバード,69.4,53.9,38.3,14.7,12.0,11.6
20260610,セルジュバローズ,66.5,51.7,37.0,13.9,11.6,11.5
20260610,ペンダント,66.1,51.3,36.3,13.4,11.5,11.4
20260610,ロードスタニング,66.9,52.0,37.1,14.2,11.4,11.5
20260610,ミスティックレナン,104.8,80.6,59.4,21.2,19.6,18.6
20260610,ナオミガサイキョウ,68.9,53.2,38.0,14.5,11.9,11.6
20260610,ゴルトリッチ,70.1,54.5,39.2,15.0,12.4,11.8
20260610,ルージュソリテール,66.0,51.1,36.2,13.7,11.4,11.1
20260610,フルールドール,65.7,51.0,36.3,13.5,11.4,11.4
20260610,パノラマステージ,69.1,53.5,38.3,14.6,12.2,11.5
20260610,エコロメジャー,69.5,53.9,38.7,14.8,12.2,11.7
20260610,サリーチェ,67.9,52.9,38.2,14.2,12.0,12.0
20260610,キープシャイニング,69.5,54.2,38.7,15.0,12.1,11.6
20260610,タガノアルトゥーラ,69.2,53.9,38.5,14.8,12.1,11.6
20260610,ハイソリア,69.5,53.8,38.3,14.8,11.8,11.7
20260610,ダイシンヨーク,,92.4,67.8,24.0,22.5,21.3
20260610,マコトエウロペ,65.6,51.0,37.5,13.1,11.7,12.7
20260610,クイーンズアイ,69.8,53.9,38.5,14.8,11.9,11.8
20260610,ミエノクラウン,,52.6,37.5,14.1,12.1,11.3
20260610,ディニテ,,56.1,38.3,15.2,11.6,11.5
20260610,ラヴネヴァーダイズ,68.5,51.6,36.2,13.6,11.4,11.2
20260610,ヴァージル,67.6,53.1,38.1,14.4,11.8,11.9
20260610,レーヌマロン,,53.2,38.2,14.5,12.2,11.5
20260610,メイショウカスガイ,70.3,54.5,39.2,14.5,12.4,12.3
20260610,スイトーヨ,70.4,54.5,39.2,14.7,12.4,12.1
20260610,キタノシリウス,68.6,54.1,39.0,14.7,12.2,12.1
20260610,キタノトレボーネ,68.9,54.3,39.1,14.7,12.2,12.2
20260610,モンシェリ,67.6,53.7,38.9,14.1,12.3,12.5
20260610,ニホンピロマリンバ,,74.4,53.7,22.1,16.5,15.1
20260610,グランデスフィーダ,,53.2,37.4,14.3,11.7,11.4
20260610,ニドヅケキンシ,,53.1,37.3,14.1,11.7,11.5
20260610,ショウナンガチ,67.3,52.0,37.5,13.3,11.8,12.4
20260610,ファウストラーゼン,66.0,50.6,36.2,13.8,11.3,11.1
20260610,マジックサンズ,67.5,52.1,36.5,,,11.1
20260610,ゴールデンカイト,,68.2,48.0,17.6,15.4,15.0
20260610,クリノオリーブ,,67.6,48.5,17.0,16.5,15.0
20260610,メイショウミリオレ,68.4,53.1,37.7,14.0,12.1,11.6
20260610,ロードフォアエース,,126.9,94.5,31.6,32.2,30.7
20260610,セントピュアベース,71.0,55.4,39.6,14.9,12.5,12.2
20260610,キムタックフェイス,64.5,52.6,39.4,13.5,12.4,13.5
20260610,ペイシャマイデイズ,,70.5,51.1,18.5,16.2,16.4
20260610,ウィモウェ,,70.4,51.2,18.4,16.6,16.2
20260610,キタノレクレドール,,68.4,49.5,17.7,16.2,15.6
20260610,テレプシコーラ,69.1,53.3,37.6,14.4,12.1,11.1
20260610,ペイシャマイデイズ,68.7,55.2,40.2,14.7,12.7,12.8
20260610,コルレオニス,68.1,52.7,37.7,14.2,12.0,11.5
20260610,ファランギーナ,,52.8,37.3,14.1,11.7,11.5
20260610,マテンロウアワー,,53.3,37.6,14.2,11.8,11.6
20260610,ウィモウェ,70.0,54.9,39.7,14.2,12.9,12.6
20260610,キュピドン,,109.4,81.0,27.9,26.9,26.2
20260610,ラファル,65.3,51.7,37.8,13.2,12.1,12.5
20260610,ハイドパーク,68.5,53.2,37.6,14.3,11.5,11.8
20260610,アングランパ,65.9,51.9,37.8,13.5,12.1,12.2
20260610,パウンドフォーワン,67.7,52.5,36.9,13.9,11.5,11.5
20260610,クリアストライク,67.4,52.2,36.7,13.8,11.4,11.5
20260610,ヒーローインチーフ,67.2,53.2,38.0,14.4,11.9,11.7
20260610,キアヌ,79.2,62.0,45.3,15.6,14.4,15.3
20260610,ビザンチンドリーム,68.1,52.8,37.8,14.0,11.8,12.0
20260610,マニバドラ,122.8,93.8,73.4,23.7,24.5,25.2
20260610,ヴリトラハン,,58.2,41.4,16.2,13.2,12.0
20260610,マテンロウブレイブ,92.5,73.6,53.9,20.3,18.2,15.4
20260610,メイショウミカワ,70.6,54.5,38.8,14.7,12.4,11.7
20260610,ボールドペイト,69.8,53.8,38.2,14.6,12.1,11.5
20260610,ウインヘリオドール,105.6,82.5,59.5,21.7,19.5,18.3
20260610,ジューンベロシティ,71.3,55.9,40.1,15.2,12.7,12.2
20260610,ディナン,68.5,53.8,37.5,14.5,11.5,11.5
20260610,ローレルオーブ,69.7,54.4,38.2,14.8,11.6,11.8
20260610,タマモナポリ,67.6,52.6,37.5,14.0,12.0,11.5
20260610,ソルトダイヤモンド,73.5,57.8,40.4,16.4,12.5,11.5
20260610,ミルトベスト,65.5,49.2,35.2,12.4,11.1,11.7
20260610,サーディンラン,72.8,57.1,40.3,16.3,12.5,11.5
20260610,ペプチドニンバス,72.3,56.6,40.0,16.1,12.4,11.5
20260610,ステラクラウン,103.1,79.2,56.4,20.5,18.0,17.9
20260610,アグレイビューティ,130.4,101.8,72.8,26.2,23.7,22.9
20260610,リフルフォース,132.1,102.1,73.3,26.3,23.9,23.1
20260610,セルヴァジオ,132.8,102.5,73.7,26.7,23.8,23.2
20260610,ピースビート,,69.4,51.3,18.1,16.8,16.4
20260610,シルバーリム,,66.9,48.5,16.9,15.6,16.0
20260610,ウィンターガーデン,,51.0,35.9,13.3,11.6,11.0
20260610,ベルシュヴァル,,74.4,53.9,18.5,18.3,17.1
20260610,ミスターエメラルド,,75.5,54.8,19.1,18.0,17.7
20260610,ナポリ,,53.2,38.0,13.9,12.0,12.1
20260610,ヤマニンイハナ,,75.2,54.3,18.5,18.3,17.5
20260610,スターオブザイヤー,,53.9,38.7,14.3,12.2,12.2
20260610,シャインロード,,54.2,38.8,14.4,12.3,12.1
20260610,ジョアン,,67.4,48.5,16.8,16.2,15.5
20260610,クインズセレネ,,67.0,47.7,17.6,15.4,14.7
20260610,インフローレ,,54.0,38.8,14.7,12.1,12.0
20260610,レディトゥフライト,,55.1,38.9,14.7,12.3,11.9
20260610,ゲインサポート,68.2,53.7,38.4,14.8,12.0,11.6
20260610,リントゥラウル,67.4,53.2,38.1,14.6,12.0,11.5
20260610,オスカーレイア,66.8,52.8,37.8,14.2,12.1,11.5
20260610,エアフォースワン,70.7,55.9,40.7,14.1,13.3,13.3
20260610,アシャカブラーヴ,108.8,87.3,64.5,22.2,21.0,21.3
20260610,アニージョ,,73.8,51.3,19.6,16.6,15.1
20260610,アイルドゥレーヴェ,66.2,52.4,37.8,13.8,11.8,12.2
20260610,ルナティックブルー,,57.2,39.4,16.1,11.5,11.8
20260610,ヴィルダースヴィル,65.6,51.6,37.2,13.6,11.6,12.0
20260610,ジーニアスバローズ,72.4,56.5,40.2,15.7,12.6,11.9
20260610,サークルオブジョイ,68.4,53.0,38.1,14.1,12.4,11.6
20260610,タイキジュビリー,69.5,54.0,37.9,15.0,11.6,11.3
20260610,アイアン,71.5,56.3,40.2,15.7,12.8,11.7
20260610,ベルサンローラン,69.7,54.1,38.8,14.2,12.9,11.7
20260610,ロンポワン,67.9,53.0,37.7,14.7,11.6,11.4
20260610,グローリーバローズ,71.6,56.2,39.9,15.6,12.4,11.9
20260610,メイショウタバル,66.3,51.7,36.8,14.2,11.7,10.9
20260610,オリーボーレン,69.2,53.4,37.9,14.1,12.3,11.5
20260610,テーオーグレーザー,68.5,52.9,37.5,14.1,12.1,11.3
20260610,ビゾー,70.7,54.4,37.4,14.8,11.4,11.2
20260610,グレートアゲイン,69.8,54.1,38.4,14.4,12.0,12.0
20260610,サウンドムーブ,70.2,54.1,37.1,14.7,11.4,11.0
20260610,ビジュアライズ,70.2,54.0,37.0,14.7,11.3,11.0
20260610,エコロゼルダ,67.7,53.0,37.6,13.8,11.8,12.0
20260610,サンライズロイ,68.4,53.3,37.8,13.8,12.0,12.0
20260610,カネトシゴウト,73.3,57.5,41.7,14.8,13.8,13.1
20260610,キャッチミークライ,84.4,67.3,50.5,17.6,16.7,16.2
20260610,フォーオール,,56.5,41.0,14.3,12.7,14.0
20260610,モンテパステル,,70.9,52.0,18.4,16.7,16.9
20260610,メイショウヘール,68.5,53.7,38.7,14.3,12.3,12.1
20260610,タマモジャスミン,70.5,55.3,40.2,14.7,12.8,12.7
20260610,メイショウサザナミ,69.8,54.8,39.7,14.4,12.7,12.6
20260610,バドリナート,67.3,53.0,37.8,13.9,11.8,12.1
20260610,オンユアマークス,65.9,51.4,36.5,13.8,11.3,11.4
20260610,ルイスイメル,69.8,54.8,39.7,14.4,12.7,12.6
20260610,ブラックミューズ,65.9,51.4,36.9,14.1,11.4,11.4
20260610,ラッキースパークル,65.8,51.8,37.7,14.1,11.8,11.8
20260610,セキトバイースト,65.6,50.5,35.9,13.2,11.3,11.4
20260610,ジョイボーイ,66.7,51.5,36.5,13.6,11.4,11.5
20260610,ルクスディグニティ,86.1,68.9,49.9,18.9,16.3,14.7
20260610,アメリカンコール,65.3,50.5,36.2,12.8,11.5,11.9
20260610,アレナパラシオ,69.0,53.7,37.5,14.3,11.6,11.6
20260610,パイオニアスクエア,68.8,54.2,38.5,14.8,12.0,11.7
20260610,タマモスカイ,68.2,53.6,38.0,14.5,12.0,11.5
20260610,フレッチャアズーラ,68.3,53.1,37.2,14.2,11.6,11.4
20260610,ジーゲスツーク,69.6,54.4,39.0,14.1,12.2,12.7
20260610,シャンドラファール,68.0,52.9,38.1,14.0,12.0,12.1
20260610,スターリーデー,68.4,53.9,38.2,14.6,11.9,11.7
20260610,テーオーレガシー,67.5,51.6,36.3,13.3,11.5,11.5
20260610,ミヤノラングリー,87.5,69.5,51.5,18.2,16.9,16.4
20260610,リテラシー,86.9,68.3,50.0,17.9,16.4,15.7
20260610,アヴィオン,65.4,50.8,35.8,13.5,11.0,11.3
20260610,ルフトブリュッケ,71.1,54.6,38.3,14.7,11.9,11.7
20260610,ヘキレキ,72.2,55.4,39.3,15.4,12.1,11.8
20260610,ファームツエンティ,67.5,52.4,37.3,14.2,11.8,11.3
20260610,ビーグラッド,67.2,52.4,37.5,13.7,12.0,11.8
20260610,フェイトライン,92.5,73.3,53.7,18.8,18.0,16.9
20260610,メイショウショカツ,82.2,64.7,47.4,16.3,14.9,16.2
20260610,ボーントゥウォリア,68.8,53.5,37.9,14.7,11.7,11.5
20260610,ランスオブヒーロー,69.2,53.8,38.0,14.8,11.8,11.4
20260610,シャンジュマン,68.0,52.6,37.2,13.8,11.5,11.9
20260610,タガノランパート,67.9,52.5,37.1,13.9,11.4,11.8
20260610,ユージュアーナ,,64.8,47.4,16.3,15.7,15.4
20260610,ウインビスタ,,63.0,47.3,16.0,15.5,15.8
20260610,カセノコンコルド,69.4,54.6,39.2,14.9,12.6,11.7
20260610,アスターブジエ,66.2,51.5,36.9,13.5,11.6,11.8
20260610,シカゴスティング,,57.9,40.1,15.2,12.4,12.5
20260610,ポニーテール,,67.7,49.4,17.4,16.0,16.0
20260610,アスクコンナモンダ,79.0,63.3,46.5,17.2,14.9,14.4
20260610,シンギタイ,69.1,52.9,37.3,14.3,11.7,11.3
20260610,レットミーテイク,69.6,53.4,37.7,14.4,11.9,11.4
20260610,バンダムソレール,70.0,54.8,38.2,14.6,11.8,11.8
20260610,ビートル,69.2,54.2,37.8,14.1,11.8,11.9
20260610,ジュンヴァンケット,,62.3,44.7,16.3,14.3,14.1
20260610,クーデール,,75.8,54.9,19.3,17.8,17.8
20260610,メンデレーエフ,,72.3,51.6,19.3,17.2,15.1
20260610,テイクオーヴァー,,74.4,55.2,19.6,18.3,17.3
20260610,ランズエンド,,74.2,55.0,19.4,18.3,17.3
20260610,シュガーハウス,,72.3,51.6,19.3,17.2,15.1
20260610,テイエムプレミラン,67.3,52.9,38.3,14.1,12.2,12.0
20260610,クールタロウ,66.1,52.3,37.9,13.8,12.1,12.0
20260610,ジーティーキャメル,67.2,53.1,38.5,14.0,12.1,12.4
20260610,ホウオウスカイハイ,67.5,53.1,38.5,14.0,12.2,12.3
20260610,テーオーシーザー,67.6,53.0,38.3,13.9,12.3,12.1
20260610,タガノシルフィー,,66.5,48.8,17.1,15.8,15.9
20260610,ルブリアン,86.7,69.2,50.7,18.3,16.4,16.0
20260610,ルクスラモン,85.5,68.1,49.9,17.8,16.7,15.4
20260610,ストライクアロー,85.1,67.4,49.5,17.9,16.2,15.4
20260610,サンタンカ,,58.6,41.8,15.8,13.2,12.8
20260610,ジョービスコッティ,,88.9,65.1,23.5,21.6,20.0
20260610,ザムーン,,58.0,40.9,16.5,12.7,11.7
20260610,ラケマーダ,68.5,53.0,38.0,14.3,12.1,11.6
20260610,イーグルチョイス,71.5,56.5,40.5,15.7,12.8,12.0
20260610,ダディーズトリップ,69.9,53.9,37.9,14.2,12.0,11.7
20260610,ファーヴニル,69.7,54.1,38.4,14.2,12.0,12.2
20260610,メイショウペルル,69.2,53.9,38.3,14.1,12.1,12.1
20260610,シャドウルーラー,67.4,52.3,37.4,13.6,12.2,11.6
20260610,ミステリーウェイ,66.1,51.4,36.6,13.5,11.4,11.7
20260610,ゴールデンクラウド,63.7,49.6,35.9,13.0,11.2,11.7
20260610,サンライズナスカ,66.8,52.0,37.1,13.8,11.6,11.7
20260610,ナムラローズマリー,88.3,69.9,51.4,18.0,16.7,16.7
20260610,ポワンキュルミナン,,71.3,53.1,18.3,17.4,17.4
20260609,ニシノロッドマン,,67.9,48.8,17.0,15.9,15.9
20260609,ブルージンジャー,,67.8,48.7,17.3,15.7,15.7
20260609,ラブリーガール,,74.9,54.4,18.7,17.8,17.9
20260609,シンショク,,68.3,50.2,17.5,16.9,15.8
20260609,サノノグレーター,,68.3,50.5,16.8,17.3,16.4
20260609,ライヴバーボン,,66.9,48.3,17.4,15.3,15.6
20260609,キュータンチャン,,68.2,50.6,16.9,17.2,16.5
20260609,キタノソブリン,,69.1,51.0,17.3,17.0,16.7
20260609,アマルレイナ,,72.7,52.4,18.9,17.5,16.0
20260609,ランドジャイアンツ,,72.7,52.4,18.9,17.5,16.0
20260609,アップルザビート,,71.6,52.3,19.0,17.4,15.9
20260609,インペリアルライン,,64.5,47.3,16.6,15.7,15.0
20260609,ギーロカスタル,,134.9,98.7,33.8,33.1,31.8
20260609,マカナ,,134.7,98.5,33.5,33.1,31.9
20260609,ピコローズ,,134.3,98.4,33.6,33.2,31.6
20260609,トレインザマインド,,65.0,47.7,16.9,15.8,15.0
20260609,スタームーンナイト,,65.1,47.2,16.6,15.7,14.9
20260609,ガミーヌ,,72.9,53.9,18.7,17.8,17.4
20260609,マツリダシリウス,,69.9,50.3,18.1,16.5,15.7
20260609,アドミラルシップ,,69.5,50.1,17.7,16.9,15.5
20260609,アイスブレイカー,,68.1,49.2,16.8,16.2,16.2
20260609,シーニックビュー,82.4,65.3,48.1,16.5,15.7,15.9
20260609,ハピナスター,,69.5,50.7,17.1,16.9,16.7
20260609,ウインシャリーフ,80.9,63.8,46.1,16.4,14.5,15.2
20260609,ソラニワラエバ,84.9,67.4,49.6,17.1,16.2,16.3
20260609,エーアイクワイ,,69.5,49.5,17.6,16.4,15.5
20260609,メイクアマーク,86.0,68.4,50.6,17.5,16.7,16.4
20260609,ゴルトシェーン,86.0,68.4,50.6,17.5,16.8,16.3
20260609,オーバーゼア,,69.3,50.9,17.3,16.3,17.3
20260609,セブンマイスター,,66.3,47.1,17.1,15.4,14.6
20260609,ヤマタケボニータ,,69.8,51.1,17.9,16.8,16.4
20260609,ロードトライデント,,67.7,47.7,17.4,15.8,14.5
20260609,トレンドマーチ,,70.6,51.4,17.3,17.2,16.9
20260609,ニシノキフジン,,70.9,51.6,17.8,17.0,16.8
20260609,フレンデル,82.1,64.7,47.6,17.3,15.4,14.9
20260609,コスモシェルベット,,68.5,49.2,17.5,16.4,15.3
20260609,アートオブブライト,,69.6,49.8,17.5,16.7,15.6
20260609,ブリサマリーナ,,64.1,46.7,16.1,15.2,15.4
20260609,ウインスフェーン,,173.6,134.8,42.3,45.5,47.0
20260609,ウインドラート,,68.3,48.8,16.8,16.5,15.5
20260609,アルスマグナ,,88.0,61.1,22.6,19.6,18.9
20260609,ウィズアツインクル,69.8,53.9,38.5,13.6,12.6,12.3
20260609,ロサンゼルス,,68.0,48.8,17.5,16.3,15.0
20260609,エフエイト,91.4,72.9,53.8,18.6,18.1,17.1
20260609,ラパンチュール,,64.7,46.3,16.5,15.1,14.7
20260609,ブレイズランナー,,70.6,51.2,17.5,17.0,16.7
20260609,カサブランカキッド,,69.4,50.4,17.6,16.9,15.9
20260609,コンティオ,,68.5,50.6,17.8,16.5,16.3
20260609,クリエープキー,,49.2,35.9,12.0,11.6,12.3
20260609,インサイドエッジ,,69.1,50.7,17.8,16.5,16.4
20260609,ハッピーロンドン,,72.4,51.7,18.6,17.2,15.9
20260609,コントラポスト,,76.2,55.7,19.5,18.5,17.7
20260609,フクオトコ,,76.3,54.1,19.8,18.2,16.1
20260609,ノルトハウゼン,,76.4,55.6,19.5,18.5,17.6
20260609,テリオスララ,,81.6,58.1,21.0,19.6,17.5
20260609,ミアネーロ,108.5,86.6,65.2,21.8,22.2,21.2
20260609,オストラヴァ,108.5,86.9,65.2,22.2,22.2,20.8
20260609,ミクニインスパイア,108.7,87.1,65.4,22.0,22.3,21.1
20260609,モロノカガヤキ,106.8,85.7,63.8,21.5,21.3,21.0
20260609,アイアムユウシュン,91.8,73.1,53.8,19.1,17.8,16.9
20260609,ヨドノサファイア,69.6,53.4,38.6,14.0,12.8,11.8
20260609,ラヴィニアパーク,,71.4,51.0,19.0,16.7,15.3
20260609,ミッキーサウザンド,,70.9,51.9,18.1,17.7,16.1
20260609,バギーウィップ,,72.1,51.9,18.8,17.0,16.1
20260609,オウケンボルト,,74.8,53.2,20.2,17.5,15.5
20260609,オオゾラヒバリ,65.3,50.4,36.8,12.7,12.1,12.0
20260609,サクセスブルー,66.9,51.9,37.0,12.9,12.1,12.0
20260609,ハイテイラオユエ,,70.9,52.3,17.8,17.9,16.6
20260609,ユーベルジーク,,75.7,54.4,19.3,18.4,16.7
20260609,オルブライト,94.7,76.4,56.1,20.1,18.8,17.2
20260609,カミノテイオー,87.4,69.3,50.7,17.5,16.7,16.5
20260609,ピリナカピリナ,,92.3,68.0,23.5,22.5,22.0
20260609,ホウオウスターツ,,71.6,52.9,18.0,17.5,17.4
20260609,イミグラントソング,92.2,72.4,53.2,18.9,17.8,16.5
20260609,ファンダム,90.5,69.7,50.6,17.8,17.0,15.8
20260609,タマモトリノ,94.2,73.1,53.7,18.8,18.1,16.8
20260609,ランニングビーチ,66.9,52.4,38.0,14.1,12.2,11.7
20260609,ペールデュクラン,96.7,72.1,52.7,17.9,17.7,17.1
20260609,タマモチョコチップ,96.8,71.7,51.8,17.5,17.3,17.0
20260609,ファイタージェット,,88.1,66.5,22.6,22.0,21.9
20260609,バスキュール,,87.1,64.9,22.6,21.5,20.8
20260609,ブラックルビー,,84.3,61.4,21.3,20.5,19.6
20260609,ロードプレリュード,86.8,68.2,50.3,17.9,16.3,16.1
20260609,アムールドパリ,97.8,76.7,55.9,19.4,18.3,18.2
20260609,スチョウプリンセス,85.7,68.5,51.3,17.5,17.3,16.5
20260609,キョウエイアート,,70.1,50.6,17.3,16.5,16.8
20260609,ピコアーガイル,180.0,136.7,103.0,31.6,32.8,38.6
20260609,ホウオウフロイト,,71.1,50.2,18.5,16.8,14.9
20260609,コスモヘリアンサス,,130.4,98.8,32.6,33.4,32.8
20260609,ミッドナイトドア,,130.9,99.7,32.5,33.5,33.7
20260609,メジャーシンガー,,130.4,99.0,32.6,33.5,32.9
20260609,テスタ,87.9,68.3,49.5,17.2,16.4,15.9
20260609,グランドストーリー,87.5,68.0,49.5,17.2,16.4,15.9
20260609,ヴェラグエリエロ,93.7,74.4,54.7,19.5,18.6,16.6
20260609,モンシュマン,98.3,77.2,57.3,20.0,19.3,18.0
20260609,ベルウッドピース,,66.5,48.6,17.1,16.0,15.5
20260609,ビービーアジャイル,,65.5,47.6,16.9,15.6,15.1
20260609,レオライジング,98.1,77.1,56.2,19.9,18.6,17.7
20260609,セイウントレジャ,97.6,76.7,56.0,20.4,18.2,17.4
20260609,フォーエバーブルー,97.9,77.1,56.0,19.9,18.6,17.5
20260609,エレスレイプニル,97.6,76.7,56.0,20.3,18.2,17.5
20260609,ハイビスカス,97.9,77.1,56.0,19.8,18.5,17.7
20260609,コスモシグナス,,66.8,48.1,17.3,15.7,15.1
20260609,ナンナンプー,,69.7,50.6,18.1,17.0,15.5
20260609,ライングラウス,,76.2,56.7,19.1,18.4,19.2
20260609,モミスケ,,68.0,49.7,17.6,16.4,15.7
20260609,アラタ,75.0,58.4,41.9,14.7,13.8,13.4
20260609,ブラーヴジャン,80.2,64.1,47.2,16.1,15.4,15.7
20260609,ブエナディオサ,73.5,56.7,42.2,14.2,13.8,14.2
20260609,レフィノス,81.7,65.4,48.2,16.7,16.1,15.4
20260609,アルゲンテウス,145.1,100.0,73.4,25.9,24.5,23.0
20260609,クイーンズレイン,,89.8,64.8,21.6,22.2,21.0
20260609,ビアーレ,,86.6,65.5,21.6,21.8,22.1
20260609,ポッドロルフ,92.6,73.8,54.5,18.8,18.2,17.5
20260609,ヒロピアーナ,,121.9,83.1,28.6,25.6,28.9
20260609,テイクオンミー,106.8,82.4,59.4,21.8,19.6,18.0
20260609,ヒロピアーナ,92.5,70.7,50.7,17.8,17.0,15.9
20260609,ニットウエース,86.3,68.4,50.4,17.9,17.0,15.5
20260609,ソニックブレイカー,99.2,77.4,56.1,19.9,17.8,18.4
20260609,リバージュエル,,72.2,52.8,17.8,17.7,17.3
20260609,ペイデイ,,72.2,53.0,18.1,17.4,17.5
20260609,ポッドスカイ,98.8,76.8,56.0,20.4,17.1,18.5
20260609,テリオスノバ,,72.3,53.1,18.1,17.5,17.5
20260609,ホウオウマジカル,98.7,76.6,56.5,20.5,18.5,17.5
20260609,ゾネブルーム,,66.0,47.7,17.3,15.6,14.8
20260609,カシノスワッグ,,79.8,58.5,20.6,19.4,18.5
20260609,リアレスト,,77.3,56.5,19.0,19.4,18.1
20260609,ラルガメンテ,,75.6,55.2,19.2,18.3,17.7
20260609,ラッキーモア,,76.7,55.1,19.7,18.1,17.3
20260609,テルケンユミクイン,,73.9,53.2,18.4,17.6,17.2
20260609,カノープス,,74.7,54.7,19.5,18.3,16.9
20260609,トクシースタローン,96.2,74.9,54.9,19.2,18.3,17.4
20260609,ヤマニンヘルシェ,95.8,74.4,54.6,19.1,18.2,17.3
20260609,シゲルカミカゼ,,88.5,64.5,22.2,21.7,20.6
20260609,サクラドール,94.1,73.1,52.7,18.7,17.1,16.9
20260609,ビップヴィーナス,94.1,73.0,52.6,18.7,17.0,16.9
20260609,フィンガー,92.5,73.4,54.2,18.7,18.0,17.5
20260609,シゲルカミカゼ,95.4,76.3,56.3,19.9,18.7,17.7
20260609,フィンガー,76.8,59.8,43.0,15.8,14.2,13.0
20260609,ダイナマイク,88.8,70.0,51.7,17.1,16.7,17.9
20260609,エンマ,86.2,68.5,51.0,17.8,16.8,16.4
20260609,アロンディ,86.9,68.8,51.1,17.9,16.8,16.4
20260609,グランビスタ,87.3,66.7,48.5,17.3,15.6,15.6
20260609,トップチェッカー,93.5,74.9,55.9,19.2,18.3,18.4
20260609,ペプチドニンバス,87.3,68.8,50.6,17.3,16.4,16.9
20260609,フライングブレード,92.3,72.4,52.7,18.6,17.0,17.1
20260609,エイユーファイヤー,92.1,72.9,55.1,18.4,18.6,18.1
20260609,リノルアナ,88.3,69.5,50.6,18.0,16.3,16.3
20260609,ダイシンヨーク,91.2,70.6,52.1,18.1,17.0,17.0
20260609,フィデリス,93.3,74.0,54.4,19.4,17.5,17.5
20260609,ウインガウェイン,91.2,70.6,52.1,18.2,17.3,16.6
20260609,キタノトレボーネ,88.8,70.0,51.3,18.2,16.6,16.5
20260609,グランピアン,97.6,74.7,54.5,18.7,18.1,17.7
20260609,パゴスピグイノス,114.2,88.1,65.8,21.8,21.7,22.3
20260609,ルマンサルト,97.7,74.9,54.5,19.2,18.0,17.3
20260609,クリノリキオー,90.7,69.0,49.1,18.3,15.7,15.1
20260609,ヴェロシア,116.8,89.6,64.7,22.1,20.9,21.7
20260609,タマモスカイ,114.1,88.5,65.7,22.4,22.0,21.3
20260609,パレットフレイバー,88.3,70.6,52.1,18.3,17.0,16.8
20260609,ジャスティンゴッホ,113.7,88.4,65.8,22.4,22.1,21.3
20260609,トライアンドエラー,88.1,70.3,51.8,18.5,16.8,16.5
20260609,プペアンビスキュイ,113.0,86.5,65.3,22.2,21.5,21.6
20260609,スマートポーション,88.0,70.1,51.9,18.7,16.6,16.6
20260609,パストザクラウン,93.7,71.6,51.2,18.9,16.4,15.9
20260609,リーベラーリア,93.5,72.0,51.6,18.9,16.5,16.2
20260609,クリノパッション,93.6,72.2,51.6,18.9,16.5,16.2
20260609,フルレゾン,95.2,73.1,52.9,18.6,17.5,16.8
20260609,テイエムスティール,134.1,89.6,64.3,24.0,20.5,19.8
20260609,ヴェロシア,86.8,67.5,48.5,17.2,15.2,16.1
20260609,テーオーダヴィンチ,85.0,65.8,47.7,16.7,15.7,15.3
20260609,ファイティンアスク,95.4,72.4,51.9,18.4,17.1,16.4
20260609,コスモレッド,89.0,69.7,51.6,17.7,16.8,17.1
20260609,ワイルドカグラ,89.3,70.6,52.0,17.3,16.7,18.0
20260609,オリヒメボシ,84.1,66.0,49.9,16.2,15.8,17.9
20260609,ペルセポネ,89.7,70.9,52.3,17.6,16.7,18.0
20260609,メイショウテンジン,90.5,71.1,51.7,18.5,16.5,16.7
20260609,ヒルノアラゴン,89.2,70.2,51.6,17.8,17.0,16.8
20260609,トリオノチカラ,88.8,69.9,51.7,17.8,16.9,17.0
20260609,ラストモーメント,89.1,70.1,51.6,17.8,17.1,16.7
20260609,ナミオトノヒビキ,88.9,70.2,51.7,17.3,16.3,18.1
20260609,カシノクロサイト,88.7,69.8,51.6,17.8,16.8,17.0
20260609,メイショウユズルハ,87.2,68.6,50.5,17.6,16.7,16.2
20260609,チムニートップス,94.1,72.3,52.2,19.2,17.1,15.9
20260609,メイショウジンライ,85.4,67.3,48.9,17.0,16.1,15.8
20260609,ガルディエンヌ,84.6,66.7,48.4,17.3,15.7,15.4
20260609,バルナバ,115.8,75.6,51.5,18.7,16.6,16.2
20260609,バレエマスター,90.8,70.8,51.3,17.7,16.1,17.5
20260609,メイショウクーガー,79.6,63.0,45.4,16.3,14.3,14.8
20260609,フェゲフォイア,90.4,69.8,50.9,18.3,16.8,15.8
20260609,ショウナンガチ,86.7,68.0,49.6,17.3,16.1,16.2
20260609,ピエナオルカ,81.9,65.4,48.1,17.0,15.6,15.5
20260609,テイエムゴッホ,102.0,69.3,51.0,17.8,17.0,16.2
20260609,メイショウタカネ,90.6,70.1,51.0,18.7,16.4,15.9
20260609,アズライトティアラ,111.3,83.5,59.4,21.2,19.4,18.8
20260609,セブンマジシャン,89.7,70.8,52.3,17.8,17.4,17.1
20260609,ハギノサステナブル,89.7,70.7,52.4,18.0,17.4,17.0
20260609,ブリーズオンチーク,89.6,70.8,52.1,17.6,17.4,17.1
20260609,ラムジェット,93.0,71.4,50.9,18.3,16.3,16.3
20260609,カウンティフェア,89.6,70.8,52.2,17.8,17.3,17.1
20260609,イリフィ,89.7,70.9,52.2,17.6,17.4,17.2
20260609,メイショウハンター,85.0,67.0,48.9,16.7,16.0,16.2
20260609,ミティリーニ,89.6,70.7,52.1,17.7,17.4,17.0
20260609,ﾗﾌﾞｲﾝｼﾞｴｱの24,89.6,70.9,52.2,17.7,17.4,17.1
20260609,オオキニ,76.6,59.5,43.3,15.5,14.1,13.7
20260609,バラジ,85.1,67.4,49.6,17.7,16.3,15.6
20260609,ミエノクラウン,83.7,66.4,48.6,17.0,16.0,15.6
20260609,ルーポ,81.3,63.2,45.1,16.0,14.4,14.7
20260609,ペイシャマイデイズ,86.3,66.8,48.5,17.5,15.3,15.7
20260609,ルフトブリュッケ,88.3,69.6,50.5,17.9,16.2,16.4
20260609,コムアンエクレール,88.4,70.0,51.0,18.2,16.3,16.5
20260609,エティエンヌ,110.0,81.5,54.9,21.3,19.0,14.6
20260609,スズカハービン,84.4,67.5,50.6,17.4,16.9,16.3
20260609,サマーアゲイン,97.3,77.6,56.5,21.6,18.7,16.2
20260609,ラムジェット,80.1,64.4,47.3,16.9,14.6,15.8
20260609,ギフテッドスペック,83.7,65.7,48.4,17.1,16.4,14.9
20260609,シャンドラファール,87.7,69.7,51.5,18.0,16.8,16.7
20260609,ディナン,85.7,66.3,48.1,17.2,16.0,14.9
20260609,ニホンピロロジャー,88.8,68.3,49.7,17.8,16.0,15.9
20260609,ゼンノゾンターク,90.1,69.2,50.1,18.0,16.5,15.6
20260609,モンテパステル,87.6,68.3,51.7,17.4,17.1,17.2
20260609,マイネルエンペラー,106.5,84.4,62.9,21.1,20.8,21.0
20260609,ワンダーゾルダート,87.0,68.4,49.2,17.9,16.2,15.1
20260609,ルーストカール,86.9,69.3,50.9,17.8,16.8,16.3
20260609,ノチェブエナ,91.6,69.8,50.9,18.7,16.2,16.0
20260609,ソブリンズオーブ,92.1,70.0,51.4,18.3,16.5,16.6
20260609,タマコイファルコン,81.5,64.0,47.5,16.2,15.7,15.6
20260609,マサノカナリア,98.2,71.5,50.6,18.7,16.0,15.9
20260609,アルファローバ,84.0,66.6,49.1,17.4,15.7,16.0
20260609,ベトルス,83.9,63.9,46.2,16.5,14.8,14.9
20260609,ユージュアーナ,92.2,71.1,52.2,18.3,17.5,16.4
20260609,オーケーエレガンス,94.5,73.0,53.2,18.8,17.6,16.8
20260609,ラクホマレ,94.5,75.4,55.9,20.8,17.3,17.8
20260609,シンギタイ,97.0,74.6,54.9,19.5,18.3,17.1
20260609,サトノブリジャール,81.4,62.0,44.9,15.8,14.4,14.7
20260609,タガノアバンドーネ,86.1,66.8,49.0,16.9,16.0,16.1
20260609,シェイクユアハート,91.4,73.1,54.9,17.8,18.0,19.1
20260609,タガノアバンドーネ,87.1,69.6,51.6,18.2,17.0,16.4
20260609,エンデュミオン,95.3,76.3,56.4,19.3,18.7,18.4
20260609,レッドホット,90.0,69.0,50.4,18.1,16.4,15.9
20260609,アキノビューティー,88.6,68.5,49.9,17.9,16.4,15.6
20260609,ムーンライトダイヤ,89.0,68.6,49.7,17.6,16.5,15.6
20260609,ナムラヴンダー,88.3,68.3,49.7,17.9,16.3,15.5
20260609,アウラニ,90.2,70.1,50.5,17.5,17.2,15.8
20260609,ルブリアン,86.0,67.8,49.6,17.8,16.1,15.7
20260609,シンビリーブ,106.2,83.2,61.4,20.9,19.8,20.7
20260609,ルクスラモン,85.5,67.8,49.6,17.7,16.3,15.6
20260609,ストライクアロー,85.2,67.4,49.2,17.8,15.9,15.5
20260609,リッケンバッカー,106.9,83.7,62.6,21.3,20.9,20.4
20260609,マジックサンズ,193.2,155.8,116.9,41.1,39.0,36.8
20260609,ニホンピロマリンバ,91.8,68.3,49.2,16.1,16.4,16.7
20260609,ナムラカメコ,97.7,76.1,56.1,19.4,18.4,18.3
20260609,オアシスアラン,107.9,77.4,54.1,19.4,17.9,16.8
20260609,グランエール,108.4,78.2,55.3,20.3,17.4,17.6
20260609,タケルレジェンド,108.0,77.7,54.6,19.7,17.9,17.0
20260609,マジックサンズ,180.6,143.9,106.6,37.5,35.0,34.1
20260609,グラヴィテ,98.4,74.7,55.9,17.3,19.1,19.5
20260609,キムタックフェイス,104.0,83.1,61.7,21.3,20.9,19.5
20260609,ケンフィールド,86.9,68.9,50.4,16.8,16.4,17.2
20260609,キャプテンシー,94.7,73.0,53.1,18.7,17.5,16.9
20260609,キープシャイニング,87.2,69.6,51.4,18.1,16.8,16.5
20260609,タガノアルトゥーラ,87.2,69.5,51.3,18.0,16.8,16.5
20260609,ヤマニンアルセド,87.2,69.9,51.5,18.2,16.9,16.4
20260609,ロードフェルム,87.1,69.6,51.3,18.0,16.9,16.4
20260609,ミスティックレナン,283.4,217.6,161.1,54.0,55.0,52.1
20260609,ジェルソミーノ,93.7,73.3,54.2,18.6,17.5,18.1
20260609,ルシャリオ,106.1,82.7,61.0,21.9,20.5,18.6
20260609,ロングフルスペック,94.0,73.6,52.1,19.4,16.1,16.6
20260609,ジーゲスツーク,92.2,71.8,53.2,18.6,17.3,17.3
20260609,ミスティックレナン,169.7,133.8,99.0,32.3,34.2,32.5
20260609,ベルサンローラン,100.8,78.3,57.6,20.5,18.4,18.7
20260609,ラッキーベイ,92.1,69.4,49.3,17.9,15.4,16.0
20260609,マコトエウロペ,,64.3,47.0,18.0,15.3,13.7
20260609,イミュータブル,97.1,72.7,52.9,18.4,16.5,18.0
20260609,ジュンヴァグネル,95.3,72.7,52.9,18.6,16.8,17.5
20260609,ナチュラルリバー,89.4,72.7,55.2,19.8,18.4,17.0
20260609,ハイソリア,99.4,78.2,57.4,20.3,18.6,18.5
20260609,ポルトブルー,97.8,74.4,55.5,19.4,18.5,17.6
20260609,テレプシコーラ,89.8,70.8,51.1,18.7,16.2,16.2
20260609,ダノンヴェルサイユ,89.6,70.8,51.1,18.3,16.5,16.3
20260609,アルバドラータ,89.1,71.2,52.6,18.9,16.8,16.9
20260609,シュライアハフト,89.4,72.0,53.1,19.1,16.9,17.1
20260609,ドルチェミスト,87.0,66.6,48.5,16.5,16.3,15.7
20260609,クリノオリーブ,90.1,71.1,52.9,18.3,17.6,17.0
20260609,セルリアンゲーゲン,83.2,65.2,48.5,16.6,15.9,16.0
20260609,セントピュアベース,108.8,83.8,60.4,21.1,19.4,19.9
20260609,メイショウカスガイ,82.2,65.2,48.5,17.2,15.8,15.5
20260609,サマーナジュム,82.3,65.1,47.9,16.8,15.2,15.9
20260609,アセンシオン,81.8,64.6,47.9,17.0,15.5,15.4
20260609,ウインリュクス,89.1,66.5,47.6,16.8,15.7,15.1
20260609,ジュピターバローズ,100.0,76.1,54.7,19.4,18.1,17.2
20260609,ローズラフィネ,82.5,62.4,45.0,16.1,14.4,14.5
20260609,グランフィエルテ,96.1,73.0,52.1,19.2,16.8,16.1
20260609,ラルス,96.8,72.3,51.2,18.8,16.6,15.8
20260609,ロードフォアエース,162.5,125.7,91.2,31.5,30.8,28.9
20260609,キュピドン,203.8,145.5,107.7,36.8,34.8,36.1
20260609,スティンガーグラス,112.7,76.3,54.9,20.1,17.8,17.0
20260609,バトゥカーダ,83.2,63.7,46.3,16.9,15.0,14.4
20260609,サガルマータ,104.0,75.4,55.7,19.7,18.2,17.8
20260609,マテンロウブレイブ,89.3,69.7,48.8,19.6,15.5,13.7
20260609,マテンロウアワー,130.7,106.3,81.1,26.2,27.6,27.3
20260609,ルクスデイジー,87.2,67.8,48.8,17.4,16.0,15.4
20260609,チャンネルトンネル,92.7,71.1,51.1,18.6,16.6,15.9
20260609,ムスクレスト,112.5,85.5,61.5,21.7,19.9,19.9
20260609,ラピス,111.4,85.2,61.3,21.6,19.9,19.8
20260609,カエルム,117.0,91.0,65.8,23.5,21.5,20.8
20260609,アウトリュコス,118.2,91.0,66.2,23.9,21.6,20.7
20260609,ゴーゴーシャチョウ,104.4,82.4,61.9,21.0,21.1,19.8
20260609,マニバドラ,113.1,88.5,64.0,22.4,20.7,20.9
20260609,ムスクレスト,84.8,65.7,47.0,17.8,14.8,14.4
20260609,ラピス,85.8,66.6,47.8,17.6,15.2,15.0
20260609,カエルム,83.5,64.1,44.9,16.1,14.5,14.3
20260609,アウトリュコス,83.9,65.1,47.3,17.0,15.1,15.2
20260609,ジューンベロシティ,85.8,68.7,50.8,18.8,16.0,16.0
20260609,ライフイズカラフル,89.5,67.3,48.3,17.4,15.4,15.5
20260609,テイエムオオアラシ,90.5,68.5,49.1,17.3,16.2,15.6
20260609,ショウナンアデイブ,88.6,69.6,50.7,17.8,16.9,16.0
20260609,クリスレジーナ,88.4,69.4,50.6,17.7,16.8,16.1
20260609,タイキルッジェーロ,88.6,69.7,50.8,17.9,16.8,16.1
20260609,インディジャズ,88.5,69.6,50.7,17.8,16.7,16.2
20260609,プリンキピッサ,88.7,69.7,50.8,17.8,16.8,16.2
20260609,ヴィヴェローネ,88.6,69.6,50.7,17.8,16.8,16.1
20260609,エアフォースワン,90.7,71.8,53.3,17.9,17.4,18.0
20260609,アニージョ,89.7,69.4,49.8,18.2,15.7,15.9
20260609,シャンデルナゴル,130.2,90.6,64.1,23.4,20.5,20.2
20260609,ベラジオボンド,138.6,100.9,70.2,26.2,22.8,21.2
20260609,エアフォースワン,90.6,72.4,53.4,18.3,17.4,17.7
20260609,マナボニート,83.2,65.0,47.7,16.8,15.4,15.5
20260609,レットミーテイク,87.9,69.8,51.9,17.4,17.0,17.5
20260609,ビーグラッド,88.5,67.5,48.2,17.5,15.8,14.9
20260609,メイショウソウタ,81.0,63.5,46.2,16.6,14.8,14.8
20260609,ラージギャラリー,80.8,63.4,46.0,16.4,14.7,14.9
20260609,マイベスティー,83.9,66.3,48.1,16.9,15.7,15.5
20260609,ヘスティア,83.8,66.2,48.0,16.9,15.6,15.5
20260609,リチャードバローズ,102.2,77.7,55.7,20.8,17.8,17.1
20260609,ラウダブル,92.2,71.9,52.5,18.9,17.2,16.4
20260609,マウンテンバローズ,85.1,66.3,48.1,17.2,15.5,15.4
20260609,ワンダースアン,96.8,73.3,51.7,19.1,16.6,16.0
20260609,タイセイドレフォン,81.3,63.8,46.3,16.3,15.0,15.0
20260609,ヒーローインチーフ,87.2,66.2,48.1,16.5,16.0,15.6
20260609,ルクスディグニティ,87.4,68.6,50.1,17.9,17.0,15.2
20260609,アイランド,92.5,74.0,55.4,18.6,18.9,17.9
20260609,ウインビスタ,85.1,65.7,49.0,17.3,16.0,15.7
20260609,マテンロウヒルズ,91.5,73.3,54.6,18.4,18.6,17.6
20260609,マイネルブラントン,84.4,64.7,46.7,16.2,14.8,15.7
20260609,ドナズエクリプス,92.9,74.4,55.1,18.6,18.7,17.8
20260609,メイショウタバル,86.6,68.7,51.0,17.3,16.7,17.0
20260609,スネーフリンガ,82.2,65.4,48.8,17.0,16.4,15.4
20260609,グラスゴー,92.3,71.1,52.2,19.0,17.3,15.9
20260609,コズミックフレア,108.1,79.3,57.0,21.2,19.0,16.8
20260609,ジュンクロノシップ,95.0,72.7,52.7,19.0,17.2,16.5
20260609,タイセイアビオン,92.3,71.3,53.1,18.2,17.4,17.5
20260609,フィオラーノ,66.0,50.6,36.8,13.5,11.6,11.7
20260609,フィールライクユー,91.1,70.8,52.2,18.0,17.2,17.0
20260609,テイエムエメラルド,94.7,76.4,57.6,18.6,20.3,18.7
20260609,ライツフォル,100.1,76.7,56.7,19.3,19.1,18.3
20260609,クーデール,81.0,64.1,47.0,16.8,15.1,15.1
20260609,キタノシリウス,81.3,64.3,47.1,16.7,15.2,15.2
20260609,ヤマトチャージ,,68.0,48.8,17.2,15.8,15.8
20260609,バドリナート,107.5,83.4,62.0,21.1,21.0,19.9
20260609,メイショウユウゲン,,67.0,47.4,16.8,15.1,15.5
20260609,ラッキースパークル,91.6,70.7,52.4,17.4,17.5,17.5
20260609,ワッザイカ,92.1,69.9,51.3,17.3,16.9,17.1
20260609,ミッキージュエリー,100.7,77.0,55.7,19.7,18.1,17.9
20260609,フェイトライン,178.7,138.7,100.8,37.9,33.7,29.2
20260609,ラッキースパークル,73.7,57.7,43.2,14.5,14.3,14.4
20260609,ワッザイカ,78.6,62.2,45.7,15.8,14.9,15.0
20260609,ミステリーウェイ,81.3,64.0,46.4,16.7,14.9,14.8
20260609,サンライズナスカ,82.7,65.3,48.0,17.5,15.4,15.1
20260609,アスクコンナモンダ,84.4,66.7,48.6,16.7,15.7,16.2
20260609,ゴールデンカイト,93.4,70.3,51.1,18.4,16.5,16.2
20260609,ジュンヴァンケット,83.7,65.6,47.6,16.8,15.2,15.6
20260609,ブロンザイト,106.1,87.0,66.4,22.6,22.8,21.0
20260609,リアルスター,94.5,72.9,53.3,18.4,17.7,17.2
20260609,サラトガチップス,89.4,70.2,50.3,18.5,16.9,14.9
20260609,ヴィルダースヴィル,79.4,62.2,44.9,15.9,14.5,14.5
20260609,ボードゥロレーヌ,80.8,64.4,46.9,17.0,15.1,14.8
20260609,サイモンコーラル,113.2,88.3,64.5,23.3,20.9,20.3
20260609,ナムラローズマリー,94.1,74.7,53.9,19.5,18.1,16.3
20260607,アルセナール,69.7,55.2,40.6,14.2,13.5,12.9
20260607,バグラダス,71.3,55.7,40.3,14.9,13.3,12.1
20260607,ブライトラン,69.6,53.0,37.8,13.5,12.3,12.0
20260607,クイーンレグナント,70.6,54.5,39.6,14.5,13.0,12.1
20260607,コスモクラシック,71.0,55.5,40.2,14.0,13.2,13.0
20260607,サンデースマッシュ,70.9,55.1,40.0,14.3,13.7,12.0
20260607,キュータンチャン,69.3,52.8,37.8,13.4,12.3,12.1
20260607,ラフエイジアン,71.8,55.3,40.0,14.5,13.1,12.4
20260607,アドミラルシップ,78.7,60.7,44.4,15.5,15.0,13.9
20260607,トレインザマインド,73.3,56.4,41.0,14.9,13.6,12.5
20260607,コスモアチーブ,74.1,57.8,41.6,15.3,13.8,12.5
20260607,サンデーパーティー,73.2,56.4,40.3,14.7,13.4,12.2
20260607,サトノドルチェ,71.6,55.2,39.6,14.7,13.2,11.7
20260607,アシャカタカ,69.7,53.2,38.2,14.2,12.8,11.2
20260607,レースクイーン,70.8,54.2,38.9,14.3,12.9,11.7
20260607,シルトホルン,70.4,54.5,39.2,14.0,13.0,12.2
20260607,ブリスフルイヤー,70.4,54.4,39.3,14.0,12.9,12.4
20260607,ロケットチャンバー,70.4,54.7,39.7,14.0,13.2,12.5
20260607,スマイルアップ,71.7,56.3,41.5,14.2,13.5,13.8
20260607,デスティネ,87.1,69.1,51.0,17.5,16.9,16.6
20260607,トリプティーク,86.1,66.2,47.7,17.4,15.5,14.8
20260607,カシノヴィタ,86.1,66.2,47.7,17.4,15.6,14.7
20260607,レッドバレンティア,69.1,53.9,38.9,14.6,12.8,11.5
20260607,コスモシェルベット,,74.6,50.8,18.5,16.7,15.6
20260607,ライングラウス,,78.1,54.8,19.0,17.8,18.0
20260607,ミレニアムヒロイン,73.7,54.8,39.8,14.0,13.4,12.4
20260607,ウインドラート,,72.1,52.7,18.7,17.6,16.4
20260607,アルスマグナ,73.3,54.7,40.2,13.9,13.7,12.6
20260607,ティブロン,,81.7,59.5,20.3,20.5,18.7
20260607,ドナソラーレ,70.6,54.2,39.4,13.9,13.6,11.9
20260607,ロサンゼルス,,106.4,78.8,26.8,25.9,26.1
20260607,ライトアファイア,69.4,53.2,37.5,13.7,12.3,11.5
20260607,テムファイア,70.1,53.6,37.9,13.7,12.7,11.5
20260607,ポッドエステラ,69.5,53.2,37.5,13.6,12.3,11.6
20260607,タイセイアドーレ,70.3,53.7,38.0,13.7,12.8,11.5
20260607,グランジョルノ,71.2,55.6,40.8,15.1,13.4,12.3
20260607,トウシンラヴ,72.4,56.7,41.1,14.8,13.8,12.5
20260607,ハチマン,72.9,56.1,40.8,14.7,13.6,12.5
20260607,ヨーゼフ,73.8,57.5,42.0,14.5,13.8,13.7
20260607,ツマヤ,77.1,60.9,45.7,15.2,15.5,15.0
20260607,ヤマメイッカ,72.3,55.9,40.3,14.5,13.4,12.4
20260607,レッチュベルク,71.8,55.5,39.9,14.5,13.3,12.1
20260607,プルメリアクヒオ,76.1,57.7,39.8,15.8,13.0,11.0
20260607,メーテルリンク,77.7,58.8,40.8,15.8,13.8,11.2
20260607,ユイノキャッツアイ,77.1,58.2,40.2,15.7,13.5,11.0
20260607,アルカンサス,70.4,55.3,39.8,14.3,13.1,12.4
20260607,マイバラード,,54.6,38.6,14.7,12.7,11.2
20260607,モロノラピド,70.2,55.0,39.6,14.1,13.0,12.5
20260607,ヴェラグエリエロ,73.2,54.6,39.9,14.0,13.5,12.4
20260607,ファンダム,71.0,54.8,39.7,14.3,13.5,11.9
20260607,ユーベルジーク,73.5,56.1,40.3,14.3,13.4,12.6
20260607,タマモトリノ,74.8,57.2,42.2,14.9,14.5,12.8
20260607,アイアムユウシュン,,80.9,58.4,21.0,19.3,18.1
20260607,ミダース,80.4,62.8,46.6,16.1,15.3,15.2
20260607,ブルーハーツ,73.9,57.6,41.6,14.6,13.5,13.5
20260607,ラブリーガール,74.8,58.6,42.9,14.7,14.2,14.0
20260607,インプロペリア,,55.3,39.7,14.6,12.6,12.5
20260607,ムーングレイル,,57.4,42.6,15.0,13.3,14.3
20260607,プロミスライン,,55.2,39.1,13.9,12.8,12.4
20260607,ベンテンカグラ,73.4,58.3,43.4,14.7,14.5,14.2
20260607,カサビセンス,70.3,55.5,40.7,14.5,13.2,13.0
20260607,シャルムグリーン,74.3,56.5,40.0,14.4,13.3,12.3
20260607,オーケーマドンナ,76.6,58.6,41.6,15.2,13.6,12.8
20260607,オウケンボルト,,74.0,52.4,19.7,17.1,15.6
20260607,ヤマタケボニータ,,69.8,51.0,17.5,17.1,16.4
20260607,トゥントゥントゥン,69.7,53.5,39.0,13.7,12.6,12.7
20260607,アルタティール,69.4,53.1,38.6,13.5,12.5,12.6
20260607,ヴァルボナ,90.2,70.1,50.6,17.5,17.3,15.8
20260607,ニシノキフジン,,68.1,49.2,17.0,16.4,15.8
20260607,リアルクウカイ,,69.1,50.4,17.3,17.2,15.9
20260607,ヴァグラム,69.5,53.7,38.7,14.2,12.7,11.8
20260607,グルドロッティン,69.5,53.7,38.7,14.2,12.7,11.8
20260607,ブルーエ,89.9,69.3,49.9,18.2,16.7,15.0
20260607,サクラトップラック,89.2,69.4,50.3,18.0,16.6,15.7
20260607,サクラドール,94.9,73.2,53.4,18.7,17.2,17.5
20260607,マツリダシリウス,77.6,58.8,41.1,15.0,13.4,12.7
20260607,アヴィアトーレ,95.5,73.9,53.5,18.7,17.8,17.0
20260607,ビップヴィーナス,96.7,74.9,53.9,19.0,17.4,17.5
20260607,カイトグート,63.5,49.6,35.9,12.8,11.6,11.5
20260607,ミリオンクラウン,66.7,51.8,36.5,13.1,11.6,11.8
20260607,ブラックバラード,71.5,56.3,41.6,14.2,13.8,13.6
20260607,イミグラントソング,72.2,55.3,40.2,14.8,13.2,12.2
20260607,イイクニパッション,75.5,55.3,38.5,14.4,12.6,11.5
20260607,シーギリヤロック,70.9,55.3,40.1,14.5,13.7,11.9
20260607,カリーン,,63.0,45.3,16.3,14.2,14.8
20260607,アースヴィンチ,,61.6,43.3,15.8,14.5,13.0
20260607,メイショウソムリエ,,57.1,41.5,14.9,14.0,12.6
20260607,ヘイマー,67.0,51.8,37.6,13.2,12.3,12.1
20260607,アイスブレイカー,72.9,57.5,42.3,14.9,14.4,13.0
20260607,ハピナスター,82.1,64.0,46.1,16.0,14.8,15.3
20260607,ニシノヴィヴィ,73.6,55.6,39.8,14.7,13.4,11.7
20260607,スコアレジーナ,73.2,55.4,39.5,14.7,13.1,11.7
20260607,ミーントゥビー,67.1,50.6,36.3,13.0,12.0,11.3
20260607,セイントエルモズ,68.6,54.3,39.7,14.7,13.3,11.7
20260607,ニースケンス,68.1,53.8,39.2,14.6,13.1,11.5
20260607,ロワゾブルー,71.8,56.3,41.3,14.9,13.7,12.7
20260607,デルマノリクラ,73.4,57.5,41.7,14.6,13.7,13.4
20260607,フォークスアップ,74.7,59.0,43.6,15.1,14.3,14.2
20260607,モズクルードラゴン,77.5,60.4,44.2,15.9,14.7,13.6
20260607,タシット,72.7,56.0,40.2,14.9,13.2,12.1
20260607,オストラヴァ,65.9,50.9,37.0,13.4,12.4,11.2
20260607,ミクニインスパイア,68.9,53.2,38.8,14.4,13.0,11.4
20260607,ファイタージェット,69.0,52.6,37.9,13.7,12.9,11.3
20260607,クイーンズレイン,68.4,52.3,37.6,13.7,12.4,11.5
20260607,ビアーレ,110.4,88.2,66.4,22.0,22.1,22.3
20260607,ギーロカスタル,68.9,53.6,38.5,13.4,12.6,12.5
20260607,キコリータ,70.2,55.3,40.0,14.5,13.4,12.1
20260607,グランマズドリーム,70.7,55.7,40.1,14.7,13.3,12.1
20260607,オウケンサクラコ,70.5,55.6,40.1,14.6,13.3,12.2
20260607,コスモヘリアンサス,68.8,53.4,39.1,13.6,12.8,12.7
20260607,ミッドナイトドア,74.5,57.8,42.8,14.9,13.9,14.0
20260607,メジャーシンガー,72.0,55.5,40.4,13.7,13.7,13.0
20260607,ハンデンブレイズ,72.6,56.1,41.0,14.6,13.2,13.2
20260607,ピンキープロミス,74.2,57.3,41.8,14.3,13.8,13.7
20260607,ニャンタロウ,72.4,56.3,40.0,14.9,13.5,11.6
20260607,セブンマイスター,75.3,56.6,40.4,15.0,13.6,11.8
20260607,ファリーザ,71.3,54.5,39.2,14.9,12.8,11.5
20260607,ロードトライデント,74.4,54.6,39.1,14.2,13.4,11.5
20260607,アリアーネ,79.5,61.1,44.6,15.6,14.7,14.3
20260607,ペプチドドリーム,68.5,53.4,39.1,13.8,13.1,12.2
20260607,ネオアンボウ,69.8,54.4,39.8,14.3,13.2,12.3
20260607,ソウカイファミリア,79.6,61.1,44.5,15.6,14.7,14.2
20260607,ブライトシーン,69.3,54.1,39.7,14.2,13.1,12.4
20260607,モンドデラモーレ,72.9,53.5,37.4,14.0,12.1,11.3
20260607,クロースコンバット,72.0,56.9,42.4,14.8,14.2,13.4
20260607,セイウンパシュート,66.2,52.7,38.5,13.6,12.8,12.1
20260607,マイネルリコルディ,71.4,56.5,42.0,14.8,14.2,13.0
20260607,スペードギニー,73.1,56.3,41.2,14.3,14.0,12.9
20260607,カドドゥディエ,72.0,55.9,41.2,14.3,13.3,13.6
20260607,リオダプラタ,71.1,55.8,40.6,14.2,13.7,12.7
20260607,オンザギャラクシー,69.7,54.9,39.4,14.3,12.9,12.2
20260607,ジェッディンデデン,73.7,57.0,41.1,14.8,13.4,12.9
20260607,クアロアランチ,71.1,55.2,40.8,14.0,13.6,13.2
20260607,ニシノツムジカゼ,72.0,56.5,41.7,14.4,13.6,13.7
20260607,シーズザチャンス,73.1,56.9,41.2,14.5,13.9,12.8
20260607,ノースブリッジ,71.0,54.5,38.8,14.7,12.7,11.4
20260607,オービタルピリオド,71.9,56.5,40.9,14.8,13.5,12.6
20260607,チャリングクロス,70.1,54.0,38.4,14.5,12.5,11.4
20260607,アラタ,70.2,54.3,39.2,14.3,13.2,11.7
20260607,ブラーヴジャン,69.5,53.8,38.8,14.2,12.9,11.7
20260607,レフィノス,68.7,53.0,38.0,13.9,12.5,11.6
20260607,ベイビールビオ,67.4,52.3,37.7,13.6,12.5,11.6
20260607,サツキジュエル,66.5,52.2,38.0,13.6,12.7,11.7
20260607,ゴールドパレード,,67.2,47.7,17.6,15.2,14.9
20260607,トム,79.4,62.9,46.4,16.4,15.5,14.5
20260607,ヴォンヌヴォー,70.2,54.8,39.5,14.2,12.9,12.4
20260607,グロッシェン,73.6,57.7,41.9,14.9,13.9,13.1
20260607,モンシュマン,74.7,57.1,41.8,15.0,14.0,12.8
20260607,テルケンユミクイン,,72.7,52.7,18.2,17.5,17.0
20260607,カノープス,,75.6,55.7,19.7,18.8,17.2
20260607,メリティス,69.5,53.9,39.0,13.7,12.5,12.8
20260607,ブライトマン,,58.9,42.7,15.1,14.3,13.3
20260607,タイセツナヒ,78.3,58.5,42.2,14.9,13.8,13.5
20260607,レオライジング,78.4,58.6,42.2,14.8,13.9,13.5
20260607,エレスレイプニル,78.3,58.4,42.2,14.9,13.8,13.5
20260607,グラニットピーク,67.6,52.5,38.1,13.9,12.7,11.5
20260607,ラパンチュール,,58.8,41.2,15.0,13.3,12.9
20260607,ブレイズランナー,,60.5,43.2,15.4,14.2,13.6
20260607,ギフテッド,70.3,54.3,39.4,14.2,13.0,12.2
20260607,エジプシャンマウ,69.4,53.5,38.7,13.6,12.6,12.5
20260607,コスモシグナス,81.3,63.3,45.7,17.0,14.9,13.8
20260607,モミスケ,80.5,62.5,45.2,17.2,14.6,13.4
20260607,レガーロデルシエロ,,58.8,41.4,14.9,13.8,12.7
20260607,ナンナンプー,75.3,58.3,42.3,15.0,14.1,13.2
20260607,モンサンアミュザン,83.2,66.9,49.6,16.7,16.6,16.3
20260607,カペラテソーロ,86.2,69.1,51.2,17.5,17.0,16.7
20260607,マイネルクロカータ,79.5,61.8,45.4,15.5,14.7,15.2
20260607,モーモーワン,79.7,62.0,45.5,15.6,14.7,15.2
20260607,モナークスヴァラー,85.6,68.8,51.1,17.6,17.1,16.4
20260607,フクノスナノバラ,77.6,60.8,45.7,15.3,15.4,15.0
20260607,ホウオウフロイト,,62.0,45.1,16.1,15.1,13.9
20260607,タケショウカイザー,72.0,55.7,39.4,14.7,12.8,11.9
20260607,リトルベルタ,75.4,56.0,41.4,13.9,14.1,13.4
20260607,ホットゥトロット,78.8,60.7,43.9,15.0,14.8,14.1
20260607,ハッピーカーン,,63.5,45.9,16.2,15.4,14.3
20260607,フィンガー,66.6,52.0,37.9,13.5,12.7,11.7
20260607,ロードリュイール,66.9,52.2,38.1,13.6,12.6,11.9
20260607,フィレルレーヴ,67.7,53.8,39.2,14.0,13.0,12.2
20260607,カルネヴァーレ,,58.1,40.5,13.9,13.4,13.2
20260607,ディペンダブル,,58.3,41.4,14.5,13.8,13.1
20260607,ヌクレオチド,72.3,56.0,40.6,14.1,13.3,13.2
20260607,ステキサプライズ,72.0,56.3,41.5,14.4,13.6,13.5
20260607,アエログラム,,57.5,39.9,13.8,13.2,12.9
20260607,レイナデルアイレ,70.3,55.6,40.4,14.8,13.4,12.2
20260607,トルショー,83.4,65.3,47.3,16.8,15.5,15.0
20260607,ライフゲート,84.1,65.5,47.5,16.9,15.7,14.9
20260607,マジェステラ,,61.3,43.6,15.2,14.3,14.1
20260607,フルミネブル,72.5,55.1,39.4,15.3,12.7,11.4
20260607,シュートザワークス,71.0,53.7,38.3,14.5,12.4,11.4
20260607,エフティヴェント,71.8,56.1,39.9,14.3,12.7,12.9
20260607,フレンデル,71.9,56.3,40.2,14.7,12.8,12.7
20260607,エフォートレス,69.0,53.6,38.7,13.8,12.8,12.1
20260607,ツインドライヴ,69.7,54.0,38.8,14.1,12.6,12.1
20260607,マンモスホームラン,71.7,56.0,41.6,14.5,13.7,13.4
20260607,サムハラ,70.4,54.8,39.9,14.4,13.3,12.2
20260607,ロジクリスエス,76.0,59.0,43.4,14.9,14.7,13.8
20260607,ルージュミレネール,,54.5,38.7,13.2,12.9,12.6
20260607,ノヴェルピアーチェ,,54.5,38.8,14.0,12.8,12.0
20260607,アルゲンテウス,74.3,58.1,42.5,14.6,14.4,13.5
20260607,トクシーカイザー,73.2,56.6,40.8,14.9,14.0,11.9
20260607,トーアマリシテン,72.0,56.3,41.1,14.7,14.2,12.2
20260607,ベールドインパクト,70.0,54.8,39.9,14.3,13.3,12.3
20260607,スターツトゥデイ,,68.4,50.2,17.4,17.0,15.8
20260607,リリーズブルーム,70.6,55.4,40.0,14.6,13.4,12.0
20260607,グラスブランシュ,72.1,55.5,40.4,14.2,13.1,13.1
20260607,ハイランダー,73.8,56.6,40.9,14.7,13.5,12.7
20260607,フィオリータ,74.3,57.0,41.3,15.0,13.6,12.7
20260607,ヴォンサクレ,72.1,57.0,42.6,14.6,13.9,14.1
20260607,ドゥマーヴェリック,69.9,55.5,40.7,14.8,13.3,12.6
20260607,レッドシュヴェルト,70.9,54.3,39.4,14.1,13.1,12.2
20260607,ウインドワンピース,70.0,54.2,38.8,14.4,12.6,11.8
20260607,フジサン,,62.6,45.6,16.2,15.1,14.3
20260607,トクシースタローン,73.8,57.0,41.2,15.0,13.4,12.8
20260607,ハイテイラオユエ,72.6,55.3,40.4,14.0,13.4,13.0
20260607,ヤマニンヘルシェ,74.9,57.1,41.3,14.3,14.1,12.9
20260607,アツキヤマト,73.3,56.7,40.7,15.0,13.3,12.4
20260607,ソニックドライブ,71.3,55.0,39.0,14.2,12.9,11.9
20260607,イサチルサリーレ,68.4,52.2,37.5,13.3,12.3,11.9
20260607,ユイノジカンカセギ,69.3,53.3,38.4,14.1,12.4,11.9
20260607,エコロアルバ,67.3,52.3,38.2,13.4,12.6,12.2
20260607,アラクラン,70.1,54.8,40.3,13.7,13.3,13.3
20260607,キョウエイアート,71.3,56.3,40.9,14.8,13.1,13.0
20260607,ミヤカグラ,94.1,73.5,53.6,19.1,17.5,17.0
20260607,スティールヴォーグ,95.6,75.6,54.8,20.1,17.8,16.9
20260607,レーウィン,72.4,55.0,39.5,14.1,13.2,12.2
20260607,シークレットイスラ,74.1,56.6,41.1,14.5,14.4,12.2
20260607,ヤマトスイフト,89.9,69.9,50.6,18.1,16.4,16.1
20260607,テリオスララ,,77.7,55.4,19.8,18.5,17.1
20260607,ディマイザキッド,65.4,50.6,36.7,13.1,12.0,11.6
20260607,ミダレセツゲツカ,67.2,52.3,38.0,13.4,12.4,12.2
20260607,カーニバルウェイ,66.6,51.9,37.8,13.3,12.2,12.3
20260607,コンティオ,69.0,53.7,39.1,13.7,13.1,12.3
20260607,インサイドエッジ,68.3,52.8,38.6,13.6,12.6,12.4
20260607,タッカーバレット,90.2,71.1,51.6,19.1,17.5,15.0
20260607,ヤマメナイト,81.7,64.8,47.8,16.8,16.6,14.4
20260607,クモヒトツナイ,64.8,50.1,36.8,12.5,12.0,12.3
20260607,キングノジョー,68.6,53.1,38.2,14.1,12.7,11.4
20260607,エクリプスルバン,71.4,53.1,37.5,13.9,12.3,11.3
20260607,ペルウィクトール,109.0,83.4,57.8,23.4,18.7,15.7
20260607,ブルージャイアント,,60.0,43.2,15.6,14.1,13.5
20260607,ミリオングローリー,,59.0,42.4,15.1,14.3,13.0
20260607,ソニックブレイカー,114.4,92.9,69.7,23.6,22.6,23.5
20260607,ヒロピアーナ,70.4,54.3,38.9,14.5,12.8,11.6
20260607,クロドラバール,73.0,55.6,38.6,14.7,12.6,11.3
20260607,シャオシンユン,71.0,53.8,38.5,14.6,12.6,11.3
20260607,イナンナ,71.6,54.6,38.5,15.0,12.4,11.1
20260607,リリーブライト,70.7,54.6,39.3,14.4,13.0,11.9
20260607,ピースワンデュック,70.9,53.6,38.4,14.3,12.9,11.2
20260607,スティールシップ,73.7,56.2,41.1,14.3,13.5,13.3
20260607,キョウエイグッド,,69.3,49.4,17.6,16.3,15.5
20260607,チュラヴェール,66.9,52.3,37.6,13.6,12.3,11.7
20260607,ヴァールザーゲン,67.4,52.7,38.0,13.7,12.5,11.8
20260607,ジョワリヴレ,,67.9,48.1,17.4,15.9,14.8
20260607,パレホ,,72.8,54.5,18.9,18.2,17.4
20260607,リアレスト,68.9,53.6,38.9,13.7,12.6,12.6
20260607,ココソラーレ,68.1,53.3,38.8,14.6,12.9,11.3
20260607,パッサージュワイズ,71.3,55.9,41.0,14.4,13.7,12.9
20260607,カシノスワッグ,77.5,60.9,45.2,15.2,14.8,15.2
20260607,デルマハッコウダ,73.7,57.6,42.3,14.6,14.0,13.7
20260607,シゲルカミカゼ,,95.8,69.9,25.1,22.9,21.9
20260607,ルージュアリスタ,,54.3,38.9,14.6,13.1,11.2
20260607,スイープセレニティ,,53.0,37.9,14.0,12.7,11.2
20260607,アトミックリーチ,,60.6,43.5,15.5,14.5,13.5
20260607,ウラノグラフィア,,56.1,40.2,14.9,13.3,12.0
20260607,ジオ,,55.9,40.1,14.9,13.2,12.0
20260607,シゲルカミカゼ,95.0,75.4,55.6,19.7,18.5,17.4
20260607,ノアレジェンド,88.8,70.5,50.9,18.0,16.3,16.6
20260607,コンフィグシス,89.4,70.9,51.9,18.1,16.8,17.0
20260607,ヤングアメリカンズ,73.2,56.6,41.8,13.9,14.1,13.8
20260607,エビスディアーナ,76.2,59.4,43.5,14.9,14.3,14.3
20260607,ハクシンブライアン,82.6,63.8,46.4,16.8,15.5,14.1
20260607,デビットバローズ,68.5,53.9,39.1,14.3,12.6,12.2
20260607,ラッキーバック,65.5,50.2,35.9,12.7,11.4,11.8
20260607,チェファルー,70.4,55.0,39.4,14.6,12.5,12.3
20260607,アームズレジェンド,69.4,54.5,39.2,14.5,12.5,12.2
20260607,マイネルエンペラー,64.9,50.5,35.8,13.5,11.3,11.0
20260607,アイランド,66.1,51.3,36.1,13.7,11.3,11.1
20260607,ライトオブヌカタ,68.3,52.8,37.1,14.1,11.7,11.3
20260607,アグレイビューティ,69.3,53.4,37.6,14.4,11.8,11.4
20260607,ファイナルコマンド,72.1,56.4,40.8,15.3,12.9,12.6
20260607,セルヴァジオ,68.8,53.1,37.4,14.3,11.7,11.4
20260607,フォルストランキル,68.4,53.5,38.2,13.8,12.6,11.8
20260607,タイセイドレフォン,87.9,68.2,49.4,17.2,16.1,16.1
20260607,フライングブレード,74.0,56.0,39.1,15.2,12.0,11.9
20260607,フラッシング,116.6,91.8,67.4,23.7,21.9,21.8
20260607,チムニートップス,74.0,56.9,40.8,14.8,13.1,12.9
20260607,タイセイドレフォン,81.1,63.3,45.5,16.8,14.8,13.9
20260607,メイショウリリー,73.7,57.2,40.8,14.9,13.2,12.7
20260607,コズミックフレア,108.4,80.2,57.1,21.1,19.1,16.9
20260607,サンライズロイ,83.9,65.3,47.3,16.4,15.6,15.3
20260607,ウインリュクス,95.5,71.8,50.9,18.4,16.6,15.9
20260607,サトノビダーヤ,83.4,64.7,44.8,17.8,13.5,13.5
20260607,モンドドゥアムール,89.8,71.3,51.3,18.3,16.2,16.8
20260607,レッドフレーザー,67.9,52.6,37.4,13.4,12.0,12.0
20260607,キャピタルサックス,76.9,58.9,42.3,14.8,13.1,14.4
20260607,アカデミア,82.7,65.2,46.9,17.2,14.8,14.9
20260607,プペアンビスキュイ,132.1,92.2,62.3,21.0,20.9,20.4
20260607,ケイアイセナ,76.5,59.3,42.2,14.7,13.5,14.0
20260607,サダムオプシス,75.6,58.3,41.4,14.9,13.2,13.3
20260607,テイエムスティール,119.1,82.0,59.0,21.4,19.3,18.3
20260607,ユイリノベーション,83.2,65.7,47.8,16.8,15.3,15.7
20260607,アスクムービーオン,72.1,55.2,39.0,14.3,12.2,12.5
20260607,リアルスター,95.4,74.4,54.3,19.1,17.9,17.3
20260607,フララナキラ,103.9,77.6,55.4,20.4,17.7,17.3
20260607,オリヒメボシ,90.9,69.5,50.8,18.5,16.7,15.6
20260607,メイショウマドンナ,73.1,55.4,39.6,15.0,11.1,13.5
20260607,レジェルテ,87.3,63.7,44.2,15.8,14.1,14.3
20260607,ヒルノアラゴン,78.8,61.0,43.7,15.7,14.7,13.3
20260607,ジュエルシップ,86.0,63.9,44.0,15.9,13.9,14.2
20260607,トリオノチカラ,79.6,61.2,44.0,16.0,14.6,13.4
20260607,ラストモーメント,78.8,61.0,43.7,15.7,14.6,13.4
20260607,カシノクロサイト,79.6,61.2,44.0,15.9,14.7,13.4
20260607,プッシュザリミット,87.2,63.6,44.0,15.9,13.9,14.2
20260607,バレエマスター,88.3,67.9,49.1,17.7,15.4,16.0
20260607,ペンダント,76.8,57.4,39.8,15.5,12.4,11.9
20260607,バルナバ,72.6,56.4,40.7,15.3,13.5,11.9
20260607,ピエナオルカ,79.0,61.8,44.7,16.2,14.3,14.2
20260607,アズライトティアラ,75.7,59.3,43.8,15.2,14.2,14.4
20260607,ミステリーウェイ,72.3,55.6,39.1,15.0,12.5,11.6
20260607,サンライズフリード,71.2,54.8,38.4,14.7,12.1,11.6
20260607,サンライズナスカ,73.3,56.3,39.3,15.0,12.7,11.6
20260607,ロングフルスペック,79.8,61.8,44.9,16.1,14.7,14.1
20260607,ルフトブリュッケ,75.5,58.6,41.3,16.0,12.8,12.5
20260607,エンデュミオン,116.2,90.0,66.0,22.8,21.4,21.8
20260607,ヴェロクオーレ,77.5,60.3,43.1,16.1,13.8,13.2
20260607,エティエンヌ,101.5,76.3,51.9,21.0,15.7,15.2
20260607,フィエールシャンテ,70.9,55.4,39.8,14.7,12.8,12.3
20260607,ラルス,97.0,71.3,49.6,18.2,15.9,15.5
20260607,サクライロマウコロ,68.8,53.3,38.5,14.5,11.8,12.2
20260607,ファミリータイム,69.7,53.6,38.0,13.9,12.0,12.1
20260607,ヒーローインチーフ,99.2,74.4,54.5,19.6,17.7,17.2
20260607,シャイニングスター,96.6,77.4,58.1,19.4,18.8,19.9
20260607,マーゴットバディ,69.3,53.3,37.4,14.1,11.7,11.6
20260607,ミニトランザット,71.5,52.9,37.2,14.5,11.6,11.1
20260607,ギフテッドスペック,87.2,66.4,48.2,17.4,15.8,15.0
20260607,ワイドカクゲン,73.4,53.7,37.7,14.6,11.8,11.3
20260607,モンテパステル,94.7,72.9,53.6,18.8,17.6,17.2
20260607,エイユーファイヤー,68.5,53.0,37.7,14.3,11.9,11.5
20260607,ジョイボーイ,72.0,56.1,40.4,15.4,13.1,11.9
20260607,パウンドフォーワン,79.3,60.9,42.2,17.5,13.3,11.4
20260607,パゴスピグイノス,71.0,55.4,40.5,14.4,13.4,12.7
20260607,クリアストライク,78.2,60.3,41.8,17.2,13.2,11.4
20260607,シャンパンライフ,81.2,59.5,40.9,16.3,13.0,11.6
20260607,セキトバイースト,71.4,55.5,40.2,14.5,13.2,12.5
20260607,ローズラフィネ,79.1,60.3,43.3,15.6,13.9,13.8
20260607,フレッチャアズーラ,72.3,55.3,39.8,14.5,12.6,12.7
20260607,グロリアラウス,72.5,55.5,38.7,15.3,12.0,11.4
20260607,ビゾー,73.0,55.9,39.1,15.4,12.2,11.5
20260607,クロワデュノール,72.0,54.5,37.9,14.2,12.0,11.7
20260607,サウンドムーブ,72.6,54.8,38.0,14.2,12.1,11.7
20260607,ビジュアライズ,72.3,55.3,38.6,15.0,12.3,11.3
20260607,メリオーレム,71.0,54.4,38.0,14.4,12.2,11.4
20260607,コルレオニス,70.2,52.5,37.4,13.6,12.0,11.8
20260607,メイショウジンライ,88.9,70.1,51.0,18.1,16.3,16.6
20260607,マイベスティー,90.6,70.8,51.4,18.6,16.5,16.3
20260607,ヘスティア,85.3,67.0,48.1,17.8,15.6,14.7
20260607,ロードアウォード,66.3,50.4,36.3,13.0,11.7,11.6
20260607,エリカヴェネチア,67.7,51.8,36.9,13.3,11.7,11.9
20260607,ルースソラール,67.1,51.3,36.7,13.2,11.7,11.8
20260607,マニバドラ,141.9,114.6,86.4,26.8,29.4,30.2
20260607,メイショウピュルテ,77.8,58.8,41.8,15.6,13.5,12.7
20260607,タガノシルフィー,90.5,69.6,50.9,17.8,16.7,16.4
20260607,バドリナート,78.8,61.0,44.3,16.0,14.4,13.9
20260607,タガノアバンドーネ,86.4,66.0,48.3,16.8,15.7,15.8
20260607,スイトーヨ,100.5,76.3,55.3,20.0,18.0,17.3
20260607,ガロピーネ,71.1,55.3,40.0,14.3,12.7,13.0
20260607,タガノアバンドーネ,89.1,69.3,49.5,17.7,15.7,16.1
20260607,シャマル,74.1,58.0,42.0,14.7,13.5,13.8
20260607,ヴィヴァシャス,73.8,57.8,42.0,14.8,13.5,13.7
20260607,デュアルロール,73.1,56.6,41.2,14.5,13.4,13.3
20260607,バレンシア,71.8,55.9,40.7,14.2,13.3,13.2
20260607,スマートエスコート,73.5,57.4,42.4,15.1,13.8,13.5
20260607,ルーポ,72.9,57.1,42.0,14.6,13.7,13.7
20260607,レッドプロフェシー,70.7,55.0,40.2,14.3,13.0,12.9
20260607,シゲルショウグン,78.1,61.7,44.9,15.9,14.5,14.5
20260607,シンギタイ,72.9,55.7,39.2,14.9,12.5,11.8
20260607,コワンニシタガウ,73.7,56.6,39.7,15.3,12.6,11.8
20260607,タイキジュビリー,74.2,55.1,38.4,14.4,12.1,11.9
20260607,メイショウソウタ,75.9,58.7,41.8,15.3,13.5,13.0
20260607,ケンフィールド,90.9,70.9,50.7,18.3,16.4,16.0
20260607,キングズテイル,75.1,58.0,41.5,15.1,13.4,13.0
20260607,バンダムソレール,70.2,54.6,39.7,14.7,13.4,11.6
20260607,ベルサンローラン,85.2,66.5,48.8,17.3,15.8,15.7
20260607,ノチェブエナ,71.4,54.7,37.9,14.3,12.2,11.4
20260607,ビートル,71.4,54.8,38.0,14.2,12.3,11.5
20260607,ミキノバカラ,68.5,52.9,38.2,13.6,12.2,12.4
20260607,ジェルソミーノ,75.2,59.2,43.2,15.3,13.9,14.0
20260607,ステラクラウン,,81.5,58.6,20.1,18.5,20.0
20260607,ニホンピロマリンバ,88.2,68.6,51.2,17.6,16.7,16.9
20260607,ショウナンガチ,96.0,74.1,52.9,19.9,16.6,16.4
20260607,マーゴットミスト,72.7,54.2,38.0,14.6,12.0,11.4
20260607,ローレルアイビー,72.2,53.7,37.7,14.4,11.9,11.4
20260607,レイデアルマス,71.6,53.6,37.7,14.3,11.9,11.5
20260607,タガノデュード,88.0,66.3,48.4,16.7,15.7,16.0
20260607,シェイクユアハート,88.9,70.4,52.4,18.1,17.2,17.1
20260607,クリノオリーブ,85.4,67.1,48.4,17.6,16.0,14.8
20260607,マクローリン,94.5,75.4,55.7,19.0,18.2,18.5
20260607,ミスティックレナン,,96.5,68.1,25.2,21.9,21.0
20260607,ベヒル,94.7,75.5,55.8,18.9,18.2,18.7
20260607,ラッキーベイ,74.5,55.6,38.6,14.8,11.9,11.9
20260607,ワンダーミューズ,72.3,53.4,38.2,14.3,12.3,11.6
20260607,ミスティックレナン,78.8,62.0,44.1,15.6,14.0,14.5
20260607,ミエノクラウン,76.5,58.2,41.4,15.4,13.7,12.3
20260607,スネーフリンガ,68.5,52.4,37.3,13.8,11.6,11.9
20260607,ルシャリオ,69.9,53.8,38.4,13.6,12.2,12.6
20260607,キムタックフェイス,69.7,54.6,39.9,14.6,12.9,12.4
20260607,フィールライクユー,69.6,54.6,39.9,14.6,12.9,12.4
20260607,メイショウショカツ,90.5,69.9,50.9,18.0,16.7,16.2
20260607,メイショウタバル,102.8,79.7,59.0,19.9,19.7,19.4
20260607,メイショウトウコウ,86.8,67.4,50.0,16.8,16.6,16.6
20260607,テレプシコーラ,90.7,71.9,52.4,18.8,16.6,17.0
20260607,クロリス,97.0,77.7,57.2,19.9,19.2,18.1
20260607,メイショウカスガイ,71.0,55.1,40.3,14.8,13.1,12.4
20260607,サマーナジュム,72.1,56.2,41.1,15.2,13.6,12.3
20260607,アセンシオン,71.7,55.8,40.7,15.0,13.4,12.3
20260607,ポニーテール,90.0,68.9,50.1,17.4,16.6,16.1
20260607,グラヴィテ,85.1,59.2,39.6,16.1,11.7,11.8
20260607,ミッキークレスト,71.5,56.1,41.3,14.2,13.4,13.7
20260607,メイショウテンジン,73.6,56.7,41.1,15.3,13.3,12.5
20260607,ガルディエンヌ,73.5,56.7,41.1,15.3,13.3,12.5
20260607,アスクアットバット,66.9,50.3,35.3,13.0,11.1,11.2
20260607,ケーブパール,81.3,54.3,37.5,14.4,11.8,11.3
20260607,スティンガーグラス,67.9,51.8,36.6,13.2,11.6,11.8
20260607,マテンロウアワー,145.8,111.3,79.0,31.4,25.4,22.2
20260607,ベラジオボンド,276.3,219.3,162.8,56.0,55.4,51.4
20260607,マイケルバローズ,276.1,219.3,163.8,56.7,54.2,52.9
20260607,シンビリーブ,72.2,55.6,39.0,15.0,12.1,11.9
20260607,ゴーゴーシャチョウ,91.9,71.8,52.2,18.7,16.8,16.7
20260607,ジャスパーグレイト,161.4,122.8,92.4,29.6,32.7,30.1
20260607,ベラジオボンド,135.5,105.8,78.2,25.3,25.7,27.2
20260607,マイケルバローズ,155.5,123.1,90.8,31.3,30.7,28.8
20260607,ソブリンズオーブ,69.7,54.1,38.9,14.1,12.2,12.6
20260607,タマコイファルコン,70.2,54.2,38.7,14.1,12.3,12.3
20260607,テーオーグランビル,,75.0,52.1,18.9,16.9,16.3
20260607,ベラジオボンド,138.1,94.8,58.2,21.6,18.5,18.1
20260607,リチャードバローズ,,91.2,62.9,23.3,20.3,19.3
20260607,トモジャカトゥーラ,72.8,50.7,36.5,12.6,11.9,12.0
20260607,マコトエウロペ,,69.9,52.4,18.7,17.1,16.6
20260607,エアフォースワン,71.4,56.2,41.4,14.1,13.3,14.0
20260607,アウェイクネス,73.6,56.4,40.3,14.7,12.9,12.7
20260607,ジーティーマイカ,72.4,55.1,39.4,14.2,12.5,12.7
20260607,シェンフー,80.9,63.6,46.1,16.3,14.9,14.9
20260607,トモジャクリエ,91.5,69.2,49.9,17.6,16.5,15.8
20260607,アシャカブラーヴ,92.4,69.7,50.3,17.5,16.5,16.3
20260607,ミカエルパシャ,69.7,53.4,38.7,13.9,12.3,12.5
20260607,シカゴスティング,66.6,51.6,36.3,13.9,11.2,11.2
20260607,レットミーテイク,77.1,59.9,43.9,16.0,14.4,13.5
20260607,アニージョ,90.7,67.5,49.0,17.3,15.7,16.0
20260607,タマモナポリ,102.4,80.0,58.4,21.2,18.2,19.0
20260607,ルブリアン,72.7,54.5,38.5,14.3,12.4,11.8
20260607,タケルフォーカス,72.5,54.9,40.1,14.2,13.6,12.3
20260607,ルクスラモン,79.8,59.4,40.7,15.9,12.9,11.9
20260607,ストライクアロー,79.2,59.1,40.3,15.8,12.8,11.7
20260607,リン,74.1,57.5,41.3,15.2,13.4,12.7
20260607,サークルオブジョイ,76.3,58.3,42.1,14.9,13.6,13.6
20260607,デルマリシリ,101.1,76.2,55.2,19.3,18.2,17.7
20260607,ハイドパーク,97.7,75.0,54.1,19.2,18.3,16.6
20260607,アングランパ,99.4,75.7,54.9,19.1,18.3,17.5
20260607,インカルナータ,71.7,54.6,37.7,14.9,11.6,11.2
20260607,タマモエース,157.7,118.2,89.3,29.0,29.8,30.5
20260607,アレナパラシオ,93.7,74.3,54.3,18.6,17.8,17.9
20260607,グラスゴー,73.1,58.1,42.3,14.4,13.5,14.4
20260607,ジュンクロノシップ,73.5,56.6,40.0,14.9,13.3,11.8
20260607,アワードストーリー,93.7,74.6,54.2,18.5,17.6,18.1
20260607,ダノンミッドナイト,85.3,68.0,49.8,18.3,15.9,15.6
20260607,ノンブルドール,71.1,55.0,39.5,14.3,12.4,12.8
20260607,リーティアコナル,75.0,58.3,42.9,14.4,13.9,14.6
20260607,キタノシリウス,75.9,58.8,42.1,15.1,13.6,13.4
20260607,ダノンヴェルサイユ,76.2,59.1,42.8,15.0,13.8,14.0
20260607,モアリジット,90.0,71.1,51.8,18.3,16.7,16.8
20260607,ダイヤモンドエルザ,78.2,61.4,44.1,16.2,14.0,13.9
20260607,アルビオン,73.3,56.7,41.2,15.1,13.5,12.6
20260607,ドットカモン,72.2,56.3,40.6,14.7,12.9,13.0
20260607,グランピアン,99.2,76.0,55.9,19.5,18.3,18.1
20260607,シュシュエメラルド,99.4,76.5,56.1,20.0,18.7,17.4
20260607,グランフィエルテ,96.5,73.4,52.3,19.2,17.2,15.9
20260607,ルマンサルト,89.5,65.0,45.9,17.1,14.8,14.0
20260607,ウインガウェイン,89.3,65.2,46.2,17.2,14.7,14.3
20260607,ウィモウェ,90.0,69.4,50.6,18.2,16.4,16.0
20260607,モアリジット,78.5,61.9,45.2,16.0,14.8,14.4
20260607,マイネルブラントン,101.1,79.2,58.1,21.1,18.8,18.2
20260607,カステッロトゥーレ,72.8,53.4,37.8,14.3,12.2,11.3
20260607,シャドウクライ,73.5,53.8,38.0,14.4,12.2,11.4
20260607,ファニーバニー,71.3,52.8,37.2,14.1,11.9,11.2
20260607,キャプテンシー,100.6,78.1,56.4,20.3,18.4,17.7
20260607,ジャスティンダラス,79.0,59.8,41.9,15.9,13.2,12.8
20260607,キタノコウセイ,72.8,56.5,39.6,14.5,12.9,12.2
20260607,ドリームプレミア,71.8,57.1,41.7,14.9,13.6,13.2
20260607,レヴロード,75.0,57.5,40.0,14.7,13.0,12.3
20260607,ホウオウスカイハイ,92.1,71.3,52.5,18.1,17.3,17.1
20260607,テーオーシーザー,93.6,72.6,53.7,18.2,17.9,17.6
20260607,ハイソリア,86.7,69.6,52.1,17.8,17.4,16.9
20260607,マーベリックシチー,68.3,53.2,38.2,13.7,12.4,12.1
20260607,メイショウタカネ,72.0,56.4,40.7,14.9,13.3,12.5
20260607,テーオーダヴィンチ,86.3,66.4,47.9,17.0,15.5,15.4
20260607,マテンロウブレイブ,95.8,75.1,52.6,20.5,17.3,14.8
20260607,ルクスデイジー,88.2,68.2,48.7,17.1,15.7,15.9
20260607,レーヌマロン,76.5,54.0,36.7,13.9,11.5,11.3
20260607,アルファローバ,87.4,69.0,50.1,17.9,16.0,16.2
20260607,ロードプレジール,73.2,56.6,39.6,15.4,12.4,11.8
20260607,ショウグンマサムネ,67.2,51.4,37.0,14.0,12.0,11.0
20260607,ルフトクス,71.9,54.8,38.6,14.5,12.8,11.3
20260607,リテラシー,106.8,84.3,61.8,21.7,20.0,20.1
20260607,ミヤノラングリー,104.1,80.5,58.1,21.9,18.8,17.4
20260607,ノボリショウリュウ,74.3,56.6,40.5,14.6,12.9,13.0
20260607,ナムラローズマリー,68.8,53.3,38.3,13.9,12.0,12.4
20260606,アルセナール,,69.8,50.2,17.8,16.5,15.9
20260606,レガレイラ,,69.2,48.9,18.0,16.1,14.8
20260606,ライネリーベ,,69.7,47.9,18.5,15.3,14.1
20260606,ホウオウビリーヴ,,67.6,47.8,17.6,15.7,14.5
20260606,スターフラッシュ,,67.3,48.0,17.4,16.0,14.6
20260606,ベルウッドピース,,72.1,52.0,19.0,17.2,15.8
20260606,スタームーンナイト,,74.8,53.0,19.4,17.2,16.4
20260606,ヤマメイッカ,,70.3,49.7,18.0,15.7,16.0
20260606,ショウナンパトス,,64.0,46.6,16.8,15.1,14.7
20260606,ロサンゼルス,,68.0,49.3,17.4,16.4,15.5
20260606,ルクソンライト,,66.7,48.3,16.9,16.0,15.4
20260606,テムファイア,,66.8,48.5,16.9,16.0,15.6
20260606,グルーヴィーオン,,64.6,45.6,16.2,14.8,14.6
20260606,グランジョルノ,,67.8,49.5,16.6,16.7,16.2
20260606,リュウカルネ,,68.6,50.3,17.0,16.6,16.7
20260606,ゼータレティクル,,64.7,45.7,16.1,15.2,14.4
20260606,タイセイアドーレ,,66.1,48.1,16.9,15.6,15.6
20260606,アルニタク,,63.5,46.7,16.1,15.5,15.1
20260606,ジュンヴォルティス,,71.9,52.1,17.9,17.6,16.6
20260606,スマイルカーブ,,65.1,46.7,16.0,16.0,14.7
20260606,ブリサマリーナ,72.8,56.7,40.7,14.7,13.8,12.2
20260606,アラスカフレイバー,,69.3,50.7,18.0,16.8,15.9
20260606,エフエイト,92.2,73.2,53.5,19.0,17.7,16.8
20260606,サトノアインス,,72.6,52.0,18.6,17.0,16.4
20260606,ドゥマーヴェリック,,68.3,49.7,17.6,16.4,15.7
20260606,ソニックブレイカー,94.6,74.6,55.0,18.7,18.2,18.1
20260606,マネーマネー,94.5,74.5,55.0,18.9,17.9,18.2
20260606,ハイランダー,,68.1,48.9,17.4,16.1,15.4
20260606,ラヴィニアパーク,,70.5,50.9,18.9,16.0,16.0
20260606,ヘリオトロープ,89.3,69.4,50.4,18.2,17.0,15.2
20260606,アムールドパリ,74.8,58.2,41.7,15.6,14.2,11.9
20260606,オストラヴァ,109.9,87.9,65.7,22.0,21.9,21.8
20260606,ミクニインスパイア,109.8,87.8,65.6,21.9,22.0,21.7
20260606,テリオスララ,,83.0,59.5,21.7,19.5,18.3
20260606,ヤマメナイト,89.8,70.6,52.3,17.3,17.6,17.4
20260606,ラヴトリガー,89.5,69.3,49.9,17.8,15.9,16.2
20260606,ミサビスケッツ,67.5,51.8,37.5,13.2,12.2,12.1
20260606,ユーベルジーク,,77.2,55.5,19.1,19.0,17.4
20260606,トクシースタローン,91.4,71.7,52.9,18.5,17.6,16.8
20260606,ヴェラグエリエロ,96.3,74.4,54.2,19.1,18.4,16.7
20260606,ファンダム,90.7,71.4,52.4,18.6,17.2,16.6
20260606,タマモトリノ,93.3,72.7,53.6,18.5,17.9,17.2
20260606,ピーターサイト,,54.8,37.4,13.5,12.3,11.6
20260606,フィンガー,89.7,70.7,51.6,18.3,16.8,16.5
20260606,シゲルカミカゼ,,84.6,61.3,20.1,19.8,21.4
20260606,ユーディキウム,,76.3,55.7,20.0,18.5,17.2
20260606,ホウオウフロイト,,68.1,49.4,17.9,16.4,15.1
20260606,シゲルカミカゼ,115.3,93.7,70.4,24.1,23.7,22.6
20260606,ブライトラン,,71.2,51.4,18.6,16.9,15.9
20260606,スチョウプリンセス,,76.2,55.7,18.9,18.8,18.0
20260606,ライヴバーボン,,71.4,51.3,18.2,16.9,16.2
20260606,ヴェットビルズ,,76.5,56.1,19.5,18.5,18.1
20260606,アルゲンテウス,92.3,73.0,54.5,19.3,18.4,16.8
20260606,ゴーントゥファー,76.2,60.4,44.4,15.4,15.1,13.9
20260606,ステラゲイル,,71.1,52.1,17.6,17.6,16.9
20260606,サツキジュエル,,69.3,51.3,17.8,16.8,16.7
20260606,トム,,70.4,51.5,17.6,17.0,16.9
20260606,ドルンレースツェン,,72.3,52.5,19.0,17.3,16.2
20260606,ニシノロッドマン,,69.8,50.0,17.8,16.5,15.7
20260606,ラブリーガール,,72.2,53.0,18.1,17.5,17.4
20260606,スペードギニー,,69.5,50.6,17.8,16.9,15.9
20260606,ラルガメンテ,,79.3,58.4,20.9,19.1,18.4
20260606,ホワイトオパール,,80.0,58.0,20.7,19.1,18.2
20260606,オンザギャラクシー,,62.3,45.2,15.5,15.3,14.4
20260606,トリアングルレディ,,76.6,55.1,19.7,17.9,17.5
20260606,ブラッククラウズ,,78.2,56.3,20.0,18.7,17.6
20260606,ジュンヴィヴァン,,71.2,50.5,17.0,18.3,15.2
20260606,ソウカイウォーリア,,78.2,56.9,20.4,18.7,17.8
20260606,コンティオ,,69.1,50.4,17.5,16.7,16.2
20260606,ジェッディンデデン,,69.2,50.1,17.7,16.8,15.6
20260606,シーズザチャンス,,65.6,46.7,16.1,15.9,14.7
20260606,インサイドエッジ,,69.5,50.3,17.5,16.8,16.0
20260606,シーニックビュー,82.5,65.1,48.5,16.2,16.2,16.1
20260606,テスタ,83.4,65.3,48.5,16.7,16.1,15.7
20260606,フレンデル,83.1,65.5,48.3,16.3,15.9,16.1
20260606,ブルージンジャー,71.3,54.2,39.2,14.0,12.9,12.3
20260606,ウインドラート,,67.8,49.3,17.3,16.6,15.4
20260606,コスモシェルベット,,71.4,50.7,17.9,16.7,16.1
20260606,マツリダシリウス,,64.2,46.3,17.1,15.1,14.1
20260606,ライングラウス,,76.3,54.6,17.8,18.2,18.6
20260606,ギーロカスタル,,116.2,84.5,28.1,28.1,28.3
20260606,ピコアーガイル,,115.9,84.2,28.2,28.0,28.0
20260606,コスモヘリアンサス,,116.5,84.8,28.2,28.3,28.3
20260606,メジャーシンガー,,115.9,84.3,28.1,28.1,28.1
20260606,ピコローズ,,115.9,84.4,28.3,27.8,28.3
20260606,ミッドナイトドア,,114.8,83.3,28.9,27.1,27.3
20260606,ハンデンブレイズ,,116.1,85.0,27.8,28.9,28.3
20260606,インペリアルライン,,66.4,48.3,16.5,15.8,16.0
20260606,トレインザマインド,,66.7,48.8,16.7,16.1,16.0
20260606,ビービーアジャイル,,66.3,48.2,16.6,15.8,15.8
20260606,モンシュマン,,76.1,54.3,19.4,18.1,16.8
20260606,ハイテイラオユエ,,73.9,54.6,19.8,17.7,17.1
20260606,キョウエイボニータ,,69.7,50.5,17.7,16.6,16.2
20260606,レッドバレンティア,,74.6,54.4,18.9,18.2,17.3
20260606,グルドロッティン,,73.7,53.4,18.5,17.8,17.1
20260606,シーギリヤロック,,62.8,45.4,16.3,15.0,14.1
20260606,ビーオンザカバー,,66.5,47.5,17.1,15.9,14.5
20260606,ミクストベリーズ,,63.6,46.6,16.2,15.4,15.0
20260606,ライトアファイア,,63.2,46.0,16.0,15.3,14.7
20260606,タイキブリッツェン,,64.9,46.6,16.5,15.3,14.8
20260606,ポッドエステラ,,63.4,46.3,16.2,15.2,14.9
20260606,スティールブルー,69.4,54.2,39.3,14.7,13.0,11.6
20260606,アミナス,69.3,53.8,39.1,14.6,12.8,11.7
20260606,ニシノギャルズ,,66.5,49.3,17.3,16.2,15.8
20260606,アートオブブライト,,68.6,50.4,17.7,16.6,16.1
20260606,キョウエイグッド,,67.0,47.5,17.6,15.4,14.5
20260606,マジェステラ,,70.6,49.4,17.6,16.4,15.4
20260606,シュートザワークス,,70.4,50.2,17.9,16.3,16.0
20260606,オニャンコポン,,57.8,41.2,15.2,13.5,12.5
20260606,ミアネーロ,111.2,87.4,64.7,22.1,22.0,20.6
20260606,トーアマリシテン,142.5,68.0,48.7,17.5,16.1,15.1
20260606,ファイタージェット,,78.3,56.8,20.6,18.7,17.5
20260606,クイーンズレイン,,77.9,56.6,20.5,18.5,17.6
20260606,モロノカガヤキ,,78.0,56.7,19.8,18.3,18.6
20260606,バスキュール,,77.5,57.2,21.1,18.8,17.3
20260606,イミグラントソング,89.6,71.2,52.6,18.0,17.3,17.3
20260606,ヤマニンヘルシェ,97.2,75.4,55.2,18.9,18.7,17.6
20260606,カノープス,98.4,76.4,55.6,19.4,18.2,18.0
20260606,キョウエイアート,,70.5,51.6,17.4,17.1,17.1
20260606,ローディアマント,,81.2,58.3,21.1,20.0,17.2
20260606,カンフーヒーロー,91.6,72.7,53.9,18.4,18.0,17.5
20260606,アルスマグナ,,87.9,62.0,22.4,20.6,19.0
20260606,ワールドブレイヴ,,72.0,51.2,18.7,16.8,15.7
20260606,タッカーバレット,,77.2,55.2,20.6,17.3,17.3
20260606,クラオルグジェシダ,,76.6,55.0,20.4,18.0,16.6
20260606,レオライジング,96.9,77.2,57.3,20.1,19.1,18.1
20260606,フォーエバーブルー,96.7,77.1,57.1,20.0,19.1,18.0
20260606,エレスレイプニル,97.0,77.0,57.0,20.5,18.2,18.3
20260606,ハイビスカス,96.9,77.0,57.1,20.4,18.7,18.0
20260606,サクラドール,94.9,72.5,52.1,18.6,17.1,16.4
20260606,アヴィアトーレ,95.4,73.5,52.9,19.0,17.5,16.4
20260606,ビップヴィーナス,96.7,75.3,54.4,19.5,17.7,17.2
20260606,ヒロピアーナ,,69.9,51.4,17.6,17.0,16.8
20260606,ガミーヌ,,65.3,47.8,16.7,16.0,15.1
20260606,コスモシグナス,,69.6,50.9,18.2,16.9,15.8
20260606,モミスケ,,67.5,48.3,17.0,16.1,15.2
20260606,シックスペンス,77.5,59.5,41.8,15.8,13.9,12.1
20260606,ナンナンプー,,74.3,53.2,19.5,17.9,15.8
20260606,エンジェルサン,,67.9,48.9,17.3,16.2,15.4
20260606,リーゼントジェイド,,70.4,51.2,16.5,17.2,17.5
20260606,ブラーヴジャン,,68.4,49.7,17.3,16.4,16.0
20260606,アラタ,87.4,69.1,50.6,18.4,16.8,15.4
20260606,レイナデルアイレ,,70.5,51.1,18.0,17.2,15.9
20260606,メイヨシュア,,72.4,51.3,19.2,17.2,14.9
20260606,ゾネブルーム,,64.8,47.6,17.0,15.6,15.0
20260606,ロードトライデント,,69.1,49.8,17.8,16.1,15.9
20260606,ウイングレイテスト,,157.6,115.9,40.7,39.3,35.9
20260606,ヤングアメリカンズ,,69.4,50.3,17.4,17.1,15.8
20260606,イントゥザウインド,,77.3,57.4,19.9,19.5,18.0
20260606,ウインスフェーン,,157.5,113.9,42.6,40.0,31.3
20260606,マイネルオラクル,,77.6,56.5,19.9,18.6,18.0
20260606,エイシンウルクンデ,,81.7,61.0,20.4,21.0,19.6
20260606,シャルクハフト,66.9,52.3,37.4,14.1,11.7,11.6
20260606,タイセイドレフォン,84.6,65.9,47.5,17.5,15.2,14.8
20260606,ミッキーテネシー,90.2,71.8,52.5,19.2,17.1,16.2
20260606,メイショウハンター,73.6,58.2,44.2,15.3,14.9,14.0
20260606,ムーンベリル,84.2,65.4,47.4,17.5,15.1,14.8
20260606,レッドピアレス,,67.4,48.6,18.2,15.7,14.7
20260606,エイユーファイヤー,,78.9,58.8,19.7,19.7,19.4
20260606,ヒーローインチーフ,,78.4,56.3,20.8,18.1,17.4
20260606,サーディンラン,68.6,53.4,38.3,14.4,11.9,12.0
20260606,グランピアン,,81.2,59.9,20.3,19.8,19.8
20260606,ペプチドニンバス,68.3,53.2,38.1,14.2,11.8,12.1
20260606,スマイルガルーダ,,83.3,60.3,22.0,19.7,18.6
20260606,サリエンテ,,70.5,52.2,18.0,17.4,16.8
20260606,ヒルノアラゴン,89.1,70.7,52.2,18.3,16.8,17.1
20260606,トリオノチカラ,88.9,70.5,52.1,18.2,17.0,16.9
20260606,ラストモーメント,89.1,70.7,52.3,18.2,16.9,17.2
20260606,カシノクロサイト,89.2,70.7,52.3,18.3,16.9,17.1
20260606,リアルスター,,75.0,54.4,19.7,16.9,17.8
20260606,バロッカネーラ,,76.7,56.0,20.7,18.2,17.1
20260606,テイエムスティール,,136.9,101.8,32.9,35.1,33.8
20260606,サンドロナイト,132.1,107.0,82.5,26.3,28.8,27.4
20260606,ニホンピロロジャー,,89.8,66.0,23.3,22.4,20.3
20260606,チムニートップス,,76.8,56.0,20.5,18.5,17.0
20260606,ピエナオルカ,87.6,70.4,52.1,18.5,16.6,17.0
20260606,ミエノクラウン,86.4,69.0,50.2,18.3,15.9,16.0
20260606,メイショウジンライ,96.0,77.1,56.7,21.1,18.9,16.7
20260606,メイショウテンジン,90.1,71.3,51.9,19.4,17.0,15.5
20260606,カラクニダケ,86.2,70.1,52.7,18.4,17.2,17.1
20260606,ニシノキヅイタラ,87.2,70.2,52.5,18.4,17.3,16.8
20260606,アニージョ,,68.2,50.1,17.7,16.5,15.9
20260606,ハギノサステナブル,90.8,71.8,52.6,17.6,17.6,17.4
20260606,ニュークレド,,66.8,49.3,17.9,16.0,15.4
20260606,セディバン,,70.3,50.9,18.6,16.9,15.4
20260606,イリフィ,90.7,71.8,52.5,17.7,17.4,17.4
20260606,タイキルッジェーロ,90.8,71.7,52.7,17.8,17.7,17.2
20260606,ニホンピロロジャー,94.1,75.4,55.7,20.1,17.9,17.7
20260606,ガロピーネ,86.8,69.1,50.7,18.4,16.3,16.0
20260606,ミティリーニ,90.9,71.9,52.6,17.7,17.5,17.4
20260606,バレンシア,87.7,69.9,51.6,18.2,17.1,16.3
20260606,ギフテッドスペック,,69.5,50.0,17.9,16.2,15.9
20260606,コズミックフレア,,68.8,49.7,17.8,15.8,16.1
20260606,サマーブリザード,,67.2,47.4,17.2,15.4,14.8
20260606,スマートエスコート,88.6,70.7,52.1,18.2,17.1,16.8
20260606,ルフトブリュッケ,85.6,67.7,49.2,18.3,15.6,15.3
20260606,コムアンエクレール,85.7,67.6,49.0,18.6,15.2,15.2
20260606,ヘキレキ,85.8,67.4,49.3,17.7,15.5,16.1
20260606,ロードフロンティア,,79.8,59.6,21.6,19.9,18.1
20260606,メイショウピュルテ,,71.9,51.7,19.6,16.9,15.2
20260606,サンライズオスカー,89.3,70.6,51.2,19.0,16.0,16.2
20260606,サイモンレガシー,88.8,70.3,51.1,19.0,16.3,15.8
20260606,ララディアーブル,90.9,71.9,52.5,19.0,16.8,16.7
20260606,ショウナンバンライ,91.4,72.6,53.3,19.0,17.3,17.0
20260606,ヴェッタフィオーレ,93.1,73.7,53.3,19.4,17.2,16.7
20260606,ミエルモーサ,91.1,71.9,52.4,18.7,17.0,16.7
20260606,チャンネルトンネル,86.2,69.0,51.0,18.3,16.9,15.8
20260606,モンテパステル,,74.8,54.7,18.8,17.3,18.6
20260606,オーレアミスト,,63.9,46.5,16.8,15.3,14.4
20260606,フィエールシャンテ,92.0,73.3,53.6,20.0,17.3,16.3
20260606,サクライロマウコロ,91.2,72.5,52.6,20.0,17.0,15.6
20260606,アイルドゥレーヴェ,86.6,68.6,49.8,18.3,16.2,15.3
20260606,パウンドフォーワン,,68.1,49.9,17.5,16.3,16.1
20260606,ボードゥロレーヌ,86.8,68.8,50.0,18.4,16.2,15.4
20260606,メリオーレム,,72.1,52.2,18.5,16.9,16.8
20260606,キャプテンシー,,70.4,50.8,19.0,16.3,15.5
20260606,ラクホマレ,,69.3,51.4,17.6,17.7,16.1
20260606,ナリタエスペランサ,,74.5,55.7,18.6,17.8,19.3
20260606,カデナボニータ,71.0,55.7,41.5,14.0,13.9,13.6
20260606,アメリカンコール,,66.7,48.5,16.7,15.9,15.9
20260606,ユージュアーナ,73.5,55.7,39.1,14.7,12.2,12.2
20260606,サトノブリジャール,,65.6,48.2,17.4,15.2,15.6
20260606,セントピュアベース,,83.2,59.4,22.0,19.6,17.8
20260606,オーケーエレガンス,72.6,54.9,38.4,14.6,12.0,11.8
20260606,ランスオブヒーロー,72.2,54.7,38.0,14.4,11.9,11.7
20260606,ジーティースティア,,79.2,57.7,20.8,19.6,17.3
20260606,レヴヴィ,,66.1,46.6,16.9,14.7,15.0
20260606,リネアベルタ,89.2,71.1,52.4,18.1,16.9,17.4
20260606,ラミアスペランツァ,79.5,63.4,46.4,16.5,14.9,15.0
20260606,リチャードバローズ,,110.0,80.1,29.1,26.4,24.6
20260606,ロードヴェリタス,,67.8,48.3,18.5,15.3,14.5
20260606,アスターブジエ,,75.6,55.0,19.5,17.7,17.8
20260606,リチャードバローズ,99.9,77.6,56.6,20.2,18.1,18.3
20260606,バドリナート,,80.5,59.1,20.9,19.1,19.1
20260606,バドリナート,82.5,65.5,48.2,17.1,15.6,15.5
20260606,カセノコンコルド,90.2,72.2,52.8,19.0,16.9,16.9
20260606,キープシャイニング,73.3,57.2,41.7,15.1,13.5,13.1
20260606,ロードフェルム,73.4,57.2,41.7,15.1,13.6,13.0
20260606,センリョウヤクシャ,86.2,68.8,50.9,17.7,16.5,16.7
20260606,ニホンピロマリンバ,,68.6,49.2,16.6,15.9,16.7
20260606,ウルトラハート,,62.8,45.1,16.7,14.4,14.0
20260606,ナムラローズマリー,83.8,67.7,50.2,17.6,16.4,16.2
20260606,ケンフィールド,,72.2,53.4,19.1,16.9,17.4
20260606,ヘスティア,,66.9,49.4,17.6,15.8,16.0
20260606,ラージギャラリー,85.8,67.7,49.1,18.0,15.8,15.3
20260606,マイベスティー,,76.7,55.7,20.3,17.6,17.8
20260606,セレーノ,,72.4,52.6,19.3,16.7,16.6
20260606,パゴスピグイノス,,80.5,59.5,20.1,19.6,19.8
20260606,ミステリーウェイ,88.0,69.7,51.2,18.3,16.6,16.3
20260606,フラワームーン,84.7,66.4,48.2,18.1,15.1,15.0
20260606,フィールライクユー,92.6,71.5,52.1,18.2,17.5,16.4
20260606,バルナバ,,78.5,53.9,18.8,17.6,17.5
20260606,テーオーダヴィンチ,,68.7,50.3,18.4,16.0,15.9
20260606,シャンドラファール,86.4,69.3,51.8,17.4,17.1,17.3
20260606,メイショウズイウン,90.1,72.1,53.1,18.6,17.5,17.0
20260606,ミニトランザット,,64.4,46.7,17.3,15.0,14.4
20260606,ボクサークラブ,,65.0,46.9,17.1,15.3,14.5
20260606,シャドウクライ,,64.4,46.6,17.1,15.1,14.4
20260606,ローレルアイビー,,64.6,46.6,17.0,15.2,14.4
20260606,ラッキーベイ,,66.5,49.1,17.8,16.5,14.8
20260606,マテンロウブラボー,,73.7,53.2,19.4,17.4,16.4
20260606,ヴェントステラーレ,,69.2,49.5,18.3,16.2,15.0
20260606,メンデレーエフ,,79.4,57.7,20.6,18.6,18.5
20260606,シェイクユアハート,,70.2,53.3,17.4,17.6,18.3
20260606,マルカアルバ,86.0,68.0,48.9,17.8,15.8,15.3
20260606,アルバドラータ,87.3,69.3,50.1,18.2,15.8,16.1
20260606,ルーポ,86.4,68.6,50.6,18.2,16.5,15.9
20260606,デュアルロール,,78.2,56.8,20.4,18.4,18.0
20260606,マコトエウロペ,95.0,76.0,57.0,19.5,19.0,18.5
20260606,アウフヘーベン,89.2,71.3,52.7,18.6,17.6,16.5
20260606,マリオロード,,75.9,53.2,20.7,17.2,15.3
20260606,ベラジオボンド,,165.7,112.8,50.2,37.9,24.7
20260606,メイショウカスガイ,84.8,67.3,49.7,17.8,16.2,15.7
20260606,サマーナジュム,85.0,67.4,49.8,17.7,16.1,16.0
20260606,アームズレジェンド,,179.8,126.5,52.0,45.6,28.9
20260606,アセンシオン,83.1,65.9,48.1,17.1,15.7,15.3
20260606,ラヴィングチャンプ,,89.2,65.5,22.8,22.0,20.7
20260606,レッドホット,,71.8,52.0,18.8,16.5,16.7
20260606,アスクコンナモンダ,78.0,62.4,46.2,16.8,14.6,14.8
20260606,シンビリーブ,148.2,120.5,91.0,30.4,30.3,30.3
20260606,ミスティックレナン,91.7,72.5,53.0,19.4,16.5,17.1
20260606,フェゲフォイア,87.6,69.4,50.4,18.2,16.2,16.0
20260606,メイショウタカネ,87.6,69.4,50.3,18.5,15.9,15.9
20260606,メテオロイド,85.1,66.8,48.9,17.6,15.9,15.4
20260606,ジュンヴァンケット,,62.8,45.7,16.5,14.6,14.6
20260606,マーゴットミスト,,65.1,47.8,16.8,15.8,15.2
20260606,クレマチス,,61.8,45.0,16.4,14.3,14.3
20260606,レイデアルマス,,62.5,45.9,16.0,14.8,15.1
20260606,ジェルソミーノ,102.9,81.5,60.4,20.6,19.9,19.9
20260606,ソルオーブ,,76.7,55.4,20.2,18.2,17.0
20260606,マテンロウアワー,125.1,90.8,65.7,25.2,21.3,19.2
20260606,ルクスデイジー,,71.8,50.7,19.0,15.7,16.0
20260606,クイーンズアイ,,66.0,48.6,17.6,16.0,15.0
20260606,ショウナンアデイブ,88.6,70.0,51.4,17.9,16.7,16.8
20260606,セブンマジシャン,88.7,70.1,51.4,17.8,16.8,16.8
20260606,ブリーズオンチーク,88.7,70.2,51.4,17.8,16.7,16.9
20260606,ﾗﾌﾞｲﾝｼﾞｴｱの24,88.6,70.0,51.3,17.8,16.7,16.8
20260606,ファームツエンティ,68.5,54.0,38.6,14.4,12.1,12.1
20260606,セルリアンゲーゲン,,68.1,49.5,18.0,16.3,15.2
20260606,レットミーテイク,85.8,68.8,50.6,18.1,16.0,16.5
20260606,エアフォースワン,,69.8,51.9,17.3,17.0,17.6
20260606,ヤマニンチェルキ,,68.7,50.4,17.3,16.2,16.9
20260606,ベルシュヴァル,,72.9,54.3,18.5,17.9,17.9
20260606,ミスターエメラルド,,72.3,53.3,18.3,17.7,17.3
20260606,アテンド,,73.2,54.4,18.5,17.8,18.1
20260606,シカゴスティング,,66.4,48.1,17.4,15.7,15.0
20260606,エアフォースワン,86.1,68.7,51.4,17.1,17.1,17.2
20260606,ダイヤモンドエルザ,97.6,79.1,58.7,20.8,19.4,18.5
20260606,アルビオン,,65.9,47.2,17.5,15.5,14.2
20260606,フローマジック,176.3,130.4,95.1,33.3,33.0,28.8
20260606,ドットカモン,87.9,70.9,52.1,18.7,16.7,16.7
20260606,ロックターミガン,86.2,68.4,49.4,17.8,15.9,15.7
20260606,リュネヴィル,,67.4,49.5,17.1,16.1,16.3
20260606,ハリウッドブルース,,75.6,53.7,18.9,17.6,17.2
20260606,ルブリアン,86.9,68.9,50.6,17.8,16.7,16.1
20260606,ガルディエンヌ,85.2,67.2,48.3,17.9,15.5,14.9
20260606,ルクスラモン,86.3,68.8,50.1,18.5,16.1,15.5
20260606,ストライクアロー,85.7,68.3,49.7,18.3,15.9,15.5
20260606,ベルサンローラン,,74.3,54.4,19.0,17.6,17.8
20260606,ミヤジマミコ,,54.0,38.7,14.7,12.4,11.6
20260606,リュキア,,69.0,49.7,18.4,16.7,14.6
20260606,テムルーラー,83.6,66.4,48.8,17.1,15.3,16.4
20260606,ティフォシ,83.6,66.4,48.8,17.0,15.5,16.3
20260606,ウィモウェ,,67.5,49.9,17.1,16.6,16.2
20260606,キャットテイル,,66.9,48.4,17.0,15.8,15.6
20260606,スネーフリンガ,,69.4,51.8,17.2,17.1,17.5
20260606,フィオラーノ,,69.1,50.3,18.5,16.4,15.4
20260606,ブラックブレット,80.9,64.9,48.0,17.2,15.2,15.6
20260606,ルーストカール,80.9,65.0,48.0,17.2,15.3,15.5
20260606,テレプシコーラ,,78.8,57.8,20.2,18.8,18.8
20260606,ダノンヴェルサイユ,,79.1,58.1,20.2,18.9,19.0
20260606,ミッキージュエリー,,82.5,59.0,21.1,19.4,18.5
20260606,ペイシャマイデイズ,,68.0,50.2,17.3,16.2,16.7
20260606,ジーゲスツーク,,65.8,47.6,16.8,15.3,15.5
20260606,アシャカブラーヴ,,65.9,48.0,17.4,15.2,15.4
20260606,ゴルトリッチ,,72.1,52.0,19.2,16.8,16.0
20260606,マリブサーフ,,68.9,51.1,18.7,16.3,16.1
20260606,ペイシャマイデイズ,71.2,56.2,40.3,15.3,13.0,12.0
20260606,ロードフォアエース,197.6,163.5,111.0,41.1,34.4,35.5
20260606,クリノオリーブ,,71.3,51.9,18.4,17.0,16.5
20260606,マテンロウブレイブ,97.0,76.6,55.8,21.0,18.6,16.2
20260606,ジューンベロシティ,66.0,52.2,37.9,14.2,11.6,12.1
20260606,ヴィンテール,,73.1,52.4,19.2,16.8,16.4
20260606,タマコイファルコン,,86.8,60.9,21.5,19.7,19.7
20260606,ヤマトチャージ,,73.6,53.1,19.1,17.2,16.8
20260606,ラッキースパークル,,65.4,48.0,16.7,15.7,15.6
20260606,ワッザイカ,,65.5,47.2,17.0,15.1,15.1
20260606,キンダープンシュ,,65.9,48.1,16.3,15.7,16.1
20260606,タマコイファルコン,120.7,71.3,50.3,17.7,16.3,16.3
20260606,ジーティーアメリカ,67.1,52.7,37.9,14.1,11.7,12.1
20260606,サンセバ,65.1,51.3,37.4,13.7,11.8,11.9
20260606,メモリアデルレ,66.3,52.3,37.9,14.0,11.7,12.2
20260606,ノチェブエナ,,69.2,50.4,18.3,16.4,15.7
20260606,アルファローバ,,68.3,49.8,17.5,16.3,16.0
20260606,エトワールブーケ,,66.6,48.0,17.7,15.4,14.9
20260606,シュバルツマサムネ,,64.9,47.2,17.0,15.3,14.9
20260606,カステッロトゥーレ,,64.4,47.5,17.0,15.2,15.3
20260606,ソブリンズオーブ,,66.1,47.6,16.9,15.7,15.0
20260606,オルノア,133.5,107.4,78.8,27.1,26.0,25.7
20260606,ビーグラッド,,73.6,52.5,19.5,17.2,15.8
