{
  "best_params": {
    "gap_12_hi": 3.6787029944349605,
    "gap_12_lo": 2.5446928083497964,
    "gap_top4_lo": 27.040082157660386,
    "pw_min": 0.733723593131959,
    "pw_ratio": 1.582482965802592
  },
  "baseline": {
    "gap_12_hi": 10.0,
    "gap_12_lo": 5.0,
    "gap_top4_lo": 15.0,
    "pw_min": 0.5,
    "pw_ratio": 2.0
  },
  "validation": {
    "year": 2024,
    "roi": 99.71128044653592,
    "hits": 235,
    "n_races": 2637
  },
  "test_oos": {
    "year": 2025,
    "roi": 65.14823897443152,
    "hits": 188,
    "n_races": 2672
  },
  "baseline_val_roi": 80.2183922046285,
  "baseline_test_roi": 60.783427495291896,
  "delta_val": 19.492888241907423,
  "delta_test": 4.364811479139625
}