レースID(新),馬番,前走補9,前走補正,複勝オッズ下限,複勝オッズ上限
202606070503021210,10, 98, 95,1.1,1.4
202606070503021211,11, 75, 75,3.8,6.7
202606070503021213,13, 99, 99,1.7,2.8
202606070503021214,14, 67, 64,1.6,2.6
202606070503021201,1,100,106,2.3,3.8
202606070503021212,12, 95, 95,3.3,5.8
202606070503021216,16, 98, 98,1.4,2.0
202606070503021202,2, 85, 85,35.9,66.7
202606070503021206,6, 96, 96,5.9,10.6
202606070503021204,4, 94, 94,6.1,10.9
202606070503021209,9, 88, 88,71.7,133.4
202606070503021208,8, 99, 99,4.1,7.2
202606070503021207,7, 89, 89,12.8,23.6
202606070503021205,5, 89, 89,58.1,108.1
202606070503021215,15, 91, 91,19.1,35.3
202606070503021203,3, 87, 87,34.6,64.4
202606070503021104,4,112, 94,4.6,7.5
202606070503021111,11,113, 97,3.9,6.3
202606070503021114,14,,,1.3,1.5
202606070503021113,13,119, 93,2.6,4.1
202606070503021116,16,113, 97,2.5,3.9
202606070503021103,3,114, 96,5.6,9.3
202606070503021101,1,118, 92,2.6,4.1
202606070503021115,15,115, 97,6.0,10.0
202606070503021117,17,115, 99,1.5,2.0
202606070503021106,6,115, 99,2.2,3.5
202606070503021110,10,,,13.0,21.8
202606070503021108,8,112, 94,5.2,8.5
202606070503021109,9,111, 93,4.6,7.6
202606070503021112,12,108, 92,20.0,33.9
202606070503021105,5, 98, 78,20.6,34.9
202606070503021102,2,107, 89,51.7,87.8
202606070503021107,7,112, 97,7.2,12.0
202606070503021006,6, 97, 97,1.2,2.3
202606070503021013,13, 95, 95,2.4,7.2
202606070503021007,7, 75, 75,5.6,18.0
202606070503021010,10,100, 99,1.1,1.1
202606070503021016,16, 90, 90,2.3,6.6
202606070503021015,15, 95, 95,3.3,10.3
202606070503021003,3, 89, 99,2.2,6.5
202606070503021014,14, 92, 92,1.9,5.4
202606070503021002,2, 87, 87,7.7,25.6
202606070503021012,12, 90, 90,9.3,31.1
202606070503021004,4, 92, 92,11.9,40.0
202606070503021009,9, 91, 91,18.7,63.7
202606070503021011,11, 94, 94,6.1,20.0
202606070503021005,5, 87, 87,22.9,78.2
202606070503021001,1, 76, 76,24.1,82.0
202606070503021008,8, 90, 90,6.2,20.2
202606070503020906,6,100, 83,1.1,1.1
202606070503020901,1, 98, 98,1.4,5.3
202606070503020905,5, 92,101,3.1,13.5
202606070503020903,3, 97, 97,3.0,13.0
202606070503020902,2, 95, 95,4.5,20.7
202606070503020907,7, 98, 98,1.1,2.8
202606070503020908,8, 92,100,1.3,4.7
202606070503020904,4, 92,100,2.6,11.0
202606070503020816,16, 90, 98,2.1,3.5
202606070503020803,3, 88, 96,2.8,4.7
202606070503020808,8, 94, 99,1.3,1.8
202606070503020812,12, 94, 88,1.2,1.4
202606070503020801,1, 86,102,4.3,7.6
202606070503020814,14, 89, 94,4.5,8.0
202606070503020802,2, 86,102,3.4,5.9
202606070503020807,7, 80, 97,4.9,8.8
202606070503020811,11, 82, 90,8.2,14.9
202606070503020815,15, 87, 95,10.2,18.6
202606070503020806,6, 81, 90,12.5,23.0
202606070503020810,10, 89, 97,3.6,6.3
202606070503020809,9, 85, 90,11.8,21.6
202606070503020804,4, 84, 93,52.6,96.9
202606070503020805,5, 87, 95,16.1,29.7
202606070503020817,17, 88, 97,2.5,4.3
202606070503020813,13, 81, 87,3.8,6.6
202606070503020709,9, 85, 95,1.3,1.7
202606070503020714,14, 86,101,1.5,2.3
202606070503020704,4, 90, 95,1.3,1.7
202606070503020713,13, 77, 82,4.1,6.8
202606070503020716,16, 87, 96,2.2,3.5
202606070503020705,5, 70, 67,7.3,12.4
202606070503020712,12, 86, 95,2.9,4.7
202606070503020703,3, 64, 74,15.5,26.8
202606070503020715,15, 77, 86,11.0,18.9
202606070503020707,7, 90, 95,2.0,3.1
202606070503020706,6, 77, 86,34.6,60.2
202606070503020710,10, 76, 85,65.7,114.5
202606070503020701,1, 83, 88,5.2,8.8
202606070503020711,11, 72, 81,20.6,35.8
202606070503020702,2, 68, 62,5.2,8.7
202606070503020708,8, 87, 92,,
202606070503020610,10, 83, 98,1.8,3.8
202606070503020608,8, 84, 99,1.5,3.3
202606070503020604,4, 90,105,1.1,1.1
202606070503020609,9, 83, 98,1.3,2.3
202606070503020605,5, 78, 93,6.9,17.4
202606070503020603,3, 78, 93,5.1,12.6
202606070503020612,12, 79, 95,2.7,6.3
202606070503020607,7, 78, 93,3.1,7.3
202606070503020601,1, 76, 91,23.7,61.3
202606070503020615,15,,,19.5,50.4
202606070503020614,14, 70, 85,5.2,12.8
202606070503020616,16, 71, 87,9.5,24.1
202606070503020611,11, 76, 91,5.9,14.6
202606070503020602,2, 65, 80,8.9,22.6
202606070503020613,13, 67, 82,14.2,36.5
202606070503020606,6, 59, 74,40.9,106.3
202606070503020502,2,,,1.1,1.1
202606070503020504,4,,,16.5,75.6
202606070503020503,3,,,3.8,15.9
202606070503020509,9,,,5.2,22.9
202606070503020506,6,,,2.4,9.7
202606070503020508,8,,,1.9,7.3
202606070503020501,1,,,2.0,7.4
202606070503020505,5,,,10.3,46.6
202606070503020507,7,,,1.3,4.5
202606070503020510,10,,,1.3,4.4
202606070503020403,3, 79, 97,3.5,6.0
202606070503020417,17, 82, 99,2.1,3.4
202606070503020416,16, 83,100,1.2,1.5
202606070503020407,7, 59, 77,22.4,41.2
202606070503020402,2, 64, 82,44.3,82.0
202606070503020410,10, 80, 97,1.3,1.8
202606070503020415,15, 82, 99,1.9,3.2
202606070503020411,11, 47, 65,41.7,77.2
202606070503020408,8, 80, 94,5.4,9.6
202606070503020405,5, 80, 95,4.0,7.1
202606070503020404,4, 71, 88,59.6,110.4
202606070503020409,9, 38, 54,31.1,57.4
202606070503020414,14, 75, 92,5.7,10.1
202606070503020418,18, 74, 91,8.2,14.8
202606070503020406,6, 59, 77,86.6,160.6
202606070503020413,13,,,19.9,36.7
202606070503020401,1, 68, 87,3.8,6.7
202606070503020412,12,,,1.8,2.9
202606070503020313,13, 67, 83,2.7,10.2
202606070503020307,7, 83, 99,1.1,1.1
202606070503020311,11, 77, 94,1.9,6.9
202606070503020316,16, 80, 97,1.1,3.1
202606070503020314,14,,,1.3,4.0
202606070503020310,10, 65, 84,10.2,43.0
202606070503020308,8,,,20.1,86.3
202606070503020309,9,,,24.3,104.7
202606070503020303,3, 77, 94,8.2,34.4
202606070503020306,6, 72, 90,2.3,8.6
202606070503020312,12, 71, 87,27.1,116.9
202606070503020304,4, 51, 70,24.5,105.8
202606070503020301,1, 76, 94,3.6,14.0
202606070503020315,15, 70, 88,20.8,89.6
202606070503020302,2, 66, 84,35.6,154.0
202606070503020305,5, 37, 55,34.3,148.3
202606070503020208,8, 79, 94,2.8,4.5
202606070503020211,11, 77, 95,1.2,1.7
202606070503020201,1, 81, 99,1.4,2.0
202606070503020214,14, 47, 64,27.9,47.8
202606070503020207,7, 75, 94,2.2,3.5
202606070503020205,5, 68, 85,19.1,32.7
202606070503020209,9, 79, 98,1.3,1.8
202606070503020216,16, 71, 90,2.7,4.3
202606070503020204,4, 61, 80,6.0,10.1
202606070503020203,3, 59, 78,36.4,62.6
202606070503020206,6, 74, 92,4.4,7.2
202606070503020215,15, 74, 93,3.5,5.6
202606070503020212,12, 76, 94,8.0,13.4
202606070503020202,2, 59, 78,26.0,44.6
202606070503020213,13, 46, 64,35.8,61.5
202606070503020210,10,,,17.5,30.0
202606070503020111,11, 76, 91,1.8,2.5
202606070503020104,4, 76, 91,6.6,10.4
202606070503020107,7, 82, 98,1.5,2.2
202606070503020112,12, 80, 95,1.6,2.2
202606070503020102,2, 77, 93,6.5,10.2
202606070503020105,5, 81, 97,1.3,1.6
202606070503020103,3, 81, 97,2.4,3.7
202606070503020114,14, 65, 82,2.5,3.8
202606070503020110,10, 66, 81,34.2,55.4
202606070503020109,9,,,5.4,8.5
202606070503020115,15, 70, 86,19.3,31.1
202606070503020106,6, 67, 83,43.6,70.5
202606070503020108,8, 58, 75,5.3,8.3
202606070503020116,16, 73, 89,12.9,20.6
202606070503020113,13,,,14.6,23.4
202606070503020101,1, 63, 78,35.2,56.9
202606070903021203,3, 96,102,1.1,1.4
202606070903021208,8, 87,104,1.4,2.0
202606070903021202,2, 86,104,2.3,3.9
202606070903021211,11, 90, 96,1.6,2.6
202606070903021210,10, 94, 88,1.6,2.6
202606070903021212,12, 88, 97,2.2,3.7
202606070903021209,9, 83, 92,13.8,25.2
202606070903021201,1, 78, 87,10.2,18.6
202606070903021205,5, 71, 79,15.5,28.3
202606070903021207,7, 78, 87,2.8,4.9
202606070903021204,4, 54, 60,5.8,10.4
202606070903021206,6, 73, 82,26.3,48.1
202606070903021106,6,105,101,1.4,1.7
202606070903021105,5,107, 99,2.5,4.0
202606070903021107,7, 98, 90,6.8,11.3
202606070903021115,15,108,100,1.3,1.6
202606070903021112,12, 91, 83,3.5,5.7
202606070903021108,8,104, 94,3.3,5.3
202606070903021114,14,104, 92,2.7,4.3
202606070903021101,1,105, 97,3.2,5.1
202606070903021110,10,107, 97,5.4,8.9
202606070903021103,3,104,101,2.1,3.3
202606070903021113,13,104, 96,7.1,11.8
202606070903021109,9,102, 94,6.9,11.4
202606070903021104,4,104, 88,6.5,10.8
202606070903021111,11, 95, 87,10.0,16.7
202606070903021116,16,106, 98,12.4,20.7
202606070903021102,2,105, 95,7.7,12.9
202606070903021001,1, 84, 93,1.5,7.5
202606070903021005,5, 99, 99,1.1,1.1
202606070903021003,3, 87, 87,1.8,9.1
202606070903021008,8, 97, 97,1.5,7.1
202606070903021006,6, 95, 95,1.1,3.8
202606070903021004,4, 94, 94,2.9,16.5
202606070903021007,7, 90, 90,18.1,117.0
202606070903021009,9, 87, 87,2.8,16.1
202606070903021002,2,,,10.5,66.9
202606070903020904,4, 96,101,1.5,2.0
202606070903020910,10, 97, 97,1.4,1.8
202606070903020914,14, 92, 92,4.7,7.2
202606070903020906,6, 89, 89,1.6,2.2
202606070903020916,16, 97, 97,2.1,3.1
202606070903020908,8, 95,100,1.7,2.4
202606070903020911,11, 88, 88,9.5,14.8
202606070903020905,5, 88, 88,13.7,21.5
202606070903020907,7, 93, 93,4.7,7.2
202606070903020903,3, 96, 96,6.7,10.3
202606070903020901,1, 92,102,5.6,8.6
202606070903020912,12, 85, 85,32.4,50.9
202606070903020902,2, 75, 72,9.8,15.3
202606070903020913,13, 94, 94,9.5,14.8
202606070903020915,15, 94, 94,13.8,21.6
202606070903020909,9, 81, 81,22.2,34.9
202606070903020814,14, 91,100,1.4,2.0
202606070903020806,6,107, 90,1.3,1.7
202606070903020801,1, 75, 72,2.3,3.6
202606070903020807,7, 91,100,1.6,2.3
202606070903020805,5, 85, 90,7.0,11.2
202606070903020812,12, 84, 89,3.5,5.5
202606070903020816,16, 92, 97,2.1,3.1
202606070903020803,3, 93, 98,3.9,6.1
202606070903020818,18, 78, 87,16.1,26.2
202606070903020817,17, 86, 95,3.3,5.1
202606070903020813,13, 70, 75,10.8,17.6
202606070903020802,2, 80, 88,38.5,63.2
202606070903020810,10, 86, 95,9.7,15.7
202606070903020804,4, 84, 92,25.6,42.1
202606070903020809,9, 75, 84,24.0,39.3
202606070903020815,15, 85, 94,17.2,28.0
202606070903020808,8, 84, 93,12.8,20.9
202606070903020811,11,,,28.8,47.3
202606070903020708,8, 89, 94,1.3,1.8
202606070903020705,5, 85, 91,1.5,2.0
202606070903020716,16, 90, 99,1.5,2.0
202606070903020703,3, 85, 91,5.8,8.9
202606070903020713,13, 88, 97,4.6,7.1
202606070903020704,4, 81, 99,2.4,3.5
202606070903020711,11, 85,103,2.1,3.1
202606070903020701,1, 74, 83,28.9,45.3
202606070903020706,6, 68, 74,6.0,9.3
202606070903020709,9, 82, 88,2.7,4.0
202606070903020707,7, 79, 88,27.2,42.7
202606070903020714,14, 83,101,12.0,18.8
202606070903020702,2, 83,101,7.7,11.9
202606070903020710,10, 85, 91,12.3,19.2
202606070903020715,15, 84,102,10.6,16.6
202606070903020712,12,,,17.4,27.3
202606070903020604,4,,,1.6,2.7
202606070903020611,11, 74, 93,1.5,2.3
202606070903020615,15, 81,100,1.1,1.5
202606070903020602,2, 59, 78,2.3,4.0
202606070903020612,12, 65, 84,7.8,14.5
202606070903020606,6, 74, 93,12.1,22.7
202606070903020605,5, 80, 99,1.2,1.7
202606070903020607,7, 67, 85,21.7,41.0
202606070903020610,10, 69, 88,4.5,8.2
202606070903020603,3, 68, 87,8.5,15.7
202606070903020616,16, 73, 91,5.9,10.9
202606070903020614,14, 76, 95,5.1,9.3
202606070903020601,1, 67, 85,5.0,9.1
202606070903020608,8, 66, 83,64.0,121.4
202606070903020609,9, 26, 45,57.2,108.5
202606070903020613,13, 45, 64,37.5,71.0
202606070903020505,5,,,1.6,2.4
202606070903020510,10,,,1.3,1.9
202606070903020504,4,,,10.5,17.4
202606070903020509,9,,,1.2,1.6
202606070903020511,11,,,5.8,9.5
202606070903020502,2,,,1.3,1.8
202606070903020508,8,,,2.4,3.8
202606070903020507,7,,,22.7,37.8
202606070903020506,6,,,3.0,4.9
202606070903020501,1,,,8.7,14.5
202606070903020503,3,,,3.6,5.8
202606070903020408,8, 76, 92,1.9,3.1
202606070903020412,12, 83, 99,1.3,1.8
202606070903020403,3, 81, 98,1.1,1.4
202606070903020407,7, 76, 92,1.4,2.3
202606070903020410,10, 63, 79,6.0,10.7
202606070903020401,1, 65, 83,1.9,3.2
202606070903020415,15,,,6.9,12.5
202606070903020405,5, 59, 75,14.5,26.7
202606070903020402,2, 74, 91,6.4,11.6
202606070903020409,9, 63, 81,11.7,21.5
202606070903020404,4, 66, 82,15.5,28.5
202606070903020413,13,,,24.8,46.1
202606070903020416,16, 75, 90,3.1,5.4
202606070903020406,6, 80, 85,12.6,23.1
202606070903020411,11, 31, 48,27.4,50.9
202606070903020414,14, 61, 78,25.9,48.0
202606070903020302,2, 81, 99,1.3,1.7
202606070903020305,5, 75, 93,2.2,3.4
202606070903020304,4, 81, 99,1.3,1.9
202606070903020306,6, 81, 99,1.3,1.8
202606070903020303,3, 72, 90,10.0,16.4
202606070903020316,16, 65, 83,4.4,7.1
202606070903020308,8, 61, 79,28.2,47.0
202606070903020307,7, 63, 82,2.0,3.1
202606070903020301,1, 70, 88,13.2,21.8
202606070903020313,13, 67, 85,8.9,14.6
202606070903020315,15, 72, 91,9.9,16.4
202606070903020309,9, 53, 71,25.1,41.9
202606070903020312,12, 76, 94,2.4,3.7
202606070903020311,11,,,26.9,44.8
202606070903020310,10,,,32.0,53.5
202606070903020314,14,,,48.2,80.6
202606070903020210,10, 79, 97,1.6,2.1
202606070903020205,5, 72, 91,2.0,2.8
202606070903020203,3, 71, 90,2.5,3.5
202606070903020215,15, 81, 98,1.7,2.2
202606070903020212,12, 77, 96,2.0,2.7
202606070903020206,6, 69, 86,19.5,28.4
202606070903020209,9, 80, 98,1.7,2.3
202606070903020207,7, 80, 98,4.3,6.1
202606070903020201,1, 69, 84,38.6,56.3
202606070903020208,8, 70, 89,16.7,24.3
202606070903020214,14, 55, 74,68.0,99.3
202606070903020204,4, 63, 82,53.2,77.6
202606070903020211,11,,,3.1,4.2
202606070903020202,2, 64, 82,42.9,62.6
202606070903020213,13, 33, 51,4.0,5.6
202606070903020105,5,,,1.4,2.5
202606070903020113,13,,,5.0,9.9
202606070903020102,2,,,1.1,1.4
202606070903020107,7,,,3.8,7.5
202606070903020112,12,,,29.5,61.2
202606070903020106,6,,,4.6,9.2
202606070903020103,3,,,1.3,2.1
202606070903020109,9,,,6.3,12.7
202606070903020110,10,,,1.1,1.6
202606070903020108,8,,,22.3,46.2
202606070903020114,14, 76, 69,5.1,10.2
202606070903020104,4,,,18.1,37.4
202606070903020111,11,,,14.5,29.9
202606070903020101,1, 76, 86,16.5,34.0
202606060503011210,10,100,105,1.1,1.1
202606060503011216,16, 76, 86,2.4,11.3
202606060503011206,6, 88, 98,1.6,6.9
202606060503011202,2, 84, 90,1.9,8.4
202606060503011205,5, 85, 95,1.7,7.1
202606060503011203,3, 77, 87,5.4,27.7
202606060503011209,9, 84, 90,2.1,9.6
202606060503011208,8, 76, 86,21.9,118.9
202606060503011212,12, 73, 83,24.8,134.8
202606060503011215,15, 73, 82,31.4,171.3
202606060503011213,13, 74, 84,5.9,30.4
202606060503011214,14, 82, 91,4.3,21.4
202606060503011201,1, 69, 78,31.3,171.2
202606060503011211,11, 81, 86,28.4,155.0
202606060503011204,4, 78, 87,5.0,25.4
202606060503011207,7, 61, 70,34.0,186.1
202606060503011109,9,100,100,1.2,1.7
202606060503011112,12,102,102,1.1,1.3
202606060503011108,8,102, 95,3.4,6.5
202606060503011115,15, 72, 66,5.4,10.7
202606060503011105,5, 99, 99,2.2,4.0
202606060503011110,10, 95, 89,5.8,11.5
202606060503011101,1, 99, 93,3.4,6.4
202606060503011114,14, 96, 92,5.8,11.4
202606060503011103,3, 92, 85,16.3,33.0
202606060503011106,6,103, 97,1.8,3.2
202606060503011113,13, 92, 86,9.8,19.7
202606060503011111,11, 96, 90,14.1,28.6
202606060503011116,16, 97, 93,5.0,9.7
202606060503011107,7, 98, 98,5.3,10.5
202606060503011104,4, 96, 93,2.6,4.9
202606060503011102,2, 88, 81,,
202606060503011006,6, 97,102,2.2,3.5
202606060503011004,4, 99, 83,1.2,1.4
202606060503011002,2, 89, 89,28.9,51.0
202606060503011001,1, 93,102,4.3,7.2
202606060503011016,16, 98, 98,3.6,6.1
202606060503011008,8, 86, 86,18.4,32.3
202606060503011009,9, 98, 98,1.9,3.0
202606060503011015,15, 95, 95,2.9,4.8
202606060503011013,13, 81, 81,24.2,42.7
202606060503011010,10, 91,100,2.4,3.8
202606060503011017,17, 95, 95,4.1,6.9
202606060503011011,11, 95,100,1.6,2.3
202606060503011003,3, 84, 84,16.9,29.8
202606060503011007,7, 83, 83,32.6,57.6
202606060503011014,14, 84, 83,6.6,11.4
202606060503011012,12, 94, 94,6.9,11.9
202606060503011005,5, 81, 77,10.5,18.3
202606060503010908,8, 96,102,1.3,2.3
202606060503010910,10, 95, 89,1.1,1.3
202606060503010909,9, 89, 97,2.7,5.1
202606060503010905,5, 91, 99,3.8,7.6
202606060503010912,12, 94, 99,1.1,1.7
202606060503010903,3, 80, 98,3.2,6.4
202606060503010901,1, 88, 96,4.6,9.3
202606060503010911,11, 86, 94,10.6,22.1
202606060503010902,2, 82,101,2.0,3.8
202606060503010907,7, 87, 95,4.2,8.3
202606060503010904,4, 80, 88,8.4,17.3
202606060503010906,6,,,19.6,40.9
202606060503010802,2, 79, 96,11.7,53.7
202606060503010816,16, 93, 99,1.5,5.3
202606060503010804,4, 87, 92,2.5,10.0
202606060503010801,1, 84, 93,4.3,18.6
202606060503010803,3,101,106,1.1,1.1
202606060503010807,7, 87, 92,5.7,25.1
202606060503010814,14, 80, 97,5.6,24.6
202606060503010811,11, 85, 95,4.0,17.0
202606060503010812,12, 86,103,2.5,9.9
202606060503010810,10, 81, 98,4.4,19.0
202606060503010808,8, 88, 93,1.7,6.3
202606060503010806,6, 85, 91,2.9,11.8
202606060503010809,9, 82, 92,40.1,188.2
202606060503010813,13, 75, 84,61.0,287.2
202606060503010805,5, 65, 74,19.2,89.2
202606060503010815,15, 75, 80,8.3,37.6
202606060503010709,9, 81, 99,1.2,1.8
202606060503010706,6, 76, 95,1.1,1.3
202606060503010702,2, 79, 98,2.3,4.4
202606060503010710,10, 80, 99,1.3,2.3
202606060503010708,8, 79, 98,1.5,2.6
202606060503010701,1, 69, 87,13.6,28.4
202606060503010707,7,,,9.7,20.2
202606060503010713,13, 75, 93,4.2,8.4
202606060503010712,12, 69, 87,10.2,21.2
202606060503010704,4, 73, 92,18.2,38.2
202606060503010716,16, 76, 95,7.8,16.1
202606060503010705,5, 67, 85,35.5,75.1
202606060503010711,11, 29, 47,15.8,33.2
202606060503010714,14, 52, 70,46.1,97.5
202606060503010703,3,,  7,39.3,83.2
202606060503010715,15, 74, 91,7.9,16.4
202606060503010604,4, 62, 80,2.4,3.9
202606060503010613,13, 80, 95,3.3,5.6
202606060503010606,6,,,4.0,7.0
202606060503010615,15, 66, 84,5.2,9.3
202606060503010608,8, 81, 98,1.2,1.5
202606060503010611,11, 77, 95,1.4,1.9
202606060503010602,2, 66, 84,8.6,15.4
202606060503010616,16, 63, 82,7.3,13.2
202606060503010610,10, 79, 96,2.9,4.9
202606060503010609,9, 77, 94,2.6,4.5
202606060503010601,1, 67, 84,5.6,9.9
202606060503010612,12, 18, 36,34.9,63.5
202606060503010607,7, 67, 84,8.8,15.8
202606060503010605,5,,,69.7,126.9
202606060503010614,14, 69, 87,10.2,18.5
202606060503010603,3, 71, 90,1.8,3.0
202606060503010502,2,,,1.1,1.1
202606060503010501,1,,,1.2,4.5
202606060503010506,6,,,1.1,4.5
202606060503010504,4,,,2.3,11.5
202606060503010505,5,,,2.3,11.2
202606060503010507,7,,,8.7,49.9
202606060503010509,9,,,1.8,8.5
202606060503010503,3,,,5.3,29.6
202606060503010508,8,,,16.7,98.0
202606060503010402,2,,,1.7,2.3
202606060503010404,4,,,1.4,1.7
202606060503010405,5,,,1.8,2.3
202606060503010406,6,,,2.7,3.7
202606060503010407,7,,,14.7,20.5
202606060503010403,3,,,2.2,3.0
202606060503010401,1,,,18.9,26.4
202606060503010315,15, 83,100,1.1,1.4
202606060503010309,9, 83, 98,1.3,1.9
202606060503010312,12, 78, 95,1.2,1.9
202606060503010301,1, 73, 89,7.2,13.3
202606060503010304,4, 76, 91,10.8,20.0
202606060503010311,11,,,15.3,28.7
202606060503010303,3, 74, 89,2.1,3.6
202606060503010310,10, 74, 90,2.9,5.1
202606060503010314,14, 75, 91,2.9,5.0
202606060503010306,6,,,39.4,74.4
202606060503010305,5, 69, 85,3.7,6.5
202606060503010307,7, 60, 76,15.2,28.4
202606060503010316,16, 76, 91,6.1,11.1
202606060503010308,8, 44, 63,15.4,28.8
202606060503010302,2, 70, 82,56.0,105.8
202606060503010313,13, 32, 47,52.3,98.9
202606060503010215,15, 68, 87,5.7,12.4
202606060503010209,9, 82, 99,1.1,1.5
202606060503010201,1, 80, 98,1.1,1.4
202606060503010205,5, 62, 79,3.6,7.5
202606060503010213,13, 75, 93,1.5,2.7
202606060503010212,12, 67, 84,7.9,17.2
202606060503010207,7, 66, 83,5.8,12.5
202606060503010202,2, 75, 92,2.8,5.6
202606060503010203,3, 80, 96,1.9,3.7
202606060503010211,11, 67, 85,14.8,32.7
202606060503010206,6,,,4.1,8.8
202606060503010214,14, 70, 86,25.9,57.8
202606060503010216,16, 54, 71,31.8,71.3
202606060503010208,8, 71, 90,24.6,55.1
202606060503010204,4, 71, 90,11.6,25.6
202606060503010210,10, 66, 83,5.7,12.2
202606060503010114,14,,,1.3,1.9
202606060503010101,1,,,1.2,1.8
202606060503010112,12,,,2.7,4.4
202606060503010106,6,,,20.4,35.9
202606060503010109,9,,,1.4,2.2
202606060503010110,10,,,1.2,1.6
202606060503010102,2,,,17.4,30.7
202606060503010113,13,,,6.2,10.7
202606060503010107,7, 79, 67,3.3,5.6
202606060503010105,5, 91, 91,16.5,28.9
202606060503010103,3,,,5.1,8.8
202606060503010108,8,,,37.4,66.1
202606060503010111,11,,,69.5,122.9
202606060503010104,4,,,27.9,49.2
202606060903011201,1, 93, 98,1.9,2.7
202606060903011203,3, 85,101,2.5,3.7
202606060903011205,5, 87,103,1.7,2.3
202606060903011202,2, 85, 95,4.5,6.7
202606060903011216,16, 74, 84,7.6,11.6
202606060903011208,8, 87, 96,3.7,5.6
202606060903011211,11, 83, 92,6.8,10.4
202606060903011207,7, 86, 96,6.1,9.3
202606060903011215,15, 89, 98,5.9,8.9
202606060903011210,10, 86, 95,11.0,17.0
202606060903011204,4, 78, 87,18.2,28.2
202606060903011213,13, 87, 86,1.3,1.7
202606060903011209,9, 84, 99,3.7,5.5
202606060903011206,6, 85, 94,29.7,46.2
202606060903011212,12, 85, 94,1.7,2.4
202606060903011214,14,,,33.0,51.2
202606060903011102,2, 72, 65,3.8,6.3
202606060903011101,1,109,101,1.1,1.5
202606060903011106,6,101, 93,1.3,1.9
202606060903011104,4,102, 94,1.3,1.9
202606060903011103,3,103, 95,1.8,2.8
202606060903011108,8,101, 93,2.8,4.5
202606060903011107,7,101, 93,2.3,3.6
202606060903011111,11, 95, 87,8.1,13.8
202606060903011109,9, 82, 75,16.9,29.0
202606060903011105,5, 97, 89,10.1,17.2
202606060903011110,10, 94, 86,6.7,11.3
202606060903011004,4, 97, 97,1.4,2.9
202606060903011009,9, 77, 77,2.0,4.6
202606060903011002,2, 94, 94,4.6,11.7
202606060903011001,1, 99, 99,2.0,4.7
202606060903011006,6, 98,104,1.1,1.1
202606060903011005,5, 98, 98,1.2,2.3
202606060903011007,7, 93, 93,2.6,6.3
202606060903011003,3, 83, 83,14.4,38.4
202606060903011011,11, 93, 93,4.6,11.8
202606060903011008,8, 90, 99,5.5,14.2
202606060903011010,10, 91, 91,14.1,37.6
202606060903011012,12, 86, 86,24.0,64.5
202606060903010903,3, 98, 80,1.1,1.1
202606060903010904,4, 93, 99,1.1,1.8
202606060903010905,5, 92, 97,1.4,4.3
202606060903010909,9, 80, 99,1.5,4.9
202606060903010902,2, 92, 97,1.8,6.1
202606060903010901,1, 83, 92,2.3,8.2
202606060903010906,6, 81, 90,3.6,13.7
202606060903010908,8, 64, 70,20.8,83.8
202606060903010907,7, 78, 86,12.7,50.5
202606060903010805,5, 80, 99,1.7,2.5
202606060903010808,8, 82,101,1.6,2.2
202606060903010807,7, 94, 91,1.2,1.7
202606060903010804,4, 90, 98,5.3,8.3
202606060903010806,6, 91, 96,1.3,1.8
202606060903010803,3, 91, 96,1.3,1.8
202606060903010801,1, 80, 89,23.7,37.6
202606060903010802,2, 80, 99,3.6,5.7
202606060903010809,9, 86, 94,5.4,8.5
202606060903010705,5, 75, 90,2.2,8.4
202606060903010703,3, 59, 75,6.4,27.2
202606060903010714,14, 74, 92,2.3,8.6
202606060903010711,11, 82, 99,1.4,4.1
202606060903010709,9, 80, 97,2.1,7.9
202606060903010702,2, 83, 99,1.1,1.1
202606060903010710,10,,,16.3,72.0
202606060903010704,4, 48, 67,35.1,157.6
202606060903010712,12, 71, 87,37.7,169.0
202606060903010716,16, 78, 93,8.8,38.2
202606060903010701,1, 80, 97,2.8,11.1
202606060903010707,7,,,3.1,12.5
202606060903010715,15, 78, 94,4.5,18.5
202606060903010708,8, 58, 73,37.3,167.5
202606060903010713,13,,,16.7,74.0
202606060903010717,17, 69, 85,7.9,34.1
202606060903010718,18, 62, 80,4.2,17.3
202606060903010706,6, 57, 75,20.5,91.3
202606060903010614,14, 80, 98,1.1,1.7
202606060903010605,5, 74, 92,4.3,10.0
202606060903010609,9, 80, 98,1.1,1.2
202606060903010615,15, 60, 79,7.1,17.3
202606060903010606,6, 80, 97,4.0,9.3
202606060903010603,3, 74, 92,1.5,3.0
202606060903010610,10, 46, 64,7.1,17.1
202606060903010607,7, 72, 90,2.2,4.9
202606060903010601,1, 77, 95,4.4,10.5
202606060903010602,2, 56, 72,61.9,155.5
202606060903010612,12, 78, 96,2.3,5.0
202606060903010608,8, 67, 86,4.0,9.5
202606060903010604,4, 62, 78,37.3,93.4
202606060903010611,11, 67, 85,10.6,26.0
202606060903010613,13,,,66.8,167.8
202606060903010616,16, 50, 67,13.7,33.9
202606060903010505,5,,,1.2,1.7
202606060903010503,3,,,1.1,1.4
202606060903010506,6,,,4.6,6.9
202606060903010504,4,,,4.3,6.5
202606060903010502,2,,,7.1,10.5
202606060903010501,1,,,1.7,2.5
202606060903010403,3, 84,100,1.1,1.4
202606060903010412,12, 84,101,1.5,2.3
202606060903010415,15, 84, 99,1.4,2.0
202606060903010404,4, 83, 98,3.5,6.0
202606060903010409,9,,,1.6,2.5
202606060903010406,6, 81, 97,2.2,3.5
202606060903010405,5, 74, 89,4.2,7.3
202606060903010411,11,,,32.6,58.7
202606060903010402,2, 84, 99,5.5,9.5
202606060903010414,14,,,37.1,66.8
202606060903010407,7,,,20.1,36.1
202606060903010401,1, 69, 84,57.3,103.3
202606060903010410,10, 77, 92,16.5,29.6
202606060903010416,16,,,24.3,43.6
202606060903010413,13, 62, 78,7.3,12.8
202606060903010408,8, 41, 59,31.6,56.9
202606060903010310,10, 68, 86,1.6,2.3
202606060903010302,2, 81, 99,1.4,1.8
202606060903010315,15, 75, 91,4.9,7.3
202606060903010304,4, 64, 82,3.7,5.5
202606060903010305,5,,,41.3,63.9
202606060903010308,8,,,5.3,8.1
202606060903010309,9, 79, 95,1.7,2.5
202606060903010316,16, 80, 98,2.1,3.0
202606060903010314,14, 68, 86,11.5,17.6
202606060903010303,3, 65, 83,6.6,10.1
202606060903010301,1, 75, 91,7.1,10.9
202606060903010313,13,,,8.8,13.4
202606060903010312,12, 80, 96,1.5,2.1
202606060903010306,6, 65, 81,20.5,31.8
202606060903010307,7,,,11.2,17.2
202606060903010311,11, 63, 81,32.5,50.3
202606060903010205,5, 71, 86,1.3,2.1
202606060903010206,6,,,3.3,6.1
202606060903010215,15, 84, 99,1.1,1.5
202606060903010212,12, 84, 99,2.0,3.4
202606060903010210,10, 84, 99,1.1,1.6
202606060903010207,7, 75, 90,5.4,10.3
202606060903010201,1, 81, 96,3.0,5.4
202606060903010214,14, 80, 95,3.4,6.2
202606060903010213,13, 74, 90,11.4,22.2
202606060903010208,8, 68, 84,39.9,78.7
202606060903010209,9, 74, 89,37.1,73.1
202606060903010202,2, 70, 85,10.7,20.7
202606060903010203,3, 69, 84,14.2,27.8
202606060903010204,4, 72, 87,28.4,56.0
202606060903010211,11, 70, 86,9.2,17.8
202606060903010216,16,,,21.9,43.0
202606060903010111,11, 81, 97,1.1,1.1
202606060903010104,4, 65, 81,2.3,6.0
202606060903010102,2, 82, 97,5.0,14.4
202606060903010105,5, 44, 62,12.2,36.1
202606060903010108,8, 64, 82,2.2,5.8
202606060903010101,1, 70, 88,2.5,6.8
202606060903010106,6, 76, 92,2.0,5.0
202606060903010115,15, 65, 83,1.5,3.4
202606060903010110,10, 78, 94,2.3,5.9
202606060903010103,3,,,7.7,22.5
202606060903010113,13, 70, 86,14.1,42.0
202606060903010116,16,,,29.6,89.3
202606060903010114,14, 53, 71,10.6,31.5
202606060903010107,7, 56, 70,24.0,72.1
202606060903010109,9, 42, 58,41.6,125.6
202606060903010112,12, 74, 89,6.1,17.5
202605310502121204,4,121,104,1.5,2.1
202605310502121206,6,116,102,1.3,1.7
202605310502121211,11,117, 95,1.3,1.9
202605310502121208,8,107, 99,2.6,4.0
202605310502121214,14,110,102,3.7,5.8
202605310502121207,7,107, 99,5.4,8.8
202605310502121212,12,113, 91,7.3,11.9
202605310502121210,10,112, 98,5.6,9.0
202605310502121201,1,112, 98,3.0,4.7
202605310502121209,9,108,100,2.4,3.8
202605310502121203,3,107, 93,13.7,22.5
202605310502121213,13,112, 86,9.5,15.5
202605310502121202,2,100, 83,25.6,42.0
202605310502121205,5,111,103,4.2,6.7
202605310502121117,17,115, 93,1.2,1.5
202605310502121113,13,102, 80,2.2,3.3
202605310502121105,5,105, 83,6.3,9.9
202605310502121114,14,108, 87,2.0,3.0
202605310502121102,2,105, 83,7.0,11.0
202605310502121104,4, 92, 70,33.6,54.4
202605310502121111,11,113, 91,1.9,2.8
202605310502121101,1,112, 90,2.7,4.0
202605310502121106,6,107, 89,3.5,5.3
202605310502121112,12,112, 90,4.1,6.4
202605310502121109,9,103, 87,3.6,5.5
202605310502121115,15,110, 88,3.4,5.2
202605310502121107,7, 94, 91,11.1,17.8
202605310502121118,18,100, 82,23.8,38.4
202605310502121103,3, 89, 68,53.4,86.4
202605310502121116,16,110, 88,5.8,9.2
202605310502121108,8, 90, 84,43.8,70.8
202605310502121110,10, 95, 88,14.9,24.0
202605310502121012,12,101, 93,1.4,2.0
202605310502121010,10, 99, 99,1.2,1.4
202605310502121009,9,102, 94,2.8,4.6
202605310502121014,14, 98, 98,3.4,5.8
202605310502121002,2,104, 96,5.2,8.9
202605310502121013,13, 99, 99,1.9,3.0
202605310502121015,15, 98, 98,6.1,10.5
202605310502121017,17,100, 92,16.1,28.5
202605310502121016,16,103, 95,3.0,5.1
202605310502121006,6, 99, 91,6.7,11.7
202605310502121011,11,100, 92,31.9,56.6
202605310502121004,4, 90, 82,6.5,11.2
202605310502121008,8,104, 96,2.6,4.4
202605310502121003,3,100, 92,15.0,26.5
202605310502121018,18,103, 95,2.7,4.5
202605310502121001,1, 84, 76,18.1,32.1
202605310502121007,7, 94, 87,42.2,74.8
202605310502121005,5,103, 95,,
202605310502120914,14,107,101,1.2,1.6
202605310502120909,9,102,102,2.3,3.7
202605310502120911,11,102, 95,1.4,2.1
202605310502120904,4, 94, 90,6.3,10.5
202605310502120901,1, 65, 58,8.8,14.7
202605310502120905,5, 91, 84,20.1,34.1
202605310502120902,2, 94, 87,22.2,37.6
202605310502120906,6, 91, 85,8.1,13.5
202605310502120903,3, 94, 88,8.6,14.4
202605310502120915,15, 98, 91,8.1,13.6
202605310502120912,12, 96, 88,20.3,34.4
202605310502120913,13,107,100,1.3,1.8
202605310502120910,10,101, 93,10.0,16.8
202605310502120908,8,102, 95,1.7,2.5
202605310502120907,7, 99, 99,3.2,5.1
202605310502120813,13, 94,102,1.8,3.3
202605310502120807,7, 99, 99,4.9,10.2
202605310502120804,4, 99, 99,1.2,1.8
202605310502120811,11, 99, 99,1.1,1.2
202605310502120801,1, 97, 97,3.2,6.5
202605310502120809,9, 82, 82,23.6,51.2
202605310502120806,6, 99, 99,1.3,2.4
202605310502120814,14, 97, 97,8.7,18.7
202605310502120812,12, 93, 93,5.7,12.0
202605310502120810,10, 87, 87,9.4,20.3
202605310502120802,2, 93, 93,3.0,5.9
202605310502120805,5, 94, 94,6.8,14.5
202605310502120803,3, 94, 94,32.9,71.5
202605310502120808,8, 91,100,7.7,16.4
202605310502120702,2, 88, 97,2.8,4.8
202605310502120708,8, 66, 75,10.5,19.5
202605310502120704,4, 86, 96,2.5,4.2
202605310502120707,7, 70, 79,22.1,41.6
202605310502120713,13, 87, 97,1.5,2.4
202605310502120705,5, 88, 97,1.1,1.4
202605310502120703,3, 75, 84,23.6,44.4
202605310502120701,1, 86, 95,4.7,8.4
202605310502120709,9, 61, 70,3.4,6.0
202605310502120711,11, 90,100,1.3,1.9
202605310502120716,16, 88, 97,3.9,7.1
202605310502120715,15, 87,102,2.3,3.9
202605310502120714,14, 74, 83,23.2,43.5
202605310502120712,12, 81, 90,39.1,73.5
202605310502120710,10, 77, 87,17.9,33.6
202605310502120706,6,,,12.1,22.6
202605310502120606,6, 89, 98,1.2,1.6
202605310502120604,4, 90, 99,1.4,2.1
202605310502120610,10, 90, 99,1.3,1.8
202605310502120608,8, 88, 96,1.4,2.0
202605310502120601,1, 77, 86,17.0,28.7
202605310502120607,7, 83, 92,2.7,4.3
202605310502120605,5, 82, 90,3.2,5.1
202605310502120603,3, 87, 96,2.4,3.8
202605310502120609,9, 66, 76,9.1,15.2
202605310502120611,11, 71, 80,19.0,32.0
202605310502120602,2, 77, 86,19.4,32.7
202605310502120504,4, 89, 94,1.2,1.5
202605310502120511,11, 87, 92,3.2,5.7
202605310502120512,12, 79, 84,6.1,11.3
202605310502120503,3, 86, 91,6.8,12.6
202605310502120507,7, 95,110,1.6,2.6
202605310502120501,1, 91, 96,1.7,2.8
202605310502120513,13, 71, 76,1.8,3.1
202605310502120506,6, 94, 99,1.2,1.6
202605310502120502,2, 88,103,6.3,11.6
202605310502120505,5, 90,105,4.5,8.2
202605310502120509,9, 75, 80,12.2,23.0
202605310502120510,10, 75, 80,37.0,69.9
202605310502120508,8, 72, 87,16.1,30.3
202605310502120412,12, 81, 99,1.3,1.8
202605310502120410,10, 80, 98,1.4,2.1
202605310502120405,5, 83,100,1.2,1.7
202605310502120407,7, 82, 99,1.4,2.1
202605310502120414,14, 78, 96,3.3,5.3
202605310502120408,8, 73, 88,35.2,61.0
202605310502120402,2, 73, 91,10.3,17.6
202605310502120417,17, 70, 89,8.3,14.2
202605310502120416,16, 71, 90,12.5,21.4
202605310502120404,4, 53, 72,3.8,6.2
202605310502120418,18, 71, 87,18.8,32.3
202605310502120415,15, 58, 77,21.2,36.6
202605310502120411,11, 76, 95,5.7,9.5
202605310502120413,13, 65, 81,18.6,32.1
202605310502120406,6, 73, 88,39.3,68.1
202605310502120401,1,,,8.1,13.7
202605310502120409,9, 53, 68,31.1,53.8
202605310502120403,3, 33, 50,61.7,106.9
202605310502120306,6, 78, 96,1.2,1.5
202605310502120315,15, 71, 88,3.2,5.3
202605310502120312,12, 65, 81,23.6,40.9
202605310502120314,14, 53, 71,1.5,2.3
202605310502120305,5, 74, 89,2.6,4.1
202605310502120304,4, 81, 98,1.4,2.1
202605310502120301,1, 79, 97,1.4,2.0
202605310502120303,3, 65, 83,19.8,34.3
202605310502120302,2, 76, 91,10.1,17.4
202605310502120310,10, 68, 85,18.2,31.5
202605310502120308,8, 49, 67,42.6,74.0
202605310502120313,13, 70, 87,3.2,5.2
202605310502120311,11, 46, 63,60.7,105.4
202605310502120307,7, 61, 79,18.1,31.3
202605310502120316,16, 66, 85,21.0,36.4
202605310502120309,9,,,12.0,20.7
202605310502120206,6, 79, 96,1.2,1.9
202605310502120204,4, 79, 96,1.6,2.8
202605310502120209,9, 56, 71,13.2,26.1
202605310502120202,2, 76, 91,3.9,7.2
202605310502120213,13, 82, 97,1.3,2.2
202605310502120205,5, 83, 99,1.1,1.3
202605310502120203,3,,,12.9,25.3
202605310502120201,1, 75, 90,7.0,13.5
202605310502120207,7, 80, 95,3.1,5.8
202605310502120211,11, 45, 63,3.8,7.2
202605310502120210,10, 73, 88,7.4,14.4
202605310502120215,15, 63, 78,12.1,23.8
202605310502120216,16, 38, 55,24.9,49.5
202605310502120214,14, 71, 83,56.0,111.4
202605310502120208,8, 72, 89,9.3,18.1
202605310502120212,12, 38, 56,24.1,47.9
202605310502120109,9, 81, 98,1.1,2.0
202605310502120105,5, 78, 95,1.1,1.1
202605310502120106,6, 43, 61,20.9,72.8
202605310502120103,3, 70, 87,5.0,16.6
202605310502120111,11, 54, 59,41.4,145.3
202605310502120114,14, 77, 94,2.0,5.7
202605310502120104,4, 70, 87,4.6,14.9
202605310502120112,12, 54, 72,14.2,49.1
202605310502120116,16, 74, 91,2.9,8.9
202605310502120101,1, 55, 72,51.0,179.1
202605310502120108,8, 27, 45,52.3,183.8
202605310502120107,7, 70, 87,7.3,24.6
202605310502120102,2, 72, 90,1.3,3.3
202605310502120115,15, 78, 95,2.6,8.1
202605310502120113,13, 72, 88,9.1,30.9
202605310502120110,10,,,31.1,108.9
202605310803121208,8,102, 94,1.6,2.0
202605310803121206,6,100, 92,4.3,6.1
202605310803121207,7,101, 95,3.5,4.9
202605310803121214,14,100, 94,3.3,4.7
202605310803121217,17, 97, 91,5.2,7.4
202605310803121212,12, 98, 98,1.6,2.1
202605310803121211,11, 99, 91,5.9,8.5
202605310803121203,3,101, 96,2.6,3.5
202605310803121213,13, 95, 89,10.3,15.0
202605310803121209,9, 99, 99,1.9,2.6
202605310803121201,1,100, 95,11.2,16.3
202605310803121216,16, 66, 60,8.6,12.4
202605310803121218,18,101, 95,8.9,13.0
202605310803121205,5, 84, 78,9.5,13.8
202605310803121215,15, 98, 98,3.0,4.2
202605310803121204,4, 64, 58,18.4,26.7
202605310803121202,2, 97, 97,6.0,8.6
202605310803121210,10, 78, 73,21.6,31.3
202605310803121101,1, 85,103,1.6,2.3
202605310803121107,7, 86,104,2.6,3.9
202605310803121104,4, 95,100,1.3,1.8
202605310803121109,9, 85, 82,2.5,3.8
202605310803121106,6, 84,102,3.5,5.4
202605310803121102,2, 96, 90,1.2,1.7
202605310803121108,8, 85, 82,1.2,1.7
202605310803121105,5, 85, 91,4.5,6.9
202605310803121103,3, 69, 74,21.6,33.4
202605310803121017,17,105, 95,3.6,5.0
202605310803121005,5,107, 95,1.9,2.4
202605310803121007,7,102, 90,5.9,8.2
202605310803121012,12,106, 90,2.1,2.7
202605310803121003,3, 99, 91,3.7,5.1
202605310803121015,15,101, 85,10.6,14.9
202605310803121013,13,104, 96,3.0,4.1
202605310803121001,1,106, 90,1.6,1.9
202605310803121014,14,104, 94,4.1,5.6
202605310803121004,4, 47, 39,13.4,19.0
202605310803121011,11, 96, 80,4.3,6.0
202605310803121008,8,101, 91,4.7,6.5
202605310803121016,16,101, 93,2.6,3.5
202605310803121010,10,100, 90,12.8,18.0
202605310803121006,6,100, 92,6.5,9.2
202605310803121009,9,104, 94,12.4,17.5
202605310803121002,2,106, 94,7.2,10.1
202605310803120910,10,101,101,1.1,1.3
202605310803120911,11, 96, 96,1.3,1.9
202605310803120906,6, 99, 99,1.6,2.7
202605310803120903,3, 84, 84,3.4,6.2
202605310803120908,8, 95, 95,1.4,2.3
202605310803120907,7, 92, 92,2.6,4.7
202605310803120905,5, 98, 98,2.7,4.8
202605310803120909,9, 92, 92,5.5,10.3
202605310803120904,4, 87, 87,4.5,8.3
202605310803120902,2, 81, 81,14.2,26.8
202605310803120901,1, 80, 80,,
202605310803120801,1, 91, 99,1.6,2.7
202605310803120804,4, 92,100,1.4,2.3
202605310803120807,7, 96, 96,1.8,3.1
202605310803120808,8, 97, 97,1.1,1.3
202605310803120802,2, 99, 99,1.1,1.6
202605310803120806,6, 95, 95,5.8,10.9
202605310803120805,5, 95, 95,3.8,7.2
202605310803120803,3, 99, 99,2.6,4.9
202605310803120701,1, 91, 99,1.2,1.4
202605310803120710,10, 88, 96,2.0,3.0
202605310803120703,3, 90, 98,1.5,2.2
202605310803120707,7, 87, 95,2.3,3.6
202605310803120708,8, 85, 93,3.5,5.6
202605310803120709,9, 86, 94,3.2,5.1
202605310803120702,2, 88, 96,1.9,2.9
202605310803120706,6, 83, 91,1.5,2.3
202605310803120705,5, 82, 90,9.2,14.8
202605310803120704,4, 78, 86,12.0,19.3
202605310803120608,8, 92,108,1.1,1.1
202605310803120603,3, 91, 87,2.0,4.6
202605310803120609,9, 92,108,1.4,2.7
202605310803120602,2, 67, 73,14.8,39.5
202605310803120607,7, 84, 89,1.7,3.8
202605310803120612,12, 87, 92,2.3,5.4
202605310803120605,5,,,17.4,46.7
202605310803120613,13, 84, 89,2.5,6.1
202605310803120611,11, 85, 90,2.7,6.7
202605310803120604,4,,,22.5,60.7
202605310803120601,1,,,30.1,81.3
202605310803120610,10, 87,102,6.3,16.5
202605310803120614,14, 63, 69,9.5,25.0
202605310803120606,6, 87, 92,4.2,10.6
202605310803120501,1, 81, 98,1.6,2.3
202605310803120505,5, 73, 91,2.8,4.5
202605310803120518,18, 76, 92,6.7,11.3
202605310803120506,6,,,2.0,3.2
202605310803120504,4, 81, 98,5.8,9.7
202605310803120513,13,,,2.2,3.5
202605310803120503,3, 83,100,1.2,1.4
202605310803120517,17, 81, 98,2.2,3.5
202605310803120514,14, 76, 95,4.3,7.2
202605310803120510,10, 80, 97,2.8,4.5
202605310803120511,11, 28, 46,16.7,28.9
202605310803120502,2, 66, 81,26.4,45.8
202605310803120516,16, 50, 68,40.0,69.3
202605310803120512,12, 72, 89,23.7,41.0
202605310803120515,15, 27, 45,69.0,119.8
202605310803120507,7,,,10.1,17.4
202605310803120508,8,,,14.1,24.2
202605310803120509,9,,,10.5,17.9
202605310803120403,3,,,1.2,1.8
202605310803120405,5,,,2.0,3.3
202605310803120402,2,,,1.1,1.6
202605310803120409,9,,,1.9,3.1
202605310803120406,6,,,3.0,5.0
202605310803120407,7,,,4.4,7.6
202605310803120401,1,,,1.1,1.5
202605310803120408,8,,,14.7,25.5
202605310803120404,4,,,3.9,6.7
202605310803120410,10,,,,
202605310803120312,12, 73, 91,5.9,9.5
202605310803120305,5, 78, 96,1.8,2.6
202605310803120306,6, 53, 70,10.9,17.7
202605310803120313,13, 73, 91,5.2,8.2
202605310803120310,10, 75, 93,1.5,2.1
202605310803120304,4, 62, 80,16.9,27.7
202605310803120303,3, 77, 95,2.7,4.2
202605310803120311,11, 78, 96,1.3,1.6
202605310803120301,1, 79, 97,3.0,4.7
202605310803120309,9,,,34.0,56.1
202605310803120307,7, 50, 68,8.1,13.0
202605310803120302,2, 80, 98,1.9,2.8
202605310803120315,15, 72, 91,5.6,9.0
202605310803120308,8, 65, 83,2.6,4.0
202605310803120316,16, 46, 64,74.8,123.4
202605310803120314,14, 68, 84,39.2,64.7
202605310803120216,16, 88,103,1.1,1.4
202605310803120215,15, 88,103,1.1,1.4
202605310803120214,14, 82, 97,1.7,3.3
202605310803120203,3, 80, 96,1.7,3.3
202605310803120204,4, 73, 89,9.8,21.8
202605310803120210,10, 76, 92,9.9,21.9
202605310803120213,13, 68, 84,8.6,19.0
202605310803120206,6, 72, 87,8.2,18.1
202605310803120205,5, 80, 95,2.8,5.9
202605310803120207,7, 65, 82,49.0,110.8
202605310803120212,12, 78, 93,11.3,25.2
202605310803120211,11,,,3.6,7.5
202605310803120202,2, 56, 73,2.3,4.6
202605310803120208,8,,,23.0,51.9
202605310803120201,1, 59, 77,6.2,13.5
202605310803120209,9, 67, 82,35.3,79.8
202605310803120102,2, 80, 98,1.3,1.7
202605310803120108,8, 72, 90,1.9,2.7
202605310803120105,5, 72, 88,3.4,5.1
202605310803120106,6, 76, 94,1.8,2.6
202605310803120112,12,,,10.9,17.1
202605310803120116,16, 77, 95,1.5,2.1
202605310803120107,7, 77, 95,1.6,2.3
202605310803120109,9, 64, 82,18.7,29.5
202605310803120114,14, 74, 92,4.9,7.5
202605310803120115,15,,,20.8,32.9
202605310803120113,13, 46, 64,34.5,54.8
202605310803120104,4,,,7.5,11.6
202605310803120111,11, 61, 79,37.1,58.9
202605310803120101,1, 76, 94,3.4,5.1
202605310803120103,3, 69, 87,20.3,32.1
202605310803120110,10, 72, 88,48.7,77.3
202605300502111213,13, 99, 99,1.1,1.1
202605300502111212,12, 98, 98,1.7,3.8
202605300502111214,14, 85, 85,2.0,4.8
202605300502111204,4, 92, 92,2.8,7.0
202605300502111207,7, 91, 91,19.3,52.7
202605300502111209,9, 85, 94,9.7,26.1
202605300502111208,8, 72, 72,1.9,4.4
202605300502111215,15, 84, 84,16.0,43.5
202605300502111201,1, 89, 89,6.3,16.6
202605300502111210,10, 78, 78,6.9,18.4
202605300502111203,3, 76, 76,3.6,9.2
202605300502111202,2, 83, 83,6.0,15.8
202605300502111216,16, 87, 87,23.7,64.7
202605300502111205,5, 95,104,2.4,5.9
202605300502111206,6, 73, 73,4.0,10.1
202605300502111211,11, 83, 83,12.3,33.3
202605300502111116,16,111,100,1.1,1.2
202605300502111104,4,100, 88,5.4,10.0
202605300502111111,11, 99, 91,3.2,5.8
202605300502111109,9,107,100,4.4,8.1
202605300502111108,8,108, 97,2.5,4.4
202605300502111114,14,110,100,2.6,4.6
202605300502111112,12,106, 90,1.6,2.5
202605300502111107,7,109, 96,12.1,22.8
202605300502111101,1, 96, 86,20.5,39.0
202605300502111113,13,108, 96,2.5,4.4
202605300502111103,3,104, 88,16.6,31.6
202605300502111110,10,100, 92,32.4,61.7
202605300502111105,5,107,100,7.4,13.8
202605300502111102,2,106, 95,4.6,8.4
202605300502111106,6,108, 96,1.8,3.1
202605300502111115,15,106, 94,8.4,15.8
202605300502111010,10,,,1.2,4.3
202605300502111011,11, 94, 94,1.6,6.5
202605300502111002,2, 98, 98,1.3,5.0
202605300502111001,1,103,103,1.1,1.1
202605300502111007,7, 59, 59,2.1,9.0
202605300502111006,6, 91, 91,3.4,15.9
202605300502111008,8, 92, 92,3.7,17.4
202605300502111004,4, 81, 81,6.8,34.4
202605300502111009,9, 94, 94,7.7,39.2
202605300502111005,5, 92, 92,10.3,52.6
202605300502111003,3, 80, 80,50.4,264.9
202605300502110906,6, 95, 95,6.9,9.6
202605300502110910,10, 97, 97,1.8,2.4
202605300502110911,11, 95, 95,4.2,5.8
202605300502110903,3, 94, 94,1.6,2.1
202605300502110914,14, 99, 99,2.0,2.6
202605300502110916,16, 93, 93,2.1,2.8
202605300502110904,4, 95, 95,7.3,10.1
202605300502110912,12, 83, 83,11.5,16.2
202605300502110907,7, 94,104,2.1,2.8
202605300502110901,1, 89, 89,17.4,24.5
202605300502110909,9, 91,100,1.8,2.4
202605300502110915,15, 92, 92,27.0,38.1
202605300502110913,13, 86, 86,33.2,46.7
202605300502110902,2, 86, 86,16.1,22.6
202605300502110908,8, 88, 98,8.9,12.5
202605300502110905,5, 90, 90,6.5,9.0
202605300502110805,5, 84, 93,1.7,2.4
202605300502110810,10, 84, 94,1.5,2.0
202605300502110814,14, 85, 95,1.4,1.8
202605300502110801,1, 86, 96,1.7,2.4
202605300502110809,9, 68, 78,3.0,4.5
202605300502110812,12, 72, 82,7.3,11.5
202605300502110806,6,,,2.0,2.9
202605300502110813,13, 78, 88,6.4,10.0
202605300502110807,7, 82, 92,4.3,6.7
202605300502110816,16, 70, 79,16.5,26.3
202605300502110815,15, 74, 83,25.4,40.7
202605300502110804,4, 75, 84,8.4,13.3
202605300502110811,11, 77, 86,14.4,23.0
202605300502110803,3, 48, 57,19.9,31.9
202605300502110802,2, 75, 84,32.9,52.7
202605300502110808,8, 48, 58,80.8,129.7
202605300502110704,4, 88, 93,2.1,3.1
202605300502110702,2, 94, 99,1.4,1.8
202605300502110711,11, 79, 84,1.5,1.9
202605300502110709,9, 86,102,2.1,3.2
202605300502110710,10, 90, 95,2.3,3.5
202605300502110706,6, 81, 86,11.5,18.5
202605300502110708,8, 92, 97,2.3,3.4
202605300502110713,13, 91, 89,2.4,3.7
202605300502110701,1, 80, 96,16.6,26.7
202605300502110712,12, 85,102,6.9,11.0
202605300502110703,3, 79, 94,84.6,136.6
202605300502110705,5, 84, 89,53.0,85.5
202605300502110707,7, 94, 99,2.2,3.3
202605300502110604,4, 86, 65,1.9,3.5
202605300502110601,1, 96,102,1.1,1.6
202605300502110607,7, 82,100,4.2,8.7
202605300502110610,10, 84, 90,1.4,2.5
202605300502110605,5, 90,106,1.1,1.3
202605300502110611,11, 81, 86,11.0,23.2
202605300502110612,12, 86, 91,4.2,8.7
202605300502110609,9, 81, 99,5.9,12.3
202605300502110602,2, 84,101,4.3,8.9
202605300502110606,6, 91, 97,3.0,5.9
202605300502110608,8, 80, 85,27.6,58.9
202605300502110603,3, 78, 84,2.8,5.5
202605300502110516,16, 79, 98,1.4,2.4
202605300502110504,4, 76, 95,1.1,1.6
202605300502110502,2, 80, 99,1.1,1.4
202605300502110515,15,,,3.1,5.9
202605300502110511,11,,,2.4,4.5
202605300502110505,5, 59, 78,8.4,16.7
202605300502110513,13, 73, 91,4.8,9.4
202605300502110509,9, 71, 90,3.9,7.5
202605300502110514,14,,,5.3,10.3
202605300502110510,10, 64, 83,23.0,46.8
202605300502110503,3, 76, 95,2.3,4.2
202605300502110507,7,,,26.0,52.8
202605300502110508,8,,,6.4,12.5
202605300502110512,12,,,22.0,44.6
202605300502110501,1, 68, 85,26.9,54.7
202605300502110506,6,,,31.8,64.7
202605300502110413,13,,,1.1,1.4
202605300502110409,9,,,1.8,3.1
202605300502110404,4,,,1.6,2.7
202605300502110405,5,,,3.1,5.6
202605300502110410,10, 78, 68,2.1,3.7
202605300502110411,11,,,8.7,16.5
202605300502110402,2,,,21.1,40.4
202605300502110406,6,,,6.3,11.8
202605300502110412,12,,,4.1,7.6
202605300502110401,1, 81, 75,14.3,27.3
202605300502110403,3,,,7.3,13.7
202605300502110407,7,,,1.2,1.8
202605300502110408,8,,,3.8,7.0
202605300502110304,4, 85,101,1.1,1.1
202605300502110318,18, 77, 93,1.2,2.3
202605300502110312,12, 69, 87,18.2,52.3
202605300502110317,17, 77, 93,3.1,8.0
202605300502110308,8, 69, 84,8.2,23.1
202605300502110307,7, 80, 97,1.6,3.7
202605300502110310,10, 75, 92,3.8,10.1
202605300502110315,15, 77, 92,2.7,6.9
202605300502110302,2, 70, 86,52.4,152.0
202605300502110313,13, 70, 88,8.9,25.0
202605300502110314,14,,,24.5,70.5
202605300502110305,5, 76, 93,20.3,58.3
202605300502110303,3, 76, 91,23.9,68.9
202605300502110301,1, 69, 86,45.0,130.3
202605300502110311,11, 78, 95,1.6,3.7
202605300502110316,16, 73, 91,4.7,12.8
202605300502110309,9,,,37.1,107.3
202605300502110306,6, 70, 85,36.5,105.6
202605300502110202,2, 79, 98,1.1,1.5
202605300502110214,14, 67, 86,13.4,32.6
202605300502110206,6, 80, 99,1.5,3.1
202605300502110201,1, 76, 95,2.0,4.1
202605300502110211,11, 75, 94,2.1,4.4
202605300502110204,4, 77, 96,1.1,1.3
202605300502110212,12, 70, 89,2.4,5.4
202605300502110213,13, 70, 89,8.0,19.2
202605300502110209,9, 64, 83,23.9,58.8
202605300502110207,7, 72, 90,4.2,9.7
202605300502110205,5, 71, 90,30.3,74.5
202605300502110215,15, 67, 86,23.4,57.3
202605300502110203,3, 55, 74,35.9,88.5
202605300502110210,10, 56, 75,58.9,145.3
202605300502110216,16, 72, 91,6.4,15.2
202605300502110208,8, 72, 91,7.0,16.7
202605300502110109,9, 85,101,1.8,3.0
202605300502110114,14, 81, 97,1.1,1.5
202605300502110116,16, 71, 86,13.6,25.5
202605300502110104,4, 80, 96,1.3,2.0
202605300502110106,6, 79, 95,1.2,1.7
202605300502110101,1, 74, 89,15.9,29.9
202605300502110103,3, 45, 63,2.8,5.0
202605300502110108,8, 74, 90,14.7,27.6
202605300502110107,7, 78, 93,26.7,50.6
202605300502110105,5, 71, 88,7.1,13.2
202605300502110102,2, 66, 81,4.0,7.2
202605300502110111,11,,,14.6,27.4
202605300502110112,12, 56, 72,31.0,58.7
202605300502110115,15,,,19.9,37.5
202605300502110113,13, 58, 73,2.7,4.7
202605300502110110,10,,,92.2,175.0
202605300803111205,5, 92, 92,1.9,2.7
202605300803111216,16, 90, 90,6.4,9.6
202605300803111213,13, 96, 96,6.3,9.5
202605300803111204,4, 95, 95,1.9,2.7
202605300803111208,8, 91, 91,5.5,8.3
202605300803111201,1, 93, 93,11.1,17.0
202605300803111202,2, 95, 95,6.8,10.3
202605300803111203,3, 93, 93,10.6,16.2
202605300803111214,14, 95, 95,5.3,8.0
202605300803111215,15, 92, 92,2.2,3.1
202605300803111212,12, 85, 85,10.8,16.5
202605300803111206,6, 96, 96,2.2,3.2
202605300803111210,10, 87, 87,21.2,32.5
202605300803111211,11, 71, 71,21.5,32.9
202605300803111207,7, 93, 93,2.2,3.2
202605300803111209,9, 98, 98,1.3,1.5
202605300803111102,2, 97,102,2.5,3.5
202605300803111112,12, 97, 96,2.6,3.6
202605300803111113,13, 94, 92,1.7,2.3
202605300803111103,3, 96,101,5.5,7.9
202605300803111101,1, 92, 97,14.2,20.8
202605300803111105,5, 99, 97,1.6,2.0
202605300803111111,11,100, 99,1.6,2.0
202605300803111108,8, 96, 96,12.1,17.6
202605300803111110,10, 94, 99,8.7,12.7
202605300803111116,16,102, 84,4.7,6.8
202605300803111104,4, 99, 98,2.2,3.0
202605300803111109,9, 93, 98,5.2,7.4
202605300803111114,14, 77, 73,22.3,32.6
202605300803111107,7, 95,100,5.0,7.2
202605300803111115,15, 89, 85,9.4,13.6
202605300803111106,6, 93, 98,13.2,19.3
202605300803111002,2,108,101,2.0,2.8
202605300803111004,4,,,27.1,41.2
202605300803111007,7, 98, 98,1.8,2.4
202605300803111008,8,101,101,1.6,2.1
202605300803111001,1, 96, 96,7.5,11.3
202605300803111009,9, 93, 86,12.3,18.6
202605300803111012,12,106, 99,1.5,1.9
202605300803111010,10, 99, 99,5.3,7.9
202605300803111016,16,102,102,1.8,2.5
202605300803111015,15, 97, 90,15.1,22.9
202605300803111005,5,101,101,5.2,7.8
202605300803111006,6, 98, 91,19.8,30.1
202605300803111011,11,101,101,4.6,6.8
202605300803111014,14, 91, 84,47.8,72.8
202605300803111003,3, 97, 97,3.0,4.4
202605300803111013,13, 87, 80,11.5,17.4
202605300803110908,8,116,122,1.1,1.1
202605300803110904,4,101,106,1.3,2.8
202605300803110902,2, 96,102,1.6,3.7
202605300803110901,1, 94, 99,5.8,15.6
202605300803110905,5, 96,102,1.3,2.9
202605300803110907,7, 96, 90,1.3,2.6
202605300803110906,6,,,16.6,46.4
202605300803110909,9, 77, 71,9.5,26.2
202605300803110903,3, 83, 89,14.0,38.9
202605300803110802,2, 93,101,2.6,4.0
202605300803110801,1, 93, 93,7.7,12.5
202605300803110807,7, 91, 91,2.3,3.5
202605300803110806,6, 98, 98,1.2,1.5
202605300803110808,8, 98, 98,7.0,11.4
202605300803110803,3, 91,100,3.1,4.9
202605300803110810,10, 93,101,1.7,2.5
202605300803110812,12, 88, 88,13.6,22.3
202605300803110805,5, 99, 99,1.5,2.2
202605300803110811,11, 95, 95,1.5,2.3
202605300803110809,9, 91, 91,13.0,21.3
202605300803110804,4, 93, 93,9.9,16.2
202605300803110701,1, 91, 99,1.6,2.2
202605300803110702,2, 87, 95,3.2,4.5
202605300803110706,6, 79, 88,3.5,5.1
202605300803110713,13, 57, 66,2.1,2.9
202605300803110714,14, 90, 98,1.5,1.9
202605300803110710,10, 76, 84,6.1,9.0
202605300803110715,15, 61, 71,16.1,24.2
202605300803110703,3, 90, 98,5.7,8.3
202605300803110705,5, 89, 98,1.6,2.2
202605300803110709,9, 89, 97,1.9,2.6
202605300803110704,4, 82, 90,19.7,29.6
202605300803110707,7, 73, 83,63.8,95.9
202605300803110708,8, 88, 96,5.1,7.4
202605300803110712,12,,,16.2,24.3
202605300803110711,11, 84, 93,21.8,32.7
202605300803110605,5, 81, 90,3.6,5.9
202605300803110603,3, 76, 85,14.0,23.9
202605300803110606,6, 85, 95,1.3,1.9
202605300803110612,12, 64, 73,2.5,3.9
202605300803110602,2, 92,101,1.2,1.6
202605300803110610,10, 79, 88,7.1,11.9
202605300803110604,4, 87, 96,1.4,2.1
202605300803110601,1, 86, 96,1.8,2.8
202605300803110611,11, 84, 93,2.6,4.2
202605300803110608,8, 43, 61,10.2,17.3
202605300803110609,9, 69, 78,23.7,40.2
202605300803110607,7, 56, 65,4.2,7.0
202605300803110512,12,,,1.1,1.1
202605300803110504,4, 80, 98,1.2,2.9
202605300803110513,13, 78, 97,1.2,3.2
202605300803110501,1, 79, 97,1.4,3.9
202605300803110515,15, 69, 86,11.6,40.6
202605300803110508,8, 75, 93,5.2,17.5
202605300803110510,10, 75, 93,21.7,77.1
202605300803110506,6, 70, 88,7.2,24.8
202605300803110511,11, 76, 95,5.4,18.1
202605300803110514,14,,,3.7,12.3
202605300803110503,3, 61, 78,86.1,310.3
202605300803110507,7,,,13.2,46.4
202605300803110502,2, 72, 91,9.9,34.7
202605300803110505,5, 42, 58,43.2,155.1
202605300803110517,17, 60, 76,53.3,191.7
202605300803110509,9, 53, 68,31.3,112.1
202605300803110518,18,,,53.1,191.0
202605300803110516,16, 63, 79,22.7,80.9
202605300803110413,13, 80, 99,1.4,1.8
202605300803110417,17, 78, 97,1.4,1.8
202605300803110404,4, 75, 94,2.5,3.8
202605300803110414,14, 74, 93,49.1,80.4
202605300803110409,9, 77, 96,1.6,2.3
202605300803110406,6, 77, 96,1.9,2.8
202605300803110401,1, 72, 91,2.3,3.4
202605300803110415,15, 75, 93,4.8,7.5
202605300803110403,3, 77, 96,3.0,4.7
202605300803110408,8, 52, 70,20.2,32.9
202605300803110402,2, 74, 93,26.9,43.9
202605300803110418,18, 65, 83,21.9,35.6
202605300803110416,16, 72, 91,14.0,22.7
202605300803110410,10, 72, 91,12.0,19.4
202605300803110407,7, 59, 78,24.3,39.6
202605300803110405,5, 60, 78,19.2,31.2
202605300803110412,12, 50, 69,46.4,75.9
202605300803110411,11, 63, 82,54.0,88.3
202605300803110304,4, 84, 99,1.6,2.7
202605300803110307,7, 81, 97,2.2,4.0
202605300803110310,10, 84,100,1.1,1.1
202605300803110303,3, 82, 98,1.7,3.1
202605300803110311,11, 81, 97,1.6,2.9
202605300803110308,8, 73, 90,8.0,16.0
202605300803110302,2, 79, 95,4.5,8.9
202605300803110301,1, 71, 90,14.1,28.9
202605300803110305,5, 77, 94,5.1,10.0
202605300803110316,16, 64, 81,8.6,17.4
202605300803110318,18, 62, 78,11.4,23.1
202605300803110306,6,,,11.8,24.1
202605300803110312,12, 76, 92,18.5,38.0
202605300803110313,13, 35, 51,67.8,140.1
202605300803110309,9,,,66.3,136.9
202605300803110315,15, 77, 93,24.7,50.9
202605300803110314,14, 82, 97,3.0,5.7
202605300803110317,17, 64, 81,,
202605300803110201,1, 81, 99,1.1,1.1
202605300803110207,7, 70, 88,1.4,3.6
202605300803110208,8, 65, 83,3.1,9.3
202605300803110210,10, 80, 98,3.8,11.7
202605300803110214,14, 58, 77,4.0,12.4
202605300803110203,3, 68, 86,9.0,28.8
202605300803110206,6, 71, 89,2.0,5.5
202605300803110202,2, 70, 86,7.2,22.9
202605300803110205,5, 67, 86,4.8,14.9
202605300803110209,9, 43, 61,12.0,38.9
202605300803110212,12, 77, 95,1.1,2.2
202605300803110215,15, 49, 66,7.5,23.9
202605300803110211,11,,,61.7,203.8
202605300803110216,16, 54, 72,7.3,23.3
202605300803110204,4,,,8.6,27.5
202605300803110213,13,,,26.2,86.2
202605300803110114,14, 83, 99,1.1,1.1
202605300803110103,3, 81, 97,1.1,1.7
202605300803110108,8, 71, 88,1.5,3.3
202605300803110112,12,,,2.2,5.3
202605300803110105,5, 81, 97,2.3,5.5
202605300803110110,10, 72, 89,8.6,22.8
202605300803110116,16, 54, 72,6.8,18.0
202605300803110111,11,,,8.2,21.7
202605300803110106,6, 53, 71,26.4,72.1
202605300803110102,2,,,4.9,12.7
202605300803110104,4, 18, 36,53.7,147.5
202605300803110113,13, 63, 80,26.5,72.3
202605300803110101,1,,,39.4,108.0
202605300803110115,15,,,13.8,37.2
202605300803110107,7, 76, 91,1.8,4.1
202605300803110109,9, 26, 43,25.7,70.2
202605240401081212,12, 84, 93,1.9,2.9
202605240401081204,4, 82, 91,5.6,8.9
202605240401081210,10, 89, 98,1.3,1.7
202605240401081205,5, 61, 70,15.4,25.0
202605240401081207,7, 79, 88,7.0,11.1
202605240401081206,6, 82, 91,3.7,5.7
202605240401081211,11, 89, 98,6.5,10.4
202605240401081213,13, 87, 96,1.6,2.3
202605240401081202,2, 91,100,2.2,3.3
202605240401081209,9, 76, 85,31.2,50.9
202605240401081203,3, 94,103,1.4,1.9
202605240401081201,1, 84, 94,3.0,4.6
202605240401081208,8,,,27.2,44.3
202605240401081214,14,,,23.6,38.4
202605240401081215,15,,,5.8,9.2
202605240401081109,9,100, 92,1.9,2.5
202605240401081114,14,,,1.6,2.0
202605240401081106,6,100, 92,3.9,5.5
202605240401081116,16, 98, 94,3.0,4.2
202605240401081108,8,100, 96,2.5,3.5
202605240401081113,13, 92, 84,5.3,7.6
202605240401081110,10, 83, 73,4.0,5.7
202605240401081115,15, 95, 91,3.7,5.3
202605240401081107,7, 98, 90,10.7,15.6
202605240401081112,12,104, 96,1.6,2.1
202605240401081105,5,102, 94,2.4,3.3
202605240401081101,1, 96, 92,9.6,14.0
202605240401081103,3, 95, 87,11.6,16.9
202605240401081111,11, 84, 80,26.2,38.2
202605240401081104,4, 97, 89,15.0,22.0
202605240401081102,2, 87, 79,10.0,14.5
202605240401081011,11, 91, 91,4.9,7.3
202605240401081010,10, 95, 95,2.6,3.8
202605240401081014,14, 94,103,1.4,1.8
202605240401081012,12, 86, 86,4.2,6.3
202605240401081013,13, 88, 97,13.4,20.6
202605240401081003,3,,,2.0,2.9
202605240401081009,9, 95, 95,1.5,2.0
202605240401081005,5, 89, 98,10.7,16.5
202605240401081008,8, 82, 82,11.6,17.9
202605240401081007,7, 96, 96,1.8,2.5
202605240401081015,15, 87, 87,13.0,20.0
202605240401081006,6,,,17.5,26.9
202605240401081001,1, 90, 90,3.6,5.4
202605240401081004,4, 77, 77,21.7,33.5
202605240401081002,2, 96, 96,2.1,3.1
202605240401080909,9, 90, 99,1.4,1.8
202605240401080905,5, 86, 95,6.5,9.8
202605240401080908,8, 89, 97,2.5,3.7
202605240401080911,11, 82, 90,5.4,8.2
202605240401080914,14, 90, 98,1.8,2.5
202605240401080902,2, 83, 92,3.5,5.2
202605240401080907,7, 88, 97,3.3,4.9
202605240401080912,12, 88, 97,1.7,2.3
202605240401080913,13, 90, 98,1.5,2.1
202605240401080903,3, 76, 85,27.1,41.9
202605240401080901,1, 81, 90,62.3,96.4
202605240401080910,10, 87, 96,2.7,4.0
202605240401080904,4, 75, 84,30.4,47.0
202605240401080906,6, 85, 93,19.7,30.3
202605240401080806,6, 87, 96,1.7,2.2
202605240401080809,9, 87, 96,2.7,3.7
202605240401080808,8, 89, 98,1.5,1.9
202605240401080815,15, 87, 96,3.5,5.0
202605240401080812,12, 88, 97,1.9,2.5
202605240401080814,14, 72, 82,5.4,7.8
202605240401080804,4, 81, 90,6.4,9.3
202605240401080805,5, 85, 94,3.7,5.2
202605240401080813,13, 86, 95,13.9,20.2
202605240401080803,3, 87, 96,1.8,2.4
202605240401080816,16, 76, 84,8.8,12.7
202605240401080807,7, 78, 87,4.2,6.0
202605240401080811,11, 79, 88,22.7,33.1
202605240401080801,1,,,19.6,28.5
202605240401080810,10, 83, 92,5.1,7.3
202605240401080802,2, 77, 86,26.6,38.8
202605240401080714,14, 89, 98,1.4,1.7
202605240401080715,15, 89, 98,2.4,3.6
202605240401080710,10, 90, 99,1.6,2.2
202605240401080705,5, 85, 94,4.0,6.0
202605240401080702,2, 88, 98,4.0,6.0
202605240401080703,3, 81, 91,2.6,3.8
202605240401080708,8, 84, 93,2.9,4.3
202605240401080704,4, 74, 84,12.6,19.7
202605240401080709,9, 82, 91,5.0,7.6
202605240401080712,12, 83, 93,2.6,3.8
202605240401080701,1, 62, 72,19.1,29.8
202605240401080711,11, 82, 91,11.8,18.4
202605240401080707,7, 90, 99,1.8,2.5
202605240401080706,6, 72, 81,73.0,114.3
202605240401080713,13,,,16.4,25.6
202605240401080602,2, 62, 81,1.7,4.3
202605240401080607,7, 80, 98,1.1,1.1
202605240401080606,6, 83,100,1.2,2.5
202605240401080610,10, 76, 94,1.4,3.4
202605240401080609,9, 66, 84,6.2,18.4
202605240401080601,1, 64, 82,8.1,24.2
202605240401080603,3, 69, 87,17.0,51.6
202605240401080611,11, 68, 86,27.2,83.1
202605240401080608,8,,,17.7,53.9
202605240401080605,5, 54, 73,4.3,12.5
202605240401080604,4, 78, 96,1.8,4.4
202605240401080612,12, 74, 89,3.1,8.7
202605240401080515,15, 75, 94,1.6,2.1
202605240401080502,2, 77, 95,2.4,3.4
202605240401080512,12, 77, 96,1.8,2.5
202605240401080510,10, 75, 93,3.3,4.8
202605240401080514,14, 78, 97,2.6,3.6
202605240401080513,13, 75, 94,1.6,2.0
202605240401080509,9, 77, 96,4.0,5.8
202605240401080508,8, 79, 98,6.5,9.6
202605240401080503,3, 76, 95,7.5,11.0
202605240401080501,1, 73, 91,11.6,17.2
202605240401080504,4, 80, 99,2.4,3.4
202605240401080506,6, 57, 75,18.9,28.1
202605240401080511,11,,,42.8,63.6
202605240401080516,16, 67, 85,5.2,7.6
202605240401080507,7, 79, 98,6.3,9.3
202605240401080505,5, 49, 67,58.4,86.9
202605240401080405,5,,,1.5,2.3
202605240401080401,1,,,1.2,1.5
202605240401080410,10,,,1.9,3.0
202605240401080409,9,,,1.5,2.4
202605240401080412,12,,,6.4,11.0
202605240401080408,8,,,1.4,2.0
202605240401080404,4,,,28.0,49.0
202605240401080413,13,,,31.8,55.7
202605240401080411,11, 85, 93,3.6,6.0
202605240401080402,2, 73, 83,11.7,20.4
202605240401080407,7,,,19.7,34.6
202605240401080406,6,,,9.8,17.1
202605240401080403,3, 42, 30,3.7,6.1
202605240401080310,10, 89,107,1.0,1.0
202605240401080302,2, 82,100,1.0,5.0
202605240401080301,1, 62, 79,4.1,33.3
202605240401080305,5, 76, 93,2.1,14.7
202605240401080306,6, 77, 95,1.1,5.6
202605240401080308,8, 63, 81,5.3,44.0
202605240401080304,4, 57, 75,1.9,13.3
202605240401080309,9, 76, 88,10.1,87.0
202605240401080307,7, 56, 72,28.0,247.6
202605240401080303,3, 49, 67,24.6,216.5
202605240401080203,3, 82, 98,1.3,1.9
202605240401080201,1, 88,103,1.1,1.5
202605240401080213,13, 83, 99,1.6,2.5
202605240401080202,2, 71, 87,4.9,8.7
202605240401080211,11, 81, 96,5.2,9.2
202605240401080215,15, 84, 99,1.5,2.4
202605240401080205,5, 79, 94,4.5,7.9
202605240401080207,7, 82, 97,2.8,4.7
202605240401080206,6, 57, 73,102.3,188.0
202605240401080208,8,,,34.0,62.3
202605240401080210,10, 76, 91,2.1,3.5
202605240401080214,14, 39, 54,88.6,162.8
202605240401080209,9, 46, 64,29.4,53.8
202605240401080212,12,,,27.3,50.1
202605240401080204,4, 70, 85,,
202605240401080110,10, 85,100,1.3,1.8
202605240401080113,13, 88,103,1.3,1.7
202605240401080112,12, 82, 97,2.0,3.1
202605240401080107,7, 74, 89,6.8,11.2
202605240401080115,15, 80, 92,5.0,8.1
202605240401080111,11, 83, 95,2.7,4.2
202605240401080104,4, 43, 59,20.5,34.5
202605240401080109,9, 80, 95,1.3,1.9
202605240401080108,8, 77, 92,29.2,49.2
202605240401080105,5,,,4.9,8.1
202605240401080116,16, 37, 54,24.9,41.8
202605240401080106,6, 65, 82,25.8,43.5
202605240401080102,2, 70, 85,13.9,23.2
202605240401080101,1, 77, 92,2.5,3.9
202605240401080103,3, 61, 75,42.1,70.9
202605240401080114,14, 53, 69,10.1,16.9
202605240502101207,7,108,101,1.2,1.5
202605240502101205,5,103, 96,1.5,2.1
202605240502101214,14, 99, 99,2.0,3.0
202605240502101213,13, 99, 92,2.9,4.6
202605240502101210,10,100,100,13.9,23.3
202605240502101203,3,106, 99,3.2,5.1
202605240502101208,8, 92, 85,12.4,20.7
202605240502101211,11, 98, 91,3.8,6.1
202605240502101202,2, 97, 90,2.6,4.0
202605240502101201,1, 97, 90,4.0,6.4
202605240502101216,16, 88, 81,3.6,5.8
202605240502101206,6, 98, 91,3.9,6.3
202605240502101209,9, 97, 90,9.1,15.2
202605240502101212,12,100, 93,6.2,10.2
202605240502101204,4,100, 93,9.0,14.9
202605240502101215,15, 96, 89,20.6,34.5
202605240502101116,16, 96, 93,3.0,4.9
202605240502101112,12,105, 87,1.7,2.5
202605240502101118,18,102, 84,1.2,1.6
202605240502101105,5, 99, 81,8.6,14.6
202605240502101117,17,100, 82,9.9,16.8
202605240502101102,2, 94, 99,11.2,19.1
202605240502101113,13,100, 82,1.7,2.6
202605240502101103,3,107, 89,2.5,4.0
202605240502101115,15, 98,104,4.9,8.1
202605240502101109,9, 97,102,6.8,11.4
202605240502101104,4, 85, 90,23.5,40.4
202605240502101110,10,113, 95,1.4,1.9
202605240502101114,14, 82, 79,27.1,46.6
202605240502101111,11, 95, 89,13.2,22.6
202605240502101108,8, 96, 90,4.8,8.1
202605240502101101,1, 90, 87,52.9,91.3
202605240502101106,6, 83, 65,33.2,57.3
202605240502101107,7, 92, 74,37.0,63.9
202605240502101006,6,102, 97,1.8,2.4
202605240502101003,3,102, 96,1.5,1.9
202605240502101009,9,100, 92,2.4,3.4
202605240502101004,4,102, 97,2.4,3.3
202605240502101001,1,103, 97,1.7,2.2
202605240502101007,7,101, 93,8.3,12.0
202605240502101002,2, 97, 91,6.3,9.0
202605240502101011,11,103, 95,1.8,2.4
202605240502101012,12, 90, 85,12.7,18.4
202605240502101005,5, 98, 92,10.4,15.2
202605240502101014,14,102, 94,3.4,4.7
202605240502101013,13,100, 92,5.7,8.2
202605240502101010,10, 99, 94,7.9,11.3
202605240502101008,8, 97, 91,22.5,32.7
202605240502100908,8, 98, 98,1.1,1.9
202605240502100907,7, 82, 90,4.2,16.2
202605240502100910,10, 98, 98,1.4,4.5
202605240502100906,6, 95, 95,1.6,5.3
202605240502100902,2, 92, 92,5.0,19.4
202605240502100912,12, 94, 94,2.5,8.8
202605240502100901,1, 94, 94,1.1,1.1
202605240502100903,3, 86, 86,2.2,7.8
202605240502100904,4, 78, 78,27.4,113.4
202605240502100905,5, 85, 85,17.0,70.0
202605240502100909,9, 90, 90,8.2,33.1
202605240502100911,11, 55, 55,35.6,147.7
202605240502100811,11,103,108,1.2,1.6
202605240502100816,16, 96, 96,1.4,1.9
202605240502100815,15, 88, 88,15.2,26.2
202605240502100805,5, 93, 93,2.1,3.3
202605240502100806,6, 94, 94,5.2,8.7
202605240502100814,14, 93, 93,3.1,5.0
202605240502100802,2, 89, 89,13.8,23.8
202605240502100808,8, 86, 86,15.1,26.0
202605240502100803,3, 95, 95,2.6,4.1
202605240502100809,9, 96, 96,1.6,2.4
202605240502100810,10, 87, 87,64.8,111.8
202605240502100812,12, 94, 94,17.4,29.9
202605240502100804,4, 95, 95,2.4,3.9
202605240502100813,13, 95, 95,4.4,7.3
202605240502100801,1, 78, 78,57.7,99.6
202605240502100807,7, 88, 88,13.5,23.2
202605240502100709,9, 89, 97,2.6,3.9
202605240502100708,8, 84, 92,2.5,3.9
202605240502100716,16, 90, 98,1.3,1.6
202605240502100707,7, 87, 95,1.6,2.2
202605240502100715,15, 86, 95,3.4,5.2
202605240502100717,17, 80, 88,1.6,2.3
202605240502100714,14, 84, 92,4.4,6.8
202605240502100712,12, 75, 83,6.0,9.6
202605240502100710,10, 76, 84,5.3,8.3
202605240502100713,13, 84, 92,6.1,9.7
202605240502100701,1, 76, 84,5.2,8.3
202605240502100702,2, 85, 93,5.8,9.2
202605240502100705,5, 69, 78,49.7,81.1
202605240502100704,4, 81, 89,5.6,8.9
202605240502100703,3, 65, 74,14.8,23.9
202605240502100706,6, 45, 53,49.3,80.6
202605240502100711,11, 72, 80,51.0,83.4
202605240502100606,6, 95,100,1.1,1.1
202605240502100602,2, 92, 97,1.7,5.8
202605240502100603,3, 89,104,1.9,6.6
202605240502100609,9, 91, 96,1.2,3.2
202605240502100612,12, 74, 79,5.9,23.6
202605240502100601,1, 86,102,2.9,10.7
202605240502100610,10, 85, 90,6.2,25.1
202605240502100608,8, 90,105,4.6,18.3
202605240502100607,7, 83, 88,45.2,191.3
202605240502100605,5, 87, 92,16.8,70.2
202605240502100614,14, 83,101,2.8,10.6
202605240502100604,4, 63, 68,3.7,14.0
202605240502100613,13, 83, 88,3.0,11.1
202605240502100611,11, 48, 65,83.8,355.3
202605240502100507,7, 77, 95,1.1,1.1
202605240502100513,13, 78, 96,1.1,1.8
202605240502100514,14, 76, 94,4.2,10.4
202605240502100504,4, 72, 89,2.1,4.9
202605240502100511,11, 73, 91,2.5,5.7
202605240502100512,12, 73, 91,2.3,5.2
202605240502100506,6, 59, 78,1.7,3.8
202605240502100510,10, 58, 75,8.5,21.5
202605240502100502,2, 69, 88,12.2,31.3
202605240502100503,3, 56, 75,21.8,56.5
202605240502100505,5, 73, 92,2.2,5.1
202605240502100501,1, 73, 91,13.6,35.0
202605240502100509,9, 52, 71,11.5,29.4
202605240502100508,8, 68, 74,31.8,82.5
202605240502100411,11, 81, 98,2.4,3.6
202605240502100416,16, 76, 94,1.7,2.5
202605240502100408,8, 78, 95,1.5,2.2
202605240502100414,14, 79, 98,1.3,1.7
202605240502100401,1,,,5.5,8.7
202605240502100404,4, 73, 92,1.4,2.0
202605240502100407,7,  6, 24,14.7,23.6
202605240502100403,3,,,3.5,5.3
202605240502100410,10, 54, 71,9.5,15.2
202605240502100406,6, 54, 69,66.0,106.7
202605240502100405,5, 76, 94,3.4,5.2
202605240502100412,12,,,34.1,55.1
202605240502100402,2,,,40.2,65.0
202605240502100417,17, 82, 99,4.7,7.3
202605240502100418,18, 54, 72,31.3,50.5
202605240502100413,13, 68, 87,59.5,96.3
202605240502100415,15,,,20.7,33.4
202605240502100409,9, 59, 74,45.6,73.8
202605240502100308,8, 88,103,1.2,1.5
202605240502100302,2, 89,104,1.2,1.7
202605240502100315,15, 67, 82,116.9,218.0
202605240502100301,1, 70, 85,5.5,9.9
202605240502100312,12, 82, 98,1.5,2.3
202605240502100310,10, 76, 91,1.7,2.7
202605240502100309,9,,  7,22.1,40.9
202605240502100307,7, 77, 92,7.1,12.9
202605240502100303,3, 67, 82,70.7,131.8
202605240502100316,16, 80, 95,2.4,4.1
202605240502100313,13, 75, 90,12.8,23.5
202605240502100304,4, 60, 72,64.8,120.7
202605240502100314,14, 52, 69,68.3,127.3
202605240502100305,5, 83, 98,1.9,3.1
202605240502100311,11, 72, 84,25.0,46.3
202605240502100306,6, 64, 79,11.2,20.6
202605240502100209,9, 69, 87,1.7,4.6
202605240502100211,11, 84,101,1.1,1.2
202605240502100216,16, 77, 93,2.7,7.8
202605240502100210,10, 67, 82,11.3,36.0
202605240502100201,1, 72, 89,3.0,8.8
202605240502100213,13, 65, 83,2.1,5.7
202605240502100202,2,,,49.0,159.9
202605240502100214,14, 69, 88,5.5,17.1
202605240502100215,15, 44, 62,12.5,40.0
202605240502100203,3, 54, 73,2.2,6.1
202605240502100208,8, 74, 91,9.5,30.2
202605240502100204,4, 73, 89,14.4,46.2
202605240502100207,7, 82, 99,1.1,1.2
202605240502100212,12, 31, 50,4.3,13.1
202605240502100206,6, 67, 82,41.5,135.4
202605240502100205,5, 60, 75,39.0,127.3
202605240502100113,13, 81, 97,1.2,1.7
202605240502100103,3, 76, 91,1.9,3.1
202605240502100106,6, 73, 85,12.1,22.3
202605240502100102,2, 86,102,1.2,1.5
202605240502100108,8, 51, 69,12.9,23.8
202605240502100110,10, 82, 98,1.5,2.3
202605240502100101,1, 67, 82,24.6,45.7
202605240502100107,7, 75, 91,5.2,9.4
202605240502100109,9, 70, 85,86.6,161.7
202605240502100111,11, 69, 86,3.1,5.3
202605240502100115,15, 70, 87,4.4,7.8
202605240502100105,5, 68, 83,39.2,73.1
202605240502100112,12, 55, 72,50.2,93.7
202605240502100116,16, 57, 72,83.7,156.4
202605240502100104,4, 75, 90,1.7,2.7
202605240502100114,14,,,88.1,164.7
202605240803101214,14, 75, 85,3.6,7.6
202605240803101210,10, 82, 92,1.7,3.4
202605240803101201,1, 85, 95,6.6,14.5
202605240803101205,5, 83, 93,16.3,36.7
202605240803101206,6, 89, 99,2.5,5.2
202605240803101208,8, 82, 91,2.0,3.9
202605240803101204,4, 87, 96,10.0,22.4
202605240803101203,3, 85, 95,10.9,24.4
202605240803101211,11, 76, 86,6.4,14.1
202605240803101213,13, 91,101,1.1,1.1
202605240803101216,16, 63, 72,33.8,76.4
202605240803101207,7, 88, 98,1.6,3.0
202605240803101212,12, 85, 94,5.3,11.6
202605240803101202,2, 85, 95,5.0,10.8
202605240803101215,15, 78, 87,6.4,14.0
202605240803101209,9, 88,103,4.6,9.9
202605240803101102,2,110, 96,1.7,2.3
202605240803101110,10,108, 96,1.7,2.5
202605240803101112,12,108,100,1.3,1.5
202605240803101108,8,109, 92,2.6,3.8
202605240803101104,4,109, 93,5.1,7.7
202605240803101107,7, 98, 84,2.1,3.1
202605240803101106,6,105, 93,1.9,2.8
202605240803101103,3, 95, 87,5.6,8.6
202605240803101113,13,106, 94,3.7,5.6
202605240803101109,9, 77, 63,14.0,21.7
202605240803101105,5,108, 90,8.6,13.3
202605240803101111,11, 91, 79,9.2,14.3
202605240803101101,1,104, 92,7.1,11.0
202605240803101012,12,103, 99,1.2,1.5
202605240803101005,5, 96, 96,3.0,4.8
202605240803101014,14,104, 98,1.4,2.1
202605240803101013,13, 95, 91,2.8,4.6
202605240803101002,2, 96, 90,6.9,11.7
202605240803101011,11,104, 98,1.4,2.1
202605240803101009,9, 92, 88,10.2,17.3
202605240803101003,3,100, 94,1.8,2.8
202605240803101001,1, 95, 91,32.5,55.3
202605240803101004,4,,,7.2,12.1
202605240803101007,7, 93, 90,8.5,14.3
202605240803101006,6,101, 97,3.1,5.0
202605240803101010,10, 98, 98,8.6,14.5
202605240803101008,8, 88, 84,24.3,41.4
202605240803100909,9, 95, 95,2.1,5.2
202605240803100905,5,102,102,1.4,3.1
202605240803100908,8, 97, 97,1.1,1.1
202605240803100902,2, 78, 78,1.7,4.1
202605240803100906,6, 96, 96,1.3,2.6
202605240803100911,11, 95, 95,2.0,4.9
202605240803100903,3, 89, 89,11.0,30.4
202605240803100907,7, 87, 87,6.7,18.2
202605240803100904,4, 91, 91,7.5,20.4
202605240803100910,10, 83, 83,5.3,14.3
202605240803100901,1, 90, 90,,
202605240803100805,5, 97, 97,1.1,1.1
202605240803100808,8, 84, 84,3.3,7.3
202605240803100806,6, 89, 89,1.9,3.9
202605240803100803,3, 79, 79,2.0,4.1
202605240803100801,1, 95, 95,1.4,2.7
202605240803100804,4, 95, 95,1.3,2.4
202605240803100809,9, 81, 81,11.4,26.6
202605240803100807,7, 89, 89,7.2,16.8
202605240803100810,10, 90, 90,7.3,16.9
202605240803100811,11, 91, 91,3.5,7.8
202605240803100802,2, 85, 85,17.9,42.0
202605240803100812,12, 73, 73,6.3,14.5
202605240803100712,12, 85, 93,1.9,2.5
202605240803100711,11, 85, 94,1.9,2.4
202605240803100707,7, 90, 99,2.4,3.2
202605240803100704,4, 85, 94,2.2,3.0
202605240803100710,10, 87, 96,2.5,3.3
202605240803100716,16, 89, 98,2.8,3.8
202605240803100706,6, 84, 93,33.7,47.7
202605240803100714,14, 83, 92,14.5,20.4
202605240803100718,18, 83, 92,4.7,6.4
202605240803100703,3, 87, 96,8.0,11.2
202605240803100713,13, 81, 90,40.1,56.8
202605240803100715,15, 85, 93,3.1,4.2
202605240803100709,9, 87, 96,1.7,2.1
202605240803100717,17, 83, 92,45.0,63.8
202605240803100708,8, 65, 74,46.3,65.6
202605240803100701,1, 74, 83,37.3,52.7
202605240803100702,2, 58, 67,41.2,58.4
202605240803100705,5, 74, 84,18.8,26.6
202605240803100612,12, 88, 85,1.1,1.3
202605240803100607,7, 85, 91,9.4,16.9
202605240803100610,10, 94,100,2.6,4.3
202605240803100601,1, 88, 94,5.1,9.0
202605240803100615,15, 83,101,5.0,8.9
202605240803100609,9, 88, 93,3.1,5.3
202605240803100608,8, 94, 88,2.0,3.3
202605240803100611,11, 81, 99,7.0,12.5
202605240803100616,16, 90, 95,2.8,4.8
202605240803100605,5, 76, 94,16.8,30.3
202605240803100614,14, 82,100,14.2,25.8
202605240803100604,4, 89,107,2.0,3.2
202605240803100613,13, 87,106,1.5,2.2
202605240803100602,2, 81,100,18.4,33.3
202605240803100606,6, 82,101,4.5,7.8
202605240803100603,3, 80, 98,,
202605240803100509,9, 91, 96,2.4,3.4
202605240803100501,1, 85, 90,1.3,1.7
202605240803100508,8, 94, 99,1.5,2.1
202605240803100504,4, 86, 92,7.4,11.1
202605240803100505,5, 91, 96,1.3,1.7
202605240803100502,2, 90,105,1.9,2.6
202605240803100506,6, 64, 69,3.8,5.7
202605240803100507,7, 86, 91,3.8,5.7
202605240803100503,3, 87, 92,1.8,2.6
202605240803100401,1, 80, 98,1.1,1.1
202605240803100410,10, 79, 98,1.1,2.7
202605240803100405,5, 76, 95,2.3,11.0
202605240803100402,2, 79, 98,1.5,6.3
202605240803100407,7, 62, 81,4.6,23.9
202605240803100406,6, 80, 99,1.2,4.7
202605240803100403,3, 53, 71,5.0,26.1
202605240803100404,4, 69, 88,4.7,24.8
202605240803100408,8, 71, 90,8.2,44.5
202605240803100409,9, 58, 77,26.0,145.3
202605240803100301,1, 85,103,1.1,1.3
202605240803100315,15, 72, 90,2.2,3.7
202605240803100304,4, 83,100,1.6,2.5
202605240803100311,11, 84,101,1.8,2.9
202605240803100318,18, 71, 87,9.8,17.8
202605240803100303,3, 75, 92,1.8,2.9
202605240803100316,16, 78, 95,2.0,3.4
202605240803100305,5, 75, 93,11.9,21.8
202605240803100306,6, 70, 87,24.9,46.0
202605240803100314,14, 79, 94,14.0,25.7
202605240803100308,8,,,23.8,43.8
202605240803100309,9, 79, 94,4.5,7.9
202605240803100307,7, 78, 94,4.4,7.7
202605240803100317,17, 69, 86,27.5,50.7
202605240803100310,10, 56, 75,48.7,90.3
202605240803100302,2, 47, 66,63.7,118.1
202605240803100313,13, 60, 75,27.6,50.9
202605240803100312,12, 59, 74,93.4,173.2
202605240803100207,7, 76, 94,1.6,2.2
202605240803100212,12, 76, 94,1.3,1.7
202605240803100206,6,,,6.4,9.9
202605240803100202,2, 70, 88,2.0,2.9
202605240803100211,11, 66, 85,2.8,4.2
202605240803100201,1, 69, 87,1.8,2.6
202605240803100213,13, 68, 86,1.6,2.3
202605240803100203,3, 73, 89,6.2,9.6
202605240803100204,4, 61, 79,2.6,3.8
202605240803100210,10,,,6.6,10.1
202605240803100209,9, 56, 74,46.2,72.5
202605240803100208,8,,,30.2,47.5
202605240803100205,5, 46, 63,24.8,39.0
202605240803100116,16, 76, 94,1.1,1.7
202605240803100107,7, 74, 92,1.7,4.3
202605240803100102,2, 62, 79,9.4,27.8
202605240803100111,11, 79, 97,1.1,1.1
202605240803100113,13, 68, 86,1.9,4.7
202605240803100106,6, 71, 89,3.8,10.8
202605240803100114,14, 59, 78,19.5,58.5
202605240803100104,4, 57, 75,2.7,7.2
202605240803100108,8, 72, 87,4.2,11.8
202605240803100101,1, 31, 49,11.8,35.2
202605240803100115,15, 65, 83,4.9,14.1
202605240803100103,3,,,23.1,69.5
202605240803100110,10, 64, 83,2.7,7.2
202605240803100109,9, 53, 71,9.9,29.3
202605240803100105,5, 58, 77,10.1,30.1
202605240803100112,12, 83,101,,
202605230401071211,11, 86, 95,1.8,2.3
202605230401071215,15, 74, 84,2.4,3.2
202605230401071207,7, 85, 94,3.2,4.3
202605230401071212,12, 82, 91,8.1,11.4
202605230401071213,13, 80, 89,5.0,7.0
202605230401071210,10, 70, 79,2.3,3.1
202605230401071208,8, 86, 95,2.1,2.8
202605230401071203,3,,,32.5,46.0
202605230401071204,4, 87, 96,1.9,2.6
202605230401071201,1, 86, 95,15.4,21.7
202605230401071214,14, 83, 92,5.6,7.8
202605230401071205,5, 84, 93,21.7,30.7
202605230401071206,6, 69, 79,3.8,5.2
202605230401071209,9,,,108.5,153.5
202605230401071202,2, 88, 97,1.7,2.1
202605230401071107,7, 95, 95,3.0,4.5
202605230401071113,13, 95, 95,1.6,2.3
202605230401071104,4, 96, 96,1.3,1.7
202605230401071109,9, 91, 91,2.6,3.8
202605230401071115,15, 98, 98,1.6,2.2
202605230401071110,10, 95, 95,3.9,5.9
202605230401071112,12, 98, 98,5.8,8.9
202605230401071116,16, 84, 84,31.0,48.5
202605230401071102,2, 98, 98,2.6,3.9
202605230401071105,5, 95, 95,6.9,10.6
202605230401071106,6, 98, 98,4.8,7.2
202605230401071108,8, 97, 97,3.5,5.3
202605230401071111,11, 93, 93,15.1,23.6
202605230401071103,3, 98, 93,9.1,14.0
202605230401071101,1, 92, 92,34.7,54.3
202605230401071114,14, 85, 85,11.1,17.2
202605230401071009,9, 90, 98,1.6,2.0
202605230401071002,2, 88, 97,2.0,2.7
202605230401071008,8, 87, 87,6.0,8.9
202605230401071014,14, 82, 90,4.3,6.3
202605230401071010,10, 89, 97,1.9,2.6
202605230401071005,5, 91, 99,1.5,1.9
202605230401071011,11, 82, 90,2.5,3.6
202605230401071015,15, 88, 96,2.2,3.1
202605230401071004,4, 79, 88,16.1,24.5
202605230401071001,1, 73, 81,18.5,28.1
202605230401071007,7, 87, 95,3.0,4.3
202605230401071012,12, 85, 93,5.1,7.6
202605230401071013,13,,,49.6,75.5
202605230401071006,6,,,50.4,76.8
202605230401071003,3, 74, 93,20.1,30.6
202605230401070916,16, 85,100,1.4,1.8
202605230401070908,8, 90, 95,1.7,2.4
202605230401070903,3, 90,102,4.6,6.7
202605230401070909,9, 89,101,8.5,12.7
202605230401070915,15, 87, 92,2.4,3.4
202605230401070912,12, 71, 76,7.6,11.3
202605230401070914,14, 88,103,1.9,2.6
202605230401070911,11, 77, 82,19.0,28.8
202605230401070902,2, 90, 95,2.8,4.1
202605230401070904,4, 83, 88,32.4,49.1
202605230401070906,6,,,20.4,30.8
202605230401070905,5, 81, 86,19.8,29.9
202605230401070901,1, 81, 86,14.9,22.4
202605230401070913,13, 88,100,1.6,2.2
202605230401070907,7, 76, 81,59.7,90.3
202605230401070910,10, 86,101,2.6,3.7
202605230401070815,15, 88, 97,1.2,1.6
202605230401070805,5, 71, 80,5.7,10.4
202605230401070811,11, 85, 95,2.2,3.8
202605230401070801,1, 85, 95,1.2,1.5
202605230401070812,12, 78, 87,6.4,11.8
202605230401070806,6,,,4.2,7.6
202605230401070814,14, 75, 84,4.6,8.3
202605230401070803,3, 75, 84,4.6,8.4
202605230401070810,10, 83, 93,2.8,5.0
202605230401070808,8, 76, 85,2.5,4.3
202605230401070802,2, 84, 94,2.8,4.8
202605230401070813,13, 84, 92,3.2,5.6
202605230401070807,7, 74, 83,7.0,12.9
202605230401070804,4, 76, 86,12.9,24.0
202605230401070809,9, 67, 75,13.2,24.5
202605230401070705,5, 73, 92,1.7,2.5
202605230401070711,11, 79, 97,1.6,2.2
202605230401070703,3, 80, 99,1.8,2.8
202605230401070715,15, 77, 96,2.0,3.0
202605230401070709,9, 81,100,1.2,1.5
202605230401070704,4, 68, 87,29.8,50.1
202605230401070714,14, 78, 97,4.3,6.9
202605230401070716,16, 73, 92,6.7,11.0
202605230401070708,8, 80, 99,3.8,6.0
202605230401070706,6, 78, 97,2.6,4.1
202605230401070713,13, 73, 92,14.7,24.5
202605230401070707,7, 63, 82,12.5,20.8
202605230401070710,10,,,33.7,56.6
202605230401070712,12, 54, 73,35.1,59.0
202605230401070701,1,,,22.6,37.8
202605230401070702,2, 62, 80,34.0,57.2
202605230401070613,13, 73, 90,1.5,2.1
202605230401070603,3, 80, 98,1.4,1.9
202605230401070602,2, 65, 82,3.1,4.6
202605230401070611,11, 81, 98,1.8,2.5
202605230401070615,15, 73, 91,3.3,4.9
202605230401070610,10, 68, 86,9.7,14.7
202605230401070601,1, 66, 84,19.4,29.9
202605230401070608,8, 76, 94,3.5,5.2
202605230401070605,5, 78, 94,1.5,2.1
202605230401070614,14, 52, 70,77.2,119.6
202605230401070612,12,,,9.1,13.9
202605230401070609,9, 58, 76,40.7,63.0
202605230401070604,4, 65, 80,15.7,24.2
202605230401070606,6, 74, 93,2.2,3.2
202605230401070607,7, 67, 84,55.3,85.7
202605230401070503,3, 84, 99,1.4,1.7
202605230401070513,13, 80, 97,2.1,3.1
202605230401070515,15, 76, 93,2.5,3.6
202605230401070512,12, 82, 98,2.0,2.9
202605230401070511,11, 77, 93,2.7,3.9
202605230401070507,7, 85,100,1.7,2.3
202605230401070510,10, 78, 94,5.1,7.7
202605230401070516,16, 73, 91,5.4,8.3
202605230401070504,4, 76, 92,15.0,23.3
202605230401070508,8,,,13.9,21.5
202605230401070506,6, 82, 97,22.0,34.1
202605230401070501,1, 79, 94,2.0,2.8
202605230401070502,2, 33, 50,30.5,47.5
202605230401070514,14, 67, 84,32.3,50.2
202605230401070509,9,, 15,41.0,63.9
202605230401070505,5, 79, 94,6.6,10.1
202605230401070404,4,,,1.1,1.1
202605230401070405,5,,,1.2,2.3
202605230401070403,3,,,1.3,2.8
202605230401070412,12,,,3.0,7.4
202605230401070402,2,,,11.5,30.8
202605230401070407,7,,,12.7,34.0
202605230401070408,8,,,4.7,12.0
202605230401070401,1,,,6.7,17.7
202605230401070413,13,,,7.2,18.9
202605230401070406,6,,,1.9,4.3
202605230401070411,11,,,5.1,13.3
202605230401070410,10,,,10.1,27.0
202605230401070409,9, 95, 87,3.1,7.7
202605230401070312,12, 81, 96,2.1,3.5
202605230401070315,15, 73, 88,9.6,17.2
202605230401070311,11, 84,100,1.1,1.4
202605230401070309,9, 71, 86,6.8,12.1
202605230401070306,6, 83, 98,1.5,2.4
202605230401070302,2, 79, 94,2.4,4.0
202605230401070308,8, 84, 99,1.4,2.1
202605230401070305,5, 66, 82,57.0,103.4
202605230401070307,7, 71, 86,11.3,20.3
202605230401070310,10, 81, 96,1.7,2.7
202605230401070313,13, 77, 92,14.2,25.5
202605230401070304,4, 55, 70,56.3,102.2
202605230401070303,3, 70, 85,26.4,47.9
202605230401070314,14, 71, 86,17.4,31.4
202605230401070301,1, 78, 94,4.0,6.8
202605230401070215,15, 73, 89,1.3,2.1
202605230401070213,13, 66, 84,1.6,2.8
202605230401070205,5, 81, 98,1.2,1.9
202605230401070208,8, 77, 93,1.8,3.2
202605230401070202,2, 84,102,1.1,1.3
202605230401070211,11, 55, 73,9.5,18.8
202605230401070206,6, 37, 55,33.0,66.6
202605230401070209,9, 52, 69,55.7,112.8
202605230401070204,4, 62, 79,10.3,20.4
202605230401070207,7, 48, 65,42.8,86.5
202605230401070214,14, 63, 79,4.5,8.7
202605230401070212,12, 64, 81,18.7,37.6
202605230401070203,3, 55, 72,8.7,17.2
202605230401070201,1, 49, 66,47.1,95.2
202605230401070210,10, 68, 86,6.7,13.1
202605230401070102,2,,,1.8,6.6
202605230401070108,8,,,1.1,1.1
202605230401070109,9,,,1.3,3.7
202605230401070105,5,,,1.7,5.9
202605230401070111,11,,,10.6,47.2
202605230401070112,12,,,5.6,24.2
202605230401070101,1, 91, 91,2.4,9.2
202605230401070110,10, 71, 80,11.3,50.7
202605230401070104,4, 93, 85,2.1,8.1
202605230401070103,3,,,15.6,70.5
202605230401070114,14,,,3.3,13.8
202605230401070106,6, 90, 90,13.1,59.2
202605230401070113,13, 73, 82,16.8,76.3
202605230401070107,7,,,18.5,83.9
202605230502091204,4,103,103,1.2,1.5
202605230502091214,14, 89, 89,2.6,4.5
202605230502091215,15, 70, 70,1.9,3.1
202605230502091203,3, 95, 95,1.3,1.7
202605230502091209,9, 95, 95,1.6,2.6
202605230502091212,12, 83, 83,16.4,30.0
202605230502091202,2, 89, 89,17.9,32.9
202605230502091210,10, 91, 91,2.8,4.8
202605230502091216,16, 82, 82,9.0,16.2
202605230502091213,13, 73, 73,25.2,46.3
202605230502091201,1, 85, 85,18.4,33.8
202605230502091207,7, 58, 58,21.6,39.7
202605230502091205,5, 78, 78,3.6,6.2
202605230502091206,6, 90, 90,7.8,14.1
202605230502091208,8, 80, 80,8.0,14.4
202605230502091211,11, 52, 52,3.8,6.6
202605230502091103,3,112,101,1.1,1.3
202605230502091114,14,107,101,1.6,2.3
202605230502091109,9,106, 96,2.2,3.7
202605230502091116,16, 92, 82,2.0,3.4
202605230502091104,4,102, 92,7.5,13.6
202605230502091102,2, 98, 88,9.7,17.8
202605230502091105,5,111,101,2.5,4.2
202605230502091111,11,106, 96,5.0,9.0
202605230502091113,13, 97, 85,13.7,25.3
202605230502091101,1, 94, 84,2.5,4.3
202605230502091110,10,100, 92,21.6,39.8
202605230502091107,7,105, 93,9.8,17.9
202605230502091112,12, 99, 88,28.4,52.5
202605230502091115,15,106, 96,2.6,4.4
202605230502091108,8,100, 90,6.6,12.0
202605230502091106,6, 99, 87,6.7,12.1
202605230502091014,14, 92,101,2.5,3.9
202605230502091005,5, 94, 94,1.3,1.6
202605230502091011,11, 98, 98,2.0,2.9
202605230502091001,1, 93,101,1.6,2.3
202605230502091009,9, 98, 98,1.7,2.6
202605230502091016,16, 91, 91,23.7,39.2
202605230502091007,7, 94, 94,10.3,16.8
202605230502091003,3, 95, 95,4.0,6.3
202605230502091002,2, 93, 93,29.0,48.0
202605230502091008,8, 98, 98,1.4,2.0
202605230502091004,4, 93, 93,13.8,22.7
202605230502091006,6, 93, 93,12.4,20.3
202605230502091012,12, 93, 93,7.3,11.8
202605230502091015,15, 93, 93,39.5,65.4
202605230502091010,10, 92, 92,30.1,49.8
202605230502091013,13, 93, 93,26.0,42.9
202605230502090910,10, 95, 89,1.0,1.1
202605230502090908,8, 89, 94,3.3,21.5
202605230502090902,2, 83,100,1.7,9.4
202605230502090905,5, 87, 84,2.4,14.9
202605230502090906,6, 72, 77,8.4,59.4
202605230502090912,12, 80, 99,1.1,3.5
202605230502090903,3, 83,100,4.2,28.0
202605230502090907,7, 81,100,5.9,40.9
202605230502090901,1, 85, 91,5.4,37.1
202605230502090904,4, 87, 92,2.0,11.8
202605230502090909,9, 81, 75,3.2,20.3
202605230502090911,11, 84, 81,4.6,30.9
202605230502090803,3, 85, 95,3.2,5.2
202605230502090816,16, 81, 91,1.3,2.0
202605230502090802,2, 61, 70,21.3,37.1
202605230502090804,4, 85, 95,2.0,3.2
202605230502090809,9, 84, 94,2.1,3.3
202605230502090813,13, 86, 95,1.3,1.8
202605230502090814,14, 79, 89,4.4,7.4
202605230502090801,1, 82, 92,8.3,14.2
202605230502090807,7, 85, 94,6.9,11.8
202605230502090810,10, 90,100,1.2,1.6
202605230502090808,8, 78, 87,32.3,56.4
202605230502090806,6, 77, 87,25.0,43.6
202605230502090812,12, 73, 83,28.3,49.3
202605230502090811,11,,,7.0,11.9
202605230502090815,15, 75, 84,49.8,86.9
202605230502090805,5, 81, 90,27.5,47.9
202605230502090709,9, 90, 98,2.5,4.3
202605230502090713,13, 70, 80,2.8,4.9
202605230502090711,11, 88, 96,1.5,2.4
202605230502090715,15, 85,102,1.5,2.4
202605230502090712,12, 86, 94,3.8,6.8
202605230502090717,17, 92,101,1.1,1.3
202605230502090701,1, 78, 86,4.6,8.3
202605230502090708,8, 60, 69,38.0,70.6
202605230502090702,2, 89, 97,3.8,6.7
202605230502090703,3, 76, 85,16.3,30.1
202605230502090710,10, 89, 98,2.9,5.0
202605230502090718,18, 85, 94,32.1,59.6
202605230502090716,16, 86, 94,4.8,8.6
202605230502090714,14, 82, 90,7.9,14.3
202605230502090705,5, 82, 91,34.7,64.4
202605230502090707,7, 75, 84,65.1,121.0
202605230502090704,4, 71, 79,13.2,24.2
202605230502090706,6, 72, 81,71.0,132.0
202605230502090611,11, 88, 94,1.7,2.6
202605230502090605,5, 86,103,4.7,8.0
202605230502090601,1, 99,105,1.2,1.5
202605230502090612,12, 81, 99,5.7,9.8
202605230502090610,10, 93, 87,2.3,3.8
202605230502090604,4, 91, 96,4.9,8.3
202605230502090609,9, 81, 99,2.0,3.1
202605230502090607,7, 94, 99,1.9,3.0
202605230502090602,2, 84, 90,15.6,27.2
202605230502090614,14, 77, 82,25.0,43.7
202605230502090603,3, 84, 90,9.4,16.3
202605230502090613,13, 85, 91,12.0,20.9
202605230502090608,8, 43, 49,21.6,37.7
202605230502090606,6, 86,101,1.4,2.0
202605230502090507,7, 79, 96,1.3,1.8
202605230502090515,15, 77, 95,2.1,3.1
202605230502090502,2, 77, 96,1.5,2.1
202605230502090514,14, 74, 93,1.4,2.0
202605230502090508,8, 72, 91,7.8,12.2
202605230502090506,6, 73, 90,5.3,8.2
202605230502090512,12, 54, 72,17.5,27.9
202605230502090517,17, 66, 85,9.8,15.4
202605230502090513,13, 77, 96,1.9,2.8
202605230502090509,9, 77, 96,1.8,2.5
202605230502090501,1, 75, 93,25.3,40.4
202605230502090503,3, 79, 94,88.5,141.8
202605230502090516,16,,,46.2,73.9
202605230502090511,11, 68, 86,28.3,45.2
202605230502090505,5, 58, 73,100.6,161.2
202605230502090504,4, 54, 72,76.6,122.7
202605230502090510,10, 61, 78,51.4,82.3
202605230502090418,18, 79, 96,1.3,1.6
202605230502090412,12, 76, 94,2.7,4.1
202605230502090410,10, 71, 90,16.1,26.2
202605230502090416,16, 78, 94,2.7,4.2
202605230502090402,2, 80, 95,1.6,2.2
202605230502090417,17, 66, 83,17.4,28.4
202605230502090408,8, 60, 77,61.6,101.4
202605230502090411,11, 73, 91,11.7,19.1
202605230502090407,7, 58, 74,83.1,136.7
202605230502090415,15, 68, 86,22.5,36.9
202605230502090414,14, 71, 89,2.5,3.8
202605230502090401,1, 60, 77,5.8,9.3
202605230502090413,13, 59, 76,5.8,9.3
202605230502090409,9, 72, 90,16.1,26.2
202605230502090404,4, 77, 92,2.1,3.2
202605230502090403,3, 76, 93,3.9,6.2
202605230502090405,5,,,45.4,74.6
202605230502090406,6, 76, 93,1.9,2.8
202605230502090306,6, 81,100,1.1,1.7
202605230502090308,8, 80, 99,1.1,1.1
202605230502090303,3, 69, 88,3.4,8.7
202605230502090307,7, 73, 91,5.7,15.1
202605230502090302,2, 67, 85,11.0,29.9
202605230502090311,11, 75, 93,2.9,7.1
202605230502090304,4, 78, 97,1.3,2.7
202605230502090310,10, 63, 81,5.9,15.7
202605230502090301,1, 57, 75,4.3,11.1
202605230502090309,9, 51, 70,21.2,58.0
202605230502090305,5, 74, 93,2.0,4.7
202605230502090312,12, 57, 75,5.2,13.7
202605230502090313,13, 60, 79,16.3,44.4
202605230502090201,1, 84, 99,1.2,5.3
202605230502090214,14, 83,100,1.1,1.1
202605230502090216,16, 83, 99,1.2,4.7
202605230502090206,6, 68, 85,2.3,12.0
202605230502090213,13,,,19.2,117.5
202605230502090204,4, 64, 80,73.4,456.4
202605230502090211,11, 75, 90,12.5,75.7
202605230502090202,2,,,16.2,98.7
202605230502090209,9, 65, 82,36.7,227.3
202605230502090203,3, 73, 89,10.5,63.4
202605230502090207,7, 72, 88,4.3,24.1
202605230502090212,12, 72, 87,24.9,153.6
202605230502090215,15, 30, 48,24.4,150.5
202605230502090210,10, 58, 75,11.8,71.6
202605230502090205,5, 64, 79,17.5,107.0
202605230502090208,8, 66, 84,1.4,6.3
202605230502090113,13, 76, 93,1.9,3.2
202605230502090114,14, 79, 96,1.2,1.7
202605230502090112,12, 81, 97,3.9,7.0
202605230502090110,10, 73, 90,2.1,3.5
202605230502090103,3, 58, 76,11.8,22.0
202605230502090108,8, 72, 89,1.7,2.8
202605230502090102,2, 52, 70,3.7,6.6
202605230502090107,7, 77, 93,10.2,19.0
202605230502090115,15, 76, 93,1.2,1.5
202605230502090111,11, 68, 83,13.2,24.7
202605230502090101,1, 63, 80,4.5,8.1
202605230502090106,6, 63, 81,3.7,6.7
202605230502090109,9, 61, 76,13.3,24.9
202605230502090104,4,,,40.8,76.7
202605230502090105,5,,,13.2,24.7
202605230803091204,4, 99, 99,1.2,1.6
202605230803091207,7, 67, 67,2.4,3.8
202605230803091206,6, 95, 95,1.4,2.1
202605230803091214,14, 95, 95,1.4,2.0
202605230803091210,10, 98, 98,3.9,6.2
202605230803091208,8, 97, 97,2.3,3.5
202605230803091205,5, 88, 88,7.5,12.3
202605230803091213,13, 87, 87,5.9,9.6
202605230803091209,9, 86, 86,16.3,27.3
202605230803091201,1, 81, 81,12.5,20.9
202605230803091211,11, 92, 92,20.9,35.0
202605230803091203,3, 91, 91,13.8,23.0
202605230803091212,12, 88, 88,3.1,5.0
202605230803091202,2, 96,106,3.4,5.5
202605230803091114,14,108, 88,1.1,1.2
202605230803091105,5,111, 95,4.0,6.8
202605230803091111,11,111, 98,2.5,4.1
202605230803091109,9,106, 99,5.4,9.3
202605230803091108,8, 99, 87,6.7,11.6
202605230803091112,12, 98, 82,5.6,9.6
202605230803091101,1,112, 99,7.5,13.0
202605230803091115,15,,,2.0,3.2
202605230803091107,7,100, 87,3.0,5.0
202605230803091110,10,109, 93,6.2,10.8
202605230803091104,4, 99, 83,5.1,8.8
202605230803091103,3,108,101,1.8,2.7
202605230803091113,13,109, 93,6.7,11.5
202605230803091116,16,116,100,3.5,5.8
202605230803091102,2, 76, 63,17.4,30.2
202605230803091106,6,,,4.1,7.0
202605230803091015,15, 93, 85,1.4,2.1
202605230803091001,1, 95, 87,13.2,21.5
202605230803091004,4,106, 98,3.0,4.6
202605230803091010,10,104, 97,5.5,8.8
202605230803091016,16, 95, 87,5.5,8.8
202605230803091008,8,106, 98,3.0,4.6
202605230803091013,13,104, 96,15.8,25.7
202605230803091006,6,104, 96,1.3,1.6
202605230803091012,12,104, 96,22.3,36.4
202605230803091009,9,102, 94,17.8,29.0
202605230803091007,7, 71, 63,20.9,34.2
202605230803091011,11,103,103,2.3,3.4
202605230803091005,5, 97, 81,11.8,19.1
202605230803091003,3, 95, 87,5.7,9.1
202605230803091014,14,103, 95,3.1,4.8
202605230803091002,2,102,102,1.4,2.0
202605230803090902,2, 83,100,4.6,6.7
202605230803090905,5, 84,100,1.5,2.0
202605230803090907,7, 85, 79,1.5,2.0
202605230803090908,8, 95, 77,2.5,3.6
202605230803090906,6, 94, 99,1.4,1.8
202605230803090911,11, 87, 92,4.4,6.4
202605230803090910,10, 86, 85,8.1,11.9
202605230803090903,3, 80, 98,8.8,12.9
202605230803090901,1, 84, 89,5.7,8.3
202605230803090904,4, 84,101,1.6,2.2
202605230803090909,9, 87, 92,2.6,3.7
202605230803090810,10, 91,100,1.1,1.1
202605230803090803,3, 88, 96,1.7,4.2
202605230803090809,9, 88, 97,1.5,3.4
202605230803090806,6, 87, 95,1.8,4.6
202605230803090802,2, 81, 89,15.7,47.7
202605230803090815,15, 84, 92,2.9,7.9
202605230803090808,8, 87, 87,5.6,16.5
202605230803090812,12, 74, 82,5.3,15.3
202605230803090811,11, 85, 93,1.6,4.0
202605230803090804,4, 63, 71,11.1,33.4
202605230803090805,5, 73, 82,11.9,35.9
202605230803090813,13, 79, 87,9.1,27.3
202605230803090801,1, 74, 74,40.2,123.6
202605230803090814,14,,,30.8,94.4
202605230803090807,7, 67, 77,26.7,81.7
202605230803090703,3, 89, 98,2.1,3.2
202605230803090705,5, 82, 91,1.3,1.6
202605230803090712,12, 87, 96,1.7,2.5
202605230803090707,7, 86, 95,3.8,6.0
202605230803090706,6, 82, 91,11.8,19.1
202605230803090714,14, 75, 84,7.2,11.6
202605230803090709,9, 80, 90,7.6,12.3
202605230803090708,8, 88, 97,1.5,2.1
202605230803090716,16, 88, 97,3.3,5.2
202605230803090715,15, 82, 91,14.6,23.8
202605230803090701,1, 85, 93,1.9,2.8
202605230803090713,13, 81, 90,13.7,22.3
202605230803090704,4, 77, 86,52.1,84.9
202605230803090710,10, 87, 92,4.6,7.3
202605230803090711,11, 78, 87,10.3,16.7
202605230803090702,2, 64, 73,21.4,34.9
202605230803090607,7, 89, 94,3.2,4.6
202605230803090611,11, 86,102,3.5,5.1
202605230803090615,15, 91, 96,1.5,2.0
202605230803090608,8, 88, 93,9.9,14.9
202605230803090604,4, 88, 93,1.6,2.2
202605230803090614,14, 85,100,4.9,7.2
202605230803090601,1, 91, 96,2.3,3.3
202605230803090609,9, 83, 88,10.7,16.1
202605230803090606,6, 89, 94,6.7,10.1
202605230803090610,10, 89, 94,4.1,6.0
202605230803090603,3, 87,103,1.5,1.9
202605230803090602,2, 87, 92,24.5,37.1
202605230803090612,12, 94,110,2.8,4.0
202605230803090616,16, 79, 84,23.5,35.6
202605230803090605,5, 83, 88,8.2,12.3
202605230803090613,13, 83, 98,15.2,23.0
202605230803090510,10, 65, 84,3.5,5.3
202605230803090506,6, 77, 96,1.3,1.6
202605230803090514,14, 72, 91,6.0,9.2
202605230803090504,4, 71, 90,2.5,3.6
202605230803090502,2, 72, 91,5.6,8.6
202605230803090508,8, 76, 95,1.8,2.6
202605230803090509,9, 76, 95,5.0,7.7
202605230803090512,12,,,17.7,27.8
202605230803090505,5, 51, 69,26.9,42.3
202605230803090501,1, 80, 97,2.1,3.0
202605230803090513,13, 78, 97,1.7,2.3
202605230803090511,11, 76, 95,1.8,2.6
202605230803090507,7, 46, 64,26.2,41.1
202605230803090503,3, 71, 90,14.5,22.8
202605230803090401,1, 77, 95,2.3,3.3
202605230803090405,5, 71, 87,2.0,2.9
202605230803090413,13, 47, 65,6.5,9.8
202605230803090414,14, 71, 90,3.4,5.0
202605230803090417,17, 70, 86,15.2,23.3
202605230803090408,8, 75, 93,2.1,3.0
202605230803090411,11, 68, 85,1.8,2.5
202605230803090410,10, 48, 66,76.3,118.0
202605230803090406,6, 78, 95,4.5,6.7
202605230803090415,15, 81, 99,1.4,1.7
202605230803090412,12, 61, 76,48.8,75.4
202605230803090402,2, 60, 76,8.4,12.8
202605230803090403,3, 71, 88,16.9,25.9
202605230803090409,9,,,23.0,35.4
202605230803090404,4,,,17.3,26.6
202605230803090407,7, 44, 63,47.4,73.2
202605230803090416,16, 75, 91,1.8,2.5
202605230803090304,4, 81, 96,1.6,2.2
202605230803090307,7, 52, 68,2.1,3.1
202605230803090311,11, 79, 95,9.4,14.9
202605230803090315,15, 82, 97,2.8,4.3
202605230803090308,8, 81, 96,2.6,3.8
202605230803090309,9, 84, 99,1.3,1.6
202605230803090302,2, 73, 89,1.7,2.5
202605230803090313,13,,,3.7,5.7
202605230803090314,14, 65, 80,13.5,21.6
202605230803090310,10, 78, 94,7.9,12.6
202605230803090316,16, 79, 96,8.7,13.8
202605230803090306,6, 67, 83,53.9,87.0
202605230803090301,1, 77, 94,5.9,9.2
202605230803090312,12, 46, 61,41.1,66.4
202605230803090305,5, 49, 64,30.9,49.8
202605230803090303,3, 74, 91,3.1,4.7
202605230803090209,9, 62, 80,1.9,2.9
202605230803090202,2,,,2.5,4.0
202605230803090203,3, 81, 98,1.2,1.5
202605230803090214,14, 70, 88,3.5,5.7
202605230803090211,11, 65, 83,1.5,2.1
202605230803090210,10, 70, 88,1.6,2.5
202605230803090207,7, 70, 88,1.7,2.5
202605230803090213,13, 59, 75,28.5,49.1
202605230803090208,8, 60, 78,18.4,31.5
202605230803090204,4, 58, 76,9.3,15.7
202605230803090205,5, 64, 82,9.3,15.7
202605230803090206,6, 39, 58,26.4,45.5
202605230803090212,12, 65, 81,46.7,80.3
202605230803090201,1, 43, 61,7.8,13.2
202605230803090103,3, 83, 98,1.4,1.8
202605230803090101,1, 89,105,2.0,2.8
202605230803090106,6, 70, 87,3.3,4.8
202605230803090109,9, 81, 96,1.9,2.7
202605230803090110,10, 69, 85,2.5,3.7
202605230803090112,12, 58, 73,48.7,75.6
202605230803090108,8, 80, 95,5.8,8.8
202605230803090116,16, 82, 98,1.6,2.3
202605230803090111,11, 77, 92,4.7,7.0
202605230803090115,15, 67, 82,73.5,114.1
202605230803090113,13,,,31.9,49.4
202605230803090107,7, 65, 80,10.0,15.3
202605230803090104,4, 81, 96,1.6,2.2
202605230803090105,5, 48, 63,51.9,80.6
202605230803090102,2,,,24.3,37.6
202605230803090114,14,  4, 19,147.1,228.5
202605170401061210,10, 87, 96,1.4,1.9
202605170401061209,9, 73, 82,3.5,5.5
202605170401061207,7, 84, 93,1.7,2.4
202605170401061201,1, 86, 95,2.1,3.1
202605170401061204,4, 86, 95,1.3,1.7
202605170401061205,5, 82, 91,1.8,2.7
202605170401061202,2, 80, 89,7.0,11.2
202605170401061208,8, 60, 70,25.9,41.7
202605170401061206,6, 66, 76,6.3,10.1
202605170401061203,3, 80, 89,1.7,2.5
202605170401061211,11, 42, 59,31.3,50.3
202605170401061106,6,103, 95,1.2,1.3
202605170401061115,15,101, 93,5.7,9.4
202605170401061113,13, 98, 90,4.6,7.5
202605170401061110,10,100, 92,11.1,18.7
202605170401061116,16,101, 93,4.9,8.1
202605170401061109,9, 95, 88,11.9,20.1
202605170401061108,8,108,100,2.4,3.7
202605170401061103,3,100, 92,2.0,3.1
202605170401061112,12, 99, 99,8.3,13.8
202605170401061111,11, 98, 90,2.3,3.7
202605170401061105,5, 99, 91,17.1,28.9
202605170401061102,2,102, 94,17.6,29.8
202605170401061114,14,105, 97,3.1,5.0
202605170401061107,7,103, 95,1.8,2.7
202605170401061101,1, 95, 88,17.1,28.9
202605170401061104,4,105, 97,2.5,3.9
202605170401061014,14, 94,102,1.2,1.4
202605170401061004,4, 97, 97,3.6,5.8
202605170401061001,1, 98, 98,1.7,2.5
202605170401061009,9, 96, 96,2.3,3.5
202605170401061016,16, 95, 95,3.4,5.4
202605170401061010,10, 88, 88,7.5,12.3
202605170401061007,7, 90, 90,7.9,12.9
202605170401061008,8, 81, 81,35.6,58.8
202605170401061006,6, 92, 92,26.6,44.0
202605170401061011,11, 90, 90,6.0,9.7
202605170401061003,3, 86, 86,18.5,30.5
202605170401061015,15, 94, 94,1.7,2.6
202605170401061005,5, 93, 93,3.8,5.9
202605170401061002,2, 88, 88,6.7,10.9
202605170401061012,12, 88, 88,5.5,8.8
202605170401061013,13, 83, 83,2.5,3.9
202605170401060907,7, 80, 89,9.5,14.3
202605170401060908,8, 86, 95,2.8,4.0
202605170401060913,13, 75, 84,2.2,3.2
202605170401060904,4, 87, 96,2.6,3.7
202605170401060912,12, 81, 90,1.6,2.2
202605170401060902,2, 79, 88,8.9,13.3
202605170401060906,6, 75, 85,12.6,19.0
202605170401060909,9, 78, 87,8.1,12.1
202605170401060910,10, 74, 83,1.8,2.5
202605170401060916,16, 87, 96,1.8,2.5
202605170401060915,15, 86, 95,1.5,1.8
202605170401060901,1, 82, 91,16.7,25.3
202605170401060914,14, 52, 61,29.5,44.9
202605170401060911,11, 64, 74,24.7,37.5
202605170401060905,5, 87, 96,6.4,9.5
202605170401060903,3, 36, 46,112.3,170.7
202605170401060810,10, 87, 96,1.2,1.7
202605170401060808,8, 73, 82,1.7,2.8
202605170401060802,2, 86, 96,1.1,1.4
202605170401060803,3, 78, 88,3.4,6.2
202605170401060805,5, 71, 80,2.7,4.9
202605170401060809,9,,,3.2,5.9
202605170401060807,7, 76, 84,2.5,4.5
202605170401060801,1, 65, 74,10.5,19.6
202605170401060806,6, 80, 89,10.2,19.0
202605170401060804,4, 81, 91,1.4,2.3
202605170401060708,8, 87, 95,1.3,1.8
202605170401060704,4, 75, 83,2.8,4.4
202605170401060712,12, 89, 97,1.3,1.7
202605170401060701,1, 87, 95,1.3,1.9
202605170401060711,11, 86, 94,2.5,3.9
202605170401060703,3, 78, 86,32.4,54.0
202605170401060705,5, 58, 66,7.6,12.5
202605170401060710,10, 89, 97,1.9,2.9
202605170401060709,9, 72, 80,4.5,7.2
202605170401060706,6, 64, 72,25.8,42.9
202605170401060707,7, 57, 66,11.1,18.3
202605170401060702,2, 76, 85,3.7,5.8
202605170401060713,13, 78, 87,16.1,26.7
202605170401060603,3, 70, 88,1.8,2.5
202605170401060605,5, 75, 92,1.6,2.0
202605170401060604,4, 67, 84,3.0,4.3
202605170401060606,6, 66, 84,1.6,2.0
202605170401060612,12, 65, 82,7.6,11.1
202605170401060607,7, 72, 90,3.5,5.0
202605170401060609,9, 65, 83,6.3,9.2
202605170401060601,1, 71, 89,3.7,5.3
202605170401060610,10, 58, 73,8.2,12.0
202605170401060602,2, 71, 89,1.9,2.5
202605170401060611,11, 51, 69,13.2,19.3
202605170401060608,8, 74, 89,2.0,2.7
202605170401060613,13, 70, 89,18.0,26.2
202605170401060513,13, 78, 97,1.3,1.8
202605170401060504,4, 76, 94,2.6,4.0
202605170401060510,10, 70, 89,3.7,5.8
202605170401060508,8, 63, 82,1.4,2.1
202605170401060515,15, 68, 87,12.8,20.6
202605170401060505,5, 81,100,1.5,2.2
202605170401060506,6, 71, 90,6.4,10.2
202605170401060502,2, 70, 89,20.2,32.7
202605170401060514,14, 70, 89,18.4,29.8
202605170401060516,16, 77, 96,8.0,12.7
202605170401060507,7, 76, 94,4.0,6.3
202605170401060511,11, 29, 48,18.7,30.3
202605170401060509,9, 66, 84,31.0,50.3
202605170401060503,3, 56, 75,96.6,156.7
202605170401060512,12, 65, 82,8.4,13.4
202605170401060501,1, 80, 99,1.4,1.9
202605170401060408,8,,,1.6,2.2
202605170401060412,12,,,1.3,1.6
202605170401060407,7, 86, 86,10.7,17.0
202605170401060409,9,,,1.8,2.6
202605170401060411,11, 98, 93,1.8,2.5
202605170401060404,4, 66, 60,3.6,5.5
202605170401060414,14,,,15.3,24.5
202605170401060401,1, 81, 90,5.6,8.8
202605170401060406,6,,,1.9,2.7
202605170401060403,3,,,2.5,3.8
202605170401060402,2,,,14.3,22.8
202605170401060405,5, 72, 81,13.2,21.1
202605170401060410,10, 31, 40,9.1,14.4
202605170401060413,13, 66, 75,29.1,46.5
202605170401060310,10, 72, 87,2.4,4.5
202605170401060306,6, 77, 92,1.1,1.5
202605170401060312,12, 87,102,1.1,1.5
202605170401060314,14, 79, 93,2.0,3.6
202605170401060304,4,,,8.9,18.5
202605170401060307,7,,,17.5,36.7
202605170401060308,8, 74, 89,2.5,4.7
202605170401060309,9, 74, 86,3.6,7.1
202605170401060302,2, 75, 91,1.4,2.5
202605170401060301,1, 71, 85,9.3,19.2
202605170401060313,13, 55, 73,60.3,127.4
202605170401060311,11,,,35.2,74.4
202605170401060315,15, 56, 71,6.8,13.9
202605170401060305,5, 28, 42,7.7,15.9
202605170401060303,3,,,49.3,104.2
202605170401060206,6, 81, 98,1.1,1.1
202605170401060207,7, 82, 99,1.1,2.9
202605170401060201,1, 71, 90,1.1,3.9
202605170401060203,3, 73, 90,3.0,14.1
202605170401060208,8, 61, 80,5.3,26.1
202605170401060204,4, 50, 67,27.6,144.7
202605170401060202,2, 68, 86,4.3,21.0
202605170401060205,5, 57, 75,12.9,66.4
202605170401060209,9, 70, 88,1.3,4.9
202605170401060106,6,,,1.1,1.1
202605170401060111,11,,,2.4,4.8
202605170401060103,3,,,2.0,4.0
202605170401060113,13,,,1.6,2.9
202605170401060102,2,,,4.6,9.7
202605170401060105,5, 67, 77,18.9,41.5
202605170401060112,12,,,1.8,3.5
202605170401060114,14,,,6.2,13.2
202605170401060104,4,,,11.9,26.1
202605170401060110,10,,,7.3,15.8
202605170401060107,7, 77, 85,4.2,8.8
202605170401060109,9, 85, 85,9.8,21.3
202605170401060108,8, 80, 80,1.9,3.6
202605170401060101,1, 84, 92,16.7,36.8
202605170502081208,8,103, 99,1.5,1.9
202605170502081211,11,103, 99,3.2,4.5
202605170502081212,12,104, 98,3.3,4.7
202605170502081210,10,100,100,1.8,2.5
202605170502081215,15, 96, 92,18.6,27.6
202605170502081206,6, 98, 91,20.2,29.9
202605170502081204,4, 94, 90,13.1,19.4
202605170502081201,1, 94, 90,36.4,53.9
202605170502081205,5,101, 95,3.5,5.0
202605170502081209,9,100, 97,9.1,13.4
202605170502081203,3, 98, 98,1.7,2.3
202605170502081202,2,102, 96,4.6,6.6
202605170502081213,13,100,100,1.6,2.2
202605170502081216,16, 89, 82,3.0,4.2
202605170502081207,7, 97, 93,14.1,20.9
202605170502081214,14,,,11.6,17.1
202605170502081112,12,116, 98,1.1,1.3
202605170502081108,8,116, 98,1.6,2.4
202605170502081107,7,117, 95,2.1,3.5
202605170502081104,4,113, 97,3.6,6.3
202605170502081109,9,112, 95,4.0,7.1
202605170502081116,16,113, 97,2.8,4.7
202605170502081106,6,109, 91,3.4,6.0
202605170502081114,14,113, 96,4.4,7.9
202605170502081103,3,107, 95,9.5,17.3
202605170502081113,13,110, 92,4.7,8.3
202605170502081111,11,109, 93,6.0,10.8
202605170502081117,17,109, 93,5.3,9.6
202605170502081115,15,110, 98,7.7,14.1
202605170502081105,5,111, 95,12.8,23.5
202605170502081102,2,107, 91,21.9,40.5
202605170502081118,18,114, 94,3.7,6.5
202605170502081101,1,104, 86,15.2,28.1
202605170502081110,10,104, 92,9.6,17.6
202605170502081007,7, 92, 92,3.8,6.3
202605170502081013,13, 84, 84,2.9,4.8
202605170502081008,8, 86, 86,5.3,8.9
202605170502081004,4, 91, 91,2.9,4.7
202605170502081003,3, 92, 92,2.7,4.4
202605170502081009,9, 89, 89,2.7,4.3
202605170502081015,15, 91, 91,2.7,4.3
202605170502081014,14, 96, 96,1.7,2.4
202605170502081011,11, 93, 93,2.3,3.6
202605170502081012,12, 72, 72,33.6,57.6
202605170502081005,5, 86, 86,19.6,33.6
202605170502081006,6, 90,100,5.1,8.5
202605170502081001,1, 97,106,1.2,1.4
202605170502081010,10, 85, 85,8.5,14.4
202605170502081002,2, 89, 89,13.5,23.1
202605170502080912,12, 94,102,1.1,1.4
202605170502080901,1, 92, 92,1.7,3.0
202605170502080907,7, 92,100,2.1,3.7
202605170502080904,4, 93, 93,1.2,1.7
202605170502080902,2, 88, 88,5.9,11.2
202605170502080909,9, 96, 96,2.5,4.4
202605170502080908,8, 94, 94,3.0,5.5
202605170502080905,5, 94, 94,4.4,8.3
202605170502080903,3, 89, 89,1.9,3.3
202605170502080910,10, 85, 85,37.2,72.0
202605170502080911,11, 70, 70,8.7,16.8
202605170502080906,6, 96, 96,7.1,13.6
202605170502080805,5, 65, 75,10.2,16.4
202605170502080808,8, 68, 77,1.3,1.6
202605170502080811,11, 82, 90,9.9,15.9
202605170502080810,10, 85, 93,1.7,2.5
202605170502080806,6, 85, 94,7.9,12.7
202605170502080804,4, 85, 94,3.5,5.5
202605170502080801,1, 79, 87,1.5,2.1
202605170502080813,13, 83, 91,3.1,4.8
202605170502080814,14, 82, 91,9.9,15.9
202605170502080812,12, 85, 94,28.0,45.6
202605170502080807,7, 45, 55,27.4,44.6
202605170502080809,9, 84, 92,1.6,2.2
202605170502080815,15, 79, 87,40.9,66.7
202605170502080803,3, 87, 95,3.7,5.7
202605170502080802,2,,,2.9,4.5
202605170502080702,2, 94, 93,1.4,2.0
202605170502080705,5, 84, 99,1.4,2.0
202605170502080706,6, 92, 88,2.5,3.8
202605170502080704,4, 88, 93,1.3,1.7
202605170502080707,7, 89, 86,1.4,2.0
202605170502080708,8,,,18.0,27.0
202605170502080703,3, 81, 80,30.6,45.8
202605170502080701,1, 80, 99,1.4,2.0
202605170502080606,6, 84, 90,1.2,2.0
202605170502080601,1, 96,111,1.1,1.5
202605170502080607,7, 91, 96,1.3,2.1
202605170502080603,3, 82, 87,5.3,9.8
202605170502080604,4, 84, 90,2.7,4.8
202605170502080602,2, 87, 92,2.5,4.5
202605170502080608,8, 69, 88,18.4,34.1
202605170502080605,5, 93, 90,1.1,1.5
202605170502080505,5, 79, 98,1.1,2.4
202605170502080506,6, 68, 87,18.8,102.1
202605170502080511,11, 80, 98,1.1,1.1
202605170502080510,10, 78, 97,1.3,4.9
202605170502080503,3, 72, 90,2.3,10.6
202605170502080501,1, 71, 90,1.9,8.3
202605170502080502,2, 66, 85,2.9,13.8
202605170502080504,4, 70, 89,4.3,21.6
202605170502080509,9, 71, 90,7.5,39.6
202605170502080508,8, 63, 82,9.4,50.0
202605170502080507,7, 75, 93,4.5,22.6
202605170502080416,16, 80, 98,1.1,1.1
202605170502080404,4, 76, 94,2.7,14.1
202605170502080409,9, 73, 92,1.5,6.5
202605170502080414,14,,,6.6,37.6
202605170502080405,5, 81, 99,1.8,8.6
202605170502080412,12, 76, 95,1.8,8.7
202605170502080401,1, 75, 94,7.0,39.5
202605170502080410,10,,,24.1,143.1
202605170502080408,8, 68, 86,24.3,144.2
202605170502080417,17, 64, 83,5.8,32.6
202605170502080407,7, 71, 90,17.6,104.0
202605170502080403,3,,,1.1,3.4
202605170502080402,2, 73, 92,29.0,172.5
202605170502080406,6, 60, 78,21.2,125.6
202605170502080411,11, 63, 80,30.2,179.6
202605170502080415,15, 70, 87,71.4,428.2
202605170502080413,13, 52, 71,21.0,124.3
202605170502080304,4, 73, 91,1.3,1.6
202605170502080302,2, 77, 96,1.5,2.1
202605170502080309,9, 67, 86,2.5,3.8
202605170502080308,8, 69, 88,1.5,2.1
202605170502080311,11, 66, 83,4.7,7.4
202605170502080307,7, 72, 91,1.4,2.0
202605170502080303,3, 65, 83,5.9,9.5
202605170502080312,12, 57, 74,18.5,30.2
202605170502080310,10, 70, 89,5.5,8.8
202605170502080305,5,,,46.2,75.4
202605170502080306,6, 56, 74,19.6,32.0
202605170502080301,1, 70, 89,2.7,4.1
202605170502080214,14, 83, 98,1.1,1.1
202605170502080205,5, 75, 92,1.2,3.9
202605170502080204,4, 73, 90,4.9,26.0
202605170502080209,9, 69, 84,4.6,24.1
202605170502080203,3, 72, 88,9.3,51.5
202605170502080210,10, 68, 85,1.4,5.5
202605170502080213,13,,,3.8,19.7
202605170502080206,6, 32, 50,18.1,102.2
202605170502080212,12,,,5.1,26.9
202605170502080215,15,,,8.0,43.8
202605170502080208,8,,,41.8,239.0
202605170502080211,11, 40, 58,16.3,92.1
202605170502080216,16, 15, 33,5.0,26.5
202605170502080207,7, 64, 79,1.8,8.1
202605170502080201,1, 56, 71,46.1,263.9
202605170502080202,2, 63, 78,4.9,26.1
202605170502080102,2, 73, 91,2.0,2.8
202605170502080113,13, 63, 81,2.4,3.5
202605170502080104,4, 64, 81,1.8,2.5
202605170502080110,10, 68, 85,3.3,4.9
202605170502080112,12, 59, 77,4.0,6.1
202605170502080108,8, 62, 79,6.4,9.8
202605170502080101,1,,,10.8,16.8
202605170502080116,16, 66, 83,2.9,4.4
202605170502080109,9, 62, 77,18.9,29.6
202605170502080105,5, 77, 94,1.3,1.6
202605170502080111,11, 51, 66,19.4,30.5
202605170502080103,3,,,1.9,2.8
202605170502080106,6, 71, 87,4.9,7.5
202605170502080114,14, 33, 39,40.9,64.3
202605170502080115,15, 58, 77,6.7,10.4
202605170502080107,7, 56, 71,62.8,98.7
202605170803081202,2, 92, 92,3.8,5.8
202605170803081210,10, 92, 92,1.9,2.7
202605170803081203,3, 93, 93,2.2,3.3
202605170803081211,11, 97, 97,1.6,2.2
202605170803081204,4, 92, 92,6.9,10.6
202605170803081213,13, 92, 92,6.4,9.8
202605170803081205,5, 90, 98,2.7,4.0
202605170803081212,12, 91, 91,9.1,14.1
202605170803081209,9, 86, 86,9.5,14.8
202605170803081206,6, 90, 90,4.8,7.3
202605170803081208,8, 95, 95,1.3,1.6
202605170803081201,1, 82, 82,29.1,45.4
202605170803081207,7, 95, 95,1.5,2.1
202605170803081104,4,111,100,3.8,5.7
202605170803081111,11,108, 98,1.6,2.1
202605170803081101,1,,,1.6,2.2
202605170803081106,6,105, 99,2.7,3.9
202605170803081114,14,105, 95,5.1,7.6
202605170803081113,13,112,102,1.4,1.7
202605170803081110,10,,,2.5,3.7
202605170803081112,12, 96, 85,13.7,20.9
202605170803081105,5,105, 99,3.0,4.4
202605170803081102,2, 93, 85,7.2,10.9
202605170803081108,8,100, 92,13.9,21.3
202605170803081116,16,107, 95,3.2,4.7
202605170803081103,3, 93, 85,8.9,13.5
202605170803081115,15, 89, 81,16.5,25.3
202605170803081107,7,103, 93,10.5,16.0
202605170803081109,9, 76, 68,24.3,37.1
202605170803081012,12,100,100,3.1,4.3
202605170803081003,3,103, 95,3.2,4.4
202605170803081007,7,102, 94,2.3,3.1
202605170803081001,1,103, 95,2.2,3.0
202605170803081004,4,102, 94,2.4,3.3
202605170803081009,9,110, 92,2.0,2.6
202605170803081002,2,100, 92,6.4,9.1
202605170803081010,10,106, 98,1.4,1.6
202605170803081011,11,101, 93,5.1,7.2
202605170803081013,13, 93, 86,5.7,8.0
202605170803081005,5,104, 96,7.0,10.0
202605170803081006,6, 95, 87,6.4,9.0
202605170803081008,8,102, 94,2.8,3.8
202605170803080903,3, 96, 96,1.3,6.0
202605170803080905,5, 99, 99,1.0,1.1
202605170803080901,1, 94, 94,1.2,4.7
202605170803080908,8, 94,102,1.9,10.1
202605170803080906,6, 93,101,1.6,8.0
202605170803080909,9, 98, 98,2.9,16.7
202605170803080910,10, 91, 91,3.9,24.3
202605170803080904,4, 79, 79,20.1,135.3
202605170803080907,7, 89, 89,21.1,141.7
202605170803080902,2, 75, 75,14.4,96.4
202605170803080808,8, 93, 93,1.6,2.4
202605170803080803,3, 96, 96,1.2,1.5
202605170803080807,7, 99, 99,1.4,2.0
202605170803080804,4, 78, 78,1.9,2.9
202605170803080806,6, 96, 96,1.3,1.8
202605170803080801,1, 86, 86,4.6,7.0
202605170803080805,5, 89, 89,11.7,17.7
202605170803080802,2, 96, 96,1.9,2.9
202605170803080712,12, 88, 97,1.6,2.2
202605170803080703,3, 77, 85,2.2,3.2
202605170803080709,9, 86, 94,1.6,2.3
202605170803080706,6, 82, 91,2.8,4.2
202605170803080710,10, 84, 93,6.6,10.3
202605170803080701,1, 85, 93,1.5,2.0
202605170803080708,8, 82, 90,4.8,7.3
202605170803080704,4, 90, 99,1.3,1.7
202605170803080711,11, 72, 81,5.1,7.8
202605170803080707,7, 84, 93,9.6,14.9
202605170803080705,5, 75, 83,20.4,31.5
202605170803080702,2, 85, 85,6.0,9.2
202605170803080608,8, 93, 99,3.1,4.8
202605170803080606,6, 94,100,1.3,1.8
202605170803080604,4,103,109,1.4,1.9
202605170803080601,1, 81, 99,6.8,10.8
202605170803080614,14, 93, 99,1.4,2.1
202605170803080609,9, 78, 84,3.7,5.8
202605170803080616,16, 90,108,4.9,7.8
202605170803080607,7, 83, 89,1.9,2.8
202605170803080615,15, 90,108,6.8,10.8
202605170803080605,5, 84, 89,13.8,22.3
202605170803080602,2, 83, 88,30.6,49.6
202605170803080613,13,,,16.0,25.8
202605170803080610,10, 83,101,3.8,5.8
202605170803080612,12, 81, 87,12.4,20.0
202605170803080611,11,,,6.2,9.8
202605170803080603,3, 65, 70,27.8,45.0
202605170803080503,3, 66, 85,2.0,3.1
202605170803080506,6, 79, 98,1.3,1.9
202605170803080510,10, 55, 71,11.5,19.6
202605170803080505,5, 79, 98,1.2,1.7
202605170803080509,9, 80, 99,1.2,1.6
202605170803080507,7, 75, 94,6.5,10.8
202605170803080502,2, 79, 97,1.4,2.1
202605170803080504,4, 61, 80,11.6,19.7
202605170803080501,1, 52, 70,22.3,38.1
202605170803080508,8, 75, 94,3.1,5.0
202605170803080404,4, 82, 99,1.7,2.2
202605170803080411,11, 79, 96,1.8,2.5
202605170803080408,8, 76, 92,5.7,8.3
202605170803080409,9, 57, 73,9.1,13.5
202605170803080406,6, 80, 97,8.7,12.8
202605170803080416,16, 77, 94,3.8,5.5
202605170803080401,1, 75, 94,14.5,21.5
202605170803080412,12, 82, 99,1.6,2.2
202605170803080417,17, 82, 99,1.5,2.0
202605170803080415,15, 67, 85,66.3,98.9
202605170803080403,3, 87,102,1.7,2.3
202605170803080402,2, 73, 89,6.9,10.2
202605170803080410,10, 78, 96,7.6,11.2
202605170803080414,14, 67, 84,21.1,31.4
202605170803080413,13, 43, 60,9.2,13.6
202605170803080405,5, 67, 82,94.6,141.2
202605170803080407,7, 52, 70,38.0,56.8
202605170803080303,3, 75, 93,1.8,3.1
202605170803080308,8, 78, 96,1.4,2.3
202605170803080301,1, 74, 92,3.9,7.2
202605170803080312,12, 67, 85,18.8,36.8
202605170803080310,10, 64, 82,14.5,28.2
202605170803080309,9, 80, 98,1.2,1.8
202605170803080306,6, 63, 81,6.5,12.4
202605170803080307,7, 70, 89,3.3,6.1
202605170803080311,11, 72, 91,1.7,2.9
202605170803080305,5, 62, 81,9.7,18.7
202605170803080302,2, 44, 62,30.6,59.8
202605170803080304,4, 80, 98,1.1,1.3
202605170803080202,2, 82, 98,1.6,2.4
202605170803080210,10, 89,105,1.2,1.5
202605170803080209,9, 80, 96,1.4,1.9
202605170803080212,12, 77, 93,2.9,4.8
202605170803080201,1, 82, 98,1.6,2.5
202605170803080216,16, 73, 89,2.7,4.4
202605170803080208,8,,,44.3,78.3
202605170803080203,3, 68, 86,5.8,9.9
202605170803080206,6, 84,101,2.5,4.1
202605170803080213,13, 72, 88,14.6,25.5
202605170803080205,5, 59, 75,48.1,85.0
202605170803080214,14,,,7.5,12.9
202605170803080207,7, 52, 70,42.7,75.5
202605170803080215,15, 60, 77,30.3,53.5
202605170803080211,11, 39, 57,29.1,51.3
202605170803080204,4, 28, 46,18.1,31.7
202605170803080110,10, 79, 95,1.4,2.0
202605170803080112,12,,,2.3,3.4
202605170803080108,8, 72, 90,1.4,1.9
202605170803080101,1, 76, 94,2.3,3.5
202605170803080106,6, 66, 81,39.1,64.8
202605170803080109,9, 57, 75,19.4,32.1
202605170803080103,3, 68, 86,1.3,1.7
202605170803080102,2, 54, 69,15.4,25.4
202605170803080113,13, 77, 94,1.6,2.4
202605170803080104,4, 48, 66,6.3,10.2
202605170803080111,11, 70, 88,4.7,7.5
202605170803080105,5, 56, 73,13.8,22.7
202605170803080107,7,,,22.6,37.4
202605170803080114,14, 57, 74,49.5,82.0
202605160401051210,10, 90, 99,1.5,2.3
202605160401051211,11, 83, 92,1.4,2.0
202605160401051213,13, 88, 96,3.1,5.0
202605160401051216,16, 91, 99,1.2,1.5
202605160401051205,5, 88, 97,2.0,3.1
202605160401051203,3, 87, 96,2.7,4.4
202605160401051201,1, 80, 89,3.2,5.2
202605160401051208,8, 87,103,4.6,7.7
202605160401051214,14, 74, 83,45.2,78.7
202605160401051207,7,,,9.6,16.5
202605160401051204,4, 76, 86,20.7,36.0
202605160401051212,12, 84, 92,11.3,19.5
202605160401051209,9, 84, 93,9.2,15.9
202605160401051206,6, 84, 92,10.6,18.3
202605160401051202,2, 81, 90,8.7,14.9
202605160401051215,15, 72, 81,26.6,46.2
202605160401051103,3,114,102,2.8,4.5
202605160401051111,11,108, 94,6.8,11.4
202605160401051109,9,101, 93,3.8,6.2
202605160401051106,6,117, 95,1.2,1.3
202605160401051108,8,,,3.0,4.9
202605160401051107,7,107, 95,3.2,5.2
202605160401051112,12,109, 87,2.8,4.5
202605160401051101,1,102, 80,5.2,8.6
202605160401051105,5, 98, 84,19.8,33.6
202605160401051104,4,102, 86,1.9,2.8
202605160401051113,13,,,8.5,14.4
202605160401051102,2,108, 94,21.6,36.5
202605160401051110,10,113, 91,5.2,8.6
202605160401051114,14,104, 90,2.3,3.6
202605160401051115,15,108, 84,2.7,4.2
202605160401051001,1, 94, 94,1.3,4.5
202605160401051008,8, 92, 92,1.5,6.0
202605160401051002,2, 90, 99,5.1,24.7
202605160401051003,3, 90, 99,4.5,21.6
202605160401051007,7, 85, 85,11.6,58.8
202605160401051006,6, 90, 90,2.3,10.2
202605160401051009,9, 88, 88,2.1,9.2
202605160401051004,4, 98, 98,1.1,1.1
202605160401051005,5, 91,100,1.4,5.3
202605160401050912,12, 90, 98,1.1,1.1
202605160401050906,6, 85, 93,2.3,6.3
202605160401050914,14, 87, 95,1.4,3.2
202605160401050904,4, 67, 77,16.2,51.6
202605160401050907,7, 73, 82,3.2,9.2
202605160401050911,11, 85, 94,6.6,20.2
202605160401050908,8, 89, 98,2.8,8.0
202605160401050903,3, 82, 91,4.1,12.1
202605160401050905,5, 89, 97,1.6,4.0
202605160401050915,15, 84, 92,15.9,50.5
202605160401050916,16, 72, 80,3.3,9.6
202605160401050909,9,,,24.4,77.9
202605160401050901,1, 81, 90,10.7,33.7
202605160401050910,10, 73, 81,11.3,35.6
202605160401050913,13, 86, 94,4.8,14.5
202605160401050902,2, 64, 73,12.3,38.8
202605160401050809,9, 88, 97,1.0,1.1
202605160401050807,7, 82, 92,1.5,6.9
202605160401050805,5, 90, 99,1.0,1.1
202605160401050806,6, 79, 89,1.2,4.8
202605160401050803,3, 82, 92,4.7,27.6
202605160401050802,2, 76, 86,5.9,35.0
202605160401050801,1, 75, 85,7.6,45.7
202605160401050808,8, 83, 93,2.0,10.0
202605160401050804,4, 54, 63,22.8,142.2
202605160401050709,9, 69, 78,2.5,3.9
202605160401050712,12, 79, 88,3.0,4.7
202605160401050713,13, 72, 81,2.3,3.5
202605160401050702,2,,,1.7,2.5
202605160401050704,4, 82, 91,1.8,2.7
202605160401050711,11, 87, 96,2.5,3.9
202605160401050701,1, 86, 95,1.2,1.4
202605160401050710,10, 63, 73,5.9,9.6
202605160401050705,5, 77, 86,4.9,7.8
202605160401050707,7, 57, 67,41.9,69.4
202605160401050706,6, 57, 67,17.8,29.4
202605160401050708,8, 60, 69,27.9,46.2
202605160401050703,3, 76, 85,2.4,3.6
202605160401050601,1, 76, 91,7.8,17.7
202605160401050616,16, 80, 95,1.6,3.1
202605160401050615,15, 83, 95,2.5,5.3
202605160401050611,11, 87, 99,1.2,1.9
202605160401050609,9, 70, 85,15.5,35.8
202605160401050613,13, 88,100,1.1,1.2
202605160401050607,7, 58, 70,4.2,9.1
202605160401050608,8, 75, 90,14.1,32.5
202605160401050612,12, 73, 88,10.9,24.9
202605160401050602,2, 82, 97,5.6,12.4
202605160401050610,10, 71, 86,3.3,7.1
202605160401050605,5, 58, 75,8.2,18.6
202605160401050604,4, 61, 76,37.8,87.8
202605160401050603,3,,,33.0,76.8
202605160401050606,6, 34, 50,4.1,9.1
202605160401050614,14, 64, 79,1.9,3.8
202605160401050501,1, 77, 95,1.4,1.7
202605160401050509,9, 77, 96,2.2,3.3
202605160401050511,11, 78, 96,4.5,7.0
202605160401050502,2, 77, 96,1.5,1.9
202605160401050505,5, 80, 98,3.0,4.6
202605160401050514,14, 75, 94,4.5,7.2
202605160401050506,6,,,3.4,5.3
202605160401050510,10, 73, 92,21.5,35.3
202605160401050508,8, 71, 88,6.0,9.6
202605160401050504,4, 78, 97,3.9,6.1
202605160401050503,3, 78, 97,2.4,3.6
202605160401050513,13, 63, 80,17.8,29.1
202605160401050516,16, 66, 85,25.4,41.7
202605160401050512,12, 78, 94,7.8,12.5
202605160401050515,15, 80, 97,2.1,3.2
202605160401050507,7, 55, 72,60.7,99.5
202605160401050411,11, 74, 92,1.2,2.4
202605160401050408,8, 58, 76,2.2,5.6
202605160401050410,10, 79, 97,1.1,1.1
202605160401050407,7, 79, 96,1.3,2.9
202605160401050406,6, 70, 88,3.7,10.0
202605160401050403,3, 67, 84,7.9,22.5
202605160401050405,5, 75, 90,14.6,42.3
202605160401050402,2, 65, 82,5.4,15.2
202605160401050404,4, 74, 92,1.4,3.2
202605160401050409,9, 69, 87,19.1,55.5
202605160401050401,1, 60, 78,22.4,65.4
202605160401050314,14, 80, 97,1.5,2.1
202605160401050309,9, 77, 95,1.3,1.7
202605160401050311,11, 78, 95,1.8,2.7
202605160401050305,5, 52, 70,16.3,26.4
202605160401050303,3, 79, 96,2.8,4.2
202605160401050315,15, 50, 67,7.4,11.8
202605160401050310,10, 69, 83,39.9,64.7
202605160401050316,16, 78, 96,3.7,5.8
202605160401050301,1, 80, 98,2.8,4.3
202605160401050313,13, 68, 83,22.0,35.6
202605160401050307,7,,,8.9,14.1
202605160401050312,12, 77, 95,3.0,4.6
202605160401050308,8, 73, 88,1.5,2.2
202605160401050302,2, 66, 85,84.8,137.7
202605160401050304,4, 78, 93,13.9,22.3
202605160401050306,6, 58, 75,75.1,121.9
202605160401050214,14, 88,103,1.1,1.1
202605160401050212,12, 79, 95,1.1,2.0
202605160401050203,3, 83, 95,1.6,4.1
202605160401050213,13, 79, 96,1.4,3.5
202605160401050209,9, 69, 85,8.1,25.0
202605160401050204,4, 75, 90,3.4,9.8
202605160401050208,8, 67, 84,5.2,15.7
202605160401050206,6, 78, 93,5.3,16.1
202605160401050207,7,,,14.3,45.1
202605160401050201,1, 68, 83,34.9,111.9
202605160401050211,11,,,18.3,58.1
202605160401050202,2, 64, 79,32.7,104.9
202605160401050215,15, 68, 86,2.9,8.2
202605160401050210,10, 28, 44,42.1,135.0
202605160401050205,5, 68, 83,4.2,12.5
202605160401050104,4, 65, 83,2.1,3.4
202605160401050107,7, 74, 92,1.3,1.8
202605160401050108,8, 81, 98,1.1,1.5
202605160401050103,3, 70, 89,1.5,2.4
202605160401050101,1, 55, 74,27.6,50.9
202605160401050112,12, 63, 81,7.4,13.3
202605160401050113,13, 58, 76,4.8,8.5
202605160401050102,2, 58, 77,28.8,53.1
202605160401050105,5, 69, 87,4.6,8.2
202605160401050106,6, 51, 69,23.2,42.8
202605160401050110,10, 66, 84,14.9,27.3
202605160401050109,9, 53, 70,28.2,51.9
202605160401050115,15, 55, 73,1.9,3.2
202605160401050111,11, 72, 90,5.6,10.1
202605160401050114,14, 64, 79,2.9,4.9
202605160502071204,4, 86, 96,1.4,1.8
202605160502071209,9, 87, 97,1.3,1.6
202605160502071211,11, 73, 83,3.8,6.1
202605160502071202,2, 68, 77,6.2,10.2
202605160502071210,10, 84, 94,1.9,2.9
202605160502071203,3, 86, 96,1.8,2.8
202605160502071201,1, 58, 67,2.9,4.6
202605160502071206,6, 80, 90,7.9,13.1
202605160502071213,13, 62, 72,10.5,17.4
202605160502071205,5, 72, 81,2.1,3.3
202605160502071208,8, 67, 76,12.0,19.9
202605160502071212,12, 76, 86,3.6,5.8
202605160502071214,14, 56, 65,9.4,15.5
202605160502071207,7, 58, 68,18.3,30.3
202605160502071107,7,100, 92,3.0,8.1
202605160502071108,8,107, 99,4.2,11.8
202605160502071104,4,,,1.8,4.4
202605160502071114,14,103, 95,4.5,12.7
202605160502071105,5,102, 94,4.4,12.2
202605160502071102,2,104, 96,1.3,2.5
202605160502071109,9, 97, 89,3.2,8.7
202605160502071110,10,106, 98,2.2,5.7
202605160502071103,3,103, 95,17.5,51.6
202605160502071101,1,102, 94,9.8,28.5
202605160502071112,12,101, 93,6.3,18.1
202605160502071115,15,100, 92,6.3,17.9
202605160502071111,11,102, 94,3.9,10.9
202605160502071106,6,104, 96,1.1,1.1
202605160502071113,13,102, 94,15.0,44.2
202605160502071008,8,103,113,1.4,1.9
202605160502071006,6, 98, 98,1.4,2.1
202605160502071012,12, 99, 99,1.3,1.8
202605160502071011,11, 99, 99,1.5,2.2
202605160502071002,2, 72, 72,3.7,5.7
202605160502071005,5, 91, 91,7.0,11.2
202605160502071007,7, 93, 93,3.5,5.5
202605160502071010,10, 91, 91,19.4,31.3
202605160502071003,3, 77, 77,12.1,19.5
202605160502071009,9, 84, 84,2.3,3.5
202605160502071001,1, 97, 97,4.9,7.6
202605160502071004,4, 71, 71,37.6,60.6
202605160502070907,7, 95, 95,9.2,43.3
202605160502070903,3, 92,101,1.1,1.1
202605160502070905,5, 95, 95,1.3,4.4
202605160502070908,8, 91, 91,2.5,10.6
202605160502070901,1, 91, 91,1.5,5.6
202605160502070906,6, 90, 90,1.2,4.2
202605160502070902,2, 90, 99,2.7,11.5
202605160502070904,4, 92, 92,10.6,50.2
202605160502070909,9, 96, 96,3.4,14.9
202605160502070801,1, 90,100,1.4,2.2
202605160502070814,14, 69, 79,9.5,17.0
202605160502070815,15, 89, 99,1.1,1.4
202605160502070807,7, 84, 94,5.4,9.4
202605160502070802,2, 85, 95,1.6,2.5
202605160502070803,3, 87, 97,3.9,6.8
202605160502070811,11, 78, 87,2.5,4.3
202605160502070812,12, 84, 94,1.5,2.4
202605160502070808,8, 83, 93,13.0,23.5
202605160502070810,10, 71, 80,30.6,55.6
202605160502070806,6, 79, 89,5.3,9.3
202605160502070813,13, 80, 90,7.5,13.3
202605160502070805,5, 77, 87,23.2,42.1
202605160502070804,4, 80, 90,4.7,8.2
202605160502070816,16, 67, 76,48.8,88.9
202605160502070809,9, 58, 68,116.7,212.8
202605160502070709,9, 91, 96,2.2,3.1
202605160502070713,13, 92, 97,1.8,2.5
202605160502070704,4, 95,100,1.4,1.7
202605160502070708,8, 58, 55,1.7,2.4
202605160502070703,3, 76, 81,3.9,5.8
202605160502070701,1, 89,104,5.3,8.0
202605160502070706,6, 89,105,2.1,3.0
202605160502070702,2, 87, 92,2.4,3.5
202605160502070705,5, 84, 89,11.3,17.3
202605160502070707,7, 80, 85,36.6,56.4
202605160502070712,12, 84, 99,4.8,7.1
202605160502070711,11, 63, 69,8.8,13.4
202605160502070710,10, 80, 85,12.0,18.3
202605160502070716,16, 79, 84,43.4,67.0
202605160502070714,14, 83, 88,47.9,73.9
202605160502070715,15, 83, 88,8.0,12.1
202605160502070603,3, 82,101,1.1,2.5
202605160502070604,4, 83,102,1.1,1.1
202605160502070608,8, 91, 96,1.3,3.1
202605160502070602,2, 81,100,2.6,7.6
202605160502070601,1, 79, 85,5.6,17.3
202605160502070607,7, 89, 94,1.1,1.7
202605160502070605,5, 68, 73,6.0,18.5
202605160502070606,6, 63, 80,21.9,69.8
202605160502070510,10, 74, 93,1.4,2.0
202605160502070512,12, 82, 99,1.2,1.6
202605160502070502,2, 64, 82,1.3,1.9
202605160502070504,4, 75, 92,3.2,5.3
202605160502070515,15, 67, 82,36.8,64.1
202605160502070505,5, 72, 87,6.9,11.8
202605160502070514,14, 55, 70,26.4,45.9
202605160502070506,6, 54, 72,54.5,95.0
202605160502070516,16, 73, 88,18.5,32.0
202605160502070501,1, 68, 83,2.9,4.8
202605160502070513,13, 54, 72,5.1,8.5
202605160502070517,17, 79, 96,3.4,5.5
202605160502070509,9, 79, 94,4.9,8.2
202605160502070518,18, 86, 91,22.3,38.8
202605160502070511,11, 48, 64,2.2,3.6
202605160502070508,8, 61, 76,17.3,30.1
202605160502070507,7, 73, 88,13.7,23.7
202605160502070503,3, 34, 49,77.1,134.5
202605160502070408,8, 84,102,1.1,1.5
202605160502070404,4,,,1.3,2.0
202605160502070412,12, 77, 96,1.2,1.9
202605160502070410,10, 76, 91,3.6,6.3
202605160502070407,7, 74, 93,3.9,6.7
202605160502070406,6, 76, 95,4.0,7.0
202605160502070413,13, 71, 90,1.9,3.1
202605160502070402,2, 76, 95,23.3,41.9
202605160502070401,1, 76, 95,4.6,8.1
202605160502070403,3, 73, 91,7.8,13.9
202605160502070409,9, 56, 73,49.2,88.7
202605160502070405,5, 73, 91,3.6,6.3
202605160502070411,11, 71, 90,7.4,13.2
202605160502070310,10, 84, 99,1.1,1.5
202605160502070312,12, 65, 80,3.0,5.6
202605160502070316,16, 76, 92,2.1,3.8
202605160502070311,11, 80, 96,1.3,2.1
202605160502070307,7, 68, 83,11.3,22.6
202605160502070306,6, 58, 76,4.2,8.1
202605160502070303,3, 76, 91,8.3,16.4
202605160502070308,8, 83, 99,1.1,1.5
202605160502070305,5, 55, 70,24.0,48.5
202605160502070313,13,,,20.0,40.3
202605160502070301,1, 70, 85,5.1,9.9
202605160502070302,2, 68, 80,55.5,112.3
202605160502070309,9, 80, 95,2.3,4.1
202605160502070315,15, 61, 76,62.9,127.3
202605160502070314,14,,,22.6,45.6
202605160502070304,4, 60, 75,24.8,50.0
202605160502070213,13, 60, 78,16.5,33.6
202605160502070205,5, 75, 93,1.2,1.5
202605160502070214,14, 80, 97,1.1,1.5
202605160502070203,3, 30, 48,5.1,10.0
202605160502070211,11, 52, 70,3.1,6.0
202605160502070204,4,,,1.9,3.4
202605160502070210,10, 77, 93,1.8,3.1
202605160502070202,2, 63, 81,2.7,5.0
202605160502070216,16, 59, 77,10.4,20.9
202605160502070207,7, 71, 89,20.5,41.8
202605160502070209,9, 70, 87,4.8,9.3
202605160502070206,6, 65, 83,3.9,7.5
202605160502070201,1, 59, 77,49.9,102.3
202605160502070208,8, 60, 75,64.9,133.1
202605160502070212,12, 32, 49,82.0,168.4
202605160502070215,15,,,2.8,5.3
202605160502070101,1, 81, 96,1.3,1.7
202605160502070110,10, 80, 96,2.1,3.1
202605160502070103,3, 70, 87,2.6,3.9
202605160502070115,15, 75, 92,1.6,2.4
202605160502070109,9, 73, 89,7.3,11.9
202605160502070107,7, 75, 92,1.5,2.0
202605160502070114,14, 77, 92,4.1,6.4
202605160502070111,11,,,6.2,9.9
202605160502070105,5, 77, 92,5.5,8.7
202605160502070106,6,,,6.7,10.8
202605160502070116,16, 78, 93,16.3,26.8
202605160502070102,2, 48, 67,20.2,33.1
202605160502070113,13, 58, 73,2.5,3.9
202605160502070104,4,,,6.5,10.5
202605160502070108,8, 31, 49,73.0,120.0
202605160502070112,12, 28, 46,68.5,112.6
202605160803071210,10, 99, 99,1.1,1.4
202605160803071213,13, 93, 93,1.5,2.3
202605160803071215,15, 93, 93,3.9,6.6
202605160803071214,14, 93,102,1.7,2.6
202605160803071202,2, 97, 97,1.5,2.2
202605160803071209,9, 94, 94,2.1,3.4
202605160803071211,11, 83, 83,9.3,16.0
202605160803071207,7, 91, 91,5.6,9.6
202605160803071203,3, 90, 90,7.9,13.6
202605160803071208,8, 79, 79,9.4,16.3
202605160803071205,5, 89, 89,42.6,74.3
202605160803071201,1, 91, 91,5.2,8.8
202605160803071204,4, 90, 90,15.4,26.8
202605160803071212,12, 85, 85,40.7,71.0
202605160803071206,6, 91, 91,6.5,11.1
202605160803071112,12,106, 96,1.1,1.2
202605160803071106,6,106, 98,1.7,3.0
202605160803071103,3,106, 94,1.4,2.1
202605160803071105,5,101, 93,14.1,27.3
202605160803071108,8,102, 90,6.5,12.3
202605160803071107,7,102, 92,16.1,31.3
202605160803071109,9, 99, 91,6.6,12.6
202605160803071102,2,102, 90,9.0,17.4
202605160803071116,16,103, 95,2.5,4.5
202605160803071101,1, 91, 83,10.6,20.6
202605160803071104,4,104, 96,4.1,7.6
202605160803071114,14,104, 92,2.0,3.5
202605160803071111,11, 99, 91,7.3,14.0
202605160803071115,15, 96, 88,11.0,21.2
202605160803071110,10,100, 92,14.3,27.7
202605160803071113,13,105, 93,2.3,4.2
202605160803071013,13, 84, 77,2.4,3.8
202605160803071001,1,106, 99,1.7,2.5
202605160803071014,14, 97, 90,5.2,8.4
202605160803071003,3,104,104,1.7,2.5
202605160803071010,10,109,102,1.2,1.4
202605160803071004,4,102, 95,2.3,3.6
202605160803071008,8,101, 94,5.7,9.3
202605160803071012,12,100, 93,3.9,6.3
202605160803071002,2, 95, 88,6.4,10.6
202605160803071009,9,105, 98,3.9,6.4
202605160803071006,6, 92, 85,12.3,20.5
202605160803071011,11,100, 93,28.5,47.5
202605160803071015,15, 96, 89,8.9,14.8
202605160803071007,7, 99, 92,3.5,5.6
202605160803071005,5, 99, 92,8.1,13.4
202605160803070902,2, 88, 85,1.6,2.2
202605160803070901,1, 88, 85,2.4,3.4
202605160803070908,8, 82, 88,4.7,6.9
202605160803070905,5, 79, 58,5.5,8.0
202605160803070906,6, 91, 96,1.5,2.0
202605160803070903,3, 88, 93,1.8,2.5
202605160803070910,10, 78, 75,11.0,16.0
202605160803070909,9, 90, 87,1.7,2.4
202605160803070904,4, 92, 97,1.4,1.7
202605160803070907,7, 91, 97,4.2,6.1
202605160803070805,5,,,1.3,1.8
202605160803070806,6,,,4.2,6.1
202605160803070803,3,,,2.4,3.5
202605160803070804,4,,,1.2,1.5
202605160803070802,2,,,11.6,16.6
202605160803070801,1,,,1.9,2.7
202605160803070706,6, 88, 97,1.1,1.4
202605160803070705,5, 91, 99,1.2,2.0
202605160803070703,3,,,2.2,4.2
202605160803070701,1, 90, 98,1.1,1.5
202605160803070709,9, 76, 86,10.8,22.0
202605160803070704,4, 86, 94,9.1,18.4
202605160803070708,8, 85, 94,1.9,3.5
202605160803070702,2, 57, 65,2.5,4.7
202605160803070710,10, 85, 94,13.4,27.5
202605160803070707,7,,,5.5,10.9
202605160803070711,11, 81, 90,11.3,23.0
202605160803070605,5, 80, 90,1.1,1.4
202605160803070607,7, 80, 89,1.6,2.5
202605160803070614,14, 72, 81,10.3,18.5
202605160803070608,8, 80, 89,5.9,10.3
202605160803070611,11, 84, 93,1.4,2.0
202605160803070603,3, 81, 90,3.1,5.2
202605160803070604,4, 67, 76,8.8,15.7
202605160803070615,15, 72, 81,17.7,31.9
202605160803070601,1, 78, 88,4.2,7.3
202605160803070613,13, 79, 88,1.9,3.1
202605160803070602,2, 81, 90,3.2,5.4
202605160803070606,6, 84, 93,3.6,6.2
202605160803070609,9, 75, 84,23.2,41.9
202605160803070612,12, 64, 74,32.0,57.9
202605160803070610,10, 80, 89,4.6,7.9
202605160803070505,5, 76, 95,1.1,3.1
202605160803070514,14, 80, 98,2.4,10.1
202605160803070502,2, 81, 99,1.1,1.1
202605160803070512,12, 77, 95,2.2,8.8
202605160803070510,10, 69, 85,39.2,190.5
202605160803070503,3,,,12.0,56.8
202605160803070511,11, 70, 87,47.3,230.2
202605160803070513,13, 66, 84,26.6,128.4
202605160803070501,1, 78, 95,2.0,8.1
202605160803070507,7, 71, 89,2.5,10.2
202605160803070504,4,,,1.4,5.1
202605160803070508,8, 70, 89,6.4,29.7
202605160803070509,9, 62, 80,12.5,59.6
202605160803070506,6,,,46.5,226.1
202605160803070409,9, 69, 86,18.8,29.6
202605160803070402,2, 71, 90,1.6,2.3
202605160803070406,6, 70, 88,1.3,1.6
202605160803070401,1, 78, 97,1.5,2.2
202605160803070407,7, 79, 98,1.5,2.1
202605160803070404,4, 70, 89,3.7,5.7
202605160803070410,10, 76, 95,1.8,2.6
202605160803070408,8,,,7.8,12.3
202605160803070405,5, 71, 90,11.9,18.7
202605160803070403,3, 77, 96,2.3,3.3
202605160803070313,13, 75, 92,2.5,5.6
202605160803070318,18, 84,100,1.3,2.4
202605160803070302,2,,,4.2,9.5
202605160803070304,4, 83, 99,1.1,1.1
202605160803070301,1, 81, 97,1.4,2.7
202605160803070303,3, 78, 94,4.6,10.5
202605160803070316,16, 77, 94,2.6,5.8
202605160803070312,12, 64, 79,10.2,24.4
202605160803070307,7, 51, 68,36.8,89.7
202605160803070305,5, 61, 80,18.2,44.1
202605160803070306,6, 77, 89,25.4,61.8
202605160803070317,17,,,7.8,18.3
202605160803070310,10, 59, 78,18.6,44.9
202605160803070309,9, 46, 63,50.0,122.0
202605160803070311,11, 74, 89,5.0,11.5
202605160803070315,15, 47, 65,3.2,7.3
202605160803070308,8, 70, 89,7.1,16.7
202605160803070314,14, 53, 70,79.8,195.2
202605160803070201,1, 76, 94,2.8,12.7
202605160803070209,9, 80, 98,1.1,1.1
202605160803070206,6, 77, 95,1.3,4.4
202605160803070208,8, 57, 75,1.5,6.0
202605160803070203,3, 69, 87,3.9,18.7
202605160803070205,5, 64, 82,17.9,93.0
202605160803070204,4, 61, 80,20.5,106.9
202605160803070210,10, 75, 93,2.3,10.5
202605160803070202,2, 76, 92,2.1,9.4
202605160803070207,7, 65, 82,5.9,29.2
202605160803070211,11,,,2.1,9.1
202605160803070105,5, 82, 98,1.6,3.7
202605160803070108,8, 85,101,1.1,1.1
202605160803070104,4, 74, 91,2.7,7.0
202605160803070113,13, 78, 95,5.2,13.9
202605160803070112,12, 81, 97,1.4,3.1
202605160803070114,14,,,1.7,3.9
202605160803070107,7, 76, 92,2.8,7.0
202605160803070115,15,,,23.2,65.8
202605160803070102,2, 35, 50,10.1,28.1
202605160803070111,11,,,30.4,86.6
202605160803070103,3, 70, 88,3.2,8.4
202605160803070106,6, 59, 77,4.5,12.1
202605160803070116,16,,,52.4,149.5
202605160803070109,9, 71, 87,17.6,49.8
202605160803070110,10, 50, 65,77.7,222.1
202605160803070101,1, 27, 45,27.7,78.8
202605100401041207,7, 88, 97,1.7,2.2
202605100401041212,12, 87, 96,1.8,2.5
202605100401041210,10, 88, 97,1.4,1.7
202605100401041209,9, 87, 96,4.0,5.9
202605100401041213,13, 83, 92,3.2,4.6
202605100401041208,8, 85, 94,1.8,2.4
202605100401041201,1, 88, 96,2.2,3.0
202605100401041206,6, 85, 94,3.2,4.7
202605100401041203,3, 76, 84,13.1,19.8
202605100401041204,4, 75, 84,3.8,5.5
202605100401041211,11, 78, 87,9.0,13.4
202605100401041202,2, 84, 93,21.8,32.8
202605100401041205,5, 73, 82,14.6,21.9
202605100401041107,7,107, 95,2.9,4.4
202605100401041108,8,103, 95,4.7,7.3
202605100401041103,3, 98, 86,5.9,9.3
202605100401041106,6,101, 89,2.5,3.8
202605100401041114,14,104, 92,2.9,4.5
202605100401041110,10, 99, 91,4.5,6.9
202605100401041104,4,103, 87,24.2,38.2
202605100401041105,5,104, 92,2.2,3.3
202605100401041101,1,107, 95,3.7,5.7
202605100401041109,9,105, 93,1.8,2.5
202605100401041111,11,114, 96,1.2,1.4
202605100401041112,12, 99, 87,2.3,3.4
202605100401041113,13,,,6.9,10.8
202605100401041102,2,104, 84,8.5,13.3
202605100401041011,11, 93,103,1.8,2.5
202605100401041003,3, 90, 90,1.8,2.5
202605100401041006,6, 82, 82,4.0,5.9
202605100401041009,9, 89, 99,2.6,3.8
202605100401041004,4, 87, 87,7.4,11.1
202605100401041014,14, 90, 90,4.8,7.0
202605100401041002,2, 91, 91,2.2,3.1
202605100401041010,10, 86, 86,4.8,7.1
202605100401041001,1, 81, 81,11.3,17.0
202605100401041005,5,100,100,1.3,1.6
202605100401041013,13, 63, 63,13.0,19.7
202605100401041012,12, 81, 81,7.4,11.1
202605100401041007,7, 92, 92,1.9,2.7
202605100401041008,8, 80, 80,22.8,34.4
202605100401040912,12, 89, 97,1.8,2.4
202605100401040914,14, 85, 93,3.0,4.0
202605100401040905,5, 86, 94,3.5,4.8
202605100401040913,13, 84, 92,5.6,7.7
202605100401040903,3, 91, 99,1.7,2.1
202605100401040904,4, 85, 94,1.9,2.5
202605100401040908,8, 85, 93,2.7,3.6
202605100401040910,10, 91, 99,2.0,2.6
202605100401040911,11, 83, 91,6.9,9.6
202605100401040909,9, 85, 93,3.2,4.4
202605100401040906,6, 79, 87,4.9,6.7
202605100401040902,2, 71, 79,24.2,33.2
202605100401040907,7, 88, 96,5.2,7.1
202605100401040901,1, 73, 81,51.1,70.0
202605100401040814,14, 88, 97,2.2,3.2
202605100401040809,9, 71, 81,2.2,3.2
202605100401040812,12, 90, 99,1.5,1.9
202605100401040813,13, 86, 95,5.2,7.8
202605100401040807,7, 67, 77,30.5,46.2
202605100401040802,2, 89, 98,2.1,3.0
202605100401040806,6, 85, 94,2.0,2.8
202605100401040804,4, 81, 90,11.3,17.1
202605100401040805,5, 90, 99,1.5,1.9
202605100401040811,11, 54, 64,12.0,18.3
202605100401040801,1, 87, 96,4.4,6.5
202605100401040803,3, 90, 99,3.6,5.3
202605100401040810,10, 75, 90,6.9,10.3
202605100401040808,8, 80, 89,11.1,16.8
202605100401040815,15, 77, 86,16.4,24.9
202605100401040710,10, 87, 96,5.0,7.2
202605100401040714,14, 86, 95,1.9,2.6
202605100401040701,1, 83, 93,6.5,9.4
202605100401040715,15, 91,101,1.6,2.1
202605100401040702,2, 84, 93,4.3,6.1
202605100401040709,9, 83, 93,2.5,3.5
202605100401040708,8, 81, 90,10.0,14.7
202605100401040706,6, 82, 91,12.2,18.0
202605100401040707,7, 77, 86,2.1,2.9
202605100401040711,11, 72, 81,9.9,14.6
202605100401040713,13, 79, 88,3.6,5.1
202605100401040703,3, 86, 95,1.6,2.0
202605100401040712,12, 80, 89,19.6,28.9
202605100401040705,5, 84, 93,2.1,3.0
202605100401040704,4, 71, 80,65.9,97.0
202605100401040610,10, 82, 97,2.4,3.4
202605100401040607,7, 84, 99,1.5,1.9
202605100401040616,16, 73, 88,1.7,2.3
202605100401040612,12, 75, 87,3.4,5.0
202605100401040609,9, 69, 84,19.4,29.3
202605100401040611,11, 83, 95,1.6,2.2
202605100401040606,6, 53, 70,61.3,92.7
202605100401040615,15, 67, 82,1.6,2.2
202605100401040614,14, 79, 94,3.6,5.3
202605100401040608,8, 78, 93,9.4,14.1
202605100401040605,5, 77, 92,4.6,6.7
202605100401040613,13,,,6.1,9.0
202605100401040601,1, 70, 85,8.4,12.6
202605100401040602,2, 52, 67,32.0,48.4
202605100401040603,3, 69, 84,13.6,20.4
202605100401040604,4, 44, 60,58.7,88.7
202605100401040512,12, 79, 97,1.4,1.8
202605100401040507,7, 73, 90,1.5,2.1
202605100401040516,16,,,3.3,4.8
202605100401040513,13, 28, 44,7.5,11.4
202605100401040514,14, 75, 94,2.4,3.4
202605100401040505,5, 66, 84,46.5,71.4
202605100401040501,1,,,5.4,8.1
202605100401040504,4, 77, 96,3.6,5.3
202605100401040511,11, 78, 97,1.6,2.2
202605100401040508,8, 69, 88,4.6,6.8
202605100401040510,10, 52, 69,42.9,65.9
202605100401040503,3, 61, 76,20.5,31.5
202605100401040506,6, 75, 93,20.5,31.5
202605100401040502,2, 78, 96,1.9,2.7
202605100401040509,9,,,24.1,37.0
202605100401040515,15, 38, 56,6.7,10.1
202605100401040405,5,,,1.5,2.3
202605100401040412,12,,,1.3,1.8
202605100401040408,8,,,1.1,1.5
202605100401040403,3,,,2.0,3.3
202605100401040407,7,,,6.4,11.4
202605100401040410,10, 72, 82,1.9,3.1
202605100401040406,6, 58, 76,5.8,10.2
202605100401040409,9, 66, 75,14.1,25.6
202605100401040404,4,,,4.3,7.5
202605100401040402,2, 74, 83,13.5,24.4
202605100401040411,11, 61, 69,32.0,58.2
202605100401040401,1, 90, 90,2.2,3.7
202605100401040305,5, 75, 93,1.3,3.0
202605100401040301,1, 85,102,1.1,1.1
202605100401040302,2, 81, 98,1.4,3.5
202605100401040312,12, 72, 90,1.7,4.5
202605100401040310,10, 74, 92,2.2,6.4
202605100401040308,8, 73, 91,4.0,12.5
202605100401040307,7,,,21.6,72.5
202605100401040306,6, 65, 83,7.2,23.4
202605100401040304,4, 63, 78,10.2,33.7
202605100401040311,11, 66, 83,9.6,31.6
202605100401040313,13, 57, 74,36.5,122.8
202605100401040315,15, 63, 82,9.2,30.0
202605100401040309,9, 65, 83,33.5,112.6
202605100401040303,3, 33, 51,4.0,12.5
202605100401040314,14, 72, 87,18.6,62.3
202605100401040210,10, 82, 97,1.5,2.1
202605100401040209,9, 70, 87,6.9,10.5
202605100401040212,12, 71, 86,4.6,6.9
202605100401040214,14, 82, 94,2.7,4.0
202605100401040211,11, 52, 69,8.2,12.4
202605100401040205,5, 93,105,1.4,1.9
202605100401040206,6, 81, 96,3.7,5.5
202605100401040208,8, 61, 77,11.0,16.9
202605100401040204,4, 87, 99,1.5,2.0
202605100401040215,15, 73, 88,4.6,6.9
202605100401040203,3, 79, 94,2.8,4.0
202605100401040202,2, 54, 71,2.1,3.0
202605100401040207,7,,,37.7,58.4
202605100401040201,1, 55, 71,38.9,60.2
202605100401040213,13,,,31.7,49.0
202605100401040113,13, 75, 93,1.1,1.2
202605100401040108,8, 70, 87,1.4,2.4
202605100401040103,3, 76, 93,1.4,2.3
202605100401040106,6, 73, 90,1.6,2.9
202605100401040104,4, 52, 69,31.0,63.5
202605100401040101,1, 68, 86,2.7,5.1
202605100401040109,9, 42, 60,36.9,75.7
202605100401040102,2, 48, 65,19.6,40.1
202605100401040105,5, 67, 85,3.2,6.2
202605100401040112,12, 59, 77,4.7,9.2
202605100401040114,14, 45, 62,14.7,30.0
202605100401040111,11, 60, 76,26.0,53.2
202605100401040107,7, 68, 85,3.0,5.6
202605100401040110,10, 59, 77,14.3,29.1
202605100401040115,15, 60, 76,13.1,26.5
202605100502061212,12, 99, 93,1.7,2.4
202605100502061203,3,101, 95,1.3,1.6
202605100502061209,9,103, 96,3.2,4.8
202605100502061204,4,103, 96,3.1,4.7
202605100502061215,15, 95, 88,2.4,3.5
202605100502061202,2, 98, 98,4.5,6.9
202605100502061213,13, 99, 92,2.2,3.1
202605100502061210,10, 71, 64,9.3,14.6
202605100502061206,6, 88, 81,1.6,2.3
202605100502061214,14, 87, 80,24.5,38.4
202605100502061207,7, 91, 84,12.8,20.0
202605100502061208,8,108,108,4.7,7.2
202605100502061201,1,104, 97,8.0,12.4
202605100502061205,5, 95, 89,27.5,43.1
202605100502061211,11, 90, 83,6.1,9.4
202605100502061117,17,107, 90,2.0,2.6
202605100502061116,16,101, 95,2.7,3.6
202605100502061111,11,101, 79,2.8,3.7
202605100502061108,8,100, 94,6.2,8.4
202605100502061107,7,101, 99,1.9,2.4
202605100502061115,15,107, 90,7.8,10.7
202605100502061109,9, 84, 78,4.1,5.6
202605100502061112,12, 88, 82,4.6,6.3
202605100502061110,10,102, 92,1.8,2.2
202605100502061114,14, 98, 92,4.1,5.6
202605100502061105,5,101, 97,8.5,11.6
202605100502061104,4,104, 82,2.9,3.8
202605100502061106,6,104, 87,8.4,11.6
202605100502061103,3, 96, 95,10.3,14.1
202605100502061118,18, 99, 97,5.6,7.5
202605100502061101,1, 88, 82,25.2,34.7
202605100502061102,2,100, 94,18.0,24.9
202605100502061113,13, 92, 90,22.7,31.3
202605100502061012,12,116,102,1.5,2.5
202605100502061010,10,112, 90,1.1,1.3
202605100502061002,2,111, 97,1.2,1.9
202605100502061008,8,112, 90,1.9,3.3
202605100502061006,6,109, 95,3.4,6.5
202605100502061005,5,,,2.6,4.7
202605100502061003,3,109, 87,3.1,5.8
202605100502061009,9,101, 87,7.0,13.9
202605100502061007,7,105, 91,15.4,30.9
202605100502061011,11,108, 94,5.4,10.5
202605100502061004,4,112, 90,4.3,8.2
202605100502061001,1, 94, 72,10.7,21.3
202605100502060904,4, 91, 91,2.0,3.1
202605100502060908,8, 98, 98,1.3,2.0
202605100502060907,7, 93, 93,1.5,2.3
202605100502060909,9, 79, 79,5.9,9.7
202605100502060901,1, 99, 99,1.3,2.0
202605100502060903,3, 98, 98,1.1,1.4
202605100502060902,2, 85, 85,9.7,16.1
202605100502060906,6, 87, 87,4.9,8.0
202605100502060905,5, 68, 68,2.6,4.2
202605100502060807,7, 96, 96,1.1,1.1
202605100502060803,3, 89, 89,2.6,8.9
202605100502060801,1, 98, 98,1.6,4.8
202605100502060811,11, 95, 95,2.0,6.4
202605100502060806,6, 80, 80,4.8,17.3
202605100502060810,10, 95, 95,2.5,8.4
202605100502060804,4, 96, 96,3.0,10.5
202605100502060808,8, 92, 92,16.9,63.9
202605100502060805,5, 94, 94,1.4,4.0
202605100502060809,9, 95, 95,2.5,8.3
202605100502060802,2, 85, 85,21.2,80.4
202605100502060713,13, 88, 97,1.3,1.7
202605100502060702,2, 66, 76,7.9,12.3
202605100502060701,1, 85, 94,3.2,4.9
202605100502060709,9, 82, 91,1.6,2.2
202605100502060708,8, 84, 93,5.6,8.6
202605100502060707,7, 87, 96,2.3,3.4
202605100502060704,4, 86, 95,1.7,2.4
202605100502060716,16, 78, 88,7.8,12.1
202605100502060710,10, 84, 93,5.6,8.6
202605100502060712,12, 83, 92,1.6,2.3
202605100502060711,11, 77, 86,7.3,11.4
202605100502060705,5, 75, 84,63.4,100.6
202605100502060703,3, 81, 90,23.1,36.5
202605100502060714,14, 81, 90,25.0,39.6
202605100502060706,6, 40, 50,5.9,9.1
202605100502060715,15, 79, 88,29.3,46.4
202605100502060605,5, 85, 94,1.9,3.8
202605100502060610,10, 87, 95,1.1,1.2
202605100502060606,6, 86, 95,1.1,1.8
202605100502060608,8, 90, 98,1.2,2.0
202605100502060609,9, 84, 92,6.7,14.9
202605100502060601,1, 85, 94,2.4,5.1
202605100502060607,7, 81, 89,2.2,4.4
202605100502060604,4, 75, 94,7.9,17.8
202605100502060603,3,,,23.5,53.7
202605100502060602,2, 78, 87,9.2,20.8
202605100502060611,11, 78, 86,,
202605100502060516,16, 88,106,1.2,1.5
202605100502060515,15, 39, 45,32.1,52.6
202605100502060504,4, 87, 93,5.0,8.0
202605100502060512,12, 95,101,1.7,2.6
202605100502060514,14, 94,100,2.2,3.4
202605100502060506,6, 82, 88,8.5,13.8
202605100502060508,8, 65, 71,5.0,8.0
202605100502060513,13, 80, 98,12.8,20.8
202605100502060503,3, 81, 87,15.6,25.4
202605100502060505,5, 97,115,1.6,2.3
202605100502060510,10, 84,102,17.7,28.9
202605100502060502,2,,,10.5,17.1
202605100502060509,9, 88,106,1.8,2.7
202605100502060511,11, 92, 98,2.4,3.7
202605100502060507,7, 87,104,7.1,11.4
202605100502060501,1, 80, 98,20.8,34.1
202605100502060404,4, 74, 93,1.1,1.1
202605100502060412,12,,,6.8,18.1
202605100502060406,6, 73, 90,2.8,6.9
202605100502060407,7, 79, 98,1.1,2.0
202605100502060410,10, 79, 98,1.4,3.1
202605100502060411,11, 78, 96,3.6,9.1
202605100502060403,3, 67, 85,4.5,11.6
202605100502060401,1, 71, 89,2.8,6.9
202605100502060408,8, 71, 88,3.7,9.3
202605100502060414,14, 36, 54,11.4,31.0
202605100502060402,2, 68, 87,5.4,14.3
202605100502060405,5, 63, 80,15.5,42.3
202605100502060409,9, 69, 88,3.0,7.5
202605100502060413,13, 69, 85,67.2,185.0
202605100502060305,5, 57, 72,10.7,20.1
202605100502060310,10, 82, 99,1.3,1.8
202605100502060312,12, 76, 94,2.6,4.5
202605100502060318,18, 70, 88,4.2,7.7
202605100502060315,15, 70, 89,22.8,43.5
202605100502060313,13,,,35.9,68.6
202605100502060306,6, 85,102,1.1,1.4
202605100502060301,1, 80, 95,1.6,2.7
202605100502060303,3, 75, 94,2.9,5.2
202605100502060302,2, 74, 91,1.6,2.6
202605100502060311,11, 79, 84,14.6,27.7
202605100502060304,4,,,7.9,14.8
202605100502060309,9, 58, 77,14.5,27.4
202605100502060308,8, 69, 88,25.9,49.3
202605100502060314,14, 77, 94,9.9,18.7
202605100502060317,17,,,6.8,12.6
202605100502060316,16, 55, 71,13.7,26.0
202605100502060307,7, 66, 81,73.1,139.7
202605100502060207,7, 82, 97,1.4,4.8
202605100502060209,9, 68, 83,4.2,20.5
202605100502060202,2, 72, 90,1.6,6.6
202605100502060211,11, 79, 94,1.8,7.6
202605100502060210,10, 54, 72,3.7,17.5
202605100502060216,16, 83, 99,1.1,1.1
202605100502060214,14, 59, 74,2.6,11.7
202605100502060201,1, 72, 89,4.7,23.0
202605100502060215,15, 43, 60,4.3,21.0
202605100502060206,6,  4, 21,7.1,35.6
202605100502060212,12, 69, 84,52.4,276.8
202605100502060204,4, 62, 78,15.9,82.6
202605100502060205,5, 65, 80,4.1,19.5
202605100502060213,13, 62, 77,105.7,560.1
202605100502060208,8, 73, 88,40.1,211.1
202605100502060203,3, 34, 51,24.5,128.5
202605100502060114,14, 58, 73,2.2,3.6
202605100502060102,2, 74, 90,2.8,4.7
202605100502060116,16, 75, 93,1.7,2.6
202605100502060103,3, 76, 94,1.1,1.3
202605100502060113,13, 65, 81,20.9,37.3
202605100502060101,1, 69, 87,4.4,7.5
202605100502060107,7, 70, 88,1.7,2.7
202605100502060108,8, 69, 85,3.5,6.0
202605100502060105,5,,,49.4,88.5
202605100502060110,10, 71, 87,3.7,6.3
202605100502060115,15, 69, 81,4.9,8.5
202605100502060111,11, 60, 78,6.6,11.5
202605100502060106,6, 67, 86,10.1,17.8
202605100502060109,9, 62, 80,19.5,34.8
202605100502060112,12, 52, 71,5.2,9.1
202605100502060104,4,,,5.8,10.1
202605100803061214,14, 69, 69,1.6,2.2
202605100803061208,8, 98, 98,1.4,1.8
202605100803061205,5, 86, 86,8.4,12.7
202605100803061211,11, 88, 88,1.5,2.0
202605100803061201,1, 93, 93,6.6,9.8
202605100803061203,3, 94, 94,4.6,6.8
202605100803061206,6, 88, 88,7.4,11.1
202605100803061213,13, 77, 77,10.1,15.3
202605100803061210,10, 88, 88,2.3,3.3
202605100803061212,12, 76, 76,3.8,5.7
202605100803061204,4, 66, 75,9.4,14.2
202605100803061202,2, 84, 84,2.0,2.9
202605100803061207,7, 87, 87,13.3,20.1
202605100803061209,9, 94, 94,3.0,4.3
202605100803061104,4,111,104,1.3,2.0
202605100803061110,10,110,103,1.1,1.2
202605100803061107,7,110, 98,2.1,4.0
202605100803061101,1, 91, 70,12.4,26.8
202605100803061111,11,104, 88,7.4,15.7
202605100803061103,3, 97, 85,6.0,12.7
202605100803061109,9,106, 94,4.9,10.1
202605100803061106,6, 95, 83,23.9,52.0
202605100803061114,14,105, 98,3.4,6.9
202605100803061105,5,108,101,2.3,4.4
202605100803061102,2,105, 98,4.0,8.2
202605100803061116,16,111, 99,1.8,3.4
202605100803061108,8,105, 93,7.2,15.2
202605100803061115,15,105, 93,18.3,39.7
202605100803061112,12, 90, 78,17.4,37.7
202605100803061113,13,,,4.7,9.7
202605100803061004,4, 98, 96,1.1,1.1
202605100803061006,6, 95, 93,1.4,2.9
202605100803061005,5, 96,101,1.2,2.2
202605100803061010,10, 89, 87,2.5,5.5
202605100803061008,8,,,10.4,25.2
202605100803061001,1, 95, 94,1.4,2.8
202605100803061009,9, 87, 92,6.4,15.3
202605100803061007,7, 93, 87,2.9,6.4
202605100803061002,2,,,12.0,29.2
202605100803061003,3, 93, 98,3.7,8.5
202605100803061011,11, 74, 79,34.5,84.9
202605100803060906,6,108,100,1.1,1.3
202605100803060901,1, 97, 89,12.4,25.5
202605100803060913,13,108,100,1.3,1.8
202605100803060903,3,102, 94,5.3,10.7
202605100803060911,11,101, 93,4.4,8.8
202605100803060907,7,103, 95,3.2,6.2
202605100803060912,12,100,100,1.8,3.2
202605100803060905,5,104, 96,3.6,7.1
202605100803060909,9,103, 95,1.9,3.4
202605100803060902,2,106, 98,3.0,5.8
202605100803060910,10, 96, 96,2.5,4.7
202605100803060904,4,,,11.8,24.1
202605100803060908,8, 87, 79,16.9,34.8
202605100803060812,12, 89, 98,1.4,1.9
202605100803060801,1, 87, 96,1.4,1.9
202605100803060802,2, 76, 85,1.7,2.4
202605100803060808,8, 84, 93,2.3,3.4
202605100803060806,6, 82, 91,15.2,23.7
202605100803060811,11, 89, 98,1.3,1.8
202605100803060805,5, 70, 79,5.1,7.8
202605100803060809,9, 81, 90,11.2,17.4
202605100803060803,3, 76, 85,15.9,24.7
202605100803060807,7, 81, 90,8.7,13.5
202605100803060810,10, 78, 87,3.6,5.4
202605100803060804,4, 86, 95,3.1,4.7
202605100803060707,7, 83, 89,1.5,2.3
202605100803060706,6, 92, 98,1.2,1.5
202605100803060701,1, 85, 91,1.3,1.9
202605100803060711,11, 89,106,1.7,2.6
202605100803060710,10, 80, 86,2.0,3.3
202605100803060708,8, 80, 98,5.4,9.3
202605100803060703,3, 80, 97,3.9,6.7
202605100803060704,4, 79, 96,8.2,14.3
202605100803060705,5, 60, 66,3.6,6.1
202605100803060702,2, 59, 64,22.2,39.0
202605100803060712,12, 81, 87,4.2,7.2
202605100803060709,9,,,24.2,42.5
202605100803060607,7, 88, 96,2.8,4.2
202605100803060606,6, 88, 96,1.7,2.5
202605100803060605,5, 87, 95,2.0,3.0
202605100803060602,2, 91, 99,1.3,1.7
202605100803060608,8, 81, 89,2.7,4.0
202605100803060601,1, 89, 97,1.4,1.9
202605100803060610,10, 53, 62,8.1,12.9
202605100803060604,4, 86, 94,9.9,15.7
202605100803060603,3, 87, 96,1.4,1.9
202605100803060609,9, 53, 63,32.1,51.4
202605100803060509,9, 76, 95,1.7,2.6
202605100803060508,8, 79, 98,1.1,1.2
202605100803060513,13, 75, 94,4.7,8.3
202605100803060505,5, 76, 95,2.8,4.8
202605100803060512,12, 26, 44,5.0,8.9
202605100803060501,1, 84, 90,1.9,3.1
202605100803060506,6, 63, 81,2.1,3.4
202605100803060502,2, 70, 89,4.4,7.8
202605100803060511,11, 51, 69,26.9,48.3
202605100803060507,7, 57, 75,4.6,8.2
202605100803060503,3, 73, 91,3.7,6.5
202605100803060510,10, 73, 92,2.2,3.7
202605100803060504,4, 73, 91,12.0,21.5
202605100803060401,1, 70, 88,1.8,3.3
202605100803060413,13, 73, 91,13.4,27.9
202605100803060410,10, 78, 95,2.5,4.7
202605100803060416,16, 85,102,1.1,1.1
202605100803060415,15, 74, 90,3.9,7.7
202605100803060404,4, 82, 99,1.9,3.5
202605100803060414,14, 77, 95,2.9,5.6
202605100803060409,9, 92, 97,2.1,4.0
202605100803060402,2, 75, 91,5.2,10.4
202605100803060408,8, 64, 79,33.0,69.8
202605100803060405,5, 78, 95,6.7,13.6
202605100803060407,7, 45, 63,49.2,104.0
202605100803060417,17,,,42.7,90.2
202605100803060403,3, 72, 87,34.3,72.6
202605100803060412,12, 60, 76,30.6,64.5
202605100803060406,6, 68, 86,2.1,3.9
202605100803060411,11, 75, 94,,
202605100803060307,7, 41, 59,5.1,30.3
202605100803060309,9, 63, 81,2.4,12.6
202605100803060306,6, 74, 92,1.8,9.0
202605100803060302,2, 62, 81,1.8,9.2
202605100803060308,8, 59, 77,4.9,29.0
202605100803060311,11, 73, 92,1.1,3.3
202605100803060312,12, 49, 68,5.3,31.9
202605100803060301,1, 80, 98,1.1,1.1
202605100803060303,3, 60, 78,2.3,12.5
202605100803060304,4, 59, 76,4.3,25.3
202605100803060305,5,,,4.9,29.5
202605100803060310,10, 38, 56,32.1,204.7
202605100803060203,3, 75, 92,8.3,12.8
202605100803060202,2, 81, 96,1.4,1.9
202605100803060205,5, 84, 99,1.4,2.0
202605100803060213,13, 70, 86,6.0,9.1
202605100803060214,14, 84, 99,1.5,2.0
202605100803060204,4, 87, 99,1.9,2.7
202605100803060201,1, 69, 84,14.0,21.7
202605100803060206,6, 84,100,1.4,2.0
202605100803060211,11, 76, 88,35.8,55.7
202605100803060208,8, 72, 88,6.6,10.0
202605100803060210,10, 72, 87,14.4,22.3
202605100803060216,16, 73, 89,7.4,11.3
202605100803060215,15, 61, 77,43.7,68.0
202605100803060212,12, 72, 87,35.2,54.8
202605100803060209,9, 75, 90,10.7,16.5
202605100803060207,7,,,18.8,29.1
202605100803060107,7, 79, 97,1.1,1.1
202605100803060111,11, 66, 84,1.1,3.5
202605100803060103,3, 77, 95,1.3,4.8
202605100803060106,6, 48, 66,2.5,11.7
202605100803060102,2, 41, 59,40.0,218.2
202605100803060109,9, 73, 90,3.9,19.3
202605100803060101,1, 61, 76,20.4,110.0
202605100803060108,8, 74, 92,1.2,4.5
202605100803060110,10,,,28.7,155.9
202605100803060104,4, 34, 53,7.4,38.6
202605100803060105,5, 67, 82,14.3,76.6
202605090401031211,11, 88, 98,1.1,1.1
202605090401031208,8, 86, 95,1.5,3.6
202605090401031203,3, 85, 95,2.5,6.8
202605090401031201,1, 88, 97,3.8,11.2
202605090401031202,2, 79, 88,1.6,3.9
202605090401031204,4, 82, 91,4.3,12.6
202605090401031209,9, 65, 74,6.8,20.7
202605090401031210,10, 70, 80,14.7,46.1
202605090401031207,7, 72, 82,4.5,13.3
202605090401031205,5, 81, 91,22.1,69.4
202605090401031212,12, 82, 92,1.8,4.6
202605090401031206,6, 54, 64,2.8,7.9
202605090401031116,16, 83, 83,2.7,4.0
202605090401031112,12,100, 95,3.4,5.2
202605090401031115,15, 99, 96,1.8,2.5
202605090401031111,11, 94, 89,7.5,11.9
202605090401031107,7, 90, 85,19.3,30.9
202605090401031109,9, 92, 89,4.2,6.5
202605090401031102,2, 92, 86,32.9,52.8
202605090401031113,13, 86, 81,1.7,2.4
202605090401031114,14, 95, 90,1.3,1.5
202605090401031105,5, 97, 97,2.1,3.0
202605090401031110,10, 23, 16,28.0,44.9
202605090401031104,4, 83, 80,23.5,37.7
202605090401031103,3, 93, 88,9.1,14.5
202605090401031106,6, 95, 90,24.3,39.0
202605090401031108,8, 96, 91,2.3,3.4
202605090401031101,1, 97, 93,4.7,7.2
202605090401031003,3, 89, 98,1.7,2.6
202605090401031008,8, 86, 94,2.4,3.7
202605090401031007,7, 85, 94,2.0,3.1
202605090401031005,5, 88, 96,1.2,1.3
202605090401031002,2, 87, 96,4.0,6.4
202605090401031011,11, 85, 93,6.7,11.0
202605090401031001,1, 89, 98,2.5,3.8
202605090401031009,9, 73, 81,7.4,12.2
202605090401031010,10, 79, 87,11.8,19.4
202605090401031006,6, 82, 91,1.7,2.5
202605090401031004,4, 87, 96,3.3,5.3
202605090401031013,13, 65, 74,8.8,14.4
202605090401031012,12, 82, 90,7.4,12.2
202605090401030911,11, 64, 69,4.6,7.2
202605090401030912,12, 86,101,2.3,3.5
202605090401030908,8, 95,100,1.3,1.5
202605090401030913,13, 92, 97,1.9,2.9
202605090401030914,14, 87, 92,2.3,3.5
202605090401030909,9, 92, 97,1.6,2.2
202605090401030904,4, 82, 97,2.8,4.3
202605090401030901,1, 86, 91,2.4,3.7
202605090401030910,10, 85, 90,6.6,10.5
202605090401030905,5, 80, 85,4.7,7.4
202605090401030906,6, 89, 94,5.4,8.6
202605090401030903,3, 86, 91,11.2,18.1
202605090401030902,2, 62, 67,13.4,21.7
202605090401030907,7, 61, 66,46.8,75.9
202605090401030803,3, 80, 89,1.6,2.4
202605090401030804,4,,,3.3,5.6
202605090401030802,2, 79, 89,2.5,4.0
202605090401030801,1, 74, 83,9.9,17.2
202605090401030813,13, 63, 72,2.9,4.7
202605090401030809,9, 71, 81,1.8,2.9
202605090401030812,12, 70, 79,7.3,12.6
202605090401030805,5, 74, 84,3.3,5.5
202605090401030808,8, 70, 79,2.1,3.4
202605090401030807,7, 69, 78,14.2,24.7
202605090401030806,6, 72, 82,10.0,17.4
202605090401030815,15, 65, 75,6.4,10.9
202605090401030810,10, 87, 97,1.1,1.3
202605090401030814,14, 64, 73,41.0,71.6
202605090401030811,11, 61, 70,7.6,13.1
202605090401030712,12, 84, 93,1.1,1.2
202605090401030703,3, 83, 92,3.0,5.4
202605090401030707,7, 86, 95,2.5,4.4
202605090401030706,6, 77, 86,13.8,26.7
202605090401030714,14, 86, 95,1.4,2.2
202605090401030702,2, 83, 92,9.4,18.0
202605090401030710,10,,,12.4,24.0
202605090401030708,8, 88, 97,2.4,4.3
202605090401030715,15, 81, 90,5.4,10.1
202605090401030705,5, 75, 84,28.5,55.6
202605090401030713,13, 81, 90,18.8,36.7
202605090401030704,4, 88, 97,2.0,3.5
202605090401030701,1, 79, 88,27.6,53.8
202605090401030709,9, 85, 94,10.6,20.5
202605090401030711,11, 86, 95,1.5,2.5
202605090401030615,15, 78, 97,3.2,5.4
202605090401030609,9, 80, 98,1.3,1.7
202605090401030605,5,,,4.5,7.5
202605090401030613,13, 81, 99,1.2,1.6
202605090401030614,14, 79, 98,1.5,2.2
202605090401030606,6, 73, 92,7.2,12.5
202605090401030604,4, 79, 97,2.9,4.7
202605090401030611,11, 75, 94,4.2,7.1
202605090401030607,7, 60, 79,37.3,65.8
202605090401030612,12, 58, 76,1.9,3.0
202605090401030610,10, 52, 70,12.0,21.0
202605090401030602,2, 71, 88,12.2,21.3
202605090401030601,1, 59, 77,54.0,95.5
202605090401030603,3, 71, 89,19.9,35.0
202605090401030616,16,,,47.9,84.6
202605090401030608,8, 75, 94,4.1,6.8
202605090401030510,10, 76, 91,2.3,3.3
202605090401030507,7, 59, 71,3.8,5.6
202605090401030516,16, 81, 96,1.4,1.7
202605090401030505,5, 81, 96,3.0,4.5
202605090401030511,11, 60, 77,21.9,33.7
202605090401030512,12, 84, 99,1.7,2.2
202605090401030503,3, 66, 83,5.1,7.7
202605090401030514,14, 40, 56,25.9,40.0
202605090401030504,4, 80, 95,2.3,3.3
202605090401030501,1, 63, 78,28.9,44.5
202605090401030506,6, 70, 87,8.2,12.4
202605090401030508,8, 82, 97,1.9,2.6
202605090401030515,15, 70, 85,15.5,23.8
202605090401030513,13, 68, 85,2.8,4.1
202605090401030502,2, 83, 98,4.8,7.2
202605090401030509,9, 58, 76,29.1,44.9
202605090401030411,11,,,2.4,3.9
202605090401030407,7,,,1.1,1.4
202605090401030402,2,,,1.4,2.1
202605090401030406,6,,,1.8,2.9
202605090401030410,10,,,1.6,2.6
202605090401030408,8,,,2.9,4.7
202605090401030409,9,,,5.8,10.0
202605090401030404,4,,,22.5,39.8
202605090401030405,5,,,12.0,21.2
202605090401030401,1,,,14.9,26.3
202605090401030403,3,,,1.7,2.7
202605090401030315,15, 87, 99,1.4,2.0
202605090401030314,14, 77, 92,3.6,5.5
202605090401030313,13, 80, 95,2.3,3.4
202605090401030312,12, 78, 93,2.4,3.5
202605090401030301,1, 80, 95,5.3,8.2
202605090401030309,9, 81, 96,1.4,1.8
202605090401030308,8, 83, 95,4.7,7.1
202605090401030303,3, 83, 98,1.5,2.2
202605090401030310,10, 80, 95,2.0,2.9
202605090401030307,7, 67, 82,63.4,100.9
202605090401030305,5,,,5.5,8.5
202605090401030302,2,,,53.2,84.5
202605090401030304,4, 69, 84,52.3,83.1
202605090401030311,11, 59, 74,40.5,64.4
202605090401030306,6,,,42.6,67.7
202605090401030203,3, 84,101,1.1,1.1
202605090401030202,2, 76, 93,2.3,5.2
202605090401030208,8, 76, 94,1.2,2.1
202605090401030205,5, 68, 86,2.2,4.7
202605090401030206,6, 67, 84,13.9,34.6
202605090401030209,9, 67, 86,2.6,5.8
202605090401030210,10, 65, 83,1.8,3.8
202605090401030201,1, 71, 87,1.3,2.6
202605090401030204,4, 66, 85,27.0,67.6
202605090401030207,7, 68, 86,32.8,82.2
202605090401030102,2,,,1.3,1.9
202605090401030107,7,,,1.2,1.6
202605090401030113,13,,,1.4,2.0
202605090401030110,10,,,4.2,6.8
202605090401030103,3, 84, 76,3.7,6.1
202605090401030106,6, 87, 79,6.5,10.9
202605090401030105,5,,,15.2,25.5
202605090401030101,1,,,2.6,4.1
202605090401030111,11,105, 83,1.6,2.4
202605090401030108,8,,,8.0,13.3
202605090401030112,12, 89, 89,6.4,10.6
202605090401030109,9, 79, 88,20.2,34.0
202605090401030104,4, 70, 78,10.0,16.7
202605090502051203,3, 97, 97,1.1,1.3
202605090502051211,11, 91, 91,2.7,4.4
202605090502051212,12, 88, 88,20.8,36.3
202605090502051216,16, 95, 95,3.2,5.3
202605090502051201,1, 91,101,2.4,3.9
202605090502051208,8, 95, 95,1.6,2.4
202605090502051205,5, 97, 97,3.4,5.6
202605090502051209,9, 90, 90,11.9,20.7
202605090502051206,6, 95, 95,5.2,8.9
202605090502051214,14, 92, 92,3.2,5.3
202605090502051204,4, 54, 54,28.2,49.3
202605090502051215,15, 82, 82,11.3,19.6
202605090502051213,13, 96, 96,5.9,10.1
202605090502051202,2, 84, 84,9.5,16.5
202605090502051210,10,,,33.7,59.1
202605090502051207,7, 91,100,1.6,2.4
202605090502051111,11,114, 99,1.5,2.0
202605090502051116,16,109, 93,3.8,5.6
202605090502051117,17,110, 98,5.0,7.3
202605090502051106,6,113, 93,3.1,4.5
202605090502051114,14,108,100,1.5,2.0
202605090502051104,4,115, 95,1.5,2.0
202605090502051108,8,109, 95,6.2,9.2
202605090502051101,1,106, 98,5.0,7.3
202605090502051105,5,101, 86,5.1,7.6
202605090502051110,10,101, 85,7.8,11.6
202605090502051102,2,115,103,2.6,3.7
202605090502051112,12,109, 95,8.4,12.6
202605090502051103,3,106, 90,21.8,32.6
202605090502051109,9,110, 84,6.3,9.3
202605090502051113,13, 98, 86,17.9,26.7
202605090502051115,15,107, 99,9.0,13.4
202605090502051107,7,104, 90,8.9,13.3
202605090502051010,10,103,100,1.1,1.5
202605090502051002,2,,,1.2,1.5
202605090502051004,4, 99,104,3.5,6.7
202605090502051012,12,104,110,1.8,3.1
202605090502051013,13,101, 84,2.1,3.8
202605090502051011,11, 95,100,3.5,6.7
202605090502051008,8, 87,103,7.7,15.4
202605090502051007,7,101,106,2.1,3.9
202605090502051005,5, 83, 89,5.5,10.9
202605090502051014,14, 99,104,4.8,9.5
202605090502051003,3,,,7.4,14.8
202605090502051009,9, 85, 84,49.0,101.0
202605090502051006,6, 83, 88,32.0,65.8
202605090502051001,1, 93, 90,4.3,8.5
202605090502051015,15, 94, 77,27.8,57.3
202605090502050907,7,103, 95,1.1,1.2
202605090502050908,8,106, 98,1.3,2.1
202605090502050903,3,104, 96,1.4,2.5
202605090502050910,10, 77, 69,12.0,26.1
202605090502050912,12,104, 96,2.2,4.2
202605090502050904,4, 95, 87,11.7,25.3
202605090502050909,9,101, 93,8.1,17.3
202605090502050905,5,100, 92,2.8,5.6
202605090502050902,2,105, 97,1.6,2.9
202605090502050901,1,100, 92,12.5,27.0
202605090502050911,11, 82, 76,4.1,8.6
202605090502050906,6, 90, 84,44.7,97.8
202605090502050808,8, 99, 93,1.1,6.7
202605090502050802,2, 88, 96,1.0,1.9
202605090502050806,6, 96, 96,1.0,1.1
202605090502050805,5, 84, 92,1.4,9.1
202605090502050803,3, 87, 87,1.9,14.6
202605090502050801,1, 87, 87,6.7,60.0
202605090502050807,7, 74, 82,6.2,55.1
202605090502050804,4, 71, 71,16.6,155.1
202605090502050710,10, 74, 83,3.2,8.0
202605090502050714,14, 88, 97,1.2,2.0
202605090502050711,11, 79, 88,3.8,9.7
202605090502050708,8, 60, 68,3.9,9.9
202605090502050706,6, 78, 87,31.7,86.5
202605090502050701,1, 82, 91,5.8,15.1
202605090502050707,7, 81, 90,2.3,5.4
202605090502050712,12, 73, 82,18.4,50.1
202605090502050709,9, 83, 92,1.7,3.9
202605090502050713,13, 81, 90,4.8,12.3
202605090502050704,4, 66, 75,2.1,5.0
202605090502050703,3, 84, 93,1.1,1.1
202605090502050705,5, 81, 90,5.6,14.7
202605090502050702,2, 72, 82,12.0,32.4
202605090502050611,11, 91, 96,1.4,2.0
202605090502050606,6, 84, 90,5.6,9.6
202605090502050612,12, 95, 77,1.6,2.5
202605090502050602,2, 96, 89,1.6,2.4
202605090502050608,8, 85, 90,3.2,5.3
202605090502050610,10, 94, 99,1.2,1.5
202605090502050607,7, 93, 89,3.0,5.0
202605090502050604,4, 84, 90,17.9,30.9
202605090502050605,5, 91, 87,4.7,8.0
202605090502050601,1, 80, 97,4.3,7.3
202605090502050603,3, 94, 88,2.9,4.9
202605090502050609,9, 44, 61,67.2,116.2
202605090502050513,13, 83, 99,1.7,3.0
202605090502050514,14, 83,100,1.7,3.0
202605090502050511,11, 83, 99,1.3,1.9
202605090502050509,9, 83, 99,1.1,1.3
202605090502050507,7, 84, 99,4.0,7.8
202605090502050518,18, 73, 90,9.2,18.4
202605090502050510,10, 79, 94,18.4,37.2
202605090502050516,16,,,30.5,61.9
202605090502050501,1, 82, 97,1.5,2.6
202605090502050517,17,,,20.5,41.4
202605090502050506,6, 59, 75,6.0,11.7
202605090502050504,4, 77, 94,5.4,10.6
202605090502050502,2, 64, 79,17.8,35.9
202605090502050508,8, 75, 90,15.6,31.5
202605090502050512,12,,,27.3,55.2
202605090502050515,15, 50, 66,77.8,158.1
202605090502050505,5, 66, 82,60.9,123.7
202605090502050503,3, 56, 73,27.3,55.3
202605090502050404,4, 82,101,1.1,1.4
202605090502050403,3, 62, 81,5.2,11.5
202605090502050406,6, 78, 97,1.1,1.4
202605090502050410,10, 73, 92,1.7,3.4
202605090502050411,11, 50, 67,16.6,37.9
202605090502050402,2,,,1.5,2.7
202605090502050408,8, 60, 78,2.0,4.1
202605090502050401,1, 64, 83,7.7,17.2
202605090502050412,12, 68, 87,7.9,17.6
202605090502050407,7, 69, 88,20.6,47.3
202605090502050409,9, 69, 87,2.0,4.1
202605090502050405,5, 70, 89,45.1,103.9
202605090502050313,13, 88,106,1.2,1.9
202605090502050306,6, 79, 94,1.5,2.7
202605090502050309,9, 83,101,1.1,1.3
202605090502050315,15, 72, 90,1.9,3.6
202605090502050312,12, 57, 74,3.0,5.8
202605090502050316,16, 76, 93,1.6,2.9
202605090502050301,1, 63, 80,30.8,65.2
202605090502050303,3, 70, 88,2.9,5.6
202605090502050314,14, 75, 93,5.4,11.0
202605090502050311,11, 51, 68,30.3,64.1
202605090502050310,10, 66, 85,80.5,171.0
202605090502050305,5, 77, 93,14.2,29.7
202605090502050308,8,,,38.1,80.7
202605090502050302,2,,,107.4,228.3
202605090502050304,4, 54, 69,54.8,116.3
202605090502050307,7, 69, 84,53.9,114.4
202605090502050206,6, 72, 90,2.5,3.9
202605090502050205,5, 74, 92,2.1,3.3
202605090502050211,11, 68, 87,3.5,5.6
202605090502050201,1, 71, 90,2.6,4.1
202605090502050203,3, 67, 85,1.2,1.7
202605090502050210,10, 76, 94,1.3,1.9
202605090502050208,8, 77, 96,1.3,1.8
202605090502050204,4, 60, 78,13.0,22.0
202605090502050207,7, 65, 83,35.8,60.6
202605090502050202,2, 72, 90,2.9,4.6
202605090502050209,9, 61, 79,10.1,17.0
202605090502050114,14, 84, 99,1.5,2.5
202605090502050116,16, 87,102,1.1,1.1
202605090502050108,8, 80, 92,1.6,2.8
202605090502050113,13, 78, 94,2.6,5.0
202605090502050106,6, 76, 91,4.8,9.6
202605090502050115,15, 34, 52,26.2,54.9
202605090502050111,11, 65, 82,20.4,42.6
202605090502050102,2, 76, 92,10.7,22.1
202605090502050107,7, 78, 93,5.1,10.2
202605090502050112,12,,,22.3,46.7
202605090502050110,10, 65, 83,3.1,6.0
202605090502050105,5, 86,101,1.7,3.1
202605090502050103,3, 67, 82,4.9,9.8
202605090502050101,1,,,19.2,40.2
202605090502050104,4, 72, 87,6.5,13.2
202605090502050109,9, 68, 83,39.1,82.2
202605090803051208,8,100,109,1.3,1.8
202605090803051210,10, 88, 88,5.3,9.7
202605090803051213,13, 93,102,1.8,3.1
202605090803051207,7,101,110,1.1,1.4
202605090803051209,9, 92, 92,2.4,4.2
202605090803051204,4, 91, 91,4.7,8.7
202605090803051206,6, 89, 89,4.1,7.4
202605090803051211,11, 88, 88,2.1,3.6
202605090803051203,3, 93, 93,1.8,3.1
202605090803051205,5, 90, 90,10.5,19.8
202605090803051202,2, 73, 73,6.3,11.7
202605090803051201,1, 83, 83,20.7,39.3
202605090803051212,12, 69, 69,14.8,28.1
202605090803051105,5, 98,103,3.1,5.8
202605090803051115,15,100, 94,1.1,1.3
202605090803051106,6, 94, 99,4.4,8.4
202605090803051110,10, 96, 93,2.4,4.3
202605090803051103,3, 88, 93,14.2,28.3
202605090803051107,7, 92, 97,4.1,7.8
202605090803051102,2,100, 94,1.3,1.9
202605090803051113,13, 83,102,15.9,31.8
202605090803051109,9, 95, 89,5.1,9.9
202605090803051116,16, 93, 86,2.5,4.6
202605090803051108,8, 98, 91,2.9,5.5
202605090803051104,4, 80, 99,21.6,43.2
202605090803051112,12, 94, 99,5.3,10.2
202605090803051101,1, 95,100,1.9,3.3
202605090803051111,11, 91, 85,33.6,67.5
202605090803051114,14, 98, 80,20.6,41.3
202605090803051003,3, 95, 95,1.2,2.0
202605090803051002,2, 95, 95,1.1,1.8
202605090803051005,5, 93,101,1.1,1.2
202605090803051001,1, 85, 85,1.5,2.7
202605090803051006,6, 91, 99,2.0,3.8
202605090803051004,4, 90, 90,7.4,15.1
202605090803051007,7, 98, 98,2.9,5.7
202605090803051008,8, 76, 84,16.0,33.0
202605090803050907,7, 98, 98,1.1,1.5
202605090803050908,8, 93,102,1.7,2.9
202605090803050910,10, 82, 82,3.7,6.7
202605090803050911,11, 94, 94,1.8,3.1
202605090803050903,3, 93,101,1.5,2.5
202605090803050906,6, 91, 99,1.2,1.7
202605090803050905,5, 84, 84,4.3,7.8
202605090803050901,1, 94, 94,2.8,4.9
202605090803050909,9, 93, 93,10.8,20.5
202605090803050904,4, 92, 92,20.0,38.1
202605090803050902,2, 76, 76,12.2,23.1
202605090803050805,5, 78, 88,12.5,23.0
202605090803050801,1, 89, 99,1.1,1.5
202605090803050814,14, 82, 92,9.8,17.9
202605090803050808,8,,,2.9,5.0
202605090803050812,12, 70, 79,23.2,42.9
202605090803050806,6, 86, 94,2.8,4.7
202605090803050804,4, 75, 85,1.2,1.7
202605090803050815,15, 87, 97,1.3,2.0
202605090803050809,9, 77, 86,29.9,55.3
202605090803050813,13, 84, 94,2.5,4.3
202605090803050807,7, 73, 82,23.1,42.8
202605090803050816,16,,,6.5,11.7
202605090803050811,11, 54, 63,5.1,9.1
202605090803050803,3, 54, 64,6.6,11.8
202605090803050810,10, 55, 64,4.9,8.7
202605090803050802,2, 76, 85,13.4,24.6
202605090803050708,8, 74, 83,1.3,2.2
202605090803050706,6, 79, 88,2.5,5.0
202605090803050711,11, 90, 99,1.1,1.2
202605090803050703,3, 80, 90,2.3,4.6
202605090803050704,4, 72, 81,4.1,8.7
202605090803050705,5, 90, 99,1.1,1.8
202605090803050709,9, 66, 75,6.8,14.8
202605090803050707,7,,,14.2,31.5
202605090803050702,2, 65, 74,22.6,50.3
202605090803050701,1, 83, 91,2.4,4.7
202605090803050710,10, 79, 88,3.8,8.0
202605090803050601,1, 83, 88,4.4,6.4
202605090803050607,7, 94, 99,1.7,2.2
202605090803050605,5, 92,107,2.0,2.7
202605090803050613,13, 92, 97,1.6,2.0
202605090803050615,15, 85, 90,2.7,3.8
202605090803050606,6, 87, 92,5.8,8.5
202605090803050612,12, 89, 94,7.5,11.0
202605090803050609,9, 87, 99,4.9,7.1
202605090803050603,3, 91,106,1.9,2.7
202605090803050610,10, 86, 91,7.8,11.4
202605090803050602,2, 62, 67,32.1,47.5
202605090803050608,8, 62, 67,83.1,123.0
202605090803050616,16, 86,101,14.0,20.7
202605090803050604,4, 90, 95,3.0,4.2
202605090803050614,14, 91, 96,3.0,4.2
202605090803050611,11, 37, 32,15.7,23.2
202605090803050507,7, 93, 98,1.1,1.3
202605090803050503,3, 90, 95,1.1,1.5
202605090803050501,1, 86, 91,4.2,7.9
202605090803050502,2, 90, 95,1.3,2.2
202605090803050504,4, 89, 94,2.6,4.9
202605090803050508,8, 84,101,2.5,4.6
202605090803050506,6, 82, 99,1.6,2.7
202605090803050505,5, 87, 92,2.9,5.3
202605090803050408,8, 79, 97,1.8,2.6
202605090803050406,6, 41, 59,1.6,2.1
202605090803050413,13, 79, 98,1.4,1.8
202605090803050410,10, 78, 97,1.6,2.1
202605090803050407,7, 76, 95,5.0,7.4
202605090803050404,4, 74, 93,10.2,15.4
202605090803050401,1, 77, 95,9.3,14.1
202605090803050414,14, 74, 93,2.8,4.0
202605090803050402,2, 81,100,1.8,2.5
202605090803050403,3, 64, 81,55.5,85.4
202605090803050405,5, 45, 62,60.8,93.6
202605090803050412,12,,,34.5,53.0
202605090803050415,15, 55, 74,61.6,94.9
202605090803050409,9,,,3.7,5.4
202605090803050411,11,,,26.9,41.4
202605090803050310,10, 83,100,1.4,2.7
202605090803050306,6, 84,101,1.1,1.6
202605090803050303,3, 78, 96,1.1,1.3
202605090803050308,8, 61, 77,4.7,10.3
202605090803050302,2, 69, 85,12.9,29.6
202605090803050315,15, 80, 95,2.3,4.8
202605090803050307,7, 78, 93,18.0,41.5
202605090803050312,12,,,2.4,4.9
202605090803050311,11, 75, 90,3.3,7.2
202605090803050305,5, 74, 89,48.4,112.9
202605090803050313,13, 69, 86,82.8,193.2
202605090803050316,16, 74, 89,6.5,14.5
202605090803050317,17,,,23.8,55.2
202605090803050309,9, 66, 82,44.5,103.8
202605090803050301,1, 77, 92,9.0,20.4
202605090803050304,4, 69, 84,24.3,56.4
202605090803050314,14, 80, 95,2.7,5.6
202605090803050205,5, 70, 89,2.1,3.0
202605090803050209,9, 77, 95,1.5,1.9
202605090803050206,6, 71, 87,2.5,3.6
202605090803050201,1, 73, 91,3.0,4.4
202605090803050202,2,,,1.7,2.4
202605090803050204,4, 66, 84,1.4,1.9
202605090803050212,12, 67, 85,8.9,13.7
202605090803050210,10,,,10.1,15.6
202605090803050215,15, 58, 74,36.7,57.5
202605090803050213,13, 69, 88,4.4,6.6
202605090803050214,14, 57, 72,7.8,12.0
202605090803050211,11, 57, 76,2.9,4.3
202605090803050203,3, 48, 66,62.7,98.3
202605090803050207,7, 50, 68,4.4,6.7
202605090803050208,8, 45, 63,22.7,35.6
202605090803050115,15, 83, 99,1.3,1.7
202605090803050107,7, 81, 97,1.5,2.2
202605090803050114,14, 80, 96,2.4,3.7
202605090803050103,3, 82, 94,3.4,5.4
202605090803050110,10, 83, 99,1.4,1.9
202605090803050113,13,,,12.5,20.6
202605090803050105,5, 89,105,1.4,2.0
202605090803050104,4, 70, 86,2.6,4.1
202605090803050108,8, 69, 87,16.4,27.1
202605090803050101,1, 64, 80,40.6,67.7
202605090803050111,11, 76, 92,25.2,41.8
202605090803050106,6, 71, 88,33.2,55.2
202605090803050102,2,,,18.5,30.6
202605090803050116,16,,,64.7,107.7
202605090803050112,12, 41, 59,70.5,117.5
202605090803050109,9,,,,
202605030401021203,3, 90, 99,1.2,1.7
202605030401021210,10, 82, 91,1.5,2.5
202605030401021204,4, 81, 90,2.3,4.0
202605030401021211,11, 85, 94,2.5,4.4
202605030401021209,9, 86, 95,2.4,4.2
202605030401021205,5, 91,100,1.1,1.5
202605030401021206,6, 82, 91,7.1,13.4
202605030401021208,8, 85, 94,5.4,10.2
202605030401021212,12, 78, 87,4.7,8.8
202605030401021213,13, 67, 77,40.1,78.0
202605030401021207,7, 78, 87,4.1,7.5
202605030401021215,15, 68, 77,20.1,38.9
202605030401021201,1, 81, 90,24.2,47.1
202605030401021214,14, 79, 88,6.9,13.0
202605030401021202,2, 80, 89,35.5,69.0
202605030401021104,4, 98, 90,3.6,4.9
202605030401021110,10,104, 96,1.7,2.1
202605030401021103,3,100, 92,3.2,4.3
202605030401021102,2,106, 96,2.1,2.7
202605030401021108,8,102, 94,3.6,4.8
202605030401021113,13, 98, 90,18.4,25.6
202605030401021112,12, 98, 90,5.5,7.6
202605030401021101,1, 92, 84,5.4,7.4
202605030401021114,14, 96, 86,10.3,14.3
202605030401021115,15, 95, 87,1.8,2.3
202605030401021107,7,105, 97,1.7,2.2
202605030401021111,11,103, 92,3.1,4.2
202605030401021109,9, 93, 89,7.5,10.4
202605030401021105,5, 84, 73,18.1,25.2
202605030401021106,6, 88, 78,5.7,7.9
202605030401021016,16, 94, 94,1.2,1.5
202605030401021008,8, 95, 95,1.5,2.2
202605030401021007,7, 90, 90,4.0,6.2
202605030401021013,13, 83, 83,2.9,4.5
202605030401021015,15, 89, 89,3.1,4.7
202605030401021012,12, 95, 95,1.5,2.2
202605030401021005,5, 94, 94,18.2,29.8
202605030401021009,9, 95, 95,2.9,4.5
202605030401021014,14, 82, 82,5.6,9.0
202605030401021002,2, 92, 92,9.3,15.1
202605030401021011,11, 91, 91,3.5,5.5
202605030401021003,3, 68, 68,19.2,31.5
202605030401021010,10, 86, 86,11.5,18.8
202605030401021006,6, 78, 78,20.4,33.4
202605030401021004,4, 71, 71,8.2,13.3
202605030401021001,1, 93, 93,4.1,6.5
202605030401020904,4,102,102,1.1,1.1
202605030401020903,3, 94, 94,1.3,2.3
202605030401020908,8, 95, 95,1.4,2.8
202605030401020902,2, 78, 78,7.9,18.6
202605030401020910,10, 83, 83,24.2,57.9
202605030401020905,5, 82, 82,2.3,5.0
202605030401020911,11, 86, 86,2.8,6.2
202605030401020909,9, 91, 91,4.2,9.6
202605030401020907,7, 91, 91,3.4,7.6
202605030401020912,12, 81, 81,2.0,4.2
202605030401020901,1, 89, 99,5.6,13.1
202605030401020906,6, 59, 59,18.9,45.1
202605030401020804,4, 90, 98,1.3,1.8
202605030401020806,6, 86, 94,1.7,2.6
202605030401020805,5, 85, 94,3.1,4.9
202605030401020809,9, 85,103,1.9,2.9
202605030401020811,11, 78, 86,31.5,52.6
202605030401020808,8, 78, 87,2.4,3.7
202605030401020812,12, 79, 87,12.0,20.0
202605030401020807,7, 86, 94,1.3,1.7
202605030401020810,10, 84, 92,4.8,7.8
202605030401020802,2, 82, 91,23.5,39.1
202605030401020803,3, 76, 85,2.7,4.2
202605030401020801,1, 79, 88,2.5,4.0
202605030401020701,1, 86, 94,2.1,2.9
202605030401020709,9, 79, 88,5.2,7.5
202605030401020711,11, 86, 95,1.7,2.2
202605030401020707,7, 82, 90,2.9,4.1
202605030401020710,10, 85, 94,9.0,13.1
202605030401020715,15, 86, 95,3.0,4.2
202605030401020713,13, 82, 90,1.5,1.9
202605030401020705,5, 86, 95,3.8,5.4
202605030401020714,14, 86, 94,5.7,8.3
202605030401020712,12, 86, 95,2.2,3.1
202605030401020708,8, 68, 77,23.7,35.0
202605030401020716,16, 74, 83,32.3,47.8
202605030401020702,2, 81, 90,14.6,21.5
202605030401020704,4, 87, 95,2.8,4.0
202605030401020703,3, 82, 91,3.7,5.3
202605030401020706,6, 76, 85,29.4,43.5
202605030401020610,10, 88, 98,1.3,1.7
202605030401020603,3, 83, 93,7.3,11.7
202605030401020608,8, 82, 92,2.3,3.5
202605030401020604,4, 79, 88,1.4,1.9
202605030401020609,9, 83, 93,14.7,23.7
202605030401020602,2, 71, 79,5.8,9.3
202605030401020611,11, 80, 90,1.9,2.8
202605030401020601,1, 85, 95,2.1,3.2
202605030401020613,13, 80, 89,4.4,6.8
202605030401020605,5, 65, 74,1.9,2.8
202605030401020612,12, 84, 94,3.5,5.4
202605030401020607,7,,,11.0,17.7
202605030401020606,6, 41, 51,11.9,19.2
202605030401020511,11, 77, 95,1.6,2.3
202605030401020509,9, 68, 86,1.9,2.7
202605030401020505,5, 58, 77,7.2,11.5
202605030401020503,3, 70, 87,3.3,5.1
202605030401020502,2, 78, 96,1.4,1.8
202605030401020506,6, 57, 73,12.9,20.7
202605030401020508,8, 50, 66,13.9,22.4
202605030401020514,14, 67, 86,3.3,5.1
202605030401020513,13, 76, 95,3.6,5.6
202605030401020504,4, 81, 97,1.3,1.7
202605030401020501,1, 73, 90,2.2,3.3
202605030401020507,7,,,12.2,19.6
202605030401020510,10, 64, 81,19.4,31.3
202605030401020512,12,,,13.7,22.1
202605030401020405,5,100, 84,1.3,1.7
202605030401020411,11, 76, 76,2.6,3.9
202605030401020410,10, 84, 93,3.4,5.3
202605030401020409,9,,,1.3,1.8
202605030401020413,13, 77, 85,6.4,10.1
202605030401020408,8,,,8.2,13.0
202605030401020412,12, 81, 74,2.4,3.7
202605030401020401,1, 83, 83,2.1,3.1
202605030401020407,7,,,1.5,2.1
202605030401020406,6,,,10.8,17.3
202605030401020404,4, 91, 91,7.5,11.9
202605030401020402,2, 80, 89,13.1,21.0
202605030401020403,3, 45, 54,15.5,24.9
202605030401020414,14, 73, 73,8.8,14.1
202605030401020314,14, 77, 95,3.3,5.1
202605030401020306,6, 81, 99,1.3,1.8
202605030401020303,3, 77, 95,1.4,1.9
202605030401020311,11, 80, 97,1.7,2.5
202605030401020310,10, 53, 71,6.0,9.6
202605030401020302,2, 79, 96,2.3,3.5
202605030401020304,4, 37, 54,32.2,52.0
202605030401020308,8, 76, 94,5.7,9.0
202605030401020305,5,  9, 28,25.5,41.2
202605030401020307,7, 66, 85,11.5,18.6
202605030401020312,12, 81, 99,1.5,2.1
202605030401020313,13, 13, 30,12.4,19.9
202605030401020309,9, 44, 59,10.9,17.6
202605030401020301,1,,,3.7,5.7
202605030401020213,13, 84, 99,1.2,2.1
202605030401020210,10, 83, 98,1.1,2.0
202605030401020212,12, 70, 85,6.3,14.2
202605030401020208,8, 79, 94,2.0,4.0
202605030401020206,6, 83, 98,2.0,4.0
202605030401020209,9, 66, 81,14.6,33.8
202605030401020207,7, 88,103,1.1,1.1
202605030401020211,11, 59, 74,57.2,134.0
202605030401020214,14, 71, 86,3.0,6.5
202605030401020201,1,,,11.0,25.2
202605030401020202,2, 64, 76,20.1,46.8
202605030401020204,4,,,31.7,74.1
202605030401020203,3,,,15.4,35.8
202605030401020205,5,,,23.0,53.7
202605030401020215,15, 40, 57,25.4,59.4
202605030401020116,16, 74, 93,1.9,2.9
202605030401020101,1, 80, 99,1.2,1.6
202605030401020110,10, 70, 85,11.0,18.7
202605030401020112,12, 74, 92,1.6,2.4
202605030401020104,4,,,12.2,20.7
202605030401020103,3, 61, 80,28.4,48.5
202605030401020114,14, 71, 88,2.6,4.1
202605030401020113,13, 69, 87,2.6,4.1
202605030401020106,6, 79, 97,1.4,1.9
202605030401020107,7, 51, 69,15.6,26.7
202605030401020105,5, 56, 74,18.9,32.4
202605030401020111,11, 74, 93,4.7,7.8
202605030401020108,8, 69, 88,7.2,12.1
202605030401020115,15, 56, 75,6.8,11.4
202605030401020109,9, 67, 85,6.4,10.7
202605030401020102,2, 57, 75,7.4,12.4
202605030502041205,5, 94, 94,1.3,1.5
202605030502041210,10, 95, 95,4.2,6.3
202605030502041213,13, 97, 97,2.1,3.1
202605030502041212,12, 91,100,2.0,2.9
202605030502041204,4, 98, 98,1.8,2.6
202605030502041207,7, 85, 85,3.3,5.0
202605030502041206,6,100,100,1.7,2.4
202605030502041201,1, 93, 93,9.1,14.1
202605030502041211,11, 92, 92,6.2,9.4
202605030502041202,2, 87, 87,9.6,14.9
202605030502041203,3, 84, 84,31.6,48.8
202605030502041208,8, 91, 91,9.9,15.3
202605030502041209,9, 90, 90,2.2,3.2
202605030502041112,12, 92, 98,5.6,9.0
202605030502041113,13, 92, 97,2.6,4.1
202605030502041110,10, 83,102,1.8,2.6
202605030502041105,5, 82,101,2.7,4.2
202605030502041102,2, 82,100,10.3,16.8
202605030502041103,3, 86,104,4.2,6.6
202605030502041114,14, 84,103,7.8,12.8
202605030502041115,15, 90, 95,3.1,4.9
202605030502041111,11, 96, 89,1.2,1.4
202605030502041106,6, 80, 98,7.8,12.7
202605030502041101,1, 82,100,9.3,15.2
202605030502041109,9, 89, 94,13.0,21.3
202605030502041104,4, 80, 99,2.3,3.6
202605030502041108,8, 87, 92,4.6,7.4
202605030502041107,7, 80, 98,2.0,3.1
202605030502041014,14,109, 97,2.2,3.1
202605030502041007,7, 99, 87,16.9,25.8
202605030502041015,15,105, 93,3.5,5.1
202605030502041006,6, 86, 70,3.9,5.8
202605030502041009,9,110, 98,1.8,2.5
202605030502041004,4,102, 89,6.0,9.0
202605030502041012,12,108, 95,7.1,10.6
202605030502041008,8,114,101,1.5,1.9
202605030502041005,5,113,100,1.5,2.0
202605030502041013,13,102, 90,20.8,31.8
202605030502041002,2, 99, 83,2.9,4.2
202605030502041010,10, 84, 68,5.2,7.8
202605030502041003,3, 95, 84,48.8,74.5
202605030502041001,1,,,12.0,18.3
202605030502041016,16, 59, 47,2.6,3.7
202605030502041011,11, 98, 85,9.8,14.8
202605030502040905,5,106, 98,1.9,2.3
202605030502040917,17,103, 95,2.6,3.3
202605030502040907,7,100, 92,13.3,17.9
202605030502040909,9,102, 94,5.3,7.0
202605030502040904,4,104, 96,2.3,3.0
202605030502040910,10,104, 90,2.8,3.7
202605030502040912,12,103, 95,4.4,5.9
202605030502040911,11, 84, 76,2.9,3.8
202605030502040918,18,103, 95,8.5,11.4
202605030502040908,8,101, 93,2.1,2.6
202605030502040913,13,105, 97,22.1,29.9
202605030502040906,6, 99, 91,13.6,18.3
202605030502040914,14,107, 99,22.4,30.3
202605030502040902,2, 96, 88,27.5,37.2
202605030502040916,16,107, 99,9.7,13.1
202605030502040915,15,104, 96,1.9,2.4
202605030502040901,1, 96, 88,5.7,7.6
202605030502040903,3, 99, 91,11.5,15.4
202605030502040804,4, 73, 73,1.2,1.6
202605030502040807,7, 93, 93,1.5,2.2
202605030502040801,1, 69, 69,3.4,5.3
202605030502040802,2, 93, 93,1.6,2.3
202605030502040805,5, 91, 91,3.4,5.4
202605030502040803,3, 97, 97,1.3,1.8
202605030502040806,6,,,20.7,33.0
202605030502040808,8, 88, 96,1.6,2.3
202605030502040809,9, 75, 75,7.0,11.1
202605030502040710,10, 85, 95,2.1,2.9
202605030502040712,12, 80, 90,3.1,4.4
202605030502040707,7, 86, 96,1.7,2.3
202605030502040714,14, 74, 83,1.8,2.5
202605030502040709,9, 85, 95,1.7,2.3
202605030502040706,6, 87, 96,3.6,5.2
202605030502040711,11, 89, 99,1.4,1.8
202605030502040701,1, 68, 78,47.7,71.7
202605030502040705,5, 73, 83,3.9,5.8
202605030502040702,2,,,8.6,12.8
202605030502040713,13, 67, 76,14.2,21.4
202605030502040715,15,,,9.2,13.8
202605030502040704,4, 67, 76,10.6,15.9
202605030502040703,3, 75, 84,13.2,19.9
202605030502040708,8, 66, 75,116.6,175.3
202605030502040607,7, 86, 91,1.8,3.9
202605030502040615,15, 81, 86,6.1,14.9
202605030502040611,11, 88,100,2.4,5.3
202605030502040608,8, 91,106,1.4,2.7
202605030502040609,9, 87, 92,2.6,5.9
202605030502040601,1, 86,102,10.1,25.1
202605030502040604,4, 87, 92,9.4,23.3
202605030502040606,6, 86,101,12.3,30.6
202605030502040612,12, 90,106,2.0,4.5
202605030502040605,5, 73, 78,56.8,143.6
202605030502040610,10, 83, 99,5.0,12.0
202605030502040603,3, 70, 76,6.8,16.5
202605030502040602,2,,,3.9,9.2
202605030502040613,13, 70, 75,9.7,24.0
202605030502040616,16, 87, 92,12.9,32.3
202605030502040614,14, 93, 98,1.1,1.1
202605030502040501,1, 77, 95,1.6,2.1
202605030502040504,4, 75, 92,1.7,2.4
202605030502040506,6, 78, 95,2.1,2.9
202605030502040502,2, 68, 87,1.8,2.5
202605030502040511,11, 76, 93,2.3,3.3
202605030502040513,13, 70, 89,12.4,19.0
202605030502040510,10, 80, 99,1.4,1.8
202605030502040507,7, 75, 92,42.9,66.4
202605030502040503,3, 63, 80,57.6,89.0
202605030502040514,14, 47, 66,6.2,9.4
202605030502040505,5, 66, 84,3.2,4.7
202605030502040515,15, 69, 84,15.9,24.4
202605030502040509,9, 62, 81,5.4,8.1
202605030502040508,8, 56, 74,33.3,51.4
202605030502040512,12, 69, 87,58.5,90.5
202605030502040401,1, 62, 79,4.3,8.3
202605030502040417,17, 77, 94,1.7,2.9
202605030502040402,2, 75, 92,4.2,8.1
202605030502040403,3, 81, 98,1.1,1.2
202605030502040406,6, 81, 98,1.4,2.1
202605030502040408,8, 70, 87,2.7,5.0
202605030502040412,12, 77, 94,2.1,3.8
202605030502040418,18, 74, 91,12.1,24.1
202605030502040411,11,,,7.0,13.7
202605030502040409,9, 64, 81,4.9,9.6
202605030502040410,10, 78, 95,15.8,31.8
202605030502040415,15, 37, 55,3.8,7.3
202605030502040405,5, 80, 95,14.4,28.8
202605030502040416,16, 72, 87,81.5,165.4
202605030502040407,7, 30, 46,33.2,67.3
202605030502040413,13, 27, 45,8.4,16.6
202605030502040414,14, 70, 88,38.2,77.3
202605030502040404,4, 80, 85,5.5,10.7
202605030502040312,12, 79, 97,1.1,1.1
202605030502040306,6, 81, 98,1.1,1.7
202605030502040308,8, 70, 88,1.4,2.9
202605030502040311,11, 75, 93,1.9,4.2
202605030502040310,10, 75, 93,1.7,3.8
202605030502040302,2,,,2.1,5.0
202605030502040305,5, 54, 72,14.0,36.7
202605030502040303,3, 70, 85,19.7,52.0
202605030502040309,9, 59, 74,6.3,16.0
202605030502040304,4, 70, 85,15.2,40.1
202605030502040301,1, 62, 79,25.7,68.0
202605030502040307,7, 74, 89,9.7,25.3
202605030502040205,5, 76, 93,1.3,1.8
202605030502040213,13,,,11.1,20.6
202605030502040207,7, 80, 97,1.7,2.9
202605030502040211,11, 84,100,1.1,1.4
202605030502040214,14, 73, 88,4.7,8.4
202605030502040202,2, 78, 95,6.0,10.9
202605030502040210,10, 67, 85,1.6,2.6
202605030502040201,1, 70, 85,15.4,28.8
202605030502040208,8, 74, 89,5.6,10.2
202605030502040204,4,,,3.7,6.7
202605030502040206,6, 54, 72,28.3,53.3
202605030502040209,9, 34, 52,30.5,57.5
202605030502040203,3, 63, 78,57.7,108.8
202605030502040215,15, 57, 75,5.3,9.6
202605030502040216,16, 63, 78,82.1,155.0
202605030502040212,12, 66, 84,2.0,3.3
202605030502040113,13, 69, 87,1.1,1.4
202605030502040103,3, 75, 93,1.9,3.2
202605030502040104,4,,,1.8,3.0
202605030502040107,7,,,5.0,9.2
202605030502040115,15, 70, 87,2.2,3.7
202605030502040102,2, 40, 58,3.5,6.3
202605030502040109,9, 64, 82,14.6,27.5
202605030502040105,5, 65, 83,5.5,10.2
202605030502040101,1, 68, 86,3.1,5.5
202605030502040110,10, 62, 80,5.5,10.1
202605030502040111,11, 66, 84,5.9,10.8
202605030502040112,12, 68, 86,1.4,2.0
202605030502040106,6, 53, 71,51.3,97.3
202605030502040108,8, 55, 74,16.6,31.4
202605030502040114,14,,,44.5,84.5
202605030803041213,13,105, 99,2.1,2.8
202605030803041210,10, 97, 97,3.8,5.3
202605030803041216,16, 96, 90,1.8,2.4
202605030803041205,5,101, 95,1.7,2.1
202605030803041208,8,,,11.4,16.1
202605030803041207,7, 99, 92,2.9,3.9
202605030803041203,3, 92, 88,12.1,17.0
202605030803041202,2, 97, 90,6.7,9.3
202605030803041209,9, 90, 86,6.5,9.1
202605030803041206,6,103, 97,1.6,2.0
202605030803041215,15,101, 94,5.4,7.5
202605030803041212,12, 95, 89,5.4,7.5
202605030803041204,4, 98, 92,6.0,8.5
202605030803041211,11,102,102,6.6,9.2
202605030803041201,1, 94, 87,9.6,13.6
202605030803041214,14,100, 93,3.6,5.0
202605030803041107,7,123, 97,1.1,1.3
202605030803041115,15,117,100,9.4,21.8
202605030803041103,3,124,102,1.1,1.5
202605030803041104,4,119, 97,2.5,5.3
202605030803041112,12,109, 87,1.3,2.5
202605030803041111,11,120, 94,2.8,6.1
202605030803041108,8,,,3.0,6.6
202605030803041113,13, 93, 71,6.6,15.0
202605030803041101,1,,,6.1,13.8
202605030803041110,10,115, 98,7.4,16.9
202605030803041102,2,100, 86,12.4,28.9
202605030803041105,5,,,21.4,50.2
202605030803041109,9,104, 96,20.3,47.7
202605030803041114,14,117,100,3.4,7.4
202605030803041106,6,113, 91,7.4,17.1
202605030803041003,3,104, 99,1.4,1.8
202605030803041002,2,101, 96,2.3,3.4
202605030803041004,4,104, 99,1.6,2.2
202605030803041008,8, 99, 94,9.0,13.9
202605030803041016,16, 99, 99,2.9,4.3
202605030803041001,1, 93, 88,5.6,8.5
202605030803041007,7, 97, 92,3.4,5.1
202605030803041018,18, 98, 98,21.6,33.8
202605030803041009,9,101, 96,1.5,2.0
202605030803041017,17,103, 98,3.2,4.8
202605030803041006,6, 95, 90,18.6,29.0
202605030803041005,5, 97, 92,8.1,12.5
202605030803041011,11, 94, 89,20.1,31.4
202605030803041014,14, 95, 89,9.9,15.4
202605030803041012,12, 98, 93,10.1,15.7
202605030803041015,15, 98, 93,5.1,7.8
202605030803041013,13, 86, 80,12.1,18.8
202605030803041010,10, 93, 88,20.6,32.2
202605030803040906,6, 94,103,1.1,4.6
202605030803040908,8, 97, 97,1.0,1.1
202605030803040903,3, 98, 98,1.6,9.5
202605030803040902,2, 93, 93,1.6,9.4
202605030803040905,5, 88, 88,1.3,6.7
202605030803040901,1, 90, 90,8.2,63.1
202605030803040907,7, 75, 75,6.7,50.3
202605030803040904,4, 74, 74,4.0,29.2
202605030803040909,9, 56, 56,13.4,104.1
202605030803040811,11, 92, 92,9.3,13.6
202605030803040808,8, 89, 98,1.6,2.1
202605030803040805,5, 83, 83,5.9,8.6
202605030803040806,6, 93, 93,6.4,9.4
202605030803040803,3, 97, 97,2.6,3.7
202605030803040810,10, 92, 92,15.2,22.4
202605030803040802,2, 95, 95,2.1,2.8
202605030803040814,14, 96, 96,1.5,2.0
202605030803040804,4, 86, 86,37.9,56.0
202605030803040812,12, 96, 96,4.5,6.5
202605030803040801,1, 80, 80,22.2,32.8
202605030803040815,15, 98, 98,4.7,6.9
202605030803040813,13, 91, 91,5.1,7.4
202605030803040807,7, 92, 92,2.7,3.8
202605030803040809,9, 93, 93,1.6,2.1
202605030803040707,7, 91,100,1.0,1.1
202605030803040704,4, 87, 95,1.1,3.9
202605030803040705,5, 75, 83,1.6,8.4
202605030803040702,2, 78, 87,12.3,80.9
202605030803040706,6, 76, 84,1.3,6.0
202605030803040708,8, 82, 90,1.9,10.4
202605030803040703,3, 79, 87,2.3,12.8
202605030803040701,1, 83, 91,4.4,27.1
202605030803040603,3, 91,107,1.1,1.2
202605030803040612,12, 87, 86,2.0,3.8
202605030803040611,11, 95, 94,1.3,2.0
202605030803040605,5, 89, 95,2.2,4.1
202605030803040602,2, 83, 77,10.6,21.7
202605030803040608,8, 93, 98,2.3,4.3
202605030803040609,9, 87,103,10.1,20.7
202605030803040601,1, 94, 99,1.4,2.4
202605030803040613,13, 74, 79,13.3,27.4
202605030803040614,14, 92, 75,34.8,72.5
202605030803040610,10, 87,103,6.8,13.8
202605030803040604,4, 80, 85,6.9,14.0
202605030803040616,16, 81, 86,11.5,23.6
202605030803040615,15, 87,103,7.7,15.7
202605030803040607,7, 88, 93,24.0,49.8
202605030803040606,6, 74, 79,70.4,146.9
202605030803040509,9, 62, 80,3.2,4.9
202605030803040508,8, 80, 97,2.4,3.5
202605030803040505,5,,,1.4,2.0
202605030803040507,7, 82, 99,1.4,1.8
202605030803040502,2, 73, 90,17.5,27.5
202605030803040506,6, 74, 92,6.8,10.5
202605030803040510,10,,,2.1,3.1
202605030803040511,11, 79, 97,1.5,2.1
202605030803040504,4, 63, 82,38.5,60.6
202605030803040503,3, 81, 99,1.5,2.1
202605030803040501,1, 57, 76,41.5,65.2
202605030803040411,11, 80, 99,1.1,1.3
202605030803040403,3, 78, 96,2.8,4.7
202605030803040407,7, 73, 92,1.4,2.3
202605030803040408,8, 76, 95,1.4,2.2
202605030803040410,10, 77, 96,1.7,2.7
202605030803040405,5, 72, 90,12.0,21.9
202605030803040406,6, 73, 92,7.0,12.6
202605030803040409,9, 64, 83,25.5,46.6
202605030803040404,4, 78, 97,1.7,2.7
202605030803040401,1, 79, 98,4.4,7.8
202605030803040402,2, 41, 59,14.1,25.6
202605030803040314,14, 69, 87,7.0,12.8
202605030803040305,5, 80, 98,1.4,2.2
202605030803040310,10, 76, 94,3.1,5.3
202605030803040303,3, 71, 89,16.0,29.7
202605030803040312,12, 74, 92,2.8,4.9
202605030803040306,6, 80, 98,1.1,1.5
202605030803040311,11, 77, 95,1.7,2.7
202605030803040307,7,,,33.5,62.6
202605030803040315,15, 81, 99,1.2,1.7
202605030803040313,13, 69, 86,2.3,4.0
202605030803040308,8, 57, 75,97.7,183.6
202605030803040302,2, 65, 81,32.0,59.9
202605030803040309,9, 68, 86,7.7,14.1
202605030803040304,4, 62, 77,74.8,140.4
202605030803040301,1, 57, 73,64.4,120.9
202605030803040212,12, 71, 89,4.2,6.9
202605030803040204,4, 72, 89,1.6,2.4
202605030803040209,9, 77, 94,2.1,3.3
202605030803040207,7, 76, 95,1.6,2.4
202605030803040205,5, 73, 92,3.7,6.1
202605030803040210,10, 61, 80,2.4,3.9
202605030803040203,3, 68, 86,12.8,21.8
202605030803040202,2, 78, 97,1.3,1.7
202605030803040211,11, 78, 97,1.3,1.7
202605030803040206,6, 45, 62,20.5,35.3
202605030803040208,8, 59, 77,33.5,57.7
202605030803040201,1, 59, 77,17.8,30.7
202605030803040109,9, 87,102,1.2,2.1
202605030803040110,10, 84,100,1.1,1.8
202605030803040105,5, 72, 87,8.9,18.7
202605030803040106,6, 86,102,1.1,1.3
202605030803040116,16,,,4.5,9.2
202605030803040102,2,,,8.2,17.2
202605030803040113,13, 74, 91,1.6,2.9
202605030803040112,12, 57, 74,4.8,9.8
202605030803040101,1, 50, 68,28.1,60.4
202605030803040108,8, 77, 93,9.4,19.8
202605030803040115,15, 68, 84,8.5,17.9
202605030803040114,14, 39, 57,8.0,16.8
202605030803040111,11,,,40.8,87.7
202605030803040107,7,,,37.1,79.7
202605030803040103,3, 77, 93,3.4,6.8
202605030803040104,4, 74, 91,,
202605020401011208,8, 83, 92,1.5,1.9
202605020401011216,16, 86, 95,1.5,2.0
202605020401011215,15, 72, 81,1.6,2.2
202605020401011209,9, 73, 82,12.6,19.1
202605020401011204,4, 69, 78,2.9,4.1
202605020401011206,6, 83, 92,6.2,9.3
202605020401011202,2, 81, 90,4.8,7.1
202605020401011210,10, 65, 75,27.2,41.2
202605020401011213,13, 73, 82,3.0,4.4
202605020401011212,12, 82, 91,2.1,3.0
202605020401011203,3, 83, 92,12.2,18.5
202605020401011214,14, 87, 91,3.5,5.2
202605020401011205,5, 75, 84,11.7,17.8
202605020401011207,7, 86, 95,4.8,7.1
202605020401011201,1, 76, 85,20.5,31.1
202605020401011211,11, 63, 72,10.6,16.0
202605020401011105,5,103, 96,1.5,1.8
202605020401011112,12,103,103,3.6,5.1
202605020401011113,13,100,100,2.8,3.9
202605020401011107,7, 86, 79,3.3,4.6
202605020401011108,8, 99, 92,2.7,3.8
202605020401011101,1, 89, 82,6.9,10.0
202605020401011106,6, 92, 85,3.5,5.0
202605020401011110,10, 78, 71,7.9,11.5
202605020401011103,3, 95, 87,8.6,12.6
202605020401011102,2, 96, 89,9.7,14.2
202605020401011111,11, 87, 80,2.3,3.2
202605020401011115,15, 95, 89,9.1,13.4
202605020401011104,4, 98, 91,20.2,29.5
202605020401011109,9, 97, 90,1.8,2.3
202605020401011114,14,101, 94,2.1,2.9
202605020401011004,4, 96, 96,1.9,2.5
202605020401011015,15, 92, 92,1.8,2.4
202605020401011008,8, 91, 99,2.3,3.2
202605020401011009,9, 69, 69,11.7,17.0
202605020401011012,12, 97, 97,1.4,1.8
202605020401011005,5, 95, 95,13.2,19.2
202605020401011001,1, 86, 86,9.9,14.5
202605020401011013,13, 93, 93,15.9,23.2
202605020401011003,3, 95, 95,6.1,8.8
202605020401011002,2, 92, 92,10.6,15.4
202605020401011011,11, 93, 93,3.5,5.0
202605020401011010,10, 93,102,4.0,5.7
202605020401011006,6, 98, 98,1.9,2.6
202605020401011014,14, 95, 95,3.6,5.1
202605020401011007,7, 90, 90,4.5,6.5
202605020401010911,11,104,110,1.1,1.2
202605020401010906,6, 98,104,2.1,3.4
202605020401010912,12, 87, 84,2.0,3.3
202605020401010907,7,103,109,2.5,4.3
202605020401010915,15, 96,113,5.4,9.7
202605020401010905,5, 83,100,1.8,2.9
202605020401010913,13, 95,113,4.3,7.7
202605020401010910,10, 89,106,17.3,31.8
202605020401010904,4, 83,101,5.4,9.8
202605020401010901,1, 73, 79,8.4,15.3
202605020401010914,14, 88, 94,8.2,15.0
202605020401010909,9, 92, 98,2.9,5.1
202605020401010908,8, 84,102,6.8,12.4
202605020401010903,3, 98,115,3.8,6.7
202605020401010902,2, 68, 74,9.8,17.9
202605020401010801,1, 87, 96,1.8,2.9
202605020401010810,10, 89, 97,1.8,2.9
202605020401010812,12, 89, 97,1.4,2.3
202605020401010809,9, 74, 83,9.3,17.3
202605020401010802,2, 86, 95,8.3,15.5
202605020401010808,8, 91, 99,1.1,1.3
202605020401010806,6, 85, 93,11.5,21.5
202605020401010807,7, 82, 90,14.0,26.3
202605020401010803,3, 89, 97,1.4,2.1
202605020401010805,5, 87, 96,2.2,3.8
202605020401010813,13, 81, 90,12.0,22.3
202605020401010804,4, 81, 90,28.9,54.3
202605020401010811,11, 10, 28,26.4,49.7
202605020401010701,1, 93,102,1.1,1.1
202605020401010702,2, 67, 76,2.8,10.0
202605020401010714,14, 73, 83,2.2,7.3
202605020401010707,7, 65, 74,9.6,37.5
202605020401010704,4, 70, 80,10.9,42.8
202605020401010712,12, 81, 90,1.7,5.0
202605020401010708,8, 49, 58,2.2,7.3
202605020401010705,5,,,4.1,15.1
202605020401010703,3, 78, 88,3.3,12.1
202605020401010710,10,,,2.9,10.2
202605020401010709,9, 82, 91,3.4,12.1
202605020401010713,13, 69, 78,37.5,150.3
202605020401010711,11, 85, 93,3.2,11.7
202605020401010706,6, 70, 80,17.4,69.0
202605020401010715,15, 71, 79,13.1,51.9
202605020401010605,5, 79, 98,1.2,1.5
202605020401010608,8, 67, 85,6.1,10.4
202605020401010606,6, 80, 99,1.4,1.9
202605020401010602,2, 79, 98,2.1,3.4
202605020401010607,7, 73, 92,2.0,3.2
202605020401010610,10, 63, 82,9.0,15.6
202605020401010601,1, 78, 96,2.6,4.2
202605020401010612,12, 60, 79,9.9,17.1
202605020401010603,3, 77, 96,1.9,3.0
202605020401010611,11, 58, 76,8.5,14.7
202605020401010609,9, 70, 89,7.1,12.1
202605020401010604,4, 79, 98,2.5,4.1
202605020401010613,13, 29, 46,17.2,29.8
202605020401010614,14, 64, 82,13.0,22.5
202605020401010513,13, 80, 95,1.6,3.6
202605020401010510,10, 71, 86,6.8,17.9
202605020401010516,16, 64, 81,17.7,47.8
202605020401010509,9, 81, 98,1.1,1.1
202605020401010514,14, 80, 97,1.4,2.9
202605020401010512,12, 68, 83,9.2,24.6
202605020401010508,8,,,3.2,8.1
202605020401010502,2,,,3.9,10.0
202605020401010507,7, 80, 95,4.7,12.0
202605020401010505,5,,,2.9,7.1
202605020401010501,1, 32, 47,7.2,18.8
202605020401010511,11, 69, 88,6.0,15.6
202605020401010504,4, 75, 90,2.0,4.7
202605020401010506,6,,,30.4,82.6
202605020401010515,15, 69, 84,6.1,16.0
202605020401010503,3,,,25.1,68.0
202605020401010402,2,,,14.0,20.3
202605020401010403,3,,,1.6,2.1
202605020401010411,11,,,1.6,2.2
202605020401010410,10,,,7.0,10.2
202605020401010408,8,,,13.6,19.7
202605020401010409,9,,,6.2,9.0
202605020401010401,1,,,1.5,1.9
202605020401010407,7,,,2.3,3.2
202605020401010404,4,,,4.3,6.2
202605020401010406,6,,,1.7,2.2
202605020401010405,5,,,1.8,2.4
202605020401010308,8, 91,105,1.4,2.0
202605020401010304,4, 78, 94,1.5,2.2
202605020401010303,3, 81, 96,1.4,2.1
202605020401010306,6, 84,100,1.2,1.5
202605020401010310,10, 75, 90,8.0,13.4
202605020401010309,9, 74, 89,4.6,7.5
202605020401010307,7, 85, 97,2.0,3.1
202605020401010302,2, 73, 88,10.5,17.9
202605020401010315,15, 70, 85,28.4,48.8
202605020401010313,13, 64, 82,20.9,35.8
202605020401010301,1, 70, 85,13.2,22.5
202605020401010311,11,,,44.0,75.6
202605020401010305,5, 67, 82,14.9,25.4
202605020401010314,14, 58, 76,4.7,7.7
202605020401010312,12,,,22.1,37.9
202605020401010205,5, 78, 96,1.5,2.1
202605020401010204,4, 72, 90,4.7,7.5
202605020401010206,6, 66, 83,1.9,2.8
202605020401010211,11, 75, 92,2.2,3.4
202605020401010207,7, 74, 90,2.0,3.0
202605020401010210,10, 78, 95,1.3,1.6
202605020401010212,12, 74, 92,4.9,7.7
202605020401010213,13, 61, 79,7.6,12.3
202605020401010201,1, 66, 85,7.5,12.1
202605020401010202,2, 67, 82,35.2,57.6
202605020401010208,8, 71, 89,12.8,20.8
202605020401010203,3, 67, 82,2.3,3.5
202605020401010215,15, 50, 67,3.3,5.1
202605020401010214,14, 64, 76,24.4,39.9
202605020401010209,9, 51, 69,49.4,80.9
202605020401010107,7,101, 88,1.2,1.8
202605020401010108,8,,,3.4,5.8
202605020401010111,11,,,1.3,1.9
202605020401010114,14,,,1.1,1.5
202605020401010110,10,,,2.4,4.0
202605020401010106,6,,,18.2,32.6
202605020401010113,13,,,3.2,5.4
202605020401010102,2,,,4.3,7.4
202605020401010112,12,,,2.4,4.0
202605020401010103,3, 66, 74,30.4,54.5
202605020401010105,5, 75, 83,13.2,23.6
202605020401010101,1, 71, 71,13.1,23.4
202605020401010104,4, 92, 92,8.4,14.9
202605020401010109,9, 70, 70,12.2,21.9
202605020502031205,5, 90,100,1.3,2.0
202605020502031202,2, 97, 97,1.1,1.3
202605020502031207,7, 93, 93,3.0,5.6
202605020502031212,12, 83, 83,2.7,5.0
202605020502031211,11, 93, 93,3.0,5.6
202605020502031203,3, 88, 88,8.1,16.2
202605020502031209,9, 95, 95,2.0,3.6
202605020502031213,13, 86, 86,8.6,17.1
202605020502031214,14, 96, 96,1.7,3.1
202605020502031208,8, 95,104,3.3,6.2
202605020502031206,6,,,14.9,29.9
202605020502031201,1, 64, 64,37.2,74.8
202605020502031210,10, 87, 87,5.6,11.0
202605020502031204,4, 68, 68,7.4,14.7
202605020502031116,16,109, 97,2.0,2.8
202605020502031106,6,108, 96,10.0,15.2
202605020502031114,14,103, 91,3.5,5.1
202605020502031107,7,107, 91,34.0,52.2
202605020502031104,4, 98, 83,7.1,10.7
202605020502031110,10,108, 93,3.3,4.9
202605020502031105,5,108, 96,3.9,5.7
202605020502031113,13,103, 93,1.4,1.8
202605020502031102,2,108,100,1.6,2.1
202605020502031118,18,108, 98,2.4,3.4
202605020502031101,1, 99, 91,14.6,22.3
202605020502031103,3, 99, 87,11.1,16.9
202605020502031108,8, 98, 82,7.0,10.6
202605020502031109,9,103, 93,19.4,29.7
202605020502031117,17,108, 92,4.8,7.2
202605020502031112,12,107, 95,2.9,4.2
202605020502031115,15,104, 92,25.7,39.4
202605020502031111,11,106, 94,4.9,7.3
202605020502031011,11, 88,105,1.4,1.9
202605020502031006,6, 94, 88,1.5,2.0
202605020502031002,2, 93, 98,1.8,2.6
202605020502031009,9,,,2.0,2.9
202605020502031004,4, 83,102,5.0,7.7
202605020502031010,10, 84, 78,9.0,14.2
202605020502031008,8, 98, 88,1.3,1.6
202605020502031003,3, 91, 88,6.5,10.2
202605020502031001,1, 92, 86,5.6,8.7
202605020502031005,5, 82,100,8.4,13.1
202605020502031007,7, 84,102,2.8,4.2
202605020502030912,12,111,111,1.5,2.4
202605020502030902,2,101,101,1.4,2.0
202605020502030914,14,102,102,1.1,1.4
202605020502030916,16,100, 93,4.8,8.3
202605020502030904,4,102, 95,5.4,9.4
202605020502030901,1,100,100,4.2,7.1
202605020502030910,10, 71, 64,8.3,14.6
202605020502030905,5,103, 96,4.1,7.0
202605020502030913,13,100, 93,3.3,5.6
202605020502030909,9,,,12.0,21.3
202605020502030915,15, 94, 86,5.7,9.9
202605020502030903,3,104, 97,2.0,3.2
202605020502030911,11, 83, 76,13.5,23.8
202605020502030906,6, 87, 80,15.7,27.9
202605020502030908,8,,,10.9,19.3
202605020502030907,7, 98, 90,7.2,12.5
202605020502030805,5, 99, 99,1.1,1.1
202605020502030806,6, 92,100,1.7,4.8
202605020502030803,3, 96, 96,1.4,3.9
202605020502030808,8, 96, 96,1.4,3.7
202605020502030801,1, 93, 93,2.4,7.5
202605020502030807,7, 76, 76,13.2,46.8
202605020502030809,9, 88, 88,10.3,36.3
202605020502030802,2, 76, 76,1.5,4.3
202605020502030804,4, 88, 88,6.3,21.6
202605020502030810,10, 75, 75,43.7,157.1
202605020502030712,12, 88, 97,1.5,2.1
202605020502030713,13, 81, 90,3.6,5.4
202605020502030709,9, 72, 81,5.8,8.9
202605020502030715,15, 90,100,1.4,1.8
202605020502030716,16,,,2.2,3.3
202605020502030710,10, 77, 87,4.0,6.1
202605020502030703,3, 79, 89,1.4,2.0
202605020502030706,6, 61, 71,18.2,28.6
202605020502030704,4, 65, 74,43.8,69.4
202605020502030708,8, 86, 95,2.5,3.7
202605020502030702,2, 71, 81,2.8,4.2
202605020502030707,7, 79, 88,21.4,33.8
202605020502030711,11, 75, 83,3.9,5.9
202605020502030714,14, 73, 82,53.1,84.1
202605020502030701,1, 75, 85,27.7,43.8
202605020502030705,5, 82, 91,40.9,64.8
202605020502030606,6, 90, 98,1.1,1.1
202605020502030607,7, 91, 99,1.1,2.4
202605020502030603,3, 80, 88,7.6,23.0
202605020502030604,4, 82, 90,2.5,7.1
202605020502030602,2, 82, 90,18.0,55.7
202605020502030605,5, 60, 69,39.5,122.8
202605020502030601,1,,,4.0,11.9
202605020502030503,3, 80, 77,1.5,2.0
202605020502030508,8, 92, 97,3.1,4.7
202605020502030509,9, 95, 91,2.1,3.1
202605020502030506,6, 85, 91,1.9,2.7
202605020502030505,5, 89, 94,4.9,7.7
202605020502030515,15, 94, 99,1.3,1.7
202605020502030517,17, 91,106,37.1,60.1
202605020502030510,10, 85,101,2.7,4.2
202605020502030511,11, 89, 83,8.2,13.2
202605020502030516,16, 92, 97,6.6,10.5
202605020502030518,18, 85,101,9.0,14.4
202605020502030502,2, 89, 94,20.2,32.7
202605020502030513,13, 66, 72,15.1,24.4
202605020502030512,12, 79, 84,4.1,6.4
202605020502030514,14, 78, 83,103.3,167.4
202605020502030501,1, 92, 97,15.5,25.0
202605020502030507,7, 79, 84,19.3,31.2
202605020502030504,4, 90, 84,3.2,4.9
202605020502030406,6, 79, 97,1.1,1.3
202605020502030410,10, 79, 98,1.3,2.1
202605020502030405,5, 72, 91,1.7,2.9
202605020502030402,2, 79, 98,1.2,1.8
202605020502030404,4, 68, 86,13.7,27.6
202605020502030403,3, 73, 78,7.2,14.3
202605020502030409,9, 51, 68,18.0,36.3
202605020502030407,7, 48, 67,35.6,72.1
202605020502030408,8,,,6.9,13.7
202605020502030401,1,,,1.4,2.3
202605020502030303,3, 70, 89,2.3,3.7
202605020502030308,8, 67, 85,1.4,2.1
202605020502030309,9, 54, 72,3.6,6.2
202605020502030301,1, 77, 95,1.2,1.9
202605020502030307,7, 81, 99,1.1,1.5
202605020502030302,2, 68, 87,7.5,13.0
202605020502030306,6, 64, 82,1.2,1.7
202605020502030305,5, 58, 76,4.7,8.1
202605020502030304,4, 31, 49,10.8,18.7
202605020502030203,3, 81, 98,1.1,1.7
202605020502030205,5, 87,104,1.1,1.1
202605020502030214,14, 67, 86,1.6,7.4
202605020502030204,4, 70, 85,4.4,25.7
202605020502030209,9, 64, 82,2.7,14.7
202605020502030213,13, 45, 63,2.8,15.5
202605020502030207,7, 75, 90,3.4,19.0
202605020502030210,10, 66, 84,9.1,55.9
202605020502030211,11, 57, 76,3.6,20.7
202605020502030212,12, 58, 76,21.3,133.9
202605020502030201,1, 73, 90,2.2,11.5
202605020502030206,6, 66, 81,8.2,49.9
202605020502030208,8,,,47.7,303.5
202605020502030202,2,,,9.5,58.6
202605020502030114,14, 80, 95,1.2,1.6
202605020502030101,1, 82, 98,1.1,1.5
202605020502030110,10, 69, 84,6.5,12.3
202605020502030112,12, 71, 87,2.5,4.4
202605020502030115,15, 56, 73,7.6,14.5
202605020502030113,13, 79, 95,1.8,3.1
202605020502030107,7, 70, 87,7.7,14.6
202605020502030105,5, 76, 91,2.4,4.2
202605020502030109,9, 58, 76,63.6,124.4
202605020502030106,6, 74, 89,3.7,6.8
202605020502030103,3, 73, 88,5.6,10.5
202605020502030116,16, 63, 78,31.1,60.8
202605020502030111,11, 49, 67,26.9,52.6
202605020502030104,4, 70, 85,30.7,59.9
202605020502030108,8, 43, 61,28.8,56.2
202605020502030102,2, 78, 93,1.6,2.7
202605020803031204,4, 84, 92,2.5,4.8
202605020803031205,5, 92,100,1.1,1.3
202605020803031201,1, 86, 94,1.6,2.8
202605020803031202,2, 85, 94,4.2,8.3
202605020803031207,7, 81, 78,1.7,3.0
202605020803031209,9, 89, 98,1.2,1.8
202605020803031208,8, 67, 76,12.4,25.4
202605020803031210,10, 60, 68,30.8,63.7
202605020803031203,3, 64, 73,7.8,15.9
202605020803031206,6, 88, 97,1.5,2.7
202605020803031104,4,103,109,1.1,1.5
202605020803031111,11, 99,105,1.1,1.3
202605020803031102,2,,,1.8,3.9
202605020803031109,9,100,106,1.7,3.5
202605020803031108,8, 82, 87,14.7,35.9
202605020803031103,3, 85,103,3.9,9.0
202605020803031105,5, 89, 86,2.0,4.3
202605020803031112,12, 78, 84,11.1,27.1
202605020803031107,7, 95,101,3.6,8.3
202605020803031110,10, 96,102,2.6,5.8
202605020803031106,6, 86, 92,8.2,20.0
202605020803031101,1, 84, 90,8.0,19.4
202605020803031005,5, 70, 70,5.1,8.3
202605020803031008,8, 97, 97,1.3,1.7
202605020803031010,10, 95, 95,3.3,5.2
202605020803031007,7, 90, 99,4.4,7.1
202605020803031002,2, 94, 94,1.3,1.8
202605020803031001,1, 92, 92,1.7,2.6
202605020803031012,12, 82, 82,7.9,12.9
202605020803031011,11, 94, 94,1.5,2.2
202605020803031009,9,,,11.0,18.1
202605020803031003,3, 94, 94,1.8,2.6
202605020803031006,6, 86, 86,33.8,55.6
202605020803031004,4, 77, 77,8.2,13.4
202605020803030907,7, 93, 99,1.6,2.4
202605020803030909,9, 83,102,1.3,1.8
202605020803030905,5, 92, 86,1.6,2.4
202605020803030902,2, 91, 85,2.8,4.6
202605020803030906,6,103, 86,1.9,3.1
202605020803030908,8, 75, 81,29.8,49.4
202605020803030901,1,,,1.2,1.5
202605020803030904,4, 90, 84,8.0,13.2
202605020803030903,3, 82,101,2.1,3.3
202605020803030812,12, 80, 89,6.2,11.2
202605020803030811,11, 82, 92,2.4,4.1
202605020803030804,4, 87, 97,1.4,2.2
202605020803030801,1, 86, 96,3.4,5.9
202605020803030809,9, 90,100,1.3,1.9
202605020803030806,6,,,5.0,8.9
202605020803030808,8, 91,100,1.1,1.4
202605020803030807,7, 82, 92,2.0,3.3
202605020803030813,13,,,16.9,31.2
202605020803030810,10, 82, 91,12.1,22.2
202605020803030802,2, 81, 90,11.0,20.2
202605020803030803,3, 68, 78,12.0,22.1
202605020803030805,5, 43, 52,2.9,5.1
202605020803030705,5, 95,100,1.2,1.5
202605020803030704,4, 72, 71,4.1,7.1
202605020803030712,12, 90, 86,3.1,5.2
202605020803030702,2, 93, 91,1.9,3.0
202605020803030708,8, 93, 98,1.3,1.7
202605020803030707,7, 84,100,1.9,3.1
202605020803030710,10, 89, 83,2.4,4.0
202605020803030709,9, 86, 91,16.9,29.7
202605020803030701,1,,,7.0,12.3
202605020803030706,6, 91, 96,2.5,4.1
202605020803030711,11,104, 87,2.8,4.8
202605020803030703,3,,,31.6,55.8
202605020803030607,7, 96,105,1.3,1.6
202605020803030611,11, 89, 98,1.4,1.8
202605020803030601,1, 86, 95,1.6,2.3
202605020803030604,4, 83, 92,1.7,2.6
202605020803030602,2, 68, 77,11.2,18.5
202605020803030605,5, 80, 89,9.2,15.1
202605020803030606,6, 81, 90,1.9,2.8
202605020803030609,9, 87, 96,11.5,18.9
202605020803030610,10, 83, 91,2.0,2.9
202605020803030603,3, 83, 92,5.3,8.6
202605020803030608,8, 81, 98,8.2,13.5
202605020803030506,6, 81, 99,1.0,1.1
202605020803030501,1, 75, 93,1.4,6.7
202605020803030510,10, 76, 94,1.5,8.1
202605020803030507,7,,,1.8,10.1
202605020803030511,11,,,1.6,8.1
202605020803030512,12, 75, 93,3.9,25.2
202605020803030504,4, 63, 80,12.8,89.1
202605020803030509,9, 54, 73,28.6,201.9
202605020803030513,13, 75, 94,5.2,34.0
202605020803030505,5, 67, 84,13.9,96.5
202605020803030503,3, 72, 91,3.8,24.2
202605020803030508,8, 67, 85,31.3,221.0
202605020803030502,2, 64, 83,10.5,72.3
202605020803030406,6, 80, 97,1.4,1.9
202605020803030405,5, 80, 97,1.5,2.2
202605020803030411,11, 76, 93,8.8,14.2
202605020803030413,13, 81, 96,1.5,2.2
202605020803030417,17, 78, 95,1.3,1.8
202605020803030401,1, 73, 90,6.5,10.4
202605020803030404,4, 82, 97,2.4,3.6
202605020803030418,18,,,8.5,13.7
202605020803030416,16, 80, 95,14.2,23.0
202605020803030408,8, 63, 78,18.4,30.0
202605020803030403,3, 84, 99,2.9,4.4
202605020803030407,7, 63, 78,57.7,94.7
202605020803030402,2, 73, 88,48.0,78.7
202605020803030409,9, 67, 82,75.0,123.3
202605020803030412,12, 56, 74,13.1,21.3
202605020803030410,10, 38, 56,78.4,128.8
202605020803030415,15, 71, 88,5.8,9.3
202605020803030414,14,  3, 18,78.7,129.4
202605020803030316,16, 67, 86,31.7,63.3
202605020803030301,1, 82, 99,1.1,1.3
202605020803030306,6, 74, 89,2.4,4.3
202605020803030304,4, 80, 97,1.4,2.1
202605020803030311,11, 78, 95,2.1,3.6
202605020803030312,12, 51, 70,33.9,67.8
202605020803030305,5, 74, 90,34.6,69.0
202605020803030318,18, 84, 89,4.7,9.0
202605020803030313,13, 77, 95,2.1,3.8
202605020803030303,3, 71, 88,8.9,17.5
202605020803030309,9, 67, 85,2.0,3.5
202605020803030307,7, 78, 96,2.9,5.3
202605020803030308,8, 74, 92,19.5,38.7
202605020803030302,2, 73, 92,4.9,9.4
202605020803030315,15, 29, 47,55.1,110.3
202605020803030314,14, 77, 92,10.4,20.4
202605020803030310,10, 56, 75,109.5,219.3
202605020803030317,17, 67, 83,36.5,73.0
202605020803030208,8, 81, 99,1.5,2.3
202605020803030210,10, 74, 92,1.1,1.4
202605020803030204,4, 80, 98,1.4,2.0
202605020803030201,1, 63, 81,17.2,31.8
202605020803030209,9, 67, 83,3.8,6.7
202605020803030202,2, 52, 67,25.4,47.0
202605020803030206,6, 75, 91,2.0,3.4
202605020803030203,3, 60, 78,34.3,63.6
202605020803030213,13, 59, 74,13.7,25.1
202605020803030211,11, 58, 76,2.2,3.8
202605020803030207,7, 62, 77,21.5,39.8
202605020803030215,15, 45, 62,11.0,20.1
202605020803030212,12, 74, 92,1.7,2.8
202605020803030205,5, 53, 69,19.3,35.7
202605020803030214,14, 59, 74,34.6,64.2
202605020803030105,5, 83, 99,1.1,2.3
202605020803030111,11, 85,100,1.1,1.1
202605020803030103,3, 82, 97,1.5,5.0
202605020803030107,7, 85, 97,2.0,7.3
202605020803030104,4, 77, 92,10.0,42.1
202605020803030114,14, 76, 91,3.6,14.2
202605020803030113,13, 75, 91,2.8,10.6
202605020803030109,9, 71, 86,12.2,51.9
202605020803030108,8, 73, 88,6.2,25.5
202605020803030115,15, 50, 62,14.8,63.1
202605020803030101,1, 71, 86,5.2,21.1
202605020803030102,2, 74, 89,9.9,41.6
202605020803030110,10, 68, 83,13.8,59.1
202605020803030106,6, 54, 69,44.2,191.5
202605020803030112,12, 53, 68,54.9,238.3
202605020803030116,16, 79, 94,2.5,9.2
202604260301061205,5, 84, 93,2.2,3.1
202604260301061204,4, 90, 99,1.8,2.4
202604260301061213,13,,,3.3,4.7
202604260301061210,10, 87, 96,2.0,2.7
202604260301061209,9, 84, 93,20.0,30.1
202604260301061202,2, 89, 98,1.6,2.1
202604260301061208,8, 81, 90,3.5,5.1
202604260301061207,7, 84, 93,5.1,7.6
202604260301061203,3, 81, 90,2.6,3.6
202604260301061212,12, 80, 89,7.5,11.2
202604260301061216,16, 88, 97,1.5,2.0
202604260301061211,11, 70, 79,62.0,93.9
202604260301061206,6, 76, 85,42.6,64.5
202604260301061215,15, 58, 67,33.2,50.3
202604260301061214,14, 75, 84,21.5,32.4
202604260301061201,1, 69, 78,64.9,98.3
202604260301061106,6,103, 98,2.0,2.6
202604260301061101,1,103, 95,7.2,10.0
202604260301061113,13,101, 93,3.4,4.6
202604260301061102,2, 93, 85,5.3,7.3
202604260301061107,7, 99, 91,6.9,9.5
202604260301061105,5, 91, 83,1.6,2.0
202604260301061110,10,102, 94,5.5,7.5
202604260301061109,9,100, 92,6.5,9.0
202604260301061112,12,105, 97,3.6,4.8
202604260301061115,15,102, 94,7.1,9.9
202604260301061114,14,105,100,2.1,2.8
202604260301061108,8,103, 98,2.5,3.3
202604260301061104,4, 94, 86,3.4,4.7
202604260301061103,3,100, 92,16.1,22.2
202604260301061111,11,103, 95,2.4,3.2
202604260301061116,16, 93, 85,60.9,83.9
202604260301061002,2, 90, 90,3.6,5.4
202604260301061003,3, 96,106,1.3,1.6
202604260301061014,14, 95, 95,2.8,4.1
202604260301061001,1,,,1.7,2.4
202604260301061010,10, 86, 86,7.4,11.5
202604260301061008,8, 93, 93,2.1,3.0
202604260301061004,4,,,10.8,16.9
202604260301061012,12, 91, 91,6.4,9.9
202604260301061015,15, 93, 93,2.3,3.3
202604260301061011,11, 92, 92,2.2,3.3
202604260301061013,13, 88, 98,4.1,6.3
202604260301061009,9, 79, 79,20.7,32.5
202604260301061006,6, 84, 84,18.7,29.4
202604260301061005,5, 86, 86,4.2,6.4
202604260301061007,7, 71, 71,6.0,9.3
202604260301060910,10, 90, 98,1.6,2.2
202604260301060902,2, 91, 99,2.1,3.0
202604260301060912,12, 90, 98,1.4,1.7
202604260301060913,13, 89, 97,2.2,3.2
202604260301060905,5, 86, 95,5.4,8.0
202604260301060901,1, 85, 93,15.1,23.0
202604260301060906,6, 87, 95,2.0,2.9
202604260301060911,11, 87, 95,2.4,3.5
202604260301060907,7, 87, 95,8.1,12.2
202604260301060904,4, 84, 92,12.6,19.2
202604260301060903,3, 89, 98,1.8,2.5
202604260301060909,9, 81, 89,10.3,15.6
202604260301060908,8, 79, 87,22.0,33.6
202604260301060804,4, 87, 96,1.4,1.9
202604260301060815,15, 87, 96,1.5,2.1
202604260301060802,2, 87, 96,1.4,2.0
202604260301060810,10, 70, 80,6.4,9.7
202604260301060801,1, 84, 93,1.9,2.7
202604260301060806,6, 61, 70,9.0,13.7
202604260301060812,12, 79, 88,2.8,4.1
202604260301060809,9, 85, 94,7.7,11.8
202604260301060805,5, 87, 96,3.1,4.5
202604260301060803,3, 71, 80,13.5,20.7
202604260301060808,8, 83, 92,5.3,7.9
202604260301060813,13, 31, 40,21.8,33.4
202604260301060807,7, 80, 89,56.0,86.1
202604260301060814,14, 86, 95,3.0,4.4
202604260301060811,11, 79, 88,15.2,23.3
202604260301060710,10, 84, 94,1.8,2.8
202604260301060706,6, 69, 79,2.7,4.6
202604260301060711,11, 94,103,1.1,1.2
202604260301060705,5, 78, 88,2.2,3.6
202604260301060713,13, 75, 85,3.0,5.1
202604260301060709,9, 81, 90,7.5,13.5
202604260301060714,14, 79, 89,2.7,4.5
202604260301060703,3, 81, 90,2.8,4.8
202604260301060712,12, 60, 68,5.1,9.1
202604260301060707,7, 84, 93,3.0,5.1
202604260301060708,8,,,10.0,18.1
202604260301060702,2, 73, 83,6.9,12.4
202604260301060715,15, 67, 76,19.4,35.2
202604260301060704,4, 80, 89,4.3,7.5
202604260301060701,1,,,12.8,23.1
202604260301060610,10, 91, 99,1.3,1.7
202604260301060605,5, 87, 95,1.5,2.0
202604260301060613,13, 81, 89,3.9,5.9
202604260301060604,4, 87, 95,1.7,2.4
202604260301060606,6, 82, 90,2.7,4.0
202604260301060601,1, 77, 85,3.7,5.6
202604260301060608,8, 85, 93,6.0,9.3
202604260301060603,3, 85, 93,1.7,2.5
202604260301060602,2, 86, 94,3.7,5.6
202604260301060609,9, 84, 92,4.9,7.5
202604260301060611,11, 73, 81,7.9,12.3
202604260301060607,7, 76, 85,6.4,9.9
202604260301060612,12, 68, 78,64.8,100.7
202604260301060508,8, 81, 99,1.2,1.6
202604260301060502,2, 72, 88,3.5,5.4
202604260301060515,15, 61, 80,14.5,23.9
202604260301060511,11, 70, 88,6.6,10.6
202604260301060506,6, 40, 58,28.2,46.6
202604260301060501,1, 78, 96,1.4,2.1
202604260301060505,5, 75, 90,9.8,16.0
202604260301060509,9, 77, 95,1.7,2.5
202604260301060503,3, 71, 88,6.1,9.8
202604260301060504,4,,,2.8,4.4
202604260301060514,14, 79, 97,1.5,2.2
202604260301060507,7, 75, 93,2.5,3.8
202604260301060510,10, 59, 75,36.3,60.0
202604260301060513,13, 72, 90,45.5,75.2
202604260301060512,12,,,13.8,22.7
202604260301060407,7, 83, 97,1.3,1.9
202604260301060410,10,,,17.1,30.6
202604260301060404,4, 84, 99,1.1,1.5
202604260301060402,2, 77, 92,7.4,13.0
202604260301060403,3, 69, 84,8.9,15.6
202604260301060401,1, 62, 79,25.1,44.9
202604260301060408,8, 72, 87,2.9,4.8
202604260301060414,14, 84, 99,1.4,2.2
202604260301060405,5,,,27.7,49.5
202604260301060406,6, 69, 86,1.9,3.1
202604260301060413,13, 73, 88,4.2,7.2
202604260301060409,9,,,4.1,7.0
202604260301060412,12, 70, 85,16.0,28.4
202604260301060415,15,,,20.1,35.9
202604260301060416,16, 79, 94,4.5,7.8
202604260301060411,11,,,4.2,7.3
202604260301060313,13, 66, 84,3.4,13.1
202604260301060310,10, 86,103,1.1,1.1
202604260301060302,2, 66, 84,1.4,4.1
202604260301060304,4, 77, 93,1.7,5.7
202604260301060307,7, 76, 94,2.6,9.6
202604260301060314,14, 77, 92,10.7,44.5
202604260301060315,15, 71, 87,2.8,10.4
202604260301060301,1,,,6.6,27.1
202604260301060303,3, 62, 77,40.5,173.5
202604260301060308,8, 74, 92,5.1,20.3
202604260301060305,5, 54, 72,21.6,91.8
202604260301060312,12,,,40.9,174.9
202604260301060306,6, 81, 96,1.6,5.5
202604260301060309,9, 63, 81,38.5,164.9
202604260301060311,11,,,5.4,21.5
202604260301060212,12, 71, 88,3.0,4.8
202604260301060204,4, 83, 98,1.4,2.1
202604260301060209,9, 82, 98,1.3,1.9
202604260301060214,14, 73, 90,2.8,4.6
202604260301060215,15, 82, 97,1.2,1.6
202604260301060211,11, 82, 97,1.5,2.3
202604260301060216,16, 67, 82,17.5,30.2
202604260301060210,10, 72, 87,12.9,22.1
202604260301060207,7, 77, 92,5.6,9.4
202604260301060208,8, 38, 55,42.4,73.8
202604260301060205,5, 56, 74,18.7,32.3
202604260301060201,1, 66, 81,18.0,31.0
202604260301060213,13, 71, 86,3.5,5.7
202604260301060206,6, 69, 86,30.1,52.3
202604260301060203,3, 70, 85,68.7,119.4
202604260301060202,2, 48, 64,60.6,105.5
202604260301060112,12, 76, 92,1.2,1.6
202604260301060107,7, 75, 90,2.4,4.3
202604260301060114,14, 66, 81,3.4,6.3
202604260301060101,1, 87, 99,1.1,1.5
202604260301060115,15, 73, 89,1.6,2.7
202604260301060105,5, 83, 95,1.8,3.2
202604260301060106,6,,,9.9,19.3
202604260301060111,11, 59, 75,6.6,12.8
202604260301060113,13, 68, 83,6.4,12.3
202604260301060103,3, 73, 88,3.7,6.9
202604260301060109,9, 62, 77,30.6,60.9
202604260301060108,8, 55, 70,5.6,10.7
202604260301060102,2, 45, 60,35.1,69.8
202604260301060104,4,,,24.4,48.5
202604260301060116,16, 62, 77,21.9,43.5
202604260301060110,10, 70, 85,8.5,16.7
202604260502021215,15,101,111,1.1,1.1
202604260502021214,14, 95,105,2.4,9.7
202604260502021210,10, 93,103,1.9,7.4
202604260502021211,11, 98, 98,1.2,3.4
202604260502021216,16, 95, 95,2.7,11.1
202604260502021212,12, 93, 93,3.1,12.9
202604260502021209,9, 91, 91,1.8,6.6
202604260502021203,3, 87, 87,8.2,36.9
202604260502021207,7, 88, 88,19.8,91.6
202604260502021206,6, 89, 89,6.1,26.8
202604260502021208,8, 91, 91,21.0,97.7
202604260502021213,13, 89, 99,7.2,32.4
202604260502021201,1, 94, 94,3.9,16.8
202604260502021204,4, 69, 69,17.3,80.2
202604260502021202,2, 84, 84,48.3,226.5
202604260502021205,5, 82, 82,45.8,214.3
202604260502021105,5,100, 94,1.1,1.3
202604260502021113,13, 84,102,1.8,2.8
202604260502021107,7, 83,101,1.7,2.7
202604260502021110,10, 82,101,7.6,13.2
202604260502021102,2, 89,107,1.6,2.3
202604260502021101,1, 89, 95,2.7,4.4
202604260502021108,8, 86, 80,4.2,7.2
202604260502021104,4, 82, 99,16.0,27.9
202604260502021112,12, 88, 93,5.7,9.9
202604260502021111,11, 94, 99,2.0,3.1
202604260502021106,6, 93, 99,4.9,8.3
202604260502021109,9, 72, 77,7.7,13.3
202604260502021103,3, 84,103,,
202604260502021003,3,108, 98,1.2,1.5
202604260502021016,16,109, 88,1.5,2.2
202604260502021014,14,105, 95,1.8,2.6
202604260502021012,12,109, 89,2.1,3.2
202604260502021015,15,104, 94,3.0,4.7
202604260502021004,4,111, 95,4.2,6.8
202604260502021011,11,102, 92,6.4,10.4
202604260502021013,13,103, 95,6.7,11.0
202604260502021007,7,104, 94,3.2,5.0
202604260502021005,5,106, 96,2.5,3.9
202604260502021001,1, 97, 87,20.5,34.0
202604260502021009,9, 99, 91,12.9,21.4
202604260502021006,6,102, 88,6.2,10.2
202604260502021002,2,100, 88,13.9,22.9
202604260502021008,8, 97, 87,10.1,16.7
202604260502021010,10,,,,
202604260502020907,7,102, 97,2.0,2.6
202604260502020913,13,104, 96,2.4,3.3
202604260502020901,1,104, 96,1.4,1.6
202604260502020903,3,102, 97,4.1,6.0
202604260502020912,12, 92, 86,5.1,7.5
202604260502020909,9, 96, 91,19.9,30.1
202604260502020906,6,100, 94,5.1,7.5
202604260502020908,8, 96, 91,2.5,3.5
202604260502020905,5, 99, 99,2.6,3.7
202604260502020910,10, 96, 91,16.3,24.7
202604260502020902,2, 95, 90,12.7,19.0
202604260502020915,15, 95, 89,2.7,3.9
202604260502020916,16, 90, 84,6.8,10.1
202604260502020904,4,101, 95,6.6,9.8
202604260502020911,11,103, 95,2.3,3.2
202604260502020914,14, 95, 90,57.1,86.2
202604260502020803,3, 96, 96,1.2,1.6
202604260502020811,11, 94, 94,2.1,3.3
202604260502020810,10, 92, 92,1.5,2.2
202604260502020807,7, 93, 93,12.0,20.2
202604260502020801,1, 98, 98,1.6,2.4
202604260502020802,2, 94, 94,1.4,1.9
202604260502020809,9, 92, 92,2.5,3.9
202604260502020806,6, 85, 85,28.2,47.7
202604260502020808,8, 89, 98,3.1,5.0
202604260502020804,4, 40, 40,5.5,9.2
202604260502020805,5,,,19.4,32.7
202604260502020714,14, 89, 99,1.1,1.1
202604260502020712,12, 81, 90,1.7,3.5
202604260502020715,15, 86, 95,1.3,2.6
202604260502020709,9, 91,101,1.4,2.8
202604260502020716,16, 76, 85,5.0,12.2
202604260502020711,11,,,26.5,68.0
202604260502020708,8, 82, 92,2.8,6.5
202604260502020703,3,,,3.0,7.1
202604260502020702,2, 77, 87,4.3,10.4
202604260502020706,6, 78, 87,12.2,30.8
202604260502020710,10, 83, 92,14.8,37.6
202604260502020704,4, 67, 77,49.6,128.0
202604260502020701,1, 86, 95,6.8,17.0
202604260502020707,7, 67, 76,47.1,121.4
202604260502020713,13, 74, 83,33.4,86.1
202604260502020705,5,,,28.5,73.2
202604260502020602,2, 93, 98,1.1,1.9
202604260502020605,5, 81, 78,2.4,10.0
202604260502020601,1, 95, 92,1.1,1.1
202604260502020604,4, 85,102,1.1,3.7
202604260502020607,7, 91, 96,1.5,5.4
202604260502020606,6, 83,101,4.7,21.3
202604260502020603,3, 79, 84,3.0,13.0
202604260502020608,8, 66, 71,36.3,175.6
202604260502020516,16, 68, 86,2.4,4.1
202604260502020514,14,,,1.2,1.5
202604260502020508,8, 81, 98,1.2,1.6
202604260502020517,17, 60, 79,1.7,2.9
202604260502020515,15, 60, 78,22.4,43.0
202604260502020513,13, 46, 64,7.3,13.6
202604260502020511,11, 64, 82,7.9,14.9
202604260502020512,12, 65, 84,9.5,18.0
202604260502020506,6, 79, 96,1.6,2.6
202604260502020507,7, 75, 94,5.7,10.7
202604260502020518,18, 53, 71,3.8,7.0
202604260502020504,4, 73, 92,11.4,21.7
202604260502020501,1, 56, 74,25.7,49.4
202604260502020505,5, 64, 83,4.5,8.2
202604260502020502,2, 76, 93,23.9,46.0
202604260502020503,3, 60, 77,60.0,115.7
202604260502020509,9, 56, 75,116.6,225.0
202604260502020510,10,,,8.0,15.1
202604260502020406,6, 82,101,1.1,1.1
202604260502020408,8, 78, 97,1.4,3.3
202604260502020402,2, 73, 91,1.3,3.1
202604260502020401,1, 80, 99,1.1,1.6
202604260502020407,7, 62, 81,10.6,32.0
202604260502020403,3, 74, 93,2.5,6.8
202604260502020404,4, 48, 67,5.6,16.6
202604260502020409,9,,,4.5,13.1
202604260502020405,5, 70, 88,13.8,41.9
202604260502020410,10, 66, 85,3.5,10.0
202604260502020301,1, 74, 90,2.1,3.2
202604260502020314,14, 78, 93,2.3,3.6
202604260502020316,16, 68, 84,1.2,1.6
202604260502020313,13, 79, 94,12.3,20.5
202604260502020310,10, 76, 91,6.1,10.0
202604260502020308,8, 76, 92,2.2,3.5
202604260502020304,4, 48, 66,7.8,12.9
202604260502020309,9, 77, 92,1.4,2.1
202604260502020307,7, 71, 88,16.0,26.8
202604260502020302,2,,,68.9,116.3
202604260502020305,5, 62, 77,51.4,86.7
202604260502020311,11, 65, 82,4.1,6.6
202604260502020303,3, 46, 63,8.7,14.4
202604260502020315,15, 79, 94,1.5,2.1
202604260502020312,12, 75, 91,11.9,19.8
202604260502020306,6, 68, 83,48.8,82.3
202604260502020212,12, 78, 96,1.2,1.9
202604260502020206,6, 66, 84,3.4,7.5
202604260502020208,8, 75, 90,4.6,10.4
202604260502020204,4, 81, 99,1.1,1.1
202604260502020209,9, 74, 93,1.6,3.2
202604260502020211,11, 79, 94,1.7,3.4
202604260502020205,5, 53, 70,1.9,4.0
202604260502020213,13, 74, 89,10.2,24.0
202604260502020202,2, 58, 76,10.1,23.8
202604260502020203,3, 64, 82,5.5,12.6
202604260502020201,1, 50, 68,56.9,137.0
202604260502020214,14,,,17.4,41.6
202604260502020210,10,  8, 26,86.1,207.8
202604260502020207,7, 67, 85,4.8,10.9
202604260502020106,6, 72, 87,2.1,3.0
202604260502020115,15, 80, 95,2.1,3.0
202604260502020109,9, 58, 74,1.8,2.4
202604260502020116,16, 76, 91,5.2,7.7
202604260502020107,7, 81, 96,1.4,1.7
202604260502020102,2, 77, 93,1.8,2.5
202604260502020103,3, 54, 72,12.3,18.5
202604260502020108,8, 77, 92,3.9,5.7
202604260502020101,1, 70, 86,3.6,5.2
202604260502020105,5, 76, 91,5.8,8.5
202604260502020114,14, 73, 88,6.6,9.8
202604260502020110,10, 79, 95,2.9,4.1
202604260502020104,4,,,22.2,33.7
202604260502020113,13, 65, 80,71.5,108.4
202604260502020111,11, 65, 77,21.7,32.9
202604260502020112,12, 79, 95,,
202604260803021206,6, 88, 88,1.8,2.6
202604260803021212,12, 96, 96,1.5,2.0
202604260803021203,3, 91,100,2.0,2.8
202604260803021209,9, 94, 94,1.5,1.8
202604260803021208,8, 87, 87,3.1,4.6
202604260803021205,5, 90, 90,10.8,16.4
202604260803021201,1, 93, 93,12.2,18.7
202604260803021202,2,102,111,2.7,3.9
202604260803021210,10, 95, 95,2.2,3.2
202604260803021211,11, 89, 89,6.3,9.4
202604260803021204,4, 80, 80,12.1,18.5
202604260803021214,14, 99, 99,3.2,4.7
202604260803021213,13, 86, 86,10.2,15.5
202604260803021207,7, 79, 79,26.6,40.6
202604260803021109,9,111, 95,1.6,2.1
202604260803021101,1,116,104,5.0,7.2
202604260803021107,7,111, 99,2.3,3.3
202604260803021105,5,114, 98,9.4,13.9
202604260803021102,2,110, 95,1.5,2.0
202604260803021112,12,112, 97,3.8,5.5
202604260803021116,16,111, 91,3.4,4.8
202604260803021117,17,106, 91,2.8,3.9
202604260803021108,8,111, 91,6.8,9.9
202604260803021111,11,104, 92,31.2,46.6
202604260803021118,18,105, 93,4.0,5.7
202604260803021106,6,109, 94,5.9,8.6
202604260803021110,10,113, 98,1.6,2.2
202604260803021104,4,105, 93,11.0,16.2
202604260803021103,3,106, 98,18.9,28.2
202604260803021113,13,103, 91,46.3,69.1
202604260803021115,15,103, 87,23.3,34.8
202604260803021114,14, 97, 77,20.7,30.8
202604260803021005,5,102, 94,3.6,6.0
202604260803021017,17,102,102,1.2,1.4
202604260803021002,2, 97, 89,5.4,9.2
202604260803021010,10,100,100,4.9,8.4
202604260803021004,4, 99, 99,2.7,4.4
202604260803021003,3, 98, 90,4.8,8.1
202604260803021013,13,104, 96,3.4,5.7
202604260803021007,7, 96, 88,7.0,12.1
202604260803021016,16,103, 95,6.4,11.1
202604260803021001,1,104, 96,6.3,10.8
202604260803021011,11,106, 98,1.5,2.1
202604260803021009,9, 87, 80,18.2,32.1
202604260803021014,14,104, 96,4.2,7.0
202604260803021008,8, 88, 80,20.7,36.6
202604260803021006,6, 99, 91,31.3,55.2
202604260803021018,18,105, 97,5.1,8.8
202604260803021012,12,100,100,1.8,2.8
202604260803021015,15,101, 93,12.9,22.6
202604260803020901,1, 97, 97,1.7,2.9
202604260803020908,8, 92,100,1.2,1.6
202604260803020906,6, 91, 91,5.1,9.4
202604260803020902,2, 97, 97,1.2,1.5
202604260803020911,11, 93, 93,1.6,2.7
202604260803020903,3, 92, 92,10.2,19.2
202604260803020910,10, 83, 83,13.5,25.4
202604260803020909,9, 93, 93,5.2,9.5
202604260803020907,7, 67, 67,17.8,33.5
202604260803020904,4, 95, 95,2.1,3.5
202604260803020905,5, 89, 89,1.8,2.9
202604260803020809,9, 82, 90,6.0,8.8
202604260803020802,2, 90, 99,2.8,4.0
202604260803020815,15, 81, 91,4.8,7.1
202604260803020813,13, 90, 99,1.5,2.0
202604260803020803,3, 87, 96,1.5,1.9
202604260803020808,8, 84, 94,7.0,10.4
202604260803020804,4, 90, 99,1.9,2.7
202604260803020810,10, 85, 95,3.0,4.3
202604260803020812,12, 83, 93,14.4,21.6
202604260803020807,7, 86, 95,4.5,6.5
202604260803020805,5, 49, 58,24.8,37.3
202604260803020806,6,,,8.6,12.9
202604260803020814,14, 79, 88,14.3,21.5
202604260803020801,1, 88, 97,5.3,7.8
202604260803020811,11, 85,103,1.6,2.2
202604260803020712,12, 80, 88,1.4,1.8
202604260803020711,11, 77, 86,2.6,3.9
202604260803020708,8, 77, 85,1.8,2.6
202604260803020703,3, 79, 87,1.5,2.0
202604260803020705,5, 60, 69,2.0,2.8
202604260803020707,7, 80, 88,4.1,6.2
202604260803020713,13, 73, 82,34.1,53.3
202604260803020704,4, 86, 95,6.1,9.4
202604260803020702,2, 70, 80,5.4,8.2
202604260803020709,9, 80, 88,3.7,5.6
202604260803020714,14, 74, 82,2.8,4.1
202604260803020710,10, 77, 86,18.6,29.0
202604260803020706,6, 83, 91,19.7,30.8
202604260803020701,1, 85, 93,3.7,5.5
202604260803020605,5, 75, 80,1.7,2.9
202604260803020608,8, 83, 88,4.1,7.6
202604260803020607,7, 88, 94,1.7,2.8
202604260803020609,9, 95,100,1.3,2.1
202604260803020602,2, 96,101,1.1,1.3
202604260803020610,10, 86,102,1.3,1.9
202604260803020611,11, 82, 87,13.9,26.5
202604260803020603,3,,,24.0,45.9
202604260803020604,4, 67, 72,10.2,19.4
202604260803020601,1, 85,100,4.5,8.3
202604260803020606,6, 70, 75,6.2,11.6
202604260803020508,8, 56, 74,1.4,2.2
202604260803020509,9, 73, 92,1.2,1.6
202604260803020511,11, 80, 99,1.8,2.7
202604260803020503,3, 81, 99,3.4,5.5
202604260803020502,2, 77, 96,1.7,2.7
202604260803020506,6, 76, 94,7.3,12.2
202604260803020507,7, 75, 93,1.3,1.8
202604260803020505,5, 69, 85,19.8,33.7
202604260803020512,12, 61, 80,10.9,18.5
202604260803020501,1, 66, 84,46.3,78.8
202604260803020504,4, 53, 71,9.0,15.2
202604260803020510,10, 75, 94,3.2,5.3
202604260803020405,5,,,1.7,2.5
202604260803020412,12,,,1.7,2.5
202604260803020408,8,,,7.6,12.6
202604260803020414,14,,,1.8,2.8
202604260803020411,11, 83, 92,17.3,28.8
202604260803020401,1,100, 78,2.6,4.1
202604260803020403,3,,,1.4,2.0
202604260803020404,4,,,1.3,1.6
202604260803020409,9,,,2.7,4.2
202604260803020407,7, 68, 85,28.7,48.1
202604260803020413,13,,,47.4,79.4
202604260803020402,2, 62, 81,37.3,62.4
202604260803020406,6, 84, 84,10.6,17.6
202604260803020410,10,,,29.3,49.1
202604260803020307,7, 71, 86,2.5,3.6
202604260803020304,4, 81, 95,1.6,2.2
202604260803020313,13, 83, 98,3.9,5.8
202604260803020315,15, 75, 92,3.0,4.5
202604260803020316,16, 84, 99,1.4,1.8
202604260803020311,11, 75, 90,5.5,8.2
202604260803020309,9, 40, 58,5.3,8.0
202604260803020306,6, 83, 98,1.6,2.2
202604260803020308,8, 50, 65,99.1,154.0
202604260803020314,14, 74, 89,23.8,36.8
202604260803020302,2, 82, 97,8.2,12.5
202604260803020301,1, 76, 91,1.7,2.4
202604260803020305,5, 65, 80,19.8,30.6
202604260803020303,3,,,15.0,23.1
202604260803020310,10, 61, 77,12.2,18.8
202604260803020317,17,,,31.4,48.7
202604260803020318,18, 63, 75,74.3,115.5
202604260803020312,12, 61, 80,58.7,91.2
202604260803020214,14, 81, 99,1.1,2.4
202604260803020212,12, 75, 93,1.1,1.1
202604260803020206,6, 80, 98,1.2,2.9
202604260803020215,15, 71, 88,2.3,6.6
202604260803020203,3, 58, 76,2.7,8.1
202604260803020213,13, 63, 81,12.2,39.6
202604260803020202,2, 60, 76,14.3,46.7
202604260803020207,7, 71, 87,2.4,7.0
202604260803020209,9, 62, 81,6.9,21.8
202604260803020211,11, 67, 85,8.5,27.2
202604260803020201,1,,,17.4,57.0
202604260803020204,4, 61, 80,4.7,14.6
202604260803020210,10, 66, 82,76.1,252.6
202604260803020208,8, 65, 84,14.7,47.9
202604260803020205,5,,,36.5,120.9
202604260803020116,16, 77, 92,1.7,2.5
202604260803020107,7, 82, 97,1.3,1.7
202604260803020102,2, 77, 92,1.6,2.4
202604260803020113,13, 80, 96,1.4,1.8
202604260803020103,3, 77, 92,4.5,7.2
202604260803020112,12,,,4.9,8.0
202604260803020106,6,,,2.1,3.2
202604260803020104,4, 71, 83,2.7,4.2
202604260803020105,5,,,15.8,26.4
202604260803020109,9, 65, 80,19.9,33.4
202604260803020101,1, 75, 90,4.7,7.6
202604260803020108,8,,,25.5,42.9
202604260803020111,11, 70, 85,42.6,71.8
202604260803020115,15,,,61.3,103.4
202604260803020110,10,,,49.5,83.6
202604260803020114,14,,,47.5,80.1
202604250301051204,4, 81, 89,3.9,5.6
202604250301051201,1, 79, 88,1.8,2.5
202604250301051213,13, 89, 98,2.5,3.5
202604250301051216,16, 86, 95,1.8,2.5
202604250301051209,9, 84, 92,1.5,1.8
202604250301051210,10, 82, 90,2.9,4.0
202604250301051212,12, 90, 98,1.8,2.4
202604250301051206,6, 74, 84,14.3,21.1
202604250301051215,15, 76, 84,9.5,14.0
202604250301051202,2, 84, 93,4.4,6.3
202604250301051207,7, 58, 67,8.1,11.9
202604250301051203,3, 77, 86,24.7,36.7
202604250301051211,11, 85, 94,3.7,5.3
202604250301051205,5, 68, 77,41.2,61.1
202604250301051208,8, 70, 79,41.9,62.1
202604250301051214,14, 83, 92,12.3,18.2
202604250301051108,8,101,101,3.4,4.2
202604250301051111,11, 93, 89,1.8,2.2
202604250301051106,6, 84, 80,1.8,2.2
202604250301051103,3, 99, 95,2.0,2.4
202604250301051112,12, 92, 88,4.2,5.4
202604250301051105,5,101, 97,4.8,6.0
202604250301051107,7, 98, 98,2.2,2.8
202604250301051109,9, 99, 95,3.9,4.9
202604250301051102,2,100,100,2.0,2.4
202604250301051101,1, 95, 91,2.3,2.8
202604250301051110,10, 86, 82,7.0,8.7
202604250301051104,4, 96, 96,,
202604250301051004,4, 93,102,2.0,2.8
202604250301051007,7, 96, 96,1.3,1.6
202604250301051011,11, 99, 99,7.9,12.0
202604250301051006,6, 95, 95,2.2,3.2
202604250301051016,16, 92,101,1.8,2.5
202604250301051010,10, 92, 92,18.0,27.8
202604250301051002,2, 94, 94,2.8,4.2
202604250301051003,3, 94, 94,2.0,2.9
202604250301051009,9, 90, 90,6.4,9.7
202604250301051005,5, 87, 87,3.7,5.4
202604250301051014,14, 97, 97,2.9,4.3
202604250301051015,15, 92, 92,15.8,24.2
202604250301051013,13, 89, 98,20.6,31.7
202604250301051001,1, 84, 84,17.8,27.4
202604250301051012,12, 77, 77,7.7,11.8
202604250301051008,8, 93, 93,34.8,53.5
202604250301050902,2, 91, 96,1.1,1.4
202604250301050901,1, 91, 96,2.7,4.4
202604250301050907,7, 87,102,1.4,2.1
202604250301050911,11, 85, 90,3.9,6.5
202604250301050914,14, 93, 98,1.4,2.1
202604250301050916,16, 85,100,3.6,6.0
202604250301050909,9, 87, 92,3.7,6.2
202604250301050912,12, 86, 85,4.4,7.4
202604250301050904,4, 87, 92,2.9,4.7
202604250301050910,10, 86, 91,10.7,18.4
202604250301050913,13, 91, 96,8.1,13.9
202604250301050903,3, 83, 98,26.6,46.3
202604250301050905,5, 86,100,11.9,20.6
202604250301050906,6, 82, 87,16.2,28.1
202604250301050915,15,,,38.3,66.7
202604250301050908,8, 63, 68,6.2,10.5
202604250301050812,12, 90,100,1.4,2.2
202604250301050803,3, 83, 93,5.3,10.0
202604250301050810,10, 89, 98,1.8,3.0
202604250301050814,14, 86, 96,2.6,4.6
202604250301050802,2, 94,103,1.1,1.2
202604250301050807,7, 75, 85,18.6,36.3
202604250301050801,1, 72, 81,5.0,9.4
202604250301050806,6, 80, 89,2.9,5.3
202604250301050804,4, 88, 98,1.5,2.5
202604250301050813,13, 85, 95,3.4,6.3
202604250301050809,9, 74, 83,12.2,23.7
202604250301050805,5, 71, 81,15.3,29.8
202604250301050811,11,,,29.2,57.0
202604250301050815,15, 72, 80,23.4,45.7
202604250301050808,8, 62, 71,21.2,41.4
202604250301050706,6, 87, 96,1.8,2.4
202604250301050701,1, 89, 98,1.7,2.2
202604250301050711,11, 83, 92,2.1,2.8
202604250301050712,12, 88, 97,1.6,2.1
202604250301050707,7, 85, 94,4.8,6.7
202604250301050705,5, 83, 92,16.0,22.5
202604250301050703,3, 86, 95,1.8,2.3
202604250301050702,2, 82, 91,27.3,38.2
202604250301050709,9, 82, 91,5.9,8.3
202604250301050708,8, 86, 95,2.2,3.0
202604250301050710,10, 83, 92,4.0,5.5
202604250301050704,4, 86, 94,5.3,7.4
202604250301050610,10, 67, 85,1.9,2.5
202604250301050609,9, 82, 99,2.6,3.5
202604250301050603,3, 61, 79,2.8,3.8
202604250301050602,2, 74, 92,1.9,2.5
202604250301050614,14, 80, 97,1.6,2.0
202604250301050608,8, 65, 83,2.0,2.7
202604250301050613,13,,,1.9,2.4
202604250301050604,4, 68, 84,10.7,15.1
202604250301050606,6, 81, 98,3.6,5.0
202604250301050607,7, 64, 83,24.8,35.4
202604250301050615,15, 60, 77,44.8,63.8
202604250301050612,12, 79, 94,23.8,33.9
202604250301050605,5, 53, 70,50.8,72.3
202604250301050611,11, 43, 60,11.8,16.7
202604250301050601,1,,,7.1,9.9
202604250301050508,8, 78, 97,1.1,1.4
202604250301050511,11, 81,100,1.6,2.6
202604250301050501,1, 71, 90,3.7,6.5
202604250301050510,10, 61, 80,3.7,6.4
202604250301050504,4, 75, 92,13.9,25.5
202604250301050512,12, 75, 94,3.1,5.4
202604250301050516,16, 61, 79,32.7,60.2
202604250301050502,2, 73, 92,2.2,3.6
202604250301050514,14, 73, 92,3.4,5.8
202604250301050507,7, 55, 72,12.4,22.7
202604250301050509,9, 69, 86,51.6,94.9
202604250301050505,5, 51, 68,19.8,36.4
202604250301050513,13, 81,100,1.3,1.9
202604250301050515,15, 44, 63,2.5,4.2
202604250301050503,3, 71, 88,20.9,38.3
202604250301050506,6, 62, 78,9.4,17.0
202604250301050407,7, 78, 93,2.1,3.3
202604250301050402,2, 82, 94,1.9,3.0
202604250301050408,8, 85,100,1.2,1.5
202604250301050415,15, 75, 90,5.1,8.9
202604250301050416,16, 75, 90,1.7,2.8
202604250301050403,3, 86,101,1.3,1.8
202604250301050410,10, 69, 84,19.5,34.9
202604250301050414,14, 76, 91,6.5,11.4
202604250301050406,6,,,62.7,112.8
202604250301050405,5,,,33.5,60.1
202604250301050413,13,,  7,29.4,52.8
202604250301050404,4, 56, 71,11.0,19.6
202604250301050401,1, 47, 65,26.1,46.8
202604250301050412,12, 65, 80,32.8,58.8
202604250301050409,9, 65, 80,2.7,4.4
202604250301050411,11, 79, 94,2.6,4.4
202604250301050308,8,,,2.9,4.2
202604250301050304,4, 79, 98,1.9,2.7
202604250301050310,10, 76, 94,1.7,2.3
202604250301050307,7, 76, 94,2.3,3.2
202604250301050313,13, 54, 73,8.7,12.9
202604250301050315,15, 80, 98,1.5,1.8
202604250301050309,9, 77, 96,1.9,2.6
202604250301050314,14,,,12.5,18.7
202604250301050302,2, 66, 85,23.0,34.7
202604250301050311,11,,,2.1,2.9
202604250301050303,3, 70, 88,6.3,9.3
202604250301050305,5, 65, 84,52.7,79.4
202604250301050312,12, 71, 89,39.3,59.3
202604250301050316,16, 64, 81,18.8,28.3
202604250301050306,6, 73, 91,5.8,8.5
202604250301050301,1, 71, 90,20.8,31.3
202604250301050211,11, 73, 91,2.4,5.7
202604250301050216,16, 82, 94,1.7,3.6
202604250301050212,12, 72, 87,6.1,15.4
202604250301050206,6, 77, 92,15.2,39.7
202604250301050205,5, 81, 96,8.2,21.2
202604250301050204,4, 82, 97,1.1,1.1
202604250301050202,2, 80, 95,2.6,6.1
202604250301050208,8, 82, 99,1.2,2.0
202604250301050201,1, 73, 91,2.1,4.9
202604250301050213,13, 77, 92,2.4,5.5
202604250301050207,7, 69, 86,30.2,79.7
202604250301050209,9, 76, 92,10.2,26.4
202604250301050203,3, 69, 86,12.7,33.2
202604250301050214,14, 65, 77,10.6,27.4
202604250301050210,10, 71, 86,24.7,65.1
202604250301050215,15, 47, 63,24.7,65.2
202604250301050105,5, 72, 90,1.4,1.9
202604250301050115,15, 72, 87,3.6,5.6
202604250301050110,10, 71, 88,1.4,2.1
202604250301050103,3, 69, 86,7.3,11.8
202604250301050102,2, 71, 86,2.4,3.7
202604250301050111,11, 11, 29,25.9,42.6
202604250301050113,13, 65, 80,29.2,48.2
202604250301050106,6, 82, 99,1.5,2.2
202604250301050112,12, 56, 73,2.7,4.2
202604250301050101,1, 56, 74,47.0,77.5
202604250301050114,14, 62, 80,11.9,19.4
202604250301050109,9, 77, 95,1.3,1.7
202604250301050108,8,,,31.4,51.8
202604250301050104,4, 62, 80,21.5,35.4
202604250301050107,7, 59, 77,15.1,24.8
202604250502011213,13, 99, 99,1.3,1.7
202604250502011204,4, 97, 97,1.6,2.3
202604250502011207,7, 92, 92,6.6,10.5
202604250502011203,3, 94, 94,1.4,1.9
202604250502011208,8, 97, 97,2.2,3.2
202604250502011205,5, 95,104,2.5,3.9
202604250502011210,10, 93, 93,13.0,21.0
202604250502011209,9, 82, 82,3.5,5.4
202604250502011212,12, 86, 86,15.1,24.5
202604250502011201,1, 88, 88,10.6,17.1
202604250502011206,6, 66, 66,63.0,101.9
202604250502011211,11, 80, 80,5.2,8.2
202604250502011202,2,100,100,1.7,2.5
202604250502011116,16, 97, 91,2.1,3.4
202604250502011107,7,102, 84,1.7,2.6
202604250502011104,4, 98,103,1.2,1.4
202604250502011111,11, 95, 92,4.6,7.7
202604250502011105,5, 82,101,5.4,9.2
202604250502011112,12, 85,104,4.2,7.0
202604250502011110,10, 93, 90,8.5,14.6
202604250502011117,17, 92, 97,5.0,8.5
202604250502011102,2, 92, 97,6.2,10.6
202604250502011118,18, 94, 99,20.1,35.1
202604250502011108,8,100, 84,2.6,4.1
202604250502011103,3, 87, 80,19.1,33.3
202604250502011109,9, 81, 86,28.2,49.4
202604250502011106,6, 91, 96,3.6,6.0
202604250502011114,14, 84, 89,28.2,49.4
202604250502011113,13,101, 83,11.4,19.7
202604250502011101,1,,,89.6,156.9
202604250502011115,15, 96,101,1.5,2.3
202604250502011015,15,101, 95,1.5,2.1
202604250502011004,4,106,100,1.1,1.3
202604250502011012,12, 89, 85,5.0,9.0
202604250502011014,14,100, 96,2.3,4.0
202604250502011006,6,104, 98,2.6,4.5
202604250502011011,11, 90, 83,13.7,25.4
202604250502011013,13, 97, 91,14.0,25.9
202604250502011002,2,100, 94,3.3,5.8
202604250502011008,8, 97, 97,2.2,3.7
202604250502011010,10,104,104,3.9,6.9
202604250502011009,9, 97, 90,18.7,34.6
202604250502011007,7, 91, 87,10.5,19.3
202604250502011003,3, 99, 95,6.5,11.9
202604250502011001,1,100, 96,7.5,13.6
202604250502011005,5, 92, 86,2.0,3.3
202604250502010906,6,103,103,1.1,1.1
202604250502010909,9, 97, 97,1.2,4.3
202604250502010907,7, 97, 97,1.1,3.6
202604250502010905,5, 95, 95,2.9,13.4
202604250502010902,2, 93, 93,2.3,10.5
202604250502010903,3, 89, 89,9.4,48.4
202604250502010904,4, 90, 99,1.4,5.5
202604250502010901,1, 79, 79,7.7,39.7
202604250502010908,8, 81, 81,17.7,93.2
202604250502010803,3, 82, 90,5.1,10.3
202604250502010804,4, 90, 98,1.4,2.4
202604250502010807,7, 88, 96,1.4,2.4
202604250502010805,5, 89, 97,1.8,3.4
202604250502010801,1, 89, 97,1.1,1.1
202604250502010806,6, 88, 96,2.9,5.8
202604250502010802,2, 82, 90,15.5,32.0
202604250502010808,8, 91,100,1.3,2.2
202604250502010705,5, 80, 90,3.0,4.6
202604250502010716,16, 74, 84,1.3,1.7
202604250502010703,3, 84, 94,2.9,4.4
202604250502010710,10, 84, 93,1.7,2.4
202604250502010701,1, 77, 86,15.1,24.5
202604250502010711,11, 72, 81,4.6,7.2
202604250502010704,4, 84, 94,3.3,5.1
202604250502010707,7, 85, 95,1.4,1.9
202604250502010702,2, 60, 70,17.3,28.1
202604250502010715,15,,,34.9,56.6
202604250502010706,6, 83, 93,2.4,3.5
202604250502010709,9, 75, 85,7.6,12.1
202604250502010713,13, 85, 94,15.0,24.4
202604250502010708,8, 84, 93,7.6,12.2
202604250502010714,14,,,21.6,35.1
202604250502010712,12, 82, 92,3.0,4.7
202604250502010610,10,102,101,1.1,1.2
202604250502010608,8, 95,100,1.1,1.8
202604250502010611,11, 90,108,6.3,15.1
202604250502010614,14, 72, 69,5.3,12.6
202604250502010616,16, 85,103,6.9,16.4
202604250502010603,3, 96,102,1.7,3.5
202604250502010605,5, 80, 86,2.5,5.4
202604250502010606,6, 83, 89,7.3,17.6
202604250502010609,9, 82, 99,10.8,26.2
202604250502010607,7, 82, 87,4.1,9.5
202604250502010601,1, 80, 85,16.1,39.5
202604250502010615,15, 79, 84,12.2,29.8
202604250502010612,12,,,18.0,44.2
202604250502010602,2, 85, 90,2.1,4.6
202604250502010613,13, 88,105,2.4,5.3
202604250502010604,4, 81, 86,61.9,153.1
202604250502010503,3, 79, 96,1.5,2.3
202604250502010506,6, 81, 98,1.1,1.2
202604250502010502,2, 75, 92,2.6,4.7
202604250502010512,12, 79, 96,3.1,5.7
202604250502010509,9, 81, 98,3.1,5.8
202604250502010505,5, 78, 95,2.0,3.4
202604250502010517,17, 76, 94,8.5,16.5
202604250502010508,8, 83, 88,32.3,64.3
202604250502010511,11, 81, 98,1.8,3.0
202604250502010515,15, 76, 91,9.8,19.2
202604250502010514,14, 61, 78,3.7,6.9
202604250502010513,13, 52, 68,8.6,16.8
202604250502010510,10, 62, 77,44.1,88.0
202604250502010507,7, 69, 86,34.0,67.7
202604250502010516,16, 82, 87,15.0,29.7
202604250502010501,1, 52, 67,54.4,108.7
202604250502010518,18, 55, 71,71.2,142.2
202604250502010504,4,,,5.8,11.2
202604250502010412,12, 82,100,1.1,1.1
202604250502010401,1, 64, 82,1.4,5.8
202604250502010402,2, 85, 91,2.8,13.2
202604250502010410,10, 78, 95,2.4,11.3
202604250502010415,15,,,1.9,8.1
202604250502010413,13, 80, 98,1.3,4.3
202604250502010406,6, 75, 94,3.7,18.3
202604250502010405,5, 74, 89,4.0,19.7
202604250502010409,9, 73, 91,8.3,44.0
202604250502010407,7, 70, 85,6.5,33.9
202604250502010404,4, 41, 59,41.8,229.0
202604250502010411,11, 50, 68,27.6,150.5
202604250502010403,3, 74, 89,37.0,202.7
202604250502010414,14, 58, 75,48.8,267.8
202604250502010408,8, 58, 75,27.0,147.3
202604250502010306,6, 80, 98,1.1,1.3
202604250502010311,11, 68, 87,1.3,1.9
202604250502010305,5, 76, 91,6.1,11.7
202604250502010301,1, 64, 83,2.7,5.0
202604250502010310,10, 67, 85,14.5,28.7
202604250502010302,2, 63, 81,14.9,29.5
202604250502010304,4, 70, 88,1.5,2.6
202604250502010307,7, 75, 92,1.9,3.3
202604250502010312,12, 62, 80,1.7,3.0
202604250502010313,13, 61, 79,5.4,10.4
202604250502010309,9, 58, 76,4.8,9.2
202604250502010303,3, 54, 72,12.0,23.7
202604250502010308,8, 42, 61,59.4,118.2
202604250502010204,4,,,2.3,3.3
202604250502010216,16, 86,101,1.4,2.0
202604250502010214,14,,,5.5,8.3
202604250502010213,13, 82, 97,1.4,1.9
202604250502010212,12, 67, 85,8.1,12.4
202604250502010215,15, 71, 86,3.5,5.2
202604250502010202,2, 84,100,1.8,2.6
202604250502010207,7, 76, 91,15.7,24.3
202604250502010211,11, 62, 78,10.0,15.4
202604250502010201,1, 71, 87,14.6,22.5
202604250502010209,9, 78, 93,3.2,4.7
202604250502010205,5, 82, 97,1.4,2.0
202604250502010206,6, 69, 84,12.3,19.0
202604250502010208,8, 71, 86,72.5,112.9
202604250502010203,3, 55, 73,53.9,83.9
202604250502010210,10,,,94.5,147.1
202604250502010113,13, 66, 84,1.3,2.2
202604250502010112,12, 82, 97,1.1,1.2
202604250502010108,8, 57, 75,4.6,9.5
202604250502010109,9, 58, 76,19.0,40.6
202604250502010106,6, 76, 93,1.3,2.3
202604250502010114,14, 64, 82,10.9,23.0
202604250502010104,4, 66, 82,18.4,39.3
202604250502010101,1, 56, 74,3.3,6.5
202604250502010111,11,,,32.1,68.8
202604250502010105,5, 82, 97,1.3,2.3
202604250502010107,7,,,5.7,11.7
202604250502010102,2,,,6.6,13.7
202604250502010103,3, 55, 67,46.4,99.5
202604250502010110,10, 53, 68,10.7,22.7
202604250803011202,2, 95, 95,1.1,1.3
202604250803011209,9, 96, 96,3.1,5.3
202604250803011211,11, 97, 97,1.5,2.4
202604250803011201,1, 95, 95,1.4,2.1
202604250803011207,7, 91, 91,3.5,6.1
202604250803011204,4, 82, 82,5.7,10.0
202604250803011208,8, 84, 84,14.1,25.0
202604250803011205,5, 95, 95,1.6,2.5
202604250803011210,10, 97, 97,2.8,4.7
202604250803011203,3, 88, 88,11.8,21.1
202604250803011206,6, 95, 95,3.3,5.6
202604250803011102,2, 98, 90,11.7,16.3
202604250803011111,11,,,2.0,2.6
202604250803011103,3,102, 94,3.4,4.7
202604250803011106,6, 98, 88,1.9,2.5
202604250803011105,5, 93, 85,1.8,2.3
202604250803011108,8, 94, 86,20.3,28.1
202604250803011112,12, 85, 77,1.9,2.4
202604250803011109,9, 90, 82,9.0,12.5
202604250803011110,10, 98, 90,1.7,2.1
202604250803011107,7, 99, 91,2.5,3.3
202604250803011104,4, 85, 77,3.6,4.8
202604250803011101,1,102, 94,4.8,6.5
202604250803011002,2,105, 98,2.4,3.8
202604250803011009,9,104, 97,1.2,1.5
202604250803011003,3,102, 95,1.7,2.6
202604250803011005,5,100,100,8.2,13.2
202604250803011010,10,103, 96,1.4,1.9
202604250803011001,1,106, 99,1.5,2.2
202604250803011011,11,103, 96,2.9,4.5
202604250803011004,4, 97, 91,3.1,4.9
202604250803011008,8, 94, 88,4.9,8.0
202604250803011007,7,101,101,5.2,8.4
202604250803011006,6,100,100,9.7,15.7
202604250803010910,10, 83, 92,4.0,6.2
202604250803010907,7, 90, 98,1.7,2.5
202604250803010906,6, 88, 97,1.3,1.6
202604250803010902,2, 82, 91,1.8,2.6
202604250803010901,1, 90, 99,1.5,2.1
202604250803010908,8, 84, 93,12.2,19.5
202604250803010905,5, 90, 98,5.1,8.0
202604250803010912,12, 61, 70,35.7,57.5
202604250803010916,16, 83, 91,8.2,13.0
202604250803010904,4, 88, 96,2.1,3.1
202604250803010915,15, 93, 89,5.2,8.1
202604250803010903,3, 73, 82,35.0,56.4
202604250803010911,11, 82, 91,27.6,44.5
202604250803010909,9, 84, 93,3.3,5.1
202604250803010913,13, 81, 90,11.1,17.8
202604250803010914,14, 76, 85,10.3,16.4
202604250803010802,2, 94, 99,1.1,1.1
202604250803010804,4, 84,102,1.5,4.2
202604250803010803,3, 89, 94,1.9,5.7
202604250803010801,1, 86, 91,4.3,14.3
202604250803010805,5, 82, 99,1.9,5.9
202604250803010806,6, 83, 89,18.8,63.4
202604250803010710,10, 89, 95,1.5,2.0
202604250803010706,6, 93,111,1.3,1.7
202604250803010703,3, 84,102,1.6,2.3
202604250803010701,1, 88, 94,4.9,7.6
202604250803010702,2, 91, 96,2.7,4.0
202604250803010712,12, 81, 99,13.9,22.2
202604250803010709,9, 93, 99,3.6,5.5
202604250803010708,8,,,34.2,54.8
202604250803010714,14, 90, 96,5.0,7.7
202604250803010707,7, 75, 81,2.0,3.0
202604250803010705,5,,,12.2,19.5
202604250803010713,13, 81, 99,7.9,12.6
202604250803010711,11, 81, 99,2.1,3.1
202604250803010704,4, 73, 78,53.0,84.9
202604250803010601,1, 78, 96,1.3,1.6
202604250803010608,8, 74, 91,2.3,3.4
202604250803010616,16, 77, 94,12.6,19.7
202604250803010615,15, 78, 95,2.1,3.1
202604250803010602,2, 77, 94,2.0,2.9
202604250803010612,12, 81, 97,1.7,2.5
202604250803010604,4, 54, 70,2.5,3.6
202604250803010614,14, 79, 95,1.7,2.3
202604250803010605,5, 73, 88,62.8,99.3
202604250803010603,3, 74, 91,26.7,42.0
202604250803010610,10, 53, 71,7.5,11.7
202604250803010609,9, 76, 93,4.3,6.6
202604250803010613,13, 64, 79,79.0,124.9
202604250803010611,11, 61, 79,33.3,52.5
202604250803010607,7, 75, 90,75.7,119.7
202604250803010606,6, 64, 82,37.8,59.6
202604250803010617,17,,,,
202604250803010505,5, 73, 91,1.2,1.7
202604250803010501,1, 77, 96,1.2,1.8
202604250803010504,4, 71, 90,8.9,14.9
202604250803010511,11, 72, 91,3.3,5.3
202604250803010502,2, 71, 89,1.6,2.4
202604250803010509,9, 80, 99,1.2,1.8
202604250803010503,3, 53, 72,2.7,4.3
202604250803010507,7, 66, 85,3.0,4.7
202604250803010508,8, 71, 90,20.2,34.2
202604250803010506,6, 64, 83,31.2,52.8
202604250803010512,12,,,15.7,26.5
202604250803010510,10,,,15.8,26.6
202604250803010407,7,,,1.1,1.1
202604250803010405,5,,,2.1,6.1
202604250803010411,11,,,1.3,3.3
202604250803010401,1,,,1.4,3.7
202604250803010404,4,,,3.2,9.9
202604250803010410,10, 70, 78,9.2,30.6
202604250803010402,2,,,3.2,9.8
202604250803010408,8,,,2.3,6.6
202604250803010406,6,,,2.6,7.8
202604250803010409,9,,,16.0,54.1
202604250803010403,3,,,10.6,35.6
202604250803010315,15, 79, 96,3.3,5.6
202604250803010312,12, 82, 99,1.2,1.4
202604250803010309,9, 51, 68,2.2,3.6
202604250803010306,6, 69, 88,9.5,16.8
202604250803010307,7, 61, 77,71.5,128.2
202604250803010304,4, 74, 91,4.0,6.9
202604250803010313,13, 76, 93,3.4,5.8
202604250803010305,5,,,14.6,26.1
202604250803010310,10, 73, 92,16.7,29.9
202604250803010301,1, 77, 94,1.7,2.7
202604250803010303,3, 77, 94,3.8,6.6
202604250803010302,2, 75, 93,4.6,7.9
202604250803010311,11, 78, 95,2.4,4.0
202604250803010314,14, 73, 90,18.1,32.4
202604250803010308,8, 81, 98,1.4,2.0
202604250803010212,12, 74, 92,2.2,3.9
202604250803010211,11, 78, 94,1.3,2.1
202604250803010203,3, 83, 99,1.1,1.4
202604250803010215,15, 79, 94,1.2,1.7
202604250803010204,4, 49, 65,40.8,79.5
202604250803010207,7, 60, 76,26.5,51.6
202604250803010202,2, 71, 87,5.5,10.4
202604250803010210,10, 76, 92,1.8,3.1
202604250803010205,5, 76, 91,8.3,15.8
202604250803010201,1, 68, 83,40.7,79.3
202604250803010206,6, 62, 78,36.6,71.3
202604250803010208,8, 69, 85,2.1,3.7
202604250803010209,9,,,22.7,43.9
202604250803010213,13, 12, 29,21.5,41.6
202604250803010214,14,,,16.1,31.1
202604250803010216,16, 40, 58,118.3,231.0
202604250803010111,11, 77, 95,1.1,4.3
202604250803010105,5, 80, 95,1.1,3.8
202604250803010109,9, 80, 98,1.6,6.8
202604250803010108,8, 59, 78,44.5,257.9
202604250803010107,7, 64, 82,7.4,40.7
202604250803010106,6, 87,105,1.1,1.1
202604250803010102,2, 61, 80,10.1,56.8
202604250803010116,16, 66, 84,17.3,99.0
202604250803010103,3,,,3.7,19.4
202604250803010112,12, 63, 81,5.5,29.8
202604250803010104,4, 53, 69,82.6,479.9
202604250803010115,15, 63, 81,6.0,32.8
202604250803010101,1,,,39.6,228.8
202604250803010110,10, 64, 79,30.1,173.3
202604250803010113,13,,,15.5,88.2
202604250803010114,14, 69, 88,7.1,39.3
202604190301041206,6, 85, 94,1.6,2.2
202604190301041203,3, 85, 94,2.5,3.6
202604190301041209,9, 87, 97,1.4,1.8
202604190301041204,4, 82, 91,5.5,8.3
202604190301041207,7, 83, 92,1.5,2.1
202604190301041215,15, 67, 76,62.4,96.6
202604190301041201,1, 74, 83,6.4,9.7
202604190301041211,11, 83, 92,2.9,4.2
202604190301041214,14, 56, 65,30.1,46.7
202604190301041202,2, 78, 87,11.2,17.2
202604190301041208,8, 79, 88,7.3,11.1
202604190301041205,5, 87, 96,1.5,2.1
202604190301041210,10, 67, 76,11.9,18.3
202604190301041213,13, 63, 72,27.1,42.0
202604190301041212,12, 75, 84,5.1,7.7
202604190301041113,13,109, 92,4.7,8.0
202604190301041114,14,112,100,1.4,2.0
202604190301041116,16,108,100,6.9,11.8
202604190301041111,11,109, 93,5.5,9.4
202604190301041115,15,111, 94,2.7,4.4
202604190301041112,12,112, 96,4.1,6.8
202604190301041110,10,111, 94,1.8,2.8
202604190301041103,3,113, 97,1.2,1.4
202604190301041105,5,109, 93,3.9,6.5
202604190301041104,4,108, 92,21.2,37.2
202604190301041108,8,108, 91,11.2,19.5
202604190301041102,2,101, 85,7.8,13.6
202604190301041101,1,104, 88,3.6,6.0
202604190301041107,7,104, 92,12.3,21.6
202604190301041109,9, 93, 85,12.8,22.3
202604190301041106,6,111, 96,2.2,3.6
202604190301041013,13, 97, 97,1.3,1.5
202604190301041011,11, 94, 94,1.9,2.8
202604190301041003,3, 96, 96,1.5,2.1
202604190301041010,10, 90, 98,4.7,7.4
202604190301041005,5, 90, 90,3.8,6.0
202604190301041007,7, 91, 91,2.1,3.2
202604190301041002,2, 91, 99,3.3,5.1
202604190301041006,6, 92, 92,2.5,3.9
202604190301041009,9,,,9.5,15.4
202604190301041001,1, 94, 94,2.0,3.1
202604190301041012,12, 91, 91,7.4,12.0
202604190301041004,4,,,12.4,20.2
202604190301041008,8, 89, 89,14.4,23.4
202604190301040911,11, 77, 77,1.6,3.8
202604190301040916,16, 84, 93,2.5,6.8
202604190301040909,9, 82, 91,4.1,11.9
202604190301040908,8, 84, 93,2.0,5.1
202604190301040901,1, 89, 98,1.1,1.1
202604190301040915,15, 88, 97,2.4,6.4
202604190301040905,5, 77, 86,6.4,18.9
202604190301040902,2, 79, 87,2.5,6.7
202604190301040906,6, 71, 80,3.8,10.8
202604190301040912,12, 85, 94,7.5,22.5
202604190301040904,4, 87, 96,3.6,10.2
202604190301040910,10, 85, 94,8.6,25.8
202604190301040907,7, 84, 93,16.6,50.9
202604190301040913,13, 74, 83,10.0,30.1
202604190301040914,14, 80, 89,38.6,119.4
202604190301040903,3, 31, 40,40.1,124.1
202604190301040811,11, 80, 88,4.8,6.9
202604190301040813,13, 86, 95,1.5,2.0
202604190301040812,12,,,3.3,4.7
202604190301040810,10, 73, 82,46.0,67.4
202604190301040803,3, 85, 95,1.7,2.2
202604190301040807,7, 81, 91,1.8,2.5
202604190301040814,14, 66, 75,4.1,5.9
202604190301040806,6, 87, 97,1.7,2.3
202604190301040802,2, 77, 86,7.0,10.1
202604190301040801,1, 63, 72,13.5,19.7
202604190301040809,9, 65, 74,9.9,14.4
202604190301040815,15, 75, 84,22.5,33.0
202604190301040804,4, 85, 95,2.6,3.6
202604190301040808,8, 76, 86,28.6,42.0
202604190301040805,5, 84, 89,2.9,4.0
202604190301040705,5, 91, 99,1.1,1.2
202604190301040706,6, 87, 95,1.4,2.5
202604190301040703,3, 78, 86,1.3,2.4
202604190301040701,1, 85, 93,1.2,1.9
202604190301040709,9, 78, 86,3.0,6.3
202604190301040704,4, 85, 93,2.3,4.5
202604190301040710,10, 76, 84,4.5,9.6
202604190301040708,8, 59, 68,15.8,35.1
202604190301040702,2, 66, 75,8.0,17.6
202604190301040707,7, 59, 78,14.5,32.2
202604190301040606,6, 92,101,1.5,2.1
202604190301040605,5, 87, 95,2.0,2.8
202604190301040602,2, 85, 94,4.6,6.8
202604190301040613,13, 87, 96,2.2,3.2
202604190301040607,7, 89, 97,2.3,3.3
202604190301040608,8, 92,101,1.6,2.3
202604190301040601,1, 83, 91,1.4,1.8
202604190301040604,4, 89, 98,3.1,4.5
202604190301040611,11, 89, 97,5.3,7.9
202604190301040612,12, 80, 88,29.4,44.7
202604190301040609,9, 81, 89,23.9,36.3
202604190301040610,10, 58, 67,11.6,17.6
202604190301040603,3, 79, 87,8.7,13.1
202604190301040509,9, 77, 92,1.5,2.1
202604190301040516,16, 84, 99,1.3,1.6
202604190301040501,1, 53, 68,15.5,25.5
202604190301040504,4, 81, 97,1.6,2.3
202604190301040507,7, 64, 80,2.2,3.4
202604190301040506,6, 78, 92,9.6,15.6
202604190301040502,2, 73, 90,4.2,6.7
202604190301040505,5, 74, 89,6.7,10.8
202604190301040513,13, 69, 84,9.3,15.0
202604190301040510,10, 76, 91,2.2,3.3
202604190301040514,14,,,47.3,77.5
202604190301040508,8,,,7.6,12.3
202604190301040503,3, 65, 81,27.8,45.6
202604190301040511,11,,,9.5,15.5
202604190301040512,12,,,4.7,7.4
202604190301040515,15, 75, 90,2.9,4.5
202604190301040410,10, 77, 94,1.8,2.6
202604190301040411,11, 78, 95,1.6,2.2
202604190301040407,7, 76, 91,3.5,5.2
202604190301040403,3, 78, 97,1.3,1.7
202604190301040415,15, 70, 88,1.6,2.3
202604190301040405,5,,,5.5,8.4
202604190301040408,8, 51, 70,11.3,17.7
202604190301040414,14, 48, 66,38.6,61.2
202604190301040409,9, 81, 96,1.8,2.6
202604190301040402,2, 68, 87,3.6,5.4
202604190301040412,12, 59, 77,14.2,22.4
202604190301040401,1, 24, 39,20.1,31.8
202604190301040404,4, 37, 54,35.9,56.8
202604190301040406,6,,,6.2,9.6
202604190301040413,13,  1, 19,30.3,47.9
202604190301040308,8, 77, 92,1.8,2.4
202604190301040301,1, 75, 94,2.0,2.8
202604190301040316,16, 71, 89,9.4,13.7
202604190301040312,12, 77, 94,1.7,2.3
202604190301040306,6, 66, 85,5.1,7.3
202604190301040310,10, 63, 82,12.5,18.4
202604190301040309,9,,,7.4,10.8
202604190301040307,7, 80, 98,1.5,1.9
202604190301040311,11, 72, 90,3.4,4.8
202604190301040302,2, 73, 91,2.4,3.3
202604190301040313,13, 68, 86,6.7,9.8
202604190301040304,4, 74, 91,7.0,10.3
202604190301040315,15,,,18.8,27.8
202604190301040314,14, 68, 86,57.0,84.2
202604190301040305,5, 68, 86,2.5,3.6
202604190301040303,3, 51, 69,43.8,64.6
202604190301040213,13, 78, 95,1.2,1.8
202604190301040209,9, 85,101,1.1,1.5
202604190301040205,5, 70, 87,15.5,28.2
202604190301040204,4, 69, 87,3.4,5.9
202604190301040212,12, 48, 65,1.9,3.1
202604190301040208,8,,,4.3,7.6
202604190301040202,2, 67, 84,7.3,13.0
202604190301040210,10, 73, 89,2.8,4.8
202604190301040203,3, 73, 90,5.5,9.8
202604190301040211,11, 74, 93,4.4,7.8
202604190301040214,14, 42, 57,47.3,86.7
202604190301040207,7, 60, 75,56.1,102.8
202604190301040215,15, 76, 94,1.4,2.1
202604190301040206,6, 73, 88,6.3,11.2
202604190301040201,1,,,31.1,56.9
202604190301040113,13, 80, 95,1.5,2.0
202604190301040108,8, 65, 82,6.5,9.7
202604190301040112,12, 73, 89,1.8,2.5
202604190301040110,10, 80, 95,3.2,4.7
202604190301040116,16, 74, 89,8.2,12.3
202604190301040102,2, 85, 97,1.6,2.2
202604190301040105,5, 80, 95,3.1,4.5
202604190301040103,3, 57, 73,8.2,12.4
202604190301040101,1, 77, 92,1.5,1.9
202604190301040106,6, 82, 94,2.9,4.2
202604190301040111,11, 71, 83,30.3,46.5
202604190301040115,15, 76, 91,4.0,5.9
202604190301040104,4, 72, 84,9.0,13.6
202604190301040114,14, 59, 74,59.9,92.0
202604190301040107,7, 59, 74,36.8,56.4
202604190301040109,9, 58, 73,46.5,71.4
202604190603081207,7, 99, 91,2.2,2.7
202604190603081201,1,104, 96,3.2,4.0
202604190603081202,2, 98, 98,4.8,6.0
202604190603081210,10,103, 95,4.4,5.5
202604190603081204,4, 95, 87,24.2,30.5
202604190603081205,5, 94, 86,2.8,3.4
202604190603081209,9,102,102,2.4,2.9
202604190603081206,6,102, 94,6.0,7.5
202604190603081208,8, 98, 90,7.7,9.7
202604190603081216,16,103, 95,3.5,4.3
202604190603081215,15, 98, 90,3.9,4.9
202604190603081213,13,103, 95,8.4,10.7
202604190603081203,3,102, 94,2.3,2.8
202604190603081211,11, 97, 89,9.6,12.2
202604190603081217,17,103, 95,2.7,3.3
202604190603081218,18, 98, 91,8.9,11.2
202604190603081214,14,,,19.6,24.7
202604190603081212,12, 96, 88,11.0,14.0
202604190603081104,4,100, 94,1.5,1.8
202604190603081115,15,100, 94,2.3,3.1
202604190603081109,9,104, 86,4.7,6.7
202604190603081105,5,103, 87,6.5,9.4
202604190603081106,6,101, 94,5.1,7.3
202604190603081102,2,101, 85,14.8,21.5
202604190603081112,12, 99, 92,1.8,2.3
202604190603081110,10, 99, 96,27.9,40.5
202604190603081103,3,101, 85,10.6,15.4
202604190603081108,8,100, 97,2.6,3.5
202604190603081118,18,105, 87,4.1,5.8
202604190603081114,14,100, 94,6.8,9.7
202604190603081101,1,105, 95,2.2,3.0
202604190603081111,11, 99, 94,4.1,5.9
202604190603081117,17,104, 86,3.6,5.1
202604190603081113,13,103, 87,12.0,17.5
202604190603081107,7, 96, 93,13.1,19.1
202604190603081116,16,101, 95,10.0,14.5
202604190603081012,12, 95, 85,2.7,3.5
202604190603081007,7,108,100,1.9,2.4
202604190603081013,13, 92, 84,2.2,2.9
202604190603081001,1,108,100,2.2,2.8
202604190603081005,5,103, 95,4.8,6.3
202604190603081003,3,106, 98,3.3,4.2
202604190603081011,11,107, 99,1.9,2.3
202604190603081008,8, 98, 88,13.0,17.3
202604190603081002,2,106,102,3.0,3.8
202604190603081009,9,103, 99,4.7,6.1
202604190603081010,10,102, 94,13.8,18.4
202604190603081004,4, 95, 85,16.7,22.3
202604190603081014,14,105, 97,3.0,3.9
202604190603081006,6, 83, 75,8.1,10.7
202604190603081015,15,103, 95,6.2,8.1
202604190603080908,8, 97, 97,1.2,1.6
202604190603080902,2, 98, 98,1.1,1.5
202604190603080903,3, 98, 98,3.2,5.8
202604190603080911,11, 96, 96,2.0,3.4
202604190603080905,5, 98, 98,2.4,4.3
202604190603080912,12, 89, 97,3.3,5.9
202604190603080906,6, 95, 95,17.1,32.7
202604190603080901,1, 92,100,1.5,2.5
202604190603080904,4, 93, 93,11.5,21.8
202604190603080909,9, 88, 88,3.7,6.7
202604190603080907,7, 95, 95,11.2,21.3
202604190603080910,10, 90, 90,3.7,6.7
202604190603080809,9, 96, 96,1.1,1.4
202604190603080803,3, 83, 83,5.9,10.8
202604190603080804,4, 94,103,1.6,2.6
202604190603080812,12, 97, 97,1.5,2.3
202604190603080807,7, 65, 65,5.0,9.1
202604190603080802,2, 95, 95,1.8,2.9
202604190603080801,1, 94,103,1.3,1.9
202604190603080808,8, 87, 87,11.0,20.2
202604190603080805,5, 92,101,3.8,6.8
202604190603080811,11, 81, 81,4.9,8.8
202604190603080806,6, 85, 85,22.6,41.7
202604190603080810,10, 91, 91,,
202604190603080713,13, 85, 94,2.2,3.8
202604190603080704,4, 79, 88,3.7,6.5
202604190603080703,3, 90, 99,2.4,4.1
202604190603080709,9, 80, 90,5.5,10.0
202604190603080702,2, 84, 93,1.3,1.8
202604190603080712,12, 90, 99,1.6,2.6
202604190603080711,11, 84, 93,3.5,6.3
202604190603080706,6, 81, 91,2.3,4.0
202604190603080710,10, 79, 88,8.4,15.6
202604190603080707,7, 91,100,1.1,1.4
202604190603080701,1, 73, 82,38.9,72.2
202604190603080705,5, 81, 90,17.4,32.2
202604190603080708,8, 77, 86,5.8,10.5
202604190603080604,4,101, 98,1.1,2.2
202604190603080605,5, 85,103,12.9,31.5
202604190603080601,1, 86, 91,2.5,5.7
202604190603080603,3, 96,114,1.1,1.1
202604190603080602,2, 83,101,9.9,24.1
202604190603080606,6, 90,108,2.3,5.1
202604190603080507,7, 93, 91,1.0,2.8
202604190603080502,2, 74, 80,1.0,5.2
202604190603080504,4, 78, 94,2.3,15.8
202604190603080508,8, 76, 81,6.7,52.0
202604190603080503,3, 89, 94,1.7,10.6
202604190603080510,10, 78, 84,4.8,36.4
202604190603080501,1, 45, 64,13.6,109.1
202604190603080509,9, 93, 98,1.0,1.1
202604190603080506,6, 55, 70,10.7,84.6
202604190603080505,5, 56, 71,17.2,138.6
202604190603080408,8, 77, 96,1.3,3.0
202604190603080404,4, 49, 67,2.2,5.7
202604190603080410,10, 80, 99,1.1,1.1
202604190603080409,9, 86,105,1.3,3.1
202604190603080402,2, 69, 88,28.0,83.4
202604190603080405,5, 81,100,1.1,1.9
202604190603080415,15, 65, 80,49.4,148.1
202604190603080401,1, 68, 85,37.1,111.1
202604190603080407,7, 73, 90,11.2,32.8
202604190603080412,12, 68, 85,47.4,142.1
202604190603080416,16, 55, 73,19.6,58.1
202604190603080403,3, 67, 86,3.8,10.6
202604190603080413,13, 68, 87,18.8,55.8
202604190603080406,6,,,10.7,31.2
202604190603080411,11,,,18.4,54.5
202604190603080414,14, 49, 68,27.5,82.0
202604190603080312,12, 80, 97,1.3,1.7
202604190603080308,8, 83,101,1.4,2.0
202604190603080310,10, 77, 95,1.7,2.5
202604190603080302,2, 74, 92,1.8,2.8
202604190603080306,6, 56, 75,12.7,21.1
202604190603080309,9, 76, 94,2.4,3.7
202604190603080305,5, 78, 96,1.3,1.8
202604190603080301,1, 70, 88,19.4,32.5
202604190603080311,11, 40, 58,81.5,136.6
202604190603080314,14, 52, 70,15.1,25.2
202604190603080304,4, 69, 87,12.6,20.9
202604190603080303,3, 74, 92,9.3,15.4
202604190603080307,7, 69, 87,8.5,14.0
202604190603080313,13, 59, 78,43.4,72.8
202604190603080213,13, 82, 97,1.3,2.0
202604190603080214,14, 69, 84,4.6,8.3
202604190603080209,9, 79, 91,1.5,2.4
202604190603080212,12, 84, 99,1.6,2.6
202604190603080206,6, 85,100,1.1,1.4
202604190603080208,8, 71, 88,12.4,23.0
202604190603080203,3, 76, 91,3.8,6.8
202604190603080210,10, 77, 92,2.2,3.8
202604190603080204,4,,,19.1,35.7
202604190603080211,11, 67, 82,16.2,30.3
202604190603080202,2, 39, 53,4.8,8.6
202604190603080205,5, 67, 82,7.0,12.8
202604190603080207,7, 47, 64,57.5,108.1
202604190603080216,16, 71, 86,12.9,23.9
202604190603080215,15, 63, 78,44.7,84.1
202604190603080201,1,,,31.7,59.6
202604190603080106,6, 68, 85,2.8,13.0
202604190603080104,4, 80, 98,1.1,1.1
202604190603080111,11, 75, 94,1.4,5.3
202604190603080110,10, 65, 83,2.3,10.4
202604190603080112,12, 72, 78,6.9,35.6
202604190603080101,1, 77, 95,1.8,7.9
202604190603080109,9, 64, 82,1.8,7.5
202604190603080108,8, 72, 90,1.8,7.8
202604190603080105,5, 66, 81,18.9,101.2
202604190603080102,2, 42, 60,24.8,133.6
202604190603080103,3, 12, 29,9.2,48.5
202604190603080107,7,,,9.7,50.8
202604190902081201,1, 93, 93,1.8,3.3
202604190902081210,10,100,100,1.1,1.1
202604190902081202,2, 90, 90,3.1,6.2
202604190902081204,4, 86, 86,2.2,4.2
202604190902081203,3, 89, 98,1.6,2.7
202604190902081209,9, 82, 82,2.8,5.4
202604190902081205,5, 88, 88,2.8,5.5
202604190902081207,7, 88, 88,2.1,4.0
202604190902081208,8, 86, 86,6.8,13.8
202604190902081206,6, 95, 95,3.1,6.2
202604190902081105,5,105, 97,1.8,2.3
202604190902081103,3, 98, 90,3.3,4.4
202604190902081104,4,111, 94,1.5,1.8
202604190902081101,1,107, 99,1.7,2.2
202604190902081109,9, 98, 98,4.2,5.6
202604190902081102,2,105, 97,1.7,2.2
202604190902081108,8, 86, 78,3.3,4.5
202604190902081110,10, 99, 91,2.4,3.1
202604190902081107,7, 91, 85,13.1,17.3
202604190902081106,6, 92, 84,2.2,2.9
202604190902081003,3,101, 97,1.2,1.4
202604190902081010,10,103, 99,1.4,2.0
202604190902081013,13,100, 94,1.5,2.3
202604190902081009,9, 98, 94,3.9,6.4
202604190902081008,8, 91, 87,14.0,23.8
202604190902081004,4, 99, 93,2.9,4.7
202604190902081012,12,100,100,2.2,3.5
202604190902081011,11, 93, 89,2.2,3.5
202604190902081001,1, 94, 90,8.6,14.7
202604190902081005,5, 91, 87,6.9,11.7
202604190902081002,2, 99, 95,3.6,6.0
202604190902081007,7, 88, 84,10.2,17.3
202604190902081006,6, 96, 91,7.5,12.8
202604190902080902,2, 93, 93,4.2,7.3
202604190902080910,10, 96, 96,1.2,1.5
202604190902080904,4, 94, 94,1.4,2.1
202604190902080906,6, 88, 88,2.5,4.2
202604190902080907,7,100,100,1.2,1.7
202604190902080909,9, 77, 77,3.3,5.6
202604190902080908,8, 82, 82,2.9,4.9
202604190902080903,3, 97, 97,1.5,2.4
202604190902080905,5, 73, 73,13.0,22.5
202604190902080901,1, 81, 81,17.9,31.0
202604190902080810,10, 86, 95,1.2,1.6
202604190902080806,6, 91,100,1.2,1.5
202604190902080804,4, 80, 89,2.7,4.5
202604190902080807,7, 92,101,1.7,2.7
202604190902080802,2, 86, 95,2.9,5.1
202604190902080808,8, 81, 90,2.0,3.3
202604190902080801,1, 66, 74,35.3,63.6
202604190902080809,9, 85, 94,2.8,4.9
202604190902080805,5, 43, 52,4.9,8.7
202604190902080811,11, 73, 82,4.6,8.3
202604190902080803,3, 88, 97,2.7,4.5
202604190902080702,2, 91,108,1.1,1.1
202604190902080701,1, 60, 57,2.0,3.9
202604190902080706,6, 85, 90,1.9,3.6
202604190902080704,4, 74, 71,2.1,4.0
202604190902080707,7, 91, 96,1.2,2.0
202604190902080708,8, 86, 91,1.4,2.5
202604190902080705,5,,,2.3,4.6
202604190902080703,3, 57, 73,12.7,26.1
202604190902080608,8, 93,105,4.1,6.1
202604190902080611,11, 93, 98,1.8,2.5
202604190902080604,4, 92, 97,1.8,2.4
202604190902080607,7, 87,102,4.3,6.3
202604190902080609,9, 88, 93,5.2,7.8
202604190902080606,6, 89, 94,5.5,8.3
202604190902080605,5, 93, 92,4.1,6.1
202604190902080613,13, 90, 95,4.6,6.8
202604190902080601,1, 91,106,1.7,2.4
202604190902080610,10, 85, 99,10.0,15.1
202604190902080612,12,,,20.5,31.1
202604190902080603,3, 93, 98,1.3,1.6
202604190902080602,2, 87, 92,9.0,13.7
202604190902080615,15, 89, 94,9.4,14.2
202604190902080614,14, 88, 93,3.4,4.9
202604190902080513,13, 67, 84,6.4,23.1
202604190902080501,1, 80, 99,1.1,1.1
202604190902080511,11, 77, 96,1.3,3.8
202604190902080503,3, 63, 82,4.0,13.8
202604190902080510,10, 72, 87,7.5,27.6
202604190902080509,9,,,5.8,20.8
202604190902080508,8,,,4.7,16.8
202604190902080505,5,,,4.0,13.9
202604190902080504,4, 74, 93,5.2,18.7
202604190902080512,12, 64, 83,15.0,56.0
202604190902080507,7, 74, 93,1.3,3.6
202604190902080502,2,,,2.1,6.7
202604190902080506,6, 62, 81,3.1,10.4
202604190902080405,5, 88, 88,1.7,2.5
202604190902080402,2,,,1.8,2.8
202604190902080411,11, 69, 77,6.3,10.3
202604190902080409,9,,,1.2,1.4
202604190902080406,6,,,7.2,11.9
202604190902080401,1,,,6.6,10.9
202604190902080407,7,,,2.0,3.0
202604190902080408,8,,,7.5,12.3
202604190902080412,12,,,3.0,4.8
202604190902080414,14,,,3.4,5.4
202604190902080410,10, 89, 89,17.4,29.0
202604190902080403,3,,,45.5,76.1
202604190902080404,4,,,1.7,2.5
202604190902080413,13, 74, 90,16.1,26.9
202604190902080301,1, 74, 89,7.5,14.8
202604190902080304,4,,,2.4,4.4
202604190902080309,9, 79, 95,1.9,3.5
202604190902080302,2, 82, 98,1.4,2.2
202604190902080310,10, 84,100,1.1,1.2
202604190902080312,12, 78, 94,1.6,2.8
202604190902080305,5, 77, 92,2.8,5.2
202604190902080308,8, 65, 83,7.3,14.3
202604190902080311,11, 33, 51,15.7,31.6
202604190902080315,15, 69, 85,17.4,35.0
202604190902080307,7, 68, 84,31.8,64.4
202604190902080303,3, 75, 91,2.9,5.4
202604190902080316,16,,,23.5,47.4
202604190902080306,6, 76, 91,5.8,11.3
202604190902080313,13,,,20.7,41.8
202604190902080314,14, 35, 52,15.0,30.1
202604190902080215,15, 79, 98,2.3,3.5
202604190902080212,12, 78, 97,2.3,3.5
202604190902080206,6, 80, 99,1.3,1.7
202604190902080204,4,,,1.8,2.7
202604190902080209,9, 74, 91,13.9,22.9
202604190902080205,5, 79, 98,1.3,1.8
202604190902080213,13, 79, 98,1.4,2.1
202604190902080210,10,,,6.3,10.2
202604190902080201,1, 67, 85,42.4,70.6
202604190902080203,3,,,4.9,7.8
202604190902080214,14, 70, 86,12.6,20.7
202604190902080211,11, 43, 60,22.2,36.7
202604190902080216,16, 67, 86,37.6,62.5
202604190902080208,8,,,13.0,21.5
202604190902080207,7, 69, 85,49.7,82.6
202604190902080202,2, 50, 68,15.7,25.9
202604190902080115,15, 78, 96,1.2,2.3
202604190902080116,16, 87,105,1.1,1.2
202604190902080106,6, 60, 78,13.2,30.0
202604190902080109,9, 50, 68,7.0,15.7
202604190902080111,11, 77, 95,2.1,4.3
202604190902080104,4, 78, 96,2.5,5.1
202604190902080105,5, 69, 87,8.3,18.6
202604190902080113,13, 72, 90,11.0,24.9
202604190902080102,2, 37, 56,25.1,57.7
202604190902080107,7,,,7.2,16.2
202604190902080108,8, 79, 97,1.1,1.8
202604190902080112,12, 59, 77,7.9,17.7
202604190902080101,1, 57, 75,18.0,41.3
202604190902080103,3, 56, 74,20.5,47.1
202604190902080110,10,,,5.8,12.8
202604190902080114,14,,,4.6,10.1
202604180301031215,15, 86, 95,2.0,3.0
202604180301031205,5, 87, 96,1.2,1.5
202604180301031213,13, 86, 95,1.7,2.4
202604180301031206,6, 82, 91,3.3,5.1
202604180301031212,12, 86, 95,2.3,3.4
202604180301031214,14, 86, 95,3.5,5.5
202604180301031211,11,,,7.0,11.2
202604180301031207,7, 84, 93,7.2,11.6
202604180301031208,8, 85, 94,12.9,20.9
202604180301031209,9, 87, 96,2.3,3.5
202604180301031202,2, 85, 94,2.5,3.9
202604180301031216,16, 82, 91,19.5,31.7
202604180301031203,3, 71, 80,7.0,11.2
202604180301031201,1, 82, 91,12.4,20.2
202604180301031210,10, 85, 94,9.4,15.1
202604180301031204,4, 75, 84,37.0,60.1
202604180301031108,8, 96, 96,1.5,1.8
202604180301031111,11, 93, 93,3.0,4.1
202604180301031103,3, 94, 94,2.3,3.2
202604180301031110,10, 93, 93,2.2,2.9
202604180301031113,13, 98,108,1.8,2.3
202604180301031107,7, 92, 92,5.9,8.4
202604180301031106,6, 87, 87,4.0,5.7
202604180301031105,5, 93, 93,5.3,7.5
202604180301031115,15, 93, 93,3.9,5.4
202604180301031101,1, 84, 84,11.7,16.8
202604180301031104,4, 86, 86,8.4,12.1
202604180301031109,9,,,15.9,22.8
202604180301031114,14, 85, 85,5.7,8.1
202604180301031102,2, 97,107,2.4,3.3
202604180301031112,12, 92, 92,4.3,6.1
202604180301031008,8, 86, 94,2.2,3.1
202604180301031002,2, 89, 97,1.2,1.5
202604180301031003,3, 89, 97,2.1,3.0
202604180301031004,4, 87, 96,2.9,4.0
202604180301031005,5, 83, 91,1.4,1.7
202604180301031001,1, 91, 99,1.6,2.2
202604180301031006,6, 91, 99,2.9,4.1
202604180301031007,7, 90, 98,1.7,2.4
202604180301030905,5, 83,102,2.0,3.3
202604180301030902,2, 87, 71,2.8,4.9
202604180301030904,4, 81,100,1.3,1.8
202604180301030901,1, 83,102,1.9,3.1
202604180301030906,6, 97, 81,1.1,1.3
202604180301030903,3, 89, 95,3.5,6.1
202604180301030908,8, 89, 95,2.7,4.7
202604180301030907,7, 83, 88,1.6,2.6
202604180301030909,9, 81, 86,5.4,9.7
202604180301030802,2, 86, 95,1.7,2.6
202604180301030808,8, 88, 97,1.2,1.4
202604180301030805,5, 85, 95,2.3,3.7
202604180301030803,3, 88, 97,2.1,3.4
202604180301030811,11, 90,100,1.5,2.1
202604180301030806,6, 73, 82,6.2,10.5
202604180301030807,7,,,2.5,4.1
202604180301030815,15, 65, 75,39.9,69.1
202604180301030812,12, 86, 95,2.8,4.5
202604180301030813,13, 82, 91,14.9,25.8
202604180301030810,10, 79, 98,7.5,12.7
202604180301030809,9, 48, 58,11.4,19.6
202604180301030801,1, 75, 84,13.9,23.9
202604180301030814,14, 84, 94,5.3,8.8
202604180301030804,4,,,19.3,33.4
202604180301030702,2, 82, 91,4.2,6.1
202604180301030708,8, 87, 96,1.8,2.4
202604180301030701,1, 85, 94,1.8,2.4
202604180301030713,13, 83, 92,2.7,3.8
202604180301030706,6, 78, 87,23.3,34.6
202604180301030711,11, 78, 87,10.4,15.2
202604180301030715,15, 77, 86,4.6,6.7
202604180301030714,14, 85, 94,1.8,2.5
202604180301030709,9, 71, 80,8.6,12.6
202604180301030703,3, 82, 91,1.4,1.8
202604180301030704,4, 78, 87,22.0,32.6
202604180301030710,10, 86, 95,2.4,3.4
202604180301030712,12, 63, 72,6.8,9.9
202604180301030707,7, 76, 86,4.1,5.9
202604180301030705,5, 76, 85,35.2,52.2
202604180301030612,12, 71, 90,1.5,2.4
202604180301030602,2, 74, 93,1.2,1.6
202604180301030606,6, 70, 88,12.5,22.3
202604180301030607,7, 53, 71,10.4,18.6
202604180301030601,1, 74, 92,2.0,3.2
202604180301030609,9, 77, 96,1.3,1.7
202604180301030611,11, 77, 96,2.8,4.8
202604180301030613,13, 61, 79,6.5,11.5
202604180301030604,4, 63, 80,3.9,6.7
202604180301030610,10, 76, 95,1.8,2.8
202604180301030614,14, 51, 69,48.6,87.6
202604180301030608,8, 70, 88,23.3,41.9
202604180301030603,3, 59, 78,11.8,21.0
202604180301030605,5, 56, 75,19.7,35.4
202604180301030615,15,,,13.0,23.2
202604180301030514,14, 83,101,1.4,1.8
202604180301030507,7, 74, 93,1.5,2.0
202604180301030501,1, 81, 99,1.9,2.8
202604180301030508,8, 85,102,1.9,2.6
202604180301030503,3, 80, 97,1.6,2.2
202604180301030502,2, 74, 89,13.7,21.3
202604180301030516,16, 57, 74,3.4,5.0
202604180301030505,5, 60, 76,10.9,16.8
202604180301030512,12, 64, 83,5.9,9.1
202604180301030504,4, 73, 92,8.0,12.3
202604180301030511,11,,,6.0,9.2
202604180301030510,10, 72, 91,6.5,10.0
202604180301030515,15, 73, 90,10.2,15.8
202604180301030509,9,,,9.9,15.4
202604180301030513,13, 66, 84,38.4,59.7
202604180301030506,6, 49, 66,40.3,62.7
202604180301030409,9,,,5.5,16.3
202604180301030412,12, 80, 98,1.1,1.1
202604180301030410,10, 80, 97,1.5,3.5
202604180301030408,8,,,1.7,4.4
202604180301030406,6, 71, 87,10.3,31.5
202604180301030414,14, 53, 71,26.1,81.6
202604180301030405,5, 66, 84,2.0,5.3
202604180301030404,4,,,18.6,57.9
202604180301030415,15, 72, 90,2.4,6.5
202604180301030413,13, 68, 86,6.0,17.8
202604180301030407,7, 77, 93,2.3,6.2
202604180301030402,2, 33, 50,47.4,149.0
202604180301030401,1, 56, 74,2.5,7.0
202604180301030403,3, 64, 80,12.6,38.7
202604180301030411,11,,,24.6,76.9
202604180301030316,16, 60, 75,2.0,3.2
202604180301030313,13, 75, 90,2.2,3.6
202604180301030306,6, 82, 98,1.2,1.6
202604180301030315,15, 74, 89,1.3,1.7
202604180301030312,12, 68, 83,17.1,29.9
202604180301030309,9, 77, 92,3.3,5.5
202604180301030305,5, 62, 80,4.6,7.7
202604180301030308,8, 73, 88,1.6,2.5
202604180301030307,7, 53, 68,16.8,29.4
202604180301030311,11,,,4.2,7.0
202604180301030310,10, 76, 90,19.5,34.1
202604180301030302,2,,,15.9,27.8
202604180301030301,1,,,13.1,22.8
202604180301030303,3, 66, 82,4.7,8.0
202604180301030304,4, 63, 78,12.4,21.7
202604180301030314,14, 73, 88,8.0,13.8
202604180301030214,14,,,3.7,6.5
202604180301030210,10, 76, 95,2.1,3.5
202604180301030203,3, 76, 95,2.4,4.1
202604180301030206,6, 78, 97,1.3,1.6
202604180301030204,4, 79, 98,1.2,1.6
202604180301030213,13, 73, 92,2.0,3.3
202604180301030208,8, 59, 76,3.2,5.6
202604180301030202,2, 75, 94,2.8,4.9
202604180301030211,11, 68, 86,24.5,45.2
202604180301030205,5, 76, 95,8.1,14.7
202604180301030207,7, 69, 86,7.1,12.8
202604180301030201,1,,,10.6,19.4
202604180301030212,12,,,7.1,12.8
202604180301030216,16, 72, 89,7.4,13.4
202604180301030215,15,,,23.3,43.0
202604180301030209,9, 73, 90,11.9,21.9
202604180301030114,14, 81, 96,1.2,1.8
202604180301030102,2, 74, 89,3.4,6.3
202604180301030115,15, 79, 94,2.4,4.3
202604180301030109,9, 84, 99,1.4,2.3
202604180301030116,16, 78, 93,1.7,2.9
202604180301030111,11, 76, 88,4.3,8.0
202604180301030106,6, 76, 91,17.5,34.1
202604180301030108,8, 73, 88,50.3,98.7
202604180301030104,4, 68, 84,22.6,44.1
202604180301030113,13, 83, 95,3.2,5.8
202604180301030105,5, 50, 66,36.1,70.9
202604180301030110,10, 73, 88,24.8,48.6
202604180301030107,7, 71, 86,11.1,21.5
202604180301030101,1, 84, 99,1.1,1.4
202604180301030103,3, 45, 60,54.4,106.8
202604180301030112,12, 63, 78,16.7,32.4
202604180603071207,7, 98,107,2.4,4.0
202604180603071212,12, 95, 95,1.1,1.3
202604180603071213,13, 94,103,1.5,2.4
202604180603071211,11,,,3.9,6.8
202604180603071208,8, 94, 94,1.8,2.9
202604180603071205,5,100,100,1.5,2.4
202604180603071209,9, 90, 90,3.7,6.5
202604180603071203,3, 88, 88,18.2,33.4
202604180603071210,10, 96, 96,3.4,5.9
202604180603071204,4, 91, 91,3.9,6.9
202604180603071202,2, 90, 90,6.8,12.2
202604180603071201,1, 84, 84,35.3,64.8
202604180603071206,6, 66, 66,34.4,63.2
202604180603071106,6,,,1.1,1.1
202604180603071110,10,,,1.4,5.3
202604180603071102,2,,,3.8,19.2
202604180603071103,3,,,1.5,6.3
202604180603071107,7,,,1.5,6.3
202604180603071104,4,,,2.2,10.2
202604180603071108,8,,,2.4,11.5
202604180603071105,5,,,3.9,19.9
202604180603071109,9,,,27.0,149.3
202604180603071101,1,,,18.6,102.3
202604180603071009,9,104, 97,1.9,2.6
202604180603071005,5,106, 99,1.5,1.9
202604180603071003,3, 95, 88,15.3,21.9
202604180603071008,8,105, 98,2.8,3.8
202604180603071011,11,103, 97,2.1,2.8
202604180603071002,2, 99, 92,5.0,7.0
202604180603071013,13, 94, 87,22.7,32.5
202604180603071012,12, 99, 99,2.1,2.8
202604180603071001,1, 89, 82,7.2,10.2
202604180603071006,6, 91, 84,14.2,20.3
202604180603071007,7, 95, 88,12.4,17.8
202604180603071010,10,101, 94,1.8,2.4
202604180603071004,4,101, 95,1.8,2.4
202604180603070908,8, 89, 89,2.0,3.0
202604180603070907,7, 88, 88,8.9,14.5
202604180603070903,3, 88, 88,3.4,5.3
202604180603070902,2, 95, 95,2.4,3.7
202604180603070904,4, 95, 95,1.5,2.0
202604180603070910,10, 92, 92,7.0,11.3
202604180603070909,9, 96, 96,2.0,3.1
202604180603070901,1, 90, 90,1.7,2.6
202604180603070912,12, 96, 96,1.3,1.6
202604180603070906,6, 94, 94,3.4,5.3
202604180603070905,5, 81, 81,10.3,16.8
202604180603070911,11, 93, 93,16.7,27.3
202604180603070803,3, 90, 99,1.4,1.9
202604180603070816,16, 91,100,1.2,1.5
202604180603070812,12, 81, 90,2.2,3.5
202604180603070805,5, 82, 91,5.5,9.2
202604180603070811,11, 83, 92,1.9,3.0
202604180603070804,4, 77, 86,9.4,15.9
202604180603070807,7,,,6.4,10.7
202604180603070815,15, 88, 97,2.9,4.6
202604180603070806,6, 83, 92,4.0,6.6
202604180603070814,14,,,2.3,3.6
202604180603070808,8,,,15.0,25.4
202604180603070801,1, 80, 89,5.3,8.7
202604180603070810,10, 58, 67,5.2,8.5
202604180603070813,13,,,13.4,22.7
202604180603070809,9,,,11.3,19.2
202604180603070802,2, 53, 62,10.4,17.5
202604180603070708,8, 88, 96,1.8,2.6
202604180603070710,10, 88, 96,1.2,1.5
202604180603070703,3, 87, 95,1.6,2.3
202604180603070709,9, 90, 98,1.4,2.0
202604180603070705,5, 65, 73,3.4,5.2
202604180603070706,6, 78, 86,3.2,4.9
202604180603070702,2,,,21.0,33.6
202604180603070704,4, 69, 77,6.1,9.7
202604180603070701,1, 68, 77,6.1,9.7
202604180603070707,7, 81,100,1.5,2.2
202604180603070602,2, 92, 97,1.3,2.1
202604180603070603,3, 81, 98,2.0,3.5
202604180603070605,5, 83,100,1.1,1.2
202604180603070606,6, 85,102,6.0,10.8
202604180603070601,1, 90, 84,2.0,3.4
202604180603070604,4, 46, 64,19.4,34.7
202604180603070511,11, 79, 96,1.4,5.7
202604180603070505,5, 71, 87,2.1,10.2
202604180603070502,2, 57, 76,11.2,65.8
202604180603070501,1, 66, 82,4.9,27.2
202604180603070509,9, 40, 58,2.7,14.2
202604180603070508,8, 82, 99,1.0,1.1
202604180603070516,16, 79, 96,1.5,6.4
202604180603070503,3, 75, 92,11.2,65.7
202604180603070513,13, 76, 93,2.5,12.6
202604180603070510,10, 40, 59,25.4,152.5
202604180603070506,6, 72, 89,9.1,52.9
202604180603070507,7, 74, 91,7.6,43.9
202604180603070512,12, 64, 83,3.8,20.4
202604180603070514,14, 68, 87,37.7,226.9
202604180603070504,4, 66, 83,47.4,286.1
202604180603070515,15, 68, 87,12.3,72.4
202604180603070403,3, 80, 98,1.7,3.9
202604180603070408,8, 88,106,1.1,1.1
202604180603070405,5, 79, 96,1.7,3.9
202604180603070410,10, 80, 97,1.4,3.1
202604180603070407,7, 80, 98,1.1,1.7
202604180603070411,11, 75, 93,3.2,8.3
202604180603070413,13, 63, 81,4.2,11.1
202604180603070402,2, 60, 79,6.0,16.2
202604180603070412,12, 49, 67,44.3,124.6
202604180603070404,4,,,32.6,91.6
202604180603070401,1,,,41.4,116.4
202604180603070406,6, 45, 63,20.3,56.7
202604180603070409,9, 66, 82,23.0,64.3
202604180603070310,10, 80, 95,1.7,8.0
202604180603070309,9, 84, 99,1.1,2.6
202604180603070305,5, 67, 83,2.9,15.7
202604180603070304,4, 78, 93,3.6,20.4
202604180603070314,14, 65, 79,2.4,12.9
202604180603070311,11, 88,103,1.1,1.1
202604180603070307,7, 82, 97,1.4,6.2
202604180603070301,1, 67, 83,9.7,59.6
202604180603070308,8,,,7.9,47.9
202604180603070302,2, 61, 76,7.1,42.8
202604180603070313,13, 70, 85,22.7,142.8
202604180603070306,6, 42, 60,42.4,268.3
202604180603070303,3, 60, 75,48.0,304.3
202604180603070312,12, 59, 74,34.4,217.0
202604180603070210,10, 74, 92,1.8,3.0
202604180603070201,1, 78, 96,1.3,1.9
202604180603070206,6, 81, 99,1.1,1.4
202604180603070211,11, 80, 96,1.7,2.7
202604180603070204,4, 79, 94,2.7,4.6
202604180603070208,8, 77, 95,1.9,3.2
202604180603070205,5, 77, 95,2.0,3.4
202604180603070207,7, 66, 84,11.1,20.6
202604180603070202,2, 52, 71,5.2,9.5
202604180603070209,9, 56, 74,29.0,54.2
202604180603070203,3, 53, 69,55.7,104.4
202604180603070115,15, 86,102,1.1,1.1
202604180603070112,12, 82, 97,1.5,6.7
202604180603070104,4, 82, 97,1.1,3.4
202604180603070102,2, 82, 97,1.6,7.6
202604180603070106,6, 74, 89,3.6,20.0
202604180603070111,11, 73, 88,30.8,191.4
202604180603070109,9, 74, 89,2.2,11.1
202604180603070107,7, 64, 79,78.4,490.8
202604180603070105,5,,,13.4,82.1
202604180603070110,10, 68, 83,10.1,61.1
202604180603070114,14, 70, 88,2.8,14.8
202604180603070103,3, 45, 63,31.4,195.6
202604180603070101,1, 67, 82,13.3,81.3
202604180603070113,13, 61, 76,8.8,53.0
202604180603070108,8, 59, 74,30.9,192.1
202604180902071214,14, 83, 92,2.5,3.9
202604180902071211,11, 82, 92,2.0,3.1
202604180902071210,10, 88, 98,1.7,2.6
202604180902071206,6, 88, 98,2.5,3.9
202604180902071215,15, 84, 93,3.9,6.4
202604180902071202,2, 78, 87,9.8,16.5
202604180902071201,1, 76, 86,15.7,26.8
202604180902071212,12, 87, 96,1.2,1.4
202604180902071213,13, 87, 96,1.5,2.2
202604180902071204,4, 78, 87,13.1,22.2
202604180902071209,9, 83, 92,15.5,26.5
202604180902071208,8, 87, 96,5.4,9.0
202604180902071205,5, 67, 77,16.9,28.9
202604180902071203,3, 83, 93,8.5,14.3
202604180902071207,7, 87, 95,4.2,7.0
202604180902071104,4,114,101,1.4,1.8
202604180902071102,2,111, 99,3.0,4.5
202604180902071105,5,103, 91,15.3,23.8
202604180902071103,3,111, 99,2.3,3.4
202604180902071108,8,120,104,2.4,3.5
202604180902071101,1,118, 98,1.6,2.0
202604180902071111,11,,,5.3,8.1
202604180902071114,14,105, 93,19.1,29.8
202604180902071115,15,105, 93,18.7,29.0
202604180902071110,10,113, 92,2.5,3.7
202604180902071107,7,108, 92,8.9,13.7
202604180902071116,16,115,102,5.5,8.4
202604180902071113,13,108, 96,7.4,11.3
202604180902071112,12, 97, 77,5.2,8.0
202604180902071106,6, 93, 81,2.1,3.0
202604180902071109,9, 98, 86,8.5,13.1
202604180902071007,7, 97, 97,1.3,2.6
202604180902071006,6, 99, 99,1.4,2.9
202604180902071001,1, 98, 98,1.1,1.1
202604180902071005,5, 86, 86,4.3,10.8
202604180902071002,2, 92, 92,2.0,4.6
202604180902071004,4, 96,105,1.3,2.6
202604180902071003,3, 77, 77,33.3,86.5
202604180902071008,8, 93, 93,3.4,8.3
202604180902071009,9, 91, 91,12.0,31.0
202604180902070903,3, 98, 98,1.4,1.9
202604180902070904,4, 94, 94,1.4,1.8
202604180902070902,2, 95, 95,4.0,6.1
202604180902070901,1, 95,104,5.2,8.0
202604180902070912,12, 93,103,4.0,6.1
202604180902070913,13, 96, 96,1.8,2.6
202604180902070907,7, 90, 90,10.7,16.9
202604180902070911,11, 92, 92,2.0,3.0
202604180902070909,9, 94, 94,4.5,6.9
202604180902070910,10, 97, 97,8.4,13.2
202604180902070908,8, 86, 86,16.4,25.9
202604180902070906,6, 97, 97,1.7,2.5
202604180902070914,14,,,64.8,102.7
202604180902070905,5, 84, 84,5.7,8.9
202604180902070804,4, 88, 96,1.1,1.5
202604180902070808,8, 88, 96,1.2,1.8
202604180902070801,1, 89, 97,1.2,1.8
202604180902070806,6, 79, 87,16.9,29.0
202604180902070807,7, 91, 99,1.7,2.7
202604180902070809,9, 87, 95,1.9,3.0
202604180902070803,3,,,3.0,4.9
202604180902070802,2, 83, 91,5.5,9.5
202604180902070805,5,,,4.6,7.8
202604180902070702,2, 91, 99,1.1,1.3
202604180902070701,1, 91,100,1.8,2.9
202604180902070711,11, 90, 98,1.8,2.9
202604180902070713,13, 90, 99,1.5,2.3
202604180902070714,14, 87, 95,4.8,8.3
202604180902070705,5, 90, 98,1.7,2.7
202604180902070703,3, 86, 95,3.3,5.5
202604180902070712,12, 89, 97,2.4,4.0
202604180902070704,4, 81, 89,38.2,69.2
202604180902070706,6, 80, 89,13.8,24.8
202604180902070708,8, 76, 85,10.5,18.7
202604180902070709,9, 81, 90,27.5,49.9
202604180902070710,10, 81, 90,15.8,28.5
202604180902070707,7, 83, 91,48.9,88.8
202604180902070608,8, 77, 95,5.3,7.9
202604180902070607,7, 94,100,2.3,3.3
202604180902070606,6, 90, 96,1.5,2.1
202604180902070615,15, 87, 93,5.8,8.7
202604180902070614,14, 90,108,1.6,2.1
202604180902070603,3, 94,100,1.4,1.8
202604180902070604,4, 88, 94,2.4,3.5
202604180902070612,12, 85,103,1.8,2.4
202604180902070611,11, 85, 91,9.4,14.3
202604180902070613,13, 81, 86,6.3,9.5
202604180902070609,9, 80, 98,35.2,54.0
202604180902070605,5, 66, 71,43.1,66.1
202604180902070610,10, 80, 98,5.9,8.8
202604180902070601,1, 81, 99,22.8,35.0
202604180902070602,2, 83, 89,,
202604180902070503,3, 92, 97,1.1,1.1
202604180902070504,4, 91, 85,2.2,5.0
202604180902070506,6, 93, 90,1.2,2.4
202604180902070501,1, 85,104,1.7,3.8
202604180902070502,2,,,15.9,35.8
202604180902070505,5, 84,103,,
202604180902070405,5, 83,101,1.1,1.1
202604180902070412,12, 75, 92,15.0,37.3
202604180902070403,3, 79, 97,1.4,2.8
202604180902070401,1, 70, 87,5.0,11.8
202604180902070406,6, 84,101,1.3,2.5
202604180902070417,17, 75, 92,12.4,30.8
202604180902070414,14, 70, 88,7.2,17.6
202604180902070409,9, 76, 93,3.4,8.0
202604180902070404,4, 55, 72,33.0,83.0
202604180902070411,11, 76, 93,1.8,3.9
202604180902070416,16,,,28.5,71.8
202604180902070408,8, 74, 93,10.8,26.8
202604180902070415,15,,,76.7,193.7
202604180902070413,13, 77, 94,7.8,19.0
202604180902070410,10, 74, 91,15.4,38.5
202604180902070402,2, 80, 97,2.1,4.6
202604180902070407,7, 56, 75,74.7,188.7
202604180902070418,18,,,22.1,55.4
202604180902070309,9, 80, 99,1.3,1.8
202604180902070306,6, 81, 99,1.2,1.6
202604180902070310,10, 79, 98,1.9,3.0
202604180902070311,11, 80, 98,2.5,4.1
202604180902070307,7, 71, 90,3.5,5.8
202604180902070314,14, 77, 96,1.7,2.6
202604180902070313,13, 67, 86,2.0,3.2
202604180902070315,15, 66, 85,14.9,26.2
202604180902070304,4, 77, 96,4.6,7.8
202604180902070303,3, 71, 89,19.3,33.9
202604180902070305,5, 71, 89,5.3,9.1
202604180902070302,2, 73, 91,14.6,25.7
202604180902070308,8, 73, 91,26.7,47.1
202604180902070301,1, 66, 84,23.5,41.4
202604180902070312,12,,,65.8,116.1
202604180902070216,16, 84, 99,1.1,2.2
202604180902070206,6, 87,102,1.2,4.4
202604180902070204,4, 89,104,1.1,1.1
202604180902070208,8, 77, 92,4.2,20.6
202604180902070202,2,,,12.1,63.5
202604180902070203,3,,,1.7,6.8
202604180902070201,1, 36, 51,32.1,172.0
202604180902070213,13, 74, 89,15.3,80.7
202604180902070214,14, 74, 89,6.4,32.4
202604180902070211,11, 72, 87,9.6,50.2
202604180902070215,15, 65, 80,45.8,246.4
202604180902070210,10,,,34.5,185.1
202604180902070205,5, 68, 83,27.0,144.4
202604180902070209,9, 72, 87,2.3,10.5
202604180902070212,12, 57, 72,29.3,156.8
202604180902070207,7, 72, 87,10.1,52.8
202604180902070106,6, 76, 94,1.3,2.0
202604180902070109,9, 78, 96,1.4,2.2
202604180902070103,3, 76, 94,1.1,1.4
202604180902070110,10, 70, 88,13.0,24.3
202604180902070112,12, 80, 98,1.6,2.6
202604180902070101,1, 62, 78,23.8,44.8
202604180902070115,15, 71, 89,1.9,3.3
202604180902070107,7, 70, 88,13.5,25.1
202604180902070111,11, 74, 90,6.8,12.5
202604180902070102,2, 72, 90,8.7,16.1
202604180902070105,5, 60, 78,48.9,92.2
202604180902070108,8, 68, 85,3.2,5.7
202604180902070113,13, 51, 68,111.8,211.1
202604180902070114,14, 73, 91,6.1,11.2
202604180902070104,4, 63, 80,29.1,54.8
202604120301021213,13, 74, 84,2.1,3.0
202604120301021215,15, 83, 93,1.4,1.7
202604120301021206,6, 88, 98,1.7,2.4
202604120301021209,9, 78, 88,3.9,5.7
202604120301021210,10, 82, 91,7.2,10.7
202604120301021207,7, 86, 96,1.8,2.5
202604120301021204,4, 81, 90,9.0,13.6
202604120301021205,5,,,22.3,33.9
202604120301021203,3, 79, 89,5.3,7.9
202604120301021214,14, 84, 93,1.8,2.4
202604120301021208,8,,,18.1,27.4
202604120301021211,11, 69, 79,2.6,3.7
202604120301021202,2, 71, 81,33.6,50.9
202604120301021212,12, 80, 89,5.9,8.7
202604120301021201,1, 60, 70,27.3,41.4
202604120301021111,11,112, 90,2.6,3.6
202604120301021108,8,110, 94,2.9,4.0
202604120301021114,14,111, 95,1.8,2.4
202604120301021112,12,114, 94,1.8,2.4
202604120301021104,4, 98, 76,3.5,4.8
202604120301021109,9,105, 93,6.3,8.8
202604120301021107,7,103, 91,3.9,5.4
202604120301021110,10,106, 94,10.9,15.4
202604120301021113,13,109,101,1.8,2.4
202604120301021115,15, 90, 68,21.2,30.1
202604120301021105,5, 99, 87,14.7,20.9
202604120301021106,6, 90, 76,10.6,15.1
202604120301021103,3, 99, 87,8.3,11.8
202604120301021102,2,110, 96,1.5,1.9
202604120301021101,1,,,6.9,9.7
202604120301021008,8, 91, 91,1.9,2.4
202604120301021014,14, 85, 85,6.1,8.2
202604120301021006,6, 91, 91,3.2,4.2
202604120301021016,16, 91,100,3.0,4.0
202604120301021007,7, 92, 92,20.3,27.9
202604120301021011,11, 92,101,2.8,3.7
202604120301021003,3, 95, 95,1.8,2.2
202604120301021005,5, 94, 94,4.6,6.2
202604120301021001,1, 91, 91,3.8,5.1
202604120301021013,13, 93, 93,2.0,2.6
202604120301021009,9, 64, 64,3.1,4.1
202604120301021004,4, 90, 90,4.0,5.3
202604120301021002,2, 89, 89,4.7,6.3
202604120301021012,12, 66, 66,23.6,32.4
202604120301021015,15, 95, 95,9.4,12.9
202604120301021010,10, 89, 89,17.2,23.7
202604120301020909,9, 77, 85,3.6,4.9
202604120301020904,4, 85, 93,1.8,2.3
202604120301020912,12, 86, 94,1.7,2.3
202604120301020911,11, 90, 98,1.6,2.0
202604120301020906,6, 84, 92,1.7,2.2
202604120301020901,1, 88, 96,1.7,2.3
202604120301020905,5, 85, 93,3.8,5.2
202604120301020902,2, 80, 88,19.6,28.2
202604120301020907,7, 84, 92,3.9,5.5
202604120301020908,8,,,21.2,30.5
202604120301020913,13, 64, 72,5.7,8.1
202604120301020903,3, 68, 77,20.6,29.7
202604120301020910,10, 78, 87,11.2,16.1
202604120301020807,7, 90, 99,1.4,1.6
202604120301020811,11, 86, 95,2.6,3.8
202604120301020813,13, 81, 90,2.2,3.1
202604120301020809,9, 88, 97,2.2,3.2
202604120301020812,12, 86, 95,5.1,7.7
202604120301020810,10, 90, 99,1.9,2.6
202604120301020806,6, 86, 95,2.4,3.5
202604120301020816,16, 80, 89,5.7,8.6
202604120301020815,15, 65, 74,7.4,11.2
202604120301020814,14, 75, 84,13.1,20.0
202604120301020801,1,,,4.9,7.4
202604120301020803,3, 86, 95,3.2,4.6
202604120301020805,5, 85, 94,6.0,9.0
202604120301020802,2, 83, 92,8.6,13.0
202604120301020804,4,,,19.4,29.8
202604120301020808,8, 67, 76,79.9,122.4
202604120301020711,11, 77, 86,1.7,2.4
202604120301020715,15, 79, 88,1.7,2.5
202604120301020704,4, 88, 98,1.4,2.0
202604120301020709,9, 81, 90,1.9,2.9
202604120301020712,12, 79, 89,5.9,9.4
202604120301020702,2, 75, 84,10.5,17.0
202604120301020706,6, 77, 87,13.0,21.3
202604120301020710,10, 70, 80,21.1,34.6
202604120301020707,7, 61, 70,14.0,22.8
202604120301020713,13, 87, 97,1.3,1.7
202604120301020705,5, 62, 71,28.8,47.4
202604120301020701,1,,,19.7,32.3
202604120301020703,3, 86, 95,3.1,4.8
202604120301020708,8, 72, 82,3.0,4.6
202604120301020714,14, 61, 70,58.3,95.8
202604120301020611,11, 82, 90,2.3,3.3
202604120301020612,12, 86, 94,1.9,2.7
202604120301020615,15, 87, 95,1.4,1.7
202604120301020605,5, 87, 95,2.4,3.3
202604120301020610,10, 79, 87,5.2,7.6
202604120301020606,6, 86, 94,2.3,3.2
202604120301020603,3, 80, 88,7.0,10.3
202604120301020604,4, 86, 94,5.2,7.7
202604120301020601,1, 86, 94,2.4,3.4
202604120301020602,2, 83, 91,12.4,18.4
202604120301020607,7,,,17.3,26.0
202604120301020609,9, 88, 96,1.9,2.6
202604120301020614,14, 82, 90,8.2,12.1
202604120301020613,13,,,25.1,37.5
202604120301020608,8, 67, 76,39.6,59.2
202604120301020510,10,,,7.6,10.0
202604120301020502,2, 77, 95,2.0,2.5
202604120301020506,6, 76, 94,3.7,4.8
202604120301020515,15, 74, 93,2.3,2.9
202604120301020503,3, 75, 94,3.0,3.9
202604120301020504,4, 66, 83,40.5,53.8
202604120301020513,13,,,2.1,2.7
202604120301020509,9, 78, 95,6.7,8.8
202604120301020507,7, 76, 92,3.2,4.1
202604120301020501,1, 77, 96,2.1,2.7
202604120301020516,16, 66, 81,32.5,43.2
202604120301020512,12,, 14,2.5,3.2
202604120301020511,11, 71, 90,10.5,13.9
202604120301020508,8, 64, 81,66.6,88.4
202604120301020514,14, 67, 84,2.3,2.9
202604120301020505,5, 59, 76,54.0,71.8
202604120301020414,14,,,4.4,7.9
202604120301020416,16, 84,100,1.1,1.2
202604120301020413,13, 78, 93,1.7,2.9
202604120301020403,3, 82, 97,2.5,4.3
202604120301020408,8,,,40.5,76.8
202604120301020411,11, 75, 90,4.3,7.9
202604120301020402,2, 76, 90,1.6,2.5
202604120301020406,6, 65, 80,8.2,15.2
202604120301020404,4,,,5.0,9.1
202604120301020410,10, 67, 82,32.8,62.2
202604120301020407,7, 71, 85,18.9,35.8
202604120301020401,1, 46, 63,3.2,5.8
202604120301020405,5, 52, 67,9.7,18.1
202604120301020412,12, 80, 95,2.1,3.5
202604120301020415,15, 74, 89,9.2,17.2
202604120301020409,9,,,4.2,7.7
202604120301020306,6, 74, 92,1.6,7.6
202604120301020311,11, 84,101,1.0,1.1
202604120301020310,10, 73, 91,4.3,25.7
202604120301020309,9, 79, 97,1.5,6.8
202604120301020314,14, 77, 95,2.5,14.0
202604120301020315,15, 52, 69,1.6,7.9
202604120301020304,4, 71, 85,4.7,28.4
202604120301020307,7, 69, 86,16.1,103.6
202604120301020301,1, 68, 86,2.7,15.1
202604120301020313,13, 44, 62,66.1,432.4
202604120301020305,5,,,5.6,34.3
202604120301020312,12, 62, 80,19.7,127.2
202604120301020303,3,,,15.1,96.6
202604120301020302,2,,,20.4,131.6
202604120301020308,8,,,22.7,147.1
202604120301020210,10, 83, 97,1.3,1.8
202604120301020209,9, 76, 91,1.1,1.4
202604120301020214,14, 69, 86,5.2,9.5
202604120301020207,7, 76, 91,2.1,3.7
202604120301020206,6, 66, 81,1.5,2.4
202604120301020204,4, 63, 77,1.7,2.9
202604120301020201,1, 50, 67,14.3,27.1
202604120301020215,15, 73, 90,3.0,5.4
202604120301020202,2,,,21.9,41.7
202604120301020211,11, 39, 56,13.0,24.6
202604120301020212,12, 31, 48,30.1,57.4
202604120301020205,5,,,8.0,14.9
202604120301020203,3, 67, 82,3.8,6.8
202604120301020216,16,,,45.1,86.1
202604120301020208,8, 47, 64,25.5,48.7
202604120301020213,13,,,36.2,69.0
202604120301020111,11, 78, 96,1.1,1.3
202604120301020113,13, 82, 99,1.7,2.8
202604120301020114,14, 68, 86,1.4,2.3
202604120301020104,4, 63, 78,10.7,19.7
202604120301020101,1, 80, 97,1.4,2.2
202604120301020106,6, 71, 88,3.7,6.5
202604120301020107,7, 63, 80,6.6,12.0
202604120301020112,12,,,7.0,12.8
202604120301020103,3, 65, 83,1.8,3.0
202604120301020102,2, 70, 85,18.3,34.0
202604120301020108,8, 44, 60,32.2,60.0
202604120301020105,5, 53, 71,26.4,49.3
202604120301020115,15,,,17.2,32.0
202604120301020110,10,,,11.0,20.3
202604120301020109,9, 30, 47,9.2,16.8
202604120603061212,12, 79, 88,1.4,1.6
202604120603061202,2, 86, 95,2.6,3.6
202604120603061201,1, 87, 96,3.3,4.7
202604120603061206,6, 87, 96,2.4,3.3
202604120603061210,10, 82, 92,1.8,2.5
202604120603061209,9, 79, 88,10.4,15.2
202604120603061204,4, 86, 95,2.7,3.8
202604120603061205,5, 86, 95,6.8,9.9
202604120603061203,3, 79, 88,13.2,19.2
202604120603061211,11, 85, 94,2.2,3.1
202604120603061213,13, 86, 95,1.9,2.6
202604120603061207,7, 83, 92,8.2,12.0
202604120603061208,8, 67, 77,5.5,8.0
202604120603061109,9,102, 92,3.5,5.9
202604120603061116,16,100, 92,8.8,15.2
202604120603061107,7,104, 96,3.5,5.8
202604120603061108,8,100, 92,3.8,6.4
202604120603061110,10,104, 96,2.4,3.9
202604120603061106,6, 98, 86,9.5,16.4
202604120603061102,2,105,100,1.2,1.5
202604120603061103,3,106, 98,3.3,5.5
202604120603061101,1,100, 92,3.4,5.6
202604120603061104,4,101, 93,2.3,3.6
202604120603061113,13,101, 93,4.4,7.3
202604120603061111,11,105, 95,1.4,1.9
202604120603061105,5,101, 91,5.6,9.5
202604120603061115,15,104, 92,21.6,37.5
202604120603061114,14,100, 92,6.2,10.6
202604120603061112,12,105, 95,10.5,18.2
202604120603061007,7,104, 96,1.7,2.8
202604120603061005,5,103, 95,1.7,2.7
202604120603061006,6,104,104,1.2,1.6
202604120603061010,10, 99, 93,6.7,12.1
202604120603061003,3,105, 97,1.4,2.3
202604120603061009,9,105, 97,1.2,1.6
202604120603061001,1,102, 94,9.7,17.6
202604120603061004,4,101, 93,15.4,28.0
202604120603061002,2, 97, 92,10.2,18.5
202604120603061011,11,103, 95,4.6,8.2
202604120603061008,8, 99, 99,3.6,6.3
202604120603061012,12, 98, 90,17.6,32.1
202604120603060912,12, 82, 82,5.1,8.3
202604120603060907,7, 98, 98,1.2,1.6
202604120603060905,5, 97, 97,1.4,2.0
202604120603060908,8, 83, 83,1.6,2.3
202604120603060902,2, 90, 90,3.2,5.1
202604120603060911,11, 84, 84,2.5,3.9
202604120603060909,9, 94, 94,4.6,7.5
202604120603060910,10, 88, 88,3.4,5.4
202604120603060903,3, 87, 87,4.7,7.6
202604120603060904,4, 78, 78,9.6,15.6
202604120603060901,1, 91, 91,1.8,2.6
202604120603060906,6, 65, 65,28.2,45.9
202604120603060810,10, 96, 96,1.8,2.6
202604120603060804,4, 62, 62,5.3,8.6
202604120603060801,1, 98, 98,1.4,2.0
202604120603060805,5, 98, 98,1.6,2.4
202604120603060809,9, 98, 98,1.2,1.5
202604120603060807,7, 93, 93,4.8,7.8
202604120603060808,8, 97, 97,3.4,5.5
202604120603060806,6, 99, 99,1.6,2.3
202604120603060802,2, 95, 95,3.5,5.6
202604120603060803,3, 73, 73,20.4,33.2
202604120603060708,8, 90, 98,1.1,1.1
202604120603060709,9, 89, 97,1.4,5.0
202604120603060705,5, 68, 77,4.3,21.4
202604120603060713,13, 81, 91,10.2,53.4
202604120603060701,1, 83, 92,1.6,6.9
202604120603060706,6, 90, 98,4.4,22.1
202604120603060714,14,,,13.0,69.0
202604120603060710,10, 82, 90,2.8,13.2
202604120603060703,3, 86, 94,5.3,26.6
202604120603060712,12, 86, 94,3.3,16.0
202604120603060707,7,,,25.8,138.7
202604120603060715,15, 91, 99,3.5,16.8
202604120603060704,4, 88, 96,2.4,10.8
202604120603060702,2, 82, 91,19.6,104.8
202604120603060711,11, 81, 89,4.5,22.4
202604120603060605,5, 89, 95,2.7,4.0
202604120603060606,6, 88, 94,1.4,2.0
202604120603060609,9, 87, 93,3.7,5.6
202604120603060607,7, 99,105,1.4,1.9
202604120603060601,1, 82, 88,7.0,10.5
202604120603060604,4, 84, 90,3.6,5.3
202604120603060610,10, 86, 92,4.2,6.3
202604120603060603,3, 87,101,1.9,2.7
202604120603060602,2, 85, 91,4.2,6.3
202604120603060608,8, 90,108,1.3,1.6
202604120603060611,11, 85, 90,4.9,7.3
202604120603060508,8, 72, 91,3.2,5.1
202604120603060503,3, 69, 88,1.7,2.5
202604120603060515,15, 71, 88,3.4,5.4
202604120603060511,11, 68, 87,2.6,4.1
202604120603060513,13, 64, 82,4.9,8.0
202604120603060501,1, 74, 93,2.3,3.6
202604120603060502,2, 63, 82,16.5,28.0
202604120603060505,5, 75, 94,3.0,4.9
202604120603060510,10, 74, 93,2.5,4.0
202604120603060504,4, 41, 59,19.2,32.6
202604120603060518,18, 47, 66,8.8,14.7
202604120603060516,16, 37, 55,43.2,73.5
202604120603060506,6,,,28.2,48.0
202604120603060512,12, 59, 77,31.4,53.5
202604120603060514,14, 77, 96,1.2,1.4
202604120603060517,17, 65, 84,2.7,4.2
202604120603060507,7, 56, 72,64.1,109.3
202604120603060509,9, 70, 87,10.0,16.9
202604120603060410,10,,,2.3,5.1
202604120603060405,5,,,5.6,13.6
202604120603060411,11,,,1.3,2.3
202604120603060409,9,,,1.7,3.5
202604120603060408,8,,,1.5,3.0
202604120603060401,1,,,5.5,13.2
202604120603060404,4,,,1.1,1.1
202604120603060413,13, 74, 83,30.3,76.4
202604120603060414,14,,,2.1,4.6
202604120603060407,7, 90, 73,6.8,16.7
202604120603060402,2,,,32.9,83.0
202604120603060412,12, 83, 83,17.7,44.5
202604120603060406,6,,,55.9,141.4
202604120603060403,3, 71, 80,17.1,42.9
202604120603060312,12, 54, 72,4.4,6.9
202604120603060314,14, 72, 88,1.4,1.9
202604120603060305,5, 74, 91,1.8,2.6
202604120603060301,1, 67, 82,4.4,6.9
202604120603060307,7, 77, 92,1.4,2.0
202604120603060313,13, 83, 98,1.3,1.8
202604120603060303,3, 74, 89,4.8,7.5
202604120603060306,6, 64, 79,36.9,59.3
202604120603060302,2, 56, 71,34.3,55.2
202604120603060311,11, 62, 78,16.1,25.7
202604120603060304,4, 62, 77,12.5,20.0
202604120603060309,9, 68, 83,11.0,17.5
202604120603060308,8, 73, 88,1.7,2.4
202604120603060310,10,,,44.2,71.2
202604120603060206,6, 76, 92,1.3,2.4
202604120603060212,12, 78, 96,2.2,4.8
202604120603060201,1, 75, 93,1.6,3.2
202604120603060202,2, 79, 97,1.4,2.8
202604120603060215,15, 87,102,1.1,1.1
202604120603060204,4, 74, 92,2.9,6.4
202604120603060207,7, 72, 91,3.1,7.0
202604120603060214,14, 69, 84,26.7,66.5
202604120603060209,9,,,11.4,27.9
202604120603060208,8, 51, 69,46.0,114.5
202604120603060205,5, 50, 68,57.1,142.5
202604120603060210,10, 70, 89,8.6,21.0
202604120603060211,11, 72, 87,27.5,68.3
202604120603060203,3, 53, 71,28.9,72.0
202604120603060213,13, 84, 99,,
202604120603060109,9, 85,100,1.1,1.1
202604120603060106,6, 81, 96,1.1,1.7
202604120603060115,15, 80, 95,1.8,8.0
202604120603060105,5, 75, 91,1.7,7.4
202604120603060107,7, 70, 87,4.3,22.6
202604120603060110,10, 63, 78,16.2,91.0
202604120603060104,4, 73, 88,3.7,18.9
202604120603060112,12,,,2.9,14.5
202604120603060108,8, 65, 80,14.4,80.3
202604120603060114,14, 75, 90,7.6,41.6
202604120603060102,2, 48, 64,14.6,81.9
202604120603060101,1, 61, 77,5.0,26.7
202604120603060111,11, 69, 84,17.3,97.1
202604120603060103,3, 48, 63,40.2,228.7
202604120603060113,13, 62, 80,2.4,11.6
202604120902061206,6,103, 96,3.1,4.8
202604120902061208,8,102,102,3.6,5.6
202604120902061213,13, 98, 91,1.3,1.7
202604120902061211,11,100, 93,2.5,3.8
202604120902061205,5,103, 96,2.8,4.3
202604120902061202,2,100, 93,1.4,1.8
202604120902061201,1,100, 93,4.4,6.9
202604120902061203,3, 95, 88,11.6,18.7
202604120902061210,10, 97, 90,1.8,2.7
202604120902061209,9,104, 97,2.4,3.6
202604120902061212,12,103, 96,4.1,6.6
202604120902061204,4, 88, 81,26.9,43.4
202604120902061207,7, 80, 73,6.3,10.2
202604120902061115,15,105, 95,1.2,1.5
202604120902061105,5, 91, 85,2.6,4.6
202604120902061111,11,100, 94,8.5,15.6
202604120902061106,6, 98, 94,10.4,19.4
202604120902061107,7,107, 90,1.9,3.2
202604120902061110,10,108, 91,3.4,6.1
202604120902061102,2, 98, 94,7.2,13.2
202604120902061104,4,104, 87,18.5,34.6
202604120902061114,14,103, 97,1.3,1.8
202604120902061116,16, 95, 91,27.0,50.8
202604120902061113,13, 99, 98,2.4,4.2
202604120902061103,3,100, 97,3.2,5.6
202604120902061112,12, 99, 96,4.0,7.1
202604120902061109,9, 95, 92,19.7,37.0
202604120902061117,17, 97, 91,5.1,9.2
202604120902061118,18, 97, 93,63.0,118.5
202604120902061101,1, 96, 95,4.4,8.0
202604120902061108,8, 95, 89,17.3,32.3
202604120902061002,2,101, 93,2.4,3.8
202604120902061007,7, 97, 89,1.6,2.3
202604120902061005,5,101, 93,2.0,3.2
202604120902061006,6, 93, 85,11.6,19.6
202604120902061003,3, 98, 90,4.5,7.3
202604120902061011,11,101, 93,5.6,9.3
202604120902061014,14, 95, 87,14.0,23.6
202604120902061001,1, 98, 90,6.8,11.3
202604120902061009,9,100, 92,2.7,4.2
202604120902061004,4,101, 93,13.6,22.9
202604120902061013,13, 92, 84,13.3,22.5
202604120902061010,10,100, 92,2.1,3.2
202604120902061012,12,101, 93,14.3,24.1
202604120902061015,15,101, 93,2.4,3.8
202604120902061008,8,104,104,1.2,1.4
202604120902060914,14, 93, 98,4.5,6.9
202604120902060909,9, 82,101,5.5,8.6
202604120902060901,1, 82,101,4.6,7.1
202604120902060908,8, 95, 89,1.8,2.6
202604120902060910,10, 83,101,11.9,18.7
202604120902060904,4, 93, 87,5.5,8.5
202604120902060912,12, 94, 91,1.8,2.6
202604120902060907,7, 82, 79,11.2,17.6
202604120902060905,5, 86,104,1.3,1.6
202604120902060913,13,101, 84,1.6,2.1
202604120902060911,11,,,9.1,14.2
202604120902060903,3, 83, 77,3.5,5.3
202604120902060906,6, 82,101,2.0,3.0
202604120902060902,2, 89, 79,17.6,27.8
202604120902060801,1, 91, 91,3.0,8.6
202604120902060811,11,100,100,1.1,1.1
202604120902060808,8, 94, 94,1.7,4.4
202604120902060802,2, 87, 87,2.3,6.3
202604120902060806,6, 83, 83,4.9,14.6
202604120902060809,9, 84, 84,32.2,101.7
202604120902060810,10,100,100,1.3,3.2
202604120902060804,4, 98, 98,5.3,16.2
202604120902060803,3, 95, 95,1.3,3.1
202604120902060805,5, 78, 78,9.8,30.2
202604120902060807,7, 54, 54,5.9,18.0
202604120902060702,2, 98, 98,1.0,1.1
202604120902060711,11, 88, 88,3.3,22.3
202604120902060704,4, 91, 91,3.0,19.5
202604120902060703,3, 86, 86,2.0,12.2
202604120902060706,6, 94, 94,1.7,9.7
202604120902060710,10, 95, 95,1.1,3.9
202604120902060705,5, 86, 86,15.1,112.3
202604120902060709,9, 84, 84,9.5,69.4
202604120902060701,1, 93, 93,1.9,11.4
202604120902060708,8, 93, 93,2.5,15.9
202604120902060707,7, 93, 93,9.1,66.5
202604120902060610,10, 90, 99,1.1,1.5
202604120902060602,2, 85, 95,3.5,7.2
202604120902060601,1, 82, 91,4.6,9.7
202604120902060603,3, 79, 88,6.4,13.7
202604120902060608,8, 85, 94,1.1,1.4
202604120902060609,9, 83, 92,2.8,5.6
202604120902060605,5, 92,101,1.1,1.6
202604120902060604,4, 84, 93,2.8,5.8
202604120902060606,6, 82, 90,23.6,51.6
202604120902060607,7, 57, 66,50.1,110.1
202604120902060508,8, 88,104,4.0,5.6
202604120902060516,16, 85,101,1.9,2.6
202604120902060514,14, 97,113,1.6,2.0
202604120902060506,6, 77, 82,2.3,3.1
202604120902060504,4, 90, 96,3.0,4.2
202604120902060515,15, 87, 92,9.3,13.3
202604120902060509,9, 84,100,3.7,5.2
202604120902060507,7, 91, 96,1.9,2.5
202604120902060511,11, 87, 92,1.7,2.2
202604120902060503,3, 86,102,8.4,12.0
202604120902060513,13, 78, 75,31.4,45.6
202604120902060502,2, 83, 88,8.5,12.2
202604120902060510,10, 87, 92,22.2,32.3
202604120902060501,1, 92, 97,4.5,6.3
202604120902060505,5, 86, 91,14.3,20.7
202604120902060512,12,,,41.5,60.1
202604120902060411,11, 84,101,1.1,1.3
202604120902060403,3, 72, 91,2.0,3.1
202604120902060406,6,,,2.3,3.8
202604120902060408,8, 80, 97,1.7,2.5
202604120902060405,5, 80, 97,1.9,3.0
202604120902060417,17, 78, 93,8.5,14.7
202604120902060401,1,,,6.0,10.3
202604120902060404,4,,,19.5,34.5
202604120902060412,12,,,39.2,69.5
202604120902060410,10,,,22.9,40.5
202604120902060416,16,,,55.9,99.2
202604120902060414,14, 78, 95,2.9,4.9
202604120902060413,13, 72, 89,6.8,11.8
202604120902060402,2, 63, 82,17.9,31.5
202604120902060409,9,,,73.1,129.9
202604120902060407,7,,,2.0,3.2
202604120902060415,15, 64, 82,20.4,36.1
202604120902060418,18,,,46.1,81.9
202604120902060309,9, 80, 95,1.3,2.3
202604120902060304,4, 84, 99,1.1,1.1
202604120902060312,12, 83, 98,1.3,2.3
202604120902060311,11, 63, 80,4.4,9.7
202604120902060314,14, 72, 88,4.2,9.2
202604120902060302,2, 69, 85,4.0,8.6
202604120902060307,7, 73, 89,2.3,4.6
202604120902060308,8, 73, 88,9.6,21.5
202604120902060313,13, 71, 86,5.6,12.4
202604120902060301,1, 65, 81,20.1,46.0
202604120902060316,16, 66, 81,20.2,46.3
202604120902060306,6, 74, 89,3.9,8.5
202604120902060315,15, 61, 76,29.6,67.8
202604120902060303,3, 53, 69,3.8,8.1
202604120902060305,5,,,51.1,117.5
202604120902060310,10, 34, 52,12.8,29.0
202604120902060208,8, 81, 99,1.1,1.2
202604120902060204,4, 76, 93,3.4,6.4
202604120902060212,12, 85,103,1.4,2.4
202604120902060206,6, 80, 98,1.5,2.5
202604120902060201,1, 76, 94,1.8,3.2
202604120902060216,16, 74, 90,3.0,5.5
202604120902060202,2,,,2.3,4.2
202604120902060207,7, 71, 88,48.1,96.6
202604120902060214,14, 68, 86,17.5,34.9
202604120902060210,10, 76, 94,16.7,33.2
202604120902060205,5,,,45.8,92.0
202604120902060215,15, 71, 89,4.2,8.0
202604120902060203,3,,,11.9,23.6
202604120902060209,9, 56, 74,15.2,30.3
202604120902060211,11, 55, 73,10.3,20.4
202604120902060213,13,,,46.8,94.1
202604120902060106,6,,,2.0,3.3
202604120902060115,15, 83, 99,1.1,1.4
202604120902060111,11, 78, 94,3.7,6.4
202604120902060105,5, 90,106,1.4,1.9
202604120902060101,1, 44, 62,17.1,31.3
202604120902060110,10, 77, 93,1.8,2.9
202604120902060112,12, 75, 91,14.7,26.8
202604120902060113,13, 57, 76,8.9,16.1
202604120902060103,3, 78, 96,2.6,4.4
202604120902060109,9,,,24.9,45.7
202604120902060114,14, 72, 89,5.1,9.1
202604120902060108,8, 84,100,1.6,2.6
202604120902060107,7,,,18.9,34.7
202604120902060102,2, 79, 93,30.2,55.5
202604120902060116,16, 60, 79,23.4,43.1
202604120902060104,4, 64, 79,29.6,54.5
202604110301011208,8, 88, 97,2.5,3.2
202604110301011202,2, 84, 93,2.6,3.4
202604110301011210,10, 85, 94,2.0,2.5
202604110301011214,14, 78, 87,19.3,26.2
202604110301011203,3, 33, 42,7.7,10.4
202604110301011211,11, 88, 97,1.8,2.2
202604110301011216,16, 60, 70,3.9,5.2
202604110301011205,5, 65, 74,8.6,11.5
202604110301011201,1, 82, 91,4.1,5.4
202604110301011209,9, 86, 95,2.3,3.0
202604110301011204,4,,,19.9,27.0
202604110301011207,7, 84, 93,8.0,10.7
202604110301011206,6, 67, 76,23.2,31.4
202604110301011212,12, 85, 94,4.3,5.6
202604110301011215,15, 85, 94,4.7,6.3
202604110301011213,13, 24, 33,2.0,2.6
202604110301011101,1,102, 91,2.3,3.2
202604110301011115,15, 85, 77,4.4,6.4
202604110301011111,11,102, 91,2.1,2.9
202604110301011110,10, 97, 86,2.7,3.8
202604110301011113,13,106, 95,1.6,2.1
202604110301011106,6,103, 91,5.2,7.6
202604110301011109,9, 95, 84,6.4,9.4
202604110301011103,3,110, 99,1.5,1.9
202604110301011105,5,108, 96,2.0,2.8
202604110301011108,8, 63, 50,20.9,30.9
202604110301011102,2, 98, 90,13.6,20.2
202604110301011107,7,103, 83,7.8,11.5
202604110301011104,4,105, 94,4.1,6.0
202604110301011114,14, 83, 72,6.6,9.7
202604110301011112,12, 86, 78,8.3,12.4
202604110301011016,16, 97, 97,1.3,1.8
202604110301011004,4, 98, 98,1.2,1.4
202604110301011008,8, 94, 94,3.7,6.5
202604110301011012,12, 98, 98,2.5,4.3
202604110301011002,2, 95, 95,2.2,3.6
202604110301011009,9, 96, 96,2.7,4.6
202604110301011011,11, 87, 87,4.3,7.6
202604110301011014,14, 82, 82,12.6,22.9
202604110301011005,5, 94, 94,2.0,3.2
202604110301011007,7, 77, 77,10.0,18.0
202604110301011010,10, 89, 89,19.0,34.5
202604110301011003,3, 87, 87,6.3,11.2
202604110301011013,13, 74, 74,4.1,7.1
202604110301011001,1, 92, 92,11.3,20.4
202604110301011015,15,,,9.1,16.3
202604110301011006,6, 87, 87,11.9,21.5
202604110301010903,3, 87, 95,1.5,1.9
202604110301010909,9, 88, 96,3.6,5.3
202604110301010902,2, 83, 92,3.8,5.6
202604110301010912,12, 84, 92,1.9,2.6
202604110301010913,13, 61, 69,13.0,19.7
202604110301010910,10,,,8.1,12.2
202604110301010911,11, 80, 89,4.6,6.8
202604110301010906,6, 35, 44,9.5,14.4
202604110301010914,14, 91, 96,2.0,2.8
202604110301010905,5, 83, 92,5.7,8.6
202604110301010916,16, 53, 62,10.9,16.5
202604110301010915,15, 91, 99,1.5,2.0
202604110301010907,7, 87, 96,2.2,3.2
202604110301010908,8, 54, 62,45.4,68.9
202604110301010904,4,,,4.6,6.8
202604110301010901,1, 82, 91,22.1,33.5
202604110301010812,12, 82, 91,1.4,1.9
202604110301010808,8, 74, 83,1.9,2.8
202604110301010803,3, 62, 71,5.0,7.7
202604110301010815,15, 86, 95,2.9,4.4
202604110301010802,2, 71, 81,12.4,19.7
202604110301010806,6, 89, 98,1.5,2.1
202604110301010816,16, 83, 92,1.3,1.8
202604110301010807,7, 81, 90,4.3,6.7
202604110301010814,14, 80, 89,7.8,12.3
202604110301010801,1, 47, 57,8.5,13.5
202604110301010811,11, 76, 85,55.7,89.0
202604110301010804,4, 65, 74,9.9,15.7
202604110301010805,5, 75, 84,16.8,26.7
202604110301010809,9, 65, 74,5.4,8.5
202604110301010813,13, 84, 93,3.9,6.0
202604110301010810,10, 67, 76,11.0,17.5
202604110301010702,2, 73, 82,5.4,7.9
202604110301010710,10,,,1.7,2.3
202604110301010706,6, 83, 93,1.7,2.2
202604110301010707,7, 87, 97,1.5,2.0
202604110301010714,14, 84, 94,1.9,2.6
202604110301010711,11, 81, 91,6.5,9.4
202604110301010715,15, 80, 90,8.3,12.1
202604110301010703,3, 78, 87,61.4,90.6
202604110301010712,12, 81, 90,2.5,3.4
202604110301010704,4,,,14.9,21.9
202604110301010713,13, 77, 87,23.8,35.1
202604110301010705,5, 84, 93,4.6,6.7
202604110301010708,8, 82, 91,5.4,7.7
202604110301010701,1, 84, 94,2.1,2.9
202604110301010709,9, 78, 86,34.6,51.1
202604110301010611,11, 72, 91,1.8,2.8
202604110301010602,2, 73, 92,1.3,1.7
202604110301010605,5, 18, 37,1.8,2.9
202604110301010604,4, 81,100,1.2,1.6
202604110301010615,15, 70, 89,15.4,27.4
202604110301010606,6, 65, 84,26.5,47.4
202604110301010614,14, 68, 87,12.9,23.1
202604110301010603,3, 67, 86,3.3,5.6
202604110301010612,12, 69, 88,6.2,10.9
202604110301010610,10, 54, 73,5.6,9.7
202604110301010609,9, 73, 92,3.2,5.4
202604110301010608,8, 64, 82,4.3,7.4
202604110301010613,13, 73, 91,13.6,24.3
202604110301010601,1, 75, 94,4.9,8.4
202604110301010607,7, 70, 89,3.1,5.2
202604110301010501,1, 75, 94,1.5,6.4
202604110301010503,3, 81,100,1.0,1.1
202604110301010508,8, 68, 87,4.7,26.9
202604110301010504,4, 66, 84,3.8,21.1
202604110301010506,6, 74, 93,1.8,8.8
202604110301010512,12, 78, 97,3.0,15.8
202604110301010511,11,,,3.8,21.0
202604110301010505,5,,,11.7,69.9
202604110301010513,13, 65, 82,2.9,15.1
202604110301010502,2, 78, 97,1.8,8.4
202604110301010510,10,,,5.1,28.9
202604110301010509,9, 54, 72,14.3,85.8
202604110301010514,14,,,11.6,69.5
202604110301010507,7,,,24.7,150.6
202604110301010515,15, 56, 73,30.5,186.4
202604110301010516,16, 24, 43,48.1,294.8
202604110301010413,13,,,5.1,9.2
202604110301010404,4, 75, 88,3.6,6.3
202604110301010405,5, 83, 98,1.2,1.7
202604110301010416,16, 62, 80,4.5,8.1
202604110301010402,2, 63, 78,7.2,13.1
202604110301010415,15, 83, 98,1.1,1.5
202604110301010403,3, 81, 96,1.8,2.9
202604110301010407,7, 54, 70,17.7,32.8
202604110301010406,6, 77, 92,1.4,2.1
202604110301010414,14, 76, 88,9.9,18.2
202604110301010411,11, 46, 61,24.6,45.9
202604110301010401,1,,,33.3,62.2
202604110301010410,10, 65, 80,11.1,20.4
202604110301010409,9, 68, 87,2.7,4.6
202604110301010412,12, 74, 86,12.5,23.1
202604110301010408,8, 14, 29,45.6,85.2
202604110301010305,5,,,21.0,35.2
202604110301010308,8, 80, 95,2.6,4.1
202604110301010302,2,,,1.7,2.6
202604110301010310,10, 64, 82,1.9,2.8
202604110301010307,7, 77, 96,1.3,1.7
202604110301010304,4,,,11.3,18.9
202604110301010309,9, 72, 87,3.0,4.7
202604110301010316,16,,,20.2,33.9
202604110301010311,11, 78, 95,1.4,1.8
202604110301010312,12,,,6.5,10.7
202604110301010301,1, 76, 93,3.4,5.4
202604110301010313,13, 63, 78,10.4,17.3
202604110301010315,15,,,4.1,6.6
202604110301010306,6,,,5.4,8.8
202604110301010314,14,,,35.3,59.4
202604110301010303,3,,,30.7,51.7
202604110301010206,6, 82, 98,1.1,1.3
202604110301010204,4, 77, 92,2.2,5.2
202604110301010202,2, 82, 96,1.1,1.3
202604110301010203,3, 54, 69,5.0,12.8
202604110301010201,1, 49, 63,9.3,24.6
202604110301010216,16,,,5.7,14.6
202604110301010213,13, 38, 54,2.6,6.4
202604110301010207,7, 67, 84,6.0,15.6
202604110301010208,8, 53, 68,17.0,45.6
202604110301010211,11, 58, 73,2.2,5.1
202604110301010210,10, 26, 44,2.3,5.5
202604110301010205,5,,,2.9,7.2
202604110301010214,14,,,6.4,16.6
202604110301010209,9,,,14.2,38.0
202604110301010215,15,,,10.7,28.3
202604110301010212,12,,,18.7,50.1
202604110301010111,11, 80, 95,1.5,3.8
202604110301010114,14, 84,102,1.1,1.1
202604110301010104,4, 74, 93,1.9,5.5
202604110301010106,6, 81, 99,2.1,6.2
202604110301010103,3, 74, 92,3.8,12.5
202604110301010101,1, 79, 96,2.4,7.4
202604110301010102,2, 80, 98,2.5,7.8
202604110301010105,5, 66, 81,34.0,120.3
202604110301010112,12, 86,104,1.7,5.0
202604110301010113,13, 63, 81,18.5,64.9
202604110301010110,10, 62, 78,17.0,59.6
202604110301010115,15,,,17.9,62.9
202604110301010108,8,,,17.7,62.0
202604110301010109,9, 69, 85,34.5,122.3
202604110301010107,7, 61, 78,41.1,145.7
202604110603051206,6, 92, 92,2.9,4.4
202604110603051216,16, 90, 99,4.0,6.2
202604110603051215,15, 92, 92,12.2,19.5
202604110603051203,3, 94, 94,4.8,7.5
202604110603051205,5, 95,104,1.8,2.7
202604110603051211,11, 94,103,2.8,4.2
202604110603051208,8, 92, 92,5.6,8.9
202604110603051204,4, 92, 92,1.5,1.9
202604110603051209,9, 97, 97,1.4,1.8
202604110603051212,12, 88, 88,10.4,16.7
202604110603051202,2, 92, 92,2.7,4.1
202604110603051214,14, 92, 92,9.9,15.8
202604110603051207,7, 94, 94,7.5,11.9
202604110603051210,10, 90, 99,21.2,34.0
202604110603051213,13, 89, 89,2.5,3.7
202604110603051201,1,,,50.9,81.7
202604110603051103,3, 88,105,3.7,9.0
202604110603051107,7,100,105,1.1,1.1
202604110603051105,5, 94, 78,2.2,4.9
202604110603051114,14, 97,102,1.6,3.4
202604110603051112,12, 96, 95,4.8,12.0
202604110603051111,11, 99,104,1.2,2.2
202604110603051104,4, 98, 92,2.1,4.6
202604110603051108,8, 92, 89,6.8,17.2
202604110603051110,10, 91, 96,4.6,11.3
202604110603051115,15, 77, 74,35.8,93.6
202604110603051113,13, 96, 80,10.5,27.0
202604110603051109,9,,,28.6,74.7
202604110603051106,6, 92, 97,4.2,10.2
202604110603051102,2, 92,107,17.5,45.4
202604110603051101,1, 83, 98,6.8,17.3
202604110603051005,5, 96, 92,2.3,3.3
202604110603051002,2, 99, 95,1.3,1.6
202604110603051006,6, 99, 95,4.1,6.1
202604110603051013,13, 86, 80,1.6,2.2
202604110603051011,11,101, 97,1.8,2.5
202604110603051004,4, 95, 91,2.9,4.3
202604110603051003,3, 95, 89,10.1,15.5
202604110603051001,1, 95, 91,3.5,5.3
202604110603051007,7, 98, 94,2.5,3.6
202604110603051008,8, 99, 95,5.8,8.9
202604110603051009,9, 89, 85,6.7,10.3
202604110603051012,12, 93, 89,15.8,24.2
202604110603051010,10, 94, 88,3.1,4.5
202604110603050906,6, 87, 92,1.5,2.2
202604110603050905,5, 92, 98,1.1,1.3
202604110603050903,3, 85,103,1.9,2.9
202604110603050901,1, 75, 92,16.7,27.2
202604110603050907,7, 95, 92,2.7,4.2
202604110603050904,4, 87, 92,2.8,4.4
202604110603050902,2, 81, 87,23.5,38.2
202604110603050807,7, 91,100,1.3,1.8
202604110603050814,14, 88, 98,1.2,1.5
202604110603050801,1, 68, 77,18.2,33.2
202604110603050804,4, 88, 97,1.6,2.5
202604110603050802,2, 77, 86,16.0,29.1
202604110603050806,6,,,17.9,32.5
202604110603050810,10, 87, 97,1.9,3.1
202604110603050808,8, 85, 94,2.8,4.8
202604110603050815,15, 78, 87,3.9,6.8
202604110603050816,16, 80, 89,3.5,6.0
202604110603050812,12, 78, 87,4.6,8.1
202604110603050811,11, 73, 82,43.3,79.2
202604110603050813,13, 64, 74,17.3,31.4
202604110603050803,3, 68, 77,32.0,58.5
202604110603050809,9, 30, 39,2.5,4.2
202604110603050805,5, 78, 87,21.1,38.5
202604110603050709,9,104,109,1.1,1.1
202604110603050702,2, 95,100,3.9,20.8
202604110603050708,8, 86, 91,8.5,47.9
202604110603050710,10, 88,103,2.1,10.0
202604110603050704,4, 75, 80,13.4,76.8
202604110603050701,1, 93, 98,5.5,29.9
202604110603050714,14, 90,105,1.7,7.5
202604110603050716,16, 88, 93,2.6,13.1
202604110603050703,3, 85,100,10.4,59.0
202604110603050712,12, 81, 86,12.9,73.8
202604110603050705,5, 88,103,1.5,6.6
202604110603050715,15, 81, 86,6.2,34.4
202604110603050711,11, 73, 78,4.8,26.3
202604110603050706,6, 89,104,2.6,13.2
202604110603050707,7,,,50.9,297.7
202604110603050713,13, 85, 99,18.8,108.9
202604110603050617,17, 78, 97,1.3,1.7
202604110603050613,13, 76, 95,1.3,1.7
202604110603050614,14, 71, 86,46.6,80.8
202604110603050607,7, 69, 88,4.8,8.1
202604110603050604,4, 59, 74,8.4,14.3
202604110603050611,11, 73, 92,5.2,8.8
202604110603050601,1, 78, 93,3.9,6.4
202604110603050612,12, 74, 93,4.0,6.6
202604110603050609,9, 77, 96,1.7,2.7
202604110603050618,18,,,2.7,4.4
202604110603050608,8, 70, 88,6.9,11.7
202604110603050602,2, 80, 97,1.6,2.4
202604110603050610,10, 53, 72,30.0,52.0
202604110603050605,5, 63, 82,29.8,51.6
202604110603050616,16, 76, 92,12.2,20.8
202604110603050615,15, 70, 88,46.1,79.8
202604110603050606,6, 55, 74,55.5,96.2
202604110603050603,3,,,10.6,18.0
202604110603050502,2, 86,103,1.1,1.3
202604110603050506,6, 80, 97,1.3,1.8
202604110603050516,16, 73, 90,7.4,14.4
202604110603050507,7, 78, 95,2.1,3.8
202604110603050504,4, 79, 96,2.6,4.8
202604110603050503,3, 82, 99,2.6,4.8
202604110603050509,9, 78, 95,1.9,3.3
202604110603050508,8, 57, 76,53.0,105.6
202604110603050505,5, 75, 94,1.8,3.1
202604110603050511,11, 81, 97,3.6,6.8
202604110603050501,1,,,8.9,17.3
202604110603050512,12, 51, 68,39.5,78.6
202604110603050513,13, 67, 84,17.1,33.8
202604110603050515,15, 66, 83,39.3,78.2
202604110603050510,10,,,67.9,135.4
202604110603050514,14, 73, 89,,
202604110603050402,2,,,1.2,1.7
202604110603050410,10,,,1.2,1.6
202604110603050413,13,,,2.0,3.2
202604110603050412,12,,,1.4,2.2
202604110603050403,3,,,9.0,15.5
202604110603050414,14,,,8.3,14.3
202604110603050406,6,,,3.4,5.8
202604110603050407,7,,,4.6,7.7
202604110603050404,4,,,4.3,7.3
202604110603050405,5,,,15.2,26.6
202604110603050401,1,,,9.2,15.9
202604110603050408,8,,,17.0,29.7
202604110603050409,9,,,10.6,18.5
202604110603050411,11,,,2.1,3.3
202604110603050310,10, 73, 91,1.3,3.6
202604110603050304,4, 73, 91,1.5,4.7
202604110603050313,13, 69, 86,2.9,10.2
202604110603050301,1, 78, 96,1.1,1.1
202604110603050303,3, 70, 88,2.5,8.5
202604110603050302,2, 64, 83,8.8,34.1
202604110603050308,8, 55, 73,25.6,101.8
202604110603050307,7, 74, 92,1.9,6.1
202604110603050309,9, 48, 66,5.4,20.6
202604110603050306,6, 60, 78,13.8,54.3
202604110603050305,5,,,4.0,14.7
202604110603050311,11, 67, 86,3.1,11.0
202604110603050312,12, 69, 84,24.4,97.2
202604110603050209,9, 66, 83,3.8,7.0
202604110603050205,5, 85,100,1.1,1.2
202604110603050215,15, 80, 95,1.6,2.8
202604110603050204,4, 81, 96,3.4,6.2
202604110603050202,2, 76, 91,2.1,3.6
202604110603050214,14, 58, 74,2.0,3.4
202604110603050208,8, 69, 84,9.8,18.9
202604110603050206,6, 66, 81,2.9,5.3
202604110603050207,7, 63, 78,41.6,81.6
202604110603050212,12, 70, 85,1.5,2.3
202604110603050203,3, 66, 81,17.4,34.1
202604110603050201,1,,,25.6,50.3
202604110603050211,11, 55, 71,26.0,50.9
202604110603050213,13, 41, 59,66.6,130.9
202604110603050216,16, 45, 62,22.1,43.2
202604110603050210,10, 72, 89,5.8,10.9
202604110603050102,2, 77, 95,1.1,1.1
202604110603050115,15, 73, 90,1.3,3.7
202604110603050105,5, 76, 94,1.6,5.2
202604110603050113,13, 63, 81,2.5,9.0
202604110603050101,1, 60, 79,2.6,9.3
202604110603050114,14, 61, 78,41.2,170.8
202604110603050107,7, 57, 75,27.5,113.6
202604110603050106,6, 71, 89,6.2,24.4
202604110603050109,9, 53, 70,8.8,35.5
202604110603050112,12, 59, 77,8.5,34.2
202604110603050111,11, 76, 91,4.0,15.2
202604110603050110,10, 55, 73,5.7,22.4
202604110603050103,3, 66, 81,36.6,151.8
202604110603050104,4,,,28.2,116.6
202604110603050116,16, 62, 79,1.9,6.4
202604110603050108,8,,,6.4,25.2
202604110902051201,1, 95, 95,3.4,5.1
202604110902051211,11, 87, 87,4.3,6.6
202604110902051207,7, 91,100,1.9,2.7
202604110902051206,6, 98, 98,1.4,1.9
202604110902051204,4, 86, 86,5.5,8.4
202604110902051212,12, 90, 90,2.6,3.9
202604110902051203,3, 87, 87,26.8,42.1
202604110902051215,15, 93, 93,6.3,9.6
202604110902051213,13, 82, 82,8.4,12.9
202604110902051209,9, 93, 93,5.8,8.9
202604110902051205,5, 82, 82,23.2,36.3
202604110902051202,2,,,51.7,81.1
202604110902051214,14, 89, 89,5.2,7.9
202604110902051210,10, 81, 81,21.9,34.4
202604110902051208,8, 82, 82,1.6,2.2
202604110902051216,16, 99, 99,1.4,2.0
202604110902051101,1,,,1.1,1.5
202604110902051105,5, 98, 76,1.9,3.0
202604110902051103,3,108,100,2.4,3.9
202604110902051107,7,110, 98,4.5,7.6
202604110902051110,10,103, 91,7.9,13.4
202604110902051108,8,107, 81,4.6,7.8
202604110902051109,9,102, 94,21.9,37.3
202604110902051104,4,113, 98,1.2,1.8
202604110902051102,2,112,100,2.6,4.2
202604110902051106,6,115, 92,1.2,1.8
202604110902051010,10,113, 99,1.1,1.1
202604110902051007,7,108, 91,1.7,5.4
202604110902051001,1,111,103,1.1,2.1
202604110902051012,12,107, 85,4.9,17.9
202604110902051011,11,103, 91,23.2,90.6
202604110902051003,3,112, 95,2.4,8.2
202604110902051005,5,107, 93,4.8,17.8
202604110902051009,9,108, 94,9.7,37.0
202604110902051002,2,102, 80,2.3,7.6
202604110902051004,4,106, 92,4.9,18.0
202604110902051006,6,112, 90,1.7,5.1
202604110902051008,8, 88, 71,17.6,68.2
202604110902051013,13, 95, 78,9.3,35.7
202604110902050901,1, 96, 96,1.0,3.2
202604110902050904,4, 97, 97,1.0,1.1
202604110902050902,2, 96, 96,1.0,4.1
202604110902050907,7, 76, 76,2.6,13.9
202604110902050903,3, 94, 94,6.8,41.2
202604110902050905,5, 92, 92,1.4,6.5
202604110902050908,8, 86, 86,7.3,44.6
202604110902050906,6, 84, 84,10.4,64.7
202604110902050809,9, 95, 95,1.1,1.1
202604110902050804,4,,,1.7,3.8
202604110902050808,8, 92,102,2.1,5.0
202604110902050803,3, 85, 95,1.9,4.3
202604110902050806,6, 87, 97,1.6,3.5
202604110902050810,10, 86, 96,17.6,47.0
202604110902050807,7, 57, 67,3.7,9.2
202604110902050811,11, 88, 98,2.3,5.5
202604110902050802,2,,,8.4,21.8
202604110902050812,12, 79, 88,19.1,50.9
202604110902050801,1, 81, 90,33.1,88.8
202604110902050815,15, 91,101,3.6,8.9
202604110902050814,14, 71, 81,18.3,48.7
202604110902050813,13, 75, 85,57.2,154.0
202604110902050805,5, 69, 79,14.5,38.6
202604110902050816,16, 60, 68,27.6,73.9
202604110902050703,3, 88, 97,1.3,1.9
202604110902050705,5, 88, 97,1.1,1.3
202604110902050708,8, 89, 98,1.8,3.1
202604110902050711,11, 88, 97,1.3,2.1
202604110902050709,9, 81, 90,5.3,9.7
202604110902050701,1, 84, 93,2.8,4.9
202604110902050706,6, 83, 92,2.7,4.7
202604110902050704,4, 79, 88,6.0,11.0
202604110902050702,2, 79, 87,14.2,26.4
202604110902050707,7, 82, 90,9.3,17.2
202604110902050710,10, 45, 54,3.2,5.7
202604110902050614,14, 98, 94,1.3,1.7
202604110902050603,3, 93, 98,1.4,1.9
202604110902050610,10, 89, 94,3.3,5.2
202604110902050602,2, 88, 93,3.1,4.8
202604110902050607,7, 91, 89,1.5,2.2
202604110902050606,6, 92, 97,5.2,8.4
202604110902050601,1, 89, 87,3.7,5.9
202604110902050612,12, 92, 97,1.7,2.4
202604110902050604,4, 90, 95,16.2,26.9
202604110902050613,13, 90, 95,11.4,18.8
202604110902050611,11, 79, 84,39.0,64.7
202604110902050608,8, 86, 91,9.9,16.2
202604110902050615,15, 72, 77,5.3,8.6
202604110902050609,9, 88, 93,7.7,12.5
202604110902050605,5, 90,105,21.3,35.4
202604110902050505,5, 89, 94,1.7,2.6
202604110902050504,4, 93, 99,1.1,1.4
202604110902050501,1, 87,105,4.8,8.1
202604110902050512,12, 81, 99,9.6,16.4
202604110902050511,11, 81, 87,3.8,6.3
202604110902050506,6, 89, 95,1.8,2.8
202604110902050507,7, 79, 85,16.4,27.8
202604110902050503,3, 93, 99,2.0,3.2
202604110902050509,9, 84, 90,2.6,4.2
202604110902050502,2, 81, 87,7.8,13.2
202604110902050508,8, 81, 99,1.5,2.3
202604110902050510,10, 83,102,4.9,8.2
202604110902050406,6, 81,100,1.1,1.3
202604110902050414,14, 72, 91,3.8,7.3
202604110902050403,3, 78, 96,1.7,2.9
202604110902050405,5, 82, 99,1.2,1.8
202604110902050416,16, 72, 91,1.3,2.2
202604110902050401,1, 51, 69,5.6,11.0
202604110902050407,7,,,27.6,56.0
202604110902050409,9, 62, 81,30.1,61.0
202604110902050402,2,,,15.6,31.6
202604110902050415,15, 61, 79,13.5,27.2
202604110902050411,11, 66, 85,9.1,18.1
202604110902050404,4, 63, 79,22.6,45.8
202604110902050412,12, 82,101,1.9,3.3
202604110902050410,10, 73, 89,12.3,24.6
202604110902050413,13, 35, 53,19.9,40.2
202604110902050408,8, 83,101,,
202604110902050303,3, 87,105,1.0,1.0
202604110902050308,8, 65, 83,5.8,45.4
202604110902050304,4, 61, 80,2.6,18.2
202604110902050301,1, 80, 98,1.5,9.2
202604110902050306,6, 41, 60,20.6,170.5
202604110902050311,11, 73, 91,1.2,6.0
202604110902050313,13, 56, 74,2.0,13.1
202604110902050310,10, 59, 75,4.6,35.1
202604110902050309,9,,,20.7,171.4
202604110902050312,12, 57, 75,4.1,31.1
202604110902050302,2,,,2.3,15.8
202604110902050305,5, 51, 70,5.6,43.9
202604110902050307,7, 63, 78,13.0,106.0
202604110902050205,5, 83, 97,1.4,2.0
202604110902050201,1, 80, 96,1.3,1.9
202604110902050208,8, 81, 97,1.2,1.7
202604110902050214,14, 60, 76,28.7,48.0
202604110902050213,13, 84,101,2.2,3.3
202604110902050202,2,,,24.8,41.5
202604110902050204,4, 42, 61,19.7,32.9
202604110902050210,10, 80, 96,1.7,2.5
202604110902050203,3, 67, 85,3.8,6.1
202604110902050211,11, 71, 88,7.0,11.5
202604110902050215,15, 63, 81,39.9,66.8
202604110902050209,9,,,4.3,6.9
202604110902050206,6, 70, 85,14.0,23.3
202604110902050207,7, 68, 83,14.2,23.6
202604110902050216,16, 77, 93,5.7,9.3
202604110902050212,12, 73, 88,94.8,159.0
202604110902050107,7, 73, 91,1.4,2.2
202604110902050111,11, 82,100,1.3,2.0
202604110902050102,2, 79, 97,1.1,1.5
202604110902050105,5, 69, 86,21.1,37.4
202604110902050115,15, 81, 99,1.3,2.0
202604110902050109,9, 71, 87,32.9,58.5
202604110902050112,12, 72, 88,10.6,18.7
202604110902050101,1, 68, 83,36.2,64.4
202604110902050108,8, 68, 86,9.2,16.2
202604110902050110,10, 74, 92,5.0,8.7
202604110902050113,13, 65, 80,25.1,44.6
202604110902050114,14, 64, 82,15.6,27.5
202604110902050104,4, 73, 91,2.5,4.1
202604110902050106,6, 70, 89,17.4,30.8
202604110902050103,3, 64, 82,9.2,16.1
202604110902050116,16, 51, 70,5.4,9.3
202604050603041203,3, 89, 89,1.2,1.7
202604050603041212,12, 97, 97,1.1,1.5
202604050603041205,5, 99, 99,1.3,2.1
202604050603041202,2, 97, 97,2.5,4.4
202604050603041211,11, 98, 98,1.7,2.9
202604050603041208,8, 94, 94,4.1,7.3
202604050603041207,7, 89, 89,39.7,74.9
202604050603041201,1, 77, 77,4.5,8.1
202604050603041209,9, 94, 94,4.9,9.0
202604050603041210,10, 92, 92,3.2,5.7
202604050603041206,6, 58, 67,14.1,26.6
202604050603041204,4, 89, 89,27.5,51.8
202604050603041114,14,103, 95,1.7,2.2
202604050603041101,1,101, 93,2.4,3.3
202604050603041104,4,105,105,1.6,2.0
202604050603041106,6,105, 97,3.1,4.3
202604050603041111,11,100,100,4.7,6.7
202604050603041112,12, 86, 79,4.5,6.4
202604050603041115,15, 98, 90,11.0,16.0
202604050603041108,8,103,103,1.8,2.5
202604050603041113,13, 98, 90,10.7,15.6
202604050603041102,2, 96, 88,17.5,25.5
202604050603041103,3, 99, 91,5.1,7.3
202604050603041110,10,100, 92,4.2,6.0
202604050603041105,5,112, 92,3.9,5.5
202604050603041107,7,105, 97,2.7,3.7
202604050603041116,16,100, 92,13.3,19.4
202604050603041109,9,100, 92,27.6,40.2
202604050603041016,16, 99, 99,1.3,1.6
202604050603041007,7, 66, 59,1.9,3.0
202604050603041008,8,101, 94,1.3,1.8
202604050603041014,14, 97, 90,2.8,4.5
202604050603041009,9, 79, 72,7.6,13.0
202604050603041012,12, 99, 99,3.1,5.1
202604050603041001,1, 94, 87,3.8,6.3
202604050603041003,3, 25, 18,7.0,12.0
202604050603041010,10, 85, 78,14.9,25.9
202604050603041006,6,100,100,2.4,3.8
202604050603041013,13,101, 94,4.1,6.8
202604050603041005,5, 77, 69,20.0,34.9
202604050603041011,11,102, 96,3.6,6.0
202604050603041015,15, 81, 75,14.8,25.8
202604050603041004,4, 99, 92,4.6,7.8
202604050603041002,2, 98, 92,14.6,25.4
202604050603040901,1,101,101,1.1,1.1
202604050603040908,8, 92, 92,2.1,5.0
202604050603040904,4, 94,102,2.8,7.0
202604050603040902,2, 92, 92,3.4,8.4
202604050603040903,3, 92,100,1.5,3.4
202604050603040906,6, 95, 95,2.1,5.0
202604050603040905,5, 91, 91,1.8,4.1
202604050603040907,7, 99, 99,1.2,2.1
202604050603040805,5, 82, 91,5.5,8.6
202604050603040804,4, 80, 90,2.0,2.9
202604050603040816,16, 88, 97,2.3,3.4
202604050603040812,12, 88, 97,1.8,2.5
202604050603040806,6, 90, 99,1.3,1.7
202604050603040809,9, 89, 98,1.5,2.1
202604050603040811,11, 74, 83,21.9,34.7
202604050603040803,3,,,22.7,36.0
202604050603040813,13, 76, 85,10.9,17.2
202604050603040815,15,,,2.4,3.6
202604050603040808,8, 78, 87,20.8,32.9
202604050603040807,7, 84, 93,4.9,7.5
202604050603040810,10, 82, 91,9.0,14.1
202604050603040801,1, 77, 86,3.4,5.1
202604050603040814,14, 32, 42,32.7,51.7
202604050603040802,2,,,12.8,20.2
202604050603040711,11, 91, 96,2.3,3.3
202604050603040705,5, 90, 95,1.8,2.5
202604050603040710,10, 92, 97,1.6,2.1
202604050603040712,12, 85, 90,9.9,14.8
202604050603040704,4, 94, 99,1.4,1.8
202604050603040714,14, 89, 94,2.7,3.8
202604050603040703,3, 58, 63,10.5,15.7
202604050603040701,1, 90, 95,2.2,3.1
202604050603040713,13, 85, 90,19.4,29.0
202604050603040707,7, 89, 89,5.1,7.4
202604050603040706,6, 89, 94,8.9,13.3
202604050603040709,9, 88, 82,2.6,3.7
202604050603040702,2, 86, 91,13.3,19.9
202604050603040708,8, 84, 89,4.1,5.9
202604050603040603,3, 93, 99,1.4,1.9
202604050603040604,4, 84,102,8.6,14.1
202604050603040616,16, 86,104,7.0,11.5
202604050603040606,6,,,4.0,6.4
202604050603040601,1, 89,107,2.4,3.7
202604050603040611,11, 82, 99,6.4,10.5
202604050603040613,13, 88, 93,2.4,3.8
202604050603040607,7, 96,102,2.0,3.0
202604050603040612,12, 78, 84,8.6,14.1
202604050603040609,9, 82, 87,9.7,16.0
202604050603040610,10, 84,103,18.1,29.9
202604050603040615,15, 86, 92,6.4,10.4
202604050603040608,8, 82,100,11.3,18.6
202604050603040602,2, 92, 98,1.3,1.7
202604050603040605,5,,,52.3,86.4
202604050603040614,14, 92, 98,1.8,2.7
202604050603040511,11, 77, 96,1.9,4.4
202604050603040515,15, 76, 94,3.1,7.7
202604050603040509,9, 71, 88,5.1,13.1
202604050603040510,10, 79, 98,1.5,3.2
202604050603040501,1, 62, 81,9.4,25.1
202604050603040508,8, 73, 90,15.7,42.5
202604050603040513,13, 75, 94,7.7,20.3
202604050603040512,12, 77, 95,3.7,9.4
202604050603040505,5, 69, 88,5.3,13.7
202604050603040507,7, 76, 95,2.5,6.0
202604050603040514,14, 78, 97,1.1,1.1
202604050603040503,3, 70, 89,43.7,119.5
202604050603040506,6, 62, 67,57.8,158.3
202604050603040502,2,,,27.8,75.9
202604050603040504,4, 72, 89,43.6,119.4
202604050603040516,16, 75, 93,1.4,2.9
202604050603040412,12,,,1.1,1.1
202604050603040404,4,,,2.0,9.3
202604050603040409,9,,,1.7,7.1
202604050603040406,6,,,10.0,54.3
202604050603040410,10,,,4.9,25.3
202604050603040414,14,,,19.2,106.1
202604050603040413,13,,,2.3,10.6
202604050603040408,8, 66, 85,27.6,153.5
202604050603040411,11,,,1.6,6.9
202604050603040403,3,,,2.4,11.6
202604050603040405,5, 47, 66,5.1,26.6
202604050603040407,7, 74, 83,3.5,17.4
202604050603040401,1,,,5.1,26.8
202604050603040402,2, 76, 93,,
202604050603040307,7, 81, 99,1.0,1.1
202604050603040304,4, 73, 92,1.1,4.2
202604050603040308,8, 76, 94,1.9,11.5
202604050603040310,10, 53, 71,37.8,292.2
202604050603040311,11, 71, 89,1.3,6.5
202604050603040315,15, 51, 69,24.6,189.4
202604050603040313,13, 59, 77,2.3,14.6
202604050603040302,2, 50, 68,7.3,53.9
202604050603040314,14, 62, 80,11.2,84.7
202604050603040316,16, 66, 83,4.1,29.2
202604050603040312,12, 70, 85,12.3,93.2
202604050603040305,5, 61, 80,4.6,32.8
202604050603040303,3, 39, 57,33.5,258.7
202604050603040301,1, 66, 81,25.3,194.6
202604050603040306,6, 67, 83,7.0,51.7
202604050603040309,9, 48, 67,15.9,121.1
202604050603040214,14, 82, 98,1.1,1.1
202604050603040215,15, 77, 92,1.2,2.2
202604050603040213,13,,,1.5,3.3
202604050603040203,3, 72, 87,6.3,16.3
202604050603040204,4, 77, 92,3.1,7.6
202604050603040211,11, 78, 95,1.6,3.4
202604050603040210,10, 77, 92,8.8,23.2
202604050603040201,1, 71, 86,41.2,111.7
202604050603040216,16, 53, 68,8.2,21.5
202604050603040202,2, 49, 66,21.2,57.1
202604050603040212,12, 75, 90,6.3,16.3
202604050603040208,8, 66, 82,9.6,25.4
202604050603040209,9, 71, 86,3.6,8.9
202604050603040205,5, 78, 94,4.0,10.2
202604050603040206,6, 58, 76,14.7,39.4
202604050603040207,7, 48, 64,50.7,137.4
202604050603040107,7, 80, 98,1.2,1.7
202604050603040101,1, 76, 94,1.1,1.3
202604050603040106,6, 66, 84,2.0,3.7
202604050603040102,2, 68, 86,5.5,10.9
202604050603040111,11, 66, 82,2.6,4.9
202604050603040109,9, 68, 86,6.8,13.7
202604050603040114,14, 59, 77,12.5,25.7
202604050603040108,8, 75, 93,1.5,2.5
202604050603040105,5,,,4.1,8.2
202604050603040113,13, 71, 88,6.3,12.7
202604050603040104,4, 75, 93,3.6,7.1
202604050603040110,10, 70, 88,8.8,17.9
202604050603040115,15,,,15.6,32.1
202604050603040116,16, 66, 81,7.5,15.2
202604050603040112,12,  9, 26,30.8,63.7
202604050603040103,3,,,20.2,41.6
202604050902041216,16,102,102,2.0,2.7
202604050902041205,5,109,109,1.8,2.5
202604050902041208,8,,,13.6,19.7
202604050902041204,4,104,104,1.8,2.4
202604050902041212,12,102, 96,2.2,3.0
202604050902041210,10,101, 94,8.0,11.5
202604050902041213,13, 97, 91,6.8,9.7
202604050902041214,14,102, 98,3.0,4.1
202604050902041215,15,106,100,1.5,1.8
202604050902041211,11,103, 97,6.1,8.7
202604050902041201,1, 92, 85,20.5,29.7
202604050902041206,6, 96, 89,20.5,29.8
202604050902041209,9, 94, 88,3.0,4.2
202604050902041207,7, 99, 93,7.7,11.0
202604050902041202,2, 99, 91,12.2,17.7
202604050902041203,3,100, 94,11.3,16.4
202604050902041115,15,119, 93,1.1,1.4
202604050902041106,6,112, 86,1.8,2.8
202604050902041104,4,122, 96,1.3,1.9
202604050902041114,14,117,101,9.4,16.9
202604050902041103,3,110, 90,7.7,13.7
202604050902041112,12,118, 98,2.2,3.7
202604050902041109,9,112, 90,5.9,10.4
202604050902041111,11,114, 98,6.1,10.8
202604050902041110,10,114, 92,14.9,26.7
202604050902041105,5,121, 99,1.5,2.4
202604050902041102,2,116, 94,6.5,11.4
202604050902041101,1,111, 91,30.6,55.2
202604050902041113,13, 86, 69,10.4,18.6
202604050902041108,8,115, 95,4.9,8.6
202604050902041107,7,115, 93,4.9,8.6
202604050902041006,6,100,100,1.6,2.2
202604050902041002,2,105, 99,1.3,1.6
202604050902041013,13,103, 97,1.6,2.4
202604050902041008,8, 98, 93,3.9,6.0
202604050902041005,5,103, 98,6.5,10.2
202604050902041001,1,102, 94,3.5,5.4
202604050902041010,10, 92, 87,16.5,26.3
202604050902041007,7,101, 95,3.7,5.7
202604050902041015,15,100, 92,5.1,8.0
202604050902041011,11,102, 94,13.5,21.6
202604050902041018,18,100, 95,3.7,5.6
202604050902041004,4, 96, 90,5.6,8.7
202604050902041012,12, 87, 83,21.7,34.7
202604050902041017,17, 97, 89,21.2,33.9
202604050902041016,16, 94, 89,5.9,9.2
202604050902041003,3,101, 95,4.3,6.7
202604050902041009,9, 97, 89,10.2,16.2
202604050902041014,14,102,102,4.0,6.2
202604050902040906,6,106,111,2.5,3.6
202604050902040903,3, 95,100,2.8,4.0
202604050902040902,2, 96, 95,1.4,1.7
202604050902040907,7, 96,101,4.5,6.7
202604050902040910,10, 94, 99,3.2,4.6
202604050902040905,5, 97,102,2.3,3.3
202604050902040904,4, 99, 98,2.1,3.0
202604050902040911,11,104,109,1.5,1.9
202604050902040901,1, 98,113,8.4,12.5
202604050902040909,9, 87, 83,3.9,5.8
202604050902040908,8, 97, 96,5.6,8.3
202604050902040912,12, 94, 99,2.9,4.3
202604050902040804,4, 95, 95,2.7,4.5
202604050902040803,3, 90, 90,1.8,2.8
202604050902040801,1, 94, 94,2.7,4.5
202604050902040809,9, 98, 98,1.2,1.6
202604050902040810,10, 95, 95,1.2,1.7
202604050902040802,2, 97, 97,1.2,1.8
202604050902040806,6, 82, 82,13.2,22.7
202604050902040808,8, 92, 92,9.9,17.1
202604050902040805,5, 96, 96,2.7,4.4
202604050902040811,11,,,35.1,60.7
202604050902040807,7,,,11.1,19.2
202604050902040713,13, 96, 96,1.4,2.0
202604050902040706,6, 95,104,7.1,11.3
202604050902040703,3, 91, 91,2.0,2.9
202604050902040708,8, 92,101,1.4,1.9
202604050902040705,5, 99, 99,3.1,4.7
202604050902040701,1, 95, 95,5.8,9.2
202604050902040711,11, 99, 99,1.3,1.7
202604050902040707,7, 94, 94,10.9,17.4
202604050902040714,14, 92, 92,5.5,8.6
202604050902040702,2, 77, 77,4.4,6.8
202604050902040715,15, 94, 94,4.5,7.0
202604050902040710,10, 93, 93,4.4,6.9
202604050902040709,9, 86, 86,11.0,17.6
202604050902040704,4, 88, 88,10.5,16.7
202604050902040712,12, 69, 69,21.9,34.9
202604050902040603,3, 61, 69,1.5,2.0
202604050902040601,1, 82,101,2.0,2.7
202604050902040608,8, 88, 96,1.4,1.8
202604050902040602,2, 85, 93,2.4,3.5
202604050902040605,5, 85, 93,1.6,2.2
202604050902040609,9, 89, 97,1.5,2.0
202604050902040607,7, 73, 82,7.9,11.2
202604050902040604,4, 83, 91,2.6,3.7
202604050902040606,6, 81, 89,17.6,24.8
202604050902040512,12, 98,104,1.1,1.2
202604050902040513,13, 67, 73,6.7,13.0
202604050902040510,10, 87, 93,1.3,2.1
202604050902040503,3, 94, 99,1.5,2.5
202604050902040508,8, 82, 88,20.1,39.2
202604050902040502,2, 92,110,1.8,3.1
202604050902040506,6, 82,100,9.2,17.8
202604050902040504,4, 82,100,9.0,17.4
202604050902040507,7, 88, 94,5.2,10.0
202604050902040505,5, 93, 98,2.0,3.4
202604050902040501,1, 68, 74,9.6,18.7
202604050902040509,9, 85,103,2.9,5.3
202604050902040511,11, 82,100,7.9,15.2
202604050902040411,11, 81,100,1.1,1.6
202604050902040401,1, 75, 93,2.3,4.6
202604050902040405,5, 79, 98,1.1,1.3
202604050902040404,4, 77, 96,1.3,2.4
202604050902040407,7, 75, 94,8.7,19.1
202604050902040406,6, 77, 96,2.4,4.7
202604050902040410,10,,,6.6,14.3
202604050902040412,12, 75, 94,5.6,12.1
202604050902040403,3, 72, 91,2.8,5.6
202604050902040402,2, 53, 71,49.8,111.7
202604050902040409,9, 75, 94,3.6,7.6
202604050902040408,8,,,27.2,60.8
202604050902040413,13, 59, 77,12.6,27.9
202604050902040415,15, 66, 85,33.2,74.3
202604050902040414,14, 61, 79,17.5,38.8
202604050902040315,15, 50, 68,12.6,24.8
202604050902040312,12, 77, 92,2.5,4.4
202604050902040313,13, 79, 95,1.6,2.8
202604050902040310,10, 84, 99,1.1,1.3
202604050902040306,6, 69, 85,2.7,4.8
202604050902040304,4, 61, 77,12.3,24.2
202604050902040308,8, 66, 81,4.9,9.3
202604050902040311,11, 71, 86,9.5,18.6
202604050902040305,5,,,3.7,7.0
202604050902040307,7, 81, 96,1.4,2.1
202604050902040314,14, 23, 40,8.3,16.3
202604050902040302,2, 60, 75,37.4,74.5
202604050902040303,3, 58, 74,38.1,76.0
202604050902040316,16, 81, 96,1.8,3.2
202604050902040309,9, 53, 68,29.6,58.8
202604050902040301,1, 75, 90,6.7,13.0
202604050902040213,13, 80, 98,1.1,1.5
202604050902040204,4, 78, 96,1.1,1.6
202604050902040206,6, 44, 62,9.3,17.9
202604050902040201,1, 81, 99,1.3,2.2
202604050902040203,3, 60, 77,13.2,25.7
202604050902040208,8, 68, 84,2.5,4.5
202604050902040210,10, 67, 85,7.5,14.5
202604050902040212,12, 68, 86,10.3,20.1
202604050902040211,11, 71, 89,2.3,4.2
202604050902040205,5, 57, 75,5.5,10.5
202604050902040209,9, 63, 82,1.7,2.8
202604050902040202,2, 65, 83,18.7,36.4
202604050902040207,7, 64, 81,,
202604050902040103,3, 76, 93,4.5,6.7
202604050902040101,1, 73, 89,2.3,3.3
202604050902040106,6, 85,101,1.7,2.4
202604050902040108,8, 85,101,1.5,1.9
202604050902040111,11, 79, 95,2.0,2.8
202604050902040112,12, 76, 92,10.1,15.5
202604050902040109,9, 71, 86,7.1,10.9
202604050902040115,15, 75, 91,28.7,44.7
202604050902040113,13, 84,100,1.5,1.9
202604050902040104,4,,,22.4,34.9
202604050902040114,14, 76, 91,6.3,9.6
202604050902040110,10,,,3.1,4.6
202604050902040105,5, 80, 96,2.5,3.6
202604050902040102,2,,,32.5,50.5
202604050902040107,7, 59, 77,43.5,67.7
202604040603031212,12, 80, 80,23.0,33.3
202604040603031201,1, 93, 93,3.1,4.4
202604040603031214,14, 94,103,1.7,2.3
202604040603031211,11, 93, 93,5.8,8.3
202604040603031213,13, 95, 95,1.7,2.2
202604040603031207,7, 87, 87,7.2,10.4
202604040603031203,3, 96, 96,2.4,3.3
202604040603031204,4, 89, 89,5.6,8.0
202604040603031210,10, 92,101,10.9,15.8
202604040603031205,5, 92, 92,6.9,9.9
202604040603031215,15, 89, 98,4.8,6.8
202604040603031202,2, 90, 90,1.5,1.9
202604040603031208,8, 85, 85,15.3,22.2
202604040603031216,16,,,15.1,22.0
202604040603031206,6,100,100,2.6,3.6
202604040603031209,9,,,3.2,4.5
202604040603031111,11,111, 99,4.3,5.5
202604040603031116,16,113, 93,3.0,3.8
202604040603031108,8,112, 97,1.9,2.3
202604040603031102,2,106, 98,2.2,2.7
202604040603031113,13,102, 87,3.9,5.1
202604040603031105,5,106, 91,3.4,4.3
202604040603031101,1,110, 98,3.3,4.2
202604040603031103,3,107, 95,4.8,6.2
202604040603031104,4,106, 98,2.7,3.4
202604040603031110,10,116,100,2.6,3.3
202604040603031114,14,108, 96,4.6,6.0
202604040603031109,9,100, 88,18.9,24.6
202604040603031115,15,112, 97,2.7,3.4
202604040603031112,12,100, 88,22.2,28.8
202604040603031106,6, 94, 78,7.7,10.0
202604040603031107,7,107, 90,,
202604040603031003,3, 95, 95,1.7,2.6
202604040603031006,6, 78, 78,1.1,1.4
202604040603031011,11, 90, 90,1.7,2.6
202604040603031013,13, 91, 91,3.4,5.6
202604040603031008,8, 86, 86,3.4,5.5
202604040603031010,10, 91, 91,1.8,2.7
202604040603031007,7, 82, 82,28.7,49.3
202604040603031005,5, 99, 99,2.6,4.1
202604040603031015,15, 90, 90,3.3,5.3
202604040603031012,12, 79, 79,37.2,63.8
202604040603031009,9, 81, 81,3.3,5.3
202604040603031002,2, 80, 80,25.7,44.1
202604040603031004,4, 49, 49,11.7,19.9
202604040603031014,14, 76, 76,14.7,25.1
202604040603031001,1, 74, 74,25.6,44.0
202604040603030912,12, 62, 68,14.3,20.4
202604040603030904,4, 92, 85,1.6,2.1
202604040603030913,13, 83,102,1.6,2.0
202604040603030906,6,102, 84,2.6,3.6
202604040603030901,1, 89, 94,2.2,3.0
202604040603030903,3, 80, 99,8.1,11.5
202604040603030907,7, 85,103,3.5,4.9
202604040603030909,9, 83,102,3.9,5.4
202604040603030910,10, 96, 78,2.1,2.8
202604040603030905,5, 83,102,1.5,2.0
202604040603030902,2, 86, 91,5.5,7.7
202604040603030911,11, 81,100,8.9,12.7
202604040603030908,8, 92, 97,,
202604040603030805,5, 88, 97,2.4,3.9
202604040603030803,3, 87, 96,1.4,2.0
202604040603030801,1, 83, 92,1.9,2.9
202604040603030809,9, 70, 78,4.4,7.3
202604040603030806,6, 89, 98,1.3,1.9
202604040603030811,11, 85, 94,2.0,3.1
202604040603030810,10, 79, 88,8.4,14.1
202604040603030807,7, 92,101,1.2,1.5
202604040603030802,2, 78, 87,7.3,12.4
202604040603030804,4, 55, 64,63.8,108.3
202604040603030808,8, 77, 86,5.3,8.8
202604040603030701,1, 93,101,1.1,1.1
202604040603030709,9, 77, 86,4.4,11.3
202604040603030707,7, 91, 99,1.3,2.5
202604040603030710,10, 96, 96,1.5,3.2
202604040603030704,4, 77, 86,6.5,17.1
202604040603030708,8, 86, 95,1.4,2.9
202604040603030711,11, 52, 61,13.2,35.5
202604040603030706,6, 77, 86,7.6,20.2
202604040603030703,3, 84, 92,11.4,30.7
202604040603030712,12, 82, 91,20.0,54.3
202604040603030705,5, 85, 94,6.3,16.7
202604040603030702,2, 86, 68,2.0,4.8
202604040603030608,8, 74, 92,2.4,4.4
202604040603030607,7, 72, 90,2.2,3.9
202604040603030604,4, 80, 98,1.1,1.3
202604040603030609,9, 73, 91,16.7,32.8
202604040603030612,12,,,5.0,9.5
202604040603030610,10, 76, 94,1.2,1.8
202604040603030601,1, 73, 91,3.4,6.4
202604040603030603,3, 86,104,1.5,2.5
202604040603030606,6, 72, 90,19.5,38.5
202604040603030613,13, 68, 86,2.2,4.0
202604040603030611,11, 59, 77,8.6,16.7
202604040603030602,2,  9, 27,36.0,71.2
202604040603030605,5, 64, 80,4.0,7.5
202604040603030503,3, 80, 97,1.2,1.7
202604040603030511,11,,,4.7,8.7
202604040603030513,13, 83,100,1.1,1.4
202604040603030506,6, 82, 98,2.6,4.6
202604040603030507,7, 60, 78,2.2,3.9
202604040603030515,15, 79, 96,1.7,2.8
202604040603030501,1, 68, 86,4.6,8.4
202604040603030510,10, 70, 89,2.0,3.4
202604040603030512,12, 59, 74,27.6,53.2
202604040603030504,4, 70, 87,10.6,20.2
202604040603030502,2, 71, 88,23.9,45.9
202604040603030505,5,,,3.2,5.7
202604040603030514,14,,,47.3,91.3
202604040603030509,9,,,47.9,92.4
202604040603030508,8,,,25.0,48.2
202604040603030516,16,,,13.3,25.4
202604040603030412,12,,,1.6,2.2
202604040603030408,8,,,3.6,5.3
202604040603030411,11,,,2.7,4.0
202604040603030414,14,,,1.4,1.8
202604040603030410,10,,,2.4,3.4
202604040603030401,1,,,6.9,10.4
202604040603030405,5,,,4.2,6.2
202604040603030404,4,111,103,1.6,2.2
202604040603030413,13,,,1.8,2.4
202604040603030403,3, 86, 94,21.3,32.6
202604040603030407,7, 85, 85,26.4,40.4
202604040603030402,2, 79, 88,15.6,23.8
202604040603030409,9, 97, 90,7.1,10.6
202604040603030406,6,,,22.5,34.4
202604040603030301,1, 83, 98,1.6,2.5
202604040603030303,3, 82, 97,1.2,1.6
202604040603030302,2, 75, 90,2.9,4.7
202604040603030311,11,,,35.8,62.2
202604040603030305,5,,,2.4,3.9
202604040603030306,6, 66, 81,9.6,16.4
202604040603030313,13, 67, 82,10.0,17.1
202604040603030310,10, 76, 91,3.3,5.4
202604040603030304,4, 82, 98,1.4,1.9
202604040603030316,16, 56, 72,3.0,4.8
202604040603030309,9, 69, 83,44.6,77.6
202604040603030307,7,,,96.7,168.6
202604040603030308,8,,,51.1,89.0
202604040603030315,15, 58, 73,2.8,4.6
202604040603030314,14, 75, 90,2.6,4.2
202604040603030312,12, 50, 66,70.4,122.6
202604040603030205,5, 81, 99,1.1,1.1
202604040603030214,14, 72, 90,1.2,2.6
202604040603030211,11, 53, 68,4.3,11.1
202604040603030208,8,,,12.3,32.8
202604040603030209,9, 67, 85,2.6,6.2
202604040603030212,12, 62, 81,1.1,2.0
202604040603030201,1, 75, 93,2.6,6.3
202604040603030202,2, 51, 69,27.7,75.2
202604040603030206,6, 67, 85,8.5,22.5
202604040603030207,7, 52, 70,3.6,9.1
202604040603030203,3, 69, 88,4.1,10.3
202604040603030210,10,,,3.5,8.9
202604040603030204,4, 51, 66,56.3,153.7
202604040603030213,13,,,31.7,86.2
202604040603030108,8, 84, 99,1.1,1.1
202604040603030105,5, 82, 97,1.5,2.6
202604040603030112,12, 81, 96,2.0,3.6
202604040603030111,11, 79, 94,2.0,3.6
202604040603030103,3, 78, 93,2.6,5.1
202604040603030106,6,,,29.2,62.1
202604040603030107,7, 72, 87,4.8,9.8
202604040603030115,15, 84, 99,2.1,4.0
202604040603030109,9, 63, 78,112.9,241.7
202604040603030110,10,,,11.4,23.8
202604040603030113,13,,,15.4,32.6
202604040603030102,2, 17, 34,79.0,169.0
202604040603030116,16,,,30.9,65.7
202604040603030114,14, 83, 98,1.8,3.2
202604040603030104,4,,,51.1,109.3
202604040603030101,1,,,40.6,86.7
202604040902031211,11, 80, 80,26.5,51.4
202604040902031205,5, 91, 91,1.1,1.2
202604040902031203,3, 98, 98,1.6,2.6
202604040902031213,13, 91, 91,14.4,27.8
202604040902031204,4, 69, 69,4.0,7.4
202604040902031209,9, 94, 94,4.2,7.7
202604040902031207,7, 94, 94,5.1,9.5
202604040902031214,14, 94, 94,1.9,3.2
202604040902031202,2, 92, 92,13.1,25.1
202604040902031212,12, 90, 90,13.5,26.0
202604040902031208,8, 95, 95,2.4,4.3
202604040902031210,10, 86, 86,18.3,35.4
202604040902031215,15, 91, 91,2.0,3.5
202604040902031201,1, 80, 80,40.6,78.7
202604040902031206,6, 92, 92,1.8,3.1
202604040902031114,14, 83,100,3.0,5.2
202604040902031111,11, 75, 72,23.6,44.2
202604040902031110,10, 95,100,1.6,2.7
202604040902031105,5, 96,101,3.1,5.5
202604040902031112,12, 94, 99,7.8,14.6
202604040902031109,9, 85, 79,8.4,15.6
202604040902031101,1, 93, 83,7.4,13.7
202604040902031108,8, 96, 89,1.2,1.6
202604040902031103,3, 95, 92,2.0,3.3
202604040902031102,2, 93, 75,10.4,19.5
202604040902031104,4, 93, 98,3.3,5.9
202604040902031106,6,100, 94,1.2,1.5
202604040902031107,7, 88, 93,3.0,5.3
202604040902031113,13, 93, 90,8.9,16.5
202604040902031005,5,110,100,1.8,3.1
202604040902031007,7,112,102,1.1,1.2
202604040902031012,12,108,102,1.6,2.8
202604040902031010,10,103, 95,4.2,7.7
202604040902031003,3,102, 92,4.0,7.3
202604040902031015,15,105, 95,4.9,9.1
202604040902031009,9,100, 88,6.6,12.5
202604040902031011,11, 91, 81,37.1,71.8
202604040902031006,6,110, 97,6.3,11.9
202604040902031013,13, 84, 74,5.2,9.7
202604040902031004,4,100, 90,21.7,41.8
202604040902031008,8,117,104,1.5,2.5
202604040902031001,1, 97, 89,17.5,33.8
202604040902031014,14,100, 90,15.1,29.0
202604040902031016,16,102, 94,2.8,5.1
202604040902031002,2, 97, 86,5.6,10.5
202604040902030904,4, 84,103,1.2,3.0
202604040902030902,2, 97, 94,1.1,1.1
202604040902030903,3, 80, 99,1.9,6.3
202604040902030909,9, 92, 97,1.7,5.3
202604040902030906,6, 87,106,1.5,4.6
202604040902030908,8, 89, 94,2.2,7.5
202604040902030905,5, 84, 90,4.3,16.0
202604040902030901,1, 71, 76,23.7,94.5
202604040902030907,7, 89, 94,3.9,14.7
202604040902030802,2, 97, 97,1.1,1.5
202604040902030801,1, 91, 91,1.3,1.9
202604040902030807,7, 91, 91,1.4,2.1
202604040902030806,6, 93, 93,1.6,2.4
202604040902030805,5, 87, 87,5.0,8.6
202604040902030808,8, 83, 83,2.5,4.1
202604040902030809,9, 96, 96,1.7,2.7
202604040902030804,4,,,8.6,14.8
202604040902030803,3, 63, 63,15.0,25.7
202604040902030705,5, 90, 99,1.1,1.4
202604040902030708,8, 88, 97,1.5,2.5
202604040902030704,4, 79, 88,1.2,1.7
202604040902030706,6, 86, 95,2.4,4.2
202604040902030707,7, 85, 94,3.4,6.1
202604040902030709,9, 86, 95,1.4,2.3
202604040902030703,3, 78, 87,2.3,4.0
202604040902030702,2, 40, 49,5.2,9.6
202604040902030701,1, 73, 82,25.1,46.9
202604040902030602,2, 86, 95,2.1,3.7
202604040902030614,14, 87, 96,4.3,8.2
202604040902030606,6, 93,103,1.1,1.2
202604040902030610,10, 79, 88,12.5,25.1
202604040902030612,12, 79, 88,5.2,10.1
202604040902030607,7, 88, 97,1.6,2.6
202604040902030601,1, 60, 69,5.2,10.1
202604040902030616,16, 86, 95,2.3,4.3
202604040902030603,3, 83, 93,14.2,28.4
202604040902030609,9, 76, 85,42.3,85.3
202604040902030604,4, 87, 96,2.2,4.1
202604040902030611,11, 85, 94,4.3,8.2
202604040902030613,13, 87, 96,3.3,6.2
202604040902030608,8, 79, 88,44.9,90.5
202604040902030605,5, 80, 90,3.1,5.9
202604040902030615,15, 82, 91,9.7,19.3
202604040902030511,11, 81, 96,2.0,3.5
202604040902030516,16, 80, 98,1.1,1.4
202604040902030508,8,,,2.4,4.1
202604040902030503,3,,,1.2,1.8
202604040902030518,18,,,6.1,11.5
202604040902030506,6, 82, 99,1.4,2.2
202604040902030501,1, 68, 85,6.8,12.8
202604040902030512,12,,,3.5,6.4
202604040902030510,10, 63, 81,12.2,23.2
202604040902030514,14, 39, 56,61.5,119.1
202604040902030517,17, 71, 90,4.7,8.7
202604040902030515,15, 76, 93,12.0,23.0
202604040902030513,13,,,50.9,98.6
202604040902030507,7, 56, 71,48.2,93.3
202604040902030504,4, 42, 60,8.5,16.1
202604040902030509,9,,,18.9,36.4
202604040902030505,5,,,21.9,42.1
202604040902030502,2,,,11.4,21.7
202604040902030406,6, 82, 98,1.4,2.0
202604040902030411,11, 82, 98,1.2,1.4
202604040902030409,9, 53, 68,12.6,22.8
202604040902030418,18, 79, 95,2.7,4.6
202604040902030405,5, 82, 99,2.4,3.9
202604040902030402,2, 79, 96,5.1,8.9
202604040902030403,3, 79, 94,10.0,18.0
202604040902030407,7,,,22.0,40.0
202604040902030413,13, 79, 95,1.8,3.0
202604040902030412,12, 78, 94,2.3,3.9
202604040902030414,14, 55, 73,93.0,170.2
202604040902030417,17, 57, 72,126.2,231.1
202604040902030416,16, 84,100,2.2,3.6
202604040902030415,15, 68, 87,5.3,9.4
202604040902030408,8,,,34.9,63.7
202604040902030410,10,,,8.7,15.6
202604040902030401,1, 51, 69,27.1,49.4
202604040902030404,4,,,42.0,76.8
202604040902030311,11, 74, 92,1.4,6.8
202604040902030306,6, 79, 97,1.3,5.6
202604040902030313,13, 87,105,1.0,1.1
202604040902030305,5,,,24.4,157.7
202604040902030304,4, 74, 93,1.0,3.3
202604040902030307,7, 70, 88,4.5,26.8
202604040902030310,10, 71, 89,5.0,30.0
202604040902030302,2, 61, 77,34.3,222.1
202604040902030303,3, 26, 44,3.2,18.1
202604040902030301,1, 64, 82,10.0,62.8
202604040902030308,8, 74, 91,9.2,57.6
202604040902030314,14, 50, 68,14.9,95.1
202604040902030312,12, 61, 77,6.2,37.9
202604040902030309,9, 51, 70,20.8,133.6
202604040902030215,15, 81, 96,1.2,1.9
202604040902030211,11, 70, 87,2.2,4.6
202604040902030201,1, 83, 99,1.4,2.8
202604040902030208,8, 71, 87,3.9,8.7
202604040902030214,14, 85,101,1.1,1.1
202604040902030203,3, 72, 90,4.7,10.9
202604040902030216,16, 75, 93,1.9,3.9
202604040902030205,5,,,21.5,51.7
202604040902030209,9, 58, 76,13.7,32.7
202604040902030212,12,,,48.8,118.3
202604040902030202,2, 73, 88,16.1,38.6
202604040902030207,7,,,49.1,119.1
202604040902030213,13, 62, 79,11.9,28.4
202604040902030206,6, 58, 74,26.7,64.5
202604040902030210,10, 71, 88,2.6,5.6
202604040902030204,4, 43, 60,84.7,205.7
202604040902030116,16, 82,100,1.1,1.1
202604040902030112,12, 70, 85,2.7,14.5
202604040902030115,15, 77, 95,2.0,10.1
202604040902030103,3, 77, 95,1.3,5.0
202604040902030105,5, 74, 92,1.7,7.8
202604040902030113,13, 74, 92,5.8,33.6
202604040902030110,10, 64, 83,4.6,26.5
202604040902030104,4, 75, 92,5.9,34.2
202604040902030102,2, 58, 74,40.2,248.8
202604040902030107,7,,,4.7,26.6
202604040902030111,11,,,6.7,39.3
202604040902030108,8,,,15.6,95.4
202604040902030101,1, 72, 91,2.1,10.7
202604040902030114,14,,,38.7,239.5
202604040902030109,9, 48, 66,38.7,239.4
202604040902030106,6,,,40.4,250.4
202603290603021210,10, 96, 96,2.2,3.2
202603290603021209,9, 97, 97,1.4,1.7
202603290603021205,5, 96, 96,2.8,4.1
202603290603021202,2, 92, 92,1.7,2.3
202603290603021207,7, 94, 94,1.5,2.0
202603290603021203,3, 88, 88,2.6,3.8
202603290603021208,8, 89, 89,8.3,12.7
202603290603021204,4, 92, 92,14.8,22.7
202603290603021206,6, 92,101,1.9,2.8
202603290603021211,11, 69, 69,3.0,4.5
202603290603021201,1, 88, 88,9.8,15.1
202603290603021115,15,118, 97,3.7,4.9
202603290603021107,7,113,101,2.3,3.1
202603290603021104,4,113,101,3.3,4.4
202603290603021106,6,111, 99,1.7,2.1
202603290603021113,13,112,100,3.8,5.1
202603290603021114,14,110,103,2.2,2.9
202603290603021109,9,113, 93,1.9,2.3
202603290603021111,11,111, 98,2.3,3.1
202603290603021110,10, 99, 87,15.5,21.5
202603290603021103,3,104, 92,14.4,20.0
202603290603021112,12,106, 85,6.5,9.0
202603290603021102,2, 82, 68,3.8,5.2
202603290603021116,16,105, 90,21.2,29.4
202603290603021108,8,101, 88,8.7,12.0
202603290603021105,5,110, 98,3.4,4.6
202603290603021101,1,107, 94,,
202603290603021010,10,102, 97,2.9,4.1
202603290603021006,6, 99, 99,1.7,2.3
202603290603021015,15,105,100,1.5,1.8
202603290603021012,12,102, 97,2.4,3.4
202603290603021004,4, 98, 94,9.7,14.2
202603290603021011,11, 90, 85,14.7,21.5
202603290603021007,7, 91, 86,5.2,7.5
202603290603021008,8, 93, 85,6.5,9.4
202603290603021003,3, 98, 93,2.0,2.8
202603290603021014,14,101, 96,6.4,9.2
202603290603021013,13,101, 95,2.8,3.9
202603290603021009,9, 92, 86,7.5,10.9
202603290603021005,5, 98, 90,11.7,17.2
202603290603021001,1, 96, 91,25.4,37.1
202603290603021002,2, 98, 98,1.8,2.5
202603290603020903,3, 85,102,2.6,3.5
202603290603020902,2, 93, 99,1.4,1.8
202603290603020905,5, 81,100,1.4,1.7
202603290603020901,1, 77, 95,10.4,13.5
202603290603020904,4, 88, 94,4.4,5.9
202603290603020907,7, 79, 98,2.5,3.3
202603290603020906,6, 83,100,4.0,5.3
202603290603020805,5, 90, 99,1.2,1.5
202603290603020806,6, 82, 91,9.7,17.1
202603290603020808,8, 75, 84,3.1,5.2
202603290603020811,11, 76, 85,15.6,27.8
202603290603020803,3, 88, 97,1.3,1.9
202603290603020812,12, 83, 92,3.5,5.9
202603290603020809,9, 82, 91,4.5,7.8
202603290603020804,4, 86, 95,1.7,2.7
202603290603020801,1, 82, 91,12.7,22.4
202603290603020816,16, 87, 96,1.4,2.2
202603290603020810,10, 80, 89,9.3,16.3
202603290603020814,14, 81, 90,42.5,75.9
202603290603020813,13, 80, 90,3.9,6.6
202603290603020802,2, 75, 84,19.8,35.3
202603290603020815,15, 85, 94,6.3,11.0
202603290603020807,7, 76, 85,25.8,45.9
202603290603020712,12, 88, 97,1.6,2.2
202603290603020713,13, 77, 93,1.8,2.5
202603290603020709,9, 93,102,1.3,1.7
202603290603020706,6, 77, 86,6.4,9.8
202603290603020703,3,,,15.2,23.7
202603290603020714,14, 75, 85,29.2,45.9
202603290603020705,5, 89, 98,2.0,2.8
202603290603020710,10, 72, 81,4.1,6.1
202603290603020704,4, 75, 84,2.9,4.3
202603290603020707,7, 80, 89,5.6,8.6
202603290603020701,1, 77, 86,7.7,11.9
202603290603020711,11, 78, 88,18.0,28.3
202603290603020715,15, 71, 81,23.2,36.4
202603290603020708,8, 54, 63,34.9,54.8
202603290603020702,2, 81, 90,1.6,2.3
202603290603020607,7, 90, 95,1.1,1.9
202603290603020611,11, 82, 97,1.3,2.6
202603290603020602,2, 99,104,1.1,1.1
202603290603020613,13, 63, 68,11.9,29.0
202603290603020601,1, 87, 92,3.3,7.6
202603290603020609,9, 83, 88,3.4,7.7
202603290603020610,10, 85, 90,2.1,4.6
202603290603020604,4, 85,100,3.8,8.8
202603290603020606,6, 71, 76,4.4,10.3
202603290603020608,8, 86,100,4.7,11.0
202603290603020603,3,,,19.1,46.8
202603290603020612,12, 80, 85,17.5,42.9
202603290603020605,5, 88, 93,4.3,9.9
202603290603020502,2, 81,100,2.0,2.8
202603290603020510,10, 80, 99,1.5,2.0
202603290603020503,3, 71, 90,1.8,2.5
202603290603020501,1, 79, 98,2.3,3.4
202603290603020508,8, 72, 91,6.3,9.6
202603290603020511,11, 78, 97,1.7,2.4
202603290603020509,9, 60, 79,27.5,42.8
202603290603020506,6, 75, 94,2.5,3.6
202603290603020513,13, 81,100,1.4,1.8
202603290603020505,5,  7, 24,35.9,55.7
202603290603020507,7, 53, 72,32.3,50.1
202603290603020504,4, 72, 89,20.5,31.7
202603290603020512,12, 72, 91,8.9,13.6
202603290603020412,12, 81, 99,1.3,1.8
202603290603020413,13, 72, 91,2.2,3.5
202603290603020415,15, 76, 94,2.0,3.1
202603290603020408,8, 76, 94,1.7,2.5
202603290603020406,6,,,10.6,17.8
202603290603020404,4,,,3.5,5.7
202603290603020410,10,,,15.9,26.8
202603290603020405,5, 79, 96,1.7,2.5
202603290603020416,16, 66, 81,27.7,47.0
202603290603020402,2, 76, 95,1.3,1.7
202603290603020414,14, 73, 78,21.4,36.3
202603290603020411,11,,,7.1,11.8
202603290603020409,9, 66, 83,41.0,69.7
202603290603020401,1,,,20.4,34.5
202603290603020403,3, 36, 54,41.2,70.0
202603290603020407,7, 47, 65,48.0,81.6
202603290603020314,14, 77, 95,1.1,1.1
202603290603020305,5, 74, 92,1.2,2.5
202603290603020301,1, 71, 88,1.8,5.1
202603290603020308,8,,,1.5,4.0
202603290603020310,10, 64, 80,4.7,15.5
202603290603020302,2, 55, 73,20.4,71.7
202603290603020315,15, 55, 73,13.3,46.4
202603290603020312,12, 58, 76,23.6,83.3
202603290603020307,7, 54, 69,35.6,126.2
202603290603020313,13,,,5.0,16.7
202603290603020311,11, 57, 76,13.0,45.3
202603290603020304,4,,,13.5,47.0
202603290603020303,3, 61, 79,4.6,15.4
202603290603020306,6, 60, 78,1.9,5.4
202603290603020309,9, 11, 30,6.7,22.8
202603290603020203,3, 48, 63,40.1,72.7
202603290603020205,5, 57, 73,2.3,3.9
202603290603020215,15, 80, 95,1.2,1.6
202603290603020204,4, 80, 95,1.3,1.7
202603290603020216,16, 80, 95,1.6,2.4
202603290603020209,9, 74, 89,2.7,4.6
202603290603020202,2, 63, 78,3.3,5.6
202603290603020201,1, 77, 91,2.0,3.2
202603290603020206,6,,,10.7,19.1
202603290603020208,8,,,25.8,46.7
202603290603020212,12, 64, 78,15.0,26.9
202603290603020214,14, 49, 66,20.5,37.0
202603290603020210,10, 65, 80,41.9,76.0
202603290603020211,11,,,17.8,32.0
202603290603020207,7, 58, 75,2.8,4.8
202603290603020213,13, 23, 38,58.1,105.5
202603290603020108,8, 75, 93,1.6,3.4
202603290603020101,1, 82,100,1.1,1.1
202603290603020106,6, 51, 69,6.1,14.9
202603290603020109,9, 71, 89,1.9,4.0
202603290603020103,3, 68, 86,2.5,5.6
202603290603020116,16, 59, 77,3.6,8.6
202603290603020111,11,,,6.9,16.7
202603290603020107,7, 72, 90,1.7,3.5
202603290603020113,13, 61, 75,102.7,261.4
202603290603020114,14, 45, 64,20.0,50.4
202603290603020104,4, 48, 66,67.2,170.7
202603290603020105,5, 76, 94,1.5,3.0
202603290603020112,12, 64, 82,57.6,146.5
202603290603020110,10, 47, 63,37.6,95.4
202603290603020115,15, 33, 51,55.0,139.8
202603290603020102,2,,,46.6,118.4
202603290701061211,11, 97,107,1.1,1.2
202603290701061214,14, 95, 95,2.9,5.5
202603290701061206,6, 93, 93,2.8,5.4
202603290701061202,2, 94, 94,1.4,2.1
202603290701061205,5, 92, 92,2.3,4.2
202603290701061208,8,,,29.0,59.6
202603290701061203,3, 92,102,5.6,11.2
202603290701061209,9, 85, 85,18.6,38.2
202603290701061216,16, 92, 92,3.4,6.6
202603290701061210,10, 88, 88,9.6,19.4
202603290701061204,4, 92,102,1.7,3.1
202603290701061215,15, 94, 94,10.5,21.2
202603290701061207,7, 78, 78,20.8,42.7
202603290701061212,12, 82, 82,20.9,42.9
202603290701061201,1,,,4.4,8.7
202603290701061213,13, 75, 75,3.2,6.2
202603290701061109,9,,,1.4,1.9
202603290701061106,6,111, 96,8.9,14.8
202603290701061108,8,,,4.2,6.8
202603290701061101,1,,,1.9,2.8
202603290701061114,14,109, 99,4.3,7.0
202603290701061113,13,113, 97,1.3,1.6
202603290701061104,4,102, 92,11.0,18.4
202603290701061103,3,106, 96,3.5,5.6
202603290701061110,10,108, 98,2.1,3.1
202603290701061117,17,109, 99,6.8,11.2
202603290701061102,2,105, 95,6.5,10.7
202603290701061107,7,107, 97,9.5,15.8
202603290701061112,12, 96, 86,23.0,38.4
202603290701061105,5,108, 98,6.2,10.2
202603290701061115,15, 99, 89,6.3,10.3
202603290701061111,11,107, 95,8.9,14.8
202603290701061118,18,103, 87,3.7,5.9
202603290701061116,16,105, 95,22.0,36.7
202603290701061008,8,106, 99,1.1,1.2
202603290701061014,14, 98, 98,1.8,3.0
202603290701061013,13, 98, 90,2.5,4.2
202603290701061004,4,103, 96,1.9,3.2
202603290701061010,10,101, 94,1.7,2.7
202603290701061015,15, 98, 91,2.5,4.2
202603290701061009,9,,,13.6,25.3
202603290701061002,2, 90, 83,20.8,39.1
202603290701061006,6, 98, 91,23.6,44.4
202603290701061012,12,103, 96,2.9,5.1
202603290701061011,11, 98, 91,14.9,27.8
202603290701061007,7, 97, 90,4.5,8.1
202603290701061003,3, 89, 82,27.7,52.2
202603290701061001,1, 95, 88,5.9,10.8
202603290701061005,5, 99, 92,7.0,13.0
202603290701060906,6, 90, 98,1.4,1.8
202603290701060902,2, 86, 95,1.9,2.9
202603290701060911,11, 69, 78,2.3,3.4
202603290701060904,4, 90, 98,3.5,5.5
202603290701060910,10, 87, 96,1.4,1.9
202603290701060913,13, 92,100,1.9,2.8
202603290701060908,8, 83, 91,3.3,5.1
202603290701060915,15, 88, 96,9.1,14.6
202603290701060901,1, 82, 91,20.0,32.7
202603290701060907,7, 79, 88,48.7,79.9
202603290701060905,5, 89, 97,2.4,3.7
202603290701060903,3, 84, 93,16.1,26.3
202603290701060914,14, 88, 96,3.8,6.0
202603290701060909,9, 81, 90,72.0,118.3
202603290701060912,12, 81, 90,75.5,124.0
202603290701060916,16, 88, 96,,
202603290701060807,7, 82, 66,2.5,3.4
202603290701060803,3, 88, 81,3.7,5.2
202603290701060804,4, 79, 85,12.4,17.1
202603290701060801,1, 82,101,1.7,2.3
202603290701060806,6, 88, 78,5.1,7.2
202603290701060805,5, 84,101,1.8,2.5
202603290701060802,2, 80, 99,1.3,1.6
202603290701060712,12, 76, 85,1.6,2.3
202603290701060704,4, 80, 89,1.8,2.5
202603290701060703,3, 89, 99,1.3,1.6
202603290701060702,2, 82, 91,1.7,2.3
202603290701060705,5, 83, 92,1.7,2.4
202603290701060707,7, 63, 72,4.7,7.2
202603290701060708,8,,,16.0,24.9
202603290701060701,1, 73, 82,3.8,5.8
202603290701060709,9, 78, 87,11.4,17.6
202603290701060706,6, 73, 82,10.9,16.9
202603290701060710,10, 74, 84,73.9,114.7
202603290701060711,11, 76, 86,6.8,10.4
202603290701060713,13, 67, 76,3.5,5.2
202603290701060605,5, 88, 96,2.2,3.4
202603290701060603,3, 76, 95,4.7,7.6
202603290701060608,8, 84, 92,1.6,2.3
202603290701060604,4, 89, 97,1.3,1.6
202603290701060607,7, 85, 93,5.4,8.8
202603290701060610,10, 88, 96,1.4,2.0
202603290701060601,1, 88, 96,1.9,2.8
202603290701060606,6, 87, 96,2.3,3.5
202603290701060602,2, 76, 84,83.4,139.1
202603290701060611,11, 87, 95,3.5,5.5
202603290701060613,13,,,48.9,81.5
202603290701060612,12, 89, 97,6.4,10.4
202603290701060609,9, 85, 94,26.0,43.4
202603290701060507,7,,,1.1,1.4
202603290701060509,9, 75, 94,1.3,1.8
202603290701060501,1, 69, 84,1.7,2.8
202603290701060510,10, 70, 87,6.4,11.7
202603290701060515,15, 79, 98,2.1,3.6
202603290701060506,6, 69, 88,21.9,41.0
202603290701060505,5, 74, 93,2.6,4.6
202603290701060514,14, 73, 91,16.3,30.6
202603290701060512,12, 79, 96,1.6,2.5
202603290701060503,3, 58, 77,32.6,61.4
202603290701060508,8,,,5.6,10.2
202603290701060511,11, 58, 77,9.5,17.5
202603290701060502,2, 52, 71,6.0,10.9
202603290701060513,13, 70, 89,14.2,26.5
202603290701060504,4, 48, 66,58.5,110.1
202603290701060516,16, 71, 87,25.3,47.6
202603290701060402,2, 85,100,1.4,1.9
202603290701060412,12, 80, 96,1.3,1.7
202603290701060410,10, 79, 95,1.6,2.4
202603290701060407,7, 79, 93,5.7,9.3
202603290701060405,5, 66, 83,4.2,6.7
202603290701060404,4, 67, 81,7.4,12.2
202603290701060403,3, 41, 56,74.4,125.4
202603290701060411,11, 84, 99,4.0,6.4
202603290701060415,15,,,1.6,2.4
202603290701060413,13, 76, 91,12.1,20.2
202603290701060409,9, 59, 73,35.5,59.8
202603290701060401,1, 67, 82,48.7,82.0
202603290701060418,18,,,19.5,32.6
202603290701060408,8, 59, 75,8.4,13.8
202603290701060416,16, 83, 98,2.0,3.1
202603290701060417,17, 51, 66,46.9,79.0
202603290701060414,14, 78, 93,13.5,22.4
202603290701060406,6, 86,101,,
202603290701060307,7, 85,100,1.1,1.1
202603290701060312,12, 80, 95,2.1,10.5
202603290701060313,13,,,4.6,25.9
202603290701060302,2, 80, 95,1.2,4.4
202603290701060303,3, 72, 88,3.9,21.6
202603290701060311,11, 73, 88,2.6,13.9
202603290701060305,5, 69, 84,7.9,46.8
202603290701060314,14, 36, 53,24.3,149.5
202603290701060304,4, 59, 75,8.7,51.7
202603290701060310,10, 62, 77,20.9,127.8
202603290701060315,15,,,1.9,9.5
202603290701060309,9, 68, 83,9.3,55.5
202603290701060306,6, 49, 66,34.4,212.4
202603290701060308,8, 75, 90,1.6,7.5
202603290701060301,1,,,24.2,148.8
202603290701060201,1, 70, 89,6.1,16.2
202603290701060212,12, 69, 87,2.8,7.1
202603290701060210,10, 85,103,1.1,1.1
202603290701060208,8, 79, 97,1.1,1.6
202603290701060213,13, 79, 97,1.4,3.2
202603290701060214,14, 76, 94,2.6,6.4
202603290701060207,7, 68, 86,3.5,9.1
202603290701060206,6,,,5.7,15.3
202603290701060209,9, 69, 87,9.2,25.0
202603290701060202,2, 61, 80,10.1,27.6
202603290701060204,4, 67, 85,2.0,4.7
202603290701060203,3, 68, 83,7.9,21.4
202603290701060205,5, 48, 66,30.8,85.5
202603290701060211,11, 37, 55,27.6,76.5
202603290701060112,12, 85,101,1.1,1.1
202603290701060113,13, 80, 96,1.4,2.8
202603290701060116,16, 77, 92,1.6,3.3
202603290701060101,1, 67, 84,5.9,14.1
202603290701060108,8, 83, 99,1.8,3.8
202603290701060106,6,,,1.1,1.9
202603290701060102,2, 75, 90,7.3,17.7
202603290701060103,3, 67, 83,30.5,76.7
202603290701060105,5,,,12.8,31.6
202603290701060109,9, 75, 90,9.9,24.4
202603290701060114,14, 56, 74,61.5,154.9
202603290701060110,10, 70, 85,8.0,19.6
202603290701060115,15,,,8.4,20.7
202603290701060107,7, 75, 90,18.4,46.0
202603290701060104,4, 68, 84,29.0,72.8
202603290701060111,11,,,13.1,32.6
202603290902021210,10, 86, 86,1.7,2.4
202603290902021216,16, 94, 94,3.2,4.9
202603290902021209,9, 93, 93,11.7,18.9
202603290902021205,5, 98, 98,1.2,1.5
202603290902021213,13, 90, 90,3.0,4.6
202603290902021208,8, 92, 92,2.2,3.3
202603290902021212,12,,,3.7,5.7
202603290902021202,2, 87, 87,9.7,15.6
202603290902021204,4, 95, 95,2.1,3.1
202603290902021211,11, 88, 88,15.9,25.8
202603290902021206,6, 86, 86,9.3,15.0
202603290902021214,14, 87, 87,45.7,74.3
202603290902021201,1,,,22.2,36.1
202603290902021215,15, 97, 97,1.7,2.4
202603290902021207,7, 81, 81,6.1,9.7
202603290902021203,3, 79, 79,66.2,107.7
202603290902021106,6,110,102,1.2,1.5
202603290902021107,7,102, 90,2.3,3.7
202603290902021101,1,101, 89,5.8,9.6
202603290902021103,3,106, 94,2.7,4.3
202603290902021105,5,109, 97,1.7,2.5
202603290902021112,12,101, 89,2.9,4.7
202603290902021102,2, 94, 78,3.4,5.5
202603290902021113,13,100, 88,6.0,10.1
202603290902021111,11,103, 91,13.0,21.7
202603290902021110,10,102, 90,7.5,12.5
202603290902021108,8,110, 90,3.3,5.3
202603290902021104,4,103, 93,5.2,8.6
202603290902021109,9,108, 96,1.4,1.8
202603290902021004,4,101, 93,3.6,5.6
202603290902021002,2,104,104,1.3,1.7
202603290902021001,1,112, 90,1.3,1.7
202603290902021010,10,104, 96,4.1,6.5
202603290902021011,11,101,101,1.8,2.7
202603290902021007,7, 99, 91,4.9,7.8
202603290902021006,6, 91, 83,19.9,32.0
202603290902021005,5,100, 92,7.7,12.3
202603290902021009,9, 98, 90,6.6,10.6
202603290902021003,3,104, 96,1.5,2.2
202603290902021008,8,108,100,1.7,2.4
202603290902020914,14, 82, 92,2.0,2.8
202603290902020915,15, 78, 87,4.2,6.2
202603290902020907,7, 85, 93,3.1,4.5
202603290902020902,2, 81, 90,1.6,2.2
202603290902020904,4, 69, 79,14.0,21.4
202603290902020901,1, 88, 97,1.4,1.8
202603290902020911,11, 87, 96,1.7,2.4
202603290902020903,3, 75, 84,15.3,23.5
202603290902020912,12, 81, 89,14.7,22.5
202603290902020906,6, 74, 83,9.9,15.0
202603290902020909,9, 82, 92,3.0,4.4
202603290902020910,10, 80, 88,5.4,8.0
202603290902020908,8, 69, 88,2.1,3.0
202603290902020905,5, 75, 83,24.1,36.9
202603290902020913,13,,,35.7,54.6
202603290902020804,4, 90, 90,6.1,21.3
202603290902020805,5, 97, 97,1.1,1.1
202603290902020807,7, 93, 93,1.8,5.8
202603290902020803,3, 92, 92,2.6,8.7
202603290902020806,6, 96, 96,1.7,5.4
202603290902020802,2, 94, 94,3.1,10.3
202603290902020801,1, 59, 59,8.5,30.1
202603290902020702,2, 89, 97,1.7,2.6
202603290902020714,14, 80, 90,2.6,4.1
202603290902020701,1, 94, 93,1.5,2.1
202603290902020706,6, 82, 91,7.0,11.4
202603290902020708,8, 81, 90,4.6,7.4
202603290902020703,3, 86, 95,1.6,2.4
202603290902020710,10, 87, 95,4.3,6.8
202603290902020709,9, 90, 99,1.3,1.6
202603290902020712,12, 86, 95,12.5,20.5
202603290902020707,7, 84, 92,10.2,16.7
202603290902020713,13, 87, 96,3.1,4.9
202603290902020711,11, 83, 92,17.5,28.7
202603290902020704,4, 86, 95,3.5,5.5
202603290902020705,5, 74, 82,59.1,97.0
202603290902020601,1, 90, 95,1.8,2.8
202603290902020608,8, 82, 97,1.2,1.7
202603290902020607,7, 93,105,1.3,1.9
202603290902020610,10, 93, 98,1.2,1.6
202603290902020604,4, 89, 94,4.8,8.2
202603290902020605,5, 80, 86,1.9,3.0
202603290902020609,9, 81, 86,2.8,4.7
202603290902020603,3, 81, 86,5.2,8.9
202603290902020606,6,,,26.0,44.9
202603290902020602,2,,,15.7,27.0
202603290902020505,5, 79, 98,1.1,2.1
202603290902020511,11, 80, 97,1.3,3.7
202603290902020507,7, 78, 96,1.1,1.1
202603290902020501,1, 74, 93,2.1,7.1
202603290902020504,4, 59, 77,9.1,35.0
202603290902020502,2, 69, 88,2.9,10.3
202603290902020503,3,,,5.7,21.3
202603290902020510,10,,,6.0,22.5
202603290902020506,6,,,3.1,11.1
202603290902020512,12, 64, 83,13.9,54.1
202603290902020508,8, 61, 79,23.6,92.4
202603290902020509,9,,,2.5,8.6
202603290902020402,2,,,3.2,5.6
202603290902020408,8,,,1.1,1.4
202603290902020409,9,,,1.9,3.2
202603290902020414,14,100, 90,1.3,1.8
202603290902020413,13,,,8.9,16.3
202603290902020401,1, 78, 78,5.6,10.1
202603290902020406,6,,,1.7,2.7
202603290902020403,3, 81, 81,2.4,4.2
202603290902020407,7,,,8.1,14.9
202603290902020412,12,,,7.7,14.2
202603290902020411,11,,,2.1,3.5
202603290902020410,10, 81, 91,13.7,25.4
202603290902020405,5,,,27.5,51.3
202603290902020404,4, 54, 64,24.7,46.0
202603290902020314,14, 76, 92,2.5,3.5
202603290902020313,13, 75, 91,2.0,2.9
202603290902020303,3, 78, 94,1.6,2.0
202603290902020315,15, 49, 67,23.8,35.7
202603290902020304,4, 70, 88,1.9,2.7
202603290902020310,10, 65, 80,8.2,12.1
202603290902020306,6, 67, 84,19.8,29.7
202603290902020312,12, 74, 89,50.7,76.1
202603290902020309,9, 67, 82,4.2,6.1
202603290902020308,8, 56, 74,3.2,4.6
202603290902020305,5, 57, 72,2.4,3.4
202603290902020316,16, 68, 84,21.6,32.4
202603290902020311,11, 83, 99,1.6,2.0
202603290902020301,1, 58, 76,6.0,8.9
202603290902020307,7, 83, 88,6.6,9.7
202603290902020302,2, 77, 93,7.8,11.6
202603290902020203,3, 82,100,1.0,1.1
202603290902020206,6, 74, 93,1.1,4.1
202603290902020204,4, 61, 79,4.0,28.7
202603290902020205,5, 56, 75,2.2,13.8
202603290902020208,8, 71, 89,1.4,7.8
202603290902020201,1, 72, 90,1.9,11.7
202603290902020202,2, 54, 73,1.6,9.6
202603290902020209,9, 44, 62,8.1,60.2
202603290902020207,7, 48, 67,10.9,82.7
202603290902020101,1,,,2.5,4.2
202603290902020102,2, 75, 93,3.3,5.9
202603290902020105,5, 76, 95,1.3,1.8
202603290902020110,10, 72, 87,4.2,7.6
202603290902020113,13, 73, 91,2.3,3.9
202603290902020114,14, 66, 83,2.3,3.8
202603290902020104,4, 69, 86,12.0,22.3
202603290902020112,12,,,1.6,2.6
202603290902020103,3, 74, 92,1.1,1.4
202603290902020111,11, 70, 86,4.4,7.9
202603290902020107,7, 48, 63,27.0,50.5
202603290902020109,9,,,23.0,43.1
202603290902020106,6, 74, 91,6.0,10.8
202603290902020108,8, 57, 72,58.2,109.2
202603280603011204,4, 99, 99,1.3,1.8
202603280603011209,9, 95, 95,2.8,4.7
202603280603011216,16, 96, 96,1.7,2.7
202603280603011214,14, 95,104,2.2,3.5
202603280603011213,13, 88, 88,24.6,43.7
202603280603011201,1, 92, 92,2.4,3.9
202603280603011206,6, 91,100,8.0,14.0
202603280603011212,12, 85, 85,8.3,14.5
202603280603011202,2, 91, 91,6.4,11.2
202603280603011211,11, 85, 85,14.7,25.9
202603280603011215,15, 85, 85,5.2,8.9
202603280603011208,8,,,11.8,20.8
202603280603011207,7, 74, 74,2.8,4.7
202603280603011203,3, 75, 75,15.9,28.1
202603280603011210,10, 86, 86,18.3,32.4
202603280603011205,5,101,110,1.2,1.5
202603280603011115,15,110,102,2.1,3.2
202603280603011101,1,110,102,1.4,2.0
202603280603011114,14,,,1.8,2.6
202603280603011104,4,117, 95,6.1,10.0
202603280603011110,10,109, 87,2.5,3.9
202603280603011109,9,113, 91,5.7,9.2
202603280603011107,7,122, 96,1.3,1.6
202603280603011112,12,107, 85,5.0,8.1
202603280603011102,2, 96, 74,10.9,17.9
202603280603011105,5,107, 99,2.8,4.4
202603280603011106,6,113, 91,5.8,9.4
202603280603011113,13,118,101,7.0,11.5
202603280603011108,8,106, 84,48.2,79.4
202603280603011111,11,110, 84,5.3,8.6
202603280603011103,3, 96, 79,7.2,11.9
202603280603011005,5,100,106,1.1,1.2
202603280603011001,1,100,106,1.8,3.6
202603280603011008,8,109,115,1.1,1.5
202603280603011010,10, 95, 92,2.0,4.1
202603280603011003,3,105,110,3.4,7.5
202603280603011004,4, 96,102,8.3,19.3
202603280603011006,6, 80, 98,7.4,17.3
202603280603011002,2, 98,103,1.4,2.7
202603280603011009,9, 99, 96,2.7,5.8
202603280603011007,7, 89, 95,7.6,17.7
202603280603010902,2,104,100,1.8,2.9
202603280603010907,7,101, 97,1.3,1.6
202603280603010901,1, 99, 99,2.4,4.0
202603280603010905,5, 99, 99,3.3,5.6
202603280603010904,4, 98, 98,1.8,2.9
202603280603010915,15,103,103,1.3,1.6
202603280603010903,3, 90, 86,9.7,17.4
202603280603010911,11, 64, 60,21.5,38.8
202603280603010914,14, 94, 90,3.7,6.3
202603280603010910,10, 94, 90,15.2,27.4
202603280603010912,12, 84, 80,26.4,47.8
202603280603010906,6, 93, 89,10.5,18.9
202603280603010913,13, 93, 89,27.6,49.9
202603280603010908,8, 96, 91,4.9,8.5
202603280603010909,9, 93, 89,6.3,11.2
202603280603010916,16, 88, 84,4.5,7.9
202603280603010805,5, 94,102,1.7,2.9
202603280603010803,3, 90, 90,2.2,4.1
202603280603010812,12,103,103,1.2,1.6
202603280603010811,11, 95, 95,3.2,6.2
202603280603010806,6, 91,100,1.1,1.3
202603280603010802,2, 93, 93,2.3,4.2
202603280603010807,7, 91, 91,6.5,13.0
202603280603010809,9,100,100,4.7,9.3
202603280603010810,10, 92, 92,4.2,8.2
202603280603010804,4, 87, 87,2.9,5.5
202603280603010808,8, 89, 89,6.1,12.2
202603280603010801,1, 85, 85,7.2,14.3
202603280603010710,10, 92,102,1.1,1.6
202603280603010709,9, 88, 97,1.2,1.6
202603280603010701,1, 82, 91,1.2,1.9
202603280603010706,6, 84, 92,2.0,3.3
202603280603010712,12, 72, 81,4.1,7.3
202603280603010705,5, 44, 53,3.1,5.3
202603280603010711,11, 24, 33,5.3,9.4
202603280603010704,4, 70, 79,40.7,74.2
202603280603010702,2, 77, 86,4.0,7.0
202603280603010703,3, 67, 76,47.3,86.2
202603280603010707,7, 84, 93,10.0,18.2
202603280603010708,8, 76, 84,4.0,7.1
202603280603010713,13,,,5.8,10.4
202603280603010607,7, 88, 93,1.1,2.1
202603280603010609,9, 84, 79,1.1,1.2
202603280603010610,10, 85,102,1.1,1.6
202603280603010602,2, 86, 91,1.9,3.9
202603280603010608,8, 86, 80,1.6,3.1
202603280603010601,1, 82, 87,7.7,18.3
202603280603010606,6, 70, 87,4.8,11.2
202603280603010604,4, 76, 81,21.6,53.0
202603280603010611,11, 54, 72,21.6,53.0
202603280603010603,3, 73, 78,42.6,104.7
202603280603010605,5, 10, 28,10.6,25.6
202603280603010510,10, 80, 97,1.1,1.4
202603280603010509,9, 78, 93,1.9,3.2
202603280603010505,5, 74, 89,1.2,1.6
202603280603010502,2,,,2.3,4.1
202603280603010506,6, 58, 75,4.1,7.7
202603280603010508,8,,,30.8,61.6
202603280603010513,13, 69, 86,2.3,4.1
202603280603010511,11, 79, 94,6.6,12.9
202603280603010516,16, 68, 85,2.5,4.6
202603280603010503,3, 52, 67,25.7,51.3
202603280603010515,15, 42, 59,59.8,119.8
202603280603010501,1, 60, 77,4.1,7.8
202603280603010514,14,,,2.5,4.5
202603280603010504,4,,,29.4,58.7
202603280603010512,12,,,44.5,89.1
202603280603010507,7, 52, 67,18.8,37.4
202603280603010404,4, 65, 83,2.7,12.6
202603280603010409,9, 74, 91,1.6,6.3
202603280603010412,12, 80, 98,1.1,1.1
202603280603010411,11, 58, 75,2.4,11.2
202603280603010414,14, 66, 81,7.4,39.4
202603280603010406,6, 64, 82,2.4,11.1
202603280603010402,2, 70, 87,2.8,13.2
202603280603010416,16, 62, 81,4.9,25.2
202603280603010405,5, 68, 86,2.7,12.7
202603280603010407,7,,,5.2,27.2
202603280603010415,15, 65, 80,8.4,44.9
202603280603010408,8, 37, 56,10.5,56.5
202603280603010413,13, 52, 71,3.6,17.7
202603280603010410,10, 62, 77,17.8,97.5
202603280603010403,3,,,18.8,103.2
202603280603010401,1,,,11.0,59.4
202603280603010302,2, 82, 97,1.6,3.8
202603280603010308,8, 84, 99,1.1,1.1
202603280603010305,5, 79, 96,1.2,2.4
202603280603010303,3, 73, 88,3.8,10.8
202603280603010311,11, 67, 84,7.2,21.2
202603280603010309,9, 55, 72,13.2,39.9
202603280603010310,10, 57, 73,29.6,90.6
202603280603010306,6, 67, 83,6.3,18.6
202603280603010312,12, 72, 87,2.4,6.6
202603280603010301,1, 75, 90,23.9,72.9
202603280603010316,16, 77, 92,1.5,3.8
202603280603010313,13, 58, 73,78.2,241.1
202603280603010307,7, 52, 67,26.2,80.1
202603280603010314,14, 55, 71,2.4,6.4
202603280603010304,4,, 15,73.8,227.5
202603280603010315,15, 37, 52,66.2,204.0
202603280603010213,13, 80, 98,1.2,1.7
202603280603010211,11, 74, 91,1.9,3.0
202603280603010215,15, 75, 92,1.2,1.9
202603280603010206,6, 51, 70,7.9,14.0
202603280603010203,3, 75, 93,3.9,6.6
202603280603010208,8, 54, 71,9.7,17.3
202603280603010207,7, 83,101,1.2,1.7
202603280603010201,1, 65, 80,30.7,55.3
202603280603010212,12, 68, 86,2.7,4.4
202603280603010216,16, 56, 75,9.4,16.6
202603280603010204,4, 52, 70,44.9,80.9
202603280603010202,2, 72, 90,2.9,4.9
202603280603010214,14, 56, 74,42.1,75.9
202603280603010205,5, 42, 60,80.9,145.9
202603280603010210,10, 57, 75,36.7,66.0
202603280603010209,9, 59, 75,12.4,22.1
202603280603010109,9, 85,100,1.2,4.2
202603280603010107,7, 82, 97,1.0,1.1
202603280603010106,6, 89, 94,2.3,13.2
202603280603010114,14, 77, 92,2.0,11.5
202603280603010110,10, 76, 90,2.7,16.2
202603280603010111,11, 74, 89,1.8,9.9
202603280603010103,3, 78, 93,1.6,8.4
202603280603010101,1, 61, 79,7.5,50.0
202603280603010104,4, 23, 41,61.8,430.8
202603280603010115,15,,,30.7,212.7
202603280603010112,12, 33, 47,11.6,78.9
202603280603010105,5,,,18.2,124.9
202603280603010116,16,,,21.0,144.4
202603280603010102,2,, 10,43.8,304.5
202603280603010108,8,,,51.7,360.2
202603280603010113,13,,,21.6,148.6
202603280701051211,11, 92,100,1.5,1.9
202603280701051207,7, 98,103,2.2,3.1
202603280701051212,12, 96, 96,4.9,7.4
202603280701051208,8, 97, 97,3.5,5.2
202603280701051202,2, 98, 98,1.5,1.9
202603280701051214,14, 94, 94,1.7,2.4
202603280701051203,3, 95, 95,2.4,3.5
202603280701051201,1, 90, 99,3.7,5.5
202603280701051206,6, 90, 90,8.0,12.3
202603280701051205,5, 92, 92,30.3,47.1
202603280701051210,10, 76, 76,8.6,13.3
202603280701051216,16, 93, 93,7.6,11.7
202603280701051209,9, 94, 94,8.1,12.5
202603280701051213,13, 93, 93,18.5,28.9
202603280701051215,15, 79, 79,25.3,39.5
202603280701051204,4, 95, 95,4.1,6.2
202603280701051102,2,109,101,1.6,2.0
202603280701051112,12,102, 96,2.7,3.7
202603280701051114,14, 95, 87,8.4,11.9
202603280701051115,15, 99, 91,13.0,18.4
202603280701051101,1,106, 98,2.2,3.0
202603280701051106,6, 97, 97,2.3,3.0
202603280701051103,3, 99, 91,5.0,6.9
202603280701051108,8,104, 96,2.3,3.1
202603280701051113,13, 99, 91,10.9,15.5
202603280701051109,9, 99, 93,9.4,13.3
202603280701051105,5, 84, 79,14.4,20.5
202603280701051111,11,101, 93,9.6,13.6
202603280701051110,10,100,100,1.8,2.2
202603280701051116,16, 97, 97,6.7,9.4
202603280701051104,4,102, 94,4.1,5.7
202603280701051107,7, 98, 98,3.5,4.8
202603280701051008,8, 92, 92,3.5,5.9
202603280701051011,11, 97,105,1.1,1.4
202603280701051007,7, 94, 94,1.5,2.3
202603280701051003,3, 94, 94,2.1,3.5
202603280701051006,6, 86, 86,10.1,17.9
202603280701051001,1, 86, 86,5.7,9.9
202603280701051010,10, 93,101,1.4,2.1
202603280701051009,9,100,100,1.7,2.7
202603280701051004,4, 93, 93,10.2,18.1
202603280701051005,5, 76, 76,2.6,4.4
202603280701051012,12, 91, 91,12.0,21.3
202603280701051002,2, 82, 82,33.6,59.8
202603280701050903,3, 93,102,3.5,5.1
202603280701050906,6, 89, 98,1.4,1.8
202603280701050907,7, 90, 99,1.4,2.0
202603280701050905,5, 87, 96,2.2,3.1
202603280701050908,8, 92,101,1.3,1.6
202603280701050909,9, 76, 85,7.8,11.3
202603280701050902,2, 88, 97,2.1,2.9
202603280701050904,4, 86, 95,2.9,4.3
202603280701050901,1,,,2.2,3.1
202603280701050809,9, 89, 97,5.6,8.4
202603280701050805,5, 91, 99,1.6,2.1
202603280701050808,8, 89, 97,1.7,2.3
202603280701050810,10, 87, 95,1.4,1.8
202603280701050804,4, 89, 97,1.7,2.3
202603280701050815,15, 89, 97,3.0,4.4
202603280701050806,6, 86, 94,5.7,8.5
202603280701050813,13, 84, 93,1.8,2.6
202603280701050812,12, 56, 64,4.0,5.8
202603280701050814,14, 85, 93,8.1,12.2
202603280701050811,11, 80, 88,35.5,54.3
202603280701050807,7, 83, 92,26.5,40.5
202603280701050803,3, 77, 85,24.1,36.9
202603280701050802,2, 68, 77,74.1,113.3
202603280701050801,1, 89, 97,,
202603280701050701,1, 90, 95,2.4,3.3
202603280701050704,4, 86, 94,5.0,7.1
202603280701050716,16, 82, 90,2.4,3.3
202603280701050708,8, 87, 95,2.1,2.9
202603280701050702,2, 81, 89,4.0,5.6
202603280701050709,9,,,5.3,7.5
202603280701050705,5, 89, 97,1.8,2.3
202603280701050706,6, 83, 92,11.2,16.1
202603280701050714,14, 89, 97,1.6,2.0
202603280701050711,11, 87, 95,3.5,4.8
202603280701050703,3, 81, 89,5.3,7.5
202603280701050707,7, 72, 80,22.2,31.9
202603280701050710,10, 87, 96,2.8,3.9
202603280701050712,12,,,81.6,117.0
202603280701050715,15, 88, 97,4.6,6.5
202603280701050713,13, 66, 75,,
202603280701050601,1, 87, 97,1.5,2.1
202603280701050613,13, 86, 96,4.2,6.4
202603280701050605,5, 90,100,1.3,1.8
202603280701050609,9,,,6.6,10.3
202603280701050603,3, 90,100,1.4,2.0
202603280701050616,16, 77, 87,3.8,5.8
202603280701050606,6,,,3.0,4.4
202603280701050614,14, 65, 74,10.8,16.9
202603280701050615,15, 82, 91,7.0,10.9
202603280701050611,11, 89, 99,3.4,5.1
202603280701050612,12, 82, 91,9.7,15.2
202603280701050608,8,,,30.3,47.9
202603280701050607,7, 71, 81,16.1,25.4
202603280701050610,10, 64, 74,4.1,6.3
202603280701050602,2, 71, 80,30.6,48.4
202603280701050604,4, 83, 93,2.4,3.6
202603280701050512,12, 76, 95,2.1,3.2
202603280701050508,8, 77, 96,1.3,1.6
202603280701050507,7, 71, 90,6.3,10.7
202603280701050503,3, 62, 81,3.0,4.8
202603280701050514,14, 80, 99,1.3,1.8
202603280701050509,9,,,7.1,12.1
202603280701050502,2, 66, 85,18.1,31.3
202603280701050501,1, 72, 91,3.9,6.4
202603280701050510,10, 74, 93,1.6,2.5
202603280701050506,6, 60, 78,6.0,10.1
202603280701050504,4, 67, 85,63.9,110.7
202603280701050511,11, 67, 86,2.6,4.2
202603280701050515,15, 60, 79,47.1,81.7
202603280701050513,13, 59, 76,10.2,17.5
202603280701050505,5, 66, 85,3.3,5.5
202603280701050409,9, 77, 95,1.6,4.5
202603280701050405,5, 90,108,1.1,1.1
202603280701050406,6, 77, 95,1.4,3.9
202603280701050407,7, 76, 94,2.4,7.8
202603280701050403,3, 70, 88,1.7,5.2
202603280701050412,12, 80, 98,1.9,5.8
202603280701050414,14, 64, 82,15.4,56.1
202603280701050404,4, 73, 90,7.1,25.3
202603280701050401,1, 74, 92,3.8,12.8
202603280701050410,10, 69, 84,22.0,80.8
202603280701050413,13, 62, 81,11.7,42.5
202603280701050411,11, 49, 67,66.6,246.6
202603280701050408,8,,,12.0,43.5
202603280701050402,2,  5, 23,21.1,77.4
202603280701050302,2, 82, 99,1.3,1.9
202603280701050301,1, 71, 90,8.2,13.4
202603280701050305,5, 81, 98,1.3,1.8
202603280701050309,9, 83,100,1.3,1.8
202603280701050311,11, 82, 98,2.2,3.4
202603280701050310,10,,,21.9,36.3
202603280701050313,13, 35, 50,4.8,7.7
202603280701050307,7, 77, 94,1.9,2.9
202603280701050308,8, 56, 71,33.9,56.0
202603280701050315,15,,,18.9,31.3
202603280701050316,16, 29, 46,19.7,32.5
202603280701050312,12, 71, 86,19.5,32.1
202603280701050314,14, 35, 52,34.7,57.4
202603280701050304,4, 35, 52,3.7,5.8
202603280701050303,3,,,3.7,5.9
202603280701050306,6,,,21.9,36.1
202603280701050213,13, 67, 83,17.2,26.3
202603280701050211,11, 63, 82,4.0,6.0
202603280701050203,3, 74, 92,1.7,2.4
202603280701050206,6, 77, 95,2.3,3.3
202603280701050207,7, 73, 90,1.5,1.9
202603280701050210,10, 67, 84,1.7,2.4
202603280701050209,9,,,1.9,2.6
202603280701050212,12, 69, 85,4.0,6.0
202603280701050205,5,,,25.0,38.3
202603280701050208,8, 67, 85,8.7,13.2
202603280701050204,4, 70, 88,1.5,2.0
202603280701050202,2, 42, 60,28.7,43.8
202603280701050201,1,,,18.4,28.1
202603280701050106,6, 74, 91,3.3,14.8
202603280701050102,2, 91,107,1.1,1.1
202603280701050115,15, 75, 91,4.7,22.4
202603280701050107,7, 79, 95,1.8,7.1
202603280701050108,8, 75, 91,2.0,8.4
202603280701050110,10, 75, 91,1.9,7.7
202603280701050109,9,,,17.6,88.6
202603280701050104,4, 73, 90,4.8,22.4
202603280701050116,16, 71, 86,43.4,221.4
202603280701050103,3, 82, 97,2.3,9.6
202603280701050114,14, 31, 48,45.6,232.2
202603280701050111,11, 52, 70,13.1,65.4
202603280701050112,12, 73, 90,1.9,7.9
202603280701050105,5,,,13.2,66.1
202603280701050101,1,,,39.7,202.1
202603280701050113,13,,  2,70.3,359.1
202603280902011212,12, 96,105,1.2,1.4
202603280902011204,4, 83, 83,2.4,3.7
202603280902011201,1, 93,102,1.7,2.5
202603280902011214,14, 81, 81,2.0,3.1
202603280902011210,10, 92,101,2.3,3.7
202603280902011213,13, 87, 87,23.2,39.6
202603280902011208,8, 88, 88,17.0,29.0
202603280902011211,11, 97, 97,2.0,3.1
202603280902011209,9, 88, 88,24.3,41.5
202603280902011207,7, 95,104,3.1,4.9
202603280902011206,6, 91, 91,2.6,4.1
202603280902011202,2, 86, 86,11.8,20.0
202603280902011203,3, 93, 93,4.9,8.2
202603280902011205,5, 88, 88,39.3,67.2
202603280902011104,4, 98, 92,1.2,1.5
202603280902011103,3, 95, 89,2.2,3.1
202603280902011102,2, 92, 98,1.4,1.9
202603280902011106,6, 92, 98,2.1,3.0
202603280902011101,1, 73, 57,14.2,20.5
202603280902011105,5, 82, 99,7.1,10.3
202603280902011107,7, 81, 78,5.3,7.6
202603280902011011,11, 99, 99,1.2,1.6
202603280902011010,10, 94, 94,1.9,2.9
202603280902011007,7, 90, 99,1.3,1.7
202603280902011004,4, 95, 95,1.5,2.2
202603280902011008,8, 94, 94,2.0,3.2
202603280902011001,1, 93, 93,2.9,4.7
202603280902011009,9, 94, 94,5.4,9.1
202603280902011006,6, 86, 86,15.9,27.0
202603280902011005,5, 74, 74,3.3,5.4
202603280902011003,3, 90, 90,4.0,6.7
202603280902011002,2,,,20.5,34.9
202603280902010902,2, 85,104,1.6,2.3
202603280902010901,1,107, 90,1.2,1.5
202603280902010903,3, 83,100,1.3,1.7
202603280902010906,6,103, 86,2.9,4.2
202603280902010905,5, 64, 82,29.3,44.5
202603280902010904,4, 86, 91,7.6,11.4
202603280902010907,7, 71, 77,32.7,49.5
202603280902010804,4,,,1.1,1.3
202603280902010803,3,,,1.2,1.9
202603280902010806,6,,,1.2,2.0
202603280902010801,1,,,2.3,4.1
202603280902010809,9,,,3.2,6.0
202603280902010802,2,,,4.1,7.9
202603280902010810,10,,,10.5,21.0
202603280902010807,7,,,1.9,3.3
202603280902010811,11,,,13.8,27.6
202603280902010808,8,,,5.3,10.3
202603280902010805,5,,,13.5,27.1
202603280902010711,11, 78, 88,11.1,36.7
202603280902010704,4, 85, 94,2.0,5.5
202603280902010701,1, 79, 88,2.2,6.5
202603280902010706,6, 89, 99,1.8,4.9
202603280902010702,2, 74, 84,2.8,8.4
202603280902010708,8, 73, 83,7.1,23.2
202603280902010703,3, 83, 92,4.2,13.3
202603280902010707,7, 86, 95,1.2,2.3
202603280902010709,9, 86, 96,1.1,1.1
202603280902010710,10, 81, 91,2.5,7.3
202603280902010705,5,,,5.5,17.8
202603280902010712,12, 79, 88,12.8,42.3
202603280902010604,4, 84,100,1.7,2.7
202603280902010603,3, 89, 94,1.5,2.3
202603280902010602,2, 93, 98,1.1,1.3
202603280902010609,9, 87, 92,6.2,10.9
202603280902010606,6, 80, 85,4.1,7.2
202603280902010608,8, 90, 95,4.2,7.2
202603280902010605,5, 85,100,1.8,2.9
202603280902010611,11, 63, 68,7.4,13.1
202603280902010610,10, 90, 95,1.8,2.9
202603280902010601,1, 63, 68,23.9,42.4
202603280902010607,7, 92, 97,2.5,4.2
202603280902010510,10, 80, 95,4.0,6.2
202603280902010506,6, 73, 88,3.1,4.7
202603280902010502,2, 79, 98,1.4,1.7
202603280902010503,3, 73, 88,1.9,2.8
202603280902010504,4, 68, 83,5.1,7.9
202603280902010517,17, 78, 97,1.6,2.2
202603280902010518,18,,,8.8,13.9
202603280902010516,16, 67, 86,3.0,4.4
202603280902010512,12,,,6.7,10.5
202603280902010507,7, 69, 87,3.3,5.0
202603280902010508,8, 77, 94,2.2,3.2
202603280902010514,14, 78, 94,6.8,10.6
202603280902010513,13, 65, 84,60.2,96.1
202603280902010501,1, 77, 94,6.0,9.3
202603280902010509,9, 48, 67,47.4,75.7
202603280902010511,11,,,62.4,99.7
202603280902010505,5, 76, 93,17.0,27.0
202603280902010515,15, 54, 69,12.3,19.5
202603280902010401,1, 77, 96,1.1,1.7
202603280902010409,9, 89,106,1.1,1.2
202603280902010405,5, 62, 80,2.3,5.1
202603280902010404,4, 75, 93,2.2,4.8
202603280902010408,8, 64, 82,1.3,2.7
202603280902010413,13, 63, 81,3.1,7.1
202603280902010411,11, 74, 92,2.8,6.5
202603280902010410,10, 60, 78,9.8,24.4
202603280902010407,7,,,42.6,108.4
202603280902010402,2, 74, 92,4.2,10.1
202603280902010406,6, 55, 71,44.2,112.4
202603280902010403,3, 76, 94,6.9,16.9
202603280902010412,12, 62, 80,22.4,56.7
202603280902010302,2, 83, 98,1.2,2.4
202603280902010304,4, 73, 88,1.2,2.2
202603280902010312,12, 84, 99,1.1,1.1
202603280902010310,10, 83, 95,2.5,5.6
202603280902010301,1, 57, 75,15.2,37.3
202603280902010308,8, 54, 69,60.6,151.2
202603280902010309,9, 78, 95,2.1,4.5
202603280902010314,14, 70, 87,10.1,24.5
202603280902010316,16,,,6.5,15.6
202603280902010311,11, 72, 88,15.2,37.4
202603280902010306,6, 69, 84,21.5,53.3
202603280902010303,3, 61, 78,55.1,137.3
202603280902010305,5, 74, 90,5.7,13.5
202603280902010307,7, 67, 83,43.8,109.1
202603280902010313,13, 61, 77,2.3,4.9
202603280902010315,15, 20, 38,55.0,137.1
202603280902010209,9, 82, 99,1.1,1.1
202603280902010204,4, 74, 92,1.1,3.5
202603280902010210,10, 77, 95,1.7,7.6
202603280902010207,7, 43, 62,32.0,188.6
202603280902010211,11,,,2.3,11.5
202603280902010202,2, 59, 77,18.3,107.2
202603280902010206,6, 65, 84,5.0,27.3
202603280902010201,1, 43, 62,7.9,45.1
202603280902010203,3, 81, 99,1.2,4.5
202603280902010208,8, 57, 75,3.5,18.4
202603280902010205,5, 61, 79,10.5,60.2
202603280902010102,2, 63, 78,2.6,5.5
202603280902010103,3, 82, 97,1.1,1.3
202603280902010101,1, 78, 93,2.3,4.7
202603280902010106,6, 66, 81,6.0,13.4
202603280902010113,13, 80, 95,1.1,1.5
202603280902010105,5,,,31.7,73.3
202603280902010107,7, 61, 78,7.2,16.2
202603280902010116,16, 70, 84,11.5,26.3
202603280902010110,10, 74, 89,3.1,6.5
202603280902010111,11, 84, 99,1.7,3.2
202603280902010109,9,,,4.1,8.9
202603280902010104,4,,,21.7,50.0
202603280902010112,12, 61, 76,9.2,20.8
202603280902010114,14,,,6.2,13.8
202603280902010115,15,,,16.9,39.0
202603280902010108,8, 44, 60,3.2,6.9
202603220901101208,8, 91, 91,1.5,1.9
202603220901101201,1, 93,103,1.7,2.3
202603220901101211,11, 94,104,1.9,2.6
202603220901101207,7, 92,102,1.5,2.0
202603220901101213,13, 89, 89,5.0,7.4
202603220901101202,2, 98, 98,3.1,4.5
202603220901101209,9,100,100,1.7,2.4
202603220901101204,4, 90, 90,11.8,17.8
202603220901101206,6, 83, 83,22.2,33.3
202603220901101210,10, 88, 97,20.8,31.2
202603220901101203,3, 92, 92,3.1,4.5
202603220901101212,12, 90, 90,5.6,8.3
202603220901101205,5, 84, 84,,
202603220901101101,1,114, 88,1.1,1.5
202603220901101104,4,119,105,2.4,4.0
202603220901101105,5,117,103,1.2,1.8
202603220901101102,2,114, 88,4.3,7.5
202603220901101107,7,108, 86,1.6,2.6
202603220901101109,9,113, 91,4.6,8.1
202603220901101106,6,101,101,1.3,2.0
202603220901101108,8,102, 80,17.5,30.9
202603220901101103,3,117, 95,2.3,3.8
202603220901101110,10,108, 94,20.3,35.7
202603220901101004,4, 97, 85,4.4,6.7
202603220901101007,7,110, 98,1.5,2.0
202603220901101005,5,109,102,1.8,2.6
202603220901101009,9,110, 99,2.4,3.4
202603220901101015,15,105, 93,2.5,3.7
202603220901101006,6,106, 99,4.2,6.3
202603220901101013,13, 93, 81,20.8,32.4
202603220901101010,10,109,102,8.6,13.3
202603220901101016,16,108, 96,4.4,6.7
202603220901101002,2,107,100,10.0,15.5
202603220901101014,14,108, 96,9.9,15.4
202603220901101001,1,103, 96,7.8,12.0
202603220901101011,11, 99, 87,2.4,3.5
202603220901101012,12,103, 92,34.9,54.4
202603220901101008,8,118, 97,1.4,1.8
202603220901101003,3, 90, 73,8.4,13.1
202603220901100904,4, 98, 98,1.1,1.1
202603220901100908,8, 93, 93,2.6,9.5
202603220901100905,5, 96, 96,1.1,1.6
202603220901100901,1, 96, 96,1.3,3.9
202603220901100902,2, 98, 98,1.3,4.1
202603220901100907,7, 85, 85,11.2,44.9
202603220901100906,6, 92, 92,1.9,6.7
202603220901100903,3, 89, 89,14.6,59.3
202603220901100808,8, 75, 93,2.9,16.4
202603220901100803,3, 75, 84,1.6,7.9
202603220901100810,10, 82, 91,1.6,7.8
202603220901100807,7, 79, 88,2.0,10.1
202603220901100805,5, 94,104,1.1,1.1
202603220901100802,2, 76, 85,2.4,12.7
202603220901100809,9, 87, 96,1.1,3.8
202603220901100804,4, 76, 84,7.8,48.1
202603220901100806,6, 67, 76,26.7,169.8
202603220901100801,1, 84, 93,5.4,32.3
202603220901100706,6, 91, 99,1.1,1.2
202603220901100701,1, 79, 87,2.2,4.1
202603220901100707,7, 85, 93,3.6,7.2
202603220901100711,11, 84, 93,11.8,24.5
202603220901100705,5, 90, 98,1.5,2.7
202603220901100704,4, 86, 94,1.4,2.5
202603220901100708,8, 69, 77,4.4,9.0
202603220901100703,3, 89, 97,1.2,1.9
202603220901100710,10, 82, 90,3.2,6.4
202603220901100709,9, 71, 80,14.8,30.8
202603220901100702,2, 85, 93,,
202603220901100610,10, 75, 80,10.7,16.4
202603220901100613,13, 98,104,1.4,1.8
202603220901100607,7, 86,104,1.6,2.1
202603220901100601,1, 85, 90,10.5,16.0
202603220901100604,4, 81, 87,6.8,10.3
202603220901100608,8, 88, 94,12.7,19.4
202603220901100603,3, 87,105,2.0,2.9
202603220901100606,6, 85,103,3.5,5.1
202603220901100605,5, 87,104,4.2,6.3
202603220901100609,9, 90,107,3.5,5.2
202603220901100611,11, 90, 95,2.3,3.2
202603220901100612,12, 95,112,1.4,1.9
202603220901100602,2,,,4.8,7.2
202603220901100511,11, 77, 82,2.6,3.8
202603220901100502,2, 90, 95,1.9,2.6
202603220901100501,1, 89, 88,2.4,3.5
202603220901100506,6, 97, 93,1.3,1.6
202603220901100504,4, 74, 79,5.9,8.7
202603220901100509,9, 88, 87,7.4,10.9
202603220901100505,5, 52, 58,6.0,8.9
202603220901100503,3, 86, 91,1.6,2.2
202603220901100507,7, 99, 82,1.6,2.2
202603220901100508,8, 82, 97,5.9,8.8
202603220901100510,10,,,2.5,3.5
202603220901100408,8, 76, 95,1.2,1.6
202603220901100403,3, 82,100,1.7,2.7
202603220901100406,6, 78, 97,1.3,1.8
202603220901100407,7, 77, 95,1.8,2.9
202603220901100402,2, 61, 77,24.8,43.7
202603220901100412,12, 70, 89,5.1,8.7
202603220901100416,16, 69, 88,5.1,8.7
202603220901100404,4, 63, 82,10.9,19.0
202603220901100410,10, 68, 85,20.9,36.7
202603220901100405,5,,,2.5,4.0
202603220901100417,17, 54, 73,57.8,102.1
202603220901100414,14, 75, 94,1.8,2.8
202603220901100415,15, 53, 72,48.3,85.2
202603220901100401,1,,,43.7,77.2
202603220901100411,11, 63, 82,34.6,61.1
202603220901100409,9, 71, 89,6.6,11.3
202603220901100413,13, 64, 83,12.4,21.7
202603220901100310,10, 81, 93,1.7,2.6
202603220901100308,8, 81, 97,1.5,2.2
202603220901100313,13, 80, 95,1.2,1.7
202603220901100307,7, 81, 96,1.4,2.1
202603220901100312,12, 77, 93,1.3,1.7
202603220901100302,2, 57, 74,17.7,30.5
202603220901100301,1, 70, 85,12.2,20.9
202603220901100303,3, 67, 83,7.9,13.4
202603220901100304,4, 74, 93,14.4,24.7
202603220901100309,9, 48, 63,16.0,27.6
202603220901100311,11, 58, 73,62.7,108.3
202603220901100306,6, 70, 85,5.1,8.5
202603220901100305,5, 74, 89,6.5,11.0
202603220901100201,1, 81, 99,1.2,1.8
202603220901100204,4, 79, 97,1.1,1.5
202603220901100207,7,,,3.5,6.2
202603220901100212,12, 66, 85,1.5,2.4
202603220901100206,6, 72, 89,12.5,22.9
202603220901100210,10, 59, 76,15.3,28.1
202603220901100205,5, 73, 91,4.2,7.4
202603220901100213,13,,,6.8,12.3
202603220901100203,3, 79, 98,1.2,1.8
202603220901100202,2,,,10.2,18.5
202603220901100211,11, 56, 73,3.4,5.9
202603220901100209,9, 44, 62,77.5,143.2
202603220901100208,8, 58, 74,57.5,106.2
202603220901100114,14, 78, 95,1.1,1.1
202603220901100110,10, 72, 87,2.5,12.0
202603220901100106,6, 70, 87,1.7,7.4
202603220901100108,8, 75, 90,2.2,9.9
202603220901100109,9, 70, 85,3.6,17.9
202603220901100103,3, 65, 82,2.8,13.3
202603220901100113,13, 51, 68,3.8,18.9
202603220901100107,7,,,16.1,87.6
202603220901100104,4, 51, 68,5.1,26.2
202603220901100105,5, 63, 78,3.5,17.5
202603220901100111,11, 77, 93,1.4,4.8
202603220901100101,1, 65, 81,9.2,49.1
202603220901100102,2, 47, 65,30.5,167.7
202603220901100112,12, 65, 81,22.1,121.3
202603220602081204,4, 96, 96,3.6,5.3
202603220602081214,14, 94, 94,1.6,2.3
202603220602081209,9, 89, 89,6.3,9.4
202603220602081207,7, 95, 95,1.4,1.8
202603220602081206,6, 91,101,7.1,10.6
202603220602081210,10, 93, 93,2.3,3.3
202603220602081216,16, 92,101,2.2,3.1
202603220602081211,11, 93, 93,4.5,6.7
202603220602081213,13, 98, 98,4.3,6.3
202603220602081215,15, 86, 96,15.1,23.0
202603220602081201,1, 94, 94,7.3,11.0
202603220602081208,8, 92, 92,4.2,6.2
202603220602081212,12, 79, 79,20.7,31.5
202603220602081203,3, 91,101,1.6,2.1
202603220602081205,5, 62, 62,28.9,44.1
202603220602081202,2, 72, 72,56.3,85.7
202603220602081110,10,112,108,1.5,1.9
202603220602081111,11, 99, 91,5.1,7.8
202603220602081104,4,101, 93,3.6,5.4
202603220602081114,14,104, 96,1.5,1.8
202603220602081116,16, 87, 74,21.3,32.9
202603220602081101,1,102, 90,18.3,28.2
202603220602081115,15,103, 99,4.6,6.9
202603220602081109,9,107,103,2.3,3.4
202603220602081106,6,103, 99,3.0,4.4
202603220602081103,3,106, 98,4.3,6.5
202603220602081107,7,108,100,2.0,2.8
202603220602081112,12,107, 99,3.0,4.4
202603220602081113,13,106, 98,4.2,6.3
202603220602081108,8, 98, 88,13.0,20.1
202603220602081105,5, 92, 82,7.1,10.9
202603220602081102,2, 81, 73,11.6,17.9
202603220602081005,5,103,103,1.3,2.2
202603220602081002,2, 90, 82,1.7,3.0
202603220602081004,4,103, 81,1.3,2.3
202603220602081006,6,106, 98,3.4,6.5
202603220602081008,8,104,104,1.1,1.1
202603220602081003,3, 94, 86,16.2,32.3
202603220602081007,7,100,100,2.1,3.8
202603220602081009,9, 99, 99,5.4,10.5
202603220602081001,1,104, 96,2.6,5.0
202603220602080913,13, 95, 95,1.2,1.6
202603220602080910,10, 91,100,1.7,2.6
202603220602080908,8, 65, 65,4.6,8.0
202603220602080902,2, 97, 97,1.3,1.7
202603220602080906,6, 91, 91,2.0,3.2
202603220602080912,12, 94, 94,2.1,3.5
202603220602080916,16, 91, 91,5.8,10.2
202603220602080905,5, 91, 99,3.0,5.0
202603220602080903,3, 92, 92,19.5,35.4
202603220602080911,11, 94, 94,5.3,9.4
202603220602080904,4, 84, 84,53.4,97.6
202603220602080909,9, 74, 74,9.2,16.4
202603220602080907,7, 82, 82,5.2,9.1
202603220602080915,15, 79, 79,36.0,65.8
202603220602080901,1, 84, 84,37.7,68.9
202603220602080914,14, 90, 90,10.0,17.9
202603220602080816,16, 85, 94,1.1,1.4
202603220602080810,10, 86, 96,1.7,2.7
202603220602080808,8, 84, 93,1.3,1.9
202603220602080809,9, 84, 93,4.1,7.2
202603220602080807,7, 75, 84,6.9,12.4
202603220602080806,6, 73, 81,105.9,194.9
202603220602080811,11, 83, 93,2.6,4.4
202603220602080801,1, 69, 78,5.3,9.4
202603220602080815,15, 79, 88,15.4,28.1
202603220602080805,5, 84, 92,14.4,26.2
202603220602080814,14, 71, 80,26.9,49.3
202603220602080803,3, 81, 90,4.3,7.6
202603220602080802,2, 84, 94,3.6,6.2
202603220602080804,4, 89, 97,1.5,2.3
202603220602080813,13,,,27.9,51.2
202603220602080812,12, 78, 88,,
202603220602080702,2, 92, 89,1.0,1.7
202603220602080704,4, 82,100,1.0,1.1
202603220602080708,8, 84, 89,1.9,13.7
202603220602080703,3, 73, 78,1.4,9.0
202603220602080706,6, 82, 87,1.5,9.4
202603220602080707,7, 84, 77,2.3,17.1
202603220602080701,1, 80, 85,3.3,26.5
202603220602080705,5, 54, 72,18.6,164.0
202603220602080602,2, 80, 98,1.1,1.3
202603220602080609,9, 75, 94,3.3,6.0
202603220602080606,6, 78, 97,1.4,2.1
202603220602080614,14, 80, 98,1.8,3.2
202603220602080607,7, 78, 95,3.4,6.4
202603220602080617,17, 55, 73,25.8,50.8
202603220602080618,18, 54, 72,4.7,8.9
202603220602080612,12,,,13.9,27.0
202603220602080601,1, 58, 76,36.1,71.2
202603220602080611,11, 78, 97,4.2,7.8
202603220602080608,8, 60, 77,60.6,119.7
202603220602080610,10, 79, 98,1.8,3.1
202603220602080615,15, 73, 90,48.9,96.5
202603220602080604,4, 74, 92,2.7,4.9
202603220602080603,3, 76, 95,3.4,6.2
202603220602080605,5, 50, 68,55.9,110.4
202603220602080616,16,,,29.7,58.4
202603220602080613,13, 50, 69,53.1,104.8
202603220602080504,4, 87,102,1.0,1.1
202603220602080501,1, 84, 99,1.7,8.2
202603220602080506,6, 67, 84,3.3,18.4
202603220602080514,14,,,18.7,117.9
202603220602080515,15, 74, 89,9.5,58.7
202603220602080511,11, 84, 99,2.8,15.2
202603220602080508,8, 59, 74,2.7,14.8
202603220602080502,2,,,11.5,71.7
202603220602080513,13, 80, 95,1.3,5.5
202603220602080512,12, 34, 51,16.0,100.9
202603220602080509,9, 78, 95,1.5,7.2
202603220602080516,16, 79, 96,7.5,45.6
202603220602080510,10, 70, 85,12.1,75.9
202603220602080507,7,,,36.0,229.7
202603220602080503,3,,,43.0,275.2
202603220602080505,5, 68, 83,10.5,65.4
202603220602080414,14,,,7.7,13.4
202603220602080407,7,,,1.2,1.5
202603220602080401,1,,,3.2,5.4
202603220602080409,9,,,2.1,3.4
202603220602080403,3,,,26.1,45.8
202603220602080410,10,,,2.8,4.7
202603220602080402,2,,,2.1,3.4
202603220602080408,8,,,1.3,1.9
202603220602080406,6,,,6.3,10.8
202603220602080412,12,,,1.5,2.3
202603220602080411,11,,,4.6,7.9
202603220602080405,5, 74, 82,13.2,23.0
202603220602080413,13, 76, 85,14.0,24.5
202603220602080404,4, 74, 84,26.1,45.7
202603220602080312,12,,,1.4,1.9
202603220602080302,2, 91, 96,1.5,2.2
202603220602080305,5, 75, 80,7.1,11.2
202603220602080311,11, 90,105,3.7,5.8
202603220602080314,14, 81, 86,4.8,7.5
202603220602080310,10, 86,100,7.3,11.6
202603220602080303,3, 73, 78,30.7,49.7
202603220602080309,9, 89,104,1.3,1.9
202603220602080304,4, 84, 89,5.2,8.2
202603220602080308,8, 96,101,1.3,1.8
202603220602080307,7, 90,105,6.7,10.7
202603220602080301,1,,,49.1,79.4
202603220602080313,13, 91, 96,3.2,4.9
202603220602080306,6,,,33.6,54.3
202603220602080203,3, 78, 95,1.2,2.7
202603220602080210,10, 62, 80,4.3,14.6
202603220602080206,6, 79, 97,1.1,1.1
202603220602080211,11, 77, 95,1.5,4.3
202603220602080209,9, 70, 87,2.4,7.8
202603220602080207,7, 68, 87,2.3,7.2
202603220602080215,15, 59, 74,7.8,27.8
202603220602080214,14, 58, 76,25.2,93.1
202603220602080213,13, 63, 80,4.9,17.1
202603220602080202,2, 72, 90,2.7,8.8
202603220602080201,1, 65, 83,3.5,11.6
202603220602080204,4, 67, 82,5.9,20.8
202603220602080208,8, 61, 78,64.8,241.4
202603220602080205,5, 52, 67,54.8,204.1
202603220602080212,12,,,34.8,129.3
202603220602080109,9, 79, 94,1.5,4.8
202603220602080115,15, 77, 92,1.3,3.7
202603220602080104,4, 84, 99,1.1,1.1
202603220602080107,7, 81, 97,1.4,4.3
202603220602080112,12, 72, 84,35.3,142.8
202603220602080114,14, 56, 73,2.6,9.0
202603220602080110,10,,,36.8,148.9
202603220602080111,11, 31, 45,58.6,238.3
202603220602080116,16, 73, 89,2.8,9.8
202603220602080105,5,,,10.3,40.6
202603220602080101,1, 66, 81,5.7,21.7
202603220602080103,3,,,43.1,175.0
202603220602080113,13, 71, 86,3.5,12.9
202603220602080106,6, 53, 72,19.0,76.1
202603220602080108,8, 56, 71,44.7,181.5
202603220602080102,2, 58, 74,64.6,262.5
202603220701041206,6, 91,101,1.3,1.8
202603220701041214,14, 86, 95,1.3,1.9
202603220701041205,5, 86, 95,2.7,4.1
202603220701041204,4, 85, 94,4.3,6.8
202603220701041215,15, 88, 97,1.3,1.8
202603220701041203,3, 81, 91,3.2,5.0
202603220701041210,10, 70, 79,4.3,6.7
202603220701041208,8, 78, 88,3.6,5.5
202603220701041212,12, 82, 91,4.3,6.7
202603220701041211,11, 85, 94,17.6,28.6
202603220701041209,9, 82, 91,8.6,13.8
202603220701041213,13, 69, 79,12.7,20.6
202603220701041207,7,,,33.8,55.3
202603220701041202,2, 78, 87,44.2,72.2
202603220701041201,1, 68, 77,26.5,43.3
202603220701041216,16, 79, 88,4.0,6.3
202603220701041118,18,106,100,8.1,11.0
202603220701041108,8,105, 93,2.4,3.1
202603220701041110,10,104, 92,7.2,9.7
202603220701041115,15,104, 81,3.5,4.6
202603220701041107,7,109, 97,2.0,2.5
202603220701041101,1,107, 94,2.7,3.5
202603220701041105,5,105, 99,3.0,3.9
202603220701041106,6,102, 94,3.4,4.5
202603220701041117,17,109, 97,4.1,5.5
202603220701041116,16,106, 94,1.8,2.2
202603220701041112,12,108, 98,4.0,5.3
202603220701041102,2,105, 99,3.9,5.2
202603220701041113,13,107, 97,8.2,11.2
202603220701041111,11, 99, 87,6.7,9.0
202603220701041103,3,104, 96,19.9,27.1
202603220701041114,14, 99, 91,13.1,18.0
202603220701041109,9,102, 90,10.4,14.2
202603220701041104,4,102, 94,32.9,44.8
202603220701041009,9, 97, 97,2.4,3.2
202603220701041008,8, 98, 98,1.9,2.4
202603220701041015,15, 95,104,2.9,3.9
202603220701041013,13, 90, 90,5.6,7.8
202603220701041011,11, 97, 97,2.3,3.0
202603220701041010,10, 95,104,3.2,4.4
202603220701041016,16, 92, 92,3.0,4.1
202603220701041001,1, 85, 85,23.4,33.1
202603220701041006,6, 98, 98,1.7,2.1
202603220701041012,12, 93, 93,5.2,7.2
202603220701041004,4, 94, 94,10.4,14.5
202603220701041005,5, 81, 81,40.7,57.4
202603220701041014,14, 94,103,6.2,8.6
202603220701041003,3, 96, 96,2.3,3.1
202603220701041002,2, 98, 98,6.1,8.5
202603220701041007,7, 68, 68,30.5,43.1
202603220701040908,8, 83, 89,3.0,4.8
202603220701040901,1, 90, 95,1.3,1.9
202603220701040910,10, 88, 94,2.1,3.4
202603220701040904,4, 88, 93,2.3,3.7
202603220701040903,3, 94, 99,1.2,1.7
202603220701040906,6, 82, 87,3.1,5.1
202603220701040905,5, 66, 71,12.4,20.3
202603220701040907,7, 77, 82,2.5,4.1
202603220701040902,2, 89, 83,1.2,1.7
202603220701040909,9,,,36.5,60.0
202603220701040812,12, 94,103,1.2,1.5
202603220701040814,14, 88, 97,1.3,1.9
202603220701040803,3, 86, 95,2.3,3.9
202603220701040810,10, 80, 88,3.3,5.7
202603220701040815,15, 85, 94,1.7,2.8
202603220701040802,2, 85, 94,4.8,8.5
202603220701040807,7, 78, 78,3.1,5.4
202603220701040805,5,,,25.8,47.7
202603220701040804,4, 89, 98,3.1,5.4
202603220701040816,16, 87, 96,5.0,8.8
202603220701040811,11, 72, 82,19.2,35.3
202603220701040818,18, 80, 89,11.1,20.2
202603220701040817,17, 71, 81,10.6,19.4
202603220701040806,6, 81, 90,4.9,8.7
202603220701040808,8, 77, 86,50.3,93.1
202603220701040809,9, 80, 89,5.4,9.6
202603220701040813,13, 32, 41,34.6,64.0
202603220701040801,1, 68, 77,24.3,44.8
202603220701040713,13, 80, 89,4.0,7.5
202603220701040709,9, 81, 91,1.9,3.2
202603220701040707,7, 87, 96,2.1,3.7
202603220701040705,5, 92,101,1.2,1.5
202603220701040712,12, 90, 99,1.2,1.6
202603220701040706,6, 86, 96,4.5,8.5
202603220701040708,8, 78, 87,6.3,12.2
202603220701040715,15, 87, 97,2.7,5.0
202603220701040701,1, 72, 81,3.1,5.8
202603220701040710,10, 69, 78,5.2,9.8
202603220701040714,14, 76, 85,17.4,34.2
202603220701040703,3, 80, 89,30.2,59.7
202603220701040702,2, 59, 77,41.3,81.9
202603220701040711,11, 90, 99,2.4,4.3
202603220701040704,4, 62, 71,34.5,68.4
202603220701040602,2, 91, 99,1.1,1.2
202603220701040616,16, 71, 79,8.0,14.5
202603220701040601,1, 83, 91,1.8,2.7
202603220701040615,15, 85, 93,9.2,16.8
202603220701040612,12, 82, 91,3.7,6.4
202603220701040604,4, 88, 96,2.5,4.2
202603220701040607,7, 87, 95,3.5,6.2
202603220701040605,5, 91, 99,2.0,3.4
202603220701040609,9, 87, 95,2.4,4.1
202603220701040614,14, 88, 96,8.9,16.2
202603220701040603,3, 77, 85,6.1,11.0
202603220701040610,10, 82, 90,22.3,41.3
202603220701040617,17, 86, 95,2.9,4.9
202603220701040611,11, 84, 92,40.7,75.7
202603220701040608,8, 66, 75,35.2,65.6
202603220701040606,6, 80, 89,3.3,5.7
202603220701040613,13, 75, 85,45.4,84.5
202603220701040503,3, 80, 98,2.0,5.1
202603220701040506,6, 77, 95,1.1,1.1
202603220701040508,8, 68, 83,4.5,13.0
202603220701040504,4, 59, 74,2.3,6.2
202603220701040502,2, 64, 82,13.0,39.3
202603220701040501,1, 72, 90,6.3,18.5
202603220701040505,5, 80, 97,1.4,3.2
202603220701040513,13,,,28.0,85.8
202603220701040514,14, 61, 78,2.9,7.9
202603220701040516,16,,,5.4,15.7
202603220701040511,11, 75, 92,3.8,10.9
202603220701040509,9, 79, 96,5.7,16.6
202603220701040507,7, 44, 60,1.8,4.4
202603220701040510,10,,,19.5,59.4
202603220701040512,12, 72, 88,33.2,101.9
202603220701040515,15, 68, 83,36.8,113.3
202603220701040411,11, 78, 97,1.7,2.5
202603220701040401,1,  3, 22,1.7,2.3
202603220701040403,3, 74, 92,1.7,2.4
202603220701040404,4, 80, 98,2.2,3.3
202603220701040414,14,,,6.9,10.6
202603220701040407,7, 58, 77,34.3,53.6
202603220701040406,6, 78, 95,2.5,3.6
202603220701040410,10, 82,101,1.3,1.6
202603220701040405,5, 47, 65,7.0,10.8
202603220701040409,9, 70, 88,22.8,35.6
202603220701040402,2,,,12.4,19.3
202603220701040408,8, 56, 74,14.3,22.2
202603220701040415,15, 77, 94,2.6,3.9
202603220701040413,13, 58, 73,28.0,43.8
202603220701040412,12, 69, 87,33.8,52.9
202603220701040314,14, 81, 96,7.0,10.5
202603220701040303,3, 80, 98,1.7,2.4
202603220701040312,12, 76, 94,1.6,2.2
202603220701040307,7, 79, 97,1.5,1.9
202603220701040311,11, 75, 91,3.0,4.3
202603220701040308,8, 67, 82,37.2,57.1
202603220701040313,13, 70, 89,4.4,6.5
202603220701040310,10, 76, 94,1.5,2.0
202603220701040306,6, 78, 93,2.3,3.3
202603220701040315,15, 53, 72,4.1,6.1
202603220701040309,9,,,33.4,51.3
202603220701040305,5, 73, 91,3.8,5.5
202603220701040304,4, 56, 72,36.5,56.0
202603220701040302,2, 58, 77,38.1,58.4
202603220701040301,1,,,83.8,128.7
202603220701040204,4, 77, 92,1.4,1.9
202603220701040214,14, 79, 95,1.3,1.7
202603220701040209,9, 81, 97,1.5,2.3
202603220701040201,1, 69, 86,2.0,2.9
202603220701040216,16, 64, 79,4.8,7.8
202603220701040205,5,,,3.9,6.3
202603220701040206,6, 33, 51,7.0,11.4
202603220701040213,13,  3, 18,4.2,6.7
202603220701040212,12, 58, 76,2.5,3.9
202603220701040207,7, 73, 87,8.9,14.5
202603220701040208,8, 58, 74,50.6,84.2
202603220701040203,3,, 11,37.3,62.0
202603220701040210,10,,,25.9,43.1
202603220701040211,11,,,16.9,27.9
202603220701040215,15, 56, 71,3.0,4.7
202603220701040202,2, 59, 74,31.5,52.4
202603220701040110,10, 71, 88,1.6,2.6
202603220701040111,11, 73, 87,2.2,3.7
202603220701040112,12, 80, 97,1.1,1.2
202603220701040107,7, 69, 87,4.0,7.2
202603220701040105,5, 70, 88,4.1,7.4
202603220701040114,14, 73, 89,8.0,15.0
202603220701040106,6, 67, 85,1.6,2.6
202603220701040104,4,,,13.3,24.9
202603220701040103,3, 48, 64,3.5,6.3
202603220701040108,8, 58, 76,20.4,38.4
202603220701040101,1, 68, 86,10.4,19.5
202603220701040109,9, 71, 90,1.7,2.8
202603220701040113,13,,,7.3,13.5
202603220701040102,2, 50, 65,49.5,93.6
202603210602071210,10, 76, 85,2.9,5.0
202603210602071211,11, 89, 99,1.1,1.5
202603210602071214,14, 70, 79,2.0,3.4
202603210602071207,7, 91,100,1.3,1.9
202603210602071216,16, 87, 96,1.2,1.8
202603210602071212,12, 64, 73,19.7,36.0
202603210602071202,2, 76, 85,13.5,24.5
202603210602071204,4, 83, 92,5.0,8.9
202603210602071205,5, 83, 92,6.8,12.2
202603210602071203,3, 69, 79,7.7,13.8
202603210602071213,13, 82, 91,20.3,37.2
202603210602071208,8, 75, 84,12.3,22.3
202603210602071201,1, 81, 90,26.1,47.9
202603210602071209,9, 70, 79,2.6,4.4
202603210602071206,6, 66, 76,67.4,123.8
202603210602071215,15, 62, 71,8.9,16.1
202603210602071110,10,105, 88,2.4,3.6
202603210602071111,11, 92, 97,7.5,12.1
202603210602071108,8, 83,101,1.3,1.7
202603210602071113,13, 95,100,1.6,2.3
202603210602071114,14, 95, 90,2.1,3.1
202603210602071107,7, 91, 96,11.5,18.7
202603210602071103,3, 82,100,1.4,1.9
202603210602071102,2, 81, 99,15.9,25.9
202603210602071112,12, 85, 90,12.0,19.4
202603210602071105,5, 80, 99,4.1,6.4
202603210602071101,1, 91, 96,2.5,3.8
202603210602071109,9, 86, 80,5.2,8.3
202603210602071115,15, 87, 81,15.1,24.5
202603210602071116,16, 87, 92,8.3,13.3
202603210602071106,6, 80, 99,9.4,15.2
202603210602071104,4, 73, 78,45.7,74.4
202603210602071011,11,102, 95,1.5,1.9
202603210602071004,4,100,100,4.0,5.7
202603210602071012,12, 94, 87,3.4,4.7
202603210602071005,5,101,101,1.9,2.5
202603210602071009,9,102, 95,1.7,2.3
202603210602071002,2,100, 93,2.1,2.9
202603210602071006,6, 91, 84,12.3,17.6
202603210602071013,13,101, 94,2.4,3.3
202603210602071008,8, 37, 30,50.6,72.6
202603210602071001,1, 94, 77,2.0,2.7
202603210602071003,3,101,101,6.0,8.6
202603210602071010,10,101, 94,9.1,13.0
202603210602071007,7,100, 93,5.8,8.3
202603210602070904,4, 92,100,2.1,3.5
202603210602070905,5, 91,100,1.8,2.9
202603210602070913,13, 97, 97,1.2,1.5
202603210602070908,8, 95, 95,5.5,9.7
202603210602070906,6, 97, 97,1.2,1.7
202603210602070916,16, 95, 95,6.5,11.6
202603210602070902,2, 94, 94,3.2,5.6
202603210602070911,11, 89, 89,23.1,42.2
202603210602070910,10, 96, 96,1.6,2.5
202603210602070903,3, 96, 96,9.0,16.2
202603210602070901,1, 84, 84,6.5,11.7
202603210602070914,14, 94, 94,4.8,8.5
202603210602070907,7, 86, 86,21.8,39.7
202603210602070912,12, 92, 92,23.3,42.6
202603210602070915,15, 94, 94,14.5,26.4
202603210602070909,9, 81, 81,,
202603210602070810,10,,,1.6,3.1
202603210602070809,9,,,1.3,2.3
202603210602070803,3,,,2.5,5.2
202603210602070807,7, 78, 78,7.8,17.0
202603210602070802,2,,,1.2,2.1
202603210602070801,1,,,4.6,9.8
202603210602070808,8,,,1.1,1.1
202603210602070806,6,,,8.2,18.0
202603210602070805,5,,,7.2,15.8
202603210602070804,4,,,2.6,5.4
202603210602070704,4, 90, 99,1.2,1.4
202603210602070705,5, 79, 88,2.2,3.4
202603210602070703,3, 81, 90,15.1,25.7
202603210602070714,14, 88, 97,2.1,3.3
202603210602070701,1, 79, 88,4.2,6.8
202603210602070708,8,,,13.2,22.5
202603210602070715,15, 94,103,1.6,2.2
202603210602070709,9, 83, 92,4.7,7.8
202603210602070716,16, 81, 90,2.8,4.5
202603210602070713,13, 82, 91,8.7,14.7
202603210602070707,7, 73, 82,9.1,15.3
202603210602070702,2, 73, 82,3.2,5.2
202603210602070710,10, 57, 66,34.0,58.0
202603210602070711,11, 80, 89,2.4,3.9
202603210602070712,12,,,4.3,7.1
202603210602070706,6, 73, 82,16.0,27.2
202603210602070610,10, 95,100,1.1,1.1
202603210602070611,11, 84,101,1.8,4.9
202603210602070612,12, 94, 88,1.5,3.8
202603210602070605,5, 95, 92,1.2,2.5
202603210602070602,2, 86, 91,8.0,26.3
202603210602070601,1, 73, 67,1.7,4.7
202603210602070613,13, 83, 89,4.0,12.6
202603210602070607,7, 90, 95,2.5,7.6
202603210602070606,6,,,61.9,211.6
202603210602070603,3,,,40.9,139.4
202603210602070604,4, 48, 53,40.9,139.4
202603210602070609,9, 51, 66,70.4,240.8
202603210602070608,8, 74, 79,8.2,27.1
202603210602070510,10, 82,100,1.1,2.4
202603210602070509,9, 81, 99,1.1,1.1
202603210602070511,11, 71, 90,2.9,15.3
202603210602070501,1, 74, 93,1.4,5.9
202603210602070508,8, 69, 88,2.9,15.8
202603210602070507,7, 67, 84,1.8,8.7
202603210602070504,4, 70, 89,2.7,14.4
202603210602070502,2, 68, 83,32.7,201.0
202603210602070505,5, 68, 87,14.2,86.2
202603210602070512,12,,,3.6,20.0
202603210602070513,13, 62, 77,27.8,170.9
202603210602070506,6, 71, 90,24.2,148.2
202603210602070503,3,,,16.6,101.0
202603210602070408,8, 88,107,1.0,1.1
202603210602070403,3,,,8.3,63.3
202603210602070406,6, 78, 96,1.3,7.2
202603210602070411,11, 59, 76,30.2,239.3
202603210602070401,1, 77, 96,1.0,3.5
202603210602070410,10, 65, 80,28.8,228.3
202603210602070413,13, 70, 88,16.8,132.0
202603210602070409,9, 64, 82,4.3,31.0
202603210602070405,5, 60, 77,2.7,18.4
202603210602070404,4, 77, 95,1.8,11.2
202603210602070402,2, 52, 70,23.1,182.7
202603210602070407,7, 59, 64,11.8,91.5
202603210602070412,12, 67, 86,1.9,12.0
202603210602070306,6, 85,101,1.3,2.1
202603210602070315,15, 68, 84,1.6,3.1
202603210602070302,2, 82, 97,1.9,3.8
202603210602070312,12, 86,101,1.1,1.1
202603210602070311,11, 80, 95,3.4,7.3
202603210602070316,16, 79, 94,1.5,3.0
202603210602070310,10, 73, 88,46.0,107.7
202603210602070304,4, 71, 86,3.7,8.1
202603210602070309,9, 75, 87,9.7,22.2
202603210602070303,3, 57, 75,11.7,26.9
202603210602070305,5, 58, 75,29.3,68.4
202603210602070314,14, 52, 66,106.4,249.5
202603210602070301,1, 72, 87,12.7,29.4
202603210602070308,8, 44, 60,10.6,24.3
202603210602070313,13, 63, 78,13.3,30.6
202603210602070307,7, 53, 71,93.0,218.1
202603210602070203,3, 89,107,1.1,1.4
202603210602070208,8,,,1.5,2.6
202603210602070206,6, 64, 81,1.2,1.6
202603210602070209,9, 78, 93,4.3,8.3
202603210602070205,5, 71, 89,1.7,3.0
202603210602070201,1, 67, 85,5.6,10.9
202603210602070211,11, 49, 67,2.7,5.0
202603210602070202,2, 64, 81,3.2,6.0
202603210602070204,4, 59, 77,5.0,9.6
202603210602070207,7, 63, 80,40.5,79.6
202603210602070210,10,,,9.2,17.9
202603210602070212,12,  9, 28,3.3,6.1
202603210602070108,8, 77, 92,1.2,1.7
202603210602070110,10, 75, 89,1.5,2.3
202603210602070111,11, 62, 79,1.4,2.1
202603210602070105,5, 78, 93,1.3,1.7
202603210602070101,1, 73, 88,3.4,5.6
202603210602070109,9, 82, 94,2.9,4.7
202603210602070104,4,,  5,22.2,38.5
202603210602070103,3, 66, 81,11.6,20.0
202603210602070102,2,,,5.5,9.2
202603210602070113,13,,,25.6,44.5
202603210602070112,12,,,37.8,65.7
202603210602070107,7, 52, 69,26.6,46.3
202603210602070115,15,,,3.7,6.2
202603210602070106,6,,,7.0,11.9
202603210602070116,16,,,38.1,66.2
202603210602070114,14,,,16.8,29.1
202603210701031203,3, 82, 91,1.4,2.3
202603210701031205,5, 95, 95,1.1,1.4
202603210701031204,4, 87, 95,3.2,6.0
202603210701031202,2, 84, 92,1.1,1.6
202603210701031214,14, 83, 91,9.4,18.9
202603210701031209,9, 86, 94,2.0,3.6
202603210701031211,11, 87, 95,2.0,3.7
202603210701031210,10, 66, 76,22.0,44.7
202603210701031213,13, 85, 93,3.5,6.6
202603210701031206,6, 84, 92,8.9,17.9
202603210701031207,7, 69, 79,11.5,23.3
202603210701031208,8, 51, 59,10.4,21.0
202603210701031201,1, 68, 80,38.0,77.2
202603210701031212,12,,,9.3,18.7
202603210701031109,9,104, 94,1.1,1.1
202603210701031110,10, 94, 86,4.2,9.5
202603210701031107,7, 95, 94,2.0,4.2
202603210701031111,11, 95, 85,2.1,4.3
202603210701031114,14, 95, 94,10.1,23.9
202603210701031117,17, 98, 97,2.8,6.1
202603210701031103,3, 86, 91,7.8,18.3
202603210701031108,8, 91, 96,9.9,23.5
202603210701031106,6, 95, 94,3.7,8.3
202603210701031104,4, 92, 97,2.2,4.7
202603210701031102,2, 94, 99,3.5,7.7
202603210701031101,1, 84, 99,5.1,11.7
202603210701031105,5, 91, 90,9.3,22.0
202603210701031115,15, 86,101,6.1,14.3
202603210701031113,13, 92, 91,4.2,9.4
202603210701031112,12, 85,100,40.6,97.5
202603210701031116,16, 82, 97,30.4,72.9
202603210701031013,13,100,100,1.7,2.5
202603210701031014,14, 93, 85,9.5,15.2
202603210701031009,9,101,101,2.4,3.6
202603210701031016,16,102, 96,2.2,3.3
202603210701031011,11, 98, 98,3.8,6.0
202603210701031002,2,101, 95,6.3,10.0
202603210701031008,8, 88, 81,3.9,6.1
202603210701031001,1,103, 99,2.2,3.2
202603210701031006,6,101, 95,1.2,1.5
202603210701031012,12, 38, 31,27.6,44.6
202603210701031003,3,103, 97,1.7,2.5
202603210701031005,5, 92, 85,13.0,20.9
202603210701031007,7, 88, 80,53.1,85.8
202603210701031010,10, 91, 84,23.2,37.4
202603210701031015,15, 98, 92,15.3,24.6
202603210701031004,4, 86, 82,9.1,14.4
202603210701030901,1, 97, 97,1.8,3.0
202603210701030906,6, 93, 93,3.0,5.4
202603210701030907,7, 90, 99,2.3,4.0
202603210701030908,8, 94, 94,4.6,8.3
202603210701030910,10, 95, 95,1.2,1.7
202603210701030904,4, 95, 95,1.6,2.7
202603210701030909,9, 97, 97,3.5,6.3
202603210701030905,5, 94, 94,1.1,1.4
202603210701030903,3, 95, 90,2.2,3.8
202603210701030902,2, 90, 90,41.6,75.7
202603210701030811,11, 88, 96,1.5,2.0
202603210701030805,5, 89, 97,1.6,2.2
202603210701030806,6, 87, 95,1.8,2.4
202603210701030809,9, 86, 94,14.0,21.0
202603210701030801,1, 88, 97,1.5,2.1
202603210701030807,7, 83, 91,2.0,2.8
202603210701030812,12, 85, 94,3.2,4.6
202603210701030802,2, 85, 93,2.8,3.9
202603210701030804,4, 61, 70,92.8,138.9
202603210701030803,3, 82, 91,8.4,12.5
202603210701030810,10, 80, 99,3.8,5.6
202603210701030813,13, 82, 90,9.4,14.0
202603210701030808,8, 60, 68,79.9,119.6
202603210701030707,7, 86, 96,1.7,2.4
202603210701030716,16, 83, 92,4.4,6.8
202603210701030713,13, 87, 97,1.9,2.8
202603210701030714,14, 80, 90,18.4,29.1
202603210701030709,9, 82, 91,22.8,36.2
202603210701030715,15, 90,100,2.5,3.7
202603210701030711,11, 87, 97,5.7,8.8
202603210701030705,5, 90, 99,1.3,1.5
202603210701030701,1, 88, 98,2.7,4.0
202603210701030710,10, 90,100,2.1,3.1
202603210701030708,8,,,3.0,4.6
202603210701030712,12,,,25.8,40.8
202603210701030702,2, 39, 48,16.4,26.0
202603210701030706,6, 85, 94,4.0,6.0
202603210701030704,4, 87, 97,16.9,26.8
202603210701030703,3,,,9.6,15.0
202603210701030604,4, 79, 94,1.4,1.9
202603210701030612,12, 85,100,1.3,1.6
202603210701030608,8, 81, 98,1.6,2.5
202603210701030602,2,,,11.4,19.3
202603210701030617,17, 75, 93,3.1,5.0
202603210701030605,5,,,4.8,8.0
202603210701030609,9,,,12.8,21.8
202603210701030606,6, 72, 91,5.1,8.5
202603210701030614,14, 80, 95,2.0,3.1
202603210701030618,18,,,2.2,3.4
202603210701030607,7,,,28.2,48.2
202603210701030613,13,,,43.4,74.4
202603210701030611,11, 54, 68,28.7,49.0
202603210701030601,1, 76, 91,3.5,5.7
202603210701030616,16, 54, 59,39.0,66.8
202603210701030610,10, 45, 60,7.5,12.5
202603210701030615,15,,,46.3,79.4
202603210701030603,3, 34, 49,38.7,66.3
202603210701030509,9, 74, 93,1.9,9.8
202603210701030506,6, 84,102,1.0,1.1
202603210701030512,12, 66, 85,2.9,17.1
202603210701030511,11, 68, 87,4.4,27.0
202603210701030501,1, 52, 70,3.8,22.8
202603210701030502,2, 64, 83,1.4,6.3
202603210701030515,15, 74, 91,4.5,27.5
202603210701030507,7, 69, 84,7.2,45.7
202603210701030514,14, 70, 87,2.0,10.9
202603210701030504,4, 71, 89,5.8,36.4
202603210701030516,16,,,4.1,24.8
202603210701030505,5,,,4.9,30.1
202603210701030518,18, 57, 62,13.9,91.4
202603210701030510,10, 64, 83,25.9,172.3
202603210701030508,8, 68, 87,22.3,147.6
202603210701030517,17, 57, 75,22.4,148.6
202603210701030513,13, 62, 79,24.0,159.5
202603210701030503,3, 60, 78,14.7,96.2
202603210701030416,16, 75, 94,1.2,1.6
202603210701030405,5, 78, 97,1.4,2.0
202603210701030403,3, 80, 97,2.6,4.1
202603210701030406,6, 77, 96,3.3,5.2
202603210701030413,13, 77, 95,17.5,29.5
202603210701030408,8, 77, 92,10.7,17.9
202603210701030411,11, 77, 96,12.9,21.7
202603210701030402,2, 72, 89,12.5,20.9
202603210701030401,1, 78, 95,4.7,7.6
202603210701030418,18, 81, 99,2.7,4.2
202603210701030412,12, 80, 99,2.8,4.5
202603210701030409,9, 71, 88,1.4,2.1
202603210701030414,14, 72, 90,40.7,68.7
202603210701030415,15, 70, 87,15.0,25.2
202603210701030407,7, 76, 94,24.6,41.5
202603210701030417,17,,,6.2,10.2
202603210701030410,10, 75, 94,17.1,28.8
202603210701030404,4, 40, 58,35.3,59.7
202603210701030301,1, 81, 98,1.1,1.1
202603210701030304,4, 70, 87,1.5,6.2
202603210701030307,7, 74, 93,1.1,3.7
202603210701030312,12, 46, 65,10.9,60.2
202603210701030309,9, 61, 78,15.2,85.4
202603210701030305,5, 64, 82,3.9,20.4
202603210701030308,8, 67, 85,13.5,75.7
202603210701030303,3, 72, 88,4.4,23.0
202603210701030311,11, 63, 81,1.3,5.3
202603210701030306,6, 78, 95,2.7,13.1
202603210701030313,13, 55, 72,4.8,25.2
202603210701030310,10,,,43.8,249.2
202603210701030302,2, 58, 76,19.6,110.3
202603210701030210,10, 74, 89,2.7,4.4
202603210701030201,1, 84, 99,1.2,1.5
202603210701030204,4, 84, 99,1.4,2.0
202603210701030205,5, 81, 96,3.4,5.6
202603210701030216,16, 84, 98,1.5,2.3
202603210701030215,15, 83, 97,4.4,7.5
202603210701030214,14,  8, 26,14.3,25.1
202603210701030206,6, 80, 94,7.1,12.2
202603210701030202,2, 80, 95,1.7,2.7
202603210701030203,3,,,24.0,42.4
202603210701030208,8, 74, 89,6.0,10.2
202603210701030209,9, 66, 80,16.5,29.0
202603210701030212,12, 77, 92,4.5,7.7
202603210701030207,7,,,8.9,15.4
202603210701030213,13, 66, 81,61.1,107.9
202603210701030211,11, 25, 41,51.5,90.9
202603210701030113,13, 82,100,1.0,1.1
202603210701030109,9, 75, 93,1.3,5.8
202603210701030102,2, 74, 92,2.7,15.9
202603210701030108,8, 68, 86,6.5,42.2
202603210701030110,10, 73, 91,1.5,7.5
202603210701030105,5, 75, 93,1.3,6.0
202603210701030103,3, 34, 49,9.7,64.2
202603210701030104,4,,,22.0,149.8
202603210701030111,11, 67, 85,3.3,19.8
202603210701030112,12, 36, 54,7.1,46.2
202603210701030107,7, 56, 74,19.5,132.4
202603210701030106,6, 57, 73,40.7,279.3
202603210701030101,1, 60, 79,7.0,46.0
202603210901091208,8, 82, 92,1.8,2.9
202603210901091209,9, 85, 95,2.4,3.9
202603210901091210,10, 70, 80,10.4,18.8
202603210901091207,7, 92,101,1.1,1.3
202603210901091205,5, 78, 87,14.6,26.6
202603210901091206,6, 82, 91,2.4,4.0
202603210901091215,15, 86, 95,2.2,3.7
202603210901091203,3, 87, 96,1.6,2.4
202603210901091201,1, 80, 89,18.3,33.4
202603210901091204,4, 89, 98,2.7,4.7
202603210901091212,12, 83, 92,9.9,18.0
202603210901091214,14, 65, 75,46.5,85.1
202603210901091211,11, 82, 91,5.2,9.3
202603210901091202,2, 78, 87,27.3,49.9
202603210901091213,13, 83, 92,3.8,6.6
202603210901091101,1, 99, 92,1.1,1.2
202603210901091109,9, 83,101,2.4,4.3
202603210901091107,7, 89,107,2.3,4.0
202603210901091102,2, 99, 93,2.0,3.6
202603210901091105,5, 81, 99,3.0,5.5
202603210901091106,6, 94, 99,2.4,4.3
202603210901091108,8, 83,102,5.3,10.2
202603210901091103,3, 92, 97,2.2,4.0
202603210901091112,12, 90, 95,1.6,2.5
202603210901091104,4, 82,101,4.8,9.1
202603210901091110,10,,,21.6,41.9
202603210901091111,11,,,42.4,82.4
202603210901091010,10, 95, 90,4.7,6.6
202603210901091001,1, 88, 84,21.5,30.6
202603210901091006,6, 98, 93,1.7,2.1
202603210901091003,3, 98, 93,5.2,7.4
202603210901091012,12, 90, 85,8.2,11.7
202603210901091009,9,100,100,3.5,4.8
202603210901091013,13,101, 96,3.5,4.9
202603210901091002,2,101, 96,2.1,2.8
202603210901091007,7, 96, 91,2.9,4.0
202603210901091004,4, 93, 87,4.0,5.6
202603210901091008,8, 89, 83,8.8,12.5
202603210901091014,14, 93, 88,21.6,30.7
202603210901091011,11,100, 94,1.7,2.1
202603210901091005,5,100, 94,6.9,9.8
202603210901091016,16, 99, 94,3.6,5.1
202603210901091015,15, 91, 86,2.5,3.5
202603210901090905,5, 94, 94,1.6,2.5
202603210901090908,8, 92, 92,1.4,2.1
202603210901090903,3, 91, 99,1.2,1.7
202603210901090902,2, 98, 98,1.1,1.5
202603210901090904,4, 87, 87,6.6,11.4
202603210901090907,7, 90, 90,7.1,12.4
202603210901090901,1, 91, 91,4.8,8.3
202603210901090906,6, 90, 90,1.3,2.0
202603210901090809,9, 97, 97,1.4,1.8
202603210901090805,5, 91, 91,3.9,5.7
202603210901090808,8, 92, 92,1.9,2.7
202603210901090807,7, 95, 95,2.5,3.5
202603210901090801,1, 92,101,4.6,6.9
202603210901090806,6, 93, 93,7.6,11.2
202603210901090810,10, 87, 87,5.3,7.9
202603210901090803,3,,,1.9,2.7
202603210901090802,2, 86, 86,4.4,6.5
202603210901090811,11, 94, 94,1.6,2.0
202603210901090804,4, 82, 82,26.1,38.8
202603210901090812,12, 89, 89,2.0,2.8
202603210901090704,4, 84, 94,1.1,1.3
202603210901090711,11, 77, 86,1.2,1.8
202603210901090705,5, 71, 81,1.7,2.9
202603210901090708,8, 79, 88,1.3,2.2
202603210901090710,10, 56, 65,3.6,6.8
202603210901090709,9, 73, 82,2.7,5.1
202603210901090703,3, 71, 81,6.0,11.7
202603210901090701,1, 73, 83,5.1,10.0
202603210901090702,2, 66, 75,26.9,53.2
202603210901090706,6, 71, 81,8.1,15.9
202603210901090707,7,,,3.2,5.9
202603210901090605,5, 87,103,2.9,4.8
202603210901090611,11,104,109,1.2,1.4
202603210901090608,8, 86,101,2.4,3.8
202603210901090615,15, 87, 92,2.3,3.7
202603210901090607,7, 84,100,3.3,5.5
202603210901090612,12, 81, 87,4.5,7.5
202603210901090616,16, 92, 97,2.1,3.3
202603210901090613,13, 82, 87,11.7,20.3
202603210901090610,10, 86,102,16.4,28.6
202603210901090602,2, 92, 97,1.6,2.3
202603210901090606,6, 72, 77,21.2,37.2
202603210901090609,9, 90, 95,2.0,3.2
202603210901090601,1, 86, 91,13.9,24.2
202603210901090614,14, 28, 25,57.9,101.7
202603210901090604,4, 85, 90,22.2,38.9
202603210901090603,3, 70, 75,28.4,49.8
202603210901090515,15, 79, 96,2.3,3.6
202603210901090507,7, 81, 96,6.8,11.4
202603210901090512,12, 83,100,1.3,1.7
202603210901090503,3, 83,100,1.5,2.2
202603210901090514,14, 79, 96,1.7,2.6
202603210901090508,8, 77, 95,2.3,3.6
202603210901090513,13,,,12.6,21.4
202603210901090502,2, 68, 86,36.8,62.9
202603210901090506,6, 81, 98,1.3,1.8
202603210901090518,18, 54, 71,4.6,7.7
202603210901090509,9, 63, 82,26.0,44.4
202603210901090510,10, 60, 79,43.9,75.2
202603210901090517,17, 68, 86,20.2,34.4
202603210901090501,1, 28, 46,50.1,85.9
202603210901090504,4, 81, 96,18.9,32.1
202603210901090505,5, 52, 68,19.6,33.4
202603210901090516,16, 67, 86,13.6,23.1
202603210901090511,11, 10, 29,98.0,168.1
202603210901090415,15, 84,100,1.1,1.2
202603210901090410,10, 70, 86,2.3,4.2
202603210901090414,14, 83, 99,1.3,2.2
202603210901090409,9, 62, 79,2.8,5.1
202603210901090404,4,,,4.0,7.6
202603210901090401,1, 81, 97,1.4,2.3
202603210901090403,3, 68, 86,3.4,6.4
202603210901090405,5, 53, 72,17.0,34.0
202603210901090402,2,,,64.3,129.4
202603210901090411,11,,,26.3,52.7
202603210901090413,13,,,2.4,4.3
202603210901090408,8, 58, 76,7.5,14.7
202603210901090406,6, 71, 87,12.9,25.7
202603210901090412,12, 17, 34,9.3,18.3
202603210901090407,7, 69, 85,20.4,40.9
202603210901090304,4, 78, 97,1.2,1.7
202603210901090307,7, 81, 99,1.6,2.4
202603210901090309,9, 76, 95,1.2,1.7
202603210901090303,3, 77, 96,1.2,1.7
202603210901090305,5, 75, 94,1.7,2.6
202603210901090306,6, 64, 83,18.0,31.2
202603210901090302,2, 70, 89,3.1,5.0
202603210901090310,10, 68, 86,17.0,29.3
202603210901090301,1,  9, 28,15.9,27.6
202603210901090308,8, 54, 72,33.8,58.5
202603210901090210,10, 84, 99,1.0,1.1
202603210901090202,2, 75, 90,1.6,8.6
202603210901090206,6, 61, 77,2.7,16.9
202603210901090203,3, 73, 88,1.3,5.6
202603210901090208,8, 67, 84,1.7,9.4
202603210901090204,4, 69, 84,4.7,31.2
202603210901090211,11, 52, 68,18.2,129.9
202603210901090213,13, 58, 73,12.7,89.7
202603210901090207,7,,,12.6,89.4
202603210901090205,5, 57, 72,10.3,72.5
202603210901090209,9, 71, 86,2.1,12.5
202603210901090212,12, 59, 75,14.4,102.6
202603210901090201,1,,,3.3,21.3
202603210901090103,3, 75, 92,1.1,2.1
202603210901090106,6, 73, 91,1.9,4.0
202603210901090109,9, 78, 96,1.1,1.3
202603210901090105,5,,,3.2,7.3
202603210901090104,4, 81, 99,1.1,1.4
202603210901090102,2, 58, 76,5.6,13.3
202603210901090108,8, 62, 80,11.2,27.1
202603210901090110,10, 80, 95,2.3,5.1
202603210901090101,1, 68, 87,5.2,12.3
202603210901090107,7, 63, 82,28.2,68.6
202603150602061216,16, 84, 93,1.8,2.5
202603150602061211,11, 77, 86,6.3,9.4
202603150602061205,5, 67, 76,3.2,4.6
202603150602061204,4, 82, 91,18.9,28.7
202603150602061209,9, 85, 94,1.7,2.4
202603150602061203,3, 87, 96,1.4,1.7
202603150602061210,10, 86, 95,11.7,17.8
202603150602061206,6, 87, 96,2.7,3.9
202603150602061207,7, 86, 95,4.3,6.4
202603150602061202,2, 80, 89,2.2,3.2
202603150602061201,1, 79, 88,12.4,18.8
202603150602061212,12, 80, 89,4.8,7.1
202603150602061215,15, 79, 89,2.1,3.0
202603150602061214,14, 73, 82,40.4,61.5
202603150602061213,13,,,36.8,56.1
202603150602061208,8, 75, 84,23.7,36.1
202603150602061115,15, 83,101,3.2,5.9
202603150602061102,2,100, 93,1.4,1.9
202603150602061114,14, 94, 91,2.9,5.3
202603150602061116,16, 99, 93,2.4,4.2
202603150602061110,10, 91, 85,2.6,4.6
202603150602061104,4, 94,100,2.8,5.1
202603150602061112,12, 97,102,1.1,1.3
202603150602061108,8, 91, 97,8.1,15.4
202603150602061113,13, 88,105,1.9,3.3
202603150602061106,6, 90, 84,11.9,22.9
202603150602061103,3, 79, 85,8.6,16.3
202603150602061107,7, 93, 86,7.6,14.4
202603150602061109,9, 83,102,38.4,74.9
202603150602061111,11, 95, 90,4.0,7.3
202603150602061101,1,,,45.8,89.1
202603150602061105,5, 89, 95,31.2,60.7
202603150602061005,5, 97, 79,1.9,3.0
202603150602061006,6,110,102,1.2,1.5
202603150602061016,16,101, 89,4.9,8.4
202603150602061015,15,112,100,1.5,2.4
202603150602061007,7,102, 90,9.2,16.1
202603150602061002,2,110, 98,4.5,7.6
202603150602061013,13,107, 92,2.2,3.6
202603150602061003,3,110, 88,12.5,22.2
202603150602061009,9,105, 93,3.7,6.3
202603150602061014,14,105, 93,23.3,41.6
202603150602061011,11,110, 95,1.3,1.8
202603150602061010,10,108, 96,12.9,22.9
202603150602061001,1, 93, 83,24.6,44.0
202603150602061008,8,105, 97,9.3,16.4
202603150602061012,12, 88, 76,32.1,57.4
202603150602061004,4,105, 93,5.2,9.0
202603150602060911,11, 83, 83,3.0,5.1
202603150602060905,5, 96, 96,1.4,2.0
202603150602060908,8, 98, 98,1.5,2.4
202603150602060910,10, 95, 95,1.7,2.7
202603150602060901,1, 96,105,1.6,2.6
202603150602060906,6, 98, 98,1.1,1.4
202603150602060907,7, 95, 95,3.0,5.1
202603150602060909,9, 82, 82,6.9,12.2
202603150602060903,3, 80, 80,32.7,59.6
202603150602060904,4, 79, 79,22.2,40.4
202603150602060902,2, 77, 77,20.8,37.8
202603150602060801,1, 97,106,1.0,3.3
202603150602060807,7, 99, 99,1.0,3.4
202603150602060808,8, 93,101,1.0,1.1
202603150602060804,4, 97, 97,1.9,8.6
202603150602060806,6, 95, 95,4.7,24.0
202603150602060805,5, 94, 94,7.1,37.5
202603150602060810,10, 92, 92,4.7,24.3
202603150602060803,3, 98, 98,3.2,15.9
202603150602060802,2, 93, 93,14.2,77.3
202603150602060809,9, 74, 74,22.7,124.9
202603150602060704,4, 92, 97,1.2,1.7
202603150602060715,15, 86,100,4.8,8.0
202603150602060707,7, 89,104,1.3,1.7
202603150602060702,2, 87,101,3.2,5.2
202603150602060701,1, 89, 88,1.4,2.1
202603150602060714,14, 87,102,2.7,4.4
202603150602060706,6, 85, 90,13.7,23.6
202603150602060708,8, 88, 93,3.8,6.3
202603150602060703,3, 92,106,2.5,4.1
202603150602060710,10, 80, 74,11.8,20.3
202603150602060711,11, 89, 94,2.3,3.7
202603150602060709,9, 62, 67,30.8,53.6
202603150602060713,13, 82, 87,12.1,20.9
202603150602060712,12,,,46.2,80.3
202603150602060705,5,,,57.9,100.7
202603150602060605,5, 74, 83,1.7,2.4
202603150602060604,4, 82, 92,2.2,3.2
202603150602060607,7, 78, 87,4.6,7.0
202603150602060612,12, 90, 99,1.3,1.6
202603150602060603,3, 83, 92,9.0,14.1
202603150602060609,9, 78, 87,2.8,4.2
202603150602060610,10, 86, 96,2.6,3.9
202603150602060608,8, 89, 99,2.7,4.1
202603150602060601,1, 54, 63,12.6,19.9
202603150602060602,2, 46, 55,1.9,2.7
202603150602060616,16, 79, 88,12.3,19.4
202603150602060615,15, 61, 70,84.9,134.8
202603150602060606,6, 69, 79,23.2,36.8
202603150602060611,11, 79, 89,22.2,35.1
202603150602060614,14, 45, 54,4.5,7.0
202603150602060613,13,,,5.2,8.0
202603150602060518,18,,,1.1,1.7
202603150602060514,14, 79, 98,1.2,1.9
202603150602060510,10, 75, 92,3.6,6.6
202603150602060515,15, 76, 94,2.7,4.8
202603150602060503,3, 64, 83,16.2,31.1
202603150602060512,12, 79, 97,1.1,1.4
202603150602060517,17, 78, 95,8.0,15.1
202603150602060504,4, 62, 80,19.6,37.8
202603150602060511,11, 70, 88,45.0,87.2
202603150602060513,13, 70, 86,18.5,35.7
202603150602060507,7, 74, 92,2.6,4.6
202603150602060516,16,,,48.2,93.4
202603150602060502,2, 65, 84,11.3,21.6
202603150602060508,8, 63, 80,16.6,31.8
202603150602060509,9, 74, 93,6.6,12.5
202603150602060505,5, 77, 95,4.3,8.0
202603150602060501,1, 72, 87,7.2,13.6
202603150602060506,6, 43, 61,36.6,70.9
202603150602060402,2, 81, 98,2.2,3.5
202603150602060413,13, 75, 90,2.8,4.6
202603150602060404,4, 69, 85,2.1,3.4
202603150602060406,6, 78, 96,1.1,1.4
202603150602060403,3, 74, 91,2.4,4.0
202603150602060401,1, 73, 90,3.7,6.3
202603150602060415,15, 62, 80,5.2,9.0
202603150602060412,12,,,31.9,56.8
202603150602060411,11, 54, 71,42.5,75.9
202603150602060410,10, 47, 65,42.5,75.8
202603150602060416,16, 82, 97,1.6,2.3
202603150602060407,7,,,9.6,16.8
202603150602060409,9, 64, 82,14.8,26.2
202603150602060405,5, 74, 89,46.3,82.6
202603150602060414,14, 59, 76,58.3,104.0
202603150602060408,8, 72, 90,1.8,2.8
202603150602060302,2,,,1.8,4.1
202603150602060306,6, 70, 86,1.3,2.3
202603150602060310,10, 88,103,1.1,1.1
202603150602060316,16, 71, 88,1.8,4.1
202603150602060311,11, 74, 86,5.3,13.8
202603150602060309,9, 64, 78,9.6,25.7
202603150602060312,12, 73, 89,9.6,25.7
202603150602060308,8, 71, 86,8.0,21.4
202603150602060314,14, 63, 80,32.2,87.9
202603150602060313,13, 80, 94,2.8,6.8
202603150602060315,15, 51, 66,3.2,8.0
202603150602060305,5, 76, 91,6.5,17.2
202603150602060304,4, 75, 90,4.1,10.5
202603150602060301,1, 54, 69,3.6,9.1
202603150602060303,3, 64, 77,21.8,59.4
202603150602060307,7, 47, 62,78.4,215.2
202603150602060208,8, 70, 89,1.9,3.2
202603150602060207,7, 81, 98,1.1,1.4
202603150602060211,11, 82, 99,1.2,1.8
202603150602060216,16, 78, 96,2.3,4.0
202603150602060213,13, 72, 90,3.1,5.5
202603150602060201,1, 71, 90,4.7,8.6
202603150602060203,3, 79, 97,1.2,2.0
202603150602060206,6, 74, 91,8.4,15.7
202603150602060214,14, 59, 76,18.5,35.3
202603150602060215,15, 77, 91,9.8,18.4
202603150602060205,5, 64, 79,36.6,70.1
202603150602060204,4, 15, 30,56.5,108.4
202603150602060202,2, 56, 73,19.6,37.4
202603150602060212,12, 65, 83,11.8,22.3
202603150602060209,9, 58, 74,28.5,54.7
202603150602060210,10,,,28.4,54.5
202603150602060110,10, 81, 96,1.1,1.9
202603150602060107,7, 87,102,1.1,1.1
202603150602060104,4, 79, 95,1.4,3.4
202603150602060115,15, 81, 96,1.9,4.9
202603150602060108,8, 69, 85,8.8,26.2
202603150602060116,16, 71, 86,3.4,9.5
202603150602060114,14, 58, 73,2.3,6.0
202603150602060106,6, 70, 84,8.1,24.0
202603150602060103,3, 73, 88,4.8,13.7
202603150602060101,1, 70, 85,37.3,113.6
202603150602060111,11,,,4.9,14.0
202603150602060113,13, 69, 86,25.0,75.8
202603150602060105,5,,,7.0,20.5
202603150602060112,12, 49, 64,65.3,199.3
202603150602060102,2, 60, 74,20.5,62.2
202603150602060109,9,,,10.9,32.6
202603150701021213,13, 88, 97,1.7,2.1
202603150701021202,2, 88, 97,3.5,4.9
202603150701021201,1, 84, 93,3.5,5.0
202603150701021205,5, 72, 80,5.2,7.4
202603150701021203,3, 88, 97,2.2,3.0
202603150701021209,9, 86, 95,2.5,3.4
202603150701021207,7, 87, 96,3.6,5.1
202603150701021217,17, 90, 99,3.4,4.8
202603150701021206,6, 86, 95,1.7,2.1
202603150701021212,12, 86, 95,5.9,8.4
202603150701021204,4, 79, 88,27.5,40.3
202603150701021215,15, 84, 93,5.5,7.8
202603150701021210,10, 77, 86,20.0,29.1
202603150701021216,16, 84, 93,4.1,5.7
202603150701021211,11, 96,101,4.5,6.4
202603150701021218,18, 82, 91,17.2,25.0
202603150701021214,14, 81, 90,27.1,39.6
202603150701021208,8, 76, 85,68.0,99.3
202603150701021109,9,114, 92,2.7,4.0
202603150701021103,3,114, 92,2.3,3.5
202603150701021112,12,119, 93,1.4,1.7
202603150701021102,2,118, 96,2.4,3.5
202603150701021101,1,118, 96,1.5,1.9
202603150701021106,6,116,102,2.0,3.0
202603150701021105,5,115, 93,7.8,12.4
202603150701021111,11,106, 92,8.7,13.8
202603150701021114,14,114, 92,11.3,18.2
202603150701021108,8,110, 84,15.3,24.5
202603150701021110,10,117, 91,5.2,8.2
202603150701021107,7,113, 91,17.3,27.7
202603150701021113,13, 90, 64,2.5,3.7
202603150701021104,4,,,3.1,4.7
202603150701021004,4, 95,100,1.7,2.5
202603150701021001,1, 98,103,2.2,3.5
202603150701021006,6, 96,101,4.6,7.5
202603150701021003,3, 99,104,4.7,7.7
202603150701021010,10,102,107,1.3,1.6
202603150701021008,8, 84,100,14.9,25.3
202603150701021002,2, 79, 84,40.7,69.1
202603150701021007,7, 94, 99,1.4,1.8
202603150701021009,9, 92,108,1.6,2.5
202603150701021011,11, 93, 98,2.2,3.3
202603150701021012,12, 90,106,4.8,7.9
202603150701021005,5, 80, 70,20.2,34.1
202603150701020916,16, 87, 87,3.0,4.5
202603150701020907,7, 93, 93,3.3,5.0
202603150701020915,15, 98, 98,1.5,1.9
202603150701020906,6, 90, 90,7.2,11.2
202603150701020904,4, 91, 91,7.2,11.3
202603150701020903,3, 62, 62,2.4,3.6
202603150701020909,9, 99, 99,2.0,2.9
202603150701020902,2, 92, 92,8.0,12.5
202603150701020905,5, 74, 74,3.4,5.1
202603150701020910,10, 89, 89,8.9,14.0
202603150701020913,13, 95,104,1.7,2.5
202603150701020908,8, 99, 99,1.4,1.8
202603150701020901,1, 90, 90,29.2,46.3
202603150701020912,12, 79, 79,14.5,23.0
202603150701020911,11, 84, 84,39.2,62.1
202603150701020914,14, 91, 91,,
202603150701020810,10, 89, 98,1.2,1.5
202603150701020807,7, 89, 97,1.5,2.2
202603150701020809,9, 88, 97,1.7,2.6
202603150701020804,4, 75, 83,1.6,2.4
202603150701020808,8, 83, 91,3.0,4.7
202603150701020812,12, 84, 92,5.2,8.5
202603150701020802,2, 88, 97,1.9,2.9
202603150701020806,6, 85, 94,16.0,26.8
202603150701020803,3, 81, 99,5.3,8.7
202603150701020801,1, 87, 95,2.9,4.7
202603150701020805,5, 32, 41,40.2,67.5
202603150701020811,11, 21, 30,56.3,94.5
202603150701020701,1, 77, 86,1.6,2.0
202603150701020715,15, 90, 99,1.9,2.5
202603150701020706,6, 82, 92,2.1,2.8
202603150701020713,13, 88, 98,3.8,5.4
202603150701020707,7, 86, 96,6.3,9.1
202603150701020702,2, 91, 91,6.0,8.6
202603150701020712,12, 84, 93,1.7,2.2
202603150701020714,14, 82, 91,3.3,4.7
202603150701020703,3, 88, 97,5.3,7.6
202603150701020711,11, 77, 86,9.5,13.8
202603150701020709,9, 87, 96,1.8,2.5
202603150701020704,4, 70, 79,67.3,99.1
202603150701020708,8, 77, 86,4.3,6.2
202603150701020710,10, 62, 71,30.1,44.4
202603150701020705,5, 69, 78,96.7,142.5
202603150701020602,2, 85, 95,2.0,2.9
202603150701020605,5, 84, 94,1.5,2.1
202603150701020606,6, 85, 95,1.4,1.7
202603150701020609,9, 85, 95,6.5,10.2
202603150701020603,3, 87, 97,3.3,5.0
202603150701020615,15, 89, 99,1.8,2.7
202603150701020613,13, 83, 93,9.1,14.3
202603150701020607,7, 82, 92,4.0,6.1
202603150701020604,4, 75, 85,7.4,11.6
202603150701020614,14, 75, 84,2.5,3.7
202603150701020616,16, 79, 88,68.3,108.9
202603150701020611,11, 82, 92,5.2,8.0
202603150701020612,12, 84, 93,17.2,27.3
202603150701020608,8, 80, 89,2.8,4.3
202603150701020601,1, 84, 93,45.6,72.7
202603150701020610,10,,,24.9,39.6
202603150701020501,1, 78, 97,1.1,1.2
202603150701020507,7, 78, 97,1.1,1.3
202603150701020515,15, 70, 89,2.8,8.1
202603150701020508,8, 75, 93,2.2,6.2
202603150701020510,10, 78, 97,1.4,3.4
202603150701020513,13, 76, 95,3.0,9.0
202603150701020511,11, 62, 80,15.2,49.7
202603150701020502,2, 60, 79,11.3,36.5
202603150701020505,5, 71, 89,10.6,34.2
202603150701020503,3, 58, 74,20.2,66.1
202603150701020512,12, 66, 85,6.7,21.3
202603150701020506,6, 65, 83,17.7,58.0
202603150701020514,14,,,2.3,6.6
202603150701020509,9, 67, 85,18.5,60.4
202603150701020504,4,,,17.5,57.2
202603150701020417,17, 82, 98,1.8,2.6
202603150701020402,2, 83, 97,1.5,2.0
202603150701020405,5, 31, 46,4.4,6.7
202603150701020412,12, 79, 93,4.7,7.2
202603150701020414,14, 73, 87,4.6,7.1
202603150701020409,9, 77, 93,1.9,2.7
202603150701020416,16, 83, 98,1.4,1.8
202603150701020415,15, 84, 99,2.1,3.1
202603150701020411,11, 83, 97,13.2,20.8
202603150701020413,13, 77, 91,24.7,39.2
202603150701020406,6, 80, 95,4.3,6.5
202603150701020407,7,,,7.9,12.4
202603150701020401,1, 64, 81,20.4,32.4
202603150701020408,8,,,38.3,61.0
202603150701020403,3, 81, 96,5.6,8.7
202603150701020410,10, 44, 58,29.2,46.5
202603150701020418,18,,,63.8,101.4
202603150701020404,4, 67, 82,13.0,20.5
202603150701020301,1, 79, 96,1.3,5.5
202603150701020311,11,,,4.9,30.5
202603150701020312,12, 83,100,1.0,1.1
202603150701020305,5, 77, 92,8.3,53.7
202603150701020308,8,,,4.3,26.1
202603150701020307,7,,,2.0,11.0
202603150701020315,15,,,18.8,124.9
202603150701020309,9,,,6.7,42.9
202603150701020316,16, 78, 93,5.2,32.4
202603150701020302,2, 76, 91,5.2,32.7
202603150701020313,13, 73, 88,9.3,60.2
202603150701020314,14, 78, 95,1.8,9.4
202603150701020304,4, 77, 95,2.0,10.8
202603150701020310,10,,,8.1,52.4
202603150701020303,3,,,7.6,48.7
202603150701020306,6,,,25.3,168.9
202603150701020201,1, 96,113,1.1,1.1
202603150701020213,13, 76, 91,1.3,5.1
202603150701020211,11, 67, 84,2.3,10.9
202603150701020207,7, 79, 96,1.4,5.9
202603150701020210,10, 62, 80,9.4,51.7
202603150701020212,12,,,5.6,30.0
202603150701020205,5,,,1.4,5.9
202603150701020206,6, 52, 70,3.5,17.6
202603150701020209,9, 66, 83,10.6,58.1
202603150701020202,2, 69, 83,6.9,37.0
202603150701020203,3, 49, 67,26.2,147.4
202603150701020204,4, 52, 67,32.1,180.9
202603150701020208,8, 45, 63,8.6,46.7
202603150701020114,14, 82, 98,1.3,1.8
202603150701020103,3, 83, 98,1.2,1.6
202603150701020116,16, 78, 93,2.7,4.4
202603150701020101,1, 64, 81,3.8,6.5
202603150701020105,5, 80, 96,1.6,2.4
202603150701020106,6, 74, 91,1.9,3.1
202603150701020115,15, 69, 84,13.0,22.9
202603150701020113,13,,,19.9,35.3
202603150701020102,2, 75, 91,2.7,4.4
202603150701020104,4, 70, 85,12.9,22.7
202603150701020107,7, 58, 75,57.9,103.0
202603150701020110,10, 66, 84,5.9,10.2
202603150701020112,12, 67, 81,21.0,37.3
202603150701020109,9, 75, 91,3.1,5.2
202603150701020108,8, 66, 82,19.7,34.9
202603150701020111,11,,,25.6,45.6
202603150901081205,5, 93, 93,2.3,3.3
202603150901081208,8, 98, 98,1.3,1.6
202603150901081207,7, 96, 96,1.6,2.1
202603150901081206,6, 97, 97,3.1,4.7
202603150901081212,12, 94, 94,2.6,3.9
202603150901081213,13, 94, 94,2.8,4.1
202603150901081211,11, 60, 60,12.7,19.8
202603150901081209,9, 83, 83,1.8,2.6
202603150901081201,1, 94, 94,3.2,4.9
202603150901081210,10, 91, 91,7.2,11.2
202603150901081203,3, 87, 87,20.3,31.5
202603150901081204,4, 78, 78,4.9,7.6
202603150901081202,2, 90, 99,4.0,6.1
202603150901081112,12,100, 92,5.5,7.1
202603150901081114,14,103, 95,7.7,10.1
202603150901081108,8,104, 96,2.0,2.4
202603150901081106,6, 96, 88,5.3,6.9
202603150901081110,10, 97, 87,7.0,9.2
202603150901081104,4, 88, 78,2.8,3.6
202603150901081111,11, 98, 86,3.2,4.1
202603150901081116,16, 93, 85,12.3,16.2
202603150901081109,9,106, 98,2.8,3.6
202603150901081101,1,102, 94,4.7,6.1
202603150901081103,3,103, 95,3.3,4.3
202603150901081107,7, 87, 75,1.9,2.3
202603150901081113,13,104, 96,2.4,3.0
202603150901081105,5,100, 92,15.7,20.7
202603150901081115,15,101, 93,2.8,3.6
202603150901081102,2,102, 94,9.5,12.6
202603150901081005,5, 59, 52,1.2,1.5
202603150901081004,4, 98, 91,3.6,5.6
202603150901081014,14, 99, 92,5.9,9.5
202603150901081003,3,100, 93,3.2,5.0
202603150901081012,12, 99, 92,1.6,2.2
202603150901081011,11, 98, 98,1.7,2.4
202603150901081013,13, 86, 79,11.6,18.9
202603150901081009,9, 98, 91,2.2,3.4
202603150901081007,7, 99, 91,4.8,7.6
202603150901081002,2, 93, 86,17.6,28.6
202603150901081001,1, 94, 87,8.5,13.9
202603150901081010,10,101, 94,3.6,5.7
202603150901081008,8, 93, 85,5.2,8.2
202603150901081006,6, 97, 90,2.9,4.5
202603150901080903,3, 89, 94,1.6,2.0
202603150901080904,4, 85, 82,2.2,2.8
202603150901080907,7, 83, 88,3.3,4.2
202603150901080902,2, 84, 99,1.5,1.8
202603150901080905,5, 86,104,3.6,4.6
202603150901080906,6, 81,100,2.7,3.4
202603150901080901,1, 79, 98,13.3,16.3
202603150901080811,11, 93, 93,3.2,5.1
202603150901080806,6, 98, 98,1.3,1.7
202603150901080809,9, 96, 88,2.8,4.4
202603150901080810,10, 90, 99,1.4,2.0
202603150901080804,4, 91, 91,18.5,30.2
202603150901080801,1, 98, 98,1.3,1.8
202603150901080803,3, 88, 88,11.3,18.5
202603150901080808,8, 93,103,2.5,3.8
202603150901080805,5, 91, 91,1.7,2.5
202603150901080807,7, 64, 64,7.9,12.9
202603150901080802,2, 86, 86,4.9,7.9
202603150901080707,7, 62, 71,10.1,18.4
202603150901080703,3, 90, 98,1.1,1.4
202603150901080713,13, 88, 96,2.3,3.9
202603150901080701,1, 87, 96,2.5,4.2
202603150901080711,11, 89, 98,1.5,2.3
202603150901080710,10, 91, 99,1.2,1.8
202603150901080706,6, 87, 95,3.8,6.7
202603150901080702,2, 83, 92,6.2,11.2
202603150901080709,9, 81, 90,3.6,6.4
202603150901080708,8, 87, 95,3.6,6.4
202603150901080712,12, 79, 87,34.9,64.4
202603150901080705,5, 85, 93,4.5,8.1
202603150901080704,4, 87, 95,6.6,12.0
202603150901080607,7, 89, 94,2.1,9.5
202603150901080606,6, 97, 91,1.1,1.1
202603150901080605,5, 91, 96,1.4,5.6
202603150901080603,3, 90,105,1.2,4.2
202603150901080610,10, 93, 83,1.8,7.8
202603150901080604,4, 83,100,1.5,5.9
202603150901080608,8, 85, 90,6.2,31.7
202603150901080602,2, 73, 91,33.5,180.0
202603150901080601,1, 63, 78,43.9,236.6
202603150901080611,11, 55, 73,11.9,62.7
202603150901080609,9, 75, 90,29.9,160.7
202603150901080510,10, 76, 95,2.6,3.7
202603150901080504,4,,,5.9,8.9
202603150901080502,2, 72, 91,3.0,4.3
202603150901080512,12, 81,100,1.5,1.9
202603150901080503,3, 81, 99,2.1,3.0
202603150901080506,6, 78, 93,4.0,5.9
202603150901080501,1, 71, 90,17.6,26.9
202603150901080515,15, 70, 89,4.4,6.6
202603150901080516,16, 79, 98,2.1,3.0
202603150901080511,11, 76, 95,2.7,3.8
202603150901080514,14, 80, 99,1.6,2.1
202603150901080507,7, 75, 92,5.4,8.1
202603150901080513,13, 63, 81,99.0,151.9
202603150901080505,5, 36, 54,66.6,102.2
202603150901080508,8, 75, 92,8.9,13.5
202603150901080509,9, 58, 76,24.8,38.0
202603150901080414,14,,,2.1,3.4
202603150901080403,3,,,1.5,2.4
202603150901080413,13,,,4.0,6.9
202603150901080409,9,,,5.7,10.0
202603150901080404,4,,,4.3,7.5
202603150901080407,7,,,1.1,1.3
202603150901080408,8,,,1.7,2.8
202603150901080410,10,,,1.6,2.5
202603150901080401,1,,,3.2,5.5
202603150901080402,2,,,12.0,21.5
202603150901080405,5,,,14.7,26.5
202603150901080406,6,,,18.9,34.0
202603150901080412,12, 68, 86,21.4,38.7
202603150901080411,11,,,13.7,24.7
202603150901080308,8, 77, 93,2.4,4.3
202603150901080314,14, 83, 99,1.1,1.2
202603150901080309,9, 79, 95,1.6,2.5
202603150901080303,3, 78, 93,3.0,5.5
202603150901080312,12, 77, 92,1.9,3.4
202603150901080305,5, 80, 94,2.2,3.9
202603150901080315,15, 78, 93,5.6,10.6
202603150901080304,4, 65, 81,46.2,91.0
202603150901080307,7, 74, 89,4.6,8.7
202603150901080311,11, 76, 91,3.2,5.9
202603150901080306,6, 70, 87,44.4,87.5
202603150901080316,16, 65, 77,5.2,9.9
202603150901080301,1, 74, 89,3.4,6.4
202603150901080310,10, 75, 90,14.6,28.4
202603150901080302,2, 72, 87,26.7,52.4
202603150901080313,13, 69, 84,17.8,34.8
202603150901080213,13, 73, 91,1.7,2.5
202603150901080204,4, 79, 97,1.2,1.6
202603150901080203,3, 75, 93,1.4,2.0
202603150901080212,12,,,17.4,29.0
202603150901080201,1, 71, 89,2.1,3.2
202603150901080210,10, 72, 89,3.2,5.1
202603150901080208,8, 56, 74,5.3,8.7
202603150901080209,9, 53, 71,9.3,15.5
202603150901080205,5, 27, 42,6.0,9.8
202603150901080202,2, 59, 77,4.7,7.6
202603150901080214,14, 64, 79,3.3,5.2
202603150901080211,11, 74, 91,2.3,3.5
202603150901080206,6,,,6.2,10.2
202603150901080207,7, 48, 66,39.4,65.6
202603150901080111,11, 85,101,1.5,2.1
202603150901080107,7, 76, 92,4.5,6.8
202603150901080102,2, 77, 92,1.6,2.3
202603150901080106,6, 82, 98,2.7,4.0
202603150901080113,13, 83, 99,1.4,1.9
202603150901080112,12, 83, 99,1.5,2.0
202603150901080110,10,,,20.1,31.1
202603150901080101,1,,,20.6,32.0
202603150901080104,4, 67, 85,7.9,12.0
202603150901080114,14, 78, 94,2.1,3.0
202603150901080116,16, 60, 78,21.1,32.6
202603150901080108,8,,,47.7,74.2
202603150901080103,3, 72, 88,9.4,14.5
202603150901080105,5, 74, 91,8.8,13.5
202603150901080109,9,,,47.9,74.4
202603150901080115,15,,,40.0,62.3
202603140602051206,6, 95, 95,1.6,2.2
202603140602051212,12, 93, 93,2.8,4.2
202603140602051215,15, 81, 81,2.3,3.4
202603140602051214,14, 96, 96,1.3,1.7
202603140602051216,16, 92, 92,5.6,8.6
202603140602051207,7, 94, 94,3.5,5.4
202603140602051208,8, 91, 91,10.4,16.4
202603140602051203,3, 95, 95,3.5,5.3
202603140602051204,4, 92, 92,12.7,20.1
202603140602051211,11, 96, 96,1.9,2.8
202603140602051202,2, 95, 95,20.7,32.9
202603140602051210,10, 92, 92,1.9,2.7
202603140602051209,9, 83, 83,35.5,56.6
202603140602051213,13, 88, 88,10.4,16.4
202603140602051201,1, 88, 88,10.6,16.8
202603140602051205,5, 83, 83,76.6,122.1
202603140602051104,4, 91, 85,1.9,2.5
202603140602051116,16, 84, 99,12.4,18.9
202603140602051102,2, 90,105,1.4,1.6
202603140602051110,10, 95,100,2.3,3.3
202603140602051108,8,,,51.7,79.1
202603140602051115,15, 98, 95,3.2,4.7
202603140602051112,12, 89, 94,3.9,5.7
202603140602051105,5, 90, 95,17.0,26.0
202603140602051109,9, 87,104,2.2,3.1
202603140602051113,13, 90, 89,2.2,3.1
202603140602051111,11, 90, 84,3.5,5.2
202603140602051114,14, 87, 92,3.8,5.5
202603140602051103,3, 86, 91,30.4,46.6
202603140602051106,6,,,26.6,40.7
202603140602051107,7, 84, 99,4.8,7.2
202603140602051101,1, 95, 78,4.4,6.5
202603140602051016,16, 94, 86,7.9,15.3
202603140602051007,7,105, 97,1.1,1.4
202603140602051006,6,100,100,1.7,2.9
202603140602051013,13, 99, 99,2.0,3.4
202603140602051010,10,108,100,1.3,1.8
202603140602051005,5,100,100,2.9,5.3
202603140602051004,4, 93, 85,19.1,37.6
202603140602051008,8,103, 95,3.2,5.8
202603140602051002,2, 99, 99,2.7,4.9
202603140602051015,15,102, 94,5.2,9.8
202603140602051011,11, 97, 89,6.7,12.8
202603140602051014,14,101, 93,11.5,22.5
202603140602051012,12,102, 94,4.5,8.4
202603140602051003,3, 92, 86,52.9,104.4
202603140602051001,1, 98, 91,14.9,29.2
202603140602051009,9, 94, 86,24.6,48.4
202603140602050909,9, 92,100,1.1,1.5
202603140602050907,7, 88, 88,7.3,12.6
202603140602050906,6, 96, 96,5.2,8.9
202603140602050903,3, 89, 89,1.3,1.9
202603140602050908,8, 83, 91,2.2,3.5
202603140602050902,2, 82, 82,9.3,16.1
202603140602050911,11, 92, 92,1.2,1.7
202603140602050910,10, 89, 89,2.3,3.7
202603140602050901,1, 95, 95,2.1,3.4
202603140602050905,5, 50, 50,4.8,8.2
202603140602050904,4, 84, 84,,
202603140602050812,12, 75, 85,5.2,8.4
202603140602050815,15, 88, 97,1.3,1.5
202603140602050801,1, 87, 96,1.6,2.1
202603140602050805,5, 85, 95,3.8,6.1
202603140602050807,7, 77, 87,2.4,3.6
202603140602050813,13, 84, 93,2.5,3.9
202603140602050808,8, 82, 91,2.8,4.4
202603140602050811,11, 79, 88,3.2,5.0
202603140602050809,9, 84, 93,9.6,15.8
202603140602050804,4, 86, 95,4.5,7.2
202603140602050810,10, 82, 91,2.8,4.3
202603140602050802,2, 70, 79,48.1,80.0
202603140602050816,16, 74, 83,15.9,26.4
202603140602050803,3, 81, 90,4.6,7.4
202603140602050814,14, 84, 83,4.7,7.6
202603140602050806,6, 72, 81,23.1,38.3
202603140602050701,1, 89, 97,1.2,2.8
202603140602050707,7, 88, 96,1.1,1.1
202603140602050702,2, 87, 95,3.0,9.7
202603140602050709,9, 87, 95,1.4,3.9
202603140602050704,4, 80, 88,1.3,3.6
202603140602050706,6, 85, 93,2.0,5.9
202603140602050705,5, 83, 91,8.4,28.9
202603140602050703,3, 57, 66,12.8,44.6
202603140602050708,8, 67, 76,6.4,21.9
202603140602050710,10, 83, 91,10.7,37.1
202603140602050603,3, 88, 93,7.5,11.7
202603140602050615,15, 92, 98,2.9,4.3
202603140602050612,12, 95,101,1.3,1.6
202603140602050604,4, 94, 99,1.8,2.6
202603140602050601,1, 84,101,3.8,5.7
202603140602050608,8, 84, 90,3.4,5.1
202603140602050616,16, 81, 99,12.7,19.8
202603140602050605,5, 81, 99,14.4,22.5
202603140602050606,6, 86, 91,5.5,8.4
202603140602050607,7, 83, 89,16.6,26.0
202603140602050614,14, 87, 93,21.6,33.9
202603140602050613,13, 88,105,1.7,2.4
202603140602050609,9, 87,104,2.0,2.8
202603140602050602,2, 79, 97,17.9,28.0
202603140602050611,11, 86,104,2.6,3.8
202603140602050610,10, 74, 79,8.4,13.0
202603140602050508,8,,,2.7,14.6
202603140602050504,4, 85,101,1.1,3.4
202603140602050505,5, 77, 95,1.9,9.6
202603140602050516,16,,,13.5,84.3
202603140602050511,11, 80, 98,1.1,1.1
202603140602050502,2, 61, 76,1.7,8.3
202603140602050509,9, 77, 93,1.7,8.6
202603140602050514,14, 72, 87,12.5,77.6
202603140602050512,12, 64, 78,9.9,60.7
202603140602050501,1,,,20.1,126.4
202603140602050507,7,,,5.0,29.7
202603140602050506,6,,,50.3,320.6
202603140602050515,15, 78, 93,3.5,19.7
202603140602050503,3, 51, 66,42.0,267.2
202603140602050513,13, 46, 60,25.6,162.1
202603140602050510,10,,,37.2,236.6
202603140602050408,8, 86,103,1.0,1.0
202603140602050411,11,, 16,1.5,7.6
202603140602050407,7, 68, 86,7.3,50.5
202603140602050413,13, 73, 90,1.5,8.2
202603140602050410,10, 52, 69,9.3,65.3
202603140602050405,5, 68, 86,8.8,61.5
202603140602050401,1, 66, 85,11.4,80.4
202603140602050404,4, 74, 93,1.5,8.2
202603140602050403,3, 65, 84,3.5,22.9
202603140602050409,9, 56, 73,5.6,38.1
202603140602050416,16,,,22.0,158.2
202603140602050406,6, 64, 82,18.8,134.7
202603140602050402,2, 68, 85,3.2,20.1
202603140602050414,14, 71, 83,20.5,147.6
202603140602050412,12, 48, 63,74.3,541.5
202603140602050415,15,,,3.6,23.3
202603140602050304,4, 83, 98,1.3,1.8
202603140602050313,13, 84, 99,1.1,1.4
202603140602050309,9, 76, 91,1.6,2.7
202603140602050316,16, 80, 92,2.5,4.4
202603140602050311,11, 71, 87,1.9,3.3
202603140602050314,14, 46, 64,30.5,59.2
202603140602050303,3, 75, 90,6.5,12.3
202603140602050310,10, 71, 85,15.7,30.3
202603140602050308,8,,,4.8,9.0
202603140602050305,5, 54, 72,31.7,61.5
202603140602050312,12, 66, 82,27.3,52.9
202603140602050315,15, 81, 96,1.8,3.1
202603140602050307,7, 59, 74,11.9,22.9
202603140602050302,2, 71, 86,5.5,10.4
202603140602050306,6, 53, 68,43.8,85.1
202603140602050301,1, 66, 81,24.1,46.7
202603140602050214,14, 68, 87,35.0,73.1
202603140602050205,5, 81, 98,1.1,1.4
202603140602050212,12, 79, 97,1.5,2.5
202603140602050201,1, 86,104,1.1,1.6
202603140602050209,9, 69, 88,1.8,3.2
202603140602050216,16, 74, 91,2.9,5.7
202603140602050207,7, 76, 93,2.4,4.5
202603140602050210,10, 72, 88,38.6,80.7
202603140602050211,11, 58, 76,52.2,109.3
202603140602050206,6, 61, 79,12.2,25.1
202603140602050203,3, 79, 97,5.8,11.7
202603140602050208,8, 51, 70,51.8,108.5
202603140602050204,4, 72, 89,6.3,12.8
202603140602050215,15,,,8.4,17.1
202603140602050202,2, 54, 72,31.0,64.8
202603140602050213,13, 67, 84,3.7,7.2
202603140602050108,8, 70, 88,1.7,2.6
202603140602050106,6, 74, 91,1.2,1.6
202603140602050111,11, 73, 91,1.8,2.7
202603140602050103,3, 77, 95,1.5,2.2
202603140602050113,13, 51, 69,46.5,77.9
202603140602050105,5, 71, 89,9.1,15.1
202603140602050115,15, 68, 86,5.2,8.6
202603140602050112,12,,,15.1,25.3
202603140602050107,7, 77, 95,1.4,2.1
202603140602050104,4, 57, 75,9.7,16.0
202603140602050102,2, 66, 83,4.9,7.9
202603140602050110,10, 72, 87,10.2,17.0
202603140602050109,9, 67, 83,12.1,20.2
202603140602050101,1, 61, 77,4.5,7.3
202603140602050114,14, 47, 63,81.1,136.1
202603140701011216,16, 87, 95,2.1,2.7
202603140701011205,5, 84,100,2.4,3.1
202603140701011202,2, 83, 92,10.0,13.5
202603140701011217,17, 75, 83,1.8,2.2
202603140701011215,15, 88, 97,2.4,3.1
202603140701011209,9, 87, 96,8.2,11.0
202603140701011208,8, 83, 92,4.4,5.8
202603140701011212,12, 83, 92,2.8,3.6
202603140701011214,14, 76, 85,13.1,17.7
202603140701011201,1, 81, 90,2.9,3.8
202603140701011211,11, 82, 90,3.1,4.1
202603140701011204,4, 84, 93,6.4,8.5
202603140701011207,7, 88, 98,3.6,4.7
202603140701011213,13, 82, 91,32.1,43.6
202603140701011206,6, 76, 86,33.3,45.3
202603140701011218,18, 88, 97,3.7,4.8
202603140701011210,10, 78, 86,49.4,67.1
202603140701011203,3, 75, 84,42.6,57.9
202603140701011107,7, 97, 97,1.1,1.4
202603140701011109,9,100,100,1.3,1.8
202603140701011113,13, 90, 90,2.6,4.5
202603140701011114,14, 98,107,1.9,3.3
202603140701011110,10, 87, 87,3.2,5.8
202603140701011111,11, 84, 84,11.6,22.0
202603140701011105,5,,,6.7,12.5
202603140701011103,3, 91, 91,3.3,5.9
202603140701011106,6, 97, 97,2.1,3.5
202603140701011102,2, 79, 79,3.9,7.0
202603140701011108,8, 78, 78,10.4,19.7
202603140701011112,12, 90, 90,2.8,4.9
202603140701011101,1, 78, 78,15.9,30.3
202603140701011104,4,,,13.7,26.1
202603140701011001,1, 96, 96,1.7,2.6
202603140701011007,7, 98, 98,1.6,2.4
202603140701011006,6, 96, 96,1.2,1.6
202603140701011004,4, 81, 81,1.2,1.6
202603140701011002,2, 94, 94,2.5,4.0
202603140701011008,8, 91, 99,4.8,8.1
202603140701011003,3, 92, 92,9.3,15.8
202603140701011005,5, 94, 94,2.0,3.3
202603140701011010,10, 82, 82,7.1,12.0
202603140701011009,9, 92, 92,3.6,5.9
202603140701010908,8, 87, 96,1.5,2.2
202603140701010901,1, 86,104,2.8,4.4
202603140701010902,2, 87, 95,4.0,6.5
202603140701010907,7, 85, 93,2.0,3.2
202603140701010909,9, 88, 96,1.1,1.4
202603140701010904,4, 91, 99,1.6,2.4
202603140701010905,5, 84, 92,1.8,2.7
202603140701010906,6, 85, 93,4.2,6.8
202603140701010910,10, 89, 97,2.9,4.6
202603140701010903,3, 36, 45,22.8,37.5
202603140701010812,12, 75, 84,2.0,2.6
202603140701010802,2, 83, 93,2.6,3.5
202603140701010813,13, 88, 97,1.5,1.8
202603140701010814,14, 89, 98,2.1,2.8
202603140701010816,16, 84, 94,2.2,2.9
202603140701010801,1, 84, 92,4.7,6.6
202603140701010806,6, 69, 79,7.8,11.1
202603140701010809,9, 77, 86,2.1,2.8
202603140701010811,11,,,10.0,14.2
202603140701010804,4, 83, 92,3.8,5.3
202603140701010805,5, 82, 91,16.1,22.9
202603140701010808,8, 77, 86,10.4,14.9
202603140701010803,3, 83, 92,5.9,8.4
202603140701010807,7, 70, 80,7.9,11.2
202603140701010810,10, 82, 91,11.8,16.8
202603140701010815,15, 73, 83,13.2,18.7
202603140701010701,1, 86, 95,1.9,3.3
202603140701010709,9, 79, 87,8.7,17.5
202603140701010713,13, 85, 93,5.2,10.4
202603140701010714,14, 76, 86,7.3,14.6
202603140701010711,11, 84, 92,7.0,14.0
202603140701010716,16, 88, 97,3.8,7.4
202603140701010706,6, 92,101,1.1,1.4
202603140701010712,12, 68, 77,14.2,29.0
202603140701010708,8, 71, 80,6.3,12.7
202603140701010705,5, 91, 99,1.1,1.5
202603140701010707,7, 90, 98,1.7,3.0
202603140701010702,2, 81, 90,2.6,4.8
202603140701010704,4, 90, 90,9.6,19.5
202603140701010710,10, 65, 84,11.7,23.7
202603140701010703,3, 76, 86,3.9,7.6
202603140701010715,15, 78, 87,21.9,44.7
202603140701010611,11, 98, 95,1.4,1.9
202603140701010610,10, 90, 96,4.3,6.4
202603140701010603,3, 92, 97,3.7,5.5
202603140701010613,13, 85, 90,27.6,42.6
202603140701010604,4, 84,102,1.9,2.7
202603140701010609,9, 83,100,2.8,4.1
202603140701010601,1, 83,100,15.5,24.0
202603140701010605,5, 82, 87,5.7,8.7
202603140701010612,12, 92, 98,1.6,2.2
202603140701010606,6, 90, 95,3.8,5.6
202603140701010602,2, 86, 91,6.3,9.6
202603140701010614,14, 89,106,8.0,12.2
202603140701010615,15,103,108,1.5,1.9
202603140701010608,8, 64, 69,39.1,60.5
202603140701010607,7, 79, 85,8.0,12.2
202603140701010616,16, 68, 74,14.7,22.7
202603140701010505,5, 76, 95,1.5,2.0
202603140701010514,14, 74, 93,2.7,3.9
202603140701010512,12, 78, 95,7.7,11.6
202603140701010506,6, 78, 96,1.5,1.9
202603140701010509,9, 53, 71,4.4,6.5
202603140701010503,3, 70, 89,5.6,8.3
202603140701010504,4, 79, 98,1.8,2.5
202603140701010516,16, 63, 81,12.6,19.2
202603140701010510,10, 59, 76,52.2,80.1
202603140701010507,7, 75, 93,3.9,5.7
202603140701010502,2, 76, 95,2.3,3.2
202603140701010515,15,,,35.4,54.4
202603140701010501,1, 61, 79,8.1,12.3
202603140701010511,11, 74, 93,5.3,7.8
202603140701010508,8, 71, 90,2.8,4.1
202603140701010517,17, 49, 67,43.5,66.8
202603140701010513,13, 55, 74,21.1,32.4
202603140701010518,18,,,10.6,16.0
202603140701010411,11, 82, 98,1.6,2.3
202603140701010414,14, 80, 95,2.6,3.9
202603140701010405,5, 80, 95,1.4,2.0
202603140701010408,8, 81, 98,1.3,1.7
202603140701010412,12, 68, 83,2.0,3.0
202603140701010416,16, 78, 95,2.3,3.4
202603140701010409,9,,,3.1,4.8
202603140701010407,7, 79, 94,7.4,11.8
202603140701010406,6, 69, 84,6.7,10.8
202603140701010403,3,,,8.1,13.1
202603140701010401,1,,,8.4,13.5
202603140701010413,13, 71, 88,30.4,49.7
202603140701010402,2,,,15.0,24.3
202603140701010404,4, 31, 48,35.8,58.5
202603140701010415,15, 69, 84,62.9,102.9
202603140701010410,10,,,20.7,33.7
202603140701010301,1, 75, 92,1.9,2.7
202603140701010305,5, 63, 81,1.4,1.8
202603140701010304,4,,,7.5,11.5
202603140701010306,6, 66, 85,4.9,7.4
202603140701010312,12, 75, 92,1.5,2.1
202603140701010310,10, 71, 90,2.3,3.3
202603140701010307,7, 73, 91,3.8,5.7
202603140701010313,13,,,7.1,10.8
202603140701010311,11, 57, 75,3.5,5.3
202603140701010308,8, 37, 54,35.3,53.8
202603140701010309,9, 68, 86,1.4,1.9
202603140701010302,2,,,11.0,16.7
202603140701010303,3, 54, 72,4.8,7.2
202603140701010209,9, 86, 98,1.7,2.5
202603140701010212,12, 75, 91,3.2,5.0
202603140701010204,4, 81, 97,1.4,1.8
202603140701010216,16, 73, 89,1.8,2.7
202603140701010210,10, 82, 94,1.3,1.7
202603140701010215,15, 73, 87,4.9,7.9
202603140701010211,11, 74, 91,5.1,8.4
202603140701010206,6, 68, 84,22.4,37.6
202603140701010201,1, 76, 91,3.2,5.1
202603140701010207,7, 75, 92,3.4,5.4
202603140701010202,2,,,18.6,31.1
202603140701010208,8, 78, 95,5.6,9.2
202603140701010203,3, 12, 28,10.1,16.8
202603140701010214,14, 76, 92,22.9,38.4
202603140701010213,13, 65, 80,6.5,10.6
202603140701010205,5, 63, 78,62.4,104.8
202603140701010105,5, 76, 94,1.1,1.1
202603140701010103,3, 70, 88,9.1,24.2
202603140701010104,4, 66, 83,2.3,5.6
202603140701010106,6, 74, 92,1.2,2.1
202603140701010102,2, 76, 95,1.3,2.7
202603140701010107,7,,,1.7,3.8
202603140701010109,9, 71, 85,5.8,15.1
202603140701010108,8, 72, 87,2.5,6.0
202603140701010101,1, 70, 85,4.9,12.8
202603140701010110,10,  9, 28,9.9,26.3
202603140901071205,5, 94,103,1.1,1.1
202603140901071207,7, 90,100,1.1,1.5
202603140901071203,3, 90, 99,1.2,3.9
202603140901071201,1, 77, 86,1.8,6.4
202603140901071208,8, 76, 86,5.1,21.5
202603140901071206,6, 65, 74,1.7,5.9
202603140901071204,4, 73, 83,9.3,40.0
202603140901071202,2, 77, 86,2.7,10.7
202603140901071111,11,106, 96,1.6,2.4
202603140901071101,1,111,101,1.1,1.3
202603140901071104,4,112,102,1.7,2.6
202603140901071107,7,102, 92,2.7,4.4
202603140901071110,10, 95, 87,4.8,8.0
202603140901071105,5,100, 92,7.1,12.1
202603140901071113,13, 94, 82,11.9,20.3
202603140901071106,6,108, 98,2.9,4.6
202603140901071108,8,104,100,3.2,5.2
202603140901071103,3, 98, 88,6.0,10.1
202603140901071109,9, 82, 72,8.5,14.5
202603140901071102,2, 95, 87,4.4,7.3
202603140901071112,12,110,104,2.0,3.1
202603140901071008,8,106, 98,1.1,1.4
202603140901071004,4,101,101,1.7,2.8
202603140901071001,1,100,100,1.9,3.2
202603140901071007,7,104, 96,1.3,1.8
202603140901071003,3,101,101,2.2,3.6
202603140901071006,6, 97, 91,24.3,44.5
202603140901071002,2,101, 93,4.6,8.2
202603140901071011,11,102, 94,5.2,9.3
202603140901071010,10, 99, 91,8.1,14.7
202603140901071009,9,104, 96,1.6,2.7
202603140901071005,5, 99, 93,6.7,12.1
202603140901070907,7, 94, 94,2.4,3.1
202603140901070905,5, 90, 99,2.1,2.6
202603140901070906,6, 96, 96,3.3,4.2
202603140901070901,1, 92, 92,1.9,2.4
202603140901070915,15, 95, 95,2.5,3.3
202603140901070914,14, 98, 98,1.9,2.4
202603140901070912,12, 92, 92,2.2,2.8
202603140901070911,11, 90, 90,16.8,22.6
202603140901070913,13, 93, 93,10.2,13.7
202603140901070902,2, 90, 90,3.3,4.2
202603140901070909,9, 84, 84,5.0,6.6
202603140901070904,4, 89, 89,4.8,6.4
202603140901070908,8,,,50.1,67.3
202603140901070910,10, 81, 81,9.0,12.0
202603140901070903,3, 92, 92,19.3,26.0
202603140901070809,9,,,1.1,4.6
202603140901070802,2,,,1.0,1.1
202603140901070803,3,,,1.4,7.1
202603140901070806,6,,,4.4,27.4
202603140901070804,4,,,3.5,21.4
202603140901070810,10,,,1.0,2.0
202603140901070808,8,,,6.5,41.7
202603140901070801,1,,,16.5,110.2
202603140901070807,7,,,6.4,41.0
202603140901070805,5,,,20.6,138.6
202603140901070702,2, 89, 98,1.4,2.0
202603140901070707,7, 86, 96,5.2,8.5
202603140901070708,8, 88, 98,3.5,5.5
202603140901070716,16, 86, 96,1.4,2.0
202603140901070710,10,,,25.4,42.5
202603140901070706,6, 88, 98,1.7,2.5
202603140901070712,12, 84, 94,4.6,7.4
202603140901070709,9, 85, 95,6.4,10.4
202603140901070711,11, 91,101,1.2,1.6
202603140901070714,14, 86, 96,3.5,5.6
202603140901070713,13, 88, 98,7.8,12.8
202603140901070701,1, 80, 89,34.6,57.8
202603140901070715,15, 84, 94,21.0,35.1
202603140901070703,3,,,38.5,64.4
202603140901070705,5, 68, 77,9.1,14.9
202603140901070704,4, 76, 86,8.9,14.6
202603140901070608,8, 61, 70,2.0,4.1
202603140901070601,1, 79, 88,8.8,21.0
202603140901070606,6, 75, 85,1.8,3.8
202603140901070607,7, 81, 90,4.5,10.4
202603140901070609,9, 85, 94,1.5,2.8
202603140901070604,4, 78, 87,5.2,12.2
202603140901070613,13, 76, 85,3.4,7.8
202603140901070610,10, 85, 91,1.1,1.1
202603140901070603,3, 55, 64,21.6,52.3
202603140901070605,5, 82, 91,3.3,7.4
202603140901070602,2, 82, 91,3.5,7.9
202603140901070611,11, 71, 79,10.0,23.9
202603140901070612,12, 62, 71,2.2,4.8
202603140901070510,10,,,3.1,6.0
202603140901070504,4, 78, 97,1.1,1.4
202603140901070517,17, 80, 97,1.4,2.3
202603140901070514,14,,,2.0,3.7
202603140901070501,1, 83,100,1.1,1.7
202603140901070509,9,,,4.7,9.3
202603140901070512,12, 78, 95,4.3,8.5
202603140901070506,6, 68, 87,11.8,24.2
202603140901070503,3,,,2.9,5.5
202603140901070502,2,,,32.4,67.4
202603140901070508,8, 76, 93,7.8,15.8
202603140901070513,13, 74, 92,21.9,45.4
202603140901070518,18, 68, 87,30.0,62.3
202603140901070511,11, 80, 98,4.9,9.7
202603140901070505,5, 37, 54,54.1,112.8
202603140901070516,16, 62, 79,35.7,74.3
202603140901070515,15,,,31.4,65.3
202603140901070507,7, 72, 89,,
202603140901070413,13, 81, 97,3.4,6.0
202603140901070403,3, 81, 97,2.3,3.9
202603140901070407,7, 87,103,1.1,1.3
202603140901070409,9, 73, 88,3.4,5.9
202603140901070405,5, 80, 95,1.5,2.2
202603140901070404,4, 66, 81,8.2,14.8
202603140901070408,8, 82, 98,3.4,5.9
202603140901070410,10, 68, 83,25.2,46.5
202603140901070415,15, 82, 97,4.8,8.5
202603140901070416,16, 82, 99,1.8,3.0
202603140901070414,14, 67, 83,29.5,54.6
202603140901070418,18, 65, 81,19.9,36.6
202603140901070402,2,,,30.3,56.0
202603140901070417,17, 51, 70,7.8,14.1
202603140901070406,6,,,62.6,115.9
202603140901070412,12, 49, 67,14.0,25.7
202603140901070411,11, 75, 91,2.5,4.2
202603140901070401,1,,,6.4,11.5
202603140901070303,3, 78, 96,1.1,2.0
202603140901070301,1, 63, 82,7.6,27.8
202603140901070307,7, 78, 96,1.2,3.2
202603140901070308,8, 84,102,1.1,1.1
202603140901070304,4, 68, 84,16.1,60.4
202603140901070312,12, 77, 94,5.3,18.9
202603140901070311,11,,,8.5,31.2
202603140901070302,2, 65, 84,11.8,43.9
202603140901070309,9, 74, 92,1.3,3.5
202603140901070310,10,,,5.1,18.2
202603140901070313,13,,,28.6,108.1
202603140901070306,6,,  6,15.3,57.3
202603140901070305,5,,,8.3,30.6
202603140901070213,13, 76, 93,1.3,2.3
202603140901070203,3,,,8.2,16.8
202603140901070208,8, 80, 97,1.8,3.4
202603140901070202,2, 83, 99,1.1,1.2
202603140901070216,16, 74, 90,2.6,5.1
202603140901070205,5, 60, 77,44.2,93.2
202603140901070206,6, 65, 83,1.3,2.3
202603140901070201,1, 75, 92,11.9,24.8
202603140901070207,7, 75, 90,3.2,6.2
202603140901070209,9, 27, 45,3.1,6.1
202603140901070211,11,,,8.3,17.1
202603140901070204,4,,,19.7,41.4
202603140901070214,14,,,8.7,17.9
202603140901070215,15, 53, 68,28.8,60.6
202603140901070212,12,,,34.6,72.8
202603140901070210,10,,,32.0,67.3
202603140901070105,5, 65, 80,3.3,9.9
202603140901070112,12, 65, 83,1.7,4.5
202603140901070104,4, 76, 93,1.1,1.1
202603140901070113,13, 59, 76,3.9,11.9
202603140901070101,1, 74, 92,1.1,1.4
202603140901070109,9,,,6.4,20.4
202603140901070106,6, 60, 78,11.9,38.6
202603140901070103,3, 56, 74,2.6,7.7
202603140901070110,10,,,6.3,19.9
202603140901070102,2, 65, 81,2.9,8.4
202603140901070108,8, 66, 84,2.2,6.1
202603140901070111,11, 46, 63,15.8,51.5
202603140901070107,7, 69, 84,3.9,12.0
202603080602041216,16, 99, 99,2.0,2.8
202603080602041204,4, 96, 96,2.7,3.8
202603080602041205,5, 93, 93,5.3,7.7
202603080602041203,3, 95, 95,3.0,4.2
202603080602041212,12, 91, 91,14.0,20.8
202603080602041206,6, 99, 99,1.5,1.8
202603080602041202,2, 96, 96,6.1,9.0
202603080602041210,10, 95, 95,3.3,4.7
202603080602041213,13, 87, 87,5.1,7.4
202603080602041201,1, 93, 93,16.5,24.5
202603080602041208,8, 96, 96,3.0,4.3
202603080602041209,9, 91, 91,6.0,8.8
202603080602041207,7, 97, 97,1.8,2.3
202603080602041214,14, 86, 86,68.3,101.5
202603080602041211,11, 93, 93,35.7,53.1
202603080602041215,15, 94, 94,2.3,3.2
202603080602041108,8, 87,105,1.4,2.7
202603080602041104,4, 97, 92,1.1,1.7
202603080602041106,6,102, 92,1.1,1.2
202603080602041105,5, 96, 89,1.5,3.1
202603080602041107,7, 83,101,12.3,29.2
202603080602041103,3, 93, 90,7.8,18.4
202603080602041101,1, 96, 89,2.4,5.2
202603080602041110,10, 81,100,2.8,6.1
202603080602041109,9, 94, 87,3.6,8.1
202603080602041102,2, 77, 72,5.6,13.1
202603080602041009,9,107, 95,3.2,4.1
202603080602041014,14,102, 90,1.9,2.4
202603080602041013,13,102, 90,4.6,6.1
202603080602041011,11,107, 96,3.1,4.1
202603080602041008,8,,,1.9,2.4
202603080602041005,5,107, 95,4.1,5.3
202603080602041012,12,,,2.2,2.8
202603080602041004,4,111, 99,3.0,3.8
202603080602041006,6,105, 93,10.2,13.6
202603080602041010,10,102, 91,4.3,5.7
202603080602041001,1,108,101,1.9,2.4
202603080602041015,15, 92, 80,14.5,19.4
202603080602041007,7,105, 98,7.1,9.4
202603080602041002,2, 92, 80,51.2,68.2
202603080602041003,3,105, 91,6.8,9.0
202603080602040901,1,105, 97,1.1,1.5
202603080602040916,16,102,102,1.1,1.5
202603080602040911,11,104, 96,1.6,2.7
202603080602040905,5, 98, 90,4.0,7.5
202603080602040915,15, 99, 99,5.7,10.8
202603080602040904,4,105, 97,3.6,6.7
202603080602040907,7, 86, 78,6.4,12.3
202603080602040903,3,104, 96,4.4,8.2
202603080602040914,14,101, 93,12.8,25.1
202603080602040908,8,102, 94,19.7,38.6
202603080602040910,10, 93, 86,16.5,32.4
202603080602040906,6,105, 97,1.4,2.3
202603080602040902,2, 96, 74,12.6,24.6
202603080602040912,12, 91, 83,11.3,22.1
202603080602040909,9, 88, 80,39.8,78.2
202603080602040913,13, 98, 90,6.2,11.9
202603080602040805,5, 86, 86,11.6,72.5
202603080602040810,10, 90, 99,1.2,3.8
202603080602040802,2, 90, 99,1.9,9.9
202603080602040806,6, 97, 97,5.7,34.6
202603080602040809,9, 93, 93,3.3,18.5
202603080602040801,1, 94, 94,4.1,23.7
202603080602040807,7, 82, 82,2.8,15.6
202603080602040811,11, 85, 85,7.1,43.5
202603080602040804,4, 85, 85,2.6,14.0
202603080602040803,3,,,11.2,70.0
202603080602040813,13, 93,102,2.1,10.7
202603080602040812,12,101,110,1.1,1.1
202603080602040808,8, 97, 97,3.3,19.0
202603080602040704,4, 88,105,1.1,1.5
202603080602040710,10, 73, 78,5.1,9.0
202603080602040703,3, 85,102,1.3,1.9
202603080602040702,2, 84, 89,4.0,6.8
202603080602040708,8, 90, 95,3.5,5.9
202603080602040705,5, 91, 81,1.2,1.8
202603080602040701,1, 92, 86,1.6,2.4
202603080602040711,11, 81, 86,2.9,5.0
202603080602040706,6, 90, 95,5.4,9.4
202603080602040707,7, 85, 90,21.9,38.5
202603080602040709,9, 77, 82,26.4,46.4
202603080602040610,10, 91,101,1.1,1.4
202603080602040607,7, 77, 86,1.9,3.3
202603080602040603,3, 89, 98,1.4,1.9
202603080602040611,11, 82, 91,5.6,10.4
202603080602040612,12, 84, 93,3.0,5.2
202603080602040615,15, 74, 83,11.3,21.2
202603080602040613,13, 81, 90,3.5,6.4
202603080602040614,14, 82, 91,6.7,12.4
202603080602040602,2, 58, 67,2.1,3.6
202603080602040605,5, 82, 91,7.1,13.2
202603080602040608,8, 79, 88,10.9,20.4
202603080602040616,16, 69, 78,9.0,16.9
202603080602040606,6, 82, 91,3.3,5.9
202603080602040609,9, 89, 99,2.6,4.5
202603080602040604,4, 70, 79,40.6,76.7
202603080602040601,1, 69, 78,31.7,59.9
202603080602040509,9,,,3.8,7.6
202603080602040503,3, 47, 65,12.4,26.3
202603080602040502,2, 80, 95,2.0,3.8
202603080602040511,11, 68, 85,2.8,5.6
202603080602040513,13, 79, 97,1.3,2.0
202603080602040510,10,,,25.3,54.5
202603080602040514,14, 63, 81,6.5,13.6
202603080602040507,7, 79, 97,1.7,3.1
202603080602040504,4, 82, 97,1.1,1.2
202603080602040515,15,,,3.7,7.5
202603080602040501,1, 72, 87,4.4,8.9
202603080602040516,16, 78, 96,2.4,4.7
202603080602040512,12, 57, 74,11.4,24.2
202603080602040508,8, 66, 83,59.2,128.2
202603080602040506,6, 54, 69,54.1,117.1
202603080602040505,5,,,38.9,84.1
202603080602040404,4,,,1.2,2.0
202603080602040401,1,,,1.1,1.2
202603080602040406,6,,,9.2,19.2
202603080602040409,9,,,1.2,2.0
202603080602040410,10, 97, 89,3.0,5.9
202603080602040402,2,,,4.4,8.8
202603080602040403,3,,,3.4,6.7
202603080602040408,8,,,6.7,13.9
202603080602040412,12,,,2.9,5.7
202603080602040414,14,,,11.0,23.0
202603080602040413,13,,,23.9,50.4
202603080602040407,7,,,31.0,65.6
202603080602040405,5,,,2.6,5.1
202603080602040411,11,,,21.2,44.7
202603080602040313,13, 78, 95,2.0,4.8
202603080602040302,2, 82, 99,1.3,2.7
202603080602040314,14, 80, 98,1.1,1.1
202603080602040303,3, 74, 92,1.5,3.6
202603080602040301,1, 80, 99,1.5,3.5
202603080602040305,5, 57, 75,8.2,23.0
202603080602040304,4, 66, 83,14.1,40.1
202603080602040308,8,,,5.1,14.0
202603080602040306,6, 55, 73,20.3,58.2
202603080602040309,9, 73, 89,8.8,24.7
202603080602040311,11, 37, 55,42.3,121.7
202603080602040307,7,,,3.0,7.9
202603080602040312,12, 42, 61,42.1,121.1
202603080602040310,10, 44, 62,8.0,22.4
202603080602040207,7, 77, 93,1.6,2.4
202603080602040212,12, 80, 96,1.1,1.3
202603080602040215,15, 81, 95,2.2,3.6
202603080602040203,3, 78, 94,2.3,3.9
202603080602040208,8, 76, 91,2.5,4.2
202603080602040211,11, 81, 96,2.1,3.4
202603080602040201,1, 58, 72,40.8,74.0
202603080602040205,5, 64, 78,32.0,58.0
202603080602040204,4, 71, 88,2.7,4.5
202603080602040209,9, 64, 78,36.1,65.5
202603080602040202,2, 64, 78,46.5,84.3
202603080602040206,6, 69, 83,22.9,41.5
202603080602040216,16, 73, 87,1.9,3.2
202603080602040210,10, 63, 78,17.1,30.8
202603080602040214,14,,,16.2,29.1
202603080602040213,13,,,10.8,19.2
202603080602040116,16,,,4.5,7.4
202603080602040114,14, 81, 98,1.4,1.8
202603080602040115,15, 71, 86,5.5,9.2
202603080602040104,4, 69, 84,5.6,9.3
202603080602040112,12, 67, 82,5.4,9.0
202603080602040111,11, 70, 88,1.3,1.7
202603080602040108,8,,,33.6,57.5
202603080602040113,13, 60, 75,48.4,82.9
202603080602040107,7, 77, 95,2.2,3.5
202603080602040106,6, 53, 71,4.2,7.0
202603080602040102,2, 70, 89,1.8,2.8
202603080602040105,5, 71, 85,19.1,32.6
202603080602040101,1, 78, 96,2.3,3.5
202603080602040110,10, 69, 86,20.5,35.0
202603080602040109,9, 67, 85,2.2,3.4
202603080602040103,3,,,56.6,97.1
202603080901061212,12, 95, 95,1.3,1.6
202603080901061213,13, 91, 91,1.6,2.2
202603080901061204,4, 88, 98,2.5,3.7
202603080901061207,7, 92, 92,2.9,4.4
202603080901061206,6, 92, 92,5.1,7.8
202603080901061201,1, 95, 95,1.9,2.7
202603080901061208,8, 91, 91,19.0,30.0
202603080901061210,10, 92, 92,2.2,3.3
202603080901061203,3, 93, 93,6.7,10.4
202603080901061211,11, 99, 99,1.7,2.4
202603080901061214,14, 88, 88,6.6,10.2
202603080901061209,9, 73, 73,12.9,20.4
202603080901061202,2, 85, 85,33.6,52.9
202603080901061205,5, 96, 96,,
202603080901061102,2, 40, 28,3.1,4.2
202603080901061108,8,109, 87,1.6,2.0
202603080901061106,6,114, 97,1.7,2.2
202603080901061107,7,104, 89,9.4,13.3
202603080901061109,9,106, 82,3.2,4.4
202603080901061111,11,105, 93,3.6,5.0
202603080901061101,1,112, 98,1.6,2.1
202603080901061104,4,114, 98,2.2,3.0
202603080901061110,10,104, 92,17.2,24.3
202603080901061105,5,110,102,2.8,3.9
202603080901061112,12,103, 91,8.0,11.3
202603080901061103,3,109, 89,9.3,13.2
202603080901061113,13,108, 96,2.8,3.8
202603080901061001,1,101, 93,4.8,7.5
202603080901061006,6, 92, 84,7.3,11.6
202603080901061011,11,106, 98,3.5,5.5
202603080901061007,7,105, 99,1.5,2.1
202603080901061008,8,106, 98,2.5,3.7
202603080901061013,13,100, 92,2.5,3.8
202603080901061003,3,101, 93,3.6,5.5
202603080901061005,5, 99, 93,2.9,4.5
202603080901061012,12,100, 92,16.8,26.7
202603080901061009,9,102, 96,1.7,2.4
202603080901061004,4,103, 97,4.8,7.5
202603080901061002,2,103, 95,8.6,13.7
202603080901061010,10, 96, 90,18.9,30.1
202603080901061014,14,109,101,1.3,1.6
202603080901060903,3, 82,100,1.8,2.7
202603080901060906,6, 82, 87,1.6,2.4
202603080901060901,1, 86, 91,3.8,6.1
202603080901060902,2, 77, 83,2.1,3.2
202603080901060904,4, 94, 87,1.1,1.3
202603080901060905,5, 78, 83,11.3,17.7
202603080901060805,5,101,110,1.1,1.1
202603080901060803,3, 80, 80,5.2,20.0
202603080901060806,6, 99, 99,1.3,4.0
202603080901060807,7, 96, 96,1.1,1.7
202603080901060809,9, 98, 98,1.3,4.1
202603080901060802,2, 89, 89,10.5,42.2
202603080901060808,8, 92, 92,3.1,11.3
202603080901060804,4, 84, 84,3.8,14.2
202603080901060801,1, 62, 62,3.0,10.9
202603080901060705,5, 91, 99,1.0,1.1
202603080901060706,6, 87, 96,1.4,6.9
202603080901060702,2, 64, 72,5.2,32.4
202603080901060701,1, 85, 93,1.2,4.9
202603080901060704,4, 81, 91,13.8,90.3
202603080901060709,9, 78, 86,2.8,16.4
202603080901060707,7, 82, 90,3.5,20.9
202603080901060708,8, 82,101,1.3,5.7
202603080901060703,3, 71, 79,3.3,19.9
202603080901060601,1, 80, 89,1.4,2.5
202603080901060605,5, 79, 88,1.1,1.2
202603080901060608,8, 85, 94,1.2,1.9
202603080901060606,6, 64, 72,4.1,8.2
202603080901060609,9, 82, 91,4.0,8.1
202603080901060603,3, 65, 74,22.2,45.6
202603080901060607,7, 82, 90,2.8,5.5
202603080901060604,4, 70, 79,1.5,2.6
202603080901060602,2, 77, 86,2.0,3.8
202603080901060508,8, 82, 99,2.8,4.3
202603080901060511,11, 96,102,1.4,1.9
202603080901060513,13, 82,100,2.4,3.7
202603080901060501,1, 81, 99,10.3,16.9
202603080901060516,16, 86,104,2.9,4.4
202603080901060507,7, 72, 78,16.7,27.3
202603080901060504,4, 89,106,3.4,5.4
202603080901060515,15, 82,100,4.6,7.3
202603080901060512,12, 85,102,1.3,1.7
202603080901060505,5, 57, 62,9.4,15.3
202603080901060503,3, 85,103,2.0,3.0
202603080901060502,2, 82,100,6.0,9.6
202603080901060506,6, 90,108,2.5,3.8
202603080901060509,9,,,13.5,22.0
202603080901060514,14, 78, 96,23.0,37.7
202603080901060510,10, 76, 81,24.6,40.4
202603080901060416,16, 83, 99,1.3,2.4
202603080901060402,2, 86,102,1.1,1.6
202603080901060407,7, 81, 98,1.1,1.3
202603080901060405,5, 67, 85,5.4,11.4
202603080901060413,13,,,13.3,29.2
202603080901060410,10, 78, 94,5.0,10.7
202603080901060414,14,,,2.4,4.9
202603080901060409,9,,,27.1,60.2
202603080901060401,1, 71, 86,22.6,50.1
202603080901060403,3, 18, 35,51.5,115.1
202603080901060406,6, 78, 95,1.6,2.9
202603080901060411,11, 77, 92,9.3,20.2
202603080901060408,8, 74, 86,6.4,13.8
202603080901060415,15, 69, 84,46.3,103.3
202603080901060404,4, 61, 79,6.0,12.8
202603080901060412,12,,,39.7,88.7
202603080901060314,14, 80, 97,1.1,1.1
202603080901060306,6, 68, 85,1.2,1.9
202603080901060310,10, 66, 84,3.2,7.1
202603080901060307,7, 76, 94,1.5,3.0
202603080901060311,11, 68, 86,1.9,3.9
202603080901060305,5, 76, 94,2.5,5.4
202603080901060301,1,,,12.2,28.5
202603080901060313,13, 61, 78,3.1,6.7
202603080901060303,3, 55, 74,17.9,42.3
202603080901060302,2, 59, 77,21.9,51.9
202603080901060304,4,,,20.6,48.8
202603080901060309,9, 74, 92,2.7,5.7
202603080901060308,8,,,13.0,30.5
202603080901060312,12, 43, 62,22.2,52.6
202603080901060209,9, 69, 84,1.1,1.2
202603080901060207,7, 76, 91,1.8,3.9
202603080901060212,12, 87,102,1.1,1.5
202603080901060215,15,,,6.7,16.8
202603080901060206,6, 77, 92,4.2,10.2
202603080901060204,4, 50, 66,11.4,29.1
202603080901060213,13,,,22.1,57.1
202603080901060208,8, 73, 85,5.3,13.2
202603080901060202,2, 73, 87,2.3,5.1
202603080901060210,10,,,7.5,18.8
202603080901060203,3, 80, 92,1.3,2.7
202603080901060214,14, 62, 78,13.5,34.7
202603080901060211,11, 81, 93,8.2,20.8
202603080901060205,5,,,30.0,77.7
202603080901060201,1,,,23.7,61.2
202603080901060216,16,,,21.3,55.0
202603080901060107,7, 84,102,1.1,1.1
202603080901060106,6, 80, 98,1.2,3.9
202603080901060104,4, 84,102,1.1,3.1
202603080901060111,11, 67, 85,4.3,17.3
202603080901060109,9, 24, 43,19.7,85.3
202603080901060108,8, 62, 80,3.8,15.3
202603080901060102,2, 71, 89,2.5,9.2
202603080901060112,12, 74, 91,7.4,30.9
202603080901060101,1,,,2.0,7.0
202603080901060110,10, 54, 72,3.0,11.7
202603080901060103,3, 58, 74,19.1,83.0
202603080901060105,5,,,21.2,92.3
202603070602031204,4, 91, 99,1.8,2.7
202603070602031203,3, 87, 95,3.8,6.3
202603070602031208,8, 92,100,1.1,1.3
202603070602031212,12, 85, 94,4.5,7.5
202603070602031202,2, 90,106,1.7,2.7
202603070602031213,13, 86, 95,2.6,4.2
202603070602031205,5, 90, 99,5.2,8.8
202603070602031210,10, 86, 94,8.0,13.6
202603070602031207,7, 82, 90,25.4,44.2
202603070602031206,6, 86, 95,5.9,10.1
202603070602031216,16, 88, 96,3.3,5.4
202603070602031211,11, 70, 78,2.7,4.5
202603070602031209,9, 84, 93,44.0,76.5
202603070602031215,15, 83, 91,4.1,6.9
202603070602031214,14, 67, 75,56.3,97.9
202603070602031201,1, 74, 82,4.2,7.0
202603070602031103,3,105, 97,3.2,4.7
202603070602031102,2,,,5.0,7.6
202603070602031104,4,120, 94,1.9,2.7
202603070602031113,13,112, 86,2.1,3.0
202603070602031114,14,117,100,1.6,2.1
202603070602031116,16,116,102,4.3,6.4
202603070602031109,9,113, 87,5.8,8.9
202603070602031115,15,109, 83,11.1,17.1
202603070602031112,12,108,100,5.2,7.9
202603070602031105,5,113, 96,3.2,4.8
202603070602031106,6,108, 91,25.2,39.0
202603070602031107,7,111, 94,3.1,4.6
202603070602031110,10,114, 97,1.4,1.7
202603070602031111,11,108, 91,16.1,24.9
202603070602031101,1,109, 92,7.3,11.1
202603070602031108,8, 97, 80,11.9,18.4
202603070602031011,11,103, 97,3.5,5.0
202603070602031013,13, 97, 97,2.4,3.4
202603070602031008,8, 98, 91,1.7,2.3
202603070602031009,9,106, 99,1.5,1.8
202603070602031012,12,102, 95,4.1,6.0
202603070602031001,1,104, 97,2.7,3.8
202603070602031014,14,105, 98,3.6,5.2
202603070602031004,4, 99, 92,2.1,3.0
202603070602031006,6, 98, 91,18.6,27.3
202603070602031005,5,102, 95,5.6,8.1
202603070602031010,10, 99, 92,6.2,9.1
202603070602031007,7, 80, 73,8.0,11.7
202603070602031003,3,103, 96,2.1,2.9
202603070602031002,2, 97, 90,16.8,24.7
202603070602030912,12, 96, 96,2.6,11.3
202603070602030905,5, 91, 91,2.2,9.1
202603070602030908,8,100,100,1.1,1.1
202603070602030911,11, 94, 94,6.3,29.6
202603070602030906,6, 98, 98,1.6,6.1
202603070602030910,10, 88, 88,6.1,28.6
202603070602030904,4, 90, 90,9.0,43.5
202603070602030903,3, 92, 92,13.5,65.6
202603070602030909,9, 98, 98,1.5,5.7
202603070602030902,2, 92,100,2.0,8.1
202603070602030913,13, 93, 93,13.4,65.1
202603070602030907,7, 85, 85,3.8,17.1
202603070602030901,1, 92, 92,4.7,21.6
202603070602030805,5, 90, 99,1.1,1.1
202603070602030806,6, 82, 91,5.9,28.4
202603070602030803,3, 83, 92,2.7,12.0
202603070602030811,11, 89, 98,1.4,4.9
202603070602030809,9, 84, 93,1.5,5.8
202603070602030810,10, 82, 92,3.8,17.3
202603070602030813,13, 86, 95,2.2,9.3
202603070602030801,1, 53, 62,64.1,326.6
202603070602030808,8, 84, 93,2.3,9.6
202603070602030802,2, 72, 81,4.9,23.0
202603070602030814,14,,,26.0,131.1
202603070602030812,12, 68, 77,3.1,14.1
202603070602030804,4, 67, 67,56.3,286.6
202603070602030807,7, 66, 75,35.7,181.2
202603070602030712,12, 97,102,1.1,1.3
202603070602030703,3, 93,108,1.4,2.2
202603070602030705,5, 76, 81,6.6,12.1
202603070602030704,4, 89,104,1.3,2.0
202603070602030707,7, 88,103,4.3,7.8
202603070602030710,10, 86, 91,4.0,7.1
202603070602030701,1, 88,103,4.4,7.9
202603070602030713,13, 77, 82,15.2,28.4
202603070602030708,8, 88,102,6.2,11.4
202603070602030706,6, 78, 83,17.7,33.1
202603070602030711,11, 84, 99,15.5,29.0
202603070602030715,15, 86, 91,1.6,2.6
202603070602030709,9,,,5.5,10.1
202603070602030702,2, 84,100,9.1,16.9
202603070602030714,14, 86,100,11.4,21.1
202603070602030716,16, 87,102,,
202603070602030609,9, 79, 97,1.1,1.5
202603070602030610,10, 79, 96,1.6,3.0
202603070602030601,1, 80, 99,1.1,1.3
202603070602030613,13,,,8.9,19.6
202603070602030608,8, 78, 96,2.5,5.1
202603070602030607,7,,,18.1,40.4
202603070602030605,5,,,11.0,24.3
202603070602030618,18, 77, 95,1.5,2.8
202603070602030603,3, 67, 84,19.6,43.7
202603070602030606,6, 63, 81,8.3,18.1
202603070602030604,4, 55, 73,31.7,71.2
202603070602030614,14, 74, 89,22.7,50.9
202603070602030616,16, 73, 88,15.7,34.9
202603070602030612,12, 75, 90,14.7,32.7
202603070602030611,11, 60, 77,25.1,56.1
202603070602030615,15, 75, 93,2.8,5.7
202603070602030602,2, 77, 95,4.6,9.7
202603070602030617,17, 70, 85,90.0,202.3
202603070602030512,12, 77, 96,1.1,1.2
202603070602030510,10, 80, 99,1.5,2.8
202603070602030505,5, 70, 89,2.4,4.9
202603070602030502,2, 80, 99,1.5,2.9
202603070602030517,17, 81,100,1.1,1.8
202603070602030504,4, 64, 83,21.4,49.5
202603070602030509,9, 76, 95,3.2,6.9
202603070602030511,11, 70, 88,20.3,47.1
202603070602030515,15, 72, 89,49.8,116.2
202603070602030508,8, 66, 81,16.5,38.2
202603070602030506,6, 65, 84,53.7,125.4
202603070602030513,13,,,7.8,17.7
202603070602030514,14, 77, 95,15.0,34.5
202603070602030507,7,  7, 25,31.7,73.9
202603070602030501,1, 58, 76,38.7,90.1
202603070602030516,16, 70, 89,6.0,13.5
202603070602030503,3, 41, 59,28.8,67.1
202603070602030518,18, 75, 94,6.3,14.1
202603070602030404,4,,,2.0,3.3
202603070602030403,3,,,8.7,15.8
202603070602030401,1,,,5.1,9.1
202603070602030407,7,,,1.1,1.4
202603070602030409,9,,,14.4,26.3
202603070602030405,5,,,2.2,3.8
202603070602030406,6,,,1.3,1.8
202603070602030411,11,,,2.2,3.7
202603070602030402,2,,,14.6,26.7
202603070602030414,14,,,1.6,2.6
202603070602030413,13,,,11.0,20.0
202603070602030412,12,,,32.8,60.3
202603070602030408,8,,,10.9,19.9
202603070602030410,10,,,3.4,5.9
202603070602030314,14, 88,103,1.1,1.1
202603070602030308,8, 81, 96,1.1,2.5
202603070602030307,7, 73, 88,3.4,12.9
202603070602030304,4, 69, 86,1.7,5.8
202603070602030313,13, 75, 91,1.6,5.4
202603070602030301,1,,,17.4,72.3
202603070602030310,10,,,6.1,24.3
202603070602030312,12, 68, 83,8.4,34.2
202603070602030306,6,,,23.5,98.4
202603070602030316,16, 67, 81,10.5,43.1
202603070602030315,15,,,27.1,113.7
202603070602030305,5, 82, 97,1.4,4.5
202603070602030311,11, 51, 67,24.9,104.2
202603070602030309,9, 69, 83,29.2,122.5
202603070602030303,3, 54, 69,59.7,252.0
202603070602030302,2, 72, 84,21.2,88.7
202603070602030201,1, 67, 85,1.8,2.9
202603070602030212,12, 57, 74,7.9,14.2
202603070602030207,7, 79, 96,1.1,1.4
202603070602030206,6,,,18.5,33.6
202603070602030209,9, 64, 80,5.0,8.9
202603070602030210,10, 51, 70,3.3,5.7
202603070602030203,3, 52, 71,4.7,8.2
202603070602030211,11, 62, 80,3.4,5.9
202603070602030208,8, 68, 87,3.0,5.1
202603070602030205,5, 70, 89,1.4,2.0
202603070602030215,15,,,5.6,9.9
202603070602030213,13, 44, 58,26.0,47.1
202603070602030214,14, 69, 87,2.0,3.3
202603070602030204,4,,,3.4,5.9
202603070602030202,2, 65, 80,,
202603070602030116,16, 81, 95,1.1,1.6
202603070602030101,1, 84,100,1.3,2.1
202603070602030104,4, 74, 89,3.8,7.0
202603070602030113,13, 75, 90,7.6,14.6
202603070602030102,2, 86,102,1.1,1.5
202603070602030111,11, 79, 94,1.5,2.5
202603070602030109,9, 75, 92,2.5,4.4
202603070602030112,12,,,11.3,22.0
202603070602030103,3,,,9.3,18.0
202603070602030115,15,,,61.0,120.1
202603070602030114,14,,,11.1,21.5
202603070602030110,10,,,6.6,12.5
202603070602030105,5,,,22.0,43.1
202603070602030106,6,,,49.4,97.3
202603070602030107,7,,,24.6,48.1
202603070602030108,8,,,52.0,102.4
202603070901051202,2, 91,100,1.1,1.3
202603070901051210,10, 90, 99,1.6,2.6
202603070901051205,5, 89, 98,1.6,2.5
202603070901051213,13, 81, 91,4.3,7.3
202603070901051215,15, 84, 94,3.9,6.7
202603070901051211,11, 87, 96,2.0,3.2
202603070901051214,14, 83, 92,7.3,12.9
202603070901051206,6, 83, 92,5.8,10.1
202603070901051203,3, 79, 88,2.8,4.7
202603070901051201,1, 72, 81,9.7,17.1
202603070901051216,16, 66, 75,15.8,28.3
202603070901051208,8, 75, 84,3.4,5.8
202603070901051209,9, 86, 95,5.4,9.4
202603070901051212,12, 63, 73,66.6,119.4
202603070901051204,4, 72, 81,33.7,60.3
202603070901051207,7, 70, 79,8.7,15.3
202603070901051102,2, 87, 81,6.6,9.1
202603070901051117,17, 94, 88,1.9,2.4
202603070901051107,7, 95, 92,2.4,3.1
202603070901051113,13, 94, 91,2.5,3.3
202603070901051103,3, 73, 72,5.0,6.8
202603070901051101,1, 84, 83,17.9,24.5
202603070901051112,12, 91, 96,5.4,7.3
202603070901051104,4, 96, 86,1.7,2.1
202603070901051118,18, 94, 84,6.7,9.2
202603070901051114,14, 97, 97,5.2,7.0
202603070901051105,5, 89, 88,1.8,2.4
202603070901051109,9, 89, 94,18.1,24.7
202603070901051106,6, 85,100,10.7,14.6
202603070901051116,16, 91, 85,6.1,8.3
202603070901051108,8, 93, 98,4.2,5.6
202603070901051115,15, 91, 81,7.0,9.6
202603070901051110,10, 87, 77,9.7,13.3
202603070901051111,11, 93, 98,8.6,11.8
202603070901051002,2,101, 97,1.4,2.0
202603070901051003,3,100, 94,1.3,1.7
202603070901051015,15, 95, 91,5.4,8.4
202603070901051014,14,100,100,4.1,6.4
202603070901051004,4, 97, 93,26.3,41.9
202603070901051010,10,102, 98,4.7,7.2
202603070901051005,5,102, 98,3.6,5.4
202603070901051013,13, 96, 92,6.8,10.7
202603070901051011,11, 89, 83,4.3,6.7
202603070901051006,6, 97, 93,17.3,27.6
202603070901051008,8, 94, 90,1.5,2.2
202603070901051009,9,100, 96,6.4,10.1
202603070901051012,12,100, 96,3.0,4.5
202603070901051001,1, 95, 91,2.1,3.0
202603070901051007,7, 87, 83,35.0,55.8
202603070901050903,3, 94, 94,1.1,1.1
202603070901050904,4, 65, 65,2.7,6.5
202603070901050908,8, 90, 98,1.2,2.3
202603070901050902,2, 88, 88,1.3,2.9
202603070901050906,6, 88, 97,1.7,3.9
202603070901050909,9, 86, 86,4.0,10.3
202603070901050907,7, 87, 87,1.9,4.4
202603070901050901,1, 93, 93,4.3,10.9
202603070901050905,5, 85, 85,12.3,32.5
202603070901050806,6, 99, 99,1.1,1.1
202603070901050803,3, 98, 98,1.6,3.8
202603070901050810,10, 91, 91,1.4,3.1
202603070901050807,7, 98, 98,1.5,3.8
202603070901050804,4, 75, 75,3.2,8.8
202603070901050805,5, 86, 86,28.0,84.3
202603070901050808,8, 95, 95,2.1,5.5
202603070901050801,1, 89, 89,7.7,22.7
202603070901050809,9, 88, 88,3.0,8.3
202603070901050802,2, 80, 80,3.7,10.5
202603070901050702,2, 82, 91,1.1,3.3
202603070901050707,7, 83, 91,1.7,5.8
202603070901050706,6, 79, 89,1.1,1.1
202603070901050701,1, 86, 95,1.1,2.9
202603070901050704,4, 90, 99,1.5,5.1
202603070901050708,8, 75, 85,5.5,22.4
202603070901050705,5, 75, 84,6.3,25.8
202603070901050703,3, 68, 78,11.3,47.4
202603070901050607,7, 96,111,1.8,2.6
202603070901050603,3, 93, 98,2.1,3.0
202603070901050606,6, 90, 95,1.9,2.6
202603070901050611,11, 79, 84,2.1,3.0
202603070901050604,4, 92, 97,1.3,1.5
202603070901050612,12, 75, 75,11.3,17.3
202603070901050602,2, 72, 77,7.8,12.0
202603070901050609,9, 91, 96,2.7,4.0
202603070901050608,8, 90,102,7.5,11.4
202603070901050605,5, 59, 64,13.8,21.1
202603070901050610,10,,,2.2,3.2
202603070901050601,1, 74, 79,3.7,5.5
202603070901050513,13, 89,106,1.2,1.6
202603070901050514,14, 64, 79,3.5,5.6
202603070901050503,3, 80, 97,1.6,2.4
202603070901050518,18, 78, 96,3.2,5.1
202603070901050505,5, 83, 98,1.6,2.4
202603070901050502,2, 79, 96,1.5,2.1
202603070901050517,17, 78, 93,12.0,19.9
202603070901050508,8,,,3.5,5.6
202603070901050501,1,,,15.0,24.9
202603070901050506,6, 24, 41,15.8,26.3
202603070901050515,15,,,63.2,106.3
202603070901050510,10,,,6.0,9.8
202603070901050516,16, 79, 94,4.9,7.9
202603070901050509,9,,,27.4,45.9
202603070901050507,7, 71, 89,36.3,61.0
202603070901050512,12,,,13.7,22.9
202603070901050511,11, 47, 62,84.0,141.3
202603070901050504,4, 79, 94,7.2,11.9
202603070901050402,2, 76, 95,1.1,1.6
202603070901050413,13, 74, 93,1.3,2.4
202603070901050406,6, 76, 95,2.0,3.9
202603070901050410,10, 77, 95,1.1,1.3
202603070901050409,9, 49, 66,5.5,11.7
202603070901050404,4, 74, 93,2.2,4.2
202603070901050408,8,,,1.7,3.1
202603070901050411,11, 62, 81,24.3,53.5
202603070901050401,1, 49, 64,11.0,24.0
202603070901050407,7, 72, 90,22.7,50.0
202603070901050403,3, 61, 79,59.9,132.7
202603070901050412,12, 68, 86,37.2,82.1
202603070901050405,5, 61, 79,25.8,57.0
202603070901050308,8, 80, 98,1.2,3.6
202603070901050311,11, 68, 86,9.0,41.8
202603070901050302,2, 74, 92,2.3,9.3
202603070901050309,9, 77, 95,3.4,14.6
202603070901050313,13, 71, 89,1.7,6.6
202603070901050306,6, 84,102,1.1,1.1
202603070901050310,10, 65, 82,12.5,59.0
202603070901050304,4, 62, 79,18.1,85.9
202603070901050301,1, 65, 83,8.6,40.2
202603070901050312,12, 76, 94,2.3,9.2
202603070901050303,3, 75, 93,1.7,6.5
202603070901050305,5, 63, 81,8.1,37.3
202603070901050307,7, 76, 95,6.2,28.3
202603070901050207,7, 89,105,1.1,1.1
202603070901050203,3, 88,104,1.1,4.2
202603070901050209,9, 84,100,1.2,4.7
202603070901050202,2, 80, 96,3.4,18.4
202603070901050206,6, 64, 81,4.3,23.8
202603070901050216,16, 80, 95,1.4,6.2
202603070901050204,4, 74, 91,5.6,31.2
202603070901050210,10, 71, 87,12.7,74.6
202603070901050201,1, 72, 87,25.2,149.9
202603070901050215,15, 71, 86,10.5,61.1
202603070901050214,14,,,8.5,48.8
202603070901050212,12, 67, 83,70.7,425.2
202603070901050205,5, 64, 79,69.9,420.7
202603070901050211,11, 35, 49,25.4,151.6
202603070901050213,13, 51, 66,115.3,695.2
202603070901050208,8,,,35.0,209.1
202603070901050113,13, 67, 82,1.5,4.2
202603070901050114,14,,,2.2,7.1
202603070901050101,1, 65, 82,5.0,18.4
202603070901050103,3, 76, 94,3.1,10.9
202603070901050108,8, 77, 95,1.1,1.1
202603070901050102,2, 72, 90,1.7,5.1
202603070901050105,5, 74, 90,2.1,6.8
202603070901050109,9, 67, 84,5.1,18.7
202603070901050111,11, 62, 80,9.3,35.3
202603070901050107,7, 59, 74,16.0,61.3
202603070901050110,10,,,3.8,13.7
202603070901050106,6,,,23.9,92.3
202603070901050104,4, 58, 74,77.3,301.4
202603070901050112,12, 22, 39,3.4,12.0
202603010602021201,1, 92, 92,7.8,14.2
202603010602021212,12, 94, 94,1.3,1.7
202603010602021207,7, 98, 98,1.2,1.5
202603010602021202,2, 93,102,4.9,8.7
202603010602021208,8, 89, 89,16.0,29.3
202603010602021209,9, 93, 93,2.7,4.6
202603010602021213,13, 84, 84,3.2,5.5
202603010602021214,14, 90, 99,3.8,6.6
202603010602021215,15, 84, 84,3.9,6.8
202603010602021206,6, 91,100,6.8,12.3
202603010602021205,5, 89, 89,12.0,22.1
202603010602021211,11, 96, 96,2.2,3.6
202603010602021216,16, 82, 82,30.6,56.3
202603010602021210,10, 94, 94,2.7,4.6
202603010602021204,4, 93, 93,4.6,8.2
202603010602021203,3, 84, 84,3.6,6.3
202603010602021105,5,110, 87,1.5,2.2
202603010602021109,9,114, 97,1.9,2.9
202603010602021110,10,115, 98,1.2,1.6
202603010602021107,7,101, 87,6.8,11.0
202603010602021106,6,112, 89,2.1,3.2
202603010602021103,3,107, 92,2.9,4.5
202603010602021111,11,107, 90,15.7,25.8
202603010602021104,4,102, 94,31.0,50.9
202603010602021112,12,116, 94,14.9,24.4
202603010602021114,14,113, 98,3.5,5.6
202603010602021102,2,106, 94,8.1,13.1
202603010602021101,1,102, 76,1.5,2.1
202603010602021108,8,110, 98,6.5,10.5
202603010602021113,13,106, 89,13.1,21.4
202603010602021002,2,105,100,1.3,1.5
202603010602021015,15,100,100,2.3,3.4
202603010602021009,9,101, 96,3.1,4.7
202603010602021008,8,103, 98,3.3,5.0
202603010602021013,13, 97, 92,5.6,8.7
202603010602021001,1,101, 95,2.6,3.9
202603010602021005,5, 93, 85,28.2,45.2
202603010602021010,10, 98, 93,2.3,3.4
202603010602021014,14,103, 98,2.1,3.1
202603010602021012,12, 99, 94,1.8,2.4
202603010602021003,3, 96, 90,19.1,30.6
202603010602021006,6,104, 99,3.7,5.7
202603010602021004,4, 80, 76,12.5,19.9
202603010602021011,11, 92, 87,20.6,32.9
202603010602021007,7, 88, 83,13.4,21.3
202603010602020908,8, 99, 99,1.2,1.9
202603010602020905,5, 99, 99,1.1,1.1
202603010602020904,4, 94, 94,2.0,4.1
202603010602020903,3, 92, 92,5.5,12.8
202603010602020902,2, 89, 89,4.1,9.4
202603010602020906,6, 98, 98,2.6,5.8
202603010602020901,1,,,2.8,6.3
202603010602020907,7, 75, 75,6.6,15.6
202603010602020910,10, 61, 61,2.2,4.8
202603010602020909,9, 93,101,1.5,3.1
202603010602020809,9, 90, 99,1.5,2.0
202603010602020812,12, 88, 97,1.4,1.8
202603010602020814,14, 76, 85,1.7,2.4
202603010602020816,16, 89, 99,2.3,3.3
202603010602020806,6, 84, 93,10.0,15.8
202603010602020805,5, 91,100,2.6,3.9
202603010602020802,2, 84, 93,4.9,7.5
202603010602020808,8, 86, 95,6.5,10.1
202603010602020803,3, 83, 88,1.9,2.8
202603010602020810,10,,,5.1,7.9
202603010602020811,11, 75, 84,9.9,15.5
202603010602020815,15, 65, 74,25.3,40.3
202603010602020813,13, 69, 79,46.7,74.4
202603010602020804,4, 88, 93,27.5,43.8
202603010602020801,1, 85, 94,12.7,20.0
202603010602020807,7, 85, 94,5.4,8.4
202603010602020710,10, 89,104,1.2,1.8
202603010602020712,12, 88, 78,1.1,1.4
202603010602020711,11, 91, 88,2.3,4.0
202603010602020704,4, 83, 76,2.8,5.0
202603010602020707,7, 91, 97,1.3,2.1
202603010602020703,3, 84, 99,11.6,22.2
202603010602020709,9, 89, 94,3.4,6.1
202603010602020701,1, 81, 80,1.6,2.7
202603010602020705,5, 77, 94,46.7,89.9
202603010602020708,8, 77, 94,21.7,41.7
202603010602020702,2, 88, 93,12.1,23.2
202603010602020706,6, 50, 56,8.9,16.9
202603010602020604,4, 82, 91,1.1,1.4
202603010602020601,1, 82, 91,1.2,1.8
202603010602020614,14, 76, 85,2.5,4.5
202603010602020603,3, 92,101,2.0,3.5
202603010602020607,7, 75, 83,4.3,8.0
202603010602020615,15, 85, 94,1.4,2.4
202603010602020609,9, 79, 88,14.3,28.2
202603010602020612,12,,,5.6,10.8
202603010602020605,5, 76, 86,21.6,42.7
202603010602020613,13,,,3.5,6.5
202603010602020611,11, 80, 90,12.2,23.9
202603010602020602,2, 72, 81,9.1,17.7
202603010602020608,8, 69, 77,22.8,45.2
202603010602020610,10, 41, 50,48.5,96.3
202603010602020606,6, 79, 88,3.3,6.0
202603010602020502,2, 82, 99,1.1,1.5
202603010602020511,11, 80, 97,1.2,1.7
202603010602020514,14, 79, 96,2.0,3.5
202603010602020503,3, 73, 88,9.2,17.6
202603010602020504,4,,,11.3,21.7
202603010602020508,8, 80, 97,2.3,4.0
202603010602020513,13, 80, 97,1.5,2.4
202603010602020515,15, 76, 92,10.0,19.2
202603010602020512,12,,,12.8,24.6
202603010602020505,5,,,2.3,4.1
202603010602020506,6, 73, 88,5.9,11.1
202603010602020501,1,,,11.6,22.3
202603010602020509,9,,,17.3,33.6
202603010602020516,16, 62, 77,37.2,72.3
202603010602020510,10,,,35.3,68.6
202603010602020507,7,,,5.3,10.0
202603010602020407,7,,,1.1,1.1
202603010602020404,4, 88,106,2.4,6.1
202603010602020406,6, 81, 99,2.7,6.7
202603010602020405,5, 82, 99,1.5,3.5
202603010602020408,8, 83, 88,7.8,20.8
202603010602020403,3, 85,102,1.8,4.4
202603010602020401,1, 88,105,1.5,3.6
202603010602020402,2, 85,102,1.3,2.4
202603010602020314,14, 75, 91,1.1,1.1
202603010602020308,8, 83, 99,1.1,1.5
202603010602020313,13, 47, 65,1.7,5.0
202603010602020306,6, 76, 92,1.7,4.9
202603010602020316,16, 73, 88,2.0,6.0
202603010602020309,9, 71, 89,2.7,8.4
202603010602020304,4, 77, 91,3.6,11.9
202603010602020312,12, 70, 87,4.1,13.5
202603010602020310,10, 67, 82,14.1,49.7
202603010602020302,2,,  8,25.2,89.6
202603010602020301,1, 67, 82,19.9,70.5
202603010602020305,5,,,13.0,45.7
202603010602020303,3, 57, 72,31.5,112.4
202603010602020311,11, 59, 74,35.2,125.6
202603010602020307,7, 65, 80,11.8,41.1
202603010602020315,15, 64, 79,27.0,96.0
202603010602020205,5, 73, 90,1.3,1.7
202603010602020216,16, 74, 91,2.2,3.4
202603010602020210,10, 60, 79,1.3,1.7
202603010602020209,9, 48, 65,14.4,24.6
202603010602020211,11, 74, 92,1.7,2.6
202603010602020208,8, 62, 79,17.1,29.1
202603010602020206,6, 76, 93,2.4,3.9
202603010602020202,2, 56, 74,14.8,25.3
202603010602020201,1, 73, 90,13.6,23.1
202603010602020207,7, 72, 89,2.6,4.1
202603010602020204,4, 72, 90,3.9,6.3
202603010602020214,14, 58, 77,7.2,12.1
202603010602020212,12, 66, 81,4.0,6.5
202603010602020203,3, 75, 94,9.6,16.2
202603010602020213,13, 70, 86,18.3,31.1
202603010602020215,15,,,6.7,11.2
202603010602020115,15, 61, 79,2.2,3.2
202603010602020106,6, 82, 99,1.4,1.8
202603010602020108,8, 79, 98,2.0,2.9
202603010602020101,1, 75, 92,1.6,2.3
202603010602020107,7, 77, 94,1.4,1.9
202603010602020112,12, 73, 91,2.0,3.0
202603010602020109,9, 39, 56,14.9,23.8
202603010602020110,10, 68, 85,25.5,40.9
202603010602020102,2, 71, 90,5.2,8.1
202603010602020104,4, 47, 64,30.5,48.9
202603010602020113,13, 58, 75,9.9,15.7
202603010602020103,3, 66, 83,26.9,43.1
202603010602020105,5, 65, 80,38.0,61.1
202603010602020114,14, 70, 87,3.3,5.0
202603010602020111,11, 48, 66,45.4,72.9
202603010602020116,16,,,37.4,60.0
202603010901041214,14,,,3.2,4.6
202603010901041215,15, 83, 83,1.6,2.2
202603010901041206,6, 95, 95,2.2,3.2
202603010901041204,4, 91, 91,1.4,1.8
202603010901041203,3, 92,101,2.5,3.5
202603010901041202,2, 94,103,1.7,2.3
202603010901041205,5, 97, 97,3.1,4.5
202603010901041208,8, 93,102,6.9,10.4
202603010901041211,11, 88, 88,4.7,7.0
202603010901041212,12, 93, 93,8.6,12.9
202603010901041201,1, 86, 86,24.7,37.5
202603010901041216,16, 93, 93,14.3,21.8
202603010901041207,7, 84, 84,44.3,67.4
202603010901041209,9, 90, 90,4.7,6.9
202603010901041213,13, 83, 83,15.9,24.1
202603010901041210,10, 95,100,9.7,14.6
202603010901041113,13,102, 92,1.2,1.7
202603010901041114,14, 95,100,3.5,6.0
202603010901041112,12,100, 90,1.2,1.5
202603010901041106,6, 91, 96,4.4,7.9
202603010901041111,11, 85,102,8.0,14.4
202603010901041104,4, 93, 98,2.7,4.7
202603010901041101,1, 84,101,3.5,6.1
202603010901041103,3, 81, 86,21.5,39.7
202603010901041115,15, 91, 96,32.6,60.1
202603010901041108,8, 91, 85,6.9,12.4
202603010901041107,7,,,9.2,16.8
202603010901041105,5, 95,100,1.6,2.5
202603010901041110,10, 92, 97,2.4,4.0
202603010901041102,2, 85, 90,16.7,30.6
202603010901041109,9, 95, 85,3.0,5.2
202603010901041002,2,104, 97,3.2,5.0
202603010901041010,10,102, 95,1.3,1.6
202603010901041009,9,103, 96,3.0,4.6
202603010901041012,12, 77, 70,5.5,8.8
202603010901041013,13, 99, 92,2.1,3.1
202603010901041003,3,104, 97,1.5,1.9
202603010901041004,4, 90, 90,4.1,6.5
202603010901041001,1, 94, 87,7.5,12.1
202603010901041014,14, 89, 82,24.2,39.0
202603010901041006,6, 97, 90,10.3,16.6
202603010901041011,11,103, 96,8.5,13.7
202603010901041007,7,102, 95,2.4,3.7
202603010901041008,8, 98, 91,2.5,3.8
202603010901041005,5,102, 95,2.6,4.0
202603010901040903,3,101,101,1.1,1.1
202603010901040908,8, 92,100,1.1,3.5
202603010901040904,4, 97, 97,1.1,3.3
202603010901040909,9, 83, 83,1.5,6.2
202603010901040906,6, 91, 91,2.4,11.0
202603010901040901,1, 94, 94,5.0,24.8
202603010901040905,5, 96, 96,6.2,30.9
202603010901040902,2, 93, 93,16.7,87.0
202603010901040907,7, 80, 80,11.8,61.0
202603010901040803,3, 90, 98,1.1,1.1
202603010901040807,7, 86, 94,19.4,57.0
202603010901040806,6,,,1.5,3.4
202603010901040815,15, 80, 88,3.4,9.1
202603010901040814,14, 93, 93,1.4,3.1
202603010901040809,9, 85, 93,6.0,16.9
202603010901040811,11, 80, 88,7.2,20.5
202603010901040801,1, 86, 94,7.1,20.2
202603010901040802,2, 68, 77,6.5,18.4
202603010901040808,8, 71, 79,19.2,56.6
202603010901040812,12, 86, 96,2.4,6.4
202603010901040810,10,,,3.7,10.1
202603010901040805,5, 79, 87,1.8,4.5
202603010901040813,13,,,20.8,61.2
202603010901040804,4, 65, 84,66.7,198.2
202603010901040711,11, 87, 96,1.2,1.7
202603010901040707,7, 83, 92,1.4,2.0
202603010901040709,9, 55, 65,14.1,24.0
202603010901040714,14, 79, 89,17.4,29.8
202603010901040701,1, 88, 97,2.3,3.7
202603010901040708,8, 85, 94,2.8,4.5
202603010901040715,15, 83, 92,2.7,4.4
202603010901040712,12, 74, 83,5.6,9.4
202603010901040703,3,,,1.3,1.8
202603010901040710,10, 52, 62,7.4,12.5
202603010901040716,16, 76, 84,5.7,9.6
202603010901040704,4, 81, 91,6.9,11.6
202603010901040702,2, 62, 71,44.4,75.9
202603010901040713,13, 74, 83,6.0,10.0
202603010901040706,6, 86, 96,,
202603010901040705,5, 57, 67,6.3,10.5
202603010901040605,5, 82,100,1.0,1.1
202603010901040601,1, 89, 94,1.0,2.4
202603010901040602,2, 96, 91,1.0,1.6
202603010901040608,8, 68, 74,1.9,7.1
202603010901040607,7, 59, 77,4.9,20.9
202603010901040603,3,,,6.3,27.5
202603010901040606,6, 64, 69,14.0,62.6
202603010901040604,4, 56, 74,7.6,33.2
202603010901040501,1, 81,100,1.1,1.4
202603010901040505,5,,,1.6,3.3
202603010901040507,7, 76, 94,2.0,4.5
202603010901040504,4, 78, 97,1.1,1.3
202603010901040512,12, 77, 96,1.6,3.5
202603010901040510,10, 77, 95,5.2,13.0
202603010901040508,8, 65, 80,44.2,115.8
202603010901040511,11, 35, 52,5.2,13.0
202603010901040503,3, 74, 93,2.5,5.7
202603010901040506,6, 47, 64,20.1,52.4
202603010901040502,2,,,11.3,29.2
202603010901040509,9, 66, 84,8.0,20.3
202603010901040513,13, 71, 88,20.1,52.4
202603010901040407,7, 94,100,1.0,1.1
202603010901040401,1, 98,104,1.1,3.7
202603010901040408,8, 80, 86,1.5,8.7
202603010901040405,5, 93, 99,2.3,15.0
202603010901040402,2, 87, 92,3.3,22.1
202603010901040403,3, 87, 92,4.2,28.9
202603010901040406,6, 86,103,1.6,9.5
202603010901040404,4, 90,108,1.8,10.9
202603010901040312,12, 75, 93,3.4,9.5
202603010901040311,11, 67, 85,5.6,16.1
202603010901040303,3, 79, 97,1.4,3.4
202603010901040307,7, 80, 98,1.1,1.1
202603010901040305,5, 67, 86,3.6,9.9
202603010901040302,2, 74, 92,3.1,8.4
202603010901040308,8, 79, 96,1.7,4.3
202603010901040304,4, 81, 99,1.2,2.3
202603010901040309,9, 62, 77,28.5,84.4
202603010901040301,1, 75, 93,3.6,9.9
202603010901040310,10, 57, 74,9.3,27.1
202603010901040306,6, 74, 92,5.6,16.0
202603010901040213,13, 75, 91,1.2,1.7
202603010901040209,9, 77, 92,3.6,6.2
202603010901040206,6, 72, 89,3.2,5.4
202603010901040215,15, 63, 78,7.3,12.8
202603010901040205,5, 83, 98,1.8,2.8
202603010901040210,10, 80, 96,6.2,10.8
202603010901040214,14, 71, 86,2.6,4.4
202603010901040204,4, 73, 87,8.6,15.1
202603010901040201,1, 78, 95,1.4,2.1
202603010901040207,7, 74, 90,9.2,16.3
202603010901040211,11, 66, 82,41.3,74.0
202603010901040208,8, 59, 78,34.3,61.5
202603010901040202,2, 63, 79,36.7,65.7
202603010901040212,12, 69, 86,43.7,78.4
202603010901040216,16, 70, 87,16.9,30.1
202603010901040203,3, 87,103,1.2,1.7
202603010901040103,3, 77, 96,1.2,1.6
202603010901040102,2,,,4.5,7.7
202603010901040107,7, 66, 84,3.1,5.3
202603010901040109,9, 65, 82,23.4,42.0
202603010901040110,10, 68, 85,1.3,2.0
202603010901040111,11, 69, 86,1.5,2.2
202603010901040112,12, 67, 84,5.5,9.5
202603010901040105,5, 74, 92,9.6,17.1
202603010901040106,6, 66, 81,4.5,7.8
202603010901040101,1, 36, 51,31.3,56.4
202603010901040113,13, 75, 93,1.2,1.7
202603010901040108,8, 73, 88,5.7,9.9
202603010901040104,4, 29, 46,28.1,50.6
202603011001121203,3, 90,100,1.2,1.5
202603011001121212,12, 88, 97,1.3,1.8
202603011001121209,9, 77, 86,5.3,9.4
202603011001121214,14, 80, 90,4.0,6.9
202603011001121205,5, 85, 95,1.8,2.8
202603011001121216,16, 79, 88,2.9,5.0
202603011001121213,13,,,10.2,18.4
202603011001121206,6, 83, 93,2.1,3.4
202603011001121211,11,,,9.7,17.4
202603011001121215,15, 80, 90,12.8,23.2
202603011001121207,7, 83, 93,3.0,5.0
202603011001121201,1, 78, 87,7.4,13.2
202603011001121208,8,,,14.8,26.9
202603011001121202,2, 73, 83,19.5,35.4
202603011001121210,10, 69, 78,25.7,46.7
202603011001121204,4, 75, 85,2.9,4.9
202603011001121108,8,105, 97,1.7,2.6
202603011001121110,10, 98, 90,3.8,6.5
202603011001121111,11,103, 95,1.1,1.3
202603011001121116,16,106, 98,2.8,4.6
202603011001121109,9,100, 92,4.5,7.7
202603011001121104,4, 99, 91,8.4,14.8
202603011001121105,5,107, 93,2.1,3.3
202603011001121117,17, 99, 91,2.1,3.4
202603011001121103,3, 97, 83,5.6,9.8
202603011001121107,7, 92, 84,19.3,34.5
202603011001121106,6,102, 95,5.7,9.8
202603011001121114,14,102,102,6.0,10.4
202603011001121101,1,101, 93,6.6,11.5
202603011001121113,13,103, 95,7.1,12.4
202603011001121115,15,103, 95,3.3,5.6
202603011001121102,2, 86, 78,24.1,43.1
202603011001121112,12, 75, 68,20.7,36.9
202603011001121016,16, 96, 96,3.2,4.4
202603011001121013,13, 95, 95,3.3,4.5
202603011001121007,7, 92, 92,5.9,8.2
202603011001121001,1, 95, 95,1.9,2.5
202603011001121010,10, 91,100,2.3,3.0
202603011001121014,14, 97, 97,8.2,11.5
202603011001121003,3, 90, 99,9.5,13.3
202603011001121015,15, 93,102,2.3,3.1
202603011001121017,17, 92, 92,4.2,5.8
202603011001121005,5, 90, 99,3.0,4.1
202603011001121009,9, 98, 98,7.9,11.0
202603011001121012,12, 93, 93,18.2,25.8
202603011001121018,18, 96, 96,1.6,2.0
202603011001121011,11, 95, 95,6.2,8.7
202603011001121008,8, 89, 98,4.7,6.5
202603011001121006,6, 91, 91,38.8,55.0
202603011001121002,2, 96, 96,6.2,8.6
202603011001121004,4, 76, 76,33.0,46.8
202603011001120910,10, 82, 91,14.5,20.8
202603011001120918,18, 88, 96,1.7,2.3
202603011001120905,5, 87, 95,2.8,3.9
202603011001120906,6, 86, 94,3.6,5.0
202603011001120902,2, 89, 97,8.8,12.6
202603011001120916,16, 90, 98,1.8,2.4
202603011001120912,12, 90, 98,1.6,2.0
202603011001120904,4, 90, 99,2.0,2.7
202603011001120907,7, 77, 85,8.0,11.4
202603011001120911,11, 89, 98,3.2,4.4
202603011001120917,17, 88, 97,11.6,16.7
202603011001120908,8, 88, 96,5.4,7.7
202603011001120914,14, 87, 95,10.7,15.3
202603011001120901,1, 85, 93,10.4,14.9
202603011001120913,13, 83, 92,32.6,46.8
202603011001120903,3, 79, 88,11.9,17.1
202603011001120915,15, 85, 93,5.2,7.3
202603011001120909,9, 28, 37,20.2,29.1
202603011001120814,14, 83, 92,2.0,3.0
202603011001120808,8, 85, 94,3.3,5.2
202603011001120813,13, 79, 89,2.1,3.2
202603011001120815,15, 87, 97,2.9,4.6
202603011001120806,6, 83, 92,3.9,6.2
202603011001120805,5, 89, 99,1.8,2.8
202603011001120804,4, 74, 84,52.0,86.8
202603011001120807,7, 85, 95,1.3,1.7
202603011001120809,9, 72, 80,31.7,52.9
202603011001120810,10, 81, 91,4.0,6.3
202603011001120812,12, 66, 76,97.1,162.1
202603011001120801,1,,,9.0,14.8
202603011001120803,3, 87, 97,1.5,1.9
202603011001120811,11, 71, 81,8.4,13.7
202603011001120802,2, 71, 81,13.2,21.8
202603011001120706,6, 83, 92,5.0,7.2
202603011001120709,9, 88, 97,2.2,3.0
202603011001120715,15, 87, 96,2.6,3.7
202603011001120717,17, 98,113,2.5,3.4
202603011001120711,11, 82, 91,3.9,5.5
202603011001120713,13, 85, 94,24.3,35.8
202603011001120714,14, 81, 90,11.8,17.2
202603011001120716,16, 81, 90,12.1,17.7
202603011001120705,5, 92,101,1.4,1.6
202603011001120704,4, 88, 97,2.8,3.9
202603011001120718,18, 77, 86,2.8,3.9
202603011001120712,12, 87, 96,7.0,10.2
202603011001120708,8, 86, 95,9.6,14.0
202603011001120702,2, 87, 96,3.4,4.8
202603011001120703,3, 72, 81,76.3,112.3
202603011001120710,10, 68, 77,11.9,17.4
202603011001120707,7, 88, 97,2.8,3.9
202603011001120701,1, 82, 91,24.5,36.1
202603011001120616,16, 84,102,1.1,1.3
202603011001120601,1, 71, 88,4.8,9.0
202603011001120602,2, 79, 94,1.6,2.8
202603011001120610,10,,,39.9,78.1
202603011001120615,15, 70, 85,4.8,8.9
202603011001120605,5,,,2.6,4.7
202603011001120611,11, 80, 98,1.4,2.1
202603011001120614,14, 77, 94,2.7,4.9
202603011001120612,12, 67, 82,2.2,4.0
202603011001120609,9, 57, 76,17.4,34.0
202603011001120603,3,,,5.0,9.4
202603011001120604,4, 55, 72,4.1,7.6
202603011001120608,8, 67, 83,14.1,27.4
202603011001120607,7, 53, 70,7.2,13.8
202603011001120613,13, 54, 69,22.3,43.4
202603011001120606,6, 38, 56,12.3,23.9
202603011001120508,8, 84, 99,3.3,5.3
202603011001120504,4, 88,103,1.3,1.8
202603011001120509,9, 81, 96,5.0,8.2
202603011001120515,15, 81, 96,1.5,2.2
202603011001120518,18, 81, 96,3.2,5.0
202603011001120512,12, 83, 97,3.4,5.4
202603011001120514,14,,,44.0,74.3
202603011001120506,6, 89,104,1.3,1.7
202603011001120510,10,,,17.6,29.5
202603011001120517,17, 74, 89,17.7,29.7
202603011001120505,5, 83, 98,4.4,7.1
202603011001120516,16, 74, 89,31.1,52.4
202603011001120507,7, 64, 78,12.9,21.5
202603011001120502,2, 70, 85,20.2,33.9
202603011001120511,11, 79, 96,1.8,2.7
202603011001120513,13, 37, 51,10.1,16.7
202603011001120503,3, 51, 66,64.5,108.9
202603011001120501,1, 59, 74,33.6,56.7
202603011001120403,3,,,1.2,1.4
202603011001120411,11,,,1.4,2.1
202603011001120402,2,,,1.6,2.4
202603011001120404,4,,,8.2,14.1
202603011001120401,1,,,2.0,3.1
202603011001120407,7,,,2.2,3.6
202603011001120405,5,,,2.5,4.1
202603011001120408,8,,,4.7,8.0
202603011001120410,10,,,10.4,18.0
202603011001120409,9,,,2.4,3.8
202603011001120406,6,,,35.0,60.9
202603011001120412,12, 80, 89,14.1,24.5
202603011001120303,3, 86, 98,1.1,1.4
202603011001120305,5, 87, 99,1.4,2.1
202603011001120307,7, 87, 99,1.9,3.0
202603011001120306,6,,,17.8,30.9
202603011001120314,14, 83, 98,1.4,2.2
202603011001120308,8, 84, 96,3.4,5.7
202603011001120301,1, 67, 82,3.6,5.9
202603011001120304,4, 69, 84,64.0,111.3
202603011001120309,9,,,7.7,13.2
202603011001120302,2, 56, 71,14.5,25.2
202603011001120313,13,,,3.3,5.4
202603011001120312,12, 53, 68,10.8,18.6
202603011001120311,11, 75, 90,4.4,7.4
202603011001120310,10, 79, 94,3.5,5.8
202603011001120215,15, 81,100,1.1,1.1
202603011001120204,4, 77, 95,1.4,5.2
202603011001120205,5, 72, 90,6.8,31.6
202603011001120214,14, 84,103,1.2,3.7
202603011001120211,11, 69, 88,3.1,13.5
202603011001120213,13,,,8.1,38.5
202603011001120203,3,,,12.4,59.8
202603011001120216,16, 74, 92,11.0,52.8
202603011001120209,9, 68, 80,22.5,109.8
202603011001120202,2, 75, 92,13.3,64.1
202603011001120201,1, 73, 92,2.5,10.4
202603011001120210,10, 80, 95,14.8,71.6
202603011001120212,12, 47, 65,1.9,7.8
202603011001120207,7, 69, 86,3.3,14.4
202603011001120206,6, 64, 83,43.4,212.8
202603011001120208,8, 77, 92,11.0,52.5
202603011001120103,3, 72, 90,1.8,9.2
202603011001120110,10, 72, 90,6.6,41.6
202603011001120114,14, 88,105,1.1,1.1
202603011001120106,6, 74, 92,2.9,16.6
202603011001120101,1, 79, 96,2.1,11.4
202603011001120113,13, 83,101,1.1,2.3
202603011001120115,15, 77, 94,2.6,14.6
202603011001120109,9,,,44.0,294.7
202603011001120105,5, 75, 90,5.9,36.8
202603011001120102,2, 62, 80,10.2,66.5
202603011001120108,8, 54, 71,28.2,187.7
202603011001120116,16, 84,101,2.6,14.5
202603011001120104,4, 70, 88,3.1,18.1
202603011001120112,12, 65, 83,21.6,143.7
202603011001120107,7, 75, 91,,
202603011001120111,11, 67, 82,36.6,244.7
202602280602011210,10, 97, 97,1.2,1.5
202602280602011213,13, 96, 96,2.5,4.2
202602280602011211,11, 92, 92,1.4,1.9
202602280602011214,14, 90, 90,1.8,2.8
202602280602011209,9, 89, 89,48.3,87.1
202602280602011216,16, 82, 82,7.2,12.7
202602280602011215,15, 88, 88,23.2,41.6
202602280602011206,6, 93, 93,4.3,7.3
202602280602011205,5, 84, 84,5.8,10.1
202602280602011207,7, 61, 61,2.7,4.4
202602280602011204,4, 83, 83,16.8,30.0
202602280602011212,12, 91, 91,1.8,2.8
202602280602011203,3, 86, 86,58.3,105.2
202602280602011202,2, 94, 94,37.4,67.4
202602280602011208,8, 66, 66,43.2,77.9
202602280602011201,1, 95, 95,2.8,4.6
202602280602011103,3,101, 91,3.6,5.8
202602280602011102,2,108, 98,2.7,4.2
202602280602011105,5,113, 97,1.2,1.6
202602280602011114,14,,,1.5,2.1
202602280602011116,16,107, 91,5.5,8.9
202602280602011115,15,107,102,2.5,3.9
202602280602011104,4,106, 98,5.1,8.3
202602280602011111,11,103, 95,6.2,10.1
202602280602011113,13,103, 93,3.9,6.2
202602280602011106,6,101, 91,44.3,73.8
202602280602011108,8,109, 99,13.8,23.0
202602280602011101,1,111, 99,1.6,2.3
202602280602011107,7,101, 91,16.9,28.1
202602280602011112,12,102, 92,48.1,80.1
202602280602011109,9,,,3.3,5.3
202602280602011110,10,,,6.8,11.1
202602280602011016,16,101, 97,2.0,2.9
202602280602011013,13, 72, 68,6.1,9.7
202602280602011014,14,102, 98,1.4,2.0
202602280602011002,2,100, 96,1.6,2.4
202602280602011012,12, 94, 88,6.8,10.9
202602280602011015,15,101, 97,4.1,6.4
202602280602011006,6,103, 99,1.3,1.7
202602280602011010,10, 81, 77,5.1,8.0
202602280602011008,8,104,104,2.5,3.8
202602280602011005,5, 98, 98,8.2,13.1
202602280602011004,4,100, 96,5.4,8.6
202602280602011011,11, 90, 86,58.6,95.9
202602280602011003,3, 97, 93,6.7,10.7
202602280602011009,9, 99, 95,4.0,6.3
202602280602011001,1, 92, 88,36.3,59.4
202602280602011007,7, 96, 91,31.1,50.9
202602280602010904,4, 82,100,1.1,2.0
202602280602010903,3, 93, 99,1.1,1.1
202602280602010907,7, 93, 90,1.1,1.9
202602280602010902,2, 71, 77,11.1,25.2
202602280602010905,5, 69, 75,8.7,19.7
202602280602010906,6, 89,108,3.2,7.1
202602280602010901,1, 83,102,1.9,3.9
202602280602010908,8, 83,100,1.6,3.1
202602280602010812,12, 99, 99,1.2,1.5
202602280602010807,7, 95, 95,1.6,2.7
202602280602010804,4, 93, 93,1.7,2.8
202602280602010805,5, 96, 96,2.5,4.4
202602280602010801,1, 92,101,1.2,1.7
202602280602010810,10, 96, 96,2.6,4.5
202602280602010802,2, 92, 92,9.1,17.0
202602280602010811,11, 43, 43,42.0,80.2
202602280602010808,8, 79, 79,7.4,13.7
202602280602010806,6, 87, 87,4.6,8.4
202602280602010803,3, 73, 73,58.7,112.2
202602280602010809,9, 86, 86,30.2,57.7
202602280602010813,13, 85, 95,2.4,4.2
202602280602010715,15, 93, 99,1.1,1.3
202602280602010713,13, 87, 97,1.3,2.0
202602280602010712,12, 78, 88,3.0,5.4
202602280602010716,16, 79, 88,3.2,5.9
202602280602010702,2, 71, 81,5.6,10.6
202602280602010710,10, 85, 90,3.4,6.4
202602280602010711,11, 83, 92,3.9,7.3
202602280602010701,1, 57, 66,6.0,11.5
202602280602010714,14, 75, 84,10.9,21.3
202602280602010708,8, 66, 75,39.8,78.8
202602280602010707,7, 69, 79,24.7,48.9
202602280602010706,6, 65, 75,2.2,3.8
202602280602010703,3, 84, 93,19.1,37.6
202602280602010705,5, 78, 87,10.4,20.3
202602280602010704,4, 83, 93,1.5,2.5
202602280602010709,9, 78, 88,27.9,55.2
202602280602010608,8, 93, 98,1.1,1.1
202602280602010605,5, 90, 96,1.5,4.1
202602280602010601,1, 86, 91,3.1,9.5
202602280602010602,2, 83, 89,2.8,8.6
202602280602010603,3, 91, 85,1.5,4.0
202602280602010606,6, 97, 91,1.6,4.5
202602280602010604,4, 90, 95,5.5,17.4
202602280602010609,9, 93, 83,1.6,4.3
202602280602010607,7, 54, 72,51.8,172.1
202602280602010502,2, 78, 95,1.3,1.6
202602280602010515,15, 71, 88,12.0,21.5
202602280602010508,8, 69, 86,3.3,5.6
202602280602010504,4, 80, 95,9.2,16.4
202602280602010512,12, 80, 97,1.3,1.7
202602280602010510,10, 71, 90,4.7,8.2
202602280602010517,17, 78, 95,2.5,4.2
202602280602010507,7, 78, 96,2.9,4.8
202602280602010509,9, 73, 91,2.0,3.2
202602280602010506,6,,,7.8,13.8
202602280602010511,11, 69, 84,21.7,39.1
202602280602010518,18, 74, 93,4.4,7.7
202602280602010516,16,,,2.2,3.7
202602280602010503,3, 74, 93,4.1,7.1
202602280602010501,1, 56, 75,48.9,88.6
202602280602010505,5, 54, 73,39.5,71.6
202602280602010514,14, 64, 82,42.4,76.8
202602280602010513,13, 74, 89,49.8,90.2
202602280602010409,9, 80, 98,1.1,1.1
202602280602010403,3, 80, 97,1.1,3.0
202602280602010410,10, 58, 75,3.6,14.8
202602280602010401,1, 63, 79,8.8,38.4
202602280602010405,5, 65, 82,1.3,4.0
202602280602010411,11, 72, 89,2.3,8.7
202602280602010412,12, 64, 79,35.9,161.3
202602280602010406,6,,,4.7,19.6
202602280602010402,2, 69, 88,1.5,4.9
202602280602010407,7, 66, 84,13.3,58.7
202602280602010404,4, 44, 62,18.5,82.6
202602280602010408,8,,,30.9,138.5
202602280602010306,6, 71, 87,1.8,3.0
202602280602010308,8, 79, 95,1.3,1.8
202602280602010314,14, 77, 91,2.2,3.9
202602280602010315,15, 70, 85,3.3,6.0
202602280602010313,13, 81, 97,1.1,1.4
202602280602010316,16, 69, 84,9.5,18.1
202602280602010307,7, 78, 93,2.4,4.1
202602280602010312,12, 71, 86,2.0,3.4
202602280602010303,3, 73, 88,14.1,27.0
202602280602010309,9, 48, 66,6.5,12.2
202602280602010304,4, 61, 75,56.7,109.7
202602280602010301,1, 80, 94,3.1,5.6
202602280602010310,10, 22, 40,21.4,41.1
202602280602010305,5, 67, 81,39.3,75.9
202602280602010302,2,,,48.7,94.2
202602280602010311,11,,,107.5,208.0
202602280602010209,9, 83,101,1.0,1.1
202602280602010215,15, 75, 92,1.3,6.9
202602280602010213,13, 69, 86,1.6,8.8
202602280602010206,6, 61, 79,2.6,16.1
202602280602010212,12, 40, 58,4.6,30.9
202602280602010214,14,,,3.8,25.5
202602280602010210,10, 62, 76,12.5,90.5
202602280602010203,3, 60, 76,14.1,102.0
202602280602010204,4, 66, 82,9.2,65.6
202602280602010208,8, 36, 54,18.9,138.1
202602280602010201,1, 60, 76,10.9,78.2
202602280602010202,2, 66, 83,6.5,45.7
202602280602010205,5, 50, 67,31.8,234.2
202602280602010207,7, 66, 82,29.7,219.1
202602280602010211,11, 61, 78,1.3,6.1
202602280602010114,14, 78, 93,1.6,2.5
202602280602010103,3, 80, 95,1.5,2.1
202602280602010116,16, 79, 95,1.8,2.7
202602280602010112,12,,,4.3,7.2
202602280602010115,15, 77, 92,4.6,7.7
202602280602010110,10, 67, 82,3.8,6.4
202602280602010102,2, 82, 98,1.2,1.4
202602280602010104,4, 83, 96,1.7,2.6
202602280602010107,7,,,26.7,46.6
202602280602010108,8,,,18.0,31.3
202602280602010109,9, 58, 73,8.6,14.8
202602280602010111,11,,,31.4,54.9
202602280602010113,13,,,21.9,38.2
202602280602010105,5, 44, 59,79.7,139.5
202602280602010106,6, 61, 75,7.9,13.6
202602280602010101,1,,,,
202602280901031206,6, 96, 96,1.3,1.7
202602280901031204,4, 93, 93,2.3,3.9
202602280901031209,9, 94, 94,2.7,4.6
202602280901031211,11, 92, 92,2.0,3.2
202602280901031205,5, 85, 85,5.0,9.0
202602280901031216,16, 93, 93,5.1,9.0
202602280901031217,17, 97, 97,1.2,1.6
202602280901031203,3, 84, 84,50.9,94.4
202602280901031201,1, 87, 87,5.7,10.3
202602280901031208,8, 93, 93,7.8,14.1
202602280901031213,13, 90, 90,42.4,78.6
202602280901031212,12, 95, 95,2.6,4.5
202602280901031202,2, 87, 87,30.4,56.4
202602280901031215,15, 95, 95,7.2,13.1
202602280901031210,10, 77, 77,24.0,44.3
202602280901031218,18, 91, 91,12.3,22.6
202602280901031214,14, 66, 66,2.8,4.8
202602280901031207,7, 92, 92,19.5,36.0
202602280901031104,4, 91, 79,5.0,7.9
202602280901031107,7,116,104,1.2,1.6
202602280901031101,1,110, 98,3.0,4.6
202602280901031111,11,116,104,1.5,2.2
202602280901031105,5,104, 92,5.6,8.8
202602280901031103,3,111, 90,5.6,8.9
202602280901031106,6,107, 95,1.5,2.2
202602280901031116,16,108, 87,11.4,18.4
202602280901031114,14,111, 99,5.9,9.5
202602280901031108,8,113, 92,2.0,2.9
202602280901031110,10,104, 92,16.8,27.3
202602280901031102,2,111, 99,2.9,4.4
202602280901031113,13,,,14.3,23.3
202602280901031115,15, 81, 59,10.1,16.4
202602280901031109,9,106, 85,7.3,11.6
202602280901031112,12, 98, 86,39.1,63.6
202602280901031002,2, 95, 95,1.1,1.3
202602280901031005,5, 95,100,1.1,1.4
202602280901031008,8, 87, 87,1.4,2.5
202602280901031004,4, 87,103,2.6,5.3
202602280901031007,7, 83, 82,3.3,6.9
202602280901031009,9, 94, 93,1.3,2.3
202602280901031003,3, 85, 90,5.5,11.6
202602280901031006,6, 87, 92,13.5,28.9
202602280901031001,1, 90,105,3.8,7.8
202602280901030905,5,107, 99,1.1,1.4
202602280901030902,2,108,108,1.1,1.4
202602280901030906,6,102, 94,1.5,2.9
202602280901030908,8, 99, 99,1.9,3.7
202602280901030901,1,102, 94,1.8,3.6
202602280901030907,7, 99, 91,11.0,23.3
202602280901030903,3,104, 97,2.2,4.4
202602280901030909,9,101,101,2.4,4.8
202602280901030904,4, 90, 99,6.9,14.4
202602280901030809,9, 93,102,2.6,3.7
202602280901030805,5, 96, 96,3.2,4.6
202602280901030810,10, 99, 99,1.5,1.9
202602280901030813,13, 95,104,3.6,5.3
202602280901030811,11, 98, 98,2.1,3.0
202602280901030803,3, 91, 91,10.7,16.2
202602280901030807,7, 96, 96,1.5,2.0
202602280901030808,8, 86, 86,54.7,82.8
202602280901030812,12, 90, 99,4.4,6.5
202602280901030815,15, 95, 95,10.0,15.2
202602280901030814,14, 96, 96,6.4,9.6
202602280901030802,2, 89, 89,6.8,10.2
202602280901030804,4, 92,102,2.7,3.8
202602280901030801,1, 64, 64,18.4,27.8
202602280901030806,6, 95, 95,2.0,2.8
202602280901030701,1, 91,100,1.5,2.0
202602280901030709,9, 71, 81,4.8,7.1
202602280901030713,13, 79, 89,1.4,1.9
202602280901030706,6, 90, 96,1.6,2.2
202602280901030711,11, 83, 93,2.2,3.1
202602280901030712,12, 85, 95,2.2,3.2
202602280901030705,5, 81, 90,4.3,6.4
202602280901030704,4, 77, 87,15.7,23.8
202602280901030708,8, 67, 76,5.9,8.7
202602280901030716,16, 80, 90,8.0,12.0
202602280901030702,2, 86, 95,3.0,4.3
202602280901030715,15, 85, 94,13.6,20.6
202602280901030703,3, 80, 90,18.3,27.8
202602280901030714,14, 78, 87,7.9,11.8
202602280901030710,10, 82, 90,17.4,26.4
202602280901030707,7, 73, 82,12.2,18.4
202602280901030601,1, 87, 96,1.3,2.0
202602280901030605,5, 89, 98,1.1,1.4
202602280901030606,6, 81, 90,8.7,16.1
202602280901030608,8, 89, 98,1.2,1.8
202602280901030602,2, 83, 92,7.5,13.8
202602280901030604,4, 58, 67,2.6,4.5
202602280901030611,11, 63, 72,9.5,17.6
202602280901030607,7, 85, 94,2.1,3.6
202602280901030609,9, 83, 92,11.3,21.0
202602280901030612,12,,,12.1,22.5
202602280901030613,13, 81, 90,3.6,6.4
202602280901030610,10, 73, 83,2.4,4.1
202602280901030603,3,,,24.8,46.4
202602280901030507,7, 81, 98,1.2,1.8
202602280901030505,5, 80, 98,1.1,1.5
202602280901030512,12, 84,101,1.1,1.6
202602280901030514,14, 77, 96,2.8,5.0
202602280901030506,6, 77, 95,3.1,5.6
202602280901030508,8, 79, 96,8.0,15.2
202602280901030503,3, 79, 96,2.3,4.0
202602280901030502,2, 81, 98,3.8,7.0
202602280901030510,10, 74, 91,4.3,7.8
202602280901030511,11,,,29.7,57.4
202602280901030513,13, 77, 94,7.3,13.8
202602280901030504,4,,,75.3,145.8
202602280901030501,1, 36, 54,67.4,130.5
202602280901030509,9, 60, 78,20.6,39.6
202602280901030407,7, 78, 96,1.2,1.7
202602280901030408,8, 64, 81,6.1,10.3
202602280901030410,10,  4, 19,4.7,7.9
202602280901030403,3, 72, 90,3.3,5.5
202602280901030413,13, 71, 89,1.2,1.7
202602280901030406,6, 41, 59,45.4,79.4
202602280901030401,1, 84,102,1.3,2.0
202602280901030402,2, 74, 90,8.8,15.1
202602280901030409,9, 63, 81,1.9,3.0
202602280901030411,11, 75, 93,2.6,4.2
202602280901030405,5, 64, 81,22.3,39.0
202602280901030404,4, 43, 60,23.6,41.2
202602280901030414,14, 63, 82,3.0,5.0
202602280901030412,12, 62, 80,78.3,136.9
202602280901030308,8, 85, 99,1.1,1.4
202602280901030302,2, 84, 99,1.7,2.6
202602280901030313,13, 83, 98,1.5,2.4
202602280901030304,4, 65, 80,3.0,5.1
202602280901030309,9, 80, 96,1.4,2.2
202602280901030301,1, 74, 90,2.1,3.6
202602280901030314,14,,,3.8,6.6
202602280901030315,15, 74, 89,5.7,10.2
202602280901030312,12, 71, 86,11.3,20.5
202602280901030307,7, 74, 89,6.8,12.2
202602280901030305,5, 46, 63,75.4,138.8
202602280901030306,6, 66, 83,53.7,98.9
202602280901030316,16, 29, 46,22.8,41.7
202602280901030310,10, 50, 66,75.0,138.2
202602280901030303,3,,,50.5,92.9
202602280901030311,11,,,11.1,20.1
202602280901030207,7, 80, 98,1.1,1.2
202602280901030201,1, 70, 85,1.4,2.6
202602280901030208,8, 73, 89,2.8,6.0
202602280901030211,11, 76, 94,1.9,4.0
202602280901030212,12, 76, 92,2.3,5.0
202602280901030206,6, 58, 77,4.7,10.7
202602280901030210,10, 70, 87,3.5,7.8
202602280901030202,2, 80, 99,1.1,1.8
202602280901030213,13, 58, 75,18.1,43.1
202602280901030205,5, 50, 68,14.6,34.6
202602280901030214,14, 69, 87,9.5,22.4
202602280901030203,3, 45, 60,18.2,43.2
202602280901030204,4, 60, 75,37.2,89.1
202602280901030209,9, 46, 65,25.6,61.1
202602280901030105,5, 80, 95,1.5,2.9
202602280901030116,16, 83, 99,1.1,1.1
202602280901030103,3, 81, 97,3.9,9.0
202602280901030107,7, 83, 99,1.2,1.9
202602280901030109,9, 79, 95,4.0,9.0
202602280901030114,14, 80, 96,6.0,13.9
202602280901030111,11, 84,100,1.6,3.2
202602280901030113,13, 71, 86,4.1,9.3
202602280901030108,8, 59, 76,6.5,15.3
202602280901030104,4, 70, 85,30.0,72.9
202602280901030112,12, 12, 29,35.9,87.2
202602280901030101,1, 64, 78,37.6,91.3
202602280901030115,15, 82, 97,6.7,15.7
202602280901030110,10,,,52.6,128.1
202602280901030106,6, 78, 92,3.5,7.8
202602280901030102,2, 26, 41,46.4,113.0
202602281001111207,7, 86, 95,3.5,4.9
202602281001111210,10, 88, 97,2.6,3.6
202602281001111205,5, 87, 97,2.7,3.8
202602281001111213,13, 87, 96,1.6,2.0
202602281001111206,6, 83, 92,18.6,27.2
202602281001111216,16, 69, 77,24.6,35.9
202602281001111201,1, 84, 92,3.8,5.4
202602281001111209,9, 86, 95,4.9,6.9
202602281001111208,8, 89, 98,4.1,5.9
202602281001111218,18, 88, 97,1.7,2.2
202602281001111217,17, 87, 96,1.8,2.4
202602281001111204,4, 81, 90,2.7,3.7
202602281001111203,3, 89, 98,7.3,10.6
202602281001111215,15, 81, 90,14.9,21.6
202602281001111214,14, 64, 73,40.1,58.5
202602281001111212,12, 78, 87,42.0,61.3
202602281001111211,11, 65, 75,17.7,25.8
202602281001111202,2, 75, 84,21.5,31.3
202602281001111109,9, 98, 98,1.7,2.4
202602281001111112,12, 90, 90,13.7,20.9
202602281001111107,7, 97, 97,1.3,1.6
202602281001111108,8, 91,100,2.5,3.5
202602281001111115,15, 90, 90,11.1,16.9
202602281001111101,1,,,9.1,13.9
202602281001111113,13, 90, 90,3.3,4.9
202602281001111103,3, 91, 99,8.0,12.2
202602281001111106,6, 96, 96,3.2,4.6
202602281001111105,5, 92, 92,4.4,6.6
202602281001111111,11, 93, 93,2.9,4.2
202602281001111110,10, 92, 92,13.9,21.2
202602281001111102,2, 95, 95,3.4,5.0
202602281001111114,14, 95,104,1.9,2.7
202602281001111104,4, 97, 97,3.8,5.6
202602281001111014,14, 52, 52,2.8,3.9
202602281001111012,12, 85, 85,1.7,2.2
202602281001111004,4,,,2.6,3.6
202602281001111009,9, 84, 84,7.9,11.4
202602281001111013,13, 88, 98,5.6,8.1
202602281001111003,3, 90, 90,18.3,26.8
202602281001111010,10, 97, 97,1.5,1.9
202602281001111006,6, 94,104,2.6,3.6
202602281001111016,16, 99, 99,5.5,7.9
202602281001111007,7, 89, 89,13.3,19.4
202602281001111015,15, 95, 95,1.8,2.4
202602281001111011,11, 89, 89,6.0,8.7
202602281001111001,1, 97, 97,3.5,5.0
202602281001111005,5, 93,103,5.4,7.8
202602281001111008,8,,,21.1,30.9
202602281001111002,2, 84, 84,6.3,9.1
202602281001110912,12, 86, 94,2.9,4.1
202602281001110916,16, 89, 97,1.4,1.6
202602281001110915,15, 83, 91,3.1,4.5
202602281001110903,3, 87, 95,1.9,2.6
202602281001110913,13, 88, 96,13.9,21.1
202602281001110910,10, 76, 84,33.3,50.4
202602281001110902,2, 89, 97,2.2,3.1
202602281001110909,9, 86, 94,2.3,3.2
202602281001110908,8, 86, 94,2.0,2.7
202602281001110906,6, 85, 93,5.7,8.5
202602281001110901,1, 84, 92,8.1,12.1
202602281001110905,5, 73, 82,4.2,6.2
202602281001110907,7, 77, 85,15.1,23.0
202602281001110904,4, 81, 90,27.4,41.6
202602281001110914,14, 77, 85,4.5,6.7
202602281001110911,11, 73, 82,13.8,20.8
202602281001110813,13, 73, 82,6.3,10.3
202602281001110806,6, 89, 98,2.8,4.3
202602281001110809,9, 91,100,1.3,1.7
202602281001110805,5, 70, 78,2.9,4.5
202602281001110807,7, 78, 86,2.1,3.1
202602281001110811,11, 91, 99,1.4,1.8
202602281001110812,12, 70, 78,10.6,17.4
202602281001110810,10, 87, 95,1.9,2.9
202602281001110804,4, 87, 95,4.3,6.8
202602281001110808,8, 81, 89,10.5,17.3
202602281001110803,3, 79, 88,50.5,83.2
202602281001110801,1, 92, 74,2.3,3.6
202602281001110802,2, 76, 84,3.2,5.1
202602281001110708,8, 90,107,2.3,3.6
202602281001110707,7, 91, 97,1.8,2.7
202602281001110705,5, 87,105,8.8,14.6
202602281001110706,6, 94,111,1.5,2.1
202602281001110703,3, 76, 82,6.2,10.2
202602281001110709,9, 90, 96,1.2,1.5
202602281001110710,10, 86, 91,4.0,6.4
202602281001110701,1, 84, 90,3.3,5.2
202602281001110704,4, 86, 91,1.8,2.7
202602281001110711,11, 86, 92,3.0,4.8
202602281001110713,13, 75, 81,7.6,12.6
202602281001110712,12, 84,100,6.6,10.8
202602281001110702,2, 77, 82,13.6,22.5
202602281001110608,8, 81,100,1.2,1.5
202602281001110613,13, 79, 98,2.4,3.9
202602281001110614,14, 76, 94,3.7,6.4
202602281001110607,7, 83,102,1.3,1.8
202602281001110616,16, 80, 99,2.0,3.2
202602281001110615,15, 73, 91,5.8,10.1
202602281001110606,6, 85,104,1.5,2.4
202602281001110603,3, 72, 91,36.8,65.7
202602281001110605,5, 68, 86,6.9,11.9
202602281001110602,2, 64, 82,17.2,30.5
202602281001110609,9,,,6.1,10.5
202602281001110611,11, 59, 77,29.4,52.4
202602281001110604,4, 70, 89,7.8,13.7
202602281001110601,1,,,2.8,4.7
202602281001110610,10, 69, 88,17.2,30.6
202602281001110612,12, 59, 78,22.9,40.9
202602281001110503,3,,,2.8,4.1
202602281001110506,6,,,1.6,2.2
202602281001110504,4,,,1.6,2.2
202602281001110510,10,,,5.7,8.6
202602281001110509,9, 73, 65,9.8,15.0
202602281001110502,2,,,2.4,3.5
202602281001110505,5,,,1.9,2.7
202602281001110511,11,,,5.4,8.2
202602281001110508,8,,,5.2,7.9
202602281001110507,7,,,3.1,4.7
202602281001110512,12,,,1.3,1.6
202602281001110501,1,,,20.8,31.7
202602281001110402,2, 99, 82,2.0,3.4
202602281001110412,12,,,1.7,2.7
202602281001110410,10,,,1.1,1.2
202602281001110401,1,,,1.6,2.5
202602281001110406,6, 70, 70,12.0,22.5
202602281001110404,4, 80, 88,4.5,8.2
202602281001110407,7,,,5.3,9.6
202602281001110408,8,,,3.8,6.9
202602281001110409,9,,,28.7,53.9
202602281001110411,11,,,34.4,64.8
202602281001110405,5, 97, 90,2.0,3.3
202602281001110403,3,,,1.9,3.3
202602281001110305,5, 84, 93,3.2,5.0
202602281001110308,8, 82, 91,2.1,3.2
202602281001110302,2, 82, 91,2.7,4.2
202602281001110306,6, 88, 97,1.2,1.4
202602281001110313,13, 88, 97,1.6,2.4
202602281001110309,9, 78, 87,12.1,20.2
202602281001110307,7, 88, 93,6.3,10.3
202602281001110312,12, 86, 95,1.8,2.7
202602281001110303,3, 57, 65,9.0,14.9
202602281001110301,1, 78, 87,1.8,2.8
202602281001110310,10, 72, 81,3.6,5.8
202602281001110304,4, 79, 88,23.7,39.9
202602281001110314,14, 71, 80,32.2,54.2
202602281001110311,11, 69, 79,128.2,216.4
202602281001110208,8, 86,101,1.6,2.1
202602281001110213,13, 88,103,1.4,1.9
202602281001110211,11, 82, 96,4.4,6.5
202602281001110207,7, 83, 98,1.5,2.1
202602281001110215,15, 83, 98,1.6,2.2
202602281001110206,6, 83, 98,3.3,4.9
202602281001110210,10, 72, 87,8.0,12.0
202602281001110202,2, 81, 95,10.0,15.0
202602281001110212,12, 74, 89,8.9,13.4
202602281001110201,1, 76, 90,57.9,88.1
202602281001110205,5, 77, 91,23.8,36.3
202602281001110218,18, 72, 87,23.1,35.1
202602281001110203,3, 52, 69,4.9,7.3
202602281001110214,14, 79, 94,5.6,8.4
202602281001110209,9, 75, 89,14.3,21.6
202602281001110216,16,,,33.2,50.6
202602281001110204,4, 80, 94,5.3,7.8
202602281001110217,17, 70, 85,10.7,16.1
202602281001110114,14, 79, 96,1.1,1.2
202602281001110103,3, 75, 92,3.0,5.5
202602281001110104,4, 25, 42,7.3,14.2
202602281001110112,12, 76, 93,4.5,8.5
202602281001110107,7, 78, 95,2.0,3.5
202602281001110101,1,,,4.3,8.1
202602281001110102,2, 76, 94,1.5,2.4
202602281001110106,6, 78, 95,3.2,5.9
202602281001110108,8, 71, 88,2.0,3.4
202602281001110110,10, 51, 68,6.0,11.6
202602281001110116,16, 76, 93,2.5,4.6
202602281001110111,11, 62, 79,11.7,23.0
202602281001110113,13, 57, 74,12.5,24.5
202602281001110115,15,,,23.0,45.5
202602281001110109,9, 60, 75,18.3,36.1
202602281001110105,5, 65, 80,31.1,61.6
202602220501081203,3,100,100,1.5,2.0
202602220501081210,10, 98, 98,2.1,2.9
202602220501081204,4, 92,102,2.1,2.9
202602220501081209,9, 97, 97,3.0,4.2
202602220501081216,16, 97, 97,1.8,2.4
202602220501081211,11, 87, 87,20.7,30.2
202602220501081205,5, 94, 94,3.9,5.5
202602220501081201,1, 87, 87,8.2,11.8
202602220501081214,14, 84, 84,7.7,11.1
202602220501081213,13, 78, 78,42.4,62.0
202602220501081215,15, 92, 92,5.3,7.5
202602220501081208,8, 92, 92,22.8,33.4
202602220501081202,2, 99, 99,1.7,2.3
202602220501081207,7, 95, 95,3.1,4.3
202602220501081212,12, 93, 93,12.0,17.4
202602220501081206,6,,,61.9,90.4
202602220501081112,12,110, 96,1.3,1.7
202602220501081114,14,121, 98,1.6,2.3
202602220501081109,9,121, 98,1.3,1.7
202602220501081103,3,117, 96,5.6,9.3
202602220501081101,1,108, 95,4.6,7.4
202602220501081115,15,100, 77,7.2,11.9
202602220501081113,13,,,4.9,8.0
202602220501081106,6,117, 94,2.1,3.2
202602220501081105,5,108, 85,3.7,6.0
202602220501081104,4,109, 86,4.4,7.2
202602220501081110,10,119, 98,2.8,4.5
202602220501081111,11, 96, 86,51.2,86.4
202602220501081108,8,111, 96,10.2,17.2
202602220501081107,7,107, 84,24.7,41.7
202602220501081116,16,110, 89,7.3,12.2
202602220501081102,2,,,13.0,21.8
202602220501081008,8,107, 89,1.2,1.6
202602220501081003,3,101,101,1.3,1.7
202602220501081014,14,102, 94,6.4,11.5
202602220501081006,6,102,102,2.4,4.0
202602220501081004,4,106, 98,2.9,4.9
202602220501081005,5,105, 97,2.0,3.3
202602220501081013,13, 98, 98,8.2,14.7
202602220501081012,12,106, 98,2.9,4.9
202602220501081011,11,102, 94,3.8,6.5
202602220501081007,7,104, 96,2.9,4.9
202602220501081002,2,106, 98,2.2,3.7
202602220501081009,9, 92, 85,26.4,48.2
202602220501081010,10,101, 93,17.3,31.6
202602220501081001,1,101, 93,19.5,35.7
202602220501080903,3, 86, 91,3.0,6.8
202602220501080908,8, 72, 77,1.7,3.4
202602220501080906,6, 91,108,1.6,3.3
202602220501080901,1, 92, 98,1.6,3.1
202602220501080909,9, 89, 94,6.4,14.9
202602220501080910,10,100, 95,1.1,1.1
202602220501080905,5, 85, 91,2.1,4.5
202602220501080907,7, 83, 82,5.1,11.8
202602220501080902,2,,,4.7,10.9
202602220501080904,4, 90,107,3.1,7.0
202602220501080806,6, 99, 99,1.7,2.3
202602220501080811,11, 98, 98,2.8,4.2
202602220501080807,7, 92, 92,3.4,5.3
202602220501080803,3, 98, 98,1.3,1.6
202602220501080801,1, 98, 98,2.2,3.2
202602220501080802,2,101,101,1.9,2.8
202602220501080813,13, 97, 97,2.2,3.3
202602220501080805,5, 88, 88,4.1,6.4
202602220501080808,8, 96, 96,5.8,9.1
202602220501080816,16, 81, 81,18.1,29.1
202602220501080810,10, 92, 92,6.0,9.5
202602220501080804,4, 66, 66,54.7,88.6
202602220501080815,15, 96, 96,4.5,7.0
202602220501080812,12, 94, 94,10.3,16.5
202602220501080814,14, 87, 87,50.1,81.3
202602220501080809,9, 78, 78,49.5,80.2
202602220501080711,11, 94,103,1.4,1.8
202602220501080709,9, 98, 98,3.1,4.9
202602220501080714,14, 94,104,3.9,6.4
202602220501080716,16, 93,102,2.4,3.8
202602220501080713,13, 89, 89,1.9,3.0
202602220501080705,5,100,100,1.3,1.7
202602220501080712,12, 93, 93,4.4,7.2
202602220501080703,3, 88, 88,4.1,6.6
202602220501080710,10, 95, 95,2.9,4.6
202602220501080701,1, 98, 98,5.3,8.7
202602220501080715,15, 95, 95,11.5,19.4
202602220501080708,8, 95, 95,8.5,14.3
202602220501080702,2, 91, 91,5.0,8.2
202602220501080706,6, 50, 50,59.2,100.6
202602220501080707,7, 87, 87,26.5,45.0
202602220501080704,4, 97,106,5.5,9.2
202602220501080604,4, 90, 98,1.3,1.8
202602220501080609,9, 91,100,2.1,3.3
202602220501080601,1, 91, 99,1.3,1.8
202602220501080608,8, 89, 98,1.6,2.4
202602220501080606,6, 86, 94,5.4,8.8
202602220501080607,7, 73, 81,2.2,3.5
202602220501080610,10, 86, 95,4.1,6.5
202602220501080605,5, 86, 95,8.9,14.8
202602220501080615,15, 83, 91,26.4,44.4
202602220501080602,2, 85, 93,39.4,66.6
202602220501080614,14, 44, 54,18.0,30.3
202602220501080616,16, 87, 96,6.1,10.1
202602220501080603,3, 81, 89,24.8,41.7
202602220501080611,11, 79, 87,85.1,143.8
202602220501080612,12, 52, 61,102.2,172.8
202602220501080613,13, 91, 99,1.9,2.8
202602220501080501,1, 84,101,1.1,1.3
202602220501080507,7, 85,102,1.3,2.4
202602220501080502,2, 93, 99,1.1,1.6
202602220501080505,5, 91, 90,4.1,8.6
202602220501080508,8, 85,102,1.5,2.8
202602220501080509,9, 92, 97,3.3,6.7
202602220501080511,11, 89,106,2.3,4.5
202602220501080503,3, 89, 88,6.6,14.0
202602220501080512,12, 76, 81,7.3,15.7
202602220501080510,10, 90, 95,10.0,21.6
202602220501080504,4, 62, 80,53.4,116.7
202602220501080506,6,,,53.0,116.0
202602220501080406,6, 81, 99,1.5,2.6
202602220501080405,5, 82,100,1.1,1.2
202602220501080408,8, 26, 41,3.3,6.0
202602220501080414,14, 61, 79,9.0,17.3
202602220501080404,4, 62, 80,2.6,4.6
202602220501080416,16, 78, 95,1.5,2.4
202602220501080413,13, 77, 94,8.5,16.1
202602220501080410,10, 77, 94,30.8,60.0
202602220501080407,7, 77, 92,3.5,6.4
202602220501080411,11, 55, 72,67.5,131.8
202602220501080412,12,,,9.4,18.1
202602220501080415,15, 80, 98,1.4,2.3
202602220501080409,9, 72, 89,8.0,15.3
202602220501080402,2,,,38.1,74.3
202602220501080401,1, 65, 82,71.6,139.9
202602220501080403,3,,,18.0,34.9
202602220501080303,3,,,1.4,1.8
202602220501080307,7,,,23.8,38.1
202602220501080301,1,,,14.3,22.8
202602220501080310,10,,,3.6,5.5
202602220501080312,12,,,10.2,16.2
202602220501080311,11,,,1.5,1.9
202602220501080306,6,,,3.3,5.0
202602220501080313,13,,,2.6,4.0
202602220501080316,16,,,1.8,2.6
202602220501080309,9,,,36.0,57.8
202602220501080305,5,,,21.1,33.8
202602220501080315,15,,,2.0,2.9
202602220501080304,4,,,1.9,2.8
202602220501080314,14,,,51.1,82.0
202602220501080302,2,,,28.7,46.1
202602220501080308,8,,,6.7,10.5
202602220501080204,4, 84,101,1.0,1.1
202602220501080208,8, 85,102,1.0,2.8
202602220501080212,12, 70, 88,2.0,9.4
202602220501080207,7, 70, 89,3.1,15.7
202602220501080201,1, 88,107,1.0,3.7
202602220501080206,6, 71, 89,5.0,27.2
202602220501080202,2, 54, 72,26.5,154.1
202602220501080210,10, 73, 90,13.6,78.0
202602220501080211,11, 61, 80,4.7,25.2
202602220501080203,3, 62, 81,6.6,36.7
202602220501080209,9, 50, 67,11.0,62.5
202602220501080213,13, 60, 78,33.3,194.3
202602220501080205,5, 50, 68,37.0,216.1
202602220501080103,3, 75, 91,1.3,2.0
202602220501080105,5, 54, 71,3.2,6.2
202602220501080115,15, 71, 86,1.8,3.1
202602220501080112,12, 79, 95,1.1,1.2
202602220501080106,6, 76, 91,3.7,7.2
202602220501080110,10, 76, 91,2.2,4.1
202602220501080107,7, 80, 94,1.9,3.5
202602220501080104,4, 48, 65,7.8,15.7
202602220501080102,2, 74, 91,3.3,6.5
202602220501080113,13, 75, 90,14.7,30.2
202602220501080109,9, 74, 88,25.2,52.1
202602220501080101,1, 12, 29,26.8,55.4
202602220501080111,11, 54, 71,22.9,47.3
202602220501080108,8, 60, 77,4.3,8.5
202602220501080114,14, 60, 75,19.9,40.9
202602220501080116,16, 59, 74,60.0,124.3
202602220901021211,11, 96, 96,1.3,1.6
202602220901021215,15, 94,104,4.7,7.5
202602220901021206,6, 97, 97,1.6,2.2
202602220901021203,3, 92, 92,2.3,3.4
202602220901021205,5, 90, 90,1.9,2.9
202602220901021214,14, 96, 96,1.8,2.6
202602220901021207,7, 92, 92,4.5,7.0
202602220901021212,12, 87, 87,20.0,32.4
202602220901021209,9, 91, 91,6.1,9.6
202602220901021201,1, 80, 80,28.6,46.4
202602220901021204,4, 87, 87,6.3,10.0
202602220901021202,2, 88, 88,10.8,17.3
202602220901021213,13, 87, 87,34.7,56.2
202602220901021208,8, 83, 83,2.9,4.4
202602220901021216,16, 89, 89,11.4,18.3
202602220901021210,10, 85, 85,6.9,10.9
202602220901021108,8,106, 96,1.4,1.8
202602220901021106,6,106, 96,3.6,5.3
202602220901021107,7,103, 93,1.9,2.6
202602220901021104,4,103, 93,3.2,4.6
202602220901021103,3,106, 98,2.5,3.6
202602220901021101,1,104, 96,1.5,2.0
202602220901021111,11,104,100,1.5,2.0
202602220901021109,9, 96, 86,7.6,11.3
202602220901021105,5, 88, 80,3.2,4.6
202602220901021112,12,102, 92,8.2,12.3
202602220901021102,2, 76, 66,16.0,23.8
202602220901021110,10, 74, 64,6.1,9.1
202602220901021002,2,100, 94,1.4,2.0
202602220901021007,7,105, 99,1.1,1.3
202602220901021001,1, 99, 93,1.5,2.4
202602220901021006,6, 98, 92,4.2,6.9
202602220901021004,4,105, 97,1.9,3.0
202602220901021003,3,103, 97,1.9,3.0
202602220901021005,5, 99, 91,6.4,10.5
202602220901021008,8,103, 97,1.6,2.6
202602220901020904,4, 83, 83,2.3,3.5
202602220901020909,9, 94, 94,1.4,2.0
202602220901020902,2, 96, 96,1.3,1.8
202602220901020910,10, 97, 97,1.2,1.7
202602220901020901,1, 92, 92,10.8,17.4
202602220901020907,7, 75, 75,4.8,7.8
202602220901020905,5, 91, 91,3.6,5.6
202602220901020903,3, 91, 99,1.8,2.6
202602220901020906,6, 84, 84,2.2,3.4
202602220901020908,8,,,19.9,32.0
202602220901020809,9, 83, 92,1.7,2.4
202602220901020803,3, 85, 94,1.5,1.8
202602220901020807,7, 69, 79,4.4,6.4
202602220901020802,2, 86, 95,1.7,2.3
202602220901020805,5, 79, 88,24.0,35.7
202602220901020815,15, 78, 87,2.9,4.1
202602220901020801,1, 71, 80,6.7,9.7
202602220901020814,14, 74, 83,2.0,2.7
202602220901020811,11, 88, 97,2.1,2.8
202602220901020810,10, 54, 63,23.8,35.4
202602220901020812,12,,,2.8,4.0
202602220901020813,13, 82, 92,10.4,15.4
202602220901020804,4, 79, 88,7.4,10.8
202602220901020806,6, 66, 75,59.6,88.7
202602220901020808,8, 79, 89,22.7,33.8
202602220901020703,3, 87, 95,1.3,2.2
202602220901020706,6, 84, 92,1.6,3.0
202602220901020707,7, 89, 97,1.1,1.2
202602220901020701,1, 77, 86,4.4,8.8
202602220901020709,9, 78, 86,2.5,4.9
202602220901020702,2, 85, 93,2.3,4.4
202602220901020704,4, 88, 96,1.2,1.9
202602220901020708,8, 79, 98,3.5,7.1
202602220901020705,5, 61, 71,32.9,68.0
202602220901020611,11, 92, 97,1.1,1.3
202602220901020605,5, 92, 97,2.7,4.3
202602220901020608,8, 90, 95,1.8,2.9
202602220901020602,2, 92,106,4.0,6.7
202602220901020610,10, 87, 92,1.9,3.0
202602220901020601,1, 94,109,1.6,2.4
202602220901020603,3, 93,107,1.8,2.9
202602220901020606,6, 91,106,2.7,4.4
202602220901020609,9, 68, 73,13.8,23.4
202602220901020604,4, 83, 88,14.3,24.3
202602220901020607,7, 86, 91,4.7,7.9
202602220901020513,13, 84,102,1.1,1.1
202602220901020506,6, 77, 94,1.6,6.1
202602220901020511,11, 71, 88,1.6,6.2
202602220901020508,8, 74, 91,2.1,9.1
202602220901020509,9,, 14,16.1,81.5
202602220901020501,1,,,9.9,49.3
202602220901020504,4, 75, 92,5.5,26.6
202602220901020502,2, 69, 87,5.9,28.5
202602220901020507,7,,,1.8,7.3
202602220901020503,3, 74, 92,2.4,10.3
202602220901020505,5, 48, 66,8.5,42.1
202602220901020510,10, 50, 68,29.6,150.8
202602220901020512,12, 61, 79,4.7,22.1
202602220901020406,6,,,1.2,1.6
202602220901020413,13,,,2.0,3.1
202602220901020409,9,,,1.3,1.8
202602220901020408,8,,,2.2,3.5
202602220901020404,4,,,2.9,4.7
202602220901020405,5,,,16.3,28.1
202602220901020402,2,,,9.5,16.2
202602220901020410,10,,,3.8,6.3
202602220901020407,7,,,1.5,2.2
202602220901020401,1,,,21.7,37.4
202602220901020411,11,,,4.1,6.8
202602220901020414,14,,,8.9,15.2
202602220901020412,12,,,21.7,37.5
202602220901020403,3,,,8.1,13.8
202602220901020311,11, 77, 95,2.2,8.5
202602220901020308,8, 73, 91,6.6,28.9
202602220901020309,9, 84,101,1.1,1.1
202602220901020302,2, 67, 84,2.7,10.6
202602220901020305,5, 82,100,1.2,3.3
202602220901020303,3, 80, 97,1.4,4.7
202602220901020307,7, 76, 94,1.3,4.5
202602220901020301,1, 53, 72,11.2,50.4
202602220901020310,10, 58, 76,8.9,39.8
202602220901020304,4,,,58.8,271.1
202602220901020306,6, 60, 78,33.9,155.6
202602220901020206,6, 76, 90,1.3,3.0
202602220901020208,8, 78, 93,1.1,1.1
202602220901020214,14, 80, 95,1.3,3.0
202602220901020201,1, 77, 92,8.3,23.5
202602220901020210,10, 65, 77,1.9,4.5
202602220901020202,2, 70, 85,4.6,12.7
202602220901020213,13, 80, 92,4.8,13.2
202602220901020203,3, 73, 89,27.3,79.6
202602220901020212,12, 69, 85,2.8,7.4
202602220901020209,9, 60, 77,6.7,18.9
202602220901020211,11,,,36.5,106.7
202602220901020205,5, 67, 83,13.4,38.6
202602220901020216,16, 52, 64,17.5,50.8
202602220901020215,15, 62, 78,35.4,103.7
202602220901020204,4,,,49.3,144.4
202602220901020207,7, 72, 89,2.8,7.4
202602220901020106,6, 74, 92,1.2,3.7
202602220901020109,9, 79, 97,1.1,1.9
202602220901020103,3, 79, 97,1.1,1.1
202602220901020104,4, 68, 85,2.7,10.5
202602220901020110,10, 71, 89,1.8,6.6
202602220901020107,7, 66, 83,7.2,31.6
202602220901020101,1, 57, 73,2.8,11.3
202602220901020102,2, 65, 80,9.0,39.6
202602220901020108,8, 59, 74,3.1,12.4
202602220901020105,5, 51, 68,28.7,129.5
202602221001101218,18, 74, 84,3.8,6.5
202602221001101215,15, 90, 99,1.1,1.3
202602221001101217,17, 87, 96,1.7,2.7
202602221001101216,16,,,3.3,5.6
202602221001101204,4, 84, 92,8.9,15.9
202602221001101207,7, 87, 96,1.8,2.9
202602221001101214,14, 83, 92,4.2,7.2
202602221001101206,6, 84, 93,2.0,3.2
202602221001101203,3, 71, 80,7.3,12.9
202602221001101212,12, 86, 95,12.1,21.7
202602221001101211,11, 85, 93,4.7,8.2
202602221001101202,2, 77, 86,10.7,19.2
202602221001101210,10, 85, 93,6.3,11.2
202602221001101201,1, 85, 94,3.0,5.1
202602221001101205,5, 78, 87,20.4,37.0
202602221001101208,8, 78, 87,51.6,93.7
202602221001101209,9, 80, 89,42.3,76.6
202602221001101213,13,,,24.2,43.8
202602221001101116,16,106, 98,2.4,3.1
202602221001101110,10,107, 90,2.2,2.8
202602221001101104,4,112, 97,4.4,5.8
202602221001101109,9,104, 88,3.1,4.0
202602221001101107,7,113, 99,3.9,5.1
202602221001101115,15,111, 94,5.5,7.3
202602221001101113,13,102, 87,3.4,4.4
202602221001101103,3,100, 85,16.9,22.8
202602221001101106,6,110, 93,2.6,3.3
202602221001101108,8,104, 92,7.7,10.3
202602221001101111,11, 93, 76,8.7,11.7
202602221001101114,14,107, 99,2.1,2.7
202602221001101102,2,103, 91,17.6,23.8
202602221001101112,12,111, 95,1.8,2.1
202602221001101101,1,107, 92,4.3,5.6
202602221001101105,5,,,37.0,49.8
202602221001101009,9, 95, 95,2.1,2.9
202602221001101015,15, 95, 95,2.9,4.1
202602221001101011,11, 88, 88,3.1,4.4
202602221001101013,13, 97, 97,1.5,1.7
202602221001101010,10, 95, 95,2.2,3.1
202602221001101008,8, 93, 93,10.3,15.0
202602221001101016,16, 80, 80,5.7,8.2
202602221001101014,14, 98, 98,2.1,2.9
202602221001101006,6, 98, 98,3.7,5.2
202602221001101004,4, 94, 94,7.7,11.2
202602221001101007,7, 84, 84,15.1,22.1
202602221001101003,3, 90, 90,31.7,46.3
202602221001101001,1, 93, 93,9.2,13.3
202602221001101012,12, 93, 93,7.0,10.2
202602221001101005,5, 80, 80,20.6,30.1
202602221001101002,2, 95, 95,2.0,2.6
202602221001100905,5, 91,100,1.1,1.1
202602221001100909,9, 89, 98,1.3,2.6
202602221001100908,8, 68, 77,7.1,21.2
202602221001100904,4, 88, 97,2.9,7.9
202602221001100912,12, 81, 89,6.3,18.6
202602221001100901,1, 80, 89,1.7,4.4
202602221001100911,11, 89, 97,1.5,3.8
202602221001100910,10, 84, 93,13.6,41.2
202602221001100902,2, 86, 94,9.0,27.0
202602221001100903,3, 83, 92,2.2,5.9
202602221001100907,7, 86, 95,6.0,17.7
202602221001100906,6, 82, 90,3.8,10.8
202602221001100803,3, 83, 91,3.7,5.4
202602221001100805,5, 87, 95,2.3,3.2
202602221001100813,13, 85, 93,4.1,6.0
202602221001100810,10, 82, 90,2.3,3.2
202602221001100802,2, 88, 97,1.8,2.3
202602221001100811,11, 91,100,1.4,1.7
202602221001100806,6, 81, 89,8.1,11.9
202602221001100801,1, 89, 97,5.6,8.2
202602221001100808,8, 79, 87,2.2,3.1
202602221001100804,4, 83, 91,7.0,10.4
202602221001100807,7, 83, 91,4.3,6.2
202602221001100809,9, 88, 96,2.3,3.2
202602221001100812,12, 88, 97,7.1,10.4
202602221001100814,14, 81, 91,56.6,83.1
202602221001100708,8, 94,103,1.4,1.9
202602221001100705,5, 87, 97,1.6,2.3
202602221001100702,2, 92,102,2.0,3.0
202602221001100711,11,,,4.1,6.5
202602221001100706,6, 95,105,1.3,1.6
202602221001100712,12, 83, 93,5.1,8.2
202602221001100703,3, 75, 84,19.1,31.5
202602221001100713,13, 85, 95,3.9,6.2
202602221001100707,7, 63, 72,8.9,14.5
202602221001100709,9, 80, 89,11.5,19.0
202602221001100714,14, 79, 89,5.1,8.2
202602221001100710,10, 88, 98,1.8,2.7
202602221001100701,1, 75, 85,12.7,21.0
202602221001100704,4, 47, 56,15.1,24.9
202602221001100604,4,,,2.0,2.8
202602221001100607,7, 78, 95,2.6,3.7
202602221001100611,11, 79, 97,1.8,2.4
202602221001100614,14, 81, 99,1.5,1.9
202602221001100609,9, 61, 78,27.3,40.9
202602221001100608,8, 72, 87,16.7,24.9
202602221001100603,3, 69, 84,3.4,4.9
202602221001100616,16, 81, 98,1.6,2.1
202602221001100605,5, 79, 93,6.0,8.9
202602221001100606,6, 78, 93,4.1,5.9
202602221001100601,1, 75, 90,7.6,11.3
202602221001100602,2, 77, 95,2.7,3.8
202602221001100610,10, 50, 69,4.9,7.2
202602221001100612,12, 66, 81,27.8,41.6
202602221001100613,13, 72, 87,22.0,32.9
202602221001100615,15,,,19.9,29.8
202602221001100502,2, 73, 91,2.0,2.7
202602221001100513,13, 77, 95,1.6,2.1
202602221001100506,6, 68, 86,3.0,4.2
202602221001100509,9, 69, 88,2.3,3.2
202602221001100507,7, 67, 86,6.5,9.5
202602221001100504,4, 72, 90,2.3,3.2
202602221001100508,8, 77, 96,1.5,1.9
202602221001100501,1, 68, 87,16.0,23.7
202602221001100511,11, 71, 90,4.9,7.2
202602221001100503,3, 74, 92,13.9,20.6
202602221001100512,12, 66, 83,1.7,2.3
202602221001100510,10, 59, 77,56.6,83.9
202602221001100505,5, 75, 94,5.3,7.8
202602221001100404,4,,,4.0,6.5
202602221001100412,12,,,1.4,2.0
202602221001100401,1,,,1.4,2.0
202602221001100410,10,,,1.2,1.5
202602221001100411,11,,,2.8,4.4
202602221001100409,9,,,5.1,8.4
202602221001100406,6,,,1.6,2.3
202602221001100402,2, 94, 84,3.0,4.8
202602221001100405,5, 67, 76,19.5,32.8
202602221001100403,3,,,21.6,36.3
202602221001100407,7, 89, 89,18.5,31.1
202602221001100408,8, 91, 83,5.3,8.7
202602221001100301,1, 82, 91,18.0,25.3
202602221001100304,4, 80, 89,2.4,3.2
202602221001100311,11, 86, 95,2.9,3.9
202602221001100308,8, 87, 96,2.2,3.0
202602221001100312,12, 87, 96,3.3,4.4
202602221001100306,6, 83, 92,2.2,2.9
202602221001100303,3, 86, 95,1.8,2.3
202602221001100307,7,,,2.4,3.2
202602221001100302,2, 86, 95,1.7,2.1
202602221001100314,14, 82, 91,4.7,6.4
202602221001100313,13, 85, 94,11.5,16.1
202602221001100310,10, 81, 90,4.0,5.5
202602221001100309,9, 84, 93,16.6,23.3
202602221001100305,5, 64, 73,23.1,32.4
202602221001100210,10, 83, 98,1.5,2.2
202602221001100218,18, 83, 98,2.0,2.9
202602221001100213,13, 84, 99,1.4,1.9
202602221001100215,15, 79, 94,3.7,5.6
202602221001100206,6, 75, 90,28.2,44.1
202602221001100212,12,,,31.6,49.4
202602221001100217,17, 71, 86,10.7,16.5
202602221001100205,5, 82, 97,3.9,5.8
202602221001100216,16, 83, 98,1.4,1.9
202602221001100214,14, 82, 96,4.4,6.6
202602221001100202,2, 83, 97,3.9,5.9
202602221001100201,1, 62, 76,40.5,63.3
202602221001100211,11, 81, 96,3.4,5.0
202602221001100203,3, 73, 88,15.0,23.4
202602221001100208,8, 80, 95,3.8,5.7
202602221001100207,7, 78, 92,35.6,55.7
202602221001100209,9, 69, 83,33.9,53.0
202602221001100204,4, 67, 82,20.3,31.6
202602221001100102,2, 79, 96,1.2,3.0
202602221001100103,3, 78, 95,1.1,1.1
202602221001100112,12, 59, 76,5.8,22.1
202602221001100110,10, 82, 99,1.2,3.6
202602221001100104,4, 63, 78,10.9,42.7
202602221001100108,8, 74, 90,2.7,9.6
202602221001100105,5, 74, 91,9.0,35.1
202602221001100106,6, 66, 83,2.8,10.0
202602221001100111,11, 76, 94,3.9,14.3
202602221001100109,9, 71, 86,1.7,5.3
202602221001100101,1, 62, 74,32.4,129.7
202602221001100107,7, 63, 79,,
202602210901011213,13, 93,102,1.3,1.8
202602210901011211,11, 83, 83,5.8,10.6
202602210901011212,12, 91, 91,1.6,2.7
202602210901011210,10, 99, 99,1.1,1.4
202602210901011202,2, 96,105,1.7,2.9
202602210901011201,1,,,13.1,24.3
202602210901011215,15, 88, 88,4.4,8.0
202602210901011208,8, 91, 91,2.4,4.2
202602210901011205,5, 91, 91,7.2,13.3
202602210901011209,9, 77, 77,33.4,62.3
202602210901011206,6, 91, 91,4.8,8.7
202602210901011203,3, 83, 83,3.6,6.4
202602210901011214,14, 81, 81,3.7,6.6
202602210901011204,4, 95, 95,,
202602210901011207,7, 91, 91,,
202602210901011101,1,,,1.9,2.5
202602210901011106,6,103, 97,9.9,14.5
202602210901011105,5,113, 98,2.5,3.4
202602210901011108,8,104, 98,2.2,3.1
202602210901011107,7,105, 97,3.6,5.1
202602210901011112,12,103, 93,17.5,25.9
202602210901011113,13,109, 94,2.1,2.9
202602210901011102,2,109, 97,6.3,9.1
202602210901011109,9,108, 96,1.4,1.7
202602210901011114,14,108, 93,9.5,14.0
202602210901011110,10,107, 91,5.7,8.3
202602210901011115,15, 99, 83,7.3,10.6
202602210901011116,16,106, 91,24.4,36.1
202602210901011111,11,107, 92,23.6,35.0
202602210901011118,18,109, 86,3.2,4.6
202602210901011103,3,109, 94,8.7,12.7
202602210901011104,4,104, 94,4.0,5.8
202602210901011117,17,102, 92,12.4,18.4
202602210901011008,8,101,101,1.6,2.0
202602210901011015,15,104,104,3.4,4.8
202602210901011003,3,102, 96,4.9,7.0
202602210901011007,7, 98, 98,4.8,6.9
202602210901011004,4, 97, 91,12.1,17.7
202602210901011006,6,102,102,1.6,2.2
202602210901011005,5, 98, 98,3.4,4.8
202602210901011001,1, 99, 99,1.7,2.2
202602210901011009,9, 98, 92,7.3,10.6
202602210901011014,14, 98, 92,1.7,2.2
202602210901011016,16,102, 96,4.5,6.4
202602210901011011,11,100, 96,12.7,18.5
202602210901011012,12, 98, 94,5.4,7.7
202602210901011010,10,102, 96,9.5,13.9
202602210901011013,13, 92, 86,58.8,85.6
202602210901011002,2, 93, 89,61.5,89.5
202602210901010913,13, 90, 98,1.2,1.5
202602210901010915,15, 89, 98,2.1,3.1
202602210901010904,4, 77, 86,7.4,12.2
202602210901010917,17, 89, 97,1.6,2.4
202602210901010908,8, 83, 91,4.2,6.7
202602210901010906,6, 89, 97,1.6,2.4
202602210901010916,16, 74, 82,17.9,29.7
202602210901010907,7, 87, 95,6.7,10.9
202602210901010910,10, 87, 95,16.3,27.1
202602210901010901,1, 89, 97,3.6,5.6
202602210901010903,3, 89, 97,6.2,10.1
202602210901010905,5, 86, 95,22.1,36.8
202602210901010911,11, 73, 82,3.1,4.8
202602210901010902,2, 80, 89,13.0,21.6
202602210901010912,12, 86, 95,3.7,5.9
202602210901010909,9, 80, 95,53.8,89.8
202602210901010914,14, 83, 92,6.6,10.8
202602210901010918,18, 70, 79,29.4,49.0
202602210901010804,4, 83, 80,4.3,7.2
202602210901010802,2, 98, 91,1.1,1.2
202602210901010803,3, 94, 87,3.2,5.3
202602210901010806,6, 82,101,6.2,10.4
202602210901010805,5, 84, 77,2.3,3.8
202602210901010801,1, 82,100,1.6,2.5
202602210901010807,7, 83,101,2.8,4.6
202602210901010710,10, 89, 99,1.1,1.2
202602210901010702,2, 79, 89,1.2,1.9
202602210901010705,5, 82, 92,5.9,13.3
202602210901010709,9, 74, 84,3.2,6.9
202602210901010706,6, 82, 90,25.3,59.0
202602210901010713,13, 80, 89,2.9,6.1
202602210901010714,14, 78, 88,6.8,15.4
202602210901010707,7, 84, 94,3.4,7.5
202602210901010703,3, 80, 90,3.3,7.0
202602210901010701,1, 84, 93,6.7,15.2
202602210901010704,4, 83, 93,3.4,7.3
202602210901010716,16, 88, 98,1.4,2.5
202602210901010715,15, 76, 85,9.3,21.1
202602210901010711,11,,,24.7,57.4
202602210901010712,12, 38, 47,20.3,47.1
202602210901010708,8,,,61.6,144.1
202602210901010605,5, 81, 98,1.2,2.6
202602210901010608,8, 82,101,1.1,1.1
202602210901010611,11, 81, 99,1.4,3.1
202602210901010603,3, 81,100,1.2,2.6
202602210901010604,4, 72, 91,6.0,16.1
202602210901010602,2, 77, 95,1.7,3.9
202602210901010607,7,,,10.9,30.3
202602210901010609,9, 66, 84,38.3,107.9
202602210901010610,10, 74, 91,10.0,27.6
202602210901010601,1, 66, 85,51.7,146.2
202602210901010606,6, 72, 90,16.6,46.5
202602210901010503,3, 80, 97,2.5,4.2
202602210901010515,15, 76, 93,1.1,1.4
202602210901010516,16, 77, 94,9.8,17.8
202602210901010509,9, 81, 98,3.3,5.8
202602210901010507,7, 77, 94,6.7,12.0
202602210901010504,4, 79, 96,1.4,2.0
202602210901010505,5, 80, 95,1.7,2.7
202602210901010501,1, 65, 80,29.2,54.0
202602210901010510,10, 80, 95,13.7,25.1
202602210901010514,14, 73, 90,16.6,30.4
202602210901010512,12, 75, 92,23.5,43.4
202602210901010513,13, 80, 97,3.0,5.2
202602210901010518,18, 81, 98,11.7,21.4
202602210901010508,8, 81, 96,2.1,3.6
202602210901010511,11, 72, 89,6.6,11.9
202602210901010502,2, 71, 86,44.6,82.5
202602210901010506,6, 73, 88,50.7,93.9
202602210901010517,17, 80, 95,4.4,7.9
202602210901010408,8,,,1.7,2.3
202602210901010405,5,,,1.3,1.6
202602210901010414,14,,,2.0,2.8
202602210901010406,6,,,1.7,2.4
202602210901010403,3,,,5.6,8.4
202602210901010411,11,,,3.6,5.3
202602210901010412,12,,,5.6,8.4
202602210901010413,13,,,10.5,16.0
202602210901010409,9,,,5.3,7.9
202602210901010407,7,,,13.1,20.0
202602210901010404,4,,,12.1,18.4
202602210901010402,2,,,3.1,4.5
202602210901010410,10,,,2.0,2.9
202602210901010401,1,,,20.9,31.8
202602210901010309,9, 86,102,1.1,1.2
202602210901010312,12, 82, 98,1.4,2.3
202602210901010313,13, 83, 99,1.3,2.1
202602210901010307,7, 67, 82,3.0,5.6
202602210901010303,3, 64, 81,4.0,7.7
202602210901010305,5, 81, 99,1.3,2.2
202602210901010314,14, 66, 80,54.5,110.4
202602210901010308,8, 75, 90,10.3,20.4
202602210901010301,1, 65, 83,6.1,12.0
202602210901010310,10, 75, 90,7.1,13.9
202602210901010302,2, 74, 90,21.4,43.1
202602210901010316,16, 72, 89,5.1,10.0
202602210901010306,6, 69, 84,33.0,66.6
202602210901010304,4, 59, 74,22.7,45.8
202602210901010315,15, 61, 78,71.5,144.8
202602210901010311,11, 55, 70,,
202602210901010208,8, 76, 93,1.2,2.8
202602210901010211,11, 80, 98,1.1,1.1
202602210901010203,3, 52, 70,3.2,8.7
202602210901010205,5, 65, 83,10.2,30.0
202602210901010201,1, 79, 96,1.1,2.2
202602210901010206,6, 75, 93,4.5,12.7
202602210901010214,14, 68, 85,4.2,11.7
202602210901010212,12, 42, 60,6.8,19.7
202602210901010202,2, 67, 85,11.5,33.8
202602210901010209,9, 73, 91,4.1,11.5
202602210901010207,7, 74, 92,3.1,8.3
202602210901010210,10, 77, 92,3.5,9.5
202602210901010204,4, 58, 77,24.2,72.2
202602210901010213,13, 66, 84,8.2,23.9
202602210901010101,1, 79, 94,2.0,2.7
202602210901010102,2, 76, 91,1.7,2.2
202602210901010109,9, 80, 95,3.3,4.7
202602210901010113,13, 63, 78,2.9,4.1
202602210901010116,16, 80, 95,3.2,4.5
202602210901010103,3, 65, 81,15.1,22.0
202602210901010114,14, 71, 86,4.6,6.5
202602210901010105,5, 72, 88,4.2,5.9
202602210901010104,4, 79, 94,1.6,2.1
202602210901010112,12, 70, 82,63.9,92.8
202602210901010115,15, 78, 93,10.6,15.3
202602210901010108,8, 65, 82,14.0,20.4
202602210901010110,10, 59, 74,3.0,4.1
202602210901010111,11, 72, 87,6.9,9.9
202602210901010106,6, 69, 84,70.0,101.6
202602210901010107,7, 80, 94,2.1,2.8
202602210501071212,12, 91,101,1.3,1.6
202602210501071208,8, 88, 98,3.2,5.0
202602210501071207,7, 89, 98,5.0,7.9
202602210501071210,10, 88, 96,3.4,5.4
202602210501071209,9, 83, 93,15.9,26.0
202602210501071204,4, 86, 96,3.0,4.6
202602210501071214,14, 85, 95,5.0,8.0
202602210501071202,2, 86, 94,8.2,13.2
202602210501071203,3, 89, 99,2.4,3.7
202602210501071213,13,,,6.5,10.5
202602210501071205,5, 82, 90,4.1,6.5
202602210501071206,6, 86, 96,12.4,20.2
202602210501071201,1, 88, 97,14.3,23.4
202602210501071211,11, 85, 95,1.7,2.6
202602210501071216,16, 91,101,1.5,2.0
202602210501071215,15, 86, 94,10.8,17.6
202602210501071113,13,117, 95,1.4,1.7
202602210501071103,3, 95, 77,2.3,3.4
202602210501071101,1,109, 95,5.2,7.8
202602210501071102,2,115, 93,2.4,3.5
202602210501071112,12,118, 96,1.8,2.3
202602210501071106,6,112, 95,3.0,4.4
202602210501071114,14,117, 95,2.6,3.7
202602210501071110,10,117,103,2.7,3.9
202602210501071115,15,116, 94,4.4,6.6
202602210501071111,11,106, 98,3.4,5.0
202602210501071109,9,113, 91,10.4,16.0
202602210501071107,7,112, 90,28.3,43.3
202602210501071104,4,108, 94,10.3,15.8
202602210501071105,5, 76, 66,30.5,46.7
202602210501071108,8,107, 85,4.0,6.0
202602210501071013,13,102, 95,1.8,2.9
202602210501071008,8,101, 94,2.6,4.3
202602210501071001,1,101, 94,4.2,7.1
202602210501071006,6,106, 99,2.5,4.0
202602210501071005,5, 96, 89,3.1,5.2
202602210501071007,7, 92, 85,16.9,29.7
202602210501071004,4,101, 94,5.4,9.3
202602210501071016,16, 95, 88,2.9,4.8
202602210501071003,3, 81, 74,14.7,25.7
202602210501071015,15, 91, 84,27.1,47.6
202602210501071002,2, 92, 85,5.6,9.6
202602210501071009,9,,,4.6,7.8
202602210501071011,11, 84, 77,7.6,13.1
202602210501071014,14,100,100,1.1,1.4
202602210501071010,10, 98, 91,1.6,2.4
202602210501071012,12, 72, 64,28.4,50.0
202602210501070904,4, 87,105,1.2,1.9
202602210501070903,3, 90, 95,2.8,4.5
202602210501070905,5, 95,101,4.0,6.5
202602210501070901,1, 83,101,1.9,3.1
202602210501070906,6, 92, 97,1.1,1.3
202602210501070907,7, 60, 78,35.9,61.1
202602210501070902,2, 73, 91,35.6,60.7
202602210501070809,9, 95, 95,3.5,17.2
202602210501070808,8, 99, 99,1.1,2.0
202602210501070801,1, 99, 99,1.3,4.9
202602210501070810,10, 92,100,1.1,1.1
202602210501070803,3, 88, 88,16.7,89.9
202602210501070811,11, 94, 94,3.1,14.7
202602210501070804,4, 97, 97,1.5,5.9
202602210501070807,7, 79, 89,24.9,134.8
202602210501070805,5, 86, 94,2.7,12.7
202602210501070802,2, 87, 87,11.2,59.6
202602210501070806,6, 82, 82,22.4,121.2
202602210501070812,12, 94, 94,11.6,61.4
202602210501070710,10, 97,103,1.3,1.8
202602210501070713,13, 83, 93,2.7,4.4
202602210501070708,8, 80, 90,4.0,6.8
202602210501070712,12, 86, 96,19.6,34.7
202602210501070709,9, 75, 85,22.3,39.6
202602210501070704,4, 81, 90,1.5,2.2
202602210501070703,3, 86, 96,2.5,4.0
202602210501070714,14, 89, 99,1.2,1.6
202602210501070716,16, 87,103,2.1,3.3
202602210501070705,5, 76, 86,42.9,76.4
202602210501070711,11, 28, 38,4.5,7.7
202602210501070715,15, 67, 76,57.8,103.2
202602210501070701,1, 80, 89,14.9,26.4
202602210501070702,2, 35, 44,4.0,6.8
202602210501070707,7,,,13.4,23.6
202602210501070706,6,,,41.5,74.0
202602210501070604,4,,,2.4,4.1
202602210501070602,2, 81, 98,1.4,2.1
202602210501070603,3, 85,100,1.1,1.4
202602210501070613,13, 83, 98,2.2,3.6
202602210501070612,12, 80, 97,2.1,3.5
202602210501070605,5, 79, 94,6.3,11.2
202602210501070616,16, 81, 96,8.3,14.9
202602210501070609,9, 81, 98,1.5,2.3
202602210501070611,11,,,4.9,8.6
202602210501070606,6, 66, 81,74.0,135.4
202602210501070615,15, 79, 94,25.8,47.0
202602210501070610,10, 83, 98,4.4,7.6
202602210501070608,8, 63, 78,96.8,177.2
202602210501070614,14,,,52.5,95.9
202602210501070607,7, 65, 82,58.3,106.6
202602210501070601,1, 78, 95,7.2,12.8
202602210501070509,9, 71, 89,5.9,24.2
202602210501070506,6, 65, 84,1.4,4.6
202602210501070514,14, 74, 93,1.3,4.1
202602210501070504,4, 79, 97,1.1,1.1
202602210501070503,3, 78, 97,1.9,6.6
202602210501070513,13, 75, 94,4.2,16.6
202602210501070502,2, 76, 94,8.2,34.1
202602210501070512,12, 76, 94,2.0,7.3
202602210501070505,5, 71, 90,6.8,27.9
202602210501070510,10, 69, 87,3.9,15.4
202602210501070511,11, 67, 85,9.2,38.7
202602210501070508,8, 69, 87,57.9,250.0
202602210501070507,7, 75, 93,7.8,32.3
202602210501070501,1, 60, 78,47.0,202.8
202602210501070407,7,,,5.6,12.7
202602210501070403,3,,,1.1,1.1
202602210501070411,11,,,1.5,2.8
202602210501070402,2,,,2.9,6.1
202602210501070414,14,,,1.5,2.8
202602210501070409,9,,,1.5,2.9
202602210501070408,8,,,2.6,5.6
202602210501070405,5,,,27.4,64.7
202602210501070410,10,,,14.9,34.9
202602210501070404,4,,,4.9,11.2
202602210501070415,15,,,17.9,42.2
202602210501070406,6,,,12.2,28.4
202602210501070401,1,,,12.7,29.8
202602210501070416,16,,,59.1,140.3
202602210501070412,12,,,19.6,46.2
202602210501070413,13,,,29.8,70.5
202602210501070308,8, 56, 71,14.5,22.5
202602210501070307,7, 77, 93,1.9,2.7
202602210501070303,3, 85,102,1.4,1.7
202602210501070316,16, 69, 84,1.6,2.2
202602210501070306,6, 81, 98,1.8,2.6
202602210501070312,12, 73, 88,3.3,4.8
202602210501070313,13, 57, 75,13.9,21.6
202602210501070310,10, 72, 88,12.7,19.7
202602210501070301,1, 75, 92,2.0,2.8
202602210501070305,5, 81, 96,3.0,4.5
202602210501070311,11, 73, 90,7.9,12.2
202602210501070315,15, 40, 55,72.5,113.5
202602210501070314,14, 73, 90,2.8,4.2
202602210501070302,2, 67, 82,34.4,53.7
202602210501070304,4, 59, 74,43.1,67.4
202602210501070309,9, 41, 56,60.3,94.4
202602210501070201,1, 85,100,1.5,1.8
202602210501070206,6, 86,100,1.7,2.3
202602210501070212,12, 87, 92,2.2,3.1
202602210501070202,2, 78, 83,2.0,2.8
202602210501070213,13, 87,102,3.9,5.7
202602210501070216,16, 74, 79,31.1,46.1
202602210501070203,3, 89,105,5.6,8.2
202602210501070209,9, 78, 95,6.3,9.3
202602210501070207,7, 85, 99,7.9,11.7
202602210501070208,8, 73, 78,12.0,17.9
202602210501070215,15, 87,102,2.9,4.2
202602210501070214,14, 86,102,6.1,8.9
202602210501070211,11, 83, 99,12.1,18.0
202602210501070205,5, 84, 99,13.9,20.6
202602210501070210,10, 88,103,3.8,5.4
202602210501070204,4, 88, 93,2.3,3.2
202602210501070101,1, 80, 96,1.8,2.9
202602210501070102,2, 79, 95,1.1,1.4
202602210501070104,4, 70, 85,6.9,12.0
202602210501070106,6, 82, 96,3.7,6.3
202602210501070108,8, 78, 95,1.6,2.4
202602210501070110,10, 69, 84,16.1,28.3
202602210501070112,12, 77, 93,3.5,5.9
202602210501070105,5, 69, 84,5.8,10.0
202602210501070103,3, 75, 90,7.8,13.5
202602210501070107,7, 41, 58,43.4,77.1
202602210501070114,14, 70, 85,3.5,5.9
202602210501070109,9, 63, 80,85.1,151.1
202602210501070115,15, 57, 74,35.2,62.4
202602210501070111,11, 77, 92,3.0,5.0
202602210501070116,16, 78, 94,7.0,12.1
202602210501070113,13,,,1.6,2.5
202602211001091209,9, 88, 97,1.5,1.9
202602211001091215,15, 86, 95,4.7,6.9
202602211001091204,4, 88, 96,4.9,7.2
202602211001091201,1, 86, 95,2.9,4.2
202602211001091218,18, 86, 95,2.5,3.6
202602211001091203,3, 88, 97,3.2,4.6
202602211001091214,14, 88, 88,3.9,5.7
202602211001091206,6, 82, 91,2.2,3.1
202602211001091211,11, 79, 88,13.0,19.7
202602211001091213,13, 88,103,1.6,2.0
202602211001091208,8, 61, 71,13.1,19.7
202602211001091202,2, 84, 93,9.4,14.1
202602211001091207,7, 85, 94,11.6,17.4
202602211001091217,17, 85, 93,10.6,16.0
202602211001091210,10, 88, 97,2.8,4.0
202602211001091212,12, 88, 96,6.0,8.9
202602211001091205,5, 67, 76,21.7,32.8
202602211001091216,16, 56, 65,40.0,60.3
202602211001091106,6, 84, 77,3.4,4.9
202602211001091109,9,102, 95,2.6,3.7
202602211001091103,3,100, 93,2.1,2.9
202602211001091105,5,103, 96,1.6,1.9
202602211001091112,12,100, 93,4.0,5.8
202602211001091107,7,100, 93,3.1,4.4
202602211001091110,10, 92, 86,19.3,28.0
202602211001091108,8, 97, 91,4.0,5.8
202602211001091101,1, 99, 99,5.9,8.6
202602211001091111,11,100,100,1.6,2.0
202602211001091113,13,102, 95,2.1,2.9
202602211001091104,4, 98, 91,2.8,3.9
202602211001091102,2, 94, 87,13.1,19.0
202602211001091009,9, 96, 96,2.5,4.1
202602211001091001,1, 95,103,1.7,2.7
202602211001091004,4, 94,103,6.1,10.3
202602211001091007,7, 98, 98,2.4,3.9
202602211001091015,15, 95, 95,3.7,6.1
202602211001091014,14,104,104,1.1,1.3
202602211001091016,16, 95, 95,13.2,22.8
202602211001091013,13, 97, 97,6.3,10.7
202602211001091012,12, 90, 90,2.8,4.6
202602211001091008,8, 97, 97,1.7,2.6
202602211001091010,10, 89, 97,3.5,5.7
202602211001091002,2, 88, 88,5.8,9.8
202602211001091011,11,,,27.1,46.9
202602211001091005,5, 85, 85,9.8,16.9
202602211001091006,6, 92, 92,22.5,39.0
202602211001091003,3, 84, 84,16.2,28.0
202602211001090903,3, 90, 95,1.3,2.0
202602211001090910,10, 88,103,1.1,1.3
202602211001090904,4, 90, 95,1.8,3.0
202602211001090907,7, 89, 94,1.6,2.6
202602211001090908,8, 85, 84,9.9,18.7
202602211001090909,9, 81, 86,4.8,9.0
202602211001090906,6, 91,106,1.9,3.2
202602211001090905,5, 86, 91,3.8,6.9
202602211001090902,2, 85, 85,12.6,23.7
202602211001090901,1, 87, 86,2.2,3.8
202602211001090814,14, 87, 96,1.8,2.5
202602211001090815,15, 87, 96,3.9,5.8
202602211001090805,5, 86, 95,1.7,2.4
202602211001090813,13, 87, 95,2.5,3.6
202602211001090804,4, 89, 97,1.5,2.0
202602211001090811,11, 90, 99,1.5,1.9
202602211001090803,3, 87, 96,8.0,12.1
202602211001090810,10, 79, 88,18.3,27.8
202602211001090809,9, 83, 91,4.7,6.9
202602211001090808,8, 87, 95,2.7,3.9
202602211001090812,12, 88, 97,3.9,5.7
202602211001090807,7, 80, 88,13.5,20.4
202602211001090816,16, 71, 79,24.4,37.0
202602211001090802,2, 79, 88,22.5,34.3
202602211001090801,1, 63, 72,23.2,35.2
202602211001090806,6, 37, 47,22.8,34.7
202602211001090703,3, 86, 95,3.0,4.5
202602211001090702,2, 87, 97,1.9,2.7
202602211001090705,5, 85, 95,2.4,3.5
202602211001090706,6, 81, 90,1.9,2.7
202602211001090715,15, 67, 76,3.1,4.7
202602211001090701,1, 87, 97,4.3,6.5
202602211001090710,10, 84, 94,6.1,9.3
202602211001090713,13, 91,100,1.5,2.0
202602211001090712,12, 84, 94,5.1,7.9
202602211001090711,11, 66, 75,9.0,13.9
202602211001090714,14, 88, 98,1.4,1.8
202602211001090708,8, 83, 93,10.7,16.7
202602211001090709,9, 78, 88,37.9,59.7
202602211001090707,7,,,28.9,45.6
202602211001090704,4,,,13.2,20.6
202602211001090716,16,,,29.0,45.6
202602211001090610,10, 80, 99,1.4,1.8
202602211001090605,5, 41, 58,4.0,5.9
202602211001090614,14, 70, 86,5.9,8.9
202602211001090604,4, 77, 96,1.8,2.5
202602211001090613,13, 79, 97,1.6,2.1
202602211001090602,2, 77, 96,2.1,3.0
202602211001090606,6, 78, 93,2.7,3.9
202602211001090603,3, 86, 91,8.8,13.3
202602211001090601,1, 74, 88,13.8,21.1
202602211001090616,16, 70, 84,21.0,32.1
202602211001090607,7, 78, 97,1.5,2.1
202602211001090612,12, 74, 91,6.1,9.1
202602211001090608,8, 28, 46,31.8,48.9
202602211001090611,11, 62, 77,40.0,61.4
202602211001090615,15, 61, 78,31.8,48.8
202602211001090609,9, 59, 74,40.6,62.4
202602211001090511,11,,,1.1,1.1
202602211001090507,7,,,1.3,2.4
202602211001090504,4,,,1.6,3.6
202602211001090505,5,,,15.1,42.2
202602211001090509,9,,,2.7,6.7
202602211001090502,2,,,2.8,7.1
202602211001090510,10,,,8.7,24.0
202602211001090512,12,,,8.0,22.2
202602211001090506,6,,,5.2,14.0
202602211001090508,8,,,1.9,4.6
202602211001090503,3,,,7.4,20.2
202602211001090501,1,,,2.3,5.6
202602211001090412,12,,,1.1,1.2
202602211001090411,11,,,2.1,4.2
202602211001090403,3,,,3.3,7.2
202602211001090407,7,,,1.2,1.9
202602211001090401,1,,,15.4,35.2
202602211001090409,9,,,1.5,2.9
202602211001090408,8,,,2.0,4.0
202602211001090406,6, 91, 91,3.9,8.6
202602211001090402,2,,,3.2,7.0
202602211001090404,4,,,10.3,23.5
202602211001090405,5,,,4.6,10.1
202602211001090410,10,,,23.2,53.5
202602211001090304,4, 85, 97,1.4,1.8
202602211001090308,8, 87, 99,1.3,1.7
202602211001090307,7, 74, 89,2.8,4.3
202602211001090302,2, 86, 98,1.9,2.9
202602211001090311,11, 85,100,1.6,2.4
202602211001090303,3, 86, 98,2.0,3.1
202602211001090305,5, 87, 99,3.4,5.4
202602211001090313,13, 71, 86,6.1,10.0
202602211001090301,1, 77, 92,6.2,10.2
202602211001090306,6, 50, 66,9.8,16.3
202602211001090309,9, 76, 90,10.5,17.4
202602211001090312,12, 77, 92,14.3,23.7
202602211001090314,14, 66, 81,11.1,18.4
202602211001090310,10, 70, 85,78.0,129.9
202602211001090218,18, 87,102,1.1,1.2
202602211001090213,13, 87,102,4.0,7.6
202602211001090210,10, 80, 95,1.7,3.0
202602211001090202,2, 83, 98,1.7,2.9
202602211001090208,8, 90,105,1.5,2.6
202602211001090205,5, 81, 95,13.2,26.6
202602211001090201,1, 74, 89,4.3,8.4
202602211001090215,15, 68, 83,17.5,35.4
202602211001090214,14, 77, 91,6.3,12.5
202602211001090204,4, 78, 93,12.1,24.3
202602211001090211,11, 75, 89,29.3,59.7
202602211001090209,9, 81, 96,3.9,7.6
202602211001090206,6, 70, 85,20.5,41.6
202602211001090207,7, 79, 93,20.3,41.1
202602211001090203,3,,,42.7,87.3
202602211001090217,17, 83, 97,2.0,3.7
202602211001090212,12, 77, 82,42.0,85.8
202602211001090216,16,,,33.9,69.1
202602211001090114,14, 74, 92,1.4,2.1
202602211001090112,12, 70, 88,2.2,3.5
202602211001090102,2, 82, 99,1.3,1.8
202602211001090101,1, 60, 78,10.7,18.3
202602211001090105,5, 62, 80,1.7,2.7
202602211001090113,13, 78, 94,4.1,6.8
202602211001090109,9, 65, 83,3.7,6.0
202602211001090111,11, 77, 94,1.2,1.6
202602211001090103,3, 71, 89,3.5,5.8
202602211001090108,8, 69, 88,18.9,32.6
202602211001090110,10, 60, 74,25.0,43.2
202602211001090104,4, 58, 73,19.0,32.8
202602211001090106,6,,,18.7,32.3
202602211001090107,7, 71, 86,14.3,24.6
202602150501061201,1, 98, 98,2.3,3.4
202602150501061213,13, 95, 95,1.2,1.4
202602150501061209,9, 93,102,2.0,2.9
202602150501061212,12,100,100,2.2,3.3
202602150501061206,6, 94, 94,6.5,10.3
202602150501061215,15, 96, 96,3.7,5.7
202602150501061203,3, 88, 88,2.6,3.9
202602150501061204,4, 92, 92,7.4,11.7
202602150501061202,2, 86, 86,44.1,71.3
202602150501061211,11, 91, 91,13.4,21.4
202602150501061210,10, 85, 85,18.7,30.1
202602150501061208,8, 82, 82,6.0,9.5
202602150501061205,5, 88, 88,1.9,2.8
202602150501061216,16, 95, 95,2.6,3.9
202602150501061207,7, 78, 78,40.0,64.7
202602150501061214,14, 81, 81,37.0,59.8
202602150501061105,5, 97, 87,1.3,1.8
202602150501061107,7, 91, 96,1.8,2.7
202602150501061106,6,102, 95,1.3,1.9
202602150501061108,8, 87,104,1.2,1.5
202602150501061104,4, 91,106,2.1,3.3
202602150501061101,1, 98,103,1.9,2.9
202602150501061103,3, 88, 80,8.8,14.7
202602150501061102,2, 87,102,12.2,20.3
202602150501061109,9, 85,100,5.1,8.4
202602150501061002,2,104, 90,2.2,3.0
202602150501061006,6,109, 99,1.5,1.9
202602150501061001,1,107,100,5.3,7.6
202602150501061005,5, 83, 72,5.8,8.2
202602150501061009,9,107, 97,2.0,2.7
202602150501061016,16,101, 90,11.5,16.6
202602150501061010,10, 99, 89,8.5,12.1
202602150501061015,15,107, 97,4.1,5.7
202602150501061003,3,108, 98,2.3,3.1
202602150501061004,4,104, 91,3.1,4.3
202602150501061011,11,109,103,1.8,2.3
202602150501061014,14,105, 99,4.0,5.6
202602150501061013,13,,,13.4,19.4
202602150501061007,7, 99, 89,4.9,6.9
202602150501061012,12, 97, 82,17.0,24.6
202602150501061008,8, 88, 80,20.2,29.1
202602150501060904,4,103,103,1.4,2.0
202602150501060908,8,104, 98,5.2,8.3
202602150501060916,16,100,100,4.5,7.1
202602150501060901,1,105, 97,2.8,4.3
202602150501060915,15,106, 98,1.5,2.2
202602150501060910,10, 97, 90,2.4,3.6
202602150501060914,14,102,102,1.3,1.6
202602150501060906,6,101, 93,11.1,18.0
202602150501060912,12,104, 96,3.8,6.0
202602150501060903,3,108,100,2.7,4.1
202602150501060913,13, 98, 90,6.4,10.3
202602150501060905,5, 98, 98,8.2,13.3
202602150501060911,11,101, 93,9.2,14.9
202602150501060909,9,104, 96,13.0,21.1
202602150501060902,2, 97, 91,23.9,38.9
202602150501060907,7, 89, 83,65.0,105.8
202602150501060802,2, 96, 96,2.2,3.8
202602150501060801,1, 97, 97,2.7,4.8
202602150501060810,10, 98, 98,1.1,1.4
202602150501060811,11, 95, 95,2.6,4.6
202602150501060803,3, 96, 96,3.0,5.4
202602150501060814,14, 93, 93,16.7,32.2
202602150501060806,6, 89, 89,2.9,5.3
202602150501060805,5, 90, 90,8.1,15.4
202602150501060812,12, 95,105,1.8,3.1
202602150501060808,8, 93, 93,5.7,10.7
202602150501060809,9, 78, 78,44.2,85.5
202602150501060807,7, 93, 93,4.5,8.4
202602150501060813,13, 82, 82,54.2,104.8
202602150501060804,4, 92,100,1.3,1.8
202602150501060701,1, 89, 99,1.7,2.4
202602150501060710,10, 81, 91,1.5,2.1
202602150501060706,6, 83, 93,3.9,5.9
202602150501060713,13, 76, 85,15.1,23.6
202602150501060707,7, 88, 97,1.5,2.0
202602150501060712,12, 85, 95,2.9,4.4
202602150501060705,5, 78, 88,26.6,41.9
202602150501060715,15, 69, 79,7.3,11.2
202602150501060711,11, 90,100,1.3,1.8
202602150501060704,4, 78, 88,11.4,17.8
202602150501060708,8, 82, 92,29.6,46.6
202602150501060703,3, 90,100,2.2,3.2
202602150501060709,9,,,30.7,48.3
202602150501060714,14,,,20.7,32.5
202602150501060702,2, 75, 83,40.9,64.4
202602150501060716,16,,,7.0,10.8
202602150501060603,3, 78, 86,1.4,2.6
202602150501060605,5, 84, 92,1.4,2.5
202602150501060611,11, 89, 97,3.1,6.8
202602150501060604,4, 87, 95,1.1,1.1
202602150501060613,13, 87, 95,3.0,6.5
202602150501060614,14, 79, 89,14.4,33.7
202602150501060612,12, 86, 94,5.2,11.7
202602150501060602,2, 61, 80,24.3,57.4
202602150501060606,6, 85, 93,2.4,5.2
202602150501060608,8, 82, 90,5.7,12.9
202602150501060609,9, 73, 81,47.6,112.6
202602150501060607,7, 33, 42,56.6,134.0
202602150501060601,1, 88, 96,1.9,4.0
202602150501060610,10, 62, 80,12.9,30.2
202602150501060514,14, 77, 95,1.3,2.1
202602150501060515,15, 82,101,1.1,1.3
202602150501060506,6, 66, 83,3.6,6.6
202602150501060509,9,,,2.0,3.5
202602150501060505,5, 75, 92,6.0,11.4
202602150501060510,10,,,7.6,14.6
202602150501060511,11, 64, 81,23.3,45.9
202602150501060503,3, 63, 81,43.0,85.1
202602150501060516,16, 69, 87,9.1,17.6
202602150501060513,13, 80, 95,7.2,13.9
202602150501060512,12,,,44.7,88.3
202602150501060504,4,,,21.9,43.2
202602150501060507,7, 77, 95,3.2,5.9
202602150501060502,2, 69, 84,36.5,72.2
202602150501060501,1,,,1.2,1.9
202602150501060508,8,,,2.9,5.2
202602150501060403,3, 82, 88,2.6,3.8
202602150501060413,13, 89, 94,1.9,2.8
202602150501060401,1, 91, 97,1.5,2.0
202602150501060404,4, 85, 91,2.5,3.6
202602150501060409,9, 79, 84,1.9,2.7
202602150501060412,12, 87, 93,1.4,1.8
202602150501060402,2, 75, 81,41.7,66.1
202602150501060405,5, 80, 98,4.2,6.4
202602150501060410,10, 84, 90,2.9,4.3
202602150501060411,11, 82, 88,13.8,21.8
202602150501060408,8, 90, 84,2.7,4.0
202602150501060407,7, 73, 78,17.5,27.7
202602150501060406,6,,,30.5,48.3
202602150501060308,8,,,1.3,1.9
202602150501060313,13,,,1.1,1.4
202602150501060312,12,,,7.7,14.3
202602150501060314,14,,,4.2,7.5
202602150501060311,11,,,18.6,34.9
202602150501060309,9,,,20.0,37.7
202602150501060302,2,,,1.9,3.2
202602150501060301,1,,,6.0,11.0
202602150501060305,5,,,12.5,23.4
202602150501060307,7,,,2.6,4.6
202602150501060310,10,,,22.4,42.1
202602150501060306,6,,,1.5,2.5
202602150501060315,15,,,6.3,11.5
202602150501060304,4,,,9.3,17.3
202602150501060316,16,,,3.8,6.9
202602150501060303,3,,,5.3,9.7
202602150501060210,10, 62, 80,2.2,3.9
202602150501060201,1, 44, 62,9.0,16.9
202602150501060202,2, 81, 98,1.2,1.6
202602150501060207,7, 61, 80,2.6,4.6
202602150501060212,12, 83,101,1.1,1.5
202602150501060206,6, 74, 92,2.9,5.1
202602150501060213,13, 76, 94,1.6,2.7
202602150501060204,4, 55, 73,15.5,29.4
202602150501060203,3, 60, 79,8.4,15.7
202602150501060211,11,,,9.7,18.3
202602150501060209,9, 68, 87,1.7,2.9
202602150501060205,5, 64, 83,10.1,19.1
202602150501060208,8,,,11.7,22.1
202602150501060114,14, 85,100,1.3,1.7
202602150501060102,2, 85,100,1.3,1.9
202602150501060107,7, 83, 98,1.3,1.8
202602150501060112,12, 84, 99,1.7,2.5
202602150501060110,10, 82, 97,1.9,2.9
202602150501060108,8, 82, 97,11.5,19.0
202602150501060106,6, 71, 86,6.0,9.9
202602150501060115,15, 83, 98,2.8,4.4
202602150501060116,16, 59, 73,57.8,97.2
202602150501060111,11, 71, 85,27.4,46.0
202602150501060105,5, 69, 83,20.4,34.0
202602150501060104,4, 52, 67,57.5,96.7
202602150501060101,1, 77, 91,29.0,48.6
202602150501060113,13, 58, 73,81.6,137.2
202602150501060109,9, 16, 33,6.3,10.3
202602150501060103,3, 13, 27,69.0,116.0
202602150802061204,4, 91,101,1.4,1.7
202602150802061212,12, 87, 87,2.2,3.1
202602150802061209,9, 69, 69,2.0,2.7
202602150802061216,16,,,7.8,11.5
202602150802061206,6, 78, 78,6.1,9.0
202602150802061213,13, 95,104,5.8,8.6
202602150802061215,15, 96, 96,1.8,2.5
202602150802061211,11, 96, 96,2.6,3.7
202602150802061207,7, 84, 84,5.6,8.2
202602150802061203,3, 94, 94,3.1,4.4
202602150802061208,8, 93, 93,21.7,32.3
202602150802061202,2, 98, 98,4.1,5.9
202602150802061201,1, 90, 99,3.3,4.7
202602150802061210,10, 94, 94,8.2,12.1
202602150802061214,14, 83, 83,14.9,22.2
202602150802061205,5, 83, 83,17.9,26.7
202602150802061112,12,112, 95,2.4,5.7
202602150802061106,6,116, 92,1.1,1.1
202602150802061104,4,109,101,2.0,4.7
202602150802061108,8,114, 97,2.1,5.0
202602150802061103,3,117, 91,3.4,8.7
202602150802061110,10,114, 92,3.7,9.3
202602150802061102,2,101, 75,1.7,4.0
202602150802061101,1,123, 97,1.3,2.4
202602150802061109,9,112, 90,9.6,26.0
202602150802061111,11,106, 84,6.1,16.2
202602150802061107,7,106, 92,16.8,45.9
202602150802061105,5,109, 92,7.7,20.8
202602150802061010,10,105,105,1.0,1.1
202602150802061004,4,102,102,1.2,6.0
202602150802061008,8, 92, 85,3.4,23.0
202602150802061005,5,106, 99,1.1,4.6
202602150802061001,1,100,100,1.6,9.1
202602150802061007,7, 93, 86,13.3,99.0
202602150802061009,9,104, 97,3.8,26.4
202602150802061002,2, 99, 92,4.1,28.3
202602150802061003,3,102, 95,3.2,21.5
202602150802061006,6, 98, 91,14.4,107.6
202602150802060908,8,101,101,1.1,1.1
202602150802060901,1, 92,101,1.3,5.4
202602150802060907,7, 93,102,1.5,6.5
202602150802060905,5, 94,103,1.1,3.5
202602150802060902,2, 94, 94,4.6,24.5
202602150802060911,11, 93, 93,2.7,13.6
202602150802060903,3, 90, 90,17.8,101.1
202602150802060904,4, 90, 90,14.5,82.2
202602150802060909,9, 92,101,1.9,8.8
202602150802060910,10, 91, 91,14.8,83.8
202602150802060906,6, 76, 76,58.1,334.3
202602150802060809,9, 81,100,1.3,1.9
202602150802060812,12, 77, 86,4.3,7.3
202602150802060801,1, 87, 95,1.6,2.5
202602150802060808,8, 85, 94,2.8,4.6
202602150802060806,6, 78, 87,3.2,5.3
202602150802060807,7,,,17.9,31.2
202602150802060811,11, 89, 98,1.2,1.5
202602150802060804,4, 85, 93,7.9,13.7
202602150802060803,3, 77, 94,4.6,7.8
202602150802060802,2,,,31.9,55.5
202602150802060810,10, 89, 89,5.3,9.1
202602150802060805,5, 88, 97,1.4,2.1
202602150802060713,13, 93,103,1.6,2.5
202602150802060711,11, 89, 98,1.2,1.8
202602150802060710,10, 84, 94,3.6,6.1
202602150802060712,12, 94,103,1.2,1.8
202602150802060704,4, 71, 81,24.5,43.8
202602150802060702,2, 81, 90,17.1,30.4
202602150802060709,9, 95,104,1.1,1.5
202602150802060706,6, 88, 97,3.3,5.5
202602150802060707,7, 81, 90,4.4,7.5
202602150802060708,8, 79, 88,17.6,31.3
202602150802060703,3, 73, 81,11.5,20.4
202602150802060701,1, 85, 94,4.1,7.0
202602150802060705,5, 64, 72,15.5,27.5
202602150802060602,2, 83,100,2.2,4.8
202602150802060601,1, 80, 97,2.1,4.4
202602150802060605,5, 84,100,1.8,3.7
202602150802060612,12, 81, 98,1.1,1.1
202602150802060613,13, 84, 99,1.4,2.6
202602150802060614,14, 82, 98,3.2,7.3
202602150802060609,9, 76, 93,5.5,13.2
202602150802060607,7, 72, 87,38.6,96.6
202602150802060616,16, 83, 98,2.5,5.7
202602150802060606,6, 50, 68,38.4,96.3
202602150802060603,3, 74, 90,5.5,13.2
202602150802060615,15,,,33.7,84.4
202602150802060611,11, 74, 89,28.8,72.0
202602150802060604,4, 79, 94,8.3,20.2
202602150802060608,8, 57, 74,6.8,16.4
202602150802060610,10, 68, 87,65.7,165.0
202602150802060618,18, 72, 89,32.9,82.3
202602150802060617,17, 59, 77,25.2,62.8
202602150802060503,3, 81, 96,1.1,1.5
202602150802060504,4, 70, 89,2.1,3.5
202602150802060515,15, 71, 90,4.5,7.9
202602150802060502,2, 72, 90,2.5,4.3
202602150802060514,14, 80, 85,1.2,1.8
202602150802060511,11, 82,100,1.3,1.9
202602150802060506,6, 70, 88,3.2,5.5
202602150802060509,9, 60, 77,28.6,52.5
202602150802060510,10, 69, 86,30.7,56.2
202602150802060501,1, 62, 79,8.7,15.7
202602150802060513,13, 54, 72,9.8,17.7
202602150802060508,8,,,4.5,7.9
202602150802060512,12, 79, 96,7.3,13.1
202602150802060507,7, 63, 82,19.6,35.8
202602150802060505,5, 69, 86,37.1,68.1
202602150802060408,8, 99,116,1.1,1.1
202602150802060405,5, 94,112,1.2,3.3
202602150802060402,2, 84,101,4.7,16.9
202602150802060404,4, 87,105,1.1,1.3
202602150802060407,7, 86,104,5.3,19.4
202602150802060406,6, 87,104,2.0,6.4
202602150802060401,1,,,7.3,27.2
202602150802060403,3, 83,102,1.7,5.4
202602150802060409,9, 81, 99,3.7,13.2
202602150802060308,8, 82, 97,1.2,1.6
202602150802060311,11, 81, 96,1.3,1.9
202602150802060309,9, 70, 89,4.4,7.4
202602150802060305,5, 66, 84,4.9,8.2
202602150802060313,13, 83, 98,1.3,1.8
202602150802060312,12, 70, 86,25.8,45.2
202602150802060310,10, 45, 62,12.9,22.5
202602150802060307,7, 72, 90,1.9,3.0
202602150802060314,14, 62, 78,34.6,60.7
202602150802060304,4, 50, 68,23.1,40.3
202602150802060301,1, 80, 96,2.8,4.6
202602150802060315,15, 70, 84,48.0,84.2
202602150802060316,16,,,12.4,21.6
202602150802060306,6, 65, 81,19.6,34.3
202602150802060303,3, 69, 87,2.3,3.6
202602150802060302,2, 70, 85,86.1,151.1
202602150802060211,11,,,1.1,1.3
202602150802060210,10,,,3.2,6.0
202602150802060207,7,,,2.3,4.2
202602150802060206,6,,,1.3,2.2
202602150802060205,5,,,1.1,1.6
202602150802060204,4,,,2.5,4.7
202602150802060209,9,,,6.8,13.4
202602150802060203,3,,,10.3,20.5
202602150802060202,2,,,2.7,5.0
202602150802060201,1,,,6.7,13.3
202602150802060208,8,,,4.4,8.5
202602150802060212,12,,,,
202602150802060109,9, 81, 99,1.1,1.1
202602150802060108,8, 77, 94,1.2,2.4
202602150802060104,4, 78, 95,1.1,1.5
202602150802060107,7, 80, 98,1.5,3.3
202602150802060105,5, 41, 58,11.7,32.4
202602150802060110,10, 62, 80,3.7,9.6
202602150802060102,2, 69, 87,2.5,6.1
202602150802060101,1, 72, 90,4.3,11.4
202602150802060106,6, 54, 72,19.2,53.8
202602150802060103,3, 60, 77,27.0,75.8
202602151001081212,12, 85, 94,1.4,1.8
202602151001081210,10, 87, 97,1.9,2.6
202602151001081208,8, 83, 93,2.7,3.8
202602151001081205,5, 89, 99,1.7,2.3
202602151001081203,3, 80, 88,8.6,12.7
202602151001081211,11, 84, 94,17.6,25.8
202602151001081213,13, 77, 87,2.5,3.4
202602151001081207,7, 81, 91,1.6,2.2
202602151001081206,6, 63, 73,4.7,6.8
202602151001081202,2, 65, 74,4.9,7.0
202602151001081204,4,,,10.9,16.0
202602151001081209,9, 72, 82,9.5,14.0
202602151001081201,1, 59, 69,2.8,3.9
202602151001081107,7, 99, 91,2.5,3.6
202602151001081113,13,105, 89,2.9,4.2
202602151001081101,1,103, 95,12.9,19.7
202602151001081106,6, 93, 85,9.8,15.0
202602151001081115,15, 98, 90,8.7,13.2
202602151001081118,18,101, 91,1.6,2.0
202602151001081105,5,104, 96,6.2,9.4
202602151001081117,17,103, 95,4.6,6.8
202602151001081109,9,105, 97,3.5,5.1
202602151001081114,14,103, 95,7.5,11.4
202602151001081108,8, 75, 67,6.7,10.1
202602151001081110,10, 98, 90,4.1,6.0
202602151001081116,16, 99, 91,6.5,9.8
202602151001081104,4, 92, 84,5.1,7.6
202602151001081103,3, 84, 78,33.4,51.0
202602151001081111,11,106, 98,1.5,1.8
202602151001081102,2,107,102,2.5,3.7
202602151001081112,12,103, 91,4.0,5.9
202602151001081016,16, 95, 95,2.2,2.9
202602151001081011,11,,,4.4,6.1
202602151001081014,14, 84, 84,7.5,10.5
202602151001081009,9, 86, 86,4.7,6.5
202602151001081007,7, 96, 96,1.6,1.9
202602151001081001,1, 88, 88,3.1,4.2
202602151001081013,13, 98, 98,2.4,3.2
202602151001081015,15, 94, 94,8.1,11.3
202602151001081005,5, 84, 84,1.9,2.5
202602151001081012,12, 84, 84,12.5,17.5
202602151001081017,17, 91, 91,9.1,12.8
202602151001081008,8, 94, 94,7.3,10.2
202602151001081018,18,,,13.2,18.5
202602151001081004,4, 93, 93,6.4,8.9
202602151001081010,10, 91,100,3.0,4.0
202602151001081006,6, 93, 93,5.4,7.6
202602151001081003,3, 91, 91,5.8,8.1
202602151001081002,2, 60, 60,9.7,13.6
202602151001080906,6, 91, 91,1.8,2.3
202602151001080903,3, 98, 98,1.6,2.0
202602151001080901,1, 93, 93,3.8,5.0
202602151001080907,7, 99, 99,1.4,1.7
202602151001080905,5, 93, 93,7.9,10.3
202602151001080902,2, 96, 96,3.0,3.9
202602151001080904,4, 89, 89,5.9,7.8
202602151001080806,6,,,2.5,3.6
202602151001080802,2, 82, 91,4.3,6.3
202602151001080807,7, 90, 99,1.7,2.1
202602151001080803,3, 84, 93,7.2,10.9
202602151001080805,5, 85, 94,4.6,6.8
202602151001080804,4, 91,100,1.4,1.7
202602151001080809,9, 79, 88,3.1,4.6
202602151001080811,11, 85, 93,3.3,4.8
202602151001080813,13, 90, 99,2.2,3.2
202602151001080801,1, 78, 87,8.6,13.1
202602151001080808,8, 72, 81,11.9,18.0
202602151001080814,14, 85, 94,9.0,13.7
202602151001080812,12, 86, 95,3.1,4.5
202602151001080815,15, 66, 75,3.1,4.6
202602151001080810,10, 85, 95,5.2,7.8
202602151001080702,2, 86, 94,8.6,13.3
202602151001080705,5, 88, 96,1.6,2.2
202602151001080710,10, 91, 99,1.5,2.0
202602151001080714,14, 87, 95,1.8,2.6
202602151001080709,9, 87, 95,2.1,3.0
202602151001080713,13, 87, 95,2.8,4.2
202602151001080708,8, 85, 93,6.2,9.6
202602151001080701,1, 87, 95,1.3,1.7
202602151001080706,6,,,10.7,16.6
202602151001080704,4, 75, 84,5.9,9.0
202602151001080707,7, 85, 93,5.9,9.0
202602151001080703,3, 78, 86,14.8,22.9
202602151001080711,11, 75, 83,22.0,34.2
202602151001080712,12, 81, 90,7.8,12.0
202602151001080615,15, 87, 95,1.5,2.1
202602151001080610,10, 89, 97,1.4,1.8
202602151001080614,14, 87, 95,1.5,2.1
202602151001080603,3, 84, 94,16.8,25.7
202602151001080608,8, 90, 98,1.8,2.5
202602151001080612,12, 85, 93,6.4,9.6
202602151001080616,16, 81, 89,7.1,10.8
202602151001080606,6, 88, 96,5.8,8.7
202602151001080607,7, 82, 90,5.4,8.2
202602151001080613,13, 79, 88,6.8,10.3
202602151001080605,5, 82, 90,16.7,25.6
202602151001080611,11, 87, 95,3.2,4.7
202602151001080602,2, 80, 89,5.3,8.0
202602151001080609,9, 81, 89,8.5,13.0
202602151001080601,1, 85, 93,4.0,5.9
202602151001080604,4, 60, 70,34.8,53.4
202602151001080507,7, 75, 92,1.7,7.4
202602151001080505,5, 72, 89,1.4,5.0
202602151001080511,11, 76, 90,2.2,9.7
202602151001080506,6, 82,100,1.1,1.1
202602151001080509,9, 49, 67,8.3,43.6
202602151001080508,8,,,4.2,21.2
202602151001080514,14, 74, 91,2.5,11.3
202602151001080504,4, 34, 52,10.1,53.7
202602151001080502,2, 76, 94,3.2,15.4
202602151001080512,12, 72, 89,5.8,29.8
202602151001080503,3, 60, 78,16.2,86.8
202602151001080516,16, 70, 85,21.4,115.7
202602151001080513,13, 63, 78,6.1,31.4
202602151001080515,15, 77, 95,4.6,23.2
202602151001080501,1, 60, 74,15.6,84.0
202602151001080510,10, 66, 83,5.5,28.2
202602151001080406,6,,,2.3,3.8
202602151001080405,5,,,1.2,1.6
202602151001080412,12,101, 89,2.0,3.2
202602151001080408,8,,,1.5,2.4
202602151001080409,9,,,1.2,1.6
202602151001080411,11, 72, 72,6.8,12.0
202602151001080401,1,,,2.2,3.6
202602151001080402,2,,,6.2,10.9
202602151001080404,4, 93, 93,2.7,4.6
202602151001080403,3, 85, 78,17.7,31.5
202602151001080410,10, 86, 86,9.5,16.9
202602151001080407,7, 77, 87,21.1,37.7
202602151001080314,14, 86, 95,1.6,2.1
202602151001080311,11, 87, 96,1.7,2.4
202602151001080310,10, 79, 89,4.3,6.5
202602151001080306,6, 81, 90,3.4,5.0
202602151001080302,2, 92,101,1.3,1.7
202602151001080313,13, 76, 85,3.8,5.7
202602151001080305,5, 81, 90,2.4,3.6
202602151001080301,1, 90, 99,2.0,2.8
202602151001080303,3, 73, 82,4.8,7.2
202602151001080304,4, 86, 95,4.3,6.5
202602151001080307,7, 76, 86,7.6,11.8
202602151001080308,8, 83, 92,19.0,29.6
202602151001080312,12, 82, 91,18.5,28.9
202602151001080309,9, 78, 87,15.5,24.2
202602151001080213,13, 76, 91,1.8,2.5
202602151001080205,5, 86,100,1.5,1.8
202602151001080214,14, 74, 89,6.0,8.7
202602151001080218,18, 83, 98,2.5,3.5
202602151001080208,8, 84, 98,2.0,2.7
202602151001080211,11, 76, 91,5.7,8.2
202602151001080210,10, 78, 95,2.7,3.8
202602151001080201,1, 75, 90,2.2,3.1
202602151001080202,2, 76, 90,40.3,59.9
202602151001080209,9, 77, 92,6.0,8.7
202602151001080204,4, 77, 92,4.0,5.7
202602151001080206,6, 78, 95,3.4,4.8
202602151001080207,7, 67, 82,13.0,19.1
202602151001080216,16, 79, 93,42.8,63.6
202602151001080215,15, 68, 82,60.3,89.4
202602151001080217,17, 80, 95,6.4,9.2
202602151001080203,3, 59, 75,37.2,55.2
202602151001080212,12, 65, 80,27.1,40.1
202602151001080115,15, 80, 98,3.0,13.8
202602151001080112,12, 91,108,1.1,1.1
202602151001080105,5, 75, 93,2.5,10.8
202602151001080104,4, 75, 93,6.1,29.6
202602151001080106,6, 74, 91,3.3,14.9
202602151001080102,2, 80, 95,1.9,8.0
202602151001080101,1, 80, 98,1.5,5.5
202602151001080103,3, 77, 94,3.6,16.9
202602151001080110,10, 72, 87,30.2,154.9
202602151001080108,8, 52, 69,13.8,69.6
202602151001080107,7,,,56.3,290.1
202602151001080111,11, 75, 92,2.0,8.1
202602151001080113,13, 83,100,3.0,13.5
202602151001080116,16, 69, 86,20.7,105.5
202602151001080109,9, 60, 77,27.1,138.7
202602151001080114,14,  7, 24,51.3,264.0
202602140501051216,16, 87, 95,2.5,3.8
202602140501051203,3, 89, 97,3.6,5.5
202602140501051215,15, 81, 90,10.0,15.9
202602140501051202,2, 87, 97,2.8,4.2
202602140501051214,14, 77, 87,4.5,7.0
202602140501051201,1, 86, 94,2.4,3.7
202602140501051206,6, 85, 93,4.2,6.5
202602140501051210,10, 82, 90,28.9,46.5
202602140501051209,9, 89, 97,2.0,3.0
202602140501051211,11, 82, 90,42.8,69.0
202602140501051207,7, 97,106,1.3,1.6
202602140501051204,4, 89, 98,1.7,2.3
202602140501051208,8, 64, 73,52.5,84.6
202602140501051205,5, 79, 87,26.7,43.0
202602140501051213,13, 86, 94,15.6,25.1
202602140501051212,12, 93,102,2.3,3.4
202602140501051101,1, 96,101,1.3,1.8
202602140501051102,2, 91,106,4.3,8.3
202602140501051105,5, 89, 79,3.1,5.9
202602140501051115,15, 88,103,2.3,4.2
202602140501051114,14, 92, 86,5.1,9.8
202602140501051104,4, 91,106,2.3,4.1
202602140501051103,3, 93, 98,2.6,4.7
202602140501051111,11, 96, 86,10.9,21.6
202602140501051109,9,103, 93,1.1,1.3
202602140501051112,12, 91,106,23.2,46.5
202602140501051108,8, 91, 96,18.3,36.7
202602140501051116,16, 94, 99,4.4,8.4
202602140501051113,13, 87,102,4.0,7.7
202602140501051110,10, 93, 83,5.8,11.3
202602140501051106,6, 88,105,3.4,6.4
202602140501051107,7, 81, 79,37.1,74.7
202602140501051012,12,101, 95,2.4,3.6
202602140501051005,5,102,102,1.9,2.7
202602140501051013,13, 97, 91,7.0,10.9
202602140501051010,10,105, 98,1.3,1.5
202602140501051008,8, 99, 95,3.5,5.3
202602140501051003,3, 93, 87,5.3,8.2
202602140501051004,4,104, 97,1.9,2.8
202602140501051002,2,102, 96,6.1,9.5
202602140501051014,14,102, 96,3.5,5.4
202602140501051001,1, 97, 93,6.6,10.3
202602140501051007,7,103, 97,1.7,2.4
202602140501051016,16,101,101,6.7,10.5
202602140501051011,11,104, 98,5.5,8.5
202602140501051006,6, 93, 85,48.5,77.5
202602140501051015,15, 98, 98,26.9,43.1
202602140501051009,9, 95, 89,30.9,49.5
202602140501050907,7, 98, 98,1.0,1.5
202602140501050903,3, 92, 92,1.1,5.7
202602140501050906,6,100,100,1.0,1.1
202602140501050901,1,102, 80,6.3,49.8
202602140501050908,8, 92, 92,4.6,35.5
202602140501050902,2, 89, 89,4.7,36.1
202602140501050905,5, 96, 96,1.7,10.8
202602140501050904,4, 93, 93,2.0,13.8
202602140501050802,2, 96,106,3.9,7.3
202602140501050808,8, 90, 99,3.3,6.1
202602140501050811,11, 90,100,1.1,1.3
202602140501050813,13, 96, 96,5.1,9.7
202602140501050806,6, 94, 94,4.8,9.2
202602140501050807,7, 94, 94,6.1,11.7
202602140501050805,5, 97, 97,1.7,3.0
202602140501050810,10, 97, 97,1.4,2.1
202602140501050812,12, 98, 98,1.8,3.1
202602140501050801,1, 82, 82,55.8,111.6
202602140501050815,15, 51, 51,18.7,37.2
202602140501050809,9, 78, 78,11.1,21.9
202602140501050804,4, 81, 81,37.9,75.7
202602140501050803,3, 91, 91,30.9,61.8
202602140501050814,14, 97, 97,2.7,4.9
202602140501050816,16, 91,101,5.0,9.6
202602140501050710,10, 88, 82,15.4,25.9
202602140501050716,16, 93, 98,2.1,3.2
202602140501050704,4, 88,103,1.3,1.7
202602140501050711,11, 85, 83,2.7,4.3
202602140501050703,3, 82, 99,1.3,1.8
202602140501050713,13, 90, 90,7.5,12.4
202602140501050701,1, 88,102,7.0,11.5
202602140501050707,7, 86, 91,2.4,3.7
202602140501050706,6, 88, 93,3.8,6.2
202602140501050712,12,,,18.2,30.6
202602140501050708,8, 88, 93,13.4,22.5
202602140501050715,15, 85, 90,25.3,42.8
202602140501050714,14, 86, 91,11.7,19.6
202602140501050705,5, 91, 89,1.3,1.9
202602140501050709,9, 83, 81,33.6,56.7
202602140501050702,2, 66, 71,64.7,109.4
202602140501050608,8, 79, 94,1.3,2.7
202602140501050615,15, 88,103,1.1,1.1
202602140501050616,16, 80, 97,2.5,6.1
202602140501050607,7, 67, 82,7.9,21.4
202602140501050605,5, 79, 94,3.5,9.1
202602140501050609,9,,,26.6,74.2
202602140501050610,10, 80, 95,1.8,4.3
202602140501050611,11, 74, 89,9.1,24.8
202602140501050601,1, 56, 74,60.8,170.8
202602140501050604,4, 77, 96,3.2,8.3
202602140501050614,14, 84, 99,1.2,2.4
202602140501050612,12, 51, 69,37.2,104.2
202602140501050613,13, 73, 88,29.0,81.0
202602140501050606,6, 72, 87,67.2,188.7
202602140501050603,3, 35, 50,62.3,175.1
202602140501050602,2,,,7.7,21.0
202602140501050506,6, 83,100,1.0,1.1
202602140501050502,2, 79, 96,1.6,8.2
202602140501050516,16,,,2.2,12.7
202602140501050513,13, 82, 97,2.6,15.0
202602140501050501,1, 78, 95,1.3,5.5
202602140501050510,10, 84, 98,1.9,10.6
202602140501050505,5,,,10.3,69.2
202602140501050511,11, 46, 61,19.4,132.9
202602140501050503,3, 74, 89,5.3,34.3
202602140501050514,14, 77, 92,2.3,13.5
202602140501050508,8, 76, 91,30.0,206.8
202602140501050504,4, 49, 64,36.8,254.7
202602140501050515,15,,,43.4,300.5
202602140501050507,7, 15, 30,21.0,143.8
202602140501050509,9,,,20.4,139.5
202602140501050512,12,,,45.8,317.2
202602140501050411,11,,,1.9,2.8
202602140501050414,14,,,2.5,3.8
202602140501050403,3,,,1.6,2.4
202602140501050410,10,,,35.8,58.4
202602140501050401,1,,,3.7,5.8
202602140501050404,4,,,1.5,2.1
202602140501050408,8,,,5.4,8.6
202602140501050405,5,,,2.7,4.2
202602140501050407,7,,,16.5,26.8
202602140501050402,2,,,5.2,8.2
202602140501050413,13,,,26.5,43.3
202602140501050412,12,,,1.3,1.6
202602140501050409,9,,,38.0,62.1
202602140501050416,16,,,8.9,14.3
202602140501050406,6,,,4.4,7.0
202602140501050415,15,,,,
202602140501050316,16, 75, 90,1.6,8.8
202602140501050308,8, 90,105,1.0,1.1
202602140501050311,11, 84,101,1.2,5.1
202602140501050315,15, 76, 94,2.1,12.6
202602140501050301,1, 78, 93,3.4,21.7
202602140501050305,5, 76, 93,1.4,7.1
202602140501050309,9, 62, 77,16.5,117.3
202602140501050312,12, 67, 85,11.5,80.8
202602140501050310,10, 75, 90,3.9,25.7
202602140501050304,4, 69, 84,19.6,140.2
202602140501050303,3, 52, 70,9.2,64.3
202602140501050314,14, 79, 93,13.0,92.0
202602140501050313,13, 65, 80,62.1,449.8
202602140501050302,2, 39, 56,15.3,108.4
202602140501050306,6, 71, 88,28.7,206.5
202602140501050307,7, 67, 82,74.4,540.0
202602140501050205,5, 88, 98,1.2,1.5
202602140501050207,7, 90, 99,2.2,3.6
202602140501050213,13,,,2.3,3.9
202602140501050201,1, 92,101,1.3,1.9
202602140501050214,14, 85, 94,9.5,16.9
202602140501050202,2, 62, 71,19.7,35.4
202602140501050216,16, 73, 82,4.0,6.8
202602140501050206,6, 89, 98,2.5,4.1
202602140501050210,10, 88, 97,1.6,2.6
202602140501050212,12, 79, 88,6.4,11.3
202602140501050204,4, 79, 88,20.1,36.0
202602140501050203,3, 73, 83,4.0,6.9
202602140501050215,15, 78, 88,28.8,51.8
202602140501050208,8,,,36.1,64.9
202602140501050211,11,,,12.8,22.9
202602140501050209,9, 89, 98,6.4,11.2
202602140501050114,14, 83, 98,1.9,4.5
202602140501050112,12, 82, 98,1.1,1.1
202602140501050101,1, 79, 94,2.4,6.1
202602140501050102,2, 78, 95,2.9,7.5
202602140501050110,10, 78, 93,1.7,3.9
202602140501050106,6, 78, 96,1.9,4.7
202602140501050105,5, 77, 92,10.0,27.9
202602140501050109,9, 70, 85,3.9,10.5
202602140501050115,15, 81, 95,5.6,15.4
202602140501050116,16, 20, 37,13.2,37.3
202602140501050107,7, 73, 87,37.5,107.6
202602140501050104,4, 78, 93,11.8,33.4
202602140501050113,13, 78, 93,2.4,6.1
202602140501050111,11,,,30.7,88.1
202602140501050103,3, 19, 36,71.7,206.5
202602140501050108,8, 55, 70,17.2,48.8
202602140802051208,8, 85, 94,2.3,3.2
202602140802051205,5, 88, 97,1.8,2.4
202602140802051207,7, 81, 90,2.4,3.2
202602140802051210,10, 82, 91,3.1,4.2
202602140802051213,13, 85, 94,3.1,4.2
202602140802051212,12, 84, 93,3.6,5.0
202602140802051215,15, 65, 74,22.3,31.9
202602140802051209,9, 86, 95,1.6,2.0
202602140802051204,4, 80, 90,6.8,9.7
202602140802051203,3, 83, 92,3.8,5.2
202602140802051214,14,,,5.5,7.7
202602140802051211,11, 80, 89,1.8,2.4
202602140802051202,2, 77, 86,20.7,29.7
202602140802051201,1, 76, 86,16.2,23.2
202602140802051206,6, 74, 83,45.4,65.0
202602140802051111,11,104, 92,3.1,4.2
202602140802051114,14,107, 92,1.8,2.4
202602140802051107,7,105, 93,2.6,3.5
202602140802051112,12,107, 92,2.3,3.2
202602140802051101,1,108, 96,1.5,1.8
202602140802051113,13,107, 95,3.8,5.3
202602140802051104,4,107, 95,9.2,13.0
202602140802051105,5,113, 98,1.9,2.5
202602140802051109,9,108, 93,5.1,7.1
202602140802051106,6,109, 93,6.7,9.5
202602140802051110,10, 99, 91,28.4,40.1
202602140802051102,2,100, 92,4.1,5.7
202602140802051103,3,105, 97,3.5,4.9
202602140802051108,8,103, 93,5.4,7.6
202602140802051002,2,105, 97,1.1,1.3
202602140802051014,14, 51, 27,1.8,2.9
202602140802051006,6,106, 98,3.3,5.7
202602140802051005,5, 98, 90,4.2,7.3
202602140802051008,8, 96, 96,3.1,5.3
202602140802051007,7,110, 93,8.4,15.1
202602140802051009,9,100,100,1.6,2.5
202602140802051011,11,106, 98,3.5,6.1
202602140802051003,3,103, 95,8.3,14.9
202602140802051013,13, 84, 76,22.8,41.8
202602140802051015,15,101, 93,18.9,34.6
202602140802051012,12,103, 95,1.9,3.2
202602140802051016,16, 94, 86,3.4,5.9
202602140802051004,4, 97, 89,48.9,90.0
202602140802051001,1, 99, 99,5.8,10.4
202602140802051010,10, 96, 88,24.6,45.3
202602140802050901,1, 89,104,2.4,3.1
202602140802050909,9, 88, 83,1.9,2.4
202602140802050906,6, 91, 85,2.2,2.9
202602140802050905,5, 44, 41,3.9,5.3
202602140802050903,3, 85, 83,8.3,11.5
202602140802050911,11, 90, 95,1.8,2.3
202602140802050908,8, 85,100,1.6,2.0
202602140802050904,4, 87, 92,2.2,2.9
202602140802050902,2, 63, 69,10.0,13.8
202602140802050910,10, 64, 69,10.3,14.2
202602140802050907,7, 96, 88,1.9,2.4
202602140802050801,1,100,109,1.1,1.5
202602140802050805,5, 88, 88,2.3,4.1
202602140802050810,10, 80, 80,5.8,11.0
202602140802050812,12, 98, 98,1.2,1.6
202602140802050811,11, 88, 88,8.1,15.5
202602140802050802,2, 95,104,2.0,3.5
202602140802050809,9, 91, 91,6.5,12.5
202602140802050813,13, 84, 84,7.0,13.4
202602140802050807,7, 89, 89,11.1,21.5
202602140802050803,3, 91, 91,3.2,5.8
202602140802050806,6, 75, 75,2.6,4.8
202602140802050804,4, 53, 53,22.7,43.9
202602140802050808,8, 81, 81,1.6,2.6
202602140802050714,14, 82, 92,1.5,2.2
202602140802050715,15, 89, 99,2.5,3.9
202602140802050703,3, 81, 89,17.4,29.5
202602140802050713,13, 58, 68,12.1,20.3
202602140802050707,7, 86, 95,1.8,2.8
202602140802050704,4, 85, 95,2.3,3.6
202602140802050709,9, 84, 93,12.2,20.6
202602140802050706,6,,,23.4,39.7
202602140802050705,5, 92,102,1.4,1.9
202602140802050702,2, 92,102,1.2,1.6
202602140802050711,11, 65, 74,26.2,44.6
202602140802050701,1, 84, 94,3.9,6.4
202602140802050710,10, 88, 98,6.5,10.8
202602140802050712,12, 83, 99,6.4,10.6
202602140802050708,8,  5, 23,76.0,129.4
202602140802050609,9, 79, 97,1.6,2.8
202602140802050612,12, 82, 99,1.2,1.6
202602140802050617,17, 80, 98,1.1,1.5
202602140802050601,1, 67, 86,4.7,9.0
202602140802050613,13, 72, 90,2.3,4.1
202602140802050610,10, 74, 91,1.6,2.8
202602140802050616,16, 47, 65,2.9,5.2
202602140802050604,4,,,6.9,13.3
202602140802050608,8, 68, 87,12.2,24.1
202602140802050606,6, 70, 89,23.3,46.3
202602140802050607,7, 47, 64,24.5,48.7
202602140802050615,15, 76, 94,4.3,8.2
202602140802050605,5, 74, 88,38.1,76.0
202602140802050614,14, 72, 89,14.1,27.9
202602140802050611,11, 42, 61,43.8,87.5
202602140802050602,2, 64, 81,43.1,86.2
202602140802050603,3, 11, 28,18.5,36.8
202602140802050511,11,,,1.3,1.7
202602140802050512,12,,,1.5,1.9
202602140802050505,5,,,9.4,14.8
202602140802050508,8,,,2.0,3.0
202602140802050513,13,,,1.7,2.4
202602140802050509,9,,,22.4,35.3
202602140802050501,1,,,2.6,3.8
202602140802050502,2,,,4.4,6.8
202602140802050514,14,,,7.1,11.1
202602140802050510,10,,,9.0,14.2
202602140802050516,16,,,3.3,5.0
202602140802050504,4,,,10.2,16.0
202602140802050507,7,,,10.9,17.2
202602140802050506,6,,,2.3,3.4
202602140802050503,3,,,,
202602140802050515,15,,,,
202602140802050410,10, 83, 99,1.7,2.5
202602140802050405,5, 87,103,1.2,1.5
202602140802050408,8, 83, 98,1.6,2.2
202602140802050401,1, 76, 91,5.3,8.5
202602140802050406,6, 76, 92,14.4,23.6
202602140802050411,11, 83, 99,2.1,3.1
202602140802050412,12, 66, 81,72.1,119.7
202602140802050416,16, 70, 88,1.7,2.5
202602140802050415,15, 72, 89,5.8,9.3
202602140802050409,9, 60, 75,94.2,156.5
202602140802050404,4, 48, 62,66.5,110.4
202602140802050403,3, 62, 77,43.4,72.0
202602140802050413,13, 74, 90,4.1,6.5
202602140802050402,2, 74, 90,9.2,15.0
202602140802050407,7, 70, 87,5.5,8.9
202602140802050414,14, 70, 85,3.3,5.2
202602140802050306,6, 77, 95,1.3,4.2
202602140802050310,10, 82, 99,1.1,1.1
202602140802050307,7, 71, 89,2.0,7.8
202602140802050311,11, 71, 86,2.1,8.2
202602140802050308,8, 79, 97,1.3,4.2
202602140802050303,3, 78, 96,2.1,8.3
202602140802050305,5, 70, 88,6.5,28.8
202602140802050304,4, 73, 92,12.3,56.1
202602140802050302,2, 70, 88,5.1,22.0
202602140802050309,9, 64, 82,8.7,38.9
202602140802050301,1, 63, 81,19.6,90.1
202602140802050215,15, 82, 98,1.1,1.1
202602140802050212,12, 86,101,1.1,1.9
202602140802050208,8, 81, 93,2.9,11.1
202602140802050214,14, 67, 84,1.8,6.1
202602140802050216,16, 80, 95,1.2,3.7
202602140802050201,1, 70, 85,5.6,23.1
202602140802050203,3, 72, 87,33.8,148.7
202602140802050211,11, 70, 84,5.4,22.4
202602140802050213,13, 59, 77,11.2,48.3
202602140802050206,6, 63, 79,34.2,150.5
202602140802050202,2, 64, 79,15.3,66.2
202602140802050207,7, 79, 93,3.2,12.7
202602140802050205,5, 70, 85,22.7,99.1
202602140802050204,4, 68, 83,47.2,208.1
202602140802050210,10, 58, 73,43.1,189.7
202602140802050209,9, 74, 86,13.6,58.6
202602140802050110,10, 82,100,1.1,1.5
202602140802050104,4, 61, 78,1.5,2.6
202602140802050111,11,,,1.6,2.7
202602140802050109,9,,,4.6,8.9
202602140802050101,1, 71, 90,2.4,4.5
202602140802050108,8, 53, 69,26.3,52.7
202602140802050113,13, 75, 93,1.9,3.3
202602140802050102,2, 65, 84,18.0,36.0
202602140802050105,5, 74, 92,6.1,11.9
202602140802050107,7, 80, 99,1.1,1.6
202602140802050103,3, 59, 74,20.0,40.1
202602140802050106,6, 37, 56,22.0,44.1
202602140802050112,12, 47, 65,18.2,36.4
202602141001071212,12, 90, 99,1.2,1.5
202602141001071208,8,,,3.8,6.7
202602141001071203,3, 74, 84,5.0,8.8
202602141001071207,7, 88, 96,1.6,2.6
202602141001071205,5, 74, 82,6.2,11.2
202602141001071204,4, 80, 89,6.8,12.3
202602141001071211,11, 80, 88,5.0,8.9
202602141001071214,14, 84, 93,3.0,5.1
202602141001071215,15, 67, 76,2.3,3.9
202602141001071202,2, 71, 79,4.1,7.2
202602141001071206,6, 58, 68,21.8,40.1
202602141001071213,13, 79, 88,12.1,22.2
202602141001071209,9, 75, 85,3.0,5.2
202602141001071210,10, 79, 88,37.0,68.0
202602141001071201,1, 89, 98,1.3,1.7
202602141001071116,16,101,101,2.1,2.6
202602141001071102,2, 97, 97,1.8,2.1
202602141001071108,8,100, 95,2.3,2.9
202602141001071115,15,105,100,3.5,4.6
202602141001071110,10,100, 95,2.5,3.2
202602141001071112,12, 97, 92,8.6,11.6
202602141001071106,6, 96, 91,4.7,6.2
202602141001071118,18, 99, 99,3.4,4.5
202602141001071113,13, 73, 67,24.7,33.6
202602141001071111,11, 99, 94,2.5,3.2
202602141001071109,9,101, 95,7.1,9.5
202602141001071107,7, 96, 91,5.0,6.7
202602141001071114,14, 92, 86,6.5,8.8
202602141001071117,17, 93, 88,32.2,43.7
202602141001071101,1, 94, 89,15.5,21.1
202602141001071104,4, 94, 89,22.0,29.9
202602141001071103,3, 94, 89,4.5,5.9
202602141001071105,5, 89, 84,6.0,8.1
202602141001071002,2, 90, 99,2.6,3.6
202602141001071004,4, 92, 92,2.0,2.7
202602141001071013,13, 96, 96,2.3,3.1
202602141001071001,1, 95, 95,1.8,2.3
202602141001071008,8, 95, 95,1.5,1.9
202602141001071010,10, 86, 86,5.3,7.5
202602141001071014,14, 96, 96,5.2,7.3
202602141001071005,5, 95, 95,7.0,10.0
202602141001071003,3, 78, 78,5.0,7.1
202602141001071009,9, 91,100,13.0,18.7
202602141001071012,12, 90, 90,1.9,2.5
202602141001071006,6, 95, 95,3.7,5.2
202602141001071007,7, 86, 86,10.0,14.4
202602141001071011,11, 84, 84,18.9,27.1
202602141001070902,2, 94, 87,1.3,2.0
202602141001070904,4, 92, 97,1.1,1.3
202602141001070910,10, 89, 94,1.9,3.2
202602141001070907,7, 81,100,1.4,2.3
202602141001070905,5, 84,102,2.9,5.3
202602141001070903,3, 76, 73,6.2,11.8
202602141001070906,6, 82, 79,3.4,6.2
202602141001070908,8, 83,101,1.8,3.1
202602141001070909,9, 69, 66,7.1,13.6
202602141001070901,1, 83, 88,14.7,28.3
202602141001070810,10, 82, 82,2.0,10.3
202602141001070801,1,,,1.1,1.1
202602141001070813,13,,,11.6,69.9
202602141001070807,7,,,1.7,8.3
202602141001070804,4, 81, 81,7.8,46.3
202602141001070811,11,,,3.5,19.2
202602141001070806,6,,,6.2,36.1
202602141001070809,9,,,4.4,25.2
202602141001070805,5,,,8.6,51.3
202602141001070803,3,,,1.3,5.6
202602141001070808,8,,,19.9,122.1
202602141001070812,12,,,15.2,92.8
202602141001070802,2,,,1.4,6.3
202602141001070716,16, 84, 94,1.7,2.1
202602141001070702,2, 85, 95,1.6,2.0
202602141001070703,3, 85, 95,2.1,2.9
202602141001070701,1,,,11.3,16.6
202602141001070704,4, 90,100,2.6,3.6
202602141001070711,11, 71, 80,6.7,9.7
202602141001070710,10, 78, 87,5.0,7.2
202602141001070706,6, 72, 82,25.7,37.6
202602141001070712,12, 86, 96,2.9,4.0
202602141001070713,13, 76, 86,5.8,8.4
202602141001070707,7, 57, 67,4.4,6.3
202602141001070714,14, 74, 84,2.0,2.8
202602141001070708,8, 84, 92,3.9,5.5
202602141001070705,5, 72, 81,12.3,18.0
202602141001070715,15,,,5.0,7.1
202602141001070709,9, 63, 73,24.0,35.0
202602141001070611,11, 86, 95,2.9,4.2
202602141001070617,17,,,7.4,11.2
202602141001070618,18, 89, 98,4.3,6.3
202602141001070602,2, 83, 92,2.0,2.8
202602141001070616,16, 89, 98,4.1,6.1
202602141001070610,10, 82, 91,4.1,6.1
202602141001070612,12, 90, 99,1.3,1.6
202602141001070606,6, 83, 92,2.0,2.8
202602141001070614,14, 91,100,2.4,3.5
202602141001070604,4, 88, 97,2.6,3.8
202602141001070615,15, 77, 86,22.8,34.9
202602141001070609,9, 86, 95,5.6,8.4
202602141001070608,8, 68, 76,15.4,23.5
202602141001070605,5, 80, 90,14.7,22.4
202602141001070607,7, 78, 88,26.4,40.4
202602141001070613,13, 74, 83,30.0,45.9
202602141001070603,3, 85, 94,8.7,13.2
202602141001070601,1, 84, 93,6.5,9.7
202602141001070506,6, 76, 95,1.7,2.5
202602141001070514,14, 78, 96,3.8,5.8
202602141001070505,5, 74, 92,1.7,2.5
202602141001070502,2, 81,100,3.1,4.8
202602141001070515,15, 77, 96,2.6,3.9
202602141001070516,16, 73, 90,5.0,7.8
202602141001070507,7, 82,101,1.3,1.5
202602141001070511,11, 74, 91,3.2,4.9
202602141001070510,10, 76, 95,9.8,15.5
202602141001070509,9, 73, 91,19.5,31.3
202602141001070517,17,,,5.1,8.0
202602141001070504,4, 70, 89,9.9,15.8
202602141001070512,12, 65, 84,62.5,100.6
202602141001070503,3, 66, 85,52.7,84.8
202602141001070501,1, 77, 95,2.6,3.9
202602141001070518,18, 63, 81,46.4,74.6
202602141001070513,13, 78, 97,7.5,11.8
202602141001070508,8, 76, 91,21.2,34.0
202602141001070408,8,,,3.5,5.8
202602141001070404,4,,,1.3,1.9
202602141001070403,3,,,1.1,1.5
202602141001070402,2,,,2.0,3.1
202602141001070401,1,,,4.8,8.2
202602141001070407,7,,,1.3,1.9
202602141001070405,5,,,12.3,21.3
202602141001070410,10,,,2.9,4.7
202602141001070406,6,,,8.7,15.0
202602141001070412,12,,,3.1,5.1
202602141001070411,11, 74, 93,5.7,9.6
202602141001070409,9,,,10.9,18.8
202602141001070312,12, 85, 97,1.8,2.4
202602141001070302,2, 78, 92,2.6,3.5
202602141001070308,8, 83, 95,5.0,7.0
202602141001070301,1, 86, 98,1.6,2.1
202602141001070314,14,,,4.1,5.6
202602141001070309,9, 83, 95,2.8,3.8
202602141001070307,7, 81, 96,2.0,2.6
202602141001070311,11, 84, 96,1.8,2.3
202602141001070303,3, 65, 80,4.0,5.5
202602141001070304,4, 85, 97,3.0,4.0
202602141001070310,10, 48, 67,16.6,23.3
202602141001070313,13, 71, 86,14.5,20.4
202602141001070306,6, 70, 85,9.1,12.7
202602141001070305,5, 48, 63,29.7,41.7
202602141001070201,1, 85, 99,1.3,1.6
202602141001070218,18, 81, 96,2.1,3.1
202602141001070202,2, 79, 94,3.9,5.9
202602141001070205,5,,,4.6,6.9
202602141001070211,11, 74, 89,6.3,9.6
202602141001070206,6, 77, 92,2.4,3.4
202602141001070213,13, 80, 95,1.9,2.6
202602141001070210,10, 76, 91,4.9,7.5
202602141001070216,16, 79, 94,3.3,4.9
202602141001070215,15, 84, 99,6.4,9.8
202602141001070207,7, 74, 88,35.1,54.7
202602141001070214,14, 74, 89,16.7,26.0
202602141001070217,17, 85, 99,2.2,3.2
202602141001070208,8, 61, 75,6.7,10.3
202602141001070209,9, 63, 77,7.1,10.9
202602141001070203,3, 44, 62,35.0,54.6
202602141001070204,4, 61, 78,14.5,22.6
202602141001070212,12, 64, 79,13.1,20.3
202602141001070116,16, 79, 96,1.0,1.1
202602141001070110,10, 74, 89,9.9,78.6
202602141001070111,11, 74, 92,2.7,18.5
202602141001070108,8, 52, 67,4.4,33.2
202602141001070102,2, 71, 88,1.8,11.2
202602141001070109,9, 76, 94,1.1,4.3
202602141001070101,1, 64, 81,9.7,77.2
202602141001070115,15, 73, 91,2.5,17.5
202602141001070103,3, 72, 88,11.3,89.8
202602141001070104,4, 50, 68,6.9,53.2
202602141001070105,5, 64, 83,9.5,74.8
202602141001070114,14, 72, 87,2.7,18.7
202602141001070113,13, 75, 93,2.9,20.9
202602141001070112,12, 68, 85,4.4,33.1
202602141001070107,7, 55, 72,27.3,221.9
202602141001070106,6, 65, 78,20.9,169.0
202602100501041207,7, 90,105,2.0,3.1
202602100501041215,15, 78, 87,2.1,3.2
202602100501041206,6, 88, 97,1.3,1.7
202602100501041213,13, 77, 87,2.9,4.5
202602100501041212,12, 84, 93,1.9,2.9
202602100501041202,2, 87, 97,1.4,1.9
202602100501041208,8, 84, 93,3.0,4.7
202602100501041204,4, 65, 74,7.6,12.5
202602100501041201,1, 81, 90,16.8,28.1
202602100501041216,16, 79, 89,5.3,8.7
202602100501041209,9,,,11.0,18.3
202602100501041214,14, 65, 75,27.6,46.5
202602100501041205,5, 74, 83,6.2,10.2
202602100501041210,10, 78, 87,36.4,61.3
202602100501041211,11, 69, 78,63.9,107.6
202602100501041203,3, 78, 87,6.0,9.9
202602100501041107,7,110, 95,2.0,2.5
202602100501041102,2,106, 83,2.3,2.9
202602100501041112,12,118, 95,1.9,2.3
202602100501041101,1,108, 85,6.3,8.2
202602100501041103,3,107, 90,6.5,8.6
202602100501041114,14,104, 88,6.4,8.3
202602100501041115,15,107, 92,5.4,7.1
202602100501041111,11,112,102,5.4,7.1
202602100501041109,9,117, 94,8.6,11.3
202602100501041106,6,117, 94,2.9,3.7
202602100501041110,10,108,100,2.9,3.7
202602100501041104,4,113, 90,3.4,4.3
202602100501041105,5,112, 86,2.1,2.6
202602100501041113,13,101, 91,15.6,20.4
202602100501041116,16,112, 97,4.9,6.5
202602100501041108,8,116, 96,17.5,23.0
202602100501041003,3, 98, 90,2.4,5.1
202602100501041009,9,108, 86,2.0,4.1
202602100501041001,1,101, 93,1.4,2.6
202602100501041005,5,105, 97,1.7,3.3
202602100501041011,11,119, 93,1.1,1.1
202602100501041008,8,104, 96,5.8,13.4
202602100501041002,2,105, 91,3.9,8.8
202602100501041004,4,106, 98,2.0,4.1
202602100501041010,10, 97, 89,5.0,11.4
202602100501041007,7,105, 97,3.9,8.8
202602100501041006,6, 97, 89,24.2,56.8
202602100501040906,6, 90, 95,1.6,2.9
202602100501040905,5, 82,100,1.1,1.1
202602100501040901,1, 65, 70,3.8,7.5
202602100501040903,3, 82, 79,5.0,10.0
202602100501040902,2, 83,100,3.2,6.3
202602100501040904,4, 91, 96,4.0,8.0
202602100501040907,7, 83,100,2.1,4.1
202602100501040808,8, 92,101,1.6,2.1
202602100501040809,9, 99, 99,1.7,2.3
202602100501040806,6, 95, 95,2.4,3.3
202602100501040813,13, 94,104,3.3,4.7
202602100501040812,12, 90, 90,4.3,6.3
202602100501040803,3, 99, 99,1.5,2.1
202602100501040814,14, 93, 93,4.5,6.6
202602100501040815,15, 85, 85,36.0,54.4
202602100501040801,1, 99, 99,1.5,2.0
202602100501040804,4, 92, 92,10.8,16.2
202602100501040807,7, 88, 98,6.4,9.5
202602100501040805,5, 80, 80,12.8,19.1
202602100501040816,16, 92, 92,7.6,11.3
202602100501040810,10, 89, 89,40.7,61.4
202602100501040802,2, 83, 83,36.9,55.7
202602100501040811,11, 85, 85,21.2,31.9
202602100501040701,1, 92, 92,4.1,19.6
202602100501040702,2, 94,103,1.1,1.1
202602100501040705,5, 93,101,1.2,4.3
202602100501040703,3, 98, 98,1.1,3.8
202602100501040706,6, 94, 94,1.9,8.1
202602100501040707,7, 78, 78,19.8,102.1
202602100501040704,4, 99, 99,1.6,6.4
202602100501040709,9, 89, 89,7.3,36.7
202602100501040708,8, 92, 92,4.0,19.1
202602100501040610,10, 83,102,1.1,1.4
202602100501040603,3, 74, 93,1.7,2.8
202602100501040602,2, 80, 99,1.5,2.5
202602100501040614,14, 80, 99,1.3,2.1
202602100501040601,1, 75, 93,7.9,14.4
202602100501040607,7, 69, 87,9.3,17.1
202602100501040605,5, 78, 96,1.3,1.9
202602100501040617,17, 57, 75,36.9,68.6
202602100501040606,6, 74, 92,14.3,26.4
202602100501040613,13, 76, 95,5.7,10.3
202602100501040616,16, 70, 89,28.1,52.2
202602100501040611,11, 66, 83,58.9,109.9
202602100501040604,4, 48, 66,63.1,117.7
202602100501040609,9, 60, 78,43.1,80.3
202602100501040618,18, 42, 60,41.3,77.0
202602100501040615,15, 45, 63,81.0,151.2
202602100501040608,8,, 10,7.3,13.3
202602100501040612,12, 60, 79,31.9,59.4
202602100501040506,6,,,1.1,1.1
202602100501040514,14,,,2.2,4.7
202602100501040504,4,,,1.7,3.4
202602100501040507,7,,,9.5,22.4
202602100501040512,12,,,1.6,3.3
202602100501040509,9,,,1.5,2.9
202602100501040510,10,,,3.7,8.3
202602100501040501,1,,,6.0,13.9
202602100501040516,16,,,5.5,12.7
202602100501040513,13,,,5.7,13.2
202602100501040502,2,,,7.7,18.1
202602100501040511,11,,,15.4,36.9
202602100501040508,8,,,12.0,28.4
202602100501040515,15,,,31.5,75.8
202602100501040505,5,,,12.4,29.6
202602100501040503,3,,,15.0,35.9
202602100501040407,7,,,1.3,1.7
202602100501040412,12,,,1.3,1.7
202602100501040401,1,,,2.1,3.4
202602100501040413,13,,,7.4,12.6
202602100501040414,14,,,5.4,9.2
202602100501040415,15,,,1.7,2.7
202602100501040410,10,,,13.9,23.9
202602100501040406,6,,,10.0,17.1
202602100501040411,11,,,1.7,2.6
202602100501040409,9,,,4.8,8.0
202602100501040402,2,,,3.7,6.1
202602100501040404,4,,,4.7,7.8
202602100501040408,8,,,28.5,49.3
202602100501040416,16,,,21.8,37.8
202602100501040403,3,,,25.6,44.2
202602100501040405,5,,,13.5,23.2
202602100501040315,15, 81, 98,1.1,1.5
202602100501040308,8, 78, 96,2.1,4.7
202602100501040307,7, 77, 95,2.7,6.1
202602100501040310,10, 79, 96,1.1,1.3
202602100501040304,4, 73, 88,1.9,4.1
202602100501040311,11, 67, 82,4.9,11.8
202602100501040303,3, 51, 68,10.7,26.7
202602100501040314,14, 73, 91,3.2,7.5
202602100501040301,1, 75, 94,2.0,4.2
202602100501040309,9,,,19.4,48.8
202602100501040305,5, 61, 76,23.1,58.2
202602100501040312,12, 62, 77,6.5,15.7
202602100501040306,6, 54, 71,12.0,30.0
202602100501040316,16, 64, 79,7.1,17.4
202602100501040302,2, 63, 77,13.8,34.4
202602100501040313,13, 58, 75,23.3,58.8
202602100501040211,11, 78, 96,1.1,1.5
202602100501040205,5, 70, 87,1.6,2.6
202602100501040203,3, 80, 98,1.2,1.7
202602100501040208,8, 61, 79,12.9,24.0
202602100501040206,6, 64, 82,3.0,5.4
202602100501040209,9, 71, 89,2.2,3.7
202602100501040212,12, 62, 80,2.8,4.9
202602100501040207,7, 72, 87,3.0,5.3
202602100501040210,10, 40, 58,30.0,56.4
202602100501040213,13, 61, 79,9.9,18.6
202602100501040202,2, 50, 67,3.0,5.2
202602100501040201,1, 69, 87,4.2,7.6
202602100501040204,4, 60, 79,7.6,14.0
202602100501040110,10, 78, 92,1.2,2.7
202602100501040108,8, 84, 99,1.4,3.5
202602100501040116,16, 74, 91,1.1,1.1
202602100501040103,3, 73, 87,11.7,36.1
202602100501040112,12, 77, 92,3.2,9.1
202602100501040115,15, 78, 93,4.4,13.1
202602100501040107,7, 79, 93,2.0,5.4
202602100501040109,9,,,2.8,7.8
202602100501040105,5,,,17.4,54.5
202602100501040104,4, 69, 86,2.1,5.7
202602100501040114,14, 70, 84,8.5,26.1
202602100501040101,1, 62, 80,18.3,57.3
202602100501040113,13,, 15,56.0,177.2
202602100501040106,6, 42, 56,44.8,141.7
202602100501040102,2, 37, 54,44.6,140.9
202602100501040111,11, 43, 60,,
202602100802041214,14, 89, 98,4.9,8.5
202602100802041215,15, 91,100,2.4,4.0
202602100802041213,13, 94, 94,1.7,2.7
202602100802041206,6, 99, 99,1.1,1.3
202602100802041216,16, 90, 90,1.5,2.3
202602100802041212,12, 90, 90,31.2,55.7
202602100802041211,11, 82, 82,3.1,5.2
202602100802041210,10, 90, 99,9.5,16.8
202602100802041208,8, 92, 92,4.3,7.3
202602100802041202,2, 97, 97,2.8,4.6
202602100802041203,3, 90, 90,11.7,20.8
202602100802041204,4, 85, 85,9.2,16.4
202602100802041201,1, 86, 86,14.7,26.1
202602100802041209,9, 94,103,6.8,11.9
202602100802041205,5, 94, 94,2.4,3.9
202602100802041207,7, 86, 86,,
202602100802041101,1, 99, 94,1.2,1.6
202602100802041102,2, 86,104,1.3,1.7
202602100802041107,7, 91, 96,1.7,2.5
202602100802041106,6, 84,101,4.1,6.3
202602100802041105,5, 84,101,3.2,4.9
202602100802041104,4, 98, 93,1.4,1.9
202602100802041109,9, 89, 84,2.6,4.0
202602100802041103,3, 89, 84,7.7,11.9
202602100802041108,8, 88, 81,2.3,3.4
202602100802041010,10,104, 92,2.3,3.2
202602100802041011,11, 97, 85,4.6,6.5
202602100802041013,13,103, 99,4.1,5.7
202602100802041016,16,102, 92,9.3,13.2
202602100802041012,12,106, 98,2.0,2.7
202602100802041004,4,106, 96,4.3,5.9
202602100802041007,7, 98, 90,11.4,16.2
202602100802041015,15, 99, 91,4.4,6.1
202602100802041002,2,106, 96,2.8,3.8
202602100802041014,14, 99, 91,7.1,10.0
202602100802041008,8,104, 96,2.9,4.0
202602100802041005,5, 93, 85,21.3,30.0
202602100802041009,9, 90, 82,6.0,8.4
202602100802041006,6,100, 88,2.0,2.6
202602100802041003,3,109,105,1.5,1.8
202602100802041001,1, 97, 89,9.6,13.6
202602100802040907,7,101, 93,1.3,1.6
202602100802040906,6,102, 94,5.2,7.8
202602100802040913,13,103, 97,2.3,3.3
202602100802040904,4,100, 92,2.4,3.4
202602100802040905,5,104, 96,5.0,7.4
202602100802040902,2,103, 95,1.7,2.4
202602100802040909,9,,,3.1,4.5
202602100802040911,11, 92, 84,34.1,51.0
202602100802040910,10,103, 95,1.7,2.3
202602100802040908,8,102,102,3.2,4.7
202602100802040903,3, 94, 86,4.4,6.6
202602100802040901,1, 94, 87,10.7,16.0
202602100802040912,12, 98, 98,3.7,5.4
202602100802040805,5, 98, 98,1.2,1.6
202602100802040802,2, 97, 97,1.5,2.2
202602100802040806,6, 93, 93,4.0,6.2
202602100802040811,11, 92, 92,6.1,9.5
202602100802040812,12, 88, 88,8.0,12.6
202602100802040810,10, 95, 95,1.9,2.8
202602100802040807,7, 98, 98,2.4,3.6
202602100802040813,13, 90, 90,6.0,9.4
202602100802040808,8, 90, 90,9.2,14.6
202602100802040804,4, 81, 81,1.5,2.1
202602100802040809,9, 92, 92,14.6,23.1
202602100802040803,3, 89, 98,7.4,11.7
202602100802040801,1, 96, 96,2.6,4.0
202602100802040704,4, 84, 93,1.4,2.1
202602100802040706,6, 86, 96,3.0,5.1
202602100802040707,7, 88, 97,1.3,2.0
202602100802040705,5, 89, 98,1.1,1.4
202602100802040708,8, 56, 66,9.3,15.6
202602100802040701,1, 80, 89,11.3,19.0
202602100802040703,3, 83, 92,1.3,1.9
202602100802040702,2, 86, 95,1.7,2.6
202602100802040615,15, 78, 97,1.4,2.4
202602100802040609,9, 79, 98,1.1,1.3
202602100802040601,1, 71, 88,3.7,6.9
202602100802040602,2, 69, 88,5.4,10.4
202602100802040603,3, 71, 90,2.2,3.9
202602100802040605,5, 75, 94,1.3,2.1
202602100802040611,11, 73, 92,4.6,8.9
202602100802040604,4, 60, 77,5.3,10.3
202602100802040610,10, 61, 79,5.4,10.4
202602100802040612,12, 67, 85,24.3,48.9
202602100802040613,13, 26, 44,47.3,95.1
202602100802040606,6, 60, 79,36.4,73.1
202602100802040614,14, 63, 80,21.6,43.2
202602100802040607,7, 72, 91,3.2,6.0
202602100802040608,8, 71, 90,2.8,5.2
202602100802040515,15,,,1.2,1.6
202602100802040514,14,,,1.6,2.4
202602100802040506,6,,,11.6,19.3
202602100802040508,8,,,2.1,3.2
202602100802040513,13,,,3.4,5.4
202602100802040504,4,,,1.4,2.0
202602100802040507,7,,,7.8,12.8
202602100802040512,12,,,22.9,38.2
202602100802040509,9,,,2.9,4.5
202602100802040511,11,,,2.0,3.0
202602100802040510,10,,,9.1,15.1
202602100802040501,1,,,35.7,59.7
202602100802040502,2,,,5.8,9.4
202602100802040505,5,,,19.6,32.7
202602100802040503,3,,,24.3,40.6
202602100802040516,16,,,11.7,19.4
202602100802040407,7, 96,105,1.1,1.1
202602100802040405,5, 87,105,1.6,3.5
202602100802040409,9, 92,101,1.2,2.3
202602100802040401,1, 96,105,1.1,2.0
202602100802040402,2, 79, 88,28.1,72.7
202602100802040408,8, 83, 92,5.9,14.9
202602100802040406,6, 99, 99,1.7,3.6
202602100802040404,4, 79, 88,19.0,49.0
202602100802040403,3, 62, 71,4.3,10.6
202602100802040308,8, 81, 96,1.4,2.2
202602100802040305,5, 79, 95,4.1,7.4
202602100802040309,9, 84, 99,1.1,1.3
202602100802040314,14, 64, 80,19.8,37.9
202602100802040302,2, 79, 94,2.2,3.8
202602100802040313,13, 83, 98,1.3,2.0
202602100802040310,10, 74, 88,7.4,13.8
202602100802040306,6, 74, 89,33.9,65.0
202602100802040312,12, 58, 73,13.4,25.4
202602100802040315,15, 68, 83,4.5,8.2
202602100802040304,4, 87,103,1.5,2.4
202602100802040303,3, 55, 70,64.2,123.3
202602100802040307,7, 53, 68,49.5,95.0
202602100802040301,1, 75, 90,6.6,12.4
202602100802040311,11, 82, 98,,
202602100802040209,9, 85,103,1.0,1.0
202602100802040206,6, 68, 85,1.1,5.5
202602100802040201,1, 73, 91,1.1,5.7
202602100802040205,5, 76, 94,1.2,6.2
202602100802040207,7, 50, 68,3.9,28.2
202602100802040204,4, 59, 78,5.7,42.9
202602100802040202,2,,,9.5,73.2
202602100802040208,8, 62, 78,10.0,76.9
202602100802040203,3,,,10.9,84.4
202602100802040116,16, 77, 92,1.1,1.4
202602100802040114,14, 79, 94,1.5,2.3
202602100802040113,13, 79, 94,1.9,2.9
202602100802040115,15, 74, 89,31.2,54.6
202602100802040111,11, 75, 90,13.0,22.6
202602100802040107,7, 82, 94,1.6,2.4
202602100802040112,12, 68, 83,15.9,27.6
202602100802040108,8, 80, 95,4.6,7.8
202602100802040102,2, 75, 91,9.6,16.5
202602100802040105,5,,,14.3,24.8
202602100802040109,9, 67, 82,2.5,4.0
202602100802040106,6, 78, 94,9.1,15.7
202602100802040110,10, 66, 81,23.8,41.5
202602100802040103,3, 80, 95,4.0,6.7
202602100802040104,4, 66, 84,2.3,3.8
202602100802040101,1,,,43.4,75.9
202602081001061208,8, 89, 98,1.6,2.1
202602081001061201,1, 85, 94,2.4,3.3
202602081001061207,7, 67, 77,4.7,6.9
202602081001061216,16, 80, 89,12.4,18.7
202602081001061214,14, 83, 92,3.1,4.5
202602081001061209,9, 85, 94,9.1,13.6
202602081001061202,2, 89, 98,1.8,2.5
202602081001061213,13, 85, 94,1.4,1.8
202602081001061212,12, 68, 78,5.2,7.8
202602081001061204,4, 80, 88,21.1,32.2
202602081001061205,5, 80, 89,6.8,10.2
202602081001061206,6, 86, 95,3.5,5.2
202602081001061203,3, 88, 97,2.4,3.5
202602081001061211,11, 84, 92,9.5,14.2
202602081001061215,15, 73, 81,9.4,14.2
202602081001061210,10, 84, 92,15.3,23.2
202602081001061218,18, 81, 90,24.9,37.9
202602081001061217,17, 72, 81,26.8,40.8
202602081001061110,10, 79, 57,2.9,4.1
202602081001061112,12,100, 88,1.8,2.4
202602081001061104,4,112, 90,1.7,2.2
202602081001061103,3, 97, 85,18.7,26.6
202602081001061107,7, 90, 73,10.7,15.2
202602081001061106,6,106, 84,3.3,4.6
202602081001061105,5,105, 97,1.9,2.5
202602081001061109,9,109, 97,5.5,7.8
202602081001061102,2,107, 90,1.5,1.9
202602081001061108,8,102, 94,4.3,6.1
202602081001061101,1, 94, 82,5.8,8.3
202602081001061111,11,107, 93,1.9,2.6
202602081001061008,8, 98, 98,1.6,2.0
202602081001061010,10, 93,103,2.5,3.5
202602081001061012,12, 94, 94,2.2,3.0
202602081001061002,2, 97, 97,1.7,2.3
202602081001061003,3, 89, 89,8.8,12.6
202602081001061014,14, 90, 99,4.8,6.7
202602081001061007,7, 94, 94,11.0,15.9
202602081001061013,13, 84, 84,6.4,9.1
202602081001061009,9, 97, 97,1.9,2.6
202602081001061005,5, 88, 88,18.2,26.2
202602081001061015,15, 91, 91,7.9,11.3
202602081001061011,11, 84, 84,14.7,21.3
202602081001061001,1, 70, 70,17.7,25.6
202602081001061004,4, 84, 84,10.3,14.9
202602081001061016,16, 93, 93,9.3,13.3
202602081001061006,6, 99, 99,1.6,2.1
202602081001060915,15, 89, 94,3.8,5.7
202602081001060904,4, 82, 87,2.2,3.2
202602081001060910,10, 89, 94,2.9,4.2
202602081001060901,1, 86,100,4.9,7.4
202602081001060903,3, 91, 96,1.3,1.6
202602081001060908,8, 60, 75,33.0,51.0
202602081001060905,5, 75, 80,12.9,19.9
202602081001060906,6,,,30.3,46.9
202602081001060914,14, 90, 95,1.9,2.7
202602081001060902,2, 86,101,1.9,2.6
202602081001060907,7, 89, 94,3.8,5.7
202602081001060912,12, 86, 86,14.5,22.3
202602081001060913,13, 86, 91,18.1,28.0
202602081001060909,9, 86, 91,2.0,2.8
202602081001060911,11, 86,100,4.3,6.5
202602081001060803,3, 89, 97,1.3,1.6
202602081001060812,12, 88, 96,1.6,2.3
202602081001060814,14, 95,104,1.4,1.9
202602081001060810,10, 78, 78,16.3,26.8
202602081001060815,15, 83, 91,6.9,11.3
202602081001060811,11, 87, 95,3.2,5.0
202602081001060802,2,,,10.1,16.5
202602081001060806,6, 83, 91,3.8,6.1
202602081001060807,7, 74, 82,3.3,5.2
202602081001060813,13, 86, 95,1.7,2.5
202602081001060808,8, 83, 91,13.4,22.0
202602081001060816,16, 83, 91,14.9,24.5
202602081001060805,5, 75, 83,20.9,34.4
202602081001060801,1, 80, 99,4.5,7.2
202602081001060809,9, 81, 90,11.8,19.3
202602081001060804,4, 78, 87,11.2,18.4
202602081001060703,3, 85, 94,1.5,2.3
202602081001060713,13, 83, 93,1.8,2.9
202602081001060708,8, 88, 97,1.3,1.7
202602081001060704,4, 70, 80,7.3,12.6
202602081001060714,14, 84, 93,2.0,3.3
202602081001060712,12, 89, 98,1.2,1.6
202602081001060706,6,,,19.5,34.3
202602081001060705,5, 82, 90,11.9,20.9
202602081001060711,11, 79, 88,5.3,9.0
202602081001060710,10, 73, 82,3.8,6.4
202602081001060701,1, 78, 87,13.1,22.9
202602081001060707,7, 78, 87,3.1,5.2
202602081001060715,15, 77, 86,20.1,35.4
202602081001060702,2, 59, 68,17.7,31.1
202602081001060709,9, 74, 83,29.8,52.5
202602081001060603,3, 81, 97,1.4,2.1
202602081001060614,14, 78, 95,1.4,2.2
202602081001060610,10, 83, 98,1.1,1.4
202602081001060604,4, 72, 87,4.1,7.0
202602081001060602,2,,,5.5,9.5
202602081001060608,8, 78, 93,2.1,3.4
202602081001060611,11, 73, 91,2.7,4.5
202602081001060606,6, 70, 87,15.9,28.4
202602081001060605,5, 64, 79,8.7,15.3
202602081001060601,1, 76, 93,3.1,5.3
202602081001060613,13, 80, 95,3.7,6.3
202602081001060607,7, 59, 74,10.5,18.6
202602081001060609,9, 64, 79,32.6,58.9
202602081001060612,12, 58, 77,47.8,86.2
202602081001060616,16, 66, 80,11.0,19.6
202602081001060615,15, 48, 66,40.6,73.2
202602081001060510,10,,,1.1,1.3
202602081001060508,8,,,1.5,2.5
202602081001060509,9,,,1.2,1.7
202602081001060504,4,,,6.9,12.9
202602081001060501,1,,,7.3,13.8
202602081001060503,3,,,2.3,4.1
202602081001060502,2,,,2.1,3.7
202602081001060505,5,,,1.6,2.8
202602081001060507,7,,,3.0,5.5
202602081001060506,6,,,,
202602081001060311,11, 91,100,2.0,2.8
202602081001060306,6, 87, 96,1.6,2.0
202602081001060304,4, 74, 83,2.3,3.3
202602081001060303,3, 86, 95,1.4,1.8
202602081001060312,12, 82, 91,12.3,18.3
202602081001060309,9,,,4.1,6.1
202602081001060308,8, 86, 95,2.6,3.8
202602081001060302,2, 89, 98,2.9,4.2
202602081001060307,7, 79, 88,4.2,6.3
202602081001060305,5, 66, 75,3.3,4.8
202602081001060301,1, 59, 68,26.9,40.2
202602081001060314,14, 87, 96,5.3,7.9
202602081001060313,13, 74, 83,2.8,4.1
202602081001060310,10, 78, 88,,
202602081001060201,1, 83, 98,1.4,1.9
202602081001060204,4, 80, 95,3.7,5.8
202602081001060210,10, 85,100,1.3,1.7
202602081001060202,2, 83, 97,6.0,9.6
202602081001060209,9, 73, 88,20.8,34.5
202602081001060217,17, 81, 97,3.9,6.1
202602081001060208,8, 85, 99,1.8,2.6
202602081001060215,15, 81, 95,5.4,8.7
202602081001060205,5, 83, 98,2.8,4.3
202602081001060216,16, 84, 99,1.8,2.7
202602081001060211,11, 76, 90,10.5,17.3
202602081001060212,12, 73, 87,5.6,9.0
202602081001060214,14, 73, 87,5.8,9.4
202602081001060206,6,,,30.9,51.3
202602081001060203,3, 59, 73,6.5,10.6
202602081001060207,7, 70, 85,37.2,61.7
202602081001060213,13, 62, 76,41.2,68.4
202602081001060111,11, 79, 93,3.9,5.3
202602081001060112,12, 75, 92,4.1,5.5
202602081001060102,2, 76, 91,3.0,4.0
202602081001060108,8, 76, 94,1.9,2.4
202602081001060107,7, 69, 87,5.0,6.8
202602081001060109,9, 67, 82,18.9,26.1
202602081001060114,14, 79, 94,2.0,2.6
202602081001060103,3, 74, 92,2.9,3.8
202602081001060106,6, 47, 65,4.8,6.4
202602081001060105,5, 79, 94,2.6,3.4
202602081001060101,1, 78, 94,2.5,3.3
202602081001060113,13, 63, 80,22.7,31.3
202602081001060110,10, 48, 63,22.7,31.4
202602081001060104,4, 62, 77,9.3,12.7
202602081001060116,16, 80, 95,1.8,2.2
202602081001060115,15, 52, 69,32.9,45.5
202602070501030708,8, 92, 97,1.3,1.7
202602070501030714,14, 90,105,1.3,1.7
202602070501030710,10, 92,107,2.9,4.7
202602070501030709,9, 76, 81,6.5,10.8
202602070501030705,5, 87,100,9.3,15.6
202602070501030703,3, 87, 92,1.7,2.7
202602070501030701,1, 72, 77,23.1,39.1
202602070501030702,2, 90,105,2.9,4.7
202602070501030707,7, 84, 99,6.5,10.8
202602070501030711,11, 77, 83,2.2,3.4
202602070501030704,4, 87,102,13.9,23.6
202602070501030706,6, 77, 82,31.5,53.4
202602070501030713,13, 95,110,1.7,2.7
202602070501030712,12, 91,106,6.7,11.2
202602070501030602,2, 78, 95,3.0,4.1
202602070501030603,3,,,3.3,4.5
202602070501030612,12, 67, 85,2.4,3.3
202602070501030601,1, 77, 92,6.8,9.6
202602070501030613,13, 80, 95,1.9,2.6
202602070501030609,9, 56, 74,43.2,61.9
202602070501030607,7, 84, 99,1.8,2.4
202602070501030604,4, 82, 99,2.3,3.1
202602070501030608,8, 82, 97,5.7,8.0
202602070501030606,6, 83, 98,1.7,2.2
202602070501030614,14, 83,100,1.7,2.2
202602070501030616,16, 74, 91,32.0,45.9
202602070501030610,10, 74, 89,25.1,35.9
202602070501030611,11, 76, 90,63.3,90.7
202602070501030605,5,,  5,82.5,118.2
202602070501030615,15, 72, 89,27.2,38.9
202602070501030505,5,,,2.6,4.7
202602070501030510,10,,,1.2,1.7
202602070501030515,15,,,1.1,1.4
202602070501030506,6,,,3.8,7.1
202602070501030502,2,,,2.9,5.3
202602070501030503,3,,,2.7,4.8
202602070501030507,7,,,1.4,2.3
202602070501030511,11,,,18.8,36.8
202602070501030509,9,,,6.4,12.2
202602070501030508,8,,,10.1,19.6
202602070501030501,1,,,12.0,23.2
202602070501030513,13,,,19.6,38.4
202602070501030514,14,,,12.9,25.1
202602070501030512,12,,,5.2,9.8
202602070501030504,4,,,33.7,66.1
202602070501030516,16,,,4.9,9.3
202602070501030402,2, 94,103,1.2,1.7
202602070501030410,10, 85, 95,1.3,1.9
202602070501030409,9, 86, 95,1.3,1.9
202602070501030412,12, 81, 90,4.3,6.9
202602070501030403,3, 90, 98,3.6,5.7
202602070501030413,13, 82, 91,6.6,10.8
202602070501030405,5, 89, 99,1.7,2.4
202602070501030411,11, 90,100,2.7,4.1
202602070501030407,7, 80, 97,11.0,18.0
202602070501030404,4, 79, 87,25.6,42.2
202602070501030406,6, 80, 89,3.9,6.1
202602070501030401,1, 65, 75,12.4,20.5
202602070501030408,8, 73, 81,54.2,89.4
202602070501030310,10, 70, 88,3.2,5.3
202602070501030315,15, 77, 95,1.8,2.9
202602070501030302,2, 75, 92,1.3,1.8
202602070501030311,11, 51, 69,12.4,22.0
202602070501030313,13, 76, 91,2.1,3.4
202602070501030307,7, 78, 96,1.4,2.2
202602070501030314,14,,,34.5,61.8
202602070501030309,9, 62, 80,5.0,8.7
202602070501030305,5, 57, 75,11.5,20.3
202602070501030303,3, 64, 81,4.2,7.3
202602070501030304,4, 59, 77,18.5,32.9
202602070501030306,6, 79, 97,1.2,1.5
202602070501030312,12, 58, 76,33.4,59.9
202602070501030316,16, 69, 84,9.9,17.4
202602070501030308,8, 70, 85,20.7,36.9
202602070501030301,1, 36, 54,44.7,80.2
202602070501030208,8, 69, 83,2.2,3.0
202602070501030207,7, 72, 87,1.6,2.0
202602070501030203,3, 72, 87,3.8,5.3
202602070501030214,14, 74, 89,4.7,6.7
202602070501030216,16, 82, 97,2.3,3.2
202602070501030201,1, 68, 83,4.8,6.8
202602070501030206,6, 75, 90,3.2,4.5
202602070501030210,10, 79, 93,1.7,2.1
202602070501030215,15, 65, 80,4.7,6.7
202602070501030212,12, 57, 72,19.7,28.5
202602070501030202,2, 63, 78,7.4,10.8
202602070501030211,11, 77, 92,9.3,13.5
202602070501030204,4,,,2.6,3.6
202602070501030209,9, 79, 94,7.3,10.5
202602070501030205,5,,,4.1,5.8
202602070501030213,13, 60, 75,22.6,32.7
202602070501030111,11, 61, 78,4.1,7.4
202602070501030112,12, 70, 88,1.7,2.9
202602070501030115,15, 83, 98,1.1,1.5
202602070501030106,6, 81, 96,1.7,2.8
202602070501030104,4, 81, 96,4.2,7.6
202602070501030107,7, 80, 95,1.2,1.7
202602070501030103,3,,,34.0,65.6
202602070501030114,14, 82, 97,1.6,2.6
202602070501030116,16,,,18.0,34.4
202602070501030108,8, 41, 59,36.2,69.9
202602070501030109,9, 73, 87,4.4,8.1
202602070501030102,2,,,45.1,87.0
202602070501030113,13, 68, 86,5.8,10.7
202602070501030105,5, 69, 82,40.8,78.8
202602070501030101,1,,,41.5,80.2
202602070501030110,10, 40, 55,69.0,133.3
202602070802031213,13, 86, 95,1.4,1.9
202602070802031207,7, 88, 97,1.3,1.6
202602070802031206,6, 84, 94,2.6,4.0
202602070802031208,8, 81, 90,4.5,7.3
202602070802031203,3, 86, 95,2.0,3.0
202602070802031212,12, 66, 75,15.5,25.8
202602070802031209,9,,,3.0,4.8
202602070802031202,2, 75, 85,7.1,11.7
202602070802031205,5,,,5.5,9.0
202602070802031214,14, 82, 92,2.6,4.0
202602070802031210,10, 79, 88,34.4,57.2
202602070802031215,15, 85, 94,3.1,4.9
202602070802031211,11, 83, 92,4.9,8.0
202602070802031204,4, 85, 94,3.8,6.0
202602070802031201,1,,,9.1,15.0
202602070802031107,7,113,101,2.4,3.2
202602070802031115,15,106, 99,7.6,10.5
202602070802031101,1,107, 95,13.6,19.0
202602070802031111,11, 86, 74,3.7,5.0
202602070802031114,14, 91, 79,45.7,63.8
202602070802031113,13,113,106,1.8,2.4
202602070802031110,10,111, 99,1.7,2.2
202602070802031108,8,100, 86,9.5,13.2
202602070802031112,12,114,102,1.9,2.5
202602070802031105,5,105, 93,31.0,43.4
202602070802031109,9,107, 95,22.2,31.1
202602070802031104,4,100, 89,16.6,23.2
202602070802031103,3,108,101,2.7,3.5
202602070802031116,16, 99, 87,3.3,4.5
202602070802031102,2,116,109,1.9,2.4
202602070802031106,6,113,101,5.5,7.5
202602070802031004,4,102, 92,1.1,1.1
202602070802031006,6, 88, 93,3.2,7.6
202602070802031005,5, 86, 85,2.9,6.8
202602070802031002,2, 85,102,1.1,1.7
202602070802031007,7, 86,101,1.6,3.4
202602070802031008,8, 86,101,1.3,2.7
202602070802031009,9, 76, 81,11.4,28.0
202602070802031001,1, 83, 98,1.9,4.2
202602070802031003,3,,,12.3,30.3
202602070802030908,8,105,101,1.2,1.4
202602070802030905,5, 92, 86,4.9,8.3
202602070802030910,10,100, 96,6.9,12.0
202602070802030904,4, 95, 95,2.3,3.7
202602070802030903,3,101, 97,1.6,2.6
202602070802030912,12, 85, 81,4.4,7.5
202602070802030914,14, 94, 91,12.2,21.4
202602070802030909,9, 95, 91,4.1,7.0
202602070802030911,11, 84, 80,18.7,33.0
202602070802030907,7,103,103,1.4,2.1
202602070802030913,13,100, 97,2.5,4.1
202602070802030915,15, 91, 87,10.4,18.2
202602070802030916,16, 76, 72,3.5,5.9
202602070802030906,6, 99, 95,15.3,27.0
202602070802030901,1, 95, 91,20.2,35.6
202602070802030902,2, 93, 89,4.8,8.2
202602070802030807,7, 98, 98,1.1,1.1
202602070802030806,6, 96, 96,1.2,4.2
202602070802030808,8, 94, 94,1.3,5.0
202602070802030801,1, 95, 95,1.9,8.5
202602070802030804,4, 95, 95,1.2,4.7
202602070802030805,5, 90, 90,6.9,36.3
202602070802030802,2, 84, 84,8.2,43.7
202602070802030803,3, 80, 80,6.0,31.2
202602070802030703,3, 84,103,1.4,2.5
202602070802030707,7, 91, 99,1.1,1.3
202602070802030702,2, 92,100,1.1,1.5
202602070802030709,9,,,1.6,2.9
202602070802030704,4, 83, 91,3.6,7.3
202602070802030701,1, 84, 92,2.1,3.9
202602070802030706,6, 87, 95,2.5,4.9
202602070802030708,8, 82, 90,4.9,10.1
202602070802030705,5, 86, 94,17.3,36.0
202602070802030606,6, 92, 97,1.3,1.9
202602070802030612,12, 83, 99,5.1,9.2
202602070802030605,5, 96,111,1.1,1.4
202602070802030608,8, 94,109,1.2,1.7
202602070802030601,1, 81, 96,6.3,11.5
202602070802030611,11, 70, 75,12.5,23.0
202602070802030604,4, 65, 70,2.4,4.1
202602070802030607,7, 76, 81,2.1,3.6
202602070802030610,10, 86,101,4.4,7.8
202602070802030602,2, 84, 89,7.6,13.9
202602070802030603,3, 68, 73,9.0,16.6
202602070802030609,9, 90, 95,3.4,5.9
202602070802030503,3, 78, 95,2.1,2.8
202602070802030508,8, 79, 94,4.1,5.6
202602070802030512,12, 83, 99,3.5,4.7
202602070802030506,6, 83, 97,2.0,2.6
202602070802030510,10, 83, 98,2.0,2.7
202602070802030501,1, 84, 99,1.7,2.1
202602070802030514,14, 73, 88,3.0,4.1
202602070802030505,5, 81, 98,3.0,4.0
202602070802030507,7, 77, 92,2.5,3.3
202602070802030502,2, 73, 88,11.2,15.6
202602070802030511,11, 82, 97,3.2,4.2
202602070802030513,13, 72, 87,12.3,17.1
202602070802030509,9, 67, 85,47.2,65.3
202602070802030504,4, 64, 79,65.0,89.8
202602070802030412,12,,,4.3,5.7
202602070802030403,3,,,1.9,2.4
202602070802030409,9,,,4.2,5.7
202602070802030408,8,,,6.7,9.2
202602070802030407,7,,,1.7,2.2
202602070802030404,4,,,7.5,10.3
202602070802030406,6,,,1.9,2.4
202602070802030405,5,,,13.4,18.4
202602070802030414,14,,,2.2,2.9
202602070802030413,13,,,2.7,3.5
202602070802030411,11,,,3.6,4.8
202602070802030416,16,,,17.2,23.7
202602070802030402,2,,,36.7,50.3
202602070802030401,1,,,8.0,10.9
202602070802030415,15,,,3.5,4.7
202602070802030410,10,,,5.6,7.6
202602070802030308,8, 75, 91,1.8,2.7
202602070802030301,1, 80, 97,1.2,1.5
202602070802030303,3, 80, 98,1.4,2.0
202602070802030313,13, 80, 97,1.5,2.2
202602070802030312,12, 74, 89,3.5,5.6
202602070802030311,11,,,2.9,4.7
202602070802030310,10, 76, 92,2.6,4.2
202602070802030307,7, 70, 87,11.5,19.3
202602070802030309,9, 73, 88,7.3,12.1
202602070802030314,14, 73, 88,10.1,16.9
202602070802030302,2, 73, 88,10.9,18.3
202602070802030306,6, 75, 90,11.2,18.7
202602070802030305,5, 63, 78,26.3,44.0
202602070802030304,4, 72, 88,4.4,7.2
202602070802030209,9, 60, 78,5.4,26.2
202602070802030207,7, 82, 99,1.1,1.1
202602070802030203,3, 80, 97,1.3,4.7
202602070802030208,8, 74, 91,4.0,19.1
202602070802030206,6, 77, 95,1.2,4.2
202602070802030205,5, 75, 93,1.3,4.5
202602070802030202,2, 50, 67,2.6,11.5
202602070802030201,1, 58, 76,8.8,44.2
202602070802030204,4, 66, 84,9.0,45.2
202602070802030109,9, 86,104,1.0,1.0
202602070802030106,6, 68, 86,2.7,22.6
202602070802030108,8, 70, 87,3.3,27.6
202602070802030101,1, 73, 90,1.2,7.6
202602070802030105,5, 44, 61,7.4,68.5
202602070802030102,2, 50, 67,1.2,7.2
202602070802030107,7, 59, 78,4.6,40.9
202602070802030110,10, 55, 73,21.6,207.0
202602070802030103,3, 74, 89,10.9,102.1
202602070802030104,4, 70, 88,1.5,10.0
202602071001051206,6, 87, 96,1.8,2.4
202602071001051209,9, 87, 96,2.0,2.7
202602071001051203,3, 90, 99,2.3,3.2
202602071001051210,10, 89, 97,8.6,12.5
202602071001051208,8, 87, 96,2.7,3.8
202602071001051202,2, 69, 78,26.0,37.6
202602071001051207,7, 79, 88,11.0,16.0
202602071001051211,11, 75, 85,8.9,12.9
202602071001051216,16, 87, 96,7.0,10.0
202602071001051201,1,,,11.0,16.0
202602071001051215,15, 85, 94,1.5,1.9
202602071001051212,12, 82, 91,2.8,3.8
202602071001051213,13, 87, 96,4.6,6.6
202602071001051218,18, 86, 95,4.9,7.0
202602071001051214,14, 85, 94,4.3,6.0
202602071001051204,4, 83, 92,4.0,5.6
202602071001051217,17,,,35.9,51.8
202602071001051205,5, 83, 92,,
202602071001051115,15, 96, 96,1.7,2.0
202602071001051104,4,102, 95,2.1,2.6
202602071001051110,10, 94, 88,5.4,7.2
202602071001051103,3, 98, 91,3.1,4.1
202602071001051116,16,104, 96,3.6,4.8
202602071001051108,8, 99, 92,2.5,3.3
202602071001051112,12, 98, 91,3.6,4.8
202602071001051105,5, 99, 99,3.3,4.3
202602071001051106,6,100, 93,3.2,4.2
202602071001051109,9, 99, 92,3.0,4.0
202602071001051102,2, 98, 91,4.4,5.8
202602071001051101,1, 97, 91,4.8,6.5
202602071001051113,13, 81, 74,6.3,8.5
202602071001051107,7, 99, 91,14.4,19.5
202602071001051114,14, 92, 86,8.9,12.0
202602071001051111,11, 92, 88,16.7,22.6
202602071001051012,12, 96, 96,5.1,7.3
202602071001051014,14, 80, 80,7.2,10.4
202602071001051001,1, 86, 86,2.1,2.9
202602071001051010,10, 94, 94,2.4,3.3
202602071001051008,8, 83, 83,2.8,3.9
202602071001051007,7, 93, 93,8.8,12.7
202602071001051003,3, 95, 95,1.9,2.6
202602071001051006,6, 96,105,1.7,2.1
202602071001051009,9, 95, 95,3.0,4.1
202602071001051002,2, 82, 82,20.4,29.8
202602071001051011,11, 83, 83,14.6,21.2
202602071001051016,16, 96, 96,1.6,2.0
202602071001051013,13, 87, 87,19.5,28.4
202602071001051005,5, 88, 96,6.8,9.7
202602071001051004,4, 95, 95,5.2,7.4
202602071001051015,15, 74, 74,22.7,33.1
202602071001050901,1, 91, 99,1.6,2.1
202602071001050912,12, 89, 97,1.7,2.3
202602071001050906,6, 71, 79,15.7,22.8
202602071001050902,2, 85, 93,4.7,6.7
202602071001050911,11, 86, 94,10.4,15.1
202602071001050903,3, 81, 89,7.4,10.6
202602071001050910,10, 84, 92,2.3,3.2
202602071001050905,5, 78, 86,15.6,22.7
202602071001050908,8, 85, 93,5.3,7.6
202602071001050907,7, 76, 84,3.7,5.2
202602071001050913,13, 88, 96,1.5,1.9
202602071001050909,9, 88, 96,1.7,2.3
202602071001050904,4, 88, 96,2.6,3.6
202602071001050806,6, 72, 81,2.5,3.9
202602071001050812,12, 82, 91,1.4,1.9
202602071001050801,1, 85, 95,2.4,3.8
202602071001050809,9, 80, 90,3.8,6.2
202602071001050803,3, 85, 95,2.3,3.5
202602071001050802,2, 80, 89,2.4,3.8
202602071001050804,4, 92,102,1.3,1.6
202602071001050808,8, 77, 86,4.2,6.7
202602071001050805,5, 78, 88,3.9,6.3
202602071001050811,11, 70, 80,1.9,2.9
202602071001050807,7, 72, 82,20.2,33.0
202602071001050810,10, 68, 77,26.6,43.3
202602071001050717,17, 87, 96,10.0,14.1
202602071001050706,6, 86, 94,1.7,2.2
202602071001050711,11, 89, 97,6.5,9.2
202602071001050703,3, 87, 95,1.7,2.2
202602071001050701,1, 74, 82,5.4,7.6
202602071001050707,7, 88, 97,6.9,9.7
202602071001050710,10, 92,100,2.0,2.6
202602071001050702,2, 84, 92,4.6,6.4
202602071001050712,12, 85, 93,7.1,10.0
202602071001050705,5, 70, 78,13.2,18.7
202602071001050709,9,,,43.4,61.9
202602071001050718,18, 71, 80,6.5,9.1
202602071001050704,4, 89, 97,1.7,2.3
202602071001050713,13, 81,100,2.5,3.5
202602071001050714,14, 72, 81,24.6,35.1
202602071001050715,15, 83, 91,4.5,6.2
202602071001050708,8, 56, 65,6.8,9.5
202602071001050716,16, 70, 80,23.1,33.0
202602071001050618,18, 79, 96,2.6,3.9
202602071001050609,9, 79, 98,1.3,1.7
202602071001050612,12, 73, 91,3.1,4.7
202602071001050603,3, 79, 96,1.5,2.1
202602071001050610,10, 81,100,1.8,2.7
202602071001050604,4, 78, 97,5.6,8.8
202602071001050615,15, 69, 87,5.3,8.3
202602071001050606,6, 79, 98,1.8,2.7
202602071001050607,7, 62, 80,21.8,35.3
202602071001050601,1, 39, 58,45.4,73.6
202602071001050602,2, 80, 98,2.4,3.6
202602071001050614,14, 65, 84,30.1,48.8
202602071001050613,13, 75, 94,15.6,25.1
202602071001050608,8, 68, 86,40.4,65.5
202602071001050605,5, 46, 63,5.7,8.9
202602071001050617,17, 50, 67,27.4,44.3
202602071001050611,11, 59, 76,56.2,91.2
202602071001050616,16, 51, 68,40.9,66.4
202602071001050510,10,,,1.1,1.1
202602071001050508,8,,,1.3,3.7
202602071001050504,4,,,3.8,16.8
202602071001050505,5,,,1.8,6.9
202602071001050501,1,,,1.7,6.6
202602071001050509,9,,,1.7,6.4
202602071001050507,7,,,6.3,28.9
202602071001050506,6, 87, 87,4.4,19.9
202602071001050502,2,,,5.0,22.9
202602071001050512,12,,,9.3,43.8
202602071001050511,11,,,6.8,31.4
202602071001050503,3,,,8.7,40.9
202602071001050402,2,,,2.7,4.2
202602071001050407,7,,,17.3,28.4
202602071001050404,4,,,1.4,2.0
202602071001050411,11,,,4.4,7.0
202602071001050401,1,,,1.5,2.1
202602071001050405,5, 85, 79,8.8,14.3
202602071001050412,12, 75, 75,12.6,20.6
202602071001050403,3,,,1.6,2.4
202602071001050408,8,,,2.6,4.0
202602071001050410,10,,,13.2,21.6
202602071001050406,6, 96, 82,3.4,5.4
202602071001050409,9,,,1.2,1.6
202602071001050305,5, 79, 94,1.3,4.7
202602071001050308,8, 92,104,1.1,1.1
202602071001050306,6, 84, 96,1.5,6.2
202602071001050312,12, 49, 67,1.5,6.1
202602071001050313,13, 36, 53,18.6,103.0
202602071001050314,14, 71, 86,2.4,11.6
202602071001050310,10, 69, 84,3.3,16.3
202602071001050307,7, 47, 62,9.3,50.7
202602071001050309,9, 51, 65,5.9,31.2
202602071001050304,4, 74, 89,6.4,34.2
202602071001050302,2, 64, 79,9.6,52.2
202602071001050311,11,,,24.9,138.7
202602071001050301,1, 53, 68,18.1,100.7
202602071001050303,3,,,7.3,39.0
202602071001050204,4, 82, 97,1.6,2.2
202602071001050213,13, 76, 90,2.1,2.9
202602071001050209,9, 79, 94,4.5,6.8
202602071001050212,12, 81, 96,3.2,4.6
202602071001050203,3, 86,101,1.4,1.8
202602071001050214,14, 80, 94,6.9,10.5
202602071001050207,7, 67, 84,35.1,54.3
202602071001050208,8, 85, 99,2.7,4.0
202602071001050205,5, 80, 95,7.5,11.4
202602071001050218,18, 74, 89,4.7,7.1
202602071001050215,15, 68, 84,14.0,21.4
202602071001050206,6, 70, 85,23.6,36.5
202602071001050210,10, 42, 59,46.3,71.5
202602071001050202,2, 58, 75,11.2,17.2
202602071001050217,17, 73, 88,4.3,6.4
202602071001050216,16, 85,100,1.6,2.2
202602071001050201,1, 75, 92,21.5,33.1
202602071001050211,11, 79, 93,30.0,46.4
202602071001050112,12, 66, 81,2.5,4.1
202602071001050113,13, 82, 97,1.2,1.5
202602071001050114,14, 75, 90,1.7,2.7
202602071001050102,2, 72, 87,4.3,7.3
202602071001050104,4, 56, 74,7.9,13.9
202602071001050108,8, 70, 88,3.5,5.9
202602071001050101,1, 70, 85,7.2,12.7
202602071001050103,3, 65, 82,9.3,16.4
202602071001050111,11, 76, 92,7.4,12.9
202602071001050107,7, 51, 66,16.8,29.9
202602071001050115,15, 74, 88,4.8,8.3
202602071001050110,10, 77, 95,1.3,1.8
202602071001050109,9, 49, 65,33.4,59.4
202602071001050116,16, 71, 88,2.3,3.8
202602071001050105,5, 68, 85,6.7,11.8
202602071001050106,6, 63, 80,4.4,7.6
202602010501021201,1, 87,102,1.1,1.1
202602010501021202,2, 62, 80,3.8,10.6
202602010501021207,7, 70, 87,2.5,6.7
202602010501021204,4, 79, 98,1.7,4.0
202602010501021206,6, 72, 90,3.6,9.9
202602010501021205,5, 78, 93,3.1,8.5
202602010501021209,9, 79, 98,2.6,7.0
202602010501021210,10, 74, 92,7.7,22.4
202602010501021211,11, 74, 92,10.9,32.1
202602010501021208,8, 76, 93,2.3,6.0
202602010501021215,15, 74, 91,10.3,30.5
202602010501021214,14, 71, 89,11.9,35.2
202602010501021216,16,,,33.2,100.1
202602010501021203,3, 27, 41,29.3,88.4
202602010501021213,13, 34, 49,50.7,153.3
202602010501021212,12, 78, 96,1.9,4.7
202602010501021102,2,110, 96,2.8,4.1
202602010501021110,10,100, 92,17.8,27.6
202602010501021107,7,110,100,2.0,2.9
202602010501021103,3,107, 93,2.3,3.4
202602010501021112,12,105, 93,6.1,9.2
202602010501021109,9,,,1.5,2.1
202602010501021101,1,112,102,1.6,2.2
202602010501021105,5,103, 91,7.3,11.1
202602010501021108,8,110,100,1.4,1.8
202602010501021115,15,,,5.7,8.6
202602010501021106,6,,,4.7,7.1
202602010501021116,16,,,6.1,9.3
202602010501021104,4,103, 95,8.2,12.5
202602010501021113,13,100, 90,31.8,49.4
202602010501021114,14,,,28.1,43.7
202602010501021111,11,,,42.0,65.4
202602010501021014,14, 96, 90,1.8,2.4
202602010501021001,1,102, 96,1.8,2.4
202602010501021005,5, 96, 96,5.2,7.4
202602010501021003,3,104, 98,1.6,2.1
202602010501021013,13,105, 99,5.0,7.2
202602010501021008,8, 99, 91,2.5,3.4
202602010501021002,2,102, 97,4.1,5.9
202602010501021015,15,102, 96,3.9,5.6
202602010501021006,6,102, 96,7.6,11.1
202602010501021011,11,104, 98,1.6,2.0
202602010501021010,10, 97, 89,5.1,7.4
202602010501021004,4, 98, 92,29.4,42.7
202602010501021009,9, 99, 93,14.9,21.6
202602010501021007,7,103, 98,8.7,12.7
202602010501021012,12, 98, 98,9.3,13.6
202602010501020910,10, 94, 89,1.6,2.3
202602010501020906,6, 87,104,1.4,1.8
202602010501020909,9, 92, 97,1.5,2.1
202602010501020907,7, 91, 96,4.3,6.7
202602010501020902,2, 83,101,2.5,3.9
202602010501020903,3, 80, 74,10.4,16.6
202602010501020912,12, 85,102,1.3,1.7
202602010501020901,1, 88, 93,4.0,6.3
202602010501020908,8, 83,100,4.4,6.9
202602010501020904,4, 85, 90,6.2,9.8
202602010501020905,5, 88, 93,15.0,23.9
202602010501020911,11, 87,102,6.0,9.5
202602010501020810,10, 93,102,1.1,2.7
202602010501020811,11, 87, 87,2.6,10.3
202602010501020802,2, 96, 96,1.1,1.1
202602010501020806,6, 74, 74,4.8,21.0
202602010501020801,1, 97, 97,3.2,13.3
202602010501020805,5, 94, 94,1.8,6.6
202602010501020807,7, 82, 82,6.6,29.6
202602010501020804,4, 73, 73,1.8,6.5
202602010501020809,9, 89, 89,3.4,14.4
202602010501020808,8, 96, 96,2.3,9.1
202602010501020803,3, 79, 79,23.4,108.1
202602010501020703,3, 98, 98,1.7,7.0
202602010501020701,1, 99, 93,1.4,5.2
202602010501020706,6,100,100,1.1,1.1
202602010501020707,7, 94, 94,4.2,19.8
202602010501020702,2, 99, 99,1.2,4.0
202602010501020705,5, 92, 92,7.2,35.2
202602010501020704,4, 73, 73,18.6,93.9
202602010501020708,8, 97, 97,1.3,4.5
202602010501020709,9, 87, 87,13.2,66.1
202602010501020615,15, 86, 96,1.8,2.7
202602010501020614,14, 91,101,1.3,1.7
202602010501020601,1,,,5.6,9.3
202602010501020605,5, 77, 86,2.2,3.5
202602010501020603,3, 77, 87,14.4,24.3
202602010501020613,13, 85, 95,2.1,3.3
202602010501020606,6, 85, 95,1.4,1.8
202602010501020612,12, 72, 81,14.0,23.5
202602010501020611,11, 80, 89,5.1,8.4
202602010501020610,10, 74, 83,6.6,11.0
202602010501020604,4, 61, 69,17.8,30.1
202602010501020608,8, 69, 78,27.3,46.3
202602010501020609,9, 81, 90,38.6,65.3
202602010501020602,2, 81, 91,3.0,4.8
202602010501020607,7, 54, 62,2.3,3.6
202602010501020515,15,,,1.7,2.6
202602010501020508,8,,,6.6,11.2
202602010501020506,6,,,1.2,1.4
202602010501020509,9,,,10.5,18.0
202602010501020507,7,,,5.1,8.6
202602010501020503,3,,,6.0,10.1
202602010501020502,2,,,21.4,37.1
202602010501020511,11,,,3.7,6.2
202602010501020516,16,,,2.4,3.9
202602010501020512,12,,,3.1,5.0
202602010501020510,10,,,1.8,2.8
202602010501020513,13,,,8.9,15.2
202602010501020514,14,,,1.6,2.3
202602010501020505,5,,,32.8,57.0
202602010501020501,1,,,15.9,27.6
202602010501020504,4,,,21.3,36.9
202602010501020414,14, 90, 99,1.5,3.3
202602010501020416,16, 82, 91,1.6,3.6
202602010501020407,7, 91,101,1.3,2.5
202602010501020406,6, 89, 99,1.1,1.1
202602010501020405,5, 89, 98,2.3,5.5
202602010501020403,3, 86, 95,3.0,7.3
202602010501020401,1, 84, 94,7.8,20.7
202602010501020409,9, 80, 90,2.9,7.0
202602010501020402,2, 77, 87,31.0,84.4
202602010501020408,8, 86,102,9.1,24.2
202602010501020404,4, 73, 82,21.6,58.6
202602010501020412,12, 76, 85,65.3,178.6
202602010501020411,11, 84, 94,25.9,70.4
202602010501020413,13, 82, 91,17.9,48.5
202602010501020415,15, 76, 85,13.8,37.0
202602010501020410,10, 61, 70,50.5,137.8
202602010501020311,11, 71, 88,1.3,1.8
202602010501020302,2, 66, 84,2.5,3.8
202602010501020309,9, 84, 99,1.4,1.9
202602010501020306,6, 58, 76,2.1,3.1
202602010501020313,13,,,3.7,5.8
202602010501020303,3, 65, 82,8.0,12.7
202602010501020304,4, 81, 96,1.5,2.2
202602010501020312,12, 62, 77,15.0,24.2
202602010501020301,1,,,31.5,51.2
202602010501020316,16, 40, 58,41.8,67.9
202602010501020314,14, 65, 80,26.0,42.2
202602010501020305,5, 70, 88,4.6,7.3
202602010501020310,10, 57, 74,35.8,58.2
202602010501020308,8, 72, 90,7.5,12.0
202602010501020307,7, 73, 90,2.1,3.2
202602010501020315,15, 65, 82,20.9,33.9
202602010501020207,7, 69, 87,1.4,2.8
202602010501020209,9, 83,101,1.1,1.1
202602010501020212,12, 71, 90,3.7,9.0
202602010501020208,8, 72, 89,1.3,2.7
202602010501020213,13, 53, 71,21.7,56.6
202602010501020210,10, 76, 95,2.8,6.6
202602010501020204,4, 71, 89,1.3,2.5
202602010501020206,6, 55, 73,19.5,50.8
202602010501020201,1, 63, 81,9.9,25.3
202602010501020203,3, 73, 91,4.5,11.1
202602010501020205,5, 55, 73,11.6,30.0
202602010501020202,2, 59, 77,9.7,24.9
202602010501020211,11, 40, 58,30.2,78.8
202602010501020110,10, 84, 99,1.1,1.4
202602010501020109,9, 81, 96,2.1,3.4
202602010501020106,6, 84, 98,1.4,2.2
202602010501020114,14, 84, 99,1.4,2.1
202602010501020101,1, 75, 90,7.3,13.1
202602010501020111,11, 85,100,3.0,5.2
202602010501020105,5, 82, 97,4.2,7.5
202602010501020115,15, 83, 97,2.0,3.3
202602010501020103,3, 79, 96,6.5,11.7
202602010501020108,8, 75, 89,44.6,82.9
202602010501020112,12, 70, 87,6.7,12.2
202602010501020104,4, 52, 69,54.0,100.3
202602010501020102,2, 50, 64,40.9,76.0
202602010501020113,13, 71, 86,9.4,17.1
202602010501020116,16, 71, 85,29.6,54.8
202602010501020107,7, 28, 43,50.7,94.1
202602010802021206,6, 94, 94,1.3,1.6
202602010802021205,5, 94, 94,1.6,2.1
202602010802021201,1, 91, 91,4.2,5.8
202602010802021207,7, 85, 85,3.0,4.1
202602010802021203,3, 94, 94,8.3,11.8
202602010802021204,4, 87, 87,1.6,2.1
202602010802021202,2, 89, 89,12.3,17.3
202602010802021114,14,103, 95,13.0,18.9
202602010802021117,17,107, 97,3.2,4.5
202602010802021106,6,103, 93,4.1,5.7
202602010802021104,4,102, 94,1.9,2.6
202602010802021111,11,106, 98,2.1,2.8
202602010802021101,1,104, 94,5.3,7.5
202602010802021108,8,108,102,10.0,14.4
202602010802021112,12,110,100,2.4,3.3
202602010802021116,16,108,100,1.5,1.8
202602010802021110,10,104, 96,6.6,9.4
202602010802021113,13,107, 91,2.8,3.9
202602010802021109,9,108, 92,4.2,5.9
202602010802021103,3, 95, 87,12.1,17.5
202602010802021105,5,104, 99,9.3,13.5
202602010802021102,2,107, 91,3.7,5.2
202602010802021107,7, 96, 86,20.8,30.1
202602010802021118,18,101, 93,10.0,14.4
202602010802021115,15, 99, 83,27.8,40.2
202602010802021002,2,103, 95,4.6,13.1
202602010802021003,3,111, 87,1.1,2.1
202602010802021008,8,114, 90,1.1,1.1
202602010802021007,7,102,102,2.4,6.4
202602010802021006,6,104,104,1.7,4.4
202602010802021004,4,100, 92,6.0,17.3
202602010802021001,1,104, 80,1.1,2.5
202602010802021005,5,104, 90,2.8,7.7
202602010802020902,2, 95, 95,1.4,1.9
202602010802020907,7, 97,106,1.4,1.9
202602010802020905,5, 96, 96,1.8,2.6
202602010802020906,6, 89, 89,2.1,3.2
202602010802020901,1,100,109,1.9,2.8
202602010802020910,10, 94, 94,7.0,10.9
202602010802020904,4, 96, 96,1.3,1.8
202602010802020911,11, 67, 67,40.7,64.6
202602010802020903,3, 91, 91,14.8,23.6
202602010802020909,9,,,20.5,32.6
202602010802020908,8, 92, 92,4.1,6.2
202602010802020806,6, 87, 97,1.5,2.2
202602010802020803,3, 85,101,1.9,2.9
202602010802020809,9, 89, 99,1.3,1.7
202602010802020805,5, 90,100,1.3,1.8
202602010802020808,8,,,2.9,4.6
202602010802020811,11, 84, 93,2.1,3.3
202602010802020802,2, 47, 57,10.2,17.1
202602010802020807,7, 85, 94,2.2,3.4
202602010802020804,4,,,17.6,29.4
202602010802020801,1, 70, 79,4.0,6.5
202602010802020810,10, 58, 67,37.3,62.5
202602010802020703,3, 98,107,1.0,1.1
202602010802020708,8, 87, 96,1.1,4.6
202602010802020704,4, 83, 92,1.2,5.2
202602010802020701,1,,,1.4,6.9
202602010802020702,2, 84, 93,3.0,17.6
202602010802020707,7, 78, 87,2.5,14.0
202602010802020705,5, 59, 68,8.6,56.2
202602010802020706,6, 76, 85,6.7,43.3
202602010802020709,9, 49, 58,21.6,144.4
202602010802020609,9, 98, 93,1.1,1.1
202602010802020602,2, 89,105,6.9,16.1
202602010802020608,8, 75, 70,3.3,7.3
202602010802020613,13, 85,100,4.6,10.5
202602010802020606,6, 93, 98,1.7,3.5
202602010802020612,12, 87,101,6.5,15.0
202602010802020615,15, 87,102,1.7,3.5
202602010802020605,5, 75, 80,19.6,46.5
202602010802020603,3, 88,103,2.9,6.3
202602010802020604,4, 85,100,10.9,25.8
202602010802020611,11, 87,102,3.1,6.7
202602010802020610,10, 84, 99,9.6,22.4
202602010802020616,16, 85, 90,3.5,7.9
202602010802020601,1, 82, 87,3.0,6.5
202602010802020607,7, 71, 76,54.0,128.8
202602010802020614,14, 85,100,4.8,11.0
202602010802020511,11, 81, 99,1.1,1.6
202602010802020509,9, 79, 97,1.4,2.5
202602010802020501,1, 79, 97,1.3,2.3
202602010802020504,4, 75, 94,3.3,6.9
202602010802020513,13, 75, 94,10.7,23.8
202602010802020512,12, 76, 95,2.5,5.1
202602010802020502,2, 66, 85,7.5,16.4
202602010802020507,7, 66, 83,27.7,62.0
202602010802020510,10, 70, 88,19.2,42.8
202602010802020505,5, 69, 87,13.7,30.4
202602010802020503,3, 83,100,1.1,1.3
202602010802020508,8, 52, 69,14.0,31.1
202602010802020506,6, 75, 90,16.5,36.8
202602010802020412,12,,,1.2,1.5
202602010802020408,8,,,7.4,12.3
202602010802020402,2,,,1.9,2.9
202602010802020411,11,,,6.6,11.0
202602010802020405,5,,,2.6,4.1
202602010802020415,15,,,4.6,7.5
202602010802020416,16,,,1.7,2.6
202602010802020403,3,,,2.4,3.7
202602010802020401,1,,,3.8,6.2
202602010802020414,14,,,11.1,18.7
202602010802020410,10,,,13.2,22.2
202602010802020406,6,,,23.3,39.4
202602010802020407,7,,,36.9,62.3
202602010802020409,9,,,1.5,2.2
202602010802020404,4,,,10.5,17.6
202602010802020413,13,,,17.9,30.2
202602010802020310,10, 79, 97,1.1,1.1
202602010802020309,9, 85,103,1.1,1.8
202602010802020306,6, 70, 87,2.4,7.8
202602010802020303,3, 68, 86,3.5,12.3
202602010802020301,1, 61, 79,1.8,5.4
202602010802020307,7, 61, 78,2.5,8.5
202602010802020302,2, 80, 97,1.2,3.3
202602010802020304,4,,,8.3,31.1
202602010802020308,8,,,17.4,66.1
202602010802020305,5, 57, 75,20.8,79.2
202602010802020205,5, 61, 77,1.7,5.8
202602010802020214,14, 85,100,1.1,2.2
202602010802020202,2, 79, 94,5.0,19.8
202602010802020206,6,,,4.2,16.5
202602010802020211,11,,,16.9,70.5
202602010802020203,3, 69, 85,3.8,14.7
202602010802020208,8,,,1.5,5.0
202602010802020201,1, 83, 98,1.1,1.1
202602010802020212,12, 69, 84,22.4,93.8
202602010802020210,10, 77, 93,3.1,11.6
202602010802020207,7, 73, 89,24.3,101.9
202602010802020215,15, 74, 89,2.8,10.3
202602010802020213,13, 57, 76,14.6,60.4
202602010802020204,4, 69, 84,8.4,34.0
202602010802020209,9,,,19.3,80.5
202602010802020101,1, 71, 88,1.7,6.7
202602010802020112,12, 77, 94,1.6,6.3
202602010802020110,10, 80, 98,1.2,3.6
202602010802020105,5, 81, 99,1.1,1.1
202602010802020113,13, 72, 87,1.5,5.9
202602010802020109,9, 58, 76,17.9,92.4
202602010802020102,2, 52, 69,52.4,274.3
202602010802020108,8, 70, 86,3.7,17.6
202602010802020104,4, 68, 86,9.7,49.1
202602010802020103,3, 59, 76,10.9,55.3
202602010802020107,7, 65, 80,4.0,19.2
202602010802020106,6, 68, 85,26.0,135.1
202602010802020111,11, 76, 93,9.1,46.0
202602011001041210,10, 86, 95,2.3,3.0
202602011001041216,16, 90, 99,1.7,2.0
202602011001041218,18, 79, 88,4.8,6.4
202602011001041202,2, 85, 94,5.7,7.7
202602011001041214,14, 82, 91,3.1,4.1
202602011001041209,9, 86, 95,2.7,3.6
202602011001041203,3, 86, 95,3.5,4.7
202602011001041204,4, 74, 82,21.2,28.8
202602011001041201,1, 86, 95,2.6,3.4
202602011001041205,5,,,17.7,24.1
202602011001041213,13, 83, 92,7.9,10.6
202602011001041207,7, 86, 95,3.3,4.4
202602011001041212,12, 83, 92,3.2,4.2
202602011001041215,15, 85, 94,5.7,7.7
202602011001041211,11, 65, 74,31.0,42.3
202602011001041217,17, 76, 85,38.0,51.7
202602011001041206,6, 85, 94,2.7,3.6
202602011001041208,8, 80, 89,23.8,32.4
202602011001041106,6,106, 94,2.7,3.6
202602011001041113,13,109, 97,1.7,2.0
202602011001041103,3,101, 89,3.1,4.1
202602011001041111,11,113,101,4.0,5.4
202602011001041104,4,102, 90,11.6,16.0
202602011001041110,10, 97, 83,5.3,7.2
202602011001041107,7,103, 92,8.7,11.9
202602011001041101,1, 86, 74,1.9,2.4
202602011001041112,12,101, 89,2.3,3.0
202602011001041115,15, 93, 81,3.3,4.4
202602011001041109,9,106, 84,3.4,4.5
202602011001041102,2, 80, 64,2.0,2.6
202602011001041108,8, 97, 86,8.9,12.2
202602011001041114,14,103, 92,8.5,11.7
202602011001041105,5, 69, 59,18.4,25.1
202602011001041003,3, 95, 95,1.6,1.9
202602011001041012,12, 91, 91,2.6,3.6
202602011001041002,2, 98, 93,2.4,3.2
202602011001041010,10, 94, 94,4.9,6.9
202602011001041013,13, 91,100,2.2,2.9
202602011001041008,8, 91, 91,2.2,3.0
202602011001041014,14, 92, 92,6.8,9.6
202602011001041007,7, 87, 87,6.0,8.4
202602011001041001,1, 92, 92,4.0,5.5
202602011001041006,6, 93, 93,6.5,9.2
202602011001041009,9, 91, 91,1.8,2.2
202602011001041015,15, 86, 86,7.2,10.1
202602011001041004,4, 90, 90,5.7,8.0
202602011001041011,11, 85, 85,18.5,25.9
202602011001041005,5, 53, 53,6.0,8.4
202602011001040909,9, 87, 95,1.8,2.7
202602011001040906,6, 80, 88,3.2,4.9
202602011001040903,3, 86, 94,1.3,1.8
202602011001040907,7, 45, 64,7.3,11.5
202602011001040901,1, 78, 86,11.2,17.8
202602011001040908,8, 89, 97,1.3,1.7
202602011001040910,10, 84, 92,5.2,8.1
202602011001040904,4, 51, 60,6.5,10.3
202602011001040902,2, 73, 81,5.1,8.1
202602011001040905,5, 88, 96,2.1,3.2
202602011001040911,11, 91, 99,1.3,1.9
202602011001040810,10, 86, 94,2.7,4.8
202602011001040803,3, 83, 91,3.6,6.7
202602011001040805,5, 96,105,1.1,1.2
202602011001040811,11, 85, 93,2.8,5.2
202602011001040804,4, 87, 95,2.7,4.8
202602011001040806,6, 91,100,1.6,2.7
202602011001040812,12, 86, 95,7.8,15.1
202602011001040813,13, 85, 94,3.2,5.8
202602011001040808,8, 70, 79,11.3,22.0
202602011001040807,7, 85, 94,8.5,16.5
202602011001040801,1, 92,100,1.4,2.2
202602011001040809,9, 63, 73,30.5,59.6
202602011001040802,2, 85, 93,2.8,5.0
202602011001040715,15, 84, 93,4.1,6.3
202602011001040704,4, 83, 92,2.4,3.6
202602011001040701,1, 80, 90,3.5,5.4
202602011001040710,10, 84, 93,1.4,1.8
202602011001040703,3, 79, 89,2.4,3.6
202602011001040705,5, 77, 87,6.6,10.3
202602011001040714,14, 86, 95,4.1,6.2
202602011001040708,8, 82, 92,3.9,6.0
202602011001040713,13, 77, 86,1.9,2.8
202602011001040702,2, 89,106,5.7,8.8
202602011001040712,12, 70, 79,19.6,31.0
202602011001040707,7, 87, 97,1.4,1.8
202602011001040706,6, 69, 79,12.6,19.9
202602011001040711,11, 26, 35,14.3,22.6
202602011001040709,9, 85,102,4.1,6.2
202602011001040601,1, 76, 93,2.1,3.0
202602011001040615,15, 85,102,1.4,1.7
202602011001040602,2, 77, 95,5.7,8.4
202602011001040616,16, 70, 88,2.0,2.7
202602011001040612,12, 78, 97,1.8,2.4
202602011001040610,10, 59, 77,27.4,41.6
202602011001040608,8, 78, 97,2.1,2.9
202602011001040604,4, 74, 93,8.5,12.7
202602011001040603,3, 75, 94,2.3,3.3
202602011001040614,14, 66, 85,15.5,23.5
202602011001040607,7, 64, 82,24.0,36.5
202602011001040611,11, 56, 75,25.3,38.4
202602011001040617,17, 78, 97,2.8,4.0
202602011001040605,5, 71, 86,36.4,55.3
202602011001040613,13, 71, 90,27.8,42.3
202602011001040609,9, 76, 93,5.4,7.9
202602011001040606,6, 69, 88,21.3,32.3
202602011001040618,18, 68, 87,28.5,43.4
202602011001040502,2,,,1.7,2.4
202602011001040509,9,,,1.2,1.4
202602011001040517,17,,,2.1,3.3
202602011001040514,14,,,4.2,6.9
202602011001040510,10,,,9.6,16.3
202602011001040501,1,,,6.1,10.2
202602011001040504,4,,,5.0,8.3
202602011001040512,12,,,11.2,19.0
202602011001040516,16,,,5.3,8.8
202602011001040508,8,,,2.4,3.7
202602011001040505,5,,,14.4,24.6
202602011001040506,6,,,2.2,3.4
202602011001040503,3,,,6.4,10.7
202602011001040518,18,,,27.2,46.4
202602011001040511,11,,,9.4,15.9
202602011001040515,15,,,4.0,6.5
202602011001040507,7,,,13.5,22.9
202602011001040513,13,,,5.8,9.7
202602011001040409,9, 74, 84,5.6,10.0
202602011001040411,11,,,1.9,3.2
202602011001040405,5,,,1.2,1.7
202602011001040401,1, 83, 83,2.9,5.1
202602011001040404,4,,,3.8,6.7
202602011001040402,2, 69, 78,13.8,25.2
202602011001040407,7,,,1.2,1.5
202602011001040412,12, 76, 86,1.8,3.0
202602011001040406,6,,,10.1,18.4
202602011001040408,8, 83, 91,1.6,2.6
202602011001040403,3, 82, 91,8.3,15.1
202602011001040410,10, 86, 86,5.1,9.1
202602011001040306,6, 71, 80,4.5,7.0
202602011001040312,12, 87, 96,4.3,6.6
202602011001040304,4, 69, 78,21.8,35.1
202602011001040308,8, 88, 97,1.3,1.7
202602011001040310,10, 86, 95,1.5,2.1
202602011001040313,13,,,2.5,3.8
202602011001040314,14, 83, 92,3.2,4.9
202602011001040305,5, 89,101,2.2,3.3
202602011001040307,7, 94,103,1.5,2.1
202602011001040311,11, 56, 65,3.9,6.1
202602011001040303,3,,,5.3,8.4
202602011001040309,9,,,42.8,69.0
202602011001040302,2, 80, 89,5.1,7.9
202602011001040301,1, 55, 64,31.4,50.6
202602011001040203,3, 85, 99,1.1,1.3
202602011001040216,16, 83, 99,1.5,2.3
202602011001040208,8, 80, 94,1.6,2.7
202602011001040211,11, 57, 71,11.7,21.6
202602011001040202,2, 82, 96,4.7,8.5
202602011001040214,14, 82, 96,3.0,5.2
202602011001040205,5, 63, 77,5.1,9.2
202602011001040212,12, 78, 93,3.2,5.6
202602011001040204,4, 41, 56,14.4,26.7
202602011001040209,9, 72, 87,4.8,8.7
202602011001040201,1, 80, 95,2.7,4.8
202602011001040210,10, 73, 88,21.0,39.2
202602011001040206,6, 53, 67,13.2,24.5
202602011001040218,18, 71, 86,10.3,19.1
202602011001040213,13, 79, 93,4.7,8.4
202602011001040215,15, 76, 90,29.8,55.7
202602011001040207,7, 58, 73,9.4,17.4
202602011001040217,17, 73, 87,5.1,9.2
202602011001040116,16, 82, 97,1.6,2.4
202602011001040103,3, 88,104,1.2,1.5
202602011001040114,14, 83, 98,1.8,2.8
202602011001040112,12, 76, 94,2.8,4.5
202602011001040108,8, 73, 92,3.6,5.9
202602011001040102,2, 65, 83,5.8,9.6
202602011001040113,13, 74, 91,8.9,15.1
202602011001040115,15, 86,102,1.5,2.1
202602011001040101,1, 53, 68,13.7,23.3
202602011001040109,9, 77, 93,3.6,5.8
202602011001040110,10, 67, 84,4.5,7.3
202602011001040111,11, 39, 56,16.8,28.8
202602011001040107,7, 54, 69,10.3,17.4
202602011001040106,6,,,34.3,58.8
202602011001040104,4, 67, 82,8.9,15.1
202602011001040105,5, 52, 66,24.0,41.0
202601311001031215,15, 87, 95,3.9,5.2
202601311001031203,3, 77, 96,5.3,7.2
202601311001031211,11, 83, 91,4.8,6.6
202601311001031204,4, 82, 91,1.8,2.4
202601311001031202,2, 79, 88,4.4,6.1
202601311001031205,5, 86, 94,11.5,15.9
202601311001031206,6, 88, 96,4.0,5.4
202601311001031214,14, 86, 95,1.8,2.3
202601311001031213,13, 74, 83,18.5,25.8
202601311001031216,16, 87, 96,1.7,2.1
202601311001031207,7, 78, 86,20.0,27.8
202601311001031209,9, 90, 98,1.8,2.3
202601311001031208,8, 88, 97,6.0,8.2
202601311001031210,10, 84, 92,2.6,3.5
202601311001031212,12, 55, 63,19.1,26.6
202601311001031201,1, 73, 82,12.0,16.6
202601311001031103,3, 75, 69,6.9,8.3
202601311001031107,7, 97, 92,3.4,4.0
202601311001031106,6, 98, 93,2.8,3.3
202601311001031101,1,101, 96,3.8,4.5
202601311001031109,9, 96, 91,3.9,4.7
202601311001031102,2,101, 96,5.0,6.1
202601311001031114,14,101, 96,3.5,4.3
202601311001031108,8,102, 97,2.5,3.0
202601311001031111,11, 99, 94,4.8,5.8
202601311001031117,17, 99, 94,10.0,12.2
202601311001031115,15,103, 98,2.3,2.6
202601311001031105,5, 98, 93,5.9,7.2
202601311001031118,18, 99, 94,2.9,3.5
202601311001031104,4,102, 97,8.7,10.6
202601311001031110,10, 97, 92,9.2,11.2
202601311001031112,12, 96, 91,11.5,14.0
202601311001031113,13,100, 95,5.4,6.6
202601311001031116,16, 99, 94,5.4,6.5
202601311001031016,16, 98,108,1.9,2.7
202601311001031013,13, 83, 83,22.0,33.7
202601311001031012,12, 95, 95,11.2,17.2
202601311001031007,7, 77, 77,7.3,11.0
202601311001031008,8, 96, 96,1.5,2.1
202601311001031014,14, 95, 95,2.9,4.2
202601311001031009,9, 89, 98,7.9,12.0
202601311001031005,5, 96, 96,1.4,1.9
202601311001031004,4, 77, 77,6.5,9.8
202601311001031003,3, 78, 78,5.8,8.7
202601311001031002,2, 83, 83,12.1,18.5
202601311001031010,10, 88, 97,3.4,5.1
202601311001031015,15, 95, 95,6.3,9.4
202601311001031006,6, 89, 99,5.9,8.9
202601311001031001,1, 89, 89,12.6,19.3
202601311001031011,11, 96, 96,1.4,1.9
202601311001030909,9, 95, 95,1.4,1.7
202601311001030908,8, 84, 84,2.4,3.5
202601311001030907,7, 95,104,2.7,3.9
202601311001030912,12, 95, 95,1.7,2.4
202601311001030904,4, 91, 91,4.3,6.4
202601311001030903,3, 93,102,1.5,2.0
202601311001030905,5, 91, 91,9.2,14.1
202601311001030906,6, 93, 93,2.5,3.6
202601311001030901,1, 89, 89,4.6,6.9
202601311001030902,2, 81, 81,14.3,21.9
202601311001030913,13, 88, 88,8.9,13.6
202601311001030910,10, 73, 73,6.2,9.4
202601311001030911,11, 87, 87,7.0,10.6
202601311001030914,14, 87, 87,3.8,5.7
202601311001030805,5, 86, 95,2.0,2.9
202601311001030806,6, 84, 93,35.6,56.7
202601311001030816,16,,,17.8,28.3
202601311001030811,11, 83, 93,2.3,3.3
202601311001030812,12, 53, 63,2.7,4.1
202601311001030801,1, 88, 97,1.4,1.7
202601311001030802,2, 86, 95,4.8,7.4
202601311001030813,13, 87, 96,5.5,8.5
202601311001030804,4, 76, 84,3.0,4.5
202601311001030810,10, 86, 95,6.5,10.2
202601311001030817,17, 88, 97,1.5,2.0
202601311001030815,15, 82, 91,16.7,26.4
202601311001030808,8, 78, 87,8.1,12.7
202601311001030803,3, 77, 86,39.8,63.4
202601311001030807,7,,,6.9,10.7
202601311001030818,18, 86,101,2.3,3.4
202601311001030809,9, 76, 85,32.4,51.7
202601311001030814,14, 63, 72,23.3,37.1
202601311001030705,5, 83,100,2.3,3.8
202601311001030708,8, 80, 95,2.1,3.5
202601311001030706,6, 90,107,1.2,1.5
202601311001030703,3, 78, 97,1.3,1.8
202601311001030712,12, 76, 91,3.2,5.5
202601311001030701,1, 77, 95,3.2,5.4
202601311001030709,9, 79, 94,5.0,8.8
202601311001030704,4, 64, 81,5.7,10.2
202601311001030711,11, 63, 80,37.8,69.7
202601311001030713,13, 78, 93,15.9,29.1
202601311001030715,15, 69, 86,13.3,24.3
202601311001030716,16, 68, 85,5.0,8.9
202601311001030714,14, 80, 97,1.7,2.7
202601311001030710,10, 37, 54,52.7,97.2
202601311001030702,2, 68, 83,40.6,75.0
202601311001030707,7,, 17,7.2,12.9
202601311001030602,2, 71, 86,58.5,83.7
202601311001030612,12,,,60.3,86.3
202601311001030615,15, 77, 92,5.7,8.0
202601311001030605,5, 78, 93,2.9,3.9
202601311001030618,18, 75, 90,26.8,38.3
202601311001030603,3, 84, 98,2.0,2.7
202601311001030604,4, 77, 91,8.6,12.1
202601311001030607,7, 79, 94,4.1,5.7
202601311001030609,9, 73, 87,18.5,26.4
202601311001030601,1, 72, 87,20.8,29.7
202601311001030610,10, 77, 92,2.7,3.6
202601311001030606,6, 72, 87,5.7,8.0
202601311001030616,16, 83, 97,2.1,2.8
202601311001030608,8, 82, 96,9.7,13.7
202601311001030611,11, 85, 99,1.6,1.9
202601311001030617,17,,,38.5,55.1
202601311001030613,13, 79, 93,2.1,2.9
202601311001030614,14, 76, 91,2.3,3.1
202601311001030510,10,,,1.1,1.4
202601311001030501,1,,,1.4,2.4
202601311001030507,7,,,1.1,1.5
202601311001030508,8,,,3.7,7.0
202601311001030511,11,,,2.9,5.3
202601311001030505,5,,,3.9,7.3
202601311001030503,3, 98, 93,1.6,2.7
202601311001030506,6, 43, 62,13.6,26.2
202601311001030504,4, 67, 76,3.8,7.1
202601311001030509,9, 76, 76,3.3,6.1
202601311001030502,2, 79, 87,,
202601311001030401,1,,,1.3,2.0
202601311001030407,7,,,1.7,3.0
202601311001030411,11,,,3.3,6.0
202601311001030406,6,,,10.5,20.0
202601311001030402,2,,,1.1,1.3
202601311001030404,4,,,20.0,38.1
202601311001030403,3,,,2.5,4.4
202601311001030410,10,,,6.5,12.2
202601311001030409,9,,,6.5,12.3
202601311001030408,8,,,2.2,3.9
202601311001030405,5,,,6.5,12.3
202601311001030412,12,,,1.6,2.7
202601311001030306,6, 82, 91,2.3,3.5
202601311001030302,2, 83, 93,1.9,2.7
202601311001030301,1, 82, 92,6.0,9.5
202601311001030313,13, 76, 85,6.8,10.7
202601311001030307,7, 86, 96,1.2,1.4
202601311001030310,10, 83, 93,2.6,3.9
202601311001030314,14, 89, 98,3.7,5.6
202601311001030312,12, 82, 91,8.6,13.7
202601311001030303,3, 68, 78,3.8,5.9
202601311001030315,15,,,3.4,5.3
202601311001030305,5, 89, 98,2.8,4.2
202601311001030311,11, 86, 95,2.6,4.0
202601311001030308,8, 71, 80,14.0,22.2
202601311001030304,4, 78, 87,16.9,26.7
202601311001030316,16, 63, 72,6.5,10.2
202601311001030309,9, 79, 88,8.4,13.3
202601311001030211,11, 83,101,1.1,1.1
202601311001030204,4, 76, 94,2.9,7.4
202601311001030203,3, 76, 94,4.1,10.7
202601311001030216,16, 78, 96,1.5,3.3
202601311001030201,1, 78, 95,1.3,2.7
202601311001030210,10, 78, 95,2.9,7.5
202601311001030202,2, 76, 94,5.0,13.2
202601311001030207,7, 74, 89,11.6,31.9
202601311001030217,17, 62, 77,37.3,104.9
202601311001030213,13, 75, 93,7.8,21.2
202601311001030212,12, 76, 91,4.5,12.0
202601311001030209,9, 80, 97,3.2,8.1
202601311001030214,14, 60, 75,31.8,89.3
202601311001030206,6, 61, 79,45.2,127.1
202601311001030208,8, 79, 94,29.4,82.5
202601311001030205,5, 58, 75,25.3,70.7
202601311001030215,15, 80, 99,2.9,7.4
202601311001030218,18, 61, 78,65.6,184.9
202601311001030107,7, 80, 94,1.1,1.1
202601311001030105,5, 86, 99,1.3,3.1
202601311001030101,1, 77, 91,2.6,7.5
202601311001030102,2, 74, 88,8.4,27.0
202601311001030114,14, 67, 81,2.5,7.2
202601311001030109,9, 72, 86,16.3,53.7
202601311001030104,4, 77, 91,7.7,24.8
202601311001030112,12, 63, 78,4.9,15.4
202601311001030110,10, 84, 99,1.4,3.5
202601311001030113,13, 80, 95,3.4,10.4
202601311001030111,11, 75, 89,6.0,19.0
202601311001030103,3, 50, 65,31.1,102.8
202601311001030106,6, 63, 79,3.5,10.5
202601311001030108,8, 55, 69,5.8,18.3
202601310501011210,10, 89, 97,1.2,1.9
202601310501011207,7, 91, 99,1.1,1.2
202601310501011209,9, 86, 94,1.5,2.5
202601310501011203,3, 72, 81,9.5,19.3
202601310501011204,4, 90, 98,6.6,13.4
202601310501011205,5, 88, 97,7.1,14.3
202601310501011201,1, 82, 90,4.7,9.3
202601310501011212,12, 92,101,2.0,3.7
202601310501011206,6, 80, 89,16.7,34.1
202601310501011211,11, 86, 94,5.3,10.7
202601310501011208,8, 72, 80,3.4,6.5
202601310501011202,2, 76, 84,1.8,3.2
202601310501011104,4,111,103,1.4,1.9
202601310501011101,1,108,100,1.8,2.8
202601310501011106,6,110,102,1.1,1.3
202601310501011102,2,108,100,1.6,2.6
202601310501011108,8,111, 94,2.8,4.7
202601310501011105,5,119, 97,5.8,10.2
202601310501011103,3,112, 95,1.9,3.0
202601310501011107,7,110, 93,7.0,12.3
202601310501011109,9,103, 77,5.3,9.2
202601310501011110,10,116, 94,3.0,5.1
202601310501011002,2, 91, 88,1.7,2.2
202601310501011001,1, 92, 92,3.1,4.3
202601310501011009,9, 91, 89,1.5,1.9
202601310501011012,12, 95,100,1.8,2.4
202601310501011004,4, 88, 82,3.7,5.2
202601310501011008,8, 83, 98,8.4,12.3
202601310501011003,3, 87,102,3.2,4.5
202601310501011005,5, 87, 85,19.1,27.8
202601310501011010,10, 95, 85,1.6,2.2
202601310501011015,15, 87,102,9.4,13.7
202601310501011013,13, 89, 86,50.8,73.8
202601310501011011,11, 88, 86,5.8,8.4
202601310501011006,6, 89, 89,9.2,13.4
202601310501011007,7, 88,103,3.8,5.3
202601310501011014,14, 85, 83,7.1,10.3
202601310501010901,1,103, 96,8.3,12.8
202601310501010915,15,103, 96,2.0,2.8
202601310501010908,8,106, 99,1.4,1.8
202601310501010906,6,106, 99,3.3,4.9
202601310501010907,7,101, 94,15.6,24.4
202601310501010912,12,100, 94,7.7,12.0
202601310501010905,5,104,104,1.8,2.6
202601310501010911,11, 98, 90,19.2,30.0
202601310501010909,9, 91, 84,4.1,6.3
202601310501010903,3, 91, 84,7.6,11.7
202601310501010914,14,100,100,11.8,18.3
202601310501010910,10, 92, 85,6.5,9.9
202601310501010913,13, 94, 87,4.8,7.3
202601310501010904,4,100, 92,55.8,87.3
202601310501010902,2, 97, 97,1.5,2.0
202601310501010916,16, 91, 84,2.0,2.9
202601310501010810,10,101,101,1.5,2.1
202601310501010806,6, 99, 99,1.8,2.6
202601310501010803,3, 88, 88,4.8,7.4
202601310501010808,8,102,102,1.5,2.0
202601310501010814,14, 91, 91,1.4,1.8
202601310501010809,9, 85, 85,1.8,2.6
202601310501010805,5, 94, 94,18.3,28.7
202601310501010811,11, 93,103,3.1,4.6
202601310501010807,7, 91, 91,20.6,32.4
202601310501010801,1, 91, 91,32.7,51.4
202601310501010812,12, 82, 82,16.6,25.9
202601310501010815,15, 97, 97,8.7,13.5
202601310501010804,4, 84, 84,6.0,9.2
202601310501010816,16, 90, 90,22.4,35.2
202601310501010802,2, 67, 67,7.9,12.2
202601310501010813,13, 91, 91,38.2,60.1
202601310501010710,10, 91,108,1.4,2.4
202601310501010708,8, 91,107,2.4,4.4
202601310501010714,14, 91,108,2.6,4.8
202601310501010713,13, 89,104,5.5,10.7
202601310501010712,12, 95,110,1.1,1.2
202601310501010704,4, 71, 76,4.4,8.6
202601310501010702,2, 80, 85,8.5,16.9
202601310501010705,5,,,2.2,4.0
202601310501010709,9, 92,109,7.4,14.5
202601310501010715,15, 82, 87,5.9,11.5
202601310501010703,3, 91, 96,8.7,17.3
202601310501010716,16,,,48.4,97.9
202601310501010701,1,101, 96,1.6,2.7
202601310501010711,11, 88,103,12.1,24.3
202601310501010707,7, 83, 98,16.2,32.6
202601310501010706,6, 86,101,21.1,42.6
202601310501010609,9, 84, 99,2.1,9.0
202601310501010611,11, 80, 95,1.1,1.1
202601310501010602,2, 81, 96,2.1,9.0
202601310501010613,13, 79, 96,1.6,6.0
202601310501010604,4, 78, 95,5.7,27.6
202601310501010607,7, 72, 87,20.6,104.7
202601310501010615,15, 62, 79,17.8,90.5
202601310501010608,8, 81, 96,2.8,12.6
202601310501010606,6, 75, 90,5.6,26.9
202601310501010612,12, 81, 96,2.4,10.2
202601310501010616,16, 77, 92,46.1,237.6
202601310501010610,10, 84, 99,1.5,5.8
202601310501010603,3, 76, 91,21.5,109.8
202601310501010601,1, 70, 85,77.3,399.5
202601310501010605,5,,,25.1,128.3
202601310501010614,14, 43, 58,84.5,437.0
202601310501010503,3,,,2.8,5.4
202601310501010507,7,,,1.2,1.7
202601310501010504,4,,,2.7,5.1
202601310501010506,6,,,3.8,7.7
202601310501010508,8,,,2.2,4.2
202601310501010509,9,,,28.2,59.7
202601310501010511,11,,,14.6,30.8
202601310501010505,5,,,2.3,4.3
202601310501010515,15,,,1.1,1.3
202601310501010501,1,,,6.8,14.0
202601310501010510,10,,,7.3,15.0
202601310501010512,12,,,14.8,31.1
202601310501010516,16,,,2.3,4.3
202601310501010513,13,,,10.8,22.7
202601310501010502,2,,,12.6,26.4
202601310501010514,14,,,5.6,11.4
202601310501010411,11,,,2.4,4.0
202601310501010410,10,,,1.2,1.8
202601310501010401,1,,,1.1,1.6
202601310501010405,5,,,1.2,1.8
202601310501010413,13,,,3.4,5.7
202601310501010404,4,,,14.9,26.7
202601310501010412,12,,,3.6,6.2
202601310501010414,14,,,4.4,7.6
202601310501010416,16,,,21.5,38.7
202601310501010403,3,,,27.8,50.0
202601310501010415,15,,,7.0,12.4
202601310501010402,2,,,6.0,10.5
202601310501010408,8,,,23.3,42.0
202601310501010407,7,,,12.1,21.6
202601310501010409,9,,,34.8,62.7
202601310501010406,6,,,3.6,6.1
202601310501010302,2, 68, 83,1.4,3.3
202601310501010311,11, 67, 84,4.3,11.6
202601310501010307,7, 81, 99,1.1,1.1
202601310501010312,12, 65, 82,3.1,8.1
202601310501010313,13, 80, 95,1.7,4.0
202601310501010301,1, 79, 94,3.0,8.0
202601310501010304,4, 63, 81,4.3,11.7
202601310501010303,3, 77, 95,1.4,3.0
202601310501010314,14, 60, 77,57.5,167.5
202601310501010309,9, 62, 80,15.6,44.7
202601310501010305,5, 72, 87,6.4,17.7
202601310501010315,15, 38, 55,29.5,85.6
202601310501010308,8,,,15.5,44.6
202601310501010306,6, 70, 88,5.5,15.3
202601310501010310,10, 63, 78,104.2,304.0
202601310501010216,16, 46, 55,7.4,12.0
202601310501010203,3, 86, 95,4.6,7.3
202601310501010207,7, 83, 92,1.4,1.9
202601310501010205,5, 91,100,1.9,2.8
202601310501010204,4, 74, 83,20.4,33.6
202601310501010209,9,,,7.2,11.6
202601310501010208,8, 81, 90,18.8,30.9
202601310501010206,6, 64, 73,19.1,31.4
202601310501010214,14, 64, 74,2.5,3.8
202601310501010215,15, 84, 93,2.9,4.5
202601310501010210,10, 65, 74,3.3,5.2
202601310501010201,1, 75, 84,7.1,11.5
202601310501010202,2, 90, 99,3.7,5.8
202601310501010212,12, 76, 85,4.0,6.3
202601310501010211,11, 86, 95,1.3,1.7
202601310501010213,13, 84, 93,3.6,5.6
202601310501010102,2, 85,100,1.3,2.2
202601310501010110,10, 84, 99,1.5,2.6
202601310501010109,9, 78, 93,1.3,2.1
202601310501010108,8, 88,103,1.1,1.2
202601310501010111,11, 76, 91,21.2,43.1
202601310501010112,12, 65, 80,16.6,33.7
202601310501010101,1, 62, 77,11.2,22.6
202601310501010115,15, 79, 94,6.9,13.7
202601310501010104,4,,,4.2,8.1
202601310501010103,3, 80, 95,2.7,5.1
202601310501010105,5, 70, 85,3.5,6.7
202601310501010113,13, 71, 86,11.1,22.2
202601310501010107,7, 71, 86,34.9,71.2
202601310501010106,6,,,60.4,123.3
202601310501010116,16,,,46.7,95.2
202601310501010114,14,,,29.6,60.4
202601310802011215,15,,,1.8,2.4
202601310802011209,9, 87, 95,10.6,15.7
202601310802011208,8, 90, 98,2.5,3.5
202601310802011212,12, 93, 93,1.4,1.7
202601310802011210,10, 88,104,4.8,7.0
202601310802011205,5, 89, 97,1.8,2.5
202601310802011202,2, 75, 84,14.4,21.5
202601310802011217,17, 69, 79,7.1,10.5
202601310802011211,11, 74, 84,28.1,41.9
202601310802011201,1, 92,100,2.2,3.1
202601310802011214,14, 75, 84,21.8,32.5
202601310802011207,7, 85, 94,2.0,2.7
202601310802011204,4, 81, 90,11.1,16.5
202601310802011216,16, 71, 79,8.5,12.5
202601310802011203,3, 84, 93,11.3,16.8
202601310802011206,6, 85,100,9.9,14.7
202601310802011213,13, 50, 67,5.4,7.9
202601310802011109,9,102, 96,1.1,1.5
202601310802011102,2,100,100,1.4,2.1
202601310802011113,13, 99, 92,1.8,2.9
202601310802011111,11, 99, 91,3.9,6.8
202601310802011104,4, 87, 80,11.5,20.8
202601310802011106,6, 86, 79,8.3,14.9
202601310802011110,10,101,101,2.5,4.2
202601310802011107,7, 87, 80,3.9,6.7
202601310802011105,5,104,104,1.2,1.7
202601310802011108,8,100, 93,6.1,10.9
202601310802011112,12, 96, 89,10.2,18.5
202601310802011103,3, 88, 81,12.5,22.6
202601310802011101,1, 86, 80,5.6,9.9
202601310802011001,1, 90, 90,1.5,2.1
202601310802011008,8, 90, 98,1.3,1.8
202601310802011002,2, 91, 99,1.3,1.9
202601310802011006,6,100,100,1.2,1.6
202601310802011004,4, 90, 90,4.7,7.3
202601310802011007,7, 87, 87,1.7,2.4
202601310802011005,5, 91, 91,5.1,7.8
202601310802011003,3, 89, 75,3.6,5.6
202601310802010910,10, 90, 90,1.6,2.2
202601310802010907,7, 93,103,3.0,4.4
202601310802010902,2,102,102,1.7,2.3
202601310802010904,4, 96, 96,1.7,2.3
202601310802010905,5, 65, 65,7.8,11.7
202601310802010909,9, 91, 91,11.4,17.3
202601310802010911,11, 98, 98,1.4,1.8
202601310802010908,8, 92, 92,20.7,31.5
202601310802010903,3, 92, 92,19.9,30.4
202601310802010913,13, 93, 93,1.8,2.5
202601310802010906,6, 89, 89,38.4,58.7
202601310802010901,1, 93, 93,8.4,12.7
202601310802010912,12, 93, 93,2.9,4.2
202601310802010804,4, 86, 95,1.5,2.7
202601310802010809,9, 82, 91,1.8,3.4
202601310802010801,1, 96,105,1.1,1.4
202601310802010808,8, 94,103,1.1,1.4
202601310802010803,3, 84, 93,3.1,6.3
202601310802010806,6, 86, 95,4.6,9.5
202601310802010802,2,,,9.4,20.0
202601310802010805,5, 54, 63,10.8,23.1
202601310802010810,10, 72, 81,1.5,2.8
202601310802010807,7, 74, 83,5.7,12.0
202601310802010706,6, 89, 95,2.3,4.2
202601310802010708,8, 96,102,1.1,1.3
202601310802010707,7, 89, 95,2.1,3.7
202601310802010710,10, 93,111,1.6,2.8
202601310802010705,5, 91,108,1.7,3.0
202601310802010701,1, 90, 96,3.2,6.0
202601310802010704,4, 79, 97,14.3,27.8
202601310802010702,2, 92, 98,1.3,1.8
202601310802010711,11, 89, 95,5.1,9.7
202601310802010709,9, 68, 73,10.6,20.5
202601310802010703,3, 81, 99,6.6,12.7
202601310802010608,8, 83, 98,1.5,2.3
202601310802010616,16, 74, 89,9.6,17.0
202601310802010614,14, 78, 96,1.3,1.8
202601310802010605,5, 69, 88,3.7,6.3
202601310802010612,12, 79, 96,2.4,4.0
202601310802010606,6, 47, 65,2.6,4.3
202601310802010615,15, 84, 99,1.2,1.6
202601310802010613,13, 68, 85,6.9,12.2
202601310802010609,9, 72, 89,38.9,70.0
202601310802010602,2, 76, 93,4.3,7.4
202601310802010610,10, 78, 95,6.9,12.2
202601310802010604,4, 79, 96,2.2,3.7
202601310802010611,11, 74, 91,17.8,31.9
202601310802010607,7, 62, 77,36.6,66.0
202601310802010603,3, 68, 86,21.6,38.8
202601310802010601,1, 50, 69,20.6,37.1
202601310802010503,3,,,1.4,1.7
202601310802010515,15,,,2.0,2.9
202601310802010511,11,,,1.5,2.0
202601310802010508,8,,,2.8,4.2
202601310802010506,6,,,4.4,6.7
202601310802010510,10,,,1.7,2.4
202601310802010507,7,,,11.1,17.5
202601310802010504,4,,,2.2,3.2
202601310802010512,12,,,6.1,9.4
202601310802010514,14,,,8.6,13.5
202601310802010509,9,,,4.3,6.5
202601310802010513,13,,,6.6,10.3
202601310802010505,5,,,35.7,56.5
202601310802010502,2,,,12.2,19.2
202601310802010501,1,,,38.9,61.6
202601310802010408,8, 84,102,1.0,1.0
202601310802010406,6, 75, 93,1.3,6.6
202601310802010405,5, 51, 68,1.3,6.8
202601310802010409,9, 79, 94,1.8,10.4
202601310802010410,10, 70, 88,2.3,15.0
202601310802010404,4, 58, 75,7.4,54.5
202601310802010402,2, 59, 78,20.6,156.9
202601310802010407,7, 70, 86,3.2,21.4
202601310802010401,1, 52, 69,2.7,18.1
202601310802010411,11, 73, 90,6.6,48.3
202601310802010403,3, 54, 69,37.3,286.5
202601310802010305,5, 81, 97,1.1,1.6
202601310802010312,12, 77, 93,1.1,1.5
202601310802010307,7, 79, 96,1.1,1.8
202601310802010304,4, 77, 92,1.7,2.9
202601310802010310,10, 73, 88,11.4,22.3
202601310802010303,3, 66, 84,3.0,5.4
202601310802010311,11,,,4.5,8.4
202601310802010313,13, 42, 59,34.7,68.8
202601310802010302,2,,,22.5,44.5
202601310802010301,1, 65, 80,9.8,19.0
202601310802010306,6, 58, 75,12.9,25.3
202601310802010309,9, 70, 85,20.8,41.2
202601310802010308,8, 49, 67,3.8,7.2
202601310802010209,9,,,1.1,3.6
202601310802010202,2, 80, 98,1.0,1.1
202601310802010205,5, 65, 82,1.6,7.7
202601310802010208,8, 68, 86,1.5,7.2
202601310802010207,7, 73, 91,1.3,5.9
202601310802010201,1, 65, 83,10.9,70.9
202601310802010203,3, 63, 81,7.6,48.3
202601310802010206,6, 36, 54,22.9,151.2
202601310802010204,4, 71, 88,3.9,23.4
202601310802010102,2, 84, 99,1.1,1.5
202601310802010106,6, 86,100,1.1,1.5
202601310802010109,9, 82, 97,2.0,3.7
202601310802010101,1, 62, 77,22.2,46.7
202601310802010112,12, 81, 97,1.7,3.0
202601310802010116,16,,,4.5,9.1
202601310802010108,8, 67, 82,22.9,48.1
202601310802010105,5, 78, 93,7.1,14.5
202601310802010114,14, 68, 85,1.7,3.0
202601310802010107,7, 74, 88,3.7,7.3
202601310802010115,15, 74, 89,4.6,9.3
202601310802010104,4, 63, 78,47.2,99.6
202601310802010111,11,,,4.8,9.7
202601310802010110,10, 29, 47,28.1,59.2
202601310802010103,3, 60, 74,30.5,64.3
202601310802010113,13, 47, 62,53.1,112.0
202601250601091215,15, 82, 99,1.4,2.3
202601250601091214,14, 87,104,1.1,1.5
202601250601091207,7, 84, 99,1.2,1.6
202601250601091205,5, 73, 88,5.4,10.2
202601250601091209,9, 81, 98,1.8,3.0
202601250601091211,11, 68, 82,26.2,51.5
202601250601091204,4, 79, 94,3.3,6.1
202601250601091206,6,,,12.1,23.6
202601250601091213,13, 81, 96,2.7,4.9
202601250601091203,3, 75, 89,5.3,10.0
202601250601091202,2, 73, 88,14.6,28.5
202601250601091210,10, 56, 70,7.7,14.8
202601250601091212,12, 62, 77,47.4,93.2
202601250601091216,16, 18, 36,5.7,10.9
202601250601091201,1, 54, 69,14.7,28.7
202601250601091208,8, 32, 46,27.6,54.2
202601250601091109,9,103, 79,1.6,2.3
202601250601091114,14,119, 97,1.2,1.5
202601250601091116,16,109, 93,31.9,52.4
202601250601091105,5,111, 95,2.4,3.7
202601250601091106,6,108, 92,38.4,63.1
202601250601091112,12,117, 95,2.1,3.1
202601250601091104,4,112, 88,1.6,2.3
202601250601091110,10, 90, 74,5.9,9.5
202601250601091111,11,115, 93,9.2,14.9
202601250601091113,13,102, 85,16.9,27.6
202601250601091103,3,115, 89,2.3,3.5
202601250601091115,15, 63, 39,3.1,4.9
202601250601091101,1,114, 92,5.0,7.9
202601250601091102,2,102, 90,31.9,52.3
202601250601091107,7,101, 89,30.7,50.5
202601250601091108,8,104, 82,17.3,28.3
202601250601091009,9,103, 99,1.3,1.9
202601250601091016,16, 98, 94,1.5,2.3
202601250601091002,2, 99, 95,1.8,2.7
202601250601091004,4,109,105,1.2,1.6
202601250601091011,11, 93, 88,15.0,26.0
202601250601091010,10, 97, 93,11.8,20.5
202601250601091008,8, 96, 90,3.2,5.3
202601250601091003,3,100, 94,11.4,19.7
202601250601091007,7, 80, 76,23.9,41.5
202601250601091013,13, 95, 91,45.8,79.8
202601250601091012,12, 99, 95,13.4,23.3
202601250601091006,6, 74, 67,7.4,12.6
202601250601091015,15,100, 94,5.6,9.5
202601250601091005,5, 89, 83,20.6,35.8
202601250601091014,14, 97, 91,1.8,2.7
202601250601091001,1, 93, 89,15.5,26.9
202601250601090901,1, 88, 93,1.1,1.4
202601250601090905,5, 81, 99,1.3,1.8
202601250601090904,4, 84, 89,2.1,3.6
202601250601090903,3, 89, 83,3.6,6.4
202601250601090912,12, 90, 87,4.9,8.8
202601250601090907,7, 91, 96,2.4,4.1
202601250601090906,6, 82, 99,2.4,4.2
202601250601090902,2, 83,101,1.9,3.2
202601250601090911,11, 68, 73,2.8,4.9
202601250601090909,9, 65, 70,42.1,76.7
202601250601090908,8, 87, 92,7.0,12.6
202601250601090910,10, 86, 81,4.2,7.4
202601250601090802,2,102,102,1.1,1.3
202601250601090809,9, 96, 96,3.0,5.4
202601250601090812,12, 91,100,3.4,6.3
202601250601090808,8, 99, 99,1.3,2.0
202601250601090807,7, 89, 89,17.3,33.8
202601250601090813,13, 92, 92,16.1,31.5
202601250601090805,5, 97, 97,1.6,2.6
202601250601090804,4, 92, 92,27.6,54.3
202601250601090810,10,,,51.0,100.3
202601250601090815,15, 85, 85,13.8,26.9
202601250601090801,1, 87, 87,13.5,26.3
202601250601090806,6, 99, 99,4.5,8.4
202601250601090803,3, 89, 98,5.9,11.3
202601250601090811,11, 88, 88,4.8,9.1
202601250601090814,14, 94, 94,1.4,2.3
202601250601090703,3, 98, 98,1.1,1.2
202601250601090705,5, 96, 96,1.5,3.7
202601250601090701,1,100,100,1.1,1.2
202601250601090709,9, 83, 83,3.1,8.8
202601250601090710,10, 92, 92,2.7,7.6
202601250601090707,7, 93, 93,3.4,9.9
202601250601090708,8, 96, 96,1.5,3.8
202601250601090704,4, 91, 91,6.7,20.3
202601250601090702,2, 93, 93,2.9,8.3
202601250601090706,6, 84, 84,,
202601250601090609,9, 85, 94,2.3,6.6
202601250601090613,13, 89, 98,1.7,4.6
202601250601090610,10, 86, 95,1.8,4.8
202601250601090605,5, 90, 99,1.1,1.1
202601250601090611,11, 79, 88,9.9,32.2
202601250601090615,15, 84, 94,21.7,71.8
202601250601090604,4, 79, 88,9.1,29.6
202601250601090612,12, 90, 99,1.4,3.1
202601250601090614,14, 80, 89,5.0,15.8
202601250601090602,2, 57, 66,69.5,232.2
202601250601090608,8, 75, 84,6.9,22.2
202601250601090603,3,,,118.1,395.3
202601250601090607,7, 81, 90,27.2,90.4
202601250601090601,1, 85, 94,1.7,4.5
202601250601090606,6, 78, 87,19.3,63.6
202601250601090512,12,,,17.8,37.0
202601250601090506,6,,,15.5,32.1
202601250601090504,4,,,1.6,2.7
202601250601090510,10,,,6.3,12.8
202601250601090517,17,,,5.3,10.7
202601250601090509,9,,,30.6,63.8
202601250601090514,14,,,7.2,14.6
202601250601090515,15,,,7.0,14.3
202601250601090501,1,,,4.1,8.2
202601250601090502,2,,,1.1,1.3
202601250601090508,8,,,1.6,2.9
202601250601090505,5,,,7.6,15.4
202601250601090503,3,,,8.9,18.2
202601250601090516,16,,,1.2,1.7
202601250601090513,13,,,7.6,15.5
202601250601090507,7,,,35.6,74.1
202601250601090511,11,,,3.3,6.4
202601250601090518,18,,,19.5,40.6
202601250601090404,4,,,6.8,10.7
202601250601090407,7,,,1.4,2.0
202601250601090414,14,,,1.3,1.8
202601250601090416,16,,,2.3,3.4
202601250601090412,12,,,1.9,2.7
202601250601090403,3,,,22.6,36.1
202601250601090415,15,,,18.7,29.9
202601250601090408,8,,,4.4,6.8
202601250601090405,5,,,8.9,14.1
202601250601090410,10,,,6.9,10.8
202601250601090402,2,,,1.4,1.9
202601250601090401,1,,,19.2,30.6
202601250601090406,6,,,3.0,4.6
202601250601090409,9,,,9.0,14.2
202601250601090411,11,,,37.8,60.3
202601250601090413,13,,,15.7,25.0
202601250601090312,12, 87,102,1.1,1.1
202601250601090314,14, 72, 87,2.0,9.6
202601250601090308,8, 84, 99,1.4,5.7
202601250601090306,6, 75, 90,9.9,57.6
202601250601090302,2, 84, 99,2.3,11.4
202601250601090305,5, 68, 83,3.6,19.2
202601250601090311,11, 62, 76,31.2,186.2
202601250601090315,15, 80, 95,3.5,18.6
202601250601090316,16, 70, 83,5.3,29.5
202601250601090310,10, 80, 95,1.8,8.7
202601250601090307,7, 58, 76,10.7,62.2
202601250601090304,4, 67, 81,23.5,140.0
202601250601090313,13, 73, 87,5.2,29.3
202601250601090303,3, 62, 77,29.8,178.1
202601250601090309,9, 60, 75,3.7,19.7
202601250601090301,1, 36, 51,11.2,65.1
202601250601090212,12, 78, 96,1.0,1.0
202601250601090206,6, 58, 75,8.0,55.5
202601250601090205,5, 76, 94,1.5,7.9
202601250601090207,7, 74, 93,1.5,7.8
202601250601090208,8, 72, 89,2.2,13.1
202601250601090202,2, 64, 82,4.5,29.9
202601250601090213,13, 45, 63,12.5,89.0
202601250601090210,10, 52, 70,10.8,76.2
202601250601090203,3, 53, 71,36.2,262.1
202601250601090201,1, 70, 88,1.7,9.2
202601250601090209,9, 50, 68,32.7,236.6
202601250601090204,4, 62, 81,3.4,21.6
202601250601090211,11,,,4.6,31.1
202601250601090214,14,,,8.6,60.1
202601250601090106,6, 82, 97,1.2,1.8
202601250601090111,11, 70, 85,1.2,1.6
202601250601090107,7,,,14.2,24.8
202601250601090105,5, 84, 99,1.2,1.8
202601250601090113,13, 79, 93,2.2,3.6
202601250601090112,12, 83, 97,2.2,3.5
202601250601090103,3,,,4.2,7.0
202601250601090116,16, 70, 84,16.1,28.2
202601250601090114,14, 77, 91,28.2,49.7
202601250601090115,15, 69, 84,9.7,16.8
202601250601090110,10, 66, 80,41.9,74.1
202601250601090108,8, 62, 77,88.8,157.0
202601250601090104,4, 71, 85,2.2,3.5
202601250601090102,2, 53, 70,34.5,60.9
202601250601090109,9,,,59.0,104.4
202601250601090101,1, 60, 74,30.6,53.9
202601250801091202,2,,,1.6,2.5
202601250801091203,3, 90, 99,2.2,3.6
202601250801091209,9, 91, 99,1.2,1.5
202601250801091205,5, 86, 95,1.3,2.0
202601250801091201,1, 74, 83,3.6,6.1
202601250801091206,6, 88, 96,2.1,3.4
202601250801091207,7,,,20.4,34.6
202601250801091204,4, 88, 97,1.2,1.8
202601250801091208,8, 54, 63,11.7,19.8
202601250801091113,13,,,1.4,1.7
202601250801091116,16,,,8.5,12.8
202601250801091101,1,115,103,3.4,5.0
202601250801091109,9,119,107,1.8,2.5
202601250801091115,15,109, 86,3.3,4.8
202601250801091114,14,109, 97,3.1,4.5
202601250801091110,10,120,109,2.2,3.2
202601250801091111,11,110, 96,7.3,10.9
202601250801091102,2,120,104,1.7,2.3
202601250801091107,7,104, 92,3.3,4.8
202601250801091103,3, 92, 80,38.6,58.5
202601250801091105,5,105, 98,5.6,8.2
202601250801091112,12, 99, 83,3.8,5.5
202601250801091104,4, 87, 75,17.8,26.9
202601250801091106,6,,,10.0,15.0
202601250801091108,8,100, 88,36.2,54.8
202601250801091017,17, 96, 96,5.8,8.2
202601250801091018,18,101, 93,3.6,5.0
202601250801091005,5, 99, 93,3.8,5.3
202601250801091016,16, 99, 93,2.4,3.3
202601250801091008,8,104, 96,2.3,3.2
202601250801091007,7,100, 94,4.2,6.0
202601250801091002,2,102, 96,1.7,2.2
202601250801091012,12, 97, 92,10.1,14.5
202601250801091013,13, 95, 89,5.5,7.8
202601250801091009,9,102, 96,1.7,2.3
202601250801091015,15, 70, 65,11.9,17.1
202601250801091014,14, 93, 87,21.4,30.9
202601250801091011,11, 98, 98,1.6,2.1
202601250801091001,1, 92, 84,45.0,64.9
202601250801091006,6, 91, 85,12.5,18.0
202601250801091010,10, 97, 89,17.3,25.0
202601250801091003,3, 98, 92,5.9,8.4
202601250801091004,4, 94, 88,47.9,69.1
202601250801090909,9, 89,107,1.3,2.0
202601250801090902,2, 88,103,1.2,1.7
202601250801090903,3, 92, 89,1.1,1.4
202601250801090906,6, 88,103,1.6,2.6
202601250801090904,4, 83,100,5.0,8.8
202601250801090907,7, 78, 83,13.3,23.9
202601250801090905,5, 85,100,3.3,5.8
202601250801090901,1, 85,100,2.8,4.9
202601250801090908,8, 83,100,2.3,3.9
202601250801090809,9, 91, 91,2.0,3.3
202601250801090804,4, 99, 99,1.1,1.3
202601250801090808,8, 82, 82,1.3,2.0
202601250801090807,7, 98, 98,1.3,1.9
202601250801090801,1, 83, 83,2.7,4.7
202601250801090803,3, 93, 93,1.9,3.1
202601250801090802,2, 93, 93,4.3,7.7
202601250801090806,6, 79, 79,12.8,23.7
202601250801090810,10, 86, 86,7.0,12.9
202601250801090805,5, 85, 85,8.2,15.2
202601250801090705,5,,,1.1,1.1
202601250801090702,2, 80, 80,1.3,3.0
202601250801090704,4, 86, 86,3.6,9.8
202601250801090701,1, 92, 92,1.7,4.2
202601250801090710,10, 94,102,1.1,2.1
202601250801090708,8, 91, 91,2.1,5.2
202601250801090703,3, 94, 94,3.9,10.8
202601250801090706,6, 97, 97,4.5,12.6
202601250801090707,7, 94, 94,5.5,15.5
202601250801090709,9, 82, 82,14.1,41.0
202601250801090601,1, 90, 99,1.3,2.5
202601250801090605,5, 91,100,1.1,1.1
202601250801090606,6, 79, 89,1.4,2.9
202601250801090603,3, 84, 99,4.4,11.2
202601250801090615,15, 82, 91,3.8,9.4
202601250801090614,14, 75, 85,3.7,9.2
202601250801090610,10, 84, 93,8.5,22.1
202601250801090616,16, 61, 70,8.5,22.1
202601250801090613,13, 89, 98,2.3,5.3
202601250801090608,8, 89, 98,2.5,6.0
202601250801090602,2, 83, 92,7.7,20.0
202601250801090604,4, 63, 73,42.8,114.3
202601250801090609,9, 65, 74,5.6,14.2
202601250801090612,12, 81, 90,13.1,34.6
202601250801090611,11, 72, 81,67.5,180.4
202601250801090607,7, 87, 97,,
202601250801090513,13,,,1.2,1.5
202601250801090515,15,,,3.7,5.8
202601250801090516,16,,,13.2,21.8
202601250801090517,17,,,3.9,6.3
202601250801090514,14,,,8.9,14.7
202601250801090508,8,,,2.3,3.5
202601250801090505,5,,,4.5,7.2
202601250801090507,7,,,10.6,17.6
202601250801090502,2,,,12.7,21.0
202601250801090510,10,,,2.6,4.1
202601250801090518,18,,,4.4,7.2
202601250801090504,4,,,24.9,41.3
202601250801090512,12,,,2.9,4.6
202601250801090509,9,,,2.2,3.4
202601250801090501,1,,,7.9,12.9
202601250801090506,6,,,1.7,2.3
202601250801090511,11,,,15.8,26.2
202601250801090503,3,,,35.5,58.9
202601250801090401,1, 90,106,1.1,1.1
202601250801090407,7, 85,101,1.4,5.3
202601250801090404,4, 90,106,1.1,2.6
202601250801090406,6, 77, 92,1.4,5.4
202601250801090408,8, 71, 87,6.6,33.3
202601250801090402,2, 81, 97,2.4,10.8
202601250801090410,10, 80, 95,2.7,12.3
202601250801090403,3, 62, 77,5.9,29.9
202601250801090405,5, 33, 51,44.7,237.4
202601250801090409,9,,,6.2,31.4
202601250801090304,4, 82, 98,1.2,1.7
202601250801090310,10, 80, 95,1.1,1.3
202601250801090308,8, 78, 94,4.0,7.8
202601250801090311,11, 79, 94,1.5,2.7
202601250801090312,12, 75, 91,3.1,5.9
202601250801090303,3, 79, 94,3.4,6.6
202601250801090301,1, 67, 81,9.9,20.1
202601250801090307,7, 77, 92,1.4,2.3
202601250801090305,5, 65, 81,5.2,10.2
202601250801090302,2, 50, 68,8.2,16.5
202601250801090309,9,,,8.0,16.2
202601250801090306,6, 64, 79,12.6,25.5
202601250801090216,16, 78, 96,1.4,2.0
202601250801090211,11, 64, 82,1.9,3.1
202601250801090202,2, 65, 83,2.6,4.3
202601250801090203,3,,,8.1,14.0
202601250801090208,8,,,5.2,8.9
202601250801090214,14, 66, 84,17.6,30.8
202601250801090209,9, 88,105,1.2,1.5
202601250801090210,10, 72, 90,2.1,3.4
202601250801090205,5, 70, 89,3.7,6.1
202601250801090213,13,,,17.4,30.5
202601250801090212,12, 75, 93,1.6,2.5
202601250801090207,7, 61, 80,13.9,24.2
202601250801090201,1, 60, 78,9.3,16.0
202601250801090206,6,,,9.0,15.5
202601250801090215,15, 46, 63,80.3,141.0
202601250801090204,4, 55, 73,78.0,137.0
202601250801090105,5, 78, 96,1.1,1.5
202601250801090106,6, 81, 99,1.4,2.4
202601250801090103,3, 82, 99,1.3,2.3
202601250801090109,9, 80, 97,1.1,1.4
202601250801090104,4, 67, 85,3.4,6.9
202601250801090111,11, 65, 81,18.3,39.2
202601250801090102,2, 58, 75,9.1,19.4
202601250801090108,8, 66, 83,4.1,8.4
202601250801090101,1, 72, 90,3.5,7.0
202601250801090107,7, 62, 80,4.0,8.3
202601250801090110,10, 46, 64,38.5,82.9
202601251001021208,8, 84, 92,2.3,3.4
202601251001021213,13, 85, 93,1.9,2.8
202601251001021207,7, 82, 90,7.4,11.9
202601251001021210,10, 80, 88,1.4,1.8
202601251001021201,1, 80, 88,3.5,5.4
202601251001021205,5, 81, 89,3.2,5.0
202601251001021204,4, 85, 93,6.3,10.1
202601251001021202,2, 83, 92,2.6,3.9
202601251001021214,14,,,4.1,6.4
202601251001021211,11, 84, 92,2.5,3.8
202601251001021203,3, 84, 92,1.4,1.8
202601251001021206,6, 83, 92,6.9,11.0
202601251001021209,9, 52, 60,27.2,43.6
202601251001021212,12, 68, 76,28.9,46.3
202601251001021105,5,102, 94,2.7,4.0
202601251001021103,3,103, 95,1.7,2.5
202601251001021104,4,103,103,1.5,2.2
202601251001021106,6, 93, 85,11.3,18.2
202601251001021102,2, 99, 99,1.7,2.5
202601251001021110,10,100, 92,5.5,8.8
202601251001021112,12,104, 96,2.4,3.6
202601251001021107,7, 99, 91,3.4,5.2
202601251001021101,1, 98, 90,22.4,36.3
202601251001021111,11,101, 93,3.0,4.6
202601251001021109,9, 96, 88,16.4,26.4
202601251001021108,8,106, 98,1.3,1.6
202601251001021001,1, 96, 96,1.9,2.9
202601251001021004,4, 94, 94,2.7,4.1
202601251001021003,3, 98, 98,1.8,2.7
202601251001021008,8, 95, 95,2.5,4.0
202601251001021007,7, 95,105,1.4,1.8
202601251001021016,16, 92,102,2.4,3.7
202601251001021011,11, 85, 85,36.5,61.1
202601251001021005,5, 92, 92,7.1,11.6
202601251001021014,14, 88, 88,12.1,20.0
202601251001021006,6, 92, 92,5.2,8.4
202601251001021015,15, 88, 88,48.4,81.1
202601251001021002,2, 87, 87,38.7,64.9
202601251001021010,10, 93, 93,4.5,7.2
202601251001021012,12, 88, 88,37.7,63.1
202601251001021009,9, 99, 99,1.4,1.8
202601251001021013,13, 52, 52,21.6,36.1
202601251001020913,13, 81, 90,4.1,7.2
202601251001020902,2, 89, 98,1.1,1.3
202601251001020910,10, 83, 92,2.5,4.1
202601251001020906,6, 83, 92,2.8,4.7
202601251001020904,4, 76, 85,39.0,70.2
202601251001020901,1, 86, 95,1.7,2.5
202601251001020915,15, 86, 95,11.7,21.0
202601251001020914,14, 83, 92,7.3,12.9
202601251001020912,12, 77, 87,11.0,19.7
202601251001020911,11, 83, 92,7.4,13.0
202601251001020907,7, 81, 90,2.1,3.4
202601251001020905,5, 86, 95,2.0,3.3
202601251001020908,8, 86,101,3.5,5.9
202601251001020916,16, 85, 94,8.7,15.5
202601251001020903,3, 81, 90,32.7,58.8
202601251001020909,9, 68, 78,4.3,7.4
202601251001020803,3, 87, 95,1.6,2.2
202601251001020809,9, 85, 93,1.9,2.7
202601251001020806,6, 81, 90,3.0,4.4
202601251001020813,13, 81, 89,16.2,25.2
202601251001020808,8, 86, 94,1.4,1.7
202601251001020807,7, 90, 98,1.5,2.1
202601251001020801,1, 88, 96,2.4,3.5
202601251001020815,15, 89, 97,8.8,13.5
202601251001020810,10, 83,101,6.7,10.2
202601251001020814,14, 77, 86,25.6,39.8
202601251001020805,5, 76, 85,5.0,7.5
202601251001020812,12, 86, 95,6.0,9.2
202601251001020802,2, 88, 97,5.5,8.4
202601251001020811,11, 82, 90,8.4,12.9
202601251001020816,16, 23, 32,28.7,44.7
202601251001020804,4, 88, 96,15.7,24.4
202601251001020708,8, 81, 98,1.5,2.1
202601251001020712,12, 77, 95,5.3,9.1
202601251001020718,18, 81, 99,1.8,2.8
202601251001020704,4, 78, 95,2.6,4.3
202601251001020711,11, 54, 71,3.3,5.6
202601251001020702,2, 73, 90,3.4,5.7
202601251001020716,16, 80, 98,1.2,1.4
202601251001020717,17, 71, 89,54.9,98.7
202601251001020710,10, 76, 94,2.0,3.2
202601251001020714,14, 86,103,6.7,11.8
202601251001020701,1, 65, 83,7.0,12.3
202601251001020705,5, 57, 74,35.9,64.4
202601251001020707,7, 63, 80,12.5,22.2
202601251001020706,6, 74, 91,6.3,10.9
202601251001020709,9, 75, 92,7.4,13.0
202601251001020715,15, 43, 58,16.5,29.4
202601251001020713,13, 70, 88,13.4,23.9
202601251001020703,3, 62, 79,44.9,80.6
202601251001020608,8, 76, 91,2.1,9.6
202601251001020607,7, 84, 99,1.1,1.1
202601251001020609,9, 80, 96,1.3,4.4
202601251001020605,5, 75, 91,1.7,7.2
202601251001020602,2, 63, 81,14.5,79.8
202601251001020606,6, 48, 66,16.6,91.4
202601251001020601,1, 76, 92,4.8,24.8
202601251001020611,11, 59, 77,11.0,60.0
202601251001020610,10, 70, 88,3.5,17.6
202601251001020603,3, 72, 90,1.5,6.3
202601251001020604,4, 74, 90,2.4,11.2
202601251001020501,1,,,1.1,1.2
202601251001020513,13,,,2.9,5.6
202601251001020506,6,,,2.0,3.8
202601251001020512,12,,,1.4,2.1
202601251001020516,16,,,7.9,16.3
202601251001020515,15,,,6.8,14.0
202601251001020502,2,,,2.1,4.0
202601251001020508,8,,,6.1,12.4
202601251001020509,9,,,3.8,7.6
202601251001020507,7,,,20.0,42.0
202601251001020517,17,,,15.8,33.1
202601251001020511,11,,,8.3,17.2
202601251001020510,10,,,36.7,77.3
202601251001020504,4,,,16.3,34.2
202601251001020503,3,,,4.8,9.6
202601251001020505,5,,,2.9,5.5
202601251001020518,18,,,6.6,13.4
202601251001020514,14,,,6.7,13.7
202601251001020408,8, 78, 87,7.5,16.6
202601251001020404,4,,,1.1,1.1
202601251001020411,11,,,1.5,2.9
202601251001020406,6,,,1.9,3.6
202601251001020401,1,,,1.3,2.1
202601251001020410,10,,,13.9,31.0
202601251001020405,5,,,4.8,10.5
202601251001020412,12,,,2.2,4.4
202601251001020403,3, 95, 88,2.8,5.7
202601251001020407,7, 17, 26,24.9,55.8
202601251001020402,2, 82, 90,5.9,12.9
202601251001020409,9, 92, 85,3.0,6.3
202601251001020303,3, 74, 84,1.3,1.8
202601251001020302,2,,,1.5,2.2
202601251001020305,5,,,2.2,3.3
202601251001020309,9, 81, 90,14.7,24.3
202601251001020301,1, 89,101,3.2,5.0
202601251001020307,7, 81, 90,21.5,35.5
202601251001020312,12, 86, 95,4.2,6.7
202601251001020311,11, 81, 90,1.3,1.8
202601251001020304,4, 80, 89,3.6,5.6
202601251001020306,6,,,9.4,15.3
202601251001020313,13,,,2.1,3.3
202601251001020314,14, 58, 67,8.0,13.1
202601251001020310,10, 77, 86,59.4,98.2
202601251001020308,8, 47, 57,5.2,8.4
202601251001020204,4, 85,100,1.6,2.2
202601251001020205,5, 83, 97,4.3,6.6
202601251001020217,17, 85, 99,1.8,2.6
202601251001020207,7, 76, 91,6.9,10.9
202601251001020208,8, 82, 96,2.3,3.4
202601251001020211,11, 77, 92,23.6,37.8
202601251001020201,1, 77, 92,10.5,16.6
202601251001020213,13, 71, 84,1.9,2.8
202601251001020203,3, 83, 97,2.0,2.9
202601251001020215,15, 79, 93,6.4,10.1
202601251001020212,12, 75, 89,33.4,53.6
202601251001020210,10,,,11.4,18.1
202601251001020218,18, 62, 76,39.8,63.9
202601251001020202,2, 34, 48,73.0,117.0
202601251001020209,9, 76, 91,15.1,24.1
202601251001020214,14, 83, 98,1.3,1.7
202601251001020206,6, 67, 81,23.5,37.6
202601251001020216,16, 73, 87,14.4,22.8
202601251001020104,4, 68, 87,3.5,5.7
202601251001020110,10, 83,100,1.4,2.2
202601251001020114,14, 65, 83,8.7,14.7
202601251001020101,1, 80, 95,1.4,2.0
202601251001020115,15, 56, 74,21.2,36.5
202601251001020106,6, 65, 80,71.8,124.2
202601251001020111,11, 70, 86,14.5,25.0
202601251001020107,7, 52, 69,13.1,22.4
202601251001020105,5, 58, 73,22.7,39.2
202601251001020102,2, 76, 91,1.7,2.6
202601251001020113,13, 75, 90,6.8,11.5
202601251001020103,3, 81, 96,1.2,1.5
202601251001020109,9, 69, 86,31.4,54.3
202601251001020112,12, 76, 94,1.7,2.6
202601251001020116,16, 63, 78,8.8,15.0
202601251001020108,8,,,27.9,48.2
202601240601081202,2, 90, 99,1.1,1.1
202601240601081208,8, 83, 91,2.0,5.1
202601240601081201,1, 89, 97,1.3,2.4
202601240601081205,5, 81, 90,2.2,5.7
202601240601081211,11, 87, 96,1.9,5.0
202601240601081204,4, 79, 88,2.1,5.5
202601240601081206,6, 78, 86,3.9,11.2
202601240601081207,7, 82, 90,2.8,7.7
202601240601081210,10, 77, 86,44.2,133.7
202601240601081203,3, 86, 94,5.7,16.5
202601240601081209,9, 87, 95,5.7,16.5
202601240601081212,12, 76, 85,18.3,54.9
202601240601081116,16,103, 95,1.5,2.1
202601240601081110,10,105, 97,2.0,2.9
202601240601081104,4, 98, 90,5.6,8.7
202601240601081114,14, 97, 89,8.1,12.7
202601240601081118,18,102, 94,11.9,18.9
202601240601081106,6, 86, 78,20.1,32.2
202601240601081109,9, 89, 81,5.1,8.0
202601240601081101,1,101, 93,14.5,23.2
202601240601081111,11, 94, 86,6.5,10.1
202601240601081107,7, 99, 99,1.3,1.7
202601240601081103,3,100, 92,4.1,6.3
202601240601081105,5, 82, 74,38.3,61.3
202601240601081102,2,103, 95,2.5,3.7
202601240601081108,8,102, 94,1.7,2.5
202601240601081112,12,101, 93,40.6,65.0
202601240601081115,15, 99, 91,4.4,6.8
202601240601081117,17,101, 93,12.4,19.8
202601240601081113,13, 99, 91,5.5,8.6
202601240601081001,1,103,103,1.1,1.4
202601240601081007,7, 98, 98,1.1,1.1
202601240601081008,8, 93, 93,1.9,5.9
202601240601081004,4, 94, 94,2.3,7.6
202601240601081010,10, 99,108,1.2,3.3
202601240601081002,2, 80, 80,5.3,19.5
202601240601081005,5, 82, 82,17.1,65.1
202601240601081003,3, 87, 87,3.0,10.4
202601240601081006,6, 79, 79,17.5,66.8
202601240601081009,9, 92, 92,3.3,11.6
202601240601080907,7, 93, 93,4.6,8.0
202601240601080905,5, 96, 96,1.2,1.8
202601240601080906,6, 93, 93,1.1,1.5
202601240601080902,2, 98, 98,1.1,1.6
202601240601080901,1, 89, 89,2.9,5.0
202601240601080909,9, 86, 86,7.6,13.3
202601240601080903,3, 89, 89,3.0,5.2
202601240601080908,8, 97, 97,3.9,6.9
202601240601080904,4, 97, 97,1.6,2.6
202601240601080811,11, 87, 96,1.3,1.6
202601240601080804,4, 86, 95,1.8,2.7
202601240601080802,2, 89, 99,2.0,3.0
202601240601080808,8, 81, 91,1.5,2.0
202601240601080803,3,,,9.6,15.7
202601240601080812,12, 21, 30,2.0,3.0
202601240601080806,6, 74, 84,2.8,4.4
202601240601080801,1, 86, 95,5.0,8.1
202601240601080810,10, 85, 95,1.9,2.9
202601240601080807,7, 81, 90,6.9,11.3
202601240601080805,5, 62, 72,43.5,71.1
202601240601080809,9, 68, 77,,
202601240601080714,14, 88, 97,2.7,5.1
202601240601080715,15, 90, 99,1.1,1.4
202601240601080701,1, 88, 97,1.4,2.4
202601240601080705,5,,,2.3,4.3
202601240601080713,13, 69, 78,13.9,28.5
202601240601080704,4, 82, 91,4.3,8.4
202601240601080712,12,,,6.0,12.0
202601240601080708,8, 88, 97,6.3,12.6
202601240601080709,9, 96,106,1.1,1.6
202601240601080711,11,,,10.4,21.2
202601240601080707,7, 83, 92,10.9,22.3
202601240601080702,2, 70, 79,5.0,9.8
202601240601080710,10, 86, 98,2.4,4.5
202601240601080706,6,,,92.1,191.3
202601240601080703,3, 61, 70,60.0,124.5
202601240601080716,16, 76, 85,41.4,85.8
202601240601080611,11, 92,109,1.2,1.5
202601240601080604,4, 85,102,8.2,13.5
202601240601080609,9, 82, 88,3.9,6.4
202601240601080606,6, 87,104,1.5,2.1
202601240601080610,10, 83,100,1.6,2.3
202601240601080603,3, 81, 87,24.5,40.8
202601240601080602,2, 93,108,1.6,2.3
202601240601080607,7, 78, 95,9.4,15.7
202601240601080612,12, 85,100,2.6,4.1
202601240601080601,1, 87, 92,7.7,12.7
202601240601080608,8, 70, 76,24.8,41.3
202601240601080605,5, 88, 94,2.5,3.9
202601240601080613,13, 85,100,5.9,9.7
202601240601080517,17, 81, 99,1.4,2.1
202601240601080518,18, 81, 99,4.4,8.2
202601240601080503,3, 73, 88,11.3,21.7
202601240601080508,8, 79, 97,2.8,5.1
202601240601080502,2, 81,100,1.1,1.3
202601240601080505,5, 72, 90,2.8,5.1
202601240601080501,1, 70, 88,3.5,6.5
202601240601080510,10, 80, 99,1.9,3.2
202601240601080507,7, 78, 97,2.4,4.2
202601240601080504,4, 77, 94,2.7,4.9
202601240601080516,16, 68, 86,20.6,40.1
202601240601080506,6, 69, 87,11.0,21.1
202601240601080512,12, 71, 88,34.2,66.7
202601240601080514,14, 65, 83,10.5,20.2
202601240601080513,13, 60, 78,14.1,27.3
202601240601080515,15, 79, 97,11.5,22.1
202601240601080509,9, 63, 80,16.7,32.3
202601240601080511,11,,,56.2,109.6
202601240601080403,3, 79, 96,2.8,6.4
202601240601080410,10, 86,103,1.1,1.1
202601240601080415,15, 77, 95,2.0,4.2
202601240601080414,14, 72, 89,8.0,19.3
202601240601080413,13, 58, 75,4.9,11.4
202601240601080408,8, 78, 96,1.4,2.6
202601240601080412,12, 82,100,1.5,2.9
202601240601080411,11, 83, 98,2.2,4.7
202601240601080401,1, 71, 89,3.5,8.1
202601240601080404,4, 66, 83,4.8,11.3
202601240601080405,5, 48, 66,53.8,133.5
202601240601080402,2, 56, 74,58.9,146.3
202601240601080406,6, 60, 75,22.8,56.1
202601240601080407,7, 51, 70,21.8,53.6
202601240601080409,9, 51, 69,105.0,261.0
202601240601080312,12,,,1.1,1.4
202601240601080302,2,,,1.4,2.0
202601240601080311,11,,,1.6,2.5
202601240601080313,13,,,5.3,9.1
202601240601080307,7,,,4.4,7.5
202601240601080309,9,,,7.1,12.4
202601240601080305,5,,,3.4,5.7
202601240601080314,14,,,10.1,17.9
202601240601080315,15,,,1.5,2.3
202601240601080316,16,,,3.9,6.6
202601240601080308,8,,,10.9,19.3
202601240601080301,1,,,16.8,29.9
202601240601080304,4,,,36.3,64.9
202601240601080310,10,,,24.9,44.5
202601240601080303,3,,,13.3,23.6
202601240601080306,6,,,5.9,10.3
202601240601080204,4, 78, 96,1.4,3.5
202601240601080214,14, 77, 95,1.3,3.2
202601240601080203,3, 87,105,1.1,1.1
202601240601080212,12, 76, 94,1.3,2.9
202601240601080211,11, 57, 75,20.2,64.9
202601240601080207,7, 64, 81,11.9,37.7
202601240601080210,10, 47, 64,31.7,102.5
202601240601080215,15, 73, 88,2.2,5.9
202601240601080205,5, 76, 91,8.3,25.9
202601240601080206,6, 78, 96,5.0,15.3
202601240601080202,2, 62, 81,11.7,37.1
202601240601080213,13, 36, 53,95.7,311.2
202601240601080201,1, 64, 81,5.9,18.2
202601240601080209,9, 57, 76,50.1,162.4
202601240601080208,8, 57, 76,28.1,90.8
202601240601080216,16, 63, 78,73.9,239.9
202601240601080116,16, 89,104,1.1,1.4
202601240601080114,14, 82, 96,4.6,8.7
202601240601080102,2, 85, 99,1.2,1.7
202601240601080109,9, 80, 95,1.6,2.7
202601240601080107,7, 79, 93,4.9,9.3
202601240601080110,10, 68, 83,10.8,20.9
202601240601080111,11, 82, 96,1.8,3.1
202601240601080105,5, 79, 94,7.5,14.5
202601240601080108,8, 39, 54,59.7,117.8
202601240601080104,4, 81, 95,1.5,2.4
202601240601080103,3, 71, 86,10.2,19.8
202601240601080112,12, 79, 93,7.0,13.5
202601240601080115,15, 69, 84,30.9,60.8
202601240601080101,1,,,48.3,95.4
202601240601080106,6, 69, 83,80.9,159.8
202601240601080113,13,,  2,52.9,104.6
202601240801081208,8, 94, 94,1.5,2.2
202601240801081204,4, 96, 96,1.2,1.5
202601240801081210,10, 87, 87,1.8,2.7
202601240801081203,3, 86, 86,19.0,32.0
202601240801081211,11, 88, 88,2.0,3.1
202601240801081205,5, 69, 69,5.4,8.7
202601240801081201,1, 92, 92,1.7,2.6
202601240801081207,7, 82, 82,19.0,32.0
202601240801081206,6, 81, 81,1.5,2.2
202601240801081202,2, 95, 95,5.4,8.9
202601240801081209,9, 77, 77,53.4,89.7
202601240801081105,5, 99, 87,12.5,22.1
202601240801081104,4,107,101,1.3,1.7
202601240801081114,14,110, 94,1.7,2.7
202601240801081110,10,108, 96,1.8,2.9
202601240801081107,7,104, 94,14.2,25.2
202601240801081108,8,108, 96,1.2,1.6
202601240801081112,12,109, 94,2.6,4.2
202601240801081113,13,107, 95,3.4,5.7
202601240801081102,2,104, 92,13.9,24.7
202601240801081111,11,109, 94,2.6,4.2
202601240801081106,6,108, 96,6.8,11.8
202601240801081101,1,107, 95,2.9,4.8
202601240801081103,3,100, 88,15.1,26.9
202601240801081109,9, 98, 86,30.0,53.4
202601240801081004,4,110,110,1.1,1.1
202601240801081014,14,103, 96,1.4,2.7
202601240801081010,10,103, 96,1.5,2.9
202601240801081002,2,100,100,2.5,5.3
202601240801081008,8, 99, 92,5.7,13.2
202601240801081013,13, 90, 83,18.5,44.5
202601240801081005,5,104, 97,3.1,6.8
202601240801081003,3, 94, 86,7.9,18.7
202601240801081007,7,104, 97,2.5,5.5
202601240801081006,6, 89, 85,49.8,120.7
202601240801081001,1,100,100,3.4,7.6
202601240801081009,9, 95, 88,8.7,20.7
202601240801081012,12, 97, 90,3.9,8.7
202601240801081011,11, 99, 91,10.0,23.9
202601240801081015,15, 96, 89,15.4,36.9
202601240801080907,7, 83,101,1.7,2.5
202601240801080913,13, 86,104,2.3,3.5
202601240801080909,9, 82,100,1.3,1.6
202601240801080902,2, 86,103,2.2,3.3
202601240801080901,1, 81,100,4.4,7.0
202601240801080911,11, 88,106,2.9,4.5
202601240801080905,5, 93, 86,3.4,5.3
202601240801080903,3, 82,100,14.9,24.0
202601240801080904,4, 90, 95,3.7,5.7
202601240801080912,12, 81, 99,5.3,8.4
202601240801080906,6, 86,103,9.1,14.6
202601240801080910,10, 92, 89,13.9,22.4
202601240801080908,8, 93, 98,1.4,1.9
202601240801080804,4, 93, 93,2.3,3.1
202601240801080810,10, 93, 93,1.5,1.8
202601240801080805,5, 88, 88,2.1,2.8
202601240801080811,11, 91, 91,12.7,18.3
202601240801080812,12, 88, 88,25.6,36.8
202601240801080803,3, 95, 95,4.2,5.9
202601240801080808,8, 91, 91,7.7,11.0
202601240801080807,7, 91, 91,9.3,13.4
202601240801080814,14, 91,100,2.4,3.2
202601240801080809,9, 71, 71,14.7,21.2
202601240801080806,6, 90, 90,2.6,3.6
202601240801080813,13, 91, 91,2.7,3.8
202601240801080801,1, 95,104,5.5,7.9
202601240801080815,15, 84, 84,1.9,2.5
202601240801080802,2, 89, 89,5.3,7.5
202601240801080707,7, 82, 91,2.0,3.1
202601240801080709,9, 80, 90,1.5,2.3
202601240801080702,2, 91,100,1.2,1.6
202601240801080710,10, 72, 81,11.4,19.2
202601240801080711,11, 90, 99,1.3,1.8
202601240801080704,4, 86, 95,1.4,2.0
202601240801080708,8, 78, 88,4.3,7.1
202601240801080703,3, 80, 88,8.7,14.6
202601240801080705,5, 62, 72,45.7,77.2
202601240801080701,1,,,12.0,20.3
202601240801080706,6, 85, 94,2.7,4.3
202601240801080614,14, 83, 97,1.2,1.6
202601240801080606,6, 65, 80,3.7,6.3
202601240801080613,13, 79, 94,2.7,4.5
202601240801080617,17, 76, 91,20.2,36.6
202601240801080605,5, 83, 98,1.3,1.7
202601240801080611,11, 75, 90,7.7,13.6
202601240801080608,8, 69, 84,1.6,2.5
202601240801080615,15, 74, 89,18.1,32.7
202601240801080616,16, 78, 95,4.5,7.8
202601240801080604,4, 83, 99,1.9,3.0
202601240801080610,10, 77, 94,7.1,12.5
202601240801080602,2, 64, 82,81.7,148.2
202601240801080609,9, 75, 90,12.4,22.3
202601240801080603,3, 81, 96,3.0,5.2
202601240801080612,12, 59, 76,16.2,29.3
202601240801080601,1, 82, 96,11.7,21.0
202601240801080607,7, 50, 67,17.1,31.0
202601240801080517,17, 82, 99,1.2,1.7
202601240801080504,4, 82, 99,1.1,1.5
202601240801080515,15, 76, 95,1.9,3.3
202601240801080511,11, 80, 98,2.4,4.2
202601240801080509,9, 80, 98,1.5,2.5
202601240801080501,1, 76, 94,4.2,7.7
202601240801080507,7, 75, 92,15.0,28.6
202601240801080510,10, 79, 98,4.2,7.7
202601240801080508,8, 49, 66,11.7,22.2
202601240801080503,3, 74, 92,8.3,15.5
202601240801080514,14, 41, 59,40.1,77.0
202601240801080516,16, 67, 86,10.0,18.9
202601240801080506,6, 53, 71,12.7,24.0
202601240801080518,18, 62, 80,38.9,74.9
202601240801080513,13, 78, 96,7.9,14.8
202601240801080502,2, 66, 84,9.3,17.5
202601240801080505,5, 58, 75,4.5,8.2
202601240801080512,12, 71, 88,59.3,114.1
202601240801080405,5, 91,101,1.1,1.1
202601240801080415,15, 79, 89,7.2,27.7
202601240801080407,7, 81, 91,8.0,31.0
202601240801080408,8, 94,104,1.4,3.8
202601240801080409,9, 76, 86,6.5,24.8
202601240801080413,13, 88, 97,2.7,9.5
202601240801080406,6, 84, 89,1.7,5.2
202601240801080403,3, 90,100,1.6,4.9
202601240801080404,4,,,18.7,74.3
202601240801080416,16, 85, 94,4.9,18.3
202601240801080401,1, 73, 83,53.1,213.1
202601240801080412,12, 78, 87,4.8,17.9
202601240801080402,2, 82, 91,20.7,82.2
202601240801080410,10, 81, 91,23.7,94.5
202601240801080414,14, 81, 90,6.4,24.4
202601240801080411,11, 85, 93,3.9,14.5
202601240801080309,9,,,2.7,4.3
202601240801080316,16,,,3.1,4.9
202601240801080304,4,,,4.7,7.7
202601240801080314,14,,,6.0,10.0
202601240801080307,7,,,25.3,42.7
202601240801080303,3,,,1.5,2.3
202601240801080315,15,,,22.8,38.6
202601240801080308,8,,,2.0,3.1
202601240801080301,1,,,14.6,24.5
202601240801080306,6,,,3.5,5.7
202601240801080312,12,,,1.3,1.7
202601240801080313,13,,,7.3,12.1
202601240801080302,2,,,5.8,9.6
202601240801080310,10,,,20.4,34.5
202601240801080305,5,,,27.3,46.2
202601240801080311,11,,,1.3,1.8
202601240801080207,7, 72, 87,1.4,2.6
202601240801080205,5, 74, 89,12.8,29.9
202601240801080201,1, 69, 85,4.0,8.9
202601240801080209,9, 87,102,1.1,1.1
202601240801080204,4, 77, 91,3.3,7.2
202601240801080202,2, 67, 83,5.6,12.8
202601240801080203,3, 69, 84,21.6,51.0
202601240801080214,14, 73, 88,5.9,13.5
202601240801080213,13, 68, 83,4.3,9.8
202601240801080211,11, 51, 66,1.9,3.9
202601240801080206,6, 70, 85,2.9,6.2
202601240801080208,8, 79, 93,1.4,2.6
202601240801080212,12, 72, 88,11.8,27.5
202601240801080210,10, 57, 72,57.8,136.9
202601240801080108,8, 81, 99,1.1,1.3
202601240801080105,5, 69, 86,3.0,6.5
202601240801080103,3, 78, 96,1.8,3.7
202601240801080102,2, 81, 99,1.5,2.8
202601240801080106,6, 91,108,1.1,1.5
202601240801080107,7, 74, 91,2.4,4.9
202601240801080111,11, 67, 84,18.1,41.9
202601240801080110,10, 57, 75,20.8,48.3
202601240801080101,1, 63, 78,15.9,36.8
202601240801080109,9, 81, 99,1.7,3.4
202601240801080104,4,,,53.2,124.1
202601240801080112,12, 69, 87,11.1,25.4
202601241001011208,8, 90, 99,1.9,2.7
202601241001011209,9, 94,104,1.3,1.5
202601241001011201,1, 79, 87,7.3,11.5
202601241001011214,14, 91,101,2.2,3.2
202601241001011206,6, 92,102,1.8,2.5
202601241001011213,13, 67, 76,3.9,5.9
202601241001011205,5, 83, 93,3.0,4.6
202601241001011215,15, 78, 87,3.4,5.2
202601241001011202,2,,,7.9,12.4
202601241001011207,7, 68, 77,34.0,54.2
202601241001011203,3, 55, 64,3.6,5.6
202601241001011211,11, 83, 93,2.2,3.2
202601241001011204,4, 86, 95,9.2,14.5
202601241001011210,10, 62, 72,16.6,26.5
202601241001011212,12, 73, 83,70.5,112.5
202601241001011117,17,112, 90,1.4,1.7
202601241001011116,16,108, 93,4.1,6.3
202601241001011108,8,118, 92,1.6,2.1
202601241001011101,1,102, 80,2.4,3.6
202601241001011103,3,107, 99,2.3,3.4
202601241001011107,7,105, 97,3.3,4.9
202601241001011109,9,114, 97,2.4,3.5
202601241001011105,5,103, 95,12.4,19.4
202601241001011104,4,109, 92,4.6,7.0
202601241001011106,6,109, 94,8.8,13.8
202601241001011113,13,106, 89,18.5,29.1
202601241001011112,12,105, 88,18.9,29.9
202601241001011102,2, 30,  8,14.1,22.2
202601241001011111,11,104, 90,20.3,32.1
202601241001011115,15,107, 99,2.7,4.0
202601241001011114,14,112, 95,3.9,5.9
202601241001011118,18,106, 99,14.0,22.0
202601241001011110,10, 93, 83,50.4,79.5
202601241001011004,4, 98, 98,1.2,1.8
202601241001011002,2, 94, 94,1.1,1.5
202601241001011009,9, 97, 97,2.2,3.5
202601241001011003,3, 97, 97,2.6,4.3
202601241001011001,1, 89, 89,18.1,30.7
202601241001011006,6, 95, 95,1.2,1.8
202601241001011007,7, 90, 90,1.8,2.9
202601241001011008,8, 92,100,3.4,5.6
202601241001011005,5, 87, 87,5.8,9.8
202601241001010912,12, 88, 93,2.3,4.4
202601241001010905,5, 90, 95,1.2,1.9
202601241001010908,8, 90,104,2.8,5.3
202601241001010906,6, 85, 90,4.7,9.4
202601241001010911,11, 89, 94,1.8,3.3
202601241001010909,9, 94, 99,1.1,1.2
202601241001010904,4, 79, 94,11.8,24.6
202601241001010901,1, 81, 81,9.0,18.6
202601241001010902,2, 86,100,2.6,5.1
202601241001010903,3,,,18.7,39.0
202601241001010910,10,,,38.0,79.6
202601241001010907,7, 86,100,1.5,2.6
202601241001010801,1, 84, 93,1.1,1.1
202601241001010805,5, 82, 91,1.3,4.7
202601241001010804,4, 73, 82,2.9,11.8
202601241001010803,3, 74, 83,6.6,28.1
202601241001010802,2, 80, 89,2.7,10.8
202601241001010807,7, 74, 83,4.2,17.4
202601241001010806,6, 83, 92,4.4,18.5
202601241001010715,15, 87, 95,1.3,1.6
202601241001010707,7, 86, 94,2.5,3.8
202601241001010709,9, 87, 95,2.9,4.4
202601241001010703,3, 86, 94,3.0,4.6
202601241001010712,12, 85, 93,5.7,8.9
202601241001010705,5, 91, 99,1.5,2.1
202601241001010708,8, 88, 96,1.6,2.3
202601241001010706,6, 79, 88,4.4,6.9
202601241001010704,4, 86, 92,5.0,7.8
202601241001010713,13, 75, 83,17.7,28.5
202601241001010701,1, 85, 93,4.1,6.3
202601241001010702,2, 66, 85,20.1,32.4
202601241001010710,10,,,4.1,6.3
202601241001010711,11, 83, 92,15.1,24.3
202601241001010714,14, 80, 88,9.1,14.5
202601241001010618,18,,,1.3,1.7
202601241001010606,6,,,7.8,12.8
202601241001010603,3,,,7.1,11.6
202601241001010610,10,,,2.4,3.7
202601241001010614,14,,,14.2,23.7
202601241001010612,12,,,1.4,1.9
202601241001010605,5,,,4.0,6.4
202601241001010602,2,,,5.9,9.7
202601241001010601,1,,,2.7,4.3
202601241001010616,16,,,4.1,6.6
202601241001010615,15,,,2.0,3.1
202601241001010607,7,,,3.4,5.4
202601241001010611,11,,,17.6,29.5
202601241001010604,4,,,33.7,56.5
202601241001010617,17,,,6.4,10.4
202601241001010608,8,,,6.3,10.2
202601241001010613,13,,,48.7,81.5
202601241001010609,9,,,5.1,8.2
202601241001010506,6,,,1.1,1.3
202601241001010503,3,,,1.3,2.0
202601241001010507,7,,,1.4,2.2
202601241001010510,10, 70, 80,7.5,13.2
202601241001010505,5,,,1.8,2.9
202601241001010508,8, 93, 93,3.1,5.3
202601241001010502,2,,,2.3,3.7
202601241001010511,11, 75, 92,7.9,14.0
202601241001010504,4, 85, 85,3.7,6.4
202601241001010509,9, 71, 89,8.7,15.4
202601241001010501,1,,,3.9,6.7
202601241001010405,5,,,1.2,1.6
202601241001010409,9,,,2.0,3.0
202601241001010408,8,,,2.0,2.9
202601241001010407,7, 82, 90,9.4,14.9
202601241001010411,11,,,1.5,2.1
202601241001010412,12,,,1.6,2.2
202601241001010402,2,,,3.3,5.1
202601241001010404,4,,,3.6,5.5
202601241001010406,6,,,3.5,5.5
202601241001010403,3,,,5.7,9.0
202601241001010401,1,,,34.0,54.2
202601241001010410,10,,,7.4,11.8
202601241001010302,2, 88,102,1.1,1.1
202601241001010307,7, 85, 99,1.4,3.0
202601241001010311,11, 73, 87,22.4,60.1
202601241001010314,14, 77, 91,8.2,21.4
202601241001010305,5, 69, 84,8.2,21.6
202601241001010301,1, 83, 96,1.2,2.3
202601241001010303,3, 70, 85,2.7,6.5
202601241001010306,6, 64, 78,9.9,26.1
202601241001010308,8, 63, 76,48.9,132.0
202601241001010312,12, 80, 95,2.1,4.8
202601241001010313,13, 44, 58,45.7,123.4
202601241001010304,4, 65, 78,5.8,14.8
202601241001010310,10, 59, 73,10.0,26.4
202601241001010309,9, 84, 98,1.7,3.8
202601241001010204,4, 86,103,1.1,1.1
202601241001010214,14, 82, 97,1.9,4.9
202601241001010206,6, 80, 97,1.1,1.8
202601241001010202,2, 76, 94,3.9,11.2
202601241001010203,3, 78, 95,2.3,6.4
202601241001010208,8, 75, 90,8.0,24.5
202601241001010215,15, 79, 94,3.0,8.4
202601241001010205,5, 66, 83,8.3,25.2
202601241001010201,1, 75, 90,6.4,19.3
202601241001010207,7, 43, 61,21.7,67.6
202601241001010212,12, 65, 83,61.3,193.1
202601241001010213,13, 76, 91,13.7,42.3
202601241001010209,9, 62, 80,41.4,130.3
202601241001010210,10, 80, 98,1.4,3.5
202601241001010211,11, 82, 96,34.8,109.3
202601241001010216,16, 67, 84,8.4,25.5
202601241001010105,5, 84,102,1.1,1.1
202601241001010110,10, 62, 77,2.5,12.9
202601241001010106,6, 64, 82,8.6,50.8
202601241001010104,4, 71, 84,1.9,9.3
202601241001010109,9, 79, 96,1.4,6.0
202601241001010101,1, 78, 96,1.1,3.6
202601241001010108,8, 75, 91,3.7,20.2
202601241001010102,2, 72, 89,2.9,15.4
202601241001010107,7, 64, 81,2.5,12.9
202601241001010103,3, 59, 77,17.0,102.2
202601180601071208,8, 82, 99,1.2,1.5
202601180601071206,6, 80, 95,2.3,3.6
202601180601071215,15, 80, 97,4.0,6.3
202601180601071209,9, 84, 99,1.6,2.3
202601180601071212,12, 78, 96,3.6,5.6
202601180601071211,11, 79, 96,3.9,6.2
202601180601071205,5, 77, 94,11.2,18.3
202601180601071203,3, 82, 96,3.9,6.1
202601180601071210,10, 74, 89,1.6,2.3
202601180601071202,2, 80, 95,14.9,24.5
202601180601071207,7, 77, 92,44.8,73.9
202601180601071201,1, 76, 91,19.4,31.9
202601180601071214,14, 80, 95,5.9,9.4
202601180601071204,4, 82, 97,2.5,3.8
202601180601071213,13, 81, 96,6.6,10.6
202601180601071216,16, 69, 84,32.4,53.5
202601180601071104,4, 86,104,1.8,2.4
202601180601071111,11, 83,101,2.6,3.7
202601180601071112,12, 85,103,1.4,1.8
202601180601071109,9, 91, 89,5.4,7.8
202601180601071103,3, 94, 99,10.7,15.8
202601180601071114,14, 84, 89,9.2,13.6
202601180601071101,1, 91, 96,8.5,12.5
202601180601071107,7,,,5.9,8.6
202601180601071115,15, 83,101,1.7,2.2
202601180601071110,10, 91, 84,4.7,6.8
202601180601071102,2, 83,101,15.1,22.3
202601180601071113,13, 93, 98,1.8,2.5
202601180601071105,5, 82,100,6.5,9.6
202601180601071108,8, 83,101,9.8,14.5
202601180601071106,6, 96,101,2.7,3.8
202601180601071014,14,103, 99,5.6,9.2
202601180601071006,6,108, 96,1.3,1.7
202601180601071009,9,106, 98,3.7,5.9
202601180601071016,16,106, 96,2.5,3.9
202601180601071011,11,105, 95,16.0,26.9
202601180601071007,7, 99, 93,2.2,3.4
202601180601071004,4,102, 98,5.0,8.2
202601180601071012,12,111,103,2.0,3.0
202601180601071005,5,100, 92,5.8,9.4
202601180601071008,8, 90, 79,4.9,8.0
202601180601071010,10,,,1.4,1.8
202601180601071015,15, 95, 89,28.4,47.6
202601180601071003,3,101, 93,18.4,30.9
202601180601071013,13,107, 99,4.1,6.6
202601180601071002,2,105,100,4.4,7.2
202601180601071001,1, 98, 90,6.0,9.9
202601180601070907,7,104, 96,1.9,3.1
202601180601070905,5,106, 98,1.4,2.1
202601180601070908,8,107, 99,1.1,1.4
202601180601070902,2,103, 95,2.9,4.9
202601180601070904,4,102, 94,2.6,4.3
202601180601070911,11,107, 99,1.5,2.3
202601180601070903,3, 97, 89,28.3,51.2
202601180601070915,15,101, 95,5.7,10.0
202601180601070913,13, 95, 87,16.2,29.3
202601180601070910,10,108, 91,18.1,32.6
202601180601070906,6,100, 92,7.5,13.4
202601180601070909,9,104, 96,4.9,8.5
202601180601070912,12, 94, 90,38.5,69.6
202601180601070901,1,100, 94,14.4,25.8
202601180601070914,14, 99, 99,3.4,5.7
202601180601070807,7, 94, 94,1.7,2.9
202601180601070814,14, 98, 98,1.1,1.2
202601180601070808,8, 81, 81,4.3,8.1
202601180601070815,15, 77, 77,49.1,95.4
202601180601070811,11, 88, 88,1.5,2.3
202601180601070804,4, 87, 87,3.2,5.8
202601180601070816,16, 92, 92,13.8,26.6
202601180601070801,1, 95, 95,2.7,4.9
202601180601070803,3, 89, 89,8.3,15.9
202601180601070806,6, 94, 94,2.9,5.2
202601180601070812,12, 73, 73,17.9,34.7
202601180601070810,10, 93, 93,2.8,5.0
202601180601070805,5, 89, 99,4.2,7.8
202601180601070802,2, 82, 82,6.9,13.0
202601180601070809,9, 79, 79,14.2,27.4
202601180601070813,13, 69, 69,5.0,9.4
202601180601070705,5, 99, 99,1.7,8.3
202601180601070704,4, 99, 99,1.4,6.8
202601180601070701,1, 98, 98,1.3,5.9
202601180601070702,2, 96, 96,4.0,23.7
202601180601070712,12,114, 90,1.0,1.1
202601180601070708,8, 95, 95,7.9,49.2
202601180601070709,9, 94, 94,21.8,139.8
202601180601070714,14, 93, 93,25.1,161.2
202601180601070707,7, 96, 96,8.4,52.1
202601180601070706,6, 85, 85,38.2,247.2
202601180601070710,10, 95, 95,11.5,72.5
202601180601070715,15, 95, 95,27.8,179.0
202601180601070711,11, 96, 96,19.9,127.5
202601180601070703,3, 98,106,1.5,7.3
202601180601070716,16, 90, 90,17.4,111.1
202601180601070713,13, 61, 61,46.1,298.9
202601180601070606,6, 86, 95,1.3,5.6
202601180601070614,14, 89, 98,1.0,1.1
202601180601070611,11, 87, 96,1.3,6.1
202601180601070613,13, 83, 92,5.1,31.5
202601180601070610,10, 87, 96,2.3,12.6
202601180601070608,8, 88, 98,4.8,29.9
202601180601070603,3, 79, 88,8.0,51.7
202601180601070609,9, 80, 98,2.0,10.9
202601180601070605,5, 73, 82,12.6,82.8
202601180601070602,2, 41, 50,4.7,28.8
202601180601070607,7, 79, 88,5.1,31.6
202601180601070604,4, 64, 73,61.9,416.2
202601180601070601,1, 77, 86,25.1,166.8
202601180601070612,12, 79, 89,6.7,42.6
202601180601070508,8,,,1.7,2.6
202601180601070501,1,,,1.3,1.8
202601180601070506,6,,,1.6,2.3
202601180601070505,5,,,3.3,5.3
202601180601070507,7,,,2.7,4.3
202601180601070513,13,,,3.8,6.1
202601180601070510,10,,,10.5,17.4
202601180601070503,3,,,39.5,66.6
202601180601070516,16,,,4.3,6.9
202601180601070512,12,,,6.2,10.3
202601180601070509,9,,,12.9,21.5
202601180601070515,15,,,27.0,45.5
202601180601070504,4,,,40.5,68.3
202601180601070502,2,,,8.3,13.8
202601180601070511,11,,,1.3,1.7
202601180601070514,14,,,15.7,26.3
202601180601070407,7,,,1.2,1.5
202601180601070412,12,,,5.5,9.6
202601180601070401,1,,,1.3,1.9
202601180601070410,10,,,1.8,2.8
202601180601070411,11,,,1.5,2.4
202601180601070404,4, 62, 49,2.5,4.1
202601180601070409,9,,,9.1,16.1
202601180601070406,6,,,7.7,13.6
202601180601070403,3,,,2.0,3.2
202601180601070414,14,,,4.2,7.3
202601180601070405,5, 69, 86,29.8,53.5
202601180601070402,2,,,17.1,30.5
202601180601070408,8,,,53.9,96.8
202601180601070413,13, 78, 78,39.0,70.0
202601180601070309,9, 71, 88,1.1,1.1
202601180601070307,7, 78, 95,1.4,3.7
202601180601070308,8, 86,104,1.1,2.2
202601180601070302,2, 73, 91,1.4,3.5
202601180601070311,11, 74, 92,2.5,7.4
202601180601070305,5, 76, 93,4.0,12.7
202601180601070310,10, 48, 63,3.9,12.3
202601180601070313,13, 51, 69,42.6,146.9
202601180601070301,1, 80, 94,6.2,20.3
202601180601070306,6, 65, 83,19.3,66.2
202601180601070312,12, 62, 77,9.0,30.1
202601180601070304,4, 40, 58,69.1,238.9
202601180601070303,3, 52, 69,17.9,61.3
202601180601070206,6, 73, 91,2.9,4.6
202601180601070207,7, 63, 80,7.0,11.9
202601180601070203,3, 55, 70,6.0,10.1
202601180601070213,13, 63, 81,2.2,3.4
202601180601070201,1, 75, 93,1.1,1.4
202601180601070214,14, 78, 93,3.1,5.1
202601180601070210,10, 70, 85,14.7,25.4
202601180601070211,11, 62, 77,2.4,3.9
202601180601070208,8, 54, 71,4.4,7.3
202601180601070205,5, 79, 96,1.5,2.3
202601180601070212,12, 29, 46,32.8,56.9
202601180601070216,16, 50, 68,12.9,22.2
202601180601070209,9, 66, 81,14.3,24.7
202601180601070215,15, 50, 69,22.1,38.3
202601180601070204,4, 34, 52,73.6,127.7
202601180601070202,2, 80, 97,1.6,2.4
202601180601070110,10, 81, 95,2.5,3.7
202601180601070106,6, 84, 98,1.3,1.8
202601180601070112,12, 86,100,1.4,1.9
202601180601070107,7, 82, 96,1.7,2.4
202601180601070116,16, 56, 71,22.4,35.6
202601180601070105,5, 83, 98,1.4,1.9
202601180601070109,9, 74, 89,12.3,19.4
202601180601070104,4, 78, 93,21.6,34.4
202601180601070115,15, 64, 79,34.4,54.9
202601180601070111,11, 85, 99,3.6,5.5
202601180601070113,13, 35, 50,19.7,31.3
202601180601070102,2,,,31.9,51.0
202601180601070114,14, 68, 82,12.7,20.1
202601180601070103,3, 87,102,2.2,3.2
202601180601070101,1, 59, 73,108.5,173.4
202601180601070108,8, 62, 77,33.5,53.4
202601180801071203,3, 90, 98,1.4,4.7
202601180801071201,1, 92,100,1.1,1.1
202601180801071211,11, 81, 89,1.2,3.3
202601180801071202,2, 86, 95,2.5,10.2
202601180801071209,9, 89, 97,1.3,4.4
202601180801071208,8, 81, 89,3.3,13.8
202601180801071210,10,,,2.9,12.3
202601180801071204,4, 82, 90,8.9,40.5
202601180801071205,5, 85, 94,,
202601180801071206,6, 91, 99,,
202601180801071207,7, 90, 98,,
202601180801071106,6,115, 91,1.1,1.3
202601180801071107,7,109, 92,4.4,7.3
202601180801071109,9,107, 93,3.8,6.3
202601180801071101,1,100, 83,9.0,15.1
202601180801071103,3,101, 89,17.9,30.0
202601180801071105,5,102,102,1.9,2.9
202601180801071108,8, 95, 71,2.9,4.8
202601180801071111,11,108,100,1.7,2.6
202601180801071110,10,107, 85,2.4,3.8
202601180801071102,2,,,4.4,7.3
202601180801071113,13,113, 96,3.8,6.4
202601180801071112,12,119, 93,2.6,4.3
202601180801071104,4,104, 88,3.2,5.3
202601180801071012,12, 95, 95,1.3,1.6
202601180801071013,13, 91, 91,3.9,6.2
202601180801071008,8, 99, 99,1.5,2.1
202601180801071001,1, 99, 99,2.1,3.1
202601180801071014,14, 99, 99,1.6,2.3
202601180801071015,15, 93, 93,13.7,22.2
202601180801071010,10, 86, 86,14.0,22.7
202601180801071007,7, 95,104,1.7,2.5
202601180801071004,4, 71, 71,7.8,12.5
202601180801071006,6, 85, 85,2.6,4.0
202601180801071016,16, 90, 90,9.1,14.7
202601180801071005,5, 60, 60,27.4,44.7
202601180801071011,11, 79, 79,42.7,69.8
202601180801071002,2, 88, 88,41.2,67.4
202601180801071009,9, 84, 84,40.2,65.7
202601180801071003,3, 93, 93,8.7,14.0
202601180801070903,3, 92, 92,2.6,4.3
202601180801070910,10, 75, 75,18.8,33.8
202601180801070908,8, 96, 96,1.6,2.4
202601180801070909,9, 94, 94,2.8,4.7
202601180801070902,2,,,4.0,6.8
202601180801070913,13, 97, 97,1.4,2.1
202601180801070901,1, 96, 96,1.1,1.4
202601180801070916,16, 84, 84,11.5,20.5
202601180801070907,7, 78, 78,3.6,6.2
202601180801070915,15, 93,103,2.9,4.8
202601180801070914,14, 98, 98,9.2,16.2
202601180801070911,11, 80, 80,12.2,21.8
202601180801070906,6, 69, 69,21.3,38.3
202601180801070912,12, 89, 89,23.4,41.9
202601180801070904,4, 93, 93,2.9,4.8
202601180801070905,5, 88, 88,30.5,54.8
202601180801070807,7, 80, 88,2.2,3.8
202601180801070806,6, 89, 97,1.3,1.8
202601180801070808,8, 93,101,1.1,1.4
202601180801070803,3, 66, 75,2.3,4.0
202601180801070809,9, 86, 94,2.1,3.6
202601180801070811,11, 79, 87,3.5,6.2
202601180801070802,2, 89, 97,3.1,5.4
202601180801070812,12, 87, 87,1.5,2.5
202601180801070801,1, 70, 79,17.9,33.5
202601180801070805,5, 82, 90,17.5,32.9
202601180801070810,10, 85, 93,5.5,10.0
202601180801070804,4, 81, 90,21.2,39.8
202601180801070705,5, 84, 93,2.0,3.0
202601180801070710,10, 88, 97,1.4,2.0
202601180801070709,9, 85, 94,1.2,1.7
202601180801070704,4, 83, 92,3.8,6.2
202601180801070708,8, 79, 88,4.2,6.9
202601180801070703,3, 70, 79,4.7,7.8
202601180801070702,2, 70, 80,2.6,4.1
202601180801070701,1, 63, 72,12.6,20.9
202601180801070707,7, 63, 72,2.2,3.5
202601180801070711,11, 91,100,1.3,1.7
202601180801070706,6, 81, 90,29.8,49.5
202601180801070604,4, 84, 99,1.2,1.6
202601180801070618,18, 84, 99,2.4,4.5
202601180801070612,12, 81, 96,1.9,3.5
202601180801070614,14, 79, 94,15.1,31.9
202601180801070606,6, 80, 95,3.8,7.7
202601180801070615,15, 75, 92,8.2,17.2
202601180801070616,16, 83, 98,3.4,6.7
202601180801070608,8, 82, 99,1.9,3.5
202601180801070602,2, 80, 95,5.9,12.2
202601180801070605,5, 88,103,1.1,1.3
202601180801070603,3, 74, 89,29.7,63.2
202601180801070617,17, 81, 96,12.9,27.3
202601180801070607,7, 80, 95,14.1,29.8
202601180801070613,13, 81, 96,5.5,11.2
202601180801070611,11,,,15.6,33.1
202601180801070609,9, 65, 83,12.7,26.8
202601180801070601,1, 80, 95,5.8,12.0
202601180801070610,10, 53, 67,35.8,76.1
202601180801070504,4,,,1.5,2.3
202601180801070515,15,,,1.1,1.4
202601180801070517,17,,,6.4,11.1
202601180801070501,1,,,12.6,22.3
202601180801070516,16,,,3.3,5.6
202601180801070505,5,,,1.4,2.2
202601180801070511,11,,,5.7,9.9
202601180801070514,14,,,13.9,24.6
202601180801070507,7,,,19.3,34.3
202601180801070510,10,,,1.8,2.8
202601180801070503,3,,,27.4,48.7
202601180801070502,2,,,2.8,4.7
202601180801070512,12,,,18.5,32.8
202601180801070508,8,,,4.5,7.7
202601180801070506,6,,,9.7,17.1
202601180801070509,9,,,9.9,17.4
202601180801070513,13,,,18.3,32.5
202601180801070408,8, 99,104,1.0,1.1
202601180801070409,9, 94, 99,1.2,5.2
202601180801070406,6, 84, 89,5.9,38.3
202601180801070410,10, 87,101,2.4,13.7
202601180801070402,2, 85,100,4.3,27.4
202601180801070401,1, 85, 99,2.1,11.9
202601180801070405,5, 89, 94,2.9,17.2
202601180801070404,4, 86,101,1.4,6.7
202601180801070403,3, 88,102,2.6,15.3
202601180801070407,7, 83, 88,7.0,46.3
202601180801070314,14, 76, 91,2.6,4.2
202601180801070307,7, 82, 98,1.2,1.7
202601180801070312,12, 81, 96,1.2,1.7
202601180801070316,16, 81, 96,1.5,2.2
202601180801070306,6, 72, 88,3.0,5.0
202601180801070302,2, 79, 94,8.0,13.7
202601180801070309,9, 79, 94,1.6,2.5
202601180801070315,15, 54, 68,21.4,37.6
202601180801070303,3, 70, 87,12.6,22.0
202601180801070311,11, 50, 67,14.8,25.8
202601180801070313,13, 66, 81,16.1,28.2
202601180801070310,10, 74, 89,5.0,8.4
202601180801070304,4, 61, 76,32.0,56.2
202601180801070305,5, 21, 38,9.8,17.0
202601180801070301,1, 68, 83,9.9,17.2
202601180801070308,8, 38, 55,9.7,16.9
202601180801070212,12, 80, 98,1.1,1.5
202601180801070201,1, 75, 94,1.8,3.3
202601180801070206,6, 66, 83,1.6,2.8
202601180801070208,8, 69, 87,2.1,3.8
202601180801070207,7, 71, 86,3.7,7.2
202601180801070204,4, 76, 93,1.1,1.5
202601180801070211,11, 61, 79,13.8,28.1
202601180801070205,5, 68, 83,9.4,18.9
202601180801070202,2, 72, 90,1.6,2.9
202601180801070203,3, 50, 67,16.8,34.3
202601180801070209,9, 42, 59,16.8,34.4
202601180801070210,10, 25, 42,70.8,145.4
202601180801070107,7, 81, 95,1.3,2.1
202601180801070110,10, 83, 98,1.2,1.9
202601180801070103,3, 84, 98,1.1,1.3
202601180801070115,15, 83, 97,1.7,2.9
202601180801070111,11, 63, 77,15.0,29.7
202601180801070106,6, 77, 91,2.9,5.4
202601180801070104,4, 78, 93,7.2,14.0
202601180801070113,13, 72, 87,3.2,5.9
202601180801070109,9, 65, 80,25.0,50.0
202601180801070102,2, 70, 85,19.1,38.0
202601180801070114,14, 47, 62,34.2,68.4
202601180801070116,16, 75, 90,4.3,8.2
202601180801070112,12, 67, 81,51.7,103.6
202601180801070101,1, 71, 86,22.7,45.3
202601180801070105,5, 69, 83,12.8,25.3
202601180801070108,8, 60, 75,9.3,18.3
202601170601061208,8, 97, 97,1.7,2.2
202601170601061209,9, 95, 95,1.5,2.0
202601170601061202,2, 95, 95,4.5,6.3
202601170601061211,11, 95, 95,2.8,3.9
202601170601061206,6, 95, 95,1.7,2.2
202601170601061205,5, 93, 93,2.5,3.4
202601170601061213,13, 93, 93,3.4,4.7
202601170601061214,14, 90, 99,15.7,22.8
202601170601061201,1, 96, 96,3.3,4.7
202601170601061207,7, 90, 99,5.3,7.5
202601170601061210,10, 88, 88,25.9,37.6
202601170601061203,3, 93, 93,20.7,30.1
202601170601061212,12, 98, 98,8.0,11.5
202601170601061204,4, 93, 93,3.3,4.6
202601170601061215,15, 92, 92,29.2,42.5
202601170601061216,16, 91,100,7.3,10.4
202601170601061108,8,104, 96,2.9,4.1
202601170601061114,14,,,1.7,2.2
202601170601061105,5,101, 93,13.3,20.1
202601170601061106,6,102, 92,5.8,8.6
202601170601061104,4,103, 95,1.5,1.8
202601170601061107,7,100, 90,2.6,3.7
202601170601061115,15,106, 96,6.0,8.9
202601170601061103,3,101, 93,12.8,19.2
202601170601061110,10,105, 95,3.0,4.3
202601170601061113,13,102, 94,2.9,4.2
202601170601061112,12, 99, 93,29.8,45.1
202601170601061102,2,106,101,2.0,2.8
202601170601061111,11,101, 93,3.9,5.6
202601170601061109,9, 91, 83,22.8,34.5
202601170601061116,16, 93, 85,30.2,45.7
202601170601061101,1,101, 93,2.8,4.0
202601170601061003,3,102, 95,1.7,2.5
202601170601061011,11, 98, 91,4.0,6.2
202601170601061012,12,105, 98,3.5,5.3
202601170601061006,6,101, 94,11.0,17.4
202601170601061004,4,100,100,1.5,2.1
202601170601061015,15,104, 97,1.3,1.7
202601170601061007,7,100, 93,2.3,3.4
202601170601061016,16, 97, 90,3.2,4.8
202601170601061008,8, 88, 82,16.8,26.8
202601170601061013,13, 93, 86,3.5,5.3
202601170601061001,1, 96, 89,5.0,7.7
202601170601061005,5, 78, 71,36.7,59.0
202601170601061010,10, 89, 82,32.1,51.6
202601170601061014,14, 91, 84,33.3,53.5
202601170601061009,9, 96, 89,15.0,23.9
202601170601061002,2,104,104,2.3,3.5
202601170601060901,1, 82,100,1.2,1.9
202601170601060904,4, 82, 99,1.7,3.0
202601170601060903,3, 90,107,1.3,2.3
202601170601060902,2, 91, 96,1.5,2.6
202601170601060908,8, 88,103,2.7,5.3
202601170601060905,5,,,5.7,11.2
202601170601060906,6, 93, 98,1.1,1.2
202601170601060907,7, 75, 90,11.7,23.3
202601170601060811,11, 91, 91,1.5,2.8
202601170601060813,13, 94, 94,1.8,3.5
202601170601060814,14, 96, 96,1.9,3.7
202601170601060806,6, 84, 84,15.6,34.7
202601170601060807,7, 93, 93,23.3,52.1
202601170601060816,16, 95, 95,3.7,7.9
202601170601060803,3, 88, 88,17.9,39.8
202601170601060804,4, 95, 95,1.2,1.7
202601170601060812,12, 98,107,1.1,1.2
202601170601060810,10, 91, 91,25.8,57.8
202601170601060815,15, 83, 83,8.8,19.2
202601170601060809,9, 95, 95,6.2,13.4
202601170601060808,8, 90, 90,4.0,8.4
202601170601060805,5, 90, 90,28.8,64.5
202601170601060802,2, 76, 76,25.0,56.1
202601170601060801,1, 92,101,8.0,17.5
202601170601060707,7, 77, 85,2.3,4.2
202601170601060701,1, 91, 99,1.2,1.8
202601170601060710,10, 84,103,2.1,3.7
202601170601060708,8, 87, 95,1.1,1.3
202601170601060702,2, 85, 93,2.0,3.5
202601170601060706,6, 87, 95,1.4,2.4
202601170601060703,3, 74, 82,14.2,28.5
202601170601060709,9, 76, 86,3.4,6.4
202601170601060712,12, 85, 93,8.6,17.0
202601170601060705,5, 51, 60,21.9,43.9
202601170601060704,4, 72, 80,4.4,8.5
202601170601060711,11, 55, 64,72.8,146.9
202601170601060609,9, 85, 94,1.7,2.2
202601170601060608,8, 87, 96,1.6,2.1
202601170601060612,12, 84, 93,4.6,6.4
202601170601060606,6, 83, 92,3.1,4.3
202601170601060611,11, 78, 87,9.0,12.8
202601170601060601,1, 87, 96,2.6,3.5
202601170601060613,13, 80, 89,7.2,10.2
202601170601060605,5, 88, 97,15.3,21.8
202601170601060602,2, 85, 94,7.0,9.9
202601170601060604,4, 89, 98,4.0,5.6
202601170601060614,14, 89, 98,3.1,4.3
202601170601060607,7,,,35.1,50.0
202601170601060603,3, 90, 99,1.7,2.2
202601170601060616,16, 78, 88,10.2,14.5
202601170601060610,10, 79, 88,2.6,3.5
202601170601060615,15,,,19.7,28.0
202601170601060514,14, 81, 98,1.5,1.8
202601170601060504,4, 87,104,3.1,4.4
202601170601060505,5, 88,105,3.2,4.7
202601170601060508,8, 73, 91,2.1,3.0
202601170601060513,13, 80, 97,6.0,8.9
202601170601060502,2, 80, 98,2.1,2.9
202601170601060511,11, 78, 95,3.7,5.4
202601170601060516,16, 81,100,1.8,2.4
202601170601060517,17, 79, 97,8.7,12.9
202601170601060518,18, 72, 90,10.8,16.2
202601170601060503,3, 74, 91,62.5,94.7
202601170601060515,15, 66, 84,44.8,67.8
202601170601060506,6, 89,106,2.7,3.9
202601170601060509,9, 82, 99,2.9,4.1
202601170601060507,7, 78, 95,13.0,19.5
202601170601060510,10, 24, 41,114.4,173.4
202601170601060512,12, 59, 76,32.6,49.4
202601170601060501,1, 33, 48,45.7,69.2
202601170601060408,8,,,1.1,1.1
202601170601060409,9,,,3.2,12.4
202601170601060401,1,,,1.3,4.2
202601170601060406,6,,,1.4,4.6
202601170601060410,10,,,6.1,24.8
202601170601060412,12,,,3.4,13.2
202601170601060403,3,,,14.6,61.5
202601170601060411,11,,,1.2,3.3
202601170601060407,7,,,12.3,51.7
202601170601060402,2, 60, 70,27.6,117.2
202601170601060404,4, 73, 82,3.2,12.3
202601170601060405,5, 81, 81,11.5,48.2
202601170601060307,7,,,2.5,3.9
202601170601060314,14,,,1.6,2.4
202601170601060306,6,,,2.6,4.1
202601170601060315,15,,,1.4,1.9
202601170601060305,5,,,2.5,3.9
202601170601060310,10,,,9.3,15.5
202601170601060313,13,,,1.3,1.6
202601170601060312,12,,,4.6,7.4
202601170601060304,4,,,10.2,16.9
202601170601060308,8,,,4.0,6.4
202601170601060311,11,,,3.5,5.5
202601170601060302,2,,,8.7,14.3
202601170601060301,1,,,15.9,26.7
202601170601060309,9,,,32.1,53.8
202601170601060316,16,,,14.5,24.3
202601170601060303,3,,,34.9,58.5
202601170601060213,13, 81, 96,1.1,1.1
202601170601060206,6, 66, 84,3.2,8.6
202601170601060201,1, 65, 83,2.7,7.1
202601170601060208,8, 52, 70,15.2,44.2
202601170601060204,4, 69, 84,2.1,5.3
202601170601060202,2, 64, 82,3.9,10.7
202601170601060215,15, 78, 95,1.2,2.6
202601170601060203,3, 62, 79,4.8,13.3
202601170601060214,14, 73, 90,1.3,2.9
202601170601060205,5, 61, 76,17.7,51.7
202601170601060211,11, 57, 74,10.9,31.5
202601170601060210,10, 71, 88,6.2,17.4
202601170601060207,7, 41, 58,33.2,97.9
202601170601060212,12, 47, 65,70.3,207.7
202601170601060216,16, 42, 60,31.5,92.7
202601170601060209,9, 70, 84,11.0,31.8
202601170601060111,11, 86,100,1.1,1.2
202601170601060109,9, 84, 98,1.4,2.2
202601170601060113,13, 69, 84,2.4,4.4
202601170601060116,16, 73, 87,36.1,73.1
202601170601060114,14, 82, 96,1.5,2.6
202601170601060104,4, 81, 96,1.7,2.9
202601170601060110,10, 83, 97,3.9,7.4
202601170601060108,8, 77, 92,8.1,16.0
202601170601060115,15, 47, 62,45.4,92.0
202601170601060106,6, 77, 91,7.2,14.2
202601170601060107,7, 59, 74,32.7,66.1
202601170601060101,1, 62, 76,88.0,178.4
202601170601060105,5, 80, 95,2.3,4.1
202601170601060103,3, 79, 92,6.7,13.2
202601170601060112,12, 67, 81,36.5,73.8
202601170601060102,2,,,50.8,102.8
202601170801061208,8, 84, 84,4.8,6.8
202601170801061217,17, 90, 90,7.5,10.7
202601170801061201,1, 94,104,2.9,4.0
202601170801061211,11, 97, 97,1.8,2.3
202601170801061210,10, 95, 95,2.7,3.6
202601170801061204,4, 94, 94,1.7,2.2
202601170801061209,9, 92,100,1.6,2.1
202601170801061213,13, 92, 92,3.2,4.4
202601170801061205,5, 94, 94,5.5,7.7
202601170801061215,15, 93, 93,8.6,12.2
202601170801061207,7, 86, 86,47.8,69.0
202601170801061212,12, 94, 94,39.0,56.2
202601170801061216,16, 92, 92,3.7,5.2
202601170801061206,6, 94, 89,35.4,51.1
202601170801061202,2, 83, 83,63.0,90.9
202601170801061214,14, 92,100,2.4,3.3
202601170801061218,18, 90, 90,23.7,34.2
202601170801061203,3, 84, 84,16.0,22.9
202601170801061105,5,103, 97,1.5,2.6
202601170801061102,2, 94, 88,16.8,32.5
202601170801061104,4, 92, 86,3.1,5.6
202601170801061115,15,103, 97,1.8,3.1
202601170801061107,7,103, 97,1.1,1.3
202601170801061113,13,103, 97,1.4,2.2
202601170801061103,3, 91, 87,6.7,12.6
202601170801061114,14, 98, 92,6.9,13.1
202601170801061106,6, 94, 88,11.9,22.7
202601170801061108,8, 94, 90,5.5,10.4
202601170801061101,1, 84, 77,34.3,66.4
202601170801061111,11, 88, 82,16.1,31.1
202601170801061112,12,104, 98,2.2,3.9
202601170801061116,16, 90, 84,35.8,69.4
202601170801061109,9, 79, 72,12.2,23.3
202601170801061110,10, 98, 92,4.6,8.6
202601170801061009,9, 96, 96,1.1,1.1
202601170801061001,1, 94, 99,1.5,5.2
202601170801061004,4, 85,100,1.4,4.5
202601170801061003,3, 90, 95,2.9,11.1
202601170801061006,6, 90, 95,2.3,8.8
202601170801061002,2, 88, 87,5.7,23.1
202601170801061005,5, 96,101,6.0,24.7
202601170801061008,8, 95,100,1.7,6.1
202601170801061007,7,,,1.9,7.0
202601170801060909,9, 94, 94,1.3,2.0
202601170801060902,2, 97, 97,1.2,1.7
202601170801060910,10, 89, 89,9.1,16.3
202601170801060904,4, 99, 99,1.4,2.1
202601170801060905,5, 93,101,1.1,1.5
202601170801060908,8, 91, 91,2.4,4.0
202601170801060903,3, 93, 93,3.8,6.7
202601170801060906,6, 89, 89,6.8,12.2
202601170801060901,1, 94, 94,5.7,10.3
202601170801060907,7, 89, 89,11.1,20.0
202601170801060808,8, 94,103,1.1,1.4
202601170801060802,2, 90, 99,1.1,1.2
202601170801060805,5, 88, 97,1.2,2.4
202601170801060807,7, 89, 98,1.5,3.3
202601170801060804,4, 78, 86,2.9,7.2
202601170801060801,1, 79, 87,8.7,22.8
202601170801060806,6, 50, 59,3.0,7.5
202601170801060803,3, 84, 93,3.1,7.7
202601170801060709,9, 93,103,1.5,3.3
202601170801060716,16, 94,104,1.1,1.1
202601170801060703,3, 88, 98,2.9,8.3
202601170801060713,13, 86, 96,2.8,8.0
202601170801060712,12, 85, 95,6.3,19.3
202601170801060707,7, 71, 81,1.8,4.8
202601170801060711,11, 90,100,4.7,14.2
202601170801060701,1, 88, 98,3.0,8.7
202601170801060704,4, 78, 88,2.4,6.8
202601170801060710,10, 90,100,2.3,6.5
202601170801060705,5, 82, 92,18.6,59.3
202601170801060702,2, 76, 84,11.5,36.2
202601170801060706,6, 74, 84,15.5,49.2
202601170801060715,15, 82, 92,19.3,61.7
202601170801060714,14, 72, 82,56.4,181.9
202601170801060708,8, 70, 79,,
202601170801060605,5,100,117,1.1,1.3
202601170801060604,4, 88,105,1.2,1.8
202601170801060603,3, 93,108,2.0,3.3
202601170801060601,1, 82, 99,8.2,13.5
202601170801060607,7, 85,102,1.9,3.1
202601170801060602,2, 86, 81,2.1,3.5
202601170801060608,8, 83,100,3.7,6.0
202601170801060606,6, 91,108,1.2,1.8
202601170801060509,9, 85,102,1.3,1.7
202601170801060506,6, 78, 95,3.8,6.2
202601170801060518,18, 80, 98,1.6,2.4
202601170801060502,2, 73, 91,20.7,35.8
202601170801060508,8, 80, 98,1.9,3.0
202601170801060505,5, 74, 89,55.2,96.0
202601170801060512,12, 79, 94,3.3,5.3
202601170801060510,10, 79, 97,1.3,1.7
202601170801060513,13, 80, 98,1.6,2.5
202601170801060501,1, 81, 96,5.5,9.2
202601170801060503,3, 75, 92,14.9,25.7
202601170801060504,4, 72, 89,46.6,81.1
202601170801060516,16, 65, 83,58.1,101.1
202601170801060517,17, 54, 72,86.5,150.6
202601170801060511,11, 62, 80,118.1,205.6
202601170801060515,15, 80, 95,15.4,26.6
202601170801060507,7, 62, 77,21.5,37.2
202601170801060514,14, 54, 72,11.8,20.2
202601170801060401,1,,,2.0,3.0
202601170801060408,8,,,1.8,2.7
202601170801060413,13,,,1.3,1.6
202601170801060416,16,,,1.4,1.9
202601170801060406,6,,,2.1,3.3
202601170801060402,2,,,9.1,15.0
202601170801060405,5,,,3.2,5.1
202601170801060407,7,,,4.0,6.4
202601170801060403,3,,,4.4,7.1
202601170801060409,9,,,34.7,58.0
202601170801060412,12,,,5.7,9.3
202601170801060404,4,,,9.6,15.8
202601170801060410,10,,,26.6,44.3
202601170801060415,15,,,8.3,13.6
202601170801060414,14,,,7.4,12.1
202601170801060411,11,,,20.0,33.4
202601170801060310,10, 73, 91,1.2,1.7
202601170801060312,12, 78, 97,1.2,1.7
202601170801060308,8, 75, 93,1.3,2.0
202601170801060309,9, 68, 85,3.9,6.5
202601170801060303,3, 65, 82,5.9,9.9
202601170801060307,7, 68, 85,2.0,3.2
202601170801060306,6, 57, 75,39.6,68.3
202601170801060301,1, 58, 74,47.2,81.6
202601170801060304,4, 50, 67,23.7,40.9
202601170801060313,13, 54, 72,5.5,9.3
202601170801060302,2, 61, 79,5.2,8.6
202601170801060305,5, 70, 87,4.4,7.2
202601170801060311,11, 65, 83,1.9,3.0
202601170801060203,3, 73, 87,1.6,2.5
202601170801060208,8, 83, 98,1.2,1.7
202601170801060211,11, 80, 95,1.2,1.5
202601170801060206,6, 45, 60,20.1,37.6
202601170801060216,16, 82, 97,1.5,2.4
202601170801060201,1, 52, 66,55.5,104.7
202601170801060205,5, 71, 86,2.9,5.2
202601170801060210,10, 70, 84,3.3,5.8
202601170801060212,12, 65, 79,43.1,81.3
202601170801060215,15, 77, 91,3.8,6.7
202601170801060204,4, 67, 81,72.2,136.3
202601170801060202,2, 79, 94,3.3,5.9
202601170801060213,13, 69, 84,26.7,50.1
202601170801060209,9, 72, 87,6.2,11.4
202601170801060214,14, 77, 91,12.6,23.5
202601170801060207,7, 42, 57,32.5,61.1
202601170801060108,8, 92,110,1.1,1.1
202601170801060104,4, 66, 84,1.5,6.4
202601170801060106,6, 77, 95,1.6,6.8
202601170801060105,5, 71, 90,1.8,8.3
202601170801060110,10, 72, 89,1.8,7.9
202601170801060101,1, 73, 87,3.7,19.4
202601170801060107,7, 50, 65,11.8,66.2
202601170801060103,3, 40, 55,23.4,133.8
202601170801060109,9, 73, 88,1.8,7.9
202601170801060102,2, 47, 65,14.3,81.0
202601120601051201,1, 87, 95,2.7,6.0
202601120601051206,6, 93,102,1.1,1.6
202601120601051202,2, 87, 95,3.1,7.0
202601120601051215,15, 83,102,5.5,12.9
202601120601051203,3,110, 94,1.1,1.2
202601120601051209,9, 85, 93,9.3,22.3
202601120601051207,7, 78, 86,61.4,151.0
202601120601051210,10, 88, 96,8.3,19.8
202601120601051216,16, 87, 95,2.8,6.2
202601120601051211,11, 80, 88,2.7,6.0
202601120601051205,5, 88, 97,2.8,6.2
202601120601051218,18, 86, 95,2.6,5.6
202601120601051208,8, 79, 88,23.5,57.6
202601120601051204,4, 60, 68,6.6,15.6
202601120601051212,12, 82, 90,18.4,44.9
202601120601051214,14, 85, 93,4.0,9.1
202601120601051217,17,,,40.6,99.7
202601120601051213,13, 83, 92,11.3,27.2
202601120601051104,4,109, 94,2.0,2.7
202601120601051101,1,109, 97,1.4,1.8
202601120601051108,8, 97, 73,1.5,2.1
202601120601051102,2,106, 91,12.1,18.3
202601120601051103,3,106, 94,2.9,4.2
202601120601051107,7, 97, 87,8.7,13.2
202601120601051109,9, 95, 83,12.4,18.7
202601120601051113,13,107, 90,7.1,10.6
202601120601051105,5,113, 98,1.5,2.1
202601120601051112,12,108, 96,1.8,2.6
202601120601051114,14,111, 99,3.4,4.9
202601120601051106,6,100, 92,16.7,25.3
202601120601051110,10, 82, 70,30.4,46.0
202601120601051111,11, 92, 86,11.5,17.5
202601120601051015,15,100, 96,1.3,1.6
202601120601051011,11,104,100,1.6,2.1
202601120601051013,13,100, 96,2.8,4.4
202601120601051001,1, 99, 95,5.2,8.3
202601120601051005,5, 98, 94,6.5,10.5
202601120601051010,10,102, 98,2.4,3.7
202601120601051006,6, 99, 95,4.5,7.0
202601120601051007,7,102, 98,2.3,3.6
202601120601051004,4, 84, 78,13.2,21.5
202601120601051014,14, 94, 91,9.4,15.3
202601120601051012,12, 94, 90,26.4,42.9
202601120601051003,3, 94, 90,42.7,69.5
202601120601051002,2, 99, 99,3.2,5.0
202601120601051008,8, 99, 99,2.3,3.4
202601120601051016,16, 94, 88,9.4,15.3
202601120601051009,9, 89, 85,3.3,5.1
202601120601050902,2, 98,107,3.4,5.1
202601120601050901,1, 96, 96,1.4,1.8
202601120601050910,10, 92,101,2.3,3.3
202601120601050908,8, 96, 96,6.0,9.3
202601120601050912,12, 85, 85,2.9,4.4
202601120601050905,5, 90, 90,2.8,4.2
202601120601050903,3, 94, 94,1.8,2.6
202601120601050904,4, 83, 83,29.3,46.2
202601120601050911,11, 90, 90,2.2,3.1
202601120601050906,6, 94, 94,1.5,2.0
202601120601050914,14, 72, 72,11.2,17.6
202601120601050907,7,,,34.0,53.8
202601120601050909,9, 93, 93,12.1,19.0
202601120601050913,13, 74, 74,35.2,55.7
202601120601050915,15, 86, 86,26.4,41.7
202601120601050916,16,,,6.1,9.4
202601120601050802,2, 90, 95,1.2,1.6
202601120601050801,1, 84, 99,2.2,3.6
202601120601050804,4, 88,102,2.4,3.9
202601120601050806,6, 95, 95,2.0,3.2
202601120601050807,7, 88,103,1.8,2.9
202601120601050803,3, 90,104,3.3,5.6
202601120601050809,9, 92, 97,1.2,1.6
202601120601050810,10, 87, 92,3.4,5.9
202601120601050805,5, 77, 82,3.4,5.8
202601120601050808,8, 87,101,11.6,20.2
202601120601050811,11, 89, 94,14.1,24.6
202601120601050701,1, 93,102,1.2,1.5
202601120601050704,4, 82, 92,3.3,5.9
202601120601050715,15, 90, 99,1.2,1.6
202601120601050708,8, 87, 96,1.8,3.1
202601120601050703,3, 68, 77,22.5,43.0
202601120601050711,11, 77, 85,7.0,13.1
202601120601050709,9, 72, 81,2.8,5.0
202601120601050702,2, 76, 86,10.0,18.9
202601120601050713,13, 83, 93,8.7,16.4
202601120601050710,10, 87, 96,1.6,2.7
202601120601050707,7, 82, 91,3.7,6.7
202601120601050714,14, 75, 85,46.3,88.6
202601120601050712,12, 66, 75,26.5,50.7
202601120601050705,5, 26, 31,3.5,6.4
202601120601050706,6, 72, 90,4.7,8.7
202601120601050611,11, 78, 95,1.2,1.6
202601120601050607,7, 79, 96,1.3,1.9
202601120601050603,3, 78, 96,5.0,8.4
202601120601050617,17, 78, 96,2.1,3.3
202601120601050614,14, 75, 92,6.1,10.2
202601120601050604,4, 66, 84,6.2,10.5
202601120601050613,13, 74, 92,3.8,6.2
202601120601050606,6, 80, 98,2.9,4.7
202601120601050609,9, 70, 87,35.7,61.7
202601120601050608,8, 74, 89,51.3,88.8
202601120601050615,15, 78, 96,1.5,2.3
202601120601050602,2, 70, 88,14.9,25.6
202601120601050605,5, 68, 86,12.1,20.7
202601120601050612,12, 80, 95,3.5,5.7
202601120601050610,10, 71, 88,22.3,38.3
202601120601050616,16, 70, 88,57.8,100.0
202601120601050601,1, 64, 82,64.4,111.5
202601120601050618,18, 80, 97,4.2,6.9
202601120601050515,15,,,4.7,7.5
202601120601050512,12,,,1.7,2.5
202601120601050513,13,,,2.6,4.1
202601120601050516,16,,,7.8,12.6
202601120601050510,10,,,3.1,4.9
202601120601050503,3,,,2.2,3.4
202601120601050502,2,,,1.3,1.6
202601120601050507,7,,,2.6,4.0
202601120601050501,1,,,7.5,12.1
202601120601050508,8,,,8.6,13.9
202601120601050514,14,,,13.3,21.8
202601120601050511,11,,,1.5,2.1
202601120601050504,4,,,30.4,49.9
202601120601050509,9,,,5.2,8.3
202601120601050506,6,,,18.4,30.2
202601120601050505,5,,,49.1,80.6
202601120601050411,11,,,3.1,5.6
202601120601050404,4,,,1.1,1.5
202601120601050414,14,,,1.4,2.2
202601120601050409,9,,,2.7,4.7
202601120601050401,1,,,2.1,3.6
202601120601050407,7,,,1.1,1.6
202601120601050403,3,,,18.6,35.6
202601120601050402,2,,,7.6,14.3
202601120601050412,12,,,3.7,6.6
202601120601050410,10, 72, 80,14.4,27.4
202601120601050405,5, 86, 79,3.7,6.7
202601120601050406,6,,,5.4,9.9
202601120601050408,8,,,23.0,43.9
202601120601050413,13,,,24.0,45.9
202601120601050301,1, 66, 83,2.9,5.1
202601120601050311,11, 75, 92,2.5,4.3
202601120601050315,15, 79, 96,2.3,3.9
202601120601050314,14, 74, 91,2.2,3.8
202601120601050306,6, 81, 98,1.1,1.2
202601120601050316,16, 80, 97,2.8,4.9
202601120601050303,3, 70, 87,2.5,4.3
202601120601050304,4, 52, 69,68.7,130.3
202601120601050313,13, 65, 82,4.4,8.0
202601120601050310,10, 66, 80,89.7,170.1
202601120601050312,12, 56, 73,84.6,160.5
202601120601050307,7, 77, 92,3.0,5.3
202601120601050305,5, 51, 68,102.8,195.0
202601120601050308,8, 53, 68,23.8,44.8
202601120601050302,2, 67, 84,26.0,48.9
202601120601050309,9, 79, 96,1.7,2.7
202601120601050204,4, 80, 97,1.3,1.7
202601120601050201,1, 84,101,1.7,2.6
202601120601050211,11, 74, 91,1.8,2.7
202601120601050203,3, 74, 91,20.5,35.5
202601120601050207,7, 73, 90,3.4,5.5
202601120601050216,16, 80, 95,3.1,5.0
202601120601050212,12, 64, 81,2.1,3.3
202601120601050206,6, 55, 72,67.1,116.6
202601120601050208,8, 66, 83,37.8,65.7
202601120601050210,10, 77, 92,7.4,12.6
202601120601050214,14, 72, 87,14.3,24.7
202601120601050205,5, 72, 87,10.3,17.6
202601120601050215,15, 73, 91,1.3,1.7
202601120601050209,9, 70, 87,11.0,18.9
202601120601050213,13, 66, 81,26.9,46.8
202601120601050202,2, 67, 84,4.5,7.5
202601120601050105,5, 89,103,1.1,2.1
202601120601050111,11, 60, 75,6.8,18.1
202601120601050108,8, 87,102,1.1,2.2
202601120601050104,4, 80, 94,2.6,6.2
202601120601050110,10, 81, 95,15.8,43.0
202601120601050112,12, 82, 97,5.7,14.9
202601120601050107,7, 61, 78,2.6,6.3
202601120601050103,3, 85,100,1.1,1.1
202601120601050109,9, 59, 73,92.4,255.6
202601120601050102,2, 77, 91,9.9,26.6
202601120601050114,14, 80, 94,4.6,11.9
202601120601050116,16, 63, 77,10.3,27.7
202601120601050101,1, 64, 79,48.7,134.6
202601120601050113,13, 80, 94,6.6,17.4
202601120601050115,15, 59, 74,40.4,111.5
202601120601050106,6, 74, 88,16.6,45.2
202601120801051209,9, 77, 91,2.8,3.9
202601120801051208,8, 81, 96,1.7,2.2
202601120801051207,7, 77, 91,4.8,6.7
202601120801051202,2, 86,101,1.7,2.2
202601120801051211,11, 83, 98,5.9,8.3
202601120801051206,6, 86,101,1.7,2.3
202601120801051212,12, 84, 99,3.8,5.2
202601120801051216,16, 83, 97,2.5,3.4
202601120801051213,13, 65, 80,2.7,3.6
202601120801051217,17, 74, 89,4.4,6.1
202601120801051203,3, 74, 89,27.9,39.9
202601120801051214,14, 73, 87,18.2,26.0
202601120801051210,10, 71, 86,5.6,7.9
202601120801051218,18, 83, 97,16.8,23.9
202601120801051201,1, 77, 92,39.9,56.9
202601120801051205,5, 73, 87,12.9,18.3
202601120801051204,4, 85, 99,8.5,12.0
202601120801051215,15,,,77.3,110.4
202601120801051103,3, 89, 94,4.6,6.4
202601120801051116,16, 89,106,2.4,3.2
202601120801051101,1, 86,101,2.0,2.7
202601120801051111,11, 92, 87,1.8,2.3
202601120801051113,13, 93, 90,1.6,2.0
202601120801051109,9, 85,102,8.0,11.3
202601120801051112,12, 84,101,3.4,4.7
202601120801051110,10, 90, 95,13.5,19.3
202601120801051104,4, 89,104,2.9,4.0
202601120801051102,2, 90, 95,4.6,6.4
202601120801051107,7, 89, 79,14.8,21.1
202601120801051108,8, 86,101,4.2,5.9
202601120801051115,15, 93, 98,3.7,5.2
202601120801051114,14, 89, 94,27.3,38.8
202601120801051105,5, 85,100,12.4,17.7
202601120801051106,6, 90, 88,3.4,4.6
202601120801051015,15,105,105,1.6,2.3
202601120801051014,14, 98, 91,5.6,8.7
202601120801051008,8,104, 97,1.7,2.4
202601120801051001,1, 99, 92,17.8,28.1
202601120801051003,3,104, 97,1.4,1.9
202601120801051016,16, 91, 84,6.0,9.3
202601120801051011,11,101,101,1.8,2.6
202601120801051007,7,103,103,1.4,1.9
202601120801051006,6, 94, 87,20.0,31.6
202601120801051012,12,102, 95,10.3,16.1
202601120801051009,9, 90, 83,32.0,50.8
202601120801051005,5, 94, 87,48.7,77.2
202601120801051010,10, 91, 84,9.3,14.6
202601120801051002,2, 97, 90,3.8,5.8
202601120801051004,4, 88, 81,5.5,8.5
202601120801051013,13, 88, 81,38.5,61.2
202601120801050910,10, 99, 99,1.2,1.4
202601120801050903,3, 64, 64,6.3,10.6
202601120801050909,9, 95, 95,3.1,5.1
202601120801050908,8, 98, 98,1.6,2.4
202601120801050911,11, 96, 96,7.7,13.0
202601120801050901,1, 98, 98,1.6,2.4
202601120801050904,4, 93,101,1.5,2.1
202601120801050906,6, 91, 91,2.5,3.9
202601120801050907,7, 97, 97,3.8,6.2
202601120801050902,2, 92, 92,16.7,28.4
202601120801050905,5, 92, 92,16.0,27.2
202601120801050912,12, 86, 86,3.6,5.9
202601120801050807,7, 88, 97,2.0,3.0
202601120801050805,5, 94,103,1.6,2.4
202601120801050810,10, 89, 98,1.3,1.6
202601120801050801,1, 95,104,2.1,3.2
202601120801050808,8, 89, 98,1.6,2.2
202601120801050804,4, 77, 86,4.2,6.5
202601120801050802,2, 86, 95,5.6,8.8
202601120801050806,6, 80, 99,6.4,10.2
202601120801050811,11, 77, 83,5.1,8.0
202601120801050809,9, 82, 91,55.5,89.9
202601120801050812,12, 81, 90,21.4,34.6
202601120801050814,14, 76, 85,29.5,47.7
202601120801050803,3, 83, 92,5.4,8.6
202601120801050813,13, 84, 93,4.3,6.7
202601120801050815,15, 76, 85,5.3,8.3
202601120801050714,14, 91,101,1.7,2.7
202601120801050713,13, 89, 99,1.9,3.1
202601120801050712,12, 89, 99,7.3,12.8
202601120801050716,16, 87, 97,1.2,1.5
202601120801050708,8, 88, 98,4.4,7.6
202601120801050701,1, 84, 94,9.6,17.0
202601120801050707,7, 88, 98,11.6,20.7
202601120801050715,15, 86, 96,1.6,2.5
202601120801050703,3, 86, 96,13.9,24.9
202601120801050709,9, 81, 90,6.3,11.0
202601120801050711,11, 86, 96,9.6,17.0
202601120801050710,10, 67, 77,12.1,21.7
202601120801050706,6, 93,103,1.3,1.9
202601120801050702,2, 87, 97,6.4,11.2
202601120801050704,4,,,10.2,18.1
202601120801050705,5, 60, 70,33.0,59.0
202601120801050608,8, 83, 93,2.0,3.1
202601120801050604,4, 85, 94,1.2,1.7
202601120801050602,2, 84, 93,1.2,1.7
202601120801050609,9, 81, 90,3.4,5.5
202601120801050605,5, 69, 78,2.1,3.3
202601120801050601,1, 77, 87,21.2,34.3
202601120801050603,3,,,9.5,15.3
202601120801050607,7, 75, 85,1.2,1.7
202601120801050606,6, 85, 94,2.1,3.3
202601120801050506,6,,,1.3,1.7
202601120801050505,5,,,1.6,2.2
202601120801050507,7,,,6.6,10.2
202601120801050514,14,,,7.7,11.9
202601120801050517,17,,,8.0,12.4
202601120801050501,1,,,2.2,3.3
202601120801050512,12,,,9.9,15.4
202601120801050516,16,,,13.9,21.7
202601120801050503,3,,,11.6,18.1
202601120801050510,10,,,36.0,56.6
202601120801050502,2,,,19.2,30.1
202601120801050518,18,,,1.6,2.2
202601120801050508,8,,,28.2,44.4
202601120801050515,15,,,5.4,8.3
202601120801050504,4,,,7.0,10.8
202601120801050511,11,,,2.9,4.4
202601120801050513,13,,,2.1,3.1
202601120801050509,9,,,12.2,19.0
202601120801050410,10,,,1.4,2.0
202601120801050416,16,,,1.3,1.6
202601120801050405,5,,,8.8,14.4
202601120801050402,2,,,5.2,8.3
202601120801050406,6,,,1.7,2.4
202601120801050411,11,,,13.8,22.8
202601120801050409,9,,,2.1,3.2
202601120801050403,3,,,17.1,28.3
202601120801050415,15,,,7.1,11.6
202601120801050401,1,,,4.2,6.8
202601120801050408,8,,,15.1,24.9
202601120801050404,4,,,29.7,49.1
202601120801050413,13,,,1.7,2.5
202601120801050407,7,,,3.8,6.1
202601120801050412,12,,,17.7,29.2
202601120801050414,14,,,9.4,15.3
202601120801050311,11, 82, 97,1.6,2.3
202601120801050316,16, 57, 74,9.1,15.1
202601120801050313,13, 87,101,1.5,2.2
202601120801050305,5, 80, 95,6.0,9.8
202601120801050301,1, 82, 97,2.9,4.5
202601120801050309,9, 79, 94,2.8,4.4
202601120801050314,14, 47, 62,68.4,115.7
202601120801050302,2, 85,100,1.3,1.7
202601120801050304,4, 64, 79,89.0,150.6
202601120801050310,10, 78, 93,3.1,4.9
202601120801050315,15, 74, 89,6.2,10.3
202601120801050306,6, 40, 57,20.0,33.6
202601120801050303,3, 66, 81,25.6,43.1
202601120801050308,8, 63, 78,40.5,68.3
202601120801050312,12, 35, 50,115.0,194.5
202601120801050307,7, 83, 98,1.4,1.9
202601120801050207,7, 93,110,1.1,1.1
202601120801050203,3, 83,100,1.4,3.7
202601120801050210,10, 87,104,1.2,2.8
202601120801050205,5, 84,101,2.3,6.6
202601120801050216,16, 72, 89,8.4,27.5
202601120801050202,2, 82, 99,2.2,6.2
202601120801050215,15, 67, 82,7.5,24.4
202601120801050204,4, 48, 66,13.0,43.2
202601120801050208,8, 73, 90,1.8,5.1
202601120801050209,9, 68, 82,68.1,230.2
202601120801050212,12, 66, 83,33.7,113.5
202601120801050206,6, 59, 73,32.1,107.8
202601120801050214,14, 77, 92,6.9,22.2
202601120801050201,1, 58, 75,74.6,252.3
202601120801050213,13, 61, 78,10.7,35.3
202601120801050211,11, 61, 79,10.6,34.8
202601120801050114,14, 84, 99,1.4,2.1
202601120801050104,4, 58, 73,2.5,3.8
202601120801050115,15, 79, 93,2.7,4.2
202601120801050110,10, 77, 92,1.3,1.8
202601120801050116,16, 81, 96,2.3,3.5
202601120801050105,5, 59, 76,9.4,15.1
202601120801050107,7, 79, 93,4.7,7.5
202601120801050101,1, 76, 90,8.7,14.0
202601120801050108,8, 58, 73,43.0,70.2
202601120801050113,13, 64, 79,6.0,9.6
202601120801050102,2, 85, 99,1.3,1.8
202601120801050111,11,, 11,64.1,104.9
202601120801050106,6, 81, 95,4.9,7.8
202601120801050109,9, 75, 90,5.5,8.8
202601120801050112,12, 50, 64,39.8,65.0
202601120801050103,3, 71, 85,13.0,21.1
202601110601041212,12, 92,101,4.1,6.0
202601110601041211,11, 97,102,1.9,2.7
202601110601041215,15, 87, 87,22.1,33.6
202601110601041214,14, 96, 96,1.4,1.8
202601110601041206,6, 91, 91,8.0,12.0
202601110601041213,13, 28, 28,3.6,5.2
202601110601041216,16, 93,102,5.8,8.6
202601110601041207,7, 98, 98,4.6,6.7
202601110601041209,9, 95, 95,12.0,18.1
202601110601041202,2, 99, 99,1.7,2.2
202601110601041204,4, 88, 88,44.4,67.4
202601110601041210,10, 90, 90,4.4,6.5
202601110601041208,8, 78, 78,27.5,41.8
202601110601041205,5, 98,107,1.8,2.5
202601110601041201,1, 95, 95,2.1,2.9
202601110601041203,3, 91, 91,23.8,36.2
202601110601041115,15, 95, 94,2.9,4.3
202601110601041104,4,,,6.1,9.3
202601110601041101,1, 90, 95,5.6,8.5
202601110601041116,16, 85,100,4.4,6.6
202601110601041109,9, 92, 97,1.7,2.3
202601110601041110,10, 85,100,8.9,13.7
202601110601041103,3, 91, 89,3.3,4.9
202601110601041107,7, 85,100,2.8,4.2
202601110601041114,14, 83,100,2.9,4.3
202601110601041102,2, 90,105,1.4,1.7
202601110601041106,6, 87, 92,20.1,31.3
202601110601041108,8, 82, 99,13.7,21.3
202601110601041112,12, 85,100,1.5,2.1
202601110601041113,13, 84,101,5.1,7.7
202601110601041111,11, 84,101,7.3,11.2
202601110601041105,5, 84, 99,23.4,36.4
202601110601041003,3, 86, 73,3.5,5.0
202601110601041007,7,109, 97,3.4,4.9
202601110601041015,15,107, 94,3.9,5.5
202601110601041010,10,116,104,1.5,1.9
202601110601041013,13,109, 97,1.7,2.3
202601110601041006,6,114,102,4.3,6.2
202601110601041008,8,108, 96,2.2,3.1
202601110601041002,2,100, 88,58.2,86.3
202601110601041012,12,103, 92,4.2,6.0
202601110601041005,5,106, 99,2.5,3.5
202601110601041009,9,,,4.6,6.6
202601110601041014,14,110,103,1.9,2.6
202601110601041004,4, 95, 83,47.8,70.9
202601110601041016,16,102, 91,11.4,16.8
202601110601041001,1, 96, 80,17.7,26.1
202601110601041011,11,110, 97,25.0,37.0
202601110601040907,7, 98, 98,1.2,1.5
202601110601040908,8, 95, 95,1.6,2.4
202601110601040902,2, 92, 92,1.5,2.1
202601110601040913,13, 92, 92,10.1,16.9
202601110601040901,1, 86, 86,9.7,16.2
202601110601040905,5, 88, 88,1.6,2.4
202601110601040903,3, 84, 84,3.4,5.4
202601110601040911,11, 92, 92,3.8,6.2
202601110601040906,6, 85, 85,7.9,13.1
202601110601040904,4, 92, 92,9.2,15.3
202601110601040912,12, 88, 88,21.2,35.6
202601110601040910,10, 98, 98,1.8,2.7
202601110601040909,9, 90, 90,25.9,43.4
202601110601040807,7, 90, 99,1.1,1.1
202601110601040801,1, 84, 93,2.0,9.6
202601110601040802,2, 90, 99,1.5,5.9
202601110601040808,8, 87, 95,2.5,12.7
202601110601040814,14, 83, 92,13.4,77.1
202601110601040804,4, 96, 96,3.6,19.0
202601110601040806,6, 86, 94,9.0,51.1
202601110601040809,9, 88, 97,4.0,21.6
202601110601040810,10, 90, 98,1.8,8.6
202601110601040815,15, 84, 93,3.0,15.4
202601110601040805,5,,,18.1,104.5
202601110601040812,12, 82, 91,47.6,279.4
202601110601040811,11, 79, 88,24.5,142.5
202601110601040813,13, 79, 88,8.2,46.0
202601110601040816,16, 85,101,2.8,14.4
202601110601040803,3,,,60.1,353.4
202601110601040709,9, 92,101,1.1,1.1
202601110601040705,5, 87, 97,1.2,4.0
202601110601040712,12, 90, 99,1.3,4.8
202601110601040702,2, 77, 86,6.9,36.8
202601110601040715,15, 76, 85,2.5,11.8
202601110601040704,4, 78, 87,5.8,30.4
202601110601040714,14,,,35.8,199.1
202601110601040706,6, 77, 86,2.6,12.3
202601110601040711,11,,,3.4,16.8
202601110601040710,10, 81, 90,16.6,91.3
202601110601040713,13, 78, 88,3.8,19.4
202601110601040708,8, 77, 86,16.0,87.6
202601110601040716,16, 60, 69,26.7,148.2
202601110601040701,1,,,4.6,23.4
202601110601040703,3, 62, 80,35.9,199.9
202601110601040707,7, 58, 77,37.6,209.4
202601110601040615,15, 75, 93,1.9,5.6
202601110601040613,13, 83,100,1.1,1.1
202601110601040612,12, 79, 97,1.9,5.7
202601110601040601,1, 68, 86,3.0,10.0
202601110601040604,4, 81, 98,1.3,3.0
202601110601040603,3, 72, 90,3.9,13.5
202601110601040609,9, 72, 90,26.1,96.7
202601110601040617,17, 71, 88,8.1,29.0
202601110601040610,10, 71, 89,6.9,24.6
202601110601040616,16, 73, 91,6.7,24.0
202601110601040606,6, 62, 80,26.2,96.9
202601110601040614,14, 75, 93,2.1,6.5
202601110601040605,5, 16, 33,28.9,107.0
202601110601040611,11, 57, 75,11.1,40.4
202601110601040608,8, 60, 78,4.5,15.5
202601110601040607,7, 65, 80,30.8,114.1
202601110601040618,18, 54, 71,20.5,75.5
202601110601040602,2, 71, 89,,
202601110601040502,2,,,7.8,13.1
202601110601040513,13,,,2.1,3.2
202601110601040510,10,,,1.2,1.6
202601110601040506,6,,,2.3,3.6
202601110601040504,4,,,1.9,2.9
202601110601040509,9,,,1.4,1.9
202601110601040515,15,,,9.2,15.5
202601110601040511,11,,,1.7,2.5
202601110601040503,3,,,46.7,80.1
202601110601040516,16,,,18.8,32.2
202601110601040505,5,,,27.1,46.5
202601110601040507,7,,,5.7,9.5
202601110601040501,1,,,16.3,27.8
202601110601040508,8,,,13.8,23.5
202601110601040512,12,,,4.1,6.7
202601110601040514,14,,,45.1,77.5
202601110601040401,1, 96,101,1.4,1.9
202601110601040402,2, 82, 87,1.4,1.9
202601110601040412,12, 91, 96,12.4,19.0
202601110601040403,3, 96,110,4.1,6.1
202601110601040411,11, 98,111,2.0,2.9
202601110601040413,13, 87,101,4.3,6.5
202601110601040416,16, 92,106,2.3,3.4
202601110601040404,4, 94, 99,1.4,2.0
202601110601040410,10, 89,103,18.8,29.0
202601110601040408,8, 92, 97,5.1,7.7
202601110601040409,9, 92,106,6.9,10.4
202601110601040406,6, 87,101,5.9,8.9
202601110601040405,5, 64, 69,21.5,33.2
202601110601040414,14, 90, 89,7.2,10.9
202601110601040415,15, 82, 87,25.8,39.9
202601110601040407,7, 91, 91,24.5,37.8
202601110601040316,16, 82, 99,1.1,2.0
202601110601040307,7, 85,102,1.1,1.1
202601110601040302,2, 56, 73,4.0,17.3
202601110601040311,11, 58, 75,6.2,28.2
202601110601040305,5, 66, 83,1.8,6.9
202601110601040314,14, 47, 64,83.7,402.4
202601110601040303,3, 60, 78,10.7,49.9
202601110601040301,1, 67, 84,5.7,25.8
202601110601040310,10, 48, 65,33.7,161.2
202601110601040304,4, 55, 72,15.4,72.5
202601110601040312,12, 63, 80,7.8,35.8
202601110601040309,9, 56, 73,24.1,114.9
202601110601040315,15, 45, 62,2.6,10.9
202601110601040308,8, 78, 93,1.2,3.9
202601110601040313,13, 41, 58,18.3,86.9
202601110601040306,6, 65, 79,29.8,142.5
202601110601040213,13, 77, 94,1.8,2.8
202601110601040203,3, 80, 95,2.8,4.6
202601110601040204,4, 82, 99,1.2,1.7
202601110601040207,7, 66, 83,3.4,5.7
202601110601040211,11, 72, 87,5.1,8.8
202601110601040212,12, 77, 94,1.2,1.7
202601110601040210,10, 70, 85,8.7,15.1
202601110601040214,14, 61, 78,21.1,37.2
202601110601040216,16, 66, 81,7.3,12.5
202601110601040215,15, 75, 90,7.1,12.3
202601110601040202,2, 71, 85,55.7,98.7
202601110601040206,6, 78, 95,1.3,1.9
202601110601040209,9, 55, 72,39.5,69.9
202601110601040208,8, 74, 91,48.9,86.6
202601110601040205,5, 76, 91,6.0,10.4
202601110601040201,1, 68, 83,44.6,79.0
202601110601040106,6, 85, 99,1.1,1.5
202601110601040104,4, 50, 65,1.1,1.6
202601110601040107,7, 87,101,1.3,2.0
202601110601040113,13, 66, 81,20.2,38.5
202601110601040105,5, 77, 91,3.1,5.5
202601110601040111,11, 66, 80,14.0,26.5
202601110601040109,9, 79, 93,16.3,30.9
202601110601040112,12, 84, 98,3.7,6.7
202601110601040114,14, 75, 89,4.4,8.0
202601110601040110,10, 77, 92,2.3,4.0
202601110601040115,15, 75, 89,16.5,31.2
202601110601040116,16, 58, 72,38.0,72.5
202601110601040102,2, 81, 95,2.3,4.0
202601110601040103,3,,,92.2,176.3
202601110601040108,8, 59, 74,11.2,21.1
202601110601040101,1, 57, 72,28.4,54.2
202601110801041212,12, 83,100,1.5,1.9
202601110801041208,8, 80, 95,2.2,3.0
202601110801041214,14, 78, 96,1.7,2.3
202601110801041207,7, 77, 95,3.6,5.3
202601110801041210,10, 78, 96,1.6,2.2
202601110801041217,17, 79, 96,3.1,4.4
202601110801041201,1, 80, 97,7.3,10.9
202601110801041206,6, 76, 94,2.9,4.1
202601110801041205,5, 75, 92,7.1,10.5
202601110801041202,2, 73, 91,11.9,18.0
202601110801041213,13, 81, 96,8.6,12.9
202601110801041209,9, 68, 86,27.0,41.0
202601110801041216,16, 68, 83,65.0,98.8
202601110801041211,11, 65, 83,53.4,81.1
202601110801041203,3, 68, 86,12.1,18.2
202601110801041204,4,,,48.9,74.4
202601110801041215,15, 73, 90,5.2,7.7
202601110801041218,18, 80, 95,4.0,5.8
202601110801041112,12,106, 98,1.2,1.6
202601110801041106,6,104, 99,1.6,2.5
202601110801041113,13,103, 91,4.0,6.7
202601110801041107,7,110,100,2.7,4.4
202601110801041104,4,102, 94,4.8,8.2
202601110801041109,9, 98, 90,4.0,6.7
202601110801041114,14, 94, 88,11.8,20.5
202601110801041103,3, 82, 74,6.0,10.2
202601110801041115,15, 99, 91,5.3,8.9
202601110801041111,11,107, 99,2.8,4.6
202601110801041116,16,103, 98,7.3,12.6
202601110801041105,5,107, 99,1.3,1.8
202601110801041108,8,,,33.5,58.4
202601110801041102,2, 99, 91,7.6,13.0
202601110801041101,1,104, 88,3.2,5.3
202601110801041110,10, 94, 84,26.8,46.7
202601110801041011,11,101, 93,1.8,2.8
202601110801041008,8,104, 96,1.2,1.6
202601110801041015,15,100, 94,39.7,68.8
202601110801041001,1,103, 95,6.9,11.6
202601110801041014,14, 99, 99,3.2,5.1
202601110801041004,4,103,103,1.5,2.2
202601110801041003,3,101,101,1.3,1.9
202601110801041006,6,101, 95,5.4,9.0
202601110801041010,10,100, 92,3.2,5.2
202601110801041012,12,102, 94,5.0,8.3
202601110801041002,2,102, 94,5.3,8.8
202601110801041009,9,100, 94,3.8,6.2
202601110801041013,13,104, 96,20.6,35.5
202601110801041005,5, 89, 81,48.2,83.5
202601110801041007,7, 95, 87,40.8,70.6
202601110801040909,9, 99, 99,1.4,2.3
202601110801040906,6, 97, 97,1.6,2.7
202601110801040907,7, 94, 94,1.8,3.1
202601110801040902,2,105,105,1.2,1.7
202601110801040904,4, 99, 99,1.1,1.4
202601110801040910,10, 96,105,2.3,4.1
202601110801040905,5, 85, 85,10.2,20.1
202601110801040903,3, 82, 82,35.2,70.0
202601110801040901,1, 95, 95,4.7,9.0
202601110801040908,8, 72, 72,42.2,84.1
202601110801040815,15, 93,103,1.2,1.4
202601110801040804,4, 96, 96,1.6,2.3
202601110801040808,8, 91, 91,1.9,3.0
202601110801040807,7, 95, 95,3.1,5.1
202601110801040814,14,100,110,2.0,3.2
202601110801040802,2, 86, 86,9.7,16.8
202601110801040805,5, 95, 95,2.5,4.1
202601110801040811,11, 98, 98,2.2,3.5
202601110801040810,10, 58, 58,20.1,35.3
202601110801040806,6, 97, 97,5.6,9.5
202601110801040816,16, 90, 90,6.0,10.3
202601110801040803,3, 84, 84,58.6,103.3
202601110801040809,9, 73, 73,7.2,12.4
202601110801040813,13, 84, 84,23.4,41.2
202601110801040812,12, 77, 77,66.4,117.1
202601110801040801,1, 94, 94,6.2,10.7
202601110801040712,12, 87, 95,2.3,3.5
202601110801040702,2, 93, 75,1.7,2.4
202601110801040710,10, 90, 98,1.5,2.1
202601110801040709,9, 92,101,2.4,3.7
202601110801040704,4, 97,105,1.2,1.5
202601110801040714,14, 92,100,2.5,3.8
202601110801040705,5, 80, 89,17.1,27.9
202601110801040701,1, 89, 97,4.9,7.8
202601110801040706,6, 82, 90,12.0,19.5
202601110801040711,11, 73, 81,5.4,8.6
202601110801040713,13, 74, 82,3.2,4.9
202601110801040707,7, 71, 90,10.3,16.7
202601110801040703,3, 86, 95,12.3,20.0
202601110801040708,8, 86, 94,5.3,8.4
202601110801040613,13, 91,101,2.0,3.1
202601110801040606,6, 87, 96,1.3,2.0
202601110801040611,11, 93,102,1.1,1.4
202601110801040603,3, 94,103,1.5,2.3
202601110801040612,12, 83, 92,7.4,12.9
202601110801040605,5, 90, 99,2.9,4.8
202601110801040604,4, 84, 93,5.1,8.8
202601110801040601,1, 81, 90,5.1,8.8
202601110801040607,7, 78, 87,12.0,21.2
202601110801040610,10, 79, 88,3.7,6.3
202601110801040608,8, 81, 90,8.1,14.3
202601110801040614,14, 87, 96,6.6,11.6
202601110801040602,2,,,3.3,5.5
202601110801040609,9, 76, 84,49.0,86.7
202601110801040507,7, 90, 87,1.3,1.7
202601110801040505,5, 89,104,1.4,1.8
202601110801040503,3, 94,108,4.8,7.2
202601110801040510,10, 89,104,2.1,3.1
202601110801040501,1, 94, 99,1.6,2.2
202601110801040508,8, 89, 94,4.0,5.9
202601110801040504,4, 89,104,1.6,2.3
202601110801040509,9, 62, 67,3.2,4.7
202601110801040502,2, 85,100,3.8,5.7
202601110801040506,6, 91,106,6.0,8.9
202601110801040405,5,,,1.3,2.0
202601110801040414,14,,,1.4,2.4
202601110801040403,3,,,1.1,1.3
202601110801040401,1,,,5.6,10.8
202601110801040411,11,,,2.0,3.5
202601110801040410,10,,,1.9,3.4
202601110801040404,4,,,24.6,49.1
202601110801040412,12,,,7.1,13.9
202601110801040408,8, 89, 82,6.0,11.5
202601110801040409,9,,,2.3,4.1
202601110801040413,13,,,21.7,43.2
202601110801040406,6, 69, 77,13.0,25.7
202601110801040407,7, 83, 92,19.9,39.7
202601110801040402,2, 66, 75,24.7,49.4
202601110801040303,3, 82, 97,1.9,3.1
202601110801040302,2, 79, 94,2.2,3.5
202601110801040301,1, 84, 99,1.2,1.6
202601110801040308,8, 82, 97,1.2,1.8
202601110801040316,16, 76, 90,3.5,5.9
202601110801040314,14, 81, 97,1.3,2.0
202601110801040312,12, 63, 78,21.5,38.1
202601110801040304,4, 83, 98,3.5,5.8
202601110801040306,6, 63, 77,35.1,62.4
202601110801040313,13, 76, 91,11.6,20.4
202601110801040311,11, 78, 93,6.5,11.2
202601110801040310,10, 68, 83,11.4,20.1
202601110801040305,5, 61, 76,22.5,39.8
202601110801040309,9, 52, 67,76.3,135.5
202601110801040307,7, 53, 68,10.5,18.4
202601110801040315,15, 26, 44,39.8,70.6
202601110801040210,10,,,6.1,11.2
202601110801040214,14,,,1.1,1.2
202601110801040203,3,,,2.1,3.7
202601110801040213,13,,,6.2,11.5
202601110801040216,16,,,2.5,4.3
202601110801040204,4,,,3.6,6.6
202601110801040212,12,,,1.5,2.4
202601110801040209,9,,,8.2,15.3
202601110801040211,11,,,1.5,2.5
202601110801040215,15,,,6.1,11.3
202601110801040206,6,,,5.6,10.3
202601110801040201,1,,,8.2,15.4
202601110801040207,7,,,10.5,19.8
202601110801040208,8,,,26.4,50.0
202601110801040205,5,,,35.8,68.1
202601110801040202,2,,,5.6,10.3
202601110801040103,3, 83,100,1.2,1.8
202601110801040106,6, 82, 99,1.1,1.4
202601110801040114,14, 75, 92,2.4,4.1
202601110801040116,16, 80, 97,2.6,4.5
202601110801040115,15, 66, 83,10.0,19.0
202601110801040111,11, 78, 95,1.5,2.4
202601110801040107,7, 80, 97,1.8,3.1
202601110801040102,2, 63, 80,14.6,27.9
202601110801040113,13, 71, 88,3.9,7.0
202601110801040112,12, 53, 70,13.4,25.6
202601110801040101,1, 67, 84,51.1,98.6
202601110801040105,5, 62, 79,24.5,47.2
202601110801040110,10, 75, 92,16.8,32.2
202601110801040104,4, 63, 80,19.8,38.1
202601110801040109,9, 60, 77,34.4,66.3
202601110801040108,8, 73, 90,4.9,9.0
202601100601031202,2, 86, 95,2.3,3.4
202601100601031206,6, 86, 96,1.3,1.5
202601100601031201,1, 86, 95,1.6,2.3
202601100601031204,4, 84, 93,3.6,5.7
202601100601031214,14, 87, 96,3.9,6.2
202601100601031212,12, 68, 78,4.0,6.4
202601100601031210,10, 79, 88,18.2,29.8
202601100601031215,15, 81, 91,2.6,4.0
202601100601031205,5, 85, 94,9.7,15.8
202601100601031209,9, 68, 78,28.5,46.7
202601100601031207,7, 82, 97,5.5,8.7
202601100601031211,11, 80, 89,67.9,111.3
202601100601031203,3, 86, 95,2.6,4.0
202601100601031213,13,,,2.0,3.0
202601100601031208,8, 44, 54,16.2,26.6
202601100601031216,16,,,5.2,8.4
202601100601031113,13, 97, 89,1.6,2.4
202601100601031104,4,104, 80,1.3,1.7
202601100601031102,2,100,100,2.6,4.0
202601100601031117,17,100, 92,3.7,6.0
202601100601031112,12,101, 93,22.5,38.1
202601100601031106,6,102, 94,7.2,11.9
202601100601031111,11,,,5.9,9.7
202601100601031101,1, 90, 82,3.6,5.8
202601100601031109,9,107, 99,1.3,1.8
202601100601031110,10,100, 92,24.6,41.5
202601100601031114,14,106, 98,3.8,6.2
202601100601031103,3, 98, 91,12.1,20.3
202601100601031108,8, 90, 82,15.2,25.5
202601100601031107,7,103, 95,2.7,4.3
202601100601031116,16,102, 94,17.6,29.6
202601100601031115,15,101, 93,4.7,7.6
202601100601031105,5, 60, 53,9.0,15.1
202601100601031016,16, 97, 97,2.5,3.7
202601100601031008,8, 91,100,1.5,2.1
202601100601031012,12, 95, 95,1.4,1.8
202601100601031014,14, 91, 99,6.8,10.5
202601100601031006,6, 92, 92,5.2,7.9
202601100601031010,10, 97, 97,6.6,10.1
202601100601031002,2, 97, 97,2.2,3.2
202601100601031001,1, 90, 98,4.2,6.4
202601100601031005,5, 87, 87,33.5,52.5
202601100601031007,7, 80, 80,10.5,16.5
202601100601031009,9, 96, 96,1.4,2.0
202601100601031004,4, 91, 91,3.7,5.6
202601100601031013,13, 79, 79,13.0,20.4
202601100601031011,11, 89, 89,9.8,15.3
202601100601031003,3, 82, 82,58.7,92.0
202601100601031015,15, 92, 92,4.8,7.4
202601100601030904,4, 96,111,1.1,1.1
202601100601030908,8, 93, 98,1.2,3.0
202601100601030903,3, 96,101,1.2,3.0
202601100601030905,5,,,2.0,5.4
202601100601030909,9, 79, 84,10.1,32.2
202601100601030902,2, 87, 92,2.0,5.6
202601100601030907,7, 79, 84,3.7,11.1
202601100601030901,1, 83,100,10.3,32.9
202601100601030906,6, 86,103,4.5,13.9
202601100601030910,10, 84, 99,3.4,10.2
202601100601030812,12,,,1.4,2.1
202601100601030801,1, 99, 99,1.2,1.5
202601100601030807,7, 83, 83,4.2,6.9
202601100601030808,8, 94, 94,2.4,3.8
202601100601030810,10, 62, 62,11.8,19.8
202601100601030806,6, 95, 95,1.5,2.2
202601100601030813,13, 88, 88,9.1,15.1
202601100601030802,2, 91, 91,3.9,6.3
202601100601030805,5, 91, 91,3.5,5.6
202601100601030804,4, 82, 82,21.8,36.9
202601100601030809,9, 67, 67,20.5,34.6
202601100601030811,11,,,21.0,35.6
202601100601030803,3, 96, 96,1.5,2.2
202601100601030706,6, 82, 97,1.3,2.0
202601100601030713,13, 88,103,1.3,1.8
202601100601030709,9, 86,101,1.6,2.4
202601100601030712,12, 76, 91,16.4,28.8
202601100601030715,15, 80, 95,4.9,8.4
202601100601030705,5, 84, 99,1.2,1.6
202601100601030708,8, 69, 84,21.1,37.2
202601100601030703,3, 81, 96,6.2,10.6
202601100601030711,11, 83, 98,2.7,4.5
202601100601030710,10, 61, 76,5.4,9.2
202601100601030707,7, 76, 91,8.5,14.8
202601100601030716,16, 56, 73,46.7,82.4
202601100601030714,14, 83, 97,4.9,8.3
202601100601030702,2, 70, 85,20.6,36.3
202601100601030701,1, 70, 85,59.7,105.5
202601100601030704,4, 26, 41,17.5,30.8
202601100601030615,15, 83, 92,1.6,2.0
202601100601030613,13, 77, 86,2.6,3.6
202601100601030616,16, 87, 96,2.8,3.8
202601100601030612,12, 83, 92,2.3,3.2
202601100601030610,10, 81, 91,2.1,2.8
202601100601030606,6, 86, 95,1.8,2.3
202601100601030608,8, 77, 86,10.6,15.0
202601100601030603,3, 78, 87,24.8,35.4
202601100601030605,5, 79, 88,9.4,13.4
202601100601030602,2, 82, 91,3.5,4.9
202601100601030604,4, 83, 92,7.0,9.9
202601100601030609,9, 62, 71,14.0,19.9
202601100601030607,7, 72, 81,53.9,76.7
202601100601030611,11, 84, 92,10.4,14.8
202601100601030601,1,,,2.0,2.7
202601100601030614,14, 69, 77,9.7,13.7
202601100601030514,14,,,1.6,2.5
202601100601030505,5,,,1.3,1.9
202601100601030503,3,,,1.2,1.5
202601100601030509,9,,,3.3,5.5
202601100601030513,13,,,3.5,6.0
202601100601030506,6,,,17.6,31.1
202601100601030507,7,,,1.5,2.3
202601100601030504,4,,,9.3,16.2
202601100601030502,2,,,11.1,19.4
202601100601030508,8,,,5.2,9.0
202601100601030510,10,,,13.5,23.7
202601100601030501,1,,,23.8,42.0
202601100601030512,12,,,17.5,30.9
202601100601030511,11,,,2.6,4.2
202601100601030515,15,,,13.7,24.0
202601100601030411,11,,,2.5,4.8
202601100601030401,1,,,5.1,10.6
202601100601030407,7,,,1.3,1.9
202601100601030403,3,,,8.8,18.6
202601100601030404,4,,,1.8,3.3
202601100601030409,9,,,3.4,6.8
202601100601030405,5,,,1.1,1.2
202601100601030402,2,,,2.0,3.8
202601100601030412,12,,,16.0,34.2
202601100601030410,10,,,1.8,3.3
202601100601030408,8,,,4.8,10.0
202601100601030406,6,,,20.0,42.7
202601100601030312,12, 80, 95,1.4,2.3
202601100601030309,9, 79, 94,3.6,6.7
202601100601030303,3, 84, 98,1.1,1.3
202601100601030314,14, 74, 88,7.7,15.0
202601100601030304,4, 80, 94,2.8,5.1
202601100601030305,5, 74, 89,4.9,9.3
202601100601030315,15, 82, 96,1.3,2.1
202601100601030310,10, 65, 78,8.7,16.9
202601100601030308,8, 59, 76,11.3,22.2
202601100601030302,2, 74, 88,34.9,69.4
202601100601030313,13, 77, 91,4.6,8.8
202601100601030316,16, 82, 96,4.6,8.7
202601100601030306,6, 60, 75,6.4,12.4
202601100601030301,1,,,16.3,32.2
202601100601030307,7, 81, 95,2.4,4.3
202601100601030311,11, 73, 87,50.9,101.2
202601100601030202,2, 81, 98,1.1,1.3
202601100601030212,12, 78, 95,1.2,1.7
202601100601030208,8, 51, 66,2.7,5.3
202601100601030214,14, 72, 89,2.8,5.5
202601100601030203,3, 63, 81,2.8,5.4
202601100601030201,1, 76, 93,2.9,5.8
202601100601030215,15, 78, 96,1.7,3.1
202601100601030216,16, 57, 75,2.5,4.8
202601100601030206,6, 60, 77,9.9,21.0
202601100601030209,9, 46, 63,5.0,10.2
202601100601030211,11, 60, 77,8.8,18.6
202601100601030207,7, 40, 57,32.7,70.3
202601100601030204,4, 42, 57,29.3,63.0
202601100601030205,5, 61, 78,12.5,26.4
202601100601030213,13, 58, 76,28.0,60.1
202601100601030210,10, 32, 49,20.8,44.5
202601100601030111,11, 93,107,1.0,1.1
202601100601030108,8, 84, 98,1.1,3.6
202601100601030110,10, 73, 88,2.1,13.2
202601100601030116,16, 78, 92,3.4,23.6
202601100601030103,3, 81, 95,3.2,21.8
202601100601030101,1, 51, 68,15.3,115.9
202601100601030113,13, 78, 92,2.4,15.6
202601100601030102,2, 78, 92,3.3,22.2
202601100601030114,14, 69, 84,2.4,15.2
202601100601030106,6, 80, 93,2.8,18.5
202601100601030115,15, 47, 61,35.1,270.8
202601100601030105,5, 47, 61,68.3,530.4
202601100601030107,7, 78, 92,10.7,80.3
202601100601030109,9, 62, 76,9.6,71.7
202601100601030104,4, 36, 53,54.5,422.3
202601100601030112,12, 60, 73,4.4,31.1
202601100801031214,14, 88, 97,1.4,1.9
202601100801031208,8, 90, 99,1.3,1.6
202601100801031201,1, 85, 94,3.3,5.4
202601100801031204,4, 87, 96,2.2,3.4
202601100801031216,16, 76, 85,3.9,6.5
202601100801031217,17,,  4,26.6,45.6
202601100801031218,18, 78, 87,22.7,38.8
202601100801031207,7, 86, 94,11.9,20.1
202601100801031206,6, 86, 95,10.4,17.7
202601100801031209,9, 74, 80,2.8,4.5
202601100801031210,10, 85, 94,2.0,3.2
202601100801031211,11, 84, 93,38.9,66.6
202601100801031212,12, 83, 99,4.4,7.3
202601100801031205,5, 81, 89,5.3,8.9
202601100801031202,2, 77, 86,19.8,33.9
202601100801031215,15, 85, 94,9.7,16.5
202601100801031213,13, 86, 94,4.3,7.1
202601100801031203,3, 87, 96,4.2,7.0
202601100801031104,4,103, 95,2.4,7.3
202601100801031101,1,106, 96,2.6,8.0
202601100801031108,8,113,103,1.1,1.1
202601100801031107,7,104, 98,4.1,13.7
202601100801031114,14,106, 96,1.4,3.1
202601100801031106,6,101, 91,7.5,25.7
202601100801031102,2, 99, 88,3.0,9.6
202601100801031111,11,104, 94,3.8,12.5
202601100801031105,5, 97, 85,16.6,58.8
202601100801031115,15,104, 98,2.1,6.4
202601100801031116,16, 87, 77,12.2,42.8
202601100801031103,3, 96, 86,2.5,7.9
202601100801031113,13, 86, 74,13.8,48.8
202601100801031109,9, 94, 86,24.2,86.1
202601100801031110,10, 89, 77,18.8,66.8
202601100801031112,12, 88, 78,5.5,18.7
202601100801031010,10, 93, 93,1.7,2.4
202601100801031004,4, 89, 89,2.5,3.7
202601100801031012,12, 90, 90,3.0,4.5
202601100801031002,2,,,5.2,7.8
202601100801031005,5, 97, 97,1.4,1.9
202601100801031001,1, 96, 96,5.1,7.7
202601100801031009,9, 89, 89,23.6,36.3
202601100801031008,8, 93, 93,3.1,4.5
202601100801031014,14, 96, 96,3.6,5.4
202601100801031003,3, 97, 97,7.0,10.6
202601100801031006,6, 87, 87,19.0,29.2
202601100801031011,11, 95, 95,6.0,9.0
202601100801031016,16, 93, 93,6.6,9.9
202601100801031018,18, 84, 84,42.3,65.1
202601100801031013,13, 87, 87,8.4,12.7
202601100801031007,7, 90, 90,13.7,21.1
202601100801031017,17, 95, 95,1.5,2.0
202601100801031015,15, 81, 81,9.5,14.6
202601100801030904,4,101,101,1.1,1.1
202601100801030906,6, 93,102,1.1,3.7
202601100801030903,3, 82, 82,2.7,12.8
202601100801030908,8, 94, 94,1.3,5.2
202601100801030902,2, 94, 94,3.9,19.7
202601100801030901,1, 93, 93,2.0,9.1
202601100801030905,5, 93, 93,1.8,8.1
202601100801030907,7, 84, 84,3.0,14.8
202601100801030805,5,,,1.2,2.1
202601100801030801,1,,,1.1,1.5
202601100801030802,2,,,1.1,1.4
202601100801030804,4,,,2.9,5.5
202601100801030806,6,,,13.1,26.4
202601100801030803,3,,,2.2,4.2
202601100801030810,10,,,3.8,7.4
202601100801030809,9,,,3.7,7.1
202601100801030808,8,,,2.8,5.4
202601100801030811,11,,,12.9,26.0
202601100801030807,7,,,4.9,9.7
202601100801030709,9, 87, 96,3.5,5.1
202601100801030704,4, 84, 93,17.6,26.7
202601100801030711,11, 83, 92,10.8,16.2
202601100801030710,10, 66, 76,2.5,3.6
202601100801030714,14, 90, 99,2.0,2.9
202601100801030707,7, 88, 97,1.4,1.8
202601100801030706,6, 83, 92,29.3,44.5
202601100801030715,15, 85, 94,5.2,7.6
202601100801030701,1, 91,100,1.6,2.1
202601100801030712,12, 80, 89,3.4,5.0
202601100801030708,8, 74, 83,6.8,10.2
202601100801030713,13, 90,100,1.6,2.2
202601100801030703,3,,,13.8,20.9
202601100801030705,5, 24, 33,25.3,38.4
202601100801030702,2, 90, 99,3.1,4.5
202601100801030606,6, 75, 93,1.8,2.4
202601100801030613,13, 79, 97,2.1,2.8
202601100801030614,14, 78, 96,1.9,2.5
202601100801030607,7, 73, 91,1.9,2.6
202601100801030611,11, 77, 95,1.6,2.1
202601100801030617,17, 75, 93,23.2,33.0
202601100801030610,10, 77, 95,2.7,3.7
202601100801030618,18, 80, 97,4.3,6.0
202601100801030604,4, 70, 88,11.9,16.8
202601100801030616,16, 69, 86,9.4,13.3
202601100801030605,5, 71, 89,27.8,39.7
202601100801030603,3, 72, 90,5.3,7.4
202601100801030601,1, 64, 82,45.9,65.5
202601100801030615,15, 61, 79,110.7,157.9
202601100801030612,12, 73, 91,29.9,42.7
202601100801030609,9, 69, 87,26.2,37.3
202601100801030608,8, 81, 99,3.7,5.1
202601100801030602,2, 62, 79,10.2,14.4
202601100801030506,6, 80, 95,4.4,7.8
202601100801030511,11, 84, 99,2.3,3.8
202601100801030502,2, 85,102,1.4,2.1
202601100801030501,1, 84, 99,1.1,1.5
202601100801030512,12, 83, 98,2.8,4.7
202601100801030515,15, 66, 83,5.7,10.1
202601100801030509,9, 86,101,1.2,1.8
202601100801030504,4, 77, 92,14.4,26.4
202601100801030517,17, 77, 92,32.7,60.6
202601100801030503,3, 80, 95,6.5,11.7
202601100801030513,13, 30, 47,24.7,45.5
202601100801030510,10, 59, 74,6.5,11.7
202601100801030508,8, 72, 87,75.5,139.9
202601100801030514,14, 80, 95,8.1,14.7
202601100801030507,7, 82, 97,11.6,21.2
202601100801030505,5, 82, 97,3.0,5.2
202601100801030516,16, 65, 80,40.7,75.3
202601100801030518,18, 77, 92,18.4,33.9
202601100801030405,5, 95,100,1.3,2.2
202601100801030403,3, 93, 98,1.4,2.3
202601100801030406,6, 97,102,1.1,1.2
202601100801030410,10, 93, 98,4.7,9.0
202601100801030402,2, 97,114,2.2,4.0
202601100801030407,7, 87,104,6.0,11.8
202601100801030408,8, 87,104,7.8,15.3
202601100801030411,11, 89,106,17.5,34.8
202601100801030404,4, 85,102,17.4,34.7
202601100801030409,9, 86,103,4.7,9.1
202601100801030401,1, 97,114,1.3,2.2
202601100801030302,2,,,1.2,1.6
202601100801030304,4,,,1.6,2.4
202601100801030303,3,,,11.5,19.9
202601100801030313,13,,,7.8,13.3
202601100801030301,1,,,1.3,1.8
202601100801030309,9,,,8.9,15.3
202601100801030312,12,,,5.2,8.7
202601100801030305,5,,,3.6,5.9
202601100801030311,11,,,5.8,9.8
202601100801030308,8,,,4.4,7.3
202601100801030307,7,,,2.1,3.3
202601100801030310,10,,,24.5,42.4
202601100801030306,6,,,8.2,14.1
202601100801030316,16,,,8.8,15.1
202601100801030314,14,,,2.5,4.0
202601100801030315,15,,,11.5,19.8
202601100801030214,14, 80, 97,1.3,1.9
202601100801030212,12, 67, 84,1.2,1.7
202601100801030202,2, 87,104,1.3,1.8
202601100801030201,1, 72, 90,3.0,4.7
202601100801030206,6,,,8.3,13.6
202601100801030210,10, 67, 84,3.0,4.7
202601100801030213,13, 75, 92,3.9,6.3
202601100801030211,11, 62, 80,11.7,19.4
202601100801030205,5, 74, 89,2.0,3.0
202601100801030209,9, 56, 73,6.8,11.1
202601100801030203,3, 64, 79,18.3,30.4
202601100801030208,8, 33, 50,64.0,106.1
202601100801030204,4,,  6,4.3,6.9
202601100801030207,7, 52, 69,11.8,19.5
202601100801030106,6, 77, 94,1.1,3.4
202601100801030103,3, 81, 99,1.1,1.1
202601100801030116,16, 61, 78,2.0,10.7
202601100801030111,11, 68, 83,3.2,19.2
202601100801030113,13, 65, 80,18.8,126.5
202601100801030109,9, 50, 67,13.5,89.5
202601100801030102,2, 59, 74,11.5,76.3
202601100801030114,14, 69, 84,6.4,40.9
202601100801030101,1, 71, 86,4.1,25.6
202601100801030104,4, 26, 43,16.9,113.2
202601100801030107,7, 71, 86,26.1,176.4
202601100801030115,15, 79, 96,1.7,8.9
202601100801030112,12, 73, 88,24.1,162.4
202601100801030108,8, 75, 89,15.5,103.7
202601100801030105,5, 75, 92,1.6,8.0
202601100801030110,10, 63, 78,9.6,63.3
202601050601021212,12, 81, 90,1.6,2.4
202601050601021202,2, 90,100,1.9,3.1
202601050601021207,7, 85, 95,2.6,4.3
202601050601021210,10, 90,100,1.8,2.9
202601050601021214,14, 81, 90,42.8,77.0
202601050601021213,13, 87, 96,1.9,3.1
202601050601021205,5, 82, 92,6.7,11.9
202601050601021211,11, 91,100,1.1,1.3
202601050601021206,6, 82, 91,9.9,17.5
202601050601021215,15,,,18.1,32.4
202601050601021209,9, 77, 86,3.3,5.6
202601050601021208,8, 72, 81,15.6,27.9
202601050601021216,16, 73, 83,4.7,8.2
202601050601021203,3, 70, 79,20.8,37.4
202601050601021201,1, 71, 80,31.4,56.5
202601050601021204,4,,,19.4,34.8
202601050601021113,13,103, 95,4.6,6.7
202601050601021111,11, 91, 86,4.0,5.8
202601050601021112,12,102,102,1.6,2.2
202601050601021114,14, 93, 87,6.8,10.0
202601050601021106,6, 98, 98,1.7,2.2
202601050601021103,3, 96, 91,1.4,1.8
202601050601021104,4, 63, 59,11.2,16.5
202601050601021105,5, 95, 95,3.1,4.5
202601050601021107,7, 97, 92,12.9,19.0
202601050601021101,1, 99, 94,9.9,14.6
202601050601021102,2,101, 95,4.4,6.4
202601050601021108,8, 92, 87,5.7,8.4
202601050601021110,10,104, 99,1.6,2.2
202601050601021109,9, 78, 73,4.6,6.6
202601050601021001,1, 98, 98,1.3,1.7
202601050601021011,11, 84, 81,1.8,2.7
202601050601021003,3, 89, 89,2.4,3.7
202601050601021007,7, 91, 91,1.5,2.2
202601050601021004,4, 93, 93,1.8,2.7
202601050601021010,10, 88, 88,1.4,1.8
202601050601021012,12, 92, 92,12.0,19.2
202601050601021006,6, 95, 95,5.2,8.3
202601050601021005,5, 86, 86,6.5,10.4
202601050601021009,9, 90, 90,4.1,6.5
202601050601021002,2, 80, 80,29.0,46.5
202601050601021008,8, 93, 93,,
202601050601020903,3, 76, 76,3.0,5.7
202601050601020912,12, 97, 97,1.1,1.4
202601050601020908,8, 92, 92,1.7,3.0
202601050601020910,10,,,14.7,30.3
202601050601020906,6, 96, 96,2.4,4.4
202601050601020902,2, 83, 83,21.6,44.5
202601050601020907,7, 79, 79,3.0,5.7
202601050601020909,9, 69, 69,25.6,52.8
202601050601020901,1, 87, 87,2.1,3.8
202601050601020905,5, 99, 99,1.1,1.5
202601050601020904,4, 83, 83,5.3,10.6
202601050601020911,11, 64, 64,2.2,4.0
202601050601020805,5,,,2.4,14.0
202601050601020807,7,,,1.0,1.1
202601050601020806,6,,,1.7,8.6
202601050601020804,4,,,1.1,3.8
202601050601020803,3,,,4.7,29.4
202601050601020808,8,,,4.6,29.0
202601050601020802,2,,,1.3,5.8
202601050601020809,9,,,3.5,21.3
202601050601020801,1,,,4.1,25.4
202601050601020702,2, 89, 94,2.9,4.3
202601050601020708,8, 83,101,1.3,1.6
202601050601020707,7, 82,100,1.5,2.2
202601050601020709,9, 89, 94,2.5,3.7
202601050601020703,3, 84, 99,1.4,2.0
202601050601020701,1, 90, 95,6.7,10.4
202601050601020706,6, 81, 99,1.4,2.0
202601050601020704,4, 89, 85,2.6,3.9
202601050601020705,5, 84, 89,6.3,9.8
202601050601020710,10, 70, 75,19.5,30.4
202601050601020612,12, 79, 97,1.7,2.5
202601050601020610,10, 82,100,1.3,1.7
202601050601020607,7, 70, 87,5.8,9.5
202601050601020609,9, 77, 95,4.2,6.8
202601050601020602,2, 80, 95,3.8,6.1
202601050601020604,4, 81, 99,1.4,1.9
202601050601020601,1, 58, 73,9.2,15.3
202601050601020618,18, 77, 94,15.3,25.5
202601050601020615,15, 78, 96,1.6,2.3
202601050601020613,13, 80, 98,2.8,4.4
202601050601020614,14, 81, 96,18.6,31.1
202601050601020603,3, 67, 84,41.0,69.0
202601050601020617,17, 20, 35,69.7,117.3
202601050601020605,5, 82, 99,9.1,15.1
202601050601020608,8, 71, 86,53.3,89.7
202601050601020616,16, 66, 84,12.6,20.9
202601050601020606,6, 77, 94,4.8,7.8
202601050601020611,11, 74, 92,20.2,33.8
202601050601020512,12,,,1.2,1.6
202601050601020510,10,,,1.2,1.6
202601050601020503,3,,,2.0,3.4
202601050601020515,15,,,16.7,31.0
202601050601020507,7,,,2.5,4.2
202601050601020504,4,,,2.0,3.3
202601050601020511,11,,,10.5,19.3
202601050601020509,9,,,11.1,20.4
202601050601020501,1,,,19.2,35.7
202601050601020513,13,,,7.0,12.7
202601050601020502,2,,,4.9,8.7
202601050601020508,8,,,17.3,32.1
202601050601020505,5,,,8.0,14.6
202601050601020514,14,,,1.5,2.5
202601050601020516,16,,,17.4,32.4
202601050601020506,6,,,24.1,44.7
202601050601020411,11, 95,104,1.1,1.1
202601050601020401,1, 86, 95,2.2,9.1
202601050601020413,13, 84, 93,1.6,5.9
202601050601020403,3, 82, 91,4.6,20.9
202601050601020410,10, 75, 84,5.2,23.8
202601050601020406,6, 65, 74,1.8,6.8
202601050601020409,9, 73, 81,6.9,32.1
202601050601020404,4, 81, 90,2.9,12.2
202601050601020407,7, 76, 85,5.1,23.5
202601050601020412,12, 59, 68,15.9,75.8
202601050601020408,8, 81, 90,3.8,16.9
202601050601020405,5, 69, 78,4.2,18.7
202601050601020402,2, 73, 82,2.4,10.0
202601050601020303,3, 78, 95,1.1,1.1
202601050601020307,7, 70, 87,1.6,6.7
202601050601020310,10, 75, 92,1.2,3.8
202601050601020305,5, 80, 97,2.0,8.5
202601050601020308,8, 65, 82,8.8,45.4
202601050601020306,6, 69, 86,14.0,73.7
202601050601020312,12, 58, 75,11.4,59.4
202601050601020301,1, 63, 78,13.4,70.4
202601050601020304,4, 59, 76,4.2,20.4
202601050601020311,11, 79, 96,1.6,6.6
202601050601020302,2, 55, 72,5.3,26.3
202601050601020309,9, 80, 95,2.6,11.8
202601050601020212,12, 66, 83,1.7,2.4
202601050601020206,6, 76, 93,1.4,1.8
202601050601020205,5, 75, 90,1.4,1.8
202601050601020214,14, 19, 36,1.7,2.5
202601050601020215,15, 71, 89,3.2,5.0
202601050601020201,1, 74, 89,3.8,5.9
202601050601020208,8, 64, 81,11.4,18.6
202601050601020210,10, 67, 84,4.8,7.6
202601050601020204,4, 66, 80,18.8,30.8
202601050601020209,9, 64, 79,4.0,6.3
202601050601020203,3, 65, 80,24.9,40.9
202601050601020211,11, 56, 71,33.6,55.2
202601050601020202,2, 72, 87,3.0,4.7
202601050601020207,7, 74, 71,5.5,8.8
202601050601020216,16, 41, 58,33.4,55.0
202601050601020213,13, 42, 60,29.5,48.5
202601050601020105,5, 78, 93,2.2,3.5
202601050601020106,6, 82, 96,1.2,1.5
202601050601020111,11, 63, 78,2.0,3.1
202601050601020116,16, 79, 93,4.5,7.4
202601050601020102,2, 76, 90,5.5,9.1
202601050601020107,7, 78, 91,10.1,17.1
202601050601020108,8, 71, 86,5.9,9.7
202601050601020104,4, 57, 70,16.4,27.9
202601050601020114,14,,,24.5,41.8
202601050601020112,12, 75, 89,2.5,4.0
202601050601020109,9, 81, 95,1.9,2.9
202601050601020103,3, 78, 92,1.5,2.0
202601050601020113,13, 66, 80,5.3,8.7
202601050601020110,10, 33, 48,5.7,9.5
202601050601020101,1, 57, 72,34.2,58.5
202601050601020115,15, 61, 76,22.9,39.1
202601050801021211,11, 86, 95,1.3,1.8
202601050801021210,10, 89, 97,1.2,1.5
202601050801021209,9, 90, 98,3.2,5.3
202601050801021208,8, 86, 94,6.4,11.0
202601050801021204,4, 88, 96,1.8,2.7
202601050801021207,7, 85, 95,2.1,3.3
202601050801021215,15, 90, 98,4.1,7.0
202601050801021214,14, 90, 98,3.5,5.8
202601050801021205,5, 86, 94,4.3,7.2
202601050801021202,2, 83, 92,3.2,5.3
202601050801021206,6, 85, 94,9.5,16.5
202601050801021203,3, 82, 90,21.1,36.7
202601050801021213,13, 82, 91,6.8,11.7
202601050801021201,1, 83, 92,6.8,11.8
202601050801021212,12, 75, 83,13.4,23.3
202601050801021105,5,107, 99,1.1,1.1
202601050801021109,9,107, 99,1.3,2.3
202601050801021102,2,117, 95,1.2,2.1
202601050801021107,7,107, 85,4.4,9.0
202601050801021106,6,105, 88,3.9,7.9
202601050801021103,3,112, 95,2.4,4.7
202601050801021104,4,109, 87,1.7,3.1
202601050801021108,8,102, 91,7.7,15.9
202601050801021101,1, 33, 33,2.5,4.8
202601050801021011,11, 99, 93,2.0,3.5
202601050801021012,12,100, 96,1.3,1.8
202601050801021014,14,101,101,1.1,1.4
202601050801021006,6,100, 96,3.3,6.0
202601050801021008,8,101, 97,1.8,3.1
202601050801021013,13,102, 98,4.6,8.6
202601050801021007,7,103, 99,3.5,6.4
202601050801021009,9,100, 96,3.4,6.2
202601050801021016,16, 97, 91,8.7,16.5
202601050801021003,3, 96, 92,10.1,19.3
202601050801021015,15, 97, 91,10.3,19.6
202601050801021005,5,,,32.1,62.1
202601050801021002,2, 96, 92,24.5,47.2
202601050801021001,1, 91, 86,17.8,34.3
202601050801021004,4,101, 97,2.4,4.3
202601050801021010,10, 91, 87,11.1,21.2
202601050801020903,3, 95, 95,2.2,3.3
202601050801020904,4, 98, 98,1.5,2.1
202601050801020906,6, 95, 95,1.2,1.5
202601050801020901,1, 95, 95,2.8,4.5
202601050801020908,8, 98, 98,1.4,2.0
202601050801020902,2, 52, 52,7.9,13.2
202601050801020911,11, 94, 94,5.3,8.7
202601050801020910,10, 91, 99,10.8,17.9
202601050801020907,7, 87, 87,31.6,52.7
202601050801020905,5, 89, 89,3.7,6.0
202601050801020909,9,100,100,1.6,2.3
202601050801020806,6, 95, 95,1.8,2.2
202601050801020814,14, 93,103,2.2,2.8
202601050801020815,15, 97, 97,2.2,2.8
202601050801020811,11, 91,100,3.3,4.4
202601050801020809,9, 91, 91,2.1,2.8
202601050801020813,13, 86, 86,26.9,36.7
202601050801020804,4, 95,100,2.0,2.5
202601050801020807,7, 92,101,12.7,17.4
202601050801020805,5,,,5.9,8.0
202601050801020812,12, 86, 86,20.5,28.0
202601050801020808,8, 90, 99,12.7,17.3
202601050801020803,3, 91, 91,4.1,5.5
202601050801020802,2, 84, 84,13.1,17.8
202601050801020810,10, 77, 77,5.4,7.2
202601050801020801,1, 98, 98,2.1,2.7
202601050801020713,13, 79, 87,15.4,23.8
202601050801020710,10, 83, 92,2.3,3.3
202601050801020709,9, 83, 92,2.5,3.6
202601050801020703,3, 87, 95,1.9,2.6
202601050801020702,2, 84, 93,5.9,8.9
202601050801020705,5, 88, 97,2.1,2.9
202601050801020708,8, 78, 87,4.9,7.3
202601050801020714,14, 88, 97,4.6,6.9
202601050801020701,1, 94,103,1.3,1.5
202601050801020707,7, 82, 91,14.5,22.3
202601050801020711,11, 82,100,4.7,7.0
202601050801020706,6, 78, 87,8.3,12.7
202601050801020715,15, 84, 94,2.2,3.2
202601050801020704,4, 80, 90,4.1,6.1
202601050801020712,12, 84, 94,24.8,38.1
202601050801020606,6, 78, 95,2.8,4.5
202601050801020603,3, 64, 82,4.3,7.1
202601050801020611,11, 85,100,1.3,1.8
202601050801020612,12, 84, 99,1.2,1.6
202601050801020602,2, 84, 99,1.5,2.2
202601050801020604,4, 75, 90,13.2,22.6
202601050801020614,14, 55, 72,23.3,40.2
202601050801020613,13, 79, 96,3.3,5.4
202601050801020608,8, 70, 88,4.2,7.0
202601050801020605,5, 86,101,1.5,2.3
202601050801020615,15, 66, 84,18.2,31.5
202601050801020607,7, 79, 94,6.4,10.8
202601050801020609,9, 75, 90,15.2,26.1
202601050801020601,1, 57, 72,21.9,37.7
202601050801020610,10, 56, 74,,
202601050801020502,2, 82,100,1.2,1.6
202601050801020510,10, 78, 93,17.1,30.0
202601050801020515,15, 77, 95,1.3,1.8
202601050801020508,8, 75, 92,1.8,2.8
202601050801020513,13, 79, 96,2.4,4.0
202601050801020517,17, 74, 92,3.1,5.1
202601050801020501,1, 70, 88,40.2,71.1
202601050801020516,16, 80, 98,2.2,3.5
202601050801020505,5, 80, 98,5.8,10.0
202601050801020511,11, 75, 92,15.0,26.4
202601050801020507,7, 73, 88,11.5,20.0
202601050801020512,12, 78, 93,8.8,15.3
202601050801020509,9, 69, 84,21.4,37.7
202601050801020504,4, 64, 81,10.1,17.7
202601050801020503,3, 46, 61,66.4,117.5
202601050801020514,14, 65, 82,49.3,87.2
202601050801020506,6, 77, 95,1.8,2.8
202601050801020409,9, 88, 85,1.5,2.7
202601050801020408,8, 82, 99,1.3,2.4
202601050801020405,5, 83, 80,2.4,4.9
202601050801020410,10, 95,112,1.1,1.2
202601050801020411,11, 93, 90,1.1,1.7
202601050801020402,2, 76, 81,4.9,10.5
202601050801020403,3, 79, 84,5.9,12.7
202601050801020406,6, 81, 98,9.5,20.8
202601050801020407,7, 84, 89,13.2,29.0
202601050801020404,4, 80, 97,3.1,6.3
202601050801020401,1, 55, 60,18.2,40.3
202601050801020301,1,,,1.3,2.0
202601050801020308,8,,,1.1,1.2
202601050801020302,2,,,2.2,4.1
202601050801020303,3,,,2.2,4.1
202601050801020313,13,,,1.6,2.9
202601050801020306,6,,,3.8,7.3
202601050801020309,9,,,8.9,18.1
202601050801020312,12,,,15.6,32.1
202601050801020307,7,,,2.5,4.7
202601050801020305,5,,,9.9,20.2
202601050801020304,4,,,13.9,28.4
202601050801020314,14,,,13.4,27.5
202601050801020311,11,,,2.9,5.5
202601050801020310,10,,,12.3,25.2
202601050801020208,8, 82,100,1.2,1.5
202601050801020205,5, 76, 93,2.0,3.2
202601050801020209,9, 76, 94,1.6,2.5
202601050801020203,3, 62, 79,4.1,7.0
202601050801020216,16, 75, 92,1.9,3.0
202601050801020204,4, 62, 79,20.7,37.2
202601050801020211,11, 75, 92,1.3,1.9
202601050801020207,7, 59, 76,44.2,79.5
202601050801020210,10, 47, 64,21.9,39.4
202601050801020206,6, 30, 47,3.1,5.2
202601050801020215,15, 69, 84,16.2,29.0
202601050801020201,1, 73, 90,8.0,14.2
202601050801020213,13, 65, 82,4.4,7.5
202601050801020202,2, 67, 84,9.3,16.4
202601050801020214,14, 66, 84,16.1,28.9
202601050801020212,12, 62, 80,30.0,54.0
202601050801020108,8, 78, 95,2.3,4.4
202601050801020106,6, 81, 98,1.1,1.2
202601050801020109,9, 80, 95,2.1,4.1
202601050801020111,11, 82, 99,1.3,1.9
202601050801020107,7, 62, 77,6.5,13.6
202601050801020112,12, 71, 88,1.6,3.0
202601050801020113,13, 68, 85,12.9,27.6
202601050801020102,2, 51, 66,20.4,44.1
202601050801020101,1, 61, 78,6.0,12.5
202601050801020103,3, 54, 71,10.2,21.8
202601050801020105,5, 61, 79,17.8,38.3
202601050801020110,10, 37, 54,28.7,62.1
202601050801020114,14, 57, 74,2.8,5.5
202601050801020104,4, 64, 79,2.1,4.1
202601040601011213,13, 92, 92,2.1,2.9
202601040601011203,3, 98, 98,1.6,2.2
202601040601011216,16, 95, 95,1.5,1.9
202601040601011204,4, 94,103,3.6,5.2
202601040601011205,5, 96, 96,7.2,10.6
202601040601011215,15, 94,103,2.3,3.2
202601040601011202,2, 98, 98,1.8,2.5
202601040601011208,8, 94, 94,10.8,16.0
202601040601011211,11, 87, 87,12.6,18.8
202601040601011209,9, 97, 97,2.0,2.8
202601040601011207,7, 91, 91,12.1,18.1
202601040601011206,6, 88, 88,6.9,10.3
202601040601011201,1, 75, 75,54.4,82.0
202601040601011214,14, 88, 88,5.5,8.1
202601040601011210,10,,,34.1,51.4
202601040601011212,12, 72, 72,54.2,81.7
202601040601011111,11, 93, 82,3.5,5.2
202601040601011102,2,114, 94,1.4,1.7
202601040601011108,8,113,101,2.0,2.9
202601040601011103,3,109, 95,1.6,2.2
202601040601011105,5,109, 92,2.9,4.2
202601040601011114,14,111, 94,6.5,9.9
202601040601011110,10,,,13.0,19.7
202601040601011112,12,107, 90,3.8,5.7
202601040601011104,4, 93, 85,12.7,19.3
202601040601011109,9,106, 98,3.9,5.8
202601040601011107,7, 98, 82,5.4,8.1
202601040601011101,1,116, 94,2.1,2.9
202601040601011113,13,112, 95,3.2,4.7
202601040601011106,6, 92, 68,4.9,7.4
202601040601011004,4, 93, 98,1.1,1.1
202601040601011005,5, 93, 88,1.1,1.9
202601040601011007,7, 87,102,1.1,2.0
202601040601011006,6, 79, 84,3.3,6.9
202601040601011001,1,,,4.8,10.1
202601040601011008,8, 88, 93,2.1,4.1
202601040601011002,2, 93, 98,1.6,2.9
202601040601011003,3, 92, 92,9.2,19.7
202601040601010903,3,101, 94,2.3,3.6
202601040601010904,4,101, 94,3.1,5.0
202601040601010910,10, 99, 99,1.4,1.9
202601040601010902,2,106, 99,1.2,1.6
202601040601010906,6, 93, 86,19.9,34.1
202601040601010911,11, 92, 85,1.5,2.3
202601040601010907,7, 88, 81,3.1,5.0
202601040601010908,8, 74, 67,21.9,37.5
202601040601010905,5,104, 97,1.6,2.4
202601040601010901,1, 97, 90,16.8,28.7
202601040601010909,9, 98, 92,3.0,4.9
202601040601010804,4, 87, 96,1.8,2.4
202601040601010811,11, 79, 88,3.9,5.5
202601040601010812,12, 78, 87,4.1,5.9
202601040601010802,2, 83, 92,4.5,6.4
202601040601010810,10, 86, 95,2.8,3.9
202601040601010809,9, 66, 75,24.0,35.2
202601040601010808,8, 77, 87,41.9,61.4
202601040601010803,3, 79, 88,1.5,1.9
202601040601010806,6, 79, 88,26.4,38.7
202601040601010813,13, 83, 92,2.4,3.3
202601040601010801,1,,,40.5,59.4
202601040601010807,7, 83, 92,7.6,10.9
202601040601010816,16, 71, 80,12.6,18.4
202601040601010805,5, 80, 90,4.1,5.8
202601040601010815,15, 86, 95,2.2,3.0
202601040601010814,14, 86, 95,1.8,2.4
202601040601010713,13, 98,107,1.1,1.2
202601040601010716,16, 77, 87,3.6,6.5
202601040601010701,1, 71, 80,15.6,29.6
202601040601010704,4, 79, 88,3.1,5.6
202601040601010706,6, 86, 95,2.1,3.6
202601040601010715,15, 82, 91,17.0,32.3
202601040601010705,5, 88,106,2.5,4.5
202601040601010702,2, 72, 91,15.7,29.8
202601040601010708,8, 88, 97,2.2,3.9
202601040601010712,12, 81, 90,6.4,12.0
202601040601010703,3, 84, 93,2.3,4.0
202601040601010714,14, 79, 87,26.6,50.9
202601040601010710,10, 86, 95,3.4,6.0
202601040601010707,7, 85, 94,1.8,2.8
202601040601010709,9, 73, 82,26.5,50.8
202601040601010711,11, 77, 87,28.0,53.7
202601040601010608,8,,,3.7,5.2
202601040601010610,10,,,12.9,18.7
202601040601010612,12,,,10.3,14.9
202601040601010617,17,,,3.3,4.5
202601040601010611,11,,,1.8,2.4
202601040601010603,3,,,4.7,6.7
202601040601010614,14,,,1.7,2.2
202601040601010607,7,,,5.1,7.2
202601040601010605,5,,,2.4,3.2
202601040601010602,2,,,7.1,10.1
202601040601010615,15,,,4.8,6.8
202601040601010604,4,,,2.8,3.9
202601040601010613,13,,,11.1,15.9
202601040601010609,9,,,1.6,2.0
202601040601010606,6,,,22.9,33.0
202601040601010601,1,,,28.1,40.5
202601040601010616,16,,,6.8,9.7
202601040601010516,16, 84, 99,1.4,1.9
202601040601010505,5, 74, 92,3.4,5.6
202601040601010509,9, 67, 82,2.1,3.2
202601040601010512,12, 81, 96,2.0,3.1
202601040601010503,3, 83, 98,1.2,1.6
202601040601010502,2, 84, 99,3.8,6.2
202601040601010511,11, 81, 96,1.7,2.6
202601040601010508,8, 79, 94,3.7,6.1
202601040601010504,4, 81, 96,5.8,9.6
202601040601010514,14, 71, 86,21.6,37.0
202601040601010513,13, 58, 75,45.9,79.0
202601040601010507,7, 79, 94,4.5,7.5
202601040601010510,10, 71, 86,46.6,80.3
202601040601010501,1, 61, 76,33.3,57.4
202601040601010515,15,,,15.2,26.0
202601040601010506,6, 34, 49,27.8,47.8
202601040601010407,7, 79, 96,1.2,1.9
202601040601010402,2, 76, 93,3.3,5.9
202601040601010405,5, 84,101,1.1,1.5
202601040601010409,9, 46, 61,7.2,13.4
202601040601010404,4, 74, 91,2.4,4.2
202601040601010408,8, 83,100,1.1,1.6
202601040601010401,1, 77, 94,3.1,5.6
202601040601010403,3, 65, 83,8.7,16.4
202601040601010412,12, 61, 78,9.6,18.0
202601040601010411,11, 69, 86,5.6,10.3
202601040601010410,10, 80, 95,2.5,4.4
202601040601010406,6, 59, 74,44.7,84.6
202601040601010314,14,,,1.9,3.2
202601040601010313,13,,,2.4,4.0
202601040601010316,16,,,1.2,1.7
202601040601010312,12,,,14.0,26.3
202601040601010303,3,,,10.0,18.5
202601040601010309,9,,,7.1,13.0
202601040601010315,15,,,10.4,19.3
202601040601010304,4,,,3.8,6.9
202601040601010302,2,,,23.0,43.2
202601040601010301,1,,,16.8,31.5
202601040601010307,7,,,1.1,1.5
202601040601010311,11,,,1.4,2.1
202601040601010308,8,,,4.7,8.5
202601040601010310,10,,,4.4,8.0
202601040601010306,6,,,17.2,32.2
202601040601010305,5,,,,
202601040601010204,4, 91,106,1.0,1.1
202601040601010208,8, 73, 91,1.5,8.2
202601040601010207,7, 82, 99,1.2,5.3
202601040601010202,2, 68, 85,1.4,7.1
202601040601010213,13, 72, 89,2.5,15.4
202601040601010206,6, 60, 77,18.5,133.0
202601040601010201,1, 68, 85,6.7,46.0
202601040601010203,3, 39, 56,25.4,182.9
202601040601010209,9, 69, 86,3.3,20.9
202601040601010212,12, 65, 82,13.9,98.7
202601040601010210,10, 63, 68,17.1,122.6
202601040601010205,5, 67, 84,2.9,17.9
202601040601010211,11, 59, 73,31.0,224.4
202601040601010114,14, 90,104,1.1,1.1
202601040601010115,15, 74, 88,3.0,9.2
202601040601010116,16, 78, 92,1.9,5.4
202601040601010112,12, 69, 84,21.1,70.9
202601040601010107,7, 62, 77,3.5,10.6
202601040601010106,6, 78, 93,6.4,20.6
202601040601010104,4, 85, 99,1.7,4.6
202601040601010111,11, 82, 96,1.5,3.6
202601040601010105,5, 73, 87,4.0,12.6
202601040601010113,13, 73, 88,7.2,23.5
202601040601010103,3, 51, 65,10.5,34.5
202601040601010109,9, 77, 91,2.6,7.6
202601040601010110,10, 60, 75,42.9,145.0
202601040601010101,1, 70, 85,13.8,46.0
202601040601010108,8, 74, 89,6.9,22.3
202601040601010102,2, 57, 71,60.9,206.1
202601040801011210,10, 90, 90,6.3,9.2
202601040801011212,12, 92, 92,1.5,2.0
202601040801011206,6, 97, 97,1.4,1.8
202601040801011208,8, 95, 95,1.7,2.3
202601040801011211,11, 90, 99,2.9,4.1
202601040801011205,5, 91, 91,7.3,10.6
202601040801011209,9, 96, 96,4.2,6.0
202601040801011201,1, 96, 96,2.0,2.7
202601040801011202,2, 81, 81,4.0,5.8
202601040801011203,3, 87, 87,2.6,3.6
202601040801011207,7, 92, 92,4.3,6.2
202601040801011204,4, 91, 91,5.1,7.5
202601040801011115,15,110, 98,1.8,2.7
202601040801011111,11,113, 95,2.9,4.7
202601040801011110,10,105, 88,18.9,32.3
202601040801011109,9,111,100,3.1,5.0
202601040801011101,1,110, 98,1.2,1.3
202601040801011106,6,105, 93,3.2,5.1
202601040801011116,16,101, 89,5.3,8.7
202601040801011117,17,108, 96,13.8,23.5
202601040801011103,3,115, 97,2.2,3.5
202601040801011104,4,110, 87,7.3,12.2
202601040801011107,7,105, 93,11.5,19.5
202601040801011102,2,108, 96,4.1,6.8
202601040801011112,12,109, 94,11.4,19.4
202601040801011105,5,,,14.2,24.1
202601040801011108,8,111, 99,7.7,13.0
202601040801011114,14, 93, 81,7.5,12.6
202601040801011113,13,107, 99,2.2,3.4
202601040801011118,18,110, 98,8.2,13.9
202601040801011002,2,106, 98,1.2,1.8
202601040801011009,9,106, 98,1.1,1.3
202601040801011007,7,101, 93,2.3,4.1
202601040801011001,1,100, 92,2.3,4.1
202601040801011005,5, 96, 88,2.8,5.3
202601040801011008,8,102, 94,1.2,1.9
202601040801011006,6,100, 92,6.1,11.6
202601040801011003,3, 90, 82,15.0,28.5
202601040801011004,4, 90, 82,2.5,4.5
202601040801010909,9,105,105,1.0,1.1
202601040801010911,11, 89, 99,6.0,35.2
202601040801010913,13, 99,108,1.5,6.5
202601040801010910,10, 98, 98,1.5,6.7
202601040801010903,3, 97,103,2.7,14.7
202601040801010906,6, 93, 93,6.8,40.4
202601040801010912,12, 92, 92,9.7,58.6
202601040801010908,8, 95, 95,2.6,13.6
202601040801010901,1, 96, 96,1.7,8.2
202601040801010902,2, 96, 96,5.7,33.2
202601040801010904,4, 99, 99,4.1,23.3
202601040801010905,5, 81, 81,21.2,130.4
202601040801010907,7, 87, 87,28.5,176.1
202601040801010811,11, 91,100,1.3,1.6
202601040801010801,1, 87, 96,1.3,1.7
202601040801010805,5, 83, 92,2.3,3.8
202601040801010815,15, 89, 98,2.5,4.1
202601040801010814,14, 87, 96,3.3,5.5
202601040801010812,12, 82, 91,6.3,10.8
202601040801010809,9, 89, 98,2.4,3.9
202601040801010807,7,,,21.1,37.0
202601040801010808,8, 78, 87,7.1,12.2
202601040801010802,2, 77, 86,3.6,6.1
202601040801010813,13, 90, 99,2.2,3.6
202601040801010810,10, 78, 87,19.9,34.8
202601040801010806,6, 84, 93,11.6,20.4
202601040801010816,16, 77, 86,4.9,8.4
202601040801010803,3, 86, 96,9.9,17.2
202601040801010804,4, 60, 70,10.1,17.5
202601040801010702,2, 76, 81,2.8,4.5
202601040801010710,10, 86, 95,1.2,1.6
202601040801010705,5, 84, 93,1.3,2.0
202601040801010701,1, 82, 91,2.9,4.8
202601040801010707,7, 85, 94,3.5,5.7
202601040801010703,3, 46, 56,1.9,2.9
202601040801010708,8,,,7.1,11.8
202601040801010704,4,,,5.8,9.5
202601040801010709,9, 84, 93,1.2,1.6
202601040801010706,6, 64, 73,3.4,5.5
202601040801010602,2, 75, 72,13.8,18.2
202601040801010604,4, 84,102,1.5,2.0
202601040801010603,3, 82,100,4.2,5.8
202601040801010601,1, 85,102,1.3,1.6
202601040801010606,6, 82,100,4.0,5.5
202601040801010605,5, 92, 89,2.6,3.5
202601040801010607,7, 91, 96,2.1,2.8
202601040801010508,8,,,18.3,32.2
202601040801010502,2,,,1.2,1.6
202601040801010515,15,,,3.8,6.3
202601040801010512,12,,,1.3,1.8
202601040801010514,14,,,5.9,10.2
202601040801010517,17,,,1.5,2.2
202601040801010507,7,,,6.3,11.0
202601040801010504,4,,,3.4,5.6
202601040801010509,9,,,3.3,5.5
202601040801010506,6,,,41.7,74.0
202601040801010505,5,,,1.6,2.5
202601040801010501,1,,,23.4,41.4
202601040801010516,16,,,13.8,24.3
202601040801010511,11,,,28.7,51.0
202601040801010518,18,,,29.9,53.0
202601040801010513,13,,,10.2,17.9
202601040801010503,3,,,29.9,53.0
202601040801010510,10,,,15.4,27.2
202601040801010404,4,,,1.7,2.3
202601040801010401,1,,,30.0,43.4
202601040801010406,6,,,1.6,2.2
202601040801010409,9,,,2.3,3.2
202601040801010405,5,,,1.6,2.1
202601040801010403,3,,,9.7,14.0
202601040801010408,8,,,2.1,2.8
202601040801010402,2,,,25.0,36.3
202601040801010410,10,,,6.4,9.1
202601040801010412,12,,,1.6,2.1
202601040801010411,11,,,20.2,29.3
202601040801010407,7,,,2.4,3.3
202601040801010311,11, 83, 98,1.7,2.3
202601040801010302,2, 80, 95,4.1,6.1
202601040801010301,1, 81, 95,1.6,2.3
202601040801010315,15, 35, 52,19.4,30.2
202601040801010304,4, 82, 97,1.3,1.7
202601040801010303,3, 81, 96,3.1,4.6
202601040801010306,6, 69, 84,41.1,64.0
202601040801010309,9, 81, 96,2.7,4.0
202601040801010312,12, 82, 97,5.2,8.0
202601040801010310,10, 51, 66,53.9,83.9
202601040801010313,13, 82, 97,2.0,2.9
202601040801010314,14, 73, 88,13.1,20.2
202601040801010316,16, 81, 96,2.3,3.4
202601040801010308,8, 78, 93,11.6,18.0
202601040801010305,5, 76, 91,12.4,19.1
202601040801010307,7, 74, 89,21.1,32.8
202601040801010202,2, 71, 86,5.0,20.8
202601040801010204,4, 78, 96,1.1,1.1
202601040801010214,14, 69, 84,2.5,9.6
202601040801010208,8, 74, 89,3.5,14.0
202601040801010207,7, 68, 86,2.2,8.2
202601040801010211,11, 66, 83,1.5,5.2
202601040801010201,1, 59, 74,25.3,110.8
202601040801010215,15, 63, 80,5.0,20.5
202601040801010205,5, 78, 95,1.6,5.4
202601040801010203,3, 71, 86,5.7,23.8
202601040801010206,6, 79, 94,3.2,12.8
202601040801010209,9, 60, 77,9.9,42.2
202601040801010213,13, 53, 70,13.8,59.9
202601040801010210,10, 63, 80,10.1,43.3
202601040801010212,12, 64, 79,10.8,46.4
202601040801010216,16, 48, 65,41.1,180.7
202601040801010109,9, 80, 95,1.1,1.2
202601040801010107,7, 76, 90,3.4,6.8
202601040801010116,16, 80, 94,2.7,5.4
202601040801010114,14, 79, 94,1.6,2.9
202601040801010103,3, 71, 85,16.4,35.7
202601040801010104,4, 81, 95,3.0,6.0
202601040801010105,5, 84, 99,1.3,2.1
202601040801010108,8, 70, 84,2.8,5.7
202601040801010111,11, 53, 71,19.8,43.2
202601040801010101,1, 81, 81,3.1,6.3
202601040801010110,10, 79, 93,6.9,14.6
202601040801010113,13, 68, 81,7.7,16.3
202601040801010115,15, 50, 65,27.3,59.6
202601040801010102,2, 77, 92,4.6,9.5
202601040801010106,6, 71, 85,16.6,36.2
202601040801010112,12, 66, 80,15.6,33.9
